mtllib material.mtl
usemtl material_0
v 0.42500000 0.92562000 -0.30142000
v 0.42500000 0.93381000 -0.23142000
v 0.42500000 0.93381000 -0.30049000
v 0.42500000 0.92562000 -0.22677000
v 0.42500000 0.91707000 -0.29287000
v 0.42500000 0.91707000 -0.22677000
v 0.42500000 0.92562000 0.24478000
v 0.42500000 0.91645000 0.24123000
v 0.42500000 0.84239000 -0.29287000
v 0.42500000 0.84239000 -0.30142000
v 0.42500000 0.84594000 0.32358000
v 0.42500000 0.84239000 0.31502000
v 0.42500000 0.82008000 -0.30142000
v 0.42500000 0.82008000 -0.29287000
v 0.42500000 0.82008000 0.31502000
v 0.42500000 0.82008000 0.32358000
v 0.42500000 0.81391000 -0.29287000
v 0.42500000 0.81391000 -0.30142000
v 0.42500000 0.81391000 0.32358000
v 0.42500000 0.81391000 0.31502000
v 0.42500000 0.28330000 -0.30142000
v 0.42500000 0.28330000 -0.29287000
v 0.42500000 0.10216000 -0.29287000
v 0.42500000 0.10216000 -0.30142000
v 0.42500000 0.00856000 -0.29287000
v 0.42500000 0.00000000 -0.30142000
v 0.42500000 0.00856000 -0.22677000
v 0.42500000 0.00000000 -0.22677000
v 0.42500000 0.00856000 0.31502000
v 0.42500000 0.00000000 0.32358000
v 0.42500000 0.10216000 0.31502000
v 0.42500000 0.10216000 0.32358000
v 0.42500000 0.28330000 0.31502000
v 0.42500000 0.28330000 0.32358000
v 0.41496000 0.92562000 0.23473000
v 0.00000000 0.92562000 0.24478000
v 0.00000000 0.92562000 0.23473000
v 0.42500000 0.92562000 0.24478000
v 0.42500000 0.92562000 -0.22677000
v 0.41496000 0.92562000 -0.21673000
v 0.00000000 0.92562000 -0.21673000
v 0.00000000 0.92562000 -0.22677000
v 0.00000000 0.10216000 0.32358000
v 0.42500000 0.10216000 0.32358000
v 0.42500000 0.00000000 0.32358000
v 0.00000000 0.00000000 0.32358000
v 0.42500000 0.92562000 0.24478000
v 0.00000000 0.91810000 0.25156000
v 0.00000000 0.92562000 0.24478000
v 0.41533000 0.91810000 0.25156000
v 0.41533000 0.85272000 0.31668000
v 0.42500000 0.84594000 0.32358000
v 0.00000000 0.84594000 0.32358000
v 0.00000000 0.85272000 0.31668000
v 0.42500000 0.93381000 -0.23142000
v 0.42500000 0.92562000 -0.22677000
v 0.00000000 0.92562000 -0.22677000
v 0.00000000 0.93381000 -0.23142000
v 0.42500000 0.92562000 -0.30142000
v 0.42500000 0.93381000 -0.30049000
v 0.00000000 0.93381000 -0.30049000
v 0.00000000 0.92562000 -0.30142000
v 0.42500000 0.93381000 -0.30049000
v 0.42500000 0.93381000 -0.23142000
v 0.00000000 0.93381000 -0.23142000
v 0.00000000 0.93381000 -0.30049000
v 0.00000000 0.84594000 0.32358000
v 0.42500000 0.84594000 0.32358000
v 0.40659000 0.84145000 0.32358000
v 0.00000000 0.84145000 0.32358000
v 0.42500000 0.28330000 0.32358000
v 0.00000000 0.28330000 0.32358000
v 0.00000000 0.29526000 0.32358000
v 0.40659000 0.29526000 0.32358000
v 0.42500000 0.10216000 0.32358000
v 0.00000000 0.10216000 0.32358000
v 0.00000000 0.10835000 0.32358000
v 0.37371000 0.10835000 0.32358000
v 0.42500000 0.10216000 0.32358000
v 0.37371000 0.10835000 0.32358000
v 0.37371000 0.27449000 0.32358000
v 0.42500000 0.28330000 0.32358000
v 0.37371000 0.27449000 0.32358000
v 0.00000000 0.27449000 0.32358000
v 0.37371000 0.10835000 0.32358000
v 0.00000000 0.10835000 0.32358000
v 0.00000000 0.10835000 -0.18134000
v 0.37371000 0.10835000 -0.18134000
v -0.37370000 0.10835000 0.32358000
v -0.37370000 0.10835000 -0.18134000
v 0.37371000 0.27449000 0.32358000
v 0.37371000 0.10835000 0.32358000
v 0.37371000 0.10835000 -0.18134000
v 0.37371000 0.27449000 -0.18134000
v 0.00000000 0.27449000 0.32358000
v 0.37371000 0.27449000 0.32358000
v 0.37371000 0.27449000 -0.18134000
v 0.00000000 0.27449000 -0.18134000
v -0.37370000 0.27449000 -0.18134000
v -0.37370000 0.27449000 0.32358000
v 0.37371000 0.10835000 -0.18134000
v 0.00000000 0.27449000 -0.18134000
v 0.37371000 0.27449000 -0.18134000
v 0.00000000 0.10835000 -0.18134000
v -0.37370000 0.10835000 -0.18134000
v -0.37370000 0.27449000 -0.18134000
v 0.00000000 0.84145000 0.32358000
v 0.40659000 0.84145000 0.32358000
v 0.40659000 0.84145000 0.29390000
v 0.00000000 0.84145000 0.29390000
v 0.40659000 0.29526000 0.32358000
v 0.00000000 0.29526000 0.32358000
v 0.00000000 0.29526000 0.29390000
v 0.40659000 0.29526000 0.29390000
v 0.40659000 0.29526000 0.29390000
v 0.00000000 0.29526000 0.29390000
v 0.00000000 0.33274000 0.29390000
v 0.34038000 0.33274000 0.29390000
v 0.36365000 0.34237000 0.29390000
v 0.00000000 0.81391000 0.28588000
v 0.00000000 0.82008000 0.28588000
v 0.40659000 0.82008000 0.28588000
v 0.40659000 0.81391000 0.28588000
v 0.42500000 0.84594000 0.32358000
v 0.40659000 0.82008000 0.32358000
v 0.40659000 0.84145000 0.32358000
v 0.42500000 0.82008000 0.32358000
v 0.40659000 0.81391000 0.32358000
v 0.42500000 0.81391000 0.32358000
v 0.40659000 0.29526000 0.32358000
v 0.40659000 0.84145000 0.32358000
v 0.40659000 0.82008000 0.29390000
v 0.40659000 0.84145000 0.29390000
v 0.40659000 0.82008000 0.32358000
v 0.40659000 0.81391000 0.29390000
v 0.40659000 0.81391000 0.32358000
v 0.40659000 0.29526000 0.32358000
v 0.40659000 0.29526000 0.29390000
v 0.00000000 0.84145000 0.29390000
v 0.40659000 0.84145000 0.29390000
v 0.40659000 0.82008000 0.29390000
v 0.00000000 0.82008000 0.29390000
v 0.00000000 0.81391000 0.29390000
v 0.34038000 0.75829000 0.29390000
v 0.00000000 0.75829000 0.29390000
v 0.40659000 0.81391000 0.29390000
v 0.36365000 0.74865000 0.29390000
v 0.00000000 0.82008000 0.29390000
v 0.40659000 0.82008000 0.29390000
v 0.40659000 0.82008000 0.28588000
v 0.00000000 0.82008000 0.28588000
v -0.40658000 0.82008000 0.28588000
v -0.40658000 0.82008000 0.29390000
v 0.40659000 0.82008000 0.29390000
v 0.40659000 0.81391000 0.29390000
v 0.40659000 0.81391000 0.28588000
v 0.40659000 0.82008000 0.28588000
v 0.40659000 0.81391000 0.29390000
v 0.00000000 0.81391000 0.28588000
v 0.40659000 0.81391000 0.28588000
v 0.00000000 0.81391000 0.29390000
v -0.40658000 0.81391000 0.29390000
v -0.40658000 0.81391000 0.28588000
v 0.40659000 0.81391000 0.29390000
v 0.37329000 0.72539000 0.29390000
v 0.36365000 0.74865000 0.29390000
v 0.40659000 0.29526000 0.29390000
v 0.37329000 0.36564000 0.29390000
v 0.36365000 0.34237000 0.29390000
v 0.34038000 0.75829000 0.29390000
v 0.36365000 0.74865000 0.29390000
v 0.36365000 0.74865000 -0.15258000
v 0.34038000 0.75829000 -0.15258000
v 0.00000000 0.75829000 0.29390000
v 0.00000000 0.75829000 -0.15258000
v 0.00000000 0.74987000 -0.17291000
v 0.33870000 0.74987000 -0.17291000
v 0.35720000 0.74221000 -0.17291000
v -0.32310000 0.75829000 -0.15258000
v -0.32143000 0.74987000 -0.17291000
v -0.34637000 0.74865000 -0.15258000
v -0.33993000 0.74221000 -0.17291000
v -0.32310000 0.75829000 0.29390000
v -0.34637000 0.74865000 0.29390000
v 0.37329000 0.36564000 0.29390000
v 0.36365000 0.34237000 0.29390000
v 0.36365000 0.34237000 -0.15258000
v 0.37329000 0.36564000 -0.15258000
v 0.36486000 0.36732000 -0.17291000
v 0.35720000 0.34882000 -0.17291000
v 0.36486000 0.72371000 -0.17291000
v 0.37329000 0.72539000 -0.15258000
v 0.37329000 0.72539000 0.29390000
v 0.36365000 0.74865000 0.29390000
v 0.36365000 0.74865000 -0.15258000
v -0.42499000 0.92562000 -0.30142000
v -0.42500000 0.93381000 -0.30049000
v -0.42500000 0.93381000 -0.23142000
v -0.42500000 0.92562000 -0.22677000
v -0.42499000 0.91707000 -0.29287000
v -0.42499000 0.91707000 -0.22677000
v -0.42499000 0.84239000 -0.29287000
v -0.42499000 0.84239000 -0.30142000
v -0.42499000 0.91645000 0.24123000
v -0.42500000 0.92562000 0.24478000
v -0.42499000 0.82008000 -0.30142000
v -0.42499000 0.82008000 -0.29287000
v -0.42500000 0.84594000 0.32358000
v -0.42499000 0.84239000 0.31502000
v -0.42499000 0.81391000 -0.29287000
v -0.42499000 0.81391000 -0.30142000
v -0.42499000 0.82008000 0.31502000
v -0.42500000 0.82008000 0.32358000
v -0.42499000 0.28330000 -0.30142000
v -0.42499000 0.28330000 -0.29287000
v -0.42499000 0.10216000 -0.29287000
v -0.42499000 0.10216000 -0.30142000
v -0.42499000 0.00856000 -0.29287000
v -0.42499000 0.00000000 -0.30142000
v -0.42500000 0.81391000 0.32358000
v -0.42499000 0.81391000 0.31502000
v -0.42499000 0.00856000 -0.22677000
v -0.42499000 0.00000000 -0.22677000
v -0.42499000 0.28330000 0.31502000
v -0.42500000 0.28330000 0.32358000
v -0.42500000 0.10216000 0.32358000
v -0.42499000 0.10216000 0.31502000
v -0.42499000 0.00000000 0.32358000
v -0.42499000 0.00856000 0.31502000
v -0.41495000 0.92562000 0.23473000
v -0.42500000 0.92562000 0.24478000
v -0.41495000 0.92562000 -0.21673000
v -0.42500000 0.92562000 -0.22677000
v -0.42499000 0.00000000 0.32358000
v -0.42500000 0.10216000 0.32358000
v -0.42500000 0.92562000 0.24478000
v -0.41532000 0.91810000 0.25156000
v -0.41532000 0.85272000 0.31668000
v -0.42500000 0.84594000 0.32358000
v -0.42500000 0.93381000 -0.23142000
v -0.42500000 0.92562000 -0.22677000
v -0.42499000 0.92562000 -0.30142000
v -0.42500000 0.93381000 -0.30049000
v -0.42500000 0.93381000 -0.30049000
v -0.42500000 0.93381000 -0.23142000
v -0.40658000 0.84145000 0.32358000
v -0.42500000 0.84594000 0.32358000
v -0.42500000 0.28330000 0.32358000
v -0.40658000 0.29526000 0.32358000
v -0.42500000 0.10216000 0.32358000
v -0.37370000 0.10835000 0.32358000
v -0.37370000 0.27449000 0.32358000
v -0.37370000 0.10835000 0.32358000
v -0.42500000 0.10216000 0.32358000
v -0.37370000 0.27449000 0.32358000
v -0.42500000 0.28330000 0.32358000
v -0.37370000 0.27449000 0.32358000
v -0.37370000 0.27449000 -0.18134000
v -0.37370000 0.10835000 -0.18134000
v -0.37370000 0.10835000 0.32358000
v -0.40658000 0.84145000 0.29390000
v -0.40658000 0.84145000 0.32358000
v -0.40658000 0.29526000 0.32358000
v -0.40658000 0.29526000 0.29390000
v -0.40658000 0.29526000 0.29390000
v -0.32310000 0.33274000 0.29390000
v -0.34637000 0.34237000 0.29390000
v -0.40658000 0.81391000 0.28588000
v -0.40658000 0.82008000 0.28588000
v -0.42500000 0.84594000 0.32358000
v -0.40658000 0.84145000 0.32358000
v -0.40658000 0.82008000 0.32358000
v -0.42500000 0.82008000 0.32358000
v -0.40658000 0.81391000 0.32358000
v -0.42500000 0.81391000 0.32358000
v -0.40658000 0.29526000 0.32358000
v -0.40658000 0.84145000 0.32358000
v -0.40658000 0.84145000 0.29390000
v -0.40658000 0.82008000 0.29390000
v -0.40658000 0.82008000 0.32358000
v -0.40658000 0.81391000 0.29390000
v -0.40658000 0.81391000 0.32358000
v -0.40658000 0.29526000 0.32358000
v -0.40658000 0.29526000 0.29390000
v -0.40658000 0.82008000 0.29390000
v -0.40658000 0.84145000 0.29390000
v -0.32310000 0.75829000 0.29390000
v -0.40658000 0.81391000 0.29390000
v -0.34637000 0.74865000 0.29390000
v -0.40658000 0.82008000 0.29390000
v -0.40658000 0.82008000 0.28588000
v -0.40658000 0.81391000 0.28588000
v -0.40658000 0.81391000 0.29390000
v -0.40658000 0.81391000 0.29390000
v -0.34637000 0.74865000 0.29390000
v -0.35601000 0.72539000 0.29390000
v -0.40658000 0.29526000 0.29390000
v -0.35601000 0.36564000 0.29390000
v -0.34637000 0.34237000 0.29390000
v -0.32310000 0.33274000 -0.15258000
v 0.00000000 0.33274000 -0.15258000
v 0.00000000 0.33274000 0.29390000
v -0.32310000 0.33274000 0.29390000
v -0.34637000 0.34237000 0.29390000
v -0.34637000 0.34237000 -0.15258000
v -0.33993000 0.34882000 -0.17291000
v -0.32143000 0.34116000 -0.17291000
v 0.00000000 0.34116000 -0.17291000
v 0.33870000 0.34116000 -0.17291000
v 0.34038000 0.33274000 -0.15258000
v 0.34038000 0.33274000 0.29390000
v 0.36365000 0.34237000 -0.15258000
v 0.36365000 0.34237000 0.29390000
v -0.35601000 0.36564000 0.29390000
v -0.34637000 0.34237000 -0.15258000
v -0.34637000 0.34237000 0.29390000
v -0.35601000 0.36564000 -0.15258000
v -0.34759000 0.36732000 -0.17291000
v -0.34759000 0.72371000 -0.17291000
v -0.35601000 0.72539000 -0.15258000
v -0.35601000 0.72539000 0.29390000
v -0.34637000 0.74865000 0.29390000
v -0.34637000 0.74865000 -0.15258000
v 0.34453000 0.65524000 -0.18134000
v 0.36486000 0.65524000 -0.17291000
v 0.35846000 0.64598000 -0.16651000
v 0.34287000 0.64598000 -0.17297000
v 0.35846000 0.63073000 -0.16651000
v 0.00000000 0.65524000 -0.18134000
v 0.34287000 0.63073000 -0.17297000
v 0.36486000 0.62147000 -0.17291000
v 0.34453000 0.62147000 -0.18134000
v 0.00000000 0.64598000 -0.17297000
v 0.00000000 0.63073000 -0.17297000
v 0.00000000 0.62147000 -0.18134000
v -0.32726000 0.62147000 -0.18134000
v -0.32559000 0.63073000 -0.17297000
v -0.34759000 0.62147000 -0.17291000
v -0.34118000 0.63073000 -0.16651000
v -0.32559000 0.64598000 -0.17297000
v -0.32726000 0.65524000 -0.18134000
v -0.34118000 0.64598000 -0.16651000
v -0.34759000 0.65524000 -0.17291000
v 0.37329000 0.62127000 -0.15258000
v 0.36492000 0.63064000 -0.15092000
v 0.37329000 0.62127000 0.29390000
v 0.36492000 0.63064000 0.29390000
v 0.36492000 0.64607000 -0.15092000
v 0.36492000 0.64607000 0.29390000
v 0.37329000 0.65524000 -0.15258000
v 0.37329000 0.65524000 0.29390000
v 0.37329000 0.65524000 0.29390000
v 0.37329000 0.62127000 0.29390000
v 0.36492000 0.63064000 0.29390000
v 0.36492000 0.64607000 0.29390000
v -0.35601000 0.62127000 -0.15258000
v -0.34764000 0.63064000 -0.15092000
v -0.35601000 0.62127000 0.29390000
v -0.34764000 0.63064000 0.29390000
v -0.34764000 0.64607000 -0.15092000
v -0.34764000 0.64607000 0.29390000
v -0.35601000 0.65524000 -0.15258000
v -0.35601000 0.65524000 0.29390000
v -0.35601000 0.65524000 0.29390000
v -0.34764000 0.64607000 0.29390000
v -0.34764000 0.63064000 0.29390000
v -0.35601000 0.62127000 0.29390000
v 0.34453000 0.45853000 -0.18134000
v 0.36486000 0.45853000 -0.17291000
v 0.35846000 0.44927000 -0.16651000
v 0.34287000 0.44927000 -0.17297000
v 0.35846000 0.43402000 -0.16651000
v 0.00000000 0.45853000 -0.18134000
v 0.34287000 0.43402000 -0.17297000
v 0.36486000 0.42476000 -0.17291000
v 0.34453000 0.42476000 -0.18134000
v 0.00000000 0.44927000 -0.17297000
v 0.00000000 0.43402000 -0.17297000
v 0.00000000 0.42476000 -0.18134000
v -0.32726000 0.42476000 -0.18134000
v -0.32559000 0.43402000 -0.17297000
v -0.34759000 0.42476000 -0.17291000
v -0.34118000 0.43402000 -0.16651000
v -0.32559000 0.44927000 -0.17297000
v -0.32726000 0.45853000 -0.18134000
v -0.34118000 0.44927000 -0.16651000
v -0.34759000 0.45853000 -0.17291000
v 0.37329000 0.42456000 -0.15258000
v 0.36492000 0.43393000 -0.15092000
v 0.37329000 0.42456000 0.29390000
v 0.36492000 0.43393000 0.29390000
v 0.36492000 0.44936000 -0.15092000
v 0.36492000 0.44936000 0.29390000
v 0.37329000 0.45873000 -0.15258000
v 0.37329000 0.45873000 0.29390000
v 0.37329000 0.45873000 0.29390000
v 0.37329000 0.42456000 0.29390000
v 0.36492000 0.43393000 0.29390000
v 0.36492000 0.44936000 0.29390000
v -0.35601000 0.42456000 -0.15258000
v -0.34764000 0.43393000 -0.15092000
v -0.35601000 0.42456000 0.29390000
v -0.34764000 0.43393000 0.29390000
v -0.34764000 0.44936000 -0.15092000
v -0.34764000 0.44936000 0.29390000
v -0.35601000 0.45873000 -0.15258000
v -0.35601000 0.45873000 0.29390000
v -0.35601000 0.45873000 0.29390000
v -0.34764000 0.44936000 0.29390000
v -0.34764000 0.43393000 0.29390000
v -0.35601000 0.42456000 0.29390000
v 0.00000000 0.72954000 -0.18134000
v 0.00000000 0.74987000 -0.17291000
v 0.34453000 0.72954000 -0.18134000
v -0.32726000 0.72954000 -0.18134000
v 0.34453000 0.36149000 -0.18134000
v 0.00000000 0.34116000 -0.17291000
v 0.00000000 0.36149000 -0.18134000
v -0.32726000 0.36149000 -0.18134000
v 0.42500000 0.10216000 0.31502000
v 0.42500000 0.00856000 -0.22677000
v 0.42500000 0.00856000 0.31502000
v 0.42500000 0.10216000 -0.22677000
v 0.42500000 0.00856000 -0.29287000
v 0.42500000 0.10216000 -0.29287000
v 0.42500000 0.28330000 0.31502000
v 0.42500000 0.28330000 -0.29287000
v 0.42500000 0.28330000 -0.22677000
v 0.42500000 0.81391000 0.31502000
v 0.42500000 0.81391000 -0.22677000
v 0.42500000 0.81391000 -0.22677000
v 0.42500000 0.81391000 -0.29287000
v 0.42500000 0.82008000 -0.29287000
v 0.42500000 0.82008000 -0.22677000
v 0.42500000 0.82008000 0.31502000
v 0.42500000 0.84239000 0.31502000
v 0.42500000 0.84239000 -0.22677000
v 0.42500000 0.91645000 0.24123000
v 0.42500000 0.84239000 -0.29287000
v 0.42500000 0.91707000 -0.22677000
v 0.42500000 0.91707000 -0.29287000
v 0.00000000 0.92110000 0.22990000
v 0.41496000 0.92562000 0.23473000
v 0.00000000 0.92562000 0.23473000
v 0.41013000 0.92110000 0.22990000
v 0.41013000 0.92110000 -0.21189000
v 0.41496000 0.92562000 -0.21673000
v 0.00000000 0.92110000 -0.21189000
v 0.00000000 0.92562000 -0.21673000
v 0.42500000 0.00000000 -0.30142000
v 0.00000000 0.10216000 -0.30142000
v 0.00000000 0.00000000 -0.30142000
v 0.42500000 0.10216000 -0.30142000
v 0.00000000 0.28330000 -0.30142000
v 0.42500000 0.28330000 -0.30142000
v 0.42500000 0.81391000 -0.30142000
v 0.00000000 0.81391000 -0.30142000
v 0.00000000 0.82008000 -0.30142000
v 0.42500000 0.82008000 -0.30142000
v 0.42500000 0.84239000 -0.30142000
v 0.00000000 0.84239000 -0.30142000
v 0.42500000 0.92562000 -0.30142000
v 0.00000000 0.92562000 -0.30142000
v 0.42500000 0.00000000 -0.22677000
v 0.42500000 0.00000000 -0.30142000
v 0.00000000 0.00000000 -0.30142000
v 0.00000000 0.00000000 -0.22677000
v 0.42500000 0.00000000 0.32358000
v 0.00000000 0.00000000 0.32358000
v 0.41533000 0.91810000 0.25156000
v 0.41533000 0.85272000 0.31668000
v 0.00000000 0.85272000 0.31668000
v 0.00000000 0.91810000 0.25156000
v -0.41495000 0.92562000 0.23473000
v -0.41012000 0.92110000 0.22990000
v -0.41012000 0.92110000 -0.21189000
v -0.41495000 0.92562000 -0.21673000
v -0.42499000 0.00000000 -0.30142000
v -0.42499000 0.10216000 -0.30142000
v -0.42499000 0.28330000 -0.30142000
v -0.42499000 0.81391000 -0.30142000
v -0.42499000 0.82008000 -0.30142000
v -0.42499000 0.84239000 -0.30142000
v -0.42499000 0.92562000 -0.30142000
v -0.42499000 0.00000000 -0.22677000
v -0.42499000 0.00000000 -0.30142000
v -0.42499000 0.00000000 0.32358000
v -0.41532000 0.91810000 0.25156000
v -0.41532000 0.85272000 0.31668000
v -0.42499000 0.84239000 -0.29287000
v -0.42499000 0.91707000 -0.29287000
v -0.42499000 0.91707000 -0.22677000
v -0.42499000 0.84239000 -0.22677000
v -0.42499000 0.82008000 -0.29287000
v -0.42499000 0.84239000 0.31502000
v -0.42499000 0.91645000 0.24123000
v -0.42499000 0.82008000 0.31502000
v -0.42499000 0.82008000 -0.22677000
v -0.42499000 0.81391000 0.31502000
v -0.42499000 0.81391000 -0.22677000
v -0.42499000 0.81391000 -0.29287000
v -0.42499000 0.28330000 0.31502000
v -0.42499000 0.28330000 -0.29287000
v -0.42499000 0.28330000 -0.22677000
v -0.42499000 0.10216000 0.31502000
v -0.42499000 0.10216000 -0.22677000
v -0.42499000 0.10216000 -0.29287000
v -0.42499000 0.00856000 0.31502000
v -0.42499000 0.00856000 -0.29287000
v -0.42499000 0.00856000 -0.22677000
v 0.29816000 0.92110000 0.00000000
v 0.41013000 0.92110000 -0.21189000
v 0.41013000 0.92110000 0.22990000
v 0.29816000 0.92110000 0.03285000
v 0.29816000 0.92110000 0.16551000
v 0.29358000 0.92110000 0.17656000
v 0.28254000 0.92110000 0.18113000
v 0.29358000 0.92110000 0.02180000
v 0.00000000 0.92110000 0.22990000
v 0.14247000 0.92110000 0.18113000
v 0.13143000 0.92110000 0.17656000
v 0.12685000 0.92110000 0.16551000
v 0.12685000 0.92110000 0.03285000
v 0.28254000 0.92110000 0.01722000
v 0.14247000 0.92110000 0.01722000
v 0.00000000 0.92110000 0.00000000
v 0.13143000 0.92110000 0.02180000
v 0.28254000 0.92110000 -0.02024000
v 0.29358000 0.92110000 -0.02481000
v 0.29816000 0.92110000 -0.03586000
v 0.14247000 0.92110000 -0.02024000
v 0.13143000 0.92110000 -0.02481000
v 0.12685000 0.92110000 -0.03586000
v 0.00000000 0.92110000 -0.21189000
v 0.12685000 0.92110000 -0.17002000
v 0.13143000 0.92110000 -0.18107000
v 0.14247000 0.92110000 -0.18565000
v 0.28254000 0.92110000 -0.18565000
v -0.12684000 0.92110000 -0.03586000
v -0.13142000 0.92110000 -0.02481000
v -0.12684000 0.92110000 -0.17002000
v -0.13142000 0.92110000 -0.18107000
v -0.14246000 0.92110000 -0.18565000
v -0.14246000 0.92110000 -0.02024000
v -0.29815000 0.92110000 0.00000000
v -0.28253000 0.92110000 -0.02024000
v -0.29357000 0.92110000 -0.02481000
v -0.29815000 0.92110000 -0.03586000
v -0.41012000 0.92110000 -0.21189000
v -0.29815000 0.92110000 -0.17002000
v -0.29357000 0.92110000 -0.18107000
v -0.28253000 0.92110000 -0.18565000
v -0.41012000 0.92110000 0.22990000
v -0.28253000 0.92110000 0.01722000
v -0.29357000 0.92110000 0.02180000
v -0.29815000 0.92110000 0.03285000
v -0.14246000 0.92110000 0.01722000
v -0.13142000 0.92110000 0.02180000
v -0.12684000 0.92110000 0.03285000
v -0.29815000 0.92110000 0.16551000
v -0.29357000 0.92110000 0.17656000
v -0.28253000 0.92110000 0.18113000
v -0.12684000 0.92110000 0.16551000
v -0.14246000 0.92110000 0.18113000
v -0.13142000 0.92110000 0.17656000
v 0.29816000 0.92110000 -0.03586000
v 0.29642000 0.91907000 -0.03621000
v 0.29642000 0.91907000 -0.16967000
v 0.29816000 0.92110000 -0.17002000
v 0.29216000 0.91917000 -0.17964000
v 0.29358000 0.92110000 -0.18107000
v 0.29358000 0.92110000 -0.02481000
v 0.29216000 0.91917000 -0.02624000
v 0.28254000 0.92110000 -0.02024000
v 0.28219000 0.91907000 -0.02197000
v 0.14247000 0.92110000 -0.02024000
v 0.14282000 0.91907000 -0.02197000
v 0.13143000 0.92110000 -0.02481000
v 0.13285000 0.91917000 -0.02624000
v 0.12685000 0.92110000 -0.03586000
v 0.12859000 0.91907000 -0.03621000
v 0.12685000 0.92110000 -0.17002000
v 0.12859000 0.91907000 -0.16967000
v 0.13143000 0.92110000 -0.18107000
v 0.13285000 0.91917000 -0.17964000
v 0.14247000 0.92110000 -0.18565000
v 0.14282000 0.91907000 -0.18391000
v 0.28254000 0.92110000 -0.18565000
v 0.28219000 0.91907000 -0.18391000
v 0.14535000 0.90876000 -0.03874000
v 0.14031000 0.90891000 -0.05106000
v 0.14031000 0.90891000 -0.15483000
v 0.14535000 0.90876000 -0.16715000
v 0.15767000 0.90891000 -0.17219000
v 0.26734000 0.90891000 -0.17219000
v 0.27966000 0.90876000 -0.16715000
v 0.15767000 0.90891000 -0.03369000
v 0.28470000 0.90891000 -0.15483000
v 0.26734000 0.90891000 -0.03369000
v 0.28470000 0.90891000 -0.05106000
v 0.27966000 0.90876000 -0.03874000
v 0.15810000 0.90778000 -0.17002000
v 0.26691000 0.90778000 -0.17002000
v 0.27796000 0.90778000 -0.16545000
v 0.28254000 0.90778000 -0.15440000
v 0.28254000 0.90778000 -0.05149000
v 0.27796000 0.90778000 -0.04044000
v 0.14705000 0.90778000 -0.16545000
v 0.26691000 0.90778000 -0.03586000
v 0.14247000 0.90778000 -0.15440000
v 0.15810000 0.90778000 -0.03586000
v 0.14247000 0.90778000 -0.05149000
v 0.14705000 0.90778000 -0.04044000
v 0.14776000 0.90760000 -0.16473000
v 0.14340000 0.90760000 -0.15421000
v 0.14340000 0.90760000 -0.05167000
v 0.14776000 0.90760000 -0.04115000
v 0.15828000 0.90760000 -0.03679000
v 0.26673000 0.90760000 -0.03679000
v 0.27725000 0.90760000 -0.04115000
v 0.28161000 0.90760000 -0.05167000
v 0.28161000 0.90760000 -0.15421000
v 0.27725000 0.90760000 -0.16473000
v 0.26673000 0.90760000 -0.16909000
v 0.15828000 0.90760000 -0.16909000
v 0.29358000 0.92110000 -0.18107000
v 0.29816000 0.92110000 -0.17002000
v 0.29358000 0.92110000 0.02180000
v 0.28219000 0.91907000 0.01896000
v 0.28254000 0.92110000 0.01722000
v 0.29216000 0.91917000 0.02323000
v 0.29816000 0.92110000 0.03285000
v 0.14282000 0.91907000 0.01896000
v 0.14247000 0.92110000 0.01722000
v 0.29642000 0.91907000 0.03320000
v 0.29816000 0.92110000 0.16551000
v 0.13285000 0.91917000 0.02323000
v 0.13143000 0.92110000 0.02180000
v 0.29642000 0.91907000 0.16516000
v 0.29358000 0.92110000 0.17656000
v 0.12859000 0.91907000 0.03320000
v 0.12685000 0.92110000 0.03285000
v 0.29216000 0.91917000 0.17513000
v 0.28254000 0.92110000 0.18113000
v 0.12859000 0.91907000 0.16516000
v 0.12685000 0.92110000 0.16551000
v 0.28219000 0.91907000 0.17940000
v 0.14247000 0.92110000 0.18113000
v 0.13285000 0.91917000 0.17513000
v 0.13143000 0.92110000 0.17656000
v 0.14282000 0.91907000 0.17940000
v 0.14535000 0.90876000 0.03572000
v 0.14031000 0.90891000 0.04804000
v 0.14031000 0.90891000 0.15031000
v 0.14535000 0.90876000 0.16263000
v 0.15767000 0.90891000 0.16768000
v 0.26734000 0.90891000 0.16768000
v 0.15767000 0.90891000 0.03068000
v 0.27966000 0.90876000 0.16263000
v 0.26734000 0.90891000 0.03068000
v 0.28470000 0.90891000 0.15031000
v 0.27966000 0.90876000 0.03572000
v 0.28470000 0.90891000 0.04804000
v 0.26691000 0.90778000 0.16551000
v 0.27796000 0.90778000 0.16093000
v 0.28254000 0.90778000 0.14989000
v 0.28254000 0.90778000 0.04847000
v 0.27796000 0.90778000 0.03742000
v 0.26691000 0.90778000 0.03285000
v 0.15810000 0.90778000 0.16551000
v 0.15810000 0.90778000 0.03285000
v 0.14705000 0.90778000 0.16093000
v 0.14705000 0.90778000 0.03742000
v 0.14247000 0.90778000 0.14989000
v 0.14247000 0.90778000 0.04847000
v 0.26673000 0.90760000 0.03378000
v 0.15828000 0.90760000 0.03378000
v 0.14776000 0.90760000 0.03813000
v 0.27725000 0.90760000 0.03813000
v 0.14340000 0.90760000 0.04866000
v 0.28161000 0.90760000 0.04866000
v 0.14340000 0.90760000 0.14970000
v 0.28161000 0.90760000 0.14970000
v 0.14776000 0.90760000 0.16022000
v 0.27725000 0.90760000 0.16022000
v 0.15828000 0.90760000 0.16458000
v 0.26673000 0.90760000 0.16458000
v -0.29357000 0.92110000 -0.18107000
v -0.29641000 0.91907000 -0.16967000
v -0.29815000 0.92110000 -0.17002000
v -0.29215000 0.91917000 -0.17964000
v -0.28253000 0.92110000 -0.18565000
v -0.29641000 0.91907000 -0.03621000
v -0.29815000 0.92110000 -0.03586000
v -0.28218000 0.91907000 -0.18391000
v -0.14246000 0.92110000 -0.18565000
v -0.29215000 0.91917000 -0.02624000
v -0.29357000 0.92110000 -0.02481000
v -0.14281000 0.91907000 -0.18391000
v -0.13142000 0.92110000 -0.18107000
v -0.28218000 0.91907000 -0.02197000
v -0.28253000 0.92110000 -0.02024000
v -0.14281000 0.91907000 -0.02197000
v -0.14246000 0.92110000 -0.02024000
v -0.13284000 0.91917000 -0.17964000
v -0.12684000 0.92110000 -0.17002000
v -0.26733000 0.90891000 -0.03369000
v -0.13284000 0.91917000 -0.02624000
v -0.13142000 0.92110000 -0.02481000
v -0.12858000 0.91907000 -0.16967000
v -0.12684000 0.92110000 -0.03586000
v -0.12858000 0.91907000 -0.03621000
v -0.15766000 0.90891000 -0.03369000
v -0.14534000 0.90876000 -0.03874000
v -0.14030000 0.90891000 -0.05106000
v -0.14030000 0.90891000 -0.15483000
v -0.14534000 0.90876000 -0.16715000
v -0.15766000 0.90891000 -0.17219000
v -0.26733000 0.90891000 -0.17219000
v -0.27965000 0.90876000 -0.16715000
v -0.28469000 0.90891000 -0.15483000
v -0.28469000 0.90891000 -0.05106000
v -0.27965000 0.90876000 -0.03874000
v -0.14704000 0.90778000 -0.16545000
v -0.15809000 0.90778000 -0.17002000
v -0.26690000 0.90778000 -0.17002000
v -0.27795000 0.90778000 -0.16545000
v -0.28253000 0.90778000 -0.15440000
v -0.28253000 0.90778000 -0.05149000
v -0.27795000 0.90778000 -0.04044000
v -0.26690000 0.90778000 -0.03586000
v -0.15809000 0.90778000 -0.03586000
v -0.14704000 0.90778000 -0.04044000
v -0.14246000 0.90778000 -0.05149000
v -0.14246000 0.90778000 -0.15440000
v -0.28160000 0.90760000 -0.05167000
v -0.27724000 0.90760000 -0.04115000
v -0.26672000 0.90760000 -0.03679000
v -0.15827000 0.90760000 -0.03679000
v -0.14775000 0.90760000 -0.04115000
v -0.14339000 0.90760000 -0.05167000
v -0.14339000 0.90760000 -0.15421000
v -0.28160000 0.90760000 -0.15421000
v -0.14775000 0.90760000 -0.16473000
v -0.27724000 0.90760000 -0.16473000
v -0.15827000 0.90760000 -0.16909000
v -0.26672000 0.90760000 -0.16909000
v -0.13142000 0.92110000 0.02180000
v -0.14281000 0.91907000 0.01896000
v -0.14246000 0.92110000 0.01722000
v -0.13284000 0.91917000 0.02323000
v -0.12684000 0.92110000 0.03285000
v -0.28218000 0.91907000 0.01896000
v -0.28253000 0.92110000 0.01722000
v -0.12858000 0.91907000 0.03320000
v -0.12684000 0.92110000 0.16551000
v -0.29215000 0.91917000 0.02323000
v -0.29357000 0.92110000 0.02180000
v -0.12858000 0.91907000 0.16516000
v -0.13142000 0.92110000 0.17656000
v -0.29641000 0.91907000 0.03320000
v -0.29815000 0.92110000 0.03285000
v -0.13284000 0.91917000 0.17513000
v -0.14246000 0.92110000 0.18113000
v -0.29641000 0.91907000 0.16516000
v -0.29815000 0.92110000 0.16551000
v -0.14281000 0.91907000 0.17940000
v -0.28253000 0.92110000 0.18113000
v -0.29215000 0.91917000 0.17513000
v -0.29357000 0.92110000 0.17656000
v -0.28218000 0.91907000 0.17940000
v -0.26733000 0.90891000 0.16768000
v -0.15766000 0.90891000 0.16768000
v -0.14534000 0.90876000 0.16263000
v -0.14030000 0.90891000 0.15031000
v -0.14030000 0.90891000 0.04804000
v -0.14534000 0.90876000 0.03572000
v -0.15766000 0.90891000 0.03068000
v -0.26733000 0.90891000 0.03068000
v -0.27965000 0.90876000 0.03572000
v -0.28469000 0.90891000 0.04804000
v -0.28469000 0.90891000 0.15031000
v -0.27965000 0.90876000 0.16263000
v -0.14704000 0.90778000 0.03742000
v -0.15809000 0.90778000 0.03285000
v -0.26690000 0.90778000 0.03285000
v -0.27795000 0.90778000 0.03742000
v -0.28253000 0.90778000 0.04847000
v -0.28253000 0.90778000 0.14989000
v -0.27795000 0.90778000 0.16093000
v -0.26690000 0.90778000 0.16551000
v -0.15809000 0.90778000 0.16551000
v -0.14704000 0.90778000 0.16093000
v -0.14246000 0.90778000 0.14989000
v -0.14246000 0.90778000 0.04847000
v -0.28160000 0.90760000 0.14970000
v -0.27724000 0.90760000 0.16022000
v -0.26672000 0.90760000 0.16458000
v -0.15827000 0.90760000 0.16458000
v -0.14775000 0.90760000 0.16022000
v -0.14339000 0.90760000 0.14970000
v -0.14339000 0.90760000 0.04866000
v -0.28160000 0.90760000 0.04866000
v -0.14775000 0.90760000 0.03813000
v -0.27724000 0.90760000 0.03813000
v -0.15827000 0.90760000 0.03378000
v -0.26672000 0.90760000 0.03378000
v -0.33651000 0.74788000 0.29444000
v -0.33718000 0.74951000 0.29921000
v -0.33077000 0.75079000 0.29921000
v -0.33108000 0.74896000 0.29444000
v -0.33718000 0.74951000 0.28967000
v -0.33077000 0.75079000 0.28967000
v 0.01882000 0.75079000 0.28967000
v 0.01882000 0.74896000 0.29444000
v 0.01882000 0.75079000 0.29921000
v 0.34814000 0.75079000 0.29921000
v 0.34844000 0.74896000 0.29444000
v 0.34814000 0.75079000 0.28967000
v 0.35454000 0.74951000 0.28967000
v 0.35387000 0.74788000 0.29444000
v 0.35454000 0.74951000 0.29921000
v -0.33651000 0.33994000 0.29444000
v -0.33718000 0.33831000 0.29921000
v -0.34326000 0.34237000 0.29921000
v -0.34201000 0.34362000 0.29444000
v -0.33718000 0.33831000 0.28967000
v -0.34732000 0.34844000 0.29921000
v -0.34326000 0.34237000 0.28967000
v -0.34568000 0.34912000 0.29444000
v -0.34732000 0.34844000 0.28967000
v -0.34863000 0.35523000 0.29917000
v -0.34688000 0.35515000 0.29444000
v -0.34863000 0.35523000 0.28970000
v -0.34863000 0.73260000 0.28970000
v -0.34688000 0.73267000 0.29444000
v -0.34863000 0.73260000 0.29917000
v -0.34732000 0.73938000 0.29921000
v -0.34568000 0.73870000 0.29444000
v -0.34732000 0.73938000 0.28967000
v -0.34326000 0.74545000 0.29921000
v -0.34201000 0.74420000 0.29444000
v -0.34326000 0.74545000 0.28967000
v -0.34910000 0.75130000 0.29921000
v -0.34102000 0.75878000 0.29444000
v -0.34035000 0.75715000 0.29921000
v -0.35035000 0.75255000 0.29444000
v -0.34035000 0.75715000 0.28967000
v -0.35495000 0.74254000 0.29921000
v -0.34910000 0.75130000 0.28967000
v -0.35659000 0.74322000 0.29444000
v -0.35495000 0.74254000 0.28967000
v -0.35712000 0.73184000 0.29917000
v -0.35887000 0.73176000 0.29444000
v -0.35712000 0.73184000 0.28970000
v -0.35712000 0.35599000 0.28970000
v -0.35887000 0.35607000 0.29444000
v -0.35712000 0.35599000 0.29917000
v -0.35495000 0.34528000 0.29921000
v -0.35659000 0.34460000 0.29444000
v -0.35496000 0.34528000 0.28967000
v -0.34910000 0.33652000 0.29921000
v -0.35035000 0.33528000 0.29444000
v -0.34035000 0.33067000 0.29921000
v -0.34910000 0.33652000 0.28967000
v -0.34102000 0.32904000 0.29444000
v -0.34035000 0.33067000 0.28967000
v -0.32926000 0.32847000 0.29921000
v -0.32896000 0.32664000 0.29444000
v -0.32926000 0.32847000 0.28967000
v 0.01882000 0.32847000 0.28967000
v 0.01882000 0.32664000 0.29444000
v 0.01882000 0.32847000 0.29921000
v 0.34662000 0.32847000 0.29921000
v 0.34632000 0.32664000 0.29444000
v 0.34662000 0.32847000 0.28967000
v 0.35771000 0.33067000 0.28967000
v 0.35838000 0.32904000 0.29444000
v 0.35771000 0.33067000 0.29921000
v -0.32926000 0.75936000 0.28967000
v -0.32896000 0.76118000 0.29444000
v -0.32926000 0.75936000 0.29921000
v 0.01882000 0.75936000 0.29921000
v 0.01882000 0.76118000 0.29444000
v 0.01882000 0.75936000 0.28967000
v 0.34662000 0.75936000 0.28967000
v 0.34632000 0.76118000 0.29444000
v 0.34662000 0.75936000 0.29921000
v 0.35771000 0.75715000 0.29921000
v 0.35838000 0.75878000 0.29444000
v 0.35771000 0.75715000 0.28967000
v -0.33077000 0.33704000 0.28967000
v -0.33108000 0.33886000 0.29444000
v -0.33077000 0.33704000 0.29921000
v 0.01882000 0.33704000 0.29921000
v 0.01882000 0.33886000 0.29444000
v 0.01882000 0.33704000 0.28967000
v 0.34814000 0.33704000 0.28967000
v 0.34844000 0.33886000 0.29444000
v 0.34814000 0.33704000 0.29921000
v 0.35454000 0.33831000 0.29921000
v 0.35387000 0.33994000 0.29444000
v 0.35454000 0.33831000 0.28967000
v 0.36062000 0.34237000 0.29921000
v 0.35937000 0.34362000 0.29444000
v 0.36468000 0.34844000 0.29921000
v 0.36062000 0.34237000 0.28967000
v 0.36304000 0.34912000 0.29444000
v 0.36468000 0.34844000 0.28967000
v 0.36599000 0.35523000 0.29917000
v 0.36424000 0.35515000 0.29444000
v 0.36599000 0.35523000 0.28970000
v 0.36599000 0.73260000 0.28970000
v 0.36424000 0.73267000 0.29444000
v 0.36599000 0.73260000 0.29917000
v 0.36468000 0.73938000 0.29921000
v 0.36305000 0.73870000 0.29444000
v 0.36468000 0.73938000 0.28967000
v 0.36062000 0.74545000 0.29921000
v 0.35937000 0.74420000 0.29444000
v 0.36062000 0.74545000 0.28967000
v 0.36646000 0.75130000 0.29921000
v 0.36771000 0.75255000 0.29444000
v 0.37232000 0.74254000 0.29921000
v 0.36646000 0.75130000 0.28967000
v 0.37395000 0.74322000 0.29444000
v 0.37232000 0.74254000 0.28967000
v 0.37448000 0.73184000 0.29917000
v 0.37623000 0.73176000 0.29444000
v 0.37448000 0.73184000 0.28970000
v 0.37448000 0.35599000 0.28970000
v 0.37623000 0.35607000 0.29444000
v 0.37448000 0.35599000 0.29917000
v 0.37232000 0.34528000 0.29921000
v 0.37395000 0.34460000 0.29444000
v 0.37232000 0.34528000 0.28967000
v 0.36646000 0.33652000 0.29921000
v 0.36771000 0.33528000 0.29444000
v 0.36646000 0.33652000 0.28967000
v 0.37371000 0.20286000 -0.12708000
v 0.36241000 0.20286000 -0.12708000
v 0.36241000 0.19118000 -0.13192000
v 0.37371000 0.19118000 -0.13192000
v 0.36241000 0.17950000 -0.12708000
v 0.37371000 0.17950000 -0.12708000
v 0.37371000 0.17950000 -0.12708000
v 0.36241000 0.17950000 -0.12708000
v 0.36241000 0.17467000 -0.11540000
v 0.37371000 0.17467000 -0.11540000
v 0.37371000 0.17467000 0.30098000
v 0.36241000 0.17467000 0.30098000
v 0.36241000 0.17950000 0.31266000
v 0.37371000 0.17950000 0.31266000
v 0.37371000 0.17950000 0.31266000
v 0.36241000 0.17950000 0.31266000
v 0.36241000 0.19118000 0.31750000
v 0.37371000 0.19118000 0.31750000
v 0.37371000 0.19118000 0.31750000
v 0.36241000 0.19118000 0.31750000
v 0.36241000 0.20286000 0.31266000
v 0.37371000 0.20286000 0.31266000
v 0.37371000 0.20286000 0.31266000
v 0.36241000 0.20286000 0.31266000
v 0.36241000 0.20770000 0.30098000
v 0.37371000 0.20770000 0.30098000
v 0.37371000 0.20770000 -0.11540000
v 0.36241000 0.20770000 -0.11540000
v 0.36241000 0.20286000 -0.12708000
v 0.37371000 0.20286000 -0.12708000
v 0.36241000 0.20002000 -0.12424000
v 0.37149000 0.20002000 -0.12424000
v 0.37149000 0.19118000 -0.12790000
v 0.36241000 0.19118000 -0.12790000
v 0.36241000 0.19118000 -0.12790000
v 0.37149000 0.19118000 -0.12790000
v 0.37149000 0.18235000 -0.12424000
v 0.36241000 0.18235000 -0.12424000
v 0.36241000 0.18235000 -0.12424000
v 0.37149000 0.18235000 -0.12424000
v 0.37149000 0.17839000 -0.11466000
v 0.36241000 0.17839000 -0.11466000
v 0.37149000 0.17839000 0.30024000
v 0.36241000 0.17839000 0.30024000
v 0.37149000 0.18235000 0.30981000
v 0.36241000 0.18235000 0.30981000
v 0.36241000 0.18235000 0.30981000
v 0.37149000 0.18235000 0.30981000
v 0.37149000 0.19118000 0.31347000
v 0.36241000 0.19118000 0.31347000
v 0.36241000 0.19118000 0.31347000
v 0.37149000 0.19118000 0.31347000
v 0.37149000 0.20002000 0.30981000
v 0.36241000 0.20002000 0.30981000
v 0.36241000 0.20002000 0.30981000
v 0.37149000 0.20002000 0.30981000
v 0.37149000 0.20398000 0.30024000
v 0.36241000 0.20398000 0.30024000
v 0.37149000 0.20398000 -0.11466000
v 0.36241000 0.20398000 -0.11466000
v 0.37149000 0.20002000 -0.12424000
v 0.36241000 0.20002000 -0.12424000
v -0.37370000 0.20286000 -0.12708000
v -0.36240000 0.19118000 -0.13192000
v -0.36240000 0.20286000 -0.12708000
v -0.37370000 0.19118000 -0.13192000
v -0.36240000 0.17950000 -0.12708000
v -0.37370000 0.17950000 -0.12708000
v -0.37370000 0.17950000 -0.12708000
v -0.36240000 0.17467000 -0.11540000
v -0.36240000 0.17950000 -0.12708000
v -0.37370000 0.17467000 -0.11540000
v -0.37370000 0.17467000 0.30098000
v -0.36240000 0.17467000 0.30098000
v -0.36240000 0.17950000 0.31266000
v -0.37370000 0.17950000 0.31266000
v -0.37370000 0.17950000 0.31266000
v -0.37370000 0.19118000 0.31750000
v -0.36240000 0.19118000 0.31750000
v -0.36240000 0.17950000 0.31266000
v -0.37370000 0.19118000 0.31750000
v -0.37370000 0.20286000 0.31266000
v -0.36240000 0.20286000 0.31266000
v -0.36240000 0.19118000 0.31750000
v -0.37370000 0.20286000 0.31266000
v -0.36240000 0.20770000 0.30098000
v -0.36240000 0.20286000 0.31266000
v -0.37370000 0.20770000 0.30098000
v -0.37370000 0.20770000 -0.11540000
v -0.36240000 0.20770000 -0.11540000
v -0.36240000 0.20286000 -0.12708000
v -0.37370000 0.20286000 -0.12708000
v -0.36240000 0.20002000 -0.12424000
v -0.36240000 0.19118000 -0.12790000
v -0.37148000 0.19118000 -0.12790000
v -0.37148000 0.20002000 -0.12424000
v -0.36240000 0.19118000 -0.12790000
v -0.36240000 0.18235000 -0.12424000
v -0.37148000 0.18235000 -0.12424000
v -0.37148000 0.19118000 -0.12790000
v -0.36240000 0.18235000 -0.12424000
v -0.37148000 0.17839000 -0.11466000
v -0.37148000 0.18235000 -0.12424000
v -0.36240000 0.17839000 -0.11466000
v -0.37148000 0.17839000 0.30024000
v -0.36240000 0.17839000 0.30024000
v -0.37148000 0.18235000 0.30981000
v -0.36240000 0.18235000 0.30981000
v -0.36240000 0.18235000 0.30981000
v -0.36240000 0.19118000 0.31347000
v -0.37148000 0.19118000 0.31347000
v -0.37148000 0.18235000 0.30981000
v -0.36240000 0.19118000 0.31347000
v -0.36240000 0.20002000 0.30981000
v -0.37148000 0.20002000 0.30981000
v -0.37148000 0.19118000 0.31347000
v -0.36240000 0.20002000 0.30981000
v -0.37148000 0.20398000 0.30024000
v -0.37148000 0.20002000 0.30981000
v -0.36240000 0.20398000 0.30024000
v -0.37148000 0.20398000 -0.11466000
v -0.36240000 0.20398000 -0.11466000
v -0.37148000 0.20002000 -0.12424000
v -0.36240000 0.20002000 -0.12424000
v -0.33002000 0.75507000 0.30112000
v 0.01882000 0.75507000 0.30112000
v 0.34738000 0.75507000 0.30112000
v -0.33877000 0.75333000 0.30112000
v 0.35613000 0.75333000 0.30112000
v -0.34618000 0.74838000 0.30112000
v 0.36354000 0.74838000 0.30112000
v -0.35114000 0.74096000 0.30112000
v 0.36850000 0.74096000 0.30112000
v -0.35288000 0.73222000 0.30113000
v 0.37024000 0.73222000 0.30113000
v -0.35288000 0.35561000 0.30113000
v -0.35114000 0.34686000 0.30112000
v -0.34618000 0.33945000 0.30112000
v -0.33877000 0.33449000 0.30112000
v 0.37024000 0.35561000 0.30113000
v 0.36850000 0.34686000 0.30112000
v 0.36354000 0.33945000 0.30112000
v 0.35613000 0.33449000 0.30112000
v -0.33002000 0.33275000 0.30112000
v 0.34738000 0.33275000 0.30112000
v 0.01882000 0.33275000 0.30112000
v 0.01882000 0.75507000 0.30112000
v -0.33002000 0.75507000 0.30112000
v 0.34738000 0.75507000 0.30112000
v -0.33877000 0.75333000 0.30112000
v 0.35613000 0.75333000 0.30112000
v -0.34618000 0.74838000 0.30112000
v 0.36354000 0.74838000 0.30112000
v -0.35114000 0.74096000 0.30112000
v 0.36850000 0.74096000 0.30112000
v -0.35288000 0.73222000 0.30113000
v 0.37024000 0.73222000 0.30113000
v -0.35288000 0.35561000 0.30113000
v -0.35114000 0.34686000 0.30112000
v -0.34618000 0.33945000 0.30112000
v -0.33877000 0.33449000 0.30112000
v 0.37024000 0.35561000 0.30113000
v 0.36850000 0.34686000 0.30112000
v 0.36354000 0.33945000 0.30112000
v 0.35613000 0.33449000 0.30112000
v -0.33002000 0.33275000 0.30112000
v 0.34738000 0.33275000 0.30112000
v 0.01882000 0.33275000 0.30112000
v -0.33002000 0.75507000 0.28775000
v 0.01882000 0.75507000 0.28775000
v 0.34738000 0.75507000 0.28775000
v -0.33877000 0.75333000 0.28775000
v 0.35613000 0.75333000 0.28775000
v -0.34618000 0.74838000 0.28775000
v 0.36354000 0.74838000 0.28775000
v -0.35114000 0.74096000 0.28775000
v 0.36850000 0.74096000 0.28775000
v -0.35288000 0.73222000 0.28774000
v 0.37024000 0.73222000 0.28774000
v -0.35288000 0.35561000 0.28774000
v -0.35114000 0.34686000 0.28775000
v -0.34618000 0.33945000 0.28775000
v -0.33877000 0.33449000 0.28775000
v 0.37024000 0.35561000 0.28774000
v 0.36850000 0.34686000 0.28775000
v 0.36354000 0.33945000 0.28775000
v 0.35613000 0.33449000 0.28775000
v -0.33002000 0.33275000 0.28775000
v 0.34738000 0.33275000 0.28775000
v 0.01882000 0.33275000 0.28775000
v 0.01882000 0.75507000 0.28775000
v -0.33002000 0.75507000 0.28775000
v 0.34738000 0.75507000 0.28775000
v -0.33877000 0.75333000 0.28775000
v 0.35613000 0.75333000 0.28775000
v -0.34618000 0.74838000 0.28775000
v 0.36354000 0.74838000 0.28775000
v -0.35114000 0.74096000 0.28775000
v 0.36850000 0.74096000 0.28775000
v -0.35288000 0.73222000 0.28774000
v 0.37024000 0.73222000 0.28774000
v -0.35288000 0.35561000 0.28774000
v -0.35114000 0.34686000 0.28775000
v -0.34618000 0.33945000 0.28775000
v -0.33877000 0.33449000 0.28775000
v 0.37024000 0.35561000 0.28774000
v 0.36850000 0.34686000 0.28775000
v 0.36354000 0.33945000 0.28775000
v 0.35613000 0.33449000 0.28775000
v -0.33002000 0.33275000 0.28775000
v 0.34738000 0.33275000 0.28775000
v 0.01882000 0.33275000 0.28775000
v 0.37149000 0.20002000 -0.12424000
v 0.37149000 0.19118000 -0.11540000
v 0.37149000 0.19118000 -0.12790000
v 0.37149000 0.18235000 -0.12424000
v 0.37149000 0.17839000 -0.11466000
v 0.37149000 0.20398000 -0.11466000
v 0.37149000 0.17839000 0.30024000
v 0.37149000 0.19118000 0.30098000
v 0.37149000 0.20398000 0.30024000
v 0.37149000 0.18235000 0.30981000
v 0.37149000 0.20002000 0.30981000
v 0.37149000 0.19118000 0.31347000
v -0.37148000 0.20002000 -0.12424000
v -0.37148000 0.19118000 -0.12790000
v -0.37148000 0.19118000 -0.11540000
v -0.37148000 0.18235000 -0.12424000
v -0.37148000 0.17839000 -0.11466000
v -0.37148000 0.20398000 -0.11466000
v -0.37148000 0.17839000 0.30024000
v -0.37148000 0.19118000 0.30098000
v -0.37148000 0.20398000 0.30024000
v -0.37148000 0.18235000 0.30981000
v -0.37148000 0.20002000 0.30981000
v -0.37148000 0.19118000 0.31347000
v 0.36241000 0.20286000 -0.12708000
v 0.36241000 0.20002000 -0.12424000
v 0.36241000 0.19118000 -0.12790000
v 0.36241000 0.19118000 -0.13192000
v 0.36241000 0.20770000 -0.11540000
v 0.36241000 0.18235000 -0.12424000
v 0.36241000 0.20398000 -0.11466000
v 0.36241000 0.17950000 -0.12708000
v 0.36241000 0.20770000 0.30098000
v 0.36241000 0.17839000 -0.11466000
v 0.36241000 0.20398000 0.30024000
v 0.36241000 0.17467000 -0.11540000
v 0.36241000 0.20286000 0.31266000
v 0.36241000 0.17839000 0.30024000
v 0.36241000 0.20002000 0.30981000
v 0.36241000 0.17467000 0.30098000
v 0.36241000 0.19118000 0.31750000
v 0.36241000 0.18235000 0.30981000
v 0.36241000 0.19118000 0.31347000
v 0.36241000 0.17950000 0.31266000
v -0.36240000 0.20286000 -0.12708000
v -0.36240000 0.19118000 -0.12790000
v -0.36240000 0.20002000 -0.12424000
v -0.36240000 0.19118000 -0.13192000
v -0.36240000 0.20770000 -0.11540000
v -0.36240000 0.18235000 -0.12424000
v -0.36240000 0.20398000 -0.11466000
v -0.36240000 0.17950000 -0.12708000
v -0.36240000 0.20770000 0.30098000
v -0.36240000 0.17839000 -0.11466000
v -0.36240000 0.20398000 0.30024000
v -0.36240000 0.17467000 -0.11540000
v -0.36240000 0.20286000 0.31266000
v -0.36240000 0.17839000 0.30024000
v -0.36240000 0.20002000 0.30981000
v -0.36240000 0.17467000 0.30098000
v -0.36240000 0.19118000 0.31750000
v -0.36240000 0.18235000 0.30981000
v -0.36240000 0.19118000 0.31347000
v -0.36240000 0.17950000 0.31266000
vn 1.00000000 0.00000736 0.00000076
vn 1.00000000 0.00001038 0.00000106
vn 1.00000000 0.00001038 0.00000106
vn 1.00000000 0.00001617 0.00000022
vn 1.00000000 0.00000134 0.00000014
vn 1.00000000 0.00000117 0.00000000
vn 1.00000000 0.00001674 0.00000222
vn 1.00000000 0.00000111 0.00000024
vn 1.00000000 0.00000000 0.00000000
vn 1.00000000 0.00000000 0.00000000
vn 1.00000000 0.00001057 0.00001332
vn 1.00000000 0.00000000 0.00000059
vn 1.00000000 0.00000000 0.00000000
vn 1.00000000 0.00000000 0.00000000
vn 1.00000000 0.00000000 0.00000029
vn 1.00000000 0.00000000 0.00001783
vn 1.00000000 0.00000000 0.00000000
vn 1.00000000 0.00000000 0.00000000
vn 1.00000000 0.00000000 0.00001783
vn 1.00000000 0.00000000 0.00000028
vn 1.00000000 0.00000000 0.00000000
vn 1.00000000 0.00000000 0.00000000
vn 1.00000000 -0.00000016 0.00000000
vn 1.00000000 0.00000000 0.00000000
vn 1.00000000 -0.00000037 0.00000000
vn 1.00000000 0.00000000 0.00000000
vn 1.00000000 0.00000000 0.00000000
vn 1.00000000 0.00000000 0.00000000
vn 1.00000000 0.00000000 0.00000020
vn 1.00000000 0.00000014 0.00000141
vn 1.00000000 0.00000000 0.00000023
vn 1.00000000 0.00000032 0.00001484
vn 1.00000000 0.00000000 0.00000028
vn 1.00000000 0.00000000 0.00001783
vn -0.07623944 0.99459980 -0.07041877
vn 0.00000000 1.00000000 0.00000181
vn 0.00000000 0.95776110 -0.28756490
vn 0.00000000 1.00000000 0.00000172
vn 0.00000000 1.00000000 -0.00000172
vn -0.07623761 0.99459990 0.07041882
vn 0.00000000 0.95776280 0.28755950
vn 0.00000000 1.00000000 -0.00000181
vn 0.00000000 0.00000000 1.00000000
vn 0.00000000 0.00000000 1.00000000
vn 0.00000000 0.00000000 1.00000000
vn 0.00000000 0.00000000 1.00000000
vn -0.00566704 0.67596830 0.73690890
vn 0.00000000 0.70213920 0.71203970
vn 0.00000000 0.66962030 0.74270360
vn -0.00102017 0.70078370 0.71337310
vn -0.00101600 0.70665710 0.70755550
vn -0.00615535 0.71166290 0.70249410
vn 0.00000000 0.71346100 0.70069490
vn 0.00000000 0.70641230 0.70780060
vn 0.00000000 0.49400400 0.86945960
vn 0.00000000 0.49400400 0.86945960
vn 0.00000000 0.49400400 0.86945960
vn 0.00000000 0.49400400 0.86945960
vn -0.00000129 0.01016158 -0.99994840
vn 0.00000000 0.11285470 -0.99361150
vn 0.00000000 0.11285470 -0.99361150
vn 0.00000000 0.01016168 -0.99994840
vn 0.00000000 1.00000000 0.00000000
vn 0.00000000 1.00000000 0.00000000
vn 0.00000000 1.00000000 0.00000000
vn 0.00000000 1.00000000 0.00000000
vn 0.00000000 0.00000000 1.00000000
vn 0.00000000 0.00000000 1.00000000
vn 0.00000000 0.00000000 1.00000000
vn 0.00000000 0.00000000 1.00000000
vn 0.00000000 0.00000000 1.00000000
vn 0.00000000 0.00000000 1.00000000
vn 0.00000000 0.00000000 1.00000000
vn 0.00000000 0.00000000 1.00000000
vn 0.00000000 0.00000000 1.00000000
vn 0.00000000 0.00000000 1.00000000
vn 0.00000000 0.00000000 1.00000000
vn 0.00000000 0.00000000 1.00000000
vn 0.00000000 0.00000000 1.00000000
vn 0.00000000 0.00000000 1.00000000
vn 0.00000000 0.00000000 1.00000000
vn 0.00000000 0.00000000 1.00000000
vn 0.00000000 0.00000000 1.00000000
vn 0.00000000 0.00000000 1.00000000
vn 0.00000000 1.00000000 0.00000000
vn 0.00000000 1.00000000 0.00000000
vn 0.00000000 1.00000000 0.00000000
vn 0.00000000 1.00000000 0.00000000
vn 0.00000000 1.00000000 0.00000000
vn 0.00000000 1.00000000 0.00000000
vn -1.00000000 0.00000000 -0.00000015
vn -1.00000000 0.00000000 -0.00000015
vn -1.00000000 0.00000000 -0.00000015
vn -1.00000000 0.00000000 -0.00000015
vn 0.00000000 -1.00000000 0.00000000
vn 0.00000000 -1.00000000 0.00000000
vn 0.00000000 -1.00000000 0.00000000
vn 0.00000000 -1.00000000 0.00000000
vn 0.00000000 -1.00000000 0.00000000
vn 0.00000000 -1.00000000 0.00000000
vn 0.00000000 0.00000000 1.00000000
vn 0.00000000 0.00000000 1.00000000
vn 0.00000000 0.00000000 1.00000000
vn 0.00000000 0.00000000 1.00000000
vn 0.00000000 0.00000000 1.00000000
vn 0.00000000 0.00000000 1.00000000
vn 0.00000000 -1.00000000 0.00000000
vn 0.00000000 -1.00000000 0.00000000
vn 0.00000000 -1.00000000 0.00000000
vn 0.00000000 -1.00000000 0.00000000
vn 0.00000066 1.00000000 0.00000000
vn 0.00000000 1.00000000 -0.00000051
vn 0.00000000 1.00000000 -0.00000051
vn 0.00000066 1.00000000 0.00000000
vn 0.00000000 0.00000000 1.00000000
vn 0.00000000 0.00000000 1.00000000
vn 0.00000000 0.00000000 1.00000000
vn 0.00000000 0.00000000 1.00000000
vn -0.00000050 0.00000000 1.00000000
vn 0.00000000 0.00000000 1.00000000
vn 0.00000000 0.00000000 1.00000000
vn 0.00000000 0.00000000 1.00000000
vn 0.00000000 0.00000000 1.00000000
vn 0.00000000 0.00000000 1.00000000
vn 0.00000000 0.00000000 1.00000000
vn 0.00000000 0.00000000 1.00000000
vn 0.00000000 0.00000000 1.00000000
vn 0.00000000 0.00000000 1.00000000
vn 0.00000000 0.00000000 1.00000000
vn 0.00000000 0.00000000 1.00000000
vn -1.00000000 0.00000000 0.00000000
vn -1.00000000 0.00000000 0.00000000
vn -1.00000000 0.00000000 0.00000000
vn -1.00000000 0.00000000 0.00000000
vn -1.00000000 0.00000000 0.00000000
vn -1.00000000 0.00000000 0.00000000
vn -1.00000000 0.00000000 0.00000000
vn -1.00000000 0.00000000 0.00000000
vn 0.00000000 0.00000000 1.00000000
vn 0.00000000 0.00000000 1.00000000
vn 0.00000000 0.00000000 1.00000000
vn 0.00000000 0.00000000 1.00000000
vn 0.00000000 0.00000000 1.00000000
vn 0.00000000 0.00000000 1.00000000
vn 0.00000000 0.00000000 1.00000000
vn 0.00000000 0.00000000 1.00000000
vn 0.00000000 0.00000000 1.00000000
vn 0.00000000 -1.00000000 0.00000000
vn 0.00000000 -1.00000000 0.00000000
vn 0.00000000 -1.00000000 0.00000000
vn 0.00000000 -1.00000000 0.00000000
vn 0.00000000 -1.00000000 0.00000000
vn 0.00000000 -1.00000000 0.00000000
vn -1.00000000 0.00000000 0.00000000
vn -1.00000000 0.00000000 0.00000000
vn -1.00000000 0.00000000 0.00000000
vn -1.00000000 0.00000000 0.00000000
vn 0.00000000 1.00000000 0.00000000
vn 0.00000000 1.00000000 0.00000000
vn 0.00000000 1.00000000 0.00000000
vn 0.00000000 1.00000000 0.00000000
vn 0.00000000 1.00000000 0.00000000
vn 0.00000000 1.00000000 0.00000000
vn 0.00000000 0.00000000 1.00000000
vn 0.00000000 0.00000000 1.00000000
vn 0.00000000 0.00000000 1.00000000
vn 0.00000000 0.00000000 1.00000000
vn 0.00000000 0.00000000 1.00000000
vn -0.00000050 0.00000000 1.00000000
vn -0.02649533 -0.99964890 0.00000000
vn -0.38268520 -0.92387880 0.00000000
vn -0.70701710 -0.70701770 0.01590160
vn -0.02638843 -0.99950500 0.01713006
vn 0.00000000 -1.00000000 0.00000000
vn 0.00000000 -0.99983810 0.01799305
vn 0.00000000 -0.92387940 0.38268370
vn -0.01572714 -0.69474760 0.71908160
vn -0.55638960 -0.55639180 0.61713760
vn 0.02770339 -0.99946950 0.01712616
vn 0.01653106 -0.69490760 0.71890900
vn 0.70701750 -0.70701730 0.01590161
vn 0.55638950 -0.55639170 0.61713780
vn 0.02781509 -0.99961310 0.00000000
vn 0.38268560 -0.92387860 0.00000000
vn -0.99968350 0.02515621 0.00000000
vn -0.92387950 0.38268330 0.00000000
vn -0.70701720 0.70701770 0.01590160
vn -0.99953990 0.02505655 0.01709761
vn -0.69376120 0.01490330 0.72005090
vn -0.55638800 0.55638900 0.61714150
vn -0.69375990 -0.01490314 0.72005210
vn -0.99953990 -0.02505655 0.01709761
vn -0.99968350 -0.02515621 0.00000000
vn -0.92387910 -0.38268440 0.00000000
vn -0.70701710 -0.70701770 0.01590160
vn -1.00000000 -0.00000824 -0.00000076
vn -1.00000000 -0.00001228 -0.00000106
vn -1.00000000 -0.00001228 -0.00000106
vn -1.00000000 -0.00001631 -0.00000022
vn -1.00000000 -0.00000134 -0.00000014
vn -1.00000000 -0.00000168 0.00000000
vn -1.00000000 0.00000000 0.00000000
vn -1.00000000 0.00000000 0.00000000
vn -1.00000000 -0.00000174 -0.00000024
vn -1.00000000 -0.00001717 -0.00000222
vn -1.00000000 0.00000000 0.00000000
vn -1.00000000 0.00000000 0.00000000
vn -1.00000000 -0.00001255 -0.00001332
vn -1.00000000 -0.00000056 -0.00000059
vn -1.00000000 0.00000000 0.00000000
vn -1.00000000 0.00000000 0.00000000
vn -1.00000000 0.00000000 -0.00000029
vn -1.00000000 0.00000000 -0.00001783
vn -1.00000000 0.00000000 0.00000000
vn -1.00000000 0.00000000 0.00000000
vn -1.00000000 -0.00000012 0.00000000
vn -1.00000000 -0.00000016 0.00000000
vn -1.00000000 -0.00000031 0.00000000
vn -1.00000000 -0.00000026 0.00000000
vn -1.00000000 0.00000000 -0.00001783
vn -1.00000000 0.00000000 -0.00000028
vn -1.00000000 0.00000000 0.00000000
vn -1.00000000 0.00000000 0.00000000
vn -1.00000000 0.00000000 -0.00000028
vn -1.00000000 0.00000000 -0.00001783
vn -1.00000000 -0.00000032 -0.00001484
vn -1.00000000 0.00000000 -0.00000023
vn -1.00000000 -0.00000014 -0.00000141
vn -1.00000000 0.00000000 -0.00000020
vn 0.07623779 0.99459990 -0.07041925
vn 0.00000000 1.00000000 0.00000000
vn 0.07623634 0.99460010 0.07041880
vn 0.00000000 1.00000000 0.00000000
vn 0.00000000 0.00000000 1.00000000
vn 0.00000000 0.00000000 1.00000000
vn 0.00566706 0.67596460 0.73691240
vn 0.00102014 0.70078300 0.71337380
vn 0.00101596 0.70665710 0.70755550
vn 0.00615539 0.71166270 0.70249440
vn 0.00000000 0.49400400 0.86945960
vn 0.00000000 0.49400400 0.86945960
vn 0.00000130 0.01016177 -0.99994840
vn 0.00000000 0.11285460 -0.99361150
vn 0.00000000 1.00000000 0.00000000
vn 0.00000000 1.00000000 0.00000000
vn 0.00000000 0.00000000 1.00000000
vn 0.00000037 0.00000000 1.00000000
vn 0.00000000 0.00000000 1.00000000
vn 0.00000000 0.00000000 1.00000000
vn 0.00000000 0.00000000 1.00000000
vn 0.00000011 0.00000000 1.00000000
vn 0.00000010 0.00000000 1.00000000
vn 0.00000011 0.00000000 1.00000000
vn 0.00000000 0.00000000 1.00000000
vn 0.00000010 0.00000000 1.00000000
vn 0.00000000 0.00000000 1.00000000
vn 1.00000000 0.00000000 -0.00000015
vn 1.00000000 0.00000000 -0.00000015
vn 1.00000000 0.00000000 -0.00000015
vn 1.00000000 0.00000000 -0.00000015
vn 0.00000000 -1.00000000 0.00000000
vn 0.00000000 -1.00000000 0.00000000
vn -0.00000061 1.00000000 -0.00000101
vn -0.00000061 1.00000000 -0.00000101
vn 0.00000000 0.00000000 1.00000000
vn 0.00000000 0.00000000 1.00000000
vn 0.00000092 0.00000000 1.00000000
vn 0.00000000 0.00000000 1.00000000
vn 0.00000000 0.00000000 1.00000000
vn 0.00000037 0.00000000 1.00000000
vn 0.00000000 0.00000000 1.00000000
vn 0.00000067 0.00000000 1.00000000
vn 0.00000067 0.00000000 1.00000000
vn 0.00000000 0.00000000 1.00000000
vn 0.00000000 0.00000000 1.00000000
vn 0.00000000 0.00000000 1.00000000
vn 1.00000000 0.00000000 0.00000000
vn 1.00000000 0.00000000 0.00000000
vn 1.00000000 0.00000000 0.00000000
vn 1.00000000 0.00000000 0.00000000
vn 1.00000000 0.00000000 0.00000000
vn 1.00000000 0.00000000 0.00000000
vn 1.00000000 0.00000000 0.00000000
vn 1.00000000 0.00000000 0.00000000
vn 0.00000000 0.00000000 1.00000000
vn 0.00000000 0.00000000 1.00000000
vn 0.00000000 0.00000000 1.00000000
vn 0.00000000 0.00000000 1.00000000
vn 0.00000075 0.00000000 1.00000000
vn 1.00000000 0.00000000 0.00000000
vn 1.00000000 0.00000000 0.00000000
vn 1.00000000 0.00000000 0.00000000
vn 1.00000000 0.00000000 0.00000000
vn 0.00000000 0.00000000 1.00000000
vn 0.00000075 0.00000000 1.00000000
vn 0.00000000 0.00000000 1.00000000
vn 0.00000000 0.00000000 1.00000000
vn 0.00000000 0.00000000 1.00000000
vn 0.00000092 0.00000000 1.00000000
vn 0.02770187 0.99946960 0.01712593
vn 0.00000000 0.99983810 0.01799278
vn 0.00000000 1.00000000 0.00000000
vn 0.02781355 0.99961320 0.00000000
vn 0.38268310 0.92387970 0.00000000
vn 0.70701750 0.70701730 0.01590157
vn 0.55638810 0.55638890 0.61714150
vn 0.01653030 0.69490500 0.71891150
vn 0.00000000 0.92388150 0.38267870
vn -0.01572643 0.69474570 0.71908350
vn -0.02638699 0.99950500 0.01712978
vn -0.02649387 0.99964900 0.00000000
vn -0.70701720 0.70701770 0.01590160
vn -0.38268270 0.92387980 0.00000000
vn 0.99968350 0.02515621 0.00000000
vn 0.70701750 0.70701730 0.01590157
vn 0.92387950 0.38268330 0.00000000
vn 0.99953990 0.02505655 0.01709761
vn 0.69376130 0.01490334 0.72005080
vn 0.69376000 -0.01490317 0.72005210
vn 0.99953990 -0.02505656 0.01709761
vn 0.99968350 -0.02515621 0.00000000
vn 0.92387910 -0.38268440 0.00000000
vn 0.70701750 -0.70701730 0.01590161
vn -0.01522942 0.67201980 0.74037650
vn -0.50477590 0.70034730 0.50469290
vn -0.64780340 0.40275530 0.64663650
vn -0.01789291 0.34056310 0.94005140
vn -0.64937110 -0.40204640 0.64550440
vn 0.00000000 0.67059150 0.74182680
vn -0.01789285 -0.34056280 0.94005150
vn -0.50882440 -0.69867020 0.50294910
vn -0.01522931 -0.67201980 0.74037650
vn 0.00000000 0.32361700 0.94618820
vn 0.00000000 -0.32361690 0.94618820
vn 0.00000000 -0.67059200 0.74182630
vn 0.01599083 -0.67208730 0.74029930
vn 0.01879395 -0.34069760 0.93998500
vn 0.50882530 -0.69867470 0.50294180
vn 0.64936910 -0.40205010 0.64550420
vn 0.01879396 0.34069730 0.93998520
vn 0.01599086 0.67208610 0.74030030
vn 0.64780040 0.40275800 0.64663800
vn 0.50477550 0.70035050 0.50468890
vn -0.74459570 -0.66741420 0.01164233
vn -0.94160580 -0.33643510 0.01377943
vn -0.74572740 -0.66625130 0.00000000
vn -0.94737820 -0.32011650 0.00000000
vn -0.94064380 0.33911140 0.01388132
vn -0.94658800 0.32244570 0.00000000
vn -0.73751020 0.67523230 0.01183124
vn -0.73855400 0.67419430 0.00000000
vn 0.00000000 0.00000000 1.00000000
vn 0.00000000 0.00000000 1.00000000
vn 0.00000000 0.00000000 1.00000000
vn 0.00000000 0.00000000 1.00000000
vn 0.74459440 -0.66741560 0.01164246
vn 0.94160540 -0.33643640 0.01377990
vn 0.74572620 -0.66625250 0.00000000
vn 0.94737780 -0.32011760 0.00000000
vn 0.94064350 0.33911240 0.01388181
vn 0.94658780 0.32244620 0.00000000
vn 0.73750940 0.67523330 0.01183141
vn 0.73855340 0.67419490 0.00000000
vn 0.00000000 0.00000000 1.00000000
vn 0.00000000 0.00000000 1.00000000
vn 0.00000000 0.00000000 1.00000000
vn 0.00000000 0.00000000 1.00000000
vn -0.01522936 0.67202280 0.74037390
vn -0.50882460 0.69867150 0.50294700
vn -0.64937130 0.40204750 0.64550350
vn -0.01789287 0.34056310 0.94005140
vn -0.64937150 -0.40204620 0.64550420
vn 0.00000000 0.67059450 0.74182420
vn -0.01789287 -0.34056160 0.94005190
vn -0.50882630 -0.69866830 0.50294970
vn -0.01522941 -0.67201850 0.74037770
vn 0.00000000 0.32361690 0.94618820
vn 0.00000000 -0.32361590 0.94618860
vn 0.00000000 -0.67059100 0.74182720
vn 0.01599083 -0.67208640 0.74030010
vn 0.01879392 -0.34069660 0.93998540
vn 0.50882630 -0.69867090 0.50294610
vn 0.64936840 -0.40204820 0.64550590
vn 0.01879392 0.34069750 0.93998520
vn 0.01599079 0.67208910 0.74029750
vn 0.64936820 0.40205030 0.64550480
vn 0.50882430 0.69867500 0.50294240
vn -0.74459970 -0.66740980 0.01164239
vn -0.94160620 -0.33643410 0.01377944
vn -0.74573140 -0.66624670 0.00000000
vn -0.94737850 -0.32011560 0.00000000
vn -0.94160580 0.33643500 0.01377941
vn -0.94737820 0.32011650 0.00000000
vn -0.74459710 0.66741280 0.01164231
vn -0.74572870 0.66624960 0.00000000
vn 0.00000000 0.00000000 1.00000000
vn 0.00000000 0.00000000 1.00000000
vn 0.00000000 0.00000000 1.00000000
vn 0.00000000 0.00000000 1.00000000
vn 0.74459840 -0.66741110 0.01164264
vn 0.94160580 -0.33643530 0.01377998
vn 0.74573030 -0.66624790 0.00000000
vn 0.94737820 -0.32011670 0.00000000
vn 0.94160550 0.33643600 0.01377992
vn 0.94737790 0.32011710 0.00000000
vn 0.74459620 0.66741370 0.01164250
vn 0.74572810 0.66625030 0.00000000
vn -0.00000092 0.00000000 1.00000000
vn -0.00000092 0.00000000 1.00000000
vn -0.00000092 0.00000000 1.00000000
vn -0.00000092 0.00000000 1.00000000
vn 0.00000000 -0.02149888 0.99976890
vn 0.00000000 -0.38268210 0.92388010
vn -0.01925501 -0.01821386 0.99964870
vn 0.02022068 -0.01821125 0.99962960
vn -0.01925523 0.01821389 0.99964870
vn 0.00000000 0.38267680 0.92388240
vn 0.00000000 0.02149886 0.99976890
vn 0.02022091 0.01821129 0.99962960
vn 1.00000000 0.00000000 0.00000023
vn 1.00000000 0.00000000 0.00000000
vn 1.00000000 0.00000000 0.00000020
vn 1.00000000 0.00000000 0.00000000
vn 1.00000000 -0.00000037 0.00000000
vn 1.00000000 -0.00000016 0.00000000
vn 1.00000000 0.00000000 0.00000028
vn 1.00000000 0.00000000 0.00000000
vn 1.00000000 0.00000000 0.00000000
vn 1.00000000 0.00000000 0.00000028
vn 1.00000000 0.00000000 0.00000000
vn 1.00000000 0.00000000 0.00000000
vn 1.00000000 0.00000000 0.00000000
vn 1.00000000 0.00000000 0.00000000
vn 1.00000000 0.00000000 0.00000000
vn 1.00000000 0.00000000 0.00000029
vn 1.00000000 0.00000000 0.00000059
vn 1.00000000 -0.00000044 0.00000000
vn 1.00000000 0.00000111 0.00000024
vn 1.00000000 0.00000000 0.00000000
vn 1.00000000 0.00000117 0.00000000
vn 1.00000000 0.00000134 0.00000014
vn 0.00000000 0.99607590 -0.08850304
vn -0.07623944 0.99459980 -0.07041877
vn 0.00000000 0.95776110 -0.28756490
vn -0.14130560 0.98132390 -0.13052210
vn -0.14694620 0.97978770 0.13573100
vn -0.07623761 0.99459990 0.07041882
vn 0.00000000 0.99583850 0.09113581
vn 0.00000000 0.95776280 0.28755950
vn -0.00000288 0.00000000 -1.00000000
vn 0.00000000 0.00000061 -1.00000000
vn 0.00000000 0.00000000 -1.00000000
vn -0.00000261 0.00000061 -1.00000000
vn 0.00000000 0.00000048 -1.00000000
vn -0.00000244 0.00000048 -1.00000000
vn -0.00000243 0.00000032 -1.00000000
vn 0.00000000 0.00000032 -1.00000000
vn 0.00000000 0.00000000 -1.00000000
vn -0.00000281 0.00000000 -1.00000000
vn -0.00000171 -0.00000578 -1.00000000
vn 0.00000000 -0.00000578 -1.00000000
vn -0.00000129 0.01016158 -0.99994840
vn 0.00000000 0.01016168 -0.99994840
vn 0.00000000 -1.00000000 0.00000000
vn 0.00000000 -1.00000000 0.00000000
vn 0.00000000 -1.00000000 0.00000000
vn 0.00000000 -1.00000000 0.00000000
vn 0.00000000 -1.00000000 0.00000000
vn 0.00000000 -1.00000000 0.00000000
vn -0.00102017 0.70078370 0.71337310
vn -0.00101600 0.70665710 0.70755550
vn 0.00000000 0.70641230 0.70780060
vn 0.00000000 0.70213920 0.71203970
vn 0.07623779 0.99459990 -0.07041925
vn 0.14130640 0.98132400 -0.13052100
vn 0.14694690 0.97978770 0.13572990
vn 0.07623634 0.99460010 0.07041880
vn 0.00000288 0.00000000 -1.00000000
vn 0.00000262 0.00000061 -1.00000000
vn 0.00000244 0.00000048 -1.00000000
vn 0.00000244 0.00000032 -1.00000000
vn 0.00000281 0.00000000 -1.00000000
vn 0.00000172 -0.00000578 -1.00000000
vn 0.00000130 0.01016177 -0.99994840
vn 0.00000000 -1.00000000 0.00000000
vn 0.00000000 -1.00000000 0.00000000
vn 0.00000000 -1.00000000 0.00000000
vn 0.00102014 0.70078300 0.71337380
vn 0.00101596 0.70665710 0.70755550
vn -1.00000000 0.00000000 0.00000000
vn -1.00000000 -0.00000134 -0.00000014
vn -1.00000000 -0.00000168 0.00000000
vn -1.00000000 0.00000000 0.00000000
vn -1.00000000 0.00000000 0.00000000
vn -1.00000000 -0.00000056 -0.00000059
vn -1.00000000 -0.00000174 -0.00000024
vn -1.00000000 0.00000000 -0.00000029
vn -1.00000000 0.00000000 0.00000000
vn -1.00000000 0.00000000 -0.00000028
vn -1.00000000 0.00000000 0.00000000
vn -1.00000000 0.00000000 0.00000000
vn -1.00000000 0.00000000 -0.00000028
vn -1.00000000 0.00000000 0.00000000
vn -1.00000000 0.00000000 0.00000000
vn -1.00000000 0.00000000 -0.00000023
vn -1.00000000 0.00000000 0.00000000
vn -1.00000000 -0.00000012 0.00000000
vn -1.00000000 0.00000000 -0.00000020
vn -1.00000000 -0.00000031 0.00000000
vn -1.00000000 0.00000000 0.00000000
vn 0.00000000 1.00000000 0.00000000
vn -0.14694620 0.97978770 0.13573100
vn -0.14130560 0.98132390 -0.13052210
vn 0.00000000 1.00000000 0.00000000
vn 0.00000000 1.00000000 0.00000000
vn 0.00000000 1.00000000 0.00001118
vn 0.00000000 1.00000000 0.00000115
vn 0.00000000 1.00000000 0.00000142
vn 0.00000000 0.99607590 -0.08850304
vn 0.00000000 1.00000000 0.00000090
vn 0.00000000 1.00000000 -0.00000698
vn 0.00000000 1.00000000 -0.00000013
vn 0.00000000 1.00000000 0.00000025
vn 0.00000000 1.00000000 0.00000482
vn 0.00000000 1.00000000 0.00000476
vn 0.00000000 1.00000000 0.00000014
vn 0.00000000 1.00000000 0.00000000
vn 0.00000000 1.00000000 -0.00000405
vn 0.00000000 1.00000000 0.00000000
vn 0.00000000 1.00000000 0.00000000
vn 0.00000000 1.00000000 -0.00000406
vn 0.00000000 1.00000000 0.00000000
vn 0.00000000 1.00000000 0.00000000
vn 0.00000000 0.99583850 0.09113581
vn 0.00000000 1.00000000 0.00000047
vn 0.00000000 1.00000000 0.00000745
vn 0.00000000 1.00000000 0.00000000
vn 0.00000000 1.00000000 -0.00000034
vn 0.00000000 1.00000000 -0.00000028
vn 0.00000000 1.00000000 0.00001428
vn 0.00000000 1.00000000 -0.00000028
vn 0.00000000 1.00000000 0.00000000
vn 0.00000000 1.00000000 -0.00000167
vn 0.00000000 1.00000000 0.00000150
vn 0.00000000 1.00000000 0.00000000
vn 0.00000000 1.00000000 0.00000096
vn 0.00000000 1.00000000 -0.00000126
vn 0.00000000 1.00000000 0.00000000
vn 0.14694690 0.97978770 0.13572990
vn 0.00000000 1.00000000 0.00000060
vn 0.00000000 1.00000000 0.00000582
vn 0.00000000 1.00000000 -0.00000165
vn 0.14130640 0.98132400 -0.13052100
vn 0.00000000 1.00000000 0.00000199
vn 0.00000000 1.00000000 0.00000000
vn 0.00000000 1.00000000 0.00000000
vn 0.00000000 1.00000000 0.00000145
vn 0.00000000 1.00000000 -0.00001481
vn 0.00000000 1.00000000 0.00000051
vn 0.00000000 1.00000000 0.00000000
vn 0.00000000 1.00000000 0.00000000
vn 0.00000000 1.00000000 -0.00000180
vn 0.00000000 1.00000000 0.00000052
vn 0.00000000 1.00000000 -0.00000180
vn 0.00000000 1.00000000 0.00000000
vn -0.75537140 0.65489790 -0.02286176
vn -0.65641100 0.75319300 -0.04271767
vn -0.65641020 0.75319380 0.04271765
vn -0.75537110 0.65489850 0.02285974
vn -0.38008800 0.84324780 0.38008710
vn -0.50387960 0.70159630 0.50385330
vn -0.50389990 0.70157780 -0.50385850
vn -0.38008980 0.84324450 -0.38009290
vn -0.02196597 0.65475020 -0.75552610
vn -0.04112217 0.75234040 -0.65748980
vn 0.02196582 0.65474970 -0.75552660
vn 0.04112227 0.75234040 -0.65748990
vn 0.50390140 0.70158000 -0.50385410
vn 0.38008960 0.84324500 -0.38009190
vn 0.75537380 0.65489510 -0.02286034
vn 0.65641180 0.75319250 -0.04271675
vn 0.75537370 0.65489540 0.02285924
vn 0.65641090 0.75319320 0.04271698
vn 0.50387950 0.70159560 0.50385420
vn 0.38008820 0.84324830 0.38008590
vn 0.02196676 0.65474860 0.75552750
vn 0.04112343 0.75234410 0.65748540
vn -0.02196684 0.65474890 0.75552720
vn -0.04112323 0.75234400 0.65748570
vn 0.34908920 0.86963830 -0.34909320
vn 0.63291470 0.77412410 -0.01227562
vn 0.63291450 0.77412430 0.01227531
vn 0.34909120 0.86963890 0.34908960
vn 0.01172104 0.77387990 0.63322390
vn -0.01172109 0.77387960 0.63322420
vn -0.34909090 0.86963850 0.34909080
vn 0.01172051 0.77387570 -0.63322910
vn -0.63291450 0.77412440 0.01227540
vn -0.01172058 0.77387550 -0.63322930
vn -0.63291460 0.77412430 -0.01227576
vn -0.34908930 0.86963830 -0.34909280
vn 0.01448129 0.91785450 0.39665280
vn -0.01448095 0.91785360 0.39665500
vn -0.25719830 0.93150100 0.25720620
vn -0.39640750 0.91794860 0.01522042
vn -0.39640800 0.91794830 -0.01522052
vn -0.25719720 0.93150660 -0.25718690
vn 0.25720170 0.93150030 0.25720540
vn -0.01448133 0.91785420 -0.39665370
vn 0.39641500 0.91794530 0.01522234
vn 0.01448155 0.91785420 -0.39665330
vn 0.39641590 0.91794480 -0.01522172
vn 0.25720140 0.93150390 -0.25719250
vn 0.00013051 1.00000000 0.00013048
vn 0.00074827 0.99999980 0.00002946
vn 0.00074828 0.99999980 -0.00002946
vn 0.00013051 1.00000000 -0.00013050
vn 0.00002944 0.99999980 -0.00078718
vn -0.00002944 0.99999980 -0.00078717
vn -0.00013051 1.00000000 -0.00013047
vn -0.00074828 0.99999980 -0.00002945
vn -0.00074827 0.99999980 0.00002945
vn -0.00013051 1.00000000 0.00013048
vn -0.00002944 0.99999980 0.00078718
vn 0.00002944 0.99999980 0.00078717
vn 0.00000000 1.00000000 -0.00001438
vn 0.00000000 1.00000000 0.00000000
vn -0.50387420 0.70160310 0.50384900
vn -0.04112381 0.75234140 0.65748850
vn -0.02196671 0.65475270 0.75552380
vn -0.38009040 0.84324660 0.38008730
vn -0.75532950 0.65493790 0.02310172
vn 0.04112393 0.75234170 0.65748830
vn 0.02196664 0.65475260 0.75552420
vn -0.65612450 0.75341860 0.04314030
vn -0.75533130 0.65493590 -0.02310073
vn 0.38009020 0.84324740 0.38008590
vn 0.50387480 0.70160270 0.50384910
vn -0.65612330 0.75341950 -0.04314167
vn -0.50390020 0.70157720 -0.50385900
vn 0.65612390 0.75341920 0.04313951
vn 0.75532900 0.65493850 0.02310130
vn -0.38008980 0.84324440 -0.38009290
vn -0.02196589 0.65475390 -0.75552290
vn 0.65612300 0.75341980 -0.04314008
vn 0.75533070 0.65493660 -0.02309923
vn -0.04112209 0.75234110 -0.65748910
vn 0.02196575 0.65475360 -0.75552320
vn 0.38009000 0.84324540 -0.38009040
vn 0.50390090 0.70158070 -0.50385360
vn 0.04112214 0.75234110 -0.65748890
vn 0.34909190 0.86963830 0.34909060
vn 0.63282960 0.77419140 0.01242460
vn 0.63282960 0.77419140 -0.01242451
vn 0.34908960 0.86963880 -0.34909160
vn 0.01172047 0.77387560 -0.63322910
vn -0.01172057 0.77387550 -0.63322930
vn 0.01172113 0.77387590 0.63322870
vn -0.34908930 0.86963830 -0.34909280
vn -0.01172120 0.77387580 0.63322900
vn -0.63282910 0.77419190 -0.01242484
vn -0.34909220 0.86963750 0.34909200
vn -0.63282920 0.77419170 0.01242471
vn -0.01448132 0.91785420 -0.39665370
vn -0.25719730 0.93150660 -0.25718690
vn -0.39635070 0.91796970 -0.01542054
vn -0.39635080 0.91796970 0.01541978
vn -0.25719510 0.93150600 0.25719120
vn -0.01448091 0.91786000 0.39664010
vn 0.01448154 0.91785420 -0.39665330
vn 0.01448126 0.91786090 0.39663790
vn 0.25720150 0.93150380 -0.25719240
vn 0.25719990 0.93150470 0.25719090
vn 0.39636020 0.91796560 -0.01542174
vn 0.39636030 0.91796560 0.01542182
vn -0.00002978 0.99999980 0.00079589
vn 0.00002978 0.99999980 0.00079588
vn 0.00013203 1.00000000 0.00013161
vn -0.00013202 1.00000000 0.00013161
vn 0.00074699 0.99999980 0.00002942
vn -0.00074699 0.99999980 0.00002940
vn 0.00074699 0.99999980 -0.00003018
vn -0.00074698 0.99999980 -0.00003017
vn 0.00013202 1.00000000 -0.00013240
vn -0.00013202 1.00000000 -0.00013237
vn 0.00002978 0.99999980 -0.00079667
vn -0.00002978 0.99999980 -0.00079666
vn 0.50387540 0.70159490 0.50385920
vn 0.65641000 0.75319400 0.04271808
vn 0.75537130 0.65489820 0.02286001
vn 0.38008680 0.84324690 0.38009040
vn 0.02196615 0.65473490 0.75553940
vn 0.65641120 0.75319300 -0.04271678
vn 0.75537170 0.65489750 -0.02286121
vn 0.04112323 0.75234030 0.65749000
vn -0.02196598 0.65473530 0.75553900
vn 0.38009010 0.84324440 -0.38009270
vn 0.50389970 0.70158020 -0.50385550
vn -0.04112328 0.75234040 0.65748980
vn -0.50387800 0.70159700 0.50385370
vn 0.04112219 0.75233680 -0.65749400
vn 0.02196535 0.65472830 -0.75554510
vn -0.04112221 0.75233690 -0.65749390
vn -0.02196511 0.65472810 -0.75554530
vn -0.38008740 0.84324710 0.38008940
vn -0.75536790 0.65490210 0.02285947
vn 0.01172052 0.77387830 -0.63322600
vn -0.38008930 0.84324490 -0.38009250
vn -0.50389780 0.70157960 -0.50385810
vn -0.65640920 0.75319460 0.04271760
vn -0.75536800 0.65490190 -0.02286151
vn -0.65641000 0.75319400 -0.04271646
vn -0.01172053 0.77387830 -0.63322590
vn -0.34908920 0.86963880 -0.34909190
vn -0.63291320 0.77412530 -0.01227540
vn -0.63291320 0.77412550 0.01227538
vn -0.34909050 0.86963780 0.34909310
vn -0.01172104 0.77387910 0.63322490
vn 0.01172103 0.77387920 0.63322480
vn 0.34909020 0.86963770 0.34909350
vn 0.63291310 0.77412550 0.01227553
vn 0.63291340 0.77412520 -0.01227545
vn 0.34908980 0.86963830 -0.34909260
vn -0.25719960 0.93149980 0.25720920
vn -0.01448126 0.91785640 0.39664840
vn 0.01448115 0.91785740 0.39664620
vn 0.25719820 0.93150060 0.25720750
vn 0.39640770 0.91794840 0.01522126
vn 0.39640890 0.91794790 -0.01522029
vn 0.25719990 0.93150630 -0.25718550
vn 0.01448146 0.91786280 -0.39663350
vn -0.01448167 0.91786230 -0.39663450
vn -0.25719990 0.93150500 -0.25718990
vn -0.39641110 0.91794700 -0.01522108
vn -0.39640990 0.91794750 0.01522042
vn 0.00074829 0.99999980 -0.00002945
vn 0.00013051 1.00000000 -0.00013052
vn 0.00002944 0.99999980 -0.00078682
vn -0.00002944 0.99999980 -0.00078684
vn -0.00013051 1.00000000 -0.00013053
vn -0.00074828 0.99999980 -0.00002945
vn -0.00074828 0.99999980 0.00002944
vn 0.00074828 0.99999980 0.00002945
vn -0.00013051 1.00000000 0.00013052
vn 0.00013051 1.00000000 0.00013051
vn -0.00002944 0.99999980 0.00078691
vn 0.00002944 0.99999980 0.00078688
vn -0.50387290 0.70160470 0.50384800
vn -0.04112385 0.75233780 0.65749280
vn -0.02196585 0.65473930 0.75553560
vn -0.38008980 0.84324670 0.38008780
vn -0.75532620 0.65494180 0.02310161
vn 0.04112382 0.75233760 0.65749300
vn 0.02196600 0.65473880 0.75553590
vn -0.65612290 0.75341990 0.04313960
vn -0.75532790 0.65493980 -0.02310047
vn 0.38008920 0.84324570 0.38009080
vn 0.50387080 0.70160120 0.50385500
vn -0.65612200 0.75342070 -0.04314040
vn -0.50389720 0.70158080 -0.50385730
vn 0.65612320 0.75341970 0.04314055
vn 0.75532480 0.65494350 0.02310194
vn -0.38008910 0.84324490 -0.38009230
vn -0.02196498 0.65473200 -0.75554190
vn 0.65612280 0.75342010 -0.04314097
vn 0.75532660 0.65494120 -0.02310005
vn -0.04112212 0.75233760 -0.65749310
vn 0.02196525 0.65473240 -0.75554160
vn 0.38008980 0.84324410 -0.38009340
vn 0.50389870 0.70158170 -0.50385430
vn 0.04112212 0.75233760 -0.65749310
vn 0.01172050 0.77387830 -0.63322600
vn -0.01172051 0.77387830 -0.63322590
vn -0.34908930 0.86963880 -0.34909190
vn -0.63282810 0.77419260 -0.01242446
vn -0.63282800 0.77419270 0.01242449
vn -0.34909140 0.86963760 0.34909240
vn -0.01172114 0.77387520 0.63322960
vn 0.01172115 0.77387520 0.63322960
vn 0.34909110 0.86963690 0.34909470
vn 0.63282920 0.77419160 0.01242483
vn 0.63282930 0.77419160 -0.01242461
vn 0.34908960 0.86963790 -0.34909350
vn -0.25719710 0.93150450 0.25719430
vn -0.01448120 0.91786290 0.39663340
vn 0.01448111 0.91786380 0.39663120
vn 0.25719690 0.93150490 0.25719320
vn 0.39635410 0.91796830 0.01542082
vn 0.39635400 0.91796830 -0.01542033
vn 0.25720000 0.93150620 -0.25718550
vn 0.01448145 0.91786280 -0.39663350
vn -0.01448165 0.91786230 -0.39663450
vn -0.25720000 0.93150490 -0.25718990
vn -0.39635450 0.91796800 -0.01542108
vn -0.39635440 0.91796810 0.01541982
vn 0.00074699 0.99999980 -0.00002979
vn 0.00013202 1.00000000 -0.00013203
vn 0.00002978 0.99999980 -0.00079592
vn -0.00002978 0.99999980 -0.00079594
vn -0.00013202 1.00000000 -0.00013205
vn -0.00074699 0.99999980 -0.00002979
vn -0.00074699 0.99999980 0.00002978
vn 0.00074699 0.99999980 0.00002979
vn -0.00013203 1.00000000 0.00013204
vn 0.00013203 1.00000000 0.00013203
vn -0.00002978 0.99999980 0.00079601
vn 0.00002978 0.99999980 0.00079598
vn 0.39570790 -0.91837650 -0.00000690
vn 0.27501800 -0.64424650 0.71366070
vn 0.00275972 -0.75636850 0.65414000
vn 0.00371287 -0.99999310 -0.00000020
vn 0.27501570 -0.64426080 -0.71364860
vn 0.00275967 -0.75637700 -0.65413010
vn 0.00000000 -0.73836760 -0.67439850
vn 0.00000000 -1.00000000 0.00000000
vn 0.00000000 -0.73836200 0.67440460
vn -0.00292609 -0.75628630 0.65423430
vn -0.00393694 -0.99999230 -0.00000016
vn -0.00292601 -0.75629260 -0.65422700
vn -0.27501420 -0.64426150 -0.71364870
vn -0.39570870 -0.91837600 -0.00000652
vn -0.27501760 -0.64424860 0.71365890
vn 0.39571030 0.91837540 -0.00000138
vn 0.27501310 0.64424780 0.71366130
vn 0.49986850 0.49987390 0.70728890
vn 0.70710510 0.70710840 -0.00000554
vn 0.27501740 0.64425210 -0.71365590
vn 0.64890340 0.27239410 0.71044060
vn 0.49987370 0.49988140 -0.70727990
vn 0.92155330 0.38825190 -0.00000649
vn 0.64890320 0.27239820 -0.71043920
vn 0.75278910 0.00272002 0.65825610
vn 0.99999380 0.00351360 0.00000138
vn 0.75278940 0.00272002 -0.65825590
vn 0.75278960 -0.00272026 -0.65825570
vn 0.99999380 -0.00351347 -0.00000025
vn 0.75278920 -0.00272005 0.65825610
vn 0.64890410 -0.27240080 0.71043740
vn 0.92155270 -0.38825320 -0.00000218
vn 0.64890790 -0.27240600 -0.71043190
vn 0.49986700 -0.49987550 0.70728880
vn 0.70711170 -0.70710190 -0.00000828
vn 0.49987160 -0.49988170 -0.70728120
vn -0.55530670 0.55531250 0.61908190
vn -0.37518890 0.92694840 -0.00000242
vn -0.29636050 0.73015910 0.61566080
vn -0.70710060 0.70711280 -0.00000842
vn -0.29636440 0.73016140 -0.61565600
vn -0.72733860 0.29863830 0.61789460
vn -0.55531200 0.55531420 -0.61907580
vn -0.92504970 0.37984590 -0.00000661
vn -0.72734790 0.29863070 -0.61788740
vn -0.73824410 0.00402212 0.67452170
vn -0.99998550 0.00539850 -0.00000368
vn -0.73824740 0.00402193 -0.67451800
vn -0.73824730 -0.00402182 -0.67451810
vn -0.99998550 -0.00539855 -0.00000355
vn -0.73824400 -0.00402203 0.67452180
vn -0.72734340 -0.29863770 0.61788940
vn -0.92504780 -0.37985080 0.00000597
vn -0.72734810 -0.29862850 -0.61788810
vn -0.55531190 -0.55531000 0.61907970
vn -0.70711110 -0.70710240 -0.00000864
vn -0.29636460 -0.73015690 0.61566150
vn -0.55530800 -0.55530860 -0.61908430
vn -0.37517810 -0.92695270 -0.00000473
vn -0.29635960 -0.73015640 -0.61566430
vn -0.00444805 -0.72146540 0.69243620
vn -0.00568896 -0.99998380 -0.00000027
vn -0.00444812 -0.72147020 -0.69243120
vn 0.00000000 -0.73794200 -0.67486410
vn 0.00000000 -1.00000000 0.00000012
vn 0.00000000 -0.73793570 0.67487110
vn 0.00471524 -0.72161230 0.69228120
vn 0.00603050 -0.99998190 -0.00000025
vn 0.00471529 -0.72161750 -0.69227590
vn 0.29635990 -0.73015760 -0.61566280
vn 0.37517790 -0.92695280 -0.00000387
vn 0.29636470 -0.73015610 0.61566220
vn -0.00444820 0.72146710 -0.69243440
vn -0.00568918 0.99998380 0.00000000
vn -0.00444810 0.72147130 0.69243000
vn 0.00000000 0.73793970 0.67486660
vn 0.00000000 1.00000000 0.00000000
vn 0.00000000 0.73793690 -0.67486980
vn 0.00471537 0.72161540 -0.69227800
vn 0.00603072 0.99998190 0.00000000
vn 0.00471527 0.72161520 0.69227830
vn 0.29636100 0.73015770 0.61566200
vn 0.37518800 0.92694870 -0.00000220
vn 0.29636450 0.73016080 -0.61565670
vn 0.00275954 0.75637320 -0.65413450
vn 0.00371304 0.99999310 0.00000334
vn 0.00275977 0.75636830 0.65414030
vn 0.00000000 0.73835890 0.67440800
vn 0.00000000 1.00000000 0.00000376
vn 0.00000000 0.73836510 -0.67440130
vn -0.00292596 0.75628750 -0.65423290
vn -0.00393714 0.99999230 0.00000354
vn -0.00292612 0.75628280 0.65423830
vn -0.27501350 0.64424680 0.71366210
vn -0.39571080 0.91837510 -0.00000124
vn -0.27501990 0.64424930 -0.71365740
vn -0.49986820 0.49987530 0.70728800
vn -0.70710440 0.70710900 -0.00000495
vn -0.64890370 0.27239330 0.71044070
vn -0.49987430 0.49988050 -0.70728010
vn -0.92155330 0.38825210 -0.00000609
vn -0.64890300 0.27239920 -0.71043900
vn -0.75278890 0.00271996 0.65825650
vn -0.99999380 0.00351355 0.00000158
vn -0.75278990 0.00272003 -0.65825530
vn -0.75279020 -0.00272027 -0.65825490
vn -0.99999380 -0.00351348 -0.00000010
vn -0.75278900 -0.00272004 0.65825640
vn -0.64890520 -0.27239730 0.71043780
vn -0.92155470 -0.38824880 -0.00000320
vn -0.64890730 -0.27240400 -0.71043330
vn -0.49986850 -0.49987320 0.70728940
vn -0.70711340 -0.70710010 -0.00000887
vn -0.49987100 -0.49987910 -0.70728340
vn 0.55530760 0.55531310 0.61908050
vn 0.70710100 0.70711240 -0.00000996
vn 0.72734070 0.29863820 0.61789210
vn 0.55531370 0.55531440 -0.61907400
vn 0.92504990 0.37984540 -0.00000682
vn 0.72734920 0.29863000 -0.61788620
vn 0.73824410 0.00402211 0.67452170
vn 0.99998550 0.00539849 -0.00000452
vn 0.73824710 0.00402194 -0.67451830
vn 0.73824700 -0.00402182 -0.67451840
vn 0.99998550 -0.00539854 -0.00000437
vn 0.73824380 -0.00402202 0.67452190
vn 0.72734240 -0.29863880 0.61788990
vn 0.92504750 -0.37985150 0.00000596
vn 0.72734850 -0.29862770 -0.61788800
vn 0.55531130 -0.55530960 0.61908040
vn 0.70711110 -0.70710240 -0.00000805
vn 0.55530910 -0.55530760 -0.61908420
vn 0.00000000 0.38267480 -0.92388320
vn 0.00000000 0.38267480 -0.92388320
vn 0.00000000 0.00000000 -1.00000000
vn 0.00000000 0.00000000 -1.00000000
vn 0.00000000 -0.38267570 -0.92388280
vn 0.00000000 -0.38267570 -0.92388280
vn 0.00000000 -0.92388190 -0.38267780
vn 0.00000000 -0.92388190 -0.38267780
vn 0.00000000 -0.99993610 -0.01130148
vn 0.00000000 -0.99993610 -0.01130148
vn 0.00000000 -0.99993610 0.01130149
vn 0.00000000 -0.99993610 0.01130149
vn 0.00000000 -0.92387830 0.38268630
vn 0.00000000 -0.92387830 0.38268630
vn 0.00000000 -0.38268590 0.92387850
vn 0.00000000 -0.38268590 0.92387850
vn 0.00000000 -0.38268590 0.92387850
vn 0.00000000 -0.38268590 0.92387850
vn 0.00000000 0.38268500 0.92387880
vn 0.00000000 0.38268500 0.92387880
vn 0.00000000 0.38268500 0.92387880
vn 0.00000000 0.38268500 0.92387880
vn 0.00000000 0.92387930 0.38268410
vn 0.00000000 0.92387930 0.38268410
vn 0.00000000 0.99993610 0.01130141
vn 0.00000000 0.99993610 0.01130141
vn 0.00000000 0.99993610 -0.01130140
vn 0.00000000 0.99993610 -0.01130140
vn 0.00000000 0.92388280 -0.38267550
vn 0.00000000 0.92388280 -0.38267550
vn 0.00000000 -0.38268250 0.92387990
vn 0.00000000 -0.38268250 0.92387990
vn 0.00000000 -0.38268250 0.92387990
vn 0.00000000 -0.38268250 0.92387990
vn 0.00000000 0.38268320 0.92387960
vn 0.00000000 0.38268320 0.92387960
vn 0.00000000 0.38268320 0.92387960
vn 0.00000000 0.38268320 0.92387960
vn 0.00000000 0.92387680 0.38269010
vn 0.00000000 0.92387680 0.38269010
vn 0.00000000 0.99995640 0.00934109
vn 0.00000000 0.99995640 0.00934109
vn 0.00000000 0.99995640 -0.00934108
vn 0.00000000 0.99995640 -0.00934108
vn 0.00000000 0.92388150 -0.38267870
vn 0.00000000 0.92388150 -0.38267870
vn 0.00000000 0.38268420 -0.92387920
vn 0.00000000 0.38268420 -0.92387920
vn 0.00000000 0.38268420 -0.92387920
vn 0.00000000 0.38268420 -0.92387920
vn 0.00000000 -0.38268340 -0.92387950
vn 0.00000000 -0.38268340 -0.92387950
vn 0.00000000 -0.38268340 -0.92387950
vn 0.00000000 -0.38268340 -0.92387950
vn 0.00000000 -0.92388220 -0.38267700
vn 0.00000000 -0.92388220 -0.38267700
vn 0.00000000 -0.99995640 -0.00934104
vn 0.00000000 -0.99995640 -0.00934104
vn 0.00000000 -0.99995640 0.00934104
vn 0.00000000 -0.99995640 0.00934104
vn 0.00000000 -0.92387750 0.38268850
vn 0.00000000 -0.92387750 0.38268850
vn 0.00000000 0.38267480 -0.92388320
vn 0.00000000 0.00000000 -1.00000000
vn 0.00000000 0.38267480 -0.92388320
vn 0.00000000 0.00000000 -1.00000000
vn 0.00000000 -0.38267570 -0.92388280
vn 0.00000000 -0.38267570 -0.92388280
vn 0.00000000 -0.92388190 -0.38267780
vn 0.00000000 -0.99993610 -0.01130145
vn 0.00000000 -0.92388190 -0.38267780
vn 0.00000000 -0.99993610 -0.01130145
vn 0.00000000 -0.99993610 0.01130146
vn 0.00000000 -0.99993610 0.01130146
vn 0.00000000 -0.92387830 0.38268630
vn 0.00000000 -0.92387830 0.38268630
vn 0.00000267 -0.38268480 0.92387890
vn 0.00000267 -0.38268480 0.92387890
vn 0.00000267 -0.38268480 0.92387890
vn 0.00000267 -0.38268480 0.92387890
vn 0.00000000 0.38268380 0.92387940
vn 0.00000000 0.38268390 0.92387940
vn 0.00000000 0.38268390 0.92387940
vn 0.00000000 0.38268390 0.92387940
vn 0.00000000 0.92387930 0.38268410
vn 0.00000000 0.99993610 0.01130138
vn 0.00000000 0.92387930 0.38268410
vn 0.00000000 0.99993610 0.01130138
vn 0.00000000 0.99993610 -0.01130137
vn 0.00000000 0.99993610 -0.01130137
vn 0.00000000 0.92388280 -0.38267550
vn 0.00000000 0.92388280 -0.38267550
vn 0.00000000 -0.38268250 0.92387990
vn 0.00000000 -0.38268250 0.92387990
vn 0.00000000 -0.38268250 0.92387990
vn 0.00000000 -0.38268250 0.92387990
vn 0.00000000 0.38268320 0.92387960
vn 0.00000000 0.38268320 0.92387960
vn 0.00000000 0.38268320 0.92387960
vn 0.00000000 0.38268320 0.92387960
vn 0.00000000 0.92387680 0.38269010
vn 0.00000000 0.99995640 0.00934109
vn 0.00000000 0.92387680 0.38269010
vn 0.00000000 0.99995640 0.00934109
vn 0.00000000 0.99995640 -0.00934108
vn 0.00000000 0.99995640 -0.00934108
vn 0.00000000 0.92388150 -0.38267870
vn 0.00000000 0.92388150 -0.38267870
vn 0.00000000 0.38268420 -0.92387920
vn 0.00000000 0.38268420 -0.92387920
vn 0.00000000 0.38268410 -0.92387920
vn 0.00000000 0.38268420 -0.92387920
vn -0.00000220 -0.38268410 -0.92387920
vn -0.00000220 -0.38268420 -0.92387920
vn -0.00000220 -0.38268420 -0.92387920
vn -0.00000220 -0.38268420 -0.92387920
vn 0.00000000 -0.92388220 -0.38267700
vn 0.00000000 -0.99995640 -0.00934108
vn 0.00000000 -0.92388220 -0.38267700
vn 0.00000000 -0.99995640 -0.00934108
vn 0.00000000 -0.99995640 0.00934099
vn 0.00000000 -0.99995640 0.00934099
vn 0.00000000 -0.92387750 0.38268850
vn 0.00000000 -0.92387750 0.38268850
vn 0.00123686 -0.40841010 0.91279770
vn 0.00000000 -0.40823070 0.91287890
vn -0.00131197 -0.40842520 0.91279100
vn 0.16279330 -0.38770770 0.90729320
vn -0.16279260 -0.38770760 0.90729350
vn 0.29734220 -0.29733940 0.90729110
vn -0.29734150 -0.29733860 0.90729150
vn 0.38945500 -0.16224600 0.90664270
vn -0.38945400 -0.16224420 0.90664350
vn 0.41963640 -0.00133859 0.90769120
vn -0.41963540 -0.00133858 0.90769170
vn 0.41963630 0.00133855 0.90769130
vn 0.38944590 0.16224150 0.90664740
vn 0.29733260 0.29733720 0.90729490
vn 0.16279840 0.38770300 0.90729440
vn -0.41963530 0.00133855 0.90769180
vn -0.38944660 0.16224180 0.90664710
vn -0.29733370 0.29733850 0.90729400
vn -0.16279860 0.38770400 0.90729390
vn 0.00123683 0.40841760 0.91279430
vn -0.00131191 0.40842910 0.91278920
vn 0.00000000 0.40823650 0.91287620
vn 0.00000000 0.40826710 0.91286250
vn -0.00301307 0.40871060 0.91265900
vn 0.00319214 0.40873040 0.91264960
vn -0.15942380 0.38911660 0.90728850
vn 0.15942280 0.38911580 0.90728900
vn -0.29733050 0.29733850 0.90729500
vn 0.29733220 0.29733770 0.90729480
vn -0.39029460 0.15993180 0.90669290
vn 0.39029790 0.15993080 0.90669160
vn -0.41968040 0.00252458 0.90766840
vn 0.41968010 0.00252457 0.90766850
vn -0.41968100 -0.00252453 0.90766820
vn -0.39031090 -0.15994040 0.90668430
vn -0.29734390 -0.29733930 0.90729050
vn -0.15941120 -0.38910410 0.90729590
vn 0.41968050 -0.00252452 0.90766840
vn 0.39031120 -0.15994040 0.90668420
vn 0.29734370 -0.29733880 0.90729060
vn 0.15941130 -0.38910300 0.90729640
vn -0.00301272 -0.40867420 0.91267540
vn 0.00319188 -0.40870050 0.91266300
vn 0.00000000 -0.40823360 0.91287740
vn -0.00301269 0.40868110 -0.91267230
vn 0.00000000 0.40824030 -0.91287460
vn 0.00319181 0.40870760 -0.91265980
vn -0.15942200 0.38911690 -0.90728870
vn 0.15942150 0.38911710 -0.90728860
vn -0.29734410 0.29734460 -0.90728860
vn 0.29734800 0.29734500 -0.90728720
vn -0.39030840 0.15993180 -0.90668700
vn 0.39031220 0.15993210 -0.90668530
vn -0.41968390 0.00252401 -0.90766690
vn 0.41968350 0.00252404 -0.90766700
vn -0.41968330 -0.00252411 -0.90766700
vn -0.39029420 -0.15992760 -0.90669380
vn -0.29732830 -0.29733050 -0.90729840
vn -0.15941120 -0.38909450 -0.90730020
vn 0.41968300 -0.00252414 -0.90766720
vn 0.39029550 -0.15992750 -0.90669320
vn 0.29733140 -0.29733040 -0.90729740
vn 0.15941310 -0.38909620 -0.90729910
vn -0.00301302 -0.40867750 -0.91267400
vn 0.00319214 -0.40870430 -0.91266130
vn 0.00000000 -0.40823780 -0.91287570
vn 0.00000000 -0.40822760 -0.91288020
vn 0.00123698 -0.40840800 -0.91279870
vn -0.00131206 -0.40842150 -0.91279250
vn 0.16279570 -0.38771420 -0.90729000
vn -0.16279500 -0.38771240 -0.90729110
vn 0.29734320 -0.29733840 -0.90729090
vn -0.29734180 -0.29733880 -0.90729140
vn 0.38944900 -0.16225010 -0.90664460
vn -0.38944710 -0.16224920 -0.90664550
vn 0.41963070 -0.00133880 -0.90769400
vn -0.41963320 -0.00133881 -0.90769280
vn 0.41963050 0.00133863 -0.90769400
vn 0.38943590 0.16224520 -0.90665110
vn 0.29733000 0.29733600 -0.90729610
vn 0.16279140 0.38769120 -0.90730070
vn -0.41963310 0.00133864 -0.90769280
vn -0.38943550 0.16224490 -0.90665130
vn -0.29733020 0.29733460 -0.90729640
vn -0.16279320 0.38769010 -0.90730080
vn 0.00123656 0.40840750 -0.91279890
vn -0.00131171 0.40841820 -0.91279400
vn 0.00000000 0.40822610 -0.91288080
vn -1.00000000 0.00000041 0.00000000
vn -1.00000000 0.00000000 0.00000000
vn -1.00000000 0.00000000 0.00000000
vn -1.00000000 0.00000000 0.00000000
vn -1.00000000 -0.00000228 0.00000000
vn -1.00000000 0.00000228 0.00000000
vn -1.00000000 -0.00000231 0.00000000
vn -1.00000000 0.00000000 0.00000000
vn -1.00000000 0.00000233 0.00000000
vn -1.00000000 0.00000104 0.00000000
vn -1.00000000 0.00000000 0.00000000
vn -1.00000000 0.00000000 0.00000000
vn 1.00000000 0.00000083 0.00000000
vn 1.00000000 0.00000000 0.00000000
vn 1.00000000 0.00000000 0.00000000
vn 1.00000000 -0.00000083 0.00000000
vn 1.00000000 -0.00000128 0.00000000
vn 1.00000000 0.00000128 0.00000000
vn 1.00000000 -0.00000123 0.00000000
vn 1.00000000 0.00000000 0.00000000
vn 1.00000000 0.00000123 0.00000000
vn 1.00000000 -0.00000166 0.00000000
vn 1.00000000 0.00000166 0.00000000
vn 1.00000000 0.00000000 0.00000000
vn -1.00000000 0.00000000 0.00000000
vn -1.00000000 0.00000000 0.00000000
vn -1.00000000 -0.00000115 0.00000000
vn -1.00000000 -0.00000115 0.00000000
vn -1.00000000 -0.00000431 0.00000000
vn -1.00000000 0.00000000 0.00000000
vn -1.00000000 -0.00000431 0.00000000
vn -1.00000000 0.00000000 0.00000000
vn -1.00000000 -0.00000437 0.00000000
vn -1.00000000 0.00000942 0.00000000
vn -1.00000000 -0.00000437 0.00000000
vn -1.00000000 0.00000942 0.00000000
vn -1.00000000 0.00000000 0.00000000
vn -1.00000000 0.00000938 0.00000000
vn -1.00000000 0.00000000 0.00000000
vn -1.00000000 0.00000938 0.00000000
vn -1.00000000 0.00000115 0.00000000
vn -1.00000000 0.00000028 0.00000000
vn -1.00000000 0.00000115 0.00000000
vn -1.00000000 0.00000028 0.00000000
vn 1.00000000 -0.00000680 0.00000000
vn 1.00000000 0.00000000 0.00000000
vn 1.00000000 -0.00000681 0.00000000
vn 1.00000000 0.00000000 0.00000000
vn 1.00000000 -0.00001560 0.00000000
vn 1.00000000 0.00000681 0.00000000
vn 1.00000000 -0.00001560 0.00000000
vn 1.00000000 0.00000680 0.00000000
vn 1.00000000 -0.00001560 0.00000000
vn 1.00000000 0.00001560 0.00000000
vn 1.00000000 -0.00001560 0.00000000
vn 1.00000000 0.00001560 0.00000000
vn 1.00000000 -0.00000227 0.00000000
vn 1.00000000 0.00001560 0.00000000
vn 1.00000000 -0.00000227 0.00000000
vn 1.00000000 0.00001560 0.00000000
vn 1.00000000 0.00000000 0.00000000
vn 1.00000000 0.00000227 0.00000000
vn 1.00000000 0.00000000 0.00000000
vn 1.00000000 0.00000227 0.00000000
vt 1.36644500 1.62113200
vt 1.50880900 1.63625000
vt 1.36847800 1.63625000
vt 1.51897800 1.62113200
vt 1.38515500 1.60532800
vt 1.51897800 1.60532800
vt 2.47729400 1.62113200
vt 2.46954400 1.60532800
vt 1.38515500 1.37705000
vt 1.36644500 1.37134600
vt 2.63755600 1.48576300
vt 2.61884500 1.47921600
vt 1.36644500 1.32294000
vt 1.38515500 1.32825300
vt 2.61884500 1.42329400
vt 2.63755600 1.42395600
vt 1.38515500 1.31852700
vt 1.36644500 1.31319700
vt 2.63755600 1.41313600
vt 2.61884500 1.41237800
vt 1.36644500 0.53109290
vt 1.38515500 0.53204740
vt 1.38515500 0.19459600
vt 1.36644400 0.19459600
vt 1.38515500 0.04788793
vt 1.36644400 0.03208333
vt 1.51897800 0.04788793
vt 1.51897800 0.03208333
vt 2.61884500 0.04788793
vt 2.63755600 0.03208333
vt 2.61884500 0.19459600
vt 2.63755600 0.19459600
vt 2.61884500 0.62840710
vt 2.63755600 0.62876190
vt 1.61586800 4.15488200
vt 0.83416660 4.17314400
vt 0.83416660 4.15488200
vt 1.63625000 4.17314400
vt 1.63625000 3.37640300
vt 1.61586800 3.39466400
vt 0.83416660 3.39466400
vt 0.83416660 3.37640300
vt 2.83616700 1.97419400
vt 2.03408300 1.97419400
vt 2.03408300 1.69613900
vt 2.83616700 1.69613900
vt 1.63625000 4.17314400
vt 0.83416660 4.18498100
vt 0.83416660 4.17314400
vt 1.61662300 4.18498100
vt 1.61662300 4.29335300
vt 1.63625000 4.30638600
vt 0.83416660 4.30638600
vt 0.83416660 4.29335300
vt 1.63625000 3.36794800
vt 1.63625000 3.37640300
vt 0.83416660 3.37640300
vt 0.83416660 3.36794800
vt 3.63825000 2.36347200
vt 3.63825000 2.64152800
vt 2.83616700 2.64152800
vt 2.83616700 2.36347200
vt 3.63825000 2.02980500
vt 3.63825000 2.30786100
vt 2.83616700 2.30786100
vt 2.83616700 2.02980500
vt 0.50000000 0.00000000
vt 1.00000000 0.00000000
vt 1.00000000 1.00000000
vt 0.50000000 1.00000000
vt 0.00000000 0.00000000
vt 0.50000000 0.00000000
vt 0.50000000 1.00000000
vt 0.00000000 1.00000000
vt 0.00000000 0.00000000
vt 0.50000000 0.00000000
vt 0.50000000 1.00000000
vt 0.00000000 1.00000000
vt 1.00000000 0.00000000
vt 1.00000000 1.00000000
vt 0.00000000 1.00000000
vt 1.00000000 0.00000000
vt 1.00000000 1.00000000
vt 0.50000000 1.00000000
vt 0.00000000 0.00000000
vt 0.50000000 0.00000000
vt 0.50000000 1.00000000
vt 0.50000000 1.00000000
vt 0.00000000 0.00000000
vt 0.50000000 1.00000000
vt 0.00000000 0.00000000
vt 1.00000000 0.00000000
vt 0.50000000 1.00000000
vt 0.50000000 1.00000000
vt 0.50000000 0.00000000
vt 1.00000000 0.00000000
vt 0.50000000 1.00000000
vt 0.50000000 1.00000000
vt 0.50000000 1.00000000
vt 1.00000000 0.00000000
vt 0.50000000 1.00000000
vt 0.50000000 1.00000000
vt 0.50000000 1.00000000
vt 0.50000000 1.00000000
vt 0.50000000 1.00000000
vt 0.50000000 1.00000000
vt 0.50000000 0.00000000
vt 1.00000000 0.00000000
vt 1.00000000 1.00000000
vt 0.50000000 1.00000000
vt 0.00000000 0.00000000
vt 0.50000000 0.00000000
vt 0.50000000 1.00000000
vt 0.00000002 0.99999510
vt -0.01023595 0.01131884
vt 0.50000000 0.00000000
vt 0.50000000 1.00000000
vt 0.04789487 0.99999980
vt 0.00000000 1.00000000
vt 0.50070380 0.49644750
vt 0.50063340 0.44680780
vt 1.02154700 0.46110770
vt 1.02394100 0.51233610
vt 0.00000000 0.00000000
vt 0.07423295 1.00000000
vt 0.00000000 1.00000000
vt 0.08064409 0.00000000
vt 0.08918855 1.00000000
vt 0.09476291 0.00000000
vt 1.00000000 1.00000000
vt 0.00000000 0.00000000
vt 0.06940154 0.99999780
vt 0.00000000 1.00000000
vt 0.07423295 -0.00000003
vt 0.08416391 0.99999550
vt 0.08918948 0.00000000
vt 1.00000000 0.00000000
vt 0.99874360 0.99999400
vt 0.50000000 0.00000000
vt 1.00000000 0.00000000
vt 1.02154700 0.46110770
vt 0.50063340 0.44680780
vt 0.50059320 0.54094350
vt 0.95210520 1.00000000
vt 0.50000000 1.00000000
vt 1.02723000 0.55853750
vt 1.00000000 1.00000000
vt 0.50063340 0.44680780
vt 1.02154700 0.46110770
vt 1.02154700 0.46110770
vt 0.50063340 0.44680780
vt 1.02154700 0.46110770
vt 1.02154700 0.46110770
vt 1.02154700 0.46110770
vt 1.02394100 0.51233320
vt 1.02394100 0.51233610
vt 1.02154700 0.46110770
vt 1.02394100 0.51233320
vt 0.50070380 0.49644750
vt 1.02394100 0.51233610
vt 0.50070380 0.49644750
vt 1.02394100 0.51233320
vt 1.02394100 0.51233610
vt 0.01522815 0.01242428
vt 0.09332084 0.99999990
vt 0.00000000 1.00000000
vt 1.03570700 0.01473747
vt 0.90667910 1.00000000
vt 1.00000000 1.00000000
vt 0.95210520 -0.00000003
vt 1.00000000 0.00000000
vt 0.53456830 0.93086360
vt 0.53125660 0.93086430
vt 0.50000000 0.00000000
vt 0.50000000 0.93086360
vt 0.50000000 1.00000000
vt 0.50000000 1.00000000
vt 0.50000000 1.00000000
vt 0.53125660 0.93086430
vt 0.50000000 1.00000000
vt 0.53456830 0.93086360
vt 0.50000000 1.00000000
vt 0.95210520 -0.00000003
vt 1.00000000 0.00000000
vt 0.90667880 0.00000000
vt 1.00000000 0.00000000
vt 0.53456830 0.93086360
vt 0.52811600 0.93086430
vt 0.50000000 1.00000000
vt 0.50000000 1.00000000
vt 0.50000000 1.00000000
vt 0.47188370 0.93086360
vt 0.09332085 -0.00000001
vt 0.00000000 0.00000000
vt 0.46543220 0.93086430
vt 1.36644500 1.62113200
vt 1.36847800 1.63625000
vt 1.50880900 1.63625000
vt 1.51897800 1.62113200
vt 1.38515500 1.60532800
vt 1.51897800 1.60532800
vt 1.38515500 1.37705000
vt 1.36644500 1.37134600
vt 2.46954400 1.60532800
vt 2.47729400 1.62113200
vt 1.36644500 1.32294000
vt 1.38515500 1.32825300
vt 2.63755600 1.48576300
vt 2.61884500 1.47921600
vt 1.38515500 1.31852700
vt 1.36644500 1.31319700
vt 2.61884500 1.42329400
vt 2.63755600 1.42395600
vt 1.36644500 0.53109290
vt 1.38515500 0.53204740
vt 1.38515500 0.19459600
vt 1.36644400 0.19459600
vt 1.38515500 0.04788793
vt 1.36644400 0.03208333
vt 2.63755600 1.41313600
vt 2.61884500 1.41237800
vt 1.51897800 0.04788793
vt 1.51897800 0.03208333
vt 2.61884500 0.62840710
vt 2.63755600 0.62876190
vt 2.63755600 0.19459600
vt 2.61884500 0.19459600
vt 2.63755600 0.03208333
vt 2.61884500 0.04788793
vt 1.61586800 4.15488200
vt 1.63625000 4.17314400
vt 1.61586800 3.39466400
vt 1.63625000 3.37640300
vt 2.03408300 1.69613900
vt 2.03408300 1.97419400
vt 1.63625000 4.17314400
vt 1.61662300 4.18498100
vt 1.61662300 4.29335300
vt 1.63625000 4.30638600
vt 1.63625000 3.36794800
vt 1.63625000 3.37640300
vt 3.63825000 2.36347200
vt 3.63825000 2.64152800
vt 3.63825000 2.02980500
vt 3.63825000 2.30786100
vt 1.00000000 1.00000000
vt 1.00000000 0.00000000
vt 0.00000000 0.00000000
vt 0.00000000 1.00000000
vt 0.00000000 0.00000000
vt 0.00000000 1.00000000
vt 0.00000000 1.00000000
vt 1.00000000 1.00000000
vt 1.00000000 0.00000000
vt 1.00000000 1.00000000
vt 1.00000000 0.00000000
vt 0.00000000 0.00000000
vt 0.50000000 1.00000000
vt 0.50000000 1.00000000
vt 1.00000000 0.00000000
vt 1.00000000 1.00000000
vt 1.00000000 0.00000000
vt 0.00000000 0.00000000
vt 0.00000002 0.99999510
vt -0.01023595 0.01131884
vt 0.04789487 0.99999980
vt 0.00000000 1.00000000
vt 1.02394100 0.51233610
vt 1.02154700 0.46110770
vt 0.00000000 0.00000000
vt 0.00000000 1.00000000
vt 0.07423295 1.00000000
vt 0.08064409 0.00000000
vt 0.08918855 1.00000000
vt 0.09476291 0.00000000
vt 1.00000000 1.00000000
vt 0.00000000 0.00000000
vt 0.00000000 1.00000000
vt 0.06940154 0.99999780
vt 0.07423295 -0.00000003
vt 0.08416391 0.99999550
vt 0.08918948 0.00000000
vt 1.00000000 0.00000000
vt 0.99874360 0.99999400
vt 1.02154700 0.46110770
vt 1.00000000 0.00000000
vt 0.95210520 1.00000000
vt 1.02723000 0.55853750
vt 1.00000000 1.00000000
vt 1.02154700 0.46110770
vt 1.02154700 0.46110770
vt 1.02394100 0.51233610
vt 1.02394100 0.51233320
vt 0.01522815 0.01242428
vt 0.00000000 1.00000000
vt 0.09332084 0.99999990
vt 1.03570700 0.01473747
vt 0.90667910 1.00000000
vt 1.00000000 1.00000000
vt 0.46874310 0.93086360
vt 0.50000000 0.93086360
vt 0.50000000 0.00000000
vt 0.04789484 -0.00000003
vt 0.00000000 0.00000000
vt 0.46543220 0.93086430
vt 0.50000000 1.00000000
vt 0.50000000 1.00000000
vt 0.50000000 1.00000000
vt 0.50000000 1.00000000
vt 0.46874310 0.93086360
vt 0.04789484 -0.00000003
vt 0.46543220 0.93086430
vt 0.00000000 0.00000000
vt 0.90667880 0.00000000
vt 0.53456830 0.93086360
vt 1.00000000 0.00000000
vt 0.52811600 0.93086430
vt 0.50000000 1.00000000
vt 0.50000000 1.00000000
vt 0.47188370 0.93086360
vt 0.09332085 -0.00000001
vt 0.00000000 0.00000000
vt 0.46543220 0.93086430
vt 0.50000000 1.00000000
vt 0.50000000 1.00000000
vt 0.50000000 1.00000000
vt 0.50000000 1.00000000
vt 0.50000000 1.00000000
vt 0.50000000 1.00000000
vt 0.50000000 1.00000000
vt 0.50000000 1.00000000
vt 0.50000000 1.00000000
vt 0.50000000 1.00000000
vt 0.50000000 1.00000000
vt 0.50000000 1.00000000
vt 0.50000000 1.00000000
vt 0.50000000 1.00000000
vt 0.50000000 1.00000000
vt 0.50000000 1.00000000
vt 0.50000000 1.00000000
vt 0.50000000 1.00000000
vt 0.50000000 1.00000000
vt 0.50000000 1.00000000
vt 0.52811600 0.93086430
vt 0.52811600 0.93086430
vt 0.90667880 0.00000000
vt 0.90667880 0.00000000
vt 0.47188370 0.93086360
vt 0.09332085 -0.00000001
vt 0.47188370 0.93086360
vt 0.09332085 -0.00000001
vt 0.09332085 -0.00000001
vt 0.90667880 0.00000000
vt 0.90667880 0.00000000
vt 0.09332085 -0.00000001
vt 0.52811600 0.93086430
vt 0.52811600 0.93086430
vt 0.90667880 0.00000000
vt 0.90667880 0.00000000
vt 0.47188370 0.93086360
vt 0.09332085 -0.00000001
vt 0.47188370 0.93086360
vt 0.09332085 -0.00000001
vt 0.09332085 -0.00000001
vt 0.09332085 -0.00000001
vt 0.90667880 0.00000000
vt 0.90667880 0.00000000
vt 0.50000000 1.00000000
vt 0.50000000 1.00000000
vt 0.50000000 1.00000000
vt 0.50000000 1.00000000
vt 0.50000000 1.00000000
vt 0.50000000 1.00000000
vt 0.50000000 1.00000000
vt 0.50000000 1.00000000
vt 0.50000000 1.00000000
vt 0.50000000 1.00000000
vt 0.50000000 1.00000000
vt 0.50000000 1.00000000
vt 0.50000000 1.00000000
vt 0.50000000 1.00000000
vt 0.50000000 1.00000000
vt 0.50000000 1.00000000
vt 0.50000000 1.00000000
vt 0.50000000 1.00000000
vt 0.50000000 1.00000000
vt 0.50000000 1.00000000
vt 0.52811600 0.93086430
vt 0.52811600 0.93086430
vt 0.90667880 0.00000000
vt 0.90667880 0.00000000
vt 0.47188370 0.93086360
vt 0.09332085 -0.00000001
vt 0.47188370 0.93086360
vt 0.09332085 -0.00000001
vt 0.09332085 -0.00000001
vt 0.90667880 0.00000000
vt 0.90667880 0.00000000
vt 0.09332085 -0.00000001
vt 0.52811600 0.93086430
vt 0.52811600 0.93086430
vt 0.90667880 0.00000000
vt 0.90667880 0.00000000
vt 0.47188370 0.93086360
vt 0.09332085 -0.00000001
vt 0.47188370 0.93086360
vt 0.09332085 -0.00000001
vt 0.09332085 -0.00000001
vt 0.09332085 -0.00000001
vt 0.90667880 0.00000000
vt 0.90667880 0.00000000
vt 0.50000000 1.00000000
vt 0.50000000 1.00000000
vt 0.50000000 1.00000000
vt 0.50000000 1.00000000
vt 0.50000000 1.00000000
vt 0.50000000 1.00000000
vt 0.50000000 1.00000000
vt 0.50000000 1.00000000
vt 1.97071900 1.85152600
vt 1.13407700 1.70041700
vt 1.97071900 1.70041700
vt 1.13407700 1.85152600
vt 1.03228100 1.70041700
vt 1.03228100 1.85152600
vt 1.97071900 2.29835300
vt 1.03228100 2.19581000
vt 1.13407700 2.20511900
vt 1.97071900 3.10584400
vt 1.14450300 3.01164800
vt 1.13407700 3.05228900
vt 1.03228100 3.00908300
vt 1.03228100 3.01919500
vt 1.13407700 3.06302000
vt 1.97071900 3.11708800
vt 1.97071900 3.17468800
vt 1.13407700 3.11653900
vt 1.85714900 3.30458300
vt 1.03228100 3.06945700
vt 1.13407700 3.30458300
vt 1.03228100 3.30458300
vt 4.33765900 2.96090400
vt 4.97322200 2.97171900
vt 4.33766700 2.97171900
vt 4.96524300 2.96086500
vt 4.96524300 2.04413500
vt 4.97322200 2.03328100
vt 4.33766700 2.04413500
vt 4.33766700 2.03328100
vt 4.30558300 0.03208333
vt 3.50350000 0.19614200
vt 3.50350000 0.03208333
vt 4.30558300 0.19614200
vt 3.50350000 0.58864300
vt 4.30558300 0.53807230
vt 4.30558300 1.32538400
vt 3.50350000 1.37763000
vt 3.50350000 1.38632700
vt 4.30558300 1.33522100
vt 4.30558300 1.38408700
vt 3.50350000 1.42829000
vt 4.30558300 1.63625000
vt 3.50350000 1.63625000
vt 2.03408300 2.85364400
vt 2.03408300 2.70111100
vt 2.83616700 2.70111100
vt 2.83616700 2.85364400
vt 2.03408300 3.97222200
vt 2.83616700 3.97222200
vt 3.70211100 1.97419400
vt 3.70211100 1.69613900
vt 4.33766700 1.69613900
vt 4.33766700 1.97419400
vt 4.97322200 2.97171900
vt 4.96524300 2.96086500
vt 4.96524300 2.04413500
vt 4.97322200 2.03328100
vt 4.30558300 0.03208333
vt 4.30558300 0.19614200
vt 4.30558300 0.53807240
vt 4.30558300 1.32538400
vt 4.30558300 1.33522100
vt 4.30558300 1.38408700
vt 4.30558300 1.63625000
vt 2.03408300 2.85364400
vt 2.03408300 2.70111100
vt 2.03408300 3.97222200
vt 3.70211100 1.97419400
vt 3.70211100 1.69613900
vt 1.03228100 3.06945700
vt 1.03228100 3.30458300
vt 1.13407700 3.30458300
vt 1.13407700 3.11653900
vt 1.03228100 3.01919500
vt 1.97071900 3.17468800
vt 1.85714900 3.30458300
vt 1.97071900 3.11708800
vt 1.13407700 3.06302000
vt 1.97071900 3.10584400
vt 1.13407700 3.05228900
vt 1.03228100 3.00908300
vt 1.97071900 2.29835300
vt 1.03228100 2.19581000
vt 1.13407700 2.20511900
vt 1.97071900 1.85152600
vt 1.13407700 1.85152600
vt 1.03228100 1.85152600
vt 1.97071900 1.70041700
vt 1.03228100 1.70041700
vt 1.13407700 1.70041700
vt 10.62860000 0.50827760
vt 10.69900000 0.66165150
vt 10.70006000 0.33731410
vt 10.61743000 0.48145260
vt 10.61743000 0.38474660
vt 10.61380000 0.37597700
vt 10.60503000 0.37234460
vt 10.61380000 0.49022220
vt 10.39610000 0.33656410
vt 10.50286000 0.37234460
vt 10.49409000 0.37597710
vt 10.49046000 0.38474660
vt 10.49046000 0.48145260
vt 10.60503000 0.49385470
vt 10.50286000 0.49385470
vt 10.39706000 0.50743490
vt 10.49409000 0.49022220
vt 10.60503000 0.52099980
vt 10.61380000 0.52463230
vt 10.61743000 0.53340200
vt 10.50286000 0.52099980
vt 10.49409000 0.52463230
vt 10.49046000 0.53340190
vt 10.42743000 0.65516000
vt 10.49046000 0.63121370
vt 10.49409000 0.63998330
vt 10.50286000 0.64361560
vt 10.60503000 0.64361560
vt 10.30369000 0.53340190
vt 10.30005000 0.52463230
vt 10.30369000 0.63121370
vt 10.30005000 0.63998330
vt 10.29128000 0.64361560
vt 10.29128000 0.52099980
vt 10.16554000 0.50827780
vt 10.18911000 0.52099980
vt 10.18034000 0.52463230
vt 10.17671000 0.53340200
vt 10.09514000 0.66165150
vt 10.17671000 0.63121370
vt 10.18034000 0.63998320
vt 10.18911000 0.64361560
vt 10.09408000 0.33731230
vt 10.18912000 0.49385470
vt 10.18035000 0.49022220
vt 10.17671000 0.48145260
vt 10.29128000 0.49385470
vt 10.30005000 0.49022220
vt 10.30369000 0.48145260
vt 10.17671000 0.38474660
vt 10.18035000 0.37597700
vt 10.18911000 0.37234460
vt 10.30369000 0.38474660
vt 10.29128000 0.37234460
vt 10.30005000 0.37597710
vt 10.61743000 0.53340200
vt 10.61605000 0.53367960
vt 10.61605000 0.63093600
vt 10.50834000 0.65748140
vt 10.61266000 0.63885010
vt 10.61380000 0.63998330
vt 10.61380000 0.52463230
vt 10.61266000 0.52576530
vt 10.60503000 0.52099980
vt 10.60475000 0.52237880
vt 10.50286000 0.52099980
vt 10.50314000 0.52237870
vt 10.49409000 0.52463230
vt 10.49522000 0.52576530
vt 10.49046000 0.53340190
vt 10.49183000 0.53367960
vt 10.49046000 0.63121370
vt 10.49183000 0.63093600
vt 10.49409000 0.63998330
vt 10.49522000 0.63885010
vt 10.50286000 0.64361560
vt 10.50314000 0.64223680
vt 10.60503000 0.64361560
vt 10.60475000 0.64223680
vt 10.50514000 0.53568440
vt 10.50114000 0.54546440
vt 10.50114000 0.61915110
vt 10.50514000 0.62893100
vt 10.51492000 0.63293400
vt 10.59296000 0.63293410
vt 10.60274000 0.62893100
vt 10.51492000 0.53168150
vt 10.60675000 0.61915110
vt 10.59296000 0.53168150
vt 10.60675000 0.54546440
vt 10.60274000 0.53568450
vt 10.51526000 0.63121370
vt 10.59263000 0.63121370
vt 10.60139000 0.62758130
vt 10.60503000 0.61881160
vt 10.60503000 0.54580390
vt 10.60139000 0.53703430
vt 10.50649000 0.62758130
vt 10.59263000 0.53340200
vt 10.50286000 0.61881160
vt 10.51526000 0.53340190
vt 10.50286000 0.54580390
vt 10.50649000 0.53703430
vt 10.50705000 0.62701630
vt 10.50360000 0.61866490
vt 10.50360000 0.54595070
vt 10.50706000 0.53759920
vt 10.51541000 0.53414000
vt 10.59248000 0.53414000
vt 10.60083000 0.53759920
vt 10.60429000 0.54595080
vt 10.60429000 0.61866490
vt 10.60083000 0.62701630
vt 10.59248000 0.63047550
vt 10.51541000 0.63047550
vt 10.61380000 0.63998330
vt 10.50834000 0.65748140
vt 10.61380000 0.49022220
vt 10.60475000 0.49247580
vt 10.60503000 0.49385470
vt 10.61266000 0.48908900
vt 10.61743000 0.48145260
vt 10.50314000 0.49247580
vt 10.50286000 0.49385470
vt 10.61605000 0.48117480
vt 10.61743000 0.38474660
vt 10.49522000 0.48908900
vt 10.49409000 0.49022220
vt 10.61605000 0.38502430
vt 10.61380000 0.37597700
vt 10.49183000 0.48117480
vt 10.49046000 0.48145260
vt 10.61266000 0.37710990
vt 10.60503000 0.37234460
vt 10.49183000 0.38502430
vt 10.49046000 0.38474660
vt 10.60475000 0.37372340
vt 10.50286000 0.37234460
vt 10.49522000 0.37711000
vt 10.49409000 0.37597710
vt 10.50313000 0.37372340
vt 10.50514000 0.47917000
vt 10.50114000 0.46939020
vt 10.50114000 0.39680910
vt 10.50514000 0.38702920
vt 10.51492000 0.38302620
vt 10.59296000 0.38302620
vt 10.51492000 0.48317300
vt 10.60275000 0.38702920
vt 10.59296000 0.48317300
vt 10.60675000 0.39680910
vt 10.60275000 0.47917000
vt 10.60675000 0.46939020
vt 10.59262000 0.38474660
vt 10.60139000 0.38837900
vt 10.60503000 0.39714870
vt 10.60503000 0.46905060
vt 10.60139000 0.47782020
vt 10.59263000 0.48145260
vt 10.51526000 0.38474660
vt 10.51526000 0.48145260
vt 10.50649000 0.38837900
vt 10.50649000 0.47782020
vt 10.50286000 0.39714870
vt 10.50286000 0.46905060
vt 10.59248000 0.48071440
vt 10.51541000 0.48071440
vt 10.50706000 0.47725520
vt 10.60083000 0.47725520
vt 10.50360000 0.46890380
vt 10.60429000 0.46890380
vt 10.50360000 0.39729540
vt 10.60429000 0.39729540
vt 10.50705000 0.38894400
vt 10.60083000 0.38894400
vt 10.51541000 0.38548480
vt 10.59248000 0.38548480
vt 10.18034000 0.63998320
vt 10.17809000 0.63093600
vt 10.17671000 0.63121370
vt 10.18148000 0.63885000
vt 10.18911000 0.64361560
vt 10.17809000 0.53367960
vt 10.17671000 0.53340200
vt 10.18939000 0.64223680
vt 10.29128000 0.64361560
vt 10.18148000 0.52576530
vt 10.18034000 0.52463230
vt 10.29101000 0.64223680
vt 10.30005000 0.63998330
vt 10.18939000 0.52237880
vt 10.18911000 0.52099980
vt 10.29101000 0.52237870
vt 10.29128000 0.52099980
vt 10.29892000 0.63885010
vt 10.30369000 0.63121370
vt 10.20118000 0.53168150
vt 10.29892000 0.52576530
vt 10.30005000 0.52463230
vt 10.30231000 0.63093600
vt 10.30369000 0.53340190
vt 10.30231000 0.53367960
vt 10.27922000 0.53168150
vt 10.28900000 0.53568440
vt 10.29300000 0.54546430
vt 10.29300000 0.61915110
vt 10.28900000 0.62893100
vt 10.27922000 0.63293410
vt 10.20118000 0.63293400
vt 10.19140000 0.62893100
vt 10.18739000 0.61915110
vt 10.18739000 0.54546440
vt 10.19140000 0.53568450
vt 10.28765000 0.62758140
vt 10.27888000 0.63121370
vt 10.20152000 0.63121370
vt 10.19275000 0.62758130
vt 10.18911000 0.61881160
vt 10.18911000 0.54580390
vt 10.19275000 0.53703430
vt 10.20152000 0.53340200
vt 10.27888000 0.53340190
vt 10.28765000 0.53703430
vt 10.29128000 0.54580390
vt 10.29128000 0.61881160
vt 10.18985000 0.54595080
vt 10.19331000 0.53759920
vt 10.20166000 0.53414000
vt 10.27874000 0.53414000
vt 10.28709000 0.53759920
vt 10.29055000 0.54595070
vt 10.29055000 0.61866490
vt 10.18985000 0.61866490
vt 10.28709000 0.62701630
vt 10.19331000 0.62701630
vt 10.27874000 0.63047550
vt 10.20166000 0.63047550
vt 10.30005000 0.49022220
vt 10.29101000 0.49247570
vt 10.29128000 0.49385470
vt 10.29892000 0.48908900
vt 10.30369000 0.48145260
vt 10.18939000 0.49247580
vt 10.18912000 0.49385470
vt 10.30231000 0.48117470
vt 10.30369000 0.38474660
vt 10.18148000 0.48908900
vt 10.18035000 0.49022220
vt 10.30231000 0.38502430
vt 10.30005000 0.37597710
vt 10.17809000 0.48117470
vt 10.17671000 0.48145260
vt 10.29892000 0.37711000
vt 10.29128000 0.37234460
vt 10.17809000 0.38502430
vt 10.17671000 0.38474660
vt 10.29101000 0.37372340
vt 10.18911000 0.37234460
vt 10.18148000 0.37711000
vt 10.18035000 0.37597700
vt 10.18939000 0.37372340
vt 10.20118000 0.38302620
vt 10.27922000 0.38302620
vt 10.28900000 0.38702910
vt 10.29300000 0.39680910
vt 10.29300000 0.46939010
vt 10.28900000 0.47916990
vt 10.27922000 0.48317300
vt 10.20118000 0.48317300
vt 10.19140000 0.47916990
vt 10.18739000 0.46939010
vt 10.18739000 0.39680910
vt 10.19140000 0.38702910
vt 10.28765000 0.47782020
vt 10.27888000 0.48145260
vt 10.20152000 0.48145260
vt 10.19275000 0.47782020
vt 10.18911000 0.46905060
vt 10.18911000 0.39714870
vt 10.19275000 0.38837900
vt 10.20152000 0.38474660
vt 10.27888000 0.38474660
vt 10.28765000 0.38837900
vt 10.29128000 0.39714870
vt 10.29128000 0.46905060
vt 10.18985000 0.39729540
vt 10.19331000 0.38894400
vt 10.20166000 0.38548480
vt 10.27874000 0.38548480
vt 10.28709000 0.38894400
vt 10.29055000 0.39729540
vt 10.29055000 0.46890380
vt 10.18985000 0.46890380
vt 10.28709000 0.47725520
vt 10.19331000 0.47725520
vt 10.27874000 0.48071440
vt 10.20166000 0.48071440
vt 0.00000000 0.00000000
vt 0.00000000 0.00000000
vt 0.00000000 0.00000000
vt 0.00000000 0.00000000
vt 0.00000000 0.00000000
vt 0.00000000 0.00000000
vt 0.00000000 0.00000000
vt 0.00000000 0.00000000
vt 0.00000000 0.00000000
vt 0.00000000 0.00000000
vt 0.00000000 0.00000000
vt 0.00000000 0.00000000
vt 0.00000000 0.00000000
vt 0.00000000 0.00000000
vt 0.00000000 0.00000000
vt 0.00000000 0.00000000
vt 0.00000000 0.00000000
vt 0.00000000 0.00000000
vt 0.00000000 0.00000000
vt 0.00000000 0.00000000
vt 0.00000000 0.00000000
vt 0.00000000 0.00000000
vt 0.00000000 0.00000000
vt 0.00000000 0.00000000
vt 0.00000000 0.00000000
vt 0.00000000 0.00000000
vt 0.00000000 0.00000000
vt 0.00000000 0.00000000
vt 0.00000000 0.00000000
vt 0.00000000 0.00000000
vt 0.00000000 0.00000000
vt 0.00000000 0.00000000
vt 0.00000000 0.00000000
vt 0.00000000 0.00000000
vt 0.00000000 0.00000000
vt 0.00000000 0.00000000
vt 0.00000000 0.00000000
vt 0.00000000 0.00000000
vt 0.00000000 0.00000000
vt 0.00000000 0.00000000
vt 0.00000000 0.00000000
vt 0.00000000 0.00000000
vt 0.00000000 0.00000000
vt 0.00000000 0.00000000
vt 0.00000000 0.00000000
vt 0.00000000 0.00000000
vt 0.00000000 0.00000000
vt 0.00000000 0.00000000
vt 0.00000000 0.00000000
vt 0.00000000 0.00000000
vt 0.00000000 0.00000000
vt 0.00000000 0.00000000
vt 0.00000000 0.00000000
vt 0.00000000 0.00000000
vt 0.00000000 0.00000000
vt 0.00000000 0.00000000
vt 0.00000000 0.00000000
vt 0.00000000 0.00000000
vt 0.00000000 0.00000000
vt 0.00000000 0.00000000
vt 0.00000000 0.00000000
vt 0.00000000 0.00000000
vt 0.00000000 0.00000000
vt 0.00000000 0.00000000
vt 0.00000000 0.00000000
vt 0.00000000 0.00000000
vt 0.00000000 0.00000000
vt 0.00000000 0.00000000
vt 0.00000000 0.00000000
vt 0.00000000 0.00000000
vt 0.00000000 0.00000000
vt 0.00000000 0.00000000
vt 0.00000000 0.00000000
vt 0.00000000 0.00000000
vt 0.00000000 0.00000000
vt 0.00000000 0.00000000
vt 0.00000000 0.00000000
vt 0.00000000 0.00000000
vt 0.00000000 0.00000000
vt 0.00000000 0.00000000
vt 0.00000000 0.00000000
vt 0.00000000 0.00000000
vt 0.00000000 0.00000000
vt 0.00000000 0.00000000
vt 0.00000000 0.00000000
vt 0.00000000 0.00000000
vt 0.00000000 0.00000000
vt 0.00000000 0.00000000
vt 0.00000000 0.00000000
vt 0.00000000 0.00000000
vt 0.00000000 0.00000000
vt 0.00000000 0.00000000
vt 0.00000000 0.00000000
vt 0.00000000 0.00000000
vt 0.00000000 0.00000000
vt 0.00000000 0.00000000
vt 0.00000000 0.00000000
vt 0.00000000 0.00000000
vt 0.00000000 0.00000000
vt 0.00000000 0.00000000
vt 0.00000000 0.00000000
vt 0.00000000 0.00000000
vt 0.00000000 0.00000000
vt 0.00000000 0.00000000
vt 0.00000000 0.00000000
vt 0.00000000 0.00000000
vt 0.00000000 0.00000000
vt 0.00000000 0.00000000
vt 0.00000000 0.00000000
vt 0.00000000 0.00000000
vt 0.00000000 0.00000000
vt 0.00000000 0.00000000
vt 0.00000000 0.00000000
vt 0.00000000 0.00000000
vt 0.00000000 0.00000000
vt 0.00000000 0.00000000
vt 0.00000000 0.00000000
vt 0.00000000 0.00000000
vt 0.00000000 0.00000000
vt 0.00000000 0.00000000
vt 0.00000000 0.00000000
vt 0.00000000 0.00000000
vt 0.00000000 0.00000000
vt 0.00000000 0.00000000
vt 0.00000000 0.00000000
vt 0.00000000 0.00000000
vt 0.00000000 0.00000000
vt 0.00000000 0.00000000
vt 0.00000000 0.00000000
vt 0.00000000 0.00000000
vt 0.00000000 0.00000000
vt 0.00000000 0.00000000
vt 0.00000000 0.00000000
vt 0.00000000 0.00000000
vt 0.00000000 0.00000000
vt 0.00000000 0.00000000
vt 0.00000000 0.00000000
vt 0.00000000 0.00000000
vt 0.00000000 0.00000000
vt 0.00000000 0.00000000
vt 0.00000000 0.00000000
vt 0.00000000 0.00000000
vt 0.00000000 0.00000000
vt 0.00000000 0.00000000
vt 0.00000000 0.00000000
vt 0.00000000 0.00000000
vt 0.00000000 0.00000000
vt 0.00000000 0.00000000
vt 0.00000000 0.00000000
vt 0.00000000 0.00000000
vt 0.00000000 0.00000000
vt 0.00000000 0.00000000
vt 0.00000000 0.00000000
vt 0.00000000 0.00000000
vt 0.00000000 0.00000000
vt 0.00000000 0.00000000
vt 0.00000000 0.00000000
vt 0.00000000 0.00000000
vt 0.00000000 0.00000000
vt 0.00000000 0.00000000
vt 0.00000000 0.00000000
vt 0.00000000 0.00000000
vt 0.00000000 0.00000000
vt 0.00000000 0.00000000
vt 0.00000000 0.00000000
vt 0.00000000 0.00000000
vt 0.00000000 0.00000000
vt 0.00000000 0.00000000
vt 0.00000000 0.00000000
vt 0.00000000 0.00000000
vt 0.00000000 0.00000000
vt 0.00000000 0.00000000
vt 0.00000000 0.00000000
vt 0.00000000 0.00000000
vt 0.00000000 0.00000000
vt 0.00000000 0.00000000
vt 0.00000000 0.00000000
vt 0.00000000 0.00000000
vt 0.00000000 0.00000000
vt 0.00000000 0.00000000
vt 0.00000000 0.00000000
vt 0.00000000 0.00000000
vt 0.00000000 0.00000000
vt 0.00000000 0.00000000
vt 0.00000000 0.00000000
vt 0.00000000 0.00000000
vt 0.00000000 0.00000000
vt 0.00000000 0.00000000
vt 0.00000000 0.00000000
vt 0.00000000 0.00000000
vt 0.00000000 0.00000000
vt 0.00000000 0.00000000
vt 0.00000000 0.00000000
vt 0.00000000 0.00000000
vt 0.00000000 0.00000000
vt 0.00000000 0.00000000
vt 0.00000000 0.00000000
vt 0.00000000 0.00000000
vt 0.00000000 0.00000000
vt 0.00000000 0.00000000
vt 0.00000000 0.00000000
vt 0.00000000 0.00000000
vt 0.00000000 0.00000000
vt 0.00000000 0.00000000
vt 0.00000000 0.00000000
vt 0.00000000 0.00000000
vt 0.00000000 0.00000000
vt 0.00000000 0.00000000
vt 0.00000000 0.00000000
vt 0.00000000 0.00000000
vt 0.00000000 0.00000000
vt 0.00000000 0.00000000
vt 0.00000000 0.00000000
vt 0.00000000 0.00000000
vt 0.00000000 0.00000000
vt 0.00000000 0.00000000
vt 0.00000000 0.00000000
vt 0.00000000 0.00000000
vt 0.00000000 0.00000000
vt 0.00000000 0.00000000
vt 0.00000000 0.00000000
vt 0.00000000 0.00000000
vt 0.00000000 0.00000000
vt 0.00000000 0.00000000
vt 0.00000000 0.00000000
vt 0.00000000 0.00000000
vt 0.00000000 0.00000000
vt 0.00000000 0.00000000
vt 0.00000000 0.00000000
vt 0.00000000 0.00000000
vt 0.00000000 0.00000000
vt 0.00000000 0.00000000
vt 0.00000000 0.00000000
vt 0.00000000 0.00000000
vt 0.00000000 0.00000000
vt 0.00000000 0.00000000
vt 0.00000000 0.00000000
vt 0.00000000 0.00000000
vt 0.00000000 0.00000000
vt 0.00000000 0.00000000
vt 0.00000000 0.00000000
vt 0.00000000 0.00000000
vt 0.00000000 0.00000000
vt 0.00000000 0.00000000
vt 0.00000000 0.00000000
vt 0.00000000 0.00000000
vt 0.00000000 0.00000000
vt 0.00000000 0.00000000
vt 0.00000000 0.00000000
vt 0.00000000 0.00000000
vt 0.00000000 0.00000000
vt 0.00000000 0.00000000
vt 0.00000000 0.00000000
vt 0.00000000 0.00000000
vt 0.00000000 0.00000000
vt 0.00000000 0.00000000
vt 0.00000000 0.00000000
vt 0.00000000 0.00000000
vt 0.00000000 0.00000000
vt 0.00000000 0.00000000
vt 0.00000000 0.00000000
vt 0.00000000 0.00000000
vt 0.00000000 0.00000000
vt 0.00000000 0.00000000
vt 0.00000000 0.00000000
vt 0.00000000 0.00000000
vt 0.00000000 0.00000000
vt 0.00000000 0.00000000
vt 0.00000000 0.00000000
vt 0.00000000 0.00000000
vt 0.00000000 0.00000000
vt 0.00000000 0.00000000
vt 0.00000000 0.00000000
vt 0.00000000 0.00000000
vt 0.00000000 0.00000000
vt 0.00000000 0.00000000
vt 0.00000000 0.00000000
vt 0.00000000 0.00000000
vt 0.00000000 0.00000000
vt 0.00000000 0.00000000
vt 0.00000000 0.00000000
vt 0.00000000 0.00000000
vt 0.00000000 0.00000000
vt 0.00000000 0.00000000
vt 0.00000000 0.00000000
vt 0.00000000 0.00000000
vt 0.00000000 0.00000000
vt 0.00000000 0.00000000
vt 0.00000000 0.00000000
vt 0.00000000 0.00000000
vt 0.00000000 0.00000000
vt 0.00000000 0.00000000
vt 0.00000000 0.00000000
vt 0.00000000 0.00000000
vt 0.00000000 0.00000000
vt 0.00000000 0.00000000
vt 0.00000000 0.00000000
vt 0.00000000 0.00000000
vt 0.00000000 0.00000000
vt 0.00000000 0.00000000
vt 0.00000000 0.00000000
vt 0.00000000 0.00000000
vt 0.00000000 0.00000000
vt 0.00000000 0.00000000
vt 0.00000000 0.00000000
vt 0.00000000 0.00000000
vt 0.00000000 0.00000000
vt 0.00000000 0.00000000
vt 0.00000000 0.00000000
vt 0.00000000 0.00000000
vt 0.00000000 0.00000000
vt 0.00000000 0.00000000
vt 0.00000000 0.00000000
vt 0.00000000 0.00000000
vt 0.00000000 0.00000000
vt 0.00000000 0.00000000
vt 0.00000000 0.00000000
vt 0.00000000 0.00000000
vt 0.00000000 0.00000000
vt 0.00000000 0.00000000
vt 0.00000000 0.00000000
vt 0.00000000 0.00000000
vt 0.00000000 0.00000000
vt 0.00000000 0.00000000
vt 0.00000000 0.00000000
vt 0.00000000 0.00000000
vt 0.00000000 0.00000000
vt 0.00000000 0.00000000
vt 0.00000000 0.00000000
vt 0.00000000 0.00000000
vt 0.00000000 0.00000000
vt 0.00000000 0.00000000
vt 0.00000000 0.00000000
vt 0.00000000 0.00000000
vt 0.00000000 0.00000000
vt 0.00000000 0.00000000
vt 0.00000000 0.00000000
vt 0.00000000 0.00000000
vt 0.00000000 0.00000000
vt 0.00000000 0.00000000
vt 0.00000000 0.00000000
vt 0.00000000 0.00000000
vt 0.00000000 0.00000000
vt 0.00000000 0.00000000
vt 0.00000000 0.00000000
vt 0.00000000 0.00000000
vt 0.00000000 0.00000000
vt 0.00000000 0.00000000
vt 0.00000000 0.00000000
vt 0.00000000 0.00000000
vt 0.00000000 0.00000000
vt 0.00000000 0.00000000
vt 0.00000000 0.00000000
vt 0.00000000 0.00000000
vt 0.00000000 0.00000000
vt 0.00000000 0.00000000
vt 0.00000000 0.00000000
vt 0.00000000 0.00000000
vt 0.00000000 0.00000000
vt 0.00000000 0.00000000
vt 0.00000000 0.00000000
vt 0.00000000 0.00000000
vt 0.00000000 0.00000000
vt 0.00000000 0.00000000
vt 0.00000000 0.00000000
vt 0.00000000 0.00000000
vt 0.00000000 0.00000000
vt 0.00000000 0.00000000
vt 0.00000000 0.00000000
vt 0.00000000 0.00000000
vt 0.00000000 0.00000000
vt 0.00000000 0.00000000
vt 0.00000000 0.00000000
vt 0.00000000 0.00000000
vt 0.00000000 0.00000000
vt 0.00000000 0.00000000
vt 0.00000000 0.00000000
vt 0.00000000 0.00000000
vt 0.00000000 0.00000000
vt 0.00000000 0.00000000
vt 0.00000000 0.00000000
vt 0.00000000 0.00000000
vt 0.00000000 0.00000000
vt 0.00000000 0.00000000
vt 0.00000000 0.00000000
vt 0.00000000 0.00000000
vt 0.00000000 0.00000000
vt 0.00000000 0.00000000
vt 0.00000000 0.00000000
vt 0.00000000 0.00000000
vt 0.00000000 0.00000000
vt 0.00000000 0.00000000
vt 0.00000000 0.00000000
vt 0.00000000 0.00000000
vt 0.00000000 0.00000000
vt 0.00000000 0.00000000
vt 0.00000000 0.00000000
vt 0.00000000 0.00000000
vt 0.00000000 0.00000000
vt 0.00000000 0.00000000
vt 0.00000000 0.00000000
vt 0.00000000 0.00000000
vt 0.00000000 0.00000000
vt 0.00000000 0.00000000
vt 0.00000000 0.00000000
vt 0.00000000 0.00000000
vt 0.00000000 0.00000000
vt 0.00000000 0.00000000
f 3/3/3 2/2/2 1/1/1
f 2/2/2 4/4/4 1/1/1
f 5/5/5 1/1/1 4/4/4
f 6/6/6 5/5/5 4/4/4
f 6/6/6 4/4/4 7/7/7
f 8/8/8 6/6/6 7/7/7
f 5/5/5 9/9/9 1/1/1
f 9/9/9 10/10/10 1/1/1
f 8/8/8 7/7/7 11/11/11
f 12/12/12 8/8/8 11/11/11
f 13/13/13 10/10/10 9/9/9
f 14/14/14 13/13/13 9/9/9
f 12/12/12 11/11/11 15/15/15
f 11/11/11 16/16/16 15/15/15
f 14/14/14 17/17/17 13/13/13
f 17/17/17 18/18/18 13/13/13
f 16/16/16 19/19/19 15/15/15
f 19/19/19 20/20/20 15/15/15
f 21/21/21 18/18/18 17/17/17
f 22/22/22 21/21/21 17/17/17
f 22/22/22 23/23/23 21/21/21
f 23/23/23 24/24/24 21/21/21
f 23/23/23 25/25/25 24/24/24
f 25/25/25 26/26/26 24/24/24
f 25/25/25 27/27/27 26/26/26
f 27/27/27 28/28/28 26/26/26
f 28/28/28 27/27/27 29/29/29
f 30/30/30 28/28/28 29/29/29
f 29/29/29 31/31/31 30/30/30
f 31/31/31 32/32/32 30/30/30
f 33/33/33 20/20/20 19/19/19
f 31/31/31 33/33/33 32/32/32
f 34/34/34 33/33/33 19/19/19
f 33/33/33 34/34/34 32/32/32
f 37/37/37 36/36/36 35/35/35
f 36/36/36 38/38/38 35/35/35
f 38/38/38 39/39/39 35/35/35
f 39/39/39 40/40/40 35/35/35
f 41/41/41 40/40/40 39/39/39
f 42/42/42 41/41/41 39/39/39
f 45/45/45 44/44/44 43/43/43
f 46/46/46 45/45/45 43/43/43
f 49/49/49 48/48/48 47/47/47
f 48/48/48 50/50/50 47/47/47
f 50/50/50 51/51/51 47/47/47
f 51/51/51 52/52/52 47/47/47
f 53/53/53 52/52/52 51/51/51
f 54/54/54 53/53/53 51/51/51
f 57/57/57 56/56/56 55/55/55
f 58/58/58 57/57/57 55/55/55
f 61/61/61 60/60/60 59/59/59
f 62/62/62 61/61/61 59/59/59
f 65/65/65 64/64/64 63/63/63
f 66/66/66 65/65/65 63/63/63
f 69/69/69 68/68/68 67/67/67
f 70/70/70 69/69/69 67/67/67
f 73/73/73 72/72/72 71/71/71
f 74/74/74 73/73/73 71/71/71
f 77/77/77 76/76/76 75/75/75
f 78/78/78 77/77/77 75/75/75
f 80/80/80 79/79/79 71/71/71
f 81/81/81 80/80/80 71/71/71
f 83/83/83 82/82/82 72/72/72
f 84/84/84 83/83/83 72/72/72
f 87/87/87 86/86/86 85/85/85
f 88/88/88 87/87/87 85/85/85
f 87/87/87 90/90/90 89/89/89
f 86/86/86 87/87/87 89/89/89
f 93/93/93 92/92/92 91/91/91
f 94/94/94 93/93/93 91/91/91
f 97/97/97 96/96/96 95/95/95
f 98/98/98 97/97/97 95/95/95
f 99/99/99 98/98/98 95/95/95
f 100/100/100 99/99/99 95/95/95
f 103/103/103 102/102/102 101/101/101
f 102/102/102 104/104/104 101/101/101
f 104/104/104 102/102/102 105/105/105
f 102/102/102 106/106/106 105/105/105
f 109/109/109 108/108/108 107/107/107
f 110/110/110 109/109/109 107/107/107
f 113/113/113 112/112/112 111/111/111
f 114/114/114 113/113/113 111/111/111
f 117/117/117 116/116/116 115/115/115
f 118/118/118 117/117/117 115/115/115
f 119/119/119 118/118/118 115/115/115
f 122/122/122 121/121/121 120/120/120
f 123/123/123 122/122/122 120/120/120
f 126/126/126 125/125/125 124/124/124
f 125/125/125 127/127/127 124/124/124
f 125/125/125 128/128/128 127/127/127
f 128/128/128 129/129/129 127/127/127
f 82/82/82 129/129/129 128/128/128
f 130/130/130 82/82/82 128/128/128
f 133/133/133 132/132/132 131/131/131
f 132/132/132 134/134/134 131/131/131
f 132/132/132 135/135/135 134/134/134
f 135/135/135 136/136/136 134/134/134
f 137/137/137 136/136/136 135/135/135
f 138/138/138 137/137/137 135/135/135
f 141/141/141 140/140/140 139/139/139
f 142/142/142 141/141/141 139/139/139
f 145/145/145 144/144/144 143/143/143
f 144/144/144 146/146/146 143/143/143
f 144/144/144 147/147/147 146/146/146
f 150/150/150 149/149/149 148/148/148
f 151/151/151 150/150/150 148/148/148
f 152/152/152 151/151/151 148/148/148
f 153/153/153 152/152/152 148/148/148
f 156/156/156 155/155/155 154/154/154
f 157/157/157 156/156/156 154/154/154
f 160/160/160 159/159/159 158/158/158
f 159/159/159 161/161/161 158/158/158
f 161/161/161 159/159/159 162/162/162
f 159/159/159 163/163/163 162/162/162
f 166/166/166 165/165/165 164/164/164
f 167/167/167 164/164/164 165/165/165
f 168/168/168 167/167/167 165/165/165
f 168/168/168 169/169/169 167/167/167
f 172/172/172 171/171/171 170/170/170
f 173/173/173 172/172/172 170/170/170
f 173/173/173 170/170/170 174/174/174
f 175/175/175 173/173/173 174/174/174
f 173/173/173 175/175/175 176/176/176
f 172/172/172 173/173/173 177/177/177
f 177/177/177 173/173/173 176/176/176
f 178/178/178 172/172/172 177/177/177
f 175/175/175 179/179/179 176/176/176
f 179/179/179 180/180/180 176/176/176
f 179/179/179 181/181/181 180/180/180
f 181/181/181 182/182/182 180/180/180
f 181/181/181 179/179/179 183/183/183
f 184/184/184 181/181/181 183/183/183
f 183/183/183 179/179/179 174/174/174
f 179/179/179 175/175/175 174/174/174
f 187/187/187 186/186/186 185/185/185
f 188/188/188 187/187/187 185/185/185
f 187/187/187 188/188/188 189/189/189
f 190/190/190 187/187/187 189/189/189
f 189/189/189 188/188/188 191/191/191
f 188/188/188 185/185/185 192/192/192
f 188/188/188 192/192/192 191/191/191
f 185/185/185 193/193/193 192/192/192
f 178/178/178 191/191/191 192/192/192
f 192/192/192 193/193/193 194/194/194
f 195/195/195 178/178/178 192/192/192
f 195/195/195 192/192/192 194/194/194
f 198/198/198 197/197/197 196/196/196
f 199/199/199 198/198/198 196/196/196
f 196/196/196 200/200/200 199/199/199
f 200/200/200 201/201/201 199/199/199
f 202/202/202 200/200/200 196/196/196
f 203/203/203 202/202/202 196/196/196
f 199/199/199 201/201/201 204/204/204
f 205/205/205 199/199/199 204/204/204
f 203/203/203 206/206/206 202/202/202
f 206/206/206 207/207/207 202/202/202
f 205/205/205 204/204/204 208/208/208
f 204/204/204 209/209/209 208/208/208
f 210/210/210 207/207/207 206/206/206
f 211/211/211 210/210/210 206/206/206
f 208/208/208 209/209/209 212/212/212
f 213/213/213 208/208/208 212/212/212
f 211/211/211 214/214/214 210/210/210
f 214/214/214 215/215/215 210/210/210
f 216/216/216 215/215/215 214/214/214
f 217/217/217 216/216/216 214/214/214
f 218/218/218 216/216/216 217/217/217
f 219/219/219 218/218/218 217/217/217
f 220/220/220 213/213/213 212/212/212
f 221/221/221 220/220/220 212/212/212
f 222/222/222 218/218/218 219/219/219
f 223/223/223 222/222/222 219/219/219
f 221/221/221 224/224/224 220/220/220
f 224/224/224 225/225/225 220/220/220
f 225/225/225 224/224/224 226/226/226
f 224/224/224 227/227/227 226/226/226
f 222/222/222 223/223/223 228/228/228
f 226/226/226 227/227/227 228/228/228
f 229/229/229 222/222/222 228/228/228
f 227/227/227 229/229/229 228/228/228
f 36/36/36 37/37/37 230/230/230
f 231/231/231 36/36/36 230/230/230
f 230/230/230 232/232/232 231/231/231
f 232/232/232 233/233/233 231/231/231
f 232/232/232 41/41/41 233/233/233
f 41/41/41 42/42/42 233/233/233
f 234/234/234 46/46/46 43/43/43
f 235/235/235 234/234/234 43/43/43
f 48/48/48 49/49/49 236/236/236
f 237/237/237 48/48/48 236/236/236
f 238/238/238 237/237/237 236/236/236
f 239/239/239 238/238/238 236/236/236
f 239/239/239 53/53/53 238/238/238
f 53/53/53 54/54/54 238/238/238
f 57/57/57 58/58/58 240/240/240
f 241/241/241 57/57/57 240/240/240
f 61/61/61 62/62/62 242/242/242
f 243/243/243 61/61/61 242/242/242
f 65/65/65 66/66/66 244/244/244
f 245/245/245 65/65/65 244/244/244
f 246/246/246 70/70/70 67/67/67
f 247/247/247 246/246/246 67/67/67
f 73/73/73 249/249/249 248/248/248
f 72/72/72 73/73/73 248/248/248
f 77/77/77 251/251/251 250/250/250
f 76/76/76 77/77/77 250/250/250
f 253/253/253 252/252/252 248/248/248
f 254/254/254 253/253/253 248/248/248
f 255/255/255 84/84/84 72/72/72
f 256/256/256 255/255/255 72/72/72
f 259/259/259 258/258/258 257/257/257
f 260/260/260 259/259/259 257/257/257
f 261/261/261 110/110/110 107/107/107
f 262/262/262 261/261/261 107/107/107
f 113/113/113 264/264/264 263/263/263
f 112/112/112 113/113/113 263/263/263
f 116/116/116 117/117/117 265/265/265
f 117/117/117 266/266/266 265/265/265
f 266/266/266 267/267/267 265/265/265
f 269/269/269 268/268/268 120/120/120
f 121/121/121 269/269/269 120/120/120
f 272/272/272 271/271/271 270/270/270
f 273/273/273 272/272/272 270/270/270
f 274/274/274 272/272/272 273/273/273
f 275/275/275 274/274/274 273/273/273
f 275/275/275 256/256/256 274/274/274
f 256/256/256 276/276/276 274/274/274
f 279/279/279 278/278/278 277/277/277
f 280/280/280 279/279/279 277/277/277
f 281/281/281 279/279/279 280/280/280
f 282/282/282 281/281/281 280/280/280
f 282/282/282 283/283/283 281/281/281
f 283/283/283 284/284/284 281/281/281
f 285/285/285 142/142/142 139/139/139
f 286/286/286 285/285/285 139/139/139
f 287/287/287 145/145/145 143/143/143
f 288/288/288 287/287/287 143/143/143
f 289/289/289 287/287/287 288/288/288
f 292/292/292 291/291/291 290/290/290
f 293/293/293 292/292/292 290/290/290
f 296/296/296 295/295/295 294/294/294
f 294/294/294 297/297/297 296/296/296
f 297/297/297 298/298/298 296/296/296
f 299/299/299 298/298/298 297/297/297
f 302/302/302 301/301/301 300/300/300
f 303/303/303 302/302/302 300/300/300
f 303/303/303 300/300/300 304/304/304
f 300/300/300 305/305/305 304/304/304
f 306/306/306 305/305/305 300/300/300
f 307/307/307 306/306/306 300/300/300
f 307/307/307 300/300/300 301/301/301
f 308/308/308 307/307/307 301/301/301
f 309/309/309 308/308/308 301/301/301
f 310/310/310 309/309/309 301/301/301
f 301/301/301 302/302/302 310/310/310
f 190/190/190 309/309/309 310/310/310
f 302/302/302 311/311/311 310/310/310
f 312/312/312 190/190/190 310/310/310
f 310/310/310 311/311/311 313/313/313
f 312/312/312 310/310/310 313/313/313
f 316/316/316 315/315/315 314/314/314
f 315/315/315 317/317/317 314/314/314
f 317/317/317 315/315/315 318/318/318
f 315/315/315 306/306/306 318/318/318
f 317/317/317 318/318/318 319/319/319
f 314/314/314 317/317/317 320/320/320
f 320/320/320 317/317/317 319/319/319
f 321/321/321 314/314/314 320/320/320
f 319/319/319 182/182/182 320/320/320
f 321/321/321 320/320/320 322/322/322
f 182/182/182 323/323/323 320/320/320
f 320/320/320 323/323/323 322/322/322
f 326/326/326 325/325/325 324/324/324
f 327/327/327 326/326/326 324/324/324
f 328/328/328 326/326/326 327/327/327
f 327/327/327 324/324/324 329/329/329
f 330/330/330 328/328/328 327/327/327
f 328/328/328 330/330/330 331/331/331
f 330/330/330 332/332/332 331/331/331
f 333/333/333 327/327/327 329/329/329
f 327/327/327 333/333/333 330/330/330
f 330/330/330 334/334/334 332/332/332
f 333/333/333 334/334/334 330/330/330
f 334/334/334 335/335/335 332/332/332
f 335/335/335 334/334/334 336/336/336
f 334/334/334 337/337/337 336/336/336
f 334/334/334 333/333/333 337/337/337
f 336/336/336 337/337/337 338/338/338
f 337/337/337 339/339/339 338/338/338
f 340/340/340 333/333/333 329/329/329
f 333/333/333 340/340/340 337/337/337
f 339/339/339 337/337/337 340/340/340
f 341/341/341 340/340/340 329/329/329
f 342/342/342 339/339/339 340/340/340
f 342/342/342 340/340/340 341/341/341
f 343/343/343 342/342/342 341/341/341
f 328/328/328 331/331/331 344/344/344
f 345/345/345 328/328/328 344/344/344
f 345/345/345 344/344/344 346/346/346
f 328/328/328 345/345/345 326/326/326
f 347/347/347 345/345/345 346/346/346
f 345/345/345 348/348/348 326/326/326
f 345/345/345 347/347/347 348/348/348
f 326/326/326 348/348/348 325/325/325
f 347/347/347 349/349/349 348/348/348
f 348/348/348 350/350/350 325/325/325
f 348/348/348 349/349/349 350/350/350
f 349/349/349 351/351/351 350/350/350
f 354/354/354 353/353/353 352/352/352
f 355/355/355 354/354/354 352/352/352
f 338/338/338 339/339/339 356/356/356
f 339/339/339 357/357/357 356/356/356
f 356/356/356 357/357/357 358/358/358
f 357/357/357 339/339/339 342/342/342
f 357/357/357 359/359/359 358/358/358
f 360/360/360 357/357/357 342/342/342
f 359/359/359 357/357/357 360/360/360
f 360/360/360 342/342/342 343/343/343
f 361/361/361 359/359/359 360/360/360
f 362/362/362 360/360/360 343/343/343
f 361/361/361 360/360/360 362/362/362
f 363/363/363 361/361/361 362/362/362
f 366/366/366 365/365/365 364/364/364
f 367/367/367 366/366/366 364/364/364
f 370/370/370 369/369/369 368/368/368
f 371/371/371 370/370/370 368/368/368
f 372/372/372 370/370/370 371/371/371
f 371/371/371 368/368/368 373/373/373
f 374/374/374 372/372/372 371/371/371
f 372/372/372 374/374/374 375/375/375
f 374/374/374 376/376/376 375/375/375
f 377/377/377 371/371/371 373/373/373
f 371/371/371 377/377/377 374/374/374
f 374/374/374 378/378/378 376/376/376
f 377/377/377 378/378/378 374/374/374
f 378/378/378 379/379/379 376/376/376
f 379/379/379 378/378/378 380/380/380
f 378/378/378 381/381/381 380/380/380
f 378/378/378 377/377/377 381/381/381
f 380/380/380 381/381/381 382/382/382
f 381/381/381 383/383/383 382/382/382
f 384/384/384 377/377/377 373/373/373
f 377/377/377 384/384/384 381/381/381
f 383/383/383 381/381/381 384/384/384
f 385/385/385 384/384/384 373/373/373
f 386/386/386 383/383/383 384/384/384
f 386/386/386 384/384/384 385/385/385
f 387/387/387 386/386/386 385/385/385
f 372/372/372 375/375/375 388/388/388
f 389/389/389 372/372/372 388/388/388
f 389/389/389 388/388/388 390/390/390
f 372/372/372 389/389/389 370/370/370
f 391/391/391 389/389/389 390/390/390
f 389/389/389 392/392/392 370/370/370
f 389/389/389 391/391/391 392/392/392
f 370/370/370 392/392/392 369/369/369
f 391/391/391 393/393/393 392/392/392
f 392/392/392 394/394/394 369/369/369
f 392/392/392 393/393/393 394/394/394
f 393/393/393 395/395/395 394/394/394
f 398/398/398 397/397/397 396/396/396
f 399/399/399 398/398/398 396/396/396
f 382/382/382 383/383/383 400/400/400
f 383/383/383 401/401/401 400/400/400
f 400/400/400 401/401/401 402/402/402
f 401/401/401 383/383/383 386/386/386
f 401/401/401 403/403/403 402/402/402
f 404/404/404 401/401/401 386/386/386
f 403/403/403 401/401/401 404/404/404
f 404/404/404 386/386/386 387/387/387
f 405/405/405 403/403/403 404/404/404
f 406/406/406 404/404/404 387/387/387
f 405/405/405 404/404/404 406/406/406
f 407/407/407 405/405/405 406/406/406
f 410/410/410 409/409/409 408/408/408
f 411/411/411 410/410/410 408/408/408
f 177/177/177 413/413/413 412/412/412
f 413/413/413 180/180/180 412/412/412
f 414/414/414 177/177/177 412/412/412
f 178/178/178 177/177/177 414/414/414
f 191/191/191 178/178/178 414/414/414
f 189/189/189 191/191/191 414/414/414
f 180/180/180 415/415/415 412/412/412
f 180/180/180 182/182/182 415/415/415
f 182/182/182 319/319/319 415/415/415
f 319/319/319 318/318/318 415/415/415
f 416/416/416 189/189/189 414/414/414
f 190/190/190 189/189/189 416/416/416
f 309/309/309 190/190/190 416/416/416
f 309/309/309 416/416/416 417/417/417
f 414/414/414 412/412/412 418/418/418
f 416/416/416 414/414/414 418/418/418
f 412/412/412 415/415/415 418/418/418
f 416/416/416 418/418/418 417/417/417
f 318/318/318 419/419/419 415/415/415
f 415/415/415 419/419/419 418/418/418
f 418/418/418 419/419/419 417/417/417
f 318/318/318 306/306/306 419/419/419
f 419/419/419 307/307/307 417/417/417
f 306/306/306 307/307/307 419/419/419
f 422/422/422 421/421/421 420/420/420
f 421/421/421 423/423/423 420/420/420
f 421/421/421 424/424/424 423/423/423
f 424/424/424 425/425/425 423/423/423
f 420/420/420 423/423/423 426/426/426
f 425/425/425 427/427/427 423/423/423
f 423/423/423 428/428/428 426/426/426
f 427/427/427 428/428/428 423/423/423
f 426/426/426 428/428/428 429/429/429
f 428/428/428 430/430/430 429/429/429
f 428/428/428 427/427/427 431/431/431
f 427/427/427 432/432/432 431/431/431
f 431/431/431 432/432/432 433/433/433
f 434/434/434 431/431/431 433/433/433
f 431/431/431 434/434/434 435/435/435
f 429/429/429 431/431/431 435/435/435
f 435/435/435 434/434/434 436/436/436
f 437/437/437 434/434/434 433/433/433
f 434/434/434 437/437/437 436/436/436
f 436/436/436 437/437/437 438/438/438
f 439/439/439 437/437/437 433/433/433
f 437/437/437 440/440/440 438/438/438
f 440/440/440 437/437/437 439/439/439
f 441/441/441 440/440/440 439/439/439
f 444/444/444 443/443/443 442/442/442
f 443/443/443 445/445/445 442/442/442
f 445/445/445 443/443/443 446/446/446
f 443/443/443 447/447/447 446/446/446
f 448/448/448 446/446/446 447/447/447
f 449/449/449 448/448/448 447/447/447
f 452/452/452 451/451/451 450/450/450
f 451/451/451 453/453/453 450/450/450
f 451/451/451 454/454/454 453/453/453
f 454/454/454 455/455/455 453/453/453
f 455/455/455 454/454/454 456/456/456
f 454/454/454 457/457/457 456/456/456
f 456/456/456 457/457/457 458/458/458
f 459/459/459 456/456/456 458/458/458
f 460/460/460 459/459/459 458/458/458
f 461/461/461 460/460/460 458/458/458
f 462/462/462 460/460/460 461/461/461
f 463/463/463 462/462/462 461/461/461
f 466/466/466 465/465/465 464/464/464
f 467/467/467 466/466/466 464/464/464
f 467/467/467 464/464/464 468/468/468
f 469/469/469 467/467/467 468/468/468
f 472/472/472 471/471/471 470/470/470
f 473/473/473 472/472/472 470/470/470
f 474/474/474 444/444/444 442/442/442
f 475/475/475 474/474/474 442/442/442
f 475/475/475 476/476/476 474/474/474
f 476/476/476 477/477/477 474/474/474
f 476/476/476 448/448/448 477/477/477
f 448/448/448 449/449/449 477/477/477
f 451/451/451 452/452/452 478/478/478
f 479/479/479 451/451/451 478/478/478
f 454/454/454 451/451/451 479/479/479
f 480/480/480 454/454/454 479/479/479
f 454/454/454 480/480/480 481/481/481
f 457/457/457 454/454/454 481/481/481
f 457/457/457 481/481/481 458/458/458
f 481/481/481 482/482/482 458/458/458
f 482/482/482 483/483/483 458/458/458
f 483/483/483 461/461/461 458/458/458
f 483/483/483 484/484/484 461/461/461
f 484/484/484 463/463/463 461/461/461
f 486/486/486 466/466/466 485/485/485
f 466/466/466 467/467/467 485/485/485
f 485/485/485 467/467/467 469/469/469
f 487/487/487 485/485/485 469/469/469
f 472/472/472 473/473/473 488/488/488
f 489/489/489 472/472/472 488/488/488
f 492/492/492 491/491/491 490/490/490
f 493/493/493 492/492/492 490/490/490
f 493/493/493 490/490/490 494/494/494
f 492/492/492 493/493/493 495/495/495
f 496/496/496 492/492/492 495/495/495
f 495/495/495 493/493/493 497/497/497
f 493/493/493 498/498/498 497/497/497
f 498/498/498 493/493/493 494/494/494
f 497/497/497 498/498/498 499/499/499
f 500/500/500 498/498/498 494/494/494
f 498/498/498 500/500/500 499/499/499
f 501/501/501 500/500/500 494/494/494
f 499/499/499 500/500/500 502/502/502
f 501/501/501 503/503/503 500/500/500
f 500/500/500 504/504/504 502/502/502
f 503/503/503 504/504/504 500/500/500
f 502/502/502 504/504/504 505/505/505
f 504/504/504 503/503/503 506/506/506
f 504/504/504 506/506/506 505/505/505
f 503/503/503 507/507/507 506/506/506
f 505/505/505 506/506/506 508/508/508
f 507/507/507 509/509/509 506/506/506
f 506/506/506 510/510/510 508/508/508
f 509/509/509 510/510/510 506/506/506
f 513/513/513 512/512/512 511/511/511
f 511/511/511 514/514/514 513/513/513
f 514/514/514 515/515/515 513/513/513
f 515/515/515 516/516/516 513/513/513
f 516/516/516 517/517/517 513/513/513
f 511/511/511 518/518/518 514/514/514
f 519/519/519 513/513/513 517/517/517
f 520/520/520 519/519/519 517/517/517
f 521/521/521 519/519/519 520/520/520
f 521/521/521 522/522/522 519/519/519
f 522/522/522 523/523/523 519/519/519
f 524/524/524 518/518/518 511/511/511
f 525/525/525 524/524/524 511/511/511
f 523/523/523 526/526/526 519/519/519
f 526/526/526 525/525/525 511/511/511
f 523/523/523 527/527/527 526/526/526
f 527/527/527 525/525/525 526/526/526
f 526/526/526 511/511/511 528/528/528
f 529/529/529 528/528/528 511/511/511
f 530/530/530 529/529/529 511/511/511
f 531/531/531 526/526/526 528/528/528
f 532/532/532 526/526/526 531/531/531
f 532/532/532 533/533/533 526/526/526
f 526/526/526 533/533/533 534/534/534
f 533/533/533 535/535/535 534/534/534
f 535/535/535 536/536/536 534/534/534
f 536/536/536 537/537/537 534/534/534
f 537/537/537 538/538/538 534/534/534
f 538/538/538 446/446/446 534/534/534
f 539/539/539 526/526/526 534/534/534
f 539/539/539 540/540/540 526/526/526
f 541/541/541 539/539/539 534/534/534
f 542/542/542 541/541/541 534/534/534
f 542/542/542 534/534/534 543/543/543
f 540/540/540 544/544/544 526/526/526
f 526/526/526 544/544/544 545/545/545
f 544/544/544 546/546/546 545/545/545
f 546/546/546 547/547/547 545/545/545
f 547/547/547 548/548/548 545/545/545
f 545/545/545 548/548/548 549/549/549
f 548/548/548 550/550/550 549/549/549
f 549/549/549 550/550/550 551/551/551
f 549/549/549 551/551/551 552/552/552
f 549/549/549 552/552/552 448/448/448
f 552/552/552 543/543/543 448/448/448
f 545/545/545 549/549/549 553/553/553
f 526/526/526 545/545/545 554/554/554
f 555/555/555 554/554/554 545/545/545
f 556/556/556 555/555/555 545/545/545
f 556/556/556 545/545/545 553/553/553
f 557/557/557 526/526/526 554/554/554
f 558/558/558 526/526/526 557/557/557
f 558/558/558 559/559/559 526/526/526
f 560/560/560 556/556/556 553/553/553
f 561/561/561 560/560/560 553/553/553
f 562/562/562 561/561/561 553/553/553
f 526/526/526 559/559/559 519/519/519
f 562/562/562 553/553/553 519/519/519
f 559/559/559 563/563/563 519/519/519
f 564/564/564 562/562/562 519/519/519
f 563/563/563 565/565/565 519/519/519
f 565/565/565 564/564/564 519/519/519
f 568/568/568 567/567/567 566/566/566
f 569/569/569 568/568/568 566/566/566
f 570/570/570 568/568/568 569/569/569
f 571/571/571 570/570/570 569/569/569
f 566/566/566 567/567/567 572/572/572
f 567/567/567 573/573/573 572/572/572
f 572/572/572 573/573/573 574/574/574
f 573/573/573 575/575/575 574/574/574
f 574/574/574 575/575/575 576/576/576
f 575/575/575 577/577/577 576/576/576
f 576/576/576 577/577/577 578/578/578
f 577/577/577 579/579/579 578/578/578
f 578/578/578 579/579/579 580/580/580
f 579/579/579 581/581/581 580/580/580
f 580/580/580 581/581/581 582/582/582
f 581/581/581 583/583/583 582/582/582
f 582/582/582 583/583/583 584/584/584
f 583/583/583 585/585/585 584/584/584
f 584/584/584 585/585/585 586/586/586
f 585/585/585 587/587/587 586/586/586
f 586/586/586 587/587/587 588/588/588
f 587/587/587 589/589/589 588/588/588
f 588/588/588 589/589/589 571/571/571
f 589/589/589 570/570/570 571/571/571
f 579/579/579 577/577/577 590/590/590
f 581/581/581 579/579/579 591/591/591
f 579/579/579 590/590/590 591/591/591
f 592/592/592 583/583/583 581/581/581
f 591/591/591 592/592/592 581/581/581
f 585/585/585 583/583/583 593/593/593
f 583/583/583 592/592/592 593/593/593
f 587/587/587 585/585/585 594/594/594
f 585/585/585 593/593/593 594/594/594
f 595/595/595 589/589/589 587/587/587
f 594/594/594 595/595/595 587/587/587
f 596/596/596 570/570/570 589/589/589
f 595/595/595 596/596/596 589/589/589
f 577/577/577 597/597/597 590/590/590
f 597/597/597 577/577/577 575/575/575
f 596/596/596 598/598/598 570/570/570
f 598/598/598 568/568/568 570/570/570
f 599/599/599 597/597/597 575/575/575
f 575/575/575 573/573/573 599/599/599
f 598/598/598 600/600/600 568/568/568
f 600/600/600 567/567/567 568/568/568
f 573/573/573 567/567/567 601/601/601
f 573/573/573 601/601/601 599/599/599
f 567/567/567 600/600/600 601/601/601
f 595/595/595 594/594/594 602/602/602
f 596/596/596 595/595/595 603/603/603
f 603/603/603 595/595/595 602/602/602
f 598/598/598 596/596/596 604/604/604
f 604/604/604 596/596/596 603/603/603
f 600/600/600 598/598/598 605/605/605
f 605/605/605 598/598/598 604/604/604
f 601/601/601 600/600/600 606/606/606
f 606/606/606 600/600/600 605/605/605
f 599/599/599 601/601/601 607/607/607
f 607/607/607 601/601/601 606/606/606
f 602/602/602 594/594/594 608/608/608
f 594/594/594 593/593/593 608/608/608
f 609/609/609 599/599/599 607/607/607
f 597/597/597 599/599/599 609/609/609
f 608/608/608 593/593/593 610/610/610
f 593/593/593 592/592/592 610/610/610
f 611/611/611 597/597/597 609/609/609
f 590/590/590 597/597/597 611/611/611
f 610/610/610 592/592/592 612/612/612
f 592/592/592 591/591/591 612/612/612
f 591/591/591 590/590/590 613/613/613
f 613/613/613 590/590/590 611/611/611
f 612/612/612 591/591/591 613/613/613
f 608/608/608 614/614/614 602/602/602
f 610/610/610 615/615/615 608/608/608
f 615/615/615 614/614/614 608/608/608
f 612/612/612 616/616/616 610/610/610
f 616/616/616 615/615/615 610/610/610
f 613/613/613 617/617/617 612/612/612
f 617/617/617 616/616/616 612/612/612
f 611/611/611 618/618/618 613/613/613
f 618/618/618 617/617/617 613/613/613
f 609/609/609 619/619/619 611/611/611
f 619/619/619 618/618/618 611/611/611
f 620/620/620 619/619/619 609/609/609
f 618/618/618 619/619/619 620/620/620
f 617/617/617 618/618/618 620/620/620
f 607/607/607 620/620/620 609/609/609
f 617/617/617 620/620/620 621/621/621
f 621/621/621 620/620/620 607/607/607
f 616/616/616 617/617/617 621/621/621
f 606/606/606 621/621/621 607/607/607
f 616/616/616 621/621/621 622/622/622
f 622/622/622 621/621/621 606/606/606
f 615/615/615 616/616/616 622/622/622
f 605/605/605 622/622/622 606/606/606
f 615/615/615 622/622/622 623/623/623
f 623/623/623 622/622/622 605/605/605
f 604/604/604 623/623/623 605/605/605
f 614/614/614 615/615/615 623/623/623
f 624/624/624 623/623/623 604/604/604
f 614/614/614 623/623/623 624/624/624
f 603/603/603 624/624/624 604/604/604
f 624/624/624 625/625/625 614/614/614
f 625/625/625 624/624/624 603/603/603
f 614/614/614 625/625/625 602/602/602
f 602/602/602 625/625/625 603/603/603
f 538/538/538 626/626/626 446/446/446
f 626/626/626 627/627/627 446/446/446
f 446/446/446 627/627/627 530/530/530
f 511/511/511 446/446/446 530/530/530
f 630/630/630 629/629/629 628/628/628
f 629/629/629 631/631/631 628/628/628
f 628/628/628 631/631/631 632/632/632
f 633/633/633 629/629/629 630/630/630
f 634/634/634 633/633/633 630/630/630
f 631/631/631 635/635/635 632/632/632
f 632/632/632 635/635/635 636/636/636
f 637/637/637 633/633/633 634/634/634
f 638/638/638 637/637/637 634/634/634
f 635/635/635 639/639/639 636/636/636
f 636/636/636 639/639/639 640/640/640
f 641/641/641 637/637/637 638/638/638
f 642/642/642 641/641/641 638/638/638
f 639/639/639 643/643/643 640/640/640
f 640/640/640 643/643/643 644/644/644
f 645/645/645 641/641/641 642/642/642
f 646/646/646 645/645/645 642/642/642
f 643/643/643 647/647/647 644/644/644
f 644/644/644 647/647/647 648/648/648
f 649/649/649 645/645/645 646/646/646
f 650/650/650 649/649/649 646/646/646
f 648/648/648 651/651/651 650/650/650
f 647/647/647 651/651/651 648/648/648
f 651/651/651 649/649/649 650/650/650
f 637/637/637 641/641/641 652/652/652
f 653/653/653 641/641/641 645/645/645
f 641/641/641 653/653/653 652/652/652
f 654/654/654 645/645/645 649/649/649
f 654/654/654 653/653/653 645/645/645
f 655/655/655 649/649/649 651/651/651
f 655/655/655 654/654/654 649/649/649
f 656/656/656 651/651/651 647/647/647
f 656/656/656 655/655/655 651/651/651
f 647/647/647 643/643/643 657/657/657
f 657/657/657 656/656/656 647/647/647
f 637/637/637 652/652/652 658/658/658
f 633/633/633 637/637/637 658/658/658
f 643/643/643 659/659/659 657/657/657
f 643/643/643 639/639/639 659/659/659
f 658/658/658 660/660/660 633/633/633
f 660/660/660 629/629/629 633/633/633
f 639/639/639 661/661/661 659/659/659
f 661/661/661 639/639/639 635/635/635
f 629/629/629 660/660/660 662/662/662
f 631/631/631 629/629/629 662/662/662
f 635/635/635 631/631/631 663/663/663
f 663/663/663 661/661/661 635/635/635
f 631/631/631 662/662/662 663/663/663
f 656/656/656 657/657/657 664/664/664
f 657/657/657 659/659/659 665/665/665
f 664/664/664 657/657/657 665/665/665
f 659/659/659 661/661/661 666/666/666
f 665/665/665 659/659/659 666/666/666
f 661/661/661 663/663/663 667/667/667
f 666/666/666 661/661/661 667/667/667
f 663/663/663 662/662/662 668/668/668
f 667/667/667 663/663/663 668/668/668
f 662/662/662 660/660/660 669/669/669
f 668/668/668 662/662/662 669/669/669
f 670/670/670 656/656/656 664/664/664
f 655/655/655 656/656/656 670/670/670
f 669/669/669 660/660/660 671/671/671
f 660/660/660 658/658/658 671/671/671
f 672/672/672 655/655/655 670/670/670
f 654/654/654 655/655/655 672/672/672
f 671/671/671 658/658/658 673/673/673
f 658/658/658 652/652/652 673/673/673
f 674/674/674 654/654/654 672/672/672
f 653/653/653 654/654/654 674/674/674
f 652/652/652 653/653/653 675/675/675
f 673/673/673 652/652/652 675/675/675
f 675/675/675 653/653/653 674/674/674
f 669/669/669 676/676/676 668/668/668
f 671/671/671 677/677/677 669/669/669
f 677/677/677 676/676/676 669/669/669
f 678/678/678 677/677/677 671/671/671
f 673/673/673 678/678/678 671/671/671
f 676/676/676 677/677/677 678/678/678
f 676/676/676 679/679/679 668/668/668
f 678/678/678 679/679/679 676/676/676
f 668/668/668 679/679/679 667/667/667
f 680/680/680 678/678/678 673/673/673
f 675/675/675 680/680/680 673/673/673
f 678/678/678 680/680/680 679/679/679
f 679/679/679 681/681/681 667/667/667
f 680/680/680 681/681/681 679/679/679
f 667/667/667 681/681/681 666/666/666
f 682/682/682 680/680/680 675/675/675
f 674/674/674 682/682/682 675/675/675
f 680/680/680 682/682/682 681/681/681
f 681/681/681 683/683/683 666/666/666
f 682/682/682 683/683/683 681/681/681
f 666/666/666 683/683/683 665/665/665
f 684/684/684 682/682/682 674/674/674
f 682/682/682 684/684/684 683/683/683
f 672/672/672 684/684/684 674/674/674
f 683/683/683 685/685/685 665/665/665
f 684/684/684 685/685/685 683/683/683
f 665/665/665 685/685/685 664/664/664
f 686/686/686 684/684/684 672/672/672
f 684/684/684 686/686/686 685/685/685
f 670/670/670 686/686/686 672/672/672
f 664/664/664 687/687/687 670/670/670
f 685/685/685 687/687/687 664/664/664
f 686/686/686 687/687/687 685/685/685
f 687/687/687 686/686/686 670/670/670
f 690/690/690 689/689/689 688/688/688
f 689/689/689 691/691/691 688/688/688
f 688/688/688 691/691/691 692/692/692
f 693/693/693 689/689/689 690/690/690
f 694/694/694 693/693/693 690/690/690
f 691/691/691 695/695/695 692/692/692
f 692/692/692 695/695/695 696/696/696
f 697/697/697 693/693/693 694/694/694
f 698/698/698 697/697/697 694/694/694
f 695/695/695 699/699/699 696/696/696
f 696/696/696 699/699/699 700/700/700
f 701/701/701 697/697/697 698/698/698
f 702/702/702 701/701/701 698/698/698
f 703/703/703 701/701/701 702/702/702
f 704/704/704 703/703/703 702/702/702
f 699/699/699 705/705/705 700/700/700
f 700/700/700 705/705/705 706/706/706
f 701/701/701 707/707/707 697/697/697
f 707/707/707 701/701/701 703/703/703
f 708/708/708 703/703/703 704/704/704
f 709/709/709 708/708/708 704/704/704
f 705/705/705 710/710/710 706/706/706
f 706/706/706 710/710/710 711/711/711
f 711/711/711 712/712/712 709/709/709
f 712/712/712 708/708/708 709/709/709
f 710/710/710 712/712/712 711/711/711
f 703/703/703 708/708/708 713/713/713
f 713/713/713 707/707/707 703/703/703
f 708/708/708 712/712/712 714/714/714
f 708/708/708 714/714/714 713/713/713
f 715/715/715 712/712/712 710/710/710
f 712/712/712 715/715/715 714/714/714
f 716/716/716 710/710/710 705/705/705
f 716/716/716 715/715/715 710/710/710
f 717/717/717 716/716/716 705/705/705
f 717/717/717 705/705/705 699/699/699
f 718/718/718 717/717/717 699/699/699
f 718/718/718 699/699/699 695/695/695
f 719/719/719 718/718/718 695/695/695
f 719/719/719 695/695/695 691/691/691
f 720/720/720 719/719/719 691/691/691
f 691/691/691 689/689/689 720/720/720
f 689/689/689 721/721/721 720/720/720
f 721/721/721 689/689/689 693/693/693
f 722/722/722 721/721/721 693/693/693
f 693/693/693 697/697/697 722/722/722
f 697/697/697 723/723/723 722/722/722
f 707/707/707 723/723/723 697/697/697
f 716/716/716 717/717/717 724/724/724
f 717/717/717 718/718/718 725/725/725
f 724/724/724 717/717/717 725/725/725
f 718/718/718 719/719/719 726/726/726
f 725/725/725 718/718/718 726/726/726
f 719/719/719 720/720/720 727/727/727
f 726/726/726 719/719/719 727/727/727
f 720/720/720 721/721/721 728/728/728
f 727/727/727 720/720/720 728/728/728
f 721/721/721 722/722/722 729/729/729
f 728/728/728 721/721/721 729/729/729
f 722/722/722 723/723/723 730/730/730
f 729/729/729 722/722/722 730/730/730
f 723/723/723 707/707/707 731/731/731
f 730/730/730 723/723/723 731/731/731
f 731/731/731 707/707/707 732/732/732
f 707/707/707 713/713/713 732/732/732
f 732/732/732 713/713/713 733/733/733
f 713/713/713 714/714/714 733/733/733
f 733/733/733 714/714/714 734/734/734
f 714/714/714 715/715/715 734/734/734
f 734/734/734 715/715/715 735/735/735
f 715/715/715 716/716/716 735/735/735
f 735/735/735 716/716/716 724/724/724
f 729/729/729 736/736/736 728/728/728
f 730/730/730 737/737/737 729/729/729
f 737/737/737 736/736/736 729/729/729
f 731/731/731 738/738/738 730/730/730
f 738/738/738 737/737/737 730/730/730
f 732/732/732 739/739/739 731/731/731
f 739/739/739 738/738/738 731/731/731
f 740/740/740 739/739/739 732/732/732
f 738/738/738 739/739/739 740/740/740
f 737/737/737 738/738/738 740/740/740
f 733/733/733 740/740/740 732/732/732
f 737/737/737 740/740/740 741/741/741
f 741/741/741 740/740/740 733/733/733
f 736/736/736 737/737/737 741/741/741
f 734/734/734 741/741/741 733/733/733
f 742/742/742 741/741/741 734/734/734
f 735/735/735 742/742/742 734/734/734
f 736/736/736 741/741/741 742/742/742
f 736/736/736 743/743/743 728/728/728
f 743/743/743 736/736/736 742/742/742
f 728/728/728 743/743/743 727/727/727
f 744/744/744 742/742/742 735/735/735
f 743/743/743 742/742/742 744/744/744
f 724/724/724 744/744/744 735/735/735
f 743/743/743 745/745/745 727/727/727
f 745/745/745 743/743/743 744/744/744
f 727/727/727 745/745/745 726/726/726
f 746/746/746 744/744/744 724/724/724
f 745/745/745 744/744/744 746/746/746
f 725/725/725 746/746/746 724/724/724
f 726/726/726 747/747/747 725/725/725
f 745/745/745 747/747/747 726/726/726
f 746/746/746 747/747/747 745/745/745
f 747/747/747 746/746/746 725/725/725
f 750/750/750 749/749/749 748/748/748
f 749/749/749 751/751/751 748/748/748
f 748/748/748 751/751/751 752/752/752
f 753/753/753 749/749/749 750/750/750
f 754/754/754 753/753/753 750/750/750
f 751/751/751 755/755/755 752/752/752
f 752/752/752 755/755/755 756/756/756
f 757/757/757 753/753/753 754/754/754
f 758/758/758 757/757/757 754/754/754
f 755/755/755 759/759/759 756/756/756
f 756/756/756 759/759/759 760/760/760
f 761/761/761 757/757/757 758/758/758
f 762/762/762 761/761/761 758/758/758
f 759/759/759 763/763/763 760/760/760
f 760/760/760 763/763/763 764/764/764
f 765/765/765 761/761/761 762/762/762
f 766/766/766 765/765/765 762/762/762
f 763/763/763 767/767/767 764/764/764
f 764/764/764 767/767/767 768/768/768
f 769/769/769 765/765/765 766/766/766
f 770/770/770 769/769/769 766/766/766
f 768/768/768 771/771/771 770/770/770
f 767/767/767 771/771/771 768/768/768
f 771/771/771 769/769/769 770/770/770
f 772/772/772 771/771/771 767/767/767
f 771/771/771 772/772/772 769/769/769
f 767/767/767 763/763/763 773/773/773
f 773/773/773 772/772/772 767/767/767
f 763/763/763 759/759/759 774/774/774
f 763/763/763 774/774/774 773/773/773
f 759/759/759 775/775/775 774/774/774
f 775/775/775 759/759/759 755/755/755
f 776/776/776 775/775/775 755/755/755
f 755/755/755 751/751/751 776/776/776
f 751/751/751 777/777/777 776/776/776
f 751/751/751 749/749/749 777/777/777
f 749/749/749 778/778/778 777/777/777
f 778/778/778 749/749/749 753/753/753
f 779/779/779 778/778/778 753/753/753
f 779/779/779 753/753/753 757/757/757
f 780/780/780 779/779/779 757/757/757
f 757/757/757 761/761/761 780/780/780
f 761/761/761 781/781/781 780/780/780
f 781/781/781 761/761/761 765/765/765
f 782/782/782 781/781/781 765/765/765
f 782/782/782 765/765/765 769/769/769
f 783/783/783 782/782/782 769/769/769
f 772/772/772 783/783/783 769/769/769
f 776/776/776 777/777/777 784/784/784
f 777/777/777 778/778/778 785/785/785
f 784/784/784 777/777/777 785/785/785
f 778/778/778 779/779/779 786/786/786
f 785/785/785 778/778/778 786/786/786
f 779/779/779 780/780/780 787/787/787
f 786/786/786 779/779/779 787/787/787
f 780/780/780 781/781/781 788/788/788
f 787/787/787 780/780/780 788/788/788
f 781/781/781 782/782/782 789/789/789
f 788/788/788 781/781/781 789/789/789
f 782/782/782 783/783/783 790/790/790
f 789/789/789 782/782/782 790/790/790
f 783/783/783 772/772/772 791/791/791
f 790/790/790 783/783/783 791/791/791
f 791/791/791 772/772/772 792/792/792
f 772/772/772 773/773/773 792/792/792
f 792/792/792 773/773/773 793/793/793
f 773/773/773 774/774/774 793/793/793
f 793/793/793 774/774/774 794/794/794
f 774/774/774 775/775/775 794/794/794
f 794/794/794 775/775/775 795/795/795
f 775/775/775 776/776/776 795/795/795
f 795/795/795 776/776/776 784/784/784
f 789/789/789 796/796/796 788/788/788
f 790/790/790 797/797/797 789/789/789
f 797/797/797 796/796/796 789/789/789
f 791/791/791 798/798/798 790/790/790
f 798/798/798 797/797/797 790/790/790
f 792/792/792 799/799/799 791/791/791
f 799/799/799 798/798/798 791/791/791
f 800/800/800 799/799/799 792/792/792
f 798/798/798 799/799/799 800/800/800
f 797/797/797 798/798/798 800/800/800
f 793/793/793 800/800/800 792/792/792
f 797/797/797 800/800/800 801/801/801
f 801/801/801 800/800/800 793/793/793
f 796/796/796 797/797/797 801/801/801
f 794/794/794 801/801/801 793/793/793
f 802/802/802 801/801/801 794/794/794
f 795/795/795 802/802/802 794/794/794
f 796/796/796 801/801/801 802/802/802
f 796/796/796 803/803/803 788/788/788
f 803/803/803 796/796/796 802/802/802
f 788/788/788 803/803/803 787/787/787
f 804/804/804 802/802/802 795/795/795
f 803/803/803 802/802/802 804/804/804
f 784/784/784 804/804/804 795/795/795
f 803/803/803 805/805/805 787/787/787
f 805/805/805 803/803/803 804/804/804
f 787/787/787 805/805/805 786/786/786
f 806/806/806 804/804/804 784/784/784
f 805/805/805 804/804/804 806/806/806
f 785/785/785 806/806/806 784/784/784
f 786/786/786 807/807/807 785/785/785
f 805/805/805 807/807/807 786/786/786
f 806/806/806 807/807/807 805/805/805
f 807/807/807 806/806/806 785/785/785
f 810/810/810 809/809/809 808/808/808
f 811/811/811 810/810/810 808/808/808
f 811/811/811 808/808/808 812/812/812
f 813/813/813 811/811/811 812/812/812
f 813/813/813 814/814/814 811/811/811
f 811/811/811 815/815/815 810/810/810
f 814/814/814 815/815/815 811/811/811
f 815/815/815 816/816/816 810/810/810
f 816/816/816 815/815/815 817/817/817
f 815/815/815 814/814/814 818/818/818
f 815/815/815 818/818/818 817/817/817
f 814/814/814 819/819/819 818/818/818
f 818/818/818 819/819/819 820/820/820
f 821/821/821 818/818/818 820/820/820
f 817/817/817 818/818/818 821/821/821
f 822/822/822 817/817/817 821/821/821
f 825/825/825 824/824/824 823/823/823
f 826/826/826 825/825/825 823/823/823
f 826/826/826 823/823/823 827/827/827
f 828/828/828 825/825/825 826/826/826
f 829/829/829 826/826/826 827/827/827
f 830/830/830 828/828/828 826/826/826
f 830/830/830 826/826/826 829/829/829
f 831/831/831 830/830/830 829/829/829
f 832/832/832 828/828/828 830/830/830
f 833/833/833 830/830/830 831/831/831
f 833/833/833 832/832/832 830/830/830
f 834/834/834 833/833/833 831/831/831
f 833/833/833 834/834/834 835/835/835
f 832/832/832 833/833/833 836/836/836
f 836/836/836 833/833/833 835/835/835
f 837/837/837 832/832/832 836/836/836
f 838/838/838 837/837/837 836/836/836
f 839/839/839 836/836/836 835/835/835
f 839/839/839 838/838/838 836/836/836
f 840/840/840 839/839/839 835/835/835
f 841/841/841 838/838/838 839/839/839
f 842/842/842 839/839/839 840/840/840
f 842/842/842 841/841/841 839/839/839
f 809/809/809 841/841/841 842/842/842
f 843/843/843 842/842/842 840/840/840
f 808/808/808 809/809/809 842/842/842
f 808/808/808 842/842/842 843/843/843
f 812/812/812 808/808/808 843/843/843
f 846/846/846 845/845/845 844/844/844
f 845/845/845 847/847/847 844/844/844
f 845/845/845 848/848/848 847/847/847
f 844/844/844 847/847/847 849/849/849
f 848/848/848 850/850/850 847/847/847
f 847/847/847 851/851/851 849/849/849
f 847/847/847 850/850/850 851/851/851
f 850/850/850 852/852/852 851/851/851
f 849/849/849 851/851/851 853/853/853
f 851/851/851 852/852/852 854/854/854
f 851/851/851 854/854/854 853/853/853
f 852/852/852 855/855/855 854/854/854
f 855/855/855 856/856/856 854/854/854
f 854/854/854 857/857/857 853/853/853
f 856/856/856 857/857/857 854/854/854
f 857/857/857 858/858/858 853/853/853
f 858/858/858 857/857/857 859/859/859
f 857/857/857 856/856/856 860/860/860
f 857/857/857 860/860/860 859/859/859
f 856/856/856 861/861/861 860/860/860
f 859/859/859 860/860/860 862/862/862
f 860/860/860 861/861/861 863/863/863
f 860/860/860 863/863/863 862/862/862
f 862/862/862 863/863/863 864/864/864
f 861/861/861 865/865/865 863/863/863
f 863/863/863 866/866/866 864/864/864
f 863/863/863 865/865/865 866/866/866
f 865/865/865 867/867/867 866/866/866
f 864/864/864 866/866/866 868/868/868
f 866/866/866 869/869/869 868/868/868
f 866/866/866 867/867/867 869/869/869
f 867/867/867 870/870/870 869/869/869
f 870/870/870 871/871/871 869/869/869
f 869/869/869 872/872/872 868/868/868
f 871/871/871 872/872/872 869/869/869
f 872/872/872 873/873/873 868/868/868
f 873/873/873 872/872/872 874/874/874
f 872/872/872 871/871/871 875/875/875
f 872/872/872 875/875/875 874/874/874
f 871/871/871 876/876/876 875/875/875
f 876/876/876 877/877/877 875/875/875
f 877/877/877 878/878/878 875/875/875
f 875/875/875 878/878/878 874/874/874
f 878/878/878 879/879/879 874/874/874
f 880/880/880 848/848/848 845/845/845
f 881/881/881 880/880/880 845/845/845
f 881/881/881 845/845/845 846/846/846
f 882/882/882 881/881/881 846/846/846
f 882/882/882 883/883/883 881/881/881
f 881/881/881 884/884/884 880/880/880
f 883/883/883 884/884/884 881/881/881
f 884/884/884 885/885/885 880/880/880
f 885/885/885 884/884/884 886/886/886
f 884/884/884 883/883/883 887/887/887
f 884/884/884 887/887/887 886/886/886
f 883/883/883 888/888/888 887/887/887
f 887/887/887 888/888/888 889/889/889
f 890/890/890 887/887/887 889/889/889
f 886/886/886 887/887/887 890/890/890
f 891/891/891 886/886/886 890/890/890
f 827/827/827 823/823/823 892/892/892
f 823/823/823 893/893/893 892/892/892
f 823/823/823 824/824/824 893/893/893
f 824/824/824 894/894/894 893/893/893
f 894/894/894 895/895/895 893/893/893
f 893/893/893 896/896/896 892/892/892
f 895/895/895 896/896/896 893/893/893
f 896/896/896 897/897/897 892/892/892
f 897/897/897 896/896/896 898/898/898
f 896/896/896 895/895/895 899/899/899
f 896/896/896 899/899/899 898/898/898
f 895/895/895 900/900/900 899/899/899
f 900/900/900 901/901/901 899/899/899
f 901/901/901 902/902/902 899/899/899
f 899/899/899 902/902/902 898/898/898
f 902/902/902 903/903/903 898/898/898
f 901/901/901 904/904/904 902/902/902
f 904/904/904 905/905/905 902/902/902
f 902/902/902 905/905/905 903/903/903
f 904/904/904 906/906/906 905/905/905
f 905/905/905 907/907/907 903/903/903
f 906/906/906 908/908/908 905/905/905
f 905/905/905 908/908/908 907/907/907
f 908/908/908 909/909/909 907/907/907
f 906/906/906 910/910/910 908/908/908
f 908/908/908 911/911/911 909/909/909
f 910/910/910 911/911/911 908/908/908
f 911/911/911 912/912/912 909/909/909
f 912/912/912 911/911/911 913/913/913
f 911/911/911 910/910/910 914/914/914
f 911/911/911 914/914/914 913/913/913
f 910/910/910 915/915/915 914/914/914
f 915/915/915 916/916/916 914/914/914
f 914/914/914 917/917/917 913/913/913
f 916/916/916 917/917/917 914/914/914
f 917/917/917 918/918/918 913/913/913
f 916/916/916 919/919/919 917/917/917
f 917/917/917 920/920/920 918/918/918
f 919/919/919 920/920/920 917/917/917
f 919/919/919 822/822/822 920/920/920
f 920/920/920 921/921/921 918/918/918
f 822/822/822 821/821/821 920/920/920
f 920/920/920 821/821/821 921/921/921
f 821/821/821 820/820/820 921/921/921
f 890/890/890 889/889/889 922/922/922
f 923/923/923 890/890/890 922/922/922
f 891/891/891 890/890/890 923/923/923
f 923/923/923 922/922/922 924/924/924
f 925/925/925 891/891/891 923/923/923
f 926/926/926 923/923/923 924/924/924
f 925/925/925 923/923/923 926/926/926
f 927/927/927 925/925/925 926/926/926
f 926/926/926 924/924/924 928/928/928
f 927/927/927 926/926/926 929/929/929
f 929/929/929 926/926/926 928/928/928
f 930/930/930 927/927/927 929/929/929
f 931/931/931 930/930/930 929/929/929
f 932/932/932 929/929/929 928/928/928
f 932/932/932 931/931/931 929/929/929
f 933/933/933 932/932/932 928/928/928
f 932/932/932 933/933/933 934/934/934
f 931/931/931 932/932/932 935/935/935
f 935/935/935 932/932/932 934/934/934
f 936/936/936 931/931/931 935/935/935
f 935/935/935 934/934/934 937/937/937
f 936/936/936 935/935/935 938/938/938
f 938/938/938 935/935/935 937/937/937
f 938/938/938 937/937/937 879/879/879
f 939/939/939 936/936/936 938/938/938
f 878/878/878 938/938/938 879/879/879
f 939/939/939 938/938/938 878/878/878
f 877/877/877 939/939/939 878/878/878
f 942/942/942 941/941/941 940/940/940
f 943/943/943 942/942/942 940/940/940
f 944/944/944 942/942/942 943/943/943
f 945/945/945 944/944/944 943/943/943
f 948/948/948 947/947/947 946/946/946
f 949/949/949 948/948/948 946/946/946
f 949/949/949 950/950/950 948/948/948
f 950/950/950 951/951/951 948/948/948
f 952/952/952 951/951/951 950/950/950
f 953/953/953 952/952/952 950/950/950
f 956/956/956 955/955/955 954/954/954
f 957/957/957 956/956/956 954/954/954
f 960/960/960 959/959/959 958/958/958
f 961/961/961 960/960/960 958/958/958
f 964/964/964 963/963/963 962/962/962
f 965/965/965 964/964/964 962/962/962
f 964/964/964 965/965/965 966/966/966
f 967/967/967 964/964/964 966/966/966
f 968/968/968 967/967/967 966/966/966
f 969/969/969 968/968/968 966/966/966
f 972/972/972 971/971/971 970/970/970
f 973/973/973 972/972/972 970/970/970
f 976/976/976 975/975/975 974/974/974
f 977/977/977 976/976/976 974/974/974
f 980/980/980 979/979/979 978/978/978
f 981/981/981 980/980/980 978/978/978
f 982/982/982 980/980/980 981/981/981
f 983/983/983 982/982/982 981/981/981
f 984/984/984 982/982/982 983/983/983
f 985/985/985 984/984/984 983/983/983
f 988/988/988 987/987/987 986/986/986
f 989/989/989 988/988/988 986/986/986
f 992/992/992 991/991/991 990/990/990
f 993/993/993 992/992/992 990/990/990
f 996/996/996 995/995/995 994/994/994
f 997/997/997 996/996/996 994/994/994
f 998/998/998 996/996/996 997/997/997
f 999/999/999 998/998/998 997/997/997
f 1000/1000/1000 998/998/998 999/999/999
f 1001/1001/1001 1000/1000/1000 999/999/999
f 1004/1004/1004 1003/1003/1003 1002/1002/1002
f 1003/1003/1003 1005/1005/1005 1002/1002/1002
f 1003/1003/1003 1006/1006/1006 1005/1005/1005
f 1006/1006/1006 1007/1007/1007 1005/1005/1005
f 1010/1010/1010 1009/1009/1009 1008/1008/1008
f 1009/1009/1009 1011/1011/1011 1008/1008/1008
f 1012/1012/1012 1011/1011/1011 1009/1009/1009
f 1013/1013/1013 1012/1012/1012 1009/1009/1009
f 1013/1013/1013 1014/1014/1014 1012/1012/1012
f 1014/1014/1014 1015/1015/1015 1012/1012/1012
f 1018/1018/1018 1017/1017/1017 1016/1016/1016
f 1019/1019/1019 1018/1018/1018 1016/1016/1016
f 1022/1022/1022 1021/1021/1021 1020/1020/1020
f 1023/1023/1023 1022/1022/1022 1020/1020/1020
f 1026/1026/1026 1025/1025/1025 1024/1024/1024
f 1025/1025/1025 1027/1027/1027 1024/1024/1024
f 1027/1027/1027 1025/1025/1025 1028/1028/1028
f 1025/1025/1025 1029/1029/1029 1028/1028/1028
f 1029/1029/1029 1030/1030/1030 1028/1028/1028
f 1030/1030/1030 1031/1031/1031 1028/1028/1028
f 1034/1034/1034 1033/1033/1033 1032/1032/1032
f 1035/1035/1035 1034/1034/1034 1032/1032/1032
f 1038/1038/1038 1037/1037/1037 1036/1036/1036
f 1039/1039/1039 1038/1038/1038 1036/1036/1036
f 1042/1042/1042 1041/1041/1041 1040/1040/1040
f 1041/1041/1041 1043/1043/1043 1040/1040/1040
f 1041/1041/1041 1044/1044/1044 1043/1043/1043
f 1044/1044/1044 1045/1045/1045 1043/1043/1043
f 1044/1044/1044 1046/1046/1046 1045/1045/1045
f 1046/1046/1046 1047/1047/1047 1045/1045/1045
f 1050/1050/1050 1049/1049/1049 1048/1048/1048
f 1051/1051/1051 1050/1050/1050 1048/1048/1048
f 1054/1054/1054 1053/1053/1053 1052/1052/1052
f 1055/1055/1055 1054/1054/1054 1052/1052/1052
f 1058/1058/1058 1057/1057/1057 1056/1056/1056
f 1057/1057/1057 1059/1059/1059 1056/1056/1056
f 1057/1057/1057 1060/1060/1060 1059/1059/1059
f 1060/1060/1060 1061/1061/1061 1059/1059/1059
f 1060/1060/1060 1062/1062/1062 1061/1061/1061
f 1062/1062/1062 1063/1063/1063 1061/1061/1061
f 816/816/816 1065/1065/1065 1064/1064/1064
f 1065/1065/1065 816/816/816 1066/1066/1066
f 810/810/810 816/816/816 1064/1064/1064
f 816/816/816 817/817/817 1066/1066/1066
f 810/810/810 1064/1064/1064 809/809/809
f 1066/1066/1066 817/817/817 822/822/822
f 1064/1064/1064 1067/1067/1067 809/809/809
f 1068/1068/1068 1066/1066/1066 822/822/822
f 809/809/809 1067/1067/1067 841/841/841
f 1068/1068/1068 822/822/822 919/919/919
f 1067/1067/1067 1069/1069/1069 841/841/841
f 1070/1070/1070 1068/1068/1068 919/919/919
f 841/841/841 1069/1069/1069 838/838/838
f 1070/1070/1070 919/919/919 916/916/916
f 1069/1069/1069 1071/1071/1071 838/838/838
f 1072/1072/1072 1070/1070/1070 916/916/916
f 838/838/838 1071/1071/1071 837/837/837
f 1071/1071/1071 1073/1073/1073 837/837/837
f 1072/1072/1072 916/916/916 915/915/915
f 1074/1074/1074 1072/1072/1072 915/915/915
f 1073/1073/1073 1075/1075/1075 837/837/837
f 1075/1075/1075 832/832/832 837/837/837
f 832/832/832 1075/1075/1075 828/828/828
f 1075/1075/1075 1076/1076/1076 828/828/828
f 828/828/828 1076/1076/1076 825/825/825
f 1076/1076/1076 1077/1077/1077 825/825/825
f 825/825/825 1077/1077/1077 824/824/824
f 1077/1077/1077 1078/1078/1078 824/824/824
f 1079/1079/1079 1074/1074/1074 915/915/915
f 910/910/910 1079/1079/1079 915/915/915
f 1079/1079/1079 910/910/910 906/906/906
f 1080/1080/1080 1079/1079/1079 906/906/906
f 1080/1080/1080 906/906/906 904/904/904
f 1081/1081/1081 1080/1080/1080 904/904/904
f 1081/1081/1081 904/904/904 901/901/901
f 1082/1082/1082 1081/1081/1081 901/901/901
f 824/824/824 1078/1078/1078 894/894/894
f 1078/1078/1078 1083/1083/1083 894/894/894
f 1082/1082/1082 901/901/901 900/900/900
f 1084/1084/1084 1082/1082/1082 900/900/900
f 1083/1083/1083 1085/1085/1085 894/894/894
f 1085/1085/1085 1084/1084/1084 900/900/900
f 1085/1085/1085 895/895/895 894/894/894
f 895/895/895 1085/1085/1085 900/900/900
f 1086/1086/1086 883/883/883 882/882/882
f 883/883/883 1086/1086/1086 888/888/888
f 1087/1087/1087 1086/1086/1086 882/882/882
f 1086/1086/1086 1088/1088/1088 888/888/888
f 1087/1087/1087 882/882/882 1089/1089/1089
f 888/888/888 1088/1088/1088 1090/1090/1090
f 882/882/882 846/846/846 1089/1089/1089
f 889/889/889 888/888/888 1090/1090/1090
f 1089/1089/1089 846/846/846 1091/1091/1091
f 889/889/889 1090/1090/1090 1092/1092/1092
f 846/846/846 844/844/844 1091/1091/1091
f 922/922/922 889/889/889 1092/1092/1092
f 1091/1091/1091 844/844/844 1093/1093/1093
f 922/922/922 1092/1092/1092 1094/1094/1094
f 844/844/844 849/849/849 1093/1093/1093
f 924/924/924 922/922/922 1094/1094/1094
f 1093/1093/1093 849/849/849 1095/1095/1095
f 849/849/849 853/853/853 1095/1095/1095
f 924/924/924 1094/1094/1094 1096/1096/1096
f 928/928/928 924/924/924 1096/1096/1096
f 853/853/853 858/858/858 1095/1095/1095
f 858/858/858 1097/1097/1097 1095/1095/1095
f 1097/1097/1097 858/858/858 1098/1098/1098
f 858/858/858 859/859/859 1098/1098/1098
f 1098/1098/1098 859/859/859 1099/1099/1099
f 859/859/859 862/862/862 1099/1099/1099
f 1099/1099/1099 862/862/862 1100/1100/1100
f 862/862/862 864/864/864 1100/1100/1100
f 933/933/933 928/928/928 1096/1096/1096
f 1101/1101/1101 933/933/933 1096/1096/1096
f 933/933/933 1101/1101/1101 1102/1102/1102
f 934/934/934 933/933/933 1102/1102/1102
f 934/934/934 1102/1102/1102 1103/1103/1103
f 937/937/937 934/934/934 1103/1103/1103
f 937/937/937 1103/1103/1103 1104/1104/1104
f 879/879/879 937/937/937 1104/1104/1104
f 1100/1100/1100 864/864/864 1105/1105/1105
f 864/864/864 868/868/868 1105/1105/1105
f 879/879/879 1104/1104/1104 1106/1106/1106
f 874/874/874 879/879/879 1106/1106/1106
f 868/868/868 873/873/873 1105/1105/1105
f 873/873/873 874/874/874 1106/1106/1106
f 873/873/873 1107/1107/1107 1105/1105/1105
f 1107/1107/1107 873/873/873 1106/1106/1106
f 885/885/885 1109/1109/1109 1108/1108/1108
f 1109/1109/1109 885/885/885 1110/1110/1110
f 880/880/880 885/885/885 1108/1108/1108
f 885/885/885 886/886/886 1110/1110/1110
f 880/880/880 1108/1108/1108 848/848/848
f 1110/1110/1110 886/886/886 891/891/891
f 1108/1108/1108 1111/1111/1111 848/848/848
f 1112/1112/1112 1110/1110/1110 891/891/891
f 848/848/848 1111/1111/1111 850/850/850
f 1112/1112/1112 891/891/891 925/925/925
f 1111/1111/1111 1113/1113/1113 850/850/850
f 1114/1114/1114 1112/1112/1112 925/925/925
f 850/850/850 1113/1113/1113 852/852/852
f 1114/1114/1114 925/925/925 927/927/927
f 1113/1113/1113 1115/1115/1115 852/852/852
f 1116/1116/1116 1114/1114/1114 927/927/927
f 852/852/852 1115/1115/1115 855/855/855
f 1115/1115/1115 1117/1117/1117 855/855/855
f 1116/1116/1116 927/927/927 930/930/930
f 1118/1118/1118 1116/1116/1116 930/930/930
f 1117/1117/1117 1119/1119/1119 855/855/855
f 1119/1119/1119 856/856/856 855/855/855
f 856/856/856 1119/1119/1119 861/861/861
f 1119/1119/1119 1120/1120/1120 861/861/861
f 861/861/861 1120/1120/1120 865/865/865
f 1120/1120/1120 1121/1121/1121 865/865/865
f 865/865/865 1121/1121/1121 867/867/867
f 1121/1121/1121 1122/1122/1122 867/867/867
f 1123/1123/1123 1118/1118/1118 930/930/930
f 931/931/931 1123/1123/1123 930/930/930
f 1123/1123/1123 931/931/931 936/936/936
f 1124/1124/1124 1123/1123/1123 936/936/936
f 1124/1124/1124 936/936/936 939/939/939
f 1125/1125/1125 1124/1124/1124 939/939/939
f 1125/1125/1125 939/939/939 877/877/877
f 1126/1126/1126 1125/1125/1125 877/877/877
f 867/867/867 1122/1122/1122 870/870/870
f 1122/1122/1122 1127/1127/1127 870/870/870
f 1126/1126/1126 877/877/877 876/876/876
f 1128/1128/1128 1126/1126/1126 876/876/876
f 1127/1127/1127 1129/1129/1129 870/870/870
f 1129/1129/1129 1128/1128/1128 876/876/876
f 1129/1129/1129 871/871/871 870/870/870
f 871/871/871 1129/1129/1129 876/876/876
f 1130/1130/1130 814/814/814 813/813/813
f 814/814/814 1130/1130/1130 819/819/819
f 1131/1131/1131 1130/1130/1130 813/813/813
f 1130/1130/1130 1132/1132/1132 819/819/819
f 1131/1131/1131 813/813/813 1133/1133/1133
f 819/819/819 1132/1132/1132 1134/1134/1134
f 813/813/813 812/812/812 1133/1133/1133
f 820/820/820 819/819/819 1134/1134/1134
f 1133/1133/1133 812/812/812 1135/1135/1135
f 820/820/820 1134/1134/1134 1136/1136/1136
f 812/812/812 843/843/843 1135/1135/1135
f 921/921/921 820/820/820 1136/1136/1136
f 1135/1135/1135 843/843/843 1137/1137/1137
f 921/921/921 1136/1136/1136 1138/1138/1138
f 843/843/843 840/840/840 1137/1137/1137
f 918/918/918 921/921/921 1138/1138/1138
f 1137/1137/1137 840/840/840 1139/1139/1139
f 840/840/840 835/835/835 1139/1139/1139
f 918/918/918 1138/1138/1138 1140/1140/1140
f 913/913/913 918/918/918 1140/1140/1140
f 835/835/835 834/834/834 1139/1139/1139
f 834/834/834 1141/1141/1141 1139/1139/1139
f 1141/1141/1141 834/834/834 1142/1142/1142
f 834/834/834 831/831/831 1142/1142/1142
f 1142/1142/1142 831/831/831 1143/1143/1143
f 831/831/831 829/829/829 1143/1143/1143
f 1143/1143/1143 829/829/829 1144/1144/1144
f 829/829/829 827/827/827 1144/1144/1144
f 912/912/912 913/913/913 1140/1140/1140
f 1145/1145/1145 912/912/912 1140/1140/1140
f 912/912/912 1145/1145/1145 1146/1146/1146
f 909/909/909 912/912/912 1146/1146/1146
f 909/909/909 1146/1146/1146 1147/1147/1147
f 907/907/907 909/909/909 1147/1147/1147
f 907/907/907 1147/1147/1147 1148/1148/1148
f 903/903/903 907/907/907 1148/1148/1148
f 1144/1144/1144 827/827/827 1149/1149/1149
f 827/827/827 892/892/892 1149/1149/1149
f 903/903/903 1148/1148/1148 1150/1150/1150
f 898/898/898 903/903/903 1150/1150/1150
f 892/892/892 897/897/897 1149/1149/1149
f 897/897/897 898/898/898 1150/1150/1150
f 897/897/897 1151/1151/1151 1149/1149/1149
f 1151/1151/1151 897/897/897 1150/1150/1150
f 1154/1154/1154 1153/1153/1153 1152/1152/1152
f 1155/1155/1155 1153/1153/1153 1154/1154/1154
f 1156/1156/1156 1153/1153/1153 1155/1155/1155
f 1152/1152/1152 1153/1153/1153 1157/1157/1157
f 1156/1156/1156 1158/1158/1158 1153/1153/1153
f 1153/1153/1153 1159/1159/1159 1157/1157/1157
f 1158/1158/1158 1159/1159/1159 1153/1153/1153
f 1159/1159/1159 1160/1160/1160 1157/1157/1157
f 1161/1161/1161 1159/1159/1159 1158/1158/1158
f 1160/1160/1160 1159/1159/1159 1162/1162/1162
f 1163/1163/1163 1159/1159/1159 1161/1161/1161
f 1162/1162/1162 1159/1159/1159 1163/1163/1163
f 1166/1166/1166 1165/1165/1165 1164/1164/1164
f 1166/1166/1166 1167/1167/1167 1165/1165/1165
f 1166/1166/1166 1168/1168/1168 1167/1167/1167
f 1166/1166/1166 1164/1164/1164 1169/1169/1169
f 1170/1170/1170 1168/1168/1168 1166/1166/1166
f 1171/1171/1171 1166/1166/1166 1169/1169/1169
f 1171/1171/1171 1170/1170/1170 1166/1166/1166
f 1172/1172/1172 1171/1171/1171 1169/1169/1169
f 1171/1171/1171 1173/1173/1173 1170/1170/1170
f 1171/1171/1171 1172/1172/1172 1174/1174/1174
f 1171/1171/1171 1175/1175/1175 1173/1173/1173
f 1171/1171/1171 1174/1174/1174 1175/1175/1175
f 1178/1178/1178 1177/1177/1177 1176/1176/1176
f 1179/1179/1179 1178/1178/1178 1176/1176/1176
f 1176/1176/1176 1177/1177/1177 1180/1180/1180
f 1181/1181/1181 1178/1178/1178 1179/1179/1179
f 1177/1177/1177 1182/1182/1182 1180/1180/1180
f 1183/1183/1183 1181/1181/1181 1179/1179/1179
f 1180/1180/1180 1182/1182/1182 1184/1184/1184
f 1185/1185/1185 1181/1181/1181 1183/1183/1183
f 1182/1182/1182 1186/1186/1186 1184/1184/1184
f 1187/1187/1187 1185/1185/1185 1183/1183/1183
f 1184/1184/1184 1186/1186/1186 1188/1188/1188
f 1189/1189/1189 1185/1185/1185 1187/1187/1187
f 1186/1186/1186 1190/1190/1190 1188/1188/1188
f 1191/1191/1191 1189/1189/1189 1187/1187/1187
f 1188/1188/1188 1190/1190/1190 1192/1192/1192
f 1193/1193/1193 1189/1189/1189 1191/1191/1191
f 1190/1190/1190 1194/1194/1194 1192/1192/1192
f 1195/1195/1195 1193/1193/1193 1191/1191/1191
f 1192/1192/1192 1194/1194/1194 1195/1195/1195
f 1194/1194/1194 1193/1193/1193 1195/1195/1195
f 1198/1198/1198 1197/1197/1197 1196/1196/1196
f 1197/1197/1197 1199/1199/1199 1196/1196/1196
f 1198/1198/1198 1196/1196/1196 1200/1200/1200
f 1197/1197/1197 1201/1201/1201 1199/1199/1199
f 1202/1202/1202 1198/1198/1198 1200/1200/1200
f 1201/1201/1201 1203/1203/1203 1199/1199/1199
f 1202/1202/1202 1200/1200/1200 1204/1204/1204
f 1201/1201/1201 1205/1205/1205 1203/1203/1203
f 1206/1206/1206 1202/1202/1202 1204/1204/1204
f 1205/1205/1205 1207/1207/1207 1203/1203/1203
f 1206/1206/1206 1204/1204/1204 1208/1208/1208
f 1205/1205/1205 1209/1209/1209 1207/1207/1207
f 1210/1210/1210 1206/1206/1206 1208/1208/1208
f 1209/1209/1209 1211/1211/1211 1207/1207/1207
f 1210/1210/1210 1208/1208/1208 1212/1212/1212
f 1209/1209/1209 1213/1213/1213 1211/1211/1211
f 1214/1214/1214 1210/1210/1210 1212/1212/1212
f 1213/1213/1213 1215/1215/1215 1211/1211/1211
f 1214/1214/1214 1212/1212/1212 1215/1215/1215
f 1213/1213/1213 1214/1214/1214 1215/1215/1215

