# Blender 3.6.0
# www.blender.org
o Mesh_ade0dbaf_Mesh_ade0dbaf
v 0.064670 0.938480 -2.408320
v 0.068590 0.939890 -2.401960
v 0.064470 0.939890 -2.408120
v 0.068850 0.938480 -2.402070
v 0.065540 0.932370 -2.409190
v 0.070030 0.939890 -2.394700
v 0.069990 0.932370 -2.402540
v 0.065720 0.931120 -2.409370
v 0.070220 0.931120 -2.402640
v 0.070320 0.938480 -2.394700
v 0.068590 0.939890 -2.387430
v 0.071550 0.932370 -2.394700
v 0.071800 0.931120 -2.394700
v 0.068850 0.938480 -2.387320
v 0.064470 0.939890 -2.381270
v 0.069990 0.932370 -2.386850
v 0.070220 0.931120 -2.386750
v 0.064670 0.938480 -2.381070
v 0.058310 0.939890 -2.377160
v 0.058420 0.938480 -2.376890
v 0.065540 0.932370 -2.380200
v 0.065720 0.931120 -2.380020
v 0.058890 0.932370 -2.375760
v 0.058990 0.931120 -2.375520
v 0.058420 0.938480 -2.376890
v 0.051050 0.939890 -2.375710
v 0.058310 0.939890 -2.377160
v 0.051050 0.938480 -2.375430
v 0.058890 0.932370 -2.375760
v 0.043780 0.939890 -2.377160
v 0.051050 0.932370 -2.374200
v 0.058990 0.931120 -2.375520
v 0.051050 0.931120 -2.373950
v 0.043670 0.938480 -2.376890
v 0.037620 0.939890 -2.381270
v 0.043200 0.932370 -2.375760
v 0.043110 0.931120 -2.375520
v 0.037420 0.938480 -2.381070
v 0.033510 0.939890 -2.387430
v 0.033250 0.938480 -2.387320
v 0.036550 0.932370 -2.380200
v 0.036380 0.931120 -2.380020
v 0.032110 0.932370 -2.386850
v 0.031880 0.931120 -2.386750
v 0.033250 0.938480 -2.387320
v 0.032060 0.939890 -2.394700
v 0.033510 0.939890 -2.387430
v 0.031780 0.938480 -2.394700
v 0.032110 0.932370 -2.386850
v 0.033510 0.939890 -2.401960
v 0.030550 0.932370 -2.394700
v 0.031880 0.931120 -2.386750
v 0.030300 0.931120 -2.394700
v 0.033250 0.938480 -2.402070
v 0.037620 0.939890 -2.408120
v 0.032110 0.932370 -2.402540
v 0.031880 0.931120 -2.402640
v 0.037420 0.938480 -2.408320
v 0.043780 0.939890 -2.412230
v 0.043670 0.938480 -2.412500
v 0.036550 0.932370 -2.409190
v 0.036380 0.931120 -2.409370
v 0.043200 0.932370 -2.413630
v 0.043110 0.931120 -2.413870
v 0.043670 0.938480 -2.412500
v 0.051050 0.939890 -2.413680
v 0.043780 0.939890 -2.412230
v 0.051050 0.938480 -2.413960
v 0.043200 0.932370 -2.413630
v 0.058310 0.939890 -2.412230
v 0.051050 0.932370 -2.415190
v 0.043110 0.931120 -2.413870
v 0.051050 0.931120 -2.415450
v 0.058420 0.938480 -2.412500
v 0.064470 0.939890 -2.408120
v 0.064670 0.938480 -2.408320
v 0.058890 0.932370 -2.413630
v 0.058990 0.931120 -2.413870
v 0.065540 0.932370 -2.409190
v 0.065720 0.931120 -2.409370
v 0.070220 0.931120 -2.386750
v 0.071800 0.931120 -2.394700
v 0.070220 0.931120 -2.402640
v 0.065720 0.931120 -2.380020
v 0.065720 0.931120 -2.409370
v 0.058990 0.931120 -2.375520
v 0.058990 0.931120 -2.413870
v 0.051050 0.931120 -2.373950
v 0.051050 0.931120 -2.415450
v 0.043110 0.931120 -2.375520
v 0.043110 0.931120 -2.413870
v 0.036380 0.931120 -2.409370
v 0.036380 0.931120 -2.380020
v 0.031880 0.931120 -2.402640
v 0.031880 0.931120 -2.386750
v 0.030300 0.931120 -2.394700
v 0.065360 0.931120 -2.400620
v 0.066540 0.931120 -2.394700
v 0.065360 0.931120 -2.388770
v 0.062000 0.931120 -2.405650
v 0.062000 0.931120 -2.383740
v 0.056980 0.931120 -2.409010
v 0.056980 0.931120 -2.380380
v 0.051050 0.931120 -2.410190
v 0.051050 0.931120 -2.379200
v 0.045120 0.931120 -2.380380
v 0.045120 0.931120 -2.409010
v 0.040090 0.931120 -2.405650
v 0.040090 0.931120 -2.383740
v 0.036730 0.931120 -2.400620
v 0.036730 0.931120 -2.388770
v 0.035550 0.931120 -2.394700
v 0.062000 0.931120 -2.383740
v 0.056980 0.924730 -2.380380
v 0.056980 0.931120 -2.380380
v 0.062000 0.924730 -2.383740
v 0.065360 0.931120 -2.388770
v 0.065360 0.924730 -2.388770
v 0.066540 0.931120 -2.394700
v 0.066540 0.924730 -2.394700
v 0.065360 0.931120 -2.400620
v 0.065360 0.924730 -2.400620
v 0.062000 0.931120 -2.405650
v 0.062000 0.924730 -2.405650
v 0.040090 0.931120 -2.405650
v 0.045120 0.924730 -2.409010
v 0.045120 0.931120 -2.409010
v 0.040090 0.924730 -2.405650
v 0.036730 0.931120 -2.400620
v 0.036730 0.924730 -2.400620
v 0.035550 0.931120 -2.394700
v 0.035550 0.924730 -2.394700
v 0.036730 0.931120 -2.388770
v 0.036730 0.924730 -2.388770
v 0.056980 0.931120 -2.380380
v 0.056980 0.924730 -2.380380
v 0.051050 0.924730 -2.379200
v 0.051050 0.931120 -2.379200
v 0.045120 0.924730 -2.380380
v 0.045120 0.931120 -2.380380
v 0.040090 0.924730 -2.383740
v 0.040090 0.931120 -2.383740
v 0.036730 0.924730 -2.388770
v 0.036730 0.931120 -2.388770
v 0.045120 0.931120 -2.409010
v 0.045120 0.924730 -2.409010
v 0.051050 0.924730 -2.410190
v 0.051050 0.931120 -2.410190
v 0.056980 0.924730 -2.409010
v 0.056980 0.931120 -2.409010
v 0.062000 0.924730 -2.405650
v 0.062000 0.931120 -2.405650
v 0.096680 0.916330 -2.375790
v 0.100440 0.916330 -2.394700
v 0.096680 0.916330 -2.413600
v 0.085980 0.916330 -2.359770
v 0.085980 0.916330 -2.429620
v 0.069950 0.916330 -2.349060
v 0.069950 0.916330 -2.440330
v 0.051050 0.916330 -2.345300
v 0.051050 0.916330 -2.444090
v 0.032150 0.916330 -2.349060
v 0.032150 0.916330 -2.440330
v 0.016120 0.916330 -2.429620
v 0.016120 0.916330 -2.359770
v 0.005410 0.916330 -2.375790
v 0.005410 0.916330 -2.413600
v 0.001650 0.916330 -2.394700
v 0.069950 0.917150 -2.349060
v 0.069950 0.916330 -2.349060
v 0.051050 0.916330 -2.345300
v 0.051050 0.917150 -2.345300
v 0.069950 0.922980 -2.349060
v 0.032150 0.916330 -2.349060
v 0.051050 0.922980 -2.345300
v 0.069950 0.924110 -2.349060
v 0.051050 0.924110 -2.345300
v 0.032150 0.917150 -2.349060
v 0.016120 0.916330 -2.359770
v 0.032150 0.922980 -2.349060
v 0.032150 0.924110 -2.349060
v 0.016120 0.917150 -2.359770
v 0.005410 0.916330 -2.375790
v 0.005410 0.917150 -2.375790
v 0.016120 0.922980 -2.359770
v 0.016120 0.924110 -2.359770
v 0.005410 0.922980 -2.375790
v 0.005410 0.924110 -2.375790
v 0.032150 0.917150 -2.440330
v 0.032150 0.916330 -2.440330
v 0.051050 0.916330 -2.444090
v 0.051050 0.917150 -2.444090
v 0.032150 0.922980 -2.440330
v 0.069950 0.916330 -2.440330
v 0.051050 0.922980 -2.444090
v 0.032150 0.924110 -2.440330
v 0.051050 0.924110 -2.444090
v 0.069950 0.917150 -2.440330
v 0.085980 0.916330 -2.429620
v 0.085980 0.917150 -2.429620
v 0.069950 0.922980 -2.440330
v 0.069950 0.924110 -2.440330
v 0.085980 0.922980 -2.429620
v 0.085980 0.924110 -2.429620
v 0.085980 0.917150 -2.429620
v 0.085980 0.916330 -2.429620
v 0.096680 0.916330 -2.413600
v 0.096680 0.917150 -2.413600
v 0.085980 0.922980 -2.429620
v 0.100440 0.916330 -2.394700
v 0.096680 0.922980 -2.413600
v 0.085980 0.924110 -2.429620
v 0.096680 0.924110 -2.413600
v 0.100440 0.917150 -2.394700
v 0.096680 0.916330 -2.375790
v 0.100440 0.922980 -2.394700
v 0.100440 0.924110 -2.394700
v 0.096680 0.917150 -2.375790
v 0.085980 0.916330 -2.359770
v 0.096680 0.922980 -2.375790
v 0.096680 0.924110 -2.375790
v 0.085980 0.917150 -2.359770
v 0.069950 0.916330 -2.349060
v 0.069950 0.917150 -2.349060
v 0.085980 0.922980 -2.359770
v 0.085980 0.924110 -2.359770
v 0.069950 0.922980 -2.349060
v 0.069950 0.924110 -2.349060
v 0.005410 0.917150 -2.375790
v 0.005410 0.916330 -2.375790
v 0.001650 0.916330 -2.394700
v 0.001650 0.917150 -2.394700
v 0.005410 0.922980 -2.375790
v 0.005410 0.916330 -2.413600
v 0.001650 0.922980 -2.394700
v 0.005410 0.924110 -2.375790
v 0.001650 0.924110 -2.394700
v 0.005410 0.917150 -2.413600
v 0.016120 0.916330 -2.429620
v 0.005410 0.922980 -2.413600
v 0.005410 0.924110 -2.413600
v 0.016120 0.917150 -2.429620
v 0.032150 0.916330 -2.440330
v 0.032150 0.917150 -2.440330
v 0.016120 0.922980 -2.429620
v 0.016120 0.924110 -2.429620
v 0.032150 0.922980 -2.440330
v 0.032150 0.924110 -2.440330
v -0.042010 0.916470 -2.293400
v -0.050250 0.916470 -2.301630
v -0.050250 0.921000 -2.301630
v -0.042010 0.921000 -2.293400
v 0.144110 0.921000 -2.293400
v 0.144110 0.916470 -2.293400
v -0.042660 0.922560 -2.294970
v -0.048680 0.922560 -2.300980
v -0.042010 0.921000 -2.495990
v -0.050250 0.916470 -2.487760
v -0.042010 0.916470 -2.495990
v -0.050250 0.921000 -2.487760
v -0.048680 0.922560 -2.488410
v -0.042660 0.922560 -2.494420
v -0.050250 0.921000 -2.301630
v -0.050250 0.916470 -2.301630
v 0.144110 0.921000 -2.293400
v 0.152350 0.916470 -2.301630
v 0.144110 0.916470 -2.293400
v 0.152350 0.921000 -2.301630
v 0.150770 0.922560 -2.300980
v 0.144760 0.922560 -2.294970
v 0.152350 0.921000 -2.487760
v 0.152350 0.916470 -2.487760
v 0.144110 0.916470 -2.495990
v 0.152350 0.916470 -2.487760
v 0.152350 0.921000 -2.487760
v 0.144110 0.921000 -2.495990
v -0.042010 0.921000 -2.495990
v -0.042010 0.916470 -2.495990
v 0.144760 0.922560 -2.494420
v 0.150770 0.922560 -2.488410
v -0.029680 0.920240 -2.483660
v -0.037920 0.920920 -2.475420
v -0.029680 0.920920 -2.483660
v -0.037920 0.920240 -2.475420
v -0.029680 0.917640 -2.483660
v -0.037920 0.917640 -2.475420
v -0.029680 0.916540 -2.483660
v -0.037920 0.916540 -2.475420
v -0.037920 0.916540 -2.313970
v -0.037920 0.917640 -2.313970
v -0.037920 0.920240 -2.313970
v -0.037920 0.920920 -2.313970
v -0.038570 0.922490 -2.477000
v -0.038570 0.922490 -2.312390
v 0.131780 0.920240 -2.305730
v 0.140020 0.920920 -2.313970
v 0.131780 0.920920 -2.305730
v 0.140020 0.920240 -2.313970
v 0.131780 0.917640 -2.305730
v 0.140020 0.917640 -2.313970
v 0.131780 0.916540 -2.305730
v 0.140020 0.916540 -2.313970
v 0.140020 0.916540 -2.475420
v 0.140020 0.917640 -2.475420
v 0.140020 0.920240 -2.475420
v 0.140020 0.920920 -2.475420
v 0.140670 0.922490 -2.312390
v 0.140670 0.922490 -2.477000
v 0.147530 0.924290 -2.402360
v 0.144940 0.918730 -2.401090
v 0.147530 0.918730 -2.402360
v 0.144940 0.923520 -2.401100
v 0.147530 0.940200 -2.402360
v 0.144920 0.937210 -2.401130
v 0.147530 0.942540 -2.402360
v 0.144920 0.939230 -2.401140
v 0.072360 0.947670 -2.391620
v 0.069850 0.944580 -2.394700
v 0.069980 0.947670 -2.394700
v 0.072220 0.944580 -2.391630
v 0.072710 0.947670 -2.391170
v 0.072570 0.944580 -2.391180
v 0.074000 0.947580 -2.391100
v 0.073820 0.944480 -2.391130
v 0.145710 0.942660 -2.387130
v 0.143160 0.939360 -2.388320
v 0.147530 0.942540 -2.387030
v 0.144920 0.939230 -2.388250
v 0.147530 0.940200 -2.387030
v 0.144920 0.937210 -2.388260
v 0.147530 0.924290 -2.387030
v 0.144940 0.923520 -2.388290
v 0.147530 0.918730 -2.387030
v 0.144940 0.918730 -2.388300
v 0.148010 0.918730 -2.388010
v 0.144940 0.918730 -2.388300
v 0.147530 0.918730 -2.387030
v 0.145340 0.918730 -2.389120
v 0.151290 0.918730 -2.394700
v 0.148080 0.918730 -2.394700
v 0.148040 0.918730 -2.401330
v 0.145370 0.918730 -2.400230
v 0.147530 0.918730 -2.402360
v 0.144940 0.918730 -2.401090
v 0.145710 0.942660 -2.402260
v 0.144920 0.939230 -2.401140
v 0.147530 0.942540 -2.402360
v 0.143160 0.939360 -2.401070
v 0.074000 0.947580 -2.398290
v 0.073820 0.944480 -2.398260
v 0.072710 0.947670 -2.398220
v 0.072570 0.944580 -2.398210
v 0.072340 0.947670 -2.397750
v 0.072570 0.944580 -2.398210
v 0.072710 0.947670 -2.398220
v 0.072210 0.944580 -2.397740
v 0.069980 0.947670 -2.394700
v 0.069850 0.944580 -2.394700
v 0.030530 0.947670 -2.397740
v 0.033020 0.944580 -2.394700
v 0.032880 0.947670 -2.394700
v 0.030660 0.944580 -2.397730
v 0.030160 0.947670 -2.398220
v 0.030290 0.944580 -2.398210
v 0.027560 0.947490 -2.398360
v 0.027780 0.944390 -2.398310
v -0.043680 0.942600 -2.402300
v -0.041100 0.939300 -2.401100
v -0.044670 0.942540 -2.402360
v -0.042060 0.939230 -2.401140
v -0.044670 0.940830 -2.402360
v -0.042060 0.937760 -2.401130
v -0.044670 0.924190 -2.402360
v -0.042080 0.923430 -2.401100
v -0.044670 0.918730 -2.402360
v -0.042080 0.918730 -2.401090
v -0.045190 0.918730 -2.401310
v -0.042080 0.918730 -2.401090
v -0.044670 0.918730 -2.402360
v -0.042510 0.918730 -2.400210
v -0.048430 0.918730 -2.394700
v -0.045220 0.918730 -2.394700
v -0.045170 0.918730 -2.388050
v -0.042500 0.918730 -2.389160
v -0.044670 0.918730 -2.387030
v -0.042080 0.918730 -2.388300
v 0.030520 0.947670 -2.391640
v 0.030290 0.944580 -2.391180
v 0.030160 0.947670 -2.391170
v 0.030650 0.944580 -2.391650
v 0.032880 0.947670 -2.394700
v 0.033020 0.944580 -2.394700
v 0.059090 0.924130 -2.298590
v 0.057820 0.918730 -2.301180
v 0.059090 0.918730 -2.298590
v 0.057830 0.923380 -2.301190
v 0.059090 0.940780 -2.298590
v 0.057870 0.937720 -2.301200
v 0.059090 0.942540 -2.298590
v 0.057870 0.939230 -2.301210
v 0.058970 0.942690 -2.300890
v 0.057780 0.939390 -2.303420
v 0.055060 0.947540 -2.371470
v 0.055020 0.944440 -2.371670
v 0.054960 0.947670 -2.373420
v 0.054950 0.944580 -2.373550
v 0.048580 0.947670 -2.373940
v 0.051430 0.944580 -2.376280
v 0.051430 0.947670 -2.376140
v 0.048590 0.944580 -2.374080
v 0.047910 0.947670 -2.373420
v 0.047920 0.944580 -2.373550
v 0.047800 0.947540 -2.371470
v 0.047840 0.944440 -2.371670
v 0.043900 0.942690 -2.300890
v 0.045080 0.939390 -2.303420
v 0.043770 0.942540 -2.298590
v 0.044990 0.939230 -2.301210
v 0.043770 0.940780 -2.298590
v 0.044990 0.937720 -2.301200
v 0.043770 0.924130 -2.298590
v 0.045030 0.923380 -2.301190
v 0.043770 0.918730 -2.298590
v 0.045040 0.918730 -2.301180
v 0.045240 0.918730 -2.297870
v 0.045040 0.918730 -2.301180
v 0.043770 0.918730 -2.298590
v 0.046270 0.918730 -2.300580
v 0.051430 0.918730 -2.294830
v 0.051430 0.918730 -2.298050
v 0.057850 0.918730 -2.297980
v 0.056780 0.918730 -2.300670
v 0.059090 0.918730 -2.298590
v 0.057820 0.918730 -2.301180
v 0.054380 0.947670 -2.373860
v 0.054950 0.944580 -2.373550
v 0.054960 0.947670 -2.373420
v 0.054380 0.944580 -2.374000
v 0.051430 0.947670 -2.376140
v 0.051430 0.944580 -2.376280
v 0.043770 0.923900 -2.490800
v 0.045040 0.918730 -2.488210
v 0.043770 0.918730 -2.490800
v 0.045030 0.923180 -2.488200
v 0.043770 0.940960 -2.490800
v 0.045770 0.918730 -2.488570
v 0.044990 0.937870 -2.488190
v 0.043770 0.942540 -2.490800
v 0.044990 0.939230 -2.488180
v 0.045760 0.923190 -2.488560
v 0.051430 0.918730 -2.491350
v 0.045730 0.937910 -2.488520
v 0.045720 0.939260 -2.488520
v 0.051430 0.923260 -2.491300
v 0.056880 0.918730 -2.488670
v 0.051430 0.938180 -2.491150
v 0.051430 0.939550 -2.491130
v 0.056890 0.923200 -2.488660
v 0.057820 0.918730 -2.488210
v 0.057830 0.923180 -2.488200
v 0.056920 0.937920 -2.488620
v 0.056920 0.939270 -2.488620
v 0.057870 0.937870 -2.488190
v 0.057870 0.939230 -2.488180
v 0.054430 0.947670 -2.415570
v 0.051430 0.944580 -2.413110
v 0.051430 0.947670 -2.413250
v 0.054430 0.944580 -2.415430
v 0.054960 0.947670 -2.415970
v 0.054950 0.944580 -2.415840
v 0.054980 0.947640 -2.417300
v 0.054960 0.944550 -2.417160
v 0.059000 0.942650 -2.489080
v 0.057810 0.939350 -2.486530
v 0.059090 0.942540 -2.490800
v 0.057870 0.939230 -2.488180
v 0.059090 0.940960 -2.490800
v 0.057870 0.937870 -2.488190
v 0.059090 0.923900 -2.490800
v 0.057830 0.923180 -2.488200
v 0.059090 0.918730 -2.490800
v 0.057820 0.918730 -2.488210
v 0.057960 0.918730 -2.491350
v 0.057820 0.918730 -2.488210
v 0.059090 0.918730 -2.490800
v 0.056880 0.918730 -2.488670
v 0.051430 0.918730 -2.494560
v 0.051430 0.918730 -2.491350
v 0.044640 0.918730 -2.491230
v 0.045770 0.918730 -2.488570
v 0.043770 0.918730 -2.490800
v 0.045040 0.918730 -2.488210
v 0.043860 0.942650 -2.489080
v 0.044990 0.939230 -2.488180
v 0.043770 0.942540 -2.490800
v 0.045060 0.939350 -2.486530
v 0.047880 0.947640 -2.417300
v 0.047900 0.944550 -2.417160
v 0.047910 0.947670 -2.415970
v 0.047920 0.944580 -2.415840
v 0.048310 0.947670 -2.415660
v 0.047920 0.944580 -2.415840
v 0.047910 0.947670 -2.415970
v 0.048320 0.944580 -2.415520
v 0.051430 0.947670 -2.413250
v 0.051430 0.944580 -2.413110
v 0.149340 0.924860 -2.307620
v 0.146610 0.918730 -2.308550
v 0.149340 0.918730 -2.307620
v 0.146620 0.924010 -2.308570
v 0.149340 0.939970 -2.307620
v 0.146630 0.937010 -2.308600
v 0.149340 0.942540 -2.307620
v 0.146630 0.939230 -2.308600
v 0.147480 0.942770 -2.309350
v 0.144870 0.939400 -2.310300
v 0.103300 0.948210 -2.350330
v 0.103060 0.943670 -2.350490
v 0.101610 0.948410 -2.351900
v 0.101460 0.943830 -2.352030
v 0.101020 0.948410 -2.351820
v 0.100870 0.943830 -2.351960
v 0.095060 0.948410 -2.351060
v 0.094920 0.943830 -2.351200
v 0.094350 0.948410 -2.345520
v 0.094920 0.943830 -2.351200
v 0.095060 0.948410 -2.351060
v 0.094220 0.943830 -2.345660
v 0.094230 0.948410 -2.344520
v 0.094090 0.943830 -2.344670
v 0.139740 0.918730 -2.297200
v 0.137570 0.918730 -2.299510
v 0.138510 0.918730 -2.296780
v 0.138600 0.918730 -2.299860
v 0.146580 0.918730 -2.299540
v 0.144310 0.918730 -2.301810
v 0.149090 0.918730 -2.306890
v 0.146410 0.918730 -2.307940
v 0.149340 0.918730 -2.307620
v 0.146610 0.918730 -2.308550
v 0.095800 0.948210 -2.342830
v 0.094090 0.943830 -2.344670
v 0.094230 0.948410 -2.344520
v 0.095630 0.943670 -2.343070
v 0.136780 0.942770 -2.298650
v 0.135830 0.939400 -2.301260
v 0.138510 0.942540 -2.296780
v 0.137520 0.939230 -2.299490
v 0.138510 0.939970 -2.296780
v 0.137530 0.937010 -2.299500
v 0.139740 0.942540 -2.297200
v 0.138510 0.924860 -2.296780
v 0.137560 0.924010 -2.299510
v 0.139740 0.939970 -2.297200
v 0.146580 0.942540 -2.299540
v 0.146580 0.939970 -2.299540
v 0.139740 0.924860 -2.297200
v 0.146580 0.924860 -2.299540
v 0.138510 0.918730 -2.296780
v 0.137570 0.918730 -2.299510
v 0.139740 0.918730 -2.297200
v 0.146580 0.918730 -2.299540
v -0.046780 0.924080 -2.482070
v -0.044050 0.918730 -2.481130
v -0.046780 0.918730 -2.482070
v -0.044050 0.923340 -2.481120
v -0.046780 0.940040 -2.482070
v -0.044060 0.937070 -2.481090
v -0.046780 0.942540 -2.482070
v -0.044060 0.939230 -2.481080
v -0.045460 0.942700 -2.480850
v -0.042820 0.939350 -2.479890
v -0.000180 0.948280 -2.438840
v 0.000030 0.943730 -2.438690
v 0.000910 0.948410 -2.437830
v 0.001060 0.943830 -2.437700
v 0.001670 0.948410 -2.437930
v 0.001810 0.943830 -2.437800
v 0.007460 0.948410 -2.438670
v 0.007600 0.943830 -2.438530
v 0.008150 0.948410 -2.444070
v 0.007600 0.943830 -2.438530
v 0.007460 0.948410 -2.438670
v 0.008280 0.943830 -2.443920
v 0.008290 0.948410 -2.445210
v 0.008430 0.943830 -2.445060
v -0.037350 0.918730 -2.492420
v -0.035010 0.918730 -2.490170
v -0.035940 0.918730 -2.492900
v -0.036190 0.918730 -2.489770
v -0.044020 0.918730 -2.490140
v -0.041740 0.918730 -2.487870
v -0.046460 0.918730 -2.482990
v -0.043780 0.918730 -2.481910
v -0.046780 0.918730 -2.482070
v -0.044050 0.918730 -2.481130
v 0.007280 0.948280 -2.446300
v 0.008430 0.943830 -2.445060
v 0.008290 0.948410 -2.445210
v 0.007430 0.943730 -2.446100
v -0.034720 0.942700 -2.491590
v -0.033760 0.939350 -2.488950
v -0.035940 0.942540 -2.492900
v -0.034960 0.939230 -2.490190
v -0.035940 0.940040 -2.492900
v -0.034960 0.939230 -2.490190
v -0.035940 0.942540 -2.492900
v -0.034960 0.937070 -2.490190
v -0.035940 0.924080 -2.492900
v -0.035000 0.923340 -2.490180
v -0.035940 0.918730 -2.492900
v -0.035010 0.918730 -2.490170
v -0.035940 0.924950 -2.296490
v -0.035010 0.918730 -2.299220
v -0.035940 0.918730 -2.296490
v -0.034990 0.924090 -2.299210
v -0.035940 0.940980 -2.296490
v -0.034960 0.937890 -2.299200
v -0.035940 0.942540 -2.296490
v -0.034950 0.939230 -2.299200
v -0.035120 0.942640 -2.297370
v -0.034150 0.939310 -2.300040
v 0.006910 0.948230 -2.342640
v 0.007070 0.943690 -2.342870
v 0.008290 0.948410 -2.344130
v 0.008430 0.943830 -2.344280
v 0.008140 0.948410 -2.345290
v 0.008280 0.943830 -2.345440
v 0.007460 0.948410 -2.350670
v 0.007600 0.943830 -2.350810
v 0.001780 0.948410 -2.351400
v 0.007600 0.943830 -2.350810
v 0.007460 0.948410 -2.350670
v 0.001930 0.943830 -2.351530
v 0.000910 0.948410 -2.351510
v 0.001060 0.943830 -2.351640
v -0.046410 0.918730 -2.306260
v -0.044050 0.918730 -2.308260
v -0.046780 0.918730 -2.307320
v -0.043740 0.918730 -2.307360
v -0.044020 0.918730 -2.299250
v -0.041740 0.918730 -2.301520
v -0.037380 0.918730 -2.296980
v -0.036200 0.918730 -2.299630
v -0.035940 0.918730 -2.296490
v -0.035010 0.918730 -2.299220
v -0.000580 0.948230 -2.350120
v 0.001060 0.943830 -2.351640
v 0.000910 0.948410 -2.351510
v -0.000350 0.943690 -2.350280
v -0.045890 0.942640 -2.308150
v -0.043220 0.939310 -2.309120
v -0.046780 0.942540 -2.307320
v -0.044060 0.939230 -2.308310
v -0.046780 0.940980 -2.307320
v -0.044060 0.937890 -2.308310
v -0.046780 0.924950 -2.307320
v -0.044050 0.924090 -2.308270
v -0.046780 0.918730 -2.307320
v -0.044050 0.918730 -2.308260
v 0.138800 0.923490 -2.492900
v 0.137870 0.918730 -2.490170
v 0.138800 0.918730 -2.492900
v 0.137860 0.922830 -2.490180
v 0.138800 0.941320 -2.492900
v 0.137820 0.938180 -2.490190
v 0.138800 0.942540 -2.492900
v 0.137820 0.939230 -2.490190
v 0.138220 0.942610 -2.492280
v 0.137250 0.939290 -2.489600
v 0.095200 0.948340 -2.445840
v 0.095060 0.943770 -2.445660
v 0.094620 0.948410 -2.445210
v 0.094480 0.943830 -2.445060
v 0.094700 0.948410 -2.444580
v 0.094560 0.943830 -2.444430
v 0.095450 0.948410 -2.438670
v 0.095310 0.943830 -2.438530
v 0.101270 0.948410 -2.437930
v 0.095310 0.943830 -2.438530
v 0.095450 0.948410 -2.438670
v 0.101120 0.943830 -2.437790
v 0.102000 0.948410 -2.437830
v 0.101850 0.943830 -2.437700
v 0.149330 0.918730 -2.482960
v 0.146910 0.918730 -2.481130
v 0.149640 0.918730 -2.482070
v 0.146650 0.918730 -2.481880
v 0.146880 0.918730 -2.490140
v 0.144610 0.918730 -2.487870
v 0.139580 0.918730 -2.492640
v 0.138520 0.918730 -2.489950
v 0.138800 0.918730 -2.492900
v 0.137870 0.918730 -2.490170
v 0.102630 0.948340 -2.438420
v 0.101850 0.943830 -2.437700
v 0.102000 0.948410 -2.437830
v 0.102440 0.943770 -2.438280
v 0.149010 0.942610 -2.481490
v 0.146340 0.939290 -2.480510
v 0.149640 0.942540 -2.482070
v 0.146930 0.939230 -2.481080
v 0.149640 0.941320 -2.482070
v 0.146930 0.939230 -2.481080
v 0.149640 0.942540 -2.482070
v 0.146930 0.938180 -2.481080
v 0.149640 0.923490 -2.482070
v 0.146650 0.939260 -2.481820
v 0.146910 0.922830 -2.481120
v 0.149640 0.918730 -2.482070
v 0.146910 0.918730 -2.481130
v 0.146650 0.938210 -2.481820
v 0.144460 0.939550 -2.487720
v 0.146650 0.922840 -2.481870
v 0.146650 0.918730 -2.481880
v 0.144470 0.938490 -2.487730
v 0.138460 0.939260 -2.489950
v 0.144580 0.922890 -2.487840
v 0.144610 0.918730 -2.487870
v 0.138460 0.938210 -2.489950
v 0.137820 0.939230 -2.490190
v 0.137820 0.938180 -2.490190
v 0.138510 0.922840 -2.489950
v 0.138520 0.918730 -2.489950
v 0.137860 0.922830 -2.490180
v 0.137870 0.918730 -2.490170
v 0.057830 0.923380 -2.301190
v 0.056780 0.918730 -2.300670
v 0.057820 0.918730 -2.301180
v 0.056790 0.923390 -2.300680
v 0.051430 0.918730 -2.298050
v 0.057870 0.937720 -2.301200
v 0.051430 0.923450 -2.298090
v 0.056820 0.937760 -2.300720
v 0.057870 0.939230 -2.301210
v 0.051430 0.938020 -2.298240
v 0.056830 0.939280 -2.300730
v 0.051430 0.939550 -2.298260
v 0.057780 0.939390 -2.303420
v 0.056830 0.939280 -2.300730
v 0.057870 0.939230 -2.301210
v 0.056750 0.939440 -2.302970
v 0.055020 0.944440 -2.371670
v 0.051430 0.939550 -2.298260
v 0.054440 0.944440 -2.372090
v 0.054950 0.944580 -2.373550
v 0.054380 0.944580 -2.374000
v 0.051430 0.939700 -2.300650
v 0.046230 0.939290 -2.300640
v 0.051430 0.944450 -2.374240
v 0.051430 0.944580 -2.376280
v 0.046300 0.939450 -2.302890
v 0.044990 0.939230 -2.301210
v 0.045080 0.939390 -2.303420
v 0.048530 0.944440 -2.372160
v 0.048590 0.944580 -2.374080
v 0.047840 0.944440 -2.371670
v 0.047920 0.944580 -2.373550
v 0.059090 0.924130 -2.298590
v 0.059090 0.918730 -2.298590
v 0.057850 0.918730 -2.297980
v 0.057850 0.924130 -2.297980
v 0.059090 0.940780 -2.298590
v 0.051430 0.918730 -2.294830
v 0.057850 0.940780 -2.297980
v 0.059090 0.942540 -2.298590
v 0.057850 0.942540 -2.297980
v 0.051430 0.924130 -2.294830
v 0.045240 0.918730 -2.297870
v 0.051430 0.940780 -2.294830
v 0.051430 0.942540 -2.294830
v 0.045240 0.924130 -2.297870
v 0.043770 0.918730 -2.298590
v 0.043770 0.924130 -2.298590
v 0.045240 0.940780 -2.297870
v 0.045240 0.942540 -2.297870
v 0.043770 0.940780 -2.298590
v 0.043770 0.942540 -2.298590
v 0.058970 0.942690 -2.300890
v 0.059090 0.942540 -2.298590
v 0.057850 0.942540 -2.297980
v 0.057740 0.942690 -2.300310
v 0.055060 0.947540 -2.371470
v 0.051430 0.942540 -2.294830
v 0.054470 0.947540 -2.371880
v 0.054960 0.947670 -2.373420
v 0.054380 0.947670 -2.373860
v 0.051430 0.942690 -2.297320
v 0.045240 0.942540 -2.297870
v 0.051430 0.947540 -2.374020
v 0.051430 0.947670 -2.376140
v 0.045340 0.942690 -2.300200
v 0.043770 0.942540 -2.298590
v 0.043900 0.942690 -2.300890
v 0.048500 0.947540 -2.371960
v 0.048580 0.947670 -2.373940
v 0.047800 0.947540 -2.371470
v 0.047910 0.947670 -2.373420
v 0.051430 0.923450 -2.298090
v 0.046270 0.918730 -2.300580
v 0.051430 0.918730 -2.298050
v 0.046260 0.923390 -2.300590
v 0.045040 0.918730 -2.301180
v 0.051430 0.938020 -2.298240
v 0.045030 0.923380 -2.301190
v 0.046230 0.937770 -2.300640
v 0.051430 0.939550 -2.298260
v 0.044990 0.937720 -2.301200
v 0.046230 0.939290 -2.300640
v 0.044990 0.939230 -2.301210
v 0.146620 0.924010 -2.308570
v 0.146410 0.918730 -2.307940
v 0.146610 0.918730 -2.308550
v 0.146410 0.924020 -2.307960
v 0.146630 0.937010 -2.308600
v 0.144310 0.918730 -2.301810
v 0.146410 0.937040 -2.308000
v 0.146630 0.939230 -2.308600
v 0.146410 0.939250 -2.308010
v 0.144270 0.924090 -2.301850
v 0.138600 0.918730 -2.299860
v 0.144180 0.937300 -2.301950
v 0.144160 0.939550 -2.301960
v 0.138580 0.924020 -2.299870
v 0.137570 0.918730 -2.299510
v 0.137560 0.924010 -2.299510
v 0.138540 0.937060 -2.299870
v 0.138530 0.939270 -2.299870
v 0.137530 0.937010 -2.299500
v 0.137520 0.939230 -2.299490
v 0.144870 0.939400 -2.310300
v 0.146410 0.939250 -2.308010
v 0.146630 0.939230 -2.308600
v 0.144630 0.939430 -2.309720
v 0.103060 0.943670 -2.350490
v 0.144160 0.939550 -2.301960
v 0.102480 0.943670 -2.350400
v 0.101460 0.943830 -2.352030
v 0.100870 0.943830 -2.351960
v 0.142240 0.939720 -2.303890
v 0.138530 0.939270 -2.299870
v 0.096670 0.943680 -2.349460
v 0.094920 0.943830 -2.351200
v 0.136800 0.939450 -2.301660
v 0.137520 0.939230 -2.299490
v 0.135830 0.939400 -2.301260
v 0.095790 0.943670 -2.344040
v 0.094220 0.943830 -2.345660
v 0.095630 0.943670 -2.343070
v 0.094090 0.943830 -2.344670
v 0.149340 0.924860 -2.307620
v 0.149340 0.918730 -2.307620
v 0.149090 0.918730 -2.306890
v 0.149090 0.924860 -2.306890
v 0.146580 0.918730 -2.299540
v 0.149340 0.939970 -2.307620
v 0.146580 0.924860 -2.299540
v 0.149090 0.939970 -2.306890
v 0.149340 0.942540 -2.307620
v 0.146580 0.939970 -2.299540
v 0.149090 0.942540 -2.306890
v 0.146580 0.942540 -2.299540
v 0.147480 0.942770 -2.309350
v 0.149340 0.942540 -2.307620
v 0.149090 0.942540 -2.306890
v 0.147220 0.942770 -2.308640
v 0.103300 0.948210 -2.350330
v 0.146580 0.942540 -2.299540
v 0.102720 0.948210 -2.350230
v 0.101610 0.948410 -2.351900
v 0.101020 0.948410 -2.351820
v 0.144570 0.942770 -2.301550
v 0.139740 0.942540 -2.297200
v 0.096890 0.948210 -2.349240
v 0.095060 0.948410 -2.351060
v 0.137970 0.942770 -2.299090
v 0.138510 0.942540 -2.296780
v 0.136780 0.942770 -2.298650
v 0.095960 0.948210 -2.343800
v 0.094350 0.948410 -2.345520
v 0.095800 0.948210 -2.342830
v 0.094230 0.948410 -2.344520
v -0.034990 0.924090 -2.299210
v -0.036200 0.918730 -2.299630
v -0.035010 0.918730 -2.299220
v -0.036190 0.924100 -2.299630
v -0.041740 0.918730 -2.301520
v -0.034960 0.937890 -2.299200
v -0.041710 0.924170 -2.301560
v -0.036140 0.937940 -2.299640
v -0.034950 0.939230 -2.299200
v -0.041610 0.938190 -2.301660
v -0.036140 0.939280 -2.299640
v -0.041600 0.939550 -2.301670
v -0.034150 0.939310 -2.300040
v -0.036140 0.939280 -2.299640
v -0.034950 0.939230 -2.299200
v -0.035310 0.939370 -2.300490
v 0.007070 0.943690 -2.342870
v -0.041600 0.939550 -2.301670
v 0.006890 0.943690 -2.344000
v 0.008430 0.943830 -2.344280
v 0.008280 0.943830 -2.345440
v -0.040680 0.939630 -2.302580
v -0.043740 0.939270 -2.307430
v 0.006050 0.943700 -2.349270
v 0.007600 0.943830 -2.350810
v -0.042890 0.939350 -2.308250
v -0.044060 0.939230 -2.308310
v -0.043220 0.939310 -2.309120
v 0.000500 0.943690 -2.350150
v 0.001930 0.943830 -2.351530
v -0.000350 0.943690 -2.350280
v 0.001060 0.943830 -2.351640
v -0.035940 0.924950 -2.296490
v -0.035940 0.918730 -2.296490
v -0.037380 0.918730 -2.296980
v -0.037380 0.924950 -2.296980
v -0.035940 0.940980 -2.296490
v -0.044020 0.918730 -2.299250
v -0.037380 0.940980 -2.296980
v -0.035940 0.942540 -2.296490
v -0.037380 0.942540 -2.296980
v -0.044020 0.924950 -2.299250
v -0.046410 0.918730 -2.306260
v -0.044020 0.940980 -2.299250
v -0.044020 0.942540 -2.299250
v -0.046410 0.924950 -2.306260
v -0.046780 0.918730 -2.307320
v -0.046780 0.924950 -2.307320
v -0.046410 0.940980 -2.306260
v -0.046410 0.942540 -2.306260
v -0.046780 0.940980 -2.307320
v -0.046780 0.942540 -2.307320
v -0.035120 0.942640 -2.297370
v -0.035940 0.942540 -2.296490
v -0.037380 0.942540 -2.296980
v -0.036530 0.942640 -2.297880
v 0.006910 0.948230 -2.342640
v -0.044020 0.942540 -2.299250
v 0.006720 0.948230 -2.343780
v 0.008290 0.948410 -2.344130
v 0.008140 0.948410 -2.345290
v -0.043060 0.942640 -2.300200
v -0.046410 0.942540 -2.306260
v 0.005840 0.948230 -2.349060
v 0.007460 0.948410 -2.350670
v -0.045510 0.942640 -2.307100
v -0.046780 0.942540 -2.307320
v -0.045890 0.942640 -2.308150
v 0.000270 0.948230 -2.349980
v 0.001780 0.948410 -2.351400
v -0.000580 0.948230 -2.350120
v 0.000910 0.948410 -2.351510
v -0.041710 0.924170 -2.301560
v -0.043740 0.918730 -2.307360
v -0.041740 0.918730 -2.301520
v -0.043740 0.924100 -2.307380
v -0.044050 0.918730 -2.308260
v -0.041610 0.938190 -2.301660
v -0.044050 0.924090 -2.308270
v -0.043740 0.937930 -2.307430
v -0.041600 0.939550 -2.301670
v -0.044060 0.937890 -2.308310
v -0.043740 0.939270 -2.307430
v -0.044060 0.939230 -2.308310
v -0.042080 0.923430 -2.388290
v -0.042500 0.918730 -2.389160
v -0.042080 0.918730 -2.388300
v -0.042490 0.923440 -2.389150
v -0.042060 0.937760 -2.388260
v -0.045220 0.918730 -2.394700
v -0.042450 0.937800 -2.389120
v -0.042060 0.939230 -2.388250
v -0.042450 0.939270 -2.389110
v -0.045170 0.923500 -2.394700
v -0.042510 0.918730 -2.400210
v -0.045020 0.938060 -2.394700
v -0.045010 0.939550 -2.394700
v -0.042500 0.923440 -2.400220
v -0.042080 0.918730 -2.401090
v -0.042080 0.923430 -2.401100
v -0.042460 0.937800 -2.400250
v -0.042460 0.939270 -2.400260
v -0.042060 0.937760 -2.401130
v -0.042060 0.939230 -2.401140
v -0.041100 0.939300 -2.388290
v -0.042450 0.939270 -2.389110
v -0.042060 0.939230 -2.388250
v -0.041480 0.939340 -2.389150
v 0.027780 0.944390 -2.391080
v -0.045010 0.939550 -2.394700
v 0.028120 0.944390 -2.391560
v 0.030290 0.944580 -2.391180
v 0.030650 0.944580 -2.391650
v -0.043980 0.939620 -2.394700
v -0.042460 0.939270 -2.400260
v 0.030310 0.944400 -2.394700
v 0.033020 0.944580 -2.394700
v -0.041490 0.939340 -2.400220
v -0.042060 0.939230 -2.401140
v -0.041100 0.939300 -2.401100
v 0.028130 0.944390 -2.397820
v 0.030660 0.944580 -2.397730
v 0.027780 0.944390 -2.398310
v 0.030290 0.944580 -2.398210
v -0.043680 0.942600 -2.387090
v -0.044670 0.942540 -2.387030
v -0.045170 0.942540 -2.388050
v -0.044170 0.942600 -2.388100
v 0.027560 0.947490 -2.391030
v -0.048430 0.942540 -2.394700
v 0.027900 0.947490 -2.391520
v 0.030160 0.947670 -2.391170
v 0.030520 0.947670 -2.391640
v -0.047360 0.942600 -2.394700
v -0.045190 0.942540 -2.401310
v 0.030060 0.947490 -2.394700
v 0.032880 0.947670 -2.394700
v -0.044180 0.942600 -2.401260
v -0.044670 0.942540 -2.402360
v -0.043680 0.942600 -2.402300
v 0.027900 0.947490 -2.397860
v 0.030530 0.947670 -2.397740
v 0.027560 0.947490 -2.398360
v 0.030160 0.947670 -2.398220
v -0.048430 0.924190 -2.394700
v -0.048430 0.918730 -2.394700
v -0.045190 0.918730 -2.401310
v -0.045190 0.924190 -2.401310
v -0.044670 0.918730 -2.402360
v -0.048430 0.940830 -2.394700
v -0.044670 0.924190 -2.402360
v -0.045190 0.940830 -2.401310
v -0.048430 0.942540 -2.394700
v -0.044670 0.940830 -2.402360
v -0.045190 0.942540 -2.401310
v -0.044670 0.942540 -2.402360
v -0.045170 0.942540 -2.388050
v -0.048430 0.940830 -2.394700
v -0.048430 0.942540 -2.394700
v -0.045170 0.940830 -2.388050
v -0.048430 0.924190 -2.394700
v -0.044670 0.942540 -2.387030
v -0.045170 0.924190 -2.388050
v -0.048430 0.918730 -2.394700
v -0.045170 0.918730 -2.388050
v -0.044670 0.940830 -2.387030
v -0.044670 0.924190 -2.387030
v -0.044670 0.918730 -2.387030
v -0.042080 0.918730 -2.388300
v -0.042080 0.923430 -2.388290
v -0.042060 0.937760 -2.388260
v -0.042060 0.939230 -2.388250
v -0.043680 0.942600 -2.387090
v -0.041100 0.939300 -2.388290
v 0.027560 0.947490 -2.391030
v 0.027780 0.944390 -2.391080
v 0.030160 0.947670 -2.391170
v 0.030290 0.944580 -2.391180
v -0.044050 0.923340 -2.481120
v -0.043780 0.918730 -2.481910
v -0.044050 0.918730 -2.481130
v -0.043780 0.923350 -2.481890
v -0.041740 0.918730 -2.487870
v -0.044060 0.937070 -2.481090
v -0.041710 0.923410 -2.487840
v -0.043780 0.937110 -2.481850
v -0.044060 0.939230 -2.481080
v -0.041610 0.937360 -2.487740
v -0.043780 0.939260 -2.481840
v -0.041600 0.939550 -2.487720
v -0.042820 0.939350 -2.479890
v -0.043780 0.939260 -2.481840
v -0.044060 0.939230 -2.481080
v -0.042520 0.939390 -2.480630
v 0.000030 0.943730 -2.438690
v -0.041600 0.939550 -2.487720
v 0.000770 0.943730 -2.438800
v 0.001060 0.943830 -2.437700
v 0.001810 0.943830 -2.437800
v -0.040240 0.939670 -2.486370
v -0.036120 0.939280 -2.489760
v 0.006470 0.943730 -2.439660
v 0.007600 0.943830 -2.438530
v -0.034890 0.939410 -2.488500
v -0.034960 0.939230 -2.490190
v -0.033760 0.939350 -2.488950
v 0.007260 0.943730 -2.444970
v 0.008280 0.943830 -2.443920
v 0.007430 0.943730 -2.446100
v 0.008430 0.943830 -2.445060
v -0.046780 0.924080 -2.482070
v -0.046780 0.918730 -2.482070
v -0.046460 0.918730 -2.482990
v -0.046460 0.924080 -2.482990
v -0.046780 0.940040 -2.482070
v -0.044020 0.918730 -2.490140
v -0.046460 0.940040 -2.482990
v -0.046780 0.942540 -2.482070
v -0.046460 0.942540 -2.482990
v -0.044020 0.924080 -2.490140
v -0.037350 0.918730 -2.492420
v -0.044020 0.940040 -2.490140
v -0.044020 0.942540 -2.490140
v -0.037350 0.924080 -2.492420
v -0.035940 0.918730 -2.492900
v -0.035940 0.924080 -2.492900
v -0.037350 0.940040 -2.492420
v -0.037350 0.942540 -2.492420
v -0.035940 0.940040 -2.492900
v -0.035940 0.942540 -2.492900
v -0.045460 0.942700 -2.480850
v -0.046780 0.942540 -2.482070
v -0.046460 0.942540 -2.482990
v -0.045130 0.942700 -2.481750
v -0.000180 0.948280 -2.438840
v -0.044020 0.942540 -2.490140
v 0.000560 0.948280 -2.438960
v 0.000910 0.948410 -2.437830
v 0.001670 0.948410 -2.437930
v -0.042600 0.942700 -2.488720
v -0.037350 0.942540 -2.492420
v 0.006280 0.948280 -2.439850
v 0.007460 0.948410 -2.438670
v -0.036100 0.942700 -2.491090
v -0.035940 0.942540 -2.492900
v -0.034720 0.942700 -2.491590
v 0.007110 0.948280 -2.445170
v 0.008150 0.948410 -2.444070
v 0.007280 0.948280 -2.446300
v 0.008290 0.948410 -2.445210
v -0.041710 0.923410 -2.487840
v -0.036190 0.918730 -2.489770
v -0.041740 0.918730 -2.487870
v -0.036170 0.923350 -2.489770
v -0.035010 0.918730 -2.490170
v -0.041610 0.937360 -2.487740
v -0.035000 0.923340 -2.490180
v -0.036120 0.937120 -2.489760
v -0.041600 0.939550 -2.487720
v -0.034960 0.937070 -2.490190
v -0.036120 0.939280 -2.489760
v -0.034960 0.939230 -2.490190
v 0.054430 0.947670 -2.415570
v 0.054980 0.947640 -2.417300
v 0.054960 0.947670 -2.415970
v 0.054450 0.947640 -2.416910
v 0.051430 0.947670 -2.413250
v 0.059000 0.942650 -2.489080
v 0.051430 0.947640 -2.414620
v 0.048310 0.947670 -2.415660
v 0.057880 0.942650 -2.489620
v 0.059090 0.942540 -2.490800
v 0.057960 0.942540 -2.491350
v 0.051430 0.942650 -2.492690
v 0.051430 0.942540 -2.494560
v 0.048290 0.947640 -2.417000
v 0.047910 0.947670 -2.415970
v 0.047880 0.947640 -2.417300
v 0.044730 0.942650 -2.489500
v 0.044640 0.942540 -2.491230
v 0.043860 0.942650 -2.489080
v 0.043770 0.942540 -2.490800
v 0.054430 0.944580 -2.415430
v 0.054950 0.944580 -2.415840
v 0.054960 0.944550 -2.417160
v 0.054440 0.944550 -2.416760
v 0.051430 0.944580 -2.413110
v 0.057810 0.939350 -2.486530
v 0.051430 0.944550 -2.414460
v 0.048320 0.944580 -2.415520
v 0.056860 0.939390 -2.486940
v 0.057870 0.939230 -2.488180
v 0.056920 0.939270 -2.488620
v 0.051430 0.939660 -2.489350
v 0.051430 0.939550 -2.491130
v 0.048300 0.944550 -2.416850
v 0.047920 0.944580 -2.415840
v 0.047900 0.944550 -2.417160
v 0.045780 0.939380 -2.486850
v 0.045720 0.939260 -2.488520
v 0.045060 0.939350 -2.486530
v 0.044990 0.939230 -2.488180
v 0.057960 0.942540 -2.491350
v 0.059090 0.940960 -2.490800
v 0.059090 0.942540 -2.490800
v 0.057960 0.940960 -2.491350
v 0.051430 0.942540 -2.494560
v 0.059090 0.923900 -2.490800
v 0.051430 0.940960 -2.494560
v 0.057960 0.923900 -2.491350
v 0.059090 0.918730 -2.490800
v 0.051430 0.923900 -2.494560
v 0.057960 0.918730 -2.491350
v 0.051430 0.918730 -2.494560
v 0.044640 0.942540 -2.491230
v 0.051430 0.940960 -2.494560
v 0.051430 0.942540 -2.494560
v 0.044640 0.940960 -2.491230
v 0.043770 0.942540 -2.490800
v 0.051430 0.923900 -2.494560
v 0.043770 0.940960 -2.490800
v 0.044640 0.923900 -2.491230
v 0.051430 0.918730 -2.494560
v 0.043770 0.923900 -2.490800
v 0.044640 0.918730 -2.491230
v 0.043770 0.918730 -2.490800
v 0.145300 0.939270 -2.389080
v 0.144920 0.939230 -2.388250
v 0.144920 0.937210 -2.388260
v 0.145300 0.937250 -2.389080
v 0.147870 0.939550 -2.394700
v 0.144940 0.923520 -2.388290
v 0.147890 0.937510 -2.394700
v 0.145330 0.923530 -2.389110
v 0.144940 0.918730 -2.388300
v 0.148030 0.923600 -2.394700
v 0.145340 0.918730 -2.389120
v 0.148080 0.918730 -2.394700
v 0.145320 0.939270 -2.400270
v 0.147870 0.939550 -2.394700
v 0.147890 0.937510 -2.394700
v 0.145320 0.937250 -2.400270
v 0.144920 0.939230 -2.401140
v 0.148030 0.923600 -2.394700
v 0.144920 0.937210 -2.401130
v 0.145360 0.923530 -2.400240
v 0.148080 0.918730 -2.394700
v 0.144940 0.923520 -2.401100
v 0.145370 0.918730 -2.400230
v 0.144940 0.918730 -2.401090
v 0.148010 0.942540 -2.388010
v 0.147530 0.940200 -2.387030
v 0.147530 0.942540 -2.387030
v 0.148010 0.940200 -2.388010
v 0.151290 0.942540 -2.394700
v 0.147530 0.924290 -2.387030
v 0.151290 0.940200 -2.394700
v 0.148040 0.942540 -2.401330
v 0.148010 0.924290 -2.388010
v 0.147530 0.918730 -2.387030
v 0.148010 0.918730 -2.388010
v 0.151290 0.924290 -2.394700
v 0.151290 0.918730 -2.394700
v 0.148040 0.940200 -2.401330
v 0.147530 0.942540 -2.402360
v 0.147530 0.940200 -2.402360
v 0.148040 0.924290 -2.401330
v 0.148040 0.918730 -2.401330
v 0.147530 0.924290 -2.402360
v 0.147530 0.918730 -2.402360
v 0.143160 0.939360 -2.401070
v 0.145320 0.939270 -2.400270
v 0.144920 0.939230 -2.401140
v 0.143540 0.939400 -2.400210
v 0.073820 0.944480 -2.398260
v 0.147870 0.939550 -2.394700
v 0.073470 0.944480 -2.397780
v 0.072570 0.944580 -2.398210
v 0.072210 0.944580 -2.397740
v 0.145970 0.939670 -2.394700
v 0.145300 0.939270 -2.389080
v 0.071200 0.944490 -2.394700
v 0.069850 0.944580 -2.394700
v 0.143520 0.939400 -2.389140
v 0.144920 0.939230 -2.388250
v 0.143160 0.939360 -2.388320
v 0.073490 0.944480 -2.391580
v 0.072220 0.944580 -2.391630
v 0.073820 0.944480 -2.391130
v 0.072570 0.944580 -2.391180
v 0.145710 0.942660 -2.402260
v 0.147530 0.942540 -2.402360
v 0.148040 0.942540 -2.401330
v 0.146200 0.942660 -2.401240
v 0.074000 0.947580 -2.398290
v 0.151290 0.942540 -2.394700
v 0.073650 0.947580 -2.397810
v 0.072710 0.947670 -2.398220
v 0.072340 0.947670 -2.397750
v 0.149320 0.942660 -2.394700
v 0.148010 0.942540 -2.388010
v 0.071390 0.947580 -2.394700
v 0.069980 0.947670 -2.394700
v 0.146170 0.942660 -2.388100
v 0.147530 0.942540 -2.387030
v 0.145710 0.942660 -2.387130
v 0.073670 0.947580 -2.391560
v 0.072360 0.947670 -2.391620
v 0.074000 0.947580 -2.391100
v 0.072710 0.947670 -2.391170
v 0.101120 0.943830 -2.437790
v 0.101850 0.943830 -2.437700
v 0.102440 0.943770 -2.438280
v 0.101730 0.943770 -2.438380
v 0.095310 0.943830 -2.438530
v 0.146340 0.939290 -2.480510
v 0.095970 0.943780 -2.439180
v 0.094560 0.943830 -2.444430
v 0.146060 0.939320 -2.481240
v 0.146930 0.939230 -2.481080
v 0.146650 0.939260 -2.481820
v 0.143810 0.939610 -2.487080
v 0.144460 0.939550 -2.487720
v 0.095150 0.943770 -2.445040
v 0.094480 0.943830 -2.445060
v 0.095060 0.943770 -2.445660
v 0.137880 0.939320 -2.489360
v 0.138460 0.939260 -2.489950
v 0.137250 0.939290 -2.489600
v 0.137820 0.939230 -2.490190
v 0.101270 0.948410 -2.437930
v 0.102630 0.948340 -2.438420
v 0.102000 0.948410 -2.437830
v 0.101910 0.948340 -2.438520
v 0.095450 0.948410 -2.438670
v 0.149010 0.942610 -2.481490
v 0.096140 0.948340 -2.439350
v 0.094700 0.948410 -2.444580
v 0.148700 0.942610 -2.482370
v 0.149640 0.942540 -2.482070
v 0.149330 0.942540 -2.482960
v 0.146200 0.942610 -2.489470
v 0.146880 0.942540 -2.490140
v 0.095290 0.948340 -2.445220
v 0.094620 0.948410 -2.445210
v 0.095200 0.948340 -2.445840
v 0.138990 0.942610 -2.492010
v 0.139580 0.942540 -2.492640
v 0.138220 0.942610 -2.492280
v 0.138800 0.942540 -2.492900
v 0.149330 0.942540 -2.482960
v 0.149640 0.941320 -2.482070
v 0.149640 0.942540 -2.482070
v 0.149330 0.941320 -2.482960
v 0.146880 0.942540 -2.490140
v 0.149640 0.923490 -2.482070
v 0.146880 0.941320 -2.490140
v 0.149330 0.923490 -2.482960
v 0.149640 0.918730 -2.482070
v 0.146880 0.923490 -2.490140
v 0.149330 0.918730 -2.482960
v 0.146880 0.918730 -2.490140
v 0.139580 0.942540 -2.492640
v 0.146880 0.941320 -2.490140
v 0.146880 0.942540 -2.490140
v 0.139580 0.941320 -2.492640
v 0.138800 0.942540 -2.492900
v 0.146880 0.923490 -2.490140
v 0.138800 0.941320 -2.492900
v 0.139580 0.923490 -2.492640
v 0.146880 0.918730 -2.490140
v 0.138800 0.923490 -2.492900
v 0.139580 0.918730 -2.492640
v 0.138800 0.918730 -2.492900
v -0.029680 0.920920 -2.305730
v -0.038570 0.922490 -2.312390
v -0.037920 0.920920 -2.313970
v -0.031250 0.922490 -2.305080
v -0.043750 0.922530 -2.299900
v -0.042660 0.922560 -2.294970
v 0.133350 0.922490 -2.305080
v -0.043750 0.922530 -2.489490
v -0.038570 0.922490 -2.477000
v -0.031250 0.922490 -2.484310
v -0.037920 0.920920 -2.475420
v -0.029680 0.920920 -2.483660
v -0.042660 0.922560 -2.494420
v 0.133350 0.922490 -2.484310
v -0.044430 0.922530 -2.490170
v -0.044430 0.922530 -2.299220
v -0.048680 0.922560 -2.488410
v -0.048680 0.922560 -2.300980
v -0.050250 0.921000 -2.487760
v -0.050250 0.921000 -2.301630
v 0.144760 0.922560 -2.494420
v 0.144110 0.921000 -2.495990
v -0.042010 0.921000 -2.495990
v 0.145840 0.922530 -2.489490
v 0.140670 0.922490 -2.477000
v 0.131780 0.920920 -2.483660
v 0.140020 0.920920 -2.475420
v 0.146520 0.922530 -2.490170
v 0.150770 0.922560 -2.488410
v 0.145840 0.922530 -2.299900
v 0.140670 0.922490 -2.312390
v 0.146520 0.922530 -2.299220
v 0.150770 0.922560 -2.300980
v 0.152350 0.921000 -2.301630
v 0.152350 0.921000 -2.487760
v 0.144760 0.922560 -2.294970
v 0.140020 0.920920 -2.313970
v 0.131780 0.920920 -2.305730
v -0.042010 0.921000 -2.293400
v 0.144110 0.921000 -2.293400
v 0.131780 0.920920 -2.305730
v 0.133350 0.922490 -2.305080
v -0.031250 0.922490 -2.305080
v -0.029680 0.920920 -2.305730
v 0.131780 0.920240 -2.305730
v -0.029680 0.920240 -2.305730
v 0.131780 0.917640 -2.305730
v -0.037920 0.920240 -2.313970
v -0.037920 0.920920 -2.313970
v -0.037920 0.917640 -2.313970
v -0.029680 0.917640 -2.305730
v 0.131780 0.916540 -2.305730
v -0.037920 0.916540 -2.313970
v -0.029680 0.916540 -2.305730
v -0.029680 0.920920 -2.483660
v -0.031250 0.922490 -2.484310
v 0.133350 0.922490 -2.484310
v 0.131780 0.920920 -2.483660
v -0.029680 0.920240 -2.483660
v 0.131780 0.920240 -2.483660
v -0.029680 0.917640 -2.483660
v 0.140020 0.920240 -2.475420
v 0.140020 0.920920 -2.475420
v 0.140020 0.917640 -2.475420
v 0.131780 0.917640 -2.483660
v -0.029680 0.916540 -2.483660
v 0.140020 0.916540 -2.475420
v 0.131780 0.916540 -2.483660
v 0.146520 0.916500 -2.299220
v 0.152350 0.916470 -2.301630
v 0.152350 0.916470 -2.487760
v 0.144110 0.916470 -2.293400
v 0.146520 0.916500 -2.490170
v 0.144110 0.916470 -2.495990
v 0.145840 0.916510 -2.299900
v 0.145840 0.916510 -2.489490
v 0.131780 0.916540 -2.305730
v -0.042010 0.916470 -2.293400
v 0.140020 0.916540 -2.313970
v 0.140020 0.916540 -2.475420
v 0.131780 0.916540 -2.483660
v -0.042010 0.916470 -2.495990
v -0.029680 0.916540 -2.305730
v -0.029680 0.916540 -2.483660
v -0.043750 0.916510 -2.299900
v -0.037920 0.916540 -2.313970
v -0.037920 0.916540 -2.475420
v -0.043750 0.916510 -2.489490
v -0.044430 0.916500 -2.299220
v -0.050250 0.916470 -2.301630
v -0.044430 0.916500 -2.490170
v -0.050250 0.916470 -2.487760
v 0.051050 0.924440 -2.442160
v 0.051050 0.924110 -2.444090
v 0.069950 0.924110 -2.440330
v 0.069210 0.924440 -2.438550
v 0.085980 0.924110 -2.429620
v 0.032880 0.924440 -2.438550
v 0.032150 0.924110 -2.440330
v 0.084610 0.924440 -2.428260
v 0.096680 0.924110 -2.413600
v 0.017480 0.924440 -2.428260
v 0.016120 0.924110 -2.429620
v 0.094900 0.924440 -2.412860
v 0.100440 0.924110 -2.394700
v 0.007200 0.924440 -2.412860
v 0.005410 0.924110 -2.413600
v 0.098510 0.924440 -2.394700
v 0.096680 0.924110 -2.375790
v 0.003580 0.924440 -2.394700
v 0.001650 0.924110 -2.394700
v 0.094900 0.924440 -2.376530
v 0.085980 0.924110 -2.359770
v 0.007200 0.924440 -2.376530
v 0.005410 0.924110 -2.375790
v 0.084610 0.924440 -2.361130
v 0.069950 0.924110 -2.349060
v 0.017480 0.924440 -2.361130
v 0.016120 0.924110 -2.359770
v 0.069210 0.924440 -2.350840
v 0.051050 0.924110 -2.345300
v 0.032880 0.924440 -2.350840
v 0.032150 0.924110 -2.349060
v 0.051050 0.924440 -2.347230
v 0.018750 0.926580 -2.381320
v 0.026330 0.926580 -2.369970
v 0.037670 0.926580 -2.362400
v 0.051050 0.926580 -2.359740
v 0.064430 0.926580 -2.362400
v 0.075770 0.926580 -2.369970
v 0.016090 0.926580 -2.394700
v 0.083350 0.926580 -2.381320
v 0.018750 0.926580 -2.408070
v 0.086010 0.926580 -2.394700
v 0.026330 0.926580 -2.419420
v 0.083350 0.926580 -2.408070
v 0.037670 0.926580 -2.426990
v 0.075770 0.926580 -2.419420
v 0.051050 0.926580 -2.429660
v 0.064430 0.926580 -2.426990
v 0.035100 0.924900 -2.401300
v 0.038840 0.924900 -2.406900
v 0.044440 0.924900 -2.410650
v 0.051050 0.924900 -2.411960
v 0.057660 0.924900 -2.410650
v 0.063260 0.924900 -2.406900
v 0.033780 0.924900 -2.394700
v 0.067000 0.924900 -2.401300
v 0.035100 0.924900 -2.388090
v 0.068310 0.924900 -2.394700
v 0.038840 0.924900 -2.382490
v 0.067000 0.924900 -2.388090
v 0.044440 0.924900 -2.378740
v 0.063260 0.924900 -2.382490
v 0.051050 0.924900 -2.377430
v 0.057660 0.924900 -2.378740
v 0.040090 0.924730 -2.383740
v 0.036730 0.924730 -2.388770
v 0.045120 0.924730 -2.380380
v 0.051050 0.924730 -2.379200
v 0.035550 0.924730 -2.394700
v 0.056980 0.924730 -2.380380
v 0.062000 0.924730 -2.383740
v 0.036730 0.924730 -2.400620
v 0.065360 0.924730 -2.388770
v 0.040090 0.924730 -2.405650
v 0.066540 0.924730 -2.394700
v 0.045120 0.924730 -2.409010
v 0.065360 0.924730 -2.400620
v 0.051050 0.924730 -2.410190
v 0.062000 0.924730 -2.405650
v 0.056980 0.924730 -2.409010
v 0.068590 0.939890 -2.401960
v 0.066790 0.940490 -2.401210
v 0.063100 0.940490 -2.406740
v 0.064470 0.939890 -2.408120
v 0.070030 0.939890 -2.394700
v 0.068090 0.940490 -2.394700
v 0.068590 0.939890 -2.387430
v 0.066790 0.940490 -2.388180
v 0.064470 0.939890 -2.381270
v 0.063100 0.940490 -2.382650
v 0.058310 0.939890 -2.377160
v 0.057570 0.940490 -2.410440
v 0.058310 0.939890 -2.412230
v 0.057570 0.940490 -2.378950
v 0.051050 0.939890 -2.375710
v 0.051050 0.940490 -2.377660
v 0.043780 0.939890 -2.377160
v 0.051050 0.940490 -2.411730
v 0.051050 0.939890 -2.413680
v 0.044530 0.940490 -2.378950
v 0.037620 0.939890 -2.381270
v 0.044530 0.940490 -2.410440
v 0.043780 0.939890 -2.412230
v 0.039000 0.940490 -2.406740
v 0.037620 0.939890 -2.408120
v 0.039000 0.940490 -2.382650
v 0.033510 0.939890 -2.387430
v 0.035310 0.940490 -2.401210
v 0.033510 0.939890 -2.401960
v 0.035310 0.940490 -2.388180
v 0.032060 0.939890 -2.394700
v 0.034010 0.940490 -2.394700
vn 0.8156 0.1931 -0.5455
vn 0.9060 0.1964 -0.3750
vn 0.8155 0.1934 -0.5454
vn 0.9056 0.1972 -0.3756
vn 0.8152 0.1949 -0.5454
vn 0.9796 0.2011 -0.0006
vn 0.9057 0.1973 -0.3753
vn 0.8150 0.1957 -0.5454
vn 0.9056 0.1967 -0.3758
vn 0.9799 0.1993 -0.0003
vn 0.9058 0.1966 0.3753
vn 0.9804 0.1968 -0.0001
vn 0.9806 0.1961 -0.0001
vn 0.9056 0.1970 0.3755
vn 0.6929 0.1967 0.6937
vn 0.9058 0.1972 0.3751
vn 0.9056 0.1968 0.3758
vn 0.6930 0.1973 0.6934
vn 0.5448 0.1979 0.8149
vn 0.5449 0.1958 0.8153
vn 0.6928 0.1984 0.6933
vn 0.6926 0.1998 0.6931
vn 0.5447 0.1963 0.8153
vn 0.5446 0.2000 0.8145
vn 0.1920 0.1991 0.9610
vn -0.0006 0.1952 0.9808
vn 0.1913 0.1953 0.9619
vn -0.0001 0.1962 0.9806
vn 0.1911 0.1966 0.9617
vn -0.3742 0.2021 0.9051
vn -0.0001 0.1968 0.9804
vn 0.1911 0.1991 0.9612
vn -0.0004 0.1965 0.9805
vn -0.3746 0.1993 0.9055
vn -0.6936 0.1970 0.6929
vn -0.3751 0.1986 0.9054
vn -0.3735 0.2006 0.9057
vn -0.6936 0.1969 0.6930
vn -0.8162 0.1930 0.5446
vn -0.8161 0.1935 0.5446
vn -0.6938 0.1959 0.6930
vn -0.6934 0.1944 0.6939
vn -0.8157 0.1937 0.5450
vn -0.8155 0.1937 0.5453
vn -0.9624 0.1924 0.1919
vn -0.9808 0.1949 -0.0003
vn -0.9622 0.1933 0.1918
vn -0.9806 0.1962 -0.0003
vn -0.9623 0.1932 0.1914
vn -0.9060 0.1963 -0.3750
vn -0.9804 0.1968 -0.0002
vn -0.9625 0.1924 0.1913
vn -0.9806 0.1961 -0.0001
vn -0.9058 0.1970 -0.3752
vn -0.6933 0.1967 -0.6933
vn -0.9059 0.1972 -0.3748
vn -0.9057 0.1965 -0.3755
vn -0.6934 0.1973 -0.6930
vn -0.5448 0.1978 -0.8149
vn -0.5450 0.1958 -0.8153
vn -0.6936 0.1958 -0.6932
vn -0.6930 0.1944 -0.6943
vn -0.5450 0.1942 -0.8157
vn -0.5451 0.1958 -0.8152
vn -0.1917 0.1989 -0.9611
vn 0.0008 0.1952 -0.9808
vn -0.1910 0.1953 -0.9620
vn 0.0003 0.1962 -0.9806
vn -0.1909 0.1958 -0.9619
vn 0.3744 0.2019 -0.9050
vn -0.0000 0.2005 -0.9797
vn -0.1910 0.1986 -0.9613
vn -0.0000 0.2037 -0.9790
vn 0.3747 0.1993 -0.9055
vn 0.5453 0.1937 -0.8156
vn 0.5453 0.1932 -0.8157
vn 0.3749 0.2002 -0.9052
vn 0.3746 0.2035 -0.9046
vn 0.5449 0.1950 -0.8155
vn 0.5451 0.1959 -0.8152
vn -0.0000 -1.0000 -0.0000
vn -0.0000 1.0000 -0.0000
vn 0.5562 -0.0000 0.8310
vn 0.7074 -0.0000 0.7068
vn 0.9239 -0.0000 0.3827
vn 1.0000 -0.0000 -0.0002
vn 0.9238 -0.0000 -0.3828
vn 0.8315 -0.0000 -0.5555
vn 0.8316 -0.0000 -0.5554
vn -0.5554 -0.0000 -0.8316
vn -0.5555 -0.0000 -0.8315
vn -0.7071 -0.0000 -0.7071
vn -0.9238 -0.0000 -0.3828
vn -1.0000 -0.0000 -0.0002
vn -0.9808 -0.0000 0.1952
vn -0.0000 -0.0000 1.0000
vn 0.1952 -0.0000 0.9808
vn -0.3827 -0.0000 0.9239
vn -0.7071 -0.0000 0.7071
vn -0.8316 -0.0000 0.5554
vn -0.8315 -0.0000 0.5555
vn -0.0000 -0.0000 -1.0000
vn -0.1952 -0.0000 -0.9808
vn 0.3831 -0.0000 -0.9237
vn 0.5562 -0.0000 -0.8310
vn 0.1951 -0.0000 0.9808
vn -0.7070 -0.0000 0.7072
vn -0.8313 -0.0000 0.5558
vn -0.1951 -0.0000 -0.9808
vn 0.3827 -0.0000 -0.9239
vn 0.5555 -0.0000 -0.8315
vn 0.9239 -0.0000 -0.3826
vn 1.0000 -0.0000 -0.0000
vn 0.9239 -0.0000 0.3826
vn 0.7072 -0.0000 0.7070
vn 0.5555 -0.0000 0.8315
vn 0.7072 -0.0000 0.7071
vn -1.0000 -0.0000 -0.0001
vn -0.9808 -0.0000 0.1950
vn -1.0000 -0.0000 -0.0000
vn -0.7070 -0.0000 -0.7072
vn -0.7002 0.1344 0.7012
vn -0.7067 -0.0000 0.7075
vn -0.3824 -0.0000 0.9240
vn -0.4536 0.0873 0.8869
vn -0.6521 0.3853 0.6530
vn -0.6523 0.3843 0.6533
vn -0.7067 -0.0000 -0.7076
vn -0.9238 -0.0000 -0.3830
vn -0.7002 0.1348 -0.7011
vn -0.8866 0.0871 -0.4543
vn -0.6523 0.3845 -0.6532
vn -0.6519 0.3855 -0.6530
vn 0.7067 -0.0000 0.7076
vn 0.9238 -0.0000 0.3830
vn 0.7003 0.1349 0.7010
vn 0.8866 0.0878 0.4540
vn 0.6514 0.3878 0.6522
vn 0.6526 0.3849 0.6526
vn 0.7003 0.1355 -0.7009
vn 0.7067 -0.0000 -0.7075
vn 0.3824 -0.0000 -0.9240
vn 0.4536 0.0873 -0.8869
vn 0.6521 0.3856 -0.6528
vn 0.6516 0.3885 -0.6516
vn 0.9592 0.1764 0.2208
vn 0.7071 -0.0000 0.7071
vn 0.9726 0.2324 -0.0000
vn 0.9239 0.3825 -0.0000
vn -0.7072 -0.0000 -0.7070
vn -0.9592 0.1764 -0.2209
vn -0.9239 -0.0000 -0.3827
vn -0.9726 0.2324 -0.0000
vn -0.9239 0.3825 -0.0000
vn -0.4404 -0.0000 -0.8978
vn -0.4393 -0.0006 -0.8983
vn -0.4377 -0.0005 -0.8991
vn -0.4364 -0.0012 -0.8997
vn -0.4265 -0.0005 -0.9045
vn -0.4234 -0.0027 -0.9059
vn -0.4239 -0.0014 -0.9057
vn -0.4187 -0.0045 -0.9081
vn -0.7909 0.0333 0.6110
vn -0.7910 0.0335 0.6109
vn -0.7899 0.0337 0.6123
vn -0.7899 0.0338 0.6123
vn -0.4625 0.0181 0.8864
vn -0.4582 0.0154 0.8887
vn -0.0533 -0.0044 0.9986
vn -0.0484 -0.0116 0.9988
vn -0.0681 -0.2876 0.9553
vn -0.0614 -0.2976 0.9527
vn -0.2244 -0.1737 0.9589
vn -0.2596 -0.1484 0.9542
vn -0.4240 -0.0007 0.9057
vn -0.4261 -0.0013 0.9047
vn -0.4365 -0.0013 0.8997
vn -0.4378 -0.0014 0.8991
vn -0.4393 -0.0012 0.8983
vn -0.4403 -0.0019 0.8979
vn -0.0000 -1.0000 -0.0001
vn -0.0000 -1.0000 0.0001
vn -0.0000 -1.0000 0.0002
vn -0.0717 -0.2946 -0.9529
vn -0.0619 -0.2969 -0.9529
vn -0.0704 -0.2930 -0.9535
vn -0.0681 -0.2873 -0.9554
vn -0.0483 -0.0115 -0.9988
vn -0.0424 -0.0050 -0.9991
vn -0.0509 -0.0052 -0.9987
vn -0.0401 -0.0014 -0.9992
vn -0.7854 0.0336 -0.6180
vn -0.7926 0.0317 -0.6089
vn -0.7884 0.0323 -0.6143
vn -0.7918 0.0318 -0.6100
vn -0.7899 0.0324 -0.6124
vn -0.7894 0.0332 -0.6129
vn 0.7906 0.0358 -0.6112
vn 0.7897 0.0338 -0.6125
vn 0.7905 0.0323 -0.6116
vn 0.7901 0.0313 -0.6122
vn 0.4648 0.0167 -0.8852
vn 0.4613 0.0129 -0.8871
vn 0.0521 -0.0092 -0.9986
vn 0.0486 -0.0174 -0.9987
vn 0.0707 -0.2877 -0.9551
vn 0.0617 -0.2991 -0.9522
vn 0.2276 -0.1717 -0.9585
vn 0.2592 -0.1488 -0.9543
vn 0.4238 -0.0006 -0.9058
vn 0.4256 -0.0016 -0.9049
vn 0.4363 -0.0013 -0.8998
vn 0.4377 -0.0014 -0.8991
vn 0.4393 -0.0012 -0.8983
vn 0.4404 -0.0019 -0.8978
vn 0.7932 0.0314 0.6081
vn 0.7936 0.0314 0.6077
vn 0.7924 0.0314 0.6092
vn 0.7920 0.0323 0.6096
vn 0.7901 0.0339 0.6120
vn 0.7891 0.0358 0.6132
vn 0.8978 -0.0000 -0.4403
vn 0.8986 -0.0009 -0.4388
vn 0.8997 -0.0008 -0.4366
vn 0.9005 -0.0018 -0.4349
vn 0.9058 -0.0005 -0.4237
vn 0.9072 -0.0026 -0.4207
vn 0.9584 -0.1759 -0.2247
vn 0.9551 -0.1454 -0.2581
vn 0.9533 -0.2941 -0.0687
vn 0.9553 -0.2875 -0.0683
vn 0.9988 -0.0146 -0.0471
vn 0.9991 -0.0074 -0.0419
vn 0.9989 -0.0068 -0.0468
vn 0.9993 -0.0017 -0.0373
vn -0.6107 0.0358 -0.7910
vn -0.6113 0.0349 -0.7906
vn -0.6122 0.0342 -0.7899
vn -0.6153 0.0326 -0.7876
vn -0.8859 0.0178 -0.4635
vn -0.8895 0.0132 -0.4567
vn -0.9985 -0.0067 -0.0538
vn -0.9987 -0.0144 -0.0497
vn -0.9561 -0.2849 -0.0687
vn -0.9534 -0.2955 -0.0617
vn -0.9591 -0.1724 -0.2244
vn -0.9546 -0.1480 -0.2584
vn -0.9064 -0.0003 -0.4223
vn -0.9058 -0.0009 -0.4236
vn -0.9005 -0.0014 -0.4349
vn -0.8997 -0.0017 -0.4366
vn -0.8986 -0.0019 -0.4388
vn -0.8978 -0.0029 -0.4403
vn 0.6036 0.0315 -0.7966
vn 0.6172 0.0350 -0.7860
vn 0.6085 0.0340 -0.7928
vn 0.6153 0.0357 -0.7875
vn 0.6112 0.0358 -0.7907
vn -0.8979 -0.0000 0.4403
vn -0.3227 -0.0014 0.9465
vn -0.8996 -0.0008 0.4366
vn -0.3251 -0.0015 0.9457
vn -0.9059 -0.0005 0.4235
vn 0.4416 -0.0010 0.8972
vn -0.3515 -0.0047 0.9362
vn -0.9064 -0.0007 0.4224
vn -0.5250 -0.0027 0.8511
vn 0.4393 -0.0017 0.8983
vn -0.0021 -0.0091 1.0000
vn 0.4156 -0.0024 0.9095
vn 0.4203 0.0020 0.9074
vn -0.0022 -0.0080 1.0000
vn -0.4386 -0.0028 0.8987
vn -0.0016 -0.0102 0.9999
vn -0.0012 -0.0134 0.9999
vn -0.4366 -0.0027 0.8997
vn -0.4396 -0.0010 0.8982
vn -0.4152 -0.0008 0.9097
vn -0.4166 -0.0019 0.9091
vn -0.4140 -0.0011 0.9103
vn -0.4207 -0.0067 0.9072
vn 0.6115 0.0358 0.7905
vn 0.6114 0.0358 0.7905
vn 0.6065 0.0360 0.7943
vn 0.6139 0.0338 0.7887
vn 0.8955 0.0180 0.4447
vn 0.8943 0.0146 0.4472
vn 0.9994 -0.0037 0.0347
vn 0.9994 -0.0097 0.0321
vn 0.9551 -0.2889 0.0662
vn 0.9526 -0.2980 0.0609
vn 0.9592 -0.1745 0.2226
vn 0.9549 -0.1496 0.2567
vn 0.9065 -0.0003 0.4223
vn 0.9059 -0.0009 0.4235
vn 0.9004 -0.0014 0.4350
vn 0.8996 -0.0017 0.4366
vn 0.8986 -0.0019 0.4387
vn 0.8979 -0.0030 0.4402
vn -0.9525 -0.2966 0.0688
vn -0.9525 -0.2980 0.0633
vn -0.9530 -0.2948 0.0695
vn -0.9548 -0.2889 0.0695
vn -0.9994 -0.0098 0.0325
vn -0.9996 -0.0040 0.0292
vn -0.9998 -0.0047 0.0208
vn -0.9999 -0.0026 0.0152
vn -0.6121 0.0313 0.7902
vn -0.6235 0.0331 0.7811
vn -0.6122 0.0327 0.7900
vn -0.6180 0.0340 0.7854
vn -0.6116 0.0350 0.7904
vn -0.6121 0.0358 0.7900
vn 0.3224 -0.0000 -0.9466
vn 0.3248 -0.0012 -0.9458
vn 0.3289 -0.0011 -0.9443
vn 0.3311 -0.0026 -0.9436
vn 0.3399 -0.0005 -0.9405
vn 0.3418 -0.0018 -0.9398
vn 0.5233 -0.1820 -0.8325
vn 0.4966 -0.1469 -0.8554
vn 0.6333 -0.2977 -0.7143
vn 0.6391 -0.2857 -0.7141
vn 0.6855 -0.0163 -0.7279
vn 0.6909 -0.0079 -0.7229
vn 0.3022 0.0138 -0.9532
vn 0.3178 0.0176 -0.9480
vn -0.1298 0.0335 -0.9910
vn -0.1222 0.0343 -0.9919
vn -0.1265 0.0343 -0.9914
vn -0.1266 0.0342 -0.9914
vn -0.9913 0.0342 -0.1270
vn -0.9914 0.0332 -0.1263
vn -0.9919 0.0324 -0.1225
vn -0.9914 0.0331 -0.1269
vn -0.9922 0.0322 -0.1206
vn -0.9909 0.0346 -0.1301
vn -0.0000 -1.0000 0.0003
vn -0.7326 0.0001 0.6807
vn -0.7245 -0.0067 0.6893
vn -0.7314 -0.0055 0.6819
vn -0.7274 -0.0148 0.6861
vn -0.7162 -0.2843 0.6374
vn -0.7045 -0.3021 0.6422
vn -0.3471 -0.1166 0.9305
vn -0.8532 -0.1545 0.4981
vn -0.4316 -0.0007 0.9021
vn -0.9406 -0.0016 0.3396
vn 0.3233 -0.0000 0.9463
vn -0.4376 -0.0009 0.8992
vn -0.9445 -0.0013 0.3284
vn 0.3237 -0.0000 0.9462
vn 0.3234 -0.0000 0.9463
vn 0.3237 -0.0000 0.9461
vn -0.4390 -0.0009 0.8985
vn -0.9455 -0.0018 0.3256
vn 0.3235 -0.0000 0.9462
vn -0.3257 -0.0000 0.9455
vn -0.3268 -0.0006 0.9451
vn -0.3283 -0.0005 0.9446
vn -0.3296 -0.0013 0.9441
vn -0.3387 -0.0004 0.9409
vn -0.3417 -0.0024 0.9398
vn -0.5222 -0.1807 0.8335
vn -0.4994 -0.1502 0.8533
vn -0.6307 -0.2984 0.7164
vn -0.6373 -0.2896 0.7142
vn -0.6852 -0.0133 0.7283
vn -0.6913 -0.0057 0.7225
vn -0.3027 0.0146 0.9530
vn -0.3111 0.0167 0.9502
vn 0.1287 0.0322 0.9912
vn 0.1288 0.0326 0.9911
vn 0.1258 0.0332 0.9915
vn 0.1251 0.0341 0.9916
vn 0.9914 0.0342 0.1267
vn 0.9915 0.0333 0.1260
vn 0.9918 0.0326 0.1238
vn 0.9913 0.0332 0.1270
vn 0.9919 0.0325 0.1232
vn 0.9909 0.0345 0.1303
vn 0.7336 0.0002 -0.6796
vn 0.7234 -0.0053 -0.6904
vn 0.7323 -0.0034 -0.6809
vn 0.7273 -0.0119 -0.6862
vn 0.7137 -0.2903 -0.6375
vn 0.7019 -0.3080 -0.6422
vn 0.7117 -0.3000 -0.6352
vn 0.6961 -0.3201 -0.6427
vn 0.9404 -0.0000 -0.3400
vn 0.9404 -0.0000 -0.3401
vn 0.9407 -0.0002 -0.3392
vn 0.9447 -0.0015 -0.3280
vn 0.9453 -0.0017 -0.3262
vn 0.9461 -0.0018 -0.3240
vn 0.9466 -0.0028 -0.3225
vn 0.9466 -0.0000 0.3225
vn 0.9458 -0.0011 0.3248
vn 0.9443 -0.0011 0.3290
vn 0.9436 -0.0026 0.3310
vn 0.9405 -0.0004 0.3399
vn 0.9391 -0.0030 0.3437
vn 0.8314 -0.1821 0.5249
vn 0.8519 -0.1530 0.5008
vn 0.7146 -0.3012 0.6314
vn 0.7141 -0.2934 0.6355
vn 0.7284 -0.0148 0.6850
vn 0.7223 -0.0063 0.6916
vn 0.9524 0.0156 0.3044
vn 0.9493 0.0187 0.3138
vn 0.9913 0.0345 -0.1268
vn 0.9913 0.0344 -0.1268
vn 0.9915 0.0343 -0.1255
vn 0.9915 0.0341 -0.1256
vn 0.1275 0.0342 -0.9913
vn 0.1268 0.0334 -0.9914
vn 0.1261 0.0327 -0.9915
vn 0.1254 0.0323 -0.9916
vn 0.1255 0.0323 -0.9916
vn 0.1247 0.0322 -0.9917
vn -0.6819 -0.0016 -0.7315
vn -0.6906 -0.0076 -0.7232
vn -0.6820 -0.0061 -0.7313
vn -0.6862 -0.0149 -0.7273
vn -0.6371 -0.2960 -0.7117
vn -0.6412 -0.3118 -0.7012
vn -0.5269 -0.1812 -0.8304
vn -0.4988 -0.1549 -0.8528
vn -0.3420 -0.0000 -0.9397
vn -0.3411 -0.0002 -0.9400
vn -0.3300 -0.0016 -0.9440
vn -0.3284 -0.0015 -0.9445
vn -0.3265 -0.0012 -0.9452
vn -0.3255 -0.0018 -0.9456
vn -0.9466 -0.0000 -0.3224
vn -0.9460 -0.0011 -0.3241
vn -0.9453 -0.0008 -0.3261
vn -0.9447 -0.0019 -0.3278
vn -0.9405 -0.0005 -0.3399
vn -0.9397 -0.0020 -0.3421
vn -0.8310 -0.1838 -0.5251
vn -0.8542 -0.1521 -0.4972
vn -0.7133 -0.3040 -0.6314
vn -0.7129 -0.2965 -0.6355
vn -0.7294 -0.0103 -0.6840
vn -0.7213 -0.0032 -0.6926
vn -0.9524 0.0170 -0.3042
vn -0.9488 0.0187 -0.3154
vn -0.9915 0.0344 0.1258
vn -0.9914 0.0344 0.1260
vn -0.9914 0.0343 0.1259
vn -0.9914 0.0342 0.1260
vn -0.1261 0.0341 0.9914
vn -0.1262 0.0343 0.9914
vn -0.1310 0.0346 0.9908
vn -0.1247 0.0335 0.9916
vn -0.1343 0.0345 0.9903
vn -0.1216 0.0321 0.9921
vn -0.0000 -1.0000 -0.0002
vn 0.6833 -0.0017 0.7301
vn 0.6987 -0.0066 0.7153
vn 0.6827 -0.0040 0.7306
vn 0.6902 -0.0122 0.7235
vn 0.6353 -0.2925 0.7148
vn 0.6418 -0.3111 0.7009
vn 0.6314 -0.2973 0.7162
vn 0.6422 -0.3170 0.6979
vn 0.3429 -0.0000 0.9394
vn -0.2300 -0.0000 0.9732
vn 0.3430 -0.0000 0.9393
vn -0.4163 -0.0000 0.9092
vn 0.3298 -0.0015 0.9441
vn -0.9364 -0.0000 0.3509
vn -0.4361 -0.0018 0.8999
vn 0.3268 -0.0014 0.9451
vn -0.4378 -0.0022 0.8991
vn -0.9367 -0.0005 0.3502
vn -0.7077 -0.0126 0.7064
vn -0.9444 -0.0024 0.3287
vn -0.9452 -0.0023 0.3266
vn -0.7084 -0.0098 0.7058
vn -0.3488 -0.0006 0.9372
vn -0.7088 -0.0076 0.7053
vn -0.7086 -0.0085 0.7056
vn -0.3477 -0.0021 0.9376
vn -0.3514 -0.0000 0.9362
vn -0.3511 -0.0006 0.9364
vn -0.3304 -0.0015 0.9438
vn -0.3223 0.0002 0.9466
vn -0.3331 -0.0004 0.9429
vn -0.3199 0.0015 0.9475
vn -0.4402 -0.0010 -0.8979
vn -0.4400 -0.0010 -0.8980
vn -0.4404 -0.0002 -0.8978
vn -0.4381 -0.0015 -0.8989
vn -0.4371 -0.0048 -0.8994
vn -0.4166 -0.0037 -0.9091
vn -0.4330 -0.0056 -0.9014
vn -0.4185 -0.0043 -0.9082
vn -0.4177 -0.0044 -0.9086
vn -0.4175 -0.0100 -0.9086
vn -0.4184 -0.0039 -0.9083
vn -0.4165 -0.0119 -0.9091
vn -0.0795 -0.9945 -0.0688
vn -0.0802 -0.9944 -0.0683
vn -0.0789 -0.9944 -0.0696
vn -0.0786 -0.9945 -0.0687
vn 0.0533 -0.9958 -0.0745
vn 0.0006 -0.9980 -0.0634
vn 0.0485 -0.9963 -0.0714
vn 0.0585 -0.9955 -0.0751
vn 0.0523 -0.9960 -0.0726
vn 0.0012 -0.9979 -0.0646
vn 0.0788 -0.9946 -0.0675
vn 0.0029 -0.9978 -0.0660
vn 0.0010 -0.9979 -0.0654
vn 0.0773 -0.9947 -0.0674
vn 0.0793 -0.9945 -0.0684
vn 0.0785 -0.9945 -0.0690
vn -0.0511 -0.9960 -0.0736
vn -0.0578 -0.9955 -0.0749
vn -0.0542 -0.9957 -0.0756
vn -0.0606 -0.9952 -0.0768
vn 0.4409 -0.0000 0.8975
vn 0.4413 -0.0000 0.8973
vn 0.4414 -0.0000 0.8973
vn 0.4410 -0.0000 0.8975
vn -0.0002 -0.0000 1.0000
vn 0.4413 -0.0000 0.8974
vn 0.4408 -0.0000 0.8976
vn -0.4403 -0.0000 0.8978
vn -0.4404 -0.0000 0.8978
vn -0.4398 -0.0000 0.8981
vn -0.4399 -0.0000 0.8980
vn -0.4400 -0.0000 0.8980
vn 0.0307 0.9975 0.0629
vn 0.0312 0.9975 0.0634
vn 0.0310 0.9974 0.0654
vn 0.0305 0.9974 0.0645
vn -0.0479 0.9964 0.0695
vn -0.0002 0.9982 0.0605
vn -0.0458 0.9967 0.0667
vn -0.0508 0.9964 0.0679
vn -0.0486 0.9966 0.0664
vn -0.0006 0.9981 0.0619
vn -0.0301 0.9976 0.0626
vn -0.0019 0.9980 0.0633
vn -0.0006 0.9981 0.0622
vn -0.0299 0.9975 0.0637
vn -0.0306 0.9975 0.0631
vn -0.0309 0.9974 0.0650
vn 0.0481 0.9965 0.0683
vn 0.0520 0.9963 0.0678
vn 0.0496 0.9963 0.0703
vn 0.0539 0.9961 0.0693
vn 0.4402 -0.0076 -0.8979
vn 0.4380 -0.0024 -0.8990
vn 0.4368 -0.0070 -0.8995
vn 0.4359 -0.0029 -0.9000
vn 0.4384 -0.0010 -0.8988
vn 0.4213 -0.0080 -0.9069
vn 0.4376 -0.0015 -0.8992
vn 0.4151 -0.0010 -0.9098
vn 0.4190 -0.0099 -0.9079
vn 0.4129 -0.0011 -0.9108
vn 0.4155 -0.0016 -0.9096
vn 0.4178 -0.0060 -0.9085
vn -0.9502 0.0006 -0.3117
vn -0.9479 -0.0004 -0.3185
vn -0.9457 -0.0006 -0.3250
vn -0.9449 -0.0018 -0.3273
vn -0.9390 -0.0005 -0.3440
vn -0.7054 -0.0086 -0.7088
vn -0.9389 -0.0024 -0.3441
vn -0.9373 -0.0013 -0.3485
vn -0.9376 -0.0025 -0.3478
vn -0.7049 -0.0080 -0.7092
vn -0.3239 -0.0045 -0.9461
vn -0.7062 -0.0077 -0.7079
vn -0.7058 -0.0087 -0.7084
vn -0.3315 -0.0030 -0.9435
vn -0.3231 -0.0027 -0.9464
vn -0.3330 -0.0008 -0.9429
vn -0.3452 -0.0014 -0.9385
vn -0.3489 -0.0001 -0.9372
vn -0.3451 -0.0002 -0.9386
vn -0.3522 0.0026 -0.9359
vn -0.0947 -0.9955 -0.0016
vn -0.1045 -0.9945 0.0055
vn -0.1069 -0.9943 0.0063
vn -0.1066 -0.9943 0.0069
vn -0.0142 -0.9959 -0.0890
vn -0.0441 -0.9980 -0.0456
vn -0.0153 -0.9965 -0.0820
vn -0.0111 -0.9958 -0.0907
vn -0.0135 -0.9962 -0.0861
vn -0.0441 -0.9979 -0.0467
vn 0.0052 -0.9946 -0.1033
vn -0.0426 -0.9980 -0.0465
vn -0.0434 -0.9981 -0.0445
vn 0.0067 -0.9948 -0.1012
vn 0.0029 -0.9948 -0.1018
vn 0.0074 -0.9945 -0.1049
vn -0.0865 -0.9961 -0.0148
vn -0.0898 -0.9959 -0.0117
vn -0.0896 -0.9959 -0.0145
vn -0.0910 -0.9958 -0.0120
vn 0.9462 -0.0000 0.3236
vn 0.9460 -0.0000 0.3240
vn 0.9461 -0.0000 0.3239
vn 0.9462 -0.0000 0.3235
vn 0.9463 -0.0000 0.3232
vn 0.9461 -0.0000 0.3240
vn 0.0928 0.9952 0.0319
vn 0.0933 0.9951 0.0320
vn 0.0916 0.9952 0.0334
vn 0.0907 0.9953 0.0333
vn 0.0191 0.9939 0.1087
vn 0.0572 0.9967 0.0581
vn 0.0189 0.9945 0.1026
vn 0.0152 0.9939 0.1090
vn 0.0163 0.9943 0.1056
vn 0.0571 0.9966 0.0592
vn 0.0321 0.9954 0.0899
vn 0.0549 0.9968 0.0585
vn 0.0551 0.9969 0.0561
vn 0.0333 0.9956 0.0874
vn 0.0319 0.9953 0.0916
vn 0.0337 0.9954 0.0901
vn 0.1070 0.9941 0.0177
vn 0.1090 0.9939 0.0141
vn 0.1105 0.9937 0.0178
vn 0.1120 0.9936 0.0136
vn 0.3253 0.0006 -0.9456
vn 0.3245 -0.0001 -0.9459
vn 0.3301 -0.0002 -0.9440
vn 0.3296 -0.0018 -0.9441
vn 0.3266 -0.0049 -0.9452
vn 0.3485 -0.0022 -0.9373
vn 0.3320 -0.0062 -0.9432
vn 0.3464 -0.0027 -0.9381
vn 0.3480 -0.0013 -0.9375
vn 0.3469 -0.0086 -0.9378
vn 0.3468 -0.0007 -0.9379
vn 0.3481 -0.0095 -0.9374
vn -0.0050 -0.9950 -0.0994
vn -0.0070 -0.9939 -0.1101
vn -0.0078 -0.9941 -0.1085
vn -0.0074 -0.9940 -0.1092
vn 0.0871 -0.9961 -0.0145
vn 0.0446 -0.9980 -0.0440
vn 0.0812 -0.9966 -0.0150
vn 0.0883 -0.9960 -0.0122
vn 0.0843 -0.9963 -0.0135
vn 0.0456 -0.9980 -0.0439
vn 0.1019 -0.9948 0.0090
vn 0.0457 -0.9981 -0.0423
vn 0.0436 -0.9981 -0.0424
vn 0.1003 -0.9949 0.0076
vn 0.1016 -0.9948 0.0078
vn 0.1035 -0.9946 0.0060
vn 0.0142 -0.9961 -0.0873
vn 0.0115 -0.9959 -0.0893
vn 0.0136 -0.9958 -0.0906
vn 0.0115 -0.9959 -0.0903
vn -0.3228 -0.0000 0.9465
vn -0.3221 -0.0000 0.9467
vn -0.3222 -0.0000 0.9467
vn -0.7074 -0.0000 0.7068
vn -0.3229 -0.0000 0.9464
vn -0.9453 -0.0000 0.3261
vn -0.9453 -0.0000 0.3262
vn -0.9441 -0.0000 0.3295
vn -0.9441 -0.0000 0.3296
vn -0.0290 0.9961 0.0838
vn -0.0292 0.9959 0.0861
vn -0.0319 0.9955 0.0892
vn -0.0312 0.9957 0.0868
vn -0.1088 0.9939 0.0187
vn -0.0528 0.9972 0.0522
vn -0.1041 0.9944 0.0182
vn -0.1105 0.9938 0.0154
vn -0.1069 0.9941 0.0161
vn -0.0554 0.9970 0.0543
vn -0.0829 0.9961 0.0292
vn -0.0589 0.9967 0.0559
vn -0.0570 0.9968 0.0558
vn -0.0843 0.9960 0.0312
vn -0.0836 0.9961 0.0297
vn -0.0879 0.9956 0.0321
vn -0.0177 0.9939 0.1087
vn -0.0145 0.9937 0.1110
vn -0.0180 0.9936 0.1112
vn -0.0144 0.9935 0.1132
vn 0.9460 -0.0076 -0.3240
vn 0.9453 -0.0027 -0.3263
vn 0.9447 -0.0069 -0.3278
vn 0.9439 -0.0025 -0.3302
vn 0.9453 -0.0011 -0.3261
vn 0.9390 -0.0065 -0.3439
vn 0.9442 -0.0009 -0.3292
vn 0.9389 -0.0007 -0.3443
vn 0.9381 -0.0081 -0.3462
vn 0.9398 -0.0002 -0.3417
vn 0.9386 -0.0000 -0.3451
vn 0.9398 -0.0000 -0.3417
vn 0.8985 0.0009 -0.4390
vn 0.8983 -0.0001 -0.4393
vn 0.9024 -0.0006 -0.4309
vn 0.9013 -0.0019 -0.4333
vn 0.9106 0.0005 -0.4132
vn 1.0000 -0.0085 0.0022
vn 0.9090 -0.0009 -0.4167
vn 0.9108 0.0028 -0.4129
vn 0.9096 0.0021 -0.4156
vn 1.0000 -0.0078 0.0024
vn 0.8987 -0.0028 0.4386
vn 1.0000 -0.0066 0.0019
vn 1.0000 -0.0060 0.0012
vn 0.9017 -0.0023 0.4324
vn 0.8989 -0.0007 0.4381
vn 0.9026 -0.0003 0.4304
vn 0.9093 0.0005 0.4161
vn 0.9097 0.0028 0.4152
vn 0.9104 0.0012 0.4137
vn 0.9105 0.0028 0.4136
vn 0.0693 -0.9946 -0.0776
vn 0.0686 -0.9945 -0.0796
vn 0.0698 -0.9946 -0.0771
vn 0.0691 -0.9945 -0.0789
vn 0.0752 -0.9958 0.0527
vn 0.0679 -0.9977 0.0003
vn 0.0723 -0.9962 0.0478
vn 0.0769 -0.9953 0.0587
vn 0.0741 -0.9958 0.0530
vn 0.0675 -0.9977 0.0007
vn 0.0684 -0.9945 0.0794
vn 0.0682 -0.9977 0.0033
vn 0.0683 -0.9977 0.0011
vn 0.0675 -0.9947 0.0772
vn 0.0690 -0.9947 0.0761
vn 0.0694 -0.9947 0.0755
vn 0.0749 -0.9958 -0.0519
vn 0.0771 -0.9952 -0.0596
vn 0.0761 -0.9956 -0.0547
vn 0.0778 -0.9952 -0.0600
vn -0.0585 0.9979 0.0286
vn -0.0588 0.9979 0.0288
vn -0.0636 0.9975 0.0310
vn -0.0624 0.9976 0.0302
vn -0.0704 0.9963 -0.0487
vn -0.0561 0.9984 -0.0001
vn -0.0682 0.9966 -0.0460
vn -0.0710 0.9960 -0.0539
vn -0.0689 0.9964 -0.0500
vn -0.0591 0.9983 -0.0004
vn -0.0578 0.9979 -0.0283
vn -0.0653 0.9979 -0.0021
vn -0.0651 0.9979 -0.0007
vn -0.0612 0.9977 -0.0292
vn -0.0584 0.9979 -0.0285
vn -0.0634 0.9975 -0.0306
vn -0.0699 0.9964 0.0480
vn -0.0710 0.9960 0.0544
vn -0.0709 0.9963 0.0486
vn -0.0720 0.9959 0.0554
vn -0.8970 -0.0000 -0.4420
vn -0.8979 -0.0000 -0.4401
vn -0.8961 -0.0000 -0.4439
vn -0.8961 -0.0000 -0.4438
vn -0.8979 -0.0000 0.4402
vn -0.8979 -0.0000 0.4401
vn -0.4121 -0.1136 0.9040
vn -0.3310 -0.0003 0.9436
vn -0.3250 -0.0004 0.9457
vn -0.3236 -0.0000 0.9462
vn 0.4393 -0.0006 0.8983
vn 0.4365 -0.0012 0.8997
vn 0.4228 -0.0029 0.9062
vn 0.2577 -0.1471 0.9550
vn 0.0737 -0.2918 0.9536
vn 0.0687 -0.2890 0.9549
vn 0.0486 -0.0173 0.9987
vn 0.0440 -0.0097 0.9990
vn 0.0483 -0.0076 0.9988
vn 0.0399 -0.0016 0.9992
vn 0.9450 -0.0007 0.3270
vn 0.9455 -0.0011 0.3257
vn 0.9437 -0.0007 0.3307
vn 0.9443 -0.0017 0.3292
vn 0.9451 -0.0054 0.3266
vn 0.9384 -0.0013 0.3455
vn 0.9437 -0.0057 0.3308
vn 0.9388 -0.0028 0.3445
vn 0.9384 -0.0016 0.3457
vn 0.9382 -0.0077 0.3461
vn 0.9383 -0.0022 0.3458
vn 0.9377 -0.0075 0.3472
vn 0.0990 -0.9951 -0.0026
vn 0.1075 -0.9942 -0.0067
vn 0.1092 -0.9940 -0.0082
vn 0.1085 -0.9941 -0.0078
vn 0.0135 -0.9960 0.0885
vn 0.0445 -0.9980 0.0454
vn 0.0137 -0.9965 0.0820
vn 0.0120 -0.9961 0.0874
vn 0.0124 -0.9962 0.0859
vn 0.0441 -0.9979 0.0467
vn -0.0054 -0.9943 0.1065
vn 0.0442 -0.9980 0.0461
vn 0.0443 -0.9980 0.0448
vn -0.0074 -0.9947 0.1029
vn -0.0060 -0.9943 0.1061
vn -0.0095 -0.9942 0.1069
vn 0.0867 -0.9962 0.0131
vn 0.0864 -0.9962 0.0112
vn 0.0899 -0.9959 0.0133
vn 0.0876 -0.9961 0.0115
vn -0.9455 -0.0000 -0.3257
vn -0.9445 -0.0000 -0.3285
vn -0.9455 -0.0000 -0.3258
vn -0.9445 -0.0000 -0.3286
vn -0.7073 -0.0000 -0.7069
vn -0.9454 -0.0000 -0.3258
vn -0.3230 -0.0000 -0.9464
vn -0.3229 -0.0000 -0.9464
vn -0.3224 -0.0000 -0.9466
vn -0.3222 -0.0000 -0.9467
vn -0.3228 -0.0000 -0.9465
vn -0.3223 -0.0000 -0.9467
vn -0.0908 0.9954 -0.0314
vn -0.0913 0.9953 -0.0319
vn -0.0909 0.9953 -0.0331
vn -0.0900 0.9954 -0.0327
vn -0.0182 0.9938 -0.1096
vn -0.0563 0.9968 -0.0569
vn -0.0177 0.9944 -0.1041
vn -0.0152 0.9939 -0.1095
vn -0.0157 0.9941 -0.1071
vn -0.0567 0.9967 -0.0583
vn -0.0316 0.9955 -0.0893
vn -0.0554 0.9968 -0.0580
vn -0.0552 0.9969 -0.0561
vn -0.0325 0.9956 -0.0874
vn -0.0317 0.9954 -0.0908
vn -0.0331 0.9954 -0.0901
vn -0.1087 0.9939 -0.0166
vn -0.1097 0.9939 -0.0142
vn -0.1124 0.9935 -0.0165
vn -0.1129 0.9935 -0.0138
vn 0.3238 -0.0081 0.9461
vn 0.3241 -0.0029 0.9460
vn 0.3274 -0.0072 0.9448
vn 0.3306 -0.0024 0.9438
vn 0.3229 -0.0009 0.9464
vn 0.3430 -0.0071 0.9393
vn 0.3314 -0.0002 0.9435
vn 0.3469 -0.0012 0.9379
vn 0.3458 -0.0078 0.9383
vn 0.3477 -0.0002 0.9376
vn 0.3483 -0.0000 0.9374
vn 0.3477 -0.0000 0.9376
vn -0.0172 0.9996 -0.0229
vn -0.0426 0.9974 -0.0579
vn -0.0174 0.9996 -0.0226
vn -0.0351 0.9983 -0.0470
vn -0.0000 0.9998 -0.0220
vn 0.0312 0.9974 -0.0652
vn 0.0005 0.9994 -0.0352
vn 0.0172 0.9996 -0.0226
vn 0.0300 0.9975 -0.0636
vn 0.0301 0.9976 -0.0622
vn 0.0297 0.9976 -0.0618
vn 0.0006 0.9981 -0.0612
vn 0.0002 0.9983 -0.0590
vn 0.0321 0.9985 -0.0445
vn 0.0174 0.9996 -0.0227
vn 0.0416 0.9975 -0.0572
vn -0.0310 0.9974 -0.0644
vn -0.0304 0.9976 -0.0620
vn -0.0317 0.9974 -0.0654
vn -0.0308 0.9976 -0.0622
vn 0.0474 -0.9970 0.0615
vn 0.0180 -0.9996 0.0229
vn 0.0176 -0.9996 0.0227
vn 0.0374 -0.9981 0.0492
vn -0.0000 -0.9998 0.0223
vn -0.0719 -0.9949 0.0703
vn -0.0006 -0.9993 0.0362
vn -0.0177 -0.9996 0.0228
vn -0.0748 -0.9949 0.0681
vn -0.0731 -0.9949 0.0689
vn -0.0774 -0.9947 0.0677
vn -0.0013 -0.9979 0.0643
vn -0.0006 -0.9981 0.0624
vn -0.0333 -0.9984 0.0455
vn -0.0182 -0.9996 0.0229
vn -0.0466 -0.9971 0.0607
vn 0.0764 -0.9946 0.0696
vn 0.0784 -0.9945 0.0688
vn 0.0729 -0.9948 0.0706
vn 0.0732 -0.9949 0.0693
vn 0.4376 -0.0000 -0.8992
vn 0.4377 -0.0000 -0.8991
vn 0.4394 -0.0000 -0.8983
vn 0.4412 -0.0000 -0.8974
vn 0.4375 -0.0000 -0.8992
vn 0.4393 -0.0000 -0.8983
vn -0.4403 -0.0000 -0.8979
vn -0.4403 -0.0000 -0.8978
vn -0.4416 -0.0000 -0.8972
vn -0.4418 -0.0000 -0.8971
vn -0.4430 -0.0000 -0.8965
vn -0.4433 -0.0000 -0.8964
vn -0.4432 -0.0000 -0.8964
vn -0.9076 0.0001 -0.4199
vn -0.9092 0.0020 -0.4164
vn -0.9091 0.0007 -0.4166
vn -0.9080 -0.0008 -0.4191
vn -0.9083 -0.0071 -0.4183
vn -0.9032 -0.0001 -0.4292
vn -0.9071 -0.0061 -0.4209
vn -0.9022 -0.0021 -0.4314
vn -0.8993 -0.0007 -0.4374
vn -0.8996 -0.0074 -0.4366
vn -0.8990 -0.0027 -0.4379
vn -0.8976 -0.0092 -0.4408
vn -0.9083 -0.0081 0.4182
vn -0.9091 -0.0089 0.4166
vn -0.9084 -0.0009 0.4181
vn -0.9070 -0.0019 0.4212
vn -0.9081 0.0006 0.4188
vn -0.9017 -0.0064 0.4322
vn -0.9065 0.0002 0.4222
vn -0.8994 -0.0019 0.4372
vn -0.8996 -0.0057 0.4367
vn -0.8983 -0.0005 0.4394
vn -0.8965 -0.0001 0.4431
vn -0.8945 0.0009 0.4472
vn 0.8980 -0.0000 0.4399
vn 0.8981 -0.0000 0.4398
vn 0.8980 -0.0000 0.4400
vn 0.8981 -0.0000 0.4399
vn 0.8970 -0.0000 -0.4419
vn 0.8982 -0.0000 0.4397
vn 0.8971 -0.0000 -0.4419
vn 0.8962 -0.0000 -0.4437
vn 0.8970 -0.0000 -0.4420
vn 0.8961 -0.0000 -0.4438
vn -0.0704 -0.9945 0.0781
vn -0.0700 -0.9943 0.0804
vn -0.0702 -0.9945 0.0773
vn -0.0696 -0.9945 0.0784
vn -0.0763 -0.9956 -0.0550
vn -0.0638 -0.9980 -0.0004
vn -0.0743 -0.9959 -0.0515
vn -0.0812 -0.9948 -0.0614
vn -0.0793 -0.9952 -0.0573
vn -0.0648 -0.9979 -0.0010
vn -0.0692 -0.9944 -0.0793
vn -0.0679 -0.9977 -0.0029
vn -0.0681 -0.9977 -0.0011
vn -0.0682 -0.9947 -0.0776
vn -0.0700 -0.9944 -0.0798
vn -0.0697 -0.9944 -0.0789
vn -0.0771 -0.9955 0.0554
vn -0.0810 -0.9948 0.0624
vn -0.0773 -0.9954 0.0572
vn -0.0821 -0.9946 0.0639
vn 0.0636 0.9975 -0.0312
vn 0.0640 0.9974 -0.0317
vn 0.0655 0.9973 -0.0316
vn 0.0648 0.9974 -0.0311
vn 0.0706 0.9962 0.0512
vn 0.0610 0.9981 0.0002
vn 0.0684 0.9965 0.0489
vn 0.0713 0.9959 0.0552
vn 0.0700 0.9962 0.0524
vn 0.0622 0.9981 0.0005
vn 0.0633 0.9975 0.0306
vn 0.0648 0.9979 0.0015
vn 0.0645 0.9979 0.0005
vn 0.0640 0.9975 0.0300
vn 0.0637 0.9975 0.0309
vn 0.0654 0.9974 0.0307
vn 0.0703 0.9962 -0.0509
vn 0.0712 0.9960 -0.0548
vn 0.0713 0.9961 -0.0511
vn 0.0725 0.9958 -0.0563
vn -0.0127 -0.9957 0.0916
vn -0.0113 -0.9957 0.0920
vn -0.0115 -0.9959 0.0898
vn -0.0131 -0.9960 0.0887
vn -0.0393 -0.9985 0.0383
vn -0.1018 -0.9948 -0.0014
vn -0.0421 -0.9983 0.0399
vn -0.0869 -0.9961 0.0130
vn -0.1013 -0.9948 -0.0047
vn -0.1027 -0.9947 -0.0015
vn -0.1061 -0.9943 -0.0054
vn -0.0473 -0.9978 0.0459
vn -0.0473 -0.9978 0.0461
vn -0.0829 -0.9965 0.0140
vn -0.0896 -0.9959 0.0120
vn -0.0897 -0.9959 0.0133
vn 0.0069 -0.9942 0.1074
vn 0.0072 -0.9941 0.1082
vn 0.0065 -0.9942 0.1076
vn 0.0064 -0.9942 0.1075
vn 0.0141 0.9946 -0.1027
vn 0.0154 0.9936 -0.1115
vn 0.0135 0.9945 -0.1035
vn 0.0151 0.9941 -0.1077
vn 0.0517 0.9974 -0.0511
vn 0.0885 0.9956 -0.0314
vn 0.0546 0.9971 -0.0533
vn 0.1019 0.9947 -0.0142
vn 0.0845 0.9959 -0.0308
vn 0.0835 0.9961 -0.0292
vn 0.0831 0.9961 -0.0291
vn 0.0551 0.9970 -0.0541
vn 0.0522 0.9973 -0.0516
vn 0.1021 0.9946 -0.0160
vn 0.1037 0.9945 -0.0138
vn 0.1099 0.9938 -0.0162
vn 0.0308 0.9957 -0.0876
vn 0.0288 0.9960 -0.0841
vn 0.0312 0.9955 -0.0897
vn 0.0286 0.9959 -0.0856
vn 0.9443 -0.0000 -0.3291
vn 0.9443 -0.0000 -0.3290
vn 0.9454 -0.0000 -0.3259
vn 0.9464 -0.0000 -0.3229
vn 0.9444 -0.0000 -0.3289
vn 0.3240 -0.0000 -0.9461
vn 0.3201 -0.0000 -0.9474
vn 0.3162 -0.0000 -0.9487
vn 0.3161 -0.0000 -0.9487
vn 0.3199 -0.0000 -0.9474
vn 0.3159 -0.0000 -0.9488
vn 0.3202 -0.0000 -0.9473
vn 0.3165 -0.0000 -0.9486
vn 0.4989 0.7087 -0.4989
vn 0.1758 0.9693 -0.1719
vn 0.4996 0.7073 -0.5002
vn 0.1722 0.9692 -0.1758
vn 0.0001 1.0000 -0.0028
vn 0.0013 0.9650 0.2623
vn -0.1722 0.9693 -0.1757
vn 0.0001 1.0000 0.0028
vn 0.1756 0.9693 0.1719
vn 0.1722 0.9693 0.1757
vn 0.4987 0.7085 0.4993
vn 0.5000 0.7070 0.5001
vn 0.0013 0.9650 -0.2623
vn -0.1722 0.9692 0.1759
vn 0.0043 1.0000 0.0061
vn 0.0043 1.0000 -0.0061
vn -0.2621 0.9650 0.0014
vn -0.2621 0.9650 -0.0014
vn -0.7048 0.7094 -0.0000
vn -0.0013 0.9650 -0.2624
vn -0.0000 0.7093 -0.7049
vn -0.0000 0.7094 -0.7048
vn -0.0001 1.0000 0.0028
vn -0.1758 0.9693 0.1719
vn -0.4996 0.7072 0.5002
vn -0.4989 0.7087 0.4989
vn -0.0043 1.0000 0.0061
vn 0.2611 0.9653 0.0014
vn -0.0001 1.0000 -0.0028
vn -0.1756 0.9693 -0.1719
vn -0.0043 1.0000 -0.0061
vn 0.2611 0.9653 -0.0014
vn 0.7026 0.7116 -0.0000
vn -0.0013 0.9650 0.2624
vn -0.4987 0.7085 -0.4993
vn -0.5000 0.7071 -0.5000
vn -0.0000 0.7093 0.7049
vn -0.0000 0.7094 0.7048
vn -0.0000 0.3826 -0.9239
vn -0.0000 0.2323 -0.9726
vn 0.2210 0.1763 -0.9592
vn 0.7071 -0.0000 -0.7071
vn -0.0000 0.3825 0.9239
vn -0.0000 0.3825 0.9240
vn -0.0000 0.2322 0.9727
vn -0.2209 0.1763 0.9592
vn -0.0057 -1.0000 0.0015
vn -0.0057 -1.0000 -0.0015
vn -0.0082 -0.9999 -0.0058
vn -0.0017 -1.0000 -0.0065
vn -0.0082 -0.9999 0.0058
vn -0.0017 -1.0000 0.0065
vn -0.0071 -1.0000 -0.0032
vn -0.0071 -1.0000 0.0032
vn -0.0004 -1.0000 -0.0045
vn 0.0017 -1.0000 -0.0065
vn -0.0041 -1.0000 -0.0005
vn -0.0041 -1.0000 0.0005
vn -0.0004 -1.0000 0.0045
vn 0.0017 -1.0000 0.0065
vn 0.0004 -1.0000 -0.0045
vn 0.0004 -1.0000 0.0045
vn 0.0071 -1.0000 -0.0031
vn 0.0041 -1.0000 -0.0005
vn 0.0041 -1.0000 0.0004
vn 0.0071 -1.0000 0.0031
vn 0.0082 -0.9999 -0.0058
vn 0.0058 -1.0000 -0.0015
vn 0.0082 -0.9999 0.0058
vn 0.0058 -1.0000 0.0015
vn 0.0646 0.9857 -0.1559
vn -0.0000 0.9857 -0.1686
vn 0.0645 0.9857 -0.1559
vn 0.1192 0.9857 -0.1191
vn -0.0647 0.9856 -0.1560
vn -0.0646 0.9856 -0.1562
vn 0.1192 0.9857 -0.1193
vn 0.1559 0.9857 -0.0646
vn -0.1195 0.9856 -0.1194
vn -0.1196 0.9856 -0.1195
vn 0.1559 0.9857 -0.0645
vn 0.1686 0.9857 -0.0000
vn -0.1555 0.9857 -0.0644
vn -0.1552 0.9858 -0.0643
vn 0.1559 0.9857 0.0646
vn -0.1686 0.9857 -0.0000
vn -0.1685 0.9857 -0.0000
vn 0.1559 0.9857 0.0645
vn 0.1192 0.9857 0.1191
vn -0.1555 0.9857 0.0644
vn -0.1552 0.9858 0.0642
vn 0.1192 0.9857 0.1193
vn 0.0646 0.9857 0.1559
vn -0.1194 0.9856 0.1194
vn -0.1196 0.9856 0.1196
vn 0.0645 0.9857 0.1559
vn -0.0000 0.9857 0.1685
vn -0.0646 0.9856 0.1560
vn -0.0646 0.9856 0.1562
vn -0.0000 0.9857 0.1686
vn -0.0497 0.9986 0.0206
vn -0.0381 0.9986 0.0381
vn -0.0206 0.9986 0.0497
vn -0.0000 0.9986 0.0538
vn 0.0206 0.9986 0.0497
vn 0.0381 0.9985 0.0381
vn -0.0538 0.9986 -0.0000
vn 0.0497 0.9985 0.0206
vn -0.0497 0.9986 -0.0206
vn 0.0539 0.9985 -0.0000
vn -0.0381 0.9986 -0.0381
vn 0.0497 0.9986 -0.0206
vn -0.0205 0.9986 -0.0496
vn 0.0381 0.9985 -0.0381
vn -0.0000 0.9985 -0.0539
vn 0.0206 0.9986 -0.0496
vn 0.0878 0.9955 0.0364
vn 0.0672 0.9955 0.0672
vn 0.0363 0.9955 0.0877
vn -0.0000 0.9955 0.0950
vn -0.0363 0.9955 0.0877
vn -0.0671 0.9955 0.0670
vn 0.0950 0.9955 -0.0000
vn -0.0876 0.9955 0.0363
vn 0.0878 0.9955 -0.0364
vn -0.0950 0.9955 -0.0000
vn 0.0672 0.9955 -0.0672
vn -0.0877 0.9955 -0.0363
vn 0.0363 0.9955 -0.0877
vn -0.0671 0.9955 -0.0671
vn -0.0000 0.9955 -0.0950
vn -0.0363 0.9955 -0.0877
vn 0.0677 0.9954 -0.0677
vn 0.0885 0.9954 -0.0366
vn 0.0365 0.9954 -0.0881
vn -0.0000 0.9954 -0.0956
vn 0.0956 0.9954 -0.0000
vn -0.0365 0.9954 -0.0881
vn -0.0674 0.9954 -0.0674
vn 0.0885 0.9954 0.0366
vn -0.0881 0.9954 -0.0365
vn 0.0677 0.9954 0.0676
vn -0.0956 0.9954 0.0001
vn 0.0364 0.9954 0.0881
vn -0.0881 0.9954 0.0365
vn -0.0000 0.9954 0.0956
vn -0.0674 0.9954 0.0674
vn -0.0365 0.9954 0.0880
vn 0.1183 0.9859 -0.1181
vn 0.1541 0.9860 -0.0637
vn 0.2718 0.9557 -0.1125
vn 0.2085 0.9555 -0.2087
vn 0.2953 0.9554 -0.0002
vn 0.1676 0.9859 -0.0001
vn 0.2717 0.9557 0.1127
vn 0.1541 0.9860 0.0638
vn 0.2083 0.9556 0.2085
vn 0.1183 0.9859 0.1182
vn 0.1133 0.9553 0.2732
vn 0.0641 0.9858 -0.1551
vn 0.1130 0.9553 -0.2732
vn 0.0643 0.9858 0.1550
vn -0.0001 0.9557 0.2942
vn -0.0001 0.9860 0.1667
vn -0.1129 0.9554 0.2728
vn 0.0001 0.9860 -0.1667
vn 0.0002 0.9557 -0.2942
vn -0.0639 0.9859 0.1549
vn -0.2080 0.9558 0.2078
vn -0.0641 0.9859 -0.1547
vn -0.1132 0.9554 -0.2727
vn -0.1179 0.9860 -0.1179
vn -0.2078 0.9559 -0.2078
vn -0.1179 0.9860 0.1177
vn -0.2717 0.9558 0.1126
vn -0.1540 0.9860 -0.0637
vn -0.2717 0.9558 -0.1126
vn -0.1540 0.9860 0.0637
vn -0.2941 0.9558 -0.0000
vn -0.1668 0.9860 -0.0000
vt 0.510548 0.809952
vt 0.510427 0.824714
vt 0.507761 0.809466
vt 0.507639 0.824449
vt 0.495687 0.807359
vt 0.510361 0.842125
vt 0.495556 0.823299
vt 0.493210 0.806927
vt 0.493078 0.823063
vt 0.507572 0.842120
vt 0.510361 0.859532
vt 0.495486 0.842098
vt 0.493006 0.842093
vt 0.507572 0.859788
vt 0.510427 0.874287
vt 0.495486 0.860894
vt 0.493006 0.861121
vt 0.507639 0.874763
vt 0.510548 0.884143
vt 0.507761 0.884766
vt 0.495556 0.876825
vt 0.493078 0.877248
vt 0.495687 0.887467
vt 0.493210 0.888021
vt 0.017530 0.818426
vt 0.017409 0.832387
vt 0.014741 0.817912
vt 0.014619 0.832083
vt 0.002658 0.815686
vt 0.017366 0.849481
vt 0.002527 0.830761
vt 0.000179 0.815229
vt 0.000046 0.830490
vt 0.014575 0.849432
vt 0.017409 0.867104
vt 0.002481 0.849218
vt 0.000000 0.849174
vt 0.014619 0.867318
vt 0.017530 0.882573
vt 0.014741 0.883018
vt 0.002527 0.868246
vt 0.000046 0.868436
vt 0.002658 0.884949
vt 0.000179 0.885345
vt 0.035162 0.818754
vt 0.034983 0.830867
vt 0.032371 0.818188
vt 0.032189 0.830481
vt 0.020276 0.815733
vt 0.034920 0.847023
vt 0.020082 0.828811
vt 0.017795 0.815229
vt 0.017599 0.828469
vt 0.032125 0.846879
vt 0.034983 0.864762
vt 0.020014 0.846256
vt 0.017530 0.846128
vt 0.032189 0.864884
vt 0.035162 0.881385
vt 0.032371 0.881755
vt 0.020082 0.865410
vt 0.017599 0.865518
vt 0.020276 0.883358
vt 0.017795 0.883687
vt 0.748037 0.547914
vt 0.748121 0.532447
vt 0.750827 0.548353
vt 0.750912 0.532655
vt 0.762915 0.550254
vt 0.748121 0.514825
vt 0.763006 0.533554
vt 0.765395 0.550644
vt 0.765486 0.533738
vt 0.750912 0.514769
vt 0.748037 0.497730
vt 0.750827 0.497419
vt 0.763006 0.514526
vt 0.765486 0.514477
vt 0.762915 0.496068
vt 0.765395 0.495791
vt 0.075807 0.807805
vt 0.058020 0.815229
vt 0.038768 0.815229
vt 0.020981 0.807805
vt 0.089420 0.794086
vt 0.007368 0.794086
vt 0.096787 0.776161
vt 0.000000 0.776161
vt 0.096787 0.756759
vt 0.000000 0.756759
vt 0.089420 0.738835
vt 0.075807 0.725116
vt 0.007367 0.738835
vt 0.058020 0.717691
vt 0.020981 0.725116
vt 0.038768 0.717691
vt 0.743031 0.812693
vt 0.729750 0.818237
vt 0.715375 0.818237
vt 0.702093 0.812693
vt 0.753196 0.802449
vt 0.691928 0.802449
vt 0.758698 0.789065
vt 0.686427 0.789065
vt 0.758698 0.774578
vt 0.753196 0.761194
vt 0.686427 0.774578
vt 0.691928 0.761194
vt 0.743031 0.750950
vt 0.702093 0.750950
vt 0.729750 0.745406
vt 0.715375 0.745406
vt 0.062070 0.815229
vt 0.074682 0.815253
vt 0.062169 0.823273
vt 0.074780 0.823297
vt 0.062222 0.835316
vt 0.074834 0.835340
vt 0.062222 0.849523
vt 0.074834 0.849547
vt 0.062169 0.863733
vt 0.074780 0.863757
vt 0.062070 0.875781
vt 0.074682 0.875806
vt 0.869560 0.546908
vt 0.856951 0.546961
vt 0.869414 0.533342
vt 0.856804 0.533395
vt 0.869363 0.518863
vt 0.856753 0.518916
vt 0.869414 0.505677
vt 0.856804 0.505731
vt 0.869560 0.495791
vt 0.856951 0.495845
vt 0.844043 0.507199
vt 0.844142 0.495803
vt 0.856753 0.495791
vt 0.856654 0.507186
vt 0.844008 0.521150
vt 0.856619 0.521137
vt 0.844043 0.535533
vt 0.856654 0.535521
vt 0.844142 0.548158
vt 0.856753 0.548146
vt 0.599009 0.858160
vt 0.599077 0.845536
vt 0.611688 0.845518
vt 0.611620 0.858141
vt 0.599009 0.872543
vt 0.611620 0.872524
vt 0.599077 0.886495
vt 0.611688 0.886476
vt 0.322689 0.485501
vt 0.368519 0.485501
vt 0.410860 0.503175
vt 0.443267 0.535833
vt 0.280348 0.503175
vt 0.460805 0.578503
vt 0.247941 0.535833
vt 0.460805 0.624689
vt 0.230403 0.578503
vt 0.443267 0.667358
vt 0.230403 0.624689
vt 0.247941 0.667358
vt 0.410860 0.700016
vt 0.368519 0.717691
vt 0.280348 0.700016
vt 0.322689 0.717691
vt 0.445788 0.843270
vt 0.446103 0.806942
vt 0.447730 0.806940
vt 0.447415 0.843268
vt 0.459218 0.806929
vt 0.445677 0.887746
vt 0.458903 0.843257
vt 0.461455 0.806927
vt 0.461140 0.843255
vt 0.447305 0.887745
vt 0.445788 0.933600
vt 0.458792 0.887734
vt 0.461030 0.887732
vt 0.447415 0.933599
vt 0.446103 0.973852
vt 0.447730 0.973850
vt 0.458903 0.933588
vt 0.461140 0.933586
vt 0.459218 0.973839
vt 0.461455 0.973837
vt 0.477436 0.847194
vt 0.477654 0.806950
vt 0.479281 0.806948
vt 0.479063 0.847192
vt 0.490769 0.806930
vt 0.477436 0.893047
vt 0.490551 0.847175
vt 0.493006 0.806927
vt 0.492788 0.847171
vt 0.479063 0.893045
vt 0.477654 0.937527
vt 0.479281 0.937525
vt 0.490551 0.893027
vt 0.492788 0.893024
vt 0.490769 0.937508
vt 0.493006 0.937504
vt 0.430010 0.845339
vt 0.430325 0.806927
vt 0.431952 0.806930
vt 0.431637 0.845342
vt 0.443440 0.806952
vt 0.429839 0.890640
vt 0.443125 0.845364
vt 0.445677 0.806956
vt 0.445363 0.845368
vt 0.431467 0.890643
vt 0.429839 0.935935
vt 0.442955 0.890665
vt 0.445192 0.890670
vt 0.431467 0.935938
vt 0.430010 0.974326
vt 0.442955 0.935960
vt 0.445192 0.935964
vt 0.431637 0.974330
vt 0.430325 0.999971
vt 0.431952 0.999974
vt 0.443125 0.974352
vt 0.445363 0.974356
vt 0.443440 0.999996
vt 0.445677 1.000000
vt 0.461619 0.838508
vt 0.462085 0.806992
vt 0.463712 0.806985
vt 0.463246 0.838502
vt 0.475199 0.806936
vt 0.461455 0.880546
vt 0.474733 0.838453
vt 0.477436 0.806927
vt 0.476970 0.838444
vt 0.463082 0.880539
vt 0.461619 0.926704
vt 0.474569 0.880490
vt 0.476806 0.880481
vt 0.463246 0.926697
vt 0.462085 0.969955
vt 0.463712 0.969948
vt 0.474733 0.926648
vt 0.476970 0.926639
vt 0.475199 0.969900
vt 0.477436 0.969890
vt 0.908021 0.975204
vt 0.899080 0.975189
vt 0.899019 0.948651
vt 0.907960 0.948667
vt 0.911110 0.550864
vt 0.902169 0.550848
vt 0.911066 0.951769
vt 0.911110 0.971142
vt 0.975806 0.855504
vt 0.975624 0.827948
vt 0.984746 0.855470
vt 0.984564 0.827914
vt 0.987693 0.831370
vt 0.987826 0.851487
vt 0.987826 0.465803
vt 0.978885 0.465836
vt 0.963573 0.465739
vt 0.963525 0.446003
vt 0.972514 0.465803
vt 0.972466 0.446067
vt 0.975569 0.447649
vt 0.975604 0.462057
vt 0.975604 0.000064
vt 0.966664 0.000000
vt 0.972535 0.914596
vt 0.963594 0.914565
vt 0.963525 0.889657
vt 0.972466 0.889689
vt 0.975624 0.465834
vt 0.966683 0.465803
vt 0.975573 0.892356
vt 0.975624 0.910540
vt 0.945038 0.961268
vt 0.944860 0.941533
vt 0.946372 0.961269
vt 0.946194 0.941533
vt 0.951517 0.961271
vt 0.951339 0.941536
vt 0.953676 0.961272
vt 0.953499 0.941537
vt 0.953676 0.554622
vt 0.951517 0.554621
vt 0.946372 0.554618
vt 0.945038 0.554618
vt 0.941738 0.945301
vt 0.941919 0.550848
vt 0.991363 0.811433
vt 0.990968 0.783880
vt 0.992697 0.811418
vt 0.992301 0.783865
vt 0.997841 0.811358
vt 0.997445 0.783805
vt 1.000000 0.811333
vt 0.999605 0.783780
vt 1.000000 0.469637
vt 0.997841 0.469662
vt 0.992697 0.469722
vt 0.991363 0.469738
vt 0.987826 0.786065
vt 0.988229 0.465803
vt 0.095980 0.903982
vt 0.089932 0.904040
vt 0.095980 0.892911
vt 0.089947 0.894509
vt 0.095980 0.861284
vt 0.089988 0.867281
vt 0.095980 0.856636
vt 0.089994 0.863280
vt 0.333640 0.894684
vt 0.327525 0.894622
vt 0.334064 0.886283
vt 0.327949 0.886229
vt 0.334125 0.885055
vt 0.328011 0.885002
vt 0.334125 0.882206
vt 0.327997 0.882266
vt 0.334125 0.724379
vt 0.327231 0.730744
vt 0.334125 0.720371
vt 0.327212 0.726897
vt 0.329520 0.720108
vt 0.323247 0.726670
vt 0.298185 0.718318
vt 0.296270 0.725130
vt 0.287215 0.717691
vt 0.286826 0.724591
vt 0.592852 0.845518
vt 0.599009 0.848562
vt 0.591712 0.847859
vt 0.598058 0.850515
vt 0.583911 0.863879
vt 0.591550 0.863879
vt 0.591649 0.879772
vt 0.598006 0.877136
vt 0.592852 0.882241
vt 0.599009 0.879196
vt 0.960467 0.718535
vt 0.953676 0.713933
vt 0.960467 0.714455
vt 0.953693 0.709967
vt 0.960467 0.553750
vt 0.954344 0.553774
vt 0.960467 0.550848
vt 0.954355 0.550954
vt 0.503104 0.497041
vt 0.496994 0.496833
vt 0.503104 0.495607
vt 0.496994 0.495401
vt 0.503104 0.486374
vt 0.496994 0.486182
vt 0.190889 0.902905
vt 0.184774 0.902869
vt 0.191246 0.895290
vt 0.185131 0.895258
vt 0.191302 0.894083
vt 0.185187 0.894053
vt 0.191302 0.888059
vt 0.185160 0.888255
vt 0.191302 0.722616
vt 0.184421 0.729018
vt 0.191302 0.720318
vt 0.184411 0.726805
vt 0.187946 0.720130
vt 0.181522 0.726642
vt 0.155143 0.718293
vt 0.153282 0.725048
vt 0.144389 0.717691
vt 0.144024 0.724526
vt 0.878501 0.495791
vt 0.884659 0.498836
vt 0.877279 0.498303
vt 0.883638 0.500931
vt 0.869560 0.514153
vt 0.877200 0.514153
vt 0.877309 0.530066
vt 0.883664 0.527427
vt 0.878501 0.532514
vt 0.884659 0.529469
vt 0.521433 0.494670
vt 0.515324 0.494605
vt 0.521433 0.493544
vt 0.515324 0.493482
vt 0.521433 0.486227
vt 0.515323 0.486182
vt 0.191627 0.900025
vt 0.191302 0.893827
vt 0.202276 0.899408
vt 0.200470 0.893283
vt 0.235082 0.897508
vt 0.228711 0.891606
vt 0.238537 0.897308
vt 0.231685 0.891430
vt 0.238537 0.891802
vt 0.231707 0.886106
vt 0.238537 0.722374
vt 0.232403 0.722252
vt 0.238537 0.717691
vt 0.232422 0.717723
vt 0.554946 0.715323
vt 0.548832 0.715239
vt 0.555362 0.707066
vt 0.549248 0.706991
vt 0.555461 0.705106
vt 0.549346 0.705033
vt 0.555461 0.701154
vt 0.549325 0.701250
vt 0.555461 0.558146
vt 0.548563 0.564360
vt 0.555461 0.553500
vt 0.548538 0.559912
vt 0.552006 0.553304
vt 0.545564 0.559746
vt 0.519201 0.551450
vt 0.517321 0.558165
vt 0.508553 0.550848
vt 0.508154 0.557652
vt 0.712133 0.859639
vt 0.718290 0.862684
vt 0.710418 0.863162
vt 0.716860 0.865622
vt 0.703192 0.878001
vt 0.710832 0.878001
vt 0.710681 0.893380
vt 0.717079 0.890830
vt 0.712133 0.896362
vt 0.718290 0.893318
vt 0.515323 0.496366
vt 0.509214 0.496220
vt 0.515323 0.494733
vt 0.509214 0.494590
vt 0.515323 0.486309
vt 0.509214 0.486182
vt 0.601651 0.503342
vt 0.607130 0.503291
vt 0.601651 0.513639
vt 0.607113 0.512155
vt 0.601651 0.547567
vt 0.608292 0.503310
vt 0.607056 0.541365
vt 0.601651 0.550692
vt 0.607050 0.544056
vt 0.608282 0.512190
vt 0.617313 0.503459
vt 0.608250 0.541453
vt 0.608247 0.544148
vt 0.617362 0.512463
vt 0.631737 0.503461
vt 0.617525 0.542132
vt 0.617540 0.544865
vt 0.631769 0.512347
vt 0.634242 0.503462
vt 0.634270 0.512326
vt 0.631873 0.541625
vt 0.631883 0.544322
vt 0.634365 0.541537
vt 0.634373 0.544228
vt 0.143602 0.906569
vt 0.137487 0.906532
vt 0.143855 0.901015
vt 0.137740 0.900978
vt 0.143899 0.900051
vt 0.137784 0.900014
vt 0.144024 0.896855
vt 0.137905 0.896853
vt 0.144021 0.724557
vt 0.137182 0.730292
vt 0.144024 0.720442
vt 0.137168 0.726313
vt 0.140928 0.720260
vt 0.134503 0.726152
vt 0.107317 0.718289
vt 0.105568 0.724414
vt 0.097116 0.717691
vt 0.096787 0.723886
vt 0.745768 0.859648
vt 0.751925 0.862693
vt 0.744445 0.862365
vt 0.750821 0.864959
vt 0.736827 0.878010
vt 0.744467 0.878010
vt 0.744748 0.894276
vt 0.751074 0.891579
vt 0.745768 0.896371
vt 0.751925 0.893327
vt 0.517244 0.947248
vt 0.510548 0.944455
vt 0.517241 0.944034
vt 0.510558 0.941311
vt 0.517244 0.809488
vt 0.511140 0.809762
vt 0.517112 0.806927
vt 0.511011 0.807220
vt 0.509214 0.496826
vt 0.503104 0.496648
vt 0.509214 0.495629
vt 0.503104 0.495454
vt 0.509214 0.486342
vt 0.503104 0.486182
vt 0.555987 0.710870
vt 0.555461 0.703979
vt 0.568063 0.709935
vt 0.565857 0.703175
vt 0.597783 0.707635
vt 0.591444 0.701195
vt 0.602835 0.707244
vt 0.595793 0.700859
vt 0.602835 0.701695
vt 0.595714 0.695570
vt 0.602835 0.570125
vt 0.593855 0.570151
vt 0.602835 0.565086
vt 0.593784 0.565348
vt 0.602744 0.563801
vt 0.593693 0.564064
vt 0.601833 0.550848
vt 0.592782 0.551123
vt 0.496994 0.500082
vt 0.487945 0.500247
vt 0.496994 0.488299
vt 0.487945 0.488488
vt 0.487945 0.486375
vt 0.728826 0.859648
vt 0.734983 0.862693
vt 0.727464 0.862445
vt 0.733847 0.865026
vt 0.719885 0.878010
vt 0.727525 0.878010
vt 0.728019 0.894714
vt 0.734310 0.891944
vt 0.728826 0.896371
vt 0.734983 0.893327
vt 0.429839 0.882378
vt 0.420792 0.882131
vt 0.429795 0.877171
vt 0.420826 0.877094
vt 0.428639 0.741222
vt 0.421717 0.745571
vt 0.428590 0.735488
vt 0.421755 0.740024
vt 0.423538 0.735103
vt 0.417406 0.739682
vt 0.428780 0.733323
vt 0.393816 0.732832
vt 0.391822 0.737668
vt 0.423729 0.732937
vt 0.429839 0.721270
vt 0.424788 0.720884
vt 0.394006 0.730667
vt 0.395065 0.718614
vt 0.381739 0.731909
vt 0.381426 0.736850
vt 0.381929 0.729744
vt 0.382988 0.717691
vt 0.461298 0.717691
vt 0.460805 0.710865
vt 0.471840 0.716900
vt 0.469881 0.710179
vt 0.503236 0.714543
vt 0.496909 0.708138
vt 0.508154 0.714174
vt 0.501143 0.707818
vt 0.508154 0.710031
vt 0.501086 0.703857
vt 0.508154 0.567333
vt 0.499148 0.567399
vt 0.508154 0.563895
vt 0.499101 0.564112
vt 0.508055 0.562397
vt 0.499003 0.562614
vt 0.507298 0.550848
vt 0.498246 0.551074
vt 0.469851 0.501177
vt 0.460805 0.501502
vt 0.469851 0.488244
vt 0.460805 0.488586
vt 0.469851 0.485501
vt 0.460805 0.485847
vt 0.695368 0.859643
vt 0.701525 0.862688
vt 0.693803 0.862857
vt 0.700220 0.865369
vt 0.686427 0.878005
vt 0.694067 0.878005
vt 0.694341 0.894257
vt 0.700669 0.891562
vt 0.695368 0.896366
vt 0.701525 0.893322
vt 0.613628 0.844698
vt 0.604590 0.844268
vt 0.613628 0.841567
vt 0.604641 0.841230
vt 0.613628 0.711585
vt 0.606738 0.715119
vt 0.613628 0.707812
vt 0.606799 0.711458
vt 0.758416 0.865610
vt 0.751967 0.859003
vt 0.758416 0.860641
vt 0.751963 0.854725
vt 0.758416 0.828913
vt 0.751935 0.827410
vt 0.758416 0.818259
vt 0.751925 0.818237
vt 0.556087 0.845518
vt 0.555461 0.839008
vt 0.568315 0.844364
vt 0.565989 0.838027
vt 0.599820 0.841393
vt 0.593116 0.835497
vt 0.602869 0.841105
vt 0.595741 0.835252
vt 0.602869 0.838972
vt 0.595705 0.833237
vt 0.602869 0.730074
vt 0.593890 0.730369
vt 0.602869 0.726481
vt 0.593830 0.726975
vt 0.602615 0.723706
vt 0.593576 0.724204
vt 0.601438 0.710870
vt 0.592401 0.711384
vt 0.478898 0.501024
vt 0.469851 0.501260
vt 0.478898 0.487555
vt 0.469851 0.487814
vt 0.478898 0.485501
vt 0.469851 0.485763
vt 0.053114 0.862747
vt 0.059271 0.865792
vt 0.051931 0.865177
vt 0.058285 0.867819
vt 0.044173 0.881109
vt 0.051813 0.881109
vt 0.051525 0.896207
vt 0.057946 0.893704
vt 0.053114 0.899471
vt 0.059271 0.896426
vt 0.650042 0.707812
vt 0.640995 0.707547
vt 0.650042 0.703010
vt 0.641062 0.702916
vt 0.650042 0.557483
vt 0.643106 0.562553
vt 0.650042 0.554632
vt 0.643146 0.559803
vt 0.646990 0.554386
vt 0.640519 0.559586
vt 0.615452 0.551837
vt 0.613371 0.557341
vt 0.603211 0.550848
vt 0.602835 0.556469
vt 0.334571 0.887715
vt 0.334125 0.881115
vt 0.343948 0.887021
vt 0.342198 0.880510
vt 0.379038 0.884425
vt 0.372404 0.878247
vt 0.381426 0.884249
vt 0.374461 0.878093
vt 0.381426 0.882214
vt 0.374433 0.876141
vt 0.381426 0.731284
vt 0.372402 0.731394
vt 0.381426 0.729229
vt 0.372374 0.729423
vt 0.381364 0.728119
vt 0.372311 0.728313
vt 0.380777 0.717691
vt 0.371724 0.717889
vt 0.487945 0.501072
vt 0.478898 0.501260
vt 0.487945 0.487829
vt 0.478898 0.488041
vt 0.487945 0.486182
vt 0.478898 0.486398
vt 0.083775 0.856636
vt 0.089932 0.859681
vt 0.082786 0.858666
vt 0.089107 0.861375
vt 0.074834 0.874998
vt 0.082474 0.874998
vt 0.082914 0.891592
vt 0.089214 0.888840
vt 0.083775 0.893359
vt 0.089932 0.890314
vt 0.044173 0.921950
vt 0.035162 0.921173
vt 0.044173 0.920535
vt 0.035192 0.919789
vt 0.044173 0.816630
vt 0.037437 0.818159
vt 0.044173 0.815229
vt 0.037468 0.816789
vt 0.601651 0.550702
vt 0.596959 0.544056
vt 0.601651 0.548288
vt 0.596954 0.541978
vt 0.601651 0.512829
vt 0.595590 0.544143
vt 0.596883 0.511450
vt 0.601651 0.503352
vt 0.596865 0.503291
vt 0.595587 0.542061
vt 0.584582 0.544843
vt 0.595537 0.511480
vt 0.595523 0.503307
vt 0.584590 0.542733
vt 0.569454 0.544239
vt 0.584707 0.511725
vt 0.584738 0.503438
vt 0.569461 0.542157
vt 0.567843 0.544174
vt 0.567850 0.542096
vt 0.569560 0.511582
vt 0.569587 0.503411
vt 0.567948 0.511567
vt 0.567974 0.503408
vt 0.555461 0.845810
vt 0.557885 0.845763
vt 0.555525 0.855064
vt 0.557940 0.855040
vt 0.570388 0.845518
vt 0.555725 0.883572
vt 0.570388 0.854917
vt 0.558107 0.883621
vt 0.555746 0.886573
vt 0.570388 0.883874
vt 0.558124 0.886630
vt 0.570388 0.886923
vt 0.868410 0.558534
vt 0.870850 0.557285
vt 0.868836 0.563835
vt 0.871244 0.562656
vt 0.881950 0.726987
vt 0.883431 0.550848
vt 0.883376 0.727932
vt 0.882312 0.731496
vt 0.883712 0.732500
vt 0.883661 0.556575
vt 0.896029 0.556051
vt 0.890732 0.732807
vt 0.890927 0.737678
vt 0.896073 0.561448
vt 0.899019 0.557286
vt 0.899019 0.562605
vt 0.897430 0.727541
vt 0.897467 0.732132
vt 0.899019 0.726291
vt 0.899019 0.730815
vt 0.664892 0.503463
vt 0.666875 0.503496
vt 0.666875 0.514245
vt 0.664892 0.514212
vt 0.666875 0.547359
vt 0.654667 0.503294
vt 0.664892 0.547326
vt 0.666875 0.550846
vt 0.664892 0.550813
vt 0.654667 0.514043
vt 0.638267 0.503291
vt 0.654667 0.547158
vt 0.654667 0.550644
vt 0.638267 0.514041
vt 0.634373 0.503291
vt 0.634373 0.514040
vt 0.638267 0.547155
vt 0.638267 0.550642
vt 0.634373 0.547154
vt 0.634373 0.550641
vt 0.683392 0.557535
vt 0.686427 0.558831
vt 0.686427 0.564336
vt 0.683445 0.563114
vt 0.686427 0.733747
vt 0.667741 0.550848
vt 0.685081 0.734818
vt 0.686427 0.738429
vt 0.685126 0.739563
vt 0.668068 0.556812
vt 0.653437 0.558938
vt 0.678139 0.740340
vt 0.678418 0.745413
vt 0.653987 0.564504
vt 0.650042 0.560859
vt 0.650645 0.566330
vt 0.670899 0.735788
vt 0.671367 0.740522
vt 0.669181 0.734708
vt 0.669693 0.739361
vt 0.703192 0.859643
vt 0.689643 0.859615
vt 0.703192 0.850244
vt 0.689647 0.850333
vt 0.686427 0.859608
vt 0.703192 0.821286
vt 0.686432 0.850354
vt 0.689661 0.821737
vt 0.703192 0.818237
vt 0.686449 0.821844
vt 0.689662 0.818726
vt 0.686450 0.818842
vt 0.697743 0.503299
vt 0.699205 0.503310
vt 0.697683 0.513806
vt 0.699146 0.513832
vt 0.697535 0.539665
vt 0.713945 0.503430
vt 0.699000 0.539728
vt 0.697509 0.544060
vt 0.698976 0.544129
vt 0.713896 0.514102
vt 0.725641 0.503312
vt 0.713775 0.540365
vt 0.713755 0.544829
vt 0.725634 0.513844
vt 0.727743 0.503291
vt 0.727743 0.513798
vt 0.725616 0.539765
vt 0.725613 0.544171
vt 0.727743 0.539657
vt 0.727743 0.544052
vt 0.759196 0.752770
vt 0.760566 0.752105
vt 0.759426 0.758627
vt 0.760786 0.758021
vt 0.764861 0.897507
vt 0.774371 0.745399
vt 0.766003 0.898303
vt 0.765069 0.902826
vt 0.766203 0.903676
vt 0.774499 0.751911
vt 0.787471 0.751130
vt 0.777520 0.906330
vt 0.777636 0.912243
vt 0.787490 0.757091
vt 0.789824 0.752160
vt 0.789824 0.758022
vt 0.787949 0.898430
vt 0.787967 0.903843
vt 0.789823 0.897010
vt 0.789823 0.902333
vt 0.842275 0.495797
vt 0.844009 0.495791
vt 0.844009 0.507997
vt 0.842275 0.508003
vt 0.824805 0.495854
vt 0.844009 0.538037
vt 0.824805 0.508061
vt 0.842275 0.538043
vt 0.844009 0.543143
vt 0.824805 0.538100
vt 0.842275 0.543149
vt 0.824805 0.543206
vt 0.797194 0.716511
vt 0.795581 0.715637
vt 0.796034 0.709563
vt 0.797629 0.710372
vt 0.806785 0.565553
vt 0.813452 0.725330
vt 0.807953 0.564784
vt 0.807197 0.560037
vt 0.808348 0.559208
vt 0.813706 0.718520
vt 0.829171 0.718283
vt 0.819726 0.557033
vt 0.819956 0.550848
vt 0.829210 0.712082
vt 0.831996 0.717016
vt 0.831996 0.710926
vt 0.830127 0.565065
vt 0.830162 0.559434
vt 0.831996 0.566508
vt 0.831996 0.560977
vt 0.074834 0.815326
vt 0.077842 0.815309
vt 0.074858 0.825982
vt 0.077862 0.825994
vt 0.091762 0.815229
vt 0.074920 0.853436
vt 0.091762 0.826052
vt 0.077913 0.853525
vt 0.074926 0.856093
vt 0.091762 0.853938
vt 0.077918 0.856189
vt 0.091762 0.856636
vt 0.911110 0.558227
vt 0.913806 0.556916
vt 0.911219 0.561015
vt 0.913907 0.559759
vt 0.916799 0.703344
vt 0.926283 0.550848
vt 0.919048 0.704924
vt 0.916983 0.708040
vt 0.919217 0.709713
vt 0.926344 0.553949
vt 0.939693 0.556709
vt 0.929452 0.712230
vt 0.929554 0.717452
vt 0.939701 0.559540
vt 0.941738 0.557603
vt 0.941738 0.560392
vt 0.940112 0.704079
vt 0.940125 0.708848
vt 0.941737 0.702836
vt 0.941737 0.707536
vt 0.564272 0.503320
vt 0.567843 0.503326
vt 0.567843 0.515702
vt 0.564272 0.515696
vt 0.567843 0.547590
vt 0.547746 0.503291
vt 0.564272 0.547584
vt 0.567843 0.550676
vt 0.564272 0.550670
vt 0.547746 0.515667
vt 0.535133 0.503444
vt 0.547746 0.547555
vt 0.547746 0.550641
vt 0.535133 0.515820
vt 0.533209 0.503467
vt 0.533209 0.515843
vt 0.535133 0.547708
vt 0.535133 0.550794
vt 0.533209 0.547731
vt 0.533209 0.550817
vt 0.616804 0.874074
vt 0.613628 0.872350
vt 0.613845 0.869459
vt 0.617003 0.871121
vt 0.624880 0.721864
vt 0.631495 0.882052
vt 0.627177 0.720338
vt 0.625244 0.716995
vt 0.627512 0.715362
vt 0.631616 0.878810
vt 0.647588 0.874847
vt 0.637804 0.713274
vt 0.638008 0.707812
vt 0.647604 0.871902
vt 0.650042 0.873748
vt 0.650042 0.870848
vt 0.648423 0.721566
vt 0.648450 0.716605
vt 0.650042 0.722830
vt 0.650042 0.717947
vt 0.735907 0.859648
vt 0.722005 0.859482
vt 0.735907 0.848824
vt 0.722056 0.848804
vt 0.719885 0.859456
vt 0.735907 0.820936
vt 0.719944 0.848800
vt 0.722188 0.821292
vt 0.735907 0.818237
vt 0.720095 0.821346
vt 0.722200 0.818629
vt 0.720110 0.818689
vt 0.697391 0.544771
vt 0.695364 0.544761
vt 0.697418 0.535426
vt 0.695387 0.535397
vt 0.697501 0.506921
vt 0.682189 0.544699
vt 0.695459 0.506832
vt 0.697509 0.504004
vt 0.695467 0.503909
vt 0.682189 0.535207
vt 0.669072 0.544761
vt 0.682189 0.506253
vt 0.682189 0.503291
vt 0.669048 0.535396
vt 0.666993 0.544771
vt 0.666966 0.535426
vt 0.668977 0.506829
vt 0.668970 0.503906
vt 0.666884 0.506921
vt 0.666875 0.504004
vt 0.826190 0.905711
vt 0.824112 0.906569
vt 0.826190 0.903416
vt 0.824125 0.904250
vt 0.826190 0.738209
vt 0.810601 0.912148
vt 0.825077 0.737355
vt 0.826190 0.732194
vt 0.825111 0.731279
vt 0.810700 0.909677
vt 0.797635 0.905513
vt 0.817839 0.731807
vt 0.818099 0.725330
vt 0.797808 0.903200
vt 0.795581 0.904461
vt 0.795765 0.902174
vt 0.810210 0.736728
vt 0.810661 0.730666
vt 0.809001 0.737507
vt 0.809483 0.731512
vt 0.756705 0.557766
vt 0.759196 0.558830
vt 0.759196 0.561206
vt 0.756724 0.560168
vt 0.759196 0.732195
vt 0.740510 0.550848
vt 0.758079 0.733058
vt 0.759196 0.738421
vt 0.758129 0.739353
vt 0.740651 0.553422
vt 0.725232 0.559490
vt 0.750817 0.738661
vt 0.751187 0.745406
vt 0.725476 0.561880
vt 0.722812 0.560860
vt 0.723072 0.563221
vt 0.743017 0.733918
vt 0.743656 0.740182
vt 0.741781 0.733167
vt 0.742463 0.739355
vt 0.788322 0.495800
vt 0.805597 0.495852
vt 0.805597 0.506705
vt 0.788322 0.506653
vt 0.785584 0.495791
vt 0.805597 0.539811
vt 0.785584 0.506645
vt 0.788322 0.539759
vt 0.805597 0.543198
vt 0.785584 0.539750
vt 0.788322 0.543146
vt 0.785584 0.543138
vt 0.286826 0.889845
vt 0.283471 0.890064
vt 0.285784 0.875722
vt 0.282429 0.875942
vt 0.250687 0.892213
vt 0.285623 0.873550
vt 0.249645 0.878090
vt 0.239939 0.892917
vt 0.238897 0.878795
vt 0.282269 0.873769
vt 0.249485 0.875918
vt 0.238737 0.876622
vt 0.238537 0.872469
vt 0.247788 0.871838
vt 0.276008 0.869915
vt 0.278896 0.869718
vt 0.285639 0.871488
vt 0.278920 0.867709
vt 0.286784 0.723094
vt 0.280653 0.723079
vt 0.286826 0.717691
vt 0.280716 0.717813
vt 0.735907 0.818430
vt 0.737747 0.818407
vt 0.735958 0.827602
vt 0.737792 0.827597
vt 0.736109 0.854918
vt 0.751925 0.827555
vt 0.737926 0.854963
vt 0.736133 0.859197
vt 0.751925 0.855302
vt 0.737947 0.859249
vt 0.751925 0.859648
vt 0.680670 0.905321
vt 0.678895 0.906097
vt 0.680670 0.901186
vt 0.678906 0.901910
vt 0.680670 0.758755
vt 0.665217 0.912083
vt 0.679262 0.757660
vt 0.680670 0.755324
vt 0.679271 0.754185
vt 0.665307 0.907488
vt 0.652698 0.906000
vt 0.668408 0.749225
vt 0.668483 0.745413
vt 0.652847 0.901788
vt 0.650042 0.904710
vt 0.650204 0.900578
vt 0.657991 0.756678
vt 0.658115 0.753182
vt 0.655782 0.758258
vt 0.655916 0.754830
vt 0.530978 0.503384
vt 0.533209 0.503397
vt 0.533209 0.514049
vt 0.530978 0.514037
vt 0.533209 0.545774
vt 0.513786 0.503291
vt 0.530978 0.545762
vt 0.533209 0.550743
vt 0.530978 0.550731
vt 0.513786 0.513944
vt 0.500140 0.503465
vt 0.513786 0.545668
vt 0.513786 0.550637
vt 0.500140 0.514118
vt 0.497245 0.503502
vt 0.497245 0.514155
vt 0.500140 0.545843
vt 0.500140 0.550811
vt 0.497245 0.545879
vt 0.497245 0.550848
vt 0.866280 0.558207
vt 0.868410 0.559162
vt 0.868410 0.563458
vt 0.866301 0.562562
vt 0.868410 0.711463
vt 0.849867 0.550848
vt 0.867010 0.712578
vt 0.868410 0.715029
vt 0.867027 0.716192
vt 0.850046 0.555653
vt 0.835123 0.558846
vt 0.856223 0.721171
vt 0.856371 0.725158
vt 0.835419 0.563222
vt 0.831996 0.560543
vt 0.832316 0.564827
vt 0.845599 0.713947
vt 0.845844 0.717578
vt 0.843346 0.712414
vt 0.843611 0.715970
vt 0.896470 0.537204
vt 0.886726 0.536965
vt 0.896470 0.527886
vt 0.886796 0.527768
vt 0.884659 0.536915
vt 0.896470 0.500138
vt 0.884744 0.527743
vt 0.887005 0.500377
vt 0.896470 0.495791
vt 0.884997 0.500427
vt 0.887038 0.496087
vt 0.885037 0.496149
vt 0.795581 0.557832
vt 0.795462 0.561028
vt 0.794396 0.556799
vt 0.794268 0.560007
vt 0.787572 0.550848
vt 0.795581 0.733302
vt 0.787392 0.554130
vt 0.779843 0.556209
vt 0.792853 0.734432
vt 0.795581 0.737416
vt 0.792816 0.738597
vt 0.777139 0.740941
vt 0.776895 0.745399
vt 0.779617 0.559409
vt 0.778847 0.556900
vt 0.778615 0.560089
vt 0.761643 0.732399
vt 0.761216 0.736530
vt 0.759646 0.731299
vt 0.759196 0.735388
vt 0.882145 0.747019
vt 0.882312 0.743860
vt 0.883587 0.742945
vt 0.883425 0.746116
vt 0.868729 0.912835
vt 0.890797 0.740917
vt 0.898096 0.743758
vt 0.870929 0.913926
vt 0.868410 0.916798
vt 0.870633 0.917935
vt 0.883603 0.920205
vt 0.883431 0.924484
vt 0.898004 0.746929
vt 0.899019 0.744541
vt 0.898932 0.747703
vt 0.897260 0.914770
vt 0.897241 0.918780
vt 0.899019 0.914070
vt 0.899019 0.918045
vt 0.765486 0.543177
vt 0.765486 0.540052
vt 0.768460 0.543172
vt 0.768460 0.540047
vt 0.785584 0.543141
vt 0.765486 0.506123
vt 0.785584 0.540016
vt 0.768460 0.506118
vt 0.765486 0.495827
vt 0.785584 0.506088
vt 0.768460 0.495821
vt 0.062070 0.818354
vt 0.046216 0.815382
vt 0.046216 0.818506
vt 0.044173 0.815401
vt 0.062070 0.852280
vt 0.044173 0.818526
vt 0.046216 0.852432
vt 0.062070 0.862576
vt 0.044173 0.852452
vt 0.046216 0.862728
vt 0.044173 0.862747
vt 0.703336 0.822707
vt 0.703351 0.818706
vt 0.705459 0.818646
vt 0.705446 0.822656
vt 0.719885 0.818237
vt 0.703229 0.849937
vt 0.719885 0.822302
vt 0.705353 0.849939
vt 0.703192 0.859469
vt 0.719885 0.849958
vt 0.705321 0.859490
vt 0.719885 0.859639
vt 0.583911 0.882863
vt 0.583911 0.886929
vt 0.572497 0.886608
vt 0.572468 0.882598
vt 0.570724 0.886559
vt 0.583911 0.855201
vt 0.570691 0.882556
vt 0.572274 0.855309
vt 0.583911 0.845518
vt 0.570466 0.855326
vt 0.572206 0.845756
vt 0.570388 0.845793
vt 0.497245 0.503411
vt 0.497245 0.508060
vt 0.494923 0.503422
vt 0.494923 0.508070
vt 0.479029 0.503497
vt 0.497245 0.539690
vt 0.479029 0.508145
vt 0.463255 0.503422
vt 0.494923 0.539701
vt 0.497245 0.550762
vt 0.494923 0.550773
vt 0.479029 0.539776
vt 0.479029 0.550848
vt 0.463255 0.508071
vt 0.460805 0.503411
vt 0.460805 0.508060
vt 0.463255 0.539701
vt 0.463255 0.550774
vt 0.460805 0.539690
vt 0.460805 0.550762
vt 0.831996 0.732845
vt 0.834015 0.731812
vt 0.832334 0.737054
vt 0.834333 0.736066
vt 0.845657 0.902803
vt 0.847015 0.725158
vt 0.846830 0.903602
vt 0.845898 0.905795
vt 0.847056 0.906626
vt 0.847198 0.729704
vt 0.860617 0.730775
vt 0.854384 0.908744
vt 0.854513 0.911977
vt 0.860640 0.735039
vt 0.862605 0.731596
vt 0.862605 0.735818
vt 0.861556 0.902957
vt 0.861573 0.905988
vt 0.862605 0.902111
vt 0.862605 0.905113
vt 0.688807 0.736741
vt 0.686427 0.735395
vt 0.686905 0.731051
vt 0.689255 0.732345
vt 0.705738 0.559988
vt 0.704125 0.745406
vt 0.706932 0.559212
vt 0.706078 0.556899
vt 0.707251 0.556086
vt 0.704385 0.740672
vt 0.720429 0.738442
vt 0.714618 0.554215
vt 0.714803 0.550848
vt 0.720462 0.734025
vt 0.722812 0.737424
vt 0.722812 0.733054
vt 0.721767 0.560083
vt 0.721790 0.556942
vt 0.722812 0.560940
vt 0.722812 0.557833
vt 0.916906 0.728849
vt 0.916984 0.726864
vt 0.918374 0.725823
vt 0.918300 0.727833
vt 0.929555 0.717452
vt 0.911187 0.874696
vt 0.929511 0.719661
vt 0.940565 0.726414
vt 0.912861 0.875487
vt 0.911110 0.876662
vt 0.912788 0.877478
vt 0.926326 0.881855
vt 0.926283 0.884042
vt 0.940561 0.728423
vt 0.941738 0.727368
vt 0.941738 0.729356
vt 0.940255 0.875948
vt 0.940251 0.877937
vt 0.941738 0.875319
vt 0.941738 0.877287
vt 0.530662 0.880370
vt 0.530508 0.878310
vt 0.532074 0.881385
vt 0.531927 0.879298
vt 0.543427 0.889553
vt 0.519199 0.727065
vt 0.543340 0.887243
vt 0.554303 0.880393
vt 0.521168 0.726020
vt 0.519047 0.725026
vt 0.521023 0.723953
vt 0.536999 0.717610
vt 0.536913 0.715323
vt 0.554294 0.878304
vt 0.555461 0.879418
vt 0.555461 0.877352
vt 0.553684 0.724897
vt 0.553676 0.722829
vt 0.555461 0.725673
vt 0.555461 0.723628
vt 0.805597 0.543143
vt 0.805597 0.540729
vt 0.807721 0.543150
vt 0.807721 0.540736
vt 0.805597 0.505268
vt 0.824805 0.540792
vt 0.807721 0.505275
vt 0.805597 0.495791
vt 0.824805 0.505331
vt 0.807721 0.495798
vt 0.748037 0.503291
vt 0.748037 0.505705
vt 0.729696 0.503294
vt 0.729696 0.505708
vt 0.727743 0.503294
vt 0.748037 0.541164
vt 0.727743 0.505708
vt 0.729696 0.541167
vt 0.748037 0.550641
vt 0.727743 0.541168
vt 0.729696 0.550644
vt 0.727743 0.550644
vt 0.029322 0.049293
vt 0.027773 0.045526
vt 0.048913 0.029549
vt 0.045174 0.027991
vt 0.015469 0.015591
vt 0.018042 0.003771
vt 0.436589 0.027991
vt 0.015469 0.469914
vt 0.027773 0.439979
vt 0.045174 0.457514
vt 0.029322 0.436208
vt 0.048913 0.455951
vt 0.018042 0.481734
vt 0.436589 0.457514
vt 0.013853 0.471542
vt 0.013853 0.013963
vt 0.003740 0.467321
vt 0.003740 0.018184
vt 0.000000 0.465757
vt 0.000000 0.019743
vt 0.463721 0.481734
vt 0.462172 0.485501
vt 0.019591 0.485501
vt 0.466294 0.469914
vt 0.453990 0.439979
vt 0.432850 0.455951
vt 0.452441 0.436208
vt 0.467910 0.471542
vt 0.478023 0.467321
vt 0.466294 0.015591
vt 0.453990 0.045526
vt 0.467910 0.013963
vt 0.478023 0.018184
vt 0.481763 0.019743
vt 0.481763 0.465757
vt 0.463721 0.003771
vt 0.452441 0.049293
vt 0.432850 0.029549
vt 0.019591 0.000000
vt 0.462172 0.000000
vt 0.975604 0.374865
vt 0.975847 0.000000
vt 0.978971 0.004057
vt 0.978732 0.371759
vt 0.980304 0.004052
vt 0.980066 0.371754
vt 0.985449 0.004034
vt 0.980304 0.396661
vt 0.978971 0.396665
vt 0.985449 0.396643
vt 0.985211 0.371737
vt 0.987609 0.004027
vt 0.987609 0.396636
vt 0.987370 0.371729
vt 0.987609 0.351826
vt 0.987865 0.000000
vt 0.990989 0.004050
vt 0.990738 0.349153
vt 0.992323 0.004042
vt 0.992072 0.349145
vt 0.997468 0.004014
vt 0.992323 0.375682
vt 0.990990 0.375689
vt 0.997468 0.375653
vt 0.997217 0.349117
vt 0.999628 0.004002
vt 0.999628 0.375641
vt 0.999376 0.349105
vt 0.501354 0.000000
vt 0.943934 0.000000
vt 0.949672 0.013961
vt 0.963525 0.019743
vt 0.495616 0.013961
vt 0.948057 0.015589
vt 0.497232 0.015589
vt 0.934203 0.049293
vt 0.963526 0.465757
vt 0.914612 0.029550
vt 0.530676 0.029550
vt 0.511085 0.049293
vt 0.934203 0.436208
vt 0.511085 0.436208
vt 0.948057 0.469912
vt 0.914612 0.455951
vt 0.530676 0.455951
vt 0.497232 0.469912
vt 0.949673 0.471540
vt 0.943934 0.485501
vt 0.495616 0.471540
vt 0.501354 0.485501
vt 0.000000 0.624689
vt 0.000000 0.578503
vt 0.004500 0.579405
vt 0.004500 0.623786
vt 0.017538 0.667359
vt 0.021353 0.538402
vt 0.017538 0.535833
vt 0.021353 0.664789
vt 0.049945 0.700017
vt 0.052494 0.507020
vt 0.049945 0.503175
vt 0.052494 0.696172
vt 0.092286 0.717691
vt 0.093181 0.490036
vt 0.092286 0.485501
vt 0.093181 0.713155
vt 0.138116 0.717691
vt 0.137221 0.490036
vt 0.138116 0.485501
vt 0.137221 0.713155
vt 0.180458 0.700016
vt 0.177908 0.507020
vt 0.180458 0.503175
vt 0.177908 0.696172
vt 0.212864 0.667358
vt 0.209048 0.538402
vt 0.212864 0.535833
vt 0.209048 0.664789
vt 0.225902 0.579405
vt 0.225902 0.623786
vt 0.161384 0.531937
vt 0.184320 0.555051
vt 0.196733 0.585251
vt 0.196733 0.617939
vt 0.184320 0.648139
vt 0.161384 0.671253
vt 0.131416 0.519428
vt 0.131416 0.683763
vt 0.098980 0.519428
vt 0.098980 0.683763
vt 0.069012 0.531937
vt 0.069012 0.671253
vt 0.046076 0.555051
vt 0.046076 0.648139
vt 0.033663 0.585251
vt 0.033663 0.617939
vt 0.107190 0.561015
vt 0.092390 0.567193
vt 0.081063 0.578609
vt 0.074932 0.593524
vt 0.074932 0.609667
vt 0.081063 0.624583
vt 0.123210 0.561015
vt 0.092390 0.635998
vt 0.138010 0.567193
vt 0.107190 0.642176
vt 0.149338 0.578609
vt 0.123210 0.642176
vt 0.155468 0.593524
vt 0.138010 0.635998
vt 0.155468 0.609667
vt 0.149338 0.624582
vt 0.145835 0.580968
vt 0.135669 0.570724
vt 0.151336 0.594352
vt 0.151336 0.608839
vt 0.122388 0.565180
vt 0.145835 0.622223
vt 0.135669 0.632467
vt 0.108013 0.565180
vt 0.122388 0.638011
vt 0.094731 0.570724
vt 0.108013 0.638011
vt 0.084566 0.580968
vt 0.094731 0.632467
vt 0.079065 0.594352
vt 0.084566 0.622223
vt 0.079065 0.608839
vt 0.496622 0.796257
vt 0.507799 0.784992
vt 0.511648 0.787583
vt 0.499193 0.800134
vt 0.518388 0.771184
vt 0.513848 0.770275
vt 0.518388 0.753434
vt 0.513848 0.754345
vt 0.511648 0.737035
vt 0.507799 0.739627
vt 0.499193 0.724484
vt 0.482017 0.802353
vt 0.482921 0.806927
vt 0.496622 0.728363
vt 0.482921 0.717691
vt 0.482017 0.722267
vt 0.465307 0.717691
vt 0.466210 0.802353
vt 0.465307 0.806927
vt 0.466210 0.722267
vt 0.449034 0.724484
vt 0.451606 0.796257
vt 0.449034 0.800134
vt 0.440428 0.784992
vt 0.436580 0.787583
vt 0.451606 0.728363
vt 0.436580 0.737035
vt 0.434379 0.770275
vt 0.429839 0.771184
vt 0.440428 0.739627
vt 0.429839 0.753434
vt 0.434379 0.754345
s 1
f 3/1/1 2/2/2 1/3/3
f 2/2/2 4/4/4 1/3/3
f 1/3/3 4/4/4 5/5/5
f 2/2/2 6/6/6 4/4/4
f 4/4/4 7/7/7 5/5/5
f 5/5/5 7/7/7 8/8/8
f 7/7/7 9/9/9 8/8/8
f 6/6/6 10/10/10 4/4/4
f 4/4/4 10/10/10 7/7/7
f 6/6/6 11/11/11 10/10/10
f 7/7/7 12/12/12 9/9/9
f 10/10/10 12/12/12 7/7/7
f 12/12/12 13/13/13 9/9/9
f 11/11/11 14/14/14 10/10/10
f 10/10/10 14/14/14 12/12/12
f 11/11/11 15/15/15 14/14/14
f 12/12/12 16/16/16 13/13/13
f 14/14/14 16/16/16 12/12/12
f 16/16/16 17/17/17 13/13/13
f 15/15/15 18/18/18 14/14/14
f 14/14/14 18/18/18 16/16/16
f 15/15/15 19/19/19 18/18/18
f 19/19/19 20/20/20 18/18/18
f 16/16/16 21/21/21 17/17/17
f 18/18/18 21/21/21 16/16/16
f 18/18/18 20/20/20 21/21/21
f 21/21/21 22/22/22 17/17/17
f 20/20/20 23/23/23 21/21/21
f 21/21/21 23/23/23 22/22/22
f 23/23/23 24/24/24 22/22/22
f 27/25/25 26/26/26 25/27/27
f 26/26/26 28/28/28 25/27/27
f 25/27/27 28/28/28 29/29/29
f 26/26/26 30/30/30 28/28/28
f 28/28/28 31/31/31 29/29/29
f 29/29/29 31/31/31 32/32/32
f 31/31/31 33/33/33 32/32/32
f 30/30/30 34/34/34 28/28/28
f 28/28/28 34/34/34 31/31/31
f 30/30/30 35/35/35 34/34/34
f 31/31/31 36/36/36 33/33/33
f 34/34/34 36/36/36 31/31/31
f 36/36/36 37/37/37 33/33/33
f 35/35/35 38/38/38 34/34/34
f 34/34/34 38/38/38 36/36/36
f 35/35/35 39/39/39 38/38/38
f 39/39/39 40/40/40 38/38/38
f 36/36/36 41/41/41 37/37/37
f 38/38/38 41/41/41 36/36/36
f 38/38/38 40/40/40 41/41/41
f 41/41/41 42/42/42 37/37/37
f 40/40/40 43/43/43 41/41/41
f 41/41/41 43/43/43 42/42/42
f 43/43/43 44/44/44 42/42/42
f 47/45/45 46/46/46 45/47/47
f 46/46/46 48/48/48 45/47/47
f 45/47/47 48/48/48 49/49/49
f 46/46/46 50/50/50 48/48/48
f 48/48/48 51/51/51 49/49/49
f 49/49/49 51/51/51 52/52/52
f 51/51/51 53/53/53 52/52/52
f 50/50/50 54/54/54 48/48/48
f 48/48/48 54/54/54 51/51/51
f 50/50/50 55/55/55 54/54/54
f 51/51/51 56/56/56 53/53/53
f 54/54/54 56/56/56 51/51/51
f 56/56/56 57/57/57 53/53/53
f 55/55/55 58/58/58 54/54/54
f 54/54/54 58/58/58 56/56/56
f 55/55/55 59/59/59 58/58/58
f 59/59/59 60/60/60 58/58/58
f 56/56/56 61/61/61 57/57/57
f 58/58/58 61/61/61 56/56/56
f 58/58/58 60/60/60 61/61/61
f 61/61/61 62/62/62 57/57/57
f 60/60/60 63/63/63 61/61/61
f 61/61/61 63/63/63 62/62/62
f 63/63/63 64/64/64 62/62/62
f 67/65/65 66/66/66 65/67/67
f 66/66/66 68/68/68 65/67/67
f 65/67/67 68/68/68 69/69/69
f 66/66/66 70/70/70 68/68/68
f 68/68/68 71/71/71 69/69/69
f 69/69/69 71/71/71 72/72/72
f 71/71/71 73/73/73 72/72/72
f 70/70/70 74/74/74 68/68/68
f 68/68/68 74/74/74 71/71/71
f 70/70/70 75/75/75 74/74/74
f 75/75/75 76/76/76 74/74/74
f 71/71/71 77/77/77 73/73/73
f 74/74/74 77/77/77 71/71/71
f 74/74/74 76/76/76 77/77/77
f 77/77/77 78/78/78 73/73/73
f 76/76/76 79/79/79 77/77/77
f 77/77/77 79/79/79 78/78/78
f 79/79/79 80/80/80 78/78/78
f 83/81/81 82/82/81 81/83/81
f 81/83/81 84/84/81 83/81/81
f 84/84/81 85/85/81 83/81/81
f 84/84/81 86/86/81 85/85/81
f 86/86/81 87/87/81 85/85/81
f 86/86/81 88/88/81 87/87/81
f 88/88/81 89/89/81 87/87/81
f 88/88/81 90/90/81 89/89/81
f 90/90/81 91/91/81 89/89/81
f 90/90/81 92/92/81 91/91/81
f 90/90/81 93/93/81 92/92/81
f 93/93/81 94/94/81 92/92/81
f 93/93/81 95/95/81 94/94/81
f 95/95/81 96/96/81 94/94/81
f 99/97/82 98/98/82 97/99/82
f 97/99/82 100/100/82 99/97/82
f 100/100/82 101/101/82 99/97/82
f 100/100/82 102/102/82 101/101/82
f 102/102/82 103/103/82 101/101/82
f 102/102/82 104/104/82 103/103/82
f 104/104/82 105/105/82 103/103/82
f 104/104/82 106/106/82 105/105/82
f 104/104/82 107/107/82 106/106/82
f 107/107/82 108/108/82 106/106/82
f 108/108/82 109/109/82 106/106/82
f 108/108/82 110/110/82 109/109/82
f 110/110/82 111/111/82 109/109/82
f 110/110/82 112/112/82 111/111/82
f 115/113/83 114/114/83 113/115/84
f 114/114/83 116/116/84 113/115/84
f 113/115/84 116/116/84 117/117/85
f 116/116/84 118/118/85 117/117/85
f 117/117/85 118/118/85 119/119/86
f 118/118/85 120/120/86 119/119/86
f 119/119/86 120/120/86 121/121/87
f 120/120/86 122/122/87 121/121/87
f 121/121/87 122/122/87 123/123/88
f 122/122/87 124/124/89 123/123/88
f 127/125/90 126/126/91 125/127/92
f 126/126/91 128/128/92 125/127/92
f 125/127/92 128/128/92 129/129/93
f 128/128/92 130/130/93 129/129/93
f 129/129/93 130/130/93 131/131/94
f 130/130/93 132/132/94 131/131/94
f 131/131/94 132/132/94 133/133/95
f 132/132/94 134/134/95 133/133/95
f 137/135/96 136/136/97 135/137/97
f 138/138/96 137/135/96 135/137/97
f 139/139/98 137/135/96 138/138/96
f 140/140/98 139/139/98 138/138/96
f 141/141/99 139/139/98 140/140/98
f 142/142/99 141/141/99 140/140/98
f 143/143/100 141/141/99 142/142/99
f 144/144/101 143/143/100 142/142/99
f 147/145/102 146/146/103 145/147/103
f 148/148/102 147/145/102 145/147/103
f 149/149/104 147/145/102 148/148/102
f 150/150/104 149/149/104 148/148/102
f 151/151/105 149/149/104 150/150/104
f 152/152/105 151/151/105 150/150/104
f 155/153/81 154/154/81 153/155/81
f 153/155/81 156/156/81 155/153/81
f 156/156/81 157/157/81 155/153/81
f 156/156/81 158/158/81 157/157/81
f 158/158/81 159/159/81 157/157/81
f 158/158/81 160/160/81 159/159/81
f 160/160/81 161/161/81 159/159/81
f 160/160/81 162/162/81 161/161/81
f 162/162/81 163/163/81 161/161/81
f 162/162/81 164/164/81 163/163/81
f 162/162/81 165/165/81 164/164/81
f 165/165/81 166/166/81 164/164/81
f 166/166/81 167/167/81 164/164/81
f 166/166/81 168/168/81 167/167/81
f 171/169/96 170/170/97 169/171/106
f 172/172/96 171/169/96 169/171/106
f 172/172/96 169/171/106 173/173/106
f 174/174/98 171/169/96 172/172/96
f 175/175/96 172/172/96 173/173/106
f 175/175/96 173/173/106 176/176/106
f 177/177/96 175/175/96 176/176/106
f 178/178/98 174/174/98 172/172/96
f 178/178/98 172/172/96 175/175/96
f 179/179/107 174/174/98 178/178/98
f 180/180/98 175/175/96 177/177/96
f 180/180/98 178/178/98 175/175/96
f 181/181/98 180/180/98 177/177/96
f 182/182/107 179/179/107 178/178/98
f 182/182/107 178/178/98 180/180/98
f 183/183/108 179/179/107 182/182/107
f 184/184/108 183/183/108 182/182/107
f 185/185/107 180/180/98 181/181/98
f 185/185/107 182/182/107 180/180/98
f 184/184/108 182/182/107 185/185/107
f 186/186/107 185/185/107 181/181/98
f 187/187/108 184/184/108 185/185/107
f 187/187/108 185/185/107 186/186/107
f 188/188/108 187/187/108 186/186/107
f 191/189/102 190/190/103 189/191/109
f 192/192/102 191/189/102 189/191/109
f 192/192/102 189/191/109 193/193/109
f 194/194/110 191/189/102 192/192/102
f 195/195/102 192/192/102 193/193/109
f 195/195/102 193/193/109 196/196/109
f 197/197/102 195/195/102 196/196/109
f 198/198/110 194/194/110 192/192/102
f 198/198/110 192/192/102 195/195/102
f 199/199/111 194/194/110 198/198/110
f 200/200/111 199/199/111 198/198/110
f 201/201/110 195/195/102 197/197/102
f 201/201/110 198/198/110 195/195/102
f 200/200/111 198/198/110 201/201/110
f 202/202/110 201/201/110 197/197/102
f 203/203/111 200/200/111 201/201/110
f 203/203/111 201/201/110 202/202/110
f 204/204/111 203/203/111 202/202/110
f 207/205/112 206/206/89 205/207/89
f 208/208/112 207/205/112 205/207/89
f 208/208/112 205/207/89 209/209/89
f 210/210/113 207/205/112 208/208/112
f 211/211/112 208/208/112 209/209/89
f 211/211/112 209/209/89 212/212/89
f 213/213/112 211/211/112 212/212/89
f 214/214/113 210/210/113 208/208/112
f 214/214/113 208/208/112 211/211/112
f 215/215/114 210/210/113 214/214/113
f 216/216/113 211/211/112 213/213/112
f 216/216/113 214/214/113 211/211/112
f 217/217/113 216/216/113 213/213/112
f 218/218/114 215/215/114 214/214/113
f 218/218/114 214/214/113 216/216/113
f 219/219/115 215/215/114 218/218/114
f 220/220/114 216/216/113 217/217/113
f 220/220/114 218/218/114 216/216/113
f 221/221/114 220/220/114 217/217/113
f 222/222/115 219/219/115 218/218/114
f 222/222/115 218/218/114 220/220/114
f 223/223/116 219/219/115 222/222/115
f 224/224/116 223/223/116 222/222/115
f 225/225/117 220/220/114 221/221/114
f 225/225/117 222/222/115 220/220/114
f 224/224/116 222/222/115 225/225/117
f 226/226/117 225/225/117 221/221/114
f 227/227/116 224/224/116 225/225/117
f 227/227/116 225/225/117 226/226/117
f 228/228/116 227/227/116 226/226/117
f 231/229/118 230/230/119 229/231/119
f 232/232/118 231/229/118 229/231/119
f 232/232/118 229/231/119 233/233/119
f 234/234/93 231/229/118 232/232/118
f 235/235/118 232/232/118 233/233/119
f 235/235/118 233/233/119 236/236/119
f 237/237/120 235/235/118 236/236/119
f 238/238/93 234/234/93 232/232/118
f 238/238/93 232/232/118 235/235/118
f 239/239/121 234/234/93 238/238/93
f 240/240/93 235/235/118 237/237/120
f 240/240/93 238/238/93 235/235/118
f 241/241/93 240/240/93 237/237/120
f 242/242/121 239/239/121 238/238/93
f 242/242/121 238/238/93 240/240/93
f 243/243/91 239/239/121 242/242/121
f 244/244/91 243/243/91 242/242/121
f 245/245/121 240/240/93 241/241/93
f 245/245/121 242/242/121 240/240/93
f 244/244/91 242/242/121 245/245/121
f 246/246/121 245/245/121 241/241/93
f 247/247/91 244/244/91 245/245/121
f 247/247/91 245/245/121 246/246/121
f 248/248/91 247/247/91 246/246/121
f 251/249/122 250/250/123 249/251/124
f 252/252/125 251/249/122 249/251/124
f 252/252/125 249/251/124 253/253/96
f 249/251/124 254/254/96 253/253/96
f 252/252/125 255/255/126 251/249/122
f 255/255/126 256/256/127 251/249/122
f 259/257/128 258/258/129 257/259/130
f 258/258/129 260/260/131 257/259/130
f 260/260/131 261/261/132 257/259/130
f 261/261/132 262/262/133 257/259/130
f 260/260/131 258/258/129 263/263/120
f 258/258/129 264/264/120 263/263/120
f 267/265/134 266/266/135 265/267/136
f 266/266/135 268/268/137 265/267/136
f 268/268/137 269/269/138 265/267/136
f 269/269/138 270/270/139 265/267/136
f 268/268/137 266/266/135 271/271/113
f 266/266/135 272/272/113 271/271/113
f 275/273/140 274/274/141 273/275/142
f 276/276/143 275/273/140 273/275/142
f 276/276/143 273/275/142 277/277/102
f 273/275/142 278/278/102 277/277/102
f 276/276/143 279/279/144 275/273/140
f 279/279/144 280/280/145 275/273/140
f 283/281/117 282/282/146 281/283/147
f 282/282/146 284/284/85 281/283/147
f 281/283/147 284/284/85 285/285/147
f 284/284/85 286/286/85 285/285/147
f 285/285/147 286/286/85 287/287/147
f 286/286/85 288/288/85 287/287/147
f 289/289/113 288/288/85 286/286/85
f 290/290/113 289/289/113 286/286/85
f 290/290/113 286/286/85 284/284/85
f 291/291/113 290/290/113 284/284/85
f 291/291/113 284/284/85 282/282/146
f 292/292/148 291/291/113 282/282/146
f 282/282/146 293/293/149 292/292/148
f 293/293/149 294/294/149 292/292/148
f 297/295/150 296/296/151 295/297/92
f 296/296/151 298/298/152 295/297/92
f 295/297/92 298/298/152 299/299/92
f 298/298/152 300/300/152 299/299/92
f 299/299/92 300/300/152 301/301/92
f 300/300/152 302/302/152 301/301/92
f 303/303/120 302/302/152 300/300/152
f 304/304/120 303/303/120 300/300/152
f 304/304/120 300/300/152 298/298/152
f 305/305/120 304/304/120 298/298/152
f 305/305/120 298/298/152 296/296/151
f 306/306/153 305/305/120 296/296/151
f 296/296/151 307/307/154 306/306/153
f 307/307/154 308/308/154 306/306/153
f 311/309/155 310/310/156 309/311/157
f 310/310/156 312/312/158 309/311/157
f 309/311/157 312/312/158 313/313/159
f 312/312/158 314/314/160 313/313/159
f 313/313/159 314/314/160 315/315/161
f 314/314/160 316/316/162 315/315/161
f 319/317/163 318/318/164 317/319/165
f 318/318/164 320/320/166 317/319/165
f 317/319/165 320/320/166 321/321/167
f 320/320/166 322/322/168 321/321/167
f 321/321/167 322/322/168 323/323/169
f 322/322/168 324/324/170 323/323/169
f 323/323/169 324/324/170 325/325/171
f 324/324/170 326/326/172 325/325/171
f 325/325/171 326/326/172 327/327/173
f 326/326/172 328/328/174 327/327/173
f 327/327/173 328/328/174 329/329/175
f 328/328/174 330/330/176 329/329/175
f 329/329/175 330/330/176 331/331/177
f 330/330/176 332/332/178 331/331/177
f 331/331/177 332/332/178 333/333/179
f 332/332/178 334/334/180 333/333/179
f 337/335/181 336/336/81 335/337/181
f 336/336/81 338/338/81 335/337/181
f 335/337/181 338/338/81 339/339/81
f 338/338/81 340/340/81 339/339/81
f 339/339/81 340/340/81 341/341/81
f 340/340/81 342/342/182 341/341/81
f 341/341/81 342/342/182 343/343/81
f 342/342/182 344/344/183 343/343/81
f 347/345/184 346/346/185 345/347/186
f 346/346/185 348/348/187 345/347/186
f 345/347/186 348/348/187 349/349/188
f 348/348/187 350/350/189 349/349/188
f 349/349/188 350/350/189 351/351/190
f 350/350/189 352/352/191 351/351/190
f 355/353/192 354/354/193 353/355/194
f 354/354/193 356/356/195 353/355/194
f 353/355/194 356/356/195 357/357/196
f 356/356/195 358/358/197 357/357/196
f 361/359/198 360/360/199 359/361/200
f 360/360/199 362/362/201 359/361/200
f 359/361/200 362/362/201 363/363/202
f 362/362/201 364/364/203 363/363/202
f 363/363/202 364/364/203 365/365/204
f 364/364/203 366/366/205 365/365/204
f 365/365/204 366/366/205 367/367/206
f 366/366/205 368/368/207 367/367/206
f 367/367/206 368/368/207 369/369/208
f 368/368/207 370/370/209 369/369/208
f 369/369/208 370/370/209 371/371/210
f 370/370/209 372/372/211 371/371/210
f 371/371/210 372/372/211 373/373/212
f 372/372/211 374/374/213 373/373/212
f 373/373/212 374/374/213 375/375/214
f 374/374/213 376/376/215 375/375/214
f 379/377/81 378/378/81 377/379/81
f 378/378/81 380/380/81 377/379/81
f 377/379/81 380/380/81 381/381/81
f 380/380/81 382/382/81 381/381/81
f 381/381/81 382/382/81 383/383/81
f 382/382/81 384/384/81 383/383/81
f 383/383/81 384/384/81 385/385/81
f 384/384/81 386/386/81 385/385/81
f 389/387/216 388/388/217 387/389/218
f 388/388/217 390/390/219 387/389/218
f 387/389/218 390/390/219 391/391/220
f 390/390/219 392/392/221 391/391/220
f 395/393/222 394/394/223 393/395/224
f 394/394/223 396/396/225 393/395/224
f 393/395/224 396/396/225 397/397/226
f 396/396/225 398/398/227 397/397/226
f 397/397/226 398/398/227 399/399/228
f 398/398/227 400/400/229 399/399/228
f 399/399/228 400/400/229 401/401/230
f 400/400/229 402/402/231 401/401/230
f 401/401/230 402/402/231 403/403/232
f 402/402/231 404/404/233 403/403/232
f 403/403/232 404/404/233 405/405/234
f 404/404/233 406/406/235 405/405/234
f 409/407/236 408/408/237 407/409/238
f 408/408/237 410/410/239 407/409/238
f 407/409/238 410/410/239 411/411/240
f 410/410/239 412/412/241 411/411/240
f 411/411/240 412/412/241 413/413/242
f 412/412/241 414/414/243 413/413/242
f 413/413/242 414/414/243 415/415/244
f 414/414/243 416/416/245 415/415/244
f 415/415/244 416/416/245 417/417/246
f 416/416/245 418/418/247 417/417/246
f 417/417/246 418/418/247 419/419/248
f 418/418/247 420/420/249 419/419/248
f 419/419/248 420/420/249 421/421/250
f 420/420/249 422/422/251 421/421/250
f 421/421/250 422/422/251 423/423/252
f 422/422/251 424/424/253 423/423/252
f 427/425/81 426/426/81 425/427/81
f 426/426/81 428/428/81 425/427/81
f 425/427/81 428/428/81 429/429/81
f 428/428/81 430/430/81 429/429/81
f 429/429/81 430/430/81 431/431/81
f 430/430/81 432/432/81 431/431/81
f 431/431/81 432/432/81 433/433/81
f 432/432/81 434/434/81 433/433/81
f 437/435/254 436/436/255 435/437/256
f 436/436/255 438/438/257 435/437/256
f 435/437/256 438/438/257 439/439/258
f 438/438/257 440/440/258 439/439/258
f 443/441/259 442/442/260 441/443/261
f 442/442/260 444/444/262 441/443/261
f 441/443/261 444/444/262 445/445/263
f 442/442/260 446/446/264 444/444/262
f 444/444/262 447/447/265 445/445/263
f 445/445/263 447/447/265 448/448/266
f 447/447/265 449/449/267 448/448/266
f 446/446/264 450/450/268 444/444/262
f 444/444/262 450/450/268 447/447/265
f 446/446/264 451/451/269 450/450/268
f 447/447/265 452/452/270 449/449/267
f 450/450/268 452/452/270 447/447/265
f 452/452/270 453/453/271 449/449/267
f 451/451/269 454/454/272 450/450/268
f 450/450/268 454/454/272 452/452/270
f 451/451/269 455/455/273 454/454/272
f 452/452/270 456/456/274 453/453/271
f 454/454/272 456/456/274 452/452/270
f 456/456/274 457/457/275 453/453/271
f 455/455/273 458/458/276 454/454/272
f 454/454/272 458/458/276 456/456/274
f 455/455/273 459/459/277 458/458/276
f 459/459/277 460/460/179 458/458/276
f 456/456/274 461/461/278 457/457/275
f 458/458/276 461/461/278 456/456/274
f 458/458/276 460/460/179 461/461/278
f 461/461/278 462/462/279 457/457/275
f 460/460/179 463/463/280 461/461/278
f 461/461/278 463/463/280 462/462/279
f 463/463/280 464/464/281 462/462/279
f 467/465/282 466/466/283 465/467/284
f 466/466/283 468/468/285 465/467/284
f 465/467/284 468/468/285 469/469/286
f 468/468/285 470/470/287 469/469/286
f 469/469/286 470/470/287 471/471/288
f 470/470/287 472/472/289 471/471/288
f 471/471/288 472/472/289 473/473/290
f 472/472/289 474/474/291 473/473/290
f 473/473/290 474/474/291 475/475/292
f 474/474/291 476/476/293 475/475/292
f 475/475/292 476/476/293 477/477/294
f 476/476/293 478/478/295 477/477/294
f 477/477/294 478/478/295 479/479/296
f 478/478/295 480/480/297 479/479/296
f 479/479/296 480/480/297 481/481/298
f 480/480/297 482/482/299 481/481/298
f 485/483/81 484/484/81 483/485/81
f 484/484/81 486/486/81 483/485/81
f 483/485/81 486/486/81 487/487/81
f 486/486/81 488/488/81 487/487/81
f 487/487/81 488/488/81 489/489/81
f 488/488/81 490/490/81 489/489/81
f 489/489/81 490/490/81 491/491/81
f 490/490/81 492/492/81 491/491/81
f 495/493/300 494/494/301 493/495/302
f 494/494/301 496/496/303 493/495/302
f 493/495/302 496/496/303 497/497/304
f 496/496/303 498/498/305 497/497/304
f 497/497/304 498/498/305 499/499/306
f 498/498/305 500/500/307 499/499/306
f 503/501/308 502/502/309 501/503/310
f 502/502/309 504/504/311 501/503/310
f 501/503/310 504/504/311 505/505/312
f 504/504/311 506/506/313 505/505/312
f 509/507/314 508/508/315 507/509/316
f 508/508/315 510/510/317 507/509/316
f 507/509/316 510/510/317 511/511/318
f 510/510/317 512/512/319 511/511/318
f 511/511/318 512/512/319 513/513/320
f 512/512/319 514/514/321 513/513/320
f 513/513/320 514/514/321 515/515/322
f 514/514/321 516/516/323 515/515/322
f 515/515/322 516/516/323 517/517/324
f 516/516/323 518/518/325 517/517/324
f 517/517/324 518/518/325 519/519/326
f 518/518/325 520/520/327 519/519/326
f 519/519/326 520/520/327 521/521/328
f 520/520/327 522/522/329 521/521/328
f 521/521/328 522/522/329 523/523/330
f 522/522/329 524/524/331 523/523/330
f 527/525/332 526/526/333 525/527/334
f 526/526/333 528/528/335 525/527/334
f 525/527/334 528/528/335 529/358/336
f 528/528/335 530/529/337 529/358/336
f 533/530/81 532/531/181 531/532/81
f 532/531/181 534/533/81 531/532/81
f 531/532/81 534/533/81 535/534/81
f 534/533/81 536/535/81 535/534/81
f 535/534/81 536/535/81 537/536/81
f 536/535/81 538/537/182 537/536/81
f 537/536/81 538/537/182 539/538/81
f 538/537/182 540/539/338 539/538/81
f 543/540/339 542/541/340 541/542/341
f 542/541/340 544/543/342 541/542/341
f 541/542/341 544/543/342 545/544/343
f 544/543/342 546/545/344 545/544/343
f 545/544/343 546/545/344 547/546/345
f 546/545/344 548/547/346 547/546/345
f 547/546/345 548/547/346 549/548/347
f 548/547/346 550/549/348 549/548/347
f 547/546/345 549/548/347 551/550/349
f 549/548/347 550/549/348 552/551/350
f 550/549/348 553/552/351 552/551/350
f 549/548/347 554/553/349 551/550/349
f 549/548/347 552/551/350 554/553/349
f 551/550/349 554/553/349 555/554/352
f 554/553/349 556/555/352 555/554/352
f 554/553/349 557/556/353 556/555/352
f 552/551/350 557/556/353 554/553/349
f 557/556/353 558/557/354 556/555/352
f 552/551/350 553/552/351 559/558/355
f 552/551/350 559/558/355 557/556/353
f 553/552/351 560/559/356 559/558/355
f 559/558/355 561/560/357 557/556/353
f 557/556/353 561/560/357 558/557/354
f 561/560/357 562/561/352 558/557/354
f 565/562/358 564/563/359 563/564/360
f 564/563/359 566/565/361 563/564/360
f 563/564/360 566/565/361 567/566/362
f 566/565/361 568/567/363 567/566/362
f 567/566/362 568/567/363 569/568/364
f 568/567/363 570/569/365 569/568/364
f 569/568/364 570/569/365 571/570/366
f 570/569/365 572/571/367 571/570/366
f 571/570/366 572/571/367 573/572/368
f 572/571/367 574/573/369 573/572/368
f 573/572/368 574/573/369 575/574/370
f 574/573/369 576/575/371 575/574/370
f 575/574/370 576/575/371 577/576/372
f 576/575/371 578/577/373 577/576/372
f 577/576/372 578/577/373 579/578/374
f 578/577/373 580/579/375 579/578/374
f 583/580/376 582/581/377 581/582/378
f 582/581/377 584/583/379 581/582/378
f 581/582/378 584/583/379 585/584/380
f 584/583/379 586/585/381 585/584/380
f 589/586/81 588/587/81 587/588/81
f 588/587/81 590/589/81 587/588/81
f 587/588/81 590/589/81 591/590/81
f 590/589/81 592/591/81 591/590/81
f 591/590/81 592/591/81 593/592/181
f 592/591/81 594/593/81 593/592/181
f 593/592/181 594/593/81 595/594/181
f 594/593/81 596/595/81 595/594/181
f 599/596/382 598/597/383 597/598/384
f 598/597/383 600/599/385 597/598/384
f 597/598/384 600/599/385 601/600/386
f 600/599/385 602/601/387 601/600/386
f 601/600/386 602/601/387 603/602/388
f 602/601/387 604/603/389 603/602/388
f 607/604/390 606/605/391 605/606/390
f 606/605/391 608/607/392 605/606/390
f 605/606/390 608/607/392 609/608/393
f 608/607/392 610/609/394 609/608/393
f 609/608/393 610/609/394 611/610/395
f 610/609/394 612/611/396 611/610/395
f 615/612/397 614/613/398 613/614/399
f 614/613/398 616/615/400 613/614/399
f 613/614/399 616/615/400 617/616/401
f 616/615/400 618/617/402 617/616/401
f 617/616/401 618/617/402 619/618/403
f 618/617/402 620/619/404 619/618/403
f 619/618/403 620/619/404 621/620/405
f 620/619/404 622/621/406 621/620/405
f 621/620/405 622/621/406 623/622/407
f 622/621/406 624/623/408 623/622/407
f 623/622/407 624/623/408 625/624/409
f 624/623/408 626/625/410 625/624/409
f 625/624/409 626/625/410 627/626/411
f 626/625/410 628/627/412 627/626/411
f 627/626/411 628/627/412 629/628/413
f 628/627/412 630/629/414 629/628/413
f 633/630/415 632/631/416 631/632/417
f 632/631/416 634/633/418 631/632/417
f 631/632/417 634/633/418 635/634/419
f 634/633/418 636/635/420 635/634/419
f 639/636/81 638/637/81 637/638/81
f 638/637/81 640/639/81 637/638/81
f 637/638/81 640/639/81 641/640/81
f 640/639/81 642/641/81 641/640/81
f 641/640/81 642/641/81 643/642/81
f 642/641/81 644/643/81 643/642/81
f 643/642/81 644/643/81 645/644/81
f 644/643/81 646/645/81 645/644/81
f 649/646/421 648/647/422 647/648/423
f 648/647/422 650/649/424 647/648/423
f 647/648/423 650/649/424 651/650/425
f 650/649/424 652/651/426 651/650/425
f 651/650/425 652/651/426 653/652/427
f 652/651/426 654/653/428 653/652/427
f 653/652/427 654/653/428 655/654/429
f 654/653/428 656/655/430 655/654/429
f 655/654/429 656/655/430 657/656/431
f 656/655/430 658/657/432 657/656/431
f 657/656/431 658/657/432 659/658/433
f 658/657/432 660/659/434 659/658/433
f 663/660/435 662/661/436 661/662/437
f 662/661/436 664/663/438 661/662/437
f 661/662/437 664/663/438 665/664/439
f 664/663/438 666/665/440 665/664/439
f 665/664/439 666/665/440 667/666/441
f 666/665/440 668/667/442 667/666/441
f 667/666/441 668/667/442 669/668/443
f 668/667/442 670/669/444 669/668/443
f 669/668/443 670/669/444 671/670/445
f 670/669/444 672/671/446 671/670/445
f 671/670/445 672/671/446 673/672/447
f 672/671/446 674/673/448 673/672/447
f 673/672/447 674/673/448 675/674/449
f 674/673/448 676/675/450 675/674/449
f 675/674/449 676/675/450 677/676/451
f 676/675/450 678/677/452 677/676/451
f 681/678/453 680/679/454 679/680/455
f 680/679/454 682/681/456 679/680/455
f 679/680/455 682/681/456 683/682/457
f 682/681/456 684/683/458 683/682/457
f 687/684/459 686/685/81 685/686/181
f 686/685/81 688/687/81 685/686/181
f 685/686/181 688/687/81 689/688/81
f 688/687/81 690/689/81 689/688/81
f 689/688/81 690/689/81 691/690/81
f 690/689/81 692/691/81 691/690/81
f 691/690/81 692/691/81 693/692/81
f 692/691/81 694/693/81 693/692/81
f 697/694/460 696/695/461 695/696/462
f 696/695/461 698/697/463 695/696/462
f 695/696/462 698/697/463 699/698/464
f 698/697/463 700/699/465 699/698/464
f 699/698/464 700/699/465 701/700/466
f 700/699/465 702/701/467 701/700/466
f 705/702/468 704/703/469 703/704/470
f 704/703/469 706/705/471 703/704/470
f 703/704/470 706/705/471 707/706/472
f 706/705/471 704/703/469 708/707/473
f 706/705/471 709/708/474 707/706/472
f 707/706/472 709/708/474 710/709/475
f 709/708/474 711/710/476 710/709/475
f 712/711/477 706/705/471 708/707/473
f 709/708/474 706/705/471 712/711/477
f 712/711/477 708/707/473 713/712/478
f 711/710/476 709/708/474 714/713/479
f 714/713/479 709/708/474 712/711/477
f 715/714/480 711/710/476 714/713/479
f 716/715/481 712/711/477 713/712/478
f 714/713/479 712/711/477 716/715/481
f 716/715/481 713/712/478 717/716/482
f 715/714/480 714/713/479 718/717/483
f 718/717/483 714/713/479 716/715/481
f 719/718/484 715/714/480 718/717/483
f 720/719/485 716/715/481 717/716/482
f 718/717/483 716/715/481 720/719/485
f 720/719/485 717/716/482 721/720/486
f 722/721/487 720/719/485 721/720/486
f 719/718/484 718/717/483 723/722/488
f 723/722/488 718/717/483 720/719/485
f 723/722/488 720/719/485 722/721/487
f 724/723/489 719/718/484 723/722/488
f 725/724/490 723/722/488 722/721/487
f 724/723/489 723/722/488 725/724/490
f 726/725/491 724/723/489 725/724/490
f 729/726/492 728/727/493 727/728/494
f 728/727/493 730/729/495 727/728/494
f 728/727/493 731/730/496 730/729/495
f 727/728/494 730/729/495 732/731/497
f 731/730/496 733/732/498 730/729/495
f 730/729/495 734/733/499 732/731/497
f 730/729/495 733/732/498 734/733/499
f 732/731/497 734/733/499 735/734/500
f 733/732/498 736/735/501 734/733/499
f 734/733/499 737/736/502 735/734/500
f 734/733/499 736/735/501 737/736/502
f 736/735/501 738/737/503 737/736/502
f 741/738/504 740/739/505 739/740/506
f 740/739/505 742/741/507 739/740/506
f 739/740/506 742/741/507 743/742/508
f 740/739/505 744/743/509 742/741/507
f 742/741/507 745/744/510 743/742/508
f 743/742/508 745/744/510 746/745/511
f 745/744/510 747/746/512 746/745/511
f 744/743/509 748/747/513 742/741/507
f 742/741/507 748/747/513 745/744/510
f 744/743/509 749/748/514 748/747/513
f 745/744/510 750/749/515 747/746/512
f 748/747/513 750/749/515 745/744/510
f 750/749/515 751/750/516 747/746/512
f 749/748/514 752/751/517 748/747/513
f 748/747/513 752/751/517 750/749/515
f 749/748/514 753/752/518 752/751/517
f 753/752/518 754/753/519 752/751/517
f 750/749/515 755/754/520 751/750/516
f 752/751/517 755/754/520 750/749/515
f 752/751/517 754/753/519 755/754/520
f 755/754/520 756/755/521 751/750/516
f 754/753/519 757/756/522 755/754/520
f 755/754/520 757/756/522 756/755/521
f 757/756/522 758/757/523 756/755/521
f 761/758/524 760/759/525 759/760/526
f 762/761/527 761/758/524 759/760/526
f 762/761/527 759/760/526 763/762/526
f 764/763/528 761/758/524 762/761/527
f 765/764/524 762/761/527 763/762/526
f 765/764/524 763/762/526 766/765/529
f 767/766/530 765/764/524 766/765/529
f 768/767/528 764/763/528 762/761/527
f 768/767/528 762/761/527 765/764/524
f 769/768/531 764/763/528 768/767/528
f 770/769/528 765/764/524 767/766/530
f 770/769/528 768/767/528 765/764/524
f 771/770/528 770/769/528 767/766/530
f 772/771/532 769/768/531 768/767/528
f 772/771/532 768/767/528 770/769/528
f 773/772/533 769/768/531 772/771/532
f 774/773/534 773/772/533 772/771/532
f 775/774/531 770/769/528 771/770/528
f 775/774/531 772/771/532 770/769/528
f 774/773/534 772/771/532 775/774/531
f 776/775/532 775/774/531 771/770/528
f 777/776/534 774/773/534 775/774/531
f 777/776/534 775/774/531 776/775/532
f 778/777/535 777/776/534 776/775/532
f 781/778/536 780/779/537 779/780/538
f 782/781/539 781/778/536 779/780/538
f 782/781/539 779/780/538 783/782/540
f 784/783/541 781/778/536 782/781/539
f 785/784/542 782/781/539 783/782/540
f 785/784/542 783/782/540 786/785/543
f 787/786/544 785/784/542 786/785/543
f 788/787/545 784/783/541 782/781/539
f 788/787/545 782/781/539 785/784/542
f 789/788/546 784/783/541 788/787/545
f 790/789/547 785/784/542 787/786/544
f 790/789/547 788/787/545 785/784/542
f 791/790/548 790/789/547 787/786/544
f 792/791/549 789/788/546 788/787/545
f 792/791/549 788/787/545 790/789/547
f 793/792/550 789/788/546 792/791/549
f 794/793/551 793/792/550 792/791/549
f 795/794/552 790/789/547 791/790/548
f 795/794/552 792/791/549 790/789/547
f 794/793/551 792/791/549 795/794/552
f 796/795/553 795/794/552 791/790/548
f 797/796/554 794/793/551 795/794/552
f 797/796/554 795/794/552 796/795/553
f 798/797/555 797/796/554 796/795/553
f 801/798/556 800/799/557 799/800/558
f 800/799/557 802/801/559 799/800/558
f 800/799/557 803/802/560 802/801/559
f 799/800/558 802/801/559 804/803/561
f 803/802/560 805/804/562 802/801/559
f 802/801/559 806/805/563 804/803/561
f 802/801/559 805/804/562 806/805/563
f 804/803/561 806/805/563 807/806/564
f 805/804/562 808/807/565 806/805/563
f 806/805/563 809/808/566 807/806/564
f 806/805/563 808/807/565 809/808/566
f 808/807/565 810/809/567 809/808/566
f 813/810/568 812/811/569 811/812/570
f 812/811/569 814/813/571 811/812/570
f 811/812/570 814/813/571 815/814/572
f 812/811/569 816/815/573 814/813/571
f 814/813/571 817/816/574 815/814/572
f 815/814/572 817/816/574 818/817/575
f 817/816/574 819/818/576 818/817/575
f 816/815/573 820/819/577 814/813/571
f 814/813/571 820/819/577 817/816/574
f 816/815/573 821/820/578 820/819/577
f 817/816/574 822/821/579 819/818/576
f 820/819/577 822/821/579 817/816/574
f 822/821/579 823/822/580 819/818/576
f 821/820/578 824/823/581 820/819/577
f 820/819/577 824/823/581 822/821/579
f 821/820/578 825/824/582 824/823/581
f 825/824/582 826/825/583 824/823/581
f 822/821/579 827/826/584 823/822/580
f 824/823/581 827/826/584 822/821/579
f 824/823/581 826/825/583 827/826/584
f 827/826/584 828/827/585 823/822/580
f 826/825/583 829/828/586 827/826/584
f 827/826/584 829/828/586 828/827/585
f 829/828/586 830/829/587 828/827/585
f 833/830/588 832/831/589 831/832/590
f 832/831/589 834/833/591 831/832/590
f 831/832/590 834/833/591 835/834/592
f 832/831/589 836/835/593 834/833/591
f 834/833/591 837/836/594 835/834/592
f 835/834/592 837/836/594 838/837/595
f 837/836/594 839/838/596 838/837/595
f 836/835/593 840/839/597 834/833/591
f 834/833/591 840/839/597 837/836/594
f 836/835/593 841/840/598 840/839/597
f 837/836/594 842/841/599 839/838/596
f 840/839/597 842/841/599 837/836/594
f 842/841/599 843/842/600 839/838/596
f 841/840/598 844/843/601 840/839/597
f 840/839/597 844/843/601 842/841/599
f 841/840/598 845/844/602 844/843/601
f 845/844/602 846/845/603 844/843/601
f 842/841/599 847/846/604 843/842/600
f 844/843/601 847/846/604 842/841/599
f 844/843/601 846/845/603 847/846/604
f 847/846/604 848/847/605 843/842/600
f 846/845/603 849/848/606 847/846/604
f 847/846/604 849/848/606 848/847/605
f 849/848/606 850/849/607 848/847/605
f 853/850/608 852/851/609 851/852/610
f 854/853/611 853/850/608 851/852/610
f 855/854/612 853/850/608 854/853/611
f 854/853/611 851/852/610 856/855/613
f 857/856/612 855/854/612 854/853/611
f 858/857/608 854/853/611 856/855/613
f 857/856/612 854/853/611 858/857/608
f 858/857/608 856/855/613 859/858/609
f 860/859/612 857/856/612 858/857/608
f 861/860/608 858/857/608 859/858/609
f 860/859/612 858/857/608 861/860/608
f 862/861/612 860/859/612 861/860/608
f 865/862/614 864/863/615 863/864/616
f 866/865/617 865/862/614 863/864/616
f 866/865/617 863/864/616 867/866/618
f 868/867/619 865/862/614 866/865/617
f 869/868/620 866/865/617 867/866/618
f 869/868/620 867/866/618 870/869/621
f 871/870/622 869/868/620 870/869/621
f 872/871/623 868/867/619 866/865/617
f 872/871/623 866/865/617 869/868/620
f 873/872/624 868/867/619 872/871/623
f 874/873/625 869/868/620 871/870/622
f 874/873/625 872/871/623 869/868/620
f 875/874/626 874/873/625 871/870/622
f 876/875/627 873/872/624 872/871/623
f 876/875/627 872/871/623 874/873/625
f 877/876/628 873/872/624 876/875/627
f 878/877/629 877/876/628 876/875/627
f 879/878/630 874/873/625 875/874/626
f 879/878/630 876/875/627 874/873/625
f 878/877/629 876/875/627 879/878/630
f 880/879/631 879/878/630 875/874/626
f 881/880/632 878/877/629 879/878/630
f 881/880/632 879/878/630 880/879/631
f 882/881/633 881/880/632 880/879/631
f 885/882/634 884/883/635 883/884/636
f 884/883/635 886/885/637 883/884/636
f 884/883/635 887/886/638 886/885/637
f 883/884/636 886/885/637 888/887/639
f 887/886/638 889/888/640 886/885/637
f 886/885/637 890/889/641 888/887/639
f 886/885/637 889/888/640 890/889/641
f 888/887/639 890/889/641 891/890/642
f 889/888/640 892/891/643 890/889/641
f 890/889/641 893/892/644 891/890/642
f 890/889/641 892/891/643 893/892/644
f 892/891/643 894/893/645 893/892/644
f 897/894/646 896/895/647 895/896/648
f 896/895/647 898/897/649 895/896/648
f 895/896/648 898/897/649 899/898/650
f 896/895/647 900/899/651 898/897/649
f 898/897/649 901/900/652 899/898/650
f 899/898/650 901/900/652 902/901/653
f 901/900/652 903/902/654 902/901/653
f 900/899/651 904/903/655 898/897/649
f 898/897/649 904/903/655 901/900/652
f 900/899/651 905/904/656 904/903/655
f 901/900/652 906/905/657 903/902/654
f 904/903/655 906/905/657 901/900/652
f 906/905/657 907/906/658 903/902/654
f 905/904/656 908/907/659 904/903/655
f 904/903/655 908/907/659 906/905/657
f 905/904/656 909/908/660 908/907/659
f 909/908/660 910/909/661 908/907/659
f 906/905/657 911/910/662 907/906/658
f 908/907/659 911/910/662 906/905/657
f 908/907/659 910/909/661 911/910/662
f 911/910/662 912/911/663 907/906/658
f 910/909/661 913/912/664 911/910/662
f 911/910/662 913/912/664 912/911/663
f 913/912/664 914/913/665 912/911/663
f 917/914/666 916/915/667 915/916/668
f 918/917/666 917/914/666 915/916/668
f 918/917/666 915/916/668 919/918/668
f 920/919/669 917/914/666 918/917/666
f 921/920/670 918/917/666 919/918/668
f 921/920/670 919/918/668 922/921/667
f 923/922/666 921/920/670 922/921/667
f 924/923/669 920/919/669 918/917/666
f 924/923/669 918/917/666 921/920/670
f 925/924/671 920/919/669 924/923/669
f 926/925/669 921/920/670 923/922/666
f 926/925/669 924/923/669 921/920/670
f 927/926/669 926/925/669 923/922/666
f 928/927/672 925/924/671 924/923/669
f 928/927/672 924/923/669 926/925/669
f 929/928/673 925/924/671 928/927/672
f 930/929/674 929/928/673 928/927/672
f 931/930/671 926/925/669 927/926/669
f 931/930/671 928/927/672 926/925/669
f 930/929/674 928/927/672 931/930/671
f 932/931/671 931/930/671 927/926/669
f 933/932/673 930/929/674 931/930/671
f 933/932/673 931/930/671 932/931/671
f 934/933/674 933/932/673 932/931/671
f 937/934/675 936/935/676 935/936/677
f 938/937/678 937/934/675 935/936/677
f 938/937/678 935/936/677 939/938/679
f 940/939/680 937/934/675 938/937/678
f 941/940/681 938/937/678 939/938/679
f 941/940/681 939/938/679 942/941/682
f 943/942/683 941/940/681 942/941/682
f 944/943/684 940/939/680 938/937/678
f 944/943/684 938/937/678 941/940/681
f 945/944/685 940/939/680 944/943/684
f 946/945/686 941/940/681 943/942/683
f 946/945/686 944/943/684 941/940/681
f 947/946/687 946/945/686 943/942/683
f 948/947/688 945/944/685 944/943/684
f 948/947/688 944/943/684 946/945/686
f 949/948/689 945/944/685 948/947/688
f 950/949/690 949/948/689 948/947/688
f 951/950/691 946/945/686 947/946/687
f 951/950/691 948/947/688 946/945/686
f 950/949/690 948/947/688 951/950/691
f 952/951/692 951/950/691 947/946/687
f 953/952/693 950/949/690 951/950/691
f 953/952/693 951/950/691 952/951/692
f 954/953/694 953/952/693 952/951/692
f 957/954/695 956/955/696 955/956/697
f 956/955/696 958/957/698 955/956/697
f 956/955/696 959/958/699 958/957/698
f 955/956/697 958/957/698 960/959/700
f 959/958/699 961/960/701 958/957/698
f 958/957/698 962/961/702 960/959/700
f 958/957/698 961/960/701 962/961/702
f 960/959/700 962/961/702 963/962/703
f 961/960/701 964/963/704 962/961/702
f 962/961/702 965/964/705 963/962/703
f 962/961/702 964/963/704 965/964/705
f 964/963/704 966/965/706 965/964/705
f 969/966/707 968/967/708 967/968/709
f 968/967/708 970/969/710 967/968/709
f 967/968/709 970/969/710 971/970/711
f 968/967/708 972/971/712 970/969/710
f 970/969/710 973/972/713 971/970/711
f 971/970/711 973/972/713 974/973/714
f 973/972/713 975/974/715 974/973/714
f 972/971/712 976/975/716 970/969/710
f 970/969/710 976/975/716 973/972/713
f 972/971/712 977/976/717 976/975/716
f 973/972/713 978/977/718 975/974/715
f 976/975/716 978/977/718 973/972/713
f 978/977/718 979/978/719 975/974/715
f 977/976/717 980/979/720 976/975/716
f 976/975/716 980/979/720 978/977/718
f 977/976/717 981/980/721 980/979/720
f 981/980/721 982/981/722 980/979/720
f 978/977/718 983/982/723 979/978/719
f 980/979/720 983/982/723 978/977/718
f 980/979/720 982/981/722 983/982/723
f 983/982/723 984/983/724 979/978/719
f 982/981/722 985/984/725 983/982/723
f 983/982/723 985/984/725 984/983/724
f 985/984/725 986/985/726 984/983/724
f 989/986/727 988/987/728 987/988/729
f 988/987/728 990/989/730 987/988/729
f 987/988/729 990/989/730 991/990/731
f 988/987/728 992/991/732 990/989/730
f 990/989/730 993/992/733 991/990/731
f 991/990/731 993/992/733 994/993/734
f 993/992/733 995/994/735 994/993/734
f 992/991/732 996/995/736 990/989/730
f 990/989/730 996/995/736 993/992/733
f 992/991/732 997/996/737 996/995/736
f 993/992/733 998/997/738 995/994/735
f 996/995/736 998/997/738 993/992/733
f 998/997/738 999/998/739 995/994/735
f 997/996/737 1000/999/740 996/995/736
f 996/995/736 1000/999/740 998/997/738
f 997/996/737 1001/1000/741 1000/999/740
f 1001/1000/741 1002/1001/742 1000/999/740
f 998/997/738 1003/1002/743 999/998/739
f 1000/999/740 1003/1002/743 998/997/738
f 1000/999/740 1002/1001/742 1003/1002/743
f 1003/1002/743 1004/1003/744 999/998/739
f 1002/1001/742 1005/1004/745 1003/1002/743
f 1003/1002/743 1005/1004/745 1004/1003/744
f 1005/1004/745 1006/1005/746 1004/1003/744
f 1009/1006/747 1008/1007/748 1007/1008/749
f 1010/1009/750 1009/1006/747 1007/1008/749
f 1010/1009/750 1007/1008/749 1011/1010/751
f 1012/1011/752 1009/1006/747 1010/1009/750
f 1013/1012/753 1010/1009/750 1011/1010/751
f 1013/1012/753 1011/1010/751 1014/1013/754
f 1015/1014/755 1013/1012/753 1014/1013/754
f 1016/1015/756 1012/1011/752 1010/1009/750
f 1016/1015/756 1010/1009/750 1013/1012/753
f 1017/1016/757 1012/1011/752 1016/1015/756
f 1018/1017/758 1013/1012/753 1015/1014/755
f 1018/1017/758 1016/1015/756 1013/1012/753
f 1019/1018/759 1018/1017/758 1015/1014/755
f 1020/1019/760 1017/1016/757 1016/1015/756
f 1020/1019/760 1016/1015/756 1018/1017/758
f 1021/1020/761 1017/1016/757 1020/1019/760
f 1022/1021/762 1021/1020/761 1020/1019/760
f 1023/1022/763 1018/1017/758 1019/1018/759
f 1023/1022/763 1020/1019/760 1018/1017/758
f 1022/1021/762 1020/1019/760 1023/1022/763
f 1024/1023/764 1023/1022/763 1019/1018/759
f 1025/1024/765 1022/1021/762 1023/1022/763
f 1025/1024/765 1023/1022/763 1024/1023/764
f 1026/1025/766 1025/1024/765 1024/1023/764
f 1029/1026/767 1028/1027/768 1027/1028/768
f 1030/1029/767 1029/1026/767 1027/1028/768
f 1031/1030/769 1029/1026/767 1030/1029/767
f 1030/1029/767 1027/1028/768 1032/1031/768
f 1033/1032/770 1031/1030/769 1030/1029/767
f 1034/1033/767 1030/1029/767 1032/1031/768
f 1033/1032/770 1030/1029/767 1034/1033/767
f 1034/1033/767 1032/1031/768 1035/1034/768
f 1036/1035/770 1033/1032/770 1034/1033/767
f 1037/1036/767 1034/1033/767 1035/1034/768
f 1036/1035/770 1034/1033/767 1037/1036/767
f 1038/1037/770 1036/1035/770 1037/1036/767
f 1041/1038/771 1040/1039/771 1039/1040/771
f 1040/1039/771 1042/1041/772 1039/1040/771
f 1040/1039/771 1043/1042/771 1042/1041/772
f 1039/1040/771 1042/1041/772 1044/1043/773
f 1043/1042/771 1045/1044/772 1042/1041/772
f 1043/1042/771 1046/1045/771 1045/1044/772
f 1046/1045/771 1047/1046/771 1045/1044/772
f 1042/1041/772 1045/1044/772 1048/1047/774
f 1042/1041/772 1048/1047/774 1044/1043/773
f 1045/1044/772 1047/1046/771 1049/1048/775
f 1045/1044/772 1049/1048/775 1048/1047/774
f 1047/1046/771 1050/1049/776 1049/1048/775
f 1050/1049/776 1051/1050/777 1049/1048/775
f 1051/1050/777 1052/1051/778 1049/1048/775
f 1049/1048/775 1052/1051/778 1048/1047/774
f 1052/1051/778 1053/1052/779 1048/1047/774
f 1048/1047/774 1053/1052/779 1044/1043/773
f 1053/1052/779 1054/1053/780 1044/1043/773
f 1044/1043/773 1054/1053/780 1055/1054/781
f 1054/1053/780 1056/1055/782 1055/1054/781
f 1055/1054/781 1056/1055/782 1057/1056/783
f 1056/1055/782 1058/1057/784 1057/1056/783
f 1057/1056/783 1058/1057/784 1059/1058/785
f 1058/1057/784 1060/1059/786 1059/1058/785
f 1063/1060/787 1062/1061/788 1061/1062/789
f 1062/1061/788 1064/1063/790 1061/1062/789
f 1062/1061/788 1065/611/791 1064/1063/790
f 1061/1062/789 1064/1063/790 1066/1064/792
f 1065/611/791 1067/1065/793 1064/1063/790
f 1064/1063/790 1068/1066/794 1066/1064/792
f 1064/1063/790 1067/1065/793 1068/1066/794
f 1066/1064/792 1068/1066/794 1069/1067/795
f 1067/1065/793 1070/1068/796 1068/1066/794
f 1068/1066/794 1071/1069/797 1069/1067/795
f 1068/1066/794 1070/1068/796 1071/1069/797
f 1070/1068/796 1072/1070/798 1071/1069/797
f 1075/1071/799 1074/1072/800 1073/1073/801
f 1074/1072/800 1076/1074/802 1073/1073/801
f 1073/1073/801 1076/1074/802 1077/1075/803
f 1074/1072/800 1078/1076/804 1076/1074/802
f 1076/1074/802 1079/1077/805 1077/1075/803
f 1077/1075/803 1079/1077/805 1080/1078/806
f 1079/1077/805 1081/1079/807 1080/1078/806
f 1078/1076/804 1082/1080/808 1076/1074/802
f 1076/1074/802 1082/1080/808 1079/1077/805
f 1078/1076/804 1083/1081/809 1082/1080/808
f 1079/1077/805 1084/1082/810 1081/1079/807
f 1082/1080/808 1084/1082/810 1079/1077/805
f 1084/1082/810 1085/1083/811 1081/1079/807
f 1083/1081/809 1086/1084/812 1082/1080/808
f 1082/1080/808 1086/1084/812 1084/1082/810
f 1083/1081/809 1087/1085/813 1086/1084/812
f 1087/1085/813 1088/1086/814 1086/1084/812
f 1084/1082/810 1089/1087/815 1085/1083/811
f 1086/1084/812 1089/1087/815 1084/1082/810
f 1086/1084/812 1088/1086/814 1089/1087/815
f 1089/1087/815 1090/1088/816 1085/1083/811
f 1088/1086/814 1091/1089/817 1089/1087/815
f 1089/1087/815 1091/1089/817 1090/1088/816
f 1091/1089/817 1092/1090/818 1090/1088/816
f 1095/1091/819 1094/1092/820 1093/1093/820
f 1096/1094/821 1095/1091/819 1093/1093/820
f 1096/1094/821 1093/1093/820 1097/1095/822
f 1098/1096/823 1095/1091/819 1096/1094/821
f 1099/1097/824 1096/1094/821 1097/1095/822
f 1099/1097/824 1097/1095/822 1100/1098/822
f 1101/1099/824 1099/1097/824 1100/1098/822
f 1102/1100/823 1098/1096/823 1096/1094/821
f 1102/1100/823 1096/1094/821 1099/1097/824
f 1103/1101/825 1098/1096/823 1102/1100/823
f 1104/1102/823 1099/1097/824 1101/1099/824
f 1104/1102/823 1102/1100/823 1099/1097/824
f 1105/1103/823 1104/1102/823 1101/1099/824
f 1106/1104/826 1103/1101/825 1102/1100/823
f 1106/1104/826 1102/1100/823 1104/1102/823
f 1107/1105/827 1103/1101/825 1106/1104/826
f 1108/1106/828 1107/1105/827 1106/1104/826
f 1109/1107/826 1104/1102/823 1105/1103/823
f 1109/1107/826 1106/1104/826 1104/1102/823
f 1108/1106/828 1106/1104/826 1109/1107/826
f 1110/1108/829 1109/1107/826 1105/1103/823
f 1111/1109/830 1108/1106/828 1109/1107/826
f 1111/1109/830 1109/1107/826 1110/1108/829
f 1112/1110/828 1111/1109/830 1110/1108/829
f 1115/1111/831 1114/1112/832 1113/1113/833
f 1116/1114/834 1115/1111/831 1113/1113/833
f 1116/1114/834 1113/1113/833 1117/1115/835
f 1118/1116/836 1115/1111/831 1116/1114/834
f 1119/1117/837 1116/1114/834 1117/1115/835
f 1119/1117/837 1117/1115/835 1120/1118/838
f 1121/1119/839 1119/1117/837 1120/1118/838
f 1122/1120/840 1118/1116/836 1116/1114/834
f 1122/1120/840 1116/1114/834 1119/1117/837
f 1123/1121/841 1118/1116/836 1122/1120/840
f 1124/1122/842 1119/1117/837 1121/1119/839
f 1124/1122/842 1122/1120/840 1119/1117/837
f 1125/1123/843 1124/1122/842 1121/1119/839
f 1126/1124/844 1123/1121/841 1122/1120/840
f 1126/1124/844 1122/1120/840 1124/1122/842
f 1127/1125/845 1123/1121/841 1126/1124/844
f 1128/1126/846 1127/1125/845 1126/1124/844
f 1129/1127/847 1124/1122/842 1125/1123/843
f 1129/1127/847 1126/1124/844 1124/1122/842
f 1128/1126/846 1126/1124/844 1129/1127/847
f 1130/1128/848 1129/1127/847 1125/1123/843
f 1131/1129/849 1128/1126/846 1129/1127/847
f 1131/1129/849 1129/1127/847 1130/1128/848
f 1132/1130/850 1131/1129/849 1130/1128/848
f 1135/1131/851 1134/1132/852 1133/1133/853
f 1134/1132/852 1136/1134/854 1133/1133/853
f 1134/1132/852 1137/1135/855 1136/1134/854
f 1133/1133/853 1136/1134/854 1138/1136/856
f 1137/1135/855 1139/1137/857 1136/1134/854
f 1136/1134/854 1140/1138/858 1138/1136/856
f 1136/1134/854 1139/1137/857 1140/1138/858
f 1138/1136/856 1140/1138/858 1141/1139/859
f 1139/1137/857 1142/1140/860 1140/1138/858
f 1140/1138/858 1143/1141/861 1141/1139/859
f 1140/1138/858 1142/1140/860 1143/1141/861
f 1142/1140/860 1144/1142/862 1143/1141/861
f 1147/1143/863 1146/1144/864 1145/1145/865
f 1146/1144/864 1148/1146/866 1145/1145/865
f 1145/1145/865 1148/1146/866 1149/1147/867
f 1146/1144/864 1150/1148/868 1148/1146/866
f 1148/1146/866 1151/1149/869 1149/1147/867
f 1149/1147/867 1151/1149/869 1152/1150/870
f 1150/1148/868 1153/1151/871 1148/1146/866
f 1148/1146/866 1153/1151/871 1151/1149/869
f 1150/1148/868 1154/1152/872 1153/1151/871
f 1154/1152/872 1155/1153/873 1153/1151/871
f 1153/1151/871 1155/1153/873 1156/1154/874
f 1153/1151/871 1156/1154/874 1151/1149/869
f 1155/1153/873 1157/1155/875 1156/1154/874
f 1151/1149/869 1158/1156/876 1152/1150/870
f 1151/1149/869 1156/1154/874 1158/1156/876
f 1152/1150/870 1158/1156/876 1159/1157/877
f 1158/1156/876 1160/1158/878 1159/1157/877
f 1156/1154/874 1157/1155/875 1161/1159/879
f 1156/1154/874 1161/1159/879 1158/1156/876
f 1158/1156/876 1161/1159/879 1160/1158/878
f 1157/1155/875 1162/1160/880 1161/1159/879
f 1161/1159/879 1163/1161/881 1160/1158/878
f 1161/1159/879 1162/1160/880 1163/1161/881
f 1162/1160/880 1164/1162/882 1163/1161/881
f 1167/1163/883 1166/1164/884 1165/1165/885
f 1168/1166/886 1167/1163/883 1165/1165/885
f 1168/1166/886 1165/1165/885 1169/750/887
f 1170/1167/888 1167/1163/883 1168/1166/886
f 1171/1168/889 1168/1166/886 1169/750/887
f 1171/1168/889 1169/750/887 1172/1169/890
f 1173/1170/891 1170/1167/888 1168/1166/886
f 1173/1170/891 1168/1166/886 1171/1168/889
f 1174/1171/892 1170/1167/888 1173/1170/891
f 1175/1172/893 1174/1171/892 1173/1170/891
f 1175/1172/893 1173/1170/891 1176/1173/894
f 1176/1173/894 1173/1170/891 1171/1168/889
f 1177/1174/895 1175/1172/893 1176/1173/894
f 1178/1175/896 1171/1168/889 1172/1169/890
f 1176/1173/894 1171/1168/889 1178/1175/896
f 1178/1175/896 1172/1169/890 1179/1176/897
f 1180/1177/898 1178/1175/896 1179/1176/897
f 1177/1174/895 1176/1173/894 1181/1178/899
f 1181/1178/899 1176/1173/894 1178/1175/896
f 1181/1178/899 1178/1175/896 1180/1177/898
f 1182/1179/900 1177/1174/895 1181/1178/899
f 1183/1180/901 1181/1178/899 1180/1177/898
f 1182/1179/900 1181/1178/899 1183/1180/901
f 1184/1181/902 1182/1179/900 1183/1180/901
f 1187/1182/903 1186/1183/904 1185/1184/905
f 1186/1183/904 1188/1185/905 1185/1184/905
f 1185/1184/905 1188/1185/905 1189/1186/906
f 1186/1183/904 1190/1187/903 1188/1185/905
f 1188/1185/905 1191/1188/906 1189/1186/906
f 1190/1187/903 1192/1189/905 1188/1185/905
f 1188/1185/905 1192/1189/905 1191/1188/906
f 1190/1187/903 1193/1190/907 1192/1189/905
f 1192/1189/905 1194/1191/906 1191/1188/906
f 1193/1190/907 1195/1192/908 1192/1189/905
f 1192/1189/905 1195/1192/908 1194/1191/906
f 1195/1192/908 1196/1030/906 1194/1191/906
f 1199/113/909 1198/1193/910 1197/1194/911
f 1198/1193/910 1200/1195/912 1197/1194/911
f 1197/1194/911 1200/1195/912 1201/1196/913
f 1198/1193/910 1202/1197/910 1200/1195/912
f 1200/1195/912 1203/1198/914 1201/1196/913
f 1202/1197/910 1204/1199/912 1200/1195/912
f 1200/1195/912 1204/1199/912 1203/1198/914
f 1202/1197/910 1205/1200/910 1204/1199/912
f 1204/1199/912 1206/1201/915 1203/1198/914
f 1205/1200/910 1207/1202/912 1204/1199/912
f 1204/1199/912 1207/1202/912 1206/1201/915
f 1207/1202/912 1208/1203/915 1206/1201/915
f 1211/1204/916 1210/1205/917 1209/1206/918
f 1212/1207/919 1211/1204/916 1209/1206/918
f 1212/1207/919 1209/1206/918 1213/1208/920
f 1214/1209/921 1211/1204/916 1212/1207/919
f 1215/1210/922 1212/1207/919 1213/1208/920
f 1216/1211/923 1214/1209/921 1212/1207/919
f 1216/1211/923 1212/1207/919 1215/1210/922
f 1217/1212/924 1214/1209/921 1216/1211/923
f 1218/1213/925 1216/1211/923 1215/1210/922
f 1219/1214/926 1217/1212/924 1216/1211/923
f 1219/1214/926 1216/1211/923 1218/1213/925
f 1220/1215/927 1219/1214/926 1218/1213/925
f 1223/1216/928 1222/1217/929 1221/1218/930
f 1224/1219/931 1223/1216/928 1221/1218/930
f 1224/1219/931 1221/1218/930 1225/1220/932
f 1226/1221/933 1223/1216/928 1224/1219/931
f 1227/1222/934 1224/1219/931 1225/1220/932
f 1228/1223/935 1226/1221/933 1224/1219/931
f 1228/1223/935 1224/1219/931 1227/1222/934
f 1229/1224/936 1226/1221/933 1228/1223/935
f 1230/1225/937 1228/1223/935 1227/1222/934
f 1231/1226/938 1229/1224/936 1228/1223/935
f 1231/1226/938 1228/1223/935 1230/1225/937
f 1232/1227/939 1231/1226/938 1230/1225/937
f 1235/1228/940 1234/1229/941 1233/1230/942
f 1234/1229/941 1236/1231/942 1233/1230/942
f 1233/1230/942 1236/1231/942 1237/1232/113
f 1234/1229/941 1238/1233/943 1236/1231/942
f 1236/1231/942 1239/1234/113 1237/1232/113
f 1237/1232/113 1239/1234/113 1240/1235/944
f 1238/1233/943 1241/1236/942 1236/1231/942
f 1236/1231/942 1241/1236/942 1239/1234/113
f 1238/1233/943 1242/1237/945 1241/1236/942
f 1242/1237/945 1243/1238/940 1241/1236/942
f 1241/1236/942 1243/1238/940 1244/1239/113
f 1241/1236/942 1244/1239/113 1239/1234/113
f 1243/1238/940 1245/1240/113 1244/1239/113
f 1239/1234/113 1246/1241/946 1240/1235/944
f 1239/1234/113 1244/1239/113 1246/1241/946
f 1240/1235/944 1246/1241/946 1247/1242/947
f 1246/1241/946 1248/1243/947 1247/1242/947
f 1244/1239/113 1245/1240/113 1249/1244/948
f 1244/1239/113 1249/1244/948 1246/1241/946
f 1246/1241/946 1249/1244/948 1248/1243/947
f 1245/1240/113 1250/1245/946 1249/1244/948
f 1249/1244/948 1251/1246/949 1248/1243/947
f 1249/1244/948 1250/1245/946 1251/1246/949
f 1250/1245/946 1252/1247/947 1251/1246/949
f 1255/1248/950 1254/1249/951 1253/1250/952
f 1254/1249/951 1256/1251/953 1253/1250/952
f 1253/1250/952 1256/1251/953 1257/1252/954
f 1254/1249/951 1258/1253/955 1256/1251/953
f 1256/1251/953 1259/1254/956 1257/1252/954
f 1257/1252/954 1259/1254/956 1260/1255/957
f 1259/1254/956 1261/1256/958 1260/1255/957
f 1258/1253/955 1262/1257/959 1256/1251/953
f 1256/1251/953 1262/1257/959 1259/1254/956
f 1258/1253/955 1263/1258/960 1262/1257/959
f 1259/1254/956 1264/1259/961 1261/1256/958
f 1262/1257/959 1264/1259/961 1259/1254/956
f 1264/1259/961 1265/1260/962 1261/1256/958
f 1263/1258/960 1266/1261/963 1262/1257/959
f 1262/1257/959 1266/1261/963 1264/1259/961
f 1263/1258/960 1267/1262/964 1266/1261/963
f 1267/1262/964 1268/1263/965 1266/1261/963
f 1264/1259/961 1269/1264/966 1265/1260/962
f 1266/1261/963 1269/1264/966 1264/1259/961
f 1266/1261/963 1268/1263/965 1269/1264/966
f 1269/1264/966 1270/1265/967 1265/1260/962
f 1268/1263/965 1271/1266/968 1269/1264/966
f 1269/1264/966 1271/1266/968 1270/1265/967
f 1271/1266/968 1272/1267/969 1270/1265/967
f 1275/1268/970 1274/1269/971 1273/1270/972
f 1276/1271/973 1275/1268/970 1273/1270/972
f 1276/1271/973 1273/1270/972 1277/1272/974
f 1278/1273/975 1275/1268/970 1276/1271/973
f 1279/1274/976 1276/1271/973 1277/1272/974
f 1279/1274/976 1277/1272/974 1280/1275/977
f 1281/1276/978 1279/1274/976 1280/1275/977
f 1282/1277/979 1278/1273/975 1276/1271/973
f 1282/1277/979 1276/1271/973 1279/1274/976
f 1283/1278/980 1278/1273/975 1282/1277/979
f 1284/1279/981 1279/1274/976 1281/1276/978
f 1284/1279/981 1282/1277/979 1279/1274/976
f 1285/1280/982 1284/1279/981 1281/1276/978
f 1286/1281/983 1283/1278/980 1282/1277/979
f 1286/1281/983 1282/1277/979 1284/1279/981
f 1287/1282/984 1283/1278/980 1286/1281/983
f 1288/1283/985 1287/1282/984 1286/1281/983
f 1289/1284/986 1284/1279/981 1285/1280/982
f 1289/1284/986 1286/1281/983 1284/1279/981
f 1288/1283/985 1286/1281/983 1289/1284/986
f 1290/1285/987 1289/1284/986 1285/1280/982
f 1291/1286/988 1288/1283/985 1289/1284/986
f 1291/1286/988 1289/1284/986 1290/1285/987
f 1292/1287/989 1291/1286/988 1290/1285/987
f 1295/1288/990 1294/1289/991 1293/1290/992
f 1296/1291/993 1295/1288/990 1293/1290/992
f 1296/1291/993 1293/1290/992 1297/1292/994
f 1298/1293/995 1295/1288/990 1296/1291/993
f 1299/1294/996 1296/1291/993 1297/1292/994
f 1299/1294/996 1297/1292/994 1300/1295/997
f 1301/1296/998 1298/1293/995 1296/1291/993
f 1301/1296/998 1296/1291/993 1299/1294/996
f 1302/1297/999 1298/1293/995 1301/1296/998
f 1303/1298/1000 1302/1297/999 1301/1296/998
f 1303/1298/1000 1301/1296/998 1304/1299/1001
f 1304/1299/1001 1301/1296/998 1299/1294/996
f 1305/1300/1002 1303/1298/1000 1304/1299/1001
f 1306/1301/1003 1299/1294/996 1300/1295/997
f 1304/1299/1001 1299/1294/996 1306/1301/1003
f 1306/1301/1003 1300/1295/997 1307/1302/1004
f 1308/1303/1005 1306/1301/1003 1307/1302/1004
f 1305/1300/1002 1304/1299/1001 1309/1304/1006
f 1309/1304/1006 1304/1299/1001 1306/1301/1003
f 1309/1304/1006 1306/1301/1003 1308/1303/1005
f 1310/1305/1007 1305/1300/1002 1309/1304/1006
f 1311/1306/1008 1309/1304/1006 1308/1303/1005
f 1310/1305/1007 1309/1304/1006 1311/1306/1008
f 1312/1307/1009 1310/1305/1007 1311/1306/1008
f 1315/1308/1010 1314/1309/1011 1313/1310/1012
f 1314/1309/1011 1316/1311/1013 1313/1310/1012
f 1313/1310/1012 1316/1311/1013 1317/1312/1014
f 1314/1309/1011 1318/1313/1015 1316/1311/1013
f 1316/1311/1013 1319/1314/1016 1317/1312/1014
f 1317/1312/1014 1319/1314/1016 1320/1315/1017
f 1318/1313/1015 1321/1316/1018 1316/1311/1013
f 1316/1311/1013 1321/1316/1018 1319/1314/1016
f 1318/1313/1015 1322/1317/1019 1321/1316/1018
f 1322/1317/1019 1323/1318/1020 1321/1316/1018
f 1321/1316/1018 1323/1318/1020 1324/1319/1021
f 1321/1316/1018 1324/1319/1021 1319/1314/1016
f 1323/1318/1020 1325/1320/1022 1324/1319/1021
f 1319/1314/1016 1326/1321/1023 1320/1315/1017
f 1319/1314/1016 1324/1319/1021 1326/1321/1023
f 1320/1315/1017 1326/1321/1023 1327/1322/1024
f 1326/1321/1023 1328/1323/1025 1327/1322/1024
f 1324/1319/1021 1325/1320/1022 1329/1324/1026
f 1324/1319/1021 1329/1324/1026 1326/1321/1023
f 1326/1321/1023 1329/1324/1026 1328/1323/1025
f 1325/1320/1022 1330/1325/1027 1329/1324/1026
f 1329/1324/1026 1331/1326/1028 1328/1323/1025
f 1329/1324/1026 1330/1325/1027 1331/1326/1028
f 1330/1325/1027 1332/1327/1029 1331/1326/1028
f 1335/1328/1030 1334/1329/1031 1333/1330/1032
f 1334/1329/1031 1336/1331/1032 1333/1330/1032
f 1333/1330/1032 1336/1331/1032 1337/861/1033
f 1334/1329/1031 1338/1332/1034 1336/1331/1032
f 1336/1331/1032 1339/1333/1033 1337/861/1033
f 1338/1332/1034 1340/1334/1032 1336/1331/1032
f 1336/1331/1032 1340/1334/1032 1339/1333/1033
f 1338/1332/1034 1341/1335/1034 1340/1334/1032
f 1340/1334/1032 1342/1336/1033 1339/1333/1033
f 1341/1335/1034 1343/1337/1032 1340/1334/1032
f 1340/1334/1032 1343/1337/1032 1342/1336/1033
f 1343/1337/1032 1344/854/1033 1342/1336/1033
f 1347/1338/1035 1346/1339/1035 1345/1340/1036
f 1346/1339/1035 1348/1341/1036 1345/1340/1036
f 1345/1340/1036 1348/1341/1036 1349/1342/1037
f 1346/1339/1035 1350/1343/1035 1348/1341/1036
f 1348/1341/1036 1351/1344/1038 1349/1342/1037
f 1350/1343/1035 1352/1345/1039 1348/1341/1036
f 1348/1341/1036 1352/1345/1039 1351/1344/1038
f 1350/1343/1035 1353/1346/1035 1352/1345/1039
f 1352/1345/1039 1354/1347/1040 1351/1344/1038
f 1353/1346/1035 1355/1348/1041 1352/1345/1039
f 1352/1345/1039 1355/1348/1041 1354/1347/1040
f 1355/1348/1041 1356/1349/1042 1354/1347/1040
f 1359/1350/1043 1358/1351/1044 1357/1352/1045
f 1358/1351/1044 1360/1353/1046 1357/1352/1045
f 1358/1351/1044 1361/1354/1047 1360/1353/1046
f 1360/1353/1046 1361/1354/1047 1362/1355/1048
f 1363/1356/1049 1360/1353/1046 1362/1355/1048
f 1364/1357/1050 1361/1354/1047 1358/1351/1044
f 1358/1351/1044 1365/1358/1051 1364/1357/1050
f 1366/1359/1052 1364/1357/1050 1365/1358/1051
f 1366/1359/1052 1365/1358/1051 1367/1360/1053
f 1368/1361/1054 1366/1359/1052 1367/1360/1053
f 1369/1362/1055 1364/1357/1050 1366/1359/1052
f 1369/1362/1055 1366/1359/1052 1370/1363/1056
f 1364/1357/1050 1371/1364/1057 1361/1354/1047
f 1369/1362/1055 1371/1364/1057 1364/1357/1050
f 1371/1364/1057 1372/1365/1058 1361/1354/1047
f 1361/1354/1047 1372/1365/1058 1362/1355/1048
f 1371/1364/1057 1373/1366/1059 1372/1365/1058
f 1373/1366/1059 1371/1364/1057 1369/1362/1055
f 1373/1366/1059 1374/1367/1060 1372/1365/1058
f 1362/1355/1048 1372/1365/1058 1374/1367/1060
f 1373/1366/1059 1375/1368/1061 1374/1367/1060
f 1375/1368/1061 1376/1369/1061 1374/1367/1060
f 1377/1370/1062 1369/1362/1055 1370/1363/1056
f 1377/1370/1062 1378/1371/1063 1369/1362/1055
f 1378/1371/1063 1379/1372/1064 1369/1362/1055
f 1377/1370/1062 1370/1363/1056 1380/1373/1065
f 1381/1374/1066 1380/1373/1065 1370/1363/1056
f 1381/1374/1066 1370/1363/1056 1382/1375/1067
f 1383/1376/1068 1381/1374/1066 1382/1375/1067
f 1380/1373/1065 1384/1377/1069 1377/1370/1062
f 1377/1370/1062 1384/1377/1069 1385/1378/1070
f 1380/1373/1065 1381/1374/1066 1386/1379/1071
f 1381/1374/1066 1387/1380/1072 1386/1379/1071
f 1384/1377/1069 1380/1373/1065 1388/1381/1073
f 1380/1373/1065 1386/1379/1071 1388/1381/1073
f 1389/1382/1074 1385/1378/1070 1384/1377/1069
f 1384/1377/1069 1388/1381/1073 1389/1382/1074
f 1385/1378/1070 1389/1382/1074 1390/1383/1075
f 1391/1384/1075 1385/1378/1070 1390/1383/1075
f 1389/1382/1074 1388/1381/1073 1392/1385/1076
f 1392/1385/1076 1388/1381/1073 1386/1379/1071
f 1363/1356/1049 1386/1379/1071 1387/1380/1072
f 1386/1379/1071 1363/1356/1049 1392/1385/1076
f 1363/1356/1049 1387/1380/1072 1393/1386/1077
f 1394/1387/1078 1363/1356/1049 1393/1386/1077
f 1363/1356/1049 1362/1355/1048 1392/1385/1076
f 1392/1385/1076 1362/1355/1048 1395/1388/1079
f 1396/1389/1080 1392/1385/1076 1395/1388/1079
f 1399/1390/1081 1398/1391/1081 1397/1392/1082
f 1400/1393/1083 1399/1390/1081 1397/1392/1082
f 1397/1392/1082 1401/1394/102 1400/1393/1083
f 1401/1394/102 1402/1395/110 1400/1393/1083
f 1401/1394/102 1403/1396/102 1402/1395/110
f 1402/1395/110 1404/1397/1084 1400/1393/1083
f 1404/1397/1084 1405/1398/1084 1400/1393/1083
f 1406/1399/1084 1404/1397/1084 1402/1395/110
f 1403/1396/102 1407/1400/110 1402/1395/110
f 1407/1400/110 1406/1399/1084 1402/1395/110
f 1403/1396/102 1408/1401/102 1407/1400/110
f 1409/1402/1084 1406/1399/1084 1407/1400/110
f 1408/1401/102 1410/1403/110 1407/1400/110
f 1410/1403/110 1409/1402/1084 1407/1400/110
f 1413/1404/1085 1412/1405/1086 1411/1406/1087
f 1414/1407/1088 1413/1404/1085 1411/1406/1087
f 1411/1406/1087 1415/1408/96 1414/1407/1088
f 1415/1408/96 1416/1409/98 1414/1407/1088
f 1415/1408/96 1417/1410/96 1416/1409/98
f 1416/1409/98 1418/1411/99 1414/1407/1088
f 1418/1411/99 1419/1412/99 1414/1407/1088
f 1420/1413/99 1418/1411/99 1416/1409/98
f 1417/1410/96 1421/1414/98 1416/1409/98
f 1421/1414/98 1420/1413/99 1416/1409/98
f 1417/1410/96 1422/1415/96 1421/1414/98
f 1423/1416/99 1420/1413/99 1421/1414/98
f 1422/1415/96 1424/1417/98 1421/1414/98
f 1424/1417/98 1423/1416/99 1421/1414/98
f 1427/1418/1089 1426/1419/1090 1425/1420/1091
f 1428/1421/1092 1425/1420/1091 1426/1419/1090
f 1425/1420/1091 1429/1422/1093 1427/1418/1089
f 1427/1418/1089 1429/1422/1093 1430/1383/1094
f 1431/1423/1095 1425/1420/1091 1428/1421/1092
f 1425/1420/1091 1431/1423/1095 1429/1422/1093
f 1430/1383/1094 1429/1422/1093 1432/1424/1096
f 1431/1423/1095 1432/1424/1096 1429/1422/1093
f 1428/1421/1092 1433/1425/1097 1431/1423/1095
f 1428/1421/1092 1434/1426/1098 1433/1425/1097
f 1435/1427/1099 1431/1423/1095 1433/1425/1097
f 1431/1423/1095 1435/1427/1099 1432/1424/1096
f 1435/1427/1099 1436/1428/1100 1432/1424/1096
f 1437/1429/1101 1432/1424/1096 1436/1428/1100
f 1432/1424/1096 1437/1429/1101 1430/1383/1094
f 1437/1429/1101 1438/1384/1102 1430/1383/1094
f 1434/1426/1098 1439/1430/1103 1433/1425/1097
f 1437/1429/1101 1440/1431/1104 1438/1384/1102
f 1434/1426/1098 1441/1432/1105 1439/1430/1103
f 1439/1430/1103 1441/1432/1105 1442/1433/1106
f 1443/1434/1107 1442/1433/1106 1441/1432/1105
f 1443/1434/1107 1444/1435/1108 1440/1431/1104
f 1440/1431/1104 1444/1435/1108 1438/1384/1102
f 1441/1432/1105 1444/1435/1108 1443/1434/1107
f 1434/1426/1098 1445/1436/1109 1441/1432/1105
f 1441/1432/1105 1445/1436/1109 1444/1435/1108
f 1446/1437/1110 1445/1436/1109 1434/1426/1098
f 1444/1435/1108 1447/1438/1111 1438/1384/1102
f 1445/1436/1109 1447/1438/1111 1444/1435/1108
f 1445/1436/1109 1446/1437/1110 1447/1438/1111
f 1438/1384/1102 1447/1438/1111 1448/1439/1112
f 1446/1437/1110 1448/1439/1112 1447/1438/1111
f 1451/1440/1113 1450/1441/1114 1449/1442/1114
f 1452/1443/1115 1451/1440/1113 1449/1442/1114
f 1453/1444/1116 1451/1440/1113 1452/1443/1115
f 1449/1442/1114 1450/1441/1114 1454/1445/1117
f 1450/1441/1114 1455/1446/1118 1454/1445/1117
f 1456/1447/1119 1453/1444/1116 1452/1443/1115
f 1457/1448/1120 1453/1444/1116 1456/1447/1119
f 1454/1445/1117 1455/1446/1118 1458/1449/1121
f 1455/1446/1118 1459/1450/1122 1458/1449/1121
f 1460/1451/1123 1457/1448/1120 1456/1447/1119
f 1461/1452/1124 1457/1448/1120 1460/1451/1123
f 1458/1449/1121 1459/1450/1122 1462/1453/1125
f 1459/1450/1122 1463/1454/1126 1462/1453/1125
f 1464/1455/1124 1461/1452/1124 1460/1451/1123
f 1465/1456/1127 1461/1452/1124 1464/1455/1124
f 1462/1453/1125 1463/1454/1126 1466/1457/1128
f 1463/1454/1126 1467/1458/1129 1466/1457/1128
f 1468/1459/1130 1465/1456/1127 1464/1455/1124
f 1469/1460/1131 1465/1456/1127 1468/1459/1130
f 1466/1457/1128 1467/1458/1129 1470/1461/1132
f 1467/1458/1129 1471/1462/1133 1470/1461/1132
f 1472/1463/1134 1469/1460/1131 1468/1459/1130
f 1473/1464/1135 1469/1460/1131 1472/1463/1134
f 1470/1461/1132 1471/1462/1133 1474/1465/1136
f 1471/1462/1133 1475/1466/1137 1474/1465/1136
f 1476/1467/1138 1473/1464/1135 1472/1463/1134
f 1477/163/1139 1473/1464/1135 1476/1467/1138
f 1474/1465/1136 1475/1466/1137 1478/1468/1140
f 1475/1466/1137 1479/161/1141 1478/1468/1140
f 1479/161/1141 1477/163/1139 1480/1469/1142
f 1480/1469/1142 1477/163/1139 1476/1467/1138
f 1478/1468/1140 1479/161/1141 1480/1469/1142
f 1466/1457/1128 1470/1461/1132 1481/1470/1143
f 1470/1461/1132 1474/1465/1136 1482/1471/1144
f 1481/1470/1143 1470/1461/1132 1482/1471/1144
f 1474/1465/1136 1478/1468/1140 1483/1472/1145
f 1482/1471/1144 1474/1465/1136 1483/1472/1145
f 1478/1468/1140 1480/1469/1142 1484/1473/1146
f 1483/1472/1145 1478/1468/1140 1484/1473/1146
f 1480/1469/1142 1476/1467/1138 1485/1474/1147
f 1484/1473/1146 1480/1469/1142 1485/1474/1147
f 1476/1467/1138 1472/1463/1134 1486/1475/1148
f 1485/1474/1147 1476/1467/1138 1486/1475/1148
f 1487/1476/1149 1466/1457/1128 1481/1470/1143
f 1462/1453/1125 1466/1457/1128 1487/1476/1149
f 1486/1475/1148 1472/1463/1134 1488/1477/1150
f 1472/1463/1134 1468/1459/1130 1488/1477/1150
f 1489/1478/1151 1462/1453/1125 1487/1476/1149
f 1458/1449/1121 1462/1453/1125 1489/1478/1151
f 1488/1477/1150 1468/1459/1130 1490/1479/1152
f 1468/1459/1130 1464/1455/1124 1490/1479/1152
f 1491/1480/1153 1458/1449/1121 1489/1478/1151
f 1454/1445/1117 1458/1449/1121 1491/1480/1153
f 1490/1479/1152 1464/1455/1124 1492/1481/1154
f 1464/1455/1124 1460/1451/1123 1492/1481/1154
f 1493/1482/1155 1454/1445/1117 1491/1480/1153
f 1449/1442/1114 1454/1445/1117 1493/1482/1155
f 1492/1481/1154 1460/1451/1123 1494/1483/1156
f 1460/1451/1123 1456/1447/1119 1494/1483/1156
f 1495/1484/1157 1449/1442/1114 1493/1482/1155
f 1452/1443/1115 1449/1442/1114 1495/1484/1157
f 1456/1447/1119 1452/1443/1115 1496/1485/1158
f 1494/1483/1156 1456/1447/1119 1496/1485/1158
f 1496/1485/1158 1452/1443/1115 1495/1484/1157
f 1491/1480/1153 1489/1478/1151 1497/1486/1159
f 1493/1482/1155 1491/1480/1153 1498/1487/1160
f 1498/1487/1160 1491/1480/1153 1497/1486/1159
f 1495/1484/1157 1493/1482/1155 1499/1488/1161
f 1499/1488/1161 1493/1482/1155 1498/1487/1160
f 1496/1485/1158 1495/1484/1157 1500/1489/1162
f 1500/1489/1162 1495/1484/1157 1499/1488/1161
f 1494/1483/1156 1496/1485/1158 1501/1490/1163
f 1501/1490/1163 1496/1485/1158 1500/1489/1162
f 1492/1481/1154 1494/1483/1156 1502/1491/1164
f 1502/1491/1164 1494/1483/1156 1501/1490/1163
f 1497/1486/1159 1489/1478/1151 1503/1492/1165
f 1489/1478/1151 1487/1476/1149 1503/1492/1165
f 1504/1493/1166 1492/1481/1154 1502/1491/1164
f 1490/1479/1152 1492/1481/1154 1504/1493/1166
f 1503/1492/1165 1487/1476/1149 1505/1494/1167
f 1487/1476/1149 1481/1470/1143 1505/1494/1167
f 1506/1495/1168 1490/1479/1152 1504/1493/1166
f 1488/1477/1150 1490/1479/1152 1506/1495/1168
f 1505/1494/1167 1481/1470/1143 1507/1496/1169
f 1481/1470/1143 1482/1471/1144 1507/1496/1169
f 1508/1497/1170 1488/1477/1150 1506/1495/1168
f 1486/1475/1148 1488/1477/1150 1508/1497/1170
f 1507/1496/1169 1482/1471/1144 1509/1498/1171
f 1482/1471/1144 1483/1472/1145 1509/1498/1171
f 1510/1499/1172 1486/1475/1148 1508/1497/1170
f 1485/1474/1147 1486/1475/1148 1510/1499/1172
f 1509/1498/1171 1483/1472/1145 1511/1500/1173
f 1483/1472/1145 1484/1473/1146 1511/1500/1173
f 1484/1473/1146 1485/1474/1147 1512/1501/1174
f 1512/1501/1174 1485/1474/1147 1510/1499/1172
f 1511/1500/1173 1484/1473/1146 1512/1501/1174
f 1505/1494/1167 1507/1496/1169 1513/1502/1175
f 1514/1503/1176 1505/1494/1167 1513/1502/1175
f 1513/1502/1175 1507/1496/1169 1515/1504/1177
f 1507/1496/1169 1509/1498/1171 1515/1504/1177
f 1503/1492/1165 1505/1494/1167 1514/1503/1176
f 1515/1504/1177 1509/1498/1171 1516/1505/1178
f 1509/1498/1171 1511/1500/1173 1516/1505/1178
f 1517/1506/1179 1503/1492/1165 1514/1503/1176
f 1516/1505/1178 1511/1500/1173 1518/1507/1180
f 1511/1500/1173 1512/1501/1174 1518/1507/1180
f 1497/1486/1159 1503/1492/1165 1517/1506/1179
f 1518/1507/1180 1512/1501/1174 1519/1508/1181
f 1520/1509/1182 1497/1486/1159 1517/1506/1179
f 1512/1501/1174 1510/1499/1172 1519/1508/1181
f 1498/1487/1160 1497/1486/1159 1520/1509/1182
f 1519/1508/1181 1510/1499/1172 1521/1510/1183
f 1522/1511/1184 1498/1487/1160 1520/1509/1182
f 1510/1499/1172 1508/1497/1170 1521/1510/1183
f 1499/1488/1161 1498/1487/1160 1522/1511/1184
f 1521/1510/1183 1508/1497/1170 1523/1512/1185
f 1524/1513/1186 1499/1488/1161 1522/1511/1184
f 1508/1497/1170 1506/1495/1168 1523/1512/1185
f 1500/1489/1162 1499/1488/1161 1524/1513/1186
f 1523/1512/1185 1506/1495/1168 1525/1514/1187
f 1526/1515/1188 1500/1489/1162 1524/1513/1186
f 1506/1495/1168 1504/1493/1166 1525/1514/1187
f 1501/1490/1163 1500/1489/1162 1526/1515/1188
f 1525/1514/1187 1504/1493/1166 1527/1516/1189
f 1528/1517/1190 1501/1490/1163 1526/1515/1188
f 1504/1493/1166 1502/1491/1164 1527/1516/1189
f 1502/1491/1164 1501/1490/1163 1528/1517/1190
f 1527/1516/1189 1502/1491/1164 1528/1517/1190
f 1531/1518/1191 1530/1519/1192 1529/1520/1193
f 1532/1521/1194 1531/1518/1191 1529/1520/1193
f 1529/1520/1193 1530/1519/1192 1533/1522/1195
f 1530/1519/1192 1534/1523/1196 1533/1522/1195
f 1533/1522/1195 1534/1523/1196 1535/1524/1197
f 1536/1525/1198 1534/1523/1196 1530/1519/1192
f 1534/1523/1196 1536/1525/1198 1535/1524/1197
f 1530/1519/1192 1531/1518/1191 1536/1525/1198
f 1535/1524/1197 1536/1525/1198 1537/1526/1199
f 1536/1525/1198 1538/1527/1200 1537/1526/1199
f 1531/1518/1191 1538/1527/1200 1536/1525/1198
f 1537/1526/1199 1538/1527/1200 1539/1528/1201
f 1540/1529/1202 1531/1518/1191 1532/1521/1194
f 1531/1518/1191 1540/1529/1202 1538/1527/1200
f 1541/1530/1203 1540/1529/1202 1532/1521/1194
f 1538/1527/1200 1542/1531/1204 1539/1528/1201
f 1540/1529/1202 1542/1531/1204 1538/1527/1200
f 1539/1528/1201 1542/1531/1204 1543/1532/1205
f 1542/1531/1204 1544/1533/1206 1543/1532/1205
f 1540/1529/1202 1544/1533/1206 1542/1531/1204
f 1543/1532/1205 1544/1533/1206 1545/1534/1207
f 1546/1535/1208 1540/1529/1202 1541/1530/1203
f 1540/1529/1202 1546/1535/1208 1544/1533/1206
f 1547/1536/1209 1546/1535/1208 1541/1530/1203
f 1544/1533/1206 1548/1537/1210 1545/1534/1207
f 1546/1535/1208 1548/1537/1210 1544/1533/1206
f 1545/1534/1207 1548/1537/1210 1549/1538/1211
f 1550/1539/1212 1546/1535/1208 1547/1536/1209
f 1546/1535/1208 1550/1539/1212 1548/1537/1210
f 1551/1540/1213 1550/1539/1212 1547/1536/1209
f 1552/1541/1214 1550/1539/1212 1551/1540/1213
f 1550/1539/1212 1552/1541/1214 1548/1537/1210
f 1553/1542/1215 1552/1541/1214 1551/1540/1213
f 1548/1537/1210 1554/1543/1216 1549/1538/1211
f 1552/1541/1214 1554/1543/1216 1548/1537/1210
f 1549/1538/1211 1554/1543/1216 1555/1544/1217
f 1556/1545/1218 1552/1541/1214 1553/1542/1215
f 1552/1541/1214 1556/1545/1218 1554/1543/1216
f 1557/1546/1219 1556/1545/1218 1553/1542/1215
f 1554/1543/1216 1558/1547/1220 1555/1544/1217
f 1556/1545/1218 1558/1547/1220 1554/1543/1216
f 1555/1544/1217 1558/1547/1220 1559/1548/1221
f 1560/1549/1222 1556/1545/1218 1557/1546/1219
f 1559/1548/1221 1560/1549/1222 1557/1546/1219
f 1556/1545/1218 1560/1549/1222 1558/1547/1220
f 1558/1547/1220 1560/1549/1222 1559/1548/1221
f 3/1/1 2/2/2 1/3/3
f 2/2/2 4/4/4 1/3/3
f 1/3/3 4/4/4 5/5/5
f 2/2/2 6/6/6 4/4/4
f 4/4/4 7/7/7 5/5/5
f 5/5/5 7/7/7 8/8/8
f 7/7/7 9/9/9 8/8/8
f 6/6/6 10/10/10 4/4/4
f 4/4/4 10/10/10 7/7/7
f 6/6/6 11/11/11 10/10/10
f 7/7/7 12/12/12 9/9/9
f 10/10/10 12/12/12 7/7/7
f 12/12/12 13/13/13 9/9/9
f 11/11/11 14/14/14 10/10/10
f 10/10/10 14/14/14 12/12/12
f 11/11/11 15/15/15 14/14/14
f 12/12/12 16/16/16 13/13/13
f 14/14/14 16/16/16 12/12/12
f 16/16/16 17/17/17 13/13/13
f 15/15/15 18/18/18 14/14/14
f 14/14/14 18/18/18 16/16/16
f 15/15/15 19/19/19 18/18/18
f 19/19/19 20/20/20 18/18/18
f 16/16/16 21/21/21 17/17/17
f 18/18/18 21/21/21 16/16/16
f 18/18/18 20/20/20 21/21/21
f 21/21/21 22/22/22 17/17/17
f 20/20/20 23/23/23 21/21/21
f 21/21/21 23/23/23 22/22/22
f 23/23/23 24/24/24 22/22/22
f 27/25/25 26/26/26 25/27/27
f 26/26/26 28/28/28 25/27/27
f 25/27/27 28/28/28 29/29/29
f 26/26/26 30/30/30 28/28/28
f 28/28/28 31/31/31 29/29/29
f 29/29/29 31/31/31 32/32/32
f 31/31/31 33/33/33 32/32/32
f 30/30/30 34/34/34 28/28/28
f 28/28/28 34/34/34 31/31/31
f 30/30/30 35/35/35 34/34/34
f 31/31/31 36/36/36 33/33/33
f 34/34/34 36/36/36 31/31/31
f 36/36/36 37/37/37 33/33/33
f 35/35/35 38/38/38 34/34/34
f 34/34/34 38/38/38 36/36/36
f 35/35/35 39/39/39 38/38/38
f 39/39/39 40/40/40 38/38/38
f 36/36/36 41/41/41 37/37/37
f 38/38/38 41/41/41 36/36/36
f 38/38/38 40/40/40 41/41/41
f 41/41/41 42/42/42 37/37/37
f 40/40/40 43/43/43 41/41/41
f 41/41/41 43/43/43 42/42/42
f 43/43/43 44/44/44 42/42/42
f 47/45/45 46/46/46 45/47/47
f 46/46/46 48/48/48 45/47/47
f 45/47/47 48/48/48 49/49/49
f 46/46/46 50/50/50 48/48/48
f 48/48/48 51/51/51 49/49/49
f 49/49/49 51/51/51 52/52/52
f 51/51/51 53/53/53 52/52/52
f 50/50/50 54/54/54 48/48/48
f 48/48/48 54/54/54 51/51/51
f 50/50/50 55/55/55 54/54/54
f 51/51/51 56/56/56 53/53/53
f 54/54/54 56/56/56 51/51/51
f 56/56/56 57/57/57 53/53/53
f 55/55/55 58/58/58 54/54/54
f 54/54/54 58/58/58 56/56/56
f 55/55/55 59/59/59 58/58/58
f 59/59/59 60/60/60 58/58/58
f 56/56/56 61/61/61 57/57/57
f 58/58/58 61/61/61 56/56/56
f 58/58/58 60/60/60 61/61/61
f 61/61/61 62/62/62 57/57/57
f 60/60/60 63/63/63 61/61/61
f 61/61/61 63/63/63 62/62/62
f 63/63/63 64/64/64 62/62/62
f 67/65/65 66/66/66 65/67/67
f 66/66/66 68/68/68 65/67/67
f 65/67/67 68/68/68 69/69/69
f 66/66/66 70/70/70 68/68/68
f 68/68/68 71/71/71 69/69/69
f 69/69/69 71/71/71 72/72/72
f 71/71/71 73/73/73 72/72/72
f 70/70/70 74/74/74 68/68/68
f 68/68/68 74/74/74 71/71/71
f 70/70/70 75/75/75 74/74/74
f 75/75/75 76/76/76 74/74/74
f 71/71/71 77/77/77 73/73/73
f 74/74/74 77/77/77 71/71/71
f 74/74/74 76/76/76 77/77/77
f 77/77/77 78/78/78 73/73/73
f 76/76/76 79/79/79 77/77/77
f 77/77/77 79/79/79 78/78/78
f 79/79/79 80/80/80 78/78/78
f 83/81/81 82/82/81 81/83/81
f 81/83/81 84/84/81 83/81/81
f 84/84/81 85/85/81 83/81/81
f 84/84/81 86/86/81 85/85/81
f 86/86/81 87/87/81 85/85/81
f 86/86/81 88/88/81 87/87/81
f 88/88/81 89/89/81 87/87/81
f 88/88/81 90/90/81 89/89/81
f 90/90/81 91/91/81 89/89/81
f 90/90/81 92/92/81 91/91/81
f 90/90/81 93/93/81 92/92/81
f 93/93/81 94/94/81 92/92/81
f 93/93/81 95/95/81 94/94/81
f 95/95/81 96/96/81 94/94/81
f 99/97/82 98/98/82 97/99/82
f 97/99/82 100/100/82 99/97/82
f 100/100/82 101/101/82 99/97/82
f 100/100/82 102/102/82 101/101/82
f 102/102/82 103/103/82 101/101/82
f 102/102/82 104/104/82 103/103/82
f 104/104/82 105/105/82 103/103/82
f 104/104/82 106/106/82 105/105/82
f 104/104/82 107/107/82 106/106/82
f 107/107/82 108/108/82 106/106/82
f 108/108/82 109/109/82 106/106/82
f 108/108/82 110/110/82 109/109/82
f 110/110/82 111/111/82 109/109/82
f 110/110/82 112/112/82 111/111/82
f 115/113/83 114/114/83 113/115/84
f 114/114/83 116/116/84 113/115/84
f 113/115/84 116/116/84 117/117/85
f 116/116/84 118/118/85 117/117/85
f 117/117/85 118/118/85 119/119/86
f 118/118/85 120/120/86 119/119/86
f 119/119/86 120/120/86 121/121/87
f 120/120/86 122/122/87 121/121/87
f 121/121/87 122/122/87 123/123/88
f 122/122/87 124/124/89 123/123/88
f 127/125/90 126/126/91 125/127/92
f 126/126/91 128/128/92 125/127/92
f 125/127/92 128/128/92 129/129/93
f 128/128/92 130/130/93 129/129/93
f 129/129/93 130/130/93 131/131/94
f 130/130/93 132/132/94 131/131/94
f 131/131/94 132/132/94 133/133/95
f 132/132/94 134/134/95 133/133/95
f 137/135/96 136/136/97 135/137/97
f 138/138/96 137/135/96 135/137/97
f 139/139/98 137/135/96 138/138/96
f 140/140/98 139/139/98 138/138/96
f 141/141/99 139/139/98 140/140/98
f 142/142/99 141/141/99 140/140/98
f 143/143/100 141/141/99 142/142/99
f 144/144/101 143/143/100 142/142/99
f 147/145/102 146/146/103 145/147/103
f 148/148/102 147/145/102 145/147/103
f 149/149/104 147/145/102 148/148/102
f 150/150/104 149/149/104 148/148/102
f 151/151/105 149/149/104 150/150/104
f 152/152/105 151/151/105 150/150/104
f 155/153/81 154/154/81 153/155/81
f 153/155/81 156/156/81 155/153/81
f 156/156/81 157/157/81 155/153/81
f 156/156/81 158/158/81 157/157/81
f 158/158/81 159/159/81 157/157/81
f 158/158/81 160/160/81 159/159/81
f 160/160/81 161/161/81 159/159/81
f 160/160/81 162/162/81 161/161/81
f 162/162/81 163/163/81 161/161/81
f 162/162/81 164/164/81 163/163/81
f 162/162/81 165/165/81 164/164/81
f 165/165/81 166/166/81 164/164/81
f 166/166/81 167/167/81 164/164/81
f 166/166/81 168/168/81 167/167/81
f 171/169/96 170/170/97 169/171/106
f 172/172/96 171/169/96 169/171/106
f 172/172/96 169/171/106 173/173/106
f 174/174/98 171/169/96 172/172/96
f 175/175/96 172/172/96 173/173/106
f 175/175/96 173/173/106 176/176/106
f 177/177/96 175/175/96 176/176/106
f 178/178/98 174/174/98 172/172/96
f 178/178/98 172/172/96 175/175/96
f 179/179/107 174/174/98 178/178/98
f 180/180/98 175/175/96 177/177/96
f 180/180/98 178/178/98 175/175/96
f 181/181/98 180/180/98 177/177/96
f 182/182/107 179/179/107 178/178/98
f 182/182/107 178/178/98 180/180/98
f 183/183/108 179/179/107 182/182/107
f 184/184/108 183/183/108 182/182/107
f 185/185/107 180/180/98 181/181/98
f 185/185/107 182/182/107 180/180/98
f 184/184/108 182/182/107 185/185/107
f 186/186/107 185/185/107 181/181/98
f 187/187/108 184/184/108 185/185/107
f 187/187/108 185/185/107 186/186/107
f 188/188/108 187/187/108 186/186/107
f 191/189/102 190/190/103 189/191/109
f 192/192/102 191/189/102 189/191/109
f 192/192/102 189/191/109 193/193/109
f 194/194/110 191/189/102 192/192/102
f 195/195/102 192/192/102 193/193/109
f 195/195/102 193/193/109 196/196/109
f 197/197/102 195/195/102 196/196/109
f 198/198/110 194/194/110 192/192/102
f 198/198/110 192/192/102 195/195/102
f 199/199/111 194/194/110 198/198/110
f 200/200/111 199/199/111 198/198/110
f 201/201/110 195/195/102 197/197/102
f 201/201/110 198/198/110 195/195/102
f 200/200/111 198/198/110 201/201/110
f 202/202/110 201/201/110 197/197/102
f 203/203/111 200/200/111 201/201/110
f 203/203/111 201/201/110 202/202/110
f 204/204/111 203/203/111 202/202/110
f 207/205/112 206/206/89 205/207/89
f 208/208/112 207/205/112 205/207/89
f 208/208/112 205/207/89 209/209/89
f 210/210/113 207/205/112 208/208/112
f 211/211/112 208/208/112 209/209/89
f 211/211/112 209/209/89 212/212/89
f 213/213/112 211/211/112 212/212/89
f 214/214/113 210/210/113 208/208/112
f 214/214/113 208/208/112 211/211/112
f 215/215/114 210/210/113 214/214/113
f 216/216/113 211/211/112 213/213/112
f 216/216/113 214/214/113 211/211/112
f 217/217/113 216/216/113 213/213/112
f 218/218/114 215/215/114 214/214/113
f 218/218/114 214/214/113 216/216/113
f 219/219/115 215/215/114 218/218/114
f 220/220/114 216/216/113 217/217/113
f 220/220/114 218/218/114 216/216/113
f 221/221/114 220/220/114 217/217/113
f 222/222/115 219/219/115 218/218/114
f 222/222/115 218/218/114 220/220/114
f 223/223/116 219/219/115 222/222/115
f 224/224/116 223/223/116 222/222/115
f 225/225/117 220/220/114 221/221/114
f 225/225/117 222/222/115 220/220/114
f 224/224/116 222/222/115 225/225/117
f 226/226/117 225/225/117 221/221/114
f 227/227/116 224/224/116 225/225/117
f 227/227/116 225/225/117 226/226/117
f 228/228/116 227/227/116 226/226/117
f 231/229/118 230/230/119 229/231/119
f 232/232/118 231/229/118 229/231/119
f 232/232/118 229/231/119 233/233/119
f 234/234/93 231/229/118 232/232/118
f 235/235/118 232/232/118 233/233/119
f 235/235/118 233/233/119 236/236/119
f 237/237/120 235/235/118 236/236/119
f 238/238/93 234/234/93 232/232/118
f 238/238/93 232/232/118 235/235/118
f 239/239/121 234/234/93 238/238/93
f 240/240/93 235/235/118 237/237/120
f 240/240/93 238/238/93 235/235/118
f 241/241/93 240/240/93 237/237/120
f 242/242/121 239/239/121 238/238/93
f 242/242/121 238/238/93 240/240/93
f 243/243/91 239/239/121 242/242/121
f 244/244/91 243/243/91 242/242/121
f 245/245/121 240/240/93 241/241/93
f 245/245/121 242/242/121 240/240/93
f 244/244/91 242/242/121 245/245/121
f 246/246/121 245/245/121 241/241/93
f 247/247/91 244/244/91 245/245/121
f 247/247/91 245/245/121 246/246/121
f 248/248/91 247/247/91 246/246/121
f 251/249/122 250/250/123 249/251/124
f 252/252/125 251/249/122 249/251/124
f 252/252/125 249/251/124 253/253/96
f 249/251/124 254/254/96 253/253/96
f 252/252/125 255/255/126 251/249/122
f 255/255/126 256/256/127 251/249/122
f 259/257/128 258/258/129 257/259/130
f 258/258/129 260/260/131 257/259/130
f 260/260/131 261/261/132 257/259/130
f 261/261/132 262/262/133 257/259/130
f 260/260/131 258/258/129 263/263/120
f 258/258/129 264/264/120 263/263/120
f 267/265/134 266/266/135 265/267/136
f 266/266/135 268/268/137 265/267/136
f 268/268/137 269/269/138 265/267/136
f 269/269/138 270/270/139 265/267/136
f 268/268/137 266/266/135 271/271/113
f 266/266/135 272/272/113 271/271/113
f 275/273/140 274/274/141 273/275/142
f 276/276/143 275/273/140 273/275/142
f 276/276/143 273/275/142 277/277/102
f 273/275/142 278/278/102 277/277/102
f 276/276/143 279/279/144 275/273/140
f 279/279/144 280/280/145 275/273/140
f 283/281/117 282/282/146 281/283/147
f 282/282/146 284/284/85 281/283/147
f 281/283/147 284/284/85 285/285/147
f 284/284/85 286/286/85 285/285/147
f 285/285/147 286/286/85 287/287/147
f 286/286/85 288/288/85 287/287/147
f 289/289/113 288/288/85 286/286/85
f 290/290/113 289/289/113 286/286/85
f 290/290/113 286/286/85 284/284/85
f 291/291/113 290/290/113 284/284/85
f 291/291/113 284/284/85 282/282/146
f 292/292/148 291/291/113 282/282/146
f 282/282/146 293/293/149 292/292/148
f 293/293/149 294/294/149 292/292/148
f 297/295/150 296/296/151 295/297/92
f 296/296/151 298/298/152 295/297/92
f 295/297/92 298/298/152 299/299/92
f 298/298/152 300/300/152 299/299/92
f 299/299/92 300/300/152 301/301/92
f 300/300/152 302/302/152 301/301/92
f 303/303/120 302/302/152 300/300/152
f 304/304/120 303/303/120 300/300/152
f 304/304/120 300/300/152 298/298/152
f 305/305/120 304/304/120 298/298/152
f 305/305/120 298/298/152 296/296/151
f 306/306/153 305/305/120 296/296/151
f 296/296/151 307/307/154 306/306/153
f 307/307/154 308/308/154 306/306/153
f 311/309/155 310/310/156 309/311/157
f 310/310/156 312/312/158 309/311/157
f 309/311/157 312/312/158 313/313/159
f 312/312/158 314/314/160 313/313/159
f 313/313/159 314/314/160 315/315/161
f 314/314/160 316/316/162 315/315/161
f 319/317/163 318/318/164 317/319/165
f 318/318/164 320/320/166 317/319/165
f 317/319/165 320/320/166 321/321/167
f 320/320/166 322/322/168 321/321/167
f 321/321/167 322/322/168 323/323/169
f 322/322/168 324/324/170 323/323/169
f 323/323/169 324/324/170 325/325/171
f 324/324/170 326/326/172 325/325/171
f 325/325/171 326/326/172 327/327/173
f 326/326/172 328/328/174 327/327/173
f 327/327/173 328/328/174 329/329/175
f 328/328/174 330/330/176 329/329/175
f 329/329/175 330/330/176 331/331/177
f 330/330/176 332/332/178 331/331/177
f 331/331/177 332/332/178 333/333/179
f 332/332/178 334/334/180 333/333/179
f 337/335/181 336/336/81 335/337/181
f 336/336/81 338/338/81 335/337/181
f 335/337/181 338/338/81 339/339/81
f 338/338/81 340/340/81 339/339/81
f 339/339/81 340/340/81 341/341/81
f 340/340/81 342/342/182 341/341/81
f 341/341/81 342/342/182 343/343/81
f 342/342/182 344/344/183 343/343/81
f 347/345/184 346/346/185 345/347/186
f 346/346/185 348/348/187 345/347/186
f 345/347/186 348/348/187 349/349/188
f 348/348/187 350/350/189 349/349/188
f 349/349/188 350/350/189 351/351/190
f 350/350/189 352/352/191 351/351/190
f 355/353/192 354/354/193 353/355/194
f 354/354/193 356/356/195 353/355/194
f 353/355/194 356/356/195 357/357/196
f 356/356/195 358/358/197 357/357/196
f 361/359/198 360/360/199 359/361/200
f 360/360/199 362/362/201 359/361/200
f 359/361/200 362/362/201 363/363/202
f 362/362/201 364/364/203 363/363/202
f 363/363/202 364/364/203 365/365/204
f 364/364/203 366/366/205 365/365/204
f 365/365/204 366/366/205 367/367/206
f 366/366/205 368/368/207 367/367/206
f 367/367/206 368/368/207 369/369/208
f 368/368/207 370/370/209 369/369/208
f 369/369/208 370/370/209 371/371/210
f 370/370/209 372/372/211 371/371/210
f 371/371/210 372/372/211 373/373/212
f 372/372/211 374/374/213 373/373/212
f 373/373/212 374/374/213 375/375/214
f 374/374/213 376/376/215 375/375/214
f 379/377/81 378/378/81 377/379/81
f 378/378/81 380/380/81 377/379/81
f 377/379/81 380/380/81 381/381/81
f 380/380/81 382/382/81 381/381/81
f 381/381/81 382/382/81 383/383/81
f 382/382/81 384/384/81 383/383/81
f 383/383/81 384/384/81 385/385/81
f 384/384/81 386/386/81 385/385/81
f 389/387/216 388/388/217 387/389/218
f 388/388/217 390/390/219 387/389/218
f 387/389/218 390/390/219 391/391/220
f 390/390/219 392/392/221 391/391/220
f 395/393/222 394/394/223 393/395/224
f 394/394/223 396/396/225 393/395/224
f 393/395/224 396/396/225 397/397/226
f 396/396/225 398/398/227 397/397/226
f 397/397/226 398/398/227 399/399/228
f 398/398/227 400/400/229 399/399/228
f 399/399/228 400/400/229 401/401/230
f 400/400/229 402/402/231 401/401/230
f 401/401/230 402/402/231 403/403/232
f 402/402/231 404/404/233 403/403/232
f 403/403/232 404/404/233 405/405/234
f 404/404/233 406/406/235 405/405/234
f 409/407/236 408/408/237 407/409/238
f 408/408/237 410/410/239 407/409/238
f 407/409/238 410/410/239 411/411/240
f 410/410/239 412/412/241 411/411/240
f 411/411/240 412/412/241 413/413/242
f 412/412/241 414/414/243 413/413/242
f 413/413/242 414/414/243 415/415/244
f 414/414/243 416/416/245 415/415/244
f 415/415/244 416/416/245 417/417/246
f 416/416/245 418/418/247 417/417/246
f 417/417/246 418/418/247 419/419/248
f 418/418/247 420/420/249 419/419/248
f 419/419/248 420/420/249 421/421/250
f 420/420/249 422/422/251 421/421/250
f 421/421/250 422/422/251 423/423/252
f 422/422/251 424/424/253 423/423/252
f 427/425/81 426/426/81 425/427/81
f 426/426/81 428/428/81 425/427/81
f 425/427/81 428/428/81 429/429/81
f 428/428/81 430/430/81 429/429/81
f 429/429/81 430/430/81 431/431/81
f 430/430/81 432/432/81 431/431/81
f 431/431/81 432/432/81 433/433/81
f 432/432/81 434/434/81 433/433/81
f 437/435/254 436/436/255 435/437/256
f 436/436/255 438/438/257 435/437/256
f 435/437/256 438/438/257 439/439/258
f 438/438/257 440/440/258 439/439/258
f 443/441/259 442/442/260 441/443/261
f 442/442/260 444/444/262 441/443/261
f 441/443/261 444/444/262 445/445/263
f 442/442/260 446/446/264 444/444/262
f 444/444/262 447/447/265 445/445/263
f 445/445/263 447/447/265 448/448/266
f 447/447/265 449/449/267 448/448/266
f 446/446/264 450/450/268 444/444/262
f 444/444/262 450/450/268 447/447/265
f 446/446/264 451/451/269 450/450/268
f 447/447/265 452/452/270 449/449/267
f 450/450/268 452/452/270 447/447/265
f 452/452/270 453/453/271 449/449/267
f 451/451/269 454/454/272 450/450/268
f 450/450/268 454/454/272 452/452/270
f 451/451/269 455/455/273 454/454/272
f 452/452/270 456/456/274 453/453/271
f 454/454/272 456/456/274 452/452/270
f 456/456/274 457/457/275 453/453/271
f 455/455/273 458/458/276 454/454/272
f 454/454/272 458/458/276 456/456/274
f 455/455/273 459/459/277 458/458/276
f 459/459/277 460/460/179 458/458/276
f 456/456/274 461/461/278 457/457/275
f 458/458/276 461/461/278 456/456/274
f 458/458/276 460/460/179 461/461/278
f 461/461/278 462/462/279 457/457/275
f 460/460/179 463/463/280 461/461/278
f 461/461/278 463/463/280 462/462/279
f 463/463/280 464/464/281 462/462/279
f 467/465/282 466/466/283 465/467/284
f 466/466/283 468/468/285 465/467/284
f 465/467/284 468/468/285 469/469/286
f 468/468/285 470/470/287 469/469/286
f 469/469/286 470/470/287 471/471/288
f 470/470/287 472/472/289 471/471/288
f 471/471/288 472/472/289 473/473/290
f 472/472/289 474/474/291 473/473/290
f 473/473/290 474/474/291 475/475/292
f 474/474/291 476/476/293 475/475/292
f 475/475/292 476/476/293 477/477/294
f 476/476/293 478/478/295 477/477/294
f 477/477/294 478/478/295 479/479/296
f 478/478/295 480/480/297 479/479/296
f 479/479/296 480/480/297 481/481/298
f 480/480/297 482/482/299 481/481/298
f 485/483/81 484/484/81 483/485/81
f 484/484/81 486/486/81 483/485/81
f 483/485/81 486/486/81 487/487/81
f 486/486/81 488/488/81 487/487/81
f 487/487/81 488/488/81 489/489/81
f 488/488/81 490/490/81 489/489/81
f 489/489/81 490/490/81 491/491/81
f 490/490/81 492/492/81 491/491/81
f 495/493/300 494/494/301 493/495/302
f 494/494/301 496/496/303 493/495/302
f 493/495/302 496/496/303 497/497/304
f 496/496/303 498/498/305 497/497/304
f 497/497/304 498/498/305 499/499/306
f 498/498/305 500/500/307 499/499/306
f 503/501/308 502/502/309 501/503/310
f 502/502/309 504/504/311 501/503/310
f 501/503/310 504/504/311 505/505/312
f 504/504/311 506/506/313 505/505/312
f 509/507/314 508/508/315 507/509/316
f 508/508/315 510/510/317 507/509/316
f 507/509/316 510/510/317 511/511/318
f 510/510/317 512/512/319 511/511/318
f 511/511/318 512/512/319 513/513/320
f 512/512/319 514/514/321 513/513/320
f 513/513/320 514/514/321 515/515/322
f 514/514/321 516/516/323 515/515/322
f 515/515/322 516/516/323 517/517/324
f 516/516/323 518/518/325 517/517/324
f 517/517/324 518/518/325 519/519/326
f 518/518/325 520/520/327 519/519/326
f 519/519/326 520/520/327 521/521/328
f 520/520/327 522/522/329 521/521/328
f 521/521/328 522/522/329 523/523/330
f 522/522/329 524/524/331 523/523/330
f 527/525/332 526/526/333 525/527/334
f 526/526/333 528/528/335 525/527/334
f 525/527/334 528/528/335 529/358/336
f 528/528/335 530/529/337 529/358/336
f 533/530/81 532/531/181 531/532/81
f 532/531/181 534/533/81 531/532/81
f 531/532/81 534/533/81 535/534/81
f 534/533/81 536/535/81 535/534/81
f 535/534/81 536/535/81 537/536/81
f 536/535/81 538/537/182 537/536/81
f 537/536/81 538/537/182 539/538/81
f 538/537/182 540/539/338 539/538/81
f 543/540/339 542/541/340 541/542/341
f 542/541/340 544/543/342 541/542/341
f 541/542/341 544/543/342 545/544/343
f 544/543/342 546/545/344 545/544/343
f 545/544/343 546/545/344 547/546/345
f 546/545/344 548/547/346 547/546/345
f 547/546/345 548/547/346 549/548/347
f 548/547/346 550/549/348 549/548/347
f 547/546/345 549/548/347 551/550/349
f 549/548/347 550/549/348 552/551/350
f 550/549/348 553/552/351 552/551/350
f 549/548/347 554/553/349 551/550/349
f 549/548/347 552/551/350 554/553/349
f 551/550/349 554/553/349 555/554/352
f 554/553/349 556/555/352 555/554/352
f 554/553/349 557/556/353 556/555/352
f 552/551/350 557/556/353 554/553/349
f 557/556/353 558/557/354 556/555/352
f 552/551/350 553/552/351 559/558/355
f 552/551/350 559/558/355 557/556/353
f 553/552/351 560/559/356 559/558/355
f 559/558/355 561/560/357 557/556/353
f 557/556/353 561/560/357 558/557/354
f 561/560/357 562/561/352 558/557/354
f 565/562/358 564/563/359 563/564/360
f 564/563/359 566/565/361 563/564/360
f 563/564/360 566/565/361 567/566/362
f 566/565/361 568/567/363 567/566/362
f 567/566/362 568/567/363 569/568/364
f 568/567/363 570/569/365 569/568/364
f 569/568/364 570/569/365 571/570/366
f 570/569/365 572/571/367 571/570/366
f 571/570/366 572/571/367 573/572/368
f 572/571/367 574/573/369 573/572/368
f 573/572/368 574/573/369 575/574/370
f 574/573/369 576/575/371 575/574/370
f 575/574/370 576/575/371 577/576/372
f 576/575/371 578/577/373 577/576/372
f 577/576/372 578/577/373 579/578/374
f 578/577/373 580/579/375 579/578/374
f 583/580/376 582/581/377 581/582/378
f 582/581/377 584/583/379 581/582/378
f 581/582/378 584/583/379 585/584/380
f 584/583/379 586/585/381 585/584/380
f 589/586/81 588/587/81 587/588/81
f 588/587/81 590/589/81 587/588/81
f 587/588/81 590/589/81 591/590/81
f 590/589/81 592/591/81 591/590/81
f 591/590/81 592/591/81 593/592/181
f 592/591/81 594/593/81 593/592/181
f 593/592/181 594/593/81 595/594/181
f 594/593/81 596/595/81 595/594/181
f 599/596/382 598/597/383 597/598/384
f 598/597/383 600/599/385 597/598/384
f 597/598/384 600/599/385 601/600/386
f 600/599/385 602/601/387 601/600/386
f 601/600/386 602/601/387 603/602/388
f 602/601/387 604/603/389 603/602/388
f 607/604/390 606/605/391 605/606/390
f 606/605/391 608/607/392 605/606/390
f 605/606/390 608/607/392 609/608/393
f 608/607/392 610/609/394 609/608/393
f 609/608/393 610/609/394 611/610/395
f 610/609/394 612/611/396 611/610/395
f 615/612/397 614/613/398 613/614/399
f 614/613/398 616/615/400 613/614/399
f 613/614/399 616/615/400 617/616/401
f 616/615/400 618/617/402 617/616/401
f 617/616/401 618/617/402 619/618/403
f 618/617/402 620/619/404 619/618/403
f 619/618/403 620/619/404 621/620/405
f 620/619/404 622/621/406 621/620/405
f 621/620/405 622/621/406 623/622/407
f 622/621/406 624/623/408 623/622/407
f 623/622/407 624/623/408 625/624/409
f 624/623/408 626/625/410 625/624/409
f 625/624/409 626/625/410 627/626/411
f 626/625/410 628/627/412 627/626/411
f 627/626/411 628/627/412 629/628/413
f 628/627/412 630/629/414 629/628/413
f 633/630/415 632/631/416 631/632/417
f 632/631/416 634/633/418 631/632/417
f 631/632/417 634/633/418 635/634/419
f 634/633/418 636/635/420 635/634/419
f 639/636/81 638/637/81 637/638/81
f 638/637/81 640/639/81 637/638/81
f 637/638/81 640/639/81 641/640/81
f 640/639/81 642/641/81 641/640/81
f 641/640/81 642/641/81 643/642/81
f 642/641/81 644/643/81 643/642/81
f 643/642/81 644/643/81 645/644/81
f 644/643/81 646/645/81 645/644/81
f 649/646/421 648/647/422 647/648/423
f 648/647/422 650/649/424 647/648/423
f 647/648/423 650/649/424 651/650/425
f 650/649/424 652/651/426 651/650/425
f 651/650/425 652/651/426 653/652/427
f 652/651/426 654/653/428 653/652/427
f 653/652/427 654/653/428 655/654/429
f 654/653/428 656/655/430 655/654/429
f 655/654/429 656/655/430 657/656/431
f 656/655/430 658/657/432 657/656/431
f 657/656/431 658/657/432 659/658/433
f 658/657/432 660/659/434 659/658/433
f 663/660/435 662/661/436 661/662/437
f 662/661/436 664/663/438 661/662/437
f 661/662/437 664/663/438 665/664/439
f 664/663/438 666/665/440 665/664/439
f 665/664/439 666/665/440 667/666/441
f 666/665/440 668/667/442 667/666/441
f 667/666/441 668/667/442 669/668/443
f 668/667/442 670/669/444 669/668/443
f 669/668/443 670/669/444 671/670/445
f 670/669/444 672/671/446 671/670/445
f 671/670/445 672/671/446 673/672/447
f 672/671/446 674/673/448 673/672/447
f 673/672/447 674/673/448 675/674/449
f 674/673/448 676/675/450 675/674/449
f 675/674/449 676/675/450 677/676/451
f 676/675/450 678/677/452 677/676/451
f 681/678/453 680/679/454 679/680/455
f 680/679/454 682/681/456 679/680/455
f 679/680/455 682/681/456 683/682/457
f 682/681/456 684/683/458 683/682/457
f 687/684/459 686/685/81 685/686/181
f 686/685/81 688/687/81 685/686/181
f 685/686/181 688/687/81 689/688/81
f 688/687/81 690/689/81 689/688/81
f 689/688/81 690/689/81 691/690/81
f 690/689/81 692/691/81 691/690/81
f 691/690/81 692/691/81 693/692/81
f 692/691/81 694/693/81 693/692/81
f 697/694/460 696/695/461 695/696/462
f 696/695/461 698/697/463 695/696/462
f 695/696/462 698/697/463 699/698/464
f 698/697/463 700/699/465 699/698/464
f 699/698/464 700/699/465 701/700/466
f 700/699/465 702/701/467 701/700/466
f 705/702/468 704/703/469 703/704/470
f 704/703/469 706/705/471 703/704/470
f 703/704/470 706/705/471 707/706/472
f 706/705/471 704/703/469 708/707/473
f 706/705/471 709/708/474 707/706/472
f 707/706/472 709/708/474 710/709/475
f 709/708/474 711/710/476 710/709/475
f 712/711/477 706/705/471 708/707/473
f 709/708/474 706/705/471 712/711/477
f 712/711/477 708/707/473 713/712/478
f 711/710/476 709/708/474 714/713/479
f 714/713/479 709/708/474 712/711/477
f 715/714/480 711/710/476 714/713/479
f 716/715/481 712/711/477 713/712/478
f 714/713/479 712/711/477 716/715/481
f 716/715/481 713/712/478 717/716/482
f 715/714/480 714/713/479 718/717/483
f 718/717/483 714/713/479 716/715/481
f 719/718/484 715/714/480 718/717/483
f 720/719/485 716/715/481 717/716/482
f 718/717/483 716/715/481 720/719/485
f 720/719/485 717/716/482 721/720/486
f 722/721/487 720/719/485 721/720/486
f 719/718/484 718/717/483 723/722/488
f 723/722/488 718/717/483 720/719/485
f 723/722/488 720/719/485 722/721/487
f 724/723/489 719/718/484 723/722/488
f 725/724/490 723/722/488 722/721/487
f 724/723/489 723/722/488 725/724/490
f 726/725/491 724/723/489 725/724/490
f 729/726/492 728/727/493 727/728/494
f 728/727/493 730/729/495 727/728/494
f 728/727/493 731/730/496 730/729/495
f 727/728/494 730/729/495 732/731/497
f 731/730/496 733/732/498 730/729/495
f 730/729/495 734/733/499 732/731/497
f 730/729/495 733/732/498 734/733/499
f 732/731/497 734/733/499 735/734/500
f 733/732/498 736/735/501 734/733/499
f 734/733/499 737/736/502 735/734/500
f 734/733/499 736/735/501 737/736/502
f 736/735/501 738/737/503 737/736/502
f 741/738/504 740/739/505 739/740/506
f 740/739/505 742/741/507 739/740/506
f 739/740/506 742/741/507 743/742/508
f 740/739/505 744/743/509 742/741/507
f 742/741/507 745/744/510 743/742/508
f 743/742/508 745/744/510 746/745/511
f 745/744/510 747/746/512 746/745/511
f 744/743/509 748/747/513 742/741/507
f 742/741/507 748/747/513 745/744/510
f 744/743/509 749/748/514 748/747/513
f 745/744/510 750/749/515 747/746/512
f 748/747/513 750/749/515 745/744/510
f 750/749/515 751/750/516 747/746/512
f 749/748/514 752/751/517 748/747/513
f 748/747/513 752/751/517 750/749/515
f 749/748/514 753/752/518 752/751/517
f 753/752/518 754/753/519 752/751/517
f 750/749/515 755/754/520 751/750/516
f 752/751/517 755/754/520 750/749/515
f 752/751/517 754/753/519 755/754/520
f 755/754/520 756/755/521 751/750/516
f 754/753/519 757/756/522 755/754/520
f 755/754/520 757/756/522 756/755/521
f 757/756/522 758/757/523 756/755/521
f 761/758/524 760/759/525 759/760/526
f 762/761/527 761/758/524 759/760/526
f 762/761/527 759/760/526 763/762/526
f 764/763/528 761/758/524 762/761/527
f 765/764/524 762/761/527 763/762/526
f 765/764/524 763/762/526 766/765/529
f 767/766/530 765/764/524 766/765/529
f 768/767/528 764/763/528 762/761/527
f 768/767/528 762/761/527 765/764/524
f 769/768/531 764/763/528 768/767/528
f 770/769/528 765/764/524 767/766/530
f 770/769/528 768/767/528 765/764/524
f 771/770/528 770/769/528 767/766/530
f 772/771/532 769/768/531 768/767/528
f 772/771/532 768/767/528 770/769/528
f 773/772/533 769/768/531 772/771/532
f 774/773/534 773/772/533 772/771/532
f 775/774/531 770/769/528 771/770/528
f 775/774/531 772/771/532 770/769/528
f 774/773/534 772/771/532 775/774/531
f 776/775/532 775/774/531 771/770/528
f 777/776/534 774/773/534 775/774/531
f 777/776/534 775/774/531 776/775/532
f 778/777/535 777/776/534 776/775/532
f 781/778/536 780/779/537 779/780/538
f 782/781/539 781/778/536 779/780/538
f 782/781/539 779/780/538 783/782/540
f 784/783/541 781/778/536 782/781/539
f 785/784/542 782/781/539 783/782/540
f 785/784/542 783/782/540 786/785/543
f 787/786/544 785/784/542 786/785/543
f 788/787/545 784/783/541 782/781/539
f 788/787/545 782/781/539 785/784/542
f 789/788/546 784/783/541 788/787/545
f 790/789/547 785/784/542 787/786/544
f 790/789/547 788/787/545 785/784/542
f 791/790/548 790/789/547 787/786/544
f 792/791/549 789/788/546 788/787/545
f 792/791/549 788/787/545 790/789/547
f 793/792/550 789/788/546 792/791/549
f 794/793/551 793/792/550 792/791/549
f 795/794/552 790/789/547 791/790/548
f 795/794/552 792/791/549 790/789/547
f 794/793/551 792/791/549 795/794/552
f 796/795/553 795/794/552 791/790/548
f 797/796/554 794/793/551 795/794/552
f 797/796/554 795/794/552 796/795/553
f 798/797/555 797/796/554 796/795/553
f 801/798/556 800/799/557 799/800/558
f 800/799/557 802/801/559 799/800/558
f 800/799/557 803/802/560 802/801/559
f 799/800/558 802/801/559 804/803/561
f 803/802/560 805/804/562 802/801/559
f 802/801/559 806/805/563 804/803/561
f 802/801/559 805/804/562 806/805/563
f 804/803/561 806/805/563 807/806/564
f 805/804/562 808/807/565 806/805/563
f 806/805/563 809/808/566 807/806/564
f 806/805/563 808/807/565 809/808/566
f 808/807/565 810/809/567 809/808/566
f 813/810/568 812/811/569 811/812/570
f 812/811/569 814/813/571 811/812/570
f 811/812/570 814/813/571 815/814/572
f 812/811/569 816/815/573 814/813/571
f 814/813/571 817/816/574 815/814/572
f 815/814/572 817/816/574 818/817/575
f 817/816/574 819/818/576 818/817/575
f 816/815/573 820/819/577 814/813/571
f 814/813/571 820/819/577 817/816/574
f 816/815/573 821/820/578 820/819/577
f 817/816/574 822/821/579 819/818/576
f 820/819/577 822/821/579 817/816/574
f 822/821/579 823/822/580 819/818/576
f 821/820/578 824/823/581 820/819/577
f 820/819/577 824/823/581 822/821/579
f 821/820/578 825/824/582 824/823/581
f 825/824/582 826/825/583 824/823/581
f 822/821/579 827/826/584 823/822/580
f 824/823/581 827/826/584 822/821/579
f 824/823/581 826/825/583 827/826/584
f 827/826/584 828/827/585 823/822/580
f 826/825/583 829/828/586 827/826/584
f 827/826/584 829/828/586 828/827/585
f 829/828/586 830/829/587 828/827/585
f 833/830/588 832/831/589 831/832/590
f 832/831/589 834/833/591 831/832/590
f 831/832/590 834/833/591 835/834/592
f 832/831/589 836/835/593 834/833/591
f 834/833/591 837/836/594 835/834/592
f 835/834/592 837/836/594 838/837/595
f 837/836/594 839/838/596 838/837/595
f 836/835/593 840/839/597 834/833/591
f 834/833/591 840/839/597 837/836/594
f 836/835/593 841/840/598 840/839/597
f 837/836/594 842/841/599 839/838/596
f 840/839/597 842/841/599 837/836/594
f 842/841/599 843/842/600 839/838/596
f 841/840/598 844/843/601 840/839/597
f 840/839/597 844/843/601 842/841/599
f 841/840/598 845/844/602 844/843/601
f 845/844/602 846/845/603 844/843/601
f 842/841/599 847/846/604 843/842/600
f 844/843/601 847/846/604 842/841/599
f 844/843/601 846/845/603 847/846/604
f 847/846/604 848/847/605 843/842/600
f 846/845/603 849/848/606 847/846/604
f 847/846/604 849/848/606 848/847/605
f 849/848/606 850/849/607 848/847/605
f 853/850/608 852/851/609 851/852/610
f 854/853/611 853/850/608 851/852/610
f 855/854/612 853/850/608 854/853/611
f 854/853/611 851/852/610 856/855/613
f 857/856/612 855/854/612 854/853/611
f 858/857/608 854/853/611 856/855/613
f 857/856/612 854/853/611 858/857/608
f 858/857/608 856/855/613 859/858/609
f 860/859/612 857/856/612 858/857/608
f 861/860/608 858/857/608 859/858/609
f 860/859/612 858/857/608 861/860/608
f 862/861/612 860/859/612 861/860/608
f 865/862/614 864/863/615 863/864/616
f 866/865/617 865/862/614 863/864/616
f 866/865/617 863/864/616 867/866/618
f 868/867/619 865/862/614 866/865/617
f 869/868/620 866/865/617 867/866/618
f 869/868/620 867/866/618 870/869/621
f 871/870/622 869/868/620 870/869/621
f 872/871/623 868/867/619 866/865/617
f 872/871/623 866/865/617 869/868/620
f 873/872/624 868/867/619 872/871/623
f 874/873/625 869/868/620 871/870/622
f 874/873/625 872/871/623 869/868/620
f 875/874/626 874/873/625 871/870/622
f 876/875/627 873/872/624 872/871/623
f 876/875/627 872/871/623 874/873/625
f 877/876/628 873/872/624 876/875/627
f 878/877/629 877/876/628 876/875/627
f 879/878/630 874/873/625 875/874/626
f 879/878/630 876/875/627 874/873/625
f 878/877/629 876/875/627 879/878/630
f 880/879/631 879/878/630 875/874/626
f 881/880/632 878/877/629 879/878/630
f 881/880/632 879/878/630 880/879/631
f 882/881/633 881/880/632 880/879/631
f 885/882/634 884/883/635 883/884/636
f 884/883/635 886/885/637 883/884/636
f 884/883/635 887/886/638 886/885/637
f 883/884/636 886/885/637 888/887/639
f 887/886/638 889/888/640 886/885/637
f 886/885/637 890/889/641 888/887/639
f 886/885/637 889/888/640 890/889/641
f 888/887/639 890/889/641 891/890/642
f 889/888/640 892/891/643 890/889/641
f 890/889/641 893/892/644 891/890/642
f 890/889/641 892/891/643 893/892/644
f 892/891/643 894/893/645 893/892/644
f 897/894/646 896/895/647 895/896/648
f 896/895/647 898/897/649 895/896/648
f 895/896/648 898/897/649 899/898/650
f 896/895/647 900/899/651 898/897/649
f 898/897/649 901/900/652 899/898/650
f 899/898/650 901/900/652 902/901/653
f 901/900/652 903/902/654 902/901/653
f 900/899/651 904/903/655 898/897/649
f 898/897/649 904/903/655 901/900/652
f 900/899/651 905/904/656 904/903/655
f 901/900/652 906/905/657 903/902/654
f 904/903/655 906/905/657 901/900/652
f 906/905/657 907/906/658 903/902/654
f 905/904/656 908/907/659 904/903/655
f 904/903/655 908/907/659 906/905/657
f 905/904/656 909/908/660 908/907/659
f 909/908/660 910/909/661 908/907/659
f 906/905/657 911/910/662 907/906/658
f 908/907/659 911/910/662 906/905/657
f 908/907/659 910/909/661 911/910/662
f 911/910/662 912/911/663 907/906/658
f 910/909/661 913/912/664 911/910/662
f 911/910/662 913/912/664 912/911/663
f 913/912/664 914/913/665 912/911/663
f 917/914/666 916/915/667 915/916/668
f 918/917/666 917/914/666 915/916/668
f 918/917/666 915/916/668 919/918/668
f 920/919/669 917/914/666 918/917/666
f 921/920/670 918/917/666 919/918/668
f 921/920/670 919/918/668 922/921/667
f 923/922/666 921/920/670 922/921/667
f 924/923/669 920/919/669 918/917/666
f 924/923/669 918/917/666 921/920/670
f 925/924/671 920/919/669 924/923/669
f 926/925/669 921/920/670 923/922/666
f 926/925/669 924/923/669 921/920/670
f 927/926/669 926/925/669 923/922/666
f 928/927/672 925/924/671 924/923/669
f 928/927/672 924/923/669 926/925/669
f 929/928/673 925/924/671 928/927/672
f 930/929/674 929/928/673 928/927/672
f 931/930/671 926/925/669 927/926/669
f 931/930/671 928/927/672 926/925/669
f 930/929/674 928/927/672 931/930/671
f 932/931/671 931/930/671 927/926/669
f 933/932/673 930/929/674 931/930/671
f 933/932/673 931/930/671 932/931/671
f 934/933/674 933/932/673 932/931/671
f 937/934/675 936/935/676 935/936/677
f 938/937/678 937/934/675 935/936/677
f 938/937/678 935/936/677 939/938/679
f 940/939/680 937/934/675 938/937/678
f 941/940/681 938/937/678 939/938/679
f 941/940/681 939/938/679 942/941/682
f 943/942/683 941/940/681 942/941/682
f 944/943/684 940/939/680 938/937/678
f 944/943/684 938/937/678 941/940/681
f 945/944/685 940/939/680 944/943/684
f 946/945/686 941/940/681 943/942/683
f 946/945/686 944/943/684 941/940/681
f 947/946/687 946/945/686 943/942/683
f 948/947/688 945/944/685 944/943/684
f 948/947/688 944/943/684 946/945/686
f 949/948/689 945/944/685 948/947/688
f 950/949/690 949/948/689 948/947/688
f 951/950/691 946/945/686 947/946/687
f 951/950/691 948/947/688 946/945/686
f 950/949/690 948/947/688 951/950/691
f 952/951/692 951/950/691 947/946/687
f 953/952/693 950/949/690 951/950/691
f 953/952/693 951/950/691 952/951/692
f 954/953/694 953/952/693 952/951/692
f 957/954/695 956/955/696 955/956/697
f 956/955/696 958/957/698 955/956/697
f 956/955/696 959/958/699 958/957/698
f 955/956/697 958/957/698 960/959/700
f 959/958/699 961/960/701 958/957/698
f 958/957/698 962/961/702 960/959/700
f 958/957/698 961/960/701 962/961/702
f 960/959/700 962/961/702 963/962/703
f 961/960/701 964/963/704 962/961/702
f 962/961/702 965/964/705 963/962/703
f 962/961/702 964/963/704 965/964/705
f 964/963/704 966/965/706 965/964/705
f 969/966/707 968/967/708 967/968/709
f 968/967/708 970/969/710 967/968/709
f 967/968/709 970/969/710 971/970/711
f 968/967/708 972/971/712 970/969/710
f 970/969/710 973/972/713 971/970/711
f 971/970/711 973/972/713 974/973/714
f 973/972/713 975/974/715 974/973/714
f 972/971/712 976/975/716 970/969/710
f 970/969/710 976/975/716 973/972/713
f 972/971/712 977/976/717 976/975/716
f 973/972/713 978/977/718 975/974/715
f 976/975/716 978/977/718 973/972/713
f 978/977/718 979/978/719 975/974/715
f 977/976/717 980/979/720 976/975/716
f 976/975/716 980/979/720 978/977/718
f 977/976/717 981/980/721 980/979/720
f 981/980/721 982/981/722 980/979/720
f 978/977/718 983/982/723 979/978/719
f 980/979/720 983/982/723 978/977/718
f 980/979/720 982/981/722 983/982/723
f 983/982/723 984/983/724 979/978/719
f 982/981/722 985/984/725 983/982/723
f 983/982/723 985/984/725 984/983/724
f 985/984/725 986/985/726 984/983/724
f 989/986/727 988/987/728 987/988/729
f 988/987/728 990/989/730 987/988/729
f 987/988/729 990/989/730 991/990/731
f 988/987/728 992/991/732 990/989/730
f 990/989/730 993/992/733 991/990/731
f 991/990/731 993/992/733 994/993/734
f 993/992/733 995/994/735 994/993/734
f 992/991/732 996/995/736 990/989/730
f 990/989/730 996/995/736 993/992/733
f 992/991/732 997/996/737 996/995/736
f 993/992/733 998/997/738 995/994/735
f 996/995/736 998/997/738 993/992/733
f 998/997/738 999/998/739 995/994/735
f 997/996/737 1000/999/740 996/995/736
f 996/995/736 1000/999/740 998/997/738
f 997/996/737 1001/1000/741 1000/999/740
f 1001/1000/741 1002/1001/742 1000/999/740
f 998/997/738 1003/1002/743 999/998/739
f 1000/999/740 1003/1002/743 998/997/738
f 1000/999/740 1002/1001/742 1003/1002/743
f 1003/1002/743 1004/1003/744 999/998/739
f 1002/1001/742 1005/1004/745 1003/1002/743
f 1003/1002/743 1005/1004/745 1004/1003/744
f 1005/1004/745 1006/1005/746 1004/1003/744
f 1009/1006/747 1008/1007/748 1007/1008/749
f 1010/1009/750 1009/1006/747 1007/1008/749
f 1010/1009/750 1007/1008/749 1011/1010/751
f 1012/1011/752 1009/1006/747 1010/1009/750
f 1013/1012/753 1010/1009/750 1011/1010/751
f 1013/1012/753 1011/1010/751 1014/1013/754
f 1015/1014/755 1013/1012/753 1014/1013/754
f 1016/1015/756 1012/1011/752 1010/1009/750
f 1016/1015/756 1010/1009/750 1013/1012/753
f 1017/1016/757 1012/1011/752 1016/1015/756
f 1018/1017/758 1013/1012/753 1015/1014/755
f 1018/1017/758 1016/1015/756 1013/1012/753
f 1019/1018/759 1018/1017/758 1015/1014/755
f 1020/1019/760 1017/1016/757 1016/1015/756
f 1020/1019/760 1016/1015/756 1018/1017/758
f 1021/1020/761 1017/1016/757 1020/1019/760
f 1022/1021/762 1021/1020/761 1020/1019/760
f 1023/1022/763 1018/1017/758 1019/1018/759
f 1023/1022/763 1020/1019/760 1018/1017/758
f 1022/1021/762 1020/1019/760 1023/1022/763
f 1024/1023/764 1023/1022/763 1019/1018/759
f 1025/1024/765 1022/1021/762 1023/1022/763
f 1025/1024/765 1023/1022/763 1024/1023/764
f 1026/1025/766 1025/1024/765 1024/1023/764
f 1029/1026/767 1028/1027/768 1027/1028/768
f 1030/1029/767 1029/1026/767 1027/1028/768
f 1031/1030/769 1029/1026/767 1030/1029/767
f 1030/1029/767 1027/1028/768 1032/1031/768
f 1033/1032/770 1031/1030/769 1030/1029/767
f 1034/1033/767 1030/1029/767 1032/1031/768
f 1033/1032/770 1030/1029/767 1034/1033/767
f 1034/1033/767 1032/1031/768 1035/1034/768
f 1036/1035/770 1033/1032/770 1034/1033/767
f 1037/1036/767 1034/1033/767 1035/1034/768
f 1036/1035/770 1034/1033/767 1037/1036/767
f 1038/1037/770 1036/1035/770 1037/1036/767
f 1041/1038/771 1040/1039/771 1039/1040/771
f 1040/1039/771 1042/1041/772 1039/1040/771
f 1040/1039/771 1043/1042/771 1042/1041/772
f 1039/1040/771 1042/1041/772 1044/1043/773
f 1043/1042/771 1045/1044/772 1042/1041/772
f 1043/1042/771 1046/1045/771 1045/1044/772
f 1046/1045/771 1047/1046/771 1045/1044/772
f 1042/1041/772 1045/1044/772 1048/1047/774
f 1042/1041/772 1048/1047/774 1044/1043/773
f 1045/1044/772 1047/1046/771 1049/1048/775
f 1045/1044/772 1049/1048/775 1048/1047/774
f 1047/1046/771 1050/1049/776 1049/1048/775
f 1050/1049/776 1051/1050/777 1049/1048/775
f 1051/1050/777 1052/1051/778 1049/1048/775
f 1049/1048/775 1052/1051/778 1048/1047/774
f 1052/1051/778 1053/1052/779 1048/1047/774
f 1048/1047/774 1053/1052/779 1044/1043/773
f 1053/1052/779 1054/1053/780 1044/1043/773
f 1044/1043/773 1054/1053/780 1055/1054/781
f 1054/1053/780 1056/1055/782 1055/1054/781
f 1055/1054/781 1056/1055/782 1057/1056/783
f 1056/1055/782 1058/1057/784 1057/1056/783
f 1057/1056/783 1058/1057/784 1059/1058/785
f 1058/1057/784 1060/1059/786 1059/1058/785
f 1063/1060/787 1062/1061/788 1061/1062/789
f 1062/1061/788 1064/1063/790 1061/1062/789
f 1062/1061/788 1065/611/791 1064/1063/790
f 1061/1062/789 1064/1063/790 1066/1064/792
f 1065/611/791 1067/1065/793 1064/1063/790
f 1064/1063/790 1068/1066/794 1066/1064/792
f 1064/1063/790 1067/1065/793 1068/1066/794
f 1066/1064/792 1068/1066/794 1069/1067/795
f 1067/1065/793 1070/1068/796 1068/1066/794
f 1068/1066/794 1071/1069/797 1069/1067/795
f 1068/1066/794 1070/1068/796 1071/1069/797
f 1070/1068/796 1072/1070/798 1071/1069/797
f 1075/1071/799 1074/1072/800 1073/1073/801
f 1074/1072/800 1076/1074/802 1073/1073/801
f 1073/1073/801 1076/1074/802 1077/1075/803
f 1074/1072/800 1078/1076/804 1076/1074/802
f 1076/1074/802 1079/1077/805 1077/1075/803
f 1077/1075/803 1079/1077/805 1080/1078/806
f 1079/1077/805 1081/1079/807 1080/1078/806
f 1078/1076/804 1082/1080/808 1076/1074/802
f 1076/1074/802 1082/1080/808 1079/1077/805
f 1078/1076/804 1083/1081/809 1082/1080/808
f 1079/1077/805 1084/1082/810 1081/1079/807
f 1082/1080/808 1084/1082/810 1079/1077/805
f 1084/1082/810 1085/1083/811 1081/1079/807
f 1083/1081/809 1086/1084/812 1082/1080/808
f 1082/1080/808 1086/1084/812 1084/1082/810
f 1083/1081/809 1087/1085/813 1086/1084/812
f 1087/1085/813 1088/1086/814 1086/1084/812
f 1084/1082/810 1089/1087/815 1085/1083/811
f 1086/1084/812 1089/1087/815 1084/1082/810
f 1086/1084/812 1088/1086/814 1089/1087/815
f 1089/1087/815 1090/1088/816 1085/1083/811
f 1088/1086/814 1091/1089/817 1089/1087/815
f 1089/1087/815 1091/1089/817 1090/1088/816
f 1091/1089/817 1092/1090/818 1090/1088/816
f 1095/1091/819 1094/1092/820 1093/1093/820
f 1096/1094/821 1095/1091/819 1093/1093/820
f 1096/1094/821 1093/1093/820 1097/1095/822
f 1098/1096/823 1095/1091/819 1096/1094/821
f 1099/1097/824 1096/1094/821 1097/1095/822
f 1099/1097/824 1097/1095/822 1100/1098/822
f 1101/1099/824 1099/1097/824 1100/1098/822
f 1102/1100/823 1098/1096/823 1096/1094/821
f 1102/1100/823 1096/1094/821 1099/1097/824
f 1103/1101/825 1098/1096/823 1102/1100/823
f 1104/1102/823 1099/1097/824 1101/1099/824
f 1104/1102/823 1102/1100/823 1099/1097/824
f 1105/1103/823 1104/1102/823 1101/1099/824
f 1106/1104/826 1103/1101/825 1102/1100/823
f 1106/1104/826 1102/1100/823 1104/1102/823
f 1107/1105/827 1103/1101/825 1106/1104/826
f 1108/1106/828 1107/1105/827 1106/1104/826
f 1109/1107/826 1104/1102/823 1105/1103/823
f 1109/1107/826 1106/1104/826 1104/1102/823
f 1108/1106/828 1106/1104/826 1109/1107/826
f 1110/1108/829 1109/1107/826 1105/1103/823
f 1111/1109/830 1108/1106/828 1109/1107/826
f 1111/1109/830 1109/1107/826 1110/1108/829
f 1112/1110/828 1111/1109/830 1110/1108/829
f 1115/1111/831 1114/1112/832 1113/1113/833
f 1116/1114/834 1115/1111/831 1113/1113/833
f 1116/1114/834 1113/1113/833 1117/1115/835
f 1118/1116/836 1115/1111/831 1116/1114/834
f 1119/1117/837 1116/1114/834 1117/1115/835
f 1119/1117/837 1117/1115/835 1120/1118/838
f 1121/1119/839 1119/1117/837 1120/1118/838
f 1122/1120/840 1118/1116/836 1116/1114/834
f 1122/1120/840 1116/1114/834 1119/1117/837
f 1123/1121/841 1118/1116/836 1122/1120/840
f 1124/1122/842 1119/1117/837 1121/1119/839
f 1124/1122/842 1122/1120/840 1119/1117/837
f 1125/1123/843 1124/1122/842 1121/1119/839
f 1126/1124/844 1123/1121/841 1122/1120/840
f 1126/1124/844 1122/1120/840 1124/1122/842
f 1127/1125/845 1123/1121/841 1126/1124/844
f 1128/1126/846 1127/1125/845 1126/1124/844
f 1129/1127/847 1124/1122/842 1125/1123/843
f 1129/1127/847 1126/1124/844 1124/1122/842
f 1128/1126/846 1126/1124/844 1129/1127/847
f 1130/1128/848 1129/1127/847 1125/1123/843
f 1131/1129/849 1128/1126/846 1129/1127/847
f 1131/1129/849 1129/1127/847 1130/1128/848
f 1132/1130/850 1131/1129/849 1130/1128/848
f 1135/1131/851 1134/1132/852 1133/1133/853
f 1134/1132/852 1136/1134/854 1133/1133/853
f 1134/1132/852 1137/1135/855 1136/1134/854
f 1133/1133/853 1136/1134/854 1138/1136/856
f 1137/1135/855 1139/1137/857 1136/1134/854
f 1136/1134/854 1140/1138/858 1138/1136/856
f 1136/1134/854 1139/1137/857 1140/1138/858
f 1138/1136/856 1140/1138/858 1141/1139/859
f 1139/1137/857 1142/1140/860 1140/1138/858
f 1140/1138/858 1143/1141/861 1141/1139/859
f 1140/1138/858 1142/1140/860 1143/1141/861
f 1142/1140/860 1144/1142/862 1143/1141/861
f 1147/1143/863 1146/1144/864 1145/1145/865
f 1146/1144/864 1148/1146/866 1145/1145/865
f 1145/1145/865 1148/1146/866 1149/1147/867
f 1146/1144/864 1150/1148/868 1148/1146/866
f 1148/1146/866 1151/1149/869 1149/1147/867
f 1149/1147/867 1151/1149/869 1152/1150/870
f 1150/1148/868 1153/1151/871 1148/1146/866
f 1148/1146/866 1153/1151/871 1151/1149/869
f 1150/1148/868 1154/1152/872 1153/1151/871
f 1154/1152/872 1155/1153/873 1153/1151/871
f 1153/1151/871 1155/1153/873 1156/1154/874
f 1153/1151/871 1156/1154/874 1151/1149/869
f 1155/1153/873 1157/1155/875 1156/1154/874
f 1151/1149/869 1158/1156/876 1152/1150/870
f 1151/1149/869 1156/1154/874 1158/1156/876
f 1152/1150/870 1158/1156/876 1159/1157/877
f 1158/1156/876 1160/1158/878 1159/1157/877
f 1156/1154/874 1157/1155/875 1161/1159/879
f 1156/1154/874 1161/1159/879 1158/1156/876
f 1158/1156/876 1161/1159/879 1160/1158/878
f 1157/1155/875 1162/1160/880 1161/1159/879
f 1161/1159/879 1163/1161/881 1160/1158/878
f 1161/1159/879 1162/1160/880 1163/1161/881
f 1162/1160/880 1164/1162/882 1163/1161/881
f 1167/1163/883 1166/1164/884 1165/1165/885
f 1168/1166/886 1167/1163/883 1165/1165/885
f 1168/1166/886 1165/1165/885 1169/750/887
f 1170/1167/888 1167/1163/883 1168/1166/886
f 1171/1168/889 1168/1166/886 1169/750/887
f 1171/1168/889 1169/750/887 1172/1169/890
f 1173/1170/891 1170/1167/888 1168/1166/886
f 1173/1170/891 1168/1166/886 1171/1168/889
f 1174/1171/892 1170/1167/888 1173/1170/891
f 1175/1172/893 1174/1171/892 1173/1170/891
f 1175/1172/893 1173/1170/891 1176/1173/894
f 1176/1173/894 1173/1170/891 1171/1168/889
f 1177/1174/895 1175/1172/893 1176/1173/894
f 1178/1175/896 1171/1168/889 1172/1169/890
f 1176/1173/894 1171/1168/889 1178/1175/896
f 1178/1175/896 1172/1169/890 1179/1176/897
f 1180/1177/898 1178/1175/896 1179/1176/897
f 1177/1174/895 1176/1173/894 1181/1178/899
f 1181/1178/899 1176/1173/894 1178/1175/896
f 1181/1178/899 1178/1175/896 1180/1177/898
f 1182/1179/900 1177/1174/895 1181/1178/899
f 1183/1180/901 1181/1178/899 1180/1177/898
f 1182/1179/900 1181/1178/899 1183/1180/901
f 1184/1181/902 1182/1179/900 1183/1180/901
f 1187/1182/903 1186/1183/904 1185/1184/905
f 1186/1183/904 1188/1185/905 1185/1184/905
f 1185/1184/905 1188/1185/905 1189/1186/906
f 1186/1183/904 1190/1187/903 1188/1185/905
f 1188/1185/905 1191/1188/906 1189/1186/906
f 1190/1187/903 1192/1189/905 1188/1185/905
f 1188/1185/905 1192/1189/905 1191/1188/906
f 1190/1187/903 1193/1190/907 1192/1189/905
f 1192/1189/905 1194/1191/906 1191/1188/906
f 1193/1190/907 1195/1192/908 1192/1189/905
f 1192/1189/905 1195/1192/908 1194/1191/906
f 1195/1192/908 1196/1030/906 1194/1191/906
f 1199/113/909 1198/1193/910 1197/1194/911
f 1198/1193/910 1200/1195/912 1197/1194/911
f 1197/1194/911 1200/1195/912 1201/1196/913
f 1198/1193/910 1202/1197/910 1200/1195/912
f 1200/1195/912 1203/1198/914 1201/1196/913
f 1202/1197/910 1204/1199/912 1200/1195/912
f 1200/1195/912 1204/1199/912 1203/1198/914
f 1202/1197/910 1205/1200/910 1204/1199/912
f 1204/1199/912 1206/1201/915 1203/1198/914
f 1205/1200/910 1207/1202/912 1204/1199/912
f 1204/1199/912 1207/1202/912 1206/1201/915
f 1207/1202/912 1208/1203/915 1206/1201/915
f 1211/1204/916 1210/1205/917 1209/1206/918
f 1212/1207/919 1211/1204/916 1209/1206/918
f 1212/1207/919 1209/1206/918 1213/1208/920
f 1214/1209/921 1211/1204/916 1212/1207/919
f 1215/1210/922 1212/1207/919 1213/1208/920
f 1216/1211/923 1214/1209/921 1212/1207/919
f 1216/1211/923 1212/1207/919 1215/1210/922
f 1217/1212/924 1214/1209/921 1216/1211/923
f 1218/1213/925 1216/1211/923 1215/1210/922
f 1219/1214/926 1217/1212/924 1216/1211/923
f 1219/1214/926 1216/1211/923 1218/1213/925
f 1220/1215/927 1219/1214/926 1218/1213/925
f 1223/1216/928 1222/1217/929 1221/1218/930
f 1224/1219/931 1223/1216/928 1221/1218/930
f 1224/1219/931 1221/1218/930 1225/1220/932
f 1226/1221/933 1223/1216/928 1224/1219/931
f 1227/1222/934 1224/1219/931 1225/1220/932
f 1228/1223/935 1226/1221/933 1224/1219/931
f 1228/1223/935 1224/1219/931 1227/1222/934
f 1229/1224/936 1226/1221/933 1228/1223/935
f 1230/1225/937 1228/1223/935 1227/1222/934
f 1231/1226/938 1229/1224/936 1228/1223/935
f 1231/1226/938 1228/1223/935 1230/1225/937
f 1232/1227/939 1231/1226/938 1230/1225/937
f 1235/1228/940 1234/1229/941 1233/1230/942
f 1234/1229/941 1236/1231/942 1233/1230/942
f 1233/1230/942 1236/1231/942 1237/1232/113
f 1234/1229/941 1238/1233/943 1236/1231/942
f 1236/1231/942 1239/1234/113 1237/1232/113
f 1237/1232/113 1239/1234/113 1240/1235/944
f 1238/1233/943 1241/1236/942 1236/1231/942
f 1236/1231/942 1241/1236/942 1239/1234/113
f 1238/1233/943 1242/1237/945 1241/1236/942
f 1242/1237/945 1243/1238/940 1241/1236/942
f 1241/1236/942 1243/1238/940 1244/1239/113
f 1241/1236/942 1244/1239/113 1239/1234/113
f 1243/1238/940 1245/1240/113 1244/1239/113
f 1239/1234/113 1246/1241/946 1240/1235/944
f 1239/1234/113 1244/1239/113 1246/1241/946
f 1240/1235/944 1246/1241/946 1247/1242/947
f 1246/1241/946 1248/1243/947 1247/1242/947
f 1244/1239/113 1245/1240/113 1249/1244/948
f 1244/1239/113 1249/1244/948 1246/1241/946
f 1246/1241/946 1249/1244/948 1248/1243/947
f 1245/1240/113 1250/1245/946 1249/1244/948
f 1249/1244/948 1251/1246/949 1248/1243/947
f 1249/1244/948 1250/1245/946 1251/1246/949
f 1250/1245/946 1252/1247/947 1251/1246/949
f 1255/1248/950 1254/1249/951 1253/1250/952
f 1254/1249/951 1256/1251/953 1253/1250/952
f 1253/1250/952 1256/1251/953 1257/1252/954
f 1254/1249/951 1258/1253/955 1256/1251/953
f 1256/1251/953 1259/1254/956 1257/1252/954
f 1257/1252/954 1259/1254/956 1260/1255/957
f 1259/1254/956 1261/1256/958 1260/1255/957
f 1258/1253/955 1262/1257/959 1256/1251/953
f 1256/1251/953 1262/1257/959 1259/1254/956
f 1258/1253/955 1263/1258/960 1262/1257/959
f 1259/1254/956 1264/1259/961 1261/1256/958
f 1262/1257/959 1264/1259/961 1259/1254/956
f 1264/1259/961 1265/1260/962 1261/1256/958
f 1263/1258/960 1266/1261/963 1262/1257/959
f 1262/1257/959 1266/1261/963 1264/1259/961
f 1263/1258/960 1267/1262/964 1266/1261/963
f 1267/1262/964 1268/1263/965 1266/1261/963
f 1264/1259/961 1269/1264/966 1265/1260/962
f 1266/1261/963 1269/1264/966 1264/1259/961
f 1266/1261/963 1268/1263/965 1269/1264/966
f 1269/1264/966 1270/1265/967 1265/1260/962
f 1268/1263/965 1271/1266/968 1269/1264/966
f 1269/1264/966 1271/1266/968 1270/1265/967
f 1271/1266/968 1272/1267/969 1270/1265/967
f 1275/1268/970 1274/1269/971 1273/1270/972
f 1276/1271/973 1275/1268/970 1273/1270/972
f 1276/1271/973 1273/1270/972 1277/1272/974
f 1278/1273/975 1275/1268/970 1276/1271/973
f 1279/1274/976 1276/1271/973 1277/1272/974
f 1279/1274/976 1277/1272/974 1280/1275/977
f 1281/1276/978 1279/1274/976 1280/1275/977
f 1282/1277/979 1278/1273/975 1276/1271/973
f 1282/1277/979 1276/1271/973 1279/1274/976
f 1283/1278/980 1278/1273/975 1282/1277/979
f 1284/1279/981 1279/1274/976 1281/1276/978
f 1284/1279/981 1282/1277/979 1279/1274/976
f 1285/1280/982 1284/1279/981 1281/1276/978
f 1286/1281/983 1283/1278/980 1282/1277/979
f 1286/1281/983 1282/1277/979 1284/1279/981
f 1287/1282/984 1283/1278/980 1286/1281/983
f 1288/1283/985 1287/1282/984 1286/1281/983
f 1289/1284/986 1284/1279/981 1285/1280/982
f 1289/1284/986 1286/1281/983 1284/1279/981
f 1288/1283/985 1286/1281/983 1289/1284/986
f 1290/1285/987 1289/1284/986 1285/1280/982
f 1291/1286/988 1288/1283/985 1289/1284/986
f 1291/1286/988 1289/1284/986 1290/1285/987
f 1292/1287/989 1291/1286/988 1290/1285/987
f 1295/1288/990 1294/1289/991 1293/1290/992
f 1296/1291/993 1295/1288/990 1293/1290/992
f 1296/1291/993 1293/1290/992 1297/1292/994
f 1298/1293/995 1295/1288/990 1296/1291/993
f 1299/1294/996 1296/1291/993 1297/1292/994
f 1299/1294/996 1297/1292/994 1300/1295/997
f 1301/1296/998 1298/1293/995 1296/1291/993
f 1301/1296/998 1296/1291/993 1299/1294/996
f 1302/1297/999 1298/1293/995 1301/1296/998
f 1303/1298/1000 1302/1297/999 1301/1296/998
f 1303/1298/1000 1301/1296/998 1304/1299/1001
f 1304/1299/1001 1301/1296/998 1299/1294/996
f 1305/1300/1002 1303/1298/1000 1304/1299/1001
f 1306/1301/1003 1299/1294/996 1300/1295/997
f 1304/1299/1001 1299/1294/996 1306/1301/1003
f 1306/1301/1003 1300/1295/997 1307/1302/1004
f 1308/1303/1005 1306/1301/1003 1307/1302/1004
f 1305/1300/1002 1304/1299/1001 1309/1304/1006
f 1309/1304/1006 1304/1299/1001 1306/1301/1003
f 1309/1304/1006 1306/1301/1003 1308/1303/1005
f 1310/1305/1007 1305/1300/1002 1309/1304/1006
f 1311/1306/1008 1309/1304/1006 1308/1303/1005
f 1310/1305/1007 1309/1304/1006 1311/1306/1008
f 1312/1307/1009 1310/1305/1007 1311/1306/1008
f 1315/1308/1010 1314/1309/1011 1313/1310/1012
f 1314/1309/1011 1316/1311/1013 1313/1310/1012
f 1313/1310/1012 1316/1311/1013 1317/1312/1014
f 1314/1309/1011 1318/1313/1015 1316/1311/1013
f 1316/1311/1013 1319/1314/1016 1317/1312/1014
f 1317/1312/1014 1319/1314/1016 1320/1315/1017
f 1318/1313/1015 1321/1316/1018 1316/1311/1013
f 1316/1311/1013 1321/1316/1018 1319/1314/1016
f 1318/1313/1015 1322/1317/1019 1321/1316/1018
f 1322/1317/1019 1323/1318/1020 1321/1316/1018
f 1321/1316/1018 1323/1318/1020 1324/1319/1021
f 1321/1316/1018 1324/1319/1021 1319/1314/1016
f 1323/1318/1020 1325/1320/1022 1324/1319/1021
f 1319/1314/1016 1326/1321/1023 1320/1315/1017
f 1319/1314/1016 1324/1319/1021 1326/1321/1023
f 1320/1315/1017 1326/1321/1023 1327/1322/1024
f 1326/1321/1023 1328/1323/1025 1327/1322/1024
f 1324/1319/1021 1325/1320/1022 1329/1324/1026
f 1324/1319/1021 1329/1324/1026 1326/1321/1023
f 1326/1321/1023 1329/1324/1026 1328/1323/1025
f 1325/1320/1022 1330/1325/1027 1329/1324/1026
f 1329/1324/1026 1331/1326/1028 1328/1323/1025
f 1329/1324/1026 1330/1325/1027 1331/1326/1028
f 1330/1325/1027 1332/1327/1029 1331/1326/1028
f 1335/1328/1030 1334/1329/1031 1333/1330/1032
f 1334/1329/1031 1336/1331/1032 1333/1330/1032
f 1333/1330/1032 1336/1331/1032 1337/861/1033
f 1334/1329/1031 1338/1332/1034 1336/1331/1032
f 1336/1331/1032 1339/1333/1033 1337/861/1033
f 1338/1332/1034 1340/1334/1032 1336/1331/1032
f 1336/1331/1032 1340/1334/1032 1339/1333/1033
f 1338/1332/1034 1341/1335/1034 1340/1334/1032
f 1340/1334/1032 1342/1336/1033 1339/1333/1033
f 1341/1335/1034 1343/1337/1032 1340/1334/1032
f 1340/1334/1032 1343/1337/1032 1342/1336/1033
f 1343/1337/1032 1344/854/1033 1342/1336/1033
f 1347/1338/1035 1346/1339/1035 1345/1340/1036
f 1346/1339/1035 1348/1341/1036 1345/1340/1036
f 1345/1340/1036 1348/1341/1036 1349/1342/1037
f 1346/1339/1035 1350/1343/1035 1348/1341/1036
f 1348/1341/1036 1351/1344/1038 1349/1342/1037
f 1350/1343/1035 1352/1345/1039 1348/1341/1036
f 1348/1341/1036 1352/1345/1039 1351/1344/1038
f 1350/1343/1035 1353/1346/1035 1352/1345/1039
f 1352/1345/1039 1354/1347/1040 1351/1344/1038
f 1353/1346/1035 1355/1348/1041 1352/1345/1039
f 1352/1345/1039 1355/1348/1041 1354/1347/1040
f 1355/1348/1041 1356/1349/1042 1354/1347/1040
f 1359/1350/1043 1358/1351/1044 1357/1352/1045
f 1358/1351/1044 1360/1353/1046 1357/1352/1045
f 1358/1351/1044 1361/1354/1047 1360/1353/1046
f 1360/1353/1046 1361/1354/1047 1362/1355/1048
f 1363/1356/1049 1360/1353/1046 1362/1355/1048
f 1364/1357/1050 1361/1354/1047 1358/1351/1044
f 1358/1351/1044 1365/1358/1051 1364/1357/1050
f 1366/1359/1052 1364/1357/1050 1365/1358/1051
f 1366/1359/1052 1365/1358/1051 1367/1360/1053
f 1368/1361/1054 1366/1359/1052 1367/1360/1053
f 1369/1362/1055 1364/1357/1050 1366/1359/1052
f 1369/1362/1055 1366/1359/1052 1370/1363/1056
f 1364/1357/1050 1371/1364/1057 1361/1354/1047
f 1369/1362/1055 1371/1364/1057 1364/1357/1050
f 1371/1364/1057 1372/1365/1058 1361/1354/1047
f 1361/1354/1047 1372/1365/1058 1362/1355/1048
f 1371/1364/1057 1373/1366/1059 1372/1365/1058
f 1373/1366/1059 1371/1364/1057 1369/1362/1055
f 1373/1366/1059 1374/1367/1060 1372/1365/1058
f 1362/1355/1048 1372/1365/1058 1374/1367/1060
f 1373/1366/1059 1375/1368/1061 1374/1367/1060
f 1375/1368/1061 1376/1369/1061 1374/1367/1060
f 1377/1370/1062 1369/1362/1055 1370/1363/1056
f 1377/1370/1062 1378/1371/1063 1369/1362/1055
f 1378/1371/1063 1379/1372/1064 1369/1362/1055
f 1377/1370/1062 1370/1363/1056 1380/1373/1065
f 1381/1374/1066 1380/1373/1065 1370/1363/1056
f 1381/1374/1066 1370/1363/1056 1382/1375/1067
f 1383/1376/1068 1381/1374/1066 1382/1375/1067
f 1380/1373/1065 1384/1377/1069 1377/1370/1062
f 1377/1370/1062 1384/1377/1069 1385/1378/1070
f 1380/1373/1065 1381/1374/1066 1386/1379/1071
f 1381/1374/1066 1387/1380/1072 1386/1379/1071
f 1384/1377/1069 1380/1373/1065 1388/1381/1073
f 1380/1373/1065 1386/1379/1071 1388/1381/1073
f 1389/1382/1074 1385/1378/1070 1384/1377/1069
f 1384/1377/1069 1388/1381/1073 1389/1382/1074
f 1385/1378/1070 1389/1382/1074 1390/1383/1075
f 1391/1384/1075 1385/1378/1070 1390/1383/1075
f 1389/1382/1074 1388/1381/1073 1392/1385/1076
f 1392/1385/1076 1388/1381/1073 1386/1379/1071
f 1363/1356/1049 1386/1379/1071 1387/1380/1072
f 1386/1379/1071 1363/1356/1049 1392/1385/1076
f 1363/1356/1049 1387/1380/1072 1393/1386/1077
f 1394/1387/1078 1363/1356/1049 1393/1386/1077
f 1363/1356/1049 1362/1355/1048 1392/1385/1076
f 1392/1385/1076 1362/1355/1048 1395/1388/1079
f 1396/1389/1080 1392/1385/1076 1395/1388/1079
f 1399/1390/1081 1398/1391/1081 1397/1392/1082
f 1400/1393/1083 1399/1390/1081 1397/1392/1082
f 1397/1392/1082 1401/1394/102 1400/1393/1083
f 1401/1394/102 1402/1395/110 1400/1393/1083
f 1401/1394/102 1403/1396/102 1402/1395/110
f 1402/1395/110 1404/1397/1084 1400/1393/1083
f 1404/1397/1084 1405/1398/1084 1400/1393/1083
f 1406/1399/1084 1404/1397/1084 1402/1395/110
f 1403/1396/102 1407/1400/110 1402/1395/110
f 1407/1400/110 1406/1399/1084 1402/1395/110
f 1403/1396/102 1408/1401/102 1407/1400/110
f 1409/1402/1084 1406/1399/1084 1407/1400/110
f 1408/1401/102 1410/1403/110 1407/1400/110
f 1410/1403/110 1409/1402/1084 1407/1400/110
f 1413/1404/1085 1412/1405/1086 1411/1406/1087
f 1414/1407/1088 1413/1404/1085 1411/1406/1087
f 1411/1406/1087 1415/1408/96 1414/1407/1088
f 1415/1408/96 1416/1409/98 1414/1407/1088
f 1415/1408/96 1417/1410/96 1416/1409/98
f 1416/1409/98 1418/1411/99 1414/1407/1088
f 1418/1411/99 1419/1412/99 1414/1407/1088
f 1420/1413/99 1418/1411/99 1416/1409/98
f 1417/1410/96 1421/1414/98 1416/1409/98
f 1421/1414/98 1420/1413/99 1416/1409/98
f 1417/1410/96 1422/1415/96 1421/1414/98
f 1423/1416/99 1420/1413/99 1421/1414/98
f 1422/1415/96 1424/1417/98 1421/1414/98
f 1424/1417/98 1423/1416/99 1421/1414/98
f 1427/1418/1089 1426/1419/1090 1425/1420/1091
f 1428/1421/1092 1425/1420/1091 1426/1419/1090
f 1425/1420/1091 1429/1422/1093 1427/1418/1089
f 1427/1418/1089 1429/1422/1093 1430/1383/1094
f 1431/1423/1095 1425/1420/1091 1428/1421/1092
f 1425/1420/1091 1431/1423/1095 1429/1422/1093
f 1430/1383/1094 1429/1422/1093 1432/1424/1096
f 1431/1423/1095 1432/1424/1096 1429/1422/1093
f 1428/1421/1092 1433/1425/1097 1431/1423/1095
f 1428/1421/1092 1434/1426/1098 1433/1425/1097
f 1435/1427/1099 1431/1423/1095 1433/1425/1097
f 1431/1423/1095 1435/1427/1099 1432/1424/1096
f 1435/1427/1099 1436/1428/1100 1432/1424/1096
f 1437/1429/1101 1432/1424/1096 1436/1428/1100
f 1432/1424/1096 1437/1429/1101 1430/1383/1094
f 1437/1429/1101 1438/1384/1102 1430/1383/1094
f 1434/1426/1098 1439/1430/1103 1433/1425/1097
f 1437/1429/1101 1440/1431/1104 1438/1384/1102
f 1434/1426/1098 1441/1432/1105 1439/1430/1103
f 1439/1430/1103 1441/1432/1105 1442/1433/1106
f 1443/1434/1107 1442/1433/1106 1441/1432/1105
f 1443/1434/1107 1444/1435/1108 1440/1431/1104
f 1440/1431/1104 1444/1435/1108 1438/1384/1102
f 1441/1432/1105 1444/1435/1108 1443/1434/1107
f 1434/1426/1098 1445/1436/1109 1441/1432/1105
f 1441/1432/1105 1445/1436/1109 1444/1435/1108
f 1446/1437/1110 1445/1436/1109 1434/1426/1098
f 1444/1435/1108 1447/1438/1111 1438/1384/1102
f 1445/1436/1109 1447/1438/1111 1444/1435/1108
f 1445/1436/1109 1446/1437/1110 1447/1438/1111
f 1438/1384/1102 1447/1438/1111 1448/1439/1112
f 1446/1437/1110 1448/1439/1112 1447/1438/1111
f 1451/1440/1113 1450/1441/1114 1449/1442/1114
f 1452/1443/1115 1451/1440/1113 1449/1442/1114
f 1453/1444/1116 1451/1440/1113 1452/1443/1115
f 1449/1442/1114 1450/1441/1114 1454/1445/1117
f 1450/1441/1114 1455/1446/1118 1454/1445/1117
f 1456/1447/1119 1453/1444/1116 1452/1443/1115
f 1457/1448/1120 1453/1444/1116 1456/1447/1119
f 1454/1445/1117 1455/1446/1118 1458/1449/1121
f 1455/1446/1118 1459/1450/1122 1458/1449/1121
f 1460/1451/1123 1457/1448/1120 1456/1447/1119
f 1461/1452/1124 1457/1448/1120 1460/1451/1123
f 1458/1449/1121 1459/1450/1122 1462/1453/1125
f 1459/1450/1122 1463/1454/1126 1462/1453/1125
f 1464/1455/1124 1461/1452/1124 1460/1451/1123
f 1465/1456/1127 1461/1452/1124 1464/1455/1124
f 1462/1453/1125 1463/1454/1126 1466/1457/1128
f 1463/1454/1126 1467/1458/1129 1466/1457/1128
f 1468/1459/1130 1465/1456/1127 1464/1455/1124
f 1469/1460/1131 1465/1456/1127 1468/1459/1130
f 1466/1457/1128 1467/1458/1129 1470/1461/1132
f 1467/1458/1129 1471/1462/1133 1470/1461/1132
f 1472/1463/1134 1469/1460/1131 1468/1459/1130
f 1473/1464/1135 1469/1460/1131 1472/1463/1134
f 1470/1461/1132 1471/1462/1133 1474/1465/1136
f 1471/1462/1133 1475/1466/1137 1474/1465/1136
f 1476/1467/1138 1473/1464/1135 1472/1463/1134
f 1477/163/1139 1473/1464/1135 1476/1467/1138
f 1474/1465/1136 1475/1466/1137 1478/1468/1140
f 1475/1466/1137 1479/161/1141 1478/1468/1140
f 1479/161/1141 1477/163/1139 1480/1469/1142
f 1480/1469/1142 1477/163/1139 1476/1467/1138
f 1478/1468/1140 1479/161/1141 1480/1469/1142
f 1466/1457/1128 1470/1461/1132 1481/1470/1143
f 1470/1461/1132 1474/1465/1136 1482/1471/1144
f 1481/1470/1143 1470/1461/1132 1482/1471/1144
f 1474/1465/1136 1478/1468/1140 1483/1472/1145
f 1482/1471/1144 1474/1465/1136 1483/1472/1145
f 1478/1468/1140 1480/1469/1142 1484/1473/1146
f 1483/1472/1145 1478/1468/1140 1484/1473/1146
f 1480/1469/1142 1476/1467/1138 1485/1474/1147
f 1484/1473/1146 1480/1469/1142 1485/1474/1147
f 1476/1467/1138 1472/1463/1134 1486/1475/1148
f 1485/1474/1147 1476/1467/1138 1486/1475/1148
f 1487/1476/1149 1466/1457/1128 1481/1470/1143
f 1462/1453/1125 1466/1457/1128 1487/1476/1149
f 1486/1475/1148 1472/1463/1134 1488/1477/1150
f 1472/1463/1134 1468/1459/1130 1488/1477/1150
f 1489/1478/1151 1462/1453/1125 1487/1476/1149
f 1458/1449/1121 1462/1453/1125 1489/1478/1151
f 1488/1477/1150 1468/1459/1130 1490/1479/1152
f 1468/1459/1130 1464/1455/1124 1490/1479/1152
f 1491/1480/1153 1458/1449/1121 1489/1478/1151
f 1454/1445/1117 1458/1449/1121 1491/1480/1153
f 1490/1479/1152 1464/1455/1124 1492/1481/1154
f 1464/1455/1124 1460/1451/1123 1492/1481/1154
f 1493/1482/1155 1454/1445/1117 1491/1480/1153
f 1449/1442/1114 1454/1445/1117 1493/1482/1155
f 1492/1481/1154 1460/1451/1123 1494/1483/1156
f 1460/1451/1123 1456/1447/1119 1494/1483/1156
f 1495/1484/1157 1449/1442/1114 1493/1482/1155
f 1452/1443/1115 1449/1442/1114 1495/1484/1157
f 1456/1447/1119 1452/1443/1115 1496/1485/1158
f 1494/1483/1156 1456/1447/1119 1496/1485/1158
f 1496/1485/1158 1452/1443/1115 1495/1484/1157
f 1491/1480/1153 1489/1478/1151 1497/1486/1159
f 1493/1482/1155 1491/1480/1153 1498/1487/1160
f 1498/1487/1160 1491/1480/1153 1497/1486/1159
f 1495/1484/1157 1493/1482/1155 1499/1488/1161
f 1499/1488/1161 1493/1482/1155 1498/1487/1160
f 1496/1485/1158 1495/1484/1157 1500/1489/1162
f 1500/1489/1162 1495/1484/1157 1499/1488/1161
f 1494/1483/1156 1496/1485/1158 1501/1490/1163
f 1501/1490/1163 1496/1485/1158 1500/1489/1162
f 1492/1481/1154 1494/1483/1156 1502/1491/1164
f 1502/1491/1164 1494/1483/1156 1501/1490/1163
f 1497/1486/1159 1489/1478/1151 1503/1492/1165
f 1489/1478/1151 1487/1476/1149 1503/1492/1165
f 1504/1493/1166 1492/1481/1154 1502/1491/1164
f 1490/1479/1152 1492/1481/1154 1504/1493/1166
f 1503/1492/1165 1487/1476/1149 1505/1494/1167
f 1487/1476/1149 1481/1470/1143 1505/1494/1167
f 1506/1495/1168 1490/1479/1152 1504/1493/1166
f 1488/1477/1150 1490/1479/1152 1506/1495/1168
f 1505/1494/1167 1481/1470/1143 1507/1496/1169
f 1481/1470/1143 1482/1471/1144 1507/1496/1169
f 1508/1497/1170 1488/1477/1150 1506/1495/1168
f 1486/1475/1148 1488/1477/1150 1508/1497/1170
f 1507/1496/1169 1482/1471/1144 1509/1498/1171
f 1482/1471/1144 1483/1472/1145 1509/1498/1171
f 1510/1499/1172 1486/1475/1148 1508/1497/1170
f 1485/1474/1147 1486/1475/1148 1510/1499/1172
f 1509/1498/1171 1483/1472/1145 1511/1500/1173
f 1483/1472/1145 1484/1473/1146 1511/1500/1173
f 1484/1473/1146 1485/1474/1147 1512/1501/1174
f 1512/1501/1174 1485/1474/1147 1510/1499/1172
f 1511/1500/1173 1484/1473/1146 1512/1501/1174
f 1505/1494/1167 1507/1496/1169 1513/1502/1175
f 1514/1503/1176 1505/1494/1167 1513/1502/1175
f 1513/1502/1175 1507/1496/1169 1515/1504/1177
f 1507/1496/1169 1509/1498/1171 1515/1504/1177
f 1503/1492/1165 1505/1494/1167 1514/1503/1176
f 1515/1504/1177 1509/1498/1171 1516/1505/1178
f 1509/1498/1171 1511/1500/1173 1516/1505/1178
f 1517/1506/1179 1503/1492/1165 1514/1503/1176
f 1516/1505/1178 1511/1500/1173 1518/1507/1180
f 1511/1500/1173 1512/1501/1174 1518/1507/1180
f 1497/1486/1159 1503/1492/1165 1517/1506/1179
f 1518/1507/1180 1512/1501/1174 1519/1508/1181
f 1520/1509/1182 1497/1486/1159 1517/1506/1179
f 1512/1501/1174 1510/1499/1172 1519/1508/1181
f 1498/1487/1160 1497/1486/1159 1520/1509/1182
f 1519/1508/1181 1510/1499/1172 1521/1510/1183
f 1522/1511/1184 1498/1487/1160 1520/1509/1182
f 1510/1499/1172 1508/1497/1170 1521/1510/1183
f 1499/1488/1161 1498/1487/1160 1522/1511/1184
f 1521/1510/1183 1508/1497/1170 1523/1512/1185
f 1524/1513/1186 1499/1488/1161 1522/1511/1184
f 1508/1497/1170 1506/1495/1168 1523/1512/1185
f 1500/1489/1162 1499/1488/1161 1524/1513/1186
f 1523/1512/1185 1506/1495/1168 1525/1514/1187
f 1526/1515/1188 1500/1489/1162 1524/1513/1186
f 1506/1495/1168 1504/1493/1166 1525/1514/1187
f 1501/1490/1163 1500/1489/1162 1526/1515/1188
f 1525/1514/1187 1504/1493/1166 1527/1516/1189
f 1528/1517/1190 1501/1490/1163 1526/1515/1188
f 1504/1493/1166 1502/1491/1164 1527/1516/1189
f 1502/1491/1164 1501/1490/1163 1528/1517/1190
f 1527/1516/1189 1502/1491/1164 1528/1517/1190
f 1531/1518/1191 1530/1519/1192 1529/1520/1193
f 1532/1521/1194 1531/1518/1191 1529/1520/1193
f 1529/1520/1193 1530/1519/1192 1533/1522/1195
f 1530/1519/1192 1534/1523/1196 1533/1522/1195
f 1533/1522/1195 1534/1523/1196 1535/1524/1197
f 1536/1525/1198 1534/1523/1196 1530/1519/1192
f 1534/1523/1196 1536/1525/1198 1535/1524/1197
f 1530/1519/1192 1531/1518/1191 1536/1525/1198
f 1535/1524/1197 1536/1525/1198 1537/1526/1199
f 1536/1525/1198 1538/1527/1200 1537/1526/1199
f 1531/1518/1191 1538/1527/1200 1536/1525/1198
f 1537/1526/1199 1538/1527/1200 1539/1528/1201
f 1540/1529/1202 1531/1518/1191 1532/1521/1194
f 1531/1518/1191 1540/1529/1202 1538/1527/1200
f 1541/1530/1203 1540/1529/1202 1532/1521/1194
f 1538/1527/1200 1542/1531/1204 1539/1528/1201
f 1540/1529/1202 1542/1531/1204 1538/1527/1200
f 1539/1528/1201 1542/1531/1204 1543/1532/1205
f 1542/1531/1204 1544/1533/1206 1543/1532/1205
f 1540/1529/1202 1544/1533/1206 1542/1531/1204
f 1543/1532/1205 1544/1533/1206 1545/1534/1207
f 1546/1535/1208 1540/1529/1202 1541/1530/1203
f 1540/1529/1202 1546/1535/1208 1544/1533/1206
f 1547/1536/1209 1546/1535/1208 1541/1530/1203
f 1544/1533/1206 1548/1537/1210 1545/1534/1207
f 1546/1535/1208 1548/1537/1210 1544/1533/1206
f 1545/1534/1207 1548/1537/1210 1549/1538/1211
f 1550/1539/1212 1546/1535/1208 1547/1536/1209
f 1546/1535/1208 1550/1539/1212 1548/1537/1210
f 1551/1540/1213 1550/1539/1212 1547/1536/1209
f 1552/1541/1214 1550/1539/1212 1551/1540/1213
f 1550/1539/1212 1552/1541/1214 1548/1537/1210
f 1553/1542/1215 1552/1541/1214 1551/1540/1213
f 1548/1537/1210 1554/1543/1216 1549/1538/1211
f 1552/1541/1214 1554/1543/1216 1548/1537/1210
f 1549/1538/1211 1554/1543/1216 1555/1544/1217
f 1556/1545/1218 1552/1541/1214 1553/1542/1215
f 1552/1541/1214 1556/1545/1218 1554/1543/1216
f 1557/1546/1219 1556/1545/1218 1553/1542/1215
f 1554/1543/1216 1558/1547/1220 1555/1544/1217
f 1556/1545/1218 1558/1547/1220 1554/1543/1216
f 1555/1544/1217 1558/1547/1220 1559/1548/1221
f 1560/1549/1222 1556/1545/1218 1557/1546/1219
f 1559/1548/1221 1560/1549/1222 1557/1546/1219
f 1556/1545/1218 1560/1549/1222 1558/1547/1220
f 1558/1547/1220 1560/1549/1222 1559/1548/1221
