# Blender 3.6.0
# www.blender.org
o Door_6cb9ae3d_Door_6cb9ae3d
v -2.378490 1.997210 -0.022200
v -2.376490 1.996100 -0.021100
v -2.376490 1.996100 0.050000
v -2.421500 1.997210 0.822210
v -2.423490 1.996100 0.821110
v -2.423490 1.996100 0.750010
v -2.420000 1.900000 -0.025000
v -2.380000 2.000000 -0.025000
v -2.420000 2.000000 -0.025000
v -2.380000 1.900000 -0.025000
v -2.380000 1.700000 -0.025000
v -2.420000 1.700000 -0.025000
v -2.420000 1.600010 -0.025000
v -2.380000 1.600010 -0.025000
v -2.380000 0.900000 -0.025000
v -2.420000 0.900000 -0.025000
v -2.380000 0.800010 -0.025000
v -2.420000 0.800010 -0.025000
v -2.380000 0.200010 -0.025000
v -2.420000 0.200010 -0.025000
v -2.420000 0.000010 -0.025000
v -2.380000 -0.000000 -0.025000
v -2.380000 1.900000 0.825010
v -2.420000 2.000000 0.825010
v -2.380000 2.000000 0.825010
v -2.420000 1.900000 0.825010
v -2.420000 1.700000 0.825010
v -2.380000 1.700000 0.825010
v -2.380000 1.600010 0.825010
v -2.420000 1.600010 0.825010
v -2.420000 0.900000 0.825010
v -2.380000 0.900000 0.825010
v -2.420000 0.800010 0.825010
v -2.380000 0.800010 0.825010
v -2.420000 0.200010 0.825010
v -2.380000 0.200010 0.825010
v -2.380000 0.000000 0.825010
v -2.420000 0.000010 0.825010
v -2.372200 0.231500 0.081500
v -2.372200 0.231500 0.318500
v -2.372200 0.768500 0.318500
v -2.372200 0.768500 0.081500
v -2.371990 0.227900 0.077900
v -2.372200 0.231500 0.081500
v -2.372200 0.768500 0.081500
v -2.371990 0.772100 0.077900
v -2.371990 0.772100 0.077900
v -2.372200 0.768500 0.081500
v -2.372200 0.768500 0.318500
v -2.371990 0.772100 0.322100
v -2.371990 0.772100 0.322100
v -2.372200 0.768500 0.318500
v -2.372200 0.231500 0.318500
v -2.371990 0.227900 0.322100
v -2.371990 0.227900 0.322100
v -2.372200 0.231500 0.318500
v -2.372200 0.231500 0.081500
v -2.371990 0.227900 0.077900
v -2.427790 0.768500 0.081500
v -2.427800 0.768500 0.318500
v -2.427800 0.231500 0.318500
v -2.427790 0.231500 0.081500
v -2.428000 0.772100 0.077900
v -2.427790 0.768500 0.081500
v -2.427790 0.231500 0.081500
v -2.428000 0.227900 0.077900
v -2.428000 0.227900 0.077900
v -2.427790 0.231500 0.081500
v -2.427800 0.231500 0.318500
v -2.428000 0.227900 0.322100
v -2.428000 0.227900 0.322100
v -2.427800 0.231500 0.318500
v -2.427800 0.768500 0.318500
v -2.428000 0.772100 0.322100
v -2.428000 0.772100 0.322100
v -2.427800 0.768500 0.318500
v -2.427790 0.768500 0.081500
v -2.428000 0.772100 0.077900
v -2.372200 1.731510 0.081500
v -2.372200 1.731510 0.318500
v -2.372200 1.868500 0.318500
v -2.372200 1.868500 0.081500
v -2.371990 1.727910 0.077900
v -2.372200 1.731510 0.081500
v -2.372200 1.868500 0.081500
v -2.371990 1.872100 0.077900
v -2.371990 1.872100 0.077900
v -2.372200 1.868500 0.081500
v -2.372200 1.868500 0.318500
v -2.371990 1.872100 0.322100
v -2.371990 1.872100 0.322100
v -2.372200 1.868500 0.318500
v -2.372200 1.731510 0.318500
v -2.371990 1.727910 0.322100
v -2.371990 1.727910 0.322100
v -2.372200 1.731510 0.318500
v -2.372200 1.731510 0.081500
v -2.371990 1.727910 0.077900
v -2.427790 1.868500 0.081500
v -2.427800 1.868500 0.318500
v -2.427800 1.731510 0.318500
v -2.427790 1.731510 0.081500
v -2.428000 1.872100 0.077900
v -2.427790 1.868500 0.081500
v -2.427790 1.731510 0.081500
v -2.428000 1.727910 0.077900
v -2.428000 1.727910 0.077900
v -2.427790 1.731510 0.081500
v -2.427800 1.731510 0.318500
v -2.428000 1.727910 0.322100
v -2.428000 1.727910 0.322100
v -2.427800 1.731510 0.318500
v -2.427800 1.868500 0.318500
v -2.428000 1.872100 0.322100
v -2.428000 1.872100 0.322100
v -2.427800 1.868500 0.318500
v -2.427790 1.868500 0.081500
v -2.428000 1.872100 0.077900
v -2.372200 0.931500 0.081500
v -2.372200 0.931500 0.318500
v -2.372200 1.568510 0.318500
v -2.372200 1.568510 0.081500
v -2.371990 0.927900 0.077900
v -2.372200 0.931500 0.081500
v -2.372200 1.568510 0.081500
v -2.371990 1.572110 0.077900
v -2.371990 1.572110 0.077900
v -2.372200 1.568510 0.081500
v -2.372200 1.568510 0.318500
v -2.371990 1.572110 0.322100
v -2.371990 1.572110 0.322100
v -2.372200 1.568510 0.318500
v -2.372200 0.931500 0.318500
v -2.371990 0.927900 0.322100
v -2.371990 0.927900 0.322100
v -2.372200 0.931500 0.318500
v -2.372200 0.931500 0.081500
v -2.371990 0.927900 0.077900
v -2.427790 1.568510 0.081500
v -2.427800 1.568510 0.318500
v -2.427800 0.931500 0.318500
v -2.427790 0.931500 0.081500
v -2.428000 1.572110 0.077900
v -2.427790 1.568510 0.081500
v -2.427790 0.931500 0.081500
v -2.428000 0.927900 0.077900
v -2.428000 0.927900 0.077900
v -2.427790 0.931500 0.081500
v -2.427800 0.931500 0.318500
v -2.428000 0.927900 0.322100
v -2.428000 0.927900 0.322100
v -2.427800 0.931500 0.318500
v -2.427800 1.568510 0.318500
v -2.428000 1.572110 0.322100
v -2.428000 1.572110 0.322100
v -2.427800 1.568510 0.318500
v -2.427790 1.568510 0.081500
v -2.428000 1.572110 0.077900
v -2.420000 0.000010 0.050000
v -2.380000 -0.000000 -0.025000
v -2.420000 0.000010 -0.025000
v -2.380000 0.000000 0.050000
v -2.380000 0.000000 0.350000
v -2.420000 0.000010 0.350000
v -2.420000 0.000010 0.450000
v -2.380000 0.000000 0.450000
v -2.380000 0.000000 0.750010
v -2.420000 0.000010 0.750010
v -2.420000 0.000010 0.825010
v -2.380000 0.000000 0.825010
v -2.380000 2.000000 0.050000
v -2.420000 2.000000 -0.025000
v -2.380000 2.000000 -0.025000
v -2.420000 2.000000 0.050000
v -2.420000 2.000000 0.350000
v -2.380000 2.000000 0.350000
v -2.380000 2.000000 0.450000
v -2.420000 2.000000 0.450000
v -2.420000 2.000000 0.750010
v -2.380000 2.000000 0.750010
v -2.380000 2.000000 0.825010
v -2.420000 2.000000 0.825010
v -2.372200 0.768500 0.718510
v -2.372200 0.768500 0.481510
v -2.372200 0.231500 0.481510
v -2.372200 0.231500 0.718510
v -2.371990 0.772100 0.722110
v -2.372200 0.768500 0.718510
v -2.372200 0.231500 0.718510
v -2.371990 0.227900 0.722110
v -2.371990 0.227900 0.722110
v -2.372200 0.231500 0.718510
v -2.372200 0.231500 0.481510
v -2.371990 0.227900 0.477910
v -2.371990 0.227900 0.477910
v -2.372200 0.231500 0.481510
v -2.372200 0.768500 0.481510
v -2.371990 0.772100 0.477910
v -2.371990 0.772100 0.477910
v -2.372200 0.768500 0.481510
v -2.372200 0.768500 0.718510
v -2.371990 0.772100 0.722110
v -2.427800 0.231500 0.718510
v -2.427800 0.231500 0.481510
v -2.427800 0.768500 0.481510
v -2.427800 0.768500 0.718510
v -2.428000 0.227900 0.722110
v -2.427800 0.231500 0.718510
v -2.427800 0.768500 0.718510
v -2.428000 0.772100 0.722110
v -2.428000 0.772100 0.722110
v -2.427800 0.768500 0.718510
v -2.427800 0.768500 0.481510
v -2.428000 0.772100 0.477900
v -2.428000 0.772100 0.477900
v -2.427800 0.768500 0.481510
v -2.427800 0.231500 0.481510
v -2.428000 0.227900 0.477900
v -2.428000 0.227900 0.477900
v -2.427800 0.231500 0.481510
v -2.427800 0.231500 0.718510
v -2.428000 0.227900 0.722110
v -2.372200 1.868500 0.718510
v -2.372200 1.868500 0.481510
v -2.372200 1.731510 0.481510
v -2.372200 1.731510 0.718510
v -2.371990 1.872100 0.722110
v -2.372200 1.868500 0.718510
v -2.372200 1.731510 0.718510
v -2.371990 1.727910 0.722110
v -2.371990 1.727910 0.722110
v -2.372200 1.731510 0.718510
v -2.372200 1.731510 0.481510
v -2.371990 1.727910 0.477910
v -2.371990 1.727910 0.477910
v -2.372200 1.731510 0.481510
v -2.372200 1.868500 0.481510
v -2.371990 1.872100 0.477910
v -2.371990 1.872100 0.477910
v -2.372200 1.868500 0.481510
v -2.372200 1.868500 0.718510
v -2.371990 1.872100 0.722110
v -2.427800 1.731510 0.718510
v -2.427800 1.731510 0.481510
v -2.427800 1.868500 0.481510
v -2.427800 1.868500 0.718510
v -2.428000 1.727910 0.722110
v -2.427800 1.731510 0.718510
v -2.427800 1.868500 0.718510
v -2.428000 1.872100 0.722110
v -2.428000 1.872100 0.722110
v -2.427800 1.868500 0.718510
v -2.427800 1.868500 0.481510
v -2.428000 1.872100 0.477900
v -2.428000 1.872100 0.477900
v -2.427800 1.868500 0.481510
v -2.427800 1.731510 0.481510
v -2.428000 1.727910 0.477900
v -2.428000 1.727910 0.477900
v -2.427800 1.731510 0.481510
v -2.427800 1.731510 0.718510
v -2.428000 1.727910 0.722110
v -2.372200 1.568510 0.718510
v -2.372200 1.568510 0.481510
v -2.372200 0.931500 0.481510
v -2.372200 0.931500 0.718510
v -2.371990 1.572110 0.722110
v -2.372200 1.568510 0.718510
v -2.372200 0.931500 0.718510
v -2.371990 0.927900 0.722110
v -2.371990 0.927900 0.722110
v -2.372200 0.931500 0.718510
v -2.372200 0.931500 0.481510
v -2.371990 0.927900 0.477910
v -2.371990 0.927900 0.477910
v -2.372200 0.931500 0.481510
v -2.372200 1.568510 0.481510
v -2.371990 1.572110 0.477910
v -2.371990 1.572110 0.477910
v -2.372200 1.568510 0.481510
v -2.372200 1.568510 0.718510
v -2.371990 1.572110 0.722110
v -2.427800 0.931500 0.718510
v -2.427800 0.931500 0.481510
v -2.427800 1.568510 0.481510
v -2.427800 1.568510 0.718510
v -2.428000 0.927900 0.722110
v -2.427800 0.931500 0.718510
v -2.427800 1.568510 0.718510
v -2.428000 1.572110 0.722110
v -2.428000 1.572110 0.722110
v -2.427800 1.568510 0.718510
v -2.427800 1.568510 0.481510
v -2.428000 1.572110 0.477900
v -2.428000 1.572110 0.477900
v -2.427800 1.568510 0.481510
v -2.427800 0.931500 0.481510
v -2.428000 0.927900 0.477900
v -2.428000 0.927900 0.477900
v -2.427800 0.931500 0.481510
v -2.427800 0.931500 0.718510
v -2.428000 0.927900 0.722110
v -2.380000 1.900000 -0.025000
v -2.378490 1.997210 -0.022200
v -2.380000 2.000000 -0.025000
v -2.378490 1.900000 -0.022200
v -2.380000 1.700000 -0.025000
v -2.378490 1.700000 -0.022200
v -2.380000 1.600010 -0.025000
v -2.378490 1.600010 -0.022200
v -2.380000 0.900000 -0.025000
v -2.378490 0.900000 -0.022200
v -2.380000 0.800010 -0.025000
v -2.378490 0.800010 -0.022200
v -2.380000 0.200010 -0.025000
v -2.378490 0.200010 -0.022200
v -2.380000 -0.000000 -0.025000
v -2.378490 0.002800 -0.022200
v -2.380000 2.000000 -0.025000
v -2.378490 1.997210 -0.022200
v -2.378490 1.997210 0.050000
v -2.380000 2.000000 0.050000
v -2.378490 1.997210 0.350000
v -2.380000 2.000000 0.350000
v -2.378490 1.997210 0.450000
v -2.380000 2.000000 0.450000
v -2.378490 1.997210 0.750010
v -2.380000 2.000000 0.750010
v -2.378490 1.997210 0.822210
v -2.380000 2.000000 0.825010
v -2.380000 2.000000 0.825010
v -2.378490 1.997210 0.822210
v -2.378490 1.900000 0.822210
v -2.380000 1.900000 0.825010
v -2.378490 1.700000 0.822210
v -2.380000 1.700000 0.825010
v -2.378490 1.600010 0.822210
v -2.380000 1.600010 0.825010
v -2.378490 0.900000 0.822210
v -2.380000 0.900000 0.825010
v -2.378490 0.800010 0.822210
v -2.380000 0.800010 0.825010
v -2.378490 0.200010 0.822210
v -2.380000 0.200010 0.825010
v -2.378490 0.002800 0.822210
v -2.380000 0.000000 0.825010
v -2.380000 0.000000 0.825010
v -2.378490 0.002800 0.822210
v -2.378490 0.002800 0.750010
v -2.380000 0.000000 0.750010
v -2.378490 0.002800 0.450000
v -2.380000 0.000000 0.450000
v -2.378490 0.002800 0.350000
v -2.380000 0.000000 0.350000
v -2.378490 0.002800 0.050000
v -2.380000 0.000000 0.050000
v -2.378490 0.002800 -0.022200
v -2.380000 -0.000000 -0.025000
v -2.420000 0.200010 -0.025000
v -2.421490 0.002800 -0.022200
v -2.420000 0.000010 -0.025000
v -2.421490 0.200010 -0.022200
v -2.420000 0.800010 -0.025000
v -2.421490 0.800010 -0.022200
v -2.420000 0.900000 -0.025000
v -2.421490 0.900000 -0.022200
v -2.420000 1.600010 -0.025000
v -2.421490 1.600010 -0.022200
v -2.420000 1.700000 -0.025000
v -2.421490 1.700000 -0.022200
v -2.420000 1.900000 -0.025000
v -2.421490 1.900000 -0.022200
v -2.420000 2.000000 -0.025000
v -2.421490 1.997210 -0.022200
v -2.420000 0.000010 -0.025000
v -2.421490 0.002800 -0.022200
v -2.421490 0.002800 0.050000
v -2.420000 0.000010 0.050000
v -2.421490 0.002800 0.350000
v -2.420000 0.000010 0.350000
v -2.421490 0.002800 0.450000
v -2.420000 0.000010 0.450000
v -2.421490 0.002800 0.750010
v -2.420000 0.000010 0.750010
v -2.421500 0.002800 0.822210
v -2.420000 0.000010 0.825010
v -2.420000 0.000010 0.825010
v -2.421500 0.002800 0.822210
v -2.421500 0.200010 0.822210
v -2.420000 0.200010 0.825010
v -2.421500 0.800010 0.822210
v -2.420000 0.800010 0.825010
v -2.421500 0.900000 0.822210
v -2.420000 0.900000 0.825010
v -2.421500 1.600010 0.822210
v -2.420000 1.600010 0.825010
v -2.421500 1.700000 0.822210
v -2.420000 1.700000 0.825010
v -2.421500 1.900000 0.822210
v -2.420000 1.900000 0.825010
v -2.421500 1.997210 0.822210
v -2.420000 2.000000 0.825010
v -2.420000 2.000000 0.825010
v -2.421500 1.997210 0.822210
v -2.421490 1.997210 0.750010
v -2.420000 2.000000 0.750010
v -2.421490 1.997210 0.450000
v -2.420000 2.000000 0.450000
v -2.421490 1.997210 0.350000
v -2.420000 2.000000 0.350000
v -2.421490 1.997210 0.050000
v -2.420000 2.000000 0.050000
v -2.421490 1.997210 -0.022200
v -2.420000 2.000000 -0.025000
v -2.380000 0.800010 0.050000
v -2.378490 0.802800 0.047200
v -2.378490 0.197210 0.047200
v -2.380000 0.200010 0.050000
v -2.380000 0.200010 0.050000
v -2.378490 0.197210 0.047200
v -2.378490 0.197210 0.352800
v -2.380000 0.200010 0.350000
v -2.380000 0.200010 0.350000
v -2.378490 0.197210 0.352800
v -2.378490 0.802800 0.352800
v -2.380000 0.800010 0.350000
v -2.380000 0.800010 0.350000
v -2.378490 0.802800 0.352800
v -2.378490 0.802800 0.047200
v -2.380000 0.800010 0.050000
v -2.420000 0.200010 0.050000
v -2.421490 0.197210 0.047200
v -2.421490 0.802800 0.047200
v -2.420000 0.800010 0.050000
v -2.420000 0.800010 0.050000
v -2.421490 0.802800 0.047200
v -2.421490 0.802800 0.352800
v -2.420000 0.800010 0.350000
v -2.420000 0.800010 0.350000
v -2.421490 0.802800 0.352800
v -2.421490 0.197210 0.352800
v -2.420000 0.200010 0.350000
v -2.420000 0.200010 0.350000
v -2.421490 0.197210 0.352800
v -2.421490 0.197210 0.047200
v -2.420000 0.200010 0.050000
v -2.380000 1.900000 0.050000
v -2.378490 1.902810 0.047200
v -2.378490 1.697200 0.047200
v -2.380000 1.700000 0.050000
v -2.380000 1.700000 0.050000
v -2.378490 1.697200 0.047200
v -2.378490 1.697200 0.352800
v -2.380000 1.700000 0.350000
v -2.380000 1.700000 0.350000
v -2.378490 1.697200 0.352800
v -2.378490 1.902810 0.352800
v -2.380000 1.900000 0.350000
v -2.380000 1.900000 0.350000
v -2.378490 1.902810 0.352800
v -2.378490 1.902810 0.047200
v -2.380000 1.900000 0.050000
v -2.420000 1.700000 0.050000
v -2.421490 1.697200 0.047200
v -2.421490 1.902810 0.047200
v -2.420000 1.900000 0.050000
v -2.420000 1.900000 0.050000
v -2.421490 1.902810 0.047200
v -2.421490 1.902810 0.352800
v -2.420000 1.900000 0.350000
v -2.420000 1.900000 0.350000
v -2.421490 1.902810 0.352800
v -2.421490 1.697200 0.352800
v -2.420000 1.700000 0.350000
v -2.420000 1.700000 0.350000
v -2.421490 1.697200 0.352800
v -2.421490 1.697200 0.047200
v -2.420000 1.700000 0.050000
v -2.380000 1.600010 0.050000
v -2.378490 1.602800 0.047200
v -2.378490 0.897210 0.047200
v -2.380000 0.900000 0.050000
v -2.380000 0.900000 0.050000
v -2.378490 0.897210 0.047200
v -2.378490 0.897210 0.352800
v -2.380000 0.900000 0.350000
v -2.380000 0.900000 0.350000
v -2.378490 0.897210 0.352800
v -2.378490 1.602800 0.352800
v -2.380000 1.600010 0.350000
v -2.380000 1.600010 0.350000
v -2.378490 1.602800 0.352800
v -2.378490 1.602800 0.047200
v -2.380000 1.600010 0.050000
v -2.420000 0.900000 0.050000
v -2.421490 0.897210 0.047200
v -2.421490 1.602800 0.047200
v -2.420000 1.600010 0.050000
v -2.420000 1.600010 0.050000
v -2.421490 1.602800 0.047200
v -2.421490 1.602800 0.352800
v -2.420000 1.600010 0.350000
v -2.420000 1.600010 0.350000
v -2.421490 1.602800 0.352800
v -2.421490 0.897210 0.352800
v -2.420000 0.900000 0.350000
v -2.420000 0.900000 0.350000
v -2.421490 0.897210 0.352800
v -2.421490 0.897210 0.047200
v -2.420000 0.900000 0.050000
v -2.380000 0.200010 0.750010
v -2.378490 0.197210 0.752810
v -2.378490 0.802800 0.752810
v -2.380000 0.800010 0.750010
v -2.380000 0.800010 0.750010
v -2.378490 0.802800 0.752810
v -2.378490 0.802800 0.447210
v -2.380000 0.800010 0.450000
v -2.380000 0.800010 0.450000
v -2.378490 0.802800 0.447210
v -2.378490 0.197210 0.447210
v -2.380000 0.200010 0.450000
v -2.380000 0.200010 0.450000
v -2.378490 0.197210 0.447210
v -2.378490 0.197210 0.752810
v -2.380000 0.200010 0.750010
v -2.420000 0.800010 0.750010
v -2.421490 0.802800 0.752810
v -2.421490 0.197210 0.752810
v -2.420000 0.200010 0.750010
v -2.420000 0.200010 0.750010
v -2.421490 0.197210 0.752810
v -2.421490 0.197210 0.447210
v -2.420000 0.200010 0.450000
v -2.420000 0.200010 0.450000
v -2.421490 0.197210 0.447210
v -2.421490 0.802800 0.447210
v -2.420000 0.800010 0.450000
v -2.420000 0.800010 0.450000
v -2.421490 0.802800 0.447210
v -2.421490 0.802800 0.752810
v -2.420000 0.800010 0.750010
v -2.380000 1.700000 0.750010
v -2.378490 1.697200 0.752810
v -2.378490 1.902810 0.752810
v -2.380000 1.900000 0.750010
v -2.380000 1.900000 0.750010
v -2.378490 1.902810 0.752810
v -2.378490 1.902810 0.447210
v -2.380000 1.900000 0.450000
v -2.380000 1.900000 0.450000
v -2.378490 1.902810 0.447210
v -2.378490 1.697200 0.447210
v -2.380000 1.700000 0.450000
v -2.380000 1.700000 0.450000
v -2.378490 1.697200 0.447210
v -2.378490 1.697200 0.752810
v -2.380000 1.700000 0.750010
v -2.420000 0.900000 0.450000
v -2.421490 0.897210 0.447210
v -2.421490 1.602800 0.447210
v -2.420000 1.600010 0.450000
v -2.420000 1.600010 0.450000
v -2.421490 1.602800 0.447210
v -2.421490 1.602800 0.752810
v -2.420000 1.600010 0.750010
v -2.420000 1.600010 0.750010
v -2.421490 1.602800 0.752810
v -2.421490 0.897210 0.752810
v -2.420000 0.900000 0.750010
v -2.420000 0.900000 0.750010
v -2.421490 0.897210 0.752810
v -2.421490 0.897210 0.447210
v -2.420000 0.900000 0.450000
v -2.420000 1.900000 0.750010
v -2.421490 1.902810 0.752810
v -2.421490 1.697200 0.752810
v -2.420000 1.700000 0.750010
v -2.420000 1.700000 0.750010
v -2.421490 1.697200 0.752810
v -2.421490 1.697200 0.447210
v -2.420000 1.700000 0.450000
v -2.420000 1.700000 0.450000
v -2.421490 1.697200 0.447210
v -2.421490 1.902810 0.447210
v -2.420000 1.900000 0.450000
v -2.420000 1.900000 0.450000
v -2.421490 1.902810 0.447210
v -2.421490 1.902810 0.752810
v -2.420000 1.900000 0.750010
v -2.380000 1.600010 0.450000
v -2.378490 1.602800 0.447210
v -2.378490 0.897210 0.447210
v -2.380000 0.900000 0.450000
v -2.380000 0.900000 0.450000
v -2.378490 0.897210 0.447210
v -2.378490 0.897210 0.752810
v -2.380000 0.900000 0.750010
v -2.380000 0.900000 0.750010
v -2.378490 0.897210 0.752810
v -2.378490 1.602800 0.752810
v -2.380000 1.600010 0.750010
v -2.380000 1.600010 0.750010
v -2.378490 1.602800 0.752810
v -2.378490 1.602800 0.447210
v -2.380000 1.600010 0.450000
v -2.380000 0.200010 0.050000
v -2.371990 0.227900 0.077900
v -2.371990 0.772100 0.077900
v -2.380000 0.800010 0.050000
v -2.380000 0.800010 0.050000
v -2.371990 0.772100 0.077900
v -2.371990 0.772100 0.322100
v -2.380000 0.800010 0.350000
v -2.380000 0.800010 0.350000
v -2.371990 0.772100 0.322100
v -2.371990 0.227900 0.322100
v -2.380000 0.200010 0.350000
v -2.380000 0.200010 0.350000
v -2.371990 0.227900 0.322100
v -2.371990 0.227900 0.077900
v -2.380000 0.200010 0.050000
v -2.420000 0.800010 0.050000
v -2.428000 0.772100 0.077900
v -2.428000 0.227900 0.077900
v -2.420000 0.200010 0.050000
v -2.420000 0.200010 0.050000
v -2.428000 0.227900 0.077900
v -2.428000 0.227900 0.322100
v -2.420000 0.200010 0.350000
v -2.420000 0.200010 0.350000
v -2.428000 0.227900 0.322100
v -2.428000 0.772100 0.322100
v -2.420000 0.800010 0.350000
v -2.420000 0.800010 0.350000
v -2.428000 0.772100 0.322100
v -2.428000 0.772100 0.077900
v -2.420000 0.800010 0.050000
v -2.380000 1.700000 0.050000
v -2.371990 1.727910 0.077900
v -2.371990 1.872100 0.077900
v -2.380000 1.900000 0.050000
v -2.380000 1.900000 0.050000
v -2.371990 1.872100 0.077900
v -2.371990 1.872100 0.322100
v -2.380000 1.900000 0.350000
v -2.380000 1.900000 0.350000
v -2.371990 1.872100 0.322100
v -2.371990 1.727910 0.322100
v -2.380000 1.700000 0.350000
v -2.380000 1.700000 0.350000
v -2.371990 1.727910 0.322100
v -2.371990 1.727910 0.077900
v -2.380000 1.700000 0.050000
v -2.420000 1.900000 0.050000
v -2.428000 1.872100 0.077900
v -2.428000 1.727910 0.077900
v -2.420000 1.700000 0.050000
v -2.420000 1.700000 0.050000
v -2.428000 1.727910 0.077900
v -2.428000 1.727910 0.322100
v -2.420000 1.700000 0.350000
v -2.420000 1.700000 0.350000
v -2.428000 1.727910 0.322100
v -2.428000 1.872100 0.322100
v -2.420000 1.900000 0.350000
v -2.420000 1.900000 0.350000
v -2.428000 1.872100 0.322100
v -2.428000 1.872100 0.077900
v -2.420000 1.900000 0.050000
v -2.380000 0.900000 0.050000
v -2.371990 0.927900 0.077900
v -2.371990 1.572110 0.077900
v -2.380000 1.600010 0.050000
v -2.380000 1.600010 0.050000
v -2.371990 1.572110 0.077900
v -2.371990 1.572110 0.322100
v -2.380000 1.600010 0.350000
v -2.380000 1.600010 0.350000
v -2.371990 1.572110 0.322100
v -2.371990 0.927900 0.322100
v -2.380000 0.900000 0.350000
v -2.380000 0.900000 0.350000
v -2.371990 0.927900 0.322100
v -2.371990 0.927900 0.077900
v -2.380000 0.900000 0.050000
v -2.420000 1.600010 0.050000
v -2.428000 1.572110 0.077900
v -2.428000 0.927900 0.077900
v -2.420000 0.900000 0.050000
v -2.420000 0.900000 0.050000
v -2.428000 0.927900 0.077900
v -2.428000 0.927900 0.322100
v -2.420000 0.900000 0.350000
v -2.420000 0.900000 0.350000
v -2.428000 0.927900 0.322100
v -2.428000 1.572110 0.322100
v -2.420000 1.600010 0.350000
v -2.420000 1.600010 0.350000
v -2.428000 1.572110 0.322100
v -2.428000 1.572110 0.077900
v -2.420000 1.600010 0.050000
v -2.380000 0.800010 0.750010
v -2.371990 0.772100 0.722110
v -2.371990 0.227900 0.722110
v -2.380000 0.200010 0.750010
v -2.380000 0.200010 0.750010
v -2.371990 0.227900 0.722110
v -2.371990 0.227900 0.477910
v -2.380000 0.200010 0.450000
v -2.380000 0.200010 0.450000
v -2.371990 0.227900 0.477910
v -2.371990 0.772100 0.477910
v -2.380000 0.800010 0.450000
v -2.380000 0.800010 0.450000
v -2.371990 0.772100 0.477910
v -2.371990 0.772100 0.722110
v -2.380000 0.800010 0.750010
v -2.420000 0.200010 0.750010
v -2.428000 0.227900 0.722110
v -2.428000 0.772100 0.722110
v -2.420000 0.800010 0.750010
v -2.420000 0.800010 0.750010
v -2.428000 0.772100 0.722110
v -2.428000 0.772100 0.477900
v -2.420000 0.800010 0.450000
v -2.420000 0.800010 0.450000
v -2.428000 0.772100 0.477900
v -2.428000 0.227900 0.477900
v -2.420000 0.200010 0.450000
v -2.420000 0.200010 0.450000
v -2.428000 0.227900 0.477900
v -2.428000 0.227900 0.722110
v -2.420000 0.200010 0.750010
v -2.380000 1.900000 0.750010
v -2.371990 1.872100 0.722110
v -2.371990 1.727910 0.722110
v -2.380000 1.700000 0.750010
v -2.380000 1.700000 0.750010
v -2.371990 1.727910 0.722110
v -2.371990 1.727910 0.477910
v -2.380000 1.700000 0.450000
v -2.380000 1.700000 0.450000
v -2.371990 1.727910 0.477910
v -2.371990 1.872100 0.477910
v -2.380000 1.900000 0.450000
v -2.380000 1.900000 0.450000
v -2.371990 1.872100 0.477910
v -2.371990 1.872100 0.722110
v -2.380000 1.900000 0.750010
v -2.420000 1.700000 0.750010
v -2.428000 1.727910 0.722110
v -2.428000 1.872100 0.722110
v -2.420000 1.900000 0.750010
v -2.420000 1.900000 0.750010
v -2.428000 1.872100 0.722110
v -2.428000 1.872100 0.477900
v -2.420000 1.900000 0.450000
v -2.420000 1.900000 0.450000
v -2.428000 1.872100 0.477900
v -2.428000 1.727910 0.477900
v -2.420000 1.700000 0.450000
v -2.420000 1.700000 0.450000
v -2.428000 1.727910 0.477900
v -2.428000 1.727910 0.722110
v -2.420000 1.700000 0.750010
v -2.380000 1.600010 0.750010
v -2.371990 1.572110 0.722110
v -2.371990 0.927900 0.722110
v -2.380000 0.900000 0.750010
v -2.380000 0.900000 0.750010
v -2.371990 0.927900 0.722110
v -2.371990 0.927900 0.477910
v -2.380000 0.900000 0.450000
v -2.380000 0.900000 0.450000
v -2.371990 0.927900 0.477910
v -2.371990 1.572110 0.477910
v -2.380000 1.600010 0.450000
v -2.380000 1.600010 0.450000
v -2.371990 1.572110 0.477910
v -2.371990 1.572110 0.722110
v -2.380000 1.600010 0.750010
v -2.420000 0.900000 0.750010
v -2.428000 0.927900 0.722110
v -2.428000 1.572110 0.722110
v -2.420000 1.600010 0.750010
v -2.420000 1.600010 0.750010
v -2.428000 1.572110 0.722110
v -2.428000 1.572110 0.477900
v -2.420000 1.600010 0.450000
v -2.420000 1.600010 0.450000
v -2.428000 1.572110 0.477900
v -2.428000 0.927900 0.477900
v -2.420000 0.900000 0.450000
v -2.420000 0.900000 0.450000
v -2.428000 0.927900 0.477900
v -2.428000 0.927900 0.722110
v -2.420000 0.900000 0.750010
v -2.378490 0.200010 0.822210
v -2.376500 0.003900 0.821110
v -2.378490 0.002800 0.822210
v -2.376500 0.200010 0.821110
v -2.378490 0.800010 0.822210
v -2.376500 0.800010 0.821110
v -2.378490 0.900000 0.822210
v -2.376500 0.900000 0.821110
v -2.378490 1.600010 0.822210
v -2.376500 1.600010 0.821110
v -2.378490 1.700000 0.822210
v -2.376500 1.700000 0.821110
v -2.378490 1.900000 0.822210
v -2.376500 1.900000 0.821110
v -2.378490 1.997210 0.822210
v -2.376500 1.996100 0.821110
v -2.378490 0.002800 0.822210
v -2.376500 0.003900 0.821110
v -2.376500 0.003900 0.750010
v -2.378490 0.002800 0.750010
v -2.376500 0.003900 0.450000
v -2.378490 0.002800 0.450000
v -2.376500 0.003900 0.350000
v -2.378490 0.002800 0.350000
v -2.376490 0.003900 0.050000
v -2.378490 0.002800 0.050000
v -2.376490 0.003900 -0.021100
v -2.378490 0.002800 -0.022200
v -2.378490 0.002800 -0.022200
v -2.376490 0.003900 -0.021100
v -2.376490 0.200010 -0.021100
v -2.378490 0.200010 -0.022200
v -2.376490 0.800010 -0.021100
v -2.378490 0.800010 -0.022200
v -2.376490 0.900000 -0.021100
v -2.378490 0.900000 -0.022200
v -2.376490 1.600010 -0.021100
v -2.378490 1.600010 -0.022200
v -2.376490 1.700000 -0.021100
v -2.378490 1.700000 -0.022200
v -2.376490 1.900000 -0.021100
v -2.378490 1.900000 -0.022200
v -2.376490 1.996100 -0.021100
v -2.378490 1.997210 -0.022200
v -2.378490 1.997210 0.050000
v -2.376500 1.996100 0.350000
v -2.378490 1.997210 0.350000
v -2.376500 1.996100 0.450000
v -2.378490 1.997210 0.450000
v -2.376500 1.996100 0.750010
v -2.378490 1.997210 0.750010
v -2.376500 1.996100 0.821110
v -2.378490 1.997210 0.822210
v -2.378490 0.197210 0.752810
v -2.376500 0.196100 0.753910
v -2.376500 0.803910 0.753910
v -2.378490 0.802800 0.752810
v -2.378490 0.802800 0.752810
v -2.376500 0.803910 0.753910
v -2.376500 0.803910 0.446100
v -2.378490 0.802800 0.447210
v -2.378490 0.802800 0.447210
v -2.376500 0.803910 0.446100
v -2.376500 0.196100 0.446100
v -2.378490 0.197210 0.447210
v -2.378490 0.197210 0.447210
v -2.376500 0.196100 0.446100
v -2.376500 0.196100 0.753910
v -2.378490 0.197210 0.752810
v -2.421490 0.802800 0.752810
v -2.423490 0.803910 0.753910
v -2.423490 0.196100 0.753910
v -2.421490 0.197210 0.752810
v -2.421490 0.197210 0.752810
v -2.423490 0.196100 0.753910
v -2.423490 0.196100 0.446100
v -2.421490 0.197210 0.447210
v -2.421490 0.197210 0.447210
v -2.423490 0.196100 0.446100
v -2.423490 0.803910 0.446100
v -2.421490 0.802800 0.447210
v -2.421490 0.802800 0.447210
v -2.423490 0.803910 0.446100
v -2.423490 0.803910 0.753910
v -2.421490 0.802800 0.752810
v -2.421500 1.900000 0.822210
v -2.423490 1.996100 0.821110
v -2.421500 1.997210 0.822210
v -2.423490 1.900000 0.821110
v -2.421500 1.700000 0.822210
v -2.423490 1.700000 0.821110
v -2.421500 1.600010 0.822210
v -2.423490 1.600010 0.821110
v -2.421500 0.900000 0.822210
v -2.423490 0.900000 0.821110
v -2.421500 0.800010 0.822210
v -2.423490 0.800010 0.821110
v -2.421500 0.200010 0.822210
v -2.423490 0.200010 0.821110
v -2.421500 0.002800 0.822210
v -2.423490 0.003900 0.821110
v -2.421490 1.997210 0.750010
v -2.423490 1.996100 0.450000
v -2.421490 1.997210 0.450000
v -2.423490 1.996100 0.350000
v -2.421490 1.997210 0.350000
v -2.423490 1.996100 0.050000
v -2.421490 1.997210 0.050000
v -2.423490 1.996100 -0.021100
v -2.421490 1.997210 -0.022200
v -2.421490 1.997210 -0.022200
v -2.423490 1.996100 -0.021100
v -2.423490 1.900000 -0.021100
v -2.421490 1.900000 -0.022200
v -2.423490 1.700000 -0.021100
v -2.421490 1.700000 -0.022200
v -2.423490 1.600010 -0.021100
v -2.421490 1.600010 -0.022200
v -2.423490 0.900000 -0.021100
v -2.421490 0.900000 -0.022200
v -2.423490 0.800010 -0.021100
v -2.421490 0.800010 -0.022200
v -2.423490 0.200010 -0.021100
v -2.421490 0.200010 -0.022200
v -2.423490 0.003900 -0.021100
v -2.421490 0.002800 -0.022200
v -2.421490 0.002800 -0.022200
v -2.423490 0.003900 -0.021100
v -2.423490 0.003900 0.050000
v -2.421490 0.002800 0.050000
v -2.423490 0.003900 0.350000
v -2.421490 0.002800 0.350000
v -2.423490 0.003900 0.450000
v -2.421490 0.002800 0.450000
v -2.423490 0.003900 0.750010
v -2.421490 0.002800 0.750010
v -2.423490 0.003900 0.821110
v -2.421500 0.002800 0.822210
v -2.378490 1.697200 0.752810
v -2.376500 1.696110 0.753910
v -2.376500 1.903900 0.753910
v -2.378490 1.902810 0.752810
v -2.378490 1.902810 0.752810
v -2.376500 1.903900 0.753910
v -2.376500 1.903900 0.446100
v -2.378490 1.902810 0.447210
v -2.378490 1.902810 0.447210
v -2.376500 1.903900 0.446100
v -2.376500 1.696110 0.446100
v -2.378490 1.697200 0.447210
v -2.378490 1.697200 0.447210
v -2.376500 1.696110 0.446100
v -2.376500 1.696110 0.753910
v -2.378490 1.697200 0.752810
v -2.421490 1.902810 0.752810
v -2.423490 1.903900 0.753910
v -2.423490 1.696110 0.753910
v -2.421490 1.697200 0.752810
v -2.421490 1.697200 0.752810
v -2.423490 1.696110 0.753910
v -2.423490 1.696110 0.446100
v -2.421490 1.697200 0.447210
v -2.421490 1.697200 0.447210
v -2.423490 1.696110 0.446100
v -2.423490 1.903900 0.446100
v -2.421490 1.902810 0.447210
v -2.421490 1.902810 0.447210
v -2.423490 1.903900 0.446100
v -2.423490 1.903900 0.753910
v -2.421490 1.902810 0.752810
v -2.378490 0.897210 0.752810
v -2.376500 0.896100 0.753910
v -2.376500 1.603900 0.753910
v -2.378490 1.602800 0.752810
v -2.378490 1.602800 0.752810
v -2.376500 1.603900 0.753910
v -2.376500 1.603900 0.446100
v -2.378490 1.602800 0.447210
v -2.378490 1.602800 0.447210
v -2.376500 1.603900 0.446100
v -2.376500 0.896100 0.446100
v -2.378490 0.897210 0.447210
v -2.378490 0.897210 0.447210
v -2.376500 0.896100 0.446100
v -2.376500 0.896100 0.753910
v -2.378490 0.897210 0.752810
v -2.421490 1.602800 0.752810
v -2.423490 1.603900 0.753910
v -2.423490 0.896100 0.753910
v -2.421490 0.897210 0.752810
v -2.421490 0.897210 0.752810
v -2.423490 0.896100 0.753910
v -2.423490 0.896100 0.446100
v -2.421490 0.897210 0.447210
v -2.421490 0.897210 0.447210
v -2.423490 0.896100 0.446100
v -2.423490 1.603900 0.446100
v -2.421490 1.602800 0.447210
v -2.421490 1.602800 0.447210
v -2.423490 1.603900 0.446100
v -2.423490 1.603900 0.753910
v -2.421490 1.602800 0.752810
v -2.378490 0.802800 0.047200
v -2.376490 0.803910 0.046100
v -2.376490 0.196100 0.046100
v -2.378490 0.197210 0.047200
v -2.378490 0.197210 0.047200
v -2.376490 0.196100 0.046100
v -2.376500 0.196100 0.353900
v -2.378490 0.197210 0.352800
v -2.378490 0.197210 0.352800
v -2.376500 0.196100 0.353900
v -2.376500 0.803910 0.353900
v -2.378490 0.802800 0.352800
v -2.378490 0.802800 0.352800
v -2.376500 0.803910 0.353900
v -2.376490 0.803910 0.046100
v -2.378490 0.802800 0.047200
v -2.421490 0.197210 0.047200
v -2.423490 0.196100 0.046100
v -2.423490 0.803910 0.046100
v -2.421490 0.802800 0.047200
v -2.421490 0.802800 0.047200
v -2.423490 0.803910 0.046100
v -2.423490 0.803910 0.353900
v -2.421490 0.802800 0.352800
v -2.421490 0.802800 0.352800
v -2.423490 0.803910 0.353900
v -2.423490 0.196100 0.353900
v -2.421490 0.197210 0.352800
v -2.421490 0.197210 0.352800
v -2.423490 0.196100 0.353900
v -2.423490 0.196100 0.046100
v -2.421490 0.197210 0.047200
v -2.378490 1.902810 0.047200
v -2.376490 1.903900 0.046100
v -2.376490 1.696110 0.046100
v -2.378490 1.697200 0.047200
v -2.378490 1.697200 0.047200
v -2.376490 1.696110 0.046100
v -2.376500 1.696110 0.353900
v -2.378490 1.697200 0.352800
v -2.378490 1.697200 0.352800
v -2.376500 1.696110 0.353900
v -2.376500 1.903900 0.353900
v -2.378490 1.902810 0.352800
v -2.378490 1.902810 0.352800
v -2.376500 1.903900 0.353900
v -2.376490 1.903900 0.046100
v -2.378490 1.902810 0.047200
v -2.421490 1.697200 0.047200
v -2.423490 1.696110 0.046100
v -2.423490 1.903900 0.046100
v -2.421490 1.902810 0.047200
v -2.421490 1.902810 0.047200
v -2.423490 1.903900 0.046100
v -2.423490 1.903900 0.353900
v -2.421490 1.902810 0.352800
v -2.421490 1.902810 0.352800
v -2.423490 1.903900 0.353900
v -2.423490 1.696110 0.353900
v -2.421490 1.697200 0.352800
v -2.421490 1.697200 0.352800
v -2.423490 1.696110 0.353900
v -2.423490 1.696110 0.046100
v -2.421490 1.697200 0.047200
v -2.378490 1.602800 0.047200
v -2.376490 1.603900 0.046100
v -2.376490 0.896100 0.046100
v -2.378490 0.897210 0.047200
v -2.378490 0.897210 0.047200
v -2.376490 0.896100 0.046100
v -2.376500 0.896100 0.353900
v -2.378490 0.897210 0.352800
v -2.378490 0.897210 0.352800
v -2.376500 0.896100 0.353900
v -2.376500 1.603900 0.353900
v -2.378490 1.602800 0.352800
v -2.378490 1.602800 0.352800
v -2.376500 1.603900 0.353900
v -2.376490 1.603900 0.046100
v -2.378490 1.602800 0.047200
v -2.421490 0.897210 0.047200
v -2.423490 0.896100 0.046100
v -2.423490 1.603900 0.046100
v -2.421490 1.602800 0.047200
v -2.421490 1.602800 0.047200
v -2.423490 1.603900 0.046100
v -2.423490 1.603900 0.353900
v -2.421490 1.602800 0.352800
v -2.421490 1.602800 0.352800
v -2.423490 1.603900 0.353900
v -2.423490 0.896100 0.353900
v -2.421490 0.897210 0.352800
v -2.421490 0.897210 0.352800
v -2.423490 0.896100 0.353900
v -2.423490 0.896100 0.046100
v -2.421490 0.897210 0.047200
v -2.376490 0.196100 0.046100
v -2.376490 0.003900 0.050000
v -2.376500 0.003900 0.350000
v -2.376490 0.003900 -0.021100
v -2.376490 0.200010 -0.021100
v -2.376500 0.196100 0.353900
v -2.376490 0.803910 0.046100
v -2.376500 0.003900 0.450000
v -2.376490 0.800010 -0.021100
v -2.376500 0.196100 0.446100
v -2.376500 0.803910 0.353900
v -2.376500 0.196100 0.753910
v -2.376500 0.003900 0.750010
v -2.376500 0.003900 0.821110
v -2.376500 0.200010 0.821110
v -2.376500 0.803910 0.753910
v -2.376500 0.800010 0.821110
v -2.376500 0.900000 0.821110
v -2.376500 0.803910 0.446100
v -2.376500 0.896100 0.753910
v -2.376500 1.600010 0.821110
v -2.376500 0.896100 0.446100
v -2.376500 1.603900 0.753910
v -2.376500 1.700000 0.821110
v -2.376500 0.896100 0.353900
v -2.376500 1.603900 0.446100
v -2.376500 1.696110 0.753910
v -2.376500 1.900000 0.821110
v -2.376490 0.896100 0.046100
v -2.376490 0.900000 -0.021100
v -2.376490 1.600010 -0.021100
v -2.376500 1.603900 0.353900
v -2.376490 1.603900 0.046100
v -2.376500 1.903900 0.753910
v -2.376500 1.996100 0.821110
v -2.376500 1.996100 0.750010
v -2.376500 1.996100 0.450000
v -2.376500 1.903900 0.446100
v -2.376500 1.696110 0.446100
v -2.376500 1.996100 0.350000
v -2.376500 1.696110 0.353900
v -2.376500 1.903900 0.353900
v -2.376490 1.696110 0.046100
v -2.376490 1.700000 -0.021100
v -2.376490 1.900000 -0.021100
v -2.376490 1.903900 0.046100
v -2.376490 1.996100 0.050000
v -2.376490 1.996100 -0.021100
v -2.423490 0.196100 0.046100
v -2.423490 0.003900 0.350000
v -2.423490 0.003900 0.050000
v -2.423490 0.003900 -0.021100
v -2.423490 0.200010 -0.021100
v -2.423490 0.803910 0.046100
v -2.423490 0.800010 -0.021100
v -2.423490 0.196100 0.353900
v -2.423490 0.900000 -0.021100
v -2.423490 0.196100 0.446100
v -2.423490 0.003900 0.450000
v -2.423490 0.803910 0.353900
v -2.423490 0.896100 0.046100
v -2.423490 1.600010 -0.021100
v -2.423490 0.196100 0.753910
v -2.423490 0.003900 0.750010
v -2.423490 0.003900 0.821110
v -2.423490 0.200010 0.821110
v -2.423490 0.803910 0.753910
v -2.423490 0.803910 0.446100
v -2.423490 0.800010 0.821110
v -2.423490 1.603900 0.046100
v -2.423490 1.700000 -0.021100
v -2.423490 0.896100 0.353900
v -2.423490 0.896100 0.446100
v -2.423490 0.896100 0.753910
v -2.423490 0.900000 0.821110
v -2.423490 1.603900 0.446100
v -2.423490 1.600010 0.821110
v -2.423490 1.603900 0.753910
v -2.423490 1.603900 0.353900
v -2.423490 1.696110 0.046100
v -2.423490 1.900000 -0.021100
v -2.423490 1.696110 0.353900
v -2.423490 1.903900 0.046100
v -2.423490 1.996100 -0.021100
v -2.423490 1.996100 0.050000
v -2.423490 1.996100 0.350000
v -2.423490 1.903900 0.353900
v -2.423490 1.996100 0.450000
v -2.423490 1.696110 0.446100
v -2.423490 1.903900 0.446100
v -2.423490 1.696110 0.753910
v -2.423490 1.903900 0.753910
v -2.423490 1.700000 0.821110
v -2.423490 1.900000 0.821110
v -2.423490 1.996100 0.750010
v -2.423490 1.996100 0.821110
vn 0.4854 0.8743 -0.0000
vn 0.4853 0.8743 -0.0000
vn -0.4853 0.8743 -0.0000
vn -0.4872 0.8733 -0.0000
vn -0.4871 0.8733 -0.0000
vn -0.0000 -0.0000 -1.0000
vn -0.0000 -0.0000 1.0000
vn 1.0000 -0.0000 -0.0000
vn 0.9983 -0.0000 0.0582
vn 0.9983 -0.0583 -0.0000
vn 0.9983 -0.0581 -0.0000
vn 0.9983 -0.0000 -0.0582
vn 0.9983 0.0583 -0.0000
vn 0.9983 0.0581 -0.0000
vn -1.0000 -0.0000 -0.0000
vn -0.9983 -0.0000 0.0582
vn -0.9985 0.0555 -0.0000
vn -0.9983 0.0583 -0.0000
vn -0.9985 -0.0000 -0.0555
vn -0.9983 -0.0581 -0.0000
vn -0.9985 -0.0556 -0.0000
vn -0.9984 -0.0557 -0.0000
vn -0.0002 -1.0000 -0.0000
vn -0.0003 -1.0000 -0.0000
vn -0.0000 1.0000 -0.0000
vn -0.9985 -0.0553 -0.0000
vn -0.9985 -0.0000 0.0553
vn -0.9985 0.0556 -0.0000
vn -0.9985 0.0554 -0.0000
vn 0.8801 -0.0000 -0.4747
vn 0.8802 -0.0000 -0.4747
vn 0.8794 0.4760 -0.0000
vn 0.8794 0.4761 -0.0000
vn 0.8795 0.4760 -0.0000
vn 0.8801 -0.0000 0.4747
vn 0.8802 -0.0000 0.4747
vn 0.8801 -0.4747 -0.0000
vn 0.8802 -0.4747 -0.0000
vn -0.8828 -0.0000 -0.4697
vn -0.8821 -0.4710 -0.0000
vn -0.8821 -0.4711 -0.0000
vn -0.8821 -0.4710 -0.0001
vn -0.8807 -0.4736 -0.0000
vn -0.8815 -0.0000 0.4722
vn -0.8821 0.4711 -0.0000
vn -0.8807 0.4737 -0.0001
vn -0.8808 0.4736 -0.0001
vn -0.8821 0.4710 -0.0000
vn -0.8822 0.4709 -0.0000
vn 0.8801 0.4748 -0.0000
vn 0.8802 0.4746 -0.0000
vn 0.8795 -0.4760 -0.0000
vn 0.8795 -0.4759 -0.0000
vn -0.8828 -0.0000 0.4697
vn -0.8820 -0.4713 -0.0000
vn -0.8828 0.4698 -0.0000
vn -0.8827 0.4699 -0.0000
vn 0.8801 0.4747 -0.0000
vn 0.8802 0.4745 -0.0000
vn 0.8809 -0.4733 -0.0000
vn -0.8835 -0.4684 -0.0000
vn -0.8834 -0.4687 -0.0000
vn -0.8834 -0.4686 -0.0000
vn 0.8795 0.4759 -0.0000
vn -0.8820 0.4712 -0.0000
vn 0.8794 -0.4761 -0.0000
vn 0.8794 -0.4760 -0.0000
vn 0.8794 -0.0000 0.4760
vn -0.8828 0.4697 -0.0000
vn -0.8821 -0.0000 0.4711
vn -0.8821 -0.0000 0.4710
vn 0.8808 -0.4734 -0.0000
vn 0.8809 -0.4734 -0.0000
vn -0.8828 -0.0000 -0.4698
vn -0.8835 -0.4685 -0.0000
vn 0.9612 -0.0000 -0.2760
vn 0.9612 0.2759 -0.0000
vn 0.9612 -0.0000 0.2760
vn 0.9611 -0.2760 -0.0000
vn -0.9613 -0.0000 -0.2756
vn -0.9612 -0.2757 -0.0000
vn -0.9613 -0.0000 0.2756
vn -0.9613 0.2755 -0.0000
vn 0.9612 0.2760 -0.0000
vn 0.9612 -0.2758 -0.0000
vn 0.9612 -0.2759 -0.0000
vn -0.9613 -0.2755 -0.0000
vn -0.9613 0.2756 -0.0000
vn 0.9612 -0.2760 -0.0000
vn -0.9613 -0.2756 -0.0000
vn 0.9611 -0.2761 -0.0000
vn 0.9612 -0.0000 -0.2759
vn 0.4837 -0.0000 0.8752
vn 0.4838 -0.0000 0.8752
vn 0.4838 -0.8752 -0.0000
vn 0.4819 -0.8762 -0.0000
vn 0.4819 -0.0000 -0.8762
vn 0.4871 0.8733 -0.0000
vn 0.4872 0.8733 -0.0000
vn 0.4838 -0.0000 -0.8752
vn 0.4837 -0.0000 -0.8752
vn 0.4871 -0.8733 -0.0000
vn 0.4872 -0.8733 -0.0000
vn 0.4871 -0.0000 0.8733
vn -0.4819 -0.0000 -0.8762
vn -0.4852 0.8744 -0.0000
vn -0.4853 0.8744 -0.0000
vn -0.4852 -0.0000 0.8744
vn -0.4852 -0.8744 -0.0000
vn -0.4853 -0.8744 -0.0000
vn -0.4838 -0.0000 0.8752
vn -0.4837 -0.0000 0.8752
vn -0.4819 -0.8762 -0.0000
vn -0.4820 -0.8762 -0.0000
vn -0.4837 -0.8752 -0.0001
vn 0.4804 -0.8771 -0.0000
vn 0.4805 -0.8770 -0.0000
vn 0.4803 0.8771 -0.0000
vn 0.4804 0.8771 -0.0000
vn -0.4785 0.8781 -0.0000
vn -0.4853 -0.0000 0.8744
vn -0.4785 -0.8781 -0.0000
vn -0.4786 -0.8780 -0.0000
vn 0.4837 -0.8752 -0.0000
vn -0.4818 -0.8763 -0.0000
vn 0.4819 -0.0000 0.8762
vn 0.4871 0.8734 -0.0000
vn 0.4853 -0.8743 -0.0000
vn 0.4853 -0.8744 -0.0000
vn -0.4819 -0.0000 0.8762
vn 0.4786 0.8781 -0.0000
vn 0.4786 0.8780 -0.0000
vn 0.4786 -0.8780 -0.0000
vn -0.4786 -0.8781 -0.0000
vn -0.4786 0.8780 -0.0000
vt 4.370915 3.036492
vt 4.370915 2.950600
vt 4.372794 2.948723
vt 4.370915 0.728728
vt 4.370915 0.642823
vt 4.372794 0.640945
vt 2.642267 2.270539
vt 2.642267 2.345694
vt 2.589044 2.270539
vt 2.589044 2.345694
vt 2.482596 2.345694
vt 2.482596 2.270539
vt 2.429372 2.270539
vt 2.429372 2.345694
vt 2.056805 2.345694
vt 2.056805 2.270539
vt 2.003581 2.345694
vt 2.003581 2.270539
vt 1.684238 2.345694
vt 1.684238 2.270539
vt 1.577790 2.270539
vt 1.577790 2.345694
vt 2.642268 4.578232
vt 2.642268 4.653386
vt 2.589045 4.578232
vt 2.589045 4.653386
vt 2.482597 4.653386
vt 2.482597 4.578232
vt 2.429373 4.578232
vt 2.429373 4.653386
vt 2.056805 4.653386
vt 2.056805 4.578232
vt 2.003581 4.653386
vt 2.003581 4.578232
vt 1.684238 4.653386
vt 1.684238 4.578232
vt 1.577790 4.578232
vt 1.577790 4.653386
vt 1.249373 3.142890
vt 0.700824 3.142890
vt 0.700824 2.910865
vt 1.249373 2.910865
vt 0.697146 2.907341
vt 1.253051 2.907341
vt 1.253051 3.146414
vt 0.697146 3.146414
vt 0.700824 1.473343
vt 1.249373 1.473343
vt 1.249373 1.705368
vt 0.700824 1.705368
vt 1.253051 1.708892
vt 0.697146 1.708892
vt 0.697146 1.469818
vt 1.253051 1.469818
vt 3.995892 3.142891
vt 3.855945 3.142891
vt 3.855945 2.910864
vt 3.995892 2.910864
vt 3.852267 2.907339
vt 3.999570 2.907339
vt 3.999570 3.146415
vt 3.852267 3.146415
vt 3.855944 1.473341
vt 3.995893 1.473341
vt 3.995893 1.705371
vt 3.855944 1.705371
vt 3.999571 1.708895
vt 3.852266 1.708895
vt 3.852266 1.469816
vt 3.999571 1.469816
vt 3.002843 3.142889
vt 2.352146 3.142889
vt 2.352146 2.910866
vt 3.002843 2.910866
vt 2.348468 2.907341
vt 3.006521 2.907341
vt 3.006521 3.146414
vt 2.348468 3.146414
vt 2.352145 1.473343
vt 3.002844 1.473343
vt 3.002844 1.705368
vt 2.352145 1.705368
vt 3.006521 1.708892
vt 2.348468 1.708892
vt 2.348468 1.469819
vt 3.006521 1.469819
vt 4.648413 4.068019
vt 4.571645 4.068019
vt 4.648413 4.028942
vt 4.571645 4.028942
vt 4.571645 3.872630
vt 4.648413 3.872630
vt 4.648413 3.820526
vt 4.571645 3.820526
vt 4.571645 3.664214
vt 4.648413 3.664214
vt 4.648413 3.625136
vt 4.571645 3.625136
vt 4.571645 1.702056
vt 4.648413 1.702056
vt 4.571645 1.741135
vt 4.648413 1.741135
vt 4.648413 1.897449
vt 4.571645 1.897449
vt 4.571645 1.949554
vt 4.648413 1.949554
vt 4.648413 2.105869
vt 4.571645 2.105869
vt 4.571645 2.144947
vt 4.648413 2.144947
vt 0.700825 3.781036
vt 1.249372 3.781036
vt 1.249372 4.013061
vt 0.700825 4.013061
vt 1.253050 4.016585
vt 0.697147 4.016585
vt 0.697147 3.777511
vt 1.253050 3.777511
vt 1.249373 0.835198
vt 0.700824 0.835198
vt 0.700824 0.603173
vt 1.249373 0.603173
vt 0.697146 0.599648
vt 1.253051 0.599648
vt 1.253051 0.838722
vt 0.697146 0.838722
vt 3.855944 3.781033
vt 3.995893 3.781033
vt 3.995893 4.013063
vt 3.855944 4.013063
vt 3.999571 4.016588
vt 3.852266 4.016588
vt 3.852266 3.777508
vt 3.999571 3.777508
vt 3.995893 0.835201
vt 3.855943 0.835201
vt 3.855943 0.603170
vt 3.995893 0.603170
vt 3.852266 0.599645
vt 3.999571 0.599645
vt 3.999571 0.838726
vt 3.852266 0.838726
vt 2.352145 3.781036
vt 3.002844 3.781036
vt 3.002844 4.013061
vt 2.352145 4.013061
vt 3.006521 4.016585
vt 2.348468 4.016585
vt 2.348468 3.777511
vt 3.006521 3.777511
vt 3.002844 0.835198
vt 2.352145 0.835198
vt 2.352145 0.603173
vt 3.002844 0.603173
vt 2.348467 0.599648
vt 3.006522 0.599648
vt 3.006522 0.838722
vt 2.348467 0.838722
vt 3.197969 2.538993
vt 3.194923 2.541912
vt 3.089176 2.538993
vt 3.089176 2.541912
vt 2.871588 2.538993
vt 2.871588 2.541912
vt 2.762793 2.538993
vt 2.762793 2.541912
vt 2.001235 2.538993
vt 2.001235 2.541912
vt 1.892441 2.538993
vt 1.892441 2.541912
vt 1.239677 2.538993
vt 1.239677 2.541912
vt 1.022089 2.538993
vt 1.025135 2.541912
vt 4.375190 3.096917
vt 4.375190 3.021613
vt 4.378236 3.018692
vt 4.378236 3.096917
vt 4.375190 3.409813
vt 4.378236 3.409813
vt 4.375190 3.514112
vt 4.378236 3.514112
vt 4.375190 3.827009
vt 4.378236 3.827009
vt 4.375190 3.902313
vt 4.378236 3.905233
vt 3.089398 4.382014
vt 3.195170 4.382014
vt 3.198216 4.384933
vt 3.089398 4.384933
vt 2.871760 4.382014
vt 2.871760 4.384933
vt 2.762941 4.382014
vt 2.762941 4.384933
vt 2.001210 4.382014
vt 2.001210 4.384933
vt 1.892392 4.382014
vt 1.892392 4.384933
vt 1.239479 4.382014
vt 1.239479 4.384933
vt 1.024889 4.382014
vt 1.021842 4.384933
vt -0.155131 3.826923
vt -0.155131 3.902209
vt -0.158177 3.905128
vt -0.158177 3.826923
vt -0.155131 3.514100
vt -0.158177 3.514100
vt -0.155131 3.409826
vt -0.158177 3.409826
vt -0.155131 3.097003
vt -0.158177 3.097003
vt -0.155131 3.021717
vt -0.158177 3.018797
vt 1.022001 2.077241
vt 1.025047 2.074322
vt 1.239606 2.077241
vt 1.239606 2.074322
vt 1.892423 2.077241
vt 1.892423 2.074322
vt 2.001226 2.077241
vt 2.001226 2.074322
vt 2.762846 2.077241
vt 2.762846 2.074322
vt 2.871649 2.077241
vt 2.871649 2.074322
vt 3.089255 2.077241
vt 3.089255 2.074322
vt 3.198057 2.077241
vt 3.195011 2.074322
vt -0.155131 1.519216
vt -0.155131 1.594500
vt -0.158177 1.597419
vt -0.158177 1.519216
vt -0.155131 1.206406
vt -0.158177 1.206406
vt -0.155131 1.102135
vt -0.158177 1.102135
vt -0.155131 0.789325
vt -0.158177 0.789325
vt -0.155131 0.714042
vt -0.158177 0.711122
vt 1.239646 0.234220
vt 1.025096 0.234220
vt 1.022050 0.231300
vt 1.239646 0.231300
vt 1.892433 0.234220
vt 1.892433 0.231300
vt 2.001231 0.234220
vt 2.001231 0.231300
vt 2.762816 0.234220
vt 2.762816 0.231300
vt 2.871614 0.234220
vt 2.871614 0.231300
vt 3.089211 0.234220
vt 3.089211 0.231300
vt 3.194962 0.234220
vt 3.198008 0.231300
vt 4.375190 0.789311
vt 4.375190 0.714025
vt 4.378236 0.711106
vt 4.378236 0.789311
vt 4.375190 1.102133
vt 4.378236 1.102133
vt 4.375190 1.206408
vt 4.378236 1.206408
vt 4.375190 1.519230
vt 4.378236 1.519230
vt 4.375190 1.594516
vt 4.378236 1.597436
vt 0.645650 2.696059
vt 1.304547 2.696059
vt 1.301501 2.698978
vt 0.648697 2.698978
vt 0.289439 3.186207
vt 0.289439 2.867549
vt 0.292486 2.870469
vt 0.292486 3.183287
vt 1.304551 3.357697
vt 0.645646 3.357697
vt 0.648692 3.354777
vt 1.301505 3.354777
vt 1.660758 2.867541
vt 1.660758 3.186214
vt 1.657712 3.183295
vt 1.657712 2.870461
vt 1.304544 1.920175
vt 0.645653 1.920175
vt 0.648700 1.917256
vt 1.301498 1.917256
vt 1.660758 1.430038
vt 1.660758 1.748674
vt 1.657712 1.745755
vt 1.657712 1.432957
vt 0.645669 1.258537
vt 1.304529 1.258537
vt 1.301483 1.261456
vt 0.648715 1.261456
vt 0.289439 1.748679
vt 0.289439 1.430033
vt 0.292486 1.432953
vt 0.292486 1.745759
vt 3.814130 2.696059
vt 4.037706 2.696059
vt 4.034662 2.698977
vt 3.817175 2.698977
vt 3.694231 3.186233
vt 3.694231 2.867523
vt 3.697278 2.870443
vt 3.697278 3.183313
vt 4.037769 3.357697
vt 3.814068 3.357697
vt 3.817114 3.354778
vt 4.034722 3.354778
vt 4.157606 2.867461
vt 4.157606 3.186295
vt 4.154559 3.183373
vt 4.154559 2.870382
vt 4.037745 1.920175
vt 3.814091 1.920175
vt 3.817137 1.917256
vt 4.034699 1.917256
vt 4.157606 1.430006
vt 4.157606 1.748706
vt 4.154559 1.745786
vt 4.154559 1.432926
vt 3.814057 1.258536
vt 4.037780 1.258536
vt 4.034733 1.261456
vt 3.817103 1.261456
vt 3.694231 1.748691
vt 3.694231 1.430021
vt 3.697278 1.432941
vt 3.697278 1.745771
vt 2.293639 2.696059
vt 3.061351 2.696059
vt 3.058304 2.698978
vt 2.296685 2.698978
vt 1.878342 3.186235
vt 1.878342 2.867521
vt 1.881389 2.870441
vt 1.881389 3.183315
vt 3.061347 3.357697
vt 2.293643 3.357697
vt 2.296689 3.354778
vt 3.058301 3.354778
vt 3.476647 2.867541
vt 3.476647 3.186215
vt 3.473600 3.183295
vt 3.473600 2.870461
vt 3.061349 1.920175
vt 2.293641 1.920175
vt 2.296687 1.917256
vt 3.058303 1.917256
vt 3.476647 1.430030
vt 3.476647 1.748682
vt 3.473601 1.745762
vt 3.473601 1.432950
vt 2.293659 1.258537
vt 3.061331 1.258537
vt 3.058284 1.261456
vt 2.296705 1.261456
vt 1.878343 1.748679
vt 1.878343 1.430033
vt 1.881389 1.432952
vt 1.881389 1.745760
vt 1.304501 4.227868
vt 0.645697 4.227868
vt 0.648743 4.224947
vt 1.301455 4.224947
vt 1.660758 3.737699
vt 1.660758 4.056397
vt 1.657712 4.053477
vt 1.657712 3.740619
vt 0.645636 3.566229
vt 1.304561 3.566229
vt 1.301514 3.569148
vt 0.648683 3.569148
vt 0.289439 4.056378
vt 0.289439 3.737718
vt 0.292486 3.740638
vt 0.292486 4.053458
vt 0.645667 0.388366
vt 1.304531 0.388366
vt 1.301484 0.391285
vt 0.648713 0.391285
vt 0.289439 0.878510
vt 0.289439 0.559860
vt 0.292486 0.562780
vt 0.292486 0.875590
vt 1.304530 1.050004
vt 0.645667 1.050004
vt 0.648714 1.047085
vt 1.301484 1.047085
vt 1.660758 0.559871
vt 1.660758 0.878498
vt 1.657712 0.875579
vt 1.657712 0.562791
vt 4.037716 4.227867
vt 3.814121 4.227867
vt 3.817165 4.224948
vt 4.034671 4.224948
vt 4.157605 3.737713
vt 4.157605 4.056383
vt 4.154559 4.053463
vt 4.154559 3.740633
vt 3.814067 3.566229
vt 4.037770 3.566229
vt 4.034723 3.569148
vt 3.817113 3.569148
vt 3.694231 4.056365
vt 3.694231 3.737731
vt 3.697278 3.740651
vt 3.697278 4.053445
vt 3.061330 1.050004
vt 2.293660 1.050004
vt 2.296707 1.047085
vt 3.058283 1.047085
vt 3.476647 0.559864
vt 3.476647 0.878506
vt 3.473601 0.875587
vt 3.473601 0.562783
vt 2.293656 0.388366
vt 3.061334 0.388366
vt 3.058288 0.391285
vt 2.296702 0.391285
vt 1.878343 0.878515
vt 1.878343 0.559855
vt 1.881389 0.562774
vt 1.881389 0.875596
vt 3.814072 0.388366
vt 4.037765 0.388366
vt 4.034719 0.391285
vt 3.817118 0.391285
vt 3.694231 0.878519
vt 3.694231 0.559851
vt 3.697278 0.562770
vt 3.697278 0.875600
vt 4.037764 1.050004
vt 3.814073 1.050004
vt 3.817119 1.047085
vt 4.034718 1.047085
vt 4.157605 0.559825
vt 4.157605 0.878545
vt 4.154559 0.875625
vt 4.154559 0.562745
vt 2.293666 3.566229
vt 3.061324 3.566229
vt 3.058278 3.569148
vt 2.296712 3.569148
vt 1.878342 4.056378
vt 1.878342 3.737718
vt 1.881389 3.740638
vt 1.881389 4.053459
vt 3.061325 4.227867
vt 2.293665 4.227867
vt 2.296711 4.224948
vt 3.058279 4.224948
vt 3.476647 3.737754
vt 3.476647 4.056342
vt 3.473601 4.053423
vt 3.473601 3.740673
vt 1.258588 2.744840
vt 0.691609 2.744840
vt 0.662541 2.716982
vt 1.287656 2.716982
vt 1.609859 3.148795
vt 1.609859 2.904961
vt 1.638926 2.877102
vt 1.638926 3.176653
vt 0.691612 3.308915
vt 1.258586 3.308915
vt 1.287653 3.336774
vt 0.662544 3.336774
vt 0.340339 2.904960
vt 0.340339 3.148795
vt 0.311271 3.176654
vt 0.311271 2.877101
vt 0.691613 1.871393
vt 1.258584 1.871393
vt 1.287652 1.899252
vt 0.662545 1.899252
vt 0.340338 1.467439
vt 0.340338 1.711273
vt 0.311271 1.739132
vt 0.311271 1.439580
vt 1.258588 1.307318
vt 0.691609 1.307318
vt 0.662542 1.279460
vt 1.287655 1.279460
vt 1.609859 1.711274
vt 1.609859 1.467438
vt 1.638926 1.439580
vt 1.638926 1.739132
vt 4.001039 2.744840
vt 3.850799 2.744840
vt 3.821731 2.716981
vt 4.030106 2.716981
vt 4.106707 3.148794
vt 4.106707 2.904961
vt 4.135774 2.877103
vt 4.135774 3.176653
vt 3.850801 3.308915
vt 4.001036 3.308915
vt 4.030105 3.336774
vt 3.821733 3.336774
vt 3.745130 2.904961
vt 3.745130 3.148794
vt 3.716063 3.176653
vt 3.716063 2.877103
vt 3.850802 1.871393
vt 4.001034 1.871393
vt 4.030102 1.899252
vt 3.821735 1.899252
vt 3.745130 1.467439
vt 3.745130 1.711273
vt 3.716063 1.739131
vt 3.716063 1.439581
vt 4.001037 1.307318
vt 3.850801 1.307318
vt 3.821733 1.279460
vt 4.030104 1.279460
vt 4.106706 1.711274
vt 4.106706 1.467438
vt 4.135775 1.439579
vt 4.135775 1.739133
vt 3.013073 2.744840
vt 2.341916 2.744840
vt 2.312849 2.716982
vt 3.042140 2.716982
vt 3.425748 3.148797
vt 3.425748 2.904958
vt 3.454815 2.877100
vt 3.454815 3.176656
vt 2.341917 3.308915
vt 3.013072 3.308915
vt 3.042140 3.336774
vt 2.312850 3.336774
vt 1.929242 2.904958
vt 1.929242 3.148797
vt 1.900174 3.176657
vt 1.900174 2.877099
vt 2.341915 1.871393
vt 3.013074 1.871393
vt 3.042141 1.899252
vt 2.312848 1.899252
vt 1.929241 1.467438
vt 1.929241 1.711274
vt 1.900174 1.739132
vt 1.900174 1.439580
vt 3.013077 1.307318
vt 2.341912 1.307318
vt 2.312844 1.279460
vt 3.042145 1.279460
vt 3.425748 1.711272
vt 3.425748 1.467440
vt 3.454815 1.439582
vt 3.454815 1.739130
vt 0.691604 4.179086
vt 1.258593 4.179086
vt 1.287662 4.206944
vt 0.662535 4.206944
vt 0.340338 3.775131
vt 0.340338 4.018966
vt 0.311271 4.046823
vt 0.311271 3.747273
vt 1.258592 3.615010
vt 0.691606 3.615010
vt 0.662537 3.587152
vt 1.287660 3.587152
vt 1.609859 4.018965
vt 1.609859 3.775131
vt 1.638926 3.747273
vt 1.638926 4.046824
vt 1.258586 0.437148
vt 0.691611 0.437148
vt 0.662543 0.409289
vt 1.287654 0.409289
vt 1.609859 0.841103
vt 1.609859 0.597268
vt 1.638926 0.569409
vt 1.638926 0.868961
vt 0.691609 1.001223
vt 1.258588 1.001223
vt 1.287656 1.029081
vt 0.662541 1.029081
vt 0.340339 0.597268
vt 0.340339 0.841103
vt 0.311271 0.868961
vt 0.311271 0.569409
vt 3.850802 4.179087
vt 4.001035 4.179087
vt 4.030101 4.206944
vt 3.821735 4.206944
vt 3.745131 3.775128
vt 3.745131 4.018968
vt 3.716063 4.046826
vt 3.716063 3.747270
vt 4.001035 3.615010
vt 3.850803 3.615010
vt 3.821736 3.587152
vt 4.030102 3.587152
vt 4.106707 4.018969
vt 4.106707 3.775127
vt 4.135774 3.747268
vt 4.135774 4.046827
vt 4.001035 0.437148
vt 3.850801 0.437148
vt 3.821733 0.409289
vt 4.030104 0.409289
vt 4.106707 0.841103
vt 4.106707 0.597267
vt 4.135774 0.569408
vt 4.135774 0.868962
vt 3.850801 1.001223
vt 4.001035 1.001223
vt 4.030103 1.029081
vt 3.821734 1.029081
vt 3.745130 0.597267
vt 3.745130 0.841103
vt 3.716063 0.868961
vt 3.716063 0.569409
vt 2.341912 4.179086
vt 3.013077 4.179086
vt 3.042145 4.206944
vt 2.312844 4.206944
vt 1.929242 3.775127
vt 1.929242 4.018969
vt 1.900173 4.046828
vt 1.900173 3.747268
vt 3.013075 3.615010
vt 2.341914 3.615010
vt 2.312846 3.587152
vt 3.042143 3.587152
vt 3.425748 4.018964
vt 3.425748 3.775131
vt 3.454815 3.747274
vt 3.454815 4.046822
vt 3.013074 0.437148
vt 2.341915 0.437148
vt 2.312847 0.409289
vt 3.042142 0.409289
vt 3.425748 0.841104
vt 3.425748 0.597266
vt 3.454815 0.569408
vt 3.454815 0.868963
vt 2.341914 1.001223
vt 3.013075 1.001223
vt 3.042143 1.029081
vt 2.312846 1.029081
vt 1.929241 0.597267
vt 1.929241 0.841104
vt 1.900174 0.868962
vt 1.900174 0.569408
vt 0.871831 4.379667
vt 0.873670 4.377829
vt 1.116690 4.379667
vt 1.116690 4.377829
vt 1.861694 4.379667
vt 1.861694 4.377829
vt 1.985862 4.379667
vt 1.985862 4.377829
vt 2.855034 4.379667
vt 2.855034 4.377829
vt 2.979202 4.379667
vt 2.979202 4.377829
vt 3.227536 4.379667
vt 3.227536 4.377829
vt 3.348228 4.379667
vt 3.346388 4.377829
vt -0.150857 3.887533
vt -0.150857 3.973444
vt -0.152735 3.975322
vt -0.152735 3.887533
vt -0.150857 3.522758
vt -0.152735 3.522758
vt -0.150857 3.401168
vt -0.152735 3.401168
vt -0.150857 3.036393
vt -0.152735 3.036393
vt -0.150857 2.950482
vt -0.152735 2.948604
vt 1.116569 2.546097
vt 0.873519 2.546097
vt 0.871681 2.544259
vt 1.116569 2.544259
vt 1.861664 2.546097
vt 1.861664 2.544259
vt 1.985847 2.546097
vt 1.985847 2.544259
vt 2.855124 2.546097
vt 2.855124 2.544259
vt 2.979307 2.546097
vt 2.979307 2.544259
vt 3.227672 2.546097
vt 3.227672 2.544259
vt 3.346539 2.546097
vt 3.348377 2.544259
vt 4.372794 3.036492
vt 4.370915 3.401181
vt 4.372794 3.401181
vt 4.370915 3.522744
vt 4.372794 3.522744
vt 4.370915 3.887434
vt 4.372794 3.887434
vt 4.370915 3.973325
vt 4.372794 3.975203
vt 1.352864 4.232052
vt 0.597334 4.232052
vt 0.599172 4.230214
vt 1.351026 4.230214
vt 1.665031 3.709567
vt 1.665031 4.084530
vt 1.663155 4.082654
vt 1.663155 3.711443
vt 0.597387 3.562044
vt 1.352811 3.562044
vt 1.350973 3.563882
vt 0.599224 3.563882
vt 0.285166 4.084553
vt 0.285166 3.709543
vt 0.287043 3.711419
vt 0.287043 4.082676
vt 0.597400 0.384181
vt 1.352797 0.384181
vt 1.350960 0.386019
vt 0.599238 0.386019
vt 0.285166 0.906674
vt 0.285166 0.531696
vt 0.287043 0.533572
vt 0.287043 0.904798
vt 1.352818 1.054189
vt 0.597380 1.054189
vt 0.599217 1.052351
vt 1.350980 1.052351
vt 1.665031 0.531693
vt 1.665031 0.906677
vt 1.663155 0.904801
vt 1.663155 0.533569
vt 3.348366 0.236566
vt 3.346527 0.238405
vt 3.227662 0.236566
vt 3.227662 0.238405
vt 2.979299 0.236566
vt 2.979299 0.238405
vt 2.855117 0.236566
vt 2.855117 0.238405
vt 1.985848 0.236566
vt 1.985848 0.238405
vt 1.861667 0.236566
vt 1.861667 0.238405
vt 1.116579 0.236566
vt 1.116579 0.238405
vt 0.871693 0.236566
vt 0.873532 0.238405
vt 4.372794 0.728728
vt 4.370915 1.093479
vt 4.372794 1.093479
vt 4.370915 1.215062
vt 4.372794 1.215062
vt 4.370915 1.579813
vt 4.372794 1.579813
vt 4.370915 1.665719
vt 4.372794 1.667596
vt 3.227695 2.070137
vt 3.346564 2.070137
vt 3.348403 2.071975
vt 3.227695 2.071975
vt 2.979325 2.070137
vt 2.979325 2.071975
vt 2.855140 2.070137
vt 2.855140 2.071975
vt 1.985844 2.070137
vt 1.985844 2.071975
vt 1.861659 2.070137
vt 1.861659 2.071975
vt 1.116549 2.070137
vt 1.116549 2.071975
vt 0.873494 2.070137
vt 0.871656 2.071975
vt -0.150857 1.579835
vt -0.150857 1.665745
vt -0.152735 1.667623
vt -0.152735 1.579835
vt -0.150857 1.215066
vt -0.152735 1.215066
vt -0.150857 1.093475
vt -0.152735 1.093475
vt -0.150857 0.728706
vt -0.152735 0.728706
vt -0.150857 0.642796
vt -0.152735 0.640918
vt 4.055314 4.232051
vt 3.796525 4.232051
vt 3.798361 4.230215
vt 4.053476 4.230215
vt 4.161878 3.709585
vt 4.161878 4.084511
vt 4.160003 4.082636
vt 4.160003 3.711461
vt 3.796526 3.562045
vt 4.055313 3.562045
vt 4.053475 3.563881
vt 3.798362 3.563881
vt 3.689959 4.084499
vt 3.689959 3.709597
vt 3.691835 3.711473
vt 3.691835 4.082624
vt 3.796565 0.384182
vt 4.055274 0.384182
vt 4.053436 0.386018
vt 3.798401 0.386018
vt 3.689959 0.906664
vt 3.689959 0.531706
vt 3.691835 0.533582
vt 3.691835 0.904788
vt 4.055276 1.054188
vt 3.796562 1.054188
vt 3.798398 1.052352
vt 4.053439 1.052352
vt 4.161879 0.531762
vt 4.161879 0.906608
vt 4.160002 0.904733
vt 4.160002 0.533637
vt 3.117286 4.232052
vt 2.237703 4.232052
vt 2.239541 4.230214
vt 3.115449 4.230214
vt 3.480921 3.709521
vt 3.480921 4.084575
vt 3.479043 4.082698
vt 3.479043 3.711397
vt 2.237733 3.562044
vt 3.117256 3.562044
vt 3.115418 3.563882
vt 2.239571 3.563882
vt 1.874069 4.084483
vt 1.874069 3.709612
vt 1.875946 3.711488
vt 1.875946 4.082608
vt 2.237709 0.384181
vt 3.117280 0.384181
vt 3.115443 0.386019
vt 2.239547 0.386019
vt 1.874069 0.906648
vt 1.874069 0.531722
vt 1.875946 0.533598
vt 1.875946 0.904772
vt 3.117316 1.054189
vt 2.237673 1.054189
vt 2.239511 1.052351
vt 3.115479 1.052351
vt 3.480920 0.531694
vt 3.480920 0.906676
vt 3.479044 0.904800
vt 3.479044 0.533570
vt 0.597376 2.691874
vt 1.352822 2.691874
vt 1.350985 2.693712
vt 0.599213 2.693712
vt 0.285167 3.214362
vt 0.285167 2.839394
vt 0.287043 2.841270
vt 0.287043 3.212485
vt 1.352808 3.361882
vt 0.597389 3.361882
vt 0.599227 3.360044
vt 1.350971 3.360044
vt 1.665031 2.839380
vt 1.665031 3.214376
vt 1.663155 3.212500
vt 1.663155 2.841256
vt 1.352833 1.924360
vt 0.597365 1.924360
vt 0.599203 1.922522
vt 1.350995 1.922522
vt 1.665031 1.401855
vt 1.665031 1.776857
vt 1.663155 1.774981
vt 1.663155 1.403731
vt 0.597386 1.254352
vt 1.352812 1.254352
vt 1.350974 1.256190
vt 0.599223 1.256190
vt 0.285166 1.776843
vt 0.285166 1.401869
vt 0.287043 1.403745
vt 0.287043 1.774967
vt 3.796592 2.691875
vt 4.055247 2.691875
vt 4.053411 2.693711
vt 3.798427 2.693711
vt 3.689959 3.214410
vt 3.689959 2.839346
vt 3.691835 2.841223
vt 3.691835 3.212533
vt 4.055246 3.361881
vt 3.796592 3.361881
vt 3.798428 3.360045
vt 4.053411 3.360045
vt 4.161879 2.839356
vt 4.161879 3.214400
vt 4.160002 3.212523
vt 4.160002 2.841233
vt 4.055320 1.924359
vt 3.796518 1.924359
vt 3.798355 1.922523
vt 4.053482 1.922523
vt 4.161879 1.401842
vt 4.161879 1.776870
vt 4.160002 1.774994
vt 4.160002 1.403718
vt 3.796561 1.254353
vt 4.055277 1.254353
vt 4.053440 1.256189
vt 3.798397 1.256189
vt 3.689959 1.776822
vt 3.689959 1.401890
vt 3.691835 1.403766
vt 3.691835 1.774946
vt 2.237669 2.691874
vt 3.117320 2.691874
vt 3.115482 2.693712
vt 2.239507 2.693712
vt 1.874069 3.214377
vt 1.874069 2.839379
vt 1.875946 2.841256
vt 1.875946 3.212500
vt 3.117352 3.361882
vt 2.237638 3.361882
vt 2.239476 3.360044
vt 3.115514 3.360044
vt 3.480921 2.839336
vt 3.480921 3.214420
vt 3.479043 3.212543
vt 3.479043 2.841213
vt 3.117319 1.924360
vt 2.237670 1.924360
vt 2.239509 1.922522
vt 3.115481 1.922522
vt 3.480920 1.401874
vt 3.480920 1.776838
vt 3.479044 1.774962
vt 3.479044 1.403750
vt 2.237692 1.254352
vt 3.117297 1.254352
vt 3.115460 1.256190
vt 2.239530 1.256190
vt 1.874069 1.776816
vt 1.874069 1.401896
vt 1.875946 1.403772
vt 1.875946 1.774940
vt 1.088412 3.412797
vt 1.088412 3.117800
vt 1.284830 3.113528
vt 1.088412 3.048323
vt 1.289222 3.048323
vt 1.284830 3.417069
vt 1.909219 3.113528
vt 1.088412 3.511129
vt 1.904827 3.048323
vt 1.284830 3.506857
vt 1.909219 3.417069
vt 1.284830 3.810398
vt 1.088412 3.806126
vt 1.088412 3.875603
vt 1.289222 3.875603
vt 1.909219 3.810398
vt 1.904827 3.875603
vt 2.007428 3.875603
vt 1.909219 3.506857
vt 2.003036 3.810398
vt 2.725634 3.875603
vt 2.003036 3.506857
vt 2.730026 3.810398
vt 2.828235 3.875603
vt 2.003036 3.417069
vt 2.730026 3.506857
vt 2.823844 3.810398
vt 3.033437 3.875603
vt 2.003036 3.113528
vt 2.007428 3.048323
vt 2.725634 3.048323
vt 2.730026 3.417069
vt 2.730026 3.113528
vt 3.037829 3.810398
vt 3.131646 3.875603
vt 3.131646 3.806126
vt 3.131646 3.511129
vt 3.037829 3.506857
vt 2.823844 3.506857
vt 3.131646 3.412797
vt 2.823844 3.417069
vt 3.037829 3.417069
vt 2.823844 3.113528
vt 2.828235 3.048323
vt 3.033437 3.048323
vt 3.037829 3.113528
vt 3.131646 3.117800
vt 3.131646 3.048323
vt 1.088411 1.498434
vt 1.088411 1.203437
vt 1.284829 1.502706
vt 1.088411 1.567911
vt 1.289221 1.567911
vt 1.909219 1.502706
vt 1.904827 1.567911
vt 1.284829 1.199165
vt 2.007428 1.567911
vt 1.284829 1.109376
vt 1.088411 1.105104
vt 1.909219 1.199165
vt 2.003036 1.502706
vt 2.725635 1.567911
vt 1.284829 0.805835
vt 1.088411 0.810107
vt 1.088411 0.740630
vt 1.289221 0.740630
vt 1.909219 0.805835
vt 1.909219 1.109376
vt 1.904827 0.740630
vt 2.730026 1.502706
vt 2.828236 1.567911
vt 2.003036 1.199165
vt 2.003036 1.109376
vt 2.003036 0.805835
vt 2.007428 0.740630
vt 2.730026 1.109376
vt 2.725635 0.740630
vt 2.730026 0.805835
vt 2.730026 1.199165
vt 2.823844 1.502706
vt 3.033438 1.567911
vt 2.823844 1.199165
vt 3.037829 1.502706
vt 3.131647 1.567911
vt 3.131647 1.498434
vt 3.131647 1.203437
vt 3.037829 1.199165
vt 3.131647 1.105104
vt 2.823844 1.109376
vt 3.037829 1.109376
vt 2.823844 0.805835
vt 3.037829 0.805835
vt 2.828236 0.740630
vt 3.033438 0.740630
vt 3.131647 0.810107
vt 3.131647 0.740630
s 1
f 3/1/1 2/2/2 1/3/2
f 6/4/3 5/5/4 4/6/5
f 9/7/6 8/8/6 7/9/6
f 8/8/6 10/10/6 7/9/6
f 10/10/6 11/11/6 7/9/6
f 11/11/6 12/12/6 7/9/6
f 12/12/6 11/11/6 13/13/6
f 11/11/6 14/14/6 13/13/6
f 14/14/6 15/15/6 13/13/6
f 15/15/6 16/16/6 13/13/6
f 15/15/6 17/17/6 16/16/6
f 17/17/6 18/18/6 16/16/6
f 18/18/6 17/17/6 19/19/6
f 20/20/6 18/18/6 19/19/6
f 21/21/6 20/20/6 19/19/6
f 22/22/6 21/21/6 19/19/6
f 25/23/7 24/24/7 23/25/7
f 24/24/7 26/26/7 23/25/7
f 26/26/7 27/27/7 23/25/7
f 27/27/7 28/28/7 23/25/7
f 28/28/7 27/27/7 29/29/7
f 27/27/7 30/30/7 29/29/7
f 30/30/7 31/31/7 29/29/7
f 31/31/7 32/32/7 29/29/7
f 31/31/7 33/33/7 32/32/7
f 33/33/7 34/34/7 32/32/7
f 34/34/7 33/33/7 35/35/7
f 36/36/7 34/34/7 35/35/7
f 37/37/7 36/36/7 35/35/7
f 38/38/7 37/37/7 35/35/7
f 41/39/8 40/40/8 39/41/8
f 42/42/8 41/39/8 39/41/8
f 45/42/9 44/41/9 43/43/9
f 46/44/9 45/42/9 43/43/9
f 49/39/10 48/42/11 47/44/11
f 50/45/10 49/39/10 47/44/11
f 53/40/12 52/39/12 51/45/12
f 54/46/12 53/40/12 51/45/12
f 57/41/13 56/40/14 55/46/14
f 58/43/13 57/41/13 55/46/14
f 61/47/15 60/48/15 59/49/15
f 62/50/15 61/47/15 59/49/15
f 65/50/16 64/49/16 63/51/16
f 66/52/16 65/50/16 63/51/16
f 69/47/17 68/50/18 67/52/18
f 70/53/17 69/47/17 67/52/18
f 73/48/19 72/47/19 71/53/19
f 74/54/19 73/48/19 71/53/19
f 77/49/20 76/48/21 75/54/22
f 78/51/20 77/49/20 75/54/22
f 81/55/8 80/56/8 79/57/8
f 82/58/8 81/55/8 79/57/8
f 85/58/9 84/57/9 83/59/9
f 86/60/9 85/58/9 83/59/9
f 89/55/10 88/58/11 87/60/11
f 90/61/10 89/55/10 87/60/11
f 93/56/12 92/55/12 91/61/12
f 94/62/12 93/56/12 91/61/12
f 97/57/13 96/56/14 95/62/14
f 98/59/13 97/57/13 95/62/14
f 101/63/15 100/64/15 99/65/15
f 102/66/15 101/63/15 99/65/15
f 105/66/16 104/65/16 103/67/16
f 106/68/16 105/66/16 103/67/16
f 109/63/17 108/66/18 107/68/18
f 110/69/17 109/63/17 107/68/18
f 113/64/19 112/63/19 111/69/19
f 114/70/19 113/64/19 111/69/19
f 117/65/20 116/64/21 115/70/22
f 118/67/20 117/65/20 115/70/22
f 121/71/8 120/72/8 119/73/8
f 122/74/8 121/71/8 119/73/8
f 125/74/9 124/73/9 123/75/9
f 126/76/9 125/74/9 123/75/9
f 129/71/10 128/74/11 127/76/11
f 130/77/10 129/71/10 127/76/11
f 133/72/12 132/71/12 131/77/12
f 134/78/12 133/72/12 131/77/12
f 137/73/13 136/72/14 135/78/14
f 138/75/13 137/73/13 135/78/14
f 141/79/15 140/80/15 139/81/15
f 142/82/15 141/79/15 139/81/15
f 145/82/16 144/81/16 143/83/16
f 146/84/16 145/82/16 143/83/16
f 149/79/17 148/82/18 147/84/18
f 150/85/17 149/79/17 147/84/18
f 153/80/19 152/79/19 151/85/19
f 154/86/19 153/80/19 151/85/19
f 157/81/20 156/80/21 155/86/22
f 158/83/20 157/81/20 155/86/22
f 161/87/23 160/88/23 159/89/24
f 160/88/23 162/90/24 159/89/24
f 162/90/24 163/91/24 159/89/24
f 163/91/24 164/92/24 159/89/24
f 164/92/24 163/91/24 165/93/23
f 163/91/24 166/94/23 165/93/23
f 165/93/23 166/94/23 167/95/24
f 168/96/24 165/93/23 167/95/24
f 169/97/24 168/96/24 167/95/24
f 170/98/24 169/97/24 167/95/24
f 173/99/25 172/100/25 171/101/25
f 172/100/25 174/102/25 171/101/25
f 174/102/25 175/103/25 171/101/25
f 175/103/25 176/104/25 171/101/25
f 176/104/25 175/103/25 177/105/25
f 175/103/25 178/106/25 177/105/25
f 177/105/25 178/106/25 179/107/25
f 180/108/25 177/105/25 179/107/25
f 181/109/25 180/108/25 179/107/25
f 182/110/25 181/109/25 179/107/25
f 185/111/8 184/112/8 183/113/8
f 186/114/8 185/111/8 183/113/8
f 189/114/12 188/113/12 187/115/12
f 190/116/12 189/114/12 187/115/12
f 193/111/13 192/114/13 191/116/13
f 194/117/13 193/111/13 191/116/13
f 197/112/9 196/111/9 195/117/9
f 198/118/9 197/112/9 195/117/9
f 201/113/10 200/112/10 199/118/10
f 202/115/10 201/113/10 199/118/10
f 205/119/15 204/120/15 203/121/15
f 206/122/15 205/119/15 203/121/15
f 209/122/19 208/121/19 207/123/19
f 210/124/19 209/122/19 207/123/19
f 213/119/21 212/122/26 211/124/26
f 214/125/21 213/119/21 211/124/26
f 217/120/27 216/119/27 215/125/27
f 218/126/27 217/120/27 215/125/27
f 221/121/28 220/120/29 219/126/29
f 222/123/28 221/121/28 219/126/29
f 225/127/8 224/128/8 223/129/8
f 226/130/8 225/127/8 223/129/8
f 229/130/12 228/129/12 227/131/12
f 230/132/12 229/130/12 227/131/12
f 233/127/13 232/130/13 231/132/13
f 234/133/13 233/127/13 231/132/13
f 237/128/9 236/127/9 235/133/9
f 238/134/9 237/128/9 235/133/9
f 241/129/10 240/128/10 239/134/10
f 242/131/10 241/129/10 239/134/10
f 245/135/15 244/136/15 243/137/15
f 246/138/15 245/135/15 243/137/15
f 249/138/19 248/137/19 247/139/19
f 250/140/19 249/138/19 247/139/19
f 253/135/21 252/138/26 251/140/26
f 254/141/21 253/135/21 251/140/26
f 257/136/27 256/135/27 255/141/27
f 258/142/27 257/136/27 255/141/27
f 261/137/28 260/136/29 259/142/29
f 262/139/28 261/137/28 259/142/29
f 265/143/8 264/144/8 263/145/8
f 266/146/8 265/143/8 263/145/8
f 269/146/12 268/145/12 267/147/12
f 270/148/12 269/146/12 267/147/12
f 273/143/13 272/146/13 271/148/13
f 274/149/13 273/143/13 271/148/13
f 277/144/9 276/143/9 275/149/9
f 278/150/9 277/144/9 275/149/9
f 281/145/10 280/144/10 279/150/10
f 282/147/10 281/145/10 279/150/10
f 285/151/15 284/152/15 283/153/15
f 286/154/15 285/151/15 283/153/15
f 289/154/19 288/153/19 287/155/19
f 290/156/19 289/154/19 287/155/19
f 293/151/21 292/154/26 291/156/26
f 294/157/21 293/151/21 291/156/26
f 297/152/27 296/151/27 295/157/27
f 298/158/27 297/152/27 295/157/27
f 301/153/28 300/152/29 299/158/29
f 302/155/28 301/153/28 299/158/29
f 305/159/30 304/160/31 303/161/30
f 304/160/31 306/162/30 303/161/30
f 303/161/30 306/162/30 307/163/30
f 306/162/30 308/164/30 307/163/30
f 307/163/30 308/164/30 309/165/30
f 308/164/30 310/166/30 309/165/30
f 309/165/30 310/166/30 311/167/30
f 310/166/30 312/168/30 311/167/30
f 311/167/30 312/168/30 313/169/30
f 312/168/30 314/170/30 313/169/30
f 313/169/30 314/170/30 315/171/30
f 314/170/30 316/172/30 315/171/30
f 315/171/30 316/172/30 317/173/30
f 316/172/30 318/174/30 317/173/30
f 321/175/32 320/176/33 319/177/33
f 322/178/32 321/175/32 319/177/33
f 323/179/34 321/175/32 322/178/32
f 324/180/34 323/179/34 322/178/32
f 325/181/32 323/179/34 324/180/34
f 326/182/32 325/181/32 324/180/34
f 327/183/32 325/181/32 326/182/32
f 328/184/32 327/183/32 326/182/32
f 329/185/34 327/183/32 328/184/32
f 330/186/34 329/185/34 328/184/32
f 333/187/35 332/188/35 331/189/35
f 334/190/35 333/187/35 331/189/35
f 335/191/35 333/187/35 334/190/35
f 336/192/35 335/191/35 334/190/35
f 337/193/36 335/191/35 336/192/35
f 338/194/36 337/193/36 336/192/35
f 339/195/36 337/193/36 338/194/36
f 340/196/36 339/195/36 338/194/36
f 341/197/35 339/195/36 340/196/36
f 342/198/35 341/197/35 340/196/36
f 343/199/36 341/197/35 342/198/35
f 344/200/36 343/199/36 342/198/35
f 345/201/36 343/199/36 344/200/36
f 346/202/36 345/201/36 344/200/36
f 349/203/37 348/204/38 347/205/38
f 350/206/37 349/203/37 347/205/38
f 351/207/38 349/203/37 350/206/37
f 352/208/38 351/207/38 350/206/37
f 353/209/37 351/207/38 352/208/38
f 354/210/37 353/209/37 352/208/38
f 355/211/37 353/209/37 354/210/37
f 356/212/37 355/211/37 354/210/37
f 357/213/38 355/211/37 356/212/37
f 358/214/38 357/213/38 356/212/37
f 361/215/39 360/216/39 359/217/39
f 360/216/39 362/218/39 359/217/39
f 359/217/39 362/218/39 363/219/39
f 362/218/39 364/220/39 363/219/39
f 363/219/39 364/220/39 365/221/39
f 364/220/39 366/222/39 365/221/39
f 365/221/39 366/222/39 367/223/39
f 366/222/39 368/224/39 367/223/39
f 367/223/39 368/224/39 369/225/39
f 368/224/39 370/226/39 369/225/39
f 369/225/39 370/226/39 371/227/39
f 370/226/39 372/228/39 371/227/39
f 371/227/39 372/228/39 373/229/39
f 372/228/39 374/230/39 373/229/39
f 377/231/40 376/232/41 375/233/41
f 378/234/40 377/231/40 375/233/41
f 379/235/41 377/231/40 378/234/40
f 380/236/41 379/235/41 378/234/40
f 381/237/40 379/235/41 380/236/41
f 382/238/40 381/237/40 380/236/41
f 383/239/42 381/237/40 382/238/40
f 384/240/42 383/239/42 382/238/40
f 385/241/43 383/239/42 384/240/42
f 386/242/43 385/241/43 384/240/42
f 389/243/44 388/244/44 387/245/44
f 390/246/44 389/243/44 387/245/44
f 391/247/44 389/243/44 390/246/44
f 392/248/44 391/247/44 390/246/44
f 393/249/44 391/247/44 392/248/44
f 394/250/44 393/249/44 392/248/44
f 395/251/44 393/249/44 394/250/44
f 396/252/44 395/251/44 394/250/44
f 397/253/44 395/251/44 396/252/44
f 398/254/44 397/253/44 396/252/44
f 399/255/44 397/253/44 398/254/44
f 400/256/44 399/255/44 398/254/44
f 401/257/44 399/255/44 400/256/44
f 402/258/44 401/257/44 400/256/44
f 405/259/45 404/260/46 403/261/47
f 406/262/45 405/259/45 403/261/47
f 407/263/45 405/259/45 406/262/45
f 408/264/45 407/263/45 406/262/45
f 409/265/48 407/263/45 408/264/45
f 410/266/48 409/265/48 408/264/45
f 411/267/45 409/265/48 410/266/48
f 412/268/45 411/267/45 410/266/48
f 413/269/49 411/267/45 412/268/45
f 414/270/49 413/269/49 412/268/45
f 417/271/35 416/272/35 415/273/35
f 418/274/35 417/271/35 415/273/35
f 421/275/50 420/276/51 419/277/51
f 422/278/50 421/275/50 419/277/51
f 425/279/31 424/280/30 423/281/30
f 426/282/31 425/279/31 423/281/30
f 429/283/52 428/284/53 427/285/53
f 430/286/52 429/283/52 427/285/53
f 433/287/54 432/288/54 431/289/54
f 434/290/54 433/287/54 431/289/54
f 437/291/40 436/292/55 435/293/55
f 438/294/40 437/291/40 435/293/55
f 441/295/39 440/296/39 439/297/39
f 442/298/39 441/295/39 439/297/39
f 445/299/56 444/300/57 443/301/57
f 446/302/56 445/299/56 443/301/57
f 449/303/35 448/304/35 447/305/35
f 450/306/35 449/303/35 447/305/35
f 453/307/58 452/308/59 451/309/59
f 454/310/58 453/307/58 451/309/59
f 457/311/31 456/312/31 455/313/31
f 458/314/31 457/311/31 455/313/31
f 461/315/60 460/316/60 459/317/60
f 462/318/60 461/315/60 459/317/60
f 465/319/54 464/320/54 463/321/54
f 466/322/54 465/319/54 463/321/54
f 469/323/61 468/324/62 467/325/63
f 470/326/61 469/323/61 467/325/63
f 473/327/39 472/328/39 471/329/39
f 474/330/39 473/327/39 471/329/39
f 477/331/56 476/332/57 475/333/57
f 478/334/56 477/331/56 475/333/57
f 481/335/35 480/336/35 479/337/35
f 482/338/35 481/335/35 479/337/35
f 485/339/33 484/340/64 483/341/64
f 486/342/33 485/339/33 483/341/64
f 489/343/31 488/344/30 487/345/30
f 490/346/31 489/343/31 487/345/30
f 493/347/52 492/348/53 491/349/53
f 494/350/52 493/347/52 491/349/53
f 497/351/54 496/352/54 495/353/54
f 498/354/54 497/351/54 495/353/54
f 501/355/40 500/356/55 499/357/55
f 502/358/40 501/355/40 499/357/55
f 505/359/39 504/360/39 503/361/39
f 506/362/39 505/359/39 503/361/39
f 509/363/45 508/364/65 507/365/65
f 510/366/45 509/363/45 507/365/65
f 513/367/30 512/368/30 511/369/30
f 514/370/30 513/367/30 511/369/30
f 517/371/66 516/372/67 515/373/67
f 518/374/66 517/371/66 515/373/67
f 521/375/68 520/376/68 519/377/68
f 522/378/68 521/375/68 519/377/68
f 525/379/51 524/380/58 523/381/58
f 526/382/51 525/379/51 523/381/58
f 529/383/39 528/384/39 527/385/39
f 530/386/39 529/383/39 527/385/39
f 533/387/69 532/388/56 531/389/56
f 534/390/69 533/387/69 531/389/56
f 537/391/70 536/392/71 535/393/71
f 538/394/70 537/391/70 535/393/71
f 541/395/40 540/396/41 539/397/41
f 542/398/40 541/395/40 539/397/41
f 545/399/31 544/400/30 543/401/30
f 546/402/31 545/399/31 543/401/30
f 549/403/72 548/404/73 547/405/73
f 550/406/72 549/403/72 547/405/73
f 553/407/68 552/408/68 551/409/68
f 554/410/68 553/407/68 551/409/68
f 557/411/51 556/412/58 555/413/58
f 558/414/51 557/411/51 555/413/58
f 561/415/71 560/416/70 559/417/70
f 562/418/71 561/415/71 559/417/70
f 565/419/40 564/420/41 563/421/41
f 566/422/40 565/419/40 563/421/41
f 569/423/74 568/424/39 567/425/39
f 570/426/74 569/423/74 567/425/39
f 573/427/48 572/428/45 571/429/45
f 574/430/48 573/427/48 571/429/45
f 577/431/39 576/432/39 575/433/39
f 578/434/39 577/431/39 575/433/39
f 581/435/69 580/436/56 579/437/56
f 582/438/69 581/435/69 579/437/56
f 585/439/70 584/440/70 583/441/70
f 586/442/70 585/439/70 583/441/70
f 589/443/61 588/444/75 587/445/75
f 590/446/61 589/443/61 587/445/75
f 593/447/68 592/448/68 591/449/68
f 594/450/68 593/447/68 591/449/68
f 597/451/34 596/452/33 595/453/33
f 598/454/34 597/451/34 595/453/33
f 601/455/30 600/456/30 599/457/30
f 602/458/30 601/455/30 599/457/30
f 605/459/66 604/460/67 603/461/67
f 606/462/66 605/459/66 603/461/67
f 609/463/76 608/464/76 607/465/76
f 610/466/76 609/463/76 607/465/76
f 613/467/77 612/468/77 611/469/77
f 614/470/77 613/467/77 611/469/77
f 617/471/78 616/472/78 615/473/78
f 618/474/78 617/471/78 615/473/78
f 621/475/79 620/476/79 619/477/79
f 622/478/79 621/475/79 619/477/79
f 625/479/80 624/480/80 623/481/80
f 626/482/80 625/479/80 623/481/80
f 629/483/81 628/484/81 627/485/81
f 630/486/81 629/483/81 627/485/81
f 633/487/82 632/488/82 631/489/82
f 634/490/82 633/487/82 631/489/82
f 637/491/83 636/492/83 635/493/83
f 638/494/83 637/491/83 635/493/83
f 641/495/76 640/496/76 639/497/76
f 642/498/76 641/495/76 639/497/76
f 645/499/84 644/500/77 643/501/77
f 646/502/84 645/499/84 643/501/77
f 649/503/78 648/504/78 647/505/78
f 650/506/78 649/503/78 647/505/78
f 653/507/85 652/508/86 651/509/86
f 654/510/85 653/507/85 651/509/86
f 657/511/80 656/512/80 655/513/80
f 658/514/80 657/511/80 655/513/80
f 661/515/87 660/516/87 659/517/87
f 662/518/87 661/515/87 659/517/87
f 665/519/82 664/520/82 663/521/82
f 666/522/82 665/519/82 663/521/82
f 669/523/88 668/524/88 667/525/88
f 670/526/88 669/523/88 667/525/88
f 673/527/76 672/528/76 671/529/76
f 674/530/76 673/527/76 671/529/76
f 677/531/84 676/532/77 675/533/77
f 678/534/84 677/531/84 675/533/77
f 681/535/78 680/536/78 679/537/78
f 682/538/78 681/535/78 679/537/78
f 685/539/86 684/540/89 683/541/86
f 686/542/86 685/539/86 683/541/86
f 689/543/80 688/544/80 687/545/80
f 690/546/80 689/543/80 687/545/80
f 693/547/90 692/548/90 691/549/90
f 694/550/90 693/547/90 691/549/90
f 697/551/82 696/552/82 695/553/82
f 698/554/82 697/551/82 695/553/82
f 701/555/88 700/556/88 699/557/88
f 702/558/88 701/555/88 699/557/88
f 705/559/78 704/560/78 703/561/78
f 706/562/78 705/559/78 703/561/78
f 709/563/79 708/564/91 707/565/91
f 710/566/79 709/563/79 707/565/91
f 713/567/92 712/568/92 711/569/92
f 714/570/92 713/567/92 711/569/92
f 717/571/77 716/572/77 715/573/77
f 718/574/77 717/571/77 715/573/77
f 721/575/82 720/576/82 719/577/82
f 722/578/82 721/575/82 719/577/82
f 725/579/83 724/580/83 723/581/83
f 726/582/83 725/579/83 723/581/83
f 729/583/80 728/584/80 727/585/80
f 730/586/80 729/583/80 727/585/80
f 733/587/81 732/588/81 731/589/81
f 734/590/81 733/587/81 731/589/81
f 737/591/78 736/592/78 735/593/78
f 738/594/78 737/591/78 735/593/78
f 741/595/86 740/596/86 739/597/86
f 742/598/86 741/595/86 739/597/86
f 745/599/92 744/600/92 743/601/92
f 746/602/92 745/599/92 743/601/92
f 749/603/77 748/604/84 747/605/84
f 750/606/77 749/603/77 747/605/84
f 753/607/82 752/608/82 751/609/82
f 754/610/82 753/607/82 751/609/82
f 757/611/88 756/612/88 755/613/88
f 758/614/88 757/611/88 755/613/88
f 761/615/80 760/616/80 759/617/80
f 762/618/80 761/615/80 759/617/80
f 765/619/87 764/620/87 763/621/87
f 766/622/87 765/619/87 763/621/87
f 769/623/78 768/624/78 767/625/78
f 770/626/78 769/623/78 767/625/78
f 773/627/86 772/628/89 771/629/89
f 774/630/86 773/627/86 771/629/89
f 777/631/92 776/632/92 775/633/92
f 778/634/92 777/631/92 775/633/92
f 781/635/77 780/636/84 779/637/84
f 782/638/77 781/635/77 779/637/84
f 785/639/82 784/640/82 783/641/82
f 786/642/82 785/639/82 783/641/82
f 789/643/88 788/644/88 787/645/88
f 790/646/88 789/643/88 787/645/88
f 793/647/80 792/648/80 791/649/80
f 794/650/80 793/647/80 791/649/80
f 797/651/90 796/652/90 795/653/90
f 798/654/90 797/651/90 795/653/90
f 801/655/93 800/656/93 799/657/94
f 800/656/93 802/658/94 799/657/94
f 799/657/94 802/658/94 803/659/94
f 802/658/94 804/660/94 803/659/94
f 803/659/94 804/660/94 805/661/94
f 804/660/94 806/662/94 805/661/94
f 805/661/94 806/662/94 807/663/93
f 806/662/94 808/664/93 807/663/93
f 807/663/93 808/664/93 809/665/94
f 808/664/93 810/666/94 809/665/94
f 809/665/94 810/666/94 811/667/94
f 810/666/94 812/668/94 811/667/94
f 811/667/94 812/668/94 813/669/94
f 812/668/94 814/670/94 813/669/94
f 817/671/95 816/672/95 815/673/95
f 818/674/95 817/671/95 815/673/95
f 819/675/95 817/671/95 818/674/95
f 820/676/95 819/675/95 818/674/95
f 821/677/95 819/675/95 820/676/95
f 822/678/95 821/677/95 820/676/95
f 823/679/96 821/677/95 822/678/95
f 824/680/96 823/679/96 822/678/95
f 825/681/96 823/679/96 824/680/96
f 826/682/96 825/681/96 824/680/96
f 829/683/97 828/684/97 827/685/97
f 830/686/97 829/683/97 827/685/97
f 831/687/97 829/683/97 830/686/97
f 832/688/97 831/687/97 830/686/97
f 833/689/97 831/687/97 832/688/97
f 834/690/97 833/689/97 832/688/97
f 835/691/97 833/689/97 834/690/97
f 836/692/97 835/691/97 834/690/97
f 837/693/97 835/691/97 836/692/97
f 838/694/97 837/693/97 836/692/97
f 839/695/97 837/693/97 838/694/97
f 840/696/97 839/695/97 838/694/97
f 841/697/97 839/695/97 840/696/97
f 842/698/97 841/697/97 840/696/97
f 843/699/1 3/1/1 1/3/2
f 844/700/98 3/1/1 843/699/1
f 845/701/98 844/700/98 843/699/1
f 846/702/98 844/700/98 845/701/98
f 847/703/98 846/702/98 845/701/98
f 848/704/99 846/702/98 847/703/98
f 849/705/98 848/704/99 847/703/98
f 850/706/99 848/704/99 849/705/98
f 851/707/99 850/706/99 849/705/98
f 854/708/100 853/709/101 852/710/101
f 855/711/100 854/708/100 852/710/101
f 858/712/102 857/713/103 856/714/103
f 859/715/102 858/712/102 856/714/103
f 862/716/104 861/717/104 860/718/104
f 863/719/104 862/716/104 860/718/104
f 866/720/98 865/721/99 864/722/99
f 867/723/98 866/720/98 864/722/99
f 870/724/105 869/725/105 868/726/105
f 871/727/105 870/724/105 868/726/105
f 874/728/106 873/729/107 872/730/107
f 875/731/106 874/728/106 872/730/107
f 878/732/108 877/733/108 876/734/108
f 879/735/108 878/732/108 876/734/108
f 882/736/109 881/737/110 880/738/110
f 883/739/109 882/736/109 880/738/110
f 886/740/111 885/741/111 884/742/111
f 885/741/111 887/743/111 884/742/111
f 884/742/111 887/743/111 888/744/111
f 887/743/111 889/745/111 888/744/111
f 888/744/111 889/745/111 890/746/111
f 889/745/111 891/747/111 890/746/111
f 890/746/111 891/747/111 892/748/112
f 891/747/111 893/749/112 892/748/112
f 892/748/112 893/749/112 894/750/111
f 893/749/112 895/751/111 894/750/111
f 894/750/111 895/751/111 896/752/112
f 895/751/111 897/753/112 896/752/112
f 896/752/112 897/753/112 898/754/111
f 897/753/112 899/755/111 898/754/111
f 900/756/3 6/4/3 4/6/5
f 901/757/3 6/4/3 900/756/3
f 902/758/3 901/757/3 900/756/3
f 903/759/107 901/757/3 902/758/3
f 904/760/107 903/759/107 902/758/3
f 905/761/107 903/759/107 904/760/107
f 906/762/107 905/761/107 904/760/107
f 907/763/106 905/761/107 906/762/107
f 908/764/106 907/763/106 906/762/107
f 911/765/105 910/766/105 909/767/105
f 912/768/105 911/765/105 909/767/105
f 913/769/105 911/765/105 912/768/105
f 914/770/105 913/769/105 912/768/105
f 915/771/105 913/769/105 914/770/105
f 916/772/105 915/771/105 914/770/105
f 917/773/105 915/771/105 916/772/105
f 918/774/105 917/773/105 916/772/105
f 919/775/105 917/773/105 918/774/105
f 920/776/105 919/775/105 918/774/105
f 921/777/105 919/775/105 920/776/105
f 922/778/105 921/777/105 920/776/105
f 923/779/105 921/777/105 922/778/105
f 924/780/105 923/779/105 922/778/105
f 927/781/113 926/782/114 925/783/114
f 928/784/113 927/781/113 925/783/114
f 929/785/113 927/781/113 928/784/113
f 930/786/113 929/785/113 928/784/113
f 931/787/113 929/785/113 930/786/113
f 932/788/113 931/787/113 930/786/113
f 933/789/113 931/787/113 932/788/113
f 934/790/113 933/789/113 932/788/113
f 935/791/115 933/789/113 934/790/113
f 936/792/115 935/791/115 934/790/113
f 939/793/100 938/794/101 937/795/101
f 940/796/100 939/793/100 937/795/101
f 943/797/116 942/798/117 941/799/117
f 944/800/116 943/797/116 941/799/117
f 947/801/104 946/802/104 945/803/104
f 948/804/104 947/801/104 945/803/104
f 951/805/118 950/806/119 949/807/119
f 952/808/118 951/805/118 949/807/119
f 955/809/105 954/810/105 953/811/105
f 956/812/105 955/809/105 953/811/105
f 959/813/120 958/814/120 957/815/120
f 960/816/120 959/813/120 957/815/120
f 963/817/121 962/818/121 961/819/121
f 964/820/121 963/817/121 961/819/121
f 967/821/122 966/822/123 965/823/123
f 968/824/122 967/821/122 965/823/123
f 971/825/100 970/826/100 969/827/100
f 972/828/100 971/825/100 969/827/100
f 975/829/124 974/830/95 973/831/95
f 976/832/124 975/829/124 973/831/95
f 979/833/104 978/834/104 977/835/104
f 980/836/104 979/833/104 977/835/104
f 983/837/98 982/838/99 981/839/99
f 984/840/98 983/837/98 981/839/99
f 987/841/105 986/842/105 985/843/105
f 988/844/105 987/841/105 985/843/105
f 991/845/106 990/846/107 989/847/107
f 992/848/106 991/845/106 989/847/107
f 995/849/121 994/850/121 993/851/121
f 996/852/121 995/849/121 993/851/121
f 999/853/125 998/854/113 997/855/113
f 1000/856/125 999/853/125 997/855/113
f 1003/857/126 1002/858/126 1001/859/126
f 1004/860/126 1003/857/126 1001/859/126
f 1007/861/127 1006/862/2 1005/863/2
f 1008/864/98 1007/861/127 1005/863/2
f 1011/865/101 1010/866/100 1009/867/100
f 1012/868/101 1011/865/101 1009/867/100
f 1015/869/128 1014/870/102 1013/871/102
f 1016/872/129 1015/869/128 1013/871/102
f 1019/873/130 1018/874/130 1017/875/130
f 1020/876/130 1019/873/130 1017/875/130
f 1023/877/110 1022/878/110 1021/879/110
f 1024/880/110 1023/877/110 1021/879/110
f 1027/881/105 1026/882/105 1025/883/105
f 1028/884/105 1027/881/105 1025/883/105
f 1031/885/106 1030/886/3 1029/887/3
f 1032/888/106 1031/885/106 1029/887/3
f 1035/889/126 1034/890/126 1033/891/126
f 1036/892/126 1035/889/126 1033/891/126
f 1039/893/118 1038/894/131 1037/895/132
f 1040/896/118 1039/893/118 1037/895/132
f 1043/897/101 1042/898/100 1041/899/100
f 1044/900/101 1043/897/101 1041/899/100
f 1047/901/133 1046/902/116 1045/903/116
f 1048/904/133 1047/901/133 1045/903/116
f 1051/905/130 1050/906/130 1049/907/130
f 1052/908/130 1051/905/130 1049/907/130
f 1055/909/123 1054/910/134 1053/911/134
f 1056/912/123 1055/909/123 1053/911/134
f 1059/913/105 1058/914/105 1057/915/105
f 1060/916/105 1059/913/105 1057/915/105
f 1063/917/120 1062/918/135 1061/919/135
f 1064/920/120 1063/917/120 1061/919/135
f 1067/921/126 1066/922/126 1065/923/126
f 1068/924/126 1067/921/126 1065/923/126
f 1071/925/127 1070/926/2 1069/927/2
f 1072/928/98 1071/925/127 1069/927/2
f 1075/929/101 1074/930/100 1073/931/100
f 1076/932/101 1075/929/101 1073/931/100
f 1079/933/96 1078/934/124 1077/935/124
f 1080/936/96 1079/933/96 1077/935/124
f 1083/937/130 1082/938/130 1081/939/130
f 1084/940/130 1083/937/130 1081/939/130
f 1087/941/113 1086/942/113 1085/943/113
f 1088/944/113 1087/941/113 1085/943/113
f 1091/945/105 1090/946/105 1089/947/105
f 1092/948/105 1091/945/105 1089/947/105
f 1095/949/106 1094/950/3 1093/951/3
f 1096/952/106 1095/949/106 1093/951/3
f 1099/953/8 1098/954/8 1097/955/8
f 1097/955/8 1098/954/8 1100/956/8
f 1101/957/8 1097/955/8 1100/956/8
f 1102/958/8 1099/953/8 1097/955/8
f 1097/955/8 1101/957/8 1103/959/8
f 1099/953/8 1102/958/8 1104/960/8
f 1101/957/8 1105/961/8 1103/959/8
f 1102/958/8 1106/962/8 1104/960/8
f 1102/958/8 1107/963/8 1106/962/8
f 1104/960/8 1106/962/8 1108/964/8
f 1109/965/8 1104/960/8 1108/964/8
f 1109/965/8 1108/964/8 1110/966/8
f 1108/964/8 1111/967/8 1110/966/8
f 1111/967/8 1108/964/8 1112/968/8
f 1113/969/8 1111/967/8 1112/968/8
f 1113/969/8 1112/968/8 1114/970/8
f 1107/963/8 1115/971/8 1106/962/8
f 1112/968/8 1116/972/8 1114/970/8
f 1112/968/8 1115/971/8 1116/972/8
f 1117/973/8 1114/970/8 1116/972/8
f 1115/971/8 1118/974/8 1116/972/8
f 1115/971/8 1107/963/8 1118/974/8
f 1119/975/8 1117/973/8 1116/972/8
f 1117/973/8 1119/975/8 1120/976/8
f 1107/963/8 1121/977/8 1118/974/8
f 1121/977/8 1107/963/8 1103/959/8
f 1118/974/8 1121/977/8 1122/978/8
f 1119/975/8 1123/979/8 1120/976/8
f 1119/975/8 1122/978/8 1123/979/8
f 1124/980/8 1120/976/8 1123/979/8
f 1125/981/8 1121/977/8 1103/959/8
f 1125/981/8 1103/959/8 1105/961/8
f 1126/982/8 1125/981/8 1105/961/8
f 1126/982/8 1127/983/8 1125/981/8
f 1121/977/8 1128/984/8 1122/978/8
f 1127/983/8 1129/985/8 1125/981/8
f 1130/986/8 1124/980/8 1123/979/8
f 1124/980/8 1130/986/8 1131/987/8
f 1130/986/8 1132/988/8 1131/987/8
f 1133/989/8 1132/988/8 1130/986/8
f 1134/990/8 1133/989/8 1130/986/8
f 1122/978/8 1135/991/8 1123/979/8
f 1133/989/8 1134/990/8 1136/992/8
f 1128/984/8 1137/993/8 1122/978/8
f 1137/993/8 1135/991/8 1122/978/8
f 1137/993/8 1128/984/8 1129/985/8
f 1135/991/8 1137/993/8 1134/990/8
f 1137/993/8 1138/994/8 1134/990/8
f 1134/990/8 1138/994/8 1136/992/8
f 1139/995/8 1137/993/8 1129/985/8
f 1139/995/8 1129/985/8 1127/983/8
f 1140/996/8 1139/995/8 1127/983/8
f 1140/996/8 1141/997/8 1139/995/8
f 1136/992/8 1138/994/8 1142/998/8
f 1141/997/8 1142/998/8 1139/995/8
f 1143/999/8 1136/992/8 1142/998/8
f 1142/998/8 1141/997/8 1144/1000/8
f 1143/999/8 1142/998/8 1144/1000/8
f 1147/1001/15 1146/1002/15 1145/1003/15
f 1147/1001/15 1145/1003/15 1148/1004/15
f 1145/1003/15 1149/1005/15 1148/1004/15
f 1149/1005/15 1145/1003/15 1150/1006/15
f 1151/1007/15 1149/1005/15 1150/1006/15
f 1146/1002/15 1152/1008/15 1145/1003/15
f 1151/1007/15 1150/1006/15 1153/1009/15
f 1154/1010/15 1152/1008/15 1146/1002/15
f 1155/1011/15 1154/1010/15 1146/1002/15
f 1156/1012/15 1152/1008/15 1154/1010/15
f 1150/1006/15 1157/1013/15 1153/1009/15
f 1150/1006/15 1156/1012/15 1157/1013/15
f 1158/1014/15 1153/1009/15 1157/1013/15
f 1154/1010/15 1155/1011/15 1159/1015/15
f 1155/1011/15 1160/1016/15 1159/1015/15
f 1159/1015/15 1160/1016/15 1161/1017/15
f 1162/1018/15 1159/1015/15 1161/1017/15
f 1159/1015/15 1162/1018/15 1163/1019/15
f 1164/1020/15 1156/1012/15 1154/1010/15
f 1162/1018/15 1165/1021/15 1163/1019/15
f 1166/1022/15 1158/1014/15 1157/1013/15
f 1158/1014/15 1166/1022/15 1167/1023/15
f 1156/1012/15 1168/1024/15 1157/1013/15
f 1156/1012/15 1164/1020/15 1169/1025/15
f 1169/1025/15 1164/1020/15 1163/1019/15
f 1168/1024/15 1156/1012/15 1169/1025/15
f 1170/1026/15 1163/1019/15 1165/1021/15
f 1170/1026/15 1169/1025/15 1163/1019/15
f 1171/1027/15 1170/1026/15 1165/1021/15
f 1168/1024/15 1169/1025/15 1172/1028/15
f 1171/1027/15 1173/1029/15 1170/1026/15
f 1173/1029/15 1174/1030/15 1170/1026/15
f 1175/1031/15 1168/1024/15 1172/1028/15
f 1166/1022/15 1176/1032/15 1167/1023/15
f 1166/1022/15 1175/1031/15 1176/1032/15
f 1177/1033/15 1167/1023/15 1176/1032/15
f 1175/1031/15 1178/1034/15 1176/1032/15
f 1178/1034/15 1175/1031/15 1172/1028/15
f 1179/1035/15 1177/1033/15 1176/1032/15
f 1177/1033/15 1179/1035/15 1180/1036/15
f 1179/1035/15 1181/1037/15 1180/1036/15
f 1182/1038/15 1181/1037/15 1179/1035/15
f 1183/1039/15 1182/1038/15 1179/1035/15
f 1182/1038/15 1183/1039/15 1184/1040/15
f 1185/1041/15 1172/1028/15 1174/1030/15
f 1185/1041/15 1178/1034/15 1172/1028/15
f 1183/1039/15 1178/1034/15 1186/1042/15
f 1178/1034/15 1185/1041/15 1186/1042/15
f 1183/1039/15 1186/1042/15 1184/1040/15
f 1187/1043/15 1185/1041/15 1174/1030/15
f 1184/1040/15 1186/1042/15 1188/1044/15
f 1187/1043/15 1174/1030/15 1173/1029/15
f 1189/1045/15 1187/1043/15 1173/1029/15
f 1189/1045/15 1190/1046/15 1187/1043/15
f 1190/1046/15 1188/1044/15 1187/1043/15
f 1191/1047/15 1184/1040/15 1188/1044/15
f 1188/1044/15 1190/1046/15 1192/1048/15
f 1191/1047/15 1188/1044/15 1192/1048/15
f 3/1/1 2/2/2 1/3/2
f 6/4/3 5/5/4 4/6/5
f 9/7/6 8/8/6 7/9/6
f 8/8/6 10/10/6 7/9/6
f 10/10/6 11/11/6 7/9/6
f 11/11/6 12/12/6 7/9/6
f 12/12/6 11/11/6 13/13/6
f 11/11/6 14/14/6 13/13/6
f 14/14/6 15/15/6 13/13/6
f 15/15/6 16/16/6 13/13/6
f 15/15/6 17/17/6 16/16/6
f 17/17/6 18/18/6 16/16/6
f 18/18/6 17/17/6 19/19/6
f 20/20/6 18/18/6 19/19/6
f 21/21/6 20/20/6 19/19/6
f 22/22/6 21/21/6 19/19/6
f 25/23/7 24/24/7 23/25/7
f 24/24/7 26/26/7 23/25/7
f 26/26/7 27/27/7 23/25/7
f 27/27/7 28/28/7 23/25/7
f 28/28/7 27/27/7 29/29/7
f 27/27/7 30/30/7 29/29/7
f 30/30/7 31/31/7 29/29/7
f 31/31/7 32/32/7 29/29/7
f 31/31/7 33/33/7 32/32/7
f 33/33/7 34/34/7 32/32/7
f 34/34/7 33/33/7 35/35/7
f 36/36/7 34/34/7 35/35/7
f 37/37/7 36/36/7 35/35/7
f 38/38/7 37/37/7 35/35/7
f 41/39/8 40/40/8 39/41/8
f 42/42/8 41/39/8 39/41/8
f 45/42/9 44/41/9 43/43/9
f 46/44/9 45/42/9 43/43/9
f 49/39/10 48/42/11 47/44/11
f 50/45/10 49/39/10 47/44/11
f 53/40/12 52/39/12 51/45/12
f 54/46/12 53/40/12 51/45/12
f 57/41/13 56/40/14 55/46/14
f 58/43/13 57/41/13 55/46/14
f 61/47/15 60/48/15 59/49/15
f 62/50/15 61/47/15 59/49/15
f 65/50/16 64/49/16 63/51/16
f 66/52/16 65/50/16 63/51/16
f 69/47/17 68/50/18 67/52/18
f 70/53/17 69/47/17 67/52/18
f 73/48/19 72/47/19 71/53/19
f 74/54/19 73/48/19 71/53/19
f 77/49/20 76/48/21 75/54/22
f 78/51/20 77/49/20 75/54/22
f 81/55/8 80/56/8 79/57/8
f 82/58/8 81/55/8 79/57/8
f 85/58/9 84/57/9 83/59/9
f 86/60/9 85/58/9 83/59/9
f 89/55/10 88/58/11 87/60/11
f 90/61/10 89/55/10 87/60/11
f 93/56/12 92/55/12 91/61/12
f 94/62/12 93/56/12 91/61/12
f 97/57/13 96/56/14 95/62/14
f 98/59/13 97/57/13 95/62/14
f 101/63/15 100/64/15 99/65/15
f 102/66/15 101/63/15 99/65/15
f 105/66/16 104/65/16 103/67/16
f 106/68/16 105/66/16 103/67/16
f 109/63/17 108/66/18 107/68/18
f 110/69/17 109/63/17 107/68/18
f 113/64/19 112/63/19 111/69/19
f 114/70/19 113/64/19 111/69/19
f 117/65/20 116/64/21 115/70/22
f 118/67/20 117/65/20 115/70/22
f 121/71/8 120/72/8 119/73/8
f 122/74/8 121/71/8 119/73/8
f 125/74/9 124/73/9 123/75/9
f 126/76/9 125/74/9 123/75/9
f 129/71/10 128/74/11 127/76/11
f 130/77/10 129/71/10 127/76/11
f 133/72/12 132/71/12 131/77/12
f 134/78/12 133/72/12 131/77/12
f 137/73/13 136/72/14 135/78/14
f 138/75/13 137/73/13 135/78/14
f 141/79/15 140/80/15 139/81/15
f 142/82/15 141/79/15 139/81/15
f 145/82/16 144/81/16 143/83/16
f 146/84/16 145/82/16 143/83/16
f 149/79/17 148/82/18 147/84/18
f 150/85/17 149/79/17 147/84/18
f 153/80/19 152/79/19 151/85/19
f 154/86/19 153/80/19 151/85/19
f 157/81/20 156/80/21 155/86/22
f 158/83/20 157/81/20 155/86/22
f 161/87/23 160/88/23 159/89/24
f 160/88/23 162/90/24 159/89/24
f 162/90/24 163/91/24 159/89/24
f 163/91/24 164/92/24 159/89/24
f 164/92/24 163/91/24 165/93/23
f 163/91/24 166/94/23 165/93/23
f 165/93/23 166/94/23 167/95/24
f 168/96/24 165/93/23 167/95/24
f 169/97/24 168/96/24 167/95/24
f 170/98/24 169/97/24 167/95/24
f 173/99/25 172/100/25 171/101/25
f 172/100/25 174/102/25 171/101/25
f 174/102/25 175/103/25 171/101/25
f 175/103/25 176/104/25 171/101/25
f 176/104/25 175/103/25 177/105/25
f 175/103/25 178/106/25 177/105/25
f 177/105/25 178/106/25 179/107/25
f 180/108/25 177/105/25 179/107/25
f 181/109/25 180/108/25 179/107/25
f 182/110/25 181/109/25 179/107/25
f 185/111/8 184/112/8 183/113/8
f 186/114/8 185/111/8 183/113/8
f 189/114/12 188/113/12 187/115/12
f 190/116/12 189/114/12 187/115/12
f 193/111/13 192/114/13 191/116/13
f 194/117/13 193/111/13 191/116/13
f 197/112/9 196/111/9 195/117/9
f 198/118/9 197/112/9 195/117/9
f 201/113/10 200/112/10 199/118/10
f 202/115/10 201/113/10 199/118/10
f 205/119/15 204/120/15 203/121/15
f 206/122/15 205/119/15 203/121/15
f 209/122/19 208/121/19 207/123/19
f 210/124/19 209/122/19 207/123/19
f 213/119/21 212/122/26 211/124/26
f 214/125/21 213/119/21 211/124/26
f 217/120/27 216/119/27 215/125/27
f 218/126/27 217/120/27 215/125/27
f 221/121/28 220/120/29 219/126/29
f 222/123/28 221/121/28 219/126/29
f 225/127/8 224/128/8 223/129/8
f 226/130/8 225/127/8 223/129/8
f 229/130/12 228/129/12 227/131/12
f 230/132/12 229/130/12 227/131/12
f 233/127/13 232/130/13 231/132/13
f 234/133/13 233/127/13 231/132/13
f 237/128/9 236/127/9 235/133/9
f 238/134/9 237/128/9 235/133/9
f 241/129/10 240/128/10 239/134/10
f 242/131/10 241/129/10 239/134/10
f 245/135/15 244/136/15 243/137/15
f 246/138/15 245/135/15 243/137/15
f 249/138/19 248/137/19 247/139/19
f 250/140/19 249/138/19 247/139/19
f 253/135/21 252/138/26 251/140/26
f 254/141/21 253/135/21 251/140/26
f 257/136/27 256/135/27 255/141/27
f 258/142/27 257/136/27 255/141/27
f 261/137/28 260/136/29 259/142/29
f 262/139/28 261/137/28 259/142/29
f 265/143/8 264/144/8 263/145/8
f 266/146/8 265/143/8 263/145/8
f 269/146/12 268/145/12 267/147/12
f 270/148/12 269/146/12 267/147/12
f 273/143/13 272/146/13 271/148/13
f 274/149/13 273/143/13 271/148/13
f 277/144/9 276/143/9 275/149/9
f 278/150/9 277/144/9 275/149/9
f 281/145/10 280/144/10 279/150/10
f 282/147/10 281/145/10 279/150/10
f 285/151/15 284/152/15 283/153/15
f 286/154/15 285/151/15 283/153/15
f 289/154/19 288/153/19 287/155/19
f 290/156/19 289/154/19 287/155/19
f 293/151/21 292/154/26 291/156/26
f 294/157/21 293/151/21 291/156/26
f 297/152/27 296/151/27 295/157/27
f 298/158/27 297/152/27 295/157/27
f 301/153/28 300/152/29 299/158/29
f 302/155/28 301/153/28 299/158/29
f 305/159/30 304/160/31 303/161/30
f 304/160/31 306/162/30 303/161/30
f 303/161/30 306/162/30 307/163/30
f 306/162/30 308/164/30 307/163/30
f 307/163/30 308/164/30 309/165/30
f 308/164/30 310/166/30 309/165/30
f 309/165/30 310/166/30 311/167/30
f 310/166/30 312/168/30 311/167/30
f 311/167/30 312/168/30 313/169/30
f 312/168/30 314/170/30 313/169/30
f 313/169/30 314/170/30 315/171/30
f 314/170/30 316/172/30 315/171/30
f 315/171/30 316/172/30 317/173/30
f 316/172/30 318/174/30 317/173/30
f 321/175/32 320/176/33 319/177/33
f 322/178/32 321/175/32 319/177/33
f 323/179/34 321/175/32 322/178/32
f 324/180/34 323/179/34 322/178/32
f 325/181/32 323/179/34 324/180/34
f 326/182/32 325/181/32 324/180/34
f 327/183/32 325/181/32 326/182/32
f 328/184/32 327/183/32 326/182/32
f 329/185/34 327/183/32 328/184/32
f 330/186/34 329/185/34 328/184/32
f 333/187/35 332/188/35 331/189/35
f 334/190/35 333/187/35 331/189/35
f 335/191/35 333/187/35 334/190/35
f 336/192/35 335/191/35 334/190/35
f 337/193/36 335/191/35 336/192/35
f 338/194/36 337/193/36 336/192/35
f 339/195/36 337/193/36 338/194/36
f 340/196/36 339/195/36 338/194/36
f 341/197/35 339/195/36 340/196/36
f 342/198/35 341/197/35 340/196/36
f 343/199/36 341/197/35 342/198/35
f 344/200/36 343/199/36 342/198/35
f 345/201/36 343/199/36 344/200/36
f 346/202/36 345/201/36 344/200/36
f 349/203/37 348/204/38 347/205/38
f 350/206/37 349/203/37 347/205/38
f 351/207/38 349/203/37 350/206/37
f 352/208/38 351/207/38 350/206/37
f 353/209/37 351/207/38 352/208/38
f 354/210/37 353/209/37 352/208/38
f 355/211/37 353/209/37 354/210/37
f 356/212/37 355/211/37 354/210/37
f 357/213/38 355/211/37 356/212/37
f 358/214/38 357/213/38 356/212/37
f 361/215/39 360/216/39 359/217/39
f 360/216/39 362/218/39 359/217/39
f 359/217/39 362/218/39 363/219/39
f 362/218/39 364/220/39 363/219/39
f 363/219/39 364/220/39 365/221/39
f 364/220/39 366/222/39 365/221/39
f 365/221/39 366/222/39 367/223/39
f 366/222/39 368/224/39 367/223/39
f 367/223/39 368/224/39 369/225/39
f 368/224/39 370/226/39 369/225/39
f 369/225/39 370/226/39 371/227/39
f 370/226/39 372/228/39 371/227/39
f 371/227/39 372/228/39 373/229/39
f 372/228/39 374/230/39 373/229/39
f 377/231/40 376/232/41 375/233/41
f 378/234/40 377/231/40 375/233/41
f 379/235/41 377/231/40 378/234/40
f 380/236/41 379/235/41 378/234/40
f 381/237/40 379/235/41 380/236/41
f 382/238/40 381/237/40 380/236/41
f 383/239/42 381/237/40 382/238/40
f 384/240/42 383/239/42 382/238/40
f 385/241/43 383/239/42 384/240/42
f 386/242/43 385/241/43 384/240/42
f 389/243/44 388/244/44 387/245/44
f 390/246/44 389/243/44 387/245/44
f 391/247/44 389/243/44 390/246/44
f 392/248/44 391/247/44 390/246/44
f 393/249/44 391/247/44 392/248/44
f 394/250/44 393/249/44 392/248/44
f 395/251/44 393/249/44 394/250/44
f 396/252/44 395/251/44 394/250/44
f 397/253/44 395/251/44 396/252/44
f 398/254/44 397/253/44 396/252/44
f 399/255/44 397/253/44 398/254/44
f 400/256/44 399/255/44 398/254/44
f 401/257/44 399/255/44 400/256/44
f 402/258/44 401/257/44 400/256/44
f 405/259/45 404/260/46 403/261/47
f 406/262/45 405/259/45 403/261/47
f 407/263/45 405/259/45 406/262/45
f 408/264/45 407/263/45 406/262/45
f 409/265/48 407/263/45 408/264/45
f 410/266/48 409/265/48 408/264/45
f 411/267/45 409/265/48 410/266/48
f 412/268/45 411/267/45 410/266/48
f 413/269/49 411/267/45 412/268/45
f 414/270/49 413/269/49 412/268/45
f 417/271/35 416/272/35 415/273/35
f 418/274/35 417/271/35 415/273/35
f 421/275/50 420/276/51 419/277/51
f 422/278/50 421/275/50 419/277/51
f 425/279/31 424/280/30 423/281/30
f 426/282/31 425/279/31 423/281/30
f 429/283/52 428/284/53 427/285/53
f 430/286/52 429/283/52 427/285/53
f 433/287/54 432/288/54 431/289/54
f 434/290/54 433/287/54 431/289/54
f 437/291/40 436/292/55 435/293/55
f 438/294/40 437/291/40 435/293/55
f 441/295/39 440/296/39 439/297/39
f 442/298/39 441/295/39 439/297/39
f 445/299/56 444/300/57 443/301/57
f 446/302/56 445/299/56 443/301/57
f 449/303/35 448/304/35 447/305/35
f 450/306/35 449/303/35 447/305/35
f 453/307/58 452/308/59 451/309/59
f 454/310/58 453/307/58 451/309/59
f 457/311/31 456/312/31 455/313/31
f 458/314/31 457/311/31 455/313/31
f 461/315/60 460/316/60 459/317/60
f 462/318/60 461/315/60 459/317/60
f 465/319/54 464/320/54 463/321/54
f 466/322/54 465/319/54 463/321/54
f 469/323/61 468/324/62 467/325/63
f 470/326/61 469/323/61 467/325/63
f 473/327/39 472/328/39 471/329/39
f 474/330/39 473/327/39 471/329/39
f 477/331/56 476/332/57 475/333/57
f 478/334/56 477/331/56 475/333/57
f 481/335/35 480/336/35 479/337/35
f 482/338/35 481/335/35 479/337/35
f 485/339/33 484/340/64 483/341/64
f 486/342/33 485/339/33 483/341/64
f 489/343/31 488/344/30 487/345/30
f 490/346/31 489/343/31 487/345/30
f 493/347/52 492/348/53 491/349/53
f 494/350/52 493/347/52 491/349/53
f 497/351/54 496/352/54 495/353/54
f 498/354/54 497/351/54 495/353/54
f 501/355/40 500/356/55 499/357/55
f 502/358/40 501/355/40 499/357/55
f 505/359/39 504/360/39 503/361/39
f 506/362/39 505/359/39 503/361/39
f 509/363/45 508/364/65 507/365/65
f 510/366/45 509/363/45 507/365/65
f 513/367/30 512/368/30 511/369/30
f 514/370/30 513/367/30 511/369/30
f 517/371/66 516/372/67 515/373/67
f 518/374/66 517/371/66 515/373/67
f 521/375/68 520/376/68 519/377/68
f 522/378/68 521/375/68 519/377/68
f 525/379/51 524/380/58 523/381/58
f 526/382/51 525/379/51 523/381/58
f 529/383/39 528/384/39 527/385/39
f 530/386/39 529/383/39 527/385/39
f 533/387/69 532/388/56 531/389/56
f 534/390/69 533/387/69 531/389/56
f 537/391/70 536/392/71 535/393/71
f 538/394/70 537/391/70 535/393/71
f 541/395/40 540/396/41 539/397/41
f 542/398/40 541/395/40 539/397/41
f 545/399/31 544/400/30 543/401/30
f 546/402/31 545/399/31 543/401/30
f 549/403/72 548/404/73 547/405/73
f 550/406/72 549/403/72 547/405/73
f 553/407/68 552/408/68 551/409/68
f 554/410/68 553/407/68 551/409/68
f 557/411/51 556/412/58 555/413/58
f 558/414/51 557/411/51 555/413/58
f 561/415/71 560/416/70 559/417/70
f 562/418/71 561/415/71 559/417/70
f 565/419/40 564/420/41 563/421/41
f 566/422/40 565/419/40 563/421/41
f 569/423/74 568/424/39 567/425/39
f 570/426/74 569/423/74 567/425/39
f 573/427/48 572/428/45 571/429/45
f 574/430/48 573/427/48 571/429/45
f 577/431/39 576/432/39 575/433/39
f 578/434/39 577/431/39 575/433/39
f 581/435/69 580/436/56 579/437/56
f 582/438/69 581/435/69 579/437/56
f 585/439/70 584/440/70 583/441/70
f 586/442/70 585/439/70 583/441/70
f 589/443/61 588/444/75 587/445/75
f 590/446/61 589/443/61 587/445/75
f 593/447/68 592/448/68 591/449/68
f 594/450/68 593/447/68 591/449/68
f 597/451/34 596/452/33 595/453/33
f 598/454/34 597/451/34 595/453/33
f 601/455/30 600/456/30 599/457/30
f 602/458/30 601/455/30 599/457/30
f 605/459/66 604/460/67 603/461/67
f 606/462/66 605/459/66 603/461/67
f 609/463/76 608/464/76 607/465/76
f 610/466/76 609/463/76 607/465/76
f 613/467/77 612/468/77 611/469/77
f 614/470/77 613/467/77 611/469/77
f 617/471/78 616/472/78 615/473/78
f 618/474/78 617/471/78 615/473/78
f 621/475/79 620/476/79 619/477/79
f 622/478/79 621/475/79 619/477/79
f 625/479/80 624/480/80 623/481/80
f 626/482/80 625/479/80 623/481/80
f 629/483/81 628/484/81 627/485/81
f 630/486/81 629/483/81 627/485/81
f 633/487/82 632/488/82 631/489/82
f 634/490/82 633/487/82 631/489/82
f 637/491/83 636/492/83 635/493/83
f 638/494/83 637/491/83 635/493/83
f 641/495/76 640/496/76 639/497/76
f 642/498/76 641/495/76 639/497/76
f 645/499/84 644/500/77 643/501/77
f 646/502/84 645/499/84 643/501/77
f 649/503/78 648/504/78 647/505/78
f 650/506/78 649/503/78 647/505/78
f 653/507/85 652/508/86 651/509/86
f 654/510/85 653/507/85 651/509/86
f 657/511/80 656/512/80 655/513/80
f 658/514/80 657/511/80 655/513/80
f 661/515/87 660/516/87 659/517/87
f 662/518/87 661/515/87 659/517/87
f 665/519/82 664/520/82 663/521/82
f 666/522/82 665/519/82 663/521/82
f 669/523/88 668/524/88 667/525/88
f 670/526/88 669/523/88 667/525/88
f 673/527/76 672/528/76 671/529/76
f 674/530/76 673/527/76 671/529/76
f 677/531/84 676/532/77 675/533/77
f 678/534/84 677/531/84 675/533/77
f 681/535/78 680/536/78 679/537/78
f 682/538/78 681/535/78 679/537/78
f 685/539/86 684/540/89 683/541/86
f 686/542/86 685/539/86 683/541/86
f 689/543/80 688/544/80 687/545/80
f 690/546/80 689/543/80 687/545/80
f 693/547/90 692/548/90 691/549/90
f 694/550/90 693/547/90 691/549/90
f 697/551/82 696/552/82 695/553/82
f 698/554/82 697/551/82 695/553/82
f 701/555/88 700/556/88 699/557/88
f 702/558/88 701/555/88 699/557/88
f 705/559/78 704/560/78 703/561/78
f 706/562/78 705/559/78 703/561/78
f 709/563/79 708/564/91 707/565/91
f 710/566/79 709/563/79 707/565/91
f 713/567/92 712/568/92 711/569/92
f 714/570/92 713/567/92 711/569/92
f 717/571/77 716/572/77 715/573/77
f 718/574/77 717/571/77 715/573/77
f 721/575/82 720/576/82 719/577/82
f 722/578/82 721/575/82 719/577/82
f 725/579/83 724/580/83 723/581/83
f 726/582/83 725/579/83 723/581/83
f 729/583/80 728/584/80 727/585/80
f 730/586/80 729/583/80 727/585/80
f 733/587/81 732/588/81 731/589/81
f 734/590/81 733/587/81 731/589/81
f 737/591/78 736/592/78 735/593/78
f 738/594/78 737/591/78 735/593/78
f 741/595/86 740/596/86 739/597/86
f 742/598/86 741/595/86 739/597/86
f 745/599/92 744/600/92 743/601/92
f 746/602/92 745/599/92 743/601/92
f 749/603/77 748/604/84 747/605/84
f 750/606/77 749/603/77 747/605/84
f 753/607/82 752/608/82 751/609/82
f 754/610/82 753/607/82 751/609/82
f 757/611/88 756/612/88 755/613/88
f 758/614/88 757/611/88 755/613/88
f 761/615/80 760/616/80 759/617/80
f 762/618/80 761/615/80 759/617/80
f 765/619/87 764/620/87 763/621/87
f 766/622/87 765/619/87 763/621/87
f 769/623/78 768/624/78 767/625/78
f 770/626/78 769/623/78 767/625/78
f 773/627/86 772/628/89 771/629/89
f 774/630/86 773/627/86 771/629/89
f 777/631/92 776/632/92 775/633/92
f 778/634/92 777/631/92 775/633/92
f 781/635/77 780/636/84 779/637/84
f 782/638/77 781/635/77 779/637/84
f 785/639/82 784/640/82 783/641/82
f 786/642/82 785/639/82 783/641/82
f 789/643/88 788/644/88 787/645/88
f 790/646/88 789/643/88 787/645/88
f 793/647/80 792/648/80 791/649/80
f 794/650/80 793/647/80 791/649/80
f 797/651/90 796/652/90 795/653/90
f 798/654/90 797/651/90 795/653/90
f 801/655/93 800/656/93 799/657/94
f 800/656/93 802/658/94 799/657/94
f 799/657/94 802/658/94 803/659/94
f 802/658/94 804/660/94 803/659/94
f 803/659/94 804/660/94 805/661/94
f 804/660/94 806/662/94 805/661/94
f 805/661/94 806/662/94 807/663/93
f 806/662/94 808/664/93 807/663/93
f 807/663/93 808/664/93 809/665/94
f 808/664/93 810/666/94 809/665/94
f 809/665/94 810/666/94 811/667/94
f 810/666/94 812/668/94 811/667/94
f 811/667/94 812/668/94 813/669/94
f 812/668/94 814/670/94 813/669/94
f 817/671/95 816/672/95 815/673/95
f 818/674/95 817/671/95 815/673/95
f 819/675/95 817/671/95 818/674/95
f 820/676/95 819/675/95 818/674/95
f 821/677/95 819/675/95 820/676/95
f 822/678/95 821/677/95 820/676/95
f 823/679/96 821/677/95 822/678/95
f 824/680/96 823/679/96 822/678/95
f 825/681/96 823/679/96 824/680/96
f 826/682/96 825/681/96 824/680/96
f 829/683/97 828/684/97 827/685/97
f 830/686/97 829/683/97 827/685/97
f 831/687/97 829/683/97 830/686/97
f 832/688/97 831/687/97 830/686/97
f 833/689/97 831/687/97 832/688/97
f 834/690/97 833/689/97 832/688/97
f 835/691/97 833/689/97 834/690/97
f 836/692/97 835/691/97 834/690/97
f 837/693/97 835/691/97 836/692/97
f 838/694/97 837/693/97 836/692/97
f 839/695/97 837/693/97 838/694/97
f 840/696/97 839/695/97 838/694/97
f 841/697/97 839/695/97 840/696/97
f 842/698/97 841/697/97 840/696/97
f 843/699/1 3/1/1 1/3/2
f 844/700/98 3/1/1 843/699/1
f 845/701/98 844/700/98 843/699/1
f 846/702/98 844/700/98 845/701/98
f 847/703/98 846/702/98 845/701/98
f 848/704/99 846/702/98 847/703/98
f 849/705/98 848/704/99 847/703/98
f 850/706/99 848/704/99 849/705/98
f 851/707/99 850/706/99 849/705/98
f 854/708/100 853/709/101 852/710/101
f 855/711/100 854/708/100 852/710/101
f 858/712/102 857/713/103 856/714/103
f 859/715/102 858/712/102 856/714/103
f 862/716/104 861/717/104 860/718/104
f 863/719/104 862/716/104 860/718/104
f 866/720/98 865/721/99 864/722/99
f 867/723/98 866/720/98 864/722/99
f 870/724/105 869/725/105 868/726/105
f 871/727/105 870/724/105 868/726/105
f 874/728/106 873/729/107 872/730/107
f 875/731/106 874/728/106 872/730/107
f 878/732/108 877/733/108 876/734/108
f 879/735/108 878/732/108 876/734/108
f 882/736/109 881/737/110 880/738/110
f 883/739/109 882/736/109 880/738/110
f 886/740/111 885/741/111 884/742/111
f 885/741/111 887/743/111 884/742/111
f 884/742/111 887/743/111 888/744/111
f 887/743/111 889/745/111 888/744/111
f 888/744/111 889/745/111 890/746/111
f 889/745/111 891/747/111 890/746/111
f 890/746/111 891/747/111 892/748/112
f 891/747/111 893/749/112 892/748/112
f 892/748/112 893/749/112 894/750/111
f 893/749/112 895/751/111 894/750/111
f 894/750/111 895/751/111 896/752/112
f 895/751/111 897/753/112 896/752/112
f 896/752/112 897/753/112 898/754/111
f 897/753/112 899/755/111 898/754/111
f 900/756/3 6/4/3 4/6/5
f 901/757/3 6/4/3 900/756/3
f 902/758/3 901/757/3 900/756/3
f 903/759/107 901/757/3 902/758/3
f 904/760/107 903/759/107 902/758/3
f 905/761/107 903/759/107 904/760/107
f 906/762/107 905/761/107 904/760/107
f 907/763/106 905/761/107 906/762/107
f 908/764/106 907/763/106 906/762/107
f 911/765/105 910/766/105 909/767/105
f 912/768/105 911/765/105 909/767/105
f 913/769/105 911/765/105 912/768/105
f 914/770/105 913/769/105 912/768/105
f 915/771/105 913/769/105 914/770/105
f 916/772/105 915/771/105 914/770/105
f 917/773/105 915/771/105 916/772/105
f 918/774/105 917/773/105 916/772/105
f 919/775/105 917/773/105 918/774/105
f 920/776/105 919/775/105 918/774/105
f 921/777/105 919/775/105 920/776/105
f 922/778/105 921/777/105 920/776/105
f 923/779/105 921/777/105 922/778/105
f 924/780/105 923/779/105 922/778/105
f 927/781/113 926/782/114 925/783/114
f 928/784/113 927/781/113 925/783/114
f 929/785/113 927/781/113 928/784/113
f 930/786/113 929/785/113 928/784/113
f 931/787/113 929/785/113 930/786/113
f 932/788/113 931/787/113 930/786/113
f 933/789/113 931/787/113 932/788/113
f 934/790/113 933/789/113 932/788/113
f 935/791/115 933/789/113 934/790/113
f 936/792/115 935/791/115 934/790/113
f 939/793/100 938/794/101 937/795/101
f 940/796/100 939/793/100 937/795/101
f 943/797/116 942/798/117 941/799/117
f 944/800/116 943/797/116 941/799/117
f 947/801/104 946/802/104 945/803/104
f 948/804/104 947/801/104 945/803/104
f 951/805/118 950/806/119 949/807/119
f 952/808/118 951/805/118 949/807/119
f 955/809/105 954/810/105 953/811/105
f 956/812/105 955/809/105 953/811/105
f 959/813/120 958/814/120 957/815/120
f 960/816/120 959/813/120 957/815/120
f 963/817/121 962/818/121 961/819/121
f 964/820/121 963/817/121 961/819/121
f 967/821/122 966/822/123 965/823/123
f 968/824/122 967/821/122 965/823/123
f 971/825/100 970/826/100 969/827/100
f 972/828/100 971/825/100 969/827/100
f 975/829/124 974/830/95 973/831/95
f 976/832/124 975/829/124 973/831/95
f 979/833/104 978/834/104 977/835/104
f 980/836/104 979/833/104 977/835/104
f 983/837/98 982/838/99 981/839/99
f 984/840/98 983/837/98 981/839/99
f 987/841/105 986/842/105 985/843/105
f 988/844/105 987/841/105 985/843/105
f 991/845/106 990/846/107 989/847/107
f 992/848/106 991/845/106 989/847/107
f 995/849/121 994/850/121 993/851/121
f 996/852/121 995/849/121 993/851/121
f 999/853/125 998/854/113 997/855/113
f 1000/856/125 999/853/125 997/855/113
f 1003/857/126 1002/858/126 1001/859/126
f 1004/860/126 1003/857/126 1001/859/126
f 1007/861/127 1006/862/2 1005/863/2
f 1008/864/98 1007/861/127 1005/863/2
f 1011/865/101 1010/866/100 1009/867/100
f 1012/868/101 1011/865/101 1009/867/100
f 1015/869/128 1014/870/102 1013/871/102
f 1016/872/129 1015/869/128 1013/871/102
f 1019/873/130 1018/874/130 1017/875/130
f 1020/876/130 1019/873/130 1017/875/130
f 1023/877/110 1022/878/110 1021/879/110
f 1024/880/110 1023/877/110 1021/879/110
f 1027/881/105 1026/882/105 1025/883/105
f 1028/884/105 1027/881/105 1025/883/105
f 1031/885/106 1030/886/3 1029/887/3
f 1032/888/106 1031/885/106 1029/887/3
f 1035/889/126 1034/890/126 1033/891/126
f 1036/892/126 1035/889/126 1033/891/126
f 1039/893/118 1038/894/131 1037/895/132
f 1040/896/118 1039/893/118 1037/895/132
f 1043/897/101 1042/898/100 1041/899/100
f 1044/900/101 1043/897/101 1041/899/100
f 1047/901/133 1046/902/116 1045/903/116
f 1048/904/133 1047/901/133 1045/903/116
f 1051/905/130 1050/906/130 1049/907/130
f 1052/908/130 1051/905/130 1049/907/130
f 1055/909/123 1054/910/134 1053/911/134
f 1056/912/123 1055/909/123 1053/911/134
f 1059/913/105 1058/914/105 1057/915/105
f 1060/916/105 1059/913/105 1057/915/105
f 1063/917/120 1062/918/135 1061/919/135
f 1064/920/120 1063/917/120 1061/919/135
f 1067/921/126 1066/922/126 1065/923/126
f 1068/924/126 1067/921/126 1065/923/126
f 1071/925/127 1070/926/2 1069/927/2
f 1072/928/98 1071/925/127 1069/927/2
f 1075/929/101 1074/930/100 1073/931/100
f 1076/932/101 1075/929/101 1073/931/100
f 1079/933/96 1078/934/124 1077/935/124
f 1080/936/96 1079/933/96 1077/935/124
f 1083/937/130 1082/938/130 1081/939/130
f 1084/940/130 1083/937/130 1081/939/130
f 1087/941/113 1086/942/113 1085/943/113
f 1088/944/113 1087/941/113 1085/943/113
f 1091/945/105 1090/946/105 1089/947/105
f 1092/948/105 1091/945/105 1089/947/105
f 1095/949/106 1094/950/3 1093/951/3
f 1096/952/106 1095/949/106 1093/951/3
f 1099/953/8 1098/954/8 1097/955/8
f 1097/955/8 1098/954/8 1100/956/8
f 1101/957/8 1097/955/8 1100/956/8
f 1102/958/8 1099/953/8 1097/955/8
f 1097/955/8 1101/957/8 1103/959/8
f 1099/953/8 1102/958/8 1104/960/8
f 1101/957/8 1105/961/8 1103/959/8
f 1102/958/8 1106/962/8 1104/960/8
f 1102/958/8 1107/963/8 1106/962/8
f 1104/960/8 1106/962/8 1108/964/8
f 1109/965/8 1104/960/8 1108/964/8
f 1109/965/8 1108/964/8 1110/966/8
f 1108/964/8 1111/967/8 1110/966/8
f 1111/967/8 1108/964/8 1112/968/8
f 1113/969/8 1111/967/8 1112/968/8
f 1113/969/8 1112/968/8 1114/970/8
f 1107/963/8 1115/971/8 1106/962/8
f 1112/968/8 1116/972/8 1114/970/8
f 1112/968/8 1115/971/8 1116/972/8
f 1117/973/8 1114/970/8 1116/972/8
f 1115/971/8 1118/974/8 1116/972/8
f 1115/971/8 1107/963/8 1118/974/8
f 1119/975/8 1117/973/8 1116/972/8
f 1117/973/8 1119/975/8 1120/976/8
f 1107/963/8 1121/977/8 1118/974/8
f 1121/977/8 1107/963/8 1103/959/8
f 1118/974/8 1121/977/8 1122/978/8
f 1119/975/8 1123/979/8 1120/976/8
f 1119/975/8 1122/978/8 1123/979/8
f 1124/980/8 1120/976/8 1123/979/8
f 1125/981/8 1121/977/8 1103/959/8
f 1125/981/8 1103/959/8 1105/961/8
f 1126/982/8 1125/981/8 1105/961/8
f 1126/982/8 1127/983/8 1125/981/8
f 1121/977/8 1128/984/8 1122/978/8
f 1127/983/8 1129/985/8 1125/981/8
f 1130/986/8 1124/980/8 1123/979/8
f 1124/980/8 1130/986/8 1131/987/8
f 1130/986/8 1132/988/8 1131/987/8
f 1133/989/8 1132/988/8 1130/986/8
f 1134/990/8 1133/989/8 1130/986/8
f 1122/978/8 1135/991/8 1123/979/8
f 1133/989/8 1134/990/8 1136/992/8
f 1128/984/8 1137/993/8 1122/978/8
f 1137/993/8 1135/991/8 1122/978/8
f 1137/993/8 1128/984/8 1129/985/8
f 1135/991/8 1137/993/8 1134/990/8
f 1137/993/8 1138/994/8 1134/990/8
f 1134/990/8 1138/994/8 1136/992/8
f 1139/995/8 1137/993/8 1129/985/8
f 1139/995/8 1129/985/8 1127/983/8
f 1140/996/8 1139/995/8 1127/983/8
f 1140/996/8 1141/997/8 1139/995/8
f 1136/992/8 1138/994/8 1142/998/8
f 1141/997/8 1142/998/8 1139/995/8
f 1143/999/8 1136/992/8 1142/998/8
f 1142/998/8 1141/997/8 1144/1000/8
f 1143/999/8 1142/998/8 1144/1000/8
f 1147/1001/15 1146/1002/15 1145/1003/15
f 1147/1001/15 1145/1003/15 1148/1004/15
f 1145/1003/15 1149/1005/15 1148/1004/15
f 1149/1005/15 1145/1003/15 1150/1006/15
f 1151/1007/15 1149/1005/15 1150/1006/15
f 1146/1002/15 1152/1008/15 1145/1003/15
f 1151/1007/15 1150/1006/15 1153/1009/15
f 1154/1010/15 1152/1008/15 1146/1002/15
f 1155/1011/15 1154/1010/15 1146/1002/15
f 1156/1012/15 1152/1008/15 1154/1010/15
f 1150/1006/15 1157/1013/15 1153/1009/15
f 1150/1006/15 1156/1012/15 1157/1013/15
f 1158/1014/15 1153/1009/15 1157/1013/15
f 1154/1010/15 1155/1011/15 1159/1015/15
f 1155/1011/15 1160/1016/15 1159/1015/15
f 1159/1015/15 1160/1016/15 1161/1017/15
f 1162/1018/15 1159/1015/15 1161/1017/15
f 1159/1015/15 1162/1018/15 1163/1019/15
f 1164/1020/15 1156/1012/15 1154/1010/15
f 1162/1018/15 1165/1021/15 1163/1019/15
f 1166/1022/15 1158/1014/15 1157/1013/15
f 1158/1014/15 1166/1022/15 1167/1023/15
f 1156/1012/15 1168/1024/15 1157/1013/15
f 1156/1012/15 1164/1020/15 1169/1025/15
f 1169/1025/15 1164/1020/15 1163/1019/15
f 1168/1024/15 1156/1012/15 1169/1025/15
f 1170/1026/15 1163/1019/15 1165/1021/15
f 1170/1026/15 1169/1025/15 1163/1019/15
f 1171/1027/15 1170/1026/15 1165/1021/15
f 1168/1024/15 1169/1025/15 1172/1028/15
f 1171/1027/15 1173/1029/15 1170/1026/15
f 1173/1029/15 1174/1030/15 1170/1026/15
f 1175/1031/15 1168/1024/15 1172/1028/15
f 1166/1022/15 1176/1032/15 1167/1023/15
f 1166/1022/15 1175/1031/15 1176/1032/15
f 1177/1033/15 1167/1023/15 1176/1032/15
f 1175/1031/15 1178/1034/15 1176/1032/15
f 1178/1034/15 1175/1031/15 1172/1028/15
f 1179/1035/15 1177/1033/15 1176/1032/15
f 1177/1033/15 1179/1035/15 1180/1036/15
f 1179/1035/15 1181/1037/15 1180/1036/15
f 1182/1038/15 1181/1037/15 1179/1035/15
f 1183/1039/15 1182/1038/15 1179/1035/15
f 1182/1038/15 1183/1039/15 1184/1040/15
f 1185/1041/15 1172/1028/15 1174/1030/15
f 1185/1041/15 1178/1034/15 1172/1028/15
f 1183/1039/15 1178/1034/15 1186/1042/15
f 1178/1034/15 1185/1041/15 1186/1042/15
f 1183/1039/15 1186/1042/15 1184/1040/15
f 1187/1043/15 1185/1041/15 1174/1030/15
f 1184/1040/15 1186/1042/15 1188/1044/15
f 1187/1043/15 1174/1030/15 1173/1029/15
f 1189/1045/15 1187/1043/15 1173/1029/15
f 1189/1045/15 1190/1046/15 1187/1043/15
f 1190/1046/15 1188/1044/15 1187/1043/15
f 1191/1047/15 1184/1040/15 1188/1044/15
f 1188/1044/15 1190/1046/15 1192/1048/15
f 1191/1047/15 1188/1044/15 1192/1048/15
