# Blender 3.6.0
# www.blender.org
o Mesh_8ec7412a_Mesh_8ec7412a
v 0.434640 0.938480 -2.380070
v 0.430720 0.939890 -2.386430
v 0.434840 0.939890 -2.380270
v 0.430460 0.938480 -2.386320
v 0.433770 0.932370 -2.379200
v 0.429280 0.939890 -2.393690
v 0.429320 0.932370 -2.385850
v 0.433590 0.931120 -2.379020
v 0.429090 0.931120 -2.385750
v 0.428990 0.938480 -2.393690
v 0.430720 0.939890 -2.400960
v 0.427760 0.932370 -2.393690
v 0.427510 0.931120 -2.393690
v 0.430460 0.938480 -2.401070
v 0.434840 0.939890 -2.407120
v 0.429320 0.932370 -2.401540
v 0.429090 0.931120 -2.401640
v 0.434640 0.938480 -2.407320
v 0.441000 0.939890 -2.411230
v 0.440890 0.938480 -2.411500
v 0.433770 0.932370 -2.408190
v 0.433590 0.931120 -2.408370
v 0.440420 0.932370 -2.412630
v 0.440320 0.931120 -2.412870
v 0.440890 0.938480 -2.411500
v 0.448260 0.939890 -2.412680
v 0.441000 0.939890 -2.411230
v 0.448260 0.938480 -2.412960
v 0.440420 0.932370 -2.412630
v 0.455530 0.939890 -2.411230
v 0.448260 0.932370 -2.414190
v 0.440320 0.931120 -2.412870
v 0.448260 0.931120 -2.414440
v 0.455640 0.938480 -2.411500
v 0.461690 0.939890 -2.407120
v 0.456110 0.932370 -2.412630
v 0.456200 0.931120 -2.412870
v 0.461890 0.938480 -2.407320
v 0.465800 0.939890 -2.400960
v 0.466060 0.938480 -2.401070
v 0.462760 0.932370 -2.408190
v 0.462930 0.931120 -2.408370
v 0.467200 0.932370 -2.401540
v 0.467430 0.931120 -2.401640
v 0.466060 0.938480 -2.401070
v 0.467250 0.939890 -2.393690
v 0.465800 0.939890 -2.400960
v 0.467530 0.938480 -2.393690
v 0.467200 0.932370 -2.401540
v 0.465800 0.939890 -2.386430
v 0.468760 0.932370 -2.393690
v 0.467430 0.931120 -2.401640
v 0.469010 0.931120 -2.393690
v 0.466060 0.938480 -2.386320
v 0.461690 0.939890 -2.380270
v 0.467200 0.932370 -2.385850
v 0.467430 0.931120 -2.385750
v 0.461890 0.938480 -2.380070
v 0.455530 0.939890 -2.376160
v 0.455640 0.938480 -2.375890
v 0.462760 0.932370 -2.379200
v 0.462930 0.931120 -2.379020
v 0.456110 0.932370 -2.374760
v 0.456200 0.931120 -2.374520
v 0.455640 0.938480 -2.375890
v 0.448260 0.939890 -2.374710
v 0.455530 0.939890 -2.376160
v 0.448260 0.938480 -2.374430
v 0.456110 0.932370 -2.374760
v 0.441000 0.939890 -2.376160
v 0.448260 0.932370 -2.373200
v 0.456200 0.931120 -2.374520
v 0.448260 0.931120 -2.372940
v 0.440890 0.938480 -2.375890
v 0.434840 0.939890 -2.380270
v 0.434640 0.938480 -2.380070
v 0.440420 0.932370 -2.374760
v 0.440320 0.931120 -2.374520
v 0.433770 0.932370 -2.379200
v 0.433590 0.931120 -2.379020
v 0.429090 0.931120 -2.401640
v 0.427510 0.931120 -2.393690
v 0.429090 0.931120 -2.385750
v 0.433590 0.931120 -2.408370
v 0.433590 0.931120 -2.379020
v 0.440320 0.931120 -2.412870
v 0.440320 0.931120 -2.374520
v 0.448260 0.931120 -2.414440
v 0.448260 0.931120 -2.372940
v 0.456200 0.931120 -2.412870
v 0.456200 0.931120 -2.374520
v 0.462930 0.931120 -2.379020
v 0.462930 0.931120 -2.408370
v 0.467430 0.931120 -2.385750
v 0.467430 0.931120 -2.401640
v 0.469010 0.931120 -2.393690
v 0.433950 0.931120 -2.387770
v 0.432770 0.931120 -2.393690
v 0.433950 0.931120 -2.399620
v 0.437310 0.931120 -2.382740
v 0.437310 0.931120 -2.404650
v 0.442330 0.931120 -2.379380
v 0.442330 0.931120 -2.408010
v 0.448260 0.931120 -2.378200
v 0.448260 0.931120 -2.409190
v 0.454190 0.931120 -2.408010
v 0.454190 0.931120 -2.379380
v 0.459220 0.931120 -2.382740
v 0.459220 0.931120 -2.404650
v 0.462580 0.931120 -2.387770
v 0.462580 0.931120 -2.399620
v 0.463760 0.931120 -2.393690
v 0.437310 0.931120 -2.404650
v 0.442330 0.924730 -2.408010
v 0.442330 0.931120 -2.408010
v 0.437310 0.924730 -2.404650
v 0.433950 0.931120 -2.399620
v 0.433950 0.924730 -2.399620
v 0.432770 0.931120 -2.393690
v 0.432770 0.924730 -2.393690
v 0.433950 0.931120 -2.387770
v 0.433950 0.924730 -2.387770
v 0.437310 0.931120 -2.382740
v 0.437310 0.924730 -2.382740
v 0.459220 0.931120 -2.382740
v 0.454190 0.924730 -2.379380
v 0.454190 0.931120 -2.379380
v 0.459220 0.924730 -2.382740
v 0.462580 0.931120 -2.387770
v 0.462580 0.924730 -2.387770
v 0.463760 0.931120 -2.393690
v 0.463760 0.924730 -2.393690
v 0.462580 0.931120 -2.399620
v 0.462580 0.924730 -2.399620
v 0.442330 0.931120 -2.408010
v 0.442330 0.924730 -2.408010
v 0.448260 0.924730 -2.409190
v 0.448260 0.931120 -2.409190
v 0.454190 0.924730 -2.408010
v 0.454190 0.931120 -2.408010
v 0.459220 0.924730 -2.404650
v 0.459220 0.931120 -2.404650
v 0.462580 0.924730 -2.399620
v 0.462580 0.931120 -2.399620
v 0.454190 0.931120 -2.379380
v 0.454190 0.924730 -2.379380
v 0.448260 0.924730 -2.378200
v 0.448260 0.931120 -2.378200
v 0.442330 0.924730 -2.379380
v 0.442330 0.931120 -2.379380
v 0.437310 0.924730 -2.382740
v 0.437310 0.931120 -2.382740
v 0.402630 0.916330 -2.412600
v 0.398870 0.916330 -2.393690
v 0.402630 0.916330 -2.374790
v 0.413330 0.916330 -2.428620
v 0.413330 0.916330 -2.358770
v 0.429360 0.916330 -2.439330
v 0.429360 0.916330 -2.348060
v 0.448260 0.916330 -2.443090
v 0.448260 0.916330 -2.344300
v 0.467160 0.916330 -2.439330
v 0.467160 0.916330 -2.348060
v 0.483190 0.916330 -2.358770
v 0.483190 0.916330 -2.428620
v 0.493900 0.916330 -2.412600
v 0.493900 0.916330 -2.374790
v 0.497660 0.916330 -2.393690
v 0.429360 0.917150 -2.439330
v 0.429360 0.916330 -2.439330
v 0.448260 0.916330 -2.443090
v 0.448260 0.917150 -2.443090
v 0.429360 0.922980 -2.439330
v 0.467160 0.916330 -2.439330
v 0.448260 0.922980 -2.443090
v 0.429360 0.924110 -2.439330
v 0.448260 0.924110 -2.443090
v 0.467160 0.917150 -2.439330
v 0.483190 0.916330 -2.428620
v 0.467160 0.922980 -2.439330
v 0.467160 0.924110 -2.439330
v 0.483190 0.917150 -2.428620
v 0.493900 0.916330 -2.412600
v 0.493900 0.917150 -2.412600
v 0.483190 0.922980 -2.428620
v 0.483190 0.924110 -2.428620
v 0.493900 0.922980 -2.412600
v 0.493900 0.924110 -2.412600
v 0.467160 0.917150 -2.348060
v 0.467160 0.916330 -2.348060
v 0.448260 0.916330 -2.344300
v 0.448260 0.917150 -2.344300
v 0.467160 0.922980 -2.348060
v 0.429360 0.916330 -2.348060
v 0.448260 0.922980 -2.344300
v 0.467160 0.924110 -2.348060
v 0.448260 0.924110 -2.344300
v 0.429360 0.917150 -2.348060
v 0.413330 0.916330 -2.358770
v 0.413330 0.917150 -2.358770
v 0.429360 0.922980 -2.348060
v 0.429360 0.924110 -2.348060
v 0.413330 0.922980 -2.358770
v 0.413330 0.924110 -2.358770
v 0.413330 0.917150 -2.358770
v 0.413330 0.916330 -2.358770
v 0.402630 0.916330 -2.374790
v 0.402630 0.917150 -2.374790
v 0.413330 0.922980 -2.358770
v 0.398870 0.916330 -2.393690
v 0.402630 0.922980 -2.374790
v 0.413330 0.924110 -2.358770
v 0.402630 0.924110 -2.374790
v 0.398870 0.917150 -2.393690
v 0.402630 0.916330 -2.412600
v 0.398870 0.922980 -2.393690
v 0.398870 0.924110 -2.393690
v 0.402630 0.917150 -2.412600
v 0.413330 0.916330 -2.428620
v 0.402630 0.922980 -2.412600
v 0.402630 0.924110 -2.412600
v 0.413330 0.917150 -2.428620
v 0.429360 0.916330 -2.439330
v 0.429360 0.917150 -2.439330
v 0.413330 0.922980 -2.428620
v 0.413330 0.924110 -2.428620
v 0.429360 0.922980 -2.439330
v 0.429360 0.924110 -2.439330
v 0.493900 0.917150 -2.412600
v 0.493900 0.916330 -2.412600
v 0.497660 0.916330 -2.393690
v 0.497660 0.917150 -2.393690
v 0.493900 0.922980 -2.412600
v 0.493900 0.916330 -2.374790
v 0.497660 0.922980 -2.393690
v 0.493900 0.924110 -2.412600
v 0.497660 0.924110 -2.393690
v 0.493900 0.917150 -2.374790
v 0.483190 0.916330 -2.358770
v 0.493900 0.922980 -2.374790
v 0.493900 0.924110 -2.374790
v 0.483190 0.917150 -2.358770
v 0.467160 0.916330 -2.348060
v 0.467160 0.917150 -2.348060
v 0.483190 0.922980 -2.358770
v 0.483190 0.924110 -2.358770
v 0.467160 0.922980 -2.348060
v 0.467160 0.924110 -2.348060
v 0.541320 0.916470 -2.494990
v 0.549560 0.916470 -2.486760
v 0.549560 0.921000 -2.486760
v 0.541320 0.921000 -2.494990
v 0.355200 0.921000 -2.494990
v 0.355200 0.916470 -2.494990
v 0.541970 0.922560 -2.493420
v 0.547990 0.922560 -2.487410
v 0.541320 0.921000 -2.292400
v 0.549560 0.916470 -2.300630
v 0.541320 0.916470 -2.292400
v 0.549560 0.921000 -2.300630
v 0.547990 0.922560 -2.299980
v 0.541970 0.922560 -2.293970
v 0.549560 0.921000 -2.486760
v 0.549560 0.916470 -2.486760
v 0.355200 0.921000 -2.494990
v 0.346960 0.916470 -2.486760
v 0.355200 0.916470 -2.494990
v 0.346960 0.921000 -2.486760
v 0.348540 0.922560 -2.487410
v 0.354550 0.922560 -2.493420
v 0.346960 0.921000 -2.300630
v 0.346960 0.916470 -2.300630
v 0.355200 0.916470 -2.292400
v 0.346960 0.916470 -2.300630
v 0.346960 0.921000 -2.300630
v 0.355200 0.921000 -2.292400
v 0.541320 0.921000 -2.292400
v 0.541320 0.916470 -2.292400
v 0.354550 0.922560 -2.293970
v 0.348540 0.922560 -2.299980
v 0.528990 0.920240 -2.304730
v 0.537230 0.920920 -2.312970
v 0.528990 0.920920 -2.304730
v 0.537230 0.920240 -2.312970
v 0.528990 0.917640 -2.304730
v 0.537230 0.917640 -2.312970
v 0.528990 0.916540 -2.304730
v 0.537230 0.916540 -2.312970
v 0.537230 0.916540 -2.474420
v 0.537230 0.917640 -2.474420
v 0.537230 0.920240 -2.474420
v 0.537230 0.920920 -2.474420
v 0.537880 0.922490 -2.311390
v 0.537880 0.922490 -2.476000
v 0.367530 0.920240 -2.482660
v 0.359290 0.920920 -2.474420
v 0.367530 0.920920 -2.482660
v 0.359290 0.920240 -2.474420
v 0.367530 0.917640 -2.482660
v 0.359290 0.917640 -2.474420
v 0.367530 0.916540 -2.482660
v 0.359290 0.916540 -2.474420
v 0.359290 0.916540 -2.312970
v 0.359290 0.917640 -2.312970
v 0.359290 0.920240 -2.312970
v 0.359290 0.920920 -2.312970
v 0.358640 0.922490 -2.476000
v 0.358640 0.922490 -2.311390
v 0.351780 0.924290 -2.386030
v 0.354370 0.918730 -2.387300
v 0.351780 0.918730 -2.386030
v 0.354370 0.923520 -2.387290
v 0.351780 0.940200 -2.386030
v 0.354390 0.937210 -2.387260
v 0.351780 0.942540 -2.386030
v 0.354390 0.939230 -2.387250
v 0.426950 0.947670 -2.396770
v 0.429460 0.944580 -2.393690
v 0.429330 0.947670 -2.393690
v 0.427090 0.944580 -2.396760
v 0.426600 0.947670 -2.397220
v 0.426740 0.944580 -2.397210
v 0.425310 0.947580 -2.397290
v 0.425490 0.944480 -2.397260
v 0.353600 0.942660 -2.401260
v 0.356150 0.939360 -2.400060
v 0.351780 0.942540 -2.401360
v 0.354390 0.939230 -2.400140
v 0.351780 0.940200 -2.401360
v 0.354390 0.937210 -2.400130
v 0.351780 0.924290 -2.401360
v 0.354370 0.923520 -2.400100
v 0.351780 0.918730 -2.401360
v 0.354370 0.918730 -2.400090
v 0.351300 0.918730 -2.400380
v 0.354370 0.918730 -2.400090
v 0.351780 0.918730 -2.401360
v 0.353970 0.918730 -2.399270
v 0.348020 0.918730 -2.393690
v 0.351230 0.918730 -2.393690
v 0.351270 0.918730 -2.387060
v 0.353940 0.918730 -2.388160
v 0.351780 0.918730 -2.386030
v 0.354370 0.918730 -2.387300
v 0.353600 0.942660 -2.386130
v 0.354390 0.939230 -2.387250
v 0.351780 0.942540 -2.386030
v 0.356150 0.939360 -2.387320
v 0.425310 0.947580 -2.390100
v 0.425490 0.944480 -2.390130
v 0.426600 0.947670 -2.390170
v 0.426740 0.944580 -2.390180
v 0.426970 0.947670 -2.390640
v 0.426740 0.944580 -2.390180
v 0.426600 0.947670 -2.390170
v 0.427100 0.944580 -2.390650
v 0.429330 0.947670 -2.393690
v 0.429460 0.944580 -2.393690
v 0.468780 0.947670 -2.390650
v 0.466290 0.944580 -2.393690
v 0.466430 0.947670 -2.393690
v 0.468650 0.944580 -2.390660
v 0.469150 0.947670 -2.390170
v 0.469020 0.944580 -2.390180
v 0.471750 0.947490 -2.390030
v 0.471530 0.944390 -2.390080
v 0.542990 0.942600 -2.386090
v 0.540410 0.939300 -2.387290
v 0.543980 0.942540 -2.386030
v 0.541370 0.939230 -2.387250
v 0.543980 0.940830 -2.386030
v 0.541370 0.937760 -2.387260
v 0.543980 0.924190 -2.386030
v 0.541390 0.923430 -2.387290
v 0.543980 0.918730 -2.386030
v 0.541390 0.918730 -2.387300
v 0.544500 0.918730 -2.387080
v 0.541390 0.918730 -2.387300
v 0.543980 0.918730 -2.386030
v 0.541820 0.918730 -2.388180
v 0.547740 0.918730 -2.393690
v 0.544530 0.918730 -2.393690
v 0.544480 0.918730 -2.400340
v 0.541810 0.918730 -2.399230
v 0.543980 0.918730 -2.401360
v 0.541390 0.918730 -2.400090
v 0.468790 0.947670 -2.396750
v 0.469020 0.944580 -2.397210
v 0.469150 0.947670 -2.397220
v 0.468660 0.944580 -2.396740
v 0.466430 0.947670 -2.393690
v 0.466290 0.944580 -2.393690
v 0.440220 0.924130 -2.489800
v 0.441490 0.918730 -2.487210
v 0.440220 0.918730 -2.489800
v 0.441480 0.923380 -2.487200
v 0.440220 0.940780 -2.489800
v 0.441440 0.937720 -2.487190
v 0.440220 0.942540 -2.489800
v 0.441440 0.939230 -2.487180
v 0.440340 0.942690 -2.487500
v 0.441530 0.939390 -2.484970
v 0.444250 0.947540 -2.416920
v 0.444290 0.944440 -2.416720
v 0.444350 0.947670 -2.414970
v 0.444360 0.944580 -2.414830
v 0.450730 0.947670 -2.414450
v 0.447880 0.944580 -2.412110
v 0.447880 0.947670 -2.412250
v 0.450720 0.944580 -2.414310
v 0.451400 0.947670 -2.414970
v 0.451390 0.944580 -2.414830
v 0.451510 0.947540 -2.416920
v 0.451470 0.944440 -2.416720
v 0.455410 0.942690 -2.487500
v 0.454230 0.939390 -2.484970
v 0.455540 0.942540 -2.489800
v 0.454320 0.939230 -2.487180
v 0.455540 0.940780 -2.489800
v 0.454320 0.937720 -2.487190
v 0.455540 0.924130 -2.489800
v 0.454280 0.923380 -2.487200
v 0.455540 0.918730 -2.489800
v 0.454270 0.918730 -2.487210
v 0.454070 0.918730 -2.490520
v 0.454270 0.918730 -2.487210
v 0.455540 0.918730 -2.489800
v 0.453040 0.918730 -2.487810
v 0.447880 0.918730 -2.493560
v 0.447880 0.918730 -2.490340
v 0.441460 0.918730 -2.490410
v 0.442530 0.918730 -2.487720
v 0.440220 0.918730 -2.489800
v 0.441490 0.918730 -2.487210
v 0.444930 0.947670 -2.414530
v 0.444360 0.944580 -2.414830
v 0.444350 0.947670 -2.414970
v 0.444930 0.944580 -2.414390
v 0.447880 0.947670 -2.412250
v 0.447880 0.944580 -2.412110
v 0.455540 0.923900 -2.297590
v 0.454270 0.918730 -2.300180
v 0.455540 0.918730 -2.297590
v 0.454280 0.923180 -2.300190
v 0.455540 0.940960 -2.297590
v 0.453540 0.918730 -2.299820
v 0.454320 0.937870 -2.300200
v 0.455540 0.942540 -2.297590
v 0.454320 0.939230 -2.300210
v 0.453550 0.923190 -2.299830
v 0.447880 0.918730 -2.297040
v 0.453580 0.937910 -2.299870
v 0.453590 0.939260 -2.299870
v 0.447880 0.923260 -2.297090
v 0.442430 0.918730 -2.299720
v 0.447880 0.938180 -2.297240
v 0.447880 0.939550 -2.297260
v 0.442420 0.923200 -2.299730
v 0.441490 0.918730 -2.300180
v 0.441480 0.923180 -2.300190
v 0.442390 0.937920 -2.299770
v 0.442390 0.939270 -2.299770
v 0.441440 0.937870 -2.300200
v 0.441440 0.939230 -2.300210
v 0.444880 0.947670 -2.372820
v 0.447880 0.944580 -2.375280
v 0.447880 0.947670 -2.375140
v 0.444880 0.944580 -2.372960
v 0.444350 0.947670 -2.372420
v 0.444360 0.944580 -2.372550
v 0.444330 0.947640 -2.371090
v 0.444350 0.944550 -2.371230
v 0.440310 0.942650 -2.299310
v 0.441500 0.939350 -2.301860
v 0.440220 0.942540 -2.297590
v 0.441440 0.939230 -2.300210
v 0.440220 0.940960 -2.297590
v 0.441440 0.937870 -2.300200
v 0.440220 0.923900 -2.297590
v 0.441480 0.923180 -2.300190
v 0.440220 0.918730 -2.297590
v 0.441490 0.918730 -2.300180
v 0.441350 0.918730 -2.297040
v 0.441490 0.918730 -2.300180
v 0.440220 0.918730 -2.297590
v 0.442430 0.918730 -2.299720
v 0.447880 0.918730 -2.293830
v 0.447880 0.918730 -2.297040
v 0.454670 0.918730 -2.297160
v 0.453540 0.918730 -2.299820
v 0.455540 0.918730 -2.297590
v 0.454270 0.918730 -2.300180
v 0.455450 0.942650 -2.299310
v 0.454320 0.939230 -2.300210
v 0.455540 0.942540 -2.297590
v 0.454250 0.939350 -2.301860
v 0.451430 0.947640 -2.371090
v 0.451410 0.944550 -2.371230
v 0.451400 0.947670 -2.372420
v 0.451390 0.944580 -2.372550
v 0.451000 0.947670 -2.372730
v 0.451390 0.944580 -2.372550
v 0.451400 0.947670 -2.372420
v 0.450990 0.944580 -2.372870
v 0.447880 0.947670 -2.375140
v 0.447880 0.944580 -2.375280
v 0.349970 0.924860 -2.480770
v 0.352700 0.918730 -2.479840
v 0.349970 0.918730 -2.480770
v 0.352690 0.924010 -2.479820
v 0.349970 0.939970 -2.480770
v 0.352680 0.937010 -2.479790
v 0.349970 0.942540 -2.480770
v 0.352680 0.939230 -2.479790
v 0.351830 0.942770 -2.479040
v 0.354440 0.939400 -2.478090
v 0.396010 0.948210 -2.438060
v 0.396250 0.943670 -2.437900
v 0.397700 0.948410 -2.436490
v 0.397850 0.943830 -2.436360
v 0.398290 0.948410 -2.436570
v 0.398440 0.943830 -2.436430
v 0.404250 0.948410 -2.437330
v 0.404390 0.943830 -2.437190
v 0.404960 0.948410 -2.442870
v 0.404390 0.943830 -2.437190
v 0.404250 0.948410 -2.437330
v 0.405090 0.943830 -2.442730
v 0.405080 0.948410 -2.443870
v 0.405220 0.943830 -2.443720
v 0.359570 0.918730 -2.491190
v 0.361740 0.918730 -2.488880
v 0.360800 0.918730 -2.491610
v 0.360710 0.918730 -2.488530
v 0.352730 0.918730 -2.488850
v 0.355000 0.918730 -2.486580
v 0.350220 0.918730 -2.481500
v 0.352900 0.918730 -2.480450
v 0.349970 0.918730 -2.480770
v 0.352700 0.918730 -2.479840
v 0.403510 0.948210 -2.445560
v 0.405220 0.943830 -2.443720
v 0.405080 0.948410 -2.443870
v 0.403680 0.943670 -2.445320
v 0.362530 0.942770 -2.489740
v 0.363480 0.939400 -2.487130
v 0.360800 0.942540 -2.491610
v 0.361790 0.939230 -2.488890
v 0.360800 0.939970 -2.491610
v 0.361780 0.937010 -2.488890
v 0.359570 0.942540 -2.491190
v 0.360800 0.924860 -2.491610
v 0.361750 0.924010 -2.488880
v 0.359570 0.939970 -2.491190
v 0.352730 0.942540 -2.488850
v 0.352730 0.939970 -2.488850
v 0.359570 0.924860 -2.491190
v 0.352730 0.924860 -2.488850
v 0.360800 0.918730 -2.491610
v 0.361740 0.918730 -2.488880
v 0.359570 0.918730 -2.491190
v 0.352730 0.918730 -2.488850
v 0.546090 0.924080 -2.306320
v 0.543360 0.918730 -2.307260
v 0.546090 0.918730 -2.306320
v 0.543360 0.923340 -2.307270
v 0.546090 0.940040 -2.306320
v 0.543370 0.937070 -2.307300
v 0.546090 0.942540 -2.306320
v 0.543370 0.939230 -2.307310
v 0.544770 0.942700 -2.307540
v 0.542130 0.939350 -2.308500
v 0.499490 0.948280 -2.349550
v 0.499280 0.943730 -2.349700
v 0.498400 0.948410 -2.350560
v 0.498250 0.943830 -2.350690
v 0.497640 0.948410 -2.350460
v 0.497500 0.943830 -2.350590
v 0.491850 0.948410 -2.349720
v 0.491710 0.943830 -2.349860
v 0.491160 0.948410 -2.344320
v 0.491710 0.943830 -2.349860
v 0.491850 0.948410 -2.349720
v 0.491030 0.943830 -2.344470
v 0.491020 0.948410 -2.343180
v 0.490880 0.943830 -2.343330
v 0.536660 0.918730 -2.295970
v 0.534320 0.918730 -2.298220
v 0.535250 0.918730 -2.295490
v 0.535500 0.918730 -2.298620
v 0.543330 0.918730 -2.298250
v 0.541050 0.918730 -2.300520
v 0.545770 0.918730 -2.305400
v 0.543090 0.918730 -2.306480
v 0.546090 0.918730 -2.306320
v 0.543360 0.918730 -2.307260
v 0.492030 0.948280 -2.342090
v 0.490880 0.943830 -2.343330
v 0.491020 0.948410 -2.343180
v 0.491880 0.943730 -2.342290
v 0.534030 0.942700 -2.296800
v 0.533070 0.939350 -2.299440
v 0.535250 0.942540 -2.295490
v 0.534270 0.939230 -2.298200
v 0.535250 0.940040 -2.295490
v 0.534270 0.939230 -2.298200
v 0.535250 0.942540 -2.295490
v 0.534270 0.937070 -2.298200
v 0.535250 0.924080 -2.295490
v 0.534310 0.923340 -2.298210
v 0.535250 0.918730 -2.295490
v 0.534320 0.918730 -2.298220
v 0.535250 0.924950 -2.491900
v 0.534320 0.918730 -2.489170
v 0.535250 0.918730 -2.491900
v 0.534300 0.924090 -2.489180
v 0.535250 0.940980 -2.491900
v 0.534270 0.937890 -2.489190
v 0.535250 0.942540 -2.491900
v 0.534260 0.939230 -2.489190
v 0.534430 0.942640 -2.491020
v 0.533460 0.939310 -2.488350
v 0.492400 0.948230 -2.445750
v 0.492240 0.943690 -2.445520
v 0.491020 0.948410 -2.444260
v 0.490880 0.943830 -2.444110
v 0.491170 0.948410 -2.443100
v 0.491030 0.943830 -2.442950
v 0.491850 0.948410 -2.437720
v 0.491710 0.943830 -2.437580
v 0.497530 0.948410 -2.436990
v 0.491710 0.943830 -2.437580
v 0.491850 0.948410 -2.437720
v 0.497380 0.943830 -2.436860
v 0.498400 0.948410 -2.436880
v 0.498250 0.943830 -2.436750
v 0.545720 0.918730 -2.482130
v 0.543360 0.918730 -2.480130
v 0.546090 0.918730 -2.481070
v 0.543050 0.918730 -2.481020
v 0.543330 0.918730 -2.489140
v 0.541050 0.918730 -2.486870
v 0.536690 0.918730 -2.491410
v 0.535510 0.918730 -2.488760
v 0.535250 0.918730 -2.491900
v 0.534320 0.918730 -2.489170
v 0.499890 0.948230 -2.438270
v 0.498250 0.943830 -2.436750
v 0.498400 0.948410 -2.436880
v 0.499660 0.943690 -2.438110
v 0.545200 0.942640 -2.480240
v 0.542530 0.939310 -2.479270
v 0.546090 0.942540 -2.481070
v 0.543370 0.939230 -2.480080
v 0.546090 0.940980 -2.481070
v 0.543370 0.937890 -2.480080
v 0.546090 0.924950 -2.481070
v 0.543360 0.924090 -2.480120
v 0.546090 0.918730 -2.481070
v 0.543360 0.918730 -2.480130
v 0.360510 0.923490 -2.295490
v 0.361440 0.918730 -2.298220
v 0.360510 0.918730 -2.295490
v 0.361450 0.922830 -2.298210
v 0.360510 0.941320 -2.295490
v 0.361490 0.938180 -2.298200
v 0.360510 0.942540 -2.295490
v 0.361490 0.939230 -2.298200
v 0.361090 0.942610 -2.296110
v 0.362060 0.939290 -2.298790
v 0.404110 0.948340 -2.342550
v 0.404250 0.943770 -2.342730
v 0.404690 0.948410 -2.343180
v 0.404830 0.943830 -2.343330
v 0.404610 0.948410 -2.343810
v 0.404750 0.943830 -2.343960
v 0.403860 0.948410 -2.349720
v 0.404000 0.943830 -2.349860
v 0.398040 0.948410 -2.350460
v 0.404000 0.943830 -2.349860
v 0.403860 0.948410 -2.349720
v 0.398190 0.943830 -2.350600
v 0.397310 0.948410 -2.350560
v 0.397460 0.943830 -2.350690
v 0.349980 0.918730 -2.305430
v 0.352400 0.918730 -2.307260
v 0.349670 0.918730 -2.306320
v 0.352660 0.918730 -2.306510
v 0.352430 0.918730 -2.298250
v 0.354700 0.918730 -2.300520
v 0.359730 0.918730 -2.295750
v 0.360790 0.918730 -2.298440
v 0.360510 0.918730 -2.295490
v 0.361440 0.918730 -2.298220
v 0.396680 0.948340 -2.349970
v 0.397460 0.943830 -2.350690
v 0.397310 0.948410 -2.350560
v 0.396870 0.943770 -2.350110
v 0.350300 0.942610 -2.306900
v 0.352970 0.939290 -2.307880
v 0.349670 0.942540 -2.306320
v 0.352380 0.939230 -2.307310
v 0.349670 0.941320 -2.306320
v 0.352380 0.939230 -2.307310
v 0.349670 0.942540 -2.306320
v 0.352380 0.938180 -2.307310
v 0.349670 0.923490 -2.306320
v 0.352660 0.939260 -2.306570
v 0.352400 0.922830 -2.307270
v 0.349670 0.918730 -2.306320
v 0.352400 0.918730 -2.307260
v 0.352660 0.938210 -2.306570
v 0.354850 0.939550 -2.300670
v 0.352660 0.922840 -2.306520
v 0.352660 0.918730 -2.306510
v 0.354840 0.938490 -2.300660
v 0.360850 0.939260 -2.298440
v 0.354730 0.922890 -2.300550
v 0.354700 0.918730 -2.300520
v 0.360850 0.938210 -2.298440
v 0.361490 0.939230 -2.298200
v 0.361490 0.938180 -2.298200
v 0.360800 0.922840 -2.298440
v 0.360790 0.918730 -2.298440
v 0.361450 0.922830 -2.298210
v 0.361440 0.918730 -2.298220
v 0.441480 0.923380 -2.487200
v 0.442530 0.918730 -2.487720
v 0.441490 0.918730 -2.487210
v 0.442520 0.923390 -2.487710
v 0.447880 0.918730 -2.490340
v 0.441440 0.937720 -2.487190
v 0.447880 0.923450 -2.490300
v 0.442490 0.937760 -2.487670
v 0.441440 0.939230 -2.487180
v 0.447880 0.938020 -2.490150
v 0.442480 0.939280 -2.487660
v 0.447880 0.939550 -2.490130
v 0.441530 0.939390 -2.484970
v 0.442480 0.939280 -2.487660
v 0.441440 0.939230 -2.487180
v 0.442560 0.939440 -2.485420
v 0.444290 0.944440 -2.416720
v 0.447880 0.939550 -2.490130
v 0.444870 0.944440 -2.416300
v 0.444360 0.944580 -2.414830
v 0.444930 0.944580 -2.414390
v 0.447880 0.939700 -2.487740
v 0.453080 0.939290 -2.487750
v 0.447880 0.944450 -2.414150
v 0.447880 0.944580 -2.412110
v 0.453010 0.939450 -2.485500
v 0.454320 0.939230 -2.487180
v 0.454230 0.939390 -2.484970
v 0.450780 0.944440 -2.416230
v 0.450720 0.944580 -2.414310
v 0.451470 0.944440 -2.416720
v 0.451390 0.944580 -2.414830
v 0.440220 0.924130 -2.489800
v 0.440220 0.918730 -2.489800
v 0.441460 0.918730 -2.490410
v 0.441460 0.924130 -2.490410
v 0.440220 0.940780 -2.489800
v 0.447880 0.918730 -2.493560
v 0.441460 0.940780 -2.490410
v 0.440220 0.942540 -2.489800
v 0.441460 0.942540 -2.490410
v 0.447880 0.924130 -2.493560
v 0.454070 0.918730 -2.490520
v 0.447880 0.940780 -2.493560
v 0.447880 0.942540 -2.493560
v 0.454070 0.924130 -2.490520
v 0.455540 0.918730 -2.489800
v 0.455540 0.924130 -2.489800
v 0.454070 0.940780 -2.490520
v 0.454070 0.942540 -2.490520
v 0.455540 0.940780 -2.489800
v 0.455540 0.942540 -2.489800
v 0.440340 0.942690 -2.487500
v 0.440220 0.942540 -2.489800
v 0.441460 0.942540 -2.490410
v 0.441570 0.942690 -2.488080
v 0.444250 0.947540 -2.416920
v 0.447880 0.942540 -2.493560
v 0.444840 0.947540 -2.416510
v 0.444350 0.947670 -2.414970
v 0.444930 0.947670 -2.414530
v 0.447880 0.942690 -2.491070
v 0.454070 0.942540 -2.490520
v 0.447880 0.947540 -2.414370
v 0.447880 0.947670 -2.412250
v 0.453970 0.942690 -2.488190
v 0.455540 0.942540 -2.489800
v 0.455410 0.942690 -2.487500
v 0.450810 0.947540 -2.416430
v 0.450730 0.947670 -2.414450
v 0.451510 0.947540 -2.416920
v 0.451400 0.947670 -2.414970
v 0.447880 0.923450 -2.490300
v 0.453040 0.918730 -2.487810
v 0.447880 0.918730 -2.490340
v 0.453050 0.923390 -2.487800
v 0.454270 0.918730 -2.487210
v 0.447880 0.938020 -2.490150
v 0.454280 0.923380 -2.487200
v 0.453080 0.937770 -2.487750
v 0.447880 0.939550 -2.490130
v 0.454320 0.937720 -2.487190
v 0.453080 0.939290 -2.487750
v 0.454320 0.939230 -2.487180
v 0.352690 0.924010 -2.479820
v 0.352900 0.918730 -2.480450
v 0.352700 0.918730 -2.479840
v 0.352900 0.924020 -2.480430
v 0.352680 0.937010 -2.479790
v 0.355000 0.918730 -2.486580
v 0.352900 0.937040 -2.480390
v 0.352680 0.939230 -2.479790
v 0.352900 0.939250 -2.480380
v 0.355040 0.924090 -2.486540
v 0.360710 0.918730 -2.488530
v 0.355130 0.937300 -2.486440
v 0.355150 0.939550 -2.486430
v 0.360730 0.924020 -2.488520
v 0.361740 0.918730 -2.488880
v 0.361750 0.924010 -2.488880
v 0.360770 0.937060 -2.488520
v 0.360780 0.939270 -2.488520
v 0.361780 0.937010 -2.488890
v 0.361790 0.939230 -2.488890
v 0.354440 0.939400 -2.478090
v 0.352900 0.939250 -2.480380
v 0.352680 0.939230 -2.479790
v 0.354680 0.939430 -2.478670
v 0.396250 0.943670 -2.437900
v 0.355150 0.939550 -2.486430
v 0.396830 0.943670 -2.437990
v 0.397850 0.943830 -2.436360
v 0.398440 0.943830 -2.436430
v 0.357070 0.939720 -2.484500
v 0.360780 0.939270 -2.488520
v 0.402640 0.943680 -2.438930
v 0.404390 0.943830 -2.437190
v 0.362510 0.939450 -2.486730
v 0.361790 0.939230 -2.488890
v 0.363480 0.939400 -2.487130
v 0.403520 0.943670 -2.444350
v 0.405090 0.943830 -2.442730
v 0.403680 0.943670 -2.445320
v 0.405220 0.943830 -2.443720
v 0.349970 0.924860 -2.480770
v 0.349970 0.918730 -2.480770
v 0.350220 0.918730 -2.481500
v 0.350220 0.924860 -2.481500
v 0.352730 0.918730 -2.488850
v 0.349970 0.939970 -2.480770
v 0.352730 0.924860 -2.488850
v 0.350220 0.939970 -2.481500
v 0.349970 0.942540 -2.480770
v 0.352730 0.939970 -2.488850
v 0.350220 0.942540 -2.481500
v 0.352730 0.942540 -2.488850
v 0.351830 0.942770 -2.479040
v 0.349970 0.942540 -2.480770
v 0.350220 0.942540 -2.481500
v 0.352090 0.942770 -2.479750
v 0.396010 0.948210 -2.438060
v 0.352730 0.942540 -2.488850
v 0.396590 0.948210 -2.438160
v 0.397700 0.948410 -2.436490
v 0.398290 0.948410 -2.436570
v 0.354740 0.942770 -2.486840
v 0.359570 0.942540 -2.491190
v 0.402420 0.948210 -2.439150
v 0.404250 0.948410 -2.437330
v 0.361340 0.942770 -2.489300
v 0.360800 0.942540 -2.491610
v 0.362530 0.942770 -2.489740
v 0.403350 0.948210 -2.444590
v 0.404960 0.948410 -2.442870
v 0.403510 0.948210 -2.445560
v 0.405080 0.948410 -2.443870
v 0.534300 0.924090 -2.489180
v 0.535510 0.918730 -2.488760
v 0.534320 0.918730 -2.489170
v 0.535500 0.924100 -2.488760
v 0.541050 0.918730 -2.486870
v 0.534270 0.937890 -2.489190
v 0.541020 0.924170 -2.486830
v 0.535450 0.937940 -2.488750
v 0.534260 0.939230 -2.489190
v 0.540920 0.938190 -2.486730
v 0.535450 0.939280 -2.488750
v 0.540910 0.939550 -2.486720
v 0.533460 0.939310 -2.488350
v 0.535450 0.939280 -2.488750
v 0.534260 0.939230 -2.489190
v 0.534620 0.939370 -2.487900
v 0.492240 0.943690 -2.445520
v 0.540910 0.939550 -2.486720
v 0.492420 0.943690 -2.444390
v 0.490880 0.943830 -2.444110
v 0.491030 0.943830 -2.442950
v 0.539990 0.939630 -2.485810
v 0.543050 0.939270 -2.480960
v 0.493260 0.943700 -2.439120
v 0.491710 0.943830 -2.437580
v 0.542200 0.939350 -2.480140
v 0.543370 0.939230 -2.480080
v 0.542530 0.939310 -2.479270
v 0.498810 0.943690 -2.438240
v 0.497380 0.943830 -2.436860
v 0.499660 0.943690 -2.438110
v 0.498250 0.943830 -2.436750
v 0.535250 0.924950 -2.491900
v 0.535250 0.918730 -2.491900
v 0.536690 0.918730 -2.491410
v 0.536690 0.924950 -2.491410
v 0.535250 0.940980 -2.491900
v 0.543330 0.918730 -2.489140
v 0.536690 0.940980 -2.491410
v 0.535250 0.942540 -2.491900
v 0.536690 0.942540 -2.491410
v 0.543330 0.924950 -2.489140
v 0.545720 0.918730 -2.482130
v 0.543330 0.940980 -2.489140
v 0.543330 0.942540 -2.489140
v 0.545720 0.924950 -2.482130
v 0.546090 0.918730 -2.481070
v 0.546090 0.924950 -2.481070
v 0.545720 0.940980 -2.482130
v 0.545720 0.942540 -2.482130
v 0.546090 0.940980 -2.481070
v 0.546090 0.942540 -2.481070
v 0.534430 0.942640 -2.491020
v 0.535250 0.942540 -2.491900
v 0.536690 0.942540 -2.491410
v 0.535840 0.942640 -2.490510
v 0.492400 0.948230 -2.445750
v 0.543330 0.942540 -2.489140
v 0.492590 0.948230 -2.444610
v 0.491020 0.948410 -2.444260
v 0.491170 0.948410 -2.443100
v 0.542370 0.942640 -2.488190
v 0.545720 0.942540 -2.482130
v 0.493470 0.948230 -2.439330
v 0.491850 0.948410 -2.437720
v 0.544820 0.942640 -2.481290
v 0.546090 0.942540 -2.481070
v 0.545200 0.942640 -2.480240
v 0.499040 0.948230 -2.438410
v 0.497530 0.948410 -2.436990
v 0.499890 0.948230 -2.438270
v 0.498400 0.948410 -2.436880
v 0.541020 0.924170 -2.486830
v 0.543050 0.918730 -2.481020
v 0.541050 0.918730 -2.486870
v 0.543050 0.924100 -2.481010
v 0.543360 0.918730 -2.480130
v 0.540920 0.938190 -2.486730
v 0.543360 0.924090 -2.480120
v 0.543050 0.937930 -2.480960
v 0.540910 0.939550 -2.486720
v 0.543370 0.937890 -2.480080
v 0.543050 0.939270 -2.480960
v 0.543370 0.939230 -2.480080
v 0.541390 0.923430 -2.400100
v 0.541810 0.918730 -2.399230
v 0.541390 0.918730 -2.400090
v 0.541800 0.923440 -2.399240
v 0.541370 0.937760 -2.400130
v 0.544530 0.918730 -2.393690
v 0.541760 0.937800 -2.399270
v 0.541370 0.939230 -2.400140
v 0.541760 0.939270 -2.399280
v 0.544480 0.923500 -2.393690
v 0.541820 0.918730 -2.388180
v 0.544330 0.938060 -2.393690
v 0.544320 0.939550 -2.393690
v 0.541810 0.923440 -2.388170
v 0.541390 0.918730 -2.387300
v 0.541390 0.923430 -2.387290
v 0.541770 0.937800 -2.388140
v 0.541770 0.939270 -2.388130
v 0.541370 0.937760 -2.387260
v 0.541370 0.939230 -2.387250
v 0.540410 0.939300 -2.400100
v 0.541760 0.939270 -2.399280
v 0.541370 0.939230 -2.400140
v 0.540790 0.939340 -2.399240
v 0.471530 0.944390 -2.397310
v 0.544320 0.939550 -2.393690
v 0.471190 0.944390 -2.396830
v 0.469020 0.944580 -2.397210
v 0.468660 0.944580 -2.396740
v 0.543290 0.939620 -2.393690
v 0.541770 0.939270 -2.388130
v 0.469000 0.944400 -2.393690
v 0.466290 0.944580 -2.393690
v 0.540800 0.939340 -2.388170
v 0.541370 0.939230 -2.387250
v 0.540410 0.939300 -2.387290
v 0.471180 0.944390 -2.390570
v 0.468650 0.944580 -2.390660
v 0.471530 0.944390 -2.390080
v 0.469020 0.944580 -2.390180
v 0.542990 0.942600 -2.401300
v 0.543980 0.942540 -2.401360
v 0.544480 0.942540 -2.400340
v 0.543480 0.942600 -2.400290
v 0.471750 0.947490 -2.397360
v 0.547740 0.942540 -2.393690
v 0.471410 0.947490 -2.396870
v 0.469150 0.947670 -2.397220
v 0.468790 0.947670 -2.396750
v 0.546670 0.942600 -2.393690
v 0.544500 0.942540 -2.387080
v 0.469250 0.947490 -2.393690
v 0.466430 0.947670 -2.393690
v 0.543490 0.942600 -2.387130
v 0.543980 0.942540 -2.386030
v 0.542990 0.942600 -2.386090
v 0.471410 0.947490 -2.390530
v 0.468780 0.947670 -2.390650
v 0.471750 0.947490 -2.390030
v 0.469150 0.947670 -2.390170
v 0.547740 0.924190 -2.393690
v 0.547740 0.918730 -2.393690
v 0.544500 0.918730 -2.387080
v 0.544500 0.924190 -2.387080
v 0.543980 0.918730 -2.386030
v 0.547740 0.940830 -2.393690
v 0.543980 0.924190 -2.386030
v 0.544500 0.940830 -2.387080
v 0.547740 0.942540 -2.393690
v 0.543980 0.940830 -2.386030
v 0.544500 0.942540 -2.387080
v 0.543980 0.942540 -2.386030
v 0.544480 0.942540 -2.400340
v 0.547740 0.940830 -2.393690
v 0.547740 0.942540 -2.393690
v 0.544480 0.940830 -2.400340
v 0.547740 0.924190 -2.393690
v 0.543980 0.942540 -2.401360
v 0.544480 0.924190 -2.400340
v 0.547740 0.918730 -2.393690
v 0.544480 0.918730 -2.400340
v 0.543980 0.940830 -2.401360
v 0.543980 0.924190 -2.401360
v 0.543980 0.918730 -2.401360
v 0.541390 0.918730 -2.400090
v 0.541390 0.923430 -2.400100
v 0.541370 0.937760 -2.400130
v 0.541370 0.939230 -2.400140
v 0.542990 0.942600 -2.401300
v 0.540410 0.939300 -2.400100
v 0.471750 0.947490 -2.397360
v 0.471530 0.944390 -2.397310
v 0.469150 0.947670 -2.397220
v 0.469020 0.944580 -2.397210
v 0.543360 0.923340 -2.307270
v 0.543090 0.918730 -2.306480
v 0.543360 0.918730 -2.307260
v 0.543090 0.923350 -2.306500
v 0.541050 0.918730 -2.300520
v 0.543370 0.937070 -2.307300
v 0.541020 0.923410 -2.300550
v 0.543090 0.937110 -2.306540
v 0.543370 0.939230 -2.307310
v 0.540920 0.937360 -2.300650
v 0.543090 0.939260 -2.306550
v 0.540910 0.939550 -2.300670
v 0.542130 0.939350 -2.308500
v 0.543090 0.939260 -2.306550
v 0.543370 0.939230 -2.307310
v 0.541830 0.939390 -2.307760
v 0.499280 0.943730 -2.349700
v 0.540910 0.939550 -2.300670
v 0.498540 0.943730 -2.349590
v 0.498250 0.943830 -2.350690
v 0.497500 0.943830 -2.350590
v 0.539550 0.939670 -2.302020
v 0.535430 0.939280 -2.298630
v 0.492840 0.943730 -2.348730
v 0.491710 0.943830 -2.349860
v 0.534200 0.939410 -2.299900
v 0.534270 0.939230 -2.298200
v 0.533070 0.939350 -2.299440
v 0.492050 0.943730 -2.343420
v 0.491030 0.943830 -2.344470
v 0.491880 0.943730 -2.342290
v 0.490880 0.943830 -2.343330
v 0.546090 0.924080 -2.306320
v 0.546090 0.918730 -2.306320
v 0.545770 0.918730 -2.305400
v 0.545770 0.924080 -2.305400
v 0.546090 0.940040 -2.306320
v 0.543330 0.918730 -2.298250
v 0.545770 0.940040 -2.305400
v 0.546090 0.942540 -2.306320
v 0.545770 0.942540 -2.305400
v 0.543330 0.924080 -2.298250
v 0.536660 0.918730 -2.295970
v 0.543330 0.940040 -2.298250
v 0.543330 0.942540 -2.298250
v 0.536660 0.924080 -2.295970
v 0.535250 0.918730 -2.295490
v 0.535250 0.924080 -2.295490
v 0.536660 0.940040 -2.295970
v 0.536660 0.942540 -2.295970
v 0.535250 0.940040 -2.295490
v 0.535250 0.942540 -2.295490
v 0.544770 0.942700 -2.307540
v 0.546090 0.942540 -2.306320
v 0.545770 0.942540 -2.305400
v 0.544440 0.942700 -2.306640
v 0.499490 0.948280 -2.349550
v 0.543330 0.942540 -2.298250
v 0.498750 0.948280 -2.349430
v 0.498400 0.948410 -2.350560
v 0.497640 0.948410 -2.350460
v 0.541910 0.942700 -2.299670
v 0.536660 0.942540 -2.295970
v 0.493030 0.948280 -2.348540
v 0.491850 0.948410 -2.349720
v 0.535410 0.942700 -2.297300
v 0.535250 0.942540 -2.295490
v 0.534030 0.942700 -2.296800
v 0.492200 0.948280 -2.343220
v 0.491160 0.948410 -2.344320
v 0.492030 0.948280 -2.342090
v 0.491020 0.948410 -2.343180
v 0.541020 0.923410 -2.300550
v 0.535500 0.918730 -2.298620
v 0.541050 0.918730 -2.300520
v 0.535480 0.923350 -2.298620
v 0.534320 0.918730 -2.298220
v 0.540920 0.937360 -2.300650
v 0.534310 0.923340 -2.298210
v 0.535430 0.937120 -2.298630
v 0.540910 0.939550 -2.300670
v 0.534270 0.937070 -2.298200
v 0.535430 0.939280 -2.298630
v 0.534270 0.939230 -2.298200
v 0.444880 0.947670 -2.372820
v 0.444330 0.947640 -2.371090
v 0.444350 0.947670 -2.372420
v 0.444860 0.947640 -2.371480
v 0.447880 0.947670 -2.375140
v 0.440310 0.942650 -2.299310
v 0.447880 0.947640 -2.373770
v 0.451000 0.947670 -2.372730
v 0.441430 0.942650 -2.298770
v 0.440220 0.942540 -2.297590
v 0.441350 0.942540 -2.297040
v 0.447880 0.942650 -2.295700
v 0.447880 0.942540 -2.293830
v 0.451020 0.947640 -2.371390
v 0.451400 0.947670 -2.372420
v 0.451430 0.947640 -2.371090
v 0.454580 0.942650 -2.298890
v 0.454670 0.942540 -2.297160
v 0.455450 0.942650 -2.299310
v 0.455540 0.942540 -2.297590
v 0.444880 0.944580 -2.372960
v 0.444360 0.944580 -2.372550
v 0.444350 0.944550 -2.371230
v 0.444870 0.944550 -2.371630
v 0.447880 0.944580 -2.375280
v 0.441500 0.939350 -2.301860
v 0.447880 0.944550 -2.373930
v 0.450990 0.944580 -2.372870
v 0.442450 0.939390 -2.301450
v 0.441440 0.939230 -2.300210
v 0.442390 0.939270 -2.299770
v 0.447880 0.939660 -2.299040
v 0.447880 0.939550 -2.297260
v 0.451010 0.944550 -2.371540
v 0.451390 0.944580 -2.372550
v 0.451410 0.944550 -2.371230
v 0.453530 0.939380 -2.301540
v 0.453590 0.939260 -2.299870
v 0.454250 0.939350 -2.301860
v 0.454320 0.939230 -2.300210
v 0.441350 0.942540 -2.297040
v 0.440220 0.940960 -2.297590
v 0.440220 0.942540 -2.297590
v 0.441350 0.940960 -2.297040
v 0.447880 0.942540 -2.293830
v 0.440220 0.923900 -2.297590
v 0.447880 0.940960 -2.293830
v 0.441350 0.923900 -2.297040
v 0.440220 0.918730 -2.297590
v 0.447880 0.923900 -2.293830
v 0.441350 0.918730 -2.297040
v 0.447880 0.918730 -2.293830
v 0.454670 0.942540 -2.297160
v 0.447880 0.940960 -2.293830
v 0.447880 0.942540 -2.293830
v 0.454670 0.940960 -2.297160
v 0.455540 0.942540 -2.297590
v 0.447880 0.923900 -2.293830
v 0.455540 0.940960 -2.297590
v 0.454670 0.923900 -2.297160
v 0.447880 0.918730 -2.293830
v 0.455540 0.923900 -2.297590
v 0.454670 0.918730 -2.297160
v 0.455540 0.918730 -2.297590
v 0.354010 0.939270 -2.399310
v 0.354390 0.939230 -2.400140
v 0.354390 0.937210 -2.400130
v 0.354010 0.937250 -2.399310
v 0.351440 0.939550 -2.393690
v 0.354370 0.923520 -2.400100
v 0.351420 0.937510 -2.393690
v 0.353980 0.923530 -2.399280
v 0.354370 0.918730 -2.400090
v 0.351280 0.923600 -2.393690
v 0.353970 0.918730 -2.399270
v 0.351230 0.918730 -2.393690
v 0.353990 0.939270 -2.388120
v 0.351440 0.939550 -2.393690
v 0.351420 0.937510 -2.393690
v 0.353990 0.937250 -2.388120
v 0.354390 0.939230 -2.387250
v 0.351280 0.923600 -2.393690
v 0.354390 0.937210 -2.387260
v 0.353950 0.923530 -2.388150
v 0.351230 0.918730 -2.393690
v 0.354370 0.923520 -2.387290
v 0.353940 0.918730 -2.388160
v 0.354370 0.918730 -2.387300
v 0.351300 0.942540 -2.400380
v 0.351780 0.940200 -2.401360
v 0.351780 0.942540 -2.401360
v 0.351300 0.940200 -2.400380
v 0.348020 0.942540 -2.393690
v 0.351780 0.924290 -2.401360
v 0.348020 0.940200 -2.393690
v 0.351270 0.942540 -2.387060
v 0.351300 0.924290 -2.400380
v 0.351780 0.918730 -2.401360
v 0.351300 0.918730 -2.400380
v 0.348020 0.924290 -2.393690
v 0.348020 0.918730 -2.393690
v 0.351270 0.940200 -2.387060
v 0.351780 0.942540 -2.386030
v 0.351780 0.940200 -2.386030
v 0.351270 0.924290 -2.387060
v 0.351270 0.918730 -2.387060
v 0.351780 0.924290 -2.386030
v 0.351780 0.918730 -2.386030
v 0.356150 0.939360 -2.387320
v 0.353990 0.939270 -2.388120
v 0.354390 0.939230 -2.387250
v 0.355770 0.939400 -2.388180
v 0.425490 0.944480 -2.390130
v 0.351440 0.939550 -2.393690
v 0.425840 0.944480 -2.390610
v 0.426740 0.944580 -2.390180
v 0.427100 0.944580 -2.390650
v 0.353340 0.939670 -2.393690
v 0.354010 0.939270 -2.399310
v 0.428110 0.944490 -2.393690
v 0.429460 0.944580 -2.393690
v 0.355790 0.939400 -2.399250
v 0.354390 0.939230 -2.400140
v 0.356150 0.939360 -2.400060
v 0.425820 0.944480 -2.396810
v 0.427090 0.944580 -2.396760
v 0.425490 0.944480 -2.397260
v 0.426740 0.944580 -2.397210
v 0.353600 0.942660 -2.386130
v 0.351780 0.942540 -2.386030
v 0.351270 0.942540 -2.387060
v 0.353110 0.942660 -2.387150
v 0.425310 0.947580 -2.390100
v 0.348020 0.942540 -2.393690
v 0.425660 0.947580 -2.390580
v 0.426600 0.947670 -2.390170
v 0.426970 0.947670 -2.390640
v 0.349990 0.942660 -2.393690
v 0.351300 0.942540 -2.400380
v 0.427920 0.947580 -2.393690
v 0.429330 0.947670 -2.393690
v 0.353140 0.942660 -2.400290
v 0.351780 0.942540 -2.401360
v 0.353600 0.942660 -2.401260
v 0.425640 0.947580 -2.396830
v 0.426950 0.947670 -2.396770
v 0.425310 0.947580 -2.397290
v 0.426600 0.947670 -2.397220
v 0.398190 0.943830 -2.350600
v 0.397460 0.943830 -2.350690
v 0.396870 0.943770 -2.350110
v 0.397580 0.943770 -2.350010
v 0.404000 0.943830 -2.349860
v 0.352970 0.939290 -2.307880
v 0.403340 0.943780 -2.349210
v 0.404750 0.943830 -2.343960
v 0.353250 0.939320 -2.307150
v 0.352380 0.939230 -2.307310
v 0.352660 0.939260 -2.306570
v 0.355500 0.939610 -2.301310
v 0.354850 0.939550 -2.300670
v 0.404160 0.943770 -2.343350
v 0.404830 0.943830 -2.343330
v 0.404250 0.943770 -2.342730
v 0.361430 0.939320 -2.299030
v 0.360850 0.939260 -2.298440
v 0.362060 0.939290 -2.298790
v 0.361490 0.939230 -2.298200
v 0.398040 0.948410 -2.350460
v 0.396680 0.948340 -2.349970
v 0.397310 0.948410 -2.350560
v 0.397400 0.948340 -2.349870
v 0.403860 0.948410 -2.349720
v 0.350300 0.942610 -2.306900
v 0.403170 0.948340 -2.349040
v 0.404610 0.948410 -2.343810
v 0.350610 0.942610 -2.306020
v 0.349670 0.942540 -2.306320
v 0.349980 0.942540 -2.305430
v 0.353110 0.942610 -2.298920
v 0.352430 0.942540 -2.298250
v 0.404020 0.948340 -2.343170
v 0.404690 0.948410 -2.343180
v 0.404110 0.948340 -2.342550
v 0.360320 0.942610 -2.296380
v 0.359730 0.942540 -2.295750
v 0.361090 0.942610 -2.296110
v 0.360510 0.942540 -2.295490
v 0.349980 0.942540 -2.305430
v 0.349670 0.941320 -2.306320
v 0.349670 0.942540 -2.306320
v 0.349980 0.941320 -2.305430
v 0.352430 0.942540 -2.298250
v 0.349670 0.923490 -2.306320
v 0.352430 0.941320 -2.298250
v 0.349980 0.923490 -2.305430
v 0.349670 0.918730 -2.306320
v 0.352430 0.923490 -2.298250
v 0.349980 0.918730 -2.305430
v 0.352430 0.918730 -2.298250
v 0.359730 0.942540 -2.295750
v 0.352430 0.941320 -2.298250
v 0.352430 0.942540 -2.298250
v 0.359730 0.941320 -2.295750
v 0.360510 0.942540 -2.295490
v 0.352430 0.923490 -2.298250
v 0.360510 0.941320 -2.295490
v 0.359730 0.923490 -2.295750
v 0.352430 0.918730 -2.298250
v 0.360510 0.923490 -2.295490
v 0.359730 0.918730 -2.295750
v 0.360510 0.918730 -2.295490
v 0.528990 0.920920 -2.482660
v 0.537880 0.922490 -2.476000
v 0.537230 0.920920 -2.474420
v 0.530560 0.922490 -2.483310
v 0.543060 0.922530 -2.488490
v 0.541970 0.922560 -2.493420
v 0.365960 0.922490 -2.483310
v 0.543060 0.922530 -2.298900
v 0.537880 0.922490 -2.311390
v 0.530560 0.922490 -2.304080
v 0.537230 0.920920 -2.312970
v 0.528990 0.920920 -2.304730
v 0.541970 0.922560 -2.293970
v 0.365960 0.922490 -2.304080
v 0.543740 0.922530 -2.298220
v 0.543740 0.922530 -2.489170
v 0.547990 0.922560 -2.299980
v 0.547990 0.922560 -2.487410
v 0.549560 0.921000 -2.300630
v 0.549560 0.921000 -2.486760
v 0.354550 0.922560 -2.293970
v 0.355200 0.921000 -2.292400
v 0.541320 0.921000 -2.292400
v 0.353470 0.922530 -2.298900
v 0.358640 0.922490 -2.311390
v 0.367530 0.920920 -2.304730
v 0.359290 0.920920 -2.312970
v 0.352790 0.922530 -2.298220
v 0.348540 0.922560 -2.299980
v 0.353470 0.922530 -2.488490
v 0.358640 0.922490 -2.476000
v 0.352790 0.922530 -2.489170
v 0.348540 0.922560 -2.487410
v 0.346960 0.921000 -2.486760
v 0.346960 0.921000 -2.300630
v 0.354550 0.922560 -2.493420
v 0.359290 0.920920 -2.474420
v 0.367530 0.920920 -2.482660
v 0.541320 0.921000 -2.494990
v 0.355200 0.921000 -2.494990
v 0.367530 0.920920 -2.482660
v 0.365960 0.922490 -2.483310
v 0.530560 0.922490 -2.483310
v 0.528990 0.920920 -2.482660
v 0.367530 0.920240 -2.482660
v 0.528990 0.920240 -2.482660
v 0.367530 0.917640 -2.482660
v 0.537230 0.920240 -2.474420
v 0.537230 0.920920 -2.474420
v 0.537230 0.917640 -2.474420
v 0.528990 0.917640 -2.482660
v 0.367530 0.916540 -2.482660
v 0.537230 0.916540 -2.474420
v 0.528990 0.916540 -2.482660
v 0.528990 0.920920 -2.304730
v 0.530560 0.922490 -2.304080
v 0.365960 0.922490 -2.304080
v 0.367530 0.920920 -2.304730
v 0.528990 0.920240 -2.304730
v 0.367530 0.920240 -2.304730
v 0.528990 0.917640 -2.304730
v 0.359290 0.920240 -2.312970
v 0.359290 0.920920 -2.312970
v 0.359290 0.917640 -2.312970
v 0.367530 0.917640 -2.304730
v 0.528990 0.916540 -2.304730
v 0.359290 0.916540 -2.312970
v 0.367530 0.916540 -2.304730
v 0.352790 0.916500 -2.489170
v 0.346960 0.916470 -2.486760
v 0.346960 0.916470 -2.300630
v 0.355200 0.916470 -2.494990
v 0.352790 0.916500 -2.298220
v 0.355200 0.916470 -2.292400
v 0.353470 0.916510 -2.488490
v 0.353470 0.916510 -2.298900
v 0.367530 0.916540 -2.482660
v 0.541320 0.916470 -2.494990
v 0.359290 0.916540 -2.474420
v 0.359290 0.916540 -2.312970
v 0.367530 0.916540 -2.304730
v 0.541320 0.916470 -2.292400
v 0.528990 0.916540 -2.482660
v 0.528990 0.916540 -2.304730
v 0.543060 0.916510 -2.488490
v 0.537230 0.916540 -2.474420
v 0.537230 0.916540 -2.312970
v 0.543060 0.916510 -2.298900
v 0.543740 0.916500 -2.489170
v 0.549560 0.916470 -2.486760
v 0.543740 0.916500 -2.298220
v 0.549560 0.916470 -2.300630
v 0.448260 0.924440 -2.346230
v 0.448260 0.924110 -2.344300
v 0.429360 0.924110 -2.348060
v 0.430100 0.924440 -2.349840
v 0.413330 0.924110 -2.358770
v 0.466430 0.924440 -2.349840
v 0.467160 0.924110 -2.348060
v 0.414700 0.924440 -2.360130
v 0.402630 0.924110 -2.374790
v 0.481830 0.924440 -2.360130
v 0.483190 0.924110 -2.358770
v 0.404410 0.924440 -2.375530
v 0.398870 0.924110 -2.393690
v 0.492110 0.924440 -2.375530
v 0.493900 0.924110 -2.374790
v 0.400800 0.924440 -2.393690
v 0.402630 0.924110 -2.412600
v 0.495730 0.924440 -2.393690
v 0.497660 0.924110 -2.393690
v 0.404410 0.924440 -2.411860
v 0.413330 0.924110 -2.428620
v 0.492110 0.924440 -2.411860
v 0.493900 0.924110 -2.412600
v 0.414700 0.924440 -2.427260
v 0.429360 0.924110 -2.439330
v 0.481830 0.924440 -2.427260
v 0.483190 0.924110 -2.428620
v 0.430100 0.924440 -2.437550
v 0.448260 0.924110 -2.443090
v 0.466430 0.924440 -2.437550
v 0.467160 0.924110 -2.439330
v 0.448260 0.924440 -2.441160
v 0.480560 0.926580 -2.407070
v 0.472980 0.926580 -2.418420
v 0.461640 0.926580 -2.425990
v 0.448260 0.926580 -2.428650
v 0.434880 0.926580 -2.425990
v 0.423540 0.926580 -2.418420
v 0.483220 0.926580 -2.393690
v 0.415960 0.926580 -2.407070
v 0.480560 0.926580 -2.380320
v 0.413300 0.926580 -2.393690
v 0.472980 0.926580 -2.368970
v 0.415960 0.926580 -2.380320
v 0.461640 0.926580 -2.361400
v 0.423540 0.926580 -2.368970
v 0.448260 0.926580 -2.358730
v 0.434880 0.926580 -2.361400
v 0.464210 0.924900 -2.387090
v 0.460470 0.924900 -2.381490
v 0.454870 0.924900 -2.377740
v 0.448260 0.924900 -2.376430
v 0.441650 0.924900 -2.377740
v 0.436050 0.924900 -2.381490
v 0.465530 0.924900 -2.393690
v 0.432310 0.924900 -2.387090
v 0.464210 0.924900 -2.400300
v 0.431000 0.924900 -2.393690
v 0.460470 0.924900 -2.405900
v 0.432310 0.924900 -2.400300
v 0.454870 0.924900 -2.409650
v 0.436050 0.924900 -2.405900
v 0.448260 0.924900 -2.410960
v 0.441650 0.924900 -2.409650
v 0.459220 0.924730 -2.404650
v 0.462580 0.924730 -2.399620
v 0.454190 0.924730 -2.408010
v 0.448260 0.924730 -2.409190
v 0.463760 0.924730 -2.393690
v 0.442330 0.924730 -2.408010
v 0.437310 0.924730 -2.404650
v 0.462580 0.924730 -2.387770
v 0.433950 0.924730 -2.399620
v 0.459220 0.924730 -2.382740
v 0.432770 0.924730 -2.393690
v 0.454190 0.924730 -2.379380
v 0.433950 0.924730 -2.387770
v 0.448260 0.924730 -2.378200
v 0.437310 0.924730 -2.382740
v 0.442330 0.924730 -2.379380
v 0.430720 0.939890 -2.386430
v 0.432520 0.940490 -2.387180
v 0.436210 0.940490 -2.381650
v 0.434840 0.939890 -2.380270
v 0.429280 0.939890 -2.393690
v 0.431220 0.940490 -2.393690
v 0.430720 0.939890 -2.400960
v 0.432520 0.940490 -2.400210
v 0.434840 0.939890 -2.407120
v 0.436210 0.940490 -2.405740
v 0.441000 0.939890 -2.411230
v 0.441740 0.940490 -2.377950
v 0.441000 0.939890 -2.376160
v 0.441740 0.940490 -2.409440
v 0.448260 0.939890 -2.412680
v 0.448260 0.940490 -2.410730
v 0.455530 0.939890 -2.411230
v 0.448260 0.940490 -2.376660
v 0.448260 0.939890 -2.374710
v 0.454780 0.940490 -2.409440
v 0.461690 0.939890 -2.407120
v 0.454780 0.940490 -2.377950
v 0.455530 0.939890 -2.376160
v 0.460310 0.940490 -2.381650
v 0.461690 0.939890 -2.380270
v 0.460310 0.940490 -2.405740
v 0.465800 0.939890 -2.400960
v 0.464000 0.940490 -2.387180
v 0.465800 0.939890 -2.386430
v 0.464000 0.940490 -2.400210
v 0.467250 0.939890 -2.393690
v 0.465300 0.940490 -2.393690
vn -0.8156 0.1930 0.5455
vn -0.9060 0.1963 0.3750
vn -0.8155 0.1934 0.5454
vn -0.9056 0.1972 0.3755
vn -0.8152 0.1949 0.5454
vn -0.9796 0.2011 0.0006
vn -0.9057 0.1972 0.3752
vn -0.8150 0.1957 0.5454
vn -0.9056 0.1967 0.3757
vn -0.9799 0.1993 0.0003
vn -0.9058 0.1967 -0.3753
vn -0.9804 0.1968 0.0001
vn -0.9806 0.1961 0.0001
vn -0.9056 0.1970 -0.3755
vn -0.6929 0.1967 -0.6937
vn -0.9057 0.1972 -0.3751
vn -0.9056 0.1968 -0.3758
vn -0.6930 0.1973 -0.6934
vn -0.5448 0.1978 -0.8149
vn -0.5450 0.1958 -0.8153
vn -0.6928 0.1983 -0.6933
vn -0.6927 0.1998 -0.6931
vn -0.5447 0.1963 -0.8153
vn -0.5446 0.1999 -0.8145
vn -0.1919 0.1989 -0.9610
vn 0.0006 0.1953 -0.9807
vn -0.1912 0.1953 -0.9619
vn 0.0001 0.1963 -0.9806
vn -0.1911 0.1965 -0.9617
vn 0.3742 0.2019 -0.9051
vn -0.0000 0.1967 -0.9805
vn -0.1911 0.1990 -0.9612
vn 0.0004 0.1963 -0.9805
vn 0.3746 0.1993 -0.9055
vn 0.6936 0.1970 -0.6929
vn 0.3751 0.1985 -0.9055
vn 0.3736 0.2005 -0.9057
vn 0.6935 0.1970 -0.6930
vn 0.8162 0.1930 -0.5445
vn 0.8161 0.1935 -0.5446
vn 0.6938 0.1959 -0.6930
vn 0.6934 0.1944 -0.6939
vn 0.8157 0.1937 -0.5450
vn 0.8156 0.1936 -0.5453
vn 0.9623 0.1925 -0.1919
vn 0.9808 0.1949 0.0002
vn 0.9622 0.1933 -0.1918
vn 0.9806 0.1962 0.0002
vn 0.9623 0.1932 -0.1914
vn 0.9060 0.1963 0.3750
vn 0.9805 0.1968 0.0002
vn 0.9625 0.1924 -0.1913
vn 0.9806 0.1961 0.0001
vn 0.9058 0.1970 0.3751
vn 0.6933 0.1967 0.6933
vn 0.9059 0.1972 0.3748
vn 0.9058 0.1964 0.3755
vn 0.6934 0.1973 0.6930
vn 0.5448 0.1978 0.8149
vn 0.5450 0.1958 0.8153
vn 0.6936 0.1958 0.6932
vn 0.6929 0.1944 0.6943
vn 0.5450 0.1941 0.8157
vn 0.5451 0.1957 0.8152
vn 0.1917 0.1989 0.9611
vn -0.0008 0.1953 0.9807
vn 0.1910 0.1953 0.9620
vn -0.0003 0.1963 0.9806
vn 0.1909 0.1957 0.9619
vn -0.3743 0.2020 0.9050
vn -0.0000 0.2004 0.9797
vn 0.1911 0.1984 0.9613
vn -0.0000 0.2035 0.9791
vn -0.3747 0.1993 0.9055
vn -0.5453 0.1937 0.8156
vn -0.5452 0.1932 0.8157
vn -0.3749 0.2002 0.9052
vn -0.3747 0.2033 0.9046
vn -0.5448 0.1950 0.8155
vn -0.5450 0.1959 0.8152
vn -0.0000 -1.0000 -0.0000
vn -0.0000 1.0000 -0.0000
vn -0.5562 -0.0000 -0.8310
vn -0.7074 -0.0000 -0.7068
vn -0.9239 -0.0000 -0.3827
vn -1.0000 -0.0000 0.0002
vn -0.9238 -0.0000 0.3828
vn -0.8315 -0.0000 0.5555
vn 0.5555 -0.0000 0.8315
vn 0.7071 -0.0000 0.7071
vn 0.9238 -0.0000 0.3828
vn 1.0000 -0.0000 0.0002
vn 0.9808 -0.0000 -0.1952
vn -0.0000 -0.0000 -1.0000
vn -0.1951 -0.0000 -0.9808
vn 0.3826 -0.0000 -0.9239
vn 0.7071 -0.0000 -0.7071
vn 0.8315 -0.0000 -0.5555
vn -0.0000 -0.0000 1.0000
vn 0.1952 -0.0000 0.9808
vn -0.3831 -0.0000 0.9237
vn -0.5562 -0.0000 0.8310
vn 0.3827 -0.0000 -0.9239
vn 0.7070 -0.0000 -0.7072
vn 0.8313 -0.0000 -0.5558
vn 0.1951 -0.0000 0.9808
vn -0.3827 -0.0000 0.9239
vn -0.5556 -0.0000 0.8315
vn -0.5555 -0.0000 0.8315
vn -0.9239 -0.0000 0.3826
vn -0.8316 -0.0000 0.5554
vn -1.0000 -0.0000 0.0001
vn -0.9239 -0.0000 -0.3826
vn -1.0000 -0.0000 -0.0000
vn -0.7072 -0.0000 -0.7070
vn -0.5555 -0.0000 -0.8315
vn 1.0000 -0.0000 -0.0000
vn 0.9808 -0.0000 -0.1950
vn 1.0000 -0.0000 0.0001
vn 0.7070 -0.0000 0.7072
vn 0.5556 -0.0000 0.8315
vn 0.7002 0.1344 -0.7011
vn 0.7067 -0.0000 -0.7075
vn 0.3824 -0.0000 -0.9240
vn 0.4536 0.0873 -0.8869
vn 0.6521 0.3854 -0.6529
vn 0.6523 0.3841 -0.6534
vn 0.7067 -0.0000 0.7075
vn 0.9238 -0.0000 0.3830
vn 0.7002 0.1348 0.7011
vn 0.8866 0.0871 0.4543
vn 0.6524 0.3845 0.6532
vn 0.6519 0.3856 0.6530
vn -0.7067 -0.0000 -0.7075
vn -0.9238 -0.0000 -0.3830
vn -0.7003 0.1349 -0.7010
vn -0.8867 0.0878 -0.4540
vn -0.6514 0.3877 -0.6521
vn -0.6526 0.3850 -0.6526
vn -0.7003 0.1355 0.7009
vn -0.7067 -0.0000 0.7075
vn -0.3824 -0.0000 0.9240
vn -0.4536 0.0874 0.8869
vn -0.6521 0.3857 0.6527
vn -0.6515 0.3884 0.6517
vn -0.7071 -0.0000 -0.7071
vn -0.9592 0.1764 -0.2208
vn -0.9726 0.2324 -0.0000
vn -0.9240 0.3825 -0.0000
vn -0.9239 0.3826 -0.0000
vn 0.7072 -0.0000 0.7071
vn 0.9592 0.1764 0.2208
vn 0.9239 -0.0000 0.3827
vn 0.9726 0.2324 -0.0000
vn 0.9239 0.3825 -0.0000
vn 0.9240 0.3825 -0.0000
vn 0.4402 -0.0000 0.8979
vn 0.4392 -0.0006 0.8984
vn 0.4378 -0.0005 0.8991
vn 0.4365 -0.0012 0.8997
vn 0.4266 -0.0005 0.9045
vn 0.4232 -0.0027 0.9060
vn 0.4241 -0.0014 0.9056
vn 0.4187 -0.0045 0.9081
vn 0.7908 0.0333 -0.6111
vn 0.7910 0.0335 -0.6110
vn 0.7898 0.0337 -0.6124
vn 0.7900 0.0338 -0.6122
vn 0.4624 0.0181 -0.8865
vn 0.4583 0.0154 -0.8887
vn 0.0533 -0.0044 -0.9986
vn 0.0484 -0.0116 -0.9988
vn 0.0681 -0.2901 -0.9546
vn 0.0626 -0.2987 -0.9523
vn 0.2253 -0.1741 -0.9586
vn 0.2617 -0.1465 -0.9540
vn 0.4239 -0.0007 -0.9057
vn 0.4260 -0.0013 -0.9047
vn 0.4363 -0.0013 -0.8998
vn 0.4376 -0.0014 -0.8992
vn 0.4393 -0.0012 -0.8983
vn 0.4404 -0.0019 -0.8978
vn -0.0000 -1.0000 0.0001
vn 0.0720 -0.2946 0.9529
vn 0.0622 -0.2968 0.9529
vn 0.0706 -0.2929 0.9535
vn 0.0682 -0.2873 0.9554
vn 0.0486 -0.0116 0.9988
vn 0.0424 -0.0050 0.9991
vn 0.0512 -0.0052 0.9987
vn 0.0401 -0.0014 0.9992
vn 0.7850 0.0336 0.6185
vn 0.7926 0.0317 0.6090
vn 0.7882 0.0323 0.6145
vn 0.7918 0.0318 0.6100
vn 0.7899 0.0324 0.6123
vn 0.7895 0.0332 0.6128
vn -0.7907 0.0358 0.6112
vn -0.7898 0.0338 0.6125
vn -0.7904 0.0322 0.6117
vn -0.7901 0.0313 0.6122
vn -0.4648 0.0167 0.8852
vn -0.4614 0.0129 0.8871
vn -0.0522 -0.0092 0.9986
vn -0.0486 -0.0174 0.9987
vn -0.0705 -0.2877 0.9551
vn -0.0617 -0.2991 0.9522
vn -0.2275 -0.1717 0.9585
vn -0.2593 -0.1488 0.9543
vn -0.4238 -0.0006 0.9058
vn -0.4255 -0.0016 0.9049
vn -0.4365 -0.0013 0.8997
vn -0.4378 -0.0014 0.8991
vn -0.4393 -0.0012 0.8983
vn -0.4402 -0.0019 0.8979
vn -0.0000 -1.0000 -0.0001
vn -0.7936 0.0314 -0.6076
vn -0.7933 0.0314 -0.6081
vn -0.7925 0.0314 -0.6090
vn -0.7918 0.0323 -0.6099
vn -0.7901 0.0339 -0.6120
vn -0.7891 0.0358 -0.6132
vn -0.8979 -0.0000 0.4402
vn -0.8986 -0.0009 0.4388
vn -0.8997 -0.0008 0.4366
vn -0.9004 -0.0018 0.4350
vn -0.9058 -0.0005 0.4236
vn -0.9072 -0.0026 0.4206
vn -0.9584 -0.1758 0.2247
vn -0.9550 -0.1455 0.2583
vn -0.9533 -0.2941 0.0687
vn -0.9553 -0.2875 0.0684
vn -0.9988 -0.0146 0.0471
vn -0.9991 -0.0073 0.0418
vn -0.9989 -0.0068 0.0467
vn -0.9993 -0.0015 0.0371
vn 0.6107 0.0358 0.7910
vn 0.6113 0.0349 0.7906
vn 0.6121 0.0342 0.7900
vn 0.6123 0.0338 0.7899
vn 0.8859 0.0181 0.4636
vn 0.8871 0.0149 0.4614
vn 0.9985 -0.0066 0.0537
vn 0.9987 -0.0144 0.0496
vn 0.9561 -0.2849 0.0687
vn 0.9534 -0.2955 0.0617
vn 0.9591 -0.1724 0.2244
vn 0.9546 -0.1480 0.2585
vn 0.9064 -0.0003 0.4223
vn 0.9058 -0.0009 0.4236
vn 0.9004 -0.0014 0.4350
vn 0.8997 -0.0017 0.4366
vn 0.8986 -0.0019 0.4388
vn 0.8979 -0.0029 0.4403
vn -0.6036 0.0341 0.7966
vn -0.6094 0.0356 0.7920
vn -0.6078 0.0351 0.7933
vn -0.6108 0.0358 0.7910
vn -0.6112 0.0358 0.7907
vn -0.6111 0.0358 0.7907
vn 0.8978 -0.0000 -0.4403
vn 0.3227 -0.0014 -0.9465
vn 0.8997 -0.0008 -0.4366
vn 0.3251 -0.0015 -0.9457
vn 0.9058 -0.0005 -0.4237
vn -0.4416 -0.0010 -0.8972
vn 0.3516 -0.0047 -0.9361
vn 0.9064 -0.0007 -0.4225
vn 0.5254 -0.0027 -0.8508
vn -0.4393 -0.0017 -0.8983
vn 0.0022 -0.0091 -1.0000
vn -0.4155 -0.0024 -0.9096
vn -0.4202 0.0020 -0.9074
vn 0.0022 -0.0080 -1.0000
vn 0.4385 -0.0029 -0.8987
vn 0.0017 -0.0103 -0.9999
vn 0.0013 -0.0136 -0.9999
vn 0.4363 -0.0027 -0.8998
vn 0.4393 -0.0010 -0.8983
vn 0.4388 -0.0012 -0.8986
vn 0.4151 -0.0008 -0.9098
vn 0.4164 -0.0019 -0.9092
vn 0.4138 -0.0011 -0.9104
vn 0.4206 -0.0067 -0.9072
vn -0.6113 0.0358 -0.7906
vn -0.6064 0.0360 -0.7943
vn -0.6139 0.0338 -0.7886
vn -0.8955 0.0180 -0.4447
vn -0.8944 0.0146 -0.4470
vn -0.9994 -0.0037 -0.0347
vn -0.9994 -0.0097 -0.0321
vn -0.9551 -0.2889 -0.0662
vn -0.9526 -0.2980 -0.0609
vn -0.9592 -0.1746 -0.2226
vn -0.9549 -0.1496 -0.2566
vn -0.9065 -0.0003 -0.4223
vn -0.9059 -0.0009 -0.4236
vn -0.9004 -0.0014 -0.4350
vn -0.8997 -0.0017 -0.4366
vn -0.8986 -0.0019 -0.4388
vn -0.8979 -0.0030 -0.4403
vn 0.9525 -0.2967 -0.0688
vn 0.9525 -0.2980 -0.0633
vn 0.9530 -0.2948 -0.0695
vn 0.9548 -0.2888 -0.0695
vn 0.9994 -0.0098 -0.0325
vn 0.9996 -0.0040 -0.0292
vn 0.9998 -0.0047 -0.0208
vn 0.9999 -0.0026 -0.0152
vn 0.6125 0.0312 -0.7899
vn 0.6226 0.0331 -0.7819
vn 0.6123 0.0326 -0.7900
vn 0.6175 0.0340 -0.7859
vn 0.6116 0.0350 -0.7904
vn 0.6121 0.0358 -0.7899
vn -0.3225 -0.0000 0.9466
vn -0.3249 -0.0012 0.9458
vn -0.3290 -0.0011 0.9443
vn -0.3312 -0.0026 0.9436
vn -0.3401 -0.0005 0.9404
vn -0.3420 -0.0018 0.9397
vn -0.5234 -0.1820 0.8324
vn -0.4966 -0.1469 0.8554
vn -0.6333 -0.2977 0.7143
vn -0.6391 -0.2857 0.7141
vn -0.6854 -0.0163 0.7279
vn -0.6909 -0.0079 0.7229
vn -0.3025 0.0138 0.9530
vn -0.3173 0.0176 0.9482
vn 0.1296 0.0335 0.9910
vn 0.1228 0.0343 0.9918
vn 0.1265 0.0343 0.9914
vn 0.1266 0.0342 0.9914
vn 0.9913 0.0342 0.1270
vn 0.9914 0.0332 0.1263
vn 0.9919 0.0324 0.1225
vn 0.9914 0.0331 0.1269
vn 0.9922 0.0322 0.1206
vn 0.9909 0.0346 0.1301
vn 0.7326 0.0001 -0.6807
vn 0.7243 -0.0067 -0.6894
vn 0.7314 -0.0055 -0.6819
vn 0.7273 -0.0148 -0.6861
vn 0.7162 -0.2843 -0.6373
vn 0.7040 -0.3028 -0.6424
vn 0.3472 -0.1170 -0.9305
vn 0.8529 -0.1558 -0.4983
vn 0.4319 -0.0005 -0.9019
vn 0.9407 -0.0012 -0.3392
vn -0.3234 -0.0000 -0.9463
vn 0.4375 -0.0009 -0.8992
vn 0.9445 -0.0013 -0.3284
vn -0.3237 -0.0000 -0.9462
vn 0.4390 -0.0009 -0.8985
vn 0.9455 -0.0018 -0.3256
vn -0.3235 -0.0000 -0.9462
vn 0.3255 -0.0000 -0.9456
vn 0.3267 -0.0007 -0.9451
vn 0.3284 -0.0005 -0.9445
vn 0.3297 -0.0013 -0.9441
vn 0.3388 -0.0004 -0.9409
vn 0.3419 -0.0024 -0.9397
vn 0.5222 -0.1807 -0.8335
vn 0.4997 -0.1502 -0.8531
vn 0.6306 -0.2984 -0.7165
vn 0.6373 -0.2895 -0.7142
vn 0.6851 -0.0133 -0.7283
vn 0.6914 -0.0057 -0.7225
vn 0.3026 0.0146 -0.9530
vn 0.3110 0.0166 -0.9503
vn -0.1287 0.0322 -0.9912
vn -0.1290 0.0325 -0.9911
vn -0.1257 0.0332 -0.9915
vn -0.1250 0.0341 -0.9916
vn -0.9914 0.0342 -0.1267
vn -0.9915 0.0333 -0.1260
vn -0.9918 0.0326 -0.1237
vn -0.9913 0.0332 -0.1270
vn -0.9919 0.0325 -0.1231
vn -0.9909 0.0346 -0.1304
vn -0.7336 0.0002 0.6796
vn -0.7237 -0.0053 0.6901
vn -0.7324 -0.0034 0.6809
vn -0.7275 -0.0119 0.6860
vn -0.7138 -0.2903 0.6373
vn -0.7019 -0.3080 0.6422
vn -0.7119 -0.2999 0.6350
vn -0.6961 -0.3200 0.6427
vn -0.9404 -0.0000 0.3401
vn -0.9407 -0.0002 0.3392
vn -0.9447 -0.0015 0.3279
vn -0.9453 -0.0017 0.3262
vn -0.9461 -0.0018 0.3240
vn -0.9466 -0.0027 0.3225
vn -0.9466 -0.0000 -0.3225
vn -0.9458 -0.0011 -0.3248
vn -0.9443 -0.0011 -0.3291
vn -0.9436 -0.0026 -0.3311
vn -0.9405 -0.0004 -0.3399
vn -0.9391 -0.0030 -0.3437
vn -0.8313 -0.1822 -0.5251
vn -0.8520 -0.1529 -0.5008
vn -0.7145 -0.3012 -0.6315
vn -0.7142 -0.2934 -0.6354
vn -0.7282 -0.0148 -0.6852
vn -0.7223 -0.0063 -0.6915
vn -0.9524 0.0156 -0.3045
vn -0.9493 0.0188 -0.3137
vn -0.9913 0.0344 0.1268
vn -0.9915 0.0343 0.1255
vn -0.9915 0.0341 0.1256
vn -0.1275 0.0342 0.9912
vn -0.1268 0.0334 0.9914
vn -0.1259 0.0327 0.9915
vn -0.1257 0.0323 0.9915
vn -0.1252 0.0322 0.9916
vn -0.1256 0.0323 0.9916
vn 0.6821 -0.0016 0.7313
vn 0.6907 -0.0076 0.7231
vn 0.6821 -0.0060 0.7312
vn 0.6863 -0.0149 0.7272
vn 0.6371 -0.2960 0.7117
vn 0.6413 -0.3117 0.7011
vn 0.5270 -0.1812 0.8303
vn 0.4991 -0.1549 0.8526
vn 0.3420 -0.0000 0.9397
vn 0.3411 -0.0002 0.9400
vn 0.3301 -0.0016 0.9440
vn 0.3286 -0.0015 0.9445
vn 0.3266 -0.0012 0.9452
vn 0.3257 -0.0018 0.9455
vn 0.9466 -0.0000 0.3225
vn 0.9460 -0.0011 0.3241
vn 0.9453 -0.0008 0.3261
vn 0.9447 -0.0019 0.3278
vn 0.9405 -0.0005 0.3399
vn 0.9396 -0.0020 0.3422
vn 0.8311 -0.1838 0.5249
vn 0.8542 -0.1521 0.4971
vn 0.7135 -0.3040 0.6313
vn 0.7130 -0.2965 0.6354
vn 0.7297 -0.0103 0.6837
vn 0.7213 -0.0032 0.6926
vn 0.9525 0.0170 0.3039
vn 0.9488 0.0187 0.3154
vn 0.9915 0.0344 -0.1259
vn 0.9914 0.0344 -0.1259
vn 0.9914 0.0343 -0.1259
vn 0.9914 0.0342 -0.1260
vn 0.1261 0.0341 -0.9914
vn 0.1262 0.0343 -0.9914
vn 0.1308 0.0345 -0.9908
vn 0.1249 0.0334 -0.9916
vn 0.1338 0.0344 -0.9904
vn 0.1221 0.0321 -0.9920
vn -0.0000 -1.0000 0.0002
vn -0.6836 -0.0017 -0.7299
vn -0.6985 -0.0066 -0.7156
vn -0.6828 -0.0040 -0.7306
vn -0.6901 -0.0122 -0.7236
vn -0.6354 -0.2924 -0.7147
vn -0.6417 -0.3111 -0.7011
vn -0.6315 -0.2972 -0.7162
vn -0.6416 -0.3170 -0.6985
vn -0.3434 -0.0000 -0.9392
vn 0.2301 -0.0000 -0.9732
vn -0.3433 -0.0000 -0.9392
vn 0.4163 -0.0000 -0.9092
vn -0.3299 -0.0015 -0.9440
vn 0.9364 -0.0000 -0.3509
vn 0.4362 -0.0018 -0.8999
vn -0.3268 -0.0014 -0.9451
vn 0.4379 -0.0022 -0.8990
vn 0.9367 -0.0005 -0.3501
vn 0.7077 -0.0126 -0.7064
vn 0.9444 -0.0024 -0.3287
vn 0.9452 -0.0023 -0.3266
vn 0.7083 -0.0098 -0.7058
vn 0.3490 -0.0006 -0.9371
vn 0.7088 -0.0076 -0.7054
vn 0.7086 -0.0085 -0.7056
vn 0.3476 -0.0021 -0.9376
vn 0.3514 -0.0000 -0.9362
vn 0.3508 -0.0006 -0.9364
vn 0.3301 -0.0015 -0.9439
vn 0.3228 0.0002 -0.9465
vn 0.3327 -0.0004 -0.9430
vn 0.3210 0.0015 -0.9471
vn 0.4405 -0.0010 0.8977
vn 0.4401 -0.0010 0.8979
vn 0.4403 -0.0002 0.8979
vn 0.4380 -0.0015 0.8990
vn 0.4371 -0.0048 0.8994
vn 0.4163 -0.0037 0.9092
vn 0.4330 -0.0056 0.9014
vn 0.4183 -0.0043 0.9083
vn 0.4179 -0.0044 0.9085
vn 0.4175 -0.0100 0.9086
vn 0.4186 -0.0039 0.9082
vn 0.4164 -0.0119 0.9091
vn 0.0795 -0.9945 0.0687
vn 0.0802 -0.9944 0.0683
vn 0.0788 -0.9945 0.0696
vn 0.0786 -0.9945 0.0687
vn -0.0532 -0.9958 0.0744
vn -0.0006 -0.9980 0.0634
vn -0.0483 -0.9963 0.0713
vn -0.0572 -0.9955 0.0750
vn -0.0520 -0.9960 0.0726
vn -0.0012 -0.9979 0.0646
vn -0.0787 -0.9946 0.0675
vn -0.0030 -0.9978 0.0660
vn -0.0010 -0.9979 0.0654
vn -0.0773 -0.9947 0.0673
vn -0.0793 -0.9945 0.0684
vn -0.0785 -0.9945 0.0690
vn 0.0511 -0.9960 0.0736
vn 0.0575 -0.9955 0.0748
vn 0.0541 -0.9957 0.0755
vn 0.0592 -0.9953 0.0763
vn -0.4411 -0.0000 -0.8975
vn -0.4417 -0.0000 -0.8971
vn -0.4415 -0.0000 -0.8973
vn -0.4410 -0.0000 -0.8975
vn -0.4414 -0.0000 -0.8973
vn 0.0002 -0.0000 -1.0000
vn -0.4409 -0.0000 -0.8976
vn 0.4403 -0.0000 -0.8978
vn 0.4404 -0.0000 -0.8978
vn 0.4398 -0.0000 -0.8981
vn 0.4399 -0.0000 -0.8980
vn 0.4400 -0.0000 -0.8980
vn -0.0307 0.9975 -0.0630
vn -0.0312 0.9975 -0.0634
vn -0.0310 0.9974 -0.0654
vn -0.0305 0.9974 -0.0645
vn 0.0478 0.9964 -0.0695
vn 0.0002 0.9982 -0.0605
vn 0.0458 0.9967 -0.0668
vn 0.0508 0.9964 -0.0679
vn 0.0486 0.9966 -0.0664
vn 0.0006 0.9981 -0.0619
vn 0.0301 0.9976 -0.0626
vn 0.0019 0.9980 -0.0633
vn 0.0006 0.9981 -0.0623
vn 0.0299 0.9975 -0.0637
vn 0.0306 0.9975 -0.0631
vn 0.0309 0.9974 -0.0650
vn -0.0481 0.9965 -0.0683
vn -0.0520 0.9963 -0.0679
vn -0.0496 0.9963 -0.0702
vn -0.0539 0.9961 -0.0693
vn -0.4402 -0.0076 0.8979
vn -0.4379 -0.0025 0.8990
vn -0.4367 -0.0070 0.8996
vn -0.4360 -0.0029 0.8999
vn -0.4384 -0.0010 0.8988
vn -0.4213 -0.0080 0.9069
vn -0.4377 -0.0015 0.8991
vn -0.4151 -0.0010 0.9098
vn -0.4189 -0.0099 0.9080
vn -0.4129 -0.0011 0.9108
vn -0.4156 -0.0016 0.9095
vn -0.4182 -0.0060 0.9083
vn 0.9502 0.0006 0.3116
vn 0.9480 -0.0004 0.3184
vn 0.9457 -0.0006 0.3249
vn 0.9449 -0.0018 0.3272
vn 0.9390 -0.0005 0.3438
vn 0.7054 -0.0085 0.7087
vn 0.9390 -0.0024 0.3440
vn 0.9373 -0.0013 0.3485
vn 0.9376 -0.0025 0.3478
vn 0.7049 -0.0080 0.7092
vn 0.3239 -0.0045 0.9461
vn 0.7062 -0.0077 0.7079
vn 0.7058 -0.0087 0.7084
vn 0.3315 -0.0030 0.9435
vn 0.3232 -0.0027 0.9463
vn 0.3331 -0.0008 0.9429
vn 0.3451 -0.0014 0.9386
vn 0.3460 -0.0016 0.9382
vn 0.3439 -0.0008 0.9390
vn 0.3439 -0.0015 0.9390
vn 0.0946 -0.9955 0.0016
vn 0.1045 -0.9945 -0.0055
vn 0.1069 -0.9943 -0.0064
vn 0.1066 -0.9943 -0.0070
vn 0.0142 -0.9959 0.0891
vn 0.0441 -0.9980 0.0456
vn 0.0153 -0.9965 0.0820
vn 0.0112 -0.9958 0.0908
vn 0.0135 -0.9962 0.0862
vn 0.0441 -0.9979 0.0467
vn -0.0055 -0.9946 0.1035
vn 0.0426 -0.9980 0.0465
vn 0.0434 -0.9981 0.0445
vn -0.0067 -0.9948 0.1014
vn -0.0035 -0.9947 0.1025
vn -0.0074 -0.9944 0.1050
vn 0.0865 -0.9961 0.0149
vn 0.0898 -0.9959 0.0117
vn 0.0896 -0.9959 0.0145
vn 0.0911 -0.9958 0.0118
vn -0.9462 -0.0000 -0.3236
vn -0.9460 -0.0000 -0.3241
vn -0.9460 -0.0000 -0.3240
vn -0.9463 -0.0000 -0.3232
vn -0.0928 0.9952 -0.0319
vn -0.0933 0.9951 -0.0318
vn -0.0915 0.9952 -0.0334
vn -0.0907 0.9953 -0.0333
vn -0.0190 0.9939 -0.1086
vn -0.0572 0.9967 -0.0581
vn -0.0189 0.9945 -0.1027
vn -0.0152 0.9939 -0.1088
vn -0.0163 0.9943 -0.1055
vn -0.0571 0.9966 -0.0592
vn -0.0321 0.9954 -0.0899
vn -0.0549 0.9968 -0.0585
vn -0.0550 0.9969 -0.0561
vn -0.0333 0.9956 -0.0874
vn -0.0320 0.9953 -0.0916
vn -0.0337 0.9954 -0.0901
vn -0.1070 0.9941 -0.0178
vn -0.1090 0.9939 -0.0141
vn -0.1105 0.9937 -0.0179
vn -0.1121 0.9936 -0.0133
vn -0.3258 0.0006 0.9454
vn -0.3247 -0.0001 0.9458
vn -0.3299 -0.0002 0.9440
vn -0.3294 -0.0018 0.9442
vn -0.3266 -0.0049 0.9451
vn -0.3489 -0.0022 0.9371
vn -0.3320 -0.0062 0.9433
vn -0.3465 -0.0027 0.9380
vn -0.3480 -0.0013 0.9375
vn -0.3469 -0.0086 0.9379
vn -0.3467 -0.0007 0.9380
vn -0.3480 -0.0095 0.9374
vn 0.0050 -0.9950 0.0994
vn 0.0070 -0.9939 0.1101
vn 0.0078 -0.9941 0.1084
vn 0.0075 -0.9940 0.1092
vn -0.0871 -0.9961 0.0146
vn -0.0446 -0.9980 0.0439
vn -0.0812 -0.9966 0.0150
vn -0.0883 -0.9960 0.0121
vn -0.0843 -0.9963 0.0135
vn -0.0456 -0.9980 0.0438
vn -0.1018 -0.9948 -0.0090
vn -0.0457 -0.9981 0.0423
vn -0.0436 -0.9982 0.0424
vn -0.1003 -0.9949 -0.0075
vn -0.1016 -0.9948 -0.0078
vn -0.1035 -0.9946 -0.0059
vn -0.0142 -0.9961 0.0871
vn -0.0115 -0.9959 0.0894
vn -0.0136 -0.9958 0.0905
vn -0.0115 -0.9958 0.0908
vn 0.3229 -0.0000 -0.9464
vn 0.3223 -0.0000 -0.9466
vn 0.3221 -0.0000 -0.9467
vn 0.3228 -0.0000 -0.9465
vn 0.3222 -0.0000 -0.9467
vn 0.7074 -0.0000 -0.7068
vn 0.3227 -0.0000 -0.9465
vn 0.9453 -0.0000 -0.3261
vn 0.9453 -0.0000 -0.3262
vn 0.9441 -0.0000 -0.3295
vn 0.9441 -0.0000 -0.3296
vn 0.0290 0.9961 -0.0838
vn 0.0292 0.9959 -0.0859
vn 0.0319 0.9955 -0.0892
vn 0.0312 0.9957 -0.0868
vn 0.1088 0.9939 -0.0188
vn 0.0528 0.9972 -0.0522
vn 0.1041 0.9944 -0.0183
vn 0.1105 0.9938 -0.0154
vn 0.1069 0.9941 -0.0161
vn 0.0554 0.9970 -0.0543
vn 0.0829 0.9961 -0.0292
vn 0.0589 0.9967 -0.0559
vn 0.0570 0.9968 -0.0558
vn 0.0843 0.9960 -0.0312
vn 0.0835 0.9961 -0.0297
vn 0.0879 0.9956 -0.0321
vn 0.0177 0.9939 -0.1087
vn 0.0145 0.9937 -0.1109
vn 0.0179 0.9936 -0.1114
vn 0.0144 0.9935 -0.1129
vn -0.9462 -0.0076 0.3235
vn -0.9448 -0.0022 0.3278
vn -0.9448 -0.0068 0.3277
vn -0.9439 -0.0023 0.3302
vn -0.9444 -0.0006 0.3289
vn -0.9390 -0.0065 0.3438
vn -0.9442 -0.0009 0.3292
vn -0.9389 -0.0007 0.3442
vn -0.9381 -0.0081 0.3462
vn -0.9398 -0.0002 0.3417
vn -0.9386 -0.0000 0.3451
vn -0.9398 -0.0000 0.3418
vn -0.8986 0.0009 0.4388
vn -0.8984 -0.0001 0.4392
vn -0.9024 -0.0006 0.4309
vn -0.9012 -0.0019 0.4333
vn -0.9105 0.0005 0.4134
vn -1.0000 -0.0085 -0.0022
vn -0.9090 -0.0009 0.4168
vn -0.9108 0.0028 0.4129
vn -0.9096 0.0022 0.4156
vn -1.0000 -0.0078 -0.0024
vn -0.8988 -0.0028 -0.4384
vn -1.0000 -0.0066 -0.0019
vn -1.0000 -0.0060 -0.0012
vn -0.9017 -0.0023 -0.4323
vn -0.8991 -0.0007 -0.4378
vn -0.9027 -0.0003 -0.4303
vn -0.9093 0.0006 -0.4160
vn -0.9097 0.0029 -0.4152
vn -0.9104 0.0012 -0.4138
vn -0.9104 0.0028 -0.4138
vn -0.0692 -0.9946 0.0779
vn -0.0686 -0.9945 0.0797
vn -0.0698 -0.9946 0.0772
vn -0.0691 -0.9945 0.0789
vn -0.0751 -0.9958 -0.0526
vn -0.0679 -0.9977 -0.0002
vn -0.0722 -0.9962 -0.0477
vn -0.0769 -0.9953 -0.0586
vn -0.0741 -0.9958 -0.0530
vn -0.0675 -0.9977 -0.0007
vn -0.0684 -0.9945 -0.0794
vn -0.0682 -0.9977 -0.0033
vn -0.0683 -0.9977 -0.0011
vn -0.0675 -0.9947 -0.0772
vn -0.0690 -0.9947 -0.0762
vn -0.0695 -0.9947 -0.0757
vn -0.0750 -0.9958 0.0519
vn -0.0771 -0.9952 0.0596
vn -0.0761 -0.9956 0.0546
vn -0.0777 -0.9952 0.0599
vn 0.0585 0.9979 -0.0287
vn 0.0588 0.9979 -0.0287
vn 0.0637 0.9975 -0.0310
vn 0.0624 0.9976 -0.0302
vn 0.0704 0.9963 0.0486
vn 0.0561 0.9984 0.0001
vn 0.0682 0.9966 0.0459
vn 0.0710 0.9960 0.0538
vn 0.0689 0.9964 0.0500
vn 0.0591 0.9983 0.0003
vn 0.0578 0.9979 0.0283
vn 0.0653 0.9979 0.0021
vn 0.0650 0.9979 0.0007
vn 0.0612 0.9977 0.0292
vn 0.0584 0.9979 0.0285
vn 0.0634 0.9975 0.0304
vn 0.0699 0.9964 -0.0479
vn 0.0709 0.9960 -0.0544
vn 0.0709 0.9963 -0.0486
vn 0.0719 0.9959 -0.0554
vn 0.8970 -0.0000 0.4420
vn 0.8979 -0.0000 0.4401
vn 0.8961 -0.0000 0.4438
vn 0.8979 -0.0000 -0.4402
vn 0.4121 -0.1135 -0.9040
vn 0.3309 -0.0003 -0.9437
vn 0.3249 -0.0004 -0.9457
vn 0.3236 -0.0000 -0.9462
vn -0.4393 -0.0006 -0.8984
vn -0.4365 -0.0012 -0.8997
vn -0.4228 -0.0030 -0.9062
vn -0.2573 -0.1471 -0.9551
vn -0.0737 -0.2918 -0.9536
vn -0.0687 -0.2889 -0.9549
vn -0.0486 -0.0174 -0.9987
vn -0.0440 -0.0098 -0.9990
vn -0.0483 -0.0076 -0.9988
vn -0.0399 -0.0016 -0.9992
vn -0.9450 -0.0007 -0.3270
vn -0.9455 -0.0011 -0.3257
vn -0.9437 -0.0007 -0.3307
vn -0.9443 -0.0017 -0.3292
vn -0.9451 -0.0054 -0.3266
vn -0.9385 -0.0013 -0.3454
vn -0.9437 -0.0057 -0.3308
vn -0.9388 -0.0028 -0.3444
vn -0.9384 -0.0016 -0.3456
vn -0.9381 -0.0077 -0.3462
vn -0.9383 -0.0022 -0.3458
vn -0.9377 -0.0075 -0.3473
vn -0.0990 -0.9951 0.0026
vn -0.1075 -0.9942 0.0067
vn -0.1092 -0.9940 0.0084
vn -0.1085 -0.9941 0.0079
vn -0.0136 -0.9960 -0.0885
vn -0.0445 -0.9980 -0.0454
vn -0.0137 -0.9965 -0.0820
vn -0.0120 -0.9961 -0.0874
vn -0.0124 -0.9962 -0.0859
vn -0.0440 -0.9979 -0.0467
vn 0.0057 -0.9944 -0.1059
vn -0.0442 -0.9980 -0.0461
vn -0.0443 -0.9980 -0.0449
vn 0.0072 -0.9947 -0.1026
vn 0.0060 -0.9944 -0.1055
vn 0.0088 -0.9943 -0.1063
vn -0.0867 -0.9962 -0.0131
vn -0.0864 -0.9962 -0.0112
vn -0.0899 -0.9959 -0.0133
vn -0.0876 -0.9961 -0.0115
vn 0.9454 -0.0000 0.3258
vn 0.9445 -0.0000 0.3286
vn 0.9445 -0.0000 0.3285
vn 0.9455 -0.0000 0.3257
vn 0.7073 -0.0000 0.7069
vn 0.9455 -0.0000 0.3258
vn 0.3228 -0.0000 0.9465
vn 0.3229 -0.0000 0.9464
vn 0.3222 -0.0000 0.9467
vn 0.3223 -0.0000 0.9466
vn 0.3224 -0.0000 0.9466
vn 0.0908 0.9954 0.0315
vn 0.0914 0.9953 0.0319
vn 0.0909 0.9953 0.0331
vn 0.0900 0.9954 0.0327
vn 0.0182 0.9938 0.1096
vn 0.0563 0.9968 0.0570
vn 0.0177 0.9944 0.1041
vn 0.0152 0.9939 0.1096
vn 0.0157 0.9941 0.1072
vn 0.0567 0.9967 0.0583
vn 0.0316 0.9955 0.0892
vn 0.0554 0.9968 0.0580
vn 0.0552 0.9969 0.0560
vn 0.0326 0.9956 0.0874
vn 0.0318 0.9954 0.0908
vn 0.0332 0.9954 0.0901
vn 0.1087 0.9939 0.0166
vn 0.1097 0.9939 0.0142
vn 0.1124 0.9935 0.0166
vn 0.1129 0.9935 0.0138
vn -0.3240 -0.0082 -0.9460
vn -0.3239 -0.0029 -0.9461
vn -0.3275 -0.0072 -0.9448
vn -0.3305 -0.0024 -0.9438
vn -0.3226 -0.0009 -0.9465
vn -0.3430 -0.0071 -0.9393
vn -0.3312 -0.0002 -0.9436
vn -0.3468 -0.0012 -0.9379
vn -0.3458 -0.0078 -0.9383
vn -0.3475 -0.0002 -0.9377
vn -0.3482 -0.0000 -0.9374
vn -0.3474 -0.0000 -0.9377
vn 0.0172 0.9996 0.0229
vn 0.0426 0.9974 0.0579
vn 0.0174 0.9996 0.0227
vn 0.0351 0.9983 0.0470
vn -0.0000 0.9998 0.0220
vn -0.0312 0.9974 0.0652
vn -0.0005 0.9994 0.0352
vn -0.0172 0.9996 0.0225
vn -0.0299 0.9975 0.0636
vn -0.0301 0.9976 0.0621
vn -0.0297 0.9976 0.0618
vn -0.0006 0.9981 0.0612
vn -0.0002 0.9983 0.0590
vn -0.0321 0.9985 0.0445
vn -0.0174 0.9996 0.0227
vn -0.0416 0.9975 0.0572
vn 0.0310 0.9974 0.0645
vn 0.0304 0.9976 0.0620
vn 0.0317 0.9974 0.0655
vn 0.0308 0.9976 0.0622
vn -0.0474 -0.9970 -0.0616
vn -0.0180 -0.9996 -0.0229
vn -0.0176 -0.9996 -0.0228
vn -0.0374 -0.9981 -0.0492
vn -0.0000 -0.9998 -0.0223
vn 0.0719 -0.9949 -0.0703
vn 0.0006 -0.9993 -0.0362
vn 0.0177 -0.9996 -0.0228
vn 0.0748 -0.9949 -0.0681
vn 0.0730 -0.9949 -0.0689
vn 0.0773 -0.9947 -0.0677
vn 0.0013 -0.9979 -0.0643
vn 0.0007 -0.9981 -0.0624
vn 0.0333 -0.9984 -0.0455
vn 0.0182 -0.9996 -0.0229
vn 0.0467 -0.9971 -0.0607
vn -0.0765 -0.9946 -0.0696
vn -0.0784 -0.9945 -0.0688
vn -0.0729 -0.9948 -0.0706
vn -0.0731 -0.9949 -0.0693
vn -0.4374 -0.0000 0.8993
vn -0.4376 -0.0000 0.8992
vn -0.4394 -0.0000 0.8983
vn -0.4412 -0.0000 0.8974
vn -0.4376 -0.0000 0.8991
vn -0.4377 -0.0000 0.8991
vn 0.4403 -0.0000 0.8978
vn 0.4404 -0.0000 0.8978
vn 0.4418 -0.0000 0.8971
vn 0.4433 -0.0000 0.8964
vn 0.4432 -0.0000 0.8964
vn 0.4417 -0.0000 0.8972
vn 0.4431 -0.0000 0.8965
vn 0.9076 0.0001 0.4198
vn 0.9093 0.0021 0.4162
vn 0.9091 0.0007 0.4166
vn 0.9079 -0.0008 0.4191
vn 0.9083 -0.0071 0.4183
vn 0.9032 -0.0000 0.4293
vn 0.9071 -0.0062 0.4209
vn 0.9021 -0.0021 0.4314
vn 0.8992 -0.0007 0.4375
vn 0.8996 -0.0074 0.4367
vn 0.8990 -0.0027 0.4380
vn 0.8976 -0.0092 0.4407
vn 0.9084 -0.0081 -0.4181
vn 0.9091 -0.0089 -0.4166
vn 0.9084 -0.0009 -0.4181
vn 0.9070 -0.0019 -0.4212
vn 0.9081 0.0006 -0.4188
vn 0.9018 -0.0064 -0.4322
vn 0.9065 0.0002 -0.4222
vn 0.8994 -0.0019 -0.4372
vn 0.8996 -0.0057 -0.4367
vn 0.8983 -0.0005 -0.4393
vn 0.8965 -0.0001 -0.4431
vn 0.8944 0.0009 -0.4473
vn -0.8981 -0.0000 -0.4398
vn -0.8980 -0.0000 -0.4400
vn -0.8980 -0.0000 -0.4401
vn -1.0000 -0.0000 -0.0001
vn -0.8970 -0.0000 0.4419
vn -0.8981 -0.0000 -0.4399
vn -0.8971 -0.0000 0.4419
vn -0.8962 -0.0000 0.4437
vn -0.8970 -0.0000 0.4420
vn -0.8961 -0.0000 0.4438
vn 0.0704 -0.9945 -0.0778
vn 0.0700 -0.9943 -0.0804
vn 0.0702 -0.9945 -0.0773
vn 0.0696 -0.9945 -0.0784
vn 0.0764 -0.9956 0.0550
vn 0.0638 -0.9980 0.0004
vn 0.0744 -0.9959 0.0515
vn 0.0811 -0.9948 0.0614
vn 0.0793 -0.9952 0.0574
vn 0.0648 -0.9979 0.0010
vn 0.0692 -0.9944 0.0793
vn 0.0679 -0.9977 0.0029
vn 0.0682 -0.9977 0.0011
vn 0.0681 -0.9946 0.0779
vn 0.0699 -0.9944 0.0799
vn 0.0696 -0.9944 0.0798
vn 0.0771 -0.9955 -0.0555
vn 0.0811 -0.9948 -0.0624
vn 0.0773 -0.9954 -0.0572
vn 0.0822 -0.9946 -0.0636
vn -0.0636 0.9975 0.0312
vn -0.0640 0.9974 0.0316
vn -0.0656 0.9973 0.0317
vn -0.0648 0.9974 0.0311
vn -0.0706 0.9962 -0.0509
vn -0.0610 0.9981 -0.0002
vn -0.0684 0.9965 -0.0489
vn -0.0712 0.9959 -0.0552
vn -0.0700 0.9962 -0.0524
vn -0.0622 0.9981 -0.0005
vn -0.0633 0.9975 -0.0306
vn -0.0648 0.9979 -0.0016
vn -0.0645 0.9979 -0.0006
vn -0.0640 0.9975 -0.0300
vn -0.0637 0.9975 -0.0309
vn -0.0654 0.9974 -0.0307
vn -0.0703 0.9962 0.0509
vn -0.0712 0.9959 0.0549
vn -0.0712 0.9962 0.0512
vn -0.0726 0.9957 0.0567
vn 0.0127 -0.9957 -0.0915
vn 0.0113 -0.9957 -0.0915
vn 0.0115 -0.9959 -0.0898
vn 0.0131 -0.9960 -0.0887
vn 0.0393 -0.9985 -0.0383
vn 0.1018 -0.9948 0.0015
vn 0.0421 -0.9983 -0.0399
vn 0.0869 -0.9961 -0.0129
vn 0.1013 -0.9948 0.0047
vn 0.1026 -0.9947 0.0015
vn 0.1061 -0.9943 0.0055
vn 0.0473 -0.9978 -0.0459
vn 0.0473 -0.9978 -0.0460
vn 0.0828 -0.9965 -0.0141
vn 0.0896 -0.9959 -0.0120
vn 0.0897 -0.9959 -0.0135
vn -0.0069 -0.9942 -0.1074
vn -0.0072 -0.9941 -0.1083
vn -0.0065 -0.9942 -0.1076
vn -0.0064 -0.9942 -0.1075
vn -0.0141 0.9946 0.1028
vn -0.0155 0.9936 0.1115
vn -0.0135 0.9945 0.1035
vn -0.0152 0.9941 0.1076
vn -0.0517 0.9974 0.0510
vn -0.0884 0.9956 0.0314
vn -0.0546 0.9971 0.0532
vn -0.1019 0.9947 0.0142
vn -0.0845 0.9959 0.0308
vn -0.0836 0.9961 0.0293
vn -0.0831 0.9961 0.0291
vn -0.0551 0.9970 0.0541
vn -0.0522 0.9973 0.0517
vn -0.1021 0.9946 0.0160
vn -0.1037 0.9945 0.0140
vn -0.1099 0.9938 0.0162
vn -0.0308 0.9957 0.0876
vn -0.0288 0.9960 0.0841
vn -0.0312 0.9955 0.0896
vn -0.0286 0.9959 0.0855
vn -0.9444 -0.0000 0.3288
vn -0.9444 -0.0000 0.3289
vn -0.9454 -0.0000 0.3259
vn -0.9454 -0.0000 0.3260
vn -0.9464 -0.0000 0.3230
vn -0.9443 -0.0000 0.3290
vn -0.9464 -0.0000 0.3229
vn -0.3240 -0.0000 0.9460
vn -0.3240 -0.0000 0.9461
vn -0.3201 -0.0000 0.9474
vn -0.3162 -0.0000 0.9487
vn -0.3161 -0.0000 0.9487
vn -0.3200 -0.0000 0.9474
vn -0.3202 -0.0000 0.9473
vn -0.3165 -0.0000 0.9486
vn -0.4989 0.7086 0.4989
vn -0.1758 0.9693 0.1719
vn -0.4996 0.7072 0.5002
vn -0.1722 0.9692 0.1759
vn -0.0001 1.0000 0.0028
vn -0.0013 0.9650 -0.2623
vn 0.1722 0.9693 0.1757
vn -0.0001 1.0000 -0.0028
vn -0.1756 0.9693 -0.1719
vn -0.1722 0.9693 -0.1757
vn -0.4987 0.7085 -0.4993
vn -0.5000 0.7070 -0.5000
vn -0.0013 0.9650 0.2623
vn 0.1722 0.9692 -0.1759
vn -0.0043 1.0000 -0.0061
vn -0.0043 1.0000 0.0061
vn 0.2621 0.9650 -0.0014
vn 0.2621 0.9650 0.0014
vn 0.7049 0.7094 -0.0000
vn 0.7048 0.7094 -0.0000
vn 0.0013 0.9650 0.2624
vn -0.0000 0.7094 0.7048
vn 0.0001 1.0000 -0.0028
vn 0.1758 0.9693 -0.1719
vn 0.4996 0.7072 -0.5002
vn 0.4989 0.7086 -0.4989
vn 0.0043 1.0000 -0.0061
vn -0.2611 0.9653 -0.0014
vn 0.0001 1.0000 0.0028
vn 0.1756 0.9693 0.1719
vn 0.0043 1.0000 0.0061
vn -0.2611 0.9653 0.0014
vn -0.7026 0.7116 -0.0000
vn 0.0013 0.9650 -0.2624
vn 0.4987 0.7085 0.4993
vn 0.5000 0.7071 0.5001
vn -0.0000 0.7094 -0.7048
vn -0.0000 0.3825 0.9239
vn -0.0000 0.3825 0.9240
vn -0.0000 0.2322 0.9727
vn -0.2209 0.1763 0.9592
vn -0.7071 -0.0000 0.7071
vn -0.0000 0.3825 -0.9240
vn -0.0000 0.3825 -0.9239
vn -0.0000 0.2322 -0.9727
vn 0.2209 0.1763 -0.9592
vn 0.7072 -0.0000 -0.7071
vn 0.0057 -1.0000 -0.0015
vn 0.0057 -1.0000 0.0015
vn 0.0082 -0.9999 0.0058
vn 0.0017 -1.0000 0.0065
vn 0.0082 -0.9999 -0.0058
vn 0.0017 -1.0000 -0.0065
vn 0.0071 -1.0000 0.0032
vn 0.0071 -1.0000 -0.0032
vn 0.0004 -1.0000 0.0045
vn -0.0017 -1.0000 0.0065
vn 0.0041 -1.0000 0.0005
vn 0.0041 -1.0000 -0.0005
vn 0.0004 -1.0000 -0.0045
vn -0.0017 -1.0000 -0.0065
vn -0.0004 -1.0000 0.0045
vn -0.0004 -1.0000 -0.0045
vn -0.0071 -1.0000 0.0032
vn -0.0041 -1.0000 0.0005
vn -0.0041 -1.0000 -0.0005
vn -0.0071 -1.0000 -0.0032
vn -0.0082 -0.9999 0.0058
vn -0.0058 -1.0000 0.0015
vn -0.0082 -0.9999 -0.0058
vn -0.0058 -1.0000 -0.0015
vn -0.0646 0.9857 0.1559
vn -0.0000 0.9857 0.1686
vn -0.0645 0.9857 0.1559
vn -0.1192 0.9857 0.1191
vn 0.0647 0.9856 0.1560
vn 0.0646 0.9856 0.1562
vn -0.1192 0.9857 0.1192
vn -0.1559 0.9857 0.0646
vn 0.1195 0.9856 0.1194
vn 0.1196 0.9856 0.1195
vn -0.1559 0.9857 0.0645
vn -0.1686 0.9857 -0.0000
vn 0.1555 0.9857 0.0644
vn 0.1552 0.9858 0.0643
vn -0.1559 0.9857 -0.0646
vn 0.1686 0.9857 -0.0000
vn 0.1685 0.9857 -0.0000
vn -0.1559 0.9857 -0.0645
vn -0.1192 0.9857 -0.1191
vn 0.1555 0.9857 -0.0644
vn 0.1552 0.9858 -0.0642
vn -0.1192 0.9857 -0.1193
vn -0.0646 0.9857 -0.1559
vn 0.1194 0.9856 -0.1194
vn 0.1196 0.9856 -0.1196
vn -0.0645 0.9857 -0.1559
vn -0.0000 0.9857 -0.1686
vn 0.0646 0.9856 -0.1560
vn 0.0646 0.9856 -0.1562
vn 0.0497 0.9986 -0.0206
vn 0.0381 0.9986 -0.0381
vn 0.0206 0.9986 -0.0496
vn -0.0000 0.9986 -0.0538
vn -0.0206 0.9986 -0.0497
vn -0.0381 0.9985 -0.0381
vn 0.0538 0.9986 -0.0000
vn -0.0497 0.9985 -0.0206
vn 0.0497 0.9986 0.0206
vn -0.0539 0.9985 -0.0000
vn 0.0381 0.9986 0.0381
vn -0.0497 0.9986 0.0206
vn 0.0205 0.9986 0.0496
vn -0.0381 0.9985 0.0381
vn -0.0000 0.9985 0.0539
vn -0.0206 0.9986 0.0496
vn -0.0878 0.9955 -0.0364
vn -0.0672 0.9955 -0.0672
vn -0.0363 0.9955 -0.0876
vn -0.0000 0.9955 -0.0950
vn 0.0363 0.9955 -0.0877
vn 0.0671 0.9955 -0.0670
vn -0.0950 0.9955 -0.0000
vn 0.0876 0.9955 -0.0363
vn -0.0878 0.9955 0.0364
vn 0.0950 0.9955 -0.0000
vn -0.0672 0.9955 0.0672
vn 0.0877 0.9955 0.0363
vn -0.0363 0.9955 0.0877
vn 0.0671 0.9955 0.0670
vn -0.0000 0.9955 0.0950
vn 0.0363 0.9955 0.0876
vn -0.0677 0.9954 0.0677
vn -0.0885 0.9954 0.0366
vn -0.0365 0.9954 0.0881
vn -0.0000 0.9954 0.0956
vn -0.0956 0.9954 -0.0001
vn 0.0365 0.9954 0.0880
vn 0.0674 0.9954 0.0674
vn -0.0885 0.9954 -0.0366
vn 0.0881 0.9954 0.0365
vn -0.0677 0.9954 -0.0676
vn 0.0956 0.9954 -0.0000
vn -0.0364 0.9954 -0.0881
vn 0.0881 0.9954 -0.0364
vn -0.0000 0.9954 -0.0956
vn 0.0674 0.9954 -0.0674
vn 0.0365 0.9954 -0.0881
vn -0.1183 0.9859 0.1181
vn -0.1541 0.9860 0.0637
vn -0.2718 0.9557 0.1125
vn -0.2085 0.9555 0.2086
vn -0.2953 0.9554 0.0002
vn -0.1676 0.9859 0.0001
vn -0.2717 0.9557 -0.1127
vn -0.1541 0.9860 -0.0638
vn -0.2083 0.9556 -0.2085
vn -0.1183 0.9859 -0.1182
vn -0.1133 0.9553 -0.2732
vn -0.0641 0.9858 0.1551
vn -0.1130 0.9553 0.2733
vn -0.0643 0.9858 -0.1550
vn 0.0002 0.9557 -0.2943
vn 0.0001 0.9860 -0.1667
vn 0.1129 0.9554 -0.2728
vn -0.0002 0.9860 0.1667
vn -0.0002 0.9557 0.2942
vn 0.0639 0.9859 -0.1548
vn 0.2080 0.9558 -0.2078
vn 0.0641 0.9859 0.1548
vn 0.1132 0.9554 0.2727
vn 0.1179 0.9860 0.1179
vn 0.2078 0.9558 0.2078
vn 0.1179 0.9860 -0.1178
vn 0.2717 0.9558 -0.1126
vn 0.1540 0.9860 0.0638
vn 0.2716 0.9558 0.1126
vn 0.1540 0.9860 -0.0637
vn 0.2941 0.9558 -0.0000
vn 0.1668 0.9860 -0.0000
vt 0.510548 0.809952
vt 0.510427 0.824714
vt 0.507761 0.809466
vt 0.507639 0.824449
vt 0.495687 0.807359
vt 0.510361 0.842125
vt 0.495556 0.823299
vt 0.493210 0.806927
vt 0.493078 0.823063
vt 0.507572 0.842120
vt 0.510361 0.859532
vt 0.495486 0.842098
vt 0.493006 0.842093
vt 0.507572 0.859788
vt 0.510427 0.874287
vt 0.495486 0.860894
vt 0.493006 0.861121
vt 0.507639 0.874763
vt 0.510548 0.884143
vt 0.507761 0.884766
vt 0.495556 0.876825
vt 0.493078 0.877248
vt 0.495687 0.887467
vt 0.493210 0.888021
vt 0.017530 0.818426
vt 0.017409 0.832387
vt 0.014741 0.817912
vt 0.014619 0.832083
vt 0.002658 0.815686
vt 0.017366 0.849481
vt 0.002527 0.830761
vt 0.000179 0.815229
vt 0.000046 0.830490
vt 0.014575 0.849432
vt 0.017409 0.867104
vt 0.002481 0.849218
vt 0.000000 0.849174
vt 0.014619 0.867318
vt 0.017530 0.882573
vt 0.014741 0.883018
vt 0.002527 0.868246
vt 0.000046 0.868436
vt 0.002658 0.884949
vt 0.000179 0.885345
vt 0.035162 0.818754
vt 0.034983 0.830867
vt 0.032371 0.818188
vt 0.032189 0.830481
vt 0.020276 0.815733
vt 0.034920 0.847023
vt 0.020082 0.828811
vt 0.017795 0.815229
vt 0.017599 0.828469
vt 0.032125 0.846879
vt 0.034983 0.864762
vt 0.020014 0.846256
vt 0.017530 0.846128
vt 0.032189 0.864884
vt 0.035162 0.881385
vt 0.032371 0.881755
vt 0.020082 0.865410
vt 0.017599 0.865518
vt 0.020276 0.883358
vt 0.017795 0.883687
vt 0.748037 0.547914
vt 0.748121 0.532447
vt 0.750827 0.548353
vt 0.750912 0.532655
vt 0.762915 0.550254
vt 0.748121 0.514825
vt 0.763006 0.533554
vt 0.765395 0.550644
vt 0.765486 0.533738
vt 0.750912 0.514769
vt 0.748037 0.497730
vt 0.750827 0.497419
vt 0.763006 0.514526
vt 0.765486 0.514477
vt 0.762915 0.496068
vt 0.765395 0.495791
vt 0.075807 0.807805
vt 0.058020 0.815229
vt 0.038768 0.815229
vt 0.020981 0.807805
vt 0.089420 0.794086
vt 0.007368 0.794086
vt 0.096787 0.776161
vt 0.000000 0.776161
vt 0.096787 0.756759
vt 0.000000 0.756759
vt 0.089420 0.738835
vt 0.075807 0.725116
vt 0.007367 0.738835
vt 0.058020 0.717691
vt 0.020981 0.725116
vt 0.038768 0.717691
vt 0.743031 0.812693
vt 0.729750 0.818237
vt 0.715375 0.818237
vt 0.702093 0.812693
vt 0.753196 0.802449
vt 0.691928 0.802449
vt 0.758698 0.789065
vt 0.686427 0.789065
vt 0.758698 0.774578
vt 0.753196 0.761194
vt 0.686427 0.774578
vt 0.691928 0.761194
vt 0.743031 0.750950
vt 0.702093 0.750950
vt 0.729750 0.745406
vt 0.715375 0.745406
vt 0.062070 0.815229
vt 0.074682 0.815253
vt 0.062169 0.823273
vt 0.074780 0.823297
vt 0.062222 0.835316
vt 0.074834 0.835340
vt 0.062222 0.849523
vt 0.074834 0.849547
vt 0.062169 0.863733
vt 0.074780 0.863757
vt 0.062070 0.875781
vt 0.074682 0.875806
vt 0.869560 0.546908
vt 0.856951 0.546961
vt 0.869414 0.533342
vt 0.856804 0.533395
vt 0.869363 0.518863
vt 0.856753 0.518916
vt 0.869414 0.505677
vt 0.856804 0.505731
vt 0.869560 0.495791
vt 0.856951 0.495845
vt 0.844043 0.507199
vt 0.844142 0.495803
vt 0.856753 0.495791
vt 0.856654 0.507186
vt 0.844008 0.521150
vt 0.856619 0.521137
vt 0.844043 0.535533
vt 0.856654 0.535521
vt 0.844142 0.548158
vt 0.856753 0.548146
vt 0.599009 0.858160
vt 0.599077 0.845536
vt 0.611688 0.845518
vt 0.611620 0.858141
vt 0.599009 0.872543
vt 0.611620 0.872524
vt 0.599077 0.886495
vt 0.611688 0.886476
vt 0.322689 0.485501
vt 0.368519 0.485501
vt 0.410860 0.503175
vt 0.443267 0.535833
vt 0.280348 0.503175
vt 0.460805 0.578503
vt 0.247941 0.535833
vt 0.460805 0.624689
vt 0.230403 0.578503
vt 0.443267 0.667358
vt 0.230403 0.624689
vt 0.247941 0.667358
vt 0.410860 0.700016
vt 0.368519 0.717691
vt 0.280348 0.700016
vt 0.322689 0.717691
vt 0.445788 0.843270
vt 0.446103 0.806942
vt 0.447730 0.806940
vt 0.447415 0.843268
vt 0.459218 0.806929
vt 0.445677 0.887746
vt 0.458903 0.843257
vt 0.461455 0.806927
vt 0.461140 0.843255
vt 0.447305 0.887745
vt 0.445788 0.933600
vt 0.458792 0.887734
vt 0.461030 0.887732
vt 0.447415 0.933599
vt 0.446103 0.973852
vt 0.447730 0.973850
vt 0.458903 0.933588
vt 0.461140 0.933586
vt 0.459218 0.973839
vt 0.461455 0.973837
vt 0.477436 0.847194
vt 0.477654 0.806950
vt 0.479281 0.806948
vt 0.479063 0.847192
vt 0.490769 0.806930
vt 0.477436 0.893047
vt 0.490551 0.847175
vt 0.493006 0.806927
vt 0.492788 0.847171
vt 0.479063 0.893045
vt 0.477654 0.937527
vt 0.479281 0.937525
vt 0.490551 0.893027
vt 0.492788 0.893024
vt 0.490769 0.937508
vt 0.493006 0.937504
vt 0.430010 0.845339
vt 0.430325 0.806927
vt 0.431952 0.806930
vt 0.431637 0.845342
vt 0.443440 0.806952
vt 0.429839 0.890640
vt 0.443125 0.845364
vt 0.445677 0.806956
vt 0.445363 0.845368
vt 0.431467 0.890643
vt 0.429839 0.935935
vt 0.442955 0.890665
vt 0.445192 0.890670
vt 0.431467 0.935938
vt 0.430010 0.974326
vt 0.442955 0.935960
vt 0.445192 0.935964
vt 0.431637 0.974330
vt 0.430325 0.999971
vt 0.431952 0.999974
vt 0.443125 0.974352
vt 0.445363 0.974356
vt 0.443440 0.999996
vt 0.445677 1.000000
vt 0.461619 0.838508
vt 0.462085 0.806992
vt 0.463712 0.806985
vt 0.463246 0.838502
vt 0.475199 0.806936
vt 0.461455 0.880546
vt 0.474733 0.838453
vt 0.477436 0.806927
vt 0.476970 0.838444
vt 0.463082 0.880539
vt 0.461619 0.926704
vt 0.474569 0.880490
vt 0.476806 0.880481
vt 0.463246 0.926697
vt 0.462085 0.969955
vt 0.463712 0.969948
vt 0.474733 0.926648
vt 0.476970 0.926639
vt 0.475199 0.969900
vt 0.477436 0.969890
vt 0.908021 0.975204
vt 0.899080 0.975189
vt 0.899019 0.948651
vt 0.907960 0.948667
vt 0.911110 0.550864
vt 0.902169 0.550848
vt 0.911066 0.951769
vt 0.911110 0.971142
vt 0.975806 0.855504
vt 0.975624 0.827948
vt 0.984746 0.855470
vt 0.984564 0.827914
vt 0.987693 0.831370
vt 0.987826 0.851487
vt 0.987826 0.465803
vt 0.978885 0.465836
vt 0.963573 0.465739
vt 0.963525 0.446003
vt 0.972514 0.465803
vt 0.972466 0.446067
vt 0.975569 0.447649
vt 0.975604 0.462057
vt 0.975604 0.000064
vt 0.966664 0.000000
vt 0.972535 0.914596
vt 0.963594 0.914565
vt 0.963525 0.889657
vt 0.972466 0.889689
vt 0.975624 0.465834
vt 0.966683 0.465803
vt 0.975573 0.892356
vt 0.975624 0.910540
vt 0.945038 0.961268
vt 0.944860 0.941533
vt 0.946372 0.961269
vt 0.946194 0.941533
vt 0.951517 0.961271
vt 0.951339 0.941536
vt 0.953676 0.961272
vt 0.953499 0.941537
vt 0.953676 0.554622
vt 0.951517 0.554621
vt 0.946372 0.554618
vt 0.945038 0.554618
vt 0.941738 0.945301
vt 0.941919 0.550848
vt 0.991363 0.811433
vt 0.990968 0.783880
vt 0.992697 0.811418
vt 0.992301 0.783865
vt 0.997841 0.811358
vt 0.997445 0.783805
vt 1.000000 0.811333
vt 0.999605 0.783780
vt 1.000000 0.469637
vt 0.997841 0.469662
vt 0.992697 0.469722
vt 0.991363 0.469738
vt 0.987826 0.786065
vt 0.988229 0.465803
vt 0.095980 0.903982
vt 0.089932 0.904040
vt 0.095980 0.892911
vt 0.089947 0.894509
vt 0.095980 0.861284
vt 0.089988 0.867281
vt 0.095980 0.856636
vt 0.089994 0.863280
vt 0.333640 0.894684
vt 0.327525 0.894622
vt 0.334064 0.886283
vt 0.327949 0.886229
vt 0.334125 0.885055
vt 0.328011 0.885002
vt 0.334125 0.882206
vt 0.327997 0.882266
vt 0.334125 0.724379
vt 0.327231 0.730744
vt 0.334125 0.720371
vt 0.327212 0.726897
vt 0.329520 0.720108
vt 0.323247 0.726670
vt 0.298185 0.718318
vt 0.296270 0.725130
vt 0.287215 0.717691
vt 0.286826 0.724591
vt 0.592852 0.845518
vt 0.599009 0.848562
vt 0.591712 0.847859
vt 0.598058 0.850515
vt 0.583911 0.863879
vt 0.591550 0.863879
vt 0.591649 0.879772
vt 0.598006 0.877136
vt 0.592852 0.882241
vt 0.599009 0.879196
vt 0.960467 0.718535
vt 0.953676 0.713933
vt 0.960467 0.714455
vt 0.953693 0.709967
vt 0.960467 0.553750
vt 0.954344 0.553774
vt 0.960467 0.550848
vt 0.954355 0.550954
vt 0.503104 0.497041
vt 0.496994 0.496833
vt 0.503104 0.495607
vt 0.496994 0.495401
vt 0.503104 0.486374
vt 0.496994 0.486182
vt 0.190889 0.902905
vt 0.184774 0.902869
vt 0.191246 0.895290
vt 0.185131 0.895258
vt 0.191302 0.894083
vt 0.185187 0.894053
vt 0.191302 0.888059
vt 0.185160 0.888255
vt 0.191302 0.722616
vt 0.184421 0.729018
vt 0.191302 0.720318
vt 0.184411 0.726805
vt 0.187946 0.720130
vt 0.181522 0.726642
vt 0.155143 0.718293
vt 0.153282 0.725048
vt 0.144389 0.717691
vt 0.144024 0.724526
vt 0.878501 0.495791
vt 0.884659 0.498836
vt 0.877279 0.498303
vt 0.883638 0.500931
vt 0.869560 0.514153
vt 0.877200 0.514153
vt 0.877309 0.530066
vt 0.883664 0.527427
vt 0.878501 0.532514
vt 0.884659 0.529469
vt 0.521433 0.494670
vt 0.515324 0.494605
vt 0.521433 0.493544
vt 0.515324 0.493482
vt 0.521433 0.486227
vt 0.515323 0.486182
vt 0.191627 0.900025
vt 0.191302 0.893827
vt 0.202276 0.899408
vt 0.200470 0.893283
vt 0.235082 0.897508
vt 0.228711 0.891606
vt 0.238537 0.897308
vt 0.231685 0.891430
vt 0.238537 0.891802
vt 0.231707 0.886106
vt 0.238537 0.722374
vt 0.232403 0.722252
vt 0.238537 0.717691
vt 0.232422 0.717723
vt 0.554946 0.715323
vt 0.548832 0.715239
vt 0.555362 0.707066
vt 0.549248 0.706991
vt 0.555461 0.705106
vt 0.549346 0.705033
vt 0.555461 0.701154
vt 0.549325 0.701250
vt 0.555461 0.558146
vt 0.548563 0.564360
vt 0.555461 0.553500
vt 0.548538 0.559912
vt 0.552006 0.553304
vt 0.545564 0.559746
vt 0.519201 0.551450
vt 0.517321 0.558165
vt 0.508553 0.550848
vt 0.508154 0.557652
vt 0.712133 0.859639
vt 0.718290 0.862684
vt 0.710418 0.863162
vt 0.716860 0.865622
vt 0.703192 0.878001
vt 0.710832 0.878001
vt 0.710681 0.893380
vt 0.717079 0.890830
vt 0.712133 0.896362
vt 0.718290 0.893318
vt 0.515323 0.496366
vt 0.509214 0.496220
vt 0.515323 0.494733
vt 0.509214 0.494590
vt 0.515323 0.486309
vt 0.509214 0.486182
vt 0.601651 0.503342
vt 0.607130 0.503291
vt 0.601651 0.513639
vt 0.607113 0.512155
vt 0.601651 0.547567
vt 0.608292 0.503310
vt 0.607056 0.541365
vt 0.601651 0.550692
vt 0.607050 0.544056
vt 0.608282 0.512190
vt 0.617313 0.503459
vt 0.608250 0.541453
vt 0.608247 0.544148
vt 0.617362 0.512463
vt 0.631737 0.503461
vt 0.617525 0.542132
vt 0.617540 0.544865
vt 0.631769 0.512347
vt 0.634242 0.503462
vt 0.634270 0.512326
vt 0.631873 0.541625
vt 0.631883 0.544322
vt 0.634365 0.541537
vt 0.634373 0.544228
vt 0.143602 0.906569
vt 0.137487 0.906532
vt 0.143855 0.901015
vt 0.137740 0.900978
vt 0.143899 0.900051
vt 0.137784 0.900014
vt 0.144024 0.896855
vt 0.137905 0.896853
vt 0.144021 0.724557
vt 0.137182 0.730292
vt 0.144024 0.720442
vt 0.137168 0.726313
vt 0.140928 0.720260
vt 0.134503 0.726152
vt 0.107317 0.718289
vt 0.105568 0.724414
vt 0.097116 0.717691
vt 0.096787 0.723886
vt 0.745768 0.859648
vt 0.751925 0.862693
vt 0.744445 0.862365
vt 0.750821 0.864959
vt 0.736827 0.878010
vt 0.744467 0.878010
vt 0.744748 0.894276
vt 0.751074 0.891579
vt 0.745768 0.896371
vt 0.751925 0.893327
vt 0.517244 0.947248
vt 0.510548 0.944455
vt 0.517241 0.944034
vt 0.510558 0.941311
vt 0.517244 0.809488
vt 0.511140 0.809762
vt 0.517112 0.806927
vt 0.511011 0.807220
vt 0.509214 0.496826
vt 0.503104 0.496648
vt 0.509214 0.495629
vt 0.503104 0.495454
vt 0.509214 0.486342
vt 0.503104 0.486182
vt 0.555987 0.710870
vt 0.555461 0.703979
vt 0.568063 0.709935
vt 0.565857 0.703175
vt 0.597783 0.707635
vt 0.591444 0.701195
vt 0.602835 0.707244
vt 0.595793 0.700859
vt 0.602835 0.701695
vt 0.595714 0.695570
vt 0.602835 0.570125
vt 0.593855 0.570151
vt 0.602835 0.565086
vt 0.593784 0.565348
vt 0.602744 0.563801
vt 0.593693 0.564064
vt 0.601833 0.550848
vt 0.592782 0.551123
vt 0.496994 0.500082
vt 0.487945 0.500247
vt 0.496994 0.488299
vt 0.487945 0.488488
vt 0.487945 0.486375
vt 0.728826 0.859648
vt 0.734983 0.862693
vt 0.727464 0.862445
vt 0.733847 0.865026
vt 0.719885 0.878010
vt 0.727525 0.878010
vt 0.728019 0.894714
vt 0.734310 0.891944
vt 0.728826 0.896371
vt 0.734983 0.893327
vt 0.429839 0.882378
vt 0.420792 0.882131
vt 0.429795 0.877171
vt 0.420826 0.877094
vt 0.428639 0.741222
vt 0.421717 0.745571
vt 0.428590 0.735488
vt 0.421755 0.740024
vt 0.423538 0.735103
vt 0.417406 0.739682
vt 0.428780 0.733323
vt 0.393816 0.732832
vt 0.391822 0.737668
vt 0.423729 0.732937
vt 0.429839 0.721270
vt 0.424788 0.720884
vt 0.394006 0.730667
vt 0.395065 0.718614
vt 0.381739 0.731909
vt 0.381426 0.736850
vt 0.381929 0.729744
vt 0.382988 0.717691
vt 0.461298 0.717691
vt 0.460805 0.710865
vt 0.471840 0.716900
vt 0.469881 0.710179
vt 0.503236 0.714543
vt 0.496909 0.708138
vt 0.508154 0.714174
vt 0.501143 0.707818
vt 0.508154 0.710031
vt 0.501086 0.703857
vt 0.508154 0.567333
vt 0.499148 0.567399
vt 0.508154 0.563895
vt 0.499101 0.564112
vt 0.508055 0.562397
vt 0.499003 0.562614
vt 0.507298 0.550848
vt 0.498246 0.551074
vt 0.469851 0.501177
vt 0.460805 0.501502
vt 0.469851 0.488244
vt 0.460805 0.488586
vt 0.469851 0.485501
vt 0.460805 0.485847
vt 0.695368 0.859643
vt 0.701525 0.862688
vt 0.693803 0.862857
vt 0.700220 0.865369
vt 0.686427 0.878005
vt 0.694067 0.878005
vt 0.694341 0.894257
vt 0.700669 0.891562
vt 0.695368 0.896366
vt 0.701525 0.893322
vt 0.613628 0.844698
vt 0.604590 0.844268
vt 0.613628 0.841567
vt 0.604641 0.841230
vt 0.613628 0.711585
vt 0.606738 0.715119
vt 0.613628 0.707812
vt 0.606799 0.711458
vt 0.758416 0.865610
vt 0.751967 0.859003
vt 0.758416 0.860641
vt 0.751963 0.854725
vt 0.758416 0.828913
vt 0.751935 0.827410
vt 0.758416 0.818259
vt 0.751925 0.818237
vt 0.556087 0.845518
vt 0.555461 0.839008
vt 0.568315 0.844364
vt 0.565989 0.838027
vt 0.599820 0.841393
vt 0.593116 0.835497
vt 0.602869 0.841105
vt 0.595741 0.835252
vt 0.602869 0.838972
vt 0.595705 0.833237
vt 0.602869 0.730074
vt 0.593890 0.730369
vt 0.602869 0.726481
vt 0.593830 0.726975
vt 0.602615 0.723706
vt 0.593576 0.724204
vt 0.601438 0.710870
vt 0.592401 0.711384
vt 0.478898 0.501024
vt 0.469851 0.501260
vt 0.478898 0.487555
vt 0.469851 0.487814
vt 0.478898 0.485501
vt 0.469851 0.485763
vt 0.053114 0.862747
vt 0.059271 0.865792
vt 0.051931 0.865177
vt 0.058285 0.867819
vt 0.044173 0.881109
vt 0.051813 0.881109
vt 0.051525 0.896207
vt 0.057946 0.893704
vt 0.053114 0.899471
vt 0.059271 0.896426
vt 0.650042 0.707812
vt 0.640995 0.707547
vt 0.650042 0.703010
vt 0.641062 0.702916
vt 0.650042 0.557483
vt 0.643106 0.562553
vt 0.650042 0.554632
vt 0.643146 0.559803
vt 0.646990 0.554386
vt 0.640519 0.559586
vt 0.615452 0.551837
vt 0.613371 0.557341
vt 0.603211 0.550848
vt 0.602835 0.556469
vt 0.334571 0.887715
vt 0.334125 0.881115
vt 0.343948 0.887021
vt 0.342198 0.880510
vt 0.379038 0.884425
vt 0.372404 0.878247
vt 0.381426 0.884249
vt 0.374461 0.878093
vt 0.381426 0.882214
vt 0.374433 0.876141
vt 0.381426 0.731284
vt 0.372402 0.731394
vt 0.381426 0.729229
vt 0.372374 0.729423
vt 0.381364 0.728119
vt 0.372311 0.728313
vt 0.380777 0.717691
vt 0.371724 0.717889
vt 0.487945 0.501072
vt 0.478898 0.501260
vt 0.487945 0.487829
vt 0.478898 0.488041
vt 0.487945 0.486182
vt 0.478898 0.486398
vt 0.083775 0.856636
vt 0.089932 0.859681
vt 0.082786 0.858666
vt 0.089107 0.861375
vt 0.074834 0.874998
vt 0.082474 0.874998
vt 0.082914 0.891592
vt 0.089214 0.888840
vt 0.083775 0.893359
vt 0.089932 0.890314
vt 0.044173 0.921950
vt 0.035162 0.921173
vt 0.044173 0.920535
vt 0.035192 0.919789
vt 0.044173 0.816630
vt 0.037437 0.818159
vt 0.044173 0.815229
vt 0.037468 0.816789
vt 0.601651 0.550702
vt 0.596959 0.544056
vt 0.601651 0.548288
vt 0.596954 0.541978
vt 0.601651 0.512829
vt 0.595590 0.544143
vt 0.596883 0.511450
vt 0.601651 0.503352
vt 0.596865 0.503291
vt 0.595587 0.542061
vt 0.584582 0.544843
vt 0.595537 0.511480
vt 0.595523 0.503307
vt 0.584590 0.542733
vt 0.569454 0.544239
vt 0.584707 0.511725
vt 0.584738 0.503438
vt 0.569461 0.542157
vt 0.567843 0.544174
vt 0.567850 0.542096
vt 0.569560 0.511582
vt 0.569587 0.503411
vt 0.567948 0.511567
vt 0.567974 0.503408
vt 0.555461 0.845810
vt 0.557885 0.845763
vt 0.555525 0.855064
vt 0.557940 0.855040
vt 0.570388 0.845518
vt 0.555725 0.883572
vt 0.570388 0.854917
vt 0.558107 0.883621
vt 0.555746 0.886573
vt 0.570388 0.883874
vt 0.558124 0.886630
vt 0.570388 0.886923
vt 0.868410 0.558534
vt 0.870850 0.557285
vt 0.868836 0.563835
vt 0.871244 0.562656
vt 0.881950 0.726987
vt 0.883431 0.550848
vt 0.883376 0.727932
vt 0.882312 0.731496
vt 0.883712 0.732500
vt 0.883661 0.556575
vt 0.896029 0.556051
vt 0.890732 0.732807
vt 0.890927 0.737678
vt 0.896073 0.561448
vt 0.899019 0.557286
vt 0.899019 0.562605
vt 0.897430 0.727541
vt 0.897467 0.732132
vt 0.899019 0.726291
vt 0.899019 0.730815
vt 0.664892 0.503463
vt 0.666875 0.503496
vt 0.666875 0.514245
vt 0.664892 0.514212
vt 0.666875 0.547359
vt 0.654667 0.503294
vt 0.664892 0.547326
vt 0.666875 0.550846
vt 0.664892 0.550813
vt 0.654667 0.514043
vt 0.638267 0.503291
vt 0.654667 0.547158
vt 0.654667 0.550644
vt 0.638267 0.514041
vt 0.634373 0.503291
vt 0.634373 0.514040
vt 0.638267 0.547155
vt 0.638267 0.550642
vt 0.634373 0.547154
vt 0.634373 0.550641
vt 0.683392 0.557535
vt 0.686427 0.558831
vt 0.686427 0.564336
vt 0.683445 0.563114
vt 0.686427 0.733747
vt 0.667741 0.550848
vt 0.685081 0.734818
vt 0.686427 0.738429
vt 0.685126 0.739563
vt 0.668068 0.556812
vt 0.653437 0.558938
vt 0.678139 0.740340
vt 0.678418 0.745413
vt 0.653987 0.564504
vt 0.650042 0.560859
vt 0.650645 0.566330
vt 0.670899 0.735788
vt 0.671367 0.740522
vt 0.669181 0.734708
vt 0.669693 0.739361
vt 0.703192 0.859643
vt 0.689643 0.859615
vt 0.703192 0.850244
vt 0.689647 0.850333
vt 0.686427 0.859608
vt 0.703192 0.821286
vt 0.686432 0.850354
vt 0.689661 0.821737
vt 0.703192 0.818237
vt 0.686449 0.821844
vt 0.689662 0.818726
vt 0.686450 0.818842
vt 0.697743 0.503299
vt 0.699205 0.503310
vt 0.697683 0.513806
vt 0.699146 0.513832
vt 0.697535 0.539665
vt 0.713945 0.503430
vt 0.699000 0.539728
vt 0.697509 0.544060
vt 0.698976 0.544129
vt 0.713896 0.514102
vt 0.725641 0.503312
vt 0.713775 0.540365
vt 0.713755 0.544829
vt 0.725634 0.513844
vt 0.727743 0.503291
vt 0.727743 0.513798
vt 0.725616 0.539765
vt 0.725613 0.544171
vt 0.727743 0.539657
vt 0.727743 0.544052
vt 0.759196 0.752770
vt 0.760566 0.752105
vt 0.759426 0.758627
vt 0.760786 0.758021
vt 0.764861 0.897507
vt 0.774371 0.745399
vt 0.766003 0.898303
vt 0.765069 0.902826
vt 0.766203 0.903676
vt 0.774499 0.751911
vt 0.787471 0.751130
vt 0.777520 0.906330
vt 0.777636 0.912243
vt 0.787490 0.757091
vt 0.789824 0.752160
vt 0.789824 0.758022
vt 0.787949 0.898430
vt 0.787967 0.903843
vt 0.789823 0.897010
vt 0.789823 0.902333
vt 0.842275 0.495797
vt 0.844009 0.495791
vt 0.844009 0.507997
vt 0.842275 0.508003
vt 0.824805 0.495854
vt 0.844009 0.538037
vt 0.824805 0.508061
vt 0.842275 0.538043
vt 0.844009 0.543143
vt 0.824805 0.538100
vt 0.842275 0.543149
vt 0.824805 0.543206
vt 0.797194 0.716511
vt 0.795581 0.715637
vt 0.796034 0.709563
vt 0.797629 0.710372
vt 0.806785 0.565553
vt 0.813452 0.725330
vt 0.807953 0.564784
vt 0.807197 0.560037
vt 0.808348 0.559208
vt 0.813706 0.718520
vt 0.829171 0.718283
vt 0.819726 0.557033
vt 0.819956 0.550848
vt 0.829210 0.712082
vt 0.831996 0.717016
vt 0.831996 0.710926
vt 0.830127 0.565065
vt 0.830162 0.559434
vt 0.831996 0.566508
vt 0.831996 0.560977
vt 0.074834 0.815326
vt 0.077842 0.815309
vt 0.074858 0.825982
vt 0.077862 0.825994
vt 0.091762 0.815229
vt 0.074920 0.853436
vt 0.091762 0.826052
vt 0.077913 0.853525
vt 0.074926 0.856093
vt 0.091762 0.853938
vt 0.077918 0.856189
vt 0.091762 0.856636
vt 0.911110 0.558227
vt 0.913806 0.556916
vt 0.911219 0.561015
vt 0.913907 0.559759
vt 0.916799 0.703344
vt 0.926283 0.550848
vt 0.919048 0.704924
vt 0.916983 0.708040
vt 0.919217 0.709713
vt 0.926344 0.553949
vt 0.939693 0.556709
vt 0.929452 0.712230
vt 0.929554 0.717452
vt 0.939701 0.559540
vt 0.941738 0.557603
vt 0.941738 0.560392
vt 0.940112 0.704079
vt 0.940125 0.708848
vt 0.941737 0.702836
vt 0.941737 0.707536
vt 0.564272 0.503320
vt 0.567843 0.503326
vt 0.567843 0.515702
vt 0.564272 0.515696
vt 0.567843 0.547590
vt 0.547746 0.503291
vt 0.564272 0.547584
vt 0.567843 0.550676
vt 0.564272 0.550670
vt 0.547746 0.515667
vt 0.535133 0.503444
vt 0.547746 0.547555
vt 0.547746 0.550641
vt 0.535133 0.515820
vt 0.533209 0.503467
vt 0.533209 0.515843
vt 0.535133 0.547708
vt 0.535133 0.550794
vt 0.533209 0.547731
vt 0.533209 0.550817
vt 0.616804 0.874074
vt 0.613628 0.872350
vt 0.613845 0.869459
vt 0.617003 0.871121
vt 0.624880 0.721864
vt 0.631495 0.882052
vt 0.627177 0.720338
vt 0.625244 0.716995
vt 0.627512 0.715362
vt 0.631616 0.878810
vt 0.647588 0.874847
vt 0.637804 0.713274
vt 0.638008 0.707812
vt 0.647604 0.871902
vt 0.650042 0.873748
vt 0.650042 0.870848
vt 0.648423 0.721566
vt 0.648450 0.716605
vt 0.650042 0.722830
vt 0.650042 0.717947
vt 0.735907 0.859648
vt 0.722005 0.859482
vt 0.735907 0.848824
vt 0.722056 0.848804
vt 0.719885 0.859456
vt 0.735907 0.820936
vt 0.719944 0.848800
vt 0.722188 0.821292
vt 0.735907 0.818237
vt 0.720095 0.821346
vt 0.722200 0.818629
vt 0.720110 0.818689
vt 0.697391 0.544771
vt 0.695364 0.544761
vt 0.697418 0.535426
vt 0.695387 0.535397
vt 0.697501 0.506921
vt 0.682189 0.544699
vt 0.695459 0.506832
vt 0.697509 0.504004
vt 0.695467 0.503909
vt 0.682189 0.535207
vt 0.669072 0.544761
vt 0.682189 0.506253
vt 0.682189 0.503291
vt 0.669048 0.535396
vt 0.666993 0.544771
vt 0.666966 0.535426
vt 0.668977 0.506829
vt 0.668970 0.503906
vt 0.666884 0.506921
vt 0.666875 0.504004
vt 0.826190 0.905711
vt 0.824112 0.906569
vt 0.826190 0.903416
vt 0.824125 0.904250
vt 0.826190 0.738209
vt 0.810601 0.912148
vt 0.825077 0.737355
vt 0.826190 0.732194
vt 0.825111 0.731279
vt 0.810700 0.909677
vt 0.797635 0.905513
vt 0.817839 0.731807
vt 0.818099 0.725330
vt 0.797808 0.903200
vt 0.795581 0.904461
vt 0.795765 0.902174
vt 0.810210 0.736728
vt 0.810661 0.730666
vt 0.809001 0.737507
vt 0.809483 0.731512
vt 0.756705 0.557766
vt 0.759196 0.558830
vt 0.759196 0.561206
vt 0.756724 0.560168
vt 0.759196 0.732195
vt 0.740510 0.550848
vt 0.758079 0.733058
vt 0.759196 0.738421
vt 0.758129 0.739353
vt 0.740651 0.553422
vt 0.725232 0.559490
vt 0.750817 0.738661
vt 0.751187 0.745406
vt 0.725476 0.561880
vt 0.722812 0.560860
vt 0.723072 0.563221
vt 0.743017 0.733918
vt 0.743656 0.740182
vt 0.741781 0.733167
vt 0.742463 0.739355
vt 0.788322 0.495800
vt 0.805597 0.495852
vt 0.805597 0.506705
vt 0.788322 0.506653
vt 0.785584 0.495791
vt 0.805597 0.539811
vt 0.785584 0.506645
vt 0.788322 0.539759
vt 0.805597 0.543198
vt 0.785584 0.539750
vt 0.788322 0.543146
vt 0.785584 0.543138
vt 0.286826 0.889845
vt 0.283471 0.890064
vt 0.285784 0.875722
vt 0.282429 0.875942
vt 0.250687 0.892213
vt 0.285623 0.873550
vt 0.249645 0.878090
vt 0.239939 0.892917
vt 0.238897 0.878795
vt 0.282269 0.873769
vt 0.249485 0.875918
vt 0.238737 0.876622
vt 0.238537 0.872469
vt 0.247788 0.871838
vt 0.276008 0.869915
vt 0.278896 0.869718
vt 0.285639 0.871488
vt 0.278920 0.867709
vt 0.286784 0.723094
vt 0.280653 0.723079
vt 0.286826 0.717691
vt 0.280716 0.717813
vt 0.735907 0.818430
vt 0.737747 0.818407
vt 0.735958 0.827602
vt 0.737792 0.827597
vt 0.736109 0.854918
vt 0.751925 0.827555
vt 0.737926 0.854963
vt 0.736133 0.859197
vt 0.751925 0.855302
vt 0.737947 0.859249
vt 0.751925 0.859648
vt 0.680670 0.905321
vt 0.678895 0.906097
vt 0.680670 0.901186
vt 0.678906 0.901910
vt 0.680670 0.758755
vt 0.665217 0.912083
vt 0.679262 0.757660
vt 0.680670 0.755324
vt 0.679271 0.754185
vt 0.665307 0.907488
vt 0.652698 0.906000
vt 0.668408 0.749225
vt 0.668483 0.745413
vt 0.652847 0.901788
vt 0.650042 0.904710
vt 0.650204 0.900578
vt 0.657991 0.756678
vt 0.658115 0.753182
vt 0.655782 0.758258
vt 0.655916 0.754830
vt 0.530978 0.503384
vt 0.533209 0.503397
vt 0.533209 0.514049
vt 0.530978 0.514037
vt 0.533209 0.545774
vt 0.513786 0.503291
vt 0.530978 0.545762
vt 0.533209 0.550743
vt 0.530978 0.550731
vt 0.513786 0.513944
vt 0.500140 0.503465
vt 0.513786 0.545668
vt 0.513786 0.550637
vt 0.500140 0.514118
vt 0.497245 0.503502
vt 0.497245 0.514155
vt 0.500140 0.545843
vt 0.500140 0.550811
vt 0.497245 0.545879
vt 0.497245 0.550848
vt 0.866280 0.558207
vt 0.868410 0.559162
vt 0.868410 0.563458
vt 0.866301 0.562562
vt 0.868410 0.711463
vt 0.849867 0.550848
vt 0.867010 0.712578
vt 0.868410 0.715029
vt 0.867027 0.716192
vt 0.850046 0.555653
vt 0.835123 0.558846
vt 0.856223 0.721171
vt 0.856371 0.725158
vt 0.835419 0.563222
vt 0.831996 0.560543
vt 0.832316 0.564827
vt 0.845599 0.713947
vt 0.845844 0.717578
vt 0.843346 0.712414
vt 0.843611 0.715970
vt 0.896470 0.537204
vt 0.886726 0.536965
vt 0.896470 0.527886
vt 0.886796 0.527768
vt 0.884659 0.536915
vt 0.896470 0.500138
vt 0.884744 0.527743
vt 0.887005 0.500377
vt 0.896470 0.495791
vt 0.884997 0.500427
vt 0.887038 0.496087
vt 0.885037 0.496149
vt 0.795581 0.557832
vt 0.795462 0.561028
vt 0.794396 0.556799
vt 0.794268 0.560007
vt 0.787572 0.550848
vt 0.795581 0.733302
vt 0.787392 0.554130
vt 0.779843 0.556209
vt 0.792853 0.734432
vt 0.795581 0.737416
vt 0.792816 0.738597
vt 0.777139 0.740941
vt 0.776895 0.745399
vt 0.779617 0.559409
vt 0.778847 0.556900
vt 0.778615 0.560089
vt 0.761643 0.732399
vt 0.761216 0.736530
vt 0.759646 0.731299
vt 0.759196 0.735388
vt 0.882145 0.747019
vt 0.882312 0.743860
vt 0.883587 0.742945
vt 0.883425 0.746116
vt 0.868729 0.912835
vt 0.890797 0.740917
vt 0.898096 0.743758
vt 0.870929 0.913926
vt 0.868410 0.916798
vt 0.870633 0.917935
vt 0.883603 0.920205
vt 0.883431 0.924484
vt 0.898004 0.746929
vt 0.899019 0.744541
vt 0.898932 0.747703
vt 0.897260 0.914770
vt 0.897241 0.918780
vt 0.899019 0.914070
vt 0.899019 0.918045
vt 0.765486 0.543177
vt 0.765486 0.540052
vt 0.768460 0.543172
vt 0.768460 0.540047
vt 0.785584 0.543141
vt 0.765486 0.506123
vt 0.785584 0.540016
vt 0.768460 0.506118
vt 0.765486 0.495827
vt 0.785584 0.506088
vt 0.768460 0.495821
vt 0.062070 0.818354
vt 0.046216 0.815382
vt 0.046216 0.818506
vt 0.044173 0.815401
vt 0.062070 0.852280
vt 0.044173 0.818526
vt 0.046216 0.852432
vt 0.062070 0.862576
vt 0.044173 0.852452
vt 0.046216 0.862728
vt 0.044173 0.862747
vt 0.703336 0.822707
vt 0.703351 0.818706
vt 0.705459 0.818646
vt 0.705446 0.822656
vt 0.719885 0.818237
vt 0.703229 0.849937
vt 0.719885 0.822302
vt 0.705353 0.849939
vt 0.703192 0.859469
vt 0.719885 0.849958
vt 0.705321 0.859490
vt 0.719885 0.859639
vt 0.583911 0.882863
vt 0.583911 0.886929
vt 0.572497 0.886608
vt 0.572468 0.882598
vt 0.570724 0.886559
vt 0.583911 0.855201
vt 0.570691 0.882556
vt 0.572274 0.855309
vt 0.583911 0.845518
vt 0.570466 0.855326
vt 0.572206 0.845756
vt 0.570388 0.845793
vt 0.497245 0.503411
vt 0.497245 0.508060
vt 0.494923 0.503422
vt 0.494923 0.508070
vt 0.479029 0.503497
vt 0.497245 0.539690
vt 0.479029 0.508145
vt 0.463255 0.503422
vt 0.494923 0.539701
vt 0.497245 0.550762
vt 0.494923 0.550773
vt 0.479029 0.539776
vt 0.479029 0.550848
vt 0.463255 0.508071
vt 0.460805 0.503411
vt 0.460805 0.508060
vt 0.463255 0.539701
vt 0.463255 0.550774
vt 0.460805 0.539690
vt 0.460805 0.550762
vt 0.831996 0.732845
vt 0.834015 0.731812
vt 0.832334 0.737054
vt 0.834333 0.736066
vt 0.845657 0.902803
vt 0.847015 0.725158
vt 0.846830 0.903602
vt 0.845898 0.905795
vt 0.847056 0.906626
vt 0.847198 0.729704
vt 0.860617 0.730775
vt 0.854384 0.908744
vt 0.854513 0.911977
vt 0.860640 0.735039
vt 0.862605 0.731596
vt 0.862605 0.735818
vt 0.861556 0.902957
vt 0.861573 0.905988
vt 0.862605 0.902111
vt 0.862605 0.905113
vt 0.688807 0.736741
vt 0.686427 0.735395
vt 0.686905 0.731051
vt 0.689255 0.732345
vt 0.705738 0.559988
vt 0.704125 0.745406
vt 0.706932 0.559212
vt 0.706078 0.556899
vt 0.707251 0.556086
vt 0.704385 0.740672
vt 0.720429 0.738442
vt 0.714618 0.554215
vt 0.714803 0.550848
vt 0.720462 0.734025
vt 0.722812 0.737424
vt 0.722812 0.733054
vt 0.721767 0.560083
vt 0.721790 0.556942
vt 0.722812 0.560940
vt 0.722812 0.557833
vt 0.916906 0.728849
vt 0.916984 0.726864
vt 0.918374 0.725823
vt 0.918300 0.727833
vt 0.929555 0.717452
vt 0.911187 0.874696
vt 0.929511 0.719661
vt 0.940565 0.726414
vt 0.912861 0.875487
vt 0.911110 0.876662
vt 0.912788 0.877478
vt 0.926326 0.881855
vt 0.926283 0.884042
vt 0.940561 0.728423
vt 0.941738 0.727368
vt 0.941738 0.729356
vt 0.940255 0.875948
vt 0.940251 0.877937
vt 0.941738 0.875319
vt 0.941738 0.877287
vt 0.530662 0.880370
vt 0.530508 0.878310
vt 0.532074 0.881385
vt 0.531927 0.879298
vt 0.543427 0.889553
vt 0.519199 0.727065
vt 0.543340 0.887243
vt 0.554303 0.880393
vt 0.521168 0.726020
vt 0.519047 0.725026
vt 0.521023 0.723953
vt 0.536999 0.717610
vt 0.536913 0.715323
vt 0.554294 0.878304
vt 0.555461 0.879418
vt 0.555461 0.877352
vt 0.553684 0.724897
vt 0.553676 0.722829
vt 0.555461 0.725673
vt 0.555461 0.723628
vt 0.805597 0.543143
vt 0.805597 0.540729
vt 0.807721 0.543150
vt 0.807721 0.540736
vt 0.805597 0.505268
vt 0.824805 0.540792
vt 0.807721 0.505275
vt 0.805597 0.495791
vt 0.824805 0.505331
vt 0.807721 0.495798
vt 0.748037 0.503291
vt 0.748037 0.505705
vt 0.729696 0.503294
vt 0.729696 0.505708
vt 0.727743 0.503294
vt 0.748037 0.541164
vt 0.727743 0.505708
vt 0.729696 0.541167
vt 0.748037 0.550641
vt 0.727743 0.541168
vt 0.729696 0.550644
vt 0.727743 0.550644
vt 0.029322 0.049293
vt 0.027773 0.045526
vt 0.048913 0.029549
vt 0.045174 0.027991
vt 0.015469 0.015591
vt 0.018042 0.003771
vt 0.436589 0.027991
vt 0.015469 0.469914
vt 0.027773 0.439979
vt 0.045174 0.457514
vt 0.029322 0.436208
vt 0.048913 0.455951
vt 0.018042 0.481734
vt 0.436589 0.457514
vt 0.013853 0.471542
vt 0.013853 0.013963
vt 0.003740 0.467321
vt 0.003740 0.018184
vt 0.000000 0.465757
vt 0.000000 0.019743
vt 0.463721 0.481734
vt 0.462172 0.485501
vt 0.019591 0.485501
vt 0.466294 0.469914
vt 0.453990 0.439979
vt 0.432850 0.455951
vt 0.452441 0.436208
vt 0.467910 0.471542
vt 0.478023 0.467321
vt 0.466294 0.015591
vt 0.453990 0.045526
vt 0.467910 0.013963
vt 0.478023 0.018184
vt 0.481763 0.019743
vt 0.481763 0.465757
vt 0.463721 0.003771
vt 0.452441 0.049293
vt 0.432850 0.029549
vt 0.019591 0.000000
vt 0.462172 0.000000
vt 0.975604 0.374865
vt 0.975847 0.000000
vt 0.978971 0.004057
vt 0.978732 0.371759
vt 0.980304 0.004052
vt 0.980066 0.371754
vt 0.985449 0.004034
vt 0.980304 0.396661
vt 0.978971 0.396665
vt 0.985449 0.396643
vt 0.985211 0.371737
vt 0.987609 0.004027
vt 0.987609 0.396636
vt 0.987370 0.371729
vt 0.987609 0.351826
vt 0.987865 0.000000
vt 0.990989 0.004050
vt 0.990738 0.349153
vt 0.992323 0.004042
vt 0.992072 0.349145
vt 0.997468 0.004014
vt 0.992323 0.375682
vt 0.990990 0.375689
vt 0.997468 0.375653
vt 0.997217 0.349117
vt 0.999628 0.004002
vt 0.999628 0.375641
vt 0.999376 0.349105
vt 0.501354 0.000000
vt 0.943934 0.000000
vt 0.949672 0.013961
vt 0.963525 0.019743
vt 0.495616 0.013961
vt 0.948057 0.015589
vt 0.497232 0.015589
vt 0.934203 0.049293
vt 0.963526 0.465757
vt 0.914612 0.029550
vt 0.530676 0.029550
vt 0.511085 0.049293
vt 0.934203 0.436208
vt 0.511085 0.436208
vt 0.948057 0.469912
vt 0.914612 0.455951
vt 0.530676 0.455951
vt 0.497232 0.469912
vt 0.949673 0.471540
vt 0.943934 0.485501
vt 0.495616 0.471540
vt 0.501354 0.485501
vt 0.000000 0.624689
vt 0.000000 0.578503
vt 0.004500 0.579405
vt 0.004500 0.623786
vt 0.017538 0.667359
vt 0.021353 0.538402
vt 0.017538 0.535833
vt 0.021353 0.664789
vt 0.049945 0.700017
vt 0.052494 0.507020
vt 0.049945 0.503175
vt 0.052494 0.696172
vt 0.092286 0.717691
vt 0.093181 0.490036
vt 0.092286 0.485501
vt 0.093181 0.713155
vt 0.138116 0.717691
vt 0.137221 0.490036
vt 0.138116 0.485501
vt 0.137221 0.713155
vt 0.180458 0.700016
vt 0.177908 0.507020
vt 0.180458 0.503175
vt 0.177908 0.696172
vt 0.212864 0.667358
vt 0.209048 0.538402
vt 0.212864 0.535833
vt 0.209048 0.664789
vt 0.225902 0.579405
vt 0.225902 0.623786
vt 0.161384 0.531937
vt 0.184320 0.555051
vt 0.196733 0.585251
vt 0.196733 0.617939
vt 0.184320 0.648139
vt 0.161384 0.671253
vt 0.131416 0.519428
vt 0.131416 0.683763
vt 0.098980 0.519428
vt 0.098980 0.683763
vt 0.069012 0.531937
vt 0.069012 0.671253
vt 0.046076 0.555051
vt 0.046076 0.648139
vt 0.033663 0.585251
vt 0.033663 0.617939
vt 0.107190 0.561015
vt 0.092390 0.567193
vt 0.081063 0.578609
vt 0.074932 0.593524
vt 0.074932 0.609667
vt 0.081063 0.624583
vt 0.123210 0.561015
vt 0.092390 0.635998
vt 0.138010 0.567193
vt 0.107190 0.642176
vt 0.149338 0.578609
vt 0.123210 0.642176
vt 0.155468 0.593524
vt 0.138010 0.635998
vt 0.155468 0.609667
vt 0.149338 0.624582
vt 0.145835 0.580968
vt 0.135669 0.570724
vt 0.151336 0.594352
vt 0.151336 0.608839
vt 0.122388 0.565180
vt 0.145835 0.622223
vt 0.135669 0.632467
vt 0.108013 0.565180
vt 0.122388 0.638011
vt 0.094731 0.570724
vt 0.108013 0.638011
vt 0.084566 0.580968
vt 0.094731 0.632467
vt 0.079065 0.594352
vt 0.084566 0.622223
vt 0.079065 0.608839
vt 0.496622 0.796257
vt 0.507799 0.784992
vt 0.511648 0.787583
vt 0.499193 0.800134
vt 0.518388 0.771184
vt 0.513848 0.770275
vt 0.518388 0.753434
vt 0.513848 0.754345
vt 0.511648 0.737035
vt 0.507799 0.739627
vt 0.499193 0.724484
vt 0.482017 0.802353
vt 0.482921 0.806927
vt 0.496622 0.728363
vt 0.482921 0.717691
vt 0.482017 0.722267
vt 0.465307 0.717691
vt 0.466210 0.802353
vt 0.465307 0.806927
vt 0.466210 0.722267
vt 0.449034 0.724484
vt 0.451606 0.796257
vt 0.449034 0.800134
vt 0.440428 0.784992
vt 0.436580 0.787583
vt 0.451606 0.728363
vt 0.436580 0.737035
vt 0.434379 0.770275
vt 0.429839 0.771184
vt 0.440428 0.739627
vt 0.429839 0.753434
vt 0.434379 0.754345
s 1
f 3/1/1 2/2/2 1/3/3
f 2/2/2 4/4/4 1/3/3
f 1/3/3 4/4/4 5/5/5
f 2/2/2 6/6/6 4/4/4
f 4/4/4 7/7/7 5/5/5
f 5/5/5 7/7/7 8/8/8
f 7/7/7 9/9/9 8/8/8
f 6/6/6 10/10/10 4/4/4
f 4/4/4 10/10/10 7/7/7
f 6/6/6 11/11/11 10/10/10
f 7/7/7 12/12/12 9/9/9
f 10/10/10 12/12/12 7/7/7
f 12/12/12 13/13/13 9/9/9
f 11/11/11 14/14/14 10/10/10
f 10/10/10 14/14/14 12/12/12
f 11/11/11 15/15/15 14/14/14
f 12/12/12 16/16/16 13/13/13
f 14/14/14 16/16/16 12/12/12
f 16/16/16 17/17/17 13/13/13
f 15/15/15 18/18/18 14/14/14
f 14/14/14 18/18/18 16/16/16
f 15/15/15 19/19/19 18/18/18
f 19/19/19 20/20/20 18/18/18
f 16/16/16 21/21/21 17/17/17
f 18/18/18 21/21/21 16/16/16
f 18/18/18 20/20/20 21/21/21
f 21/21/21 22/22/22 17/17/17
f 20/20/20 23/23/23 21/21/21
f 21/21/21 23/23/23 22/22/22
f 23/23/23 24/24/24 22/22/22
f 27/25/25 26/26/26 25/27/27
f 26/26/26 28/28/28 25/27/27
f 25/27/27 28/28/28 29/29/29
f 26/26/26 30/30/30 28/28/28
f 28/28/28 31/31/31 29/29/29
f 29/29/29 31/31/31 32/32/32
f 31/31/31 33/33/33 32/32/32
f 30/30/30 34/34/34 28/28/28
f 28/28/28 34/34/34 31/31/31
f 30/30/30 35/35/35 34/34/34
f 31/31/31 36/36/36 33/33/33
f 34/34/34 36/36/36 31/31/31
f 36/36/36 37/37/37 33/33/33
f 35/35/35 38/38/38 34/34/34
f 34/34/34 38/38/38 36/36/36
f 35/35/35 39/39/39 38/38/38
f 39/39/39 40/40/40 38/38/38
f 36/36/36 41/41/41 37/37/37
f 38/38/38 41/41/41 36/36/36
f 38/38/38 40/40/40 41/41/41
f 41/41/41 42/42/42 37/37/37
f 40/40/40 43/43/43 41/41/41
f 41/41/41 43/43/43 42/42/42
f 43/43/43 44/44/44 42/42/42
f 47/45/45 46/46/46 45/47/47
f 46/46/46 48/48/48 45/47/47
f 45/47/47 48/48/48 49/49/49
f 46/46/46 50/50/50 48/48/48
f 48/48/48 51/51/51 49/49/49
f 49/49/49 51/51/51 52/52/52
f 51/51/51 53/53/53 52/52/52
f 50/50/50 54/54/54 48/48/48
f 48/48/48 54/54/54 51/51/51
f 50/50/50 55/55/55 54/54/54
f 51/51/51 56/56/56 53/53/53
f 54/54/54 56/56/56 51/51/51
f 56/56/56 57/57/57 53/53/53
f 55/55/55 58/58/58 54/54/54
f 54/54/54 58/58/58 56/56/56
f 55/55/55 59/59/59 58/58/58
f 59/59/59 60/60/60 58/58/58
f 56/56/56 61/61/61 57/57/57
f 58/58/58 61/61/61 56/56/56
f 58/58/58 60/60/60 61/61/61
f 61/61/61 62/62/62 57/57/57
f 60/60/60 63/63/63 61/61/61
f 61/61/61 63/63/63 62/62/62
f 63/63/63 64/64/64 62/62/62
f 67/65/65 66/66/66 65/67/67
f 66/66/66 68/68/68 65/67/67
f 65/67/67 68/68/68 69/69/69
f 66/66/66 70/70/70 68/68/68
f 68/68/68 71/71/71 69/69/69
f 69/69/69 71/71/71 72/72/72
f 71/71/71 73/73/73 72/72/72
f 70/70/70 74/74/74 68/68/68
f 68/68/68 74/74/74 71/71/71
f 70/70/70 75/75/75 74/74/74
f 75/75/75 76/76/76 74/74/74
f 71/71/71 77/77/77 73/73/73
f 74/74/74 77/77/77 71/71/71
f 74/74/74 76/76/76 77/77/77
f 77/77/77 78/78/78 73/73/73
f 76/76/76 79/79/79 77/77/77
f 77/77/77 79/79/79 78/78/78
f 79/79/79 80/80/80 78/78/78
f 83/81/81 82/82/81 81/83/81
f 81/83/81 84/84/81 83/81/81
f 84/84/81 85/85/81 83/81/81
f 84/84/81 86/86/81 85/85/81
f 86/86/81 87/87/81 85/85/81
f 86/86/81 88/88/81 87/87/81
f 88/88/81 89/89/81 87/87/81
f 88/88/81 90/90/81 89/89/81
f 90/90/81 91/91/81 89/89/81
f 90/90/81 92/92/81 91/91/81
f 90/90/81 93/93/81 92/92/81
f 93/93/81 94/94/81 92/92/81
f 93/93/81 95/95/81 94/94/81
f 95/95/81 96/96/81 94/94/81
f 99/97/82 98/98/82 97/99/82
f 97/99/82 100/100/82 99/97/82
f 100/100/82 101/101/82 99/97/82
f 100/100/82 102/102/82 101/101/82
f 102/102/82 103/103/82 101/101/82
f 102/102/82 104/104/82 103/103/82
f 104/104/82 105/105/82 103/103/82
f 104/104/82 106/106/82 105/105/82
f 104/104/82 107/107/82 106/106/82
f 107/107/82 108/108/82 106/106/82
f 108/108/82 109/109/82 106/106/82
f 108/108/82 110/110/82 109/109/82
f 110/110/82 111/111/82 109/109/82
f 110/110/82 112/112/82 111/111/82
f 115/113/83 114/114/83 113/115/84
f 114/114/83 116/116/84 113/115/84
f 113/115/84 116/116/84 117/117/85
f 116/116/84 118/118/85 117/117/85
f 117/117/85 118/118/85 119/119/86
f 118/118/85 120/120/86 119/119/86
f 119/119/86 120/120/86 121/121/87
f 120/120/86 122/122/87 121/121/87
f 121/121/87 122/122/87 123/123/88
f 122/122/87 124/124/88 123/123/88
f 127/125/89 126/126/89 125/127/90
f 126/126/89 128/128/90 125/127/90
f 125/127/90 128/128/90 129/129/91
f 128/128/90 130/130/91 129/129/91
f 129/129/91 130/130/91 131/131/92
f 130/130/91 132/132/92 131/131/92
f 131/131/92 132/132/92 133/133/93
f 132/132/92 134/134/93 133/133/93
f 137/135/94 136/136/95 135/137/95
f 138/138/94 137/135/94 135/137/95
f 139/139/96 137/135/94 138/138/94
f 140/140/96 139/139/96 138/138/94
f 141/141/97 139/139/96 140/140/96
f 142/142/97 141/141/97 140/140/96
f 143/143/98 141/141/97 142/142/97
f 144/144/98 143/143/98 142/142/97
f 147/145/99 146/146/100 145/147/100
f 148/148/99 147/145/99 145/147/100
f 149/149/101 147/145/99 148/148/99
f 150/150/101 149/149/101 148/148/99
f 151/151/102 149/149/101 150/150/101
f 152/152/102 151/151/102 150/150/101
f 155/153/81 154/154/81 153/155/81
f 153/155/81 156/156/81 155/153/81
f 156/156/81 157/157/81 155/153/81
f 156/156/81 158/158/81 157/157/81
f 158/158/81 159/159/81 157/157/81
f 158/158/81 160/160/81 159/159/81
f 160/160/81 161/161/81 159/159/81
f 160/160/81 162/162/81 161/161/81
f 162/162/81 163/163/81 161/161/81
f 162/162/81 164/164/81 163/163/81
f 162/162/81 165/165/81 164/164/81
f 165/165/81 166/166/81 164/164/81
f 166/166/81 167/167/81 164/164/81
f 166/166/81 168/168/81 167/167/81
f 171/169/94 170/170/95 169/171/95
f 172/172/94 171/169/94 169/171/95
f 172/172/94 169/171/95 173/173/95
f 174/174/103 171/169/94 172/172/94
f 175/175/94 172/172/94 173/173/95
f 175/175/94 173/173/95 176/176/95
f 177/177/94 175/175/94 176/176/95
f 178/178/103 174/174/103 172/172/94
f 178/178/103 172/172/94 175/175/94
f 179/179/104 174/174/103 178/178/103
f 180/180/103 175/175/94 177/177/94
f 180/180/103 178/178/103 175/175/94
f 181/181/103 180/180/103 177/177/94
f 182/182/104 179/179/104 178/178/103
f 182/182/104 178/178/103 180/180/103
f 183/183/105 179/179/104 182/182/104
f 184/184/105 183/183/105 182/182/104
f 185/185/104 180/180/103 181/181/103
f 185/185/104 182/182/104 180/180/103
f 184/184/105 182/182/104 185/185/104
f 186/186/104 185/185/104 181/181/103
f 187/187/105 184/184/105 185/185/104
f 187/187/105 185/185/104 186/186/104
f 188/188/105 187/187/105 186/186/104
f 191/189/99 190/190/106 189/191/106
f 192/192/99 191/189/99 189/191/106
f 192/192/99 189/191/106 193/193/106
f 194/194/107 191/189/99 192/192/99
f 195/195/99 192/192/99 193/193/106
f 195/195/99 193/193/106 196/196/106
f 197/197/99 195/195/99 196/196/106
f 198/198/107 194/194/107 192/192/99
f 198/198/107 192/192/99 195/195/99
f 199/199/108 194/194/107 198/198/107
f 200/200/109 199/199/108 198/198/107
f 201/201/107 195/195/99 197/197/99
f 201/201/107 198/198/107 195/195/99
f 200/200/109 198/198/107 201/201/107
f 202/202/107 201/201/107 197/197/99
f 203/203/109 200/200/109 201/201/107
f 203/203/109 201/201/107 202/202/107
f 204/204/109 203/203/109 202/202/107
f 207/205/110 206/206/111 205/207/111
f 208/208/110 207/205/110 205/207/111
f 208/208/110 205/207/111 209/209/111
f 210/210/112 207/205/110 208/208/110
f 211/211/110 208/208/110 209/209/111
f 211/211/110 209/209/111 212/212/88
f 213/213/110 211/211/110 212/212/88
f 214/214/112 210/210/112 208/208/110
f 214/214/112 208/208/110 211/211/110
f 215/215/113 210/210/112 214/214/112
f 216/216/114 211/211/110 213/213/110
f 216/216/114 214/214/112 211/211/110
f 217/217/114 216/216/114 213/213/110
f 218/218/113 215/215/113 214/214/112
f 218/218/113 214/214/112 216/216/114
f 219/219/115 215/215/113 218/218/113
f 220/220/113 216/216/114 217/217/114
f 220/220/113 218/218/113 216/216/114
f 221/221/113 220/220/113 217/217/114
f 222/222/115 219/219/115 218/218/113
f 222/222/115 218/218/113 220/220/113
f 223/223/116 219/219/115 222/222/115
f 224/224/116 223/223/116 222/222/115
f 225/225/115 220/220/113 221/221/113
f 225/225/115 222/222/115 220/220/113
f 224/224/116 222/222/115 225/225/115
f 226/226/115 225/225/115 221/221/113
f 227/227/116 224/224/116 225/225/115
f 227/227/116 225/225/115 226/226/115
f 228/228/116 227/227/116 226/226/115
f 231/229/117 230/230/118 229/231/118
f 232/232/117 231/229/117 229/231/118
f 232/232/117 229/231/118 233/233/118
f 234/234/91 231/229/117 232/232/117
f 235/235/119 232/232/117 233/233/118
f 235/235/119 233/233/118 236/236/118
f 237/237/119 235/235/119 236/236/118
f 238/238/91 234/234/91 232/232/117
f 238/238/91 232/232/117 235/235/119
f 239/239/120 234/234/91 238/238/91
f 240/240/91 235/235/119 237/237/119
f 240/240/91 238/238/91 235/235/119
f 241/241/91 240/240/91 237/237/119
f 242/242/120 239/239/120 238/238/91
f 242/242/120 238/238/91 240/240/91
f 243/243/121 239/239/120 242/242/120
f 244/244/121 243/243/121 242/242/120
f 245/245/120 240/240/91 241/241/91
f 245/245/120 242/242/120 240/240/91
f 244/244/121 242/242/120 245/245/120
f 246/246/120 245/245/120 241/241/91
f 247/247/89 244/244/121 245/245/120
f 247/247/89 245/245/120 246/246/120
f 248/248/89 247/247/89 246/246/120
f 251/249/122 250/250/123 249/251/124
f 252/252/125 251/249/122 249/251/124
f 252/252/125 249/251/124 253/253/94
f 249/251/124 254/254/94 253/253/94
f 252/252/125 255/255/126 251/249/122
f 255/255/126 256/256/127 251/249/122
f 259/257/128 258/258/129 257/259/130
f 258/258/129 260/260/131 257/259/130
f 260/260/131 261/261/132 257/259/130
f 261/261/132 262/262/133 257/259/130
f 260/260/131 258/258/129 263/263/117
f 258/258/129 264/264/117 263/263/117
f 267/265/134 266/266/135 265/267/136
f 266/266/135 268/268/137 265/267/136
f 268/268/137 269/269/138 265/267/136
f 269/269/138 270/270/139 265/267/136
f 268/268/137 266/266/135 271/271/114
f 266/266/135 272/272/114 271/271/114
f 275/273/140 274/274/141 273/275/142
f 276/276/143 275/273/140 273/275/142
f 276/276/143 273/275/142 277/277/99
f 273/275/142 278/278/99 277/277/99
f 276/276/143 279/279/144 275/273/140
f 279/279/144 280/280/145 275/273/140
f 283/281/146 282/282/147 281/283/146
f 282/282/147 284/284/85 281/283/146
f 281/283/146 284/284/85 285/285/146
f 284/284/85 286/286/85 285/285/146
f 285/285/146 286/286/85 287/287/146
f 286/286/85 288/288/85 287/287/146
f 289/289/114 288/288/85 286/286/85
f 290/290/114 289/289/114 286/286/85
f 290/290/114 286/286/85 284/284/85
f 291/291/114 290/290/114 284/284/85
f 291/291/114 284/284/85 282/282/147
f 292/292/148 291/291/114 282/282/147
f 282/282/147 293/293/149 292/292/148
f 293/293/149 294/294/150 292/292/148
f 297/295/151 296/296/152 295/297/90
f 296/296/152 298/298/153 295/297/90
f 295/297/90 298/298/153 299/299/90
f 298/298/153 300/300/153 299/299/90
f 299/299/90 300/300/153 301/301/90
f 300/300/153 302/302/153 301/301/90
f 303/303/117 302/302/153 300/300/153
f 304/304/117 303/303/117 300/300/153
f 304/304/117 300/300/153 298/298/153
f 305/305/117 304/304/117 298/298/153
f 305/305/117 298/298/153 296/296/152
f 306/306/154 305/305/117 296/296/152
f 296/296/152 307/307/155 306/306/154
f 307/307/155 308/308/156 306/306/154
f 311/309/157 310/310/158 309/311/159
f 310/310/158 312/312/160 309/311/159
f 309/311/159 312/312/160 313/313/161
f 312/312/160 314/314/162 313/313/161
f 313/313/161 314/314/162 315/315/163
f 314/314/162 316/316/164 315/315/163
f 319/317/165 318/318/166 317/319/167
f 318/318/166 320/320/168 317/319/167
f 317/319/167 320/320/168 321/321/169
f 320/320/168 322/322/170 321/321/169
f 321/321/169 322/322/170 323/323/171
f 322/322/170 324/324/172 323/323/171
f 323/323/171 324/324/172 325/325/173
f 324/324/172 326/326/174 325/325/173
f 325/325/173 326/326/174 327/327/175
f 326/326/174 328/328/176 327/327/175
f 327/327/175 328/328/176 329/329/177
f 328/328/176 330/330/178 329/329/177
f 329/329/177 330/330/178 331/331/179
f 330/330/178 332/332/180 331/331/179
f 331/331/179 332/332/180 333/333/181
f 332/332/180 334/334/182 333/333/181
f 337/335/183 336/336/81 335/337/183
f 336/336/81 338/338/81 335/337/183
f 335/337/183 338/338/81 339/339/81
f 338/338/81 340/340/81 339/339/81
f 339/339/81 340/340/81 341/341/81
f 340/340/81 342/342/81 341/341/81
f 341/341/81 342/342/81 343/343/81
f 342/342/81 344/344/81 343/343/81
f 347/345/184 346/346/185 345/347/186
f 346/346/185 348/348/187 345/347/186
f 345/347/186 348/348/187 349/349/188
f 348/348/187 350/350/189 349/349/188
f 349/349/188 350/350/189 351/351/190
f 350/350/189 352/352/191 351/351/190
f 355/353/192 354/354/193 353/355/194
f 354/354/193 356/356/195 353/355/194
f 353/355/194 356/356/195 357/357/196
f 356/356/195 358/358/197 357/357/196
f 361/359/198 360/360/199 359/361/200
f 360/360/199 362/362/201 359/361/200
f 359/361/200 362/362/201 363/363/202
f 362/362/201 364/364/203 363/363/202
f 363/363/202 364/364/203 365/365/204
f 364/364/203 366/366/205 365/365/204
f 365/365/204 366/366/205 367/367/206
f 366/366/205 368/368/207 367/367/206
f 367/367/206 368/368/207 369/369/208
f 368/368/207 370/370/209 369/369/208
f 369/369/208 370/370/209 371/371/210
f 370/370/209 372/372/211 371/371/210
f 371/371/210 372/372/211 373/373/212
f 372/372/211 374/374/213 373/373/212
f 373/373/212 374/374/213 375/375/214
f 374/374/213 376/376/215 375/375/214
f 379/377/216 378/378/81 377/379/216
f 378/378/81 380/380/81 377/379/216
f 377/379/216 380/380/81 381/381/81
f 380/380/81 382/382/81 381/381/81
f 381/381/81 382/382/81 383/383/81
f 382/382/81 384/384/81 383/383/81
f 383/383/81 384/384/81 385/385/81
f 384/384/81 386/386/81 385/385/81
f 389/387/217 388/388/218 387/389/219
f 388/388/218 390/390/220 387/389/219
f 387/389/219 390/390/220 391/391/221
f 390/390/220 392/392/222 391/391/221
f 395/393/223 394/394/224 393/395/225
f 394/394/224 396/396/226 393/395/225
f 393/395/225 396/396/226 397/397/227
f 396/396/226 398/398/228 397/397/227
f 397/397/227 398/398/228 399/399/229
f 398/398/228 400/400/230 399/399/229
f 399/399/229 400/400/230 401/401/231
f 400/400/230 402/402/232 401/401/231
f 401/401/231 402/402/232 403/403/233
f 402/402/232 404/404/234 403/403/233
f 403/403/233 404/404/234 405/405/235
f 404/404/234 406/406/236 405/405/235
f 409/407/237 408/408/238 407/409/239
f 408/408/238 410/410/240 407/409/239
f 407/409/239 410/410/240 411/411/241
f 410/410/240 412/412/242 411/411/241
f 411/411/241 412/412/242 413/413/243
f 412/412/242 414/414/244 413/413/243
f 413/413/243 414/414/244 415/415/245
f 414/414/244 416/416/246 415/415/245
f 415/415/245 416/416/246 417/417/247
f 416/416/246 418/418/248 417/417/247
f 417/417/247 418/418/248 419/419/249
f 418/418/248 420/420/250 419/419/249
f 419/419/249 420/420/250 421/421/251
f 420/420/250 422/422/252 421/421/251
f 421/421/251 422/422/252 423/423/253
f 422/422/252 424/424/254 423/423/253
f 427/425/81 426/426/81 425/427/81
f 426/426/81 428/428/81 425/427/81
f 425/427/81 428/428/81 429/429/81
f 428/428/81 430/430/81 429/429/81
f 429/429/81 430/430/81 431/431/216
f 430/430/81 432/432/81 431/431/216
f 431/431/216 432/432/81 433/433/216
f 432/432/81 434/434/183 433/433/216
f 437/435/255 436/436/256 435/437/257
f 436/436/256 438/438/258 435/437/257
f 435/437/257 438/438/258 439/439/259
f 438/438/258 440/440/260 439/439/259
f 443/441/261 442/442/262 441/443/263
f 442/442/262 444/444/264 441/443/263
f 441/443/263 444/444/264 445/445/265
f 442/442/262 446/446/266 444/444/264
f 444/444/264 447/447/267 445/445/265
f 445/445/265 447/447/267 448/448/268
f 447/447/267 449/449/269 448/448/268
f 446/446/266 450/450/270 444/444/264
f 444/444/264 450/450/270 447/447/267
f 446/446/266 451/451/271 450/450/270
f 447/447/267 452/452/272 449/449/269
f 450/450/270 452/452/272 447/447/267
f 452/452/272 453/453/273 449/449/269
f 451/451/271 454/454/274 450/450/270
f 450/450/270 454/454/274 452/452/272
f 451/451/271 455/455/275 454/454/274
f 452/452/272 456/456/276 453/453/273
f 454/454/274 456/456/276 452/452/272
f 456/456/276 457/457/277 453/453/273
f 455/455/275 458/458/278 454/454/274
f 454/454/274 458/458/278 456/456/276
f 455/455/275 459/459/279 458/458/278
f 459/459/279 460/460/280 458/458/278
f 456/456/276 461/461/281 457/457/277
f 458/458/278 461/461/281 456/456/276
f 458/458/278 460/460/280 461/461/281
f 461/461/281 462/462/282 457/457/277
f 460/460/280 463/463/283 461/461/281
f 461/461/281 463/463/283 462/462/282
f 463/463/283 464/464/284 462/462/282
f 467/465/285 466/466/285 465/467/286
f 466/466/285 468/468/287 465/467/286
f 465/467/286 468/468/287 469/469/288
f 468/468/287 470/470/289 469/469/288
f 469/469/288 470/470/289 471/471/290
f 470/470/289 472/472/291 471/471/290
f 471/471/290 472/472/291 473/473/292
f 472/472/291 474/474/293 473/473/292
f 473/473/292 474/474/293 475/475/294
f 474/474/293 476/476/295 475/475/294
f 475/475/294 476/476/295 477/477/296
f 476/476/295 478/478/297 477/477/296
f 477/477/296 478/478/297 479/479/298
f 478/478/297 480/480/299 479/479/298
f 479/479/298 480/480/299 481/481/300
f 480/480/299 482/482/301 481/481/300
f 485/483/81 484/484/81 483/485/81
f 484/484/81 486/486/81 483/485/81
f 483/485/81 486/486/81 487/487/81
f 486/486/81 488/488/81 487/487/81
f 487/487/81 488/488/81 489/489/81
f 488/488/81 490/490/81 489/489/81
f 489/489/81 490/490/81 491/491/216
f 490/490/81 492/492/183 491/491/216
f 495/493/302 494/494/303 493/495/304
f 494/494/303 496/496/305 493/495/304
f 493/495/304 496/496/305 497/497/306
f 496/496/305 498/498/307 497/497/306
f 497/497/306 498/498/307 499/499/308
f 498/498/307 500/500/309 499/499/308
f 503/501/310 502/502/311 501/503/312
f 502/502/311 504/504/313 501/503/312
f 501/503/312 504/504/313 505/505/314
f 504/504/313 506/506/315 505/505/314
f 509/507/316 508/508/317 507/509/318
f 508/508/317 510/510/319 507/509/318
f 507/509/318 510/510/319 511/511/320
f 510/510/319 512/512/321 511/511/320
f 511/511/320 512/512/321 513/513/322
f 512/512/321 514/514/323 513/513/322
f 513/513/322 514/514/323 515/515/324
f 514/514/323 516/516/325 515/515/324
f 515/515/324 516/516/325 517/517/326
f 516/516/325 518/518/327 517/517/326
f 517/517/326 518/518/327 519/519/328
f 518/518/327 520/520/329 519/519/328
f 519/519/328 520/520/329 521/521/330
f 520/520/329 522/522/331 521/521/330
f 521/521/330 522/522/331 523/523/332
f 522/522/331 524/524/333 523/523/332
f 527/525/334 526/526/335 525/527/336
f 526/526/335 528/528/337 525/527/336
f 525/527/336 528/528/337 529/358/338
f 528/528/337 530/529/339 529/358/338
f 533/530/183 532/531/81 531/532/81
f 532/531/81 534/533/81 531/532/81
f 531/532/81 534/533/81 535/534/81
f 534/533/81 536/535/81 535/534/81
f 535/534/81 536/535/81 537/536/81
f 536/535/81 538/537/81 537/536/81
f 537/536/81 538/537/81 539/538/81
f 538/537/81 540/539/81 539/538/81
f 543/540/340 542/541/341 541/542/342
f 542/541/341 544/543/343 541/542/342
f 541/542/342 544/543/343 545/544/344
f 544/543/343 546/545/345 545/544/344
f 545/544/344 546/545/345 547/546/346
f 546/545/345 548/547/347 547/546/346
f 547/546/346 548/547/347 549/548/348
f 548/547/347 550/549/349 549/548/348
f 547/546/346 549/548/348 551/550/350
f 549/548/348 550/549/349 552/551/351
f 550/549/349 553/552/352 552/551/351
f 549/548/348 554/553/350 551/550/350
f 549/548/348 552/551/351 554/553/350
f 551/550/350 554/553/350 555/554/353
f 554/553/350 556/555/353 555/554/353
f 554/553/350 557/556/350 556/555/353
f 552/551/351 557/556/350 554/553/350
f 557/556/350 558/557/353 556/555/353
f 552/551/351 553/552/352 559/558/354
f 552/551/351 559/558/354 557/556/350
f 553/552/352 560/559/355 559/558/354
f 559/558/354 561/560/356 557/556/350
f 557/556/350 561/560/356 558/557/353
f 561/560/356 562/561/353 558/557/353
f 565/562/357 564/563/358 563/564/359
f 564/563/358 566/565/360 563/564/359
f 563/564/359 566/565/360 567/566/361
f 566/565/360 568/567/362 567/566/361
f 567/566/361 568/567/362 569/568/363
f 568/567/362 570/569/364 569/568/363
f 569/568/363 570/569/364 571/570/365
f 570/569/364 572/571/366 571/570/365
f 571/570/365 572/571/366 573/572/367
f 572/571/366 574/573/368 573/572/367
f 573/572/367 574/573/368 575/574/369
f 574/573/368 576/575/370 575/574/369
f 575/574/369 576/575/370 577/576/371
f 576/575/370 578/577/372 577/576/371
f 577/576/371 578/577/372 579/578/373
f 578/577/372 580/579/374 579/578/373
f 583/580/375 582/581/376 581/582/377
f 582/581/376 584/583/378 581/582/377
f 581/582/377 584/583/378 585/584/379
f 584/583/378 586/585/380 585/584/379
f 589/586/81 588/587/81 587/588/81
f 588/587/81 590/589/81 587/588/81
f 587/588/81 590/589/81 591/590/81
f 590/589/81 592/591/81 591/590/81
f 591/590/81 592/591/81 593/592/81
f 592/591/81 594/593/81 593/592/81
f 593/592/81 594/593/81 595/594/81
f 594/593/81 596/595/81 595/594/81
f 599/596/381 598/597/382 597/598/383
f 598/597/382 600/599/384 597/598/383
f 597/598/383 600/599/384 601/600/385
f 600/599/384 602/601/386 601/600/385
f 601/600/385 602/601/386 603/602/387
f 602/601/386 604/603/388 603/602/387
f 607/604/389 606/605/389 605/606/389
f 606/605/389 608/607/390 605/606/389
f 605/606/389 608/607/390 609/608/391
f 608/607/390 610/609/392 609/608/391
f 609/608/391 610/609/392 611/610/393
f 610/609/392 612/611/394 611/610/393
f 615/612/395 614/613/396 613/614/397
f 614/613/396 616/615/398 613/614/397
f 613/614/397 616/615/398 617/616/399
f 616/615/398 618/617/400 617/616/399
f 617/616/399 618/617/400 619/618/401
f 618/617/400 620/619/402 619/618/401
f 619/618/401 620/619/402 621/620/403
f 620/619/402 622/621/404 621/620/403
f 621/620/403 622/621/404 623/622/405
f 622/621/404 624/623/406 623/622/405
f 623/622/405 624/623/406 625/624/407
f 624/623/406 626/625/408 625/624/407
f 625/624/407 626/625/408 627/626/409
f 626/625/408 628/627/409 627/626/409
f 627/626/409 628/627/409 629/628/410
f 628/627/409 630/629/411 629/628/410
f 633/630/412 632/631/413 631/632/414
f 632/631/413 634/633/415 631/632/414
f 631/632/414 634/633/415 635/634/416
f 634/633/415 636/635/417 635/634/416
f 639/636/81 638/637/81 637/638/81
f 638/637/81 640/639/81 637/638/81
f 637/638/81 640/639/81 641/640/81
f 640/639/81 642/641/81 641/640/81
f 641/640/81 642/641/81 643/642/81
f 642/641/81 644/643/81 643/642/81
f 643/642/81 644/643/81 645/644/81
f 644/643/81 646/645/81 645/644/81
f 649/646/418 648/647/419 647/648/420
f 648/647/419 650/649/421 647/648/420
f 647/648/420 650/649/421 651/650/422
f 650/649/421 652/651/423 651/650/422
f 651/650/422 652/651/423 653/652/424
f 652/651/423 654/653/425 653/652/424
f 653/652/424 654/653/425 655/654/426
f 654/653/425 656/655/427 655/654/426
f 655/654/426 656/655/427 657/656/428
f 656/655/427 658/657/429 657/656/428
f 657/656/428 658/657/429 659/658/430
f 658/657/429 660/659/431 659/658/430
f 663/660/432 662/661/433 661/662/434
f 662/661/433 664/663/435 661/662/434
f 661/662/434 664/663/435 665/664/436
f 664/663/435 666/665/437 665/664/436
f 665/664/436 666/665/437 667/666/438
f 666/665/437 668/667/439 667/666/438
f 667/666/438 668/667/439 669/668/440
f 668/667/439 670/669/441 669/668/440
f 669/668/440 670/669/441 671/670/442
f 670/669/441 672/671/443 671/670/442
f 671/670/442 672/671/443 673/672/444
f 672/671/443 674/673/445 673/672/444
f 673/672/444 674/673/445 675/674/446
f 674/673/445 676/675/447 675/674/446
f 675/674/446 676/675/447 677/676/448
f 676/675/447 678/677/449 677/676/448
f 681/678/450 680/679/451 679/680/452
f 680/679/451 682/681/453 679/680/452
f 679/680/452 682/681/453 683/682/454
f 682/681/453 684/683/455 683/682/454
f 687/684/456 686/685/81 685/686/183
f 686/685/81 688/687/81 685/686/183
f 685/686/183 688/687/81 689/688/81
f 688/687/81 690/689/81 689/688/81
f 689/688/81 690/689/81 691/690/81
f 690/689/81 692/691/81 691/690/81
f 691/690/81 692/691/81 693/692/81
f 692/691/81 694/693/216 693/692/81
f 697/694/457 696/695/458 695/696/459
f 696/695/458 698/697/460 695/696/459
f 695/696/459 698/697/460 699/698/461
f 698/697/460 700/699/462 699/698/461
f 699/698/461 700/699/462 701/700/463
f 700/699/462 702/701/464 701/700/463
f 705/702/465 704/703/466 703/704/467
f 704/703/466 706/705/468 703/704/467
f 703/704/467 706/705/468 707/706/469
f 706/705/468 704/703/466 708/707/470
f 706/705/468 709/708/471 707/706/469
f 707/706/469 709/708/471 710/709/472
f 709/708/471 711/710/473 710/709/472
f 712/711/474 706/705/468 708/707/470
f 709/708/471 706/705/468 712/711/474
f 712/711/474 708/707/470 713/712/475
f 711/710/473 709/708/471 714/713/476
f 714/713/476 709/708/471 712/711/474
f 715/714/477 711/710/473 714/713/476
f 716/715/478 712/711/474 713/712/475
f 714/713/476 712/711/474 716/715/478
f 716/715/478 713/712/475 717/716/479
f 715/714/477 714/713/476 718/717/480
f 718/717/480 714/713/476 716/715/478
f 719/718/481 715/714/477 718/717/480
f 720/719/482 716/715/478 717/716/479
f 718/717/480 716/715/478 720/719/482
f 720/719/482 717/716/479 721/720/483
f 722/721/484 720/719/482 721/720/483
f 719/718/481 718/717/480 723/722/485
f 723/722/485 718/717/480 720/719/482
f 723/722/485 720/719/482 722/721/484
f 724/723/486 719/718/481 723/722/485
f 725/724/487 723/722/485 722/721/484
f 724/723/486 723/722/485 725/724/487
f 726/725/488 724/723/486 725/724/487
f 729/726/489 728/727/490 727/728/491
f 728/727/490 730/729/492 727/728/491
f 728/727/490 731/730/493 730/729/492
f 727/728/491 730/729/492 732/731/494
f 731/730/493 733/732/495 730/729/492
f 730/729/492 734/733/496 732/731/494
f 730/729/492 733/732/495 734/733/496
f 732/731/494 734/733/496 735/734/497
f 733/732/495 736/735/498 734/733/496
f 734/733/496 737/736/499 735/734/497
f 734/733/496 736/735/498 737/736/499
f 736/735/498 738/737/500 737/736/499
f 741/738/501 740/739/502 739/740/503
f 740/739/502 742/741/504 739/740/503
f 739/740/503 742/741/504 743/742/505
f 740/739/502 744/743/506 742/741/504
f 742/741/504 745/744/507 743/742/505
f 743/742/505 745/744/507 746/745/508
f 745/744/507 747/746/509 746/745/508
f 744/743/506 748/747/510 742/741/504
f 742/741/504 748/747/510 745/744/507
f 744/743/506 749/748/511 748/747/510
f 745/744/507 750/749/512 747/746/509
f 748/747/510 750/749/512 745/744/507
f 750/749/512 751/750/513 747/746/509
f 749/748/511 752/751/514 748/747/510
f 748/747/510 752/751/514 750/749/512
f 749/748/511 753/752/515 752/751/514
f 753/752/515 754/753/516 752/751/514
f 750/749/512 755/754/517 751/750/513
f 752/751/514 755/754/517 750/749/512
f 752/751/514 754/753/516 755/754/517
f 755/754/517 756/755/518 751/750/513
f 754/753/516 757/756/519 755/754/517
f 755/754/517 757/756/519 756/755/518
f 757/756/519 758/757/520 756/755/518
f 761/758/521 760/759/522 759/760/523
f 762/761/524 761/758/521 759/760/523
f 762/761/524 759/760/523 763/762/525
f 764/763/526 761/758/521 762/761/524
f 765/764/527 762/761/524 763/762/525
f 765/764/527 763/762/525 766/765/525
f 767/766/527 765/764/527 766/765/525
f 768/767/526 764/763/526 762/761/524
f 768/767/526 762/761/524 765/764/527
f 769/768/528 764/763/526 768/767/526
f 770/769/526 765/764/527 767/766/527
f 770/769/526 768/767/526 765/764/527
f 771/770/526 770/769/526 767/766/527
f 772/771/529 769/768/528 768/767/526
f 772/771/529 768/767/526 770/769/526
f 773/772/530 769/768/528 772/771/529
f 774/773/531 773/772/530 772/771/529
f 775/774/529 770/769/526 771/770/526
f 775/774/529 772/771/529 770/769/526
f 774/773/531 772/771/529 775/774/529
f 776/775/529 775/774/529 771/770/526
f 777/776/531 774/773/531 775/774/529
f 777/776/531 775/774/529 776/775/529
f 778/777/532 777/776/531 776/775/529
f 781/778/533 780/779/534 779/780/535
f 782/781/536 781/778/533 779/780/535
f 782/781/536 779/780/535 783/782/537
f 784/783/538 781/778/533 782/781/536
f 785/784/539 782/781/536 783/782/537
f 785/784/539 783/782/537 786/785/540
f 787/786/541 785/784/539 786/785/540
f 788/787/542 784/783/538 782/781/536
f 788/787/542 782/781/536 785/784/539
f 789/788/543 784/783/538 788/787/542
f 790/789/544 785/784/539 787/786/541
f 790/789/544 788/787/542 785/784/539
f 791/790/545 790/789/544 787/786/541
f 792/791/546 789/788/543 788/787/542
f 792/791/546 788/787/542 790/789/544
f 793/792/547 789/788/543 792/791/546
f 794/793/548 793/792/547 792/791/546
f 795/794/549 790/789/544 791/790/545
f 795/794/549 792/791/546 790/789/544
f 794/793/548 792/791/546 795/794/549
f 796/795/550 795/794/549 791/790/545
f 797/796/551 794/793/548 795/794/549
f 797/796/551 795/794/549 796/795/550
f 798/797/552 797/796/551 796/795/550
f 801/798/553 800/799/554 799/800/555
f 800/799/554 802/801/556 799/800/555
f 800/799/554 803/802/557 802/801/556
f 799/800/555 802/801/556 804/803/558
f 803/802/557 805/804/559 802/801/556
f 802/801/556 806/805/560 804/803/558
f 802/801/556 805/804/559 806/805/560
f 804/803/558 806/805/560 807/806/561
f 805/804/559 808/807/562 806/805/560
f 806/805/560 809/808/563 807/806/561
f 806/805/560 808/807/562 809/808/563
f 808/807/562 810/809/564 809/808/563
f 813/810/565 812/811/566 811/812/567
f 812/811/566 814/813/568 811/812/567
f 811/812/567 814/813/568 815/814/569
f 812/811/566 816/815/570 814/813/568
f 814/813/568 817/816/571 815/814/569
f 815/814/569 817/816/571 818/817/572
f 817/816/571 819/818/573 818/817/572
f 816/815/570 820/819/574 814/813/568
f 814/813/568 820/819/574 817/816/571
f 816/815/570 821/820/575 820/819/574
f 817/816/571 822/821/576 819/818/573
f 820/819/574 822/821/576 817/816/571
f 822/821/576 823/822/577 819/818/573
f 821/820/575 824/823/578 820/819/574
f 820/819/574 824/823/578 822/821/576
f 821/820/575 825/824/579 824/823/578
f 825/824/579 826/825/580 824/823/578
f 822/821/576 827/826/581 823/822/577
f 824/823/578 827/826/581 822/821/576
f 824/823/578 826/825/580 827/826/581
f 827/826/581 828/827/582 823/822/577
f 826/825/580 829/828/583 827/826/581
f 827/826/581 829/828/583 828/827/582
f 829/828/583 830/829/584 828/827/582
f 833/830/585 832/831/586 831/832/587
f 832/831/586 834/833/588 831/832/587
f 831/832/587 834/833/588 835/834/589
f 832/831/586 836/835/590 834/833/588
f 834/833/588 837/836/591 835/834/589
f 835/834/589 837/836/591 838/837/592
f 837/836/591 839/838/593 838/837/592
f 836/835/590 840/839/594 834/833/588
f 834/833/588 840/839/594 837/836/591
f 836/835/590 841/840/595 840/839/594
f 837/836/591 842/841/596 839/838/593
f 840/839/594 842/841/596 837/836/591
f 842/841/596 843/842/597 839/838/593
f 841/840/595 844/843/598 840/839/594
f 840/839/594 844/843/598 842/841/596
f 841/840/595 845/844/599 844/843/598
f 845/844/599 846/845/600 844/843/598
f 842/841/596 847/846/601 843/842/597
f 844/843/598 847/846/601 842/841/596
f 844/843/598 846/845/600 847/846/601
f 847/846/601 848/847/602 843/842/597
f 846/845/600 849/848/603 847/846/601
f 847/846/601 849/848/603 848/847/602
f 849/848/603 850/849/604 848/847/602
f 853/850/605 852/851/606 851/852/607
f 854/853/605 853/850/605 851/852/607
f 855/854/608 853/850/605 854/853/605
f 854/853/605 851/852/607 856/855/606
f 857/856/608 855/854/608 854/853/605
f 858/857/605 854/853/605 856/855/606
f 857/856/608 854/853/605 858/857/605
f 858/857/605 856/855/606 859/858/606
f 860/859/608 857/856/608 858/857/605
f 861/860/605 858/857/605 859/858/606
f 860/859/608 858/857/605 861/860/605
f 862/861/608 860/859/608 861/860/605
f 865/862/609 864/863/610 863/864/611
f 866/865/612 865/862/609 863/864/611
f 866/865/612 863/864/611 867/866/613
f 868/867/614 865/862/609 866/865/612
f 869/868/615 866/865/612 867/866/613
f 869/868/615 867/866/613 870/869/616
f 871/870/617 869/868/615 870/869/616
f 872/871/618 868/867/614 866/865/612
f 872/871/618 866/865/612 869/868/615
f 873/872/619 868/867/614 872/871/618
f 874/873/620 869/868/615 871/870/617
f 874/873/620 872/871/618 869/868/615
f 875/874/621 874/873/620 871/870/617
f 876/875/622 873/872/619 872/871/618
f 876/875/622 872/871/618 874/873/620
f 877/876/623 873/872/619 876/875/622
f 878/877/624 877/876/623 876/875/622
f 879/878/625 874/873/620 875/874/621
f 879/878/625 876/875/622 874/873/620
f 878/877/624 876/875/622 879/878/625
f 880/879/626 879/878/625 875/874/621
f 881/880/627 878/877/624 879/878/625
f 881/880/627 879/878/625 880/879/626
f 882/881/628 881/880/627 880/879/626
f 885/882/629 884/883/630 883/884/631
f 884/883/630 886/885/632 883/884/631
f 884/883/630 887/886/633 886/885/632
f 883/884/631 886/885/632 888/887/634
f 887/886/633 889/888/635 886/885/632
f 886/885/632 890/889/636 888/887/634
f 886/885/632 889/888/635 890/889/636
f 888/887/634 890/889/636 891/890/637
f 889/888/635 892/891/638 890/889/636
f 890/889/636 893/892/639 891/890/637
f 890/889/636 892/891/638 893/892/639
f 892/891/638 894/893/640 893/892/639
f 897/894/641 896/895/642 895/896/643
f 896/895/642 898/897/644 895/896/643
f 895/896/643 898/897/644 899/898/645
f 896/895/642 900/899/646 898/897/644
f 898/897/644 901/900/647 899/898/645
f 899/898/645 901/900/647 902/901/648
f 901/900/647 903/902/649 902/901/648
f 900/899/646 904/903/650 898/897/644
f 898/897/644 904/903/650 901/900/647
f 900/899/646 905/904/651 904/903/650
f 901/900/647 906/905/652 903/902/649
f 904/903/650 906/905/652 901/900/647
f 906/905/652 907/906/653 903/902/649
f 905/904/651 908/907/654 904/903/650
f 904/903/650 908/907/654 906/905/652
f 905/904/651 909/908/655 908/907/654
f 909/908/655 910/909/656 908/907/654
f 906/905/652 911/910/657 907/906/653
f 908/907/654 911/910/657 906/905/652
f 908/907/654 910/909/656 911/910/657
f 911/910/657 912/911/658 907/906/653
f 910/909/656 913/912/659 911/910/657
f 911/910/657 913/912/659 912/911/658
f 913/912/659 914/913/660 912/911/658
f 917/914/661 916/915/662 915/916/663
f 918/917/664 917/914/661 915/916/663
f 918/917/664 915/916/663 919/918/665
f 920/919/666 917/914/661 918/917/664
f 921/920/664 918/917/664 919/918/665
f 921/920/664 919/918/665 922/921/663
f 923/922/667 921/920/664 922/921/663
f 924/923/666 920/919/666 918/917/664
f 924/923/666 918/917/664 921/920/664
f 925/924/668 920/919/666 924/923/666
f 926/925/666 921/920/664 923/922/667
f 926/925/666 924/923/666 921/920/664
f 927/926/666 926/925/666 923/922/667
f 928/927/669 925/924/668 924/923/666
f 928/927/669 924/923/666 926/925/666
f 929/928/670 925/924/668 928/927/669
f 930/929/671 929/928/670 928/927/669
f 931/930/668 926/925/666 927/926/666
f 931/930/668 928/927/669 926/925/666
f 930/929/671 928/927/669 931/930/668
f 932/931/668 931/930/668 927/926/666
f 933/932/670 930/929/671 931/930/668
f 933/932/670 931/930/668 932/931/668
f 934/933/671 933/932/670 932/931/668
f 937/934/672 936/935/673 935/936/674
f 938/937/675 937/934/672 935/936/674
f 938/937/675 935/936/674 939/938/676
f 940/939/677 937/934/672 938/937/675
f 941/940/678 938/937/675 939/938/676
f 941/940/678 939/938/676 942/941/679
f 943/942/680 941/940/678 942/941/679
f 944/943/681 940/939/677 938/937/675
f 944/943/681 938/937/675 941/940/678
f 945/944/682 940/939/677 944/943/681
f 946/945/683 941/940/678 943/942/680
f 946/945/683 944/943/681 941/940/678
f 947/946/684 946/945/683 943/942/680
f 948/947/685 945/944/682 944/943/681
f 948/947/685 944/943/681 946/945/683
f 949/948/686 945/944/682 948/947/685
f 950/949/687 949/948/686 948/947/685
f 951/950/688 946/945/683 947/946/684
f 951/950/688 948/947/685 946/945/683
f 950/949/687 948/947/685 951/950/688
f 952/951/689 951/950/688 947/946/684
f 953/952/690 950/949/687 951/950/688
f 953/952/690 951/950/688 952/951/689
f 954/953/691 953/952/690 952/951/689
f 957/954/692 956/955/693 955/956/694
f 956/955/693 958/957/695 955/956/694
f 956/955/693 959/958/696 958/957/695
f 955/956/694 958/957/695 960/959/697
f 959/958/696 961/960/698 958/957/695
f 958/957/695 962/961/699 960/959/697
f 958/957/695 961/960/698 962/961/699
f 960/959/697 962/961/699 963/962/700
f 961/960/698 964/963/701 962/961/699
f 962/961/699 965/964/702 963/962/700
f 962/961/699 964/963/701 965/964/702
f 964/963/701 966/965/703 965/964/702
f 969/966/704 968/967/705 967/968/706
f 968/967/705 970/969/707 967/968/706
f 967/968/706 970/969/707 971/970/708
f 968/967/705 972/971/709 970/969/707
f 970/969/707 973/972/710 971/970/708
f 971/970/708 973/972/710 974/973/711
f 973/972/710 975/974/712 974/973/711
f 972/971/709 976/975/713 970/969/707
f 970/969/707 976/975/713 973/972/710
f 972/971/709 977/976/714 976/975/713
f 973/972/710 978/977/715 975/974/712
f 976/975/713 978/977/715 973/972/710
f 978/977/715 979/978/716 975/974/712
f 977/976/714 980/979/717 976/975/713
f 976/975/713 980/979/717 978/977/715
f 977/976/714 981/980/718 980/979/717
f 981/980/718 982/981/719 980/979/717
f 978/977/715 983/982/720 979/978/716
f 980/979/717 983/982/720 978/977/715
f 980/979/717 982/981/719 983/982/720
f 983/982/720 984/983/721 979/978/716
f 982/981/719 985/984/722 983/982/720
f 983/982/720 985/984/722 984/983/721
f 985/984/722 986/985/723 984/983/721
f 989/986/724 988/987/725 987/988/726
f 988/987/725 990/989/727 987/988/726
f 987/988/726 990/989/727 991/990/728
f 988/987/725 992/991/729 990/989/727
f 990/989/727 993/992/730 991/990/728
f 991/990/728 993/992/730 994/993/731
f 993/992/730 995/994/732 994/993/731
f 992/991/729 996/995/733 990/989/727
f 990/989/727 996/995/733 993/992/730
f 992/991/729 997/996/734 996/995/733
f 993/992/730 998/997/735 995/994/732
f 996/995/733 998/997/735 993/992/730
f 998/997/735 999/998/736 995/994/732
f 997/996/734 1000/999/737 996/995/733
f 996/995/733 1000/999/737 998/997/735
f 997/996/734 1001/1000/738 1000/999/737
f 1001/1000/738 1002/1001/739 1000/999/737
f 998/997/735 1003/1002/740 999/998/736
f 1000/999/737 1003/1002/740 998/997/735
f 1000/999/737 1002/1001/739 1003/1002/740
f 1003/1002/740 1004/1003/741 999/998/736
f 1002/1001/739 1005/1004/742 1003/1002/740
f 1003/1002/740 1005/1004/742 1004/1003/741
f 1005/1004/742 1006/1005/743 1004/1003/741
f 1009/1006/744 1008/1007/745 1007/1008/746
f 1010/1009/747 1009/1006/744 1007/1008/746
f 1010/1009/747 1007/1008/746 1011/1010/748
f 1012/1011/749 1009/1006/744 1010/1009/747
f 1013/1012/750 1010/1009/747 1011/1010/748
f 1013/1012/750 1011/1010/748 1014/1013/751
f 1015/1014/752 1013/1012/750 1014/1013/751
f 1016/1015/753 1012/1011/749 1010/1009/747
f 1016/1015/753 1010/1009/747 1013/1012/750
f 1017/1016/754 1012/1011/749 1016/1015/753
f 1018/1017/755 1013/1012/750 1015/1014/752
f 1018/1017/755 1016/1015/753 1013/1012/750
f 1019/1018/756 1018/1017/755 1015/1014/752
f 1020/1019/757 1017/1016/754 1016/1015/753
f 1020/1019/757 1016/1015/753 1018/1017/755
f 1021/1020/758 1017/1016/754 1020/1019/757
f 1022/1021/759 1021/1020/758 1020/1019/757
f 1023/1022/760 1018/1017/755 1019/1018/756
f 1023/1022/760 1020/1019/757 1018/1017/755
f 1022/1021/759 1020/1019/757 1023/1022/760
f 1024/1023/761 1023/1022/760 1019/1018/756
f 1025/1024/762 1022/1021/759 1023/1022/760
f 1025/1024/762 1023/1022/760 1024/1023/761
f 1026/1025/763 1025/1024/762 1024/1023/761
f 1029/1026/764 1028/1027/765 1027/1028/765
f 1030/1029/764 1029/1026/764 1027/1028/765
f 1031/1030/766 1029/1026/764 1030/1029/764
f 1030/1029/764 1027/1028/765 1032/1031/765
f 1033/1032/766 1031/1030/766 1030/1029/764
f 1034/1033/764 1030/1029/764 1032/1031/765
f 1033/1032/766 1030/1029/764 1034/1033/764
f 1034/1033/764 1032/1031/765 1035/1034/765
f 1036/1035/766 1033/1032/766 1034/1033/764
f 1037/1036/764 1034/1033/764 1035/1034/765
f 1036/1035/766 1034/1033/764 1037/1036/764
f 1038/1037/766 1036/1035/766 1037/1036/764
f 1041/1038/767 1040/1039/767 1039/1040/767
f 1040/1039/767 1042/1041/767 1039/1040/767
f 1040/1039/767 1043/1042/767 1042/1041/767
f 1039/1040/767 1042/1041/767 1044/1043/768
f 1043/1042/767 1045/1044/767 1042/1041/767
f 1043/1042/767 1046/1045/767 1045/1044/767
f 1046/1045/767 1047/1046/767 1045/1044/767
f 1042/1041/767 1045/1044/767 1048/1047/769
f 1042/1041/767 1048/1047/769 1044/1043/768
f 1045/1044/767 1047/1046/767 1049/1048/770
f 1045/1044/767 1049/1048/770 1048/1047/769
f 1047/1046/767 1050/1049/771 1049/1048/770
f 1050/1049/771 1051/1050/772 1049/1048/770
f 1051/1050/772 1052/1051/773 1049/1048/770
f 1049/1048/770 1052/1051/773 1048/1047/769
f 1052/1051/773 1053/1052/774 1048/1047/769
f 1048/1047/769 1053/1052/774 1044/1043/768
f 1053/1052/774 1054/1053/775 1044/1043/768
f 1044/1043/768 1054/1053/775 1055/1054/776
f 1054/1053/775 1056/1055/777 1055/1054/776
f 1055/1054/776 1056/1055/777 1057/1056/778
f 1056/1055/777 1058/1057/779 1057/1056/778
f 1057/1056/778 1058/1057/779 1059/1058/780
f 1058/1057/779 1060/1059/781 1059/1058/780
f 1063/1060/782 1062/1061/783 1061/1062/784
f 1062/1061/783 1064/1063/785 1061/1062/784
f 1062/1061/783 1065/611/786 1064/1063/785
f 1061/1062/784 1064/1063/785 1066/1064/787
f 1065/611/786 1067/1065/788 1064/1063/785
f 1064/1063/785 1068/1066/789 1066/1064/787
f 1064/1063/785 1067/1065/788 1068/1066/789
f 1066/1064/787 1068/1066/789 1069/1067/790
f 1067/1065/788 1070/1068/791 1068/1066/789
f 1068/1066/789 1071/1069/792 1069/1067/790
f 1068/1066/789 1070/1068/791 1071/1069/792
f 1070/1068/791 1072/1070/793 1071/1069/792
f 1075/1071/794 1074/1072/795 1073/1073/796
f 1074/1072/795 1076/1074/797 1073/1073/796
f 1073/1073/796 1076/1074/797 1077/1075/798
f 1074/1072/795 1078/1076/799 1076/1074/797
f 1076/1074/797 1079/1077/800 1077/1075/798
f 1077/1075/798 1079/1077/800 1080/1078/801
f 1079/1077/800 1081/1079/802 1080/1078/801
f 1078/1076/799 1082/1080/803 1076/1074/797
f 1076/1074/797 1082/1080/803 1079/1077/800
f 1078/1076/799 1083/1081/804 1082/1080/803
f 1079/1077/800 1084/1082/805 1081/1079/802
f 1082/1080/803 1084/1082/805 1079/1077/800
f 1084/1082/805 1085/1083/806 1081/1079/802
f 1083/1081/804 1086/1084/807 1082/1080/803
f 1082/1080/803 1086/1084/807 1084/1082/805
f 1083/1081/804 1087/1085/808 1086/1084/807
f 1087/1085/808 1088/1086/809 1086/1084/807
f 1084/1082/805 1089/1087/810 1085/1083/806
f 1086/1084/807 1089/1087/810 1084/1082/805
f 1086/1084/807 1088/1086/809 1089/1087/810
f 1089/1087/810 1090/1088/811 1085/1083/806
f 1088/1086/809 1091/1089/812 1089/1087/810
f 1089/1087/810 1091/1089/812 1090/1088/811
f 1091/1089/812 1092/1090/813 1090/1088/811
f 1095/1091/814 1094/1092/815 1093/1093/816
f 1096/1094/817 1095/1091/814 1093/1093/816
f 1096/1094/817 1093/1093/816 1097/1095/815
f 1098/1096/818 1095/1091/814 1096/1094/817
f 1099/1097/819 1096/1094/817 1097/1095/815
f 1099/1097/819 1097/1095/815 1100/1098/816
f 1101/1099/817 1099/1097/819 1100/1098/816
f 1102/1100/818 1098/1096/818 1096/1094/817
f 1102/1100/818 1096/1094/817 1099/1097/819
f 1103/1101/820 1098/1096/818 1102/1100/818
f 1104/1102/818 1099/1097/819 1101/1099/817
f 1104/1102/818 1102/1100/818 1099/1097/819
f 1105/1103/818 1104/1102/818 1101/1099/817
f 1106/1104/821 1103/1101/820 1102/1100/818
f 1106/1104/821 1102/1100/818 1104/1102/818
f 1107/1105/822 1103/1101/820 1106/1104/821
f 1108/1106/823 1107/1105/822 1106/1104/821
f 1109/1107/821 1104/1102/818 1105/1103/818
f 1109/1107/821 1106/1104/821 1104/1102/818
f 1108/1106/823 1106/1104/821 1109/1107/821
f 1110/1108/821 1109/1107/821 1105/1103/818
f 1111/1109/824 1108/1106/823 1109/1107/821
f 1111/1109/824 1109/1107/821 1110/1108/821
f 1112/1110/824 1111/1109/824 1110/1108/821
f 1115/1111/825 1114/1112/826 1113/1113/827
f 1116/1114/828 1115/1111/825 1113/1113/827
f 1116/1114/828 1113/1113/827 1117/1115/829
f 1118/1116/830 1115/1111/825 1116/1114/828
f 1119/1117/831 1116/1114/828 1117/1115/829
f 1119/1117/831 1117/1115/829 1120/1118/832
f 1121/1119/833 1119/1117/831 1120/1118/832
f 1122/1120/834 1118/1116/830 1116/1114/828
f 1122/1120/834 1116/1114/828 1119/1117/831
f 1123/1121/835 1118/1116/830 1122/1120/834
f 1124/1122/836 1119/1117/831 1121/1119/833
f 1124/1122/836 1122/1120/834 1119/1117/831
f 1125/1123/837 1124/1122/836 1121/1119/833
f 1126/1124/838 1123/1121/835 1122/1120/834
f 1126/1124/838 1122/1120/834 1124/1122/836
f 1127/1125/839 1123/1121/835 1126/1124/838
f 1128/1126/840 1127/1125/839 1126/1124/838
f 1129/1127/841 1124/1122/836 1125/1123/837
f 1129/1127/841 1126/1124/838 1124/1122/836
f 1128/1126/840 1126/1124/838 1129/1127/841
f 1130/1128/842 1129/1127/841 1125/1123/837
f 1131/1129/843 1128/1126/840 1129/1127/841
f 1131/1129/843 1129/1127/841 1130/1128/842
f 1132/1130/844 1131/1129/843 1130/1128/842
f 1135/1131/845 1134/1132/846 1133/1133/847
f 1134/1132/846 1136/1134/848 1133/1133/847
f 1134/1132/846 1137/1135/849 1136/1134/848
f 1133/1133/847 1136/1134/848 1138/1136/850
f 1137/1135/849 1139/1137/851 1136/1134/848
f 1136/1134/848 1140/1138/852 1138/1136/850
f 1136/1134/848 1139/1137/851 1140/1138/852
f 1138/1136/850 1140/1138/852 1141/1139/853
f 1139/1137/851 1142/1140/854 1140/1138/852
f 1140/1138/852 1143/1141/855 1141/1139/853
f 1140/1138/852 1142/1140/854 1143/1141/855
f 1142/1140/854 1144/1142/856 1143/1141/855
f 1147/1143/857 1146/1144/858 1145/1145/859
f 1146/1144/858 1148/1146/860 1145/1145/859
f 1145/1145/859 1148/1146/860 1149/1147/861
f 1146/1144/858 1150/1148/862 1148/1146/860
f 1148/1146/860 1151/1149/863 1149/1147/861
f 1149/1147/861 1151/1149/863 1152/1150/864
f 1150/1148/862 1153/1151/865 1148/1146/860
f 1148/1146/860 1153/1151/865 1151/1149/863
f 1150/1148/862 1154/1152/866 1153/1151/865
f 1154/1152/866 1155/1153/867 1153/1151/865
f 1153/1151/865 1155/1153/867 1156/1154/868
f 1153/1151/865 1156/1154/868 1151/1149/863
f 1155/1153/867 1157/1155/869 1156/1154/868
f 1151/1149/863 1158/1156/870 1152/1150/864
f 1151/1149/863 1156/1154/868 1158/1156/870
f 1152/1150/864 1158/1156/870 1159/1157/871
f 1158/1156/870 1160/1158/872 1159/1157/871
f 1156/1154/868 1157/1155/869 1161/1159/873
f 1156/1154/868 1161/1159/873 1158/1156/870
f 1158/1156/870 1161/1159/873 1160/1158/872
f 1157/1155/869 1162/1160/874 1161/1159/873
f 1161/1159/873 1163/1161/875 1160/1158/872
f 1161/1159/873 1162/1160/874 1163/1161/875
f 1162/1160/874 1164/1162/876 1163/1161/875
f 1167/1163/877 1166/1164/878 1165/1165/879
f 1168/1166/880 1167/1163/877 1165/1165/879
f 1168/1166/880 1165/1165/879 1169/750/881
f 1170/1167/882 1167/1163/877 1168/1166/880
f 1171/1168/883 1168/1166/880 1169/750/881
f 1171/1168/883 1169/750/881 1172/1169/884
f 1173/1170/885 1170/1167/882 1168/1166/880
f 1173/1170/885 1168/1166/880 1171/1168/883
f 1174/1171/886 1170/1167/882 1173/1170/885
f 1175/1172/887 1174/1171/886 1173/1170/885
f 1175/1172/887 1173/1170/885 1176/1173/888
f 1176/1173/888 1173/1170/885 1171/1168/883
f 1177/1174/889 1175/1172/887 1176/1173/888
f 1178/1175/890 1171/1168/883 1172/1169/884
f 1176/1173/888 1171/1168/883 1178/1175/890
f 1178/1175/890 1172/1169/884 1179/1176/891
f 1180/1177/892 1178/1175/890 1179/1176/891
f 1177/1174/889 1176/1173/888 1181/1178/893
f 1181/1178/893 1176/1173/888 1178/1175/890
f 1181/1178/893 1178/1175/890 1180/1177/892
f 1182/1179/894 1177/1174/889 1181/1178/893
f 1183/1180/895 1181/1178/893 1180/1177/892
f 1182/1179/894 1181/1178/893 1183/1180/895
f 1184/1181/896 1182/1179/894 1183/1180/895
f 1187/1182/897 1186/1183/898 1185/1184/899
f 1186/1183/898 1188/1185/899 1185/1184/899
f 1185/1184/899 1188/1185/899 1189/1186/900
f 1186/1183/898 1190/1187/901 1188/1185/899
f 1188/1185/899 1191/1188/900 1189/1186/900
f 1190/1187/901 1192/1189/899 1188/1185/899
f 1188/1185/899 1192/1189/899 1191/1188/900
f 1190/1187/901 1193/1190/902 1192/1189/899
f 1192/1189/899 1194/1191/900 1191/1188/900
f 1193/1190/902 1195/1192/899 1192/1189/899
f 1192/1189/899 1195/1192/899 1194/1191/900
f 1195/1192/899 1196/1030/900 1194/1191/900
f 1199/113/903 1198/1193/904 1197/1194/905
f 1198/1193/904 1200/1195/905 1197/1194/905
f 1197/1194/905 1200/1195/905 1201/1196/906
f 1198/1193/904 1202/1197/903 1200/1195/905
f 1200/1195/905 1203/1198/907 1201/1196/906
f 1202/1197/903 1204/1199/908 1200/1195/905
f 1200/1195/905 1204/1199/908 1203/1198/907
f 1202/1197/903 1205/1200/903 1204/1199/908
f 1204/1199/908 1206/1201/909 1203/1198/907
f 1205/1200/903 1207/1202/905 1204/1199/908
f 1204/1199/908 1207/1202/905 1206/1201/909
f 1207/1202/905 1208/1203/907 1206/1201/909
f 1211/1204/910 1210/1205/911 1209/1206/912
f 1212/1207/913 1211/1204/910 1209/1206/912
f 1212/1207/913 1209/1206/912 1213/1208/914
f 1214/1209/915 1211/1204/910 1212/1207/913
f 1215/1210/916 1212/1207/913 1213/1208/914
f 1216/1211/917 1214/1209/915 1212/1207/913
f 1216/1211/917 1212/1207/913 1215/1210/916
f 1217/1212/918 1214/1209/915 1216/1211/917
f 1218/1213/919 1216/1211/917 1215/1210/916
f 1219/1214/920 1217/1212/918 1216/1211/917
f 1219/1214/920 1216/1211/917 1218/1213/919
f 1220/1215/921 1219/1214/920 1218/1213/919
f 1223/1216/922 1222/1217/923 1221/1218/924
f 1224/1219/925 1223/1216/922 1221/1218/924
f 1224/1219/925 1221/1218/924 1225/1220/926
f 1226/1221/927 1223/1216/922 1224/1219/925
f 1227/1222/928 1224/1219/925 1225/1220/926
f 1228/1223/929 1226/1221/927 1224/1219/925
f 1228/1223/929 1224/1219/925 1227/1222/928
f 1229/1224/930 1226/1221/927 1228/1223/929
f 1230/1225/931 1228/1223/929 1227/1222/928
f 1231/1226/932 1229/1224/930 1228/1223/929
f 1231/1226/932 1228/1223/929 1230/1225/931
f 1232/1227/933 1231/1226/932 1230/1225/931
f 1235/1228/934 1234/1229/934 1233/1230/935
f 1234/1229/934 1236/1231/936 1233/1230/935
f 1233/1230/935 1236/1231/936 1237/1232/937
f 1234/1229/934 1238/1233/934 1236/1231/936
f 1236/1231/936 1239/1234/937 1237/1232/937
f 1237/1232/937 1239/1234/937 1240/1235/938
f 1238/1233/934 1241/1236/935 1236/1231/936
f 1236/1231/936 1241/1236/935 1239/1234/937
f 1238/1233/934 1242/1237/939 1241/1236/935
f 1242/1237/939 1243/1238/936 1241/1236/935
f 1241/1236/935 1243/1238/936 1244/1239/114
f 1241/1236/935 1244/1239/114 1239/1234/937
f 1243/1238/936 1245/1240/114 1244/1239/114
f 1239/1234/937 1246/1241/940 1240/1235/938
f 1239/1234/937 1244/1239/114 1246/1241/940
f 1240/1235/938 1246/1241/940 1247/1242/941
f 1246/1241/940 1248/1243/941 1247/1242/941
f 1244/1239/114 1245/1240/114 1249/1244/938
f 1244/1239/114 1249/1244/938 1246/1241/940
f 1246/1241/940 1249/1244/938 1248/1243/941
f 1245/1240/114 1250/1245/942 1249/1244/938
f 1249/1244/938 1251/1246/943 1248/1243/941
f 1249/1244/938 1250/1245/942 1251/1246/943
f 1250/1245/942 1252/1247/943 1251/1246/943
f 1255/1248/944 1254/1249/945 1253/1250/946
f 1254/1249/945 1256/1251/947 1253/1250/946
f 1253/1250/946 1256/1251/947 1257/1252/948
f 1254/1249/945 1258/1253/949 1256/1251/947
f 1256/1251/947 1259/1254/950 1257/1252/948
f 1257/1252/948 1259/1254/950 1260/1255/951
f 1259/1254/950 1261/1256/952 1260/1255/951
f 1258/1253/949 1262/1257/953 1256/1251/947
f 1256/1251/947 1262/1257/953 1259/1254/950
f 1258/1253/949 1263/1258/954 1262/1257/953
f 1259/1254/950 1264/1259/955 1261/1256/952
f 1262/1257/953 1264/1259/955 1259/1254/950
f 1264/1259/955 1265/1260/956 1261/1256/952
f 1263/1258/954 1266/1261/957 1262/1257/953
f 1262/1257/953 1266/1261/957 1264/1259/955
f 1263/1258/954 1267/1262/958 1266/1261/957
f 1267/1262/958 1268/1263/959 1266/1261/957
f 1264/1259/955 1269/1264/960 1265/1260/956
f 1266/1261/957 1269/1264/960 1264/1259/955
f 1266/1261/957 1268/1263/959 1269/1264/960
f 1269/1264/960 1270/1265/961 1265/1260/956
f 1268/1263/959 1271/1266/962 1269/1264/960
f 1269/1264/960 1271/1266/962 1270/1265/961
f 1271/1266/962 1272/1267/963 1270/1265/961
f 1275/1268/964 1274/1269/965 1273/1270/966
f 1276/1271/967 1275/1268/964 1273/1270/966
f 1276/1271/967 1273/1270/966 1277/1272/968
f 1278/1273/969 1275/1268/964 1276/1271/967
f 1279/1274/970 1276/1271/967 1277/1272/968
f 1279/1274/970 1277/1272/968 1280/1275/971
f 1281/1276/972 1279/1274/970 1280/1275/971
f 1282/1277/973 1278/1273/969 1276/1271/967
f 1282/1277/973 1276/1271/967 1279/1274/970
f 1283/1278/974 1278/1273/969 1282/1277/973
f 1284/1279/975 1279/1274/970 1281/1276/972
f 1284/1279/975 1282/1277/973 1279/1274/970
f 1285/1280/976 1284/1279/975 1281/1276/972
f 1286/1281/977 1283/1278/974 1282/1277/973
f 1286/1281/977 1282/1277/973 1284/1279/975
f 1287/1282/978 1283/1278/974 1286/1281/977
f 1288/1283/979 1287/1282/978 1286/1281/977
f 1289/1284/980 1284/1279/975 1285/1280/976
f 1289/1284/980 1286/1281/977 1284/1279/975
f 1288/1283/979 1286/1281/977 1289/1284/980
f 1290/1285/981 1289/1284/980 1285/1280/976
f 1291/1286/982 1288/1283/979 1289/1284/980
f 1291/1286/982 1289/1284/980 1290/1285/981
f 1292/1287/983 1291/1286/982 1290/1285/981
f 1295/1288/984 1294/1289/985 1293/1290/986
f 1296/1291/987 1295/1288/984 1293/1290/986
f 1296/1291/987 1293/1290/986 1297/1292/988
f 1298/1293/989 1295/1288/984 1296/1291/987
f 1299/1294/990 1296/1291/987 1297/1292/988
f 1299/1294/990 1297/1292/988 1300/1295/991
f 1301/1296/992 1298/1293/989 1296/1291/987
f 1301/1296/992 1296/1291/987 1299/1294/990
f 1302/1297/993 1298/1293/989 1301/1296/992
f 1303/1298/994 1302/1297/993 1301/1296/992
f 1303/1298/994 1301/1296/992 1304/1299/995
f 1304/1299/995 1301/1296/992 1299/1294/990
f 1305/1300/996 1303/1298/994 1304/1299/995
f 1306/1301/997 1299/1294/990 1300/1295/991
f 1304/1299/995 1299/1294/990 1306/1301/997
f 1306/1301/997 1300/1295/991 1307/1302/998
f 1308/1303/999 1306/1301/997 1307/1302/998
f 1305/1300/996 1304/1299/995 1309/1304/1000
f 1309/1304/1000 1304/1299/995 1306/1301/997
f 1309/1304/1000 1306/1301/997 1308/1303/999
f 1310/1305/1001 1305/1300/996 1309/1304/1000
f 1311/1306/1002 1309/1304/1000 1308/1303/999
f 1310/1305/1001 1309/1304/1000 1311/1306/1002
f 1312/1307/1003 1310/1305/1001 1311/1306/1002
f 1315/1308/1004 1314/1309/1005 1313/1310/1006
f 1314/1309/1005 1316/1311/1007 1313/1310/1006
f 1313/1310/1006 1316/1311/1007 1317/1312/1008
f 1314/1309/1005 1318/1313/1009 1316/1311/1007
f 1316/1311/1007 1319/1314/1010 1317/1312/1008
f 1317/1312/1008 1319/1314/1010 1320/1315/1011
f 1318/1313/1009 1321/1316/1012 1316/1311/1007
f 1316/1311/1007 1321/1316/1012 1319/1314/1010
f 1318/1313/1009 1322/1317/1013 1321/1316/1012
f 1322/1317/1013 1323/1318/1014 1321/1316/1012
f 1321/1316/1012 1323/1318/1014 1324/1319/1015
f 1321/1316/1012 1324/1319/1015 1319/1314/1010
f 1323/1318/1014 1325/1320/1016 1324/1319/1015
f 1319/1314/1010 1326/1321/1017 1320/1315/1011
f 1319/1314/1010 1324/1319/1015 1326/1321/1017
f 1320/1315/1011 1326/1321/1017 1327/1322/1018
f 1326/1321/1017 1328/1323/1019 1327/1322/1018
f 1324/1319/1015 1325/1320/1016 1329/1324/1020
f 1324/1319/1015 1329/1324/1020 1326/1321/1017
f 1326/1321/1017 1329/1324/1020 1328/1323/1019
f 1325/1320/1016 1330/1325/1021 1329/1324/1020
f 1329/1324/1020 1331/1326/1022 1328/1323/1019
f 1329/1324/1020 1330/1325/1021 1331/1326/1022
f 1330/1325/1021 1332/1327/1023 1331/1326/1022
f 1335/1328/1024 1334/1329/1025 1333/1330/1026
f 1334/1329/1025 1336/1331/1027 1333/1330/1026
f 1333/1330/1026 1336/1331/1027 1337/861/1028
f 1334/1329/1025 1338/1332/1025 1336/1331/1027
f 1336/1331/1027 1339/1333/1028 1337/861/1028
f 1338/1332/1025 1340/1334/1026 1336/1331/1027
f 1336/1331/1027 1340/1334/1026 1339/1333/1028
f 1338/1332/1025 1341/1335/1029 1340/1334/1026
f 1340/1334/1026 1342/1336/1030 1339/1333/1028
f 1341/1335/1029 1343/1337/1027 1340/1334/1026
f 1340/1334/1026 1343/1337/1027 1342/1336/1030
f 1343/1337/1027 1344/854/1028 1342/1336/1030
f 1347/1338/1031 1346/1339/1032 1345/1340/1033
f 1346/1339/1032 1348/1341/1033 1345/1340/1033
f 1345/1340/1033 1348/1341/1033 1349/1342/1034
f 1346/1339/1032 1350/1343/1032 1348/1341/1033
f 1348/1341/1033 1351/1344/1035 1349/1342/1034
f 1350/1343/1032 1352/1345/1036 1348/1341/1033
f 1348/1341/1033 1352/1345/1036 1351/1344/1035
f 1350/1343/1032 1353/1346/1032 1352/1345/1036
f 1352/1345/1036 1354/1347/1035 1351/1344/1035
f 1353/1346/1032 1355/1348/1037 1352/1345/1036
f 1352/1345/1036 1355/1348/1037 1354/1347/1035
f 1355/1348/1037 1356/1349/1038 1354/1347/1035
f 1359/1350/1039 1358/1351/1040 1357/1352/1041
f 1358/1351/1040 1360/1353/1042 1357/1352/1041
f 1358/1351/1040 1361/1354/1043 1360/1353/1042
f 1360/1353/1042 1361/1354/1043 1362/1355/1044
f 1363/1356/1045 1360/1353/1042 1362/1355/1044
f 1364/1357/1046 1361/1354/1043 1358/1351/1040
f 1358/1351/1040 1365/1358/1047 1364/1357/1046
f 1366/1359/1048 1364/1357/1046 1365/1358/1047
f 1366/1359/1048 1365/1358/1047 1367/1360/1049
f 1368/1361/1050 1366/1359/1048 1367/1360/1049
f 1369/1362/1051 1364/1357/1046 1366/1359/1048
f 1369/1362/1051 1366/1359/1048 1370/1363/1052
f 1364/1357/1046 1371/1364/1053 1361/1354/1043
f 1369/1362/1051 1371/1364/1053 1364/1357/1046
f 1371/1364/1053 1372/1365/1054 1361/1354/1043
f 1361/1354/1043 1372/1365/1054 1362/1355/1044
f 1371/1364/1053 1373/1366/1055 1372/1365/1054
f 1373/1366/1055 1371/1364/1053 1369/1362/1051
f 1373/1366/1055 1374/1367/1056 1372/1365/1054
f 1362/1355/1044 1372/1365/1054 1374/1367/1056
f 1373/1366/1055 1375/1368/1057 1374/1367/1056
f 1375/1368/1057 1376/1369/1058 1374/1367/1056
f 1377/1370/1059 1369/1362/1051 1370/1363/1052
f 1377/1370/1059 1378/1371/1060 1369/1362/1051
f 1378/1371/1060 1379/1372/1060 1369/1362/1051
f 1377/1370/1059 1370/1363/1052 1380/1373/1061
f 1381/1374/1062 1380/1373/1061 1370/1363/1052
f 1381/1374/1062 1370/1363/1052 1382/1375/1063
f 1383/1376/1064 1381/1374/1062 1382/1375/1063
f 1380/1373/1061 1384/1377/1065 1377/1370/1059
f 1377/1370/1059 1384/1377/1065 1385/1378/1066
f 1380/1373/1061 1381/1374/1062 1386/1379/1067
f 1381/1374/1062 1387/1380/1068 1386/1379/1067
f 1384/1377/1065 1380/1373/1061 1388/1381/1069
f 1380/1373/1061 1386/1379/1067 1388/1381/1069
f 1389/1382/1070 1385/1378/1066 1384/1377/1065
f 1384/1377/1065 1388/1381/1069 1389/1382/1070
f 1385/1378/1066 1389/1382/1070 1390/1383/1071
f 1391/1384/1071 1385/1378/1066 1390/1383/1071
f 1389/1382/1070 1388/1381/1069 1392/1385/1072
f 1392/1385/1072 1388/1381/1069 1386/1379/1067
f 1363/1356/1045 1386/1379/1067 1387/1380/1068
f 1386/1379/1067 1363/1356/1045 1392/1385/1072
f 1363/1356/1045 1387/1380/1068 1393/1386/1073
f 1394/1387/1074 1363/1356/1045 1393/1386/1073
f 1363/1356/1045 1362/1355/1044 1392/1385/1072
f 1392/1385/1072 1362/1355/1044 1395/1388/1075
f 1396/1389/1075 1392/1385/1072 1395/1388/1075
f 1399/1390/1076 1398/1391/1077 1397/1392/1078
f 1400/1393/1079 1399/1390/1076 1397/1392/1078
f 1397/1392/1078 1401/1394/99 1400/1393/1079
f 1401/1394/99 1402/1395/107 1400/1393/1079
f 1401/1394/99 1403/1396/99 1402/1395/107
f 1402/1395/107 1404/1397/1080 1400/1393/1079
f 1404/1397/1080 1405/1398/1080 1400/1393/1079
f 1406/1399/1080 1404/1397/1080 1402/1395/107
f 1403/1396/99 1407/1400/107 1402/1395/107
f 1407/1400/107 1406/1399/1080 1402/1395/107
f 1403/1396/99 1408/1401/99 1407/1400/107
f 1409/1402/1080 1406/1399/1080 1407/1400/107
f 1408/1401/99 1410/1403/107 1407/1400/107
f 1410/1403/107 1409/1402/1080 1407/1400/107
f 1413/1404/1081 1412/1405/1082 1411/1406/1083
f 1414/1407/1084 1413/1404/1081 1411/1406/1083
f 1411/1406/1083 1415/1408/94 1414/1407/1084
f 1415/1408/94 1416/1409/103 1414/1407/1084
f 1415/1408/94 1417/1410/94 1416/1409/103
f 1416/1409/103 1418/1411/97 1414/1407/1084
f 1418/1411/97 1419/1412/1085 1414/1407/1084
f 1420/1413/97 1418/1411/97 1416/1409/103
f 1417/1410/94 1421/1414/103 1416/1409/103
f 1421/1414/103 1420/1413/97 1416/1409/103
f 1417/1410/94 1422/1415/94 1421/1414/103
f 1423/1416/97 1420/1413/97 1421/1414/103
f 1422/1415/94 1424/1417/103 1421/1414/103
f 1424/1417/103 1423/1416/97 1421/1414/103
f 1427/1418/1086 1426/1419/1087 1425/1420/1088
f 1428/1421/1089 1425/1420/1088 1426/1419/1087
f 1425/1420/1088 1429/1422/1090 1427/1418/1086
f 1427/1418/1086 1429/1422/1090 1430/1383/1091
f 1431/1423/1092 1425/1420/1088 1428/1421/1089
f 1425/1420/1088 1431/1423/1092 1429/1422/1090
f 1430/1383/1091 1429/1422/1090 1432/1424/1093
f 1431/1423/1092 1432/1424/1093 1429/1422/1090
f 1428/1421/1089 1433/1425/1094 1431/1423/1092
f 1428/1421/1089 1434/1426/1095 1433/1425/1094
f 1435/1427/1096 1431/1423/1092 1433/1425/1094
f 1431/1423/1092 1435/1427/1096 1432/1424/1093
f 1435/1427/1096 1436/1428/1097 1432/1424/1093
f 1437/1429/1098 1432/1424/1093 1436/1428/1097
f 1432/1424/1093 1437/1429/1098 1430/1383/1091
f 1437/1429/1098 1438/1384/1099 1430/1383/1091
f 1434/1426/1095 1439/1430/1100 1433/1425/1094
f 1437/1429/1098 1440/1431/1101 1438/1384/1099
f 1434/1426/1095 1441/1432/1102 1439/1430/1100
f 1439/1430/1100 1441/1432/1102 1442/1433/1103
f 1443/1434/1104 1442/1433/1103 1441/1432/1102
f 1443/1434/1104 1444/1435/1105 1440/1431/1101
f 1440/1431/1101 1444/1435/1105 1438/1384/1099
f 1441/1432/1102 1444/1435/1105 1443/1434/1104
f 1434/1426/1095 1445/1436/1106 1441/1432/1102
f 1441/1432/1102 1445/1436/1106 1444/1435/1105
f 1446/1437/1107 1445/1436/1106 1434/1426/1095
f 1444/1435/1105 1447/1438/1108 1438/1384/1099
f 1445/1436/1106 1447/1438/1108 1444/1435/1105
f 1445/1436/1106 1446/1437/1107 1447/1438/1108
f 1438/1384/1099 1447/1438/1108 1448/1439/1109
f 1446/1437/1107 1448/1439/1109 1447/1438/1108
f 1451/1440/1110 1450/1441/1111 1449/1442/1111
f 1452/1443/1112 1451/1440/1110 1449/1442/1111
f 1453/1444/1113 1451/1440/1110 1452/1443/1112
f 1449/1442/1111 1450/1441/1111 1454/1445/1114
f 1450/1441/1111 1455/1446/1115 1454/1445/1114
f 1456/1447/1116 1453/1444/1113 1452/1443/1112
f 1457/1448/1117 1453/1444/1113 1456/1447/1116
f 1454/1445/1114 1455/1446/1115 1458/1449/1118
f 1455/1446/1115 1459/1450/1119 1458/1449/1118
f 1460/1451/1120 1457/1448/1117 1456/1447/1116
f 1461/1452/1121 1457/1448/1117 1460/1451/1120
f 1458/1449/1118 1459/1450/1119 1462/1453/1122
f 1459/1450/1119 1463/1454/1123 1462/1453/1122
f 1464/1455/1121 1461/1452/1121 1460/1451/1120
f 1465/1456/1124 1461/1452/1121 1464/1455/1121
f 1462/1453/1122 1463/1454/1123 1466/1457/1125
f 1463/1454/1123 1467/1458/1126 1466/1457/1125
f 1468/1459/1127 1465/1456/1124 1464/1455/1121
f 1469/1460/1128 1465/1456/1124 1468/1459/1127
f 1466/1457/1125 1467/1458/1126 1470/1461/1129
f 1467/1458/1126 1471/1462/1130 1470/1461/1129
f 1472/1463/1131 1469/1460/1128 1468/1459/1127
f 1473/1464/1132 1469/1460/1128 1472/1463/1131
f 1470/1461/1129 1471/1462/1130 1474/1465/1133
f 1471/1462/1130 1475/1466/1134 1474/1465/1133
f 1476/1467/1135 1473/1464/1132 1472/1463/1131
f 1477/163/1136 1473/1464/1132 1476/1467/1135
f 1474/1465/1133 1475/1466/1134 1478/1468/1137
f 1475/1466/1134 1479/161/1138 1478/1468/1137
f 1479/161/1138 1477/163/1136 1480/1469/1136
f 1480/1469/1136 1477/163/1136 1476/1467/1135
f 1478/1468/1137 1479/161/1138 1480/1469/1136
f 1466/1457/1125 1470/1461/1129 1481/1470/1139
f 1470/1461/1129 1474/1465/1133 1482/1471/1140
f 1481/1470/1139 1470/1461/1129 1482/1471/1140
f 1474/1465/1133 1478/1468/1137 1483/1472/1141
f 1482/1471/1140 1474/1465/1133 1483/1472/1141
f 1478/1468/1137 1480/1469/1136 1484/1473/1142
f 1483/1472/1141 1478/1468/1137 1484/1473/1142
f 1480/1469/1136 1476/1467/1135 1485/1474/1143
f 1484/1473/1142 1480/1469/1136 1485/1474/1143
f 1476/1467/1135 1472/1463/1131 1486/1475/1144
f 1485/1474/1143 1476/1467/1135 1486/1475/1144
f 1487/1476/1145 1466/1457/1125 1481/1470/1139
f 1462/1453/1122 1466/1457/1125 1487/1476/1145
f 1486/1475/1144 1472/1463/1131 1488/1477/1146
f 1472/1463/1131 1468/1459/1127 1488/1477/1146
f 1489/1478/1147 1462/1453/1122 1487/1476/1145
f 1458/1449/1118 1462/1453/1122 1489/1478/1147
f 1488/1477/1146 1468/1459/1127 1490/1479/1148
f 1468/1459/1127 1464/1455/1121 1490/1479/1148
f 1491/1480/1149 1458/1449/1118 1489/1478/1147
f 1454/1445/1114 1458/1449/1118 1491/1480/1149
f 1490/1479/1148 1464/1455/1121 1492/1481/1150
f 1464/1455/1121 1460/1451/1120 1492/1481/1150
f 1493/1482/1151 1454/1445/1114 1491/1480/1149
f 1449/1442/1111 1454/1445/1114 1493/1482/1151
f 1492/1481/1150 1460/1451/1120 1494/1483/1152
f 1460/1451/1120 1456/1447/1116 1494/1483/1152
f 1495/1484/1153 1449/1442/1111 1493/1482/1151
f 1452/1443/1112 1449/1442/1111 1495/1484/1153
f 1456/1447/1116 1452/1443/1112 1496/1485/1154
f 1494/1483/1152 1456/1447/1116 1496/1485/1154
f 1496/1485/1154 1452/1443/1112 1495/1484/1153
f 1491/1480/1149 1489/1478/1147 1497/1486/1155
f 1493/1482/1151 1491/1480/1149 1498/1487/1156
f 1498/1487/1156 1491/1480/1149 1497/1486/1155
f 1495/1484/1153 1493/1482/1151 1499/1488/1157
f 1499/1488/1157 1493/1482/1151 1498/1487/1156
f 1496/1485/1154 1495/1484/1153 1500/1489/1158
f 1500/1489/1158 1495/1484/1153 1499/1488/1157
f 1494/1483/1152 1496/1485/1154 1501/1490/1159
f 1501/1490/1159 1496/1485/1154 1500/1489/1158
f 1492/1481/1150 1494/1483/1152 1502/1491/1160
f 1502/1491/1160 1494/1483/1152 1501/1490/1159
f 1497/1486/1155 1489/1478/1147 1503/1492/1161
f 1489/1478/1147 1487/1476/1145 1503/1492/1161
f 1504/1493/1162 1492/1481/1150 1502/1491/1160
f 1490/1479/1148 1492/1481/1150 1504/1493/1162
f 1503/1492/1161 1487/1476/1145 1505/1494/1163
f 1487/1476/1145 1481/1470/1139 1505/1494/1163
f 1506/1495/1164 1490/1479/1148 1504/1493/1162
f 1488/1477/1146 1490/1479/1148 1506/1495/1164
f 1505/1494/1163 1481/1470/1139 1507/1496/1165
f 1481/1470/1139 1482/1471/1140 1507/1496/1165
f 1508/1497/1166 1488/1477/1146 1506/1495/1164
f 1486/1475/1144 1488/1477/1146 1508/1497/1166
f 1507/1496/1165 1482/1471/1140 1509/1498/1167
f 1482/1471/1140 1483/1472/1141 1509/1498/1167
f 1510/1499/1168 1486/1475/1144 1508/1497/1166
f 1485/1474/1143 1486/1475/1144 1510/1499/1168
f 1509/1498/1167 1483/1472/1141 1511/1500/1169
f 1483/1472/1141 1484/1473/1142 1511/1500/1169
f 1484/1473/1142 1485/1474/1143 1512/1501/1170
f 1512/1501/1170 1485/1474/1143 1510/1499/1168
f 1511/1500/1169 1484/1473/1142 1512/1501/1170
f 1505/1494/1163 1507/1496/1165 1513/1502/1171
f 1514/1503/1172 1505/1494/1163 1513/1502/1171
f 1513/1502/1171 1507/1496/1165 1515/1504/1173
f 1507/1496/1165 1509/1498/1167 1515/1504/1173
f 1503/1492/1161 1505/1494/1163 1514/1503/1172
f 1515/1504/1173 1509/1498/1167 1516/1505/1174
f 1509/1498/1167 1511/1500/1169 1516/1505/1174
f 1517/1506/1175 1503/1492/1161 1514/1503/1172
f 1516/1505/1174 1511/1500/1169 1518/1507/1176
f 1511/1500/1169 1512/1501/1170 1518/1507/1176
f 1497/1486/1155 1503/1492/1161 1517/1506/1175
f 1518/1507/1176 1512/1501/1170 1519/1508/1177
f 1520/1509/1178 1497/1486/1155 1517/1506/1175
f 1512/1501/1170 1510/1499/1168 1519/1508/1177
f 1498/1487/1156 1497/1486/1155 1520/1509/1178
f 1519/1508/1177 1510/1499/1168 1521/1510/1179
f 1522/1511/1180 1498/1487/1156 1520/1509/1178
f 1510/1499/1168 1508/1497/1166 1521/1510/1179
f 1499/1488/1157 1498/1487/1156 1522/1511/1180
f 1521/1510/1179 1508/1497/1166 1523/1512/1181
f 1524/1513/1182 1499/1488/1157 1522/1511/1180
f 1508/1497/1166 1506/1495/1164 1523/1512/1181
f 1500/1489/1158 1499/1488/1157 1524/1513/1182
f 1523/1512/1181 1506/1495/1164 1525/1514/1183
f 1526/1515/1184 1500/1489/1158 1524/1513/1182
f 1506/1495/1164 1504/1493/1162 1525/1514/1183
f 1501/1490/1159 1500/1489/1158 1526/1515/1184
f 1525/1514/1183 1504/1493/1162 1527/1516/1185
f 1528/1517/1186 1501/1490/1159 1526/1515/1184
f 1504/1493/1162 1502/1491/1160 1527/1516/1185
f 1502/1491/1160 1501/1490/1159 1528/1517/1186
f 1527/1516/1185 1502/1491/1160 1528/1517/1186
f 1531/1518/1187 1530/1519/1188 1529/1520/1189
f 1532/1521/1190 1531/1518/1187 1529/1520/1189
f 1529/1520/1189 1530/1519/1188 1533/1522/1191
f 1530/1519/1188 1534/1523/1192 1533/1522/1191
f 1533/1522/1191 1534/1523/1192 1535/1524/1193
f 1536/1525/1194 1534/1523/1192 1530/1519/1188
f 1534/1523/1192 1536/1525/1194 1535/1524/1193
f 1530/1519/1188 1531/1518/1187 1536/1525/1194
f 1535/1524/1193 1536/1525/1194 1537/1526/1195
f 1536/1525/1194 1538/1527/1196 1537/1526/1195
f 1531/1518/1187 1538/1527/1196 1536/1525/1194
f 1537/1526/1195 1538/1527/1196 1539/1528/1197
f 1540/1529/1198 1531/1518/1187 1532/1521/1190
f 1531/1518/1187 1540/1529/1198 1538/1527/1196
f 1541/1530/1199 1540/1529/1198 1532/1521/1190
f 1538/1527/1196 1542/1531/1200 1539/1528/1197
f 1540/1529/1198 1542/1531/1200 1538/1527/1196
f 1539/1528/1197 1542/1531/1200 1543/1532/1201
f 1542/1531/1200 1544/1533/1202 1543/1532/1201
f 1540/1529/1198 1544/1533/1202 1542/1531/1200
f 1543/1532/1201 1544/1533/1202 1545/1534/1203
f 1546/1535/1204 1540/1529/1198 1541/1530/1199
f 1540/1529/1198 1546/1535/1204 1544/1533/1202
f 1547/1536/1205 1546/1535/1204 1541/1530/1199
f 1544/1533/1202 1548/1537/1206 1545/1534/1203
f 1546/1535/1204 1548/1537/1206 1544/1533/1202
f 1545/1534/1203 1548/1537/1206 1549/1538/1207
f 1550/1539/1208 1546/1535/1204 1547/1536/1205
f 1546/1535/1204 1550/1539/1208 1548/1537/1206
f 1551/1540/1209 1550/1539/1208 1547/1536/1205
f 1552/1541/1210 1550/1539/1208 1551/1540/1209
f 1550/1539/1208 1552/1541/1210 1548/1537/1206
f 1553/1542/1211 1552/1541/1210 1551/1540/1209
f 1548/1537/1206 1554/1543/1212 1549/1538/1207
f 1552/1541/1210 1554/1543/1212 1548/1537/1206
f 1549/1538/1207 1554/1543/1212 1555/1544/1213
f 1556/1545/1214 1552/1541/1210 1553/1542/1211
f 1552/1541/1210 1556/1545/1214 1554/1543/1212
f 1557/1546/1215 1556/1545/1214 1553/1542/1211
f 1554/1543/1212 1558/1547/1216 1555/1544/1213
f 1556/1545/1214 1558/1547/1216 1554/1543/1212
f 1555/1544/1213 1558/1547/1216 1559/1548/1217
f 1560/1549/1218 1556/1545/1214 1557/1546/1215
f 1559/1548/1217 1560/1549/1218 1557/1546/1215
f 1556/1545/1214 1560/1549/1218 1558/1547/1216
f 1558/1547/1216 1560/1549/1218 1559/1548/1217
f 3/1/1 2/2/2 1/3/3
f 2/2/2 4/4/4 1/3/3
f 1/3/3 4/4/4 5/5/5
f 2/2/2 6/6/6 4/4/4
f 4/4/4 7/7/7 5/5/5
f 5/5/5 7/7/7 8/8/8
f 7/7/7 9/9/9 8/8/8
f 6/6/6 10/10/10 4/4/4
f 4/4/4 10/10/10 7/7/7
f 6/6/6 11/11/11 10/10/10
f 7/7/7 12/12/12 9/9/9
f 10/10/10 12/12/12 7/7/7
f 12/12/12 13/13/13 9/9/9
f 11/11/11 14/14/14 10/10/10
f 10/10/10 14/14/14 12/12/12
f 11/11/11 15/15/15 14/14/14
f 12/12/12 16/16/16 13/13/13
f 14/14/14 16/16/16 12/12/12
f 16/16/16 17/17/17 13/13/13
f 15/15/15 18/18/18 14/14/14
f 14/14/14 18/18/18 16/16/16
f 15/15/15 19/19/19 18/18/18
f 19/19/19 20/20/20 18/18/18
f 16/16/16 21/21/21 17/17/17
f 18/18/18 21/21/21 16/16/16
f 18/18/18 20/20/20 21/21/21
f 21/21/21 22/22/22 17/17/17
f 20/20/20 23/23/23 21/21/21
f 21/21/21 23/23/23 22/22/22
f 23/23/23 24/24/24 22/22/22
f 27/25/25 26/26/26 25/27/27
f 26/26/26 28/28/28 25/27/27
f 25/27/27 28/28/28 29/29/29
f 26/26/26 30/30/30 28/28/28
f 28/28/28 31/31/31 29/29/29
f 29/29/29 31/31/31 32/32/32
f 31/31/31 33/33/33 32/32/32
f 30/30/30 34/34/34 28/28/28
f 28/28/28 34/34/34 31/31/31
f 30/30/30 35/35/35 34/34/34
f 31/31/31 36/36/36 33/33/33
f 34/34/34 36/36/36 31/31/31
f 36/36/36 37/37/37 33/33/33
f 35/35/35 38/38/38 34/34/34
f 34/34/34 38/38/38 36/36/36
f 35/35/35 39/39/39 38/38/38
f 39/39/39 40/40/40 38/38/38
f 36/36/36 41/41/41 37/37/37
f 38/38/38 41/41/41 36/36/36
f 38/38/38 40/40/40 41/41/41
f 41/41/41 42/42/42 37/37/37
f 40/40/40 43/43/43 41/41/41
f 41/41/41 43/43/43 42/42/42
f 43/43/43 44/44/44 42/42/42
f 47/45/45 46/46/46 45/47/47
f 46/46/46 48/48/48 45/47/47
f 45/47/47 48/48/48 49/49/49
f 46/46/46 50/50/50 48/48/48
f 48/48/48 51/51/51 49/49/49
f 49/49/49 51/51/51 52/52/52
f 51/51/51 53/53/53 52/52/52
f 50/50/50 54/54/54 48/48/48
f 48/48/48 54/54/54 51/51/51
f 50/50/50 55/55/55 54/54/54
f 51/51/51 56/56/56 53/53/53
f 54/54/54 56/56/56 51/51/51
f 56/56/56 57/57/57 53/53/53
f 55/55/55 58/58/58 54/54/54
f 54/54/54 58/58/58 56/56/56
f 55/55/55 59/59/59 58/58/58
f 59/59/59 60/60/60 58/58/58
f 56/56/56 61/61/61 57/57/57
f 58/58/58 61/61/61 56/56/56
f 58/58/58 60/60/60 61/61/61
f 61/61/61 62/62/62 57/57/57
f 60/60/60 63/63/63 61/61/61
f 61/61/61 63/63/63 62/62/62
f 63/63/63 64/64/64 62/62/62
f 67/65/65 66/66/66 65/67/67
f 66/66/66 68/68/68 65/67/67
f 65/67/67 68/68/68 69/69/69
f 66/66/66 70/70/70 68/68/68
f 68/68/68 71/71/71 69/69/69
f 69/69/69 71/71/71 72/72/72
f 71/71/71 73/73/73 72/72/72
f 70/70/70 74/74/74 68/68/68
f 68/68/68 74/74/74 71/71/71
f 70/70/70 75/75/75 74/74/74
f 75/75/75 76/76/76 74/74/74
f 71/71/71 77/77/77 73/73/73
f 74/74/74 77/77/77 71/71/71
f 74/74/74 76/76/76 77/77/77
f 77/77/77 78/78/78 73/73/73
f 76/76/76 79/79/79 77/77/77
f 77/77/77 79/79/79 78/78/78
f 79/79/79 80/80/80 78/78/78
f 83/81/81 82/82/81 81/83/81
f 81/83/81 84/84/81 83/81/81
f 84/84/81 85/85/81 83/81/81
f 84/84/81 86/86/81 85/85/81
f 86/86/81 87/87/81 85/85/81
f 86/86/81 88/88/81 87/87/81
f 88/88/81 89/89/81 87/87/81
f 88/88/81 90/90/81 89/89/81
f 90/90/81 91/91/81 89/89/81
f 90/90/81 92/92/81 91/91/81
f 90/90/81 93/93/81 92/92/81
f 93/93/81 94/94/81 92/92/81
f 93/93/81 95/95/81 94/94/81
f 95/95/81 96/96/81 94/94/81
f 99/97/82 98/98/82 97/99/82
f 97/99/82 100/100/82 99/97/82
f 100/100/82 101/101/82 99/97/82
f 100/100/82 102/102/82 101/101/82
f 102/102/82 103/103/82 101/101/82
f 102/102/82 104/104/82 103/103/82
f 104/104/82 105/105/82 103/103/82
f 104/104/82 106/106/82 105/105/82
f 104/104/82 107/107/82 106/106/82
f 107/107/82 108/108/82 106/106/82
f 108/108/82 109/109/82 106/106/82
f 108/108/82 110/110/82 109/109/82
f 110/110/82 111/111/82 109/109/82
f 110/110/82 112/112/82 111/111/82
f 115/113/83 114/114/83 113/115/84
f 114/114/83 116/116/84 113/115/84
f 113/115/84 116/116/84 117/117/85
f 116/116/84 118/118/85 117/117/85
f 117/117/85 118/118/85 119/119/86
f 118/118/85 120/120/86 119/119/86
f 119/119/86 120/120/86 121/121/87
f 120/120/86 122/122/87 121/121/87
f 121/121/87 122/122/87 123/123/88
f 122/122/87 124/124/88 123/123/88
f 127/125/89 126/126/89 125/127/90
f 126/126/89 128/128/90 125/127/90
f 125/127/90 128/128/90 129/129/91
f 128/128/90 130/130/91 129/129/91
f 129/129/91 130/130/91 131/131/92
f 130/130/91 132/132/92 131/131/92
f 131/131/92 132/132/92 133/133/93
f 132/132/92 134/134/93 133/133/93
f 137/135/94 136/136/95 135/137/95
f 138/138/94 137/135/94 135/137/95
f 139/139/96 137/135/94 138/138/94
f 140/140/96 139/139/96 138/138/94
f 141/141/97 139/139/96 140/140/96
f 142/142/97 141/141/97 140/140/96
f 143/143/98 141/141/97 142/142/97
f 144/144/98 143/143/98 142/142/97
f 147/145/99 146/146/100 145/147/100
f 148/148/99 147/145/99 145/147/100
f 149/149/101 147/145/99 148/148/99
f 150/150/101 149/149/101 148/148/99
f 151/151/102 149/149/101 150/150/101
f 152/152/102 151/151/102 150/150/101
f 155/153/81 154/154/81 153/155/81
f 153/155/81 156/156/81 155/153/81
f 156/156/81 157/157/81 155/153/81
f 156/156/81 158/158/81 157/157/81
f 158/158/81 159/159/81 157/157/81
f 158/158/81 160/160/81 159/159/81
f 160/160/81 161/161/81 159/159/81
f 160/160/81 162/162/81 161/161/81
f 162/162/81 163/163/81 161/161/81
f 162/162/81 164/164/81 163/163/81
f 162/162/81 165/165/81 164/164/81
f 165/165/81 166/166/81 164/164/81
f 166/166/81 167/167/81 164/164/81
f 166/166/81 168/168/81 167/167/81
f 171/169/94 170/170/95 169/171/95
f 172/172/94 171/169/94 169/171/95
f 172/172/94 169/171/95 173/173/95
f 174/174/103 171/169/94 172/172/94
f 175/175/94 172/172/94 173/173/95
f 175/175/94 173/173/95 176/176/95
f 177/177/94 175/175/94 176/176/95
f 178/178/103 174/174/103 172/172/94
f 178/178/103 172/172/94 175/175/94
f 179/179/104 174/174/103 178/178/103
f 180/180/103 175/175/94 177/177/94
f 180/180/103 178/178/103 175/175/94
f 181/181/103 180/180/103 177/177/94
f 182/182/104 179/179/104 178/178/103
f 182/182/104 178/178/103 180/180/103
f 183/183/105 179/179/104 182/182/104
f 184/184/105 183/183/105 182/182/104
f 185/185/104 180/180/103 181/181/103
f 185/185/104 182/182/104 180/180/103
f 184/184/105 182/182/104 185/185/104
f 186/186/104 185/185/104 181/181/103
f 187/187/105 184/184/105 185/185/104
f 187/187/105 185/185/104 186/186/104
f 188/188/105 187/187/105 186/186/104
f 191/189/99 190/190/106 189/191/106
f 192/192/99 191/189/99 189/191/106
f 192/192/99 189/191/106 193/193/106
f 194/194/107 191/189/99 192/192/99
f 195/195/99 192/192/99 193/193/106
f 195/195/99 193/193/106 196/196/106
f 197/197/99 195/195/99 196/196/106
f 198/198/107 194/194/107 192/192/99
f 198/198/107 192/192/99 195/195/99
f 199/199/108 194/194/107 198/198/107
f 200/200/109 199/199/108 198/198/107
f 201/201/107 195/195/99 197/197/99
f 201/201/107 198/198/107 195/195/99
f 200/200/109 198/198/107 201/201/107
f 202/202/107 201/201/107 197/197/99
f 203/203/109 200/200/109 201/201/107
f 203/203/109 201/201/107 202/202/107
f 204/204/109 203/203/109 202/202/107
f 207/205/110 206/206/111 205/207/111
f 208/208/110 207/205/110 205/207/111
f 208/208/110 205/207/111 209/209/111
f 210/210/112 207/205/110 208/208/110
f 211/211/110 208/208/110 209/209/111
f 211/211/110 209/209/111 212/212/88
f 213/213/110 211/211/110 212/212/88
f 214/214/112 210/210/112 208/208/110
f 214/214/112 208/208/110 211/211/110
f 215/215/113 210/210/112 214/214/112
f 216/216/114 211/211/110 213/213/110
f 216/216/114 214/214/112 211/211/110
f 217/217/114 216/216/114 213/213/110
f 218/218/113 215/215/113 214/214/112
f 218/218/113 214/214/112 216/216/114
f 219/219/115 215/215/113 218/218/113
f 220/220/113 216/216/114 217/217/114
f 220/220/113 218/218/113 216/216/114
f 221/221/113 220/220/113 217/217/114
f 222/222/115 219/219/115 218/218/113
f 222/222/115 218/218/113 220/220/113
f 223/223/116 219/219/115 222/222/115
f 224/224/116 223/223/116 222/222/115
f 225/225/115 220/220/113 221/221/113
f 225/225/115 222/222/115 220/220/113
f 224/224/116 222/222/115 225/225/115
f 226/226/115 225/225/115 221/221/113
f 227/227/116 224/224/116 225/225/115
f 227/227/116 225/225/115 226/226/115
f 228/228/116 227/227/116 226/226/115
f 231/229/117 230/230/118 229/231/118
f 232/232/117 231/229/117 229/231/118
f 232/232/117 229/231/118 233/233/118
f 234/234/91 231/229/117 232/232/117
f 235/235/119 232/232/117 233/233/118
f 235/235/119 233/233/118 236/236/118
f 237/237/119 235/235/119 236/236/118
f 238/238/91 234/234/91 232/232/117
f 238/238/91 232/232/117 235/235/119
f 239/239/120 234/234/91 238/238/91
f 240/240/91 235/235/119 237/237/119
f 240/240/91 238/238/91 235/235/119
f 241/241/91 240/240/91 237/237/119
f 242/242/120 239/239/120 238/238/91
f 242/242/120 238/238/91 240/240/91
f 243/243/121 239/239/120 242/242/120
f 244/244/121 243/243/121 242/242/120
f 245/245/120 240/240/91 241/241/91
f 245/245/120 242/242/120 240/240/91
f 244/244/121 242/242/120 245/245/120
f 246/246/120 245/245/120 241/241/91
f 247/247/89 244/244/121 245/245/120
f 247/247/89 245/245/120 246/246/120
f 248/248/89 247/247/89 246/246/120
f 251/249/122 250/250/123 249/251/124
f 252/252/125 251/249/122 249/251/124
f 252/252/125 249/251/124 253/253/94
f 249/251/124 254/254/94 253/253/94
f 252/252/125 255/255/126 251/249/122
f 255/255/126 256/256/127 251/249/122
f 259/257/128 258/258/129 257/259/130
f 258/258/129 260/260/131 257/259/130
f 260/260/131 261/261/132 257/259/130
f 261/261/132 262/262/133 257/259/130
f 260/260/131 258/258/129 263/263/117
f 258/258/129 264/264/117 263/263/117
f 267/265/134 266/266/135 265/267/136
f 266/266/135 268/268/137 265/267/136
f 268/268/137 269/269/138 265/267/136
f 269/269/138 270/270/139 265/267/136
f 268/268/137 266/266/135 271/271/114
f 266/266/135 272/272/114 271/271/114
f 275/273/140 274/274/141 273/275/142
f 276/276/143 275/273/140 273/275/142
f 276/276/143 273/275/142 277/277/99
f 273/275/142 278/278/99 277/277/99
f 276/276/143 279/279/144 275/273/140
f 279/279/144 280/280/145 275/273/140
f 283/281/146 282/282/147 281/283/146
f 282/282/147 284/284/85 281/283/146
f 281/283/146 284/284/85 285/285/146
f 284/284/85 286/286/85 285/285/146
f 285/285/146 286/286/85 287/287/146
f 286/286/85 288/288/85 287/287/146
f 289/289/114 288/288/85 286/286/85
f 290/290/114 289/289/114 286/286/85
f 290/290/114 286/286/85 284/284/85
f 291/291/114 290/290/114 284/284/85
f 291/291/114 284/284/85 282/282/147
f 292/292/148 291/291/114 282/282/147
f 282/282/147 293/293/149 292/292/148
f 293/293/149 294/294/150 292/292/148
f 297/295/151 296/296/152 295/297/90
f 296/296/152 298/298/153 295/297/90
f 295/297/90 298/298/153 299/299/90
f 298/298/153 300/300/153 299/299/90
f 299/299/90 300/300/153 301/301/90
f 300/300/153 302/302/153 301/301/90
f 303/303/117 302/302/153 300/300/153
f 304/304/117 303/303/117 300/300/153
f 304/304/117 300/300/153 298/298/153
f 305/305/117 304/304/117 298/298/153
f 305/305/117 298/298/153 296/296/152
f 306/306/154 305/305/117 296/296/152
f 296/296/152 307/307/155 306/306/154
f 307/307/155 308/308/156 306/306/154
f 311/309/157 310/310/158 309/311/159
f 310/310/158 312/312/160 309/311/159
f 309/311/159 312/312/160 313/313/161
f 312/312/160 314/314/162 313/313/161
f 313/313/161 314/314/162 315/315/163
f 314/314/162 316/316/164 315/315/163
f 319/317/165 318/318/166 317/319/167
f 318/318/166 320/320/168 317/319/167
f 317/319/167 320/320/168 321/321/169
f 320/320/168 322/322/170 321/321/169
f 321/321/169 322/322/170 323/323/171
f 322/322/170 324/324/172 323/323/171
f 323/323/171 324/324/172 325/325/173
f 324/324/172 326/326/174 325/325/173
f 325/325/173 326/326/174 327/327/175
f 326/326/174 328/328/176 327/327/175
f 327/327/175 328/328/176 329/329/177
f 328/328/176 330/330/178 329/329/177
f 329/329/177 330/330/178 331/331/179
f 330/330/178 332/332/180 331/331/179
f 331/331/179 332/332/180 333/333/181
f 332/332/180 334/334/182 333/333/181
f 337/335/183 336/336/81 335/337/183
f 336/336/81 338/338/81 335/337/183
f 335/337/183 338/338/81 339/339/81
f 338/338/81 340/340/81 339/339/81
f 339/339/81 340/340/81 341/341/81
f 340/340/81 342/342/81 341/341/81
f 341/341/81 342/342/81 343/343/81
f 342/342/81 344/344/81 343/343/81
f 347/345/184 346/346/185 345/347/186
f 346/346/185 348/348/187 345/347/186
f 345/347/186 348/348/187 349/349/188
f 348/348/187 350/350/189 349/349/188
f 349/349/188 350/350/189 351/351/190
f 350/350/189 352/352/191 351/351/190
f 355/353/192 354/354/193 353/355/194
f 354/354/193 356/356/195 353/355/194
f 353/355/194 356/356/195 357/357/196
f 356/356/195 358/358/197 357/357/196
f 361/359/198 360/360/199 359/361/200
f 360/360/199 362/362/201 359/361/200
f 359/361/200 362/362/201 363/363/202
f 362/362/201 364/364/203 363/363/202
f 363/363/202 364/364/203 365/365/204
f 364/364/203 366/366/205 365/365/204
f 365/365/204 366/366/205 367/367/206
f 366/366/205 368/368/207 367/367/206
f 367/367/206 368/368/207 369/369/208
f 368/368/207 370/370/209 369/369/208
f 369/369/208 370/370/209 371/371/210
f 370/370/209 372/372/211 371/371/210
f 371/371/210 372/372/211 373/373/212
f 372/372/211 374/374/213 373/373/212
f 373/373/212 374/374/213 375/375/214
f 374/374/213 376/376/215 375/375/214
f 379/377/216 378/378/81 377/379/216
f 378/378/81 380/380/81 377/379/216
f 377/379/216 380/380/81 381/381/81
f 380/380/81 382/382/81 381/381/81
f 381/381/81 382/382/81 383/383/81
f 382/382/81 384/384/81 383/383/81
f 383/383/81 384/384/81 385/385/81
f 384/384/81 386/386/81 385/385/81
f 389/387/217 388/388/218 387/389/219
f 388/388/218 390/390/220 387/389/219
f 387/389/219 390/390/220 391/391/221
f 390/390/220 392/392/222 391/391/221
f 395/393/223 394/394/224 393/395/225
f 394/394/224 396/396/226 393/395/225
f 393/395/225 396/396/226 397/397/227
f 396/396/226 398/398/228 397/397/227
f 397/397/227 398/398/228 399/399/229
f 398/398/228 400/400/230 399/399/229
f 399/399/229 400/400/230 401/401/231
f 400/400/230 402/402/232 401/401/231
f 401/401/231 402/402/232 403/403/233
f 402/402/232 404/404/234 403/403/233
f 403/403/233 404/404/234 405/405/235
f 404/404/234 406/406/236 405/405/235
f 409/407/237 408/408/238 407/409/239
f 408/408/238 410/410/240 407/409/239
f 407/409/239 410/410/240 411/411/241
f 410/410/240 412/412/242 411/411/241
f 411/411/241 412/412/242 413/413/243
f 412/412/242 414/414/244 413/413/243
f 413/413/243 414/414/244 415/415/245
f 414/414/244 416/416/246 415/415/245
f 415/415/245 416/416/246 417/417/247
f 416/416/246 418/418/248 417/417/247
f 417/417/247 418/418/248 419/419/249
f 418/418/248 420/420/250 419/419/249
f 419/419/249 420/420/250 421/421/251
f 420/420/250 422/422/252 421/421/251
f 421/421/251 422/422/252 423/423/253
f 422/422/252 424/424/254 423/423/253
f 427/425/81 426/426/81 425/427/81
f 426/426/81 428/428/81 425/427/81
f 425/427/81 428/428/81 429/429/81
f 428/428/81 430/430/81 429/429/81
f 429/429/81 430/430/81 431/431/216
f 430/430/81 432/432/81 431/431/216
f 431/431/216 432/432/81 433/433/216
f 432/432/81 434/434/183 433/433/216
f 437/435/255 436/436/256 435/437/257
f 436/436/256 438/438/258 435/437/257
f 435/437/257 438/438/258 439/439/259
f 438/438/258 440/440/260 439/439/259
f 443/441/261 442/442/262 441/443/263
f 442/442/262 444/444/264 441/443/263
f 441/443/263 444/444/264 445/445/265
f 442/442/262 446/446/266 444/444/264
f 444/444/264 447/447/267 445/445/265
f 445/445/265 447/447/267 448/448/268
f 447/447/267 449/449/269 448/448/268
f 446/446/266 450/450/270 444/444/264
f 444/444/264 450/450/270 447/447/267
f 446/446/266 451/451/271 450/450/270
f 447/447/267 452/452/272 449/449/269
f 450/450/270 452/452/272 447/447/267
f 452/452/272 453/453/273 449/449/269
f 451/451/271 454/454/274 450/450/270
f 450/450/270 454/454/274 452/452/272
f 451/451/271 455/455/275 454/454/274
f 452/452/272 456/456/276 453/453/273
f 454/454/274 456/456/276 452/452/272
f 456/456/276 457/457/277 453/453/273
f 455/455/275 458/458/278 454/454/274
f 454/454/274 458/458/278 456/456/276
f 455/455/275 459/459/279 458/458/278
f 459/459/279 460/460/280 458/458/278
f 456/456/276 461/461/281 457/457/277
f 458/458/278 461/461/281 456/456/276
f 458/458/278 460/460/280 461/461/281
f 461/461/281 462/462/282 457/457/277
f 460/460/280 463/463/283 461/461/281
f 461/461/281 463/463/283 462/462/282
f 463/463/283 464/464/284 462/462/282
f 467/465/285 466/466/285 465/467/286
f 466/466/285 468/468/287 465/467/286
f 465/467/286 468/468/287 469/469/288
f 468/468/287 470/470/289 469/469/288
f 469/469/288 470/470/289 471/471/290
f 470/470/289 472/472/291 471/471/290
f 471/471/290 472/472/291 473/473/292
f 472/472/291 474/474/293 473/473/292
f 473/473/292 474/474/293 475/475/294
f 474/474/293 476/476/295 475/475/294
f 475/475/294 476/476/295 477/477/296
f 476/476/295 478/478/297 477/477/296
f 477/477/296 478/478/297 479/479/298
f 478/478/297 480/480/299 479/479/298
f 479/479/298 480/480/299 481/481/300
f 480/480/299 482/482/301 481/481/300
f 485/483/81 484/484/81 483/485/81
f 484/484/81 486/486/81 483/485/81
f 483/485/81 486/486/81 487/487/81
f 486/486/81 488/488/81 487/487/81
f 487/487/81 488/488/81 489/489/81
f 488/488/81 490/490/81 489/489/81
f 489/489/81 490/490/81 491/491/216
f 490/490/81 492/492/183 491/491/216
f 495/493/302 494/494/303 493/495/304
f 494/494/303 496/496/305 493/495/304
f 493/495/304 496/496/305 497/497/306
f 496/496/305 498/498/307 497/497/306
f 497/497/306 498/498/307 499/499/308
f 498/498/307 500/500/309 499/499/308
f 503/501/310 502/502/311 501/503/312
f 502/502/311 504/504/313 501/503/312
f 501/503/312 504/504/313 505/505/314
f 504/504/313 506/506/315 505/505/314
f 509/507/316 508/508/317 507/509/318
f 508/508/317 510/510/319 507/509/318
f 507/509/318 510/510/319 511/511/320
f 510/510/319 512/512/321 511/511/320
f 511/511/320 512/512/321 513/513/322
f 512/512/321 514/514/323 513/513/322
f 513/513/322 514/514/323 515/515/324
f 514/514/323 516/516/325 515/515/324
f 515/515/324 516/516/325 517/517/326
f 516/516/325 518/518/327 517/517/326
f 517/517/326 518/518/327 519/519/328
f 518/518/327 520/520/329 519/519/328
f 519/519/328 520/520/329 521/521/330
f 520/520/329 522/522/331 521/521/330
f 521/521/330 522/522/331 523/523/332
f 522/522/331 524/524/333 523/523/332
f 527/525/334 526/526/335 525/527/336
f 526/526/335 528/528/337 525/527/336
f 525/527/336 528/528/337 529/358/338
f 528/528/337 530/529/339 529/358/338
f 533/530/183 532/531/81 531/532/81
f 532/531/81 534/533/81 531/532/81
f 531/532/81 534/533/81 535/534/81
f 534/533/81 536/535/81 535/534/81
f 535/534/81 536/535/81 537/536/81
f 536/535/81 538/537/81 537/536/81
f 537/536/81 538/537/81 539/538/81
f 538/537/81 540/539/81 539/538/81
f 543/540/340 542/541/341 541/542/342
f 542/541/341 544/543/343 541/542/342
f 541/542/342 544/543/343 545/544/344
f 544/543/343 546/545/345 545/544/344
f 545/544/344 546/545/345 547/546/346
f 546/545/345 548/547/347 547/546/346
f 547/546/346 548/547/347 549/548/348
f 548/547/347 550/549/349 549/548/348
f 547/546/346 549/548/348 551/550/350
f 549/548/348 550/549/349 552/551/351
f 550/549/349 553/552/352 552/551/351
f 549/548/348 554/553/350 551/550/350
f 549/548/348 552/551/351 554/553/350
f 551/550/350 554/553/350 555/554/353
f 554/553/350 556/555/353 555/554/353
f 554/553/350 557/556/350 556/555/353
f 552/551/351 557/556/350 554/553/350
f 557/556/350 558/557/353 556/555/353
f 552/551/351 553/552/352 559/558/354
f 552/551/351 559/558/354 557/556/350
f 553/552/352 560/559/355 559/558/354
f 559/558/354 561/560/356 557/556/350
f 557/556/350 561/560/356 558/557/353
f 561/560/356 562/561/353 558/557/353
f 565/562/357 564/563/358 563/564/359
f 564/563/358 566/565/360 563/564/359
f 563/564/359 566/565/360 567/566/361
f 566/565/360 568/567/362 567/566/361
f 567/566/361 568/567/362 569/568/363
f 568/567/362 570/569/364 569/568/363
f 569/568/363 570/569/364 571/570/365
f 570/569/364 572/571/366 571/570/365
f 571/570/365 572/571/366 573/572/367
f 572/571/366 574/573/368 573/572/367
f 573/572/367 574/573/368 575/574/369
f 574/573/368 576/575/370 575/574/369
f 575/574/369 576/575/370 577/576/371
f 576/575/370 578/577/372 577/576/371
f 577/576/371 578/577/372 579/578/373
f 578/577/372 580/579/374 579/578/373
f 583/580/375 582/581/376 581/582/377
f 582/581/376 584/583/378 581/582/377
f 581/582/377 584/583/378 585/584/379
f 584/583/378 586/585/380 585/584/379
f 589/586/81 588/587/81 587/588/81
f 588/587/81 590/589/81 587/588/81
f 587/588/81 590/589/81 591/590/81
f 590/589/81 592/591/81 591/590/81
f 591/590/81 592/591/81 593/592/81
f 592/591/81 594/593/81 593/592/81
f 593/592/81 594/593/81 595/594/81
f 594/593/81 596/595/81 595/594/81
f 599/596/381 598/597/382 597/598/383
f 598/597/382 600/599/384 597/598/383
f 597/598/383 600/599/384 601/600/385
f 600/599/384 602/601/386 601/600/385
f 601/600/385 602/601/386 603/602/387
f 602/601/386 604/603/388 603/602/387
f 607/604/389 606/605/389 605/606/389
f 606/605/389 608/607/390 605/606/389
f 605/606/389 608/607/390 609/608/391
f 608/607/390 610/609/392 609/608/391
f 609/608/391 610/609/392 611/610/393
f 610/609/392 612/611/394 611/610/393
f 615/612/395 614/613/396 613/614/397
f 614/613/396 616/615/398 613/614/397
f 613/614/397 616/615/398 617/616/399
f 616/615/398 618/617/400 617/616/399
f 617/616/399 618/617/400 619/618/401
f 618/617/400 620/619/402 619/618/401
f 619/618/401 620/619/402 621/620/403
f 620/619/402 622/621/404 621/620/403
f 621/620/403 622/621/404 623/622/405
f 622/621/404 624/623/406 623/622/405
f 623/622/405 624/623/406 625/624/407
f 624/623/406 626/625/408 625/624/407
f 625/624/407 626/625/408 627/626/409
f 626/625/408 628/627/409 627/626/409
f 627/626/409 628/627/409 629/628/410
f 628/627/409 630/629/411 629/628/410
f 633/630/412 632/631/413 631/632/414
f 632/631/413 634/633/415 631/632/414
f 631/632/414 634/633/415 635/634/416
f 634/633/415 636/635/417 635/634/416
f 639/636/81 638/637/81 637/638/81
f 638/637/81 640/639/81 637/638/81
f 637/638/81 640/639/81 641/640/81
f 640/639/81 642/641/81 641/640/81
f 641/640/81 642/641/81 643/642/81
f 642/641/81 644/643/81 643/642/81
f 643/642/81 644/643/81 645/644/81
f 644/643/81 646/645/81 645/644/81
f 649/646/418 648/647/419 647/648/420
f 648/647/419 650/649/421 647/648/420
f 647/648/420 650/649/421 651/650/422
f 650/649/421 652/651/423 651/650/422
f 651/650/422 652/651/423 653/652/424
f 652/651/423 654/653/425 653/652/424
f 653/652/424 654/653/425 655/654/426
f 654/653/425 656/655/427 655/654/426
f 655/654/426 656/655/427 657/656/428
f 656/655/427 658/657/429 657/656/428
f 657/656/428 658/657/429 659/658/430
f 658/657/429 660/659/431 659/658/430
f 663/660/432 662/661/433 661/662/434
f 662/661/433 664/663/435 661/662/434
f 661/662/434 664/663/435 665/664/436
f 664/663/435 666/665/437 665/664/436
f 665/664/436 666/665/437 667/666/438
f 666/665/437 668/667/439 667/666/438
f 667/666/438 668/667/439 669/668/440
f 668/667/439 670/669/441 669/668/440
f 669/668/440 670/669/441 671/670/442
f 670/669/441 672/671/443 671/670/442
f 671/670/442 672/671/443 673/672/444
f 672/671/443 674/673/445 673/672/444
f 673/672/444 674/673/445 675/674/446
f 674/673/445 676/675/447 675/674/446
f 675/674/446 676/675/447 677/676/448
f 676/675/447 678/677/449 677/676/448
f 681/678/450 680/679/451 679/680/452
f 680/679/451 682/681/453 679/680/452
f 679/680/452 682/681/453 683/682/454
f 682/681/453 684/683/455 683/682/454
f 687/684/456 686/685/81 685/686/183
f 686/685/81 688/687/81 685/686/183
f 685/686/183 688/687/81 689/688/81
f 688/687/81 690/689/81 689/688/81
f 689/688/81 690/689/81 691/690/81
f 690/689/81 692/691/81 691/690/81
f 691/690/81 692/691/81 693/692/81
f 692/691/81 694/693/216 693/692/81
f 697/694/457 696/695/458 695/696/459
f 696/695/458 698/697/460 695/696/459
f 695/696/459 698/697/460 699/698/461
f 698/697/460 700/699/462 699/698/461
f 699/698/461 700/699/462 701/700/463
f 700/699/462 702/701/464 701/700/463
f 705/702/465 704/703/466 703/704/467
f 704/703/466 706/705/468 703/704/467
f 703/704/467 706/705/468 707/706/469
f 706/705/468 704/703/466 708/707/470
f 706/705/468 709/708/471 707/706/469
f 707/706/469 709/708/471 710/709/472
f 709/708/471 711/710/473 710/709/472
f 712/711/474 706/705/468 708/707/470
f 709/708/471 706/705/468 712/711/474
f 712/711/474 708/707/470 713/712/475
f 711/710/473 709/708/471 714/713/476
f 714/713/476 709/708/471 712/711/474
f 715/714/477 711/710/473 714/713/476
f 716/715/478 712/711/474 713/712/475
f 714/713/476 712/711/474 716/715/478
f 716/715/478 713/712/475 717/716/479
f 715/714/477 714/713/476 718/717/480
f 718/717/480 714/713/476 716/715/478
f 719/718/481 715/714/477 718/717/480
f 720/719/482 716/715/478 717/716/479
f 718/717/480 716/715/478 720/719/482
f 720/719/482 717/716/479 721/720/483
f 722/721/484 720/719/482 721/720/483
f 719/718/481 718/717/480 723/722/485
f 723/722/485 718/717/480 720/719/482
f 723/722/485 720/719/482 722/721/484
f 724/723/486 719/718/481 723/722/485
f 725/724/487 723/722/485 722/721/484
f 724/723/486 723/722/485 725/724/487
f 726/725/488 724/723/486 725/724/487
f 729/726/489 728/727/490 727/728/491
f 728/727/490 730/729/492 727/728/491
f 728/727/490 731/730/493 730/729/492
f 727/728/491 730/729/492 732/731/494
f 731/730/493 733/732/495 730/729/492
f 730/729/492 734/733/496 732/731/494
f 730/729/492 733/732/495 734/733/496
f 732/731/494 734/733/496 735/734/497
f 733/732/495 736/735/498 734/733/496
f 734/733/496 737/736/499 735/734/497
f 734/733/496 736/735/498 737/736/499
f 736/735/498 738/737/500 737/736/499
f 741/738/501 740/739/502 739/740/503
f 740/739/502 742/741/504 739/740/503
f 739/740/503 742/741/504 743/742/505
f 740/739/502 744/743/506 742/741/504
f 742/741/504 745/744/507 743/742/505
f 743/742/505 745/744/507 746/745/508
f 745/744/507 747/746/509 746/745/508
f 744/743/506 748/747/510 742/741/504
f 742/741/504 748/747/510 745/744/507
f 744/743/506 749/748/511 748/747/510
f 745/744/507 750/749/512 747/746/509
f 748/747/510 750/749/512 745/744/507
f 750/749/512 751/750/513 747/746/509
f 749/748/511 752/751/514 748/747/510
f 748/747/510 752/751/514 750/749/512
f 749/748/511 753/752/515 752/751/514
f 753/752/515 754/753/516 752/751/514
f 750/749/512 755/754/517 751/750/513
f 752/751/514 755/754/517 750/749/512
f 752/751/514 754/753/516 755/754/517
f 755/754/517 756/755/518 751/750/513
f 754/753/516 757/756/519 755/754/517
f 755/754/517 757/756/519 756/755/518
f 757/756/519 758/757/520 756/755/518
f 761/758/521 760/759/522 759/760/523
f 762/761/524 761/758/521 759/760/523
f 762/761/524 759/760/523 763/762/525
f 764/763/526 761/758/521 762/761/524
f 765/764/527 762/761/524 763/762/525
f 765/764/527 763/762/525 766/765/525
f 767/766/527 765/764/527 766/765/525
f 768/767/526 764/763/526 762/761/524
f 768/767/526 762/761/524 765/764/527
f 769/768/528 764/763/526 768/767/526
f 770/769/526 765/764/527 767/766/527
f 770/769/526 768/767/526 765/764/527
f 771/770/526 770/769/526 767/766/527
f 772/771/529 769/768/528 768/767/526
f 772/771/529 768/767/526 770/769/526
f 773/772/530 769/768/528 772/771/529
f 774/773/531 773/772/530 772/771/529
f 775/774/529 770/769/526 771/770/526
f 775/774/529 772/771/529 770/769/526
f 774/773/531 772/771/529 775/774/529
f 776/775/529 775/774/529 771/770/526
f 777/776/531 774/773/531 775/774/529
f 777/776/531 775/774/529 776/775/529
f 778/777/532 777/776/531 776/775/529
f 781/778/533 780/779/534 779/780/535
f 782/781/536 781/778/533 779/780/535
f 782/781/536 779/780/535 783/782/537
f 784/783/538 781/778/533 782/781/536
f 785/784/539 782/781/536 783/782/537
f 785/784/539 783/782/537 786/785/540
f 787/786/541 785/784/539 786/785/540
f 788/787/542 784/783/538 782/781/536
f 788/787/542 782/781/536 785/784/539
f 789/788/543 784/783/538 788/787/542
f 790/789/544 785/784/539 787/786/541
f 790/789/544 788/787/542 785/784/539
f 791/790/545 790/789/544 787/786/541
f 792/791/546 789/788/543 788/787/542
f 792/791/546 788/787/542 790/789/544
f 793/792/547 789/788/543 792/791/546
f 794/793/548 793/792/547 792/791/546
f 795/794/549 790/789/544 791/790/545
f 795/794/549 792/791/546 790/789/544
f 794/793/548 792/791/546 795/794/549
f 796/795/550 795/794/549 791/790/545
f 797/796/551 794/793/548 795/794/549
f 797/796/551 795/794/549 796/795/550
f 798/797/552 797/796/551 796/795/550
f 801/798/553 800/799/554 799/800/555
f 800/799/554 802/801/556 799/800/555
f 800/799/554 803/802/557 802/801/556
f 799/800/555 802/801/556 804/803/558
f 803/802/557 805/804/559 802/801/556
f 802/801/556 806/805/560 804/803/558
f 802/801/556 805/804/559 806/805/560
f 804/803/558 806/805/560 807/806/561
f 805/804/559 808/807/562 806/805/560
f 806/805/560 809/808/563 807/806/561
f 806/805/560 808/807/562 809/808/563
f 808/807/562 810/809/564 809/808/563
f 813/810/565 812/811/566 811/812/567
f 812/811/566 814/813/568 811/812/567
f 811/812/567 814/813/568 815/814/569
f 812/811/566 816/815/570 814/813/568
f 814/813/568 817/816/571 815/814/569
f 815/814/569 817/816/571 818/817/572
f 817/816/571 819/818/573 818/817/572
f 816/815/570 820/819/574 814/813/568
f 814/813/568 820/819/574 817/816/571
f 816/815/570 821/820/575 820/819/574
f 817/816/571 822/821/576 819/818/573
f 820/819/574 822/821/576 817/816/571
f 822/821/576 823/822/577 819/818/573
f 821/820/575 824/823/578 820/819/574
f 820/819/574 824/823/578 822/821/576
f 821/820/575 825/824/579 824/823/578
f 825/824/579 826/825/580 824/823/578
f 822/821/576 827/826/581 823/822/577
f 824/823/578 827/826/581 822/821/576
f 824/823/578 826/825/580 827/826/581
f 827/826/581 828/827/582 823/822/577
f 826/825/580 829/828/583 827/826/581
f 827/826/581 829/828/583 828/827/582
f 829/828/583 830/829/584 828/827/582
f 833/830/585 832/831/586 831/832/587
f 832/831/586 834/833/588 831/832/587
f 831/832/587 834/833/588 835/834/589
f 832/831/586 836/835/590 834/833/588
f 834/833/588 837/836/591 835/834/589
f 835/834/589 837/836/591 838/837/592
f 837/836/591 839/838/593 838/837/592
f 836/835/590 840/839/594 834/833/588
f 834/833/588 840/839/594 837/836/591
f 836/835/590 841/840/595 840/839/594
f 837/836/591 842/841/596 839/838/593
f 840/839/594 842/841/596 837/836/591
f 842/841/596 843/842/597 839/838/593
f 841/840/595 844/843/598 840/839/594
f 840/839/594 844/843/598 842/841/596
f 841/840/595 845/844/599 844/843/598
f 845/844/599 846/845/600 844/843/598
f 842/841/596 847/846/601 843/842/597
f 844/843/598 847/846/601 842/841/596
f 844/843/598 846/845/600 847/846/601
f 847/846/601 848/847/602 843/842/597
f 846/845/600 849/848/603 847/846/601
f 847/846/601 849/848/603 848/847/602
f 849/848/603 850/849/604 848/847/602
f 853/850/605 852/851/606 851/852/607
f 854/853/605 853/850/605 851/852/607
f 855/854/608 853/850/605 854/853/605
f 854/853/605 851/852/607 856/855/606
f 857/856/608 855/854/608 854/853/605
f 858/857/605 854/853/605 856/855/606
f 857/856/608 854/853/605 858/857/605
f 858/857/605 856/855/606 859/858/606
f 860/859/608 857/856/608 858/857/605
f 861/860/605 858/857/605 859/858/606
f 860/859/608 858/857/605 861/860/605
f 862/861/608 860/859/608 861/860/605
f 865/862/609 864/863/610 863/864/611
f 866/865/612 865/862/609 863/864/611
f 866/865/612 863/864/611 867/866/613
f 868/867/614 865/862/609 866/865/612
f 869/868/615 866/865/612 867/866/613
f 869/868/615 867/866/613 870/869/616
f 871/870/617 869/868/615 870/869/616
f 872/871/618 868/867/614 866/865/612
f 872/871/618 866/865/612 869/868/615
f 873/872/619 868/867/614 872/871/618
f 874/873/620 869/868/615 871/870/617
f 874/873/620 872/871/618 869/868/615
f 875/874/621 874/873/620 871/870/617
f 876/875/622 873/872/619 872/871/618
f 876/875/622 872/871/618 874/873/620
f 877/876/623 873/872/619 876/875/622
f 878/877/624 877/876/623 876/875/622
f 879/878/625 874/873/620 875/874/621
f 879/878/625 876/875/622 874/873/620
f 878/877/624 876/875/622 879/878/625
f 880/879/626 879/878/625 875/874/621
f 881/880/627 878/877/624 879/878/625
f 881/880/627 879/878/625 880/879/626
f 882/881/628 881/880/627 880/879/626
f 885/882/629 884/883/630 883/884/631
f 884/883/630 886/885/632 883/884/631
f 884/883/630 887/886/633 886/885/632
f 883/884/631 886/885/632 888/887/634
f 887/886/633 889/888/635 886/885/632
f 886/885/632 890/889/636 888/887/634
f 886/885/632 889/888/635 890/889/636
f 888/887/634 890/889/636 891/890/637
f 889/888/635 892/891/638 890/889/636
f 890/889/636 893/892/639 891/890/637
f 890/889/636 892/891/638 893/892/639
f 892/891/638 894/893/640 893/892/639
f 897/894/641 896/895/642 895/896/643
f 896/895/642 898/897/644 895/896/643
f 895/896/643 898/897/644 899/898/645
f 896/895/642 900/899/646 898/897/644
f 898/897/644 901/900/647 899/898/645
f 899/898/645 901/900/647 902/901/648
f 901/900/647 903/902/649 902/901/648
f 900/899/646 904/903/650 898/897/644
f 898/897/644 904/903/650 901/900/647
f 900/899/646 905/904/651 904/903/650
f 901/900/647 906/905/652 903/902/649
f 904/903/650 906/905/652 901/900/647
f 906/905/652 907/906/653 903/902/649
f 905/904/651 908/907/654 904/903/650
f 904/903/650 908/907/654 906/905/652
f 905/904/651 909/908/655 908/907/654
f 909/908/655 910/909/656 908/907/654
f 906/905/652 911/910/657 907/906/653
f 908/907/654 911/910/657 906/905/652
f 908/907/654 910/909/656 911/910/657
f 911/910/657 912/911/658 907/906/653
f 910/909/656 913/912/659 911/910/657
f 911/910/657 913/912/659 912/911/658
f 913/912/659 914/913/660 912/911/658
f 917/914/661 916/915/662 915/916/663
f 918/917/664 917/914/661 915/916/663
f 918/917/664 915/916/663 919/918/665
f 920/919/666 917/914/661 918/917/664
f 921/920/664 918/917/664 919/918/665
f 921/920/664 919/918/665 922/921/663
f 923/922/667 921/920/664 922/921/663
f 924/923/666 920/919/666 918/917/664
f 924/923/666 918/917/664 921/920/664
f 925/924/668 920/919/666 924/923/666
f 926/925/666 921/920/664 923/922/667
f 926/925/666 924/923/666 921/920/664
f 927/926/666 926/925/666 923/922/667
f 928/927/669 925/924/668 924/923/666
f 928/927/669 924/923/666 926/925/666
f 929/928/670 925/924/668 928/927/669
f 930/929/671 929/928/670 928/927/669
f 931/930/668 926/925/666 927/926/666
f 931/930/668 928/927/669 926/925/666
f 930/929/671 928/927/669 931/930/668
f 932/931/668 931/930/668 927/926/666
f 933/932/670 930/929/671 931/930/668
f 933/932/670 931/930/668 932/931/668
f 934/933/671 933/932/670 932/931/668
f 937/934/672 936/935/673 935/936/674
f 938/937/675 937/934/672 935/936/674
f 938/937/675 935/936/674 939/938/676
f 940/939/677 937/934/672 938/937/675
f 941/940/678 938/937/675 939/938/676
f 941/940/678 939/938/676 942/941/679
f 943/942/680 941/940/678 942/941/679
f 944/943/681 940/939/677 938/937/675
f 944/943/681 938/937/675 941/940/678
f 945/944/682 940/939/677 944/943/681
f 946/945/683 941/940/678 943/942/680
f 946/945/683 944/943/681 941/940/678
f 947/946/684 946/945/683 943/942/680
f 948/947/685 945/944/682 944/943/681
f 948/947/685 944/943/681 946/945/683
f 949/948/686 945/944/682 948/947/685
f 950/949/687 949/948/686 948/947/685
f 951/950/688 946/945/683 947/946/684
f 951/950/688 948/947/685 946/945/683
f 950/949/687 948/947/685 951/950/688
f 952/951/689 951/950/688 947/946/684
f 953/952/690 950/949/687 951/950/688
f 953/952/690 951/950/688 952/951/689
f 954/953/691 953/952/690 952/951/689
f 957/954/692 956/955/693 955/956/694
f 956/955/693 958/957/695 955/956/694
f 956/955/693 959/958/696 958/957/695
f 955/956/694 958/957/695 960/959/697
f 959/958/696 961/960/698 958/957/695
f 958/957/695 962/961/699 960/959/697
f 958/957/695 961/960/698 962/961/699
f 960/959/697 962/961/699 963/962/700
f 961/960/698 964/963/701 962/961/699
f 962/961/699 965/964/702 963/962/700
f 962/961/699 964/963/701 965/964/702
f 964/963/701 966/965/703 965/964/702
f 969/966/704 968/967/705 967/968/706
f 968/967/705 970/969/707 967/968/706
f 967/968/706 970/969/707 971/970/708
f 968/967/705 972/971/709 970/969/707
f 970/969/707 973/972/710 971/970/708
f 971/970/708 973/972/710 974/973/711
f 973/972/710 975/974/712 974/973/711
f 972/971/709 976/975/713 970/969/707
f 970/969/707 976/975/713 973/972/710
f 972/971/709 977/976/714 976/975/713
f 973/972/710 978/977/715 975/974/712
f 976/975/713 978/977/715 973/972/710
f 978/977/715 979/978/716 975/974/712
f 977/976/714 980/979/717 976/975/713
f 976/975/713 980/979/717 978/977/715
f 977/976/714 981/980/718 980/979/717
f 981/980/718 982/981/719 980/979/717
f 978/977/715 983/982/720 979/978/716
f 980/979/717 983/982/720 978/977/715
f 980/979/717 982/981/719 983/982/720
f 983/982/720 984/983/721 979/978/716
f 982/981/719 985/984/722 983/982/720
f 983/982/720 985/984/722 984/983/721
f 985/984/722 986/985/723 984/983/721
f 989/986/724 988/987/725 987/988/726
f 988/987/725 990/989/727 987/988/726
f 987/988/726 990/989/727 991/990/728
f 988/987/725 992/991/729 990/989/727
f 990/989/727 993/992/730 991/990/728
f 991/990/728 993/992/730 994/993/731
f 993/992/730 995/994/732 994/993/731
f 992/991/729 996/995/733 990/989/727
f 990/989/727 996/995/733 993/992/730
f 992/991/729 997/996/734 996/995/733
f 993/992/730 998/997/735 995/994/732
f 996/995/733 998/997/735 993/992/730
f 998/997/735 999/998/736 995/994/732
f 997/996/734 1000/999/737 996/995/733
f 996/995/733 1000/999/737 998/997/735
f 997/996/734 1001/1000/738 1000/999/737
f 1001/1000/738 1002/1001/739 1000/999/737
f 998/997/735 1003/1002/740 999/998/736
f 1000/999/737 1003/1002/740 998/997/735
f 1000/999/737 1002/1001/739 1003/1002/740
f 1003/1002/740 1004/1003/741 999/998/736
f 1002/1001/739 1005/1004/742 1003/1002/740
f 1003/1002/740 1005/1004/742 1004/1003/741
f 1005/1004/742 1006/1005/743 1004/1003/741
f 1009/1006/744 1008/1007/745 1007/1008/746
f 1010/1009/747 1009/1006/744 1007/1008/746
f 1010/1009/747 1007/1008/746 1011/1010/748
f 1012/1011/749 1009/1006/744 1010/1009/747
f 1013/1012/750 1010/1009/747 1011/1010/748
f 1013/1012/750 1011/1010/748 1014/1013/751
f 1015/1014/752 1013/1012/750 1014/1013/751
f 1016/1015/753 1012/1011/749 1010/1009/747
f 1016/1015/753 1010/1009/747 1013/1012/750
f 1017/1016/754 1012/1011/749 1016/1015/753
f 1018/1017/755 1013/1012/750 1015/1014/752
f 1018/1017/755 1016/1015/753 1013/1012/750
f 1019/1018/756 1018/1017/755 1015/1014/752
f 1020/1019/757 1017/1016/754 1016/1015/753
f 1020/1019/757 1016/1015/753 1018/1017/755
f 1021/1020/758 1017/1016/754 1020/1019/757
f 1022/1021/759 1021/1020/758 1020/1019/757
f 1023/1022/760 1018/1017/755 1019/1018/756
f 1023/1022/760 1020/1019/757 1018/1017/755
f 1022/1021/759 1020/1019/757 1023/1022/760
f 1024/1023/761 1023/1022/760 1019/1018/756
f 1025/1024/762 1022/1021/759 1023/1022/760
f 1025/1024/762 1023/1022/760 1024/1023/761
f 1026/1025/763 1025/1024/762 1024/1023/761
f 1029/1026/764 1028/1027/765 1027/1028/765
f 1030/1029/764 1029/1026/764 1027/1028/765
f 1031/1030/766 1029/1026/764 1030/1029/764
f 1030/1029/764 1027/1028/765 1032/1031/765
f 1033/1032/766 1031/1030/766 1030/1029/764
f 1034/1033/764 1030/1029/764 1032/1031/765
f 1033/1032/766 1030/1029/764 1034/1033/764
f 1034/1033/764 1032/1031/765 1035/1034/765
f 1036/1035/766 1033/1032/766 1034/1033/764
f 1037/1036/764 1034/1033/764 1035/1034/765
f 1036/1035/766 1034/1033/764 1037/1036/764
f 1038/1037/766 1036/1035/766 1037/1036/764
f 1041/1038/767 1040/1039/767 1039/1040/767
f 1040/1039/767 1042/1041/767 1039/1040/767
f 1040/1039/767 1043/1042/767 1042/1041/767
f 1039/1040/767 1042/1041/767 1044/1043/768
f 1043/1042/767 1045/1044/767 1042/1041/767
f 1043/1042/767 1046/1045/767 1045/1044/767
f 1046/1045/767 1047/1046/767 1045/1044/767
f 1042/1041/767 1045/1044/767 1048/1047/769
f 1042/1041/767 1048/1047/769 1044/1043/768
f 1045/1044/767 1047/1046/767 1049/1048/770
f 1045/1044/767 1049/1048/770 1048/1047/769
f 1047/1046/767 1050/1049/771 1049/1048/770
f 1050/1049/771 1051/1050/772 1049/1048/770
f 1051/1050/772 1052/1051/773 1049/1048/770
f 1049/1048/770 1052/1051/773 1048/1047/769
f 1052/1051/773 1053/1052/774 1048/1047/769
f 1048/1047/769 1053/1052/774 1044/1043/768
f 1053/1052/774 1054/1053/775 1044/1043/768
f 1044/1043/768 1054/1053/775 1055/1054/776
f 1054/1053/775 1056/1055/777 1055/1054/776
f 1055/1054/776 1056/1055/777 1057/1056/778
f 1056/1055/777 1058/1057/779 1057/1056/778
f 1057/1056/778 1058/1057/779 1059/1058/780
f 1058/1057/779 1060/1059/781 1059/1058/780
f 1063/1060/782 1062/1061/783 1061/1062/784
f 1062/1061/783 1064/1063/785 1061/1062/784
f 1062/1061/783 1065/611/786 1064/1063/785
f 1061/1062/784 1064/1063/785 1066/1064/787
f 1065/611/786 1067/1065/788 1064/1063/785
f 1064/1063/785 1068/1066/789 1066/1064/787
f 1064/1063/785 1067/1065/788 1068/1066/789
f 1066/1064/787 1068/1066/789 1069/1067/790
f 1067/1065/788 1070/1068/791 1068/1066/789
f 1068/1066/789 1071/1069/792 1069/1067/790
f 1068/1066/789 1070/1068/791 1071/1069/792
f 1070/1068/791 1072/1070/793 1071/1069/792
f 1075/1071/794 1074/1072/795 1073/1073/796
f 1074/1072/795 1076/1074/797 1073/1073/796
f 1073/1073/796 1076/1074/797 1077/1075/798
f 1074/1072/795 1078/1076/799 1076/1074/797
f 1076/1074/797 1079/1077/800 1077/1075/798
f 1077/1075/798 1079/1077/800 1080/1078/801
f 1079/1077/800 1081/1079/802 1080/1078/801
f 1078/1076/799 1082/1080/803 1076/1074/797
f 1076/1074/797 1082/1080/803 1079/1077/800
f 1078/1076/799 1083/1081/804 1082/1080/803
f 1079/1077/800 1084/1082/805 1081/1079/802
f 1082/1080/803 1084/1082/805 1079/1077/800
f 1084/1082/805 1085/1083/806 1081/1079/802
f 1083/1081/804 1086/1084/807 1082/1080/803
f 1082/1080/803 1086/1084/807 1084/1082/805
f 1083/1081/804 1087/1085/808 1086/1084/807
f 1087/1085/808 1088/1086/809 1086/1084/807
f 1084/1082/805 1089/1087/810 1085/1083/806
f 1086/1084/807 1089/1087/810 1084/1082/805
f 1086/1084/807 1088/1086/809 1089/1087/810
f 1089/1087/810 1090/1088/811 1085/1083/806
f 1088/1086/809 1091/1089/812 1089/1087/810
f 1089/1087/810 1091/1089/812 1090/1088/811
f 1091/1089/812 1092/1090/813 1090/1088/811
f 1095/1091/814 1094/1092/815 1093/1093/816
f 1096/1094/817 1095/1091/814 1093/1093/816
f 1096/1094/817 1093/1093/816 1097/1095/815
f 1098/1096/818 1095/1091/814 1096/1094/817
f 1099/1097/819 1096/1094/817 1097/1095/815
f 1099/1097/819 1097/1095/815 1100/1098/816
f 1101/1099/817 1099/1097/819 1100/1098/816
f 1102/1100/818 1098/1096/818 1096/1094/817
f 1102/1100/818 1096/1094/817 1099/1097/819
f 1103/1101/820 1098/1096/818 1102/1100/818
f 1104/1102/818 1099/1097/819 1101/1099/817
f 1104/1102/818 1102/1100/818 1099/1097/819
f 1105/1103/818 1104/1102/818 1101/1099/817
f 1106/1104/821 1103/1101/820 1102/1100/818
f 1106/1104/821 1102/1100/818 1104/1102/818
f 1107/1105/822 1103/1101/820 1106/1104/821
f 1108/1106/823 1107/1105/822 1106/1104/821
f 1109/1107/821 1104/1102/818 1105/1103/818
f 1109/1107/821 1106/1104/821 1104/1102/818
f 1108/1106/823 1106/1104/821 1109/1107/821
f 1110/1108/821 1109/1107/821 1105/1103/818
f 1111/1109/824 1108/1106/823 1109/1107/821
f 1111/1109/824 1109/1107/821 1110/1108/821
f 1112/1110/824 1111/1109/824 1110/1108/821
f 1115/1111/825 1114/1112/826 1113/1113/827
f 1116/1114/828 1115/1111/825 1113/1113/827
f 1116/1114/828 1113/1113/827 1117/1115/829
f 1118/1116/830 1115/1111/825 1116/1114/828
f 1119/1117/831 1116/1114/828 1117/1115/829
f 1119/1117/831 1117/1115/829 1120/1118/832
f 1121/1119/833 1119/1117/831 1120/1118/832
f 1122/1120/834 1118/1116/830 1116/1114/828
f 1122/1120/834 1116/1114/828 1119/1117/831
f 1123/1121/835 1118/1116/830 1122/1120/834
f 1124/1122/836 1119/1117/831 1121/1119/833
f 1124/1122/836 1122/1120/834 1119/1117/831
f 1125/1123/837 1124/1122/836 1121/1119/833
f 1126/1124/838 1123/1121/835 1122/1120/834
f 1126/1124/838 1122/1120/834 1124/1122/836
f 1127/1125/839 1123/1121/835 1126/1124/838
f 1128/1126/840 1127/1125/839 1126/1124/838
f 1129/1127/841 1124/1122/836 1125/1123/837
f 1129/1127/841 1126/1124/838 1124/1122/836
f 1128/1126/840 1126/1124/838 1129/1127/841
f 1130/1128/842 1129/1127/841 1125/1123/837
f 1131/1129/843 1128/1126/840 1129/1127/841
f 1131/1129/843 1129/1127/841 1130/1128/842
f 1132/1130/844 1131/1129/843 1130/1128/842
f 1135/1131/845 1134/1132/846 1133/1133/847
f 1134/1132/846 1136/1134/848 1133/1133/847
f 1134/1132/846 1137/1135/849 1136/1134/848
f 1133/1133/847 1136/1134/848 1138/1136/850
f 1137/1135/849 1139/1137/851 1136/1134/848
f 1136/1134/848 1140/1138/852 1138/1136/850
f 1136/1134/848 1139/1137/851 1140/1138/852
f 1138/1136/850 1140/1138/852 1141/1139/853
f 1139/1137/851 1142/1140/854 1140/1138/852
f 1140/1138/852 1143/1141/855 1141/1139/853
f 1140/1138/852 1142/1140/854 1143/1141/855
f 1142/1140/854 1144/1142/856 1143/1141/855
f 1147/1143/857 1146/1144/858 1145/1145/859
f 1146/1144/858 1148/1146/860 1145/1145/859
f 1145/1145/859 1148/1146/860 1149/1147/861
f 1146/1144/858 1150/1148/862 1148/1146/860
f 1148/1146/860 1151/1149/863 1149/1147/861
f 1149/1147/861 1151/1149/863 1152/1150/864
f 1150/1148/862 1153/1151/865 1148/1146/860
f 1148/1146/860 1153/1151/865 1151/1149/863
f 1150/1148/862 1154/1152/866 1153/1151/865
f 1154/1152/866 1155/1153/867 1153/1151/865
f 1153/1151/865 1155/1153/867 1156/1154/868
f 1153/1151/865 1156/1154/868 1151/1149/863
f 1155/1153/867 1157/1155/869 1156/1154/868
f 1151/1149/863 1158/1156/870 1152/1150/864
f 1151/1149/863 1156/1154/868 1158/1156/870
f 1152/1150/864 1158/1156/870 1159/1157/871
f 1158/1156/870 1160/1158/872 1159/1157/871
f 1156/1154/868 1157/1155/869 1161/1159/873
f 1156/1154/868 1161/1159/873 1158/1156/870
f 1158/1156/870 1161/1159/873 1160/1158/872
f 1157/1155/869 1162/1160/874 1161/1159/873
f 1161/1159/873 1163/1161/875 1160/1158/872
f 1161/1159/873 1162/1160/874 1163/1161/875
f 1162/1160/874 1164/1162/876 1163/1161/875
f 1167/1163/877 1166/1164/878 1165/1165/879
f 1168/1166/880 1167/1163/877 1165/1165/879
f 1168/1166/880 1165/1165/879 1169/750/881
f 1170/1167/882 1167/1163/877 1168/1166/880
f 1171/1168/883 1168/1166/880 1169/750/881
f 1171/1168/883 1169/750/881 1172/1169/884
f 1173/1170/885 1170/1167/882 1168/1166/880
f 1173/1170/885 1168/1166/880 1171/1168/883
f 1174/1171/886 1170/1167/882 1173/1170/885
f 1175/1172/887 1174/1171/886 1173/1170/885
f 1175/1172/887 1173/1170/885 1176/1173/888
f 1176/1173/888 1173/1170/885 1171/1168/883
f 1177/1174/889 1175/1172/887 1176/1173/888
f 1178/1175/890 1171/1168/883 1172/1169/884
f 1176/1173/888 1171/1168/883 1178/1175/890
f 1178/1175/890 1172/1169/884 1179/1176/891
f 1180/1177/892 1178/1175/890 1179/1176/891
f 1177/1174/889 1176/1173/888 1181/1178/893
f 1181/1178/893 1176/1173/888 1178/1175/890
f 1181/1178/893 1178/1175/890 1180/1177/892
f 1182/1179/894 1177/1174/889 1181/1178/893
f 1183/1180/895 1181/1178/893 1180/1177/892
f 1182/1179/894 1181/1178/893 1183/1180/895
f 1184/1181/896 1182/1179/894 1183/1180/895
f 1187/1182/897 1186/1183/898 1185/1184/899
f 1186/1183/898 1188/1185/899 1185/1184/899
f 1185/1184/899 1188/1185/899 1189/1186/900
f 1186/1183/898 1190/1187/901 1188/1185/899
f 1188/1185/899 1191/1188/900 1189/1186/900
f 1190/1187/901 1192/1189/899 1188/1185/899
f 1188/1185/899 1192/1189/899 1191/1188/900
f 1190/1187/901 1193/1190/902 1192/1189/899
f 1192/1189/899 1194/1191/900 1191/1188/900
f 1193/1190/902 1195/1192/899 1192/1189/899
f 1192/1189/899 1195/1192/899 1194/1191/900
f 1195/1192/899 1196/1030/900 1194/1191/900
f 1199/113/903 1198/1193/904 1197/1194/905
f 1198/1193/904 1200/1195/905 1197/1194/905
f 1197/1194/905 1200/1195/905 1201/1196/906
f 1198/1193/904 1202/1197/903 1200/1195/905
f 1200/1195/905 1203/1198/907 1201/1196/906
f 1202/1197/903 1204/1199/908 1200/1195/905
f 1200/1195/905 1204/1199/908 1203/1198/907
f 1202/1197/903 1205/1200/903 1204/1199/908
f 1204/1199/908 1206/1201/909 1203/1198/907
f 1205/1200/903 1207/1202/905 1204/1199/908
f 1204/1199/908 1207/1202/905 1206/1201/909
f 1207/1202/905 1208/1203/907 1206/1201/909
f 1211/1204/910 1210/1205/911 1209/1206/912
f 1212/1207/913 1211/1204/910 1209/1206/912
f 1212/1207/913 1209/1206/912 1213/1208/914
f 1214/1209/915 1211/1204/910 1212/1207/913
f 1215/1210/916 1212/1207/913 1213/1208/914
f 1216/1211/917 1214/1209/915 1212/1207/913
f 1216/1211/917 1212/1207/913 1215/1210/916
f 1217/1212/918 1214/1209/915 1216/1211/917
f 1218/1213/919 1216/1211/917 1215/1210/916
f 1219/1214/920 1217/1212/918 1216/1211/917
f 1219/1214/920 1216/1211/917 1218/1213/919
f 1220/1215/921 1219/1214/920 1218/1213/919
f 1223/1216/922 1222/1217/923 1221/1218/924
f 1224/1219/925 1223/1216/922 1221/1218/924
f 1224/1219/925 1221/1218/924 1225/1220/926
f 1226/1221/927 1223/1216/922 1224/1219/925
f 1227/1222/928 1224/1219/925 1225/1220/926
f 1228/1223/929 1226/1221/927 1224/1219/925
f 1228/1223/929 1224/1219/925 1227/1222/928
f 1229/1224/930 1226/1221/927 1228/1223/929
f 1230/1225/931 1228/1223/929 1227/1222/928
f 1231/1226/932 1229/1224/930 1228/1223/929
f 1231/1226/932 1228/1223/929 1230/1225/931
f 1232/1227/933 1231/1226/932 1230/1225/931
f 1235/1228/934 1234/1229/934 1233/1230/935
f 1234/1229/934 1236/1231/936 1233/1230/935
f 1233/1230/935 1236/1231/936 1237/1232/937
f 1234/1229/934 1238/1233/934 1236/1231/936
f 1236/1231/936 1239/1234/937 1237/1232/937
f 1237/1232/937 1239/1234/937 1240/1235/938
f 1238/1233/934 1241/1236/935 1236/1231/936
f 1236/1231/936 1241/1236/935 1239/1234/937
f 1238/1233/934 1242/1237/939 1241/1236/935
f 1242/1237/939 1243/1238/936 1241/1236/935
f 1241/1236/935 1243/1238/936 1244/1239/114
f 1241/1236/935 1244/1239/114 1239/1234/937
f 1243/1238/936 1245/1240/114 1244/1239/114
f 1239/1234/937 1246/1241/940 1240/1235/938
f 1239/1234/937 1244/1239/114 1246/1241/940
f 1240/1235/938 1246/1241/940 1247/1242/941
f 1246/1241/940 1248/1243/941 1247/1242/941
f 1244/1239/114 1245/1240/114 1249/1244/938
f 1244/1239/114 1249/1244/938 1246/1241/940
f 1246/1241/940 1249/1244/938 1248/1243/941
f 1245/1240/114 1250/1245/942 1249/1244/938
f 1249/1244/938 1251/1246/943 1248/1243/941
f 1249/1244/938 1250/1245/942 1251/1246/943
f 1250/1245/942 1252/1247/943 1251/1246/943
f 1255/1248/944 1254/1249/945 1253/1250/946
f 1254/1249/945 1256/1251/947 1253/1250/946
f 1253/1250/946 1256/1251/947 1257/1252/948
f 1254/1249/945 1258/1253/949 1256/1251/947
f 1256/1251/947 1259/1254/950 1257/1252/948
f 1257/1252/948 1259/1254/950 1260/1255/951
f 1259/1254/950 1261/1256/952 1260/1255/951
f 1258/1253/949 1262/1257/953 1256/1251/947
f 1256/1251/947 1262/1257/953 1259/1254/950
f 1258/1253/949 1263/1258/954 1262/1257/953
f 1259/1254/950 1264/1259/955 1261/1256/952
f 1262/1257/953 1264/1259/955 1259/1254/950
f 1264/1259/955 1265/1260/956 1261/1256/952
f 1263/1258/954 1266/1261/957 1262/1257/953
f 1262/1257/953 1266/1261/957 1264/1259/955
f 1263/1258/954 1267/1262/958 1266/1261/957
f 1267/1262/958 1268/1263/959 1266/1261/957
f 1264/1259/955 1269/1264/960 1265/1260/956
f 1266/1261/957 1269/1264/960 1264/1259/955
f 1266/1261/957 1268/1263/959 1269/1264/960
f 1269/1264/960 1270/1265/961 1265/1260/956
f 1268/1263/959 1271/1266/962 1269/1264/960
f 1269/1264/960 1271/1266/962 1270/1265/961
f 1271/1266/962 1272/1267/963 1270/1265/961
f 1275/1268/964 1274/1269/965 1273/1270/966
f 1276/1271/967 1275/1268/964 1273/1270/966
f 1276/1271/967 1273/1270/966 1277/1272/968
f 1278/1273/969 1275/1268/964 1276/1271/967
f 1279/1274/970 1276/1271/967 1277/1272/968
f 1279/1274/970 1277/1272/968 1280/1275/971
f 1281/1276/972 1279/1274/970 1280/1275/971
f 1282/1277/973 1278/1273/969 1276/1271/967
f 1282/1277/973 1276/1271/967 1279/1274/970
f 1283/1278/974 1278/1273/969 1282/1277/973
f 1284/1279/975 1279/1274/970 1281/1276/972
f 1284/1279/975 1282/1277/973 1279/1274/970
f 1285/1280/976 1284/1279/975 1281/1276/972
f 1286/1281/977 1283/1278/974 1282/1277/973
f 1286/1281/977 1282/1277/973 1284/1279/975
f 1287/1282/978 1283/1278/974 1286/1281/977
f 1288/1283/979 1287/1282/978 1286/1281/977
f 1289/1284/980 1284/1279/975 1285/1280/976
f 1289/1284/980 1286/1281/977 1284/1279/975
f 1288/1283/979 1286/1281/977 1289/1284/980
f 1290/1285/981 1289/1284/980 1285/1280/976
f 1291/1286/982 1288/1283/979 1289/1284/980
f 1291/1286/982 1289/1284/980 1290/1285/981
f 1292/1287/983 1291/1286/982 1290/1285/981
f 1295/1288/984 1294/1289/985 1293/1290/986
f 1296/1291/987 1295/1288/984 1293/1290/986
f 1296/1291/987 1293/1290/986 1297/1292/988
f 1298/1293/989 1295/1288/984 1296/1291/987
f 1299/1294/990 1296/1291/987 1297/1292/988
f 1299/1294/990 1297/1292/988 1300/1295/991
f 1301/1296/992 1298/1293/989 1296/1291/987
f 1301/1296/992 1296/1291/987 1299/1294/990
f 1302/1297/993 1298/1293/989 1301/1296/992
f 1303/1298/994 1302/1297/993 1301/1296/992
f 1303/1298/994 1301/1296/992 1304/1299/995
f 1304/1299/995 1301/1296/992 1299/1294/990
f 1305/1300/996 1303/1298/994 1304/1299/995
f 1306/1301/997 1299/1294/990 1300/1295/991
f 1304/1299/995 1299/1294/990 1306/1301/997
f 1306/1301/997 1300/1295/991 1307/1302/998
f 1308/1303/999 1306/1301/997 1307/1302/998
f 1305/1300/996 1304/1299/995 1309/1304/1000
f 1309/1304/1000 1304/1299/995 1306/1301/997
f 1309/1304/1000 1306/1301/997 1308/1303/999
f 1310/1305/1001 1305/1300/996 1309/1304/1000
f 1311/1306/1002 1309/1304/1000 1308/1303/999
f 1310/1305/1001 1309/1304/1000 1311/1306/1002
f 1312/1307/1003 1310/1305/1001 1311/1306/1002
f 1315/1308/1004 1314/1309/1005 1313/1310/1006
f 1314/1309/1005 1316/1311/1007 1313/1310/1006
f 1313/1310/1006 1316/1311/1007 1317/1312/1008
f 1314/1309/1005 1318/1313/1009 1316/1311/1007
f 1316/1311/1007 1319/1314/1010 1317/1312/1008
f 1317/1312/1008 1319/1314/1010 1320/1315/1011
f 1318/1313/1009 1321/1316/1012 1316/1311/1007
f 1316/1311/1007 1321/1316/1012 1319/1314/1010
f 1318/1313/1009 1322/1317/1013 1321/1316/1012
f 1322/1317/1013 1323/1318/1014 1321/1316/1012
f 1321/1316/1012 1323/1318/1014 1324/1319/1015
f 1321/1316/1012 1324/1319/1015 1319/1314/1010
f 1323/1318/1014 1325/1320/1016 1324/1319/1015
f 1319/1314/1010 1326/1321/1017 1320/1315/1011
f 1319/1314/1010 1324/1319/1015 1326/1321/1017
f 1320/1315/1011 1326/1321/1017 1327/1322/1018
f 1326/1321/1017 1328/1323/1019 1327/1322/1018
f 1324/1319/1015 1325/1320/1016 1329/1324/1020
f 1324/1319/1015 1329/1324/1020 1326/1321/1017
f 1326/1321/1017 1329/1324/1020 1328/1323/1019
f 1325/1320/1016 1330/1325/1021 1329/1324/1020
f 1329/1324/1020 1331/1326/1022 1328/1323/1019
f 1329/1324/1020 1330/1325/1021 1331/1326/1022
f 1330/1325/1021 1332/1327/1023 1331/1326/1022
f 1335/1328/1024 1334/1329/1025 1333/1330/1026
f 1334/1329/1025 1336/1331/1027 1333/1330/1026
f 1333/1330/1026 1336/1331/1027 1337/861/1028
f 1334/1329/1025 1338/1332/1025 1336/1331/1027
f 1336/1331/1027 1339/1333/1028 1337/861/1028
f 1338/1332/1025 1340/1334/1026 1336/1331/1027
f 1336/1331/1027 1340/1334/1026 1339/1333/1028
f 1338/1332/1025 1341/1335/1029 1340/1334/1026
f 1340/1334/1026 1342/1336/1030 1339/1333/1028
f 1341/1335/1029 1343/1337/1027 1340/1334/1026
f 1340/1334/1026 1343/1337/1027 1342/1336/1030
f 1343/1337/1027 1344/854/1028 1342/1336/1030
f 1347/1338/1031 1346/1339/1032 1345/1340/1033
f 1346/1339/1032 1348/1341/1033 1345/1340/1033
f 1345/1340/1033 1348/1341/1033 1349/1342/1034
f 1346/1339/1032 1350/1343/1032 1348/1341/1033
f 1348/1341/1033 1351/1344/1035 1349/1342/1034
f 1350/1343/1032 1352/1345/1036 1348/1341/1033
f 1348/1341/1033 1352/1345/1036 1351/1344/1035
f 1350/1343/1032 1353/1346/1032 1352/1345/1036
f 1352/1345/1036 1354/1347/1035 1351/1344/1035
f 1353/1346/1032 1355/1348/1037 1352/1345/1036
f 1352/1345/1036 1355/1348/1037 1354/1347/1035
f 1355/1348/1037 1356/1349/1038 1354/1347/1035
f 1359/1350/1039 1358/1351/1040 1357/1352/1041
f 1358/1351/1040 1360/1353/1042 1357/1352/1041
f 1358/1351/1040 1361/1354/1043 1360/1353/1042
f 1360/1353/1042 1361/1354/1043 1362/1355/1044
f 1363/1356/1045 1360/1353/1042 1362/1355/1044
f 1364/1357/1046 1361/1354/1043 1358/1351/1040
f 1358/1351/1040 1365/1358/1047 1364/1357/1046
f 1366/1359/1048 1364/1357/1046 1365/1358/1047
f 1366/1359/1048 1365/1358/1047 1367/1360/1049
f 1368/1361/1050 1366/1359/1048 1367/1360/1049
f 1369/1362/1051 1364/1357/1046 1366/1359/1048
f 1369/1362/1051 1366/1359/1048 1370/1363/1052
f 1364/1357/1046 1371/1364/1053 1361/1354/1043
f 1369/1362/1051 1371/1364/1053 1364/1357/1046
f 1371/1364/1053 1372/1365/1054 1361/1354/1043
f 1361/1354/1043 1372/1365/1054 1362/1355/1044
f 1371/1364/1053 1373/1366/1055 1372/1365/1054
f 1373/1366/1055 1371/1364/1053 1369/1362/1051
f 1373/1366/1055 1374/1367/1056 1372/1365/1054
f 1362/1355/1044 1372/1365/1054 1374/1367/1056
f 1373/1366/1055 1375/1368/1057 1374/1367/1056
f 1375/1368/1057 1376/1369/1058 1374/1367/1056
f 1377/1370/1059 1369/1362/1051 1370/1363/1052
f 1377/1370/1059 1378/1371/1060 1369/1362/1051
f 1378/1371/1060 1379/1372/1060 1369/1362/1051
f 1377/1370/1059 1370/1363/1052 1380/1373/1061
f 1381/1374/1062 1380/1373/1061 1370/1363/1052
f 1381/1374/1062 1370/1363/1052 1382/1375/1063
f 1383/1376/1064 1381/1374/1062 1382/1375/1063
f 1380/1373/1061 1384/1377/1065 1377/1370/1059
f 1377/1370/1059 1384/1377/1065 1385/1378/1066
f 1380/1373/1061 1381/1374/1062 1386/1379/1067
f 1381/1374/1062 1387/1380/1068 1386/1379/1067
f 1384/1377/1065 1380/1373/1061 1388/1381/1069
f 1380/1373/1061 1386/1379/1067 1388/1381/1069
f 1389/1382/1070 1385/1378/1066 1384/1377/1065
f 1384/1377/1065 1388/1381/1069 1389/1382/1070
f 1385/1378/1066 1389/1382/1070 1390/1383/1071
f 1391/1384/1071 1385/1378/1066 1390/1383/1071
f 1389/1382/1070 1388/1381/1069 1392/1385/1072
f 1392/1385/1072 1388/1381/1069 1386/1379/1067
f 1363/1356/1045 1386/1379/1067 1387/1380/1068
f 1386/1379/1067 1363/1356/1045 1392/1385/1072
f 1363/1356/1045 1387/1380/1068 1393/1386/1073
f 1394/1387/1074 1363/1356/1045 1393/1386/1073
f 1363/1356/1045 1362/1355/1044 1392/1385/1072
f 1392/1385/1072 1362/1355/1044 1395/1388/1075
f 1396/1389/1075 1392/1385/1072 1395/1388/1075
f 1399/1390/1076 1398/1391/1077 1397/1392/1078
f 1400/1393/1079 1399/1390/1076 1397/1392/1078
f 1397/1392/1078 1401/1394/99 1400/1393/1079
f 1401/1394/99 1402/1395/107 1400/1393/1079
f 1401/1394/99 1403/1396/99 1402/1395/107
f 1402/1395/107 1404/1397/1080 1400/1393/1079
f 1404/1397/1080 1405/1398/1080 1400/1393/1079
f 1406/1399/1080 1404/1397/1080 1402/1395/107
f 1403/1396/99 1407/1400/107 1402/1395/107
f 1407/1400/107 1406/1399/1080 1402/1395/107
f 1403/1396/99 1408/1401/99 1407/1400/107
f 1409/1402/1080 1406/1399/1080 1407/1400/107
f 1408/1401/99 1410/1403/107 1407/1400/107
f 1410/1403/107 1409/1402/1080 1407/1400/107
f 1413/1404/1081 1412/1405/1082 1411/1406/1083
f 1414/1407/1084 1413/1404/1081 1411/1406/1083
f 1411/1406/1083 1415/1408/94 1414/1407/1084
f 1415/1408/94 1416/1409/103 1414/1407/1084
f 1415/1408/94 1417/1410/94 1416/1409/103
f 1416/1409/103 1418/1411/97 1414/1407/1084
f 1418/1411/97 1419/1412/1085 1414/1407/1084
f 1420/1413/97 1418/1411/97 1416/1409/103
f 1417/1410/94 1421/1414/103 1416/1409/103
f 1421/1414/103 1420/1413/97 1416/1409/103
f 1417/1410/94 1422/1415/94 1421/1414/103
f 1423/1416/97 1420/1413/97 1421/1414/103
f 1422/1415/94 1424/1417/103 1421/1414/103
f 1424/1417/103 1423/1416/97 1421/1414/103
f 1427/1418/1086 1426/1419/1087 1425/1420/1088
f 1428/1421/1089 1425/1420/1088 1426/1419/1087
f 1425/1420/1088 1429/1422/1090 1427/1418/1086
f 1427/1418/1086 1429/1422/1090 1430/1383/1091
f 1431/1423/1092 1425/1420/1088 1428/1421/1089
f 1425/1420/1088 1431/1423/1092 1429/1422/1090
f 1430/1383/1091 1429/1422/1090 1432/1424/1093
f 1431/1423/1092 1432/1424/1093 1429/1422/1090
f 1428/1421/1089 1433/1425/1094 1431/1423/1092
f 1428/1421/1089 1434/1426/1095 1433/1425/1094
f 1435/1427/1096 1431/1423/1092 1433/1425/1094
f 1431/1423/1092 1435/1427/1096 1432/1424/1093
f 1435/1427/1096 1436/1428/1097 1432/1424/1093
f 1437/1429/1098 1432/1424/1093 1436/1428/1097
f 1432/1424/1093 1437/1429/1098 1430/1383/1091
f 1437/1429/1098 1438/1384/1099 1430/1383/1091
f 1434/1426/1095 1439/1430/1100 1433/1425/1094
f 1437/1429/1098 1440/1431/1101 1438/1384/1099
f 1434/1426/1095 1441/1432/1102 1439/1430/1100
f 1439/1430/1100 1441/1432/1102 1442/1433/1103
f 1443/1434/1104 1442/1433/1103 1441/1432/1102
f 1443/1434/1104 1444/1435/1105 1440/1431/1101
f 1440/1431/1101 1444/1435/1105 1438/1384/1099
f 1441/1432/1102 1444/1435/1105 1443/1434/1104
f 1434/1426/1095 1445/1436/1106 1441/1432/1102
f 1441/1432/1102 1445/1436/1106 1444/1435/1105
f 1446/1437/1107 1445/1436/1106 1434/1426/1095
f 1444/1435/1105 1447/1438/1108 1438/1384/1099
f 1445/1436/1106 1447/1438/1108 1444/1435/1105
f 1445/1436/1106 1446/1437/1107 1447/1438/1108
f 1438/1384/1099 1447/1438/1108 1448/1439/1109
f 1446/1437/1107 1448/1439/1109 1447/1438/1108
f 1451/1440/1110 1450/1441/1111 1449/1442/1111
f 1452/1443/1112 1451/1440/1110 1449/1442/1111
f 1453/1444/1113 1451/1440/1110 1452/1443/1112
f 1449/1442/1111 1450/1441/1111 1454/1445/1114
f 1450/1441/1111 1455/1446/1115 1454/1445/1114
f 1456/1447/1116 1453/1444/1113 1452/1443/1112
f 1457/1448/1117 1453/1444/1113 1456/1447/1116
f 1454/1445/1114 1455/1446/1115 1458/1449/1118
f 1455/1446/1115 1459/1450/1119 1458/1449/1118
f 1460/1451/1120 1457/1448/1117 1456/1447/1116
f 1461/1452/1121 1457/1448/1117 1460/1451/1120
f 1458/1449/1118 1459/1450/1119 1462/1453/1122
f 1459/1450/1119 1463/1454/1123 1462/1453/1122
f 1464/1455/1121 1461/1452/1121 1460/1451/1120
f 1465/1456/1124 1461/1452/1121 1464/1455/1121
f 1462/1453/1122 1463/1454/1123 1466/1457/1125
f 1463/1454/1123 1467/1458/1126 1466/1457/1125
f 1468/1459/1127 1465/1456/1124 1464/1455/1121
f 1469/1460/1128 1465/1456/1124 1468/1459/1127
f 1466/1457/1125 1467/1458/1126 1470/1461/1129
f 1467/1458/1126 1471/1462/1130 1470/1461/1129
f 1472/1463/1131 1469/1460/1128 1468/1459/1127
f 1473/1464/1132 1469/1460/1128 1472/1463/1131
f 1470/1461/1129 1471/1462/1130 1474/1465/1133
f 1471/1462/1130 1475/1466/1134 1474/1465/1133
f 1476/1467/1135 1473/1464/1132 1472/1463/1131
f 1477/163/1136 1473/1464/1132 1476/1467/1135
f 1474/1465/1133 1475/1466/1134 1478/1468/1137
f 1475/1466/1134 1479/161/1138 1478/1468/1137
f 1479/161/1138 1477/163/1136 1480/1469/1136
f 1480/1469/1136 1477/163/1136 1476/1467/1135
f 1478/1468/1137 1479/161/1138 1480/1469/1136
f 1466/1457/1125 1470/1461/1129 1481/1470/1139
f 1470/1461/1129 1474/1465/1133 1482/1471/1140
f 1481/1470/1139 1470/1461/1129 1482/1471/1140
f 1474/1465/1133 1478/1468/1137 1483/1472/1141
f 1482/1471/1140 1474/1465/1133 1483/1472/1141
f 1478/1468/1137 1480/1469/1136 1484/1473/1142
f 1483/1472/1141 1478/1468/1137 1484/1473/1142
f 1480/1469/1136 1476/1467/1135 1485/1474/1143
f 1484/1473/1142 1480/1469/1136 1485/1474/1143
f 1476/1467/1135 1472/1463/1131 1486/1475/1144
f 1485/1474/1143 1476/1467/1135 1486/1475/1144
f 1487/1476/1145 1466/1457/1125 1481/1470/1139
f 1462/1453/1122 1466/1457/1125 1487/1476/1145
f 1486/1475/1144 1472/1463/1131 1488/1477/1146
f 1472/1463/1131 1468/1459/1127 1488/1477/1146
f 1489/1478/1147 1462/1453/1122 1487/1476/1145
f 1458/1449/1118 1462/1453/1122 1489/1478/1147
f 1488/1477/1146 1468/1459/1127 1490/1479/1148
f 1468/1459/1127 1464/1455/1121 1490/1479/1148
f 1491/1480/1149 1458/1449/1118 1489/1478/1147
f 1454/1445/1114 1458/1449/1118 1491/1480/1149
f 1490/1479/1148 1464/1455/1121 1492/1481/1150
f 1464/1455/1121 1460/1451/1120 1492/1481/1150
f 1493/1482/1151 1454/1445/1114 1491/1480/1149
f 1449/1442/1111 1454/1445/1114 1493/1482/1151
f 1492/1481/1150 1460/1451/1120 1494/1483/1152
f 1460/1451/1120 1456/1447/1116 1494/1483/1152
f 1495/1484/1153 1449/1442/1111 1493/1482/1151
f 1452/1443/1112 1449/1442/1111 1495/1484/1153
f 1456/1447/1116 1452/1443/1112 1496/1485/1154
f 1494/1483/1152 1456/1447/1116 1496/1485/1154
f 1496/1485/1154 1452/1443/1112 1495/1484/1153
f 1491/1480/1149 1489/1478/1147 1497/1486/1155
f 1493/1482/1151 1491/1480/1149 1498/1487/1156
f 1498/1487/1156 1491/1480/1149 1497/1486/1155
f 1495/1484/1153 1493/1482/1151 1499/1488/1157
f 1499/1488/1157 1493/1482/1151 1498/1487/1156
f 1496/1485/1154 1495/1484/1153 1500/1489/1158
f 1500/1489/1158 1495/1484/1153 1499/1488/1157
f 1494/1483/1152 1496/1485/1154 1501/1490/1159
f 1501/1490/1159 1496/1485/1154 1500/1489/1158
f 1492/1481/1150 1494/1483/1152 1502/1491/1160
f 1502/1491/1160 1494/1483/1152 1501/1490/1159
f 1497/1486/1155 1489/1478/1147 1503/1492/1161
f 1489/1478/1147 1487/1476/1145 1503/1492/1161
f 1504/1493/1162 1492/1481/1150 1502/1491/1160
f 1490/1479/1148 1492/1481/1150 1504/1493/1162
f 1503/1492/1161 1487/1476/1145 1505/1494/1163
f 1487/1476/1145 1481/1470/1139 1505/1494/1163
f 1506/1495/1164 1490/1479/1148 1504/1493/1162
f 1488/1477/1146 1490/1479/1148 1506/1495/1164
f 1505/1494/1163 1481/1470/1139 1507/1496/1165
f 1481/1470/1139 1482/1471/1140 1507/1496/1165
f 1508/1497/1166 1488/1477/1146 1506/1495/1164
f 1486/1475/1144 1488/1477/1146 1508/1497/1166
f 1507/1496/1165 1482/1471/1140 1509/1498/1167
f 1482/1471/1140 1483/1472/1141 1509/1498/1167
f 1510/1499/1168 1486/1475/1144 1508/1497/1166
f 1485/1474/1143 1486/1475/1144 1510/1499/1168
f 1509/1498/1167 1483/1472/1141 1511/1500/1169
f 1483/1472/1141 1484/1473/1142 1511/1500/1169
f 1484/1473/1142 1485/1474/1143 1512/1501/1170
f 1512/1501/1170 1485/1474/1143 1510/1499/1168
f 1511/1500/1169 1484/1473/1142 1512/1501/1170
f 1505/1494/1163 1507/1496/1165 1513/1502/1171
f 1514/1503/1172 1505/1494/1163 1513/1502/1171
f 1513/1502/1171 1507/1496/1165 1515/1504/1173
f 1507/1496/1165 1509/1498/1167 1515/1504/1173
f 1503/1492/1161 1505/1494/1163 1514/1503/1172
f 1515/1504/1173 1509/1498/1167 1516/1505/1174
f 1509/1498/1167 1511/1500/1169 1516/1505/1174
f 1517/1506/1175 1503/1492/1161 1514/1503/1172
f 1516/1505/1174 1511/1500/1169 1518/1507/1176
f 1511/1500/1169 1512/1501/1170 1518/1507/1176
f 1497/1486/1155 1503/1492/1161 1517/1506/1175
f 1518/1507/1176 1512/1501/1170 1519/1508/1177
f 1520/1509/1178 1497/1486/1155 1517/1506/1175
f 1512/1501/1170 1510/1499/1168 1519/1508/1177
f 1498/1487/1156 1497/1486/1155 1520/1509/1178
f 1519/1508/1177 1510/1499/1168 1521/1510/1179
f 1522/1511/1180 1498/1487/1156 1520/1509/1178
f 1510/1499/1168 1508/1497/1166 1521/1510/1179
f 1499/1488/1157 1498/1487/1156 1522/1511/1180
f 1521/1510/1179 1508/1497/1166 1523/1512/1181
f 1524/1513/1182 1499/1488/1157 1522/1511/1180
f 1508/1497/1166 1506/1495/1164 1523/1512/1181
f 1500/1489/1158 1499/1488/1157 1524/1513/1182
f 1523/1512/1181 1506/1495/1164 1525/1514/1183
f 1526/1515/1184 1500/1489/1158 1524/1513/1182
f 1506/1495/1164 1504/1493/1162 1525/1514/1183
f 1501/1490/1159 1500/1489/1158 1526/1515/1184
f 1525/1514/1183 1504/1493/1162 1527/1516/1185
f 1528/1517/1186 1501/1490/1159 1526/1515/1184
f 1504/1493/1162 1502/1491/1160 1527/1516/1185
f 1502/1491/1160 1501/1490/1159 1528/1517/1186
f 1527/1516/1185 1502/1491/1160 1528/1517/1186
f 1531/1518/1187 1530/1519/1188 1529/1520/1189
f 1532/1521/1190 1531/1518/1187 1529/1520/1189
f 1529/1520/1189 1530/1519/1188 1533/1522/1191
f 1530/1519/1188 1534/1523/1192 1533/1522/1191
f 1533/1522/1191 1534/1523/1192 1535/1524/1193
f 1536/1525/1194 1534/1523/1192 1530/1519/1188
f 1534/1523/1192 1536/1525/1194 1535/1524/1193
f 1530/1519/1188 1531/1518/1187 1536/1525/1194
f 1535/1524/1193 1536/1525/1194 1537/1526/1195
f 1536/1525/1194 1538/1527/1196 1537/1526/1195
f 1531/1518/1187 1538/1527/1196 1536/1525/1194
f 1537/1526/1195 1538/1527/1196 1539/1528/1197
f 1540/1529/1198 1531/1518/1187 1532/1521/1190
f 1531/1518/1187 1540/1529/1198 1538/1527/1196
f 1541/1530/1199 1540/1529/1198 1532/1521/1190
f 1538/1527/1196 1542/1531/1200 1539/1528/1197
f 1540/1529/1198 1542/1531/1200 1538/1527/1196
f 1539/1528/1197 1542/1531/1200 1543/1532/1201
f 1542/1531/1200 1544/1533/1202 1543/1532/1201
f 1540/1529/1198 1544/1533/1202 1542/1531/1200
f 1543/1532/1201 1544/1533/1202 1545/1534/1203
f 1546/1535/1204 1540/1529/1198 1541/1530/1199
f 1540/1529/1198 1546/1535/1204 1544/1533/1202
f 1547/1536/1205 1546/1535/1204 1541/1530/1199
f 1544/1533/1202 1548/1537/1206 1545/1534/1203
f 1546/1535/1204 1548/1537/1206 1544/1533/1202
f 1545/1534/1203 1548/1537/1206 1549/1538/1207
f 1550/1539/1208 1546/1535/1204 1547/1536/1205
f 1546/1535/1204 1550/1539/1208 1548/1537/1206
f 1551/1540/1209 1550/1539/1208 1547/1536/1205
f 1552/1541/1210 1550/1539/1208 1551/1540/1209
f 1550/1539/1208 1552/1541/1210 1548/1537/1206
f 1553/1542/1211 1552/1541/1210 1551/1540/1209
f 1548/1537/1206 1554/1543/1212 1549/1538/1207
f 1552/1541/1210 1554/1543/1212 1548/1537/1206
f 1549/1538/1207 1554/1543/1212 1555/1544/1213
f 1556/1545/1214 1552/1541/1210 1553/1542/1211
f 1552/1541/1210 1556/1545/1214 1554/1543/1212
f 1557/1546/1215 1556/1545/1214 1553/1542/1211
f 1554/1543/1212 1558/1547/1216 1555/1544/1213
f 1556/1545/1214 1558/1547/1216 1554/1543/1212
f 1555/1544/1213 1558/1547/1216 1559/1548/1217
f 1560/1549/1218 1556/1545/1214 1557/1546/1215
f 1559/1548/1217 1560/1549/1218 1557/1546/1215
f 1556/1545/1214 1560/1549/1218 1558/1547/1216
f 1558/1547/1216 1560/1549/1218 1559/1548/1217
