#usda 1.0
(
    customLayerData = {
        string creator = "Ai2-THOR MJCF-USD converter"
    }
    defaultPrim = "Dining_Table_21_2"
    doc = """Generated from Composed Stage of root layer /home/gregor/workspace/ai2/isaac-thor-worktree/dev-wilbert/assets/usd/objects/thor/Dining_Table_21_2_prim/Dining_Table_21_2_prim.usda
"""
    kilogramsPerUnit = 1
    metersPerUnit = 1
    upAxis = "Z"
)

def Xform "Dining_Table_21_2" (
    apiSchemas = ["GeomModelAPI"]
    assetInfo = {
        string name = "Dining_Table_21_2"
    }
    kind = "component"
)
{
    float3[] extentsHint = [(-0.46246654, -0.47542003, -0.3399497), (0.46428856, 0.46996468, 0.3437148), (3.4028235e38, 3.4028235e38, 3.4028235e38), (-3.4028235e38, -3.4028235e38, -3.4028235e38), (3.4028235e38, 3.4028235e38, 3.4028235e38), (-3.4028235e38, -3.4028235e38, -3.4028235e38), (-0.46106645, -0.471174, -0.33783326), (0.45971054, 0.4711845, 0.33784008)]

    def Scope "Geometry"
    {
        def Xform "Dining_Table_21_2" (
            apiSchemas = ["PhysicsRigidBodyAPI"]
            kind = "subcomponent"
        )
        {
            def Mesh "Dining_Table_21_2_dining_table_021_0" (
                apiSchemas = ["MaterialBindingAPI"]
            )
            {
                float3[] extent = [(-0.34614888, -2.62e-8, -0.2646069), (0.33026502, 0.05838577, 0.25073)]
                int[] faceVertexCounts = [3, 3, 3, 3, 3, 3, 3, 3, 3, 3, 3, 3, 3, 3, 3, 3, 3, 3, 3, 3, 3, 3, 3, 3, 3, 3, 3, 3, 3, 3, 3, 3, 3, 3, 3, 3, 3, 3, 3, 3, 3, 3, 3, 3, 3, 3, 3, 3, 3, 3, 3, 3, 3, 3, 3, 3, 3, 3, 3, 3, 3, 3, 3, 3, 3, 3, 3, 3, 3, 3, 3, 3, 3, 3, 3, 3, 3, 3, 3, 3, 3, 3, 3, 3, 3, 3, 3, 3, 3, 3, 3, 3, 3, 3, 3, 3, 3, 3, 3, 3, 3, 3, 3, 3, 3, 3, 3, 3, 3, 3, 3, 3, 3, 3, 3, 3, 3, 3, 3, 3, 3, 3, 3, 3, 3, 3, 3, 3, 3, 3, 3, 3, 3, 3, 3, 3, 3, 3, 3, 3, 3, 3, 3, 3, 3, 3, 3, 3, 3, 3, 3, 3, 3, 3, 3, 3, 3, 3, 3, 3, 3, 3, 3, 3, 3, 3, 3, 3, 3, 3, 3, 3, 3, 3, 3, 3, 3, 3, 3, 3, 3, 3, 3, 3, 3, 3, 3, 3, 3, 3, 3, 3, 3, 3, 3, 3, 3, 3, 3, 3, 3, 3, 3, 3, 3, 3, 3, 3, 3, 3, 3, 3, 3, 3, 3, 3, 3, 3, 3, 3, 3, 3, 3, 3, 3, 3, 3, 3, 3, 3, 3, 3, 3, 3, 3, 3, 3, 3, 3, 3, 3, 3, 3, 3, 3, 3, 3, 3, 3, 3, 3, 3, 3, 3, 3, 3, 3, 3, 3, 3, 3, 3, 3, 3, 3, 3, 3, 3, 3, 3, 3, 3, 3, 3, 3, 3, 3, 3, 3, 3, 3, 3, 3, 3, 3, 3, 3, 3, 3, 3, 3, 3, 3, 3, 3, 3, 3, 3, 3, 3, 3, 3, 3, 3, 3, 3, 3, 3, 3, 3, 3, 3, 3, 3, 3, 3, 3, 3, 3, 3, 3, 3, 3, 3, 3, 3, 3, 3, 3, 3, 3, 3, 3, 3, 3, 3, 3, 3, 3, 3, 3, 3, 3, 3, 3, 3, 3, 3, 3, 3, 3, 3, 3, 3, 3, 3, 3, 3, 3, 3, 3, 3, 3, 3, 3, 3, 3, 3, 3, 3, 3, 3, 3, 3, 3, 3, 3, 3, 3, 3, 3, 3, 3, 3, 3, 3, 3, 3, 3, 3, 3, 3, 3, 3, 3, 3, 3, 3, 3, 3, 3, 3, 3, 3, 3, 3, 3, 3, 3, 3, 3, 3, 3, 3, 3, 3, 3, 3, 3, 3, 3, 3, 3, 3, 3, 3, 3, 3, 3, 3, 3, 3, 3, 3, 3, 3, 3, 3, 3, 3, 3, 3, 3, 3, 3, 3, 3, 3, 3, 3, 3, 3, 3, 3, 3, 3, 3, 3, 3, 3, 3, 3, 3, 3, 3, 3, 3, 3, 3, 3, 3, 3, 3, 3, 3, 3, 3, 3, 3, 3, 3, 3, 3, 3, 3, 3, 3, 3, 3, 3, 3, 3, 3, 3, 3, 3, 3, 3, 3, 3, 3, 3, 3, 3, 3, 3, 3, 3, 3, 3, 3, 3, 3, 3, 3, 3, 3, 3, 3, 3, 3, 3, 3, 3, 3, 3, 3, 3, 3, 3, 3, 3, 3, 3, 3, 3, 3, 3, 3, 3, 3, 3, 3, 3, 3, 3, 3, 3, 3, 3, 3, 3, 3, 3, 3, 3, 3, 3, 3, 3, 3, 3, 3, 3, 3, 3, 3, 3, 3, 3, 3, 3, 3, 3, 3, 3, 3, 3, 3, 3, 3, 3, 3, 3, 3, 3, 3, 3, 3, 3, 3, 3, 3, 3, 3, 3, 3, 3, 3, 3, 3, 3, 3, 3, 3, 3, 3, 3, 3, 3, 3, 3, 3, 3, 3, 3, 3, 3, 3, 3, 3, 3, 3, 3, 3, 3, 3, 3, 3, 3, 3, 3, 3, 3, 3, 3, 3, 3, 3, 3, 3, 3, 3, 3, 3, 3, 3, 3, 3, 3, 3, 3, 3, 3, 3, 3, 3, 3, 3, 3, 3, 3, 3, 3, 3, 3, 3, 3, 3, 3, 3, 3, 3, 3, 3, 3, 3, 3, 3, 3, 3, 3, 3, 3, 3, 3, 3, 3, 3, 3, 3, 3, 3, 3, 3, 3, 3, 3, 3, 3, 3, 3, 3, 3, 3, 3, 3, 3, 3, 3, 3, 3, 3, 3, 3, 3, 3, 3, 3, 3, 3, 3, 3, 3, 3, 3, 3, 3, 3, 3, 3, 3, 3, 3, 3, 3, 3, 3, 3, 3, 3, 3, 3, 3, 3, 3, 3, 3, 3, 3, 3, 3, 3, 3, 3, 3, 3, 3, 3, 3, 3, 3, 3, 3, 3, 3, 3, 3, 3, 3, 3, 3, 3, 3, 3, 3, 3, 3]
                int[] faceVertexIndices = [78, 77, 76, 77, 79, 76, 76, 79, 80, 77, 81, 79, 79, 82, 80, 80, 82, 83, 82, 84, 83, 81, 85, 79, 79, 85, 82, 81, 86, 85, 82, 87, 84, 85, 87, 82, 87, 88, 84, 86, 89, 85, 85, 89, 87, 86, 90, 89, 90, 91, 89, 87, 92, 88, 89, 92, 87, 89, 91, 92, 92, 93, 88, 91, 94, 92, 92, 94, 93, 94, 95, 93, 98, 97, 96, 97, 99, 96, 96, 99, 100, 97, 101, 99, 99, 102, 100, 100, 102, 103, 102, 104, 103, 101, 105, 99, 99, 105, 102, 101, 106, 105, 102, 107, 104, 105, 107, 102, 107, 108, 104, 106, 109, 105, 105, 109, 107, 106, 110, 109, 110, 111, 109, 107, 112, 108, 109, 112, 107, 109, 111, 112, 112, 113, 108, 111, 114, 112, 112, 114, 113, 114, 115, 113, 118, 117, 116, 117, 119, 116, 116, 119, 120, 117, 121, 119, 119, 122, 120, 120, 122, 123, 122, 124, 123, 121, 125, 119, 119, 125, 122, 121, 126, 125, 122, 127, 124, 125, 127, 122, 127, 128, 124, 126, 129, 125, 125, 129, 127, 126, 130, 129, 130, 131, 129, 127, 132, 128, 129, 132, 127, 129, 131, 132, 132, 133, 128, 131, 134, 132, 132, 134, 133, 134, 135, 133, 138, 137, 136, 137, 139, 136, 136, 139, 140, 137, 141, 139, 139, 142, 140, 140, 142, 143, 142, 144, 143, 141, 145, 139, 139, 145, 142, 141, 146, 145, 142, 147, 144, 145, 147, 142, 147, 148, 144, 146, 149, 145, 145, 149, 147, 146, 150, 149, 150, 151, 149, 147, 152, 148, 149, 152, 147, 149, 151, 152, 152, 153, 148, 151, 154, 152, 152, 154, 153, 154, 155, 153, 31, 32, 156, 32, 157, 156, 32, 33, 157, 33, 158, 157, 33, 34, 158, 34, 159, 158, 34, 35, 159, 35, 160, 159, 30, 162, 161, 29, 30, 161, 29, 161, 163, 28, 29, 163, 28, 163, 164, 27, 28, 164, 27, 164, 165, 26, 27, 165, 25, 167, 166, 24, 25, 166, 24, 166, 168, 23, 24, 168, 23, 168, 169, 22, 23, 169, 22, 169, 170, 21, 22, 170, 20, 172, 171, 19, 20, 171, 19, 171, 173, 18, 19, 173, 18, 173, 174, 17, 18, 174, 17, 174, 175, 16, 17, 175, 178, 177, 176, 177, 179, 176, 176, 179, 180, 177, 181, 179, 179, 182, 180, 180, 182, 183, 182, 184, 183, 181, 185, 179, 179, 185, 182, 181, 186, 185, 182, 187, 184, 185, 187, 182, 187, 188, 184, 186, 189, 185, 185, 189, 187, 186, 190, 189, 190, 191, 189, 187, 192, 188, 189, 192, 187, 189, 191, 192, 192, 193, 188, 191, 194, 192, 192, 194, 193, 194, 195, 193, 198, 197, 196, 197, 199, 196, 196, 199, 200, 197, 201, 199, 199, 202, 200, 200, 202, 203, 202, 204, 203, 201, 205, 199, 199, 205, 202, 201, 206, 205, 202, 207, 204, 205, 207, 202, 207, 208, 204, 206, 209, 205, 205, 209, 207, 206, 210, 209, 210, 211, 209, 207, 212, 208, 209, 212, 207, 209, 211, 212, 212, 213, 208, 211, 214, 212, 212, 214, 213, 214, 215, 213, 218, 217, 216, 217, 219, 216, 216, 219, 220, 217, 221, 219, 219, 222, 220, 220, 222, 223, 222, 224, 223, 221, 225, 219, 219, 225, 222, 221, 226, 225, 222, 227, 224, 225, 227, 222, 227, 228, 224, 226, 229, 225, 225, 229, 227, 226, 230, 229, 230, 231, 229, 227, 232, 228, 229, 232, 227, 229, 231, 232, 232, 233, 228, 231, 234, 232, 232, 234, 233, 234, 235, 233, 238, 237, 236, 237, 239, 236, 236, 239, 240, 237, 241, 239, 239, 242, 240, 240, 242, 243, 242, 244, 243, 241, 245, 239, 239, 245, 242, 241, 246, 245, 242, 247, 244, 245, 247, 242, 247, 248, 244, 246, 249, 245, 245, 249, 247, 246, 250, 249, 250, 251, 249, 247, 252, 248, 249, 252, 247, 249, 251, 252, 252, 253, 248, 251, 254, 252, 252, 254, 253, 254, 255, 253, 51, 52, 256, 52, 257, 256, 52, 53, 257, 53, 258, 257, 53, 54, 258, 54, 259, 258, 54, 55, 259, 55, 260, 259, 50, 262, 261, 49, 50, 261, 49, 261, 263, 48, 49, 263, 48, 263, 264, 47, 48, 264, 47, 264, 265, 46, 47, 265, 45, 267, 266, 44, 45, 266, 44, 266, 268, 43, 44, 268, 43, 268, 269, 42, 43, 269, 42, 269, 270, 41, 42, 270, 40, 272, 271, 39, 40, 271, 39, 271, 273, 38, 39, 273, 38, 273, 274, 37, 38, 274, 37, 274, 275, 36, 37, 275, 278, 277, 276, 277, 279, 276, 276, 279, 280, 277, 281, 279, 279, 282, 280, 280, 282, 283, 282, 284, 283, 281, 285, 279, 279, 285, 282, 281, 286, 285, 282, 287, 284, 285, 287, 282, 287, 288, 284, 286, 289, 285, 285, 289, 287, 286, 290, 289, 290, 291, 289, 287, 292, 288, 289, 292, 287, 289, 291, 292, 292, 293, 288, 291, 294, 292, 292, 294, 293, 294, 295, 293, 298, 297, 296, 297, 299, 296, 296, 299, 300, 297, 301, 299, 299, 302, 300, 300, 302, 303, 302, 304, 303, 301, 305, 299, 299, 305, 302, 301, 306, 305, 302, 307, 304, 305, 307, 302, 307, 308, 304, 306, 309, 305, 305, 309, 307, 306, 310, 309, 310, 311, 309, 307, 312, 308, 309, 312, 307, 309, 311, 312, 312, 313, 308, 311, 314, 312, 312, 314, 313, 314, 315, 313, 318, 317, 316, 317, 319, 316, 316, 319, 320, 317, 321, 319, 319, 322, 320, 320, 322, 323, 322, 324, 323, 321, 325, 319, 319, 325, 322, 321, 326, 325, 322, 327, 324, 325, 327, 322, 327, 328, 324, 326, 329, 325, 325, 329, 327, 326, 330, 329, 330, 331, 329, 327, 332, 328, 329, 332, 327, 329, 331, 332, 332, 333, 328, 331, 334, 332, 332, 334, 333, 334, 335, 333, 338, 337, 336, 337, 339, 336, 336, 339, 340, 337, 341, 339, 339, 342, 340, 340, 342, 343, 342, 344, 343, 341, 345, 339, 339, 345, 342, 341, 346, 345, 342, 347, 344, 345, 347, 342, 347, 348, 344, 346, 349, 345, 345, 349, 347, 346, 350, 349, 350, 351, 349, 347, 352, 348, 349, 352, 347, 349, 351, 352, 352, 353, 348, 351, 354, 352, 352, 354, 353, 354, 355, 353, 71, 72, 356, 72, 357, 356, 72, 73, 357, 73, 358, 357, 73, 74, 358, 74, 359, 358, 74, 75, 359, 75, 360, 359, 70, 362, 361, 69, 70, 361, 69, 361, 363, 68, 69, 363, 68, 363, 364, 67, 68, 364, 67, 364, 365, 66, 67, 365, 65, 367, 366, 64, 65, 366, 64, 366, 368, 63, 64, 368, 63, 368, 369, 62, 63, 369, 62, 369, 370, 61, 62, 370, 60, 372, 371, 59, 60, 371, 59, 371, 373, 58, 59, 373, 58, 373, 374, 57, 58, 374, 57, 374, 375, 56, 57, 375, 378, 377, 376, 377, 379, 376, 376, 379, 380, 377, 381, 379, 379, 382, 380, 380, 382, 383, 382, 384, 383, 381, 385, 379, 379, 385, 382, 381, 386, 385, 382, 387, 384, 385, 387, 382, 387, 388, 384, 386, 389, 385, 385, 389, 387, 386, 390, 389, 390, 391, 389, 387, 392, 388, 389, 392, 387, 389, 391, 392, 392, 393, 388, 391, 394, 392, 392, 394, 393, 394, 395, 393, 398, 397, 396, 397, 399, 396, 396, 399, 400, 397, 401, 399, 399, 402, 400, 400, 402, 403, 402, 404, 403, 401, 405, 399, 399, 405, 402, 401, 406, 405, 402, 407, 404, 405, 407, 402, 407, 408, 404, 406, 409, 405, 405, 409, 407, 406, 410, 409, 410, 411, 409, 407, 412, 408, 409, 412, 407, 409, 411, 412, 412, 413, 408, 411, 414, 412, 412, 414, 413, 414, 415, 413, 418, 417, 416, 417, 419, 416, 416, 419, 420, 417, 421, 419, 419, 422, 420, 420, 422, 423, 422, 424, 423, 421, 425, 419, 419, 425, 422, 421, 426, 425, 422, 427, 424, 425, 427, 422, 427, 428, 424, 426, 429, 425, 425, 429, 427, 426, 430, 429, 430, 431, 429, 427, 432, 428, 429, 432, 427, 429, 431, 432, 432, 433, 428, 431, 434, 432, 432, 434, 433, 434, 435, 433, 438, 437, 436, 437, 439, 436, 436, 439, 440, 437, 441, 439, 439, 442, 440, 440, 442, 443, 442, 444, 443, 441, 445, 439, 439, 445, 442, 441, 446, 445, 442, 447, 444, 445, 447, 442, 447, 448, 444, 446, 449, 445, 445, 449, 447, 446, 450, 449, 450, 451, 449, 447, 452, 448, 449, 452, 447, 449, 451, 452, 452, 453, 448, 451, 454, 452, 452, 454, 453, 454, 455, 453, 456, 6, 8, 457, 456, 8, 456, 458, 6, 457, 8, 10, 458, 4, 6, 459, 457, 10, 458, 460, 4, 459, 10, 12, 460, 2, 4, 461, 459, 12, 460, 462, 2, 461, 12, 14, 462, 1, 2, 463, 461, 14, 462, 464, 1, 463, 14, 15, 464, 0, 1, 465, 463, 15, 464, 466, 0, 465, 15, 13, 466, 3, 0, 467, 465, 13, 466, 468, 3, 467, 13, 11, 468, 5, 3, 469, 467, 11, 468, 470, 5, 469, 11, 9, 470, 7, 5, 471, 469, 9, 471, 9, 7, 470, 471, 7, 474, 473, 472, 475, 474, 472, 474, 476, 473, 475, 472, 477, 478, 475, 477, 478, 477, 479, 480, 478, 479, 481, 479, 477, 480, 479, 481, 481, 477, 472, 482, 480, 481, 483, 481, 472, 482, 481, 483, 483, 472, 473, 484, 482, 483, 484, 483, 485, 485, 483, 473, 486, 484, 485, 476, 487, 473, 485, 473, 487, 476, 488, 487, 486, 485, 489, 489, 485, 487, 490, 486, 489, 488, 491, 487, 489, 487, 491, 488, 492, 491, 490, 489, 493, 493, 489, 491, 494, 490, 493, 492, 495, 491, 493, 491, 495, 492, 496, 495, 494, 493, 497, 497, 493, 495, 498, 494, 497, 496, 499, 495, 497, 495, 499, 496, 500, 499, 498, 497, 501, 501, 497, 499, 502, 498, 501, 500, 502, 503, 500, 503, 499, 499, 503, 501, 502, 501, 503, 506, 505, 504, 507, 506, 504, 506, 508, 505, 507, 504, 509, 510, 507, 509, 510, 509, 511, 512, 510, 511, 513, 511, 509, 512, 511, 513, 513, 509, 504, 514, 512, 513, 515, 513, 504, 514, 513, 515, 515, 504, 505, 516, 514, 515, 516, 515, 517, 517, 515, 505, 518, 516, 517, 508, 519, 505, 517, 505, 519, 508, 520, 519, 518, 517, 521, 521, 517, 519, 522, 518, 521, 520, 523, 519, 521, 519, 523, 520, 524, 523, 522, 521, 525, 525, 521, 523, 526, 522, 525, 524, 527, 523, 525, 523, 527, 524, 528, 527, 526, 525, 529, 529, 525, 527, 530, 526, 529, 528, 531, 527, 529, 527, 531, 528, 532, 531, 530, 529, 533, 533, 529, 531, 534, 530, 533, 532, 534, 535, 532, 535, 531, 531, 535, 533, 534, 533, 535, 538, 537, 536, 539, 538, 536, 538, 540, 537, 539, 536, 541, 542, 539, 541, 542, 541, 543, 544, 542, 543, 545, 543, 541, 544, 543, 545, 545, 541, 536, 546, 544, 545, 547, 545, 536, 546, 545, 547, 547, 536, 537, 548, 546, 547, 548, 547, 549, 549, 547, 537, 550, 548, 549, 540, 551, 537, 549, 537, 551, 540, 552, 551, 550, 549, 553, 553, 549, 551, 554, 550, 553, 552, 555, 551, 553, 551, 555, 552, 556, 555, 554, 553, 557, 557, 553, 555, 558, 554, 557, 556, 559, 555, 557, 555, 559, 556, 560, 559, 558, 557, 561, 561, 557, 559, 562, 558, 561, 560, 563, 559, 561, 559, 563, 560, 564, 563, 562, 561, 565, 565, 561, 563, 566, 562, 565, 564, 566, 567, 564, 567, 563, 563, 567, 565, 566, 565, 567, 570, 569, 568, 571, 570, 568, 570, 572, 569, 571, 568, 573, 572, 574, 569, 575, 571, 573, 572, 576, 574, 575, 573, 577, 576, 578, 574, 579, 575, 577, 576, 580, 578, 579, 577, 581, 580, 582, 578, 583, 579, 581, 580, 584, 582, 583, 581, 585, 584, 586, 582, 587, 583, 585, 584, 588, 586, 587, 585, 589, 588, 590, 586, 591, 587, 589, 588, 592, 590, 591, 589, 593, 592, 594, 590, 595, 591, 593, 592, 596, 594, 595, 593, 597, 596, 598, 594, 599, 595, 597, 599, 597, 598, 596, 599, 598, 602, 601, 600, 603, 602, 600, 602, 604, 601, 603, 600, 605, 604, 606, 601, 607, 603, 605, 604, 608, 606, 607, 605, 609, 608, 610, 606, 611, 607, 609, 608, 612, 610, 611, 609, 613, 612, 614, 610, 615, 611, 613, 612, 616, 614, 615, 613, 617, 616, 618, 614, 619, 615, 617, 616, 620, 618, 619, 617, 621, 620, 622, 618, 623, 619, 621, 620, 624, 622, 623, 621, 625, 624, 626, 622, 627, 623, 625, 624, 628, 626, 627, 625, 629, 628, 630, 626, 631, 627, 629, 631, 629, 630, 628, 631, 630, 634, 633, 632, 635, 634, 632, 634, 636, 633, 635, 632, 637, 636, 638, 633, 639, 635, 637, 636, 640, 638, 639, 637, 641, 640, 642, 638, 643, 639, 641, 640, 644, 642, 643, 641, 645, 644, 646, 642, 647, 643, 645, 644, 648, 646, 647, 645, 649, 648, 650, 646, 651, 647, 649, 648, 652, 650, 651, 649, 653, 652, 654, 650, 655, 651, 653, 652, 656, 654, 655, 653, 657, 656, 658, 654, 659, 655, 657, 656, 660, 658, 659, 657, 661, 660, 662, 658, 663, 659, 661, 663, 661, 662, 660, 663, 662, 666, 665, 664, 667, 666, 664, 666, 668, 665, 667, 664, 669, 668, 670, 665, 671, 667, 669, 668, 672, 670, 671, 669, 673, 672, 674, 670, 675, 671, 673, 672, 676, 674, 675, 673, 677, 676, 678, 674, 679, 675, 677, 676, 680, 678, 679, 677, 681, 680, 682, 678, 683, 679, 681, 680, 684, 682, 683, 681, 685, 684, 686, 682, 687, 683, 685, 684, 688, 686, 687, 685, 689, 688, 690, 686, 691, 687, 689, 688, 692, 690, 691, 689, 693, 692, 694, 690, 695, 691, 693, 695, 693, 694, 692, 695, 694]
                rel material:binding = </Dining_Table_21_2/Materials/material_BlackFoil>
                uniform token orientation = "rightHanded"
                point3f[] points = [(-0.3285053, -2.62e-8, 0.2281006), (-0.33283183, -2.62e-8, 0.2272827), (-0.33715847, -2.62e-8, 0.2281006), (-0.32483736, -2.62e-8, 0.230437), (-0.34082654, -2.62e-8, 0.230437), (-0.32238644, -2.62e-8, 0.2339282), (-0.34327745, -2.62e-8, 0.2339282), (-0.32152584, -2.62e-8, 0.2380493), (-0.34413803, -2.62e-8, 0.2380493), (-0.32238644, -2.62e-8, 0.242168), (-0.34327745, -2.62e-8, 0.242168), (-0.32483736, -2.62e-8, 0.2456616), (-0.34082654, -2.62e-8, 0.2456616), (-0.3285053, -2.62e-8, 0.2479956), (-0.33715856, -2.62e-8, 0.2479956), (-0.33283195, -2.62e-8, 0.2488184), (-0.3408262, 0.05838577, -0.259541), (-0.33715826, 0.05838577, -0.261875), (-0.33283174, 0.05838577, -0.2626929), (-0.3285051, 0.05838577, -0.261875), (-0.32483703, 0.05838577, -0.259541), (-0.32483703, 0.05838577, -0.259541), (-0.32238623, 0.05838577, -0.2560474), (-0.32152563, 0.05838577, -0.2519263), (-0.32238623, 0.05838577, -0.2478052), (-0.32483715, 0.05838577, -0.244314), (-0.32483715, 0.05838577, -0.244314), (-0.328505, 0.05838577, -0.24198), (-0.33283174, 0.05838577, -0.2411597), (-0.33715826, 0.05838577, -0.24198), (-0.3408262, 0.05838577, -0.244314), (-0.3408262, 0.05838577, -0.244314), (-0.34327713, 0.05838577, -0.2478052), (-0.3441377, 0.05838577, -0.2519263), (-0.34327713, 0.05838577, -0.2560474), (-0.3408262, 0.05838577, -0.259541), (0.30895317, 0.058385756, 0.2304321), (0.31262112, 0.058385756, 0.2280981), (0.31694776, 0.05838577, 0.2272778), (0.32127437, 0.058385756, 0.2280981), (0.32494235, 0.058385756, 0.2304321), (0.32494235, 0.058385756, 0.2304321), (0.32739314, 0.058385756, 0.2339258), (0.32825384, 0.058385756, 0.2380469), (0.32739314, 0.058385756, 0.242168), (0.32494235, 0.058385756, 0.2456616), (0.32494235, 0.058385756, 0.2456616), (0.32127437, 0.058385756, 0.2479956), (0.31694764, 0.05838577, 0.2488135), (0.31262112, 0.058385756, 0.2479956), (0.30895317, 0.058385756, 0.2456616), (0.30895317, 0.058385756, 0.2456616), (0.30650225, 0.05838577, 0.242168), (0.30564165, 0.058385756, 0.2380469), (0.30650225, 0.05838577, 0.2339258), (0.30895317, 0.058385756, 0.2304321), (0.30895337, 0.058385756, -0.259541), (0.31262133, 0.058385756, -0.261875), (0.31694797, 0.05838577, -0.2626929), (0.32127458, 0.058385756, -0.261875), (0.32494256, 0.058385756, -0.259541), (0.32494256, 0.058385756, -0.259541), (0.32739347, 0.05838577, -0.2560474), (0.32825404, 0.058385756, -0.2519263), (0.32739347, 0.05838577, -0.2478052), (0.32494256, 0.058385756, -0.244314), (0.32494256, 0.058385756, -0.244314), (0.32127458, 0.058385756, -0.24198), (0.31694797, 0.05838577, -0.2411597), (0.31262133, 0.058385756, -0.24198), (0.30895337, 0.058385756, -0.244314), (0.30895337, 0.058385756, -0.244314), (0.30650255, 0.058385756, -0.2478052), (0.3056419, 0.058385756, -0.2519263), (0.30650255, 0.058385756, -0.2560474), (0.30895337, 0.058385756, -0.259541), (-0.32341543, 0.05531285, 0.2290796), (-0.32107762, 0.05838577, 0.2334082), (-0.32383555, 0.05838577, 0.2294775), (-0.32052857, 0.05531285, 0.2331958), (-0.32341543, 0.0028459881, 0.2290796), (-0.3201091, 0.05838577, 0.2380469), (-0.32052857, 0.0028459881, 0.2331958), (-0.32375932, -2.62e-8, 0.2294092), (-0.32097796, -2.62e-8, 0.2333716), (-0.3195149, 0.05531285, 0.2380493), (-0.32107762, 0.05838577, 0.2426831), (-0.3195149, 0.0028459881, 0.2380493), (-0.32000136, -2.62e-8, 0.2380493), (-0.32052857, 0.05531285, 0.2429004), (-0.32383555, 0.05838577, 0.2466138), (-0.32341543, 0.05531285, 0.2470166), (-0.32052857, 0.0028459881, 0.2429028), (-0.32097796, -2.62e-8, 0.2427246), (-0.32341543, 0.0028459881, 0.2470166), (-0.32375932, -2.62e-8, 0.2466895), (-0.34224844, 0.05531285, 0.2290796), (-0.3377007, 0.05838577, 0.226853), (-0.34182835, 0.05838577, 0.2294775), (-0.337928, 0.05531285, 0.2263306), (-0.34224844, 0.0028459881, 0.2290796), (-0.33283195, 0.05838577, 0.2259302), (-0.337928, 0.0028459881, 0.2263306), (-0.34190458, -2.62e-8, 0.2294092), (-0.33774194, -2.62e-8, 0.2267603), (-0.33283183, 0.05531285, 0.2253638), (-0.32796308, 0.05838577, 0.226853), (-0.33283183, 0.0028459881, 0.2253638), (-0.33283195, -2.62e-8, 0.2258276), (-0.32773566, 0.05531285, 0.2263306), (-0.32383555, 0.05838577, 0.2294775), (-0.32341543, 0.05531285, 0.2290796), (-0.32773566, 0.0028459881, 0.2263306), (-0.32792193, -2.62e-8, 0.2267603), (-0.32341543, 0.0028459881, 0.2290796), (-0.32375932, -2.62e-8, 0.2294092), (-0.34224844, 0.05531285, 0.2470166), (-0.34458616, 0.05838577, 0.2426831), (-0.34182835, 0.05838577, 0.2466138), (-0.3451352, 0.05531285, 0.2429004), (-0.34224844, 0.0028459881, 0.2470166), (-0.34555468, 0.05838577, 0.2380444), (-0.3451352, 0.0028459881, 0.2429028), (-0.34190458, -2.62e-8, 0.2466895), (-0.3446859, -2.62e-8, 0.2427246), (-0.34614888, 0.05531285, 0.2380493), (-0.34458616, 0.05838577, 0.2334082), (-0.34614888, 0.0028459881, 0.2380493), (-0.34566253, -2.62e-8, 0.2380493), (-0.3451352, 0.05531285, 0.2331958), (-0.34182835, 0.05838577, 0.2294775), (-0.34224844, 0.05531285, 0.2290796), (-0.3451352, 0.0028459881, 0.2331958), (-0.3446859, -2.62e-8, 0.2333716), (-0.34224844, 0.0028459881, 0.2290796), (-0.34190458, -2.62e-8, 0.2294092), (-0.32341543, 0.05531285, 0.2470166), (-0.32796308, 0.05838577, 0.2492407), (-0.32383555, 0.05838577, 0.2466138), (-0.32773566, 0.05531285, 0.2497656), (-0.32341543, 0.0028459881, 0.2470166), (-0.33283183, 0.05838577, 0.2501611), (-0.32773566, 0.0028459881, 0.2497656), (-0.32375932, -2.62e-8, 0.2466895), (-0.32792184, -2.62e-8, 0.2493384), (-0.33283195, 0.05531285, 0.25073), (-0.3377007, 0.05838577, 0.2492407), (-0.33283195, 0.0028459881, 0.25073), (-0.33283183, -2.62e-8, 0.2502685), (-0.33792812, 0.05531285, 0.2497656), (-0.34182835, 0.05838577, 0.2466138), (-0.34224844, 0.05531285, 0.2470166), (-0.33792812, 0.0028459881, 0.2497656), (-0.33774194, -2.62e-8, 0.2493384), (-0.34224844, 0.0028459881, 0.2470166), (-0.34190458, -2.62e-8, 0.2466895), (-0.3408262, -2.62e-8, -0.2443115), (-0.34327713, -2.62e-8, -0.2478052), (-0.3441377, -2.62e-8, -0.2519263), (-0.34327713, -2.62e-8, -0.2560449), (-0.3408262, -2.62e-8, -0.259541), (-0.33715826, -2.62e-8, -0.2419751), (-0.3408262, -2.62e-8, -0.2443115), (-0.33283174, -2.62e-8, -0.2411572), (-0.328505, -2.62e-8, -0.2419751), (-0.32483715, -2.62e-8, -0.2443115), (-0.32238623, -2.62e-8, -0.2478052), (-0.32483715, -2.62e-8, -0.2443115), (-0.32152563, -2.62e-8, -0.2519263), (-0.32238623, -2.62e-8, -0.2560449), (-0.32483703, -2.62e-8, -0.259541), (-0.3285051, -2.62e-8, -0.2618726), (-0.32483703, -2.62e-8, -0.259541), (-0.33283174, -2.62e-8, -0.2626929), (-0.33715826, -2.62e-8, -0.2618726), (-0.3408262, -2.62e-8, -0.259541), (-0.32341513, 0.05531285, -0.2608936), (-0.3210774, 0.05838577, -0.2565649), (-0.32383534, 0.05838577, -0.2604956), (-0.32052836, 0.05531285, -0.2567773), (-0.32341513, 0.0028459881, -0.2608936), (-0.3201089, 0.05838577, -0.2519263), (-0.32052836, 0.0028459881, -0.2567773), (-0.3237591, -2.62e-8, -0.2605664), (-0.32097775, -2.62e-8, -0.2565991), (-0.3195147, 0.05531285, -0.2519263), (-0.3210774, 0.05838577, -0.24729), (-0.3195147, 0.0028459881, -0.2519263), (-0.32000104, -2.62e-8, -0.2519263), (-0.32052836, 0.05531285, -0.2470727), (-0.32383522, 0.05838577, -0.2433594), (-0.32341522, 0.05531285, -0.2429565), (-0.32052836, 0.0028459881, -0.2470727), (-0.32097775, -2.62e-8, -0.2472485), (-0.32341522, 0.0028459881, -0.2429565), (-0.323759, -2.62e-8, -0.2432837), (-0.34224823, 0.05531285, -0.2608936), (-0.3377005, 0.05838577, -0.2631226), (-0.34182802, 0.05838577, -0.2604956), (-0.3379278, 0.05531285, -0.2636426), (-0.34224823, 0.0028459881, -0.2608936), (-0.33283162, 0.05838577, -0.2640454), (-0.3379278, 0.0028459881, -0.2636426), (-0.34190425, -2.62e-8, -0.2605664), (-0.33774173, -2.62e-8, -0.2632129), (-0.33283162, 0.05531285, -0.2646069), (-0.32796288, 0.05838577, -0.2631226), (-0.33283162, 0.0028459881, -0.2646069), (-0.33283162, -2.62e-8, -0.264143), (-0.32773554, 0.05531285, -0.2636426), (-0.32383534, 0.05838577, -0.2604956), (-0.32341513, 0.05531285, -0.2608936), (-0.32773554, 0.0028459881, -0.2636426), (-0.32792163, -2.62e-8, -0.2632129), (-0.32341513, 0.0028459881, -0.2608936), (-0.3237591, -2.62e-8, -0.2605664), (-0.34224823, 0.05531285, -0.2429565), (-0.34458607, 0.05838577, -0.24729), (-0.34182802, 0.05838577, -0.2433594), (-0.345135, 0.05531285, -0.2470727), (-0.34224823, 0.0028459881, -0.2429565), (-0.34555447, 0.05838577, -0.2519263), (-0.345135, 0.0028459881, -0.2470727), (-0.34190425, -2.62e-8, -0.2432837), (-0.3446856, -2.62e-8, -0.2472485), (-0.34614867, 0.05531285, -0.2519263), (-0.34458607, 0.05838577, -0.2565649), (-0.34614867, 0.0028459881, -0.2519263), (-0.3456623, -2.62e-8, -0.2519263), (-0.34513488, 0.05531285, -0.2567773), (-0.34182802, 0.05838577, -0.2604956), (-0.34224823, 0.05531285, -0.2608936), (-0.34513488, 0.0028459881, -0.2567773), (-0.3446856, -2.62e-8, -0.2565991), (-0.34224823, 0.0028459881, -0.2608936), (-0.34190425, -2.62e-8, -0.2605664), (-0.32341522, 0.05531285, -0.2429565), (-0.32796288, 0.05838577, -0.2407324), (-0.32383522, 0.05838577, -0.2433594), (-0.32773545, 0.05531285, -0.2402075), (-0.32341522, 0.0028459881, -0.2429565), (-0.33283162, 0.05838577, -0.239812), (-0.32773545, 0.0028459881, -0.2402075), (-0.323759, -2.62e-8, -0.2432837), (-0.32792163, -2.62e-8, -0.2406348), (-0.33283174, 0.05531285, -0.2392407), (-0.3377005, 0.05838577, -0.2407324), (-0.33283174, 0.0028459881, -0.2392407), (-0.33283174, -2.62e-8, -0.2397046), (-0.3379279, 0.05531285, -0.2402075), (-0.34182802, 0.05838577, -0.2433594), (-0.34224823, 0.05531285, -0.2429565), (-0.3379279, 0.0028459881, -0.2402075), (-0.33774173, -2.62e-8, -0.2406348), (-0.34224823, 0.0028459881, -0.2429565), (-0.34190425, -2.62e-8, -0.2432837), (0.30895317, -2.62e-8, 0.2456616), (0.30650225, -2.62e-8, 0.242168), (0.30564165, -2.62e-8, 0.2380493), (0.30650225, -2.62e-8, 0.2339282), (0.30895317, -2.62e-8, 0.230437), (0.31262112, -2.62e-8, 0.2479956), (0.30895317, -2.62e-8, 0.2456616), (0.31694764, -2.62e-8, 0.2488184), (0.32127437, -2.62e-8, 0.2479956), (0.32494235, -2.62e-8, 0.2456616), (0.32739314, -2.62e-8, 0.242168), (0.32494235, -2.62e-8, 0.2456616), (0.32825384, -2.62e-8, 0.2380493), (0.32739314, -2.62e-8, 0.2339282), (0.32494235, -2.62e-8, 0.230437), (0.32127437, -2.62e-8, 0.2281006), (0.32494235, -2.62e-8, 0.230437), (0.31694776, -2.62e-8, 0.2272827), (0.31262112, -2.62e-8, 0.2281006), (0.30895317, -2.62e-8, 0.230437), (0.32636425, 0.05531284, 0.2290796), (0.32870197, 0.05838577, 0.2334082), (0.32594404, 0.05838577, 0.22948), (0.32925102, 0.05531285, 0.2331958), (0.32636425, 0.002845975, 0.2290796), (0.3296705, 0.05838577, 0.2380469), (0.32925102, 0.002845975, 0.2331958), (0.3260204, -2.62e-8, 0.2294092), (0.32880163, -2.62e-8, 0.2333716), (0.3302647, 0.05531284, 0.2380493), (0.32870197, 0.05838577, 0.2426831), (0.3302647, 0.0028459881, 0.2380493), (0.32977834, -2.62e-8, 0.2380493), (0.32925102, 0.05531285, 0.2429004), (0.32594416, 0.05838577, 0.2466138), (0.32636425, 0.05531284, 0.2470166), (0.32925102, 0.002845975, 0.2429028), (0.32880163, -2.62e-8, 0.2427246), (0.32636425, 0.002845975, 0.2470166), (0.3260204, -2.62e-8, 0.2466895), (0.30753124, 0.05531284, 0.2290796), (0.3120789, 0.058385756, 0.226853), (0.30795136, 0.058385756, 0.22948), (0.31185156, 0.05531284, 0.2263306), (0.30753124, 0.002845975, 0.2290796), (0.31694764, 0.05838577, 0.2259302), (0.31185156, 0.002845975, 0.2263306), (0.30787513, -2.62e-8, 0.2294092), (0.31203765, -2.62e-8, 0.2267603), (0.31694776, 0.05531285, 0.2253662), (0.3218165, 0.05838577, 0.226853), (0.31694776, 0.002845975, 0.2253638), (0.31694776, -2.62e-8, 0.2258276), (0.32204393, 0.05531284, 0.2263306), (0.32594404, 0.05838577, 0.22948), (0.32636425, 0.05531284, 0.2290796), (0.32204393, 0.002845975, 0.2263306), (0.32185775, -2.62e-8, 0.2267603), (0.32636425, 0.002845975, 0.2290796), (0.3260204, -2.62e-8, 0.2294092), (0.30753124, 0.05531284, 0.2470166), (0.30519342, 0.05838577, 0.2426831), (0.30795136, 0.058385756, 0.2466138), (0.30464438, 0.05531284, 0.2429004), (0.30753124, 0.002845975, 0.2470166), (0.3042249, 0.05838577, 0.2380469), (0.30464438, 0.002845975, 0.2429028), (0.30787513, -2.62e-8, 0.2466895), (0.30509377, -2.62e-8, 0.2427246), (0.3036307, 0.05531285, 0.2380493), (0.30519342, 0.05838577, 0.2334082), (0.3036307, 0.0028459881, 0.2380493), (0.30411705, -2.62e-8, 0.2380493), (0.30464438, 0.05531284, 0.2331958), (0.30795136, 0.058385756, 0.22948), (0.30753124, 0.05531284, 0.2290796), (0.30464438, 0.002845975, 0.2331958), (0.30509377, -2.62e-8, 0.2333716), (0.30753124, 0.002845975, 0.2290796), (0.30787513, -2.62e-8, 0.2294092), (0.32636425, 0.05531284, 0.2470166), (0.3218165, 0.05838577, 0.2492407), (0.32594416, 0.05838577, 0.2466138), (0.32204393, 0.05531284, 0.2497681), (0.32636425, 0.002845975, 0.2470166), (0.31694764, 0.05838577, 0.2501636), (0.32204393, 0.0028459881, 0.2497656), (0.3260204, -2.62e-8, 0.2466895), (0.32185775, -2.62e-8, 0.2493384), (0.31694764, 0.05531285, 0.25073), (0.3120789, 0.058385756, 0.2492407), (0.31694764, 0.002845975, 0.25073), (0.31694776, -2.62e-8, 0.2502685), (0.31185147, 0.05531285, 0.2497681), (0.30795136, 0.058385756, 0.2466138), (0.30753124, 0.05531284, 0.2470166), (0.31185147, 0.0028459881, 0.2497656), (0.31203765, -2.62e-8, 0.2493384), (0.30753124, 0.002845975, 0.2470166), (0.30787513, -2.62e-8, 0.2466895), (0.30895337, -2.62e-8, -0.2443115), (0.30650255, -2.62e-8, -0.2478052), (0.3056419, -2.62e-8, -0.2519263), (0.30650255, -2.62e-8, -0.2560449), (0.30895337, -2.62e-8, -0.2595386), (0.31262133, -2.62e-8, -0.2419751), (0.30895337, -2.62e-8, -0.2443115), (0.31694797, -2.62e-8, -0.2411572), (0.32127458, -2.62e-8, -0.2419751), (0.32494256, -2.62e-8, -0.2443115), (0.32739347, -2.62e-8, -0.2478052), (0.32494256, -2.62e-8, -0.2443115), (0.32825404, -2.62e-8, -0.2519263), (0.32739347, -2.62e-8, -0.2560449), (0.32494256, -2.62e-8, -0.2595386), (0.32127458, -2.62e-8, -0.2618726), (0.32494256, -2.62e-8, -0.2595386), (0.31694797, -2.62e-8, -0.2626929), (0.31262133, -2.62e-8, -0.2618726), (0.30895337, -2.62e-8, -0.2595386), (0.32636458, 0.05531284, -0.2608936), (0.3287023, 0.05838577, -0.2565625), (0.32594424, 0.05838577, -0.2604956), (0.32925123, 0.05531285, -0.2567773), (0.32636458, 0.0028459881, -0.2608936), (0.32967082, 0.05838577, -0.2519263), (0.32925123, 0.0028459881, -0.2567773), (0.3260206, -2.62e-8, -0.2605664), (0.32880193, -2.62e-8, -0.2565991), (0.33026502, 0.05531285, -0.2519263), (0.3287023, 0.05838577, -0.24729), (0.33026502, 0.002845975, -0.2519263), (0.32977855, -2.62e-8, -0.2519263), (0.32925123, 0.05531285, -0.2470727), (0.32594436, 0.058385756, -0.2433569), (0.32636458, 0.05531284, -0.2429565), (0.32925123, 0.0028459881, -0.2470727), (0.32880193, -2.62e-8, -0.2472485), (0.32636458, 0.0028459881, -0.2429565), (0.3260206, -2.62e-8, -0.2432837), (0.30753145, 0.05531284, -0.2608936), (0.31207922, 0.058385756, -0.2631226), (0.30795157, 0.058385756, -0.2604956), (0.3118518, 0.05531284, -0.2636426), (0.30753145, 0.0028459881, -0.2608936), (0.31694797, 0.05838577, -0.2640454), (0.3118518, 0.0028459881, -0.2636426), (0.30787534, -2.62e-8, -0.2605664), (0.31203794, -2.62e-8, -0.2632129), (0.31694797, 0.05531285, -0.2646069), (0.3218168, 0.058385756, -0.2631226), (0.31694797, 0.0028459881, -0.2646069), (0.31694797, -2.62e-8, -0.264143), (0.32204413, 0.05531284, -0.2636426), (0.32594424, 0.05838577, -0.2604956), (0.32636458, 0.05531284, -0.2608936), (0.32204413, 0.0028459881, -0.2636426), (0.32185808, -2.62e-8, -0.2632129), (0.32636458, 0.0028459881, -0.2608936), (0.3260206, -2.62e-8, -0.2605664), (0.30753145, 0.05531284, -0.2429565), (0.30519363, 0.05838577, -0.24729), (0.30795157, 0.058385756, -0.2433569), (0.3046447, 0.05531284, -0.2470727), (0.30753145, 0.0028459881, -0.2429565), (0.3042252, 0.05838577, -0.2519263), (0.3046447, 0.0028459881, -0.2470727), (0.30787534, -2.62e-8, -0.2432837), (0.30509397, -2.62e-8, -0.2472485), (0.303631, 0.05531285, -0.2519263), (0.30519363, 0.05838577, -0.2565625), (0.303631, 0.002845975, -0.2519263), (0.30411738, -2.62e-8, -0.2519263), (0.3046447, 0.05531284, -0.2567773), (0.30795157, 0.058385756, -0.2604956), (0.30753145, 0.05531284, -0.2608936), (0.3046447, 0.0028459881, -0.2567773), (0.30509397, -2.62e-8, -0.2565991), (0.30753145, 0.0028459881, -0.2608936), (0.30787534, -2.62e-8, -0.2605664), (0.32636458, 0.05531284, -0.2429565), (0.3218168, 0.058385756, -0.2407324), (0.32594436, 0.058385756, -0.2433569), (0.32204425, 0.05531284, -0.2402075), (0.32636458, 0.0028459881, -0.2429565), (0.31694797, 0.05838577, -0.239812), (0.32204425, 0.002845975, -0.2402075), (0.3260206, -2.62e-8, -0.2432837), (0.32185808, -2.62e-8, -0.2406348), (0.31694797, 0.05531285, -0.2392407), (0.31207922, 0.058385756, -0.2407324), (0.31694797, 0.0028459881, -0.2392407), (0.31694797, -2.62e-8, -0.2397046), (0.3118518, 0.05531284, -0.2402075), (0.30795157, 0.058385756, -0.2433569), (0.30753145, 0.05531284, -0.2429565), (0.3118518, 0.002845975, -0.2402075), (0.31203794, -2.62e-8, -0.2406348), (0.30753145, 0.0028459881, -0.2429565), (0.30787534, -2.62e-8, -0.2432837), (-0.32097796, -2.62e-8, 0.2427246), (-0.32000136, -2.62e-8, 0.2380493), (-0.32375932, -2.62e-8, 0.2466895), (-0.32097796, -2.62e-8, 0.2333716), (-0.32792184, -2.62e-8, 0.2493384), (-0.32375932, -2.62e-8, 0.2294092), (-0.33283183, -2.62e-8, 0.2502685), (-0.32792193, -2.62e-8, 0.2267603), (-0.33774194, -2.62e-8, 0.2493384), (-0.33283195, -2.62e-8, 0.2258276), (-0.34190458, -2.62e-8, 0.2466895), (-0.33774194, -2.62e-8, 0.2267603), (-0.3446859, -2.62e-8, 0.2427246), (-0.34190458, -2.62e-8, 0.2294092), (-0.34566253, -2.62e-8, 0.2380493), (-0.3446859, -2.62e-8, 0.2333716), (-0.3408262, -2.62e-8, -0.2443115), (-0.34327713, -2.62e-8, -0.2478052), (-0.32097775, -2.62e-8, -0.2565991), (-0.3237591, -2.62e-8, -0.2605664), (-0.32000104, -2.62e-8, -0.2519263), (-0.33715826, -2.62e-8, -0.2419751), (-0.32792163, -2.62e-8, -0.2632129), (-0.33283174, -2.62e-8, -0.2411572), (-0.33283162, -2.62e-8, -0.264143), (-0.328505, -2.62e-8, -0.2419751), (-0.33774173, -2.62e-8, -0.2632129), (-0.32483715, -2.62e-8, -0.2443115), (-0.34190425, -2.62e-8, -0.2605664), (-0.32238623, -2.62e-8, -0.2478052), (-0.3446856, -2.62e-8, -0.2565991), (-0.3441377, -2.62e-8, -0.2519263), (-0.32097775, -2.62e-8, -0.2472485), (-0.32152563, -2.62e-8, -0.2519263), (-0.3456623, -2.62e-8, -0.2519263), (-0.34327713, -2.62e-8, -0.2560449), (-0.323759, -2.62e-8, -0.2432837), (-0.32238623, -2.62e-8, -0.2560449), (-0.3446856, -2.62e-8, -0.2472485), (-0.3408262, -2.62e-8, -0.259541), (-0.32792163, -2.62e-8, -0.2406348), (-0.32483703, -2.62e-8, -0.259541), (-0.34190425, -2.62e-8, -0.2432837), (-0.33715826, -2.62e-8, -0.2618726), (-0.33283174, -2.62e-8, -0.2397046), (-0.3285051, -2.62e-8, -0.2618726), (-0.33774173, -2.62e-8, -0.2406348), (-0.33283174, -2.62e-8, -0.2626929), (0.30895317, -2.62e-8, 0.2456616), (0.30650225, -2.62e-8, 0.242168), (0.32880163, -2.62e-8, 0.2333716), (0.3260204, -2.62e-8, 0.2294092), (0.32977834, -2.62e-8, 0.2380493), (0.31262112, -2.62e-8, 0.2479956), (0.32185775, -2.62e-8, 0.2267603), (0.31694764, -2.62e-8, 0.2488184), (0.31694776, -2.62e-8, 0.2258276), (0.32127437, -2.62e-8, 0.2479956), (0.31203765, -2.62e-8, 0.2267603), (0.32494235, -2.62e-8, 0.2456616), (0.30787513, -2.62e-8, 0.2294092), (0.32739314, -2.62e-8, 0.242168), (0.30509377, -2.62e-8, 0.2333716), (0.30564165, -2.62e-8, 0.2380493), (0.32880163, -2.62e-8, 0.2427246), (0.32825384, -2.62e-8, 0.2380493), (0.30411705, -2.62e-8, 0.2380493), (0.30650225, -2.62e-8, 0.2339282), (0.3260204, -2.62e-8, 0.2466895), (0.32739314, -2.62e-8, 0.2339282), (0.30509377, -2.62e-8, 0.2427246), (0.30895317, -2.62e-8, 0.230437), (0.32185775, -2.62e-8, 0.2493384), (0.32494235, -2.62e-8, 0.230437), (0.30787513, -2.62e-8, 0.2466895), (0.31262112, -2.62e-8, 0.2281006), (0.31694776, -2.62e-8, 0.2502685), (0.32127437, -2.62e-8, 0.2281006), (0.31203765, -2.62e-8, 0.2493384), (0.31694776, -2.62e-8, 0.2272827), (0.30895337, -2.62e-8, -0.2443115), (0.30650255, -2.62e-8, -0.2478052), (0.32880193, -2.62e-8, -0.2565991), (0.3260206, -2.62e-8, -0.2605664), (0.32977855, -2.62e-8, -0.2519263), (0.31262133, -2.62e-8, -0.2419751), (0.32185808, -2.62e-8, -0.2632129), (0.31694797, -2.62e-8, -0.2411572), (0.31694797, -2.62e-8, -0.264143), (0.32127458, -2.62e-8, -0.2419751), (0.31203794, -2.62e-8, -0.2632129), (0.32494256, -2.62e-8, -0.2443115), (0.30787534, -2.62e-8, -0.2605664), (0.32739347, -2.62e-8, -0.2478052), (0.30509397, -2.62e-8, -0.2565991), (0.3056419, -2.62e-8, -0.2519263), (0.32880193, -2.62e-8, -0.2472485), (0.32825404, -2.62e-8, -0.2519263), (0.30411738, -2.62e-8, -0.2519263), (0.30650255, -2.62e-8, -0.2560449), (0.3260206, -2.62e-8, -0.2432837), (0.32739347, -2.62e-8, -0.2560449), (0.30509397, -2.62e-8, -0.2472485), (0.30895337, -2.62e-8, -0.2595386), (0.32185808, -2.62e-8, -0.2406348), (0.32494256, -2.62e-8, -0.2595386), (0.30787534, -2.62e-8, -0.2432837), (0.31262133, -2.62e-8, -0.2618726), (0.31694797, -2.62e-8, -0.2397046), (0.32127458, -2.62e-8, -0.2618726), (0.31203794, -2.62e-8, -0.2406348), (0.31694797, -2.62e-8, -0.2626929), (-0.34082654, 0.05838577, 0.2304321), (-0.34327745, 0.05838577, 0.2339258), (-0.32107762, 0.05838577, 0.2426831), (-0.32383555, 0.05838577, 0.2466138), (-0.3201091, 0.05838577, 0.2380469), (-0.33715847, 0.05838577, 0.2280981), (-0.34413803, 0.05838577, 0.2380444), (-0.32796308, 0.05838577, 0.2492407), (-0.32107762, 0.05838577, 0.2334082), (-0.33283183, 0.05838577, 0.2272778), (-0.34327745, 0.05838577, 0.242168), (-0.33283183, 0.05838577, 0.2501611), (-0.32383555, 0.05838577, 0.2294775), (-0.3285053, 0.05838577, 0.2280981), (-0.34082654, 0.05838577, 0.2456592), (-0.3377007, 0.05838577, 0.2492407), (-0.32796308, 0.05838577, 0.226853), (-0.32483736, 0.05838577, 0.2304321), (-0.33715856, 0.05838577, 0.2479956), (-0.34182835, 0.05838577, 0.2466138), (-0.33283195, 0.05838577, 0.2259302), (-0.32238644, 0.05838577, 0.2339258), (-0.33283195, 0.05838577, 0.2488135), (-0.34458616, 0.05838577, 0.2426831), (-0.3377007, 0.05838577, 0.226853), (-0.32152584, 0.05838577, 0.2380469), (-0.3285053, 0.05838577, 0.2479956), (-0.34555468, 0.05838577, 0.2380444), (-0.34182835, 0.05838577, 0.2294775), (-0.32238644, 0.05838577, 0.242168), (-0.32483736, 0.05838577, 0.2456592), (-0.34458616, 0.05838577, 0.2334082), (-0.3408262, 0.05838577, -0.259541), (-0.34327713, 0.05838577, -0.2560474), (-0.3210774, 0.05838577, -0.24729), (-0.32383522, 0.05838577, -0.2433594), (-0.3201089, 0.05838577, -0.2519263), (-0.33715826, 0.05838577, -0.261875), (-0.3441377, 0.05838577, -0.2519263), (-0.32796288, 0.05838577, -0.2407324), (-0.3210774, 0.05838577, -0.2565649), (-0.33283174, 0.05838577, -0.2626929), (-0.34327713, 0.05838577, -0.2478052), (-0.33283162, 0.05838577, -0.239812), (-0.32383534, 0.05838577, -0.2604956), (-0.3285051, 0.05838577, -0.261875), (-0.3408262, 0.05838577, -0.244314), (-0.3377005, 0.05838577, -0.2407324), (-0.32796288, 0.05838577, -0.2631226), (-0.32483703, 0.05838577, -0.259541), (-0.33715826, 0.05838577, -0.24198), (-0.34182802, 0.05838577, -0.2433594), (-0.33283162, 0.05838577, -0.2640454), (-0.32238623, 0.05838577, -0.2560474), (-0.33283174, 0.05838577, -0.2411597), (-0.34458607, 0.05838577, -0.24729), (-0.3377005, 0.05838577, -0.2631226), (-0.32152563, 0.05838577, -0.2519263), (-0.328505, 0.05838577, -0.24198), (-0.34555447, 0.05838577, -0.2519263), (-0.34182802, 0.05838577, -0.2604956), (-0.32238623, 0.05838577, -0.2478052), (-0.32483715, 0.05838577, -0.244314), (-0.34458607, 0.05838577, -0.2565649), (0.30895317, 0.058385756, 0.2304321), (0.30650225, 0.05838577, 0.2339258), (0.32870197, 0.05838577, 0.2426831), (0.32594416, 0.05838577, 0.2466138), (0.3296705, 0.05838577, 0.2380469), (0.31262112, 0.058385756, 0.2280981), (0.30564165, 0.058385756, 0.2380469), (0.3218165, 0.05838577, 0.2492407), (0.32870197, 0.05838577, 0.2334082), (0.31694776, 0.05838577, 0.2272778), (0.30650225, 0.05838577, 0.242168), (0.31694764, 0.05838577, 0.2501636), (0.32594404, 0.05838577, 0.22948), (0.32127437, 0.058385756, 0.2280981), (0.30895317, 0.058385756, 0.2456616), (0.3120789, 0.058385756, 0.2492407), (0.3218165, 0.05838577, 0.226853), (0.32494235, 0.058385756, 0.2304321), (0.31262112, 0.058385756, 0.2479956), (0.30795136, 0.058385756, 0.2466138), (0.31694764, 0.05838577, 0.2259302), (0.32739314, 0.058385756, 0.2339258), (0.31694764, 0.05838577, 0.2488135), (0.30519342, 0.05838577, 0.2426831), (0.3120789, 0.058385756, 0.226853), (0.32825384, 0.058385756, 0.2380469), (0.32127437, 0.058385756, 0.2479956), (0.3042249, 0.05838577, 0.2380469), (0.30795136, 0.058385756, 0.22948), (0.32739314, 0.058385756, 0.242168), (0.32494235, 0.058385756, 0.2456616), (0.30519342, 0.05838577, 0.2334082), (0.30895337, 0.058385756, -0.259541), (0.30650255, 0.058385756, -0.2560474), (0.3287023, 0.05838577, -0.24729), (0.32594436, 0.058385756, -0.2433569), (0.32967082, 0.05838577, -0.2519263), (0.31262133, 0.058385756, -0.261875), (0.3056419, 0.058385756, -0.2519263), (0.3218168, 0.058385756, -0.2407324), (0.3287023, 0.05838577, -0.2565625), (0.31694797, 0.05838577, -0.2626929), (0.30650255, 0.058385756, -0.2478052), (0.31694797, 0.05838577, -0.239812), (0.32594424, 0.05838577, -0.2604956), (0.32127458, 0.058385756, -0.261875), (0.30895337, 0.058385756, -0.244314), (0.31207922, 0.058385756, -0.2407324), (0.3218168, 0.058385756, -0.2631226), (0.32494256, 0.058385756, -0.259541), (0.31262133, 0.058385756, -0.24198), (0.30795157, 0.058385756, -0.2433569), (0.31694797, 0.05838577, -0.2640454), (0.32739347, 0.05838577, -0.2560474), (0.31694797, 0.05838577, -0.2411597), (0.30519363, 0.05838577, -0.24729), (0.31207922, 0.058385756, -0.2631226), (0.32825404, 0.058385756, -0.2519263), (0.32127458, 0.058385756, -0.24198), (0.3042252, 0.05838577, -0.2519263), (0.30795157, 0.058385756, -0.2604956), (0.32739347, 0.05838577, -0.2478052), (0.32494256, 0.058385756, -0.244314), (0.30519363, 0.05838577, -0.2565625)]
                normal3f[] primvars:normals = [(0.5597267, 0.6110751, -0.559726), (0.7313165, 0.6110853, -0.302904), (0.7070255, 0.01307237, -0.7070673), (0.9237963, 0.01307288, -0.3826611), (0.7070615, -0.01078182, -0.7070698), (0.7915679, 0.6110814, 2.9e-7), (0.9238256, -0.01078371, -0.3826618), (0.5440831, -0.6387187, -0.5440698), (0.7108656, -0.6386918, -0.2945214), (0.9999145, 0.0130715, -0.00000971), (0.7313071, 0.6110755, 0.3029466), (0.9999418, -0.0107888, -1.9e-7), (0.7694571, -0.6386985, 0.00000911), (0.9238031, 0.01307246, 0.3826447), (0.5597201, 0.6110636, 0.5597453), (0.7070498, 0.01307279, 0.7070428), (0.9238261, -0.01078914, 0.3826604), (0.7108825, -0.6386956, 0.2944724), (0.7070665, -0.0107866, 0.7070647), (0.5440685, -0.6386693, 0.5441424), (-0.5596989, 0.6111053, -0.5597208), (-0.3029047, 0.6110957, -0.7313076), (-0.7070653, 0.01306777, -0.7070274), (-0.3826568, 0.01307, -0.9237981), (-0.707065, -0.01078367, -0.7070663), (-0.00001572, 0.6111027, -0.7915514), (-0.3826603, -0.01078547, -0.9238261), (-0.5440419, -0.6387113, -0.5441198), (-0.2944107, -0.6387705, -0.7108407), (-0.00000908, 0.01307026, -0.9999146), (0.3029034, 0.6110757, -0.731325), (-0.00000173, -0.01078659, -0.9999418), (0.00001363, -0.6387678, -0.7693996), (0.3826417, 0.01307077, -0.9238043), (0.3826578, -0.01078457, -0.9238272), (0.2944464, -0.6387291, -0.7108632), (-0.559711, 0.6111308, 0.5596809), (-0.731317, 0.6110861, 0.3029014), (-0.7070395, 0.013073, 0.7070532), (-0.923797, 0.01307234, 0.3826593), (-0.7070649, -0.01078538, 0.7070663), (-0.7915667, 0.6110829, 0.00001614), (-0.9238248, -0.01078433, 0.3826636), (-0.5440649, -0.6387221, 0.5440841), (-0.710888, -0.6386844, 0.2944836), (-0.9999145, 0.01307339, 0.00000914), (-0.7313089, 0.6110741, -0.3029448), (-0.9999418, -0.01078372, 5.5e-7), (-0.7694633, -0.6386911, -0.00001104), (-0.9238051, 0.01307025, -0.38264), (-0.923827, -0.01078426, -0.3826581), (-0.7108783, -0.6386845, -0.2945066), (0.3029366, 0.6110952, 0.7312948), (0.3826611, 0.01306993, 0.9237963), (0.00001652, 0.6111016, 0.7915522), (0.3826638, -0.0107833, 0.9238247), (0.2944328, -0.6387329, 0.7108654), (0.00000964, 0.01306943, 0.9999146), (-0.3029365, 0.6110891, 0.7312999), (0.00000165, -0.01078325, 0.9999418), (-0.0000103, -0.6387557, 0.7694097), (-0.3826254, 0.01307022, 0.923811), (-0.3826594, -0.01078345, 0.9238265), (-0.2944606, -0.6387508, 0.7108378), (-0.7068121, 0.02892272, 0.7068099), (-0.9234924, 0.02892282, 0.3825248), (-0.4997451, -0.7075011, 0.499697), (-0.6529023, -0.7075029, 0.2704778), (-0.9995816, 0.02892273, -4e-7), (-0.7067122, -0.7075011, 0.00004846), (-0.9234956, 0.02892283, -0.3825172), (-0.6528362, -0.7075032, -0.2706366), (-0.7068107, 0.02892279, -0.7068112), (-0.4996542, -0.7075024, -0.4997859), (-0.2704657, -0.7075028, 0.6529074), (-0.3825258, 0.02892281, 0.923492), (-0.00003422, -0.7075015, 0.7067118), (9.9e-7, 0.02892274, 0.9995816), (0.2704274, -0.7075028, 0.6529232), (0.3825241, 0.02892282, 0.9234927), (0.4997446, -0.7075011, 0.4996973), (0.7068115, 0.02892272, 0.7068104), (0.6529021, -0.7075029, 0.2704784), (0.9234921, 0.02892282, 0.3825256), (0.7067121, -0.7075012, -0.00004572), (0.9995816, 0.02892272, 0.00000427), (0.6529945, -0.7075033, -0.2702542), (0.9234905, 0.02892283, -0.3825296), (0.4998275, -0.7075024, -0.4996127), (0.7068042, 0.02892279, -0.7068177), (0.27048, -0.7075002, -0.6529043), (0.3825263, 0.02892267, -0.9234918), (0.00003422, -0.7075046, -0.7067087), (-9.9e-7, 0.0289229, -0.9995816), (-0.2704794, -0.7075002, -0.6529046), (-0.3825257, 0.02892268, -0.9234921), (0.5597256, 0.6110763, -0.5597257), (0.7313035, 0.6110848, -0.3029364), (0.7070364, 0.01307261, -0.7070563), (0.9237958, 0.01307214, -0.3826623), (0.7070596, -0.01078099, -0.7070718), (0.7915681, 0.6110811, 6.3e-7), (0.9238257, -0.01078358, -0.3826615), (0.5440643, -0.6387172, -0.5440904), (0.7108966, -0.6386917, -0.2944469), (0.9999145, 0.01307153, -0.0000088), (0.7313087, 0.6110741, 0.3029459), (0.9999418, -0.01078837, 0.00000126), (0.7694572, -0.6386984, 0.00001015), (0.9238172, 0.01307018, 0.3826109), (0.5596939, 0.6110611, 0.559774), (0.7070505, 0.01307146, 0.7070422), (0.9238256, -0.01078654, 0.3826617), (0.710884, -0.6386932, 0.2944738), (0.7070671, -0.01078392, 0.7070641), (0.5440695, -0.6386669, 0.5441443), (-0.5597001, 0.611102, -0.5597233), (-0.3029048, 0.6110927, -0.73131), (-0.7070514, 0.01306427, -0.7070414), (-0.382659, 0.0130679, -0.9237973), (-0.7070646, -0.01078136, -0.7070667), (-0.00001657, 0.6111049, -0.7915497), (-0.3826629, -0.01078609, -0.9238251), (-0.5440814, -0.6387081, -0.544084), (-0.2944865, -0.6387716, -0.7108085), (-0.00000909, 0.01307013, -0.9999146), (0.3029042, 0.6110747, -0.7313253), (-0.00000189, -0.01079016, -0.9999418), (0.00001359, -0.6387712, -0.7693967), (0.3826428, 0.01307211, -0.9238038), (0.3826596, -0.01078577, -0.9238264), (0.2944472, -0.6387307, -0.7108614), (-0.5596849, 0.6111301, 0.5597077), (-0.7313154, 0.611088, 0.3029012), (-0.7070404, 0.01307293, 0.7070521), (-0.9238278, 0.01307466, 0.3825848), (-0.7070659, -0.01078497, 0.7070653), (-0.7915647, 0.6110854, 0.00001622), (-0.9238243, -0.01078481, 0.3826649), (-0.5440658, -0.6387222, 0.5440831), (-0.7109079, -0.6386849, 0.2944343), (-0.9999145, 0.01307613, 0.00004938), (-0.7313102, 0.6110732, -0.3029439), (-0.9999418, -0.01078404, 0.00000178), (-0.7694632, -0.6386911, -0.00001001), (-0.9237902, 0.01306881, -0.382676), (-0.9238272, -0.01078259, -0.3826578), (-0.7108791, -0.6386836, -0.2945065), (0.3029371, 0.6110984, 0.7312919), (0.3826259, 0.01307174, 0.923811), (0.00001558, 0.6111025, 0.7915514), (0.3826671, -0.0107828, 0.9238234), (0.2944344, -0.6387323, 0.7108653), (0.00000963, 0.01307218, 0.9999145), (-0.3029357, 0.6110914, 0.7312982), (0.00000166, -0.01078356, 0.9999418), (-0.00001029, -0.6387563, 0.7694091), (-0.3825901, 0.01307115, 0.9238257), (-0.3826636, -0.01078332, 0.9238248), (-0.2944636, -0.63875, 0.7108372), (-0.7068092, 0.02892275, 0.7068127), (-0.9234928, 0.02892283, 0.3825239), (-0.4997426, -0.7075018, 0.4996985), (-0.6529283, -0.7075031, 0.2704145), (-0.9995816, 0.02892273, -2.7e-7), (-0.7067121, -0.7075012, -0.00000343), (-0.9234925, 0.02892282, -0.3825246), (-0.6529021, -0.7075031, -0.2704777), (-0.7068085, 0.02892275, -0.7068134), (-0.4997422, -0.7075018, -0.4996989), (-0.2704793, -0.7075015, 0.6529032), (-0.382526, 0.02892274, 0.9234919), (-0.00003422, -0.707503, 0.7067103), (9.9e-7, 0.02892282, 0.9995816), (0.2704787, -0.7075015, 0.6529034), (0.3825253, 0.02892274, 0.9234922), (0.4997422, -0.7075018, 0.4996989), (0.7068085, 0.02892275, 0.7068134), (0.6529021, -0.7075031, 0.2704777), (0.9234925, 0.02892282, 0.3825246), (0.7067121, -0.7075012, 0.00000343), (0.9995816, 0.02892273, 2.7e-7), (0.6529283, -0.7075031, -0.2704145), (0.9234928, 0.02892283, -0.3825239), (0.4997426, -0.7075018, -0.4996985), (0.7068092, 0.02892275, -0.7068127), (0.2704793, -0.7075015, -0.6529032), (0.382526, 0.02892274, -0.9234919), (0.00003422, -0.707503, -0.7067103), (-9.9e-7, 0.02892282, -0.9995816), (-0.2704787, -0.7075015, -0.6529034), (-0.3825253, 0.02892274, -0.9234922), (0.5596998, 0.6111239, -0.5596997), (0.7313167, 0.6110854, -0.3029035), (0.7070107, 0.0130734, -0.7070819), (0.9237963, 0.01307306, -0.3826611), (0.7070613, -0.01078084, -0.7070701), (0.7915663, 0.6110833, -5.8e-7), (0.9238251, -0.0107835, -0.3826629), (0.544065, -0.6387176, -0.5440891), (0.7108607, -0.6387381, -0.2944328), (0.9999145, 0.01307378, -0.00000986), (0.731308, 0.6110743, 0.302947), (0.9999418, -0.01078931, 2.5e-7), (0.7694182, -0.6387454, 0.00000909), (0.9238182, 0.01307111, 0.3826084), (0.559695, 0.6111079, 0.5597219), (0.7070493, 0.01306902, 0.7070435), (0.9238262, -0.01078588, 0.3826602), (0.7109159, -0.6386927, 0.2943981), (0.7070664, -0.01078441, 0.707065), (0.5440421, -0.6387141, 0.5441163), (-0.559696, 0.6111085, -0.5597203), (-0.3029051, 0.611095, -0.731308), (-0.7070498, 0.01307116, -0.7070429), (-0.3826571, 0.01306938, -0.923798), (-0.7070642, -0.01078469, -0.7070671), (-0.00001574, 0.6111029, -0.7915511), (-0.3826604, -0.01078477, -0.9238261), (-0.5440415, -0.6387122, -0.5441192), (-0.2944256, -0.6387235, -0.7108768), (-0.0000091, 0.01307025, -0.9999146), (0.3028893, 0.6111241, -0.7312902), (-0.00000181, -0.01078664, -0.9999418), (0.00001354, -0.6387215, -0.769438), (0.3826428, 0.01307201, -0.9238038), (0.38266, -0.01078492, -0.9238263), (0.2944477, -0.6387296, -0.7108622), (-0.5596848, 0.6111301, 0.5597081), (-0.7313173, 0.6110857, 0.3029012), (-0.7070382, 0.01307195, 0.7070544), (-0.9237968, 0.01307194, 0.3826597), (-0.7070644, -0.01078485, 0.7070668), (-0.7915693, 0.6110795, 0.00001572), (-0.9238245, -0.01078484, 0.3826642), (-0.5440651, -0.6387216, 0.5440844), (-0.7108876, -0.6386848, 0.2944834), (-0.9999146, 0.01306961, 0.00000899), (-0.7313091, 0.6110741, -0.3029445), (-0.9999418, -0.01078321, 7.6e-7), (-0.7694252, -0.6387369, -0.00001105), (-0.9238052, 0.01307025, -0.3826396), (-0.9238271, -0.01078442, -0.3826579), (-0.7108427, -0.638731, -0.2944917), (0.3029371, 0.6110944, 0.7312952), (0.3826074, 0.01306936, 0.9238186), (0.0000165, 0.6111018, 0.7915519), (0.382665, -0.01078498, 0.9238242), (0.2944326, -0.638734, 0.7108645), (0.00000964, 0.01306945, 0.9999146), (-0.302937, 0.611088, 0.7313007), (0.00000158, -0.01078259, 0.9999419), (-0.00001036, -0.6387554, 0.7694098), (-0.3826083, 0.01306919, 0.9238182), (-0.3826618, -0.01078133, 0.9238256), (-0.294388, -0.6387489, 0.7108696), (-0.7068111, 0.02892272, 0.7068108), (-0.9234902, 0.02892282, 0.3825303), (-0.4997444, -0.7075011, 0.4996976), (-0.6529488, -0.7075028, 0.2703655), (-0.9995816, 0.02892274, -0.00000733), (-0.7067118, -0.7075015, 0.0001693), (-0.9234936, 0.02892281, -0.3825217), (-0.6528551, -0.7075028, -0.2705919), (-0.7068105, 0.02892272, -0.7068114), (-0.4997439, -0.7075011, -0.499698), (0.4997439, -0.7075011, 0.499698), (0.7068105, 0.02892272, 0.7068114), (0.6528551, -0.7075028, 0.2705919), (0.9234936, 0.02892281, 0.3825217), (0.7067118, -0.7075015, -0.0001693), (0.9995816, 0.02892274, 0.00000733), (0.6529748, -0.7075028, -0.2703028), (0.9234902, 0.02892282, -0.3825303), (0.4997444, -0.7075011, -0.4996976), (0.7068111, 0.02892272, -0.7068108), (0.2705911, -0.7075028, -0.6528553), (0.3825207, 0.02892282, -0.9234942), (0.00003422, -0.7075015, -0.7067118), (-9.9e-7, 0.02892274, -0.9995816), (-0.2703648, -0.7075029, -0.6529492), (-0.3825292, 0.02892281, -0.9234906), (0.5597001, 0.6111224, -0.559701), (0.7313165, 0.6110852, -0.3029044), (0.707013, 0.01307274, -0.7070798), (0.9238122, 0.01307287, -0.3826226), (0.7070637, -0.010779, -0.7070675), (0.7915678, 0.6110814, -4.4e-7), (0.9238255, -0.0107835, -0.382662), (0.5440666, -0.6387144, -0.5440915), (0.7108604, -0.6387392, -0.2944312), (0.9999145, 0.01307164, 0.00000939), (0.7313082, 0.6110729, 0.3029493), (0.9999418, -0.0107893, -1.8e-7), (0.7694182, -0.6387454, 0.00000945), (0.9238107, 0.01307024, 0.3826264), (0.5596682, 0.6111088, 0.5597477), (0.707051, 0.01307084, 0.7070417), (0.9238255, -0.01078712, 0.382662), (0.7109147, -0.6386937, 0.2943985), (0.7070674, -0.01078371, 0.7070639), (0.5440425, -0.6387132, 0.544117), (-0.5596956, 0.6111056, -0.5597239), (-0.3029056, 0.6110989, -0.7313045), (-0.7070511, 0.01306994, -0.7070416), (-0.3826587, 0.01307143, -0.9237973), (-0.7070654, -0.01078434, -0.7070659), (-0.00001464, 0.6111066, -0.7915483), (-0.3826637, -0.01078644, -0.9238247), (-0.5440418, -0.6387107, -0.5441207), (-0.2944265, -0.6387255, -0.7108747), (0.00003063, 0.01307586, -0.9999145), (0.302904, 0.6110792, -0.7313218), (-0.00000187, -0.01078982, -0.9999418), (0.00001361, -0.6387245, -0.7694355), (0.3826452, 0.01307323, -0.9238029), (0.3826633, -0.01078351, -0.9238249), (0.2944492, -0.6387289, -0.7108622), (-0.5596865, 0.6111281, 0.5597086), (-0.7313178, 0.6110845, 0.3029029), (-0.7070414, 0.01307096, 0.7070513), (-0.9238202, 0.0130705, 0.3826035), (-0.7070674, -0.01078056, 0.707064), (-0.7915671, 0.6110823, 0.00001611), (-0.9238245, -0.01078232, 0.3826642), (-0.544068, -0.6387163, 0.5440877), (-0.7108888, -0.6386835, 0.2944832), (-0.9999145, 0.01307262, 0.00000933), (-0.7312936, 0.6110772, -0.3029759), (-0.9999418, -0.01078365, 0.00000152), (-0.7694249, -0.6387373, -0.00001002), (-0.9237902, 0.01307321, -0.3826759), (-0.9238272, -0.01078482, -0.3826578), (-0.7108423, -0.638732, -0.2944909), (0.3029372, 0.6110973, 0.7312928), (0.3826622, 0.01307023, 0.9237959), (0.00001569, 0.6111016, 0.7915522), (0.3826669, -0.01078283, 0.9238235), (0.2944344, -0.6387324, 0.7108651), (0.00000968, 0.01307157, 0.9999145), (-0.3029355, 0.6110919, 0.731298), (0.00000162, -0.01078319, 0.9999418), (-0.00001034, -0.638756, 0.7694093), (-0.3826448, 0.01307114, 0.923803), (-0.3826626, -0.01078033, 0.9238253), (-0.2943882, -0.6387488, 0.7108697), (-0.6528753, -0.7075298, -0.2704728), (-0.706683, -0.7075303, 0.0000365), (-0.6528754, -0.707531, 0.2704695), (-0.4997495, -0.7074955, -0.4997005), (-0.4996721, -0.7075315, 0.499727), (-0.2704717, -0.7075289, -0.6528766), (-0.2704722, -0.7075318, 0.6528734), (0.00003835, -0.7075288, -0.7066845), (-0.00003837, -0.7075319, 0.7066815), (0.2704723, -0.7075289, -0.6528765), (0.2704716, -0.7075317, 0.6528736), (0.4996722, -0.7075294, -0.4997299), (0.4997255, -0.7075315, 0.4996737), (0.6528755, -0.7075298, -0.2704723), (0.6528751, -0.707531, 0.2704699), (0.706683, -0.7075303, -0.00003927), (-0.6528752, -0.7075309, 0.2704699), (-0.4997274, -0.7075315, 0.4996717), (-0.2704718, -0.7075318, 0.6528736), (-0.00003831, -0.7075319, 0.7066814), (0.2704713, -0.7075317, 0.6528739), (0.499727, -0.7075315, 0.4996722), (0.652875, -0.707531, 0.2704704), (-0.706683, -0.7075304, 0.0000374), (0.706683, -0.7075304, -0.00003821), (-0.6528755, -0.7075298, -0.2704724), (0.6528757, -0.7075298, -0.2704718), (-0.4997481, -0.7074955, -0.4997019), (0.4996707, -0.7075294, -0.4997314), (-0.2704721, -0.7075289, -0.6528765), (0.2704726, -0.7075289, -0.6528763), (0.00003838, -0.7075288, -0.7066845), (-0.4996961, -0.7074975, 0.4997509), (0.4997494, -0.7074975, 0.4996977), (-0.6529066, -0.7074959, -0.2704857), (0.4996962, -0.7074955, -0.4997539), (-0.6529065, -0.707497, 0.2704828), (-0.4997514, -0.7074975, 0.4996957), (0.4997509, -0.7074975, 0.4996961), (0.6529062, -0.7074971, 0.2704834), (-0.706683, -0.7075304, 0.00003645), (0.706683, -0.7075304, -0.00003922), (-0.6529064, -0.7074959, -0.2704862), (0.6528752, -0.7075298, -0.2704727), (-0.499751, -0.7074955, -0.499699), (0.4996977, -0.7074954, -0.4997525), (-0.2704713, -0.7075289, -0.6528768), (0.2704719, -0.7075289, -0.6528766), (0.00003832, -0.7075288, -0.7066845), (-0.9234724, 0.02894673, -0.3825714), (-0.7068465, 0.02898372, -0.706773), (-0.3825742, 0.02884979, -0.9234742), (-0.9995822, 0.02890275, -0.00005416), (-0.00005347, 0.02881685, -0.9995847), (-0.9234731, 0.02890275, 0.382573), (0.3825751, 0.02887646, -0.923473), (-0.7067713, 0.02894325, 0.7068498), (0.7067716, 0.02890276, -0.7068512), (-0.3825749, 0.02892918, 0.9234715), (0.9234731, 0.02890275, -0.382573), (0.00005347, 0.02881685, 0.9995847), (0.9995822, 0.02890275, 0.00005416), (0.3825742, 0.02884979, 0.9234742), (0.9234724, 0.02894673, 0.3825714), (0.7068465, 0.02898372, 0.706773), (-0.9234726, 0.02894673, -0.3825708), (-0.7068444, 0.02898372, -0.706775), (-0.3825749, 0.02884979, -0.9234739), (-0.9995822, 0.02890275, -0.00005286), (-0.00005346, 0.02881685, -0.9995847), (-0.9234728, 0.02890275, 0.3825737), (0.3825754, 0.02887645, -0.9234729), (-0.7068496, 0.02894324, 0.7067715), (0.7067694, 0.02890275, -0.7068534), (-0.3825744, 0.02892918, 0.9234717), (0.9234733, 0.02890275, -0.3825723), (0.00005352, 0.02881686, 0.9995847), (0.9995822, 0.02890275, 0.00005565), (0.3825739, 0.0288498, 0.9234744), (0.9234721, 0.02894673, 0.3825721), (0.7068486, 0.02898372, 0.7067709), (-0.7068465, 0.02898373, -0.706773), (-0.7067713, 0.02894324, 0.7068498), (-0.3825749, 0.02892917, 0.9234715), (-0.9234721, 0.02894673, -0.3825721), (-0.7068486, 0.02898373, -0.7067709), (-0.3825739, 0.0288498, -0.9234744), (-0.9995822, 0.02890275, -0.0000542), (-0.00005352, 0.02881686, -0.9995847), (0.3825745, 0.02887646, -0.9234733), (0.7067736, 0.02890275, -0.7068492), (0.9234728, 0.02890275, -0.3825737), (0.00005352, 0.02881687, 0.9995847), (0.9995822, 0.02890275, 0.0000542)] (
                    interpolation = "faceVarying"
                )
                int[] primvars:normals:indices = [0, 1, 2, 1, 3, 2, 2, 3, 4, 1, 5, 3, 3, 6, 4, 4, 6, 7, 6, 8, 7, 5, 9, 3, 3, 9, 6, 5, 10, 9, 6, 11, 8, 9, 11, 6, 11, 12, 8, 10, 13, 9, 9, 13, 11, 10, 14, 13, 14, 15, 13, 11, 16, 12, 13, 16, 11, 13, 15, 16, 16, 17, 12, 15, 18, 16, 16, 18, 17, 18, 19, 17, 20, 21, 22, 21, 23, 22, 22, 23, 24, 21, 25, 23, 23, 26, 24, 24, 26, 27, 26, 28, 27, 25, 29, 23, 23, 29, 26, 25, 30, 29, 26, 31, 28, 29, 31, 26, 31, 32, 28, 30, 33, 29, 29, 33, 31, 30, 0, 33, 0, 2, 33, 31, 34, 32, 33, 34, 31, 33, 2, 34, 34, 35, 32, 2, 4, 34, 34, 4, 35, 4, 7, 35, 36, 37, 38, 37, 39, 38, 38, 39, 40, 37, 41, 39, 39, 42, 40, 40, 42, 43, 42, 44, 43, 41, 45, 39, 39, 45, 42, 41, 46, 45, 42, 47, 44, 45, 47, 42, 47, 48, 44, 46, 49, 45, 45, 49, 47, 46, 20, 49, 20, 22, 49, 47, 50, 48, 49, 50, 47, 49, 22, 50, 50, 51, 48, 22, 24, 50, 50, 24, 51, 24, 27, 51, 14, 52, 15, 52, 53, 15, 15, 53, 18, 52, 54, 53, 53, 55, 18, 18, 55, 19, 55, 56, 19, 54, 57, 53, 53, 57, 55, 54, 58, 57, 55, 59, 56, 57, 59, 55, 59, 60, 56, 58, 61, 57, 57, 61, 59, 58, 36, 61, 36, 38, 61, 59, 62, 60, 61, 62, 59, 61, 38, 62, 62, 63, 60, 38, 40, 62, 62, 40, 63, 40, 43, 63, 64, 65, 66, 65, 67, 66, 65, 68, 67, 68, 69, 67, 68, 70, 69, 70, 71, 69, 70, 72, 71, 72, 73, 71, 64, 66, 74, 75, 64, 74, 75, 74, 76, 77, 75, 76, 77, 76, 78, 79, 77, 78, 79, 78, 80, 81, 79, 80, 81, 80, 82, 83, 81, 82, 83, 82, 84, 85, 83, 84, 85, 84, 86, 87, 85, 86, 87, 86, 88, 89, 87, 88, 89, 88, 90, 91, 89, 90, 91, 90, 92, 93, 91, 92, 93, 92, 94, 95, 93, 94, 95, 94, 73, 72, 95, 73, 96, 97, 98, 97, 99, 98, 98, 99, 100, 97, 101, 99, 99, 102, 100, 100, 102, 103, 102, 104, 103, 101, 105, 99, 99, 105, 102, 101, 106, 105, 102, 107, 104, 105, 107, 102, 107, 108, 104, 106, 109, 105, 105, 109, 107, 106, 110, 109, 110, 111, 109, 107, 112, 108, 109, 112, 107, 109, 111, 112, 112, 113, 108, 111, 114, 112, 112, 114, 113, 114, 115, 113, 116, 117, 118, 117, 119, 118, 118, 119, 120, 117, 121, 119, 119, 122, 120, 120, 122, 123, 122, 124, 123, 121, 125, 119, 119, 125, 122, 121, 126, 125, 122, 127, 124, 125, 127, 122, 127, 128, 124, 126, 129, 125, 125, 129, 127, 126, 96, 129, 96, 98, 129, 127, 130, 128, 129, 130, 127, 129, 98, 130, 130, 131, 128, 98, 100, 130, 130, 100, 131, 100, 103, 131, 132, 133, 134, 133, 135, 134, 134, 135, 136, 133, 137, 135, 135, 138, 136, 136, 138, 139, 138, 140, 139, 137, 141, 135, 135, 141, 138, 137, 142, 141, 138, 143, 140, 141, 143, 138, 143, 144, 140, 142, 145, 141, 141, 145, 143, 142, 116, 145, 116, 118, 145, 143, 146, 144, 145, 146, 143, 145, 118, 146, 146, 147, 144, 118, 120, 146, 146, 120, 147, 120, 123, 147, 110, 148, 111, 148, 149, 111, 111, 149, 114, 148, 150, 149, 149, 151, 114, 114, 151, 115, 151, 152, 115, 150, 153, 149, 149, 153, 151, 150, 154, 153, 151, 155, 152, 153, 155, 151, 155, 156, 152, 154, 157, 153, 153, 157, 155, 154, 132, 157, 132, 134, 157, 155, 158, 156, 157, 158, 155, 157, 134, 158, 158, 159, 156, 134, 136, 158, 158, 136, 159, 136, 139, 159, 160, 161, 162, 161, 163, 162, 161, 164, 163, 164, 165, 163, 164, 166, 165, 166, 167, 165, 166, 168, 167, 168, 169, 167, 160, 162, 170, 171, 160, 170, 171, 170, 172, 173, 171, 172, 173, 172, 174, 175, 173, 174, 175, 174, 176, 177, 175, 176, 177, 176, 178, 179, 177, 178, 179, 178, 180, 181, 179, 180, 181, 180, 182, 183, 181, 182, 183, 182, 184, 185, 183, 184, 185, 184, 186, 187, 185, 186, 187, 186, 188, 189, 187, 188, 189, 188, 190, 191, 189, 190, 191, 190, 169, 168, 191, 169, 192, 193, 194, 193, 195, 194, 194, 195, 196, 193, 197, 195, 195, 198, 196, 196, 198, 199, 198, 200, 199, 197, 201, 195, 195, 201, 198, 197, 202, 201, 198, 203, 200, 201, 203, 198, 203, 204, 200, 202, 205, 201, 201, 205, 203, 202, 206, 205, 206, 207, 205, 203, 208, 204, 205, 208, 203, 205, 207, 208, 208, 209, 204, 207, 210, 208, 208, 210, 209, 210, 211, 209, 212, 213, 214, 213, 215, 214, 214, 215, 216, 213, 217, 215, 215, 218, 216, 216, 218, 219, 218, 220, 219, 217, 221, 215, 215, 221, 218, 217, 222, 221, 218, 223, 220, 221, 223, 218, 223, 224, 220, 222, 225, 221, 221, 225, 223, 222, 192, 225, 192, 194, 225, 223, 226, 224, 225, 226, 223, 225, 194, 226, 226, 227, 224, 194, 196, 226, 226, 196, 227, 196, 199, 227, 228, 229, 230, 229, 231, 230, 230, 231, 232, 229, 233, 231, 231, 234, 232, 232, 234, 235, 234, 236, 235, 233, 237, 231, 231, 237, 234, 233, 238, 237, 234, 239, 236, 237, 239, 234, 239, 240, 236, 238, 241, 237, 237, 241, 239, 238, 212, 241, 212, 214, 241, 239, 242, 240, 241, 242, 239, 241, 214, 242, 242, 243, 240, 214, 216, 242, 242, 216, 243, 216, 219, 243, 206, 244, 207, 244, 245, 207, 207, 245, 210, 244, 246, 245, 245, 247, 210, 210, 247, 211, 247, 248, 211, 246, 249, 245, 245, 249, 247, 246, 250, 249, 247, 251, 248, 249, 251, 247, 251, 252, 248, 250, 253, 249, 249, 253, 251, 250, 228, 253, 228, 230, 253, 251, 254, 252, 253, 254, 251, 253, 230, 254, 254, 255, 252, 230, 232, 254, 254, 232, 255, 232, 235, 255, 256, 257, 258, 257, 259, 258, 257, 260, 259, 260, 261, 259, 260, 262, 261, 262, 263, 261, 262, 264, 263, 264, 265, 263, 256, 258, 74, 75, 256, 74, 75, 74, 76, 77, 75, 76, 77, 76, 78, 79, 77, 78, 79, 78, 266, 267, 79, 266, 267, 266, 268, 269, 267, 268, 269, 268, 270, 271, 269, 270, 271, 270, 272, 273, 271, 272, 273, 272, 274, 275, 273, 274, 275, 274, 276, 277, 275, 276, 277, 276, 278, 279, 277, 278, 279, 278, 280, 281, 279, 280, 281, 280, 265, 264, 281, 265, 282, 283, 284, 283, 285, 284, 284, 285, 286, 283, 287, 285, 285, 288, 286, 286, 288, 289, 288, 290, 289, 287, 291, 285, 285, 291, 288, 287, 292, 291, 288, 293, 290, 291, 293, 288, 293, 294, 290, 292, 295, 291, 291, 295, 293, 292, 296, 295, 296, 297, 295, 293, 298, 294, 295, 298, 293, 295, 297, 298, 298, 299, 294, 297, 300, 298, 298, 300, 299, 300, 301, 299, 302, 303, 304, 303, 305, 304, 304, 305, 306, 303, 307, 305, 305, 308, 306, 306, 308, 309, 308, 310, 309, 307, 311, 305, 305, 311, 308, 307, 312, 311, 308, 313, 310, 311, 313, 308, 313, 314, 310, 312, 315, 311, 311, 315, 313, 312, 282, 315, 282, 284, 315, 313, 316, 314, 315, 316, 313, 315, 284, 316, 316, 317, 314, 284, 286, 316, 316, 286, 317, 286, 289, 317, 318, 319, 320, 319, 321, 320, 320, 321, 322, 319, 323, 321, 321, 324, 322, 322, 324, 325, 324, 326, 325, 323, 327, 321, 321, 327, 324, 323, 328, 327, 324, 329, 326, 327, 329, 324, 329, 330, 326, 328, 331, 327, 327, 331, 329, 328, 302, 331, 302, 304, 331, 329, 332, 330, 331, 332, 329, 331, 304, 332, 332, 333, 330, 304, 306, 332, 332, 306, 333, 306, 309, 333, 296, 334, 297, 334, 335, 297, 297, 335, 300, 334, 336, 335, 335, 337, 300, 300, 337, 301, 337, 338, 301, 336, 339, 335, 335, 339, 337, 336, 340, 339, 337, 341, 338, 339, 341, 337, 341, 342, 338, 340, 343, 339, 339, 343, 341, 340, 318, 343, 318, 320, 343, 341, 344, 342, 343, 344, 341, 343, 320, 344, 344, 345, 342, 320, 322, 344, 344, 322, 345, 322, 325, 345, 17, 346, 347, 12, 17, 347, 17, 19, 346, 12, 347, 348, 19, 349, 346, 8, 12, 348, 19, 56, 349, 8, 348, 350, 56, 351, 349, 7, 8, 350, 56, 60, 351, 7, 350, 352, 60, 353, 351, 35, 7, 352, 60, 63, 353, 35, 352, 354, 63, 355, 353, 32, 35, 354, 63, 43, 355, 32, 354, 356, 43, 357, 355, 28, 32, 356, 43, 44, 357, 28, 356, 358, 44, 359, 357, 27, 28, 358, 44, 48, 359, 27, 358, 360, 48, 361, 359, 51, 27, 360, 51, 360, 361, 48, 51, 361, 104, 362, 363, 103, 104, 363, 104, 108, 362, 103, 363, 364, 131, 103, 364, 131, 364, 365, 128, 131, 365, 366, 365, 364, 128, 365, 366, 366, 364, 363, 124, 128, 366, 367, 366, 363, 124, 366, 367, 367, 363, 362, 123, 124, 367, 123, 367, 368, 368, 367, 362, 147, 123, 368, 108, 369, 362, 368, 362, 369, 108, 113, 369, 147, 368, 370, 370, 368, 369, 144, 147, 370, 113, 371, 369, 370, 369, 371, 113, 115, 371, 144, 370, 372, 372, 370, 371, 140, 144, 372, 115, 373, 371, 372, 371, 373, 115, 152, 373, 140, 372, 374, 374, 372, 373, 139, 140, 374, 152, 375, 373, 374, 373, 375, 152, 156, 375, 139, 374, 376, 376, 374, 375, 159, 139, 376, 156, 159, 377, 156, 377, 375, 375, 377, 376, 159, 376, 377, 200, 348, 378, 199, 200, 378, 200, 204, 348, 199, 378, 352, 227, 199, 352, 227, 352, 354, 224, 227, 354, 356, 354, 352, 224, 354, 356, 356, 352, 378, 220, 224, 356, 379, 356, 378, 220, 356, 379, 379, 378, 348, 219, 220, 379, 219, 379, 360, 360, 379, 348, 243, 219, 360, 204, 347, 348, 360, 348, 347, 204, 209, 347, 243, 360, 361, 361, 360, 347, 240, 243, 361, 209, 380, 347, 361, 347, 380, 209, 211, 380, 240, 361, 359, 359, 361, 380, 236, 240, 359, 211, 349, 380, 359, 380, 349, 211, 248, 349, 236, 359, 381, 381, 359, 349, 235, 236, 381, 248, 351, 349, 381, 349, 351, 248, 252, 351, 235, 381, 355, 355, 381, 351, 255, 235, 355, 252, 255, 353, 252, 353, 351, 351, 353, 355, 255, 355, 353, 290, 382, 383, 289, 290, 383, 290, 294, 382, 289, 383, 364, 317, 289, 364, 317, 364, 365, 314, 317, 365, 366, 365, 364, 314, 365, 366, 366, 364, 383, 310, 314, 366, 384, 366, 383, 310, 366, 384, 384, 383, 382, 309, 310, 384, 309, 384, 385, 385, 384, 382, 333, 309, 385, 294, 386, 382, 385, 382, 386, 294, 299, 386, 333, 385, 387, 387, 385, 386, 330, 333, 387, 299, 388, 386, 387, 386, 388, 299, 301, 388, 330, 387, 389, 389, 387, 388, 326, 330, 389, 301, 390, 388, 389, 388, 390, 301, 338, 390, 326, 389, 391, 391, 389, 390, 325, 326, 391, 338, 392, 390, 391, 390, 392, 338, 342, 392, 325, 391, 393, 393, 391, 392, 345, 325, 393, 342, 345, 394, 342, 394, 392, 392, 394, 393, 345, 393, 394, 10, 395, 396, 14, 10, 396, 10, 5, 395, 14, 396, 397, 5, 398, 395, 52, 14, 397, 5, 1, 398, 52, 397, 399, 1, 400, 398, 54, 52, 399, 1, 0, 400, 54, 399, 401, 0, 402, 400, 58, 54, 401, 0, 30, 402, 58, 401, 403, 30, 404, 402, 36, 58, 403, 30, 25, 404, 36, 403, 405, 25, 406, 404, 37, 36, 405, 25, 21, 406, 37, 405, 407, 21, 408, 406, 41, 37, 407, 21, 20, 408, 41, 407, 409, 20, 410, 408, 46, 41, 409, 46, 409, 410, 20, 46, 410, 106, 411, 412, 110, 106, 412, 106, 101, 411, 110, 412, 413, 101, 414, 411, 148, 110, 413, 101, 97, 414, 148, 413, 415, 97, 416, 414, 150, 148, 415, 97, 96, 416, 150, 415, 417, 96, 418, 416, 154, 150, 417, 96, 126, 418, 154, 417, 419, 126, 420, 418, 132, 154, 419, 126, 121, 420, 132, 419, 421, 121, 422, 420, 133, 132, 421, 121, 117, 422, 133, 421, 423, 117, 424, 422, 137, 133, 423, 117, 116, 424, 137, 423, 425, 116, 426, 424, 142, 137, 425, 142, 425, 426, 116, 142, 426, 202, 395, 427, 206, 202, 427, 202, 197, 395, 206, 427, 397, 197, 398, 395, 244, 206, 397, 197, 193, 398, 244, 397, 399, 193, 400, 398, 246, 244, 399, 193, 192, 400, 246, 399, 401, 192, 428, 400, 250, 246, 401, 192, 222, 428, 250, 401, 403, 222, 429, 428, 228, 250, 403, 222, 217, 429, 228, 403, 405, 217, 406, 429, 229, 228, 405, 217, 213, 406, 229, 405, 407, 213, 408, 406, 233, 229, 407, 213, 212, 408, 233, 407, 409, 212, 410, 408, 238, 233, 409, 238, 409, 410, 212, 238, 410, 292, 430, 431, 296, 292, 431, 292, 287, 430, 296, 431, 432, 287, 433, 430, 334, 296, 432, 287, 283, 433, 334, 432, 434, 283, 416, 433, 336, 334, 434, 283, 282, 416, 336, 434, 435, 282, 418, 416, 340, 336, 435, 282, 312, 418, 340, 435, 436, 312, 420, 418, 318, 340, 436, 312, 307, 420, 318, 436, 437, 307, 438, 420, 319, 318, 437, 307, 303, 438, 319, 437, 439, 303, 424, 438, 323, 319, 439, 303, 302, 424, 323, 439, 425, 302, 426, 424, 328, 323, 425, 328, 425, 426, 302, 328, 426]
                texCoord2f[] primvars:st = [(0.4661578, 0.5227776), (0.4641923, 0.5227776), (0.4663578, 0.5216048), (0.4643005, 0.5216048), (0.4663578, 0.5015792), (0.4618738, 0.5227776), (0.4643005, 0.5015792), (0.4661942, 0.500493), (0.4642119, 0.500493), (0.4618738, 0.5216048), (0.4595553, 0.5227776), (0.4618738, 0.5015792), (0.4618738, 0.500493), (0.459447, 0.5216048), (0.4575897, 0.5227776), (0.4573897, 0.5216048), (0.459447, 0.5015792), (0.4595356, 0.500493), (0.4573897, 0.5015792), (0.4575535, 0.500493), (0.8057388, 0.5227776), (0.8037733, 0.5227776), (0.8059388, 0.5216048), (0.8038815, 0.5216048), (0.8059388, 0.5015792), (0.8014548, 0.5227776), (0.8038815, 0.5015792), (0.8057751, 0.500493), (0.803793, 0.500493), (0.8014548, 0.5216048), (0.7991363, 0.5227776), (0.8014548, 0.5015792), (0.8014548, 0.500493), (0.799028, 0.5216048), (0.7971709, 0.5227776), (0.7969707, 0.5216048), (0.799028, 0.5015792), (0.7991167, 0.500493), (0.7969707, 0.5015792), (0.7971345, 0.500493), (0.4575534, 0.500493), (0.7971708, 0.5227776), (0.8038816, 0.5216048), (0.8038816, 0.5015792), (0.7080668, 0.5227776), (0.7098135, 0.5227776), (0.7080668, 0.500493), (0.7098135, 0.500493), (0.7118738, 0.5227776), (0.7118738, 0.500493), (0.7139341, 0.5227776), (0.7139341, 0.500493), (0.7156807, 0.5227776), (0.7156807, 0.500493), (0.8052617, 0.5227776), (0.8052617, 0.500493), (0.8035151, 0.500493), (0.8035151, 0.5227776), (0.7993945, 0.500493), (0.7993945, 0.5227776), (0.7976478, 0.500493), (0.7976478, 0.5227776), (0.7161578, 0.5227776), (0.7141923, 0.5227776), (0.7163578, 0.5216048), (0.7143005, 0.5216048), (0.7163578, 0.5015792), (0.7143005, 0.5015792), (0.716194, 0.500493), (0.7142119, 0.500493), (0.7118738, 0.5216048), (0.7095553, 0.5227776), (0.7118738, 0.5015792), (0.709447, 0.5216048), (0.7075897, 0.5227776), (0.7073897, 0.5216048), (0.709447, 0.5015792), (0.7095356, 0.500493), (0.7073897, 0.5015792), (0.7075535, 0.500493), (0.4580668, 0.5227776), (0.4598135, 0.5227776), (0.4580668, 0.500493), (0.4598135, 0.500493), (0.4639341, 0.5227776), (0.4639341, 0.500493), (0.4656807, 0.5227776), (0.4656807, 0.500493), (0.2552618, 0.5227776), (0.2552618, 0.500493), (0.2535151, 0.500493), (0.2535151, 0.5227776), (0.2514548, 0.500493), (0.2514548, 0.5227776), (0.2493945, 0.500493), (0.2493945, 0.5227776), (0.2476479, 0.500493), (0.2476479, 0.5227776), (0.2557387, 0.5227776), (0.2537732, 0.5227776), (0.2559389, 0.5216048), (0.2538816, 0.5216048), (0.2559389, 0.5015792), (0.2538816, 0.5015792), (0.2557751, 0.500493), (0.2537929, 0.500493), (0.2514548, 0.5216048), (0.2491363, 0.5227776), (0.2514548, 0.5015792), (0.2490281, 0.5216048), (0.2471708, 0.5227776), (0.2469708, 0.5216048), (0.2490281, 0.5015792), (0.2491167, 0.500493), (0.2469708, 0.5015792), (0.2471344, 0.500493), (0.249028, 0.5216048), (0.249028, 0.5015792), (0.253793, 0.500493), (0.4595356, 0.7958101), (0.4639341, 0.8064288), (0.4618738, 0.8068386), (0.4618738, 0.795345), (0.4575535, 0.7971345), (0.4598135, 0.8064288), (0.4656807, 0.8052617), (0.4642119, 0.7958101), (0.456229, 0.7991167), (0.4580668, 0.8052617), (0.4668478, 0.8035151), (0.4661942, 0.7971345), (0.4557639, 0.8014548), (0.4568998, 0.8035151), (0.4672576, 0.8014548), (0.4675186, 0.7991167), (0.456229, 0.803793), (0.4564899, 0.8014548), (0.4668478, 0.7993945), (0.4679836, 0.8014548), (0.4575534, 0.8057751), (0.4568998, 0.7993945), (0.4656807, 0.7976478), (0.4675186, 0.803793), (0.4595356, 0.8070996), (0.4580668, 0.7976478), (0.4639341, 0.7964808), (0.4661942, 0.8057751), (0.4618738, 0.8075646), (0.4598135, 0.7964808), (0.4618738, 0.7960709), (0.4642119, 0.8070996), (0.7142119, 0.7958101), (0.7098135, 0.8064288), (0.7080668, 0.8052617), (0.716194, 0.7971345), (0.7118738, 0.795345), (0.7068998, 0.8035151), (0.7175186, 0.7991167), (0.7064899, 0.8014548), (0.7179836, 0.8014548), (0.7068998, 0.7993945), (0.7175186, 0.803793), (0.7080668, 0.7976478), (0.716194, 0.8057751), (0.7098135, 0.7964808), (0.7142119, 0.8070996), (0.7118738, 0.8068386), (0.7095356, 0.7958101), (0.7118738, 0.7960709), (0.7118738, 0.8075646), (0.7139341, 0.8064288), (0.7075535, 0.7971345), (0.7139341, 0.7964808), (0.7095356, 0.8070996), (0.7156807, 0.8052617), (0.706229, 0.7991167), (0.7156807, 0.7976478), (0.7075535, 0.8057751), (0.7168478, 0.8035151), (0.7057639, 0.8014548), (0.7168478, 0.7993945), (0.706229, 0.803793), (0.7172576, 0.8014548), (0.4642119, 0.24581), (0.4598135, 0.2564288), (0.4580668, 0.2552618), (0.4661942, 0.2471344), (0.4618738, 0.245345), (0.4568998, 0.2535151), (0.4675186, 0.2491167), (0.4564899, 0.2514548), (0.4679836, 0.2514548), (0.4568998, 0.2493945), (0.4675186, 0.2537929), (0.4580668, 0.2476479), (0.4661942, 0.2557751), (0.4598135, 0.2464807), (0.4642119, 0.2570995), (0.4618738, 0.2568387), (0.4595356, 0.24581), (0.4618738, 0.246071), (0.4618738, 0.2575647), (0.4639341, 0.2564288), (0.4575535, 0.2471344), (0.4639341, 0.2464807), (0.4595356, 0.2570995), (0.4656807, 0.2552618), (0.456229, 0.2491167), (0.4656807, 0.2476479), (0.4575534, 0.2557751), (0.4668478, 0.2535151), (0.4557639, 0.2514548), (0.4668478, 0.2493945), (0.456229, 0.253793), (0.4672576, 0.2514548), (0.7142119, 0.24581), (0.7098135, 0.2564288), (0.7080668, 0.2552618), (0.716194, 0.2471344), (0.7118738, 0.245345), (0.7068998, 0.2535151), (0.7175186, 0.2491167), (0.7064899, 0.2514548), (0.7179836, 0.2514548), (0.7068998, 0.2493945), (0.7175186, 0.2537929), (0.7080668, 0.2476479), (0.716194, 0.2557751), (0.7098135, 0.2464807), (0.7142119, 0.2570995), (0.7118738, 0.2568387), (0.7095356, 0.24581), (0.7118738, 0.246071), (0.7118738, 0.2575647), (0.7139341, 0.2564288), (0.7075535, 0.2471344), (0.7139341, 0.2464807), (0.7095356, 0.2570995), (0.7156807, 0.2552618), (0.706229, 0.2491167), (0.7156807, 0.2476479), (0.7075535, 0.2557751), (0.7168478, 0.2535151), (0.7057639, 0.2514548), (0.7168478, 0.2493945), (0.706229, 0.253793), (0.7172576, 0.2514548), (0.4595553, 0.7958575), (0.4575897, 0.7971708), (0.4618738, 0.7953963), (0.4562764, 0.7991363), (0.4641923, 0.7958575), (0.4558153, 0.8014548), (0.4661578, 0.7971709), (0.4562764, 0.8037733), (0.4674711, 0.7991363), (0.4575897, 0.8057388), (0.4679322, 0.8014548), (0.4595553, 0.8070521), (0.4674711, 0.8037733), (0.4618738, 0.8075133), (0.4661578, 0.8057388), (0.4641923, 0.8070521), (0.7095553, 0.7958575), (0.7075897, 0.7971708), (0.7118738, 0.7953963), (0.7062764, 0.7991363), (0.7141923, 0.7958575), (0.7058153, 0.8014548), (0.7161578, 0.7971709), (0.7062764, 0.8037733), (0.7174711, 0.7991363), (0.7075897, 0.8057388), (0.7179322, 0.8014548), (0.7095553, 0.8070521), (0.7174711, 0.8037733), (0.7118738, 0.8075133), (0.7161578, 0.8057388), (0.7141923, 0.8070521), (0.4595553, 0.2458575), (0.4575897, 0.2471708), (0.4618738, 0.2453964), (0.4562764, 0.2491363), (0.4641923, 0.2458575), (0.4558153, 0.2514548), (0.4661578, 0.2471708), (0.4562764, 0.2537732), (0.4674711, 0.2491363), (0.4575897, 0.2557387), (0.4679322, 0.2514548), (0.4595553, 0.2570521), (0.4674711, 0.2537732), (0.4618738, 0.2575133), (0.4661578, 0.2557387), (0.4641923, 0.2570521), (0.7095553, 0.2458575), (0.7075897, 0.2471708), (0.7118738, 0.2453964), (0.7062764, 0.2491363), (0.7141923, 0.2458575), (0.7058153, 0.2514548), (0.7161578, 0.2471708), (0.7062764, 0.2537732), (0.7174711, 0.2491363), (0.7075897, 0.2557387), (0.7179322, 0.2514548), (0.7095553, 0.2570521), (0.7174711, 0.2537732), (0.7118738, 0.2575133), (0.7161578, 0.2557387), (0.7141923, 0.2570521)] (
                    interpolation = "faceVarying"
                )
                int[] primvars:st:indices = [0, 1, 2, 1, 3, 2, 2, 3, 4, 1, 5, 3, 3, 6, 4, 4, 6, 7, 6, 8, 7, 5, 9, 3, 3, 9, 6, 5, 10, 9, 6, 11, 8, 9, 11, 6, 11, 12, 8, 10, 13, 9, 9, 13, 11, 10, 14, 13, 14, 15, 13, 11, 16, 12, 13, 16, 11, 13, 15, 16, 16, 17, 12, 15, 18, 16, 16, 18, 17, 18, 19, 17, 20, 21, 22, 21, 23, 22, 22, 23, 24, 21, 25, 23, 23, 26, 24, 24, 26, 27, 26, 28, 27, 25, 29, 23, 23, 29, 26, 25, 30, 29, 26, 31, 28, 29, 31, 26, 31, 32, 28, 30, 33, 29, 29, 33, 31, 30, 34, 33, 34, 35, 33, 31, 36, 32, 33, 36, 31, 33, 35, 36, 36, 37, 32, 35, 38, 36, 36, 38, 37, 38, 39, 37, 14, 10, 15, 10, 13, 15, 15, 13, 18, 10, 5, 13, 13, 16, 18, 18, 16, 40, 16, 17, 40, 5, 9, 13, 13, 9, 16, 5, 1, 9, 16, 11, 17, 9, 11, 16, 11, 12, 17, 1, 3, 9, 9, 3, 11, 1, 0, 3, 0, 2, 3, 11, 6, 12, 3, 6, 11, 3, 2, 6, 6, 8, 12, 2, 4, 6, 6, 4, 8, 4, 7, 8, 41, 30, 35, 30, 33, 35, 35, 33, 38, 30, 25, 33, 33, 36, 38, 38, 36, 39, 36, 37, 39, 25, 29, 33, 33, 29, 36, 25, 21, 29, 36, 31, 37, 29, 31, 36, 31, 32, 37, 21, 42, 29, 29, 42, 31, 21, 20, 42, 20, 22, 42, 31, 43, 32, 42, 43, 31, 42, 22, 43, 43, 28, 32, 22, 24, 43, 43, 24, 28, 24, 27, 28, 44, 45, 46, 45, 47, 46, 45, 48, 47, 48, 49, 47, 48, 50, 49, 50, 51, 49, 50, 52, 51, 52, 53, 51, 54, 55, 56, 57, 54, 56, 57, 56, 32, 25, 57, 32, 25, 32, 58, 59, 25, 58, 59, 58, 60, 61, 59, 60, 44, 46, 47, 45, 44, 47, 45, 47, 49, 48, 45, 49, 48, 49, 51, 50, 48, 51, 50, 51, 53, 52, 50, 53, 61, 60, 58, 59, 61, 58, 59, 58, 32, 25, 59, 32, 25, 32, 56, 57, 25, 56, 57, 56, 55, 54, 57, 55, 62, 63, 64, 63, 65, 64, 64, 65, 66, 63, 48, 65, 65, 67, 66, 66, 67, 68, 67, 69, 68, 48, 70, 65, 65, 70, 67, 48, 71, 70, 67, 72, 69, 70, 72, 67, 72, 49, 69, 71, 73, 70, 70, 73, 72, 71, 74, 73, 74, 75, 73, 72, 76, 49, 73, 76, 72, 73, 75, 76, 76, 77, 49, 75, 78, 76, 76, 78, 77, 78, 79, 77, 20, 21, 22, 21, 23, 22, 22, 23, 24, 21, 25, 23, 23, 26, 24, 24, 26, 27, 26, 28, 27, 25, 29, 23, 23, 29, 26, 25, 30, 29, 26, 31, 28, 29, 31, 26, 31, 32, 28, 30, 33, 29, 29, 33, 31, 30, 34, 33, 34, 35, 33, 31, 36, 32, 33, 36, 31, 33, 35, 36, 36, 37, 32, 35, 38, 36, 36, 38, 37, 38, 39, 37, 74, 71, 75, 71, 73, 75, 75, 73, 78, 71, 48, 73, 73, 76, 78, 78, 76, 79, 76, 77, 79, 48, 70, 73, 73, 70, 76, 48, 63, 70, 76, 72, 77, 70, 72, 76, 72, 49, 77, 63, 65, 70, 70, 65, 72, 63, 62, 65, 62, 64, 65, 72, 67, 49, 65, 67, 72, 65, 64, 67, 67, 69, 49, 64, 66, 67, 67, 66, 69, 66, 68, 69, 41, 30, 35, 30, 33, 35, 35, 33, 38, 30, 25, 33, 33, 36, 38, 38, 36, 39, 36, 37, 39, 25, 29, 33, 33, 29, 36, 25, 21, 29, 36, 31, 37, 29, 31, 36, 31, 32, 37, 21, 42, 29, 29, 42, 31, 21, 20, 42, 20, 22, 42, 31, 43, 32, 42, 43, 31, 42, 22, 43, 43, 28, 32, 22, 24, 43, 43, 24, 28, 24, 27, 28, 80, 81, 82, 81, 83, 82, 81, 5, 83, 5, 12, 83, 5, 84, 12, 84, 85, 12, 84, 86, 85, 86, 87, 85, 88, 89, 90, 91, 88, 90, 91, 90, 92, 93, 91, 92, 93, 92, 94, 95, 93, 94, 95, 94, 96, 97, 95, 96, 80, 82, 83, 81, 80, 83, 81, 83, 12, 5, 81, 12, 5, 12, 85, 84, 5, 85, 84, 85, 87, 86, 84, 87, 97, 96, 94, 95, 97, 94, 95, 94, 92, 93, 95, 92, 93, 92, 90, 91, 93, 90, 91, 90, 89, 88, 91, 89, 0, 1, 2, 1, 3, 2, 2, 3, 4, 1, 5, 3, 3, 6, 4, 4, 6, 7, 6, 8, 7, 5, 9, 3, 3, 9, 6, 5, 10, 9, 6, 11, 8, 9, 11, 6, 11, 12, 8, 10, 13, 9, 9, 13, 11, 10, 14, 13, 14, 15, 13, 11, 16, 12, 13, 16, 11, 13, 15, 16, 16, 17, 12, 15, 18, 16, 16, 18, 17, 18, 19, 17, 98, 99, 100, 99, 101, 100, 100, 101, 102, 99, 93, 101, 101, 103, 102, 102, 103, 104, 103, 105, 104, 93, 106, 101, 101, 106, 103, 93, 107, 106, 103, 108, 105, 106, 108, 103, 108, 92, 105, 107, 109, 106, 106, 109, 108, 107, 110, 109, 110, 111, 109, 108, 112, 92, 109, 112, 108, 109, 111, 112, 112, 113, 92, 111, 114, 112, 112, 114, 113, 114, 115, 113, 14, 10, 15, 10, 13, 15, 15, 13, 18, 10, 5, 13, 13, 16, 18, 18, 16, 40, 16, 17, 40, 5, 9, 13, 13, 9, 16, 5, 1, 9, 16, 11, 17, 9, 11, 16, 11, 12, 17, 1, 3, 9, 9, 3, 11, 1, 0, 3, 0, 2, 3, 11, 6, 12, 3, 6, 11, 3, 2, 6, 6, 8, 12, 2, 4, 6, 6, 4, 8, 4, 7, 8, 110, 107, 111, 107, 116, 111, 111, 116, 114, 107, 93, 116, 116, 117, 114, 114, 117, 115, 117, 113, 115, 93, 106, 116, 116, 106, 117, 93, 99, 106, 117, 108, 113, 106, 108, 117, 108, 92, 113, 99, 101, 106, 106, 101, 108, 99, 98, 101, 98, 100, 101, 108, 103, 92, 101, 103, 108, 101, 100, 103, 103, 118, 92, 100, 102, 103, 103, 102, 118, 102, 104, 118, 44, 45, 46, 45, 47, 46, 45, 48, 47, 48, 49, 47, 48, 50, 49, 50, 51, 49, 50, 52, 51, 52, 53, 51, 88, 89, 90, 91, 88, 90, 91, 90, 92, 93, 91, 92, 93, 92, 94, 95, 93, 94, 95, 94, 96, 97, 95, 96, 44, 46, 47, 45, 44, 47, 45, 47, 49, 48, 45, 49, 48, 49, 51, 50, 48, 51, 50, 51, 53, 52, 50, 53, 97, 96, 94, 95, 97, 94, 95, 94, 92, 93, 95, 92, 93, 92, 90, 91, 93, 90, 91, 90, 89, 88, 91, 89, 62, 63, 64, 63, 65, 64, 64, 65, 66, 63, 48, 65, 65, 67, 66, 66, 67, 68, 67, 69, 68, 48, 70, 65, 65, 70, 67, 48, 71, 70, 67, 72, 69, 70, 72, 67, 72, 49, 69, 71, 73, 70, 70, 73, 72, 71, 74, 73, 74, 75, 73, 72, 76, 49, 73, 76, 72, 73, 75, 76, 76, 77, 49, 75, 78, 76, 76, 78, 77, 78, 79, 77, 98, 99, 100, 99, 101, 100, 100, 101, 102, 99, 93, 101, 101, 103, 102, 102, 103, 104, 103, 105, 104, 93, 106, 101, 101, 106, 103, 93, 107, 106, 103, 108, 105, 106, 108, 103, 108, 92, 105, 107, 109, 106, 106, 109, 108, 107, 110, 109, 110, 111, 109, 108, 112, 92, 109, 112, 108, 109, 111, 112, 112, 113, 92, 111, 114, 112, 112, 114, 113, 114, 115, 113, 74, 71, 75, 71, 73, 75, 75, 73, 78, 71, 48, 73, 73, 76, 78, 78, 76, 79, 76, 77, 79, 48, 70, 73, 73, 70, 76, 48, 63, 70, 76, 72, 77, 70, 72, 76, 72, 49, 77, 63, 65, 70, 70, 65, 72, 63, 62, 65, 62, 64, 65, 72, 67, 49, 65, 67, 72, 65, 64, 67, 67, 69, 49, 64, 66, 67, 67, 66, 69, 66, 68, 69, 110, 107, 111, 107, 116, 111, 111, 116, 114, 107, 93, 116, 116, 117, 114, 114, 117, 115, 117, 113, 115, 93, 106, 116, 116, 106, 117, 93, 99, 106, 117, 108, 113, 106, 108, 117, 108, 92, 113, 99, 101, 106, 106, 101, 108, 99, 98, 101, 98, 100, 101, 108, 103, 92, 101, 103, 108, 101, 100, 103, 103, 118, 92, 100, 102, 103, 103, 102, 118, 102, 104, 118, 119, 120, 121, 122, 119, 121, 119, 123, 120, 122, 121, 124, 123, 125, 120, 126, 122, 124, 123, 127, 125, 126, 124, 128, 127, 129, 125, 130, 126, 128, 127, 131, 129, 130, 128, 132, 131, 133, 129, 134, 130, 132, 131, 135, 133, 134, 132, 136, 135, 137, 133, 138, 134, 136, 135, 139, 137, 138, 136, 140, 139, 141, 137, 142, 138, 140, 139, 143, 141, 142, 140, 144, 143, 145, 141, 146, 142, 144, 143, 147, 145, 146, 144, 148, 147, 149, 145, 150, 146, 148, 150, 148, 149, 147, 150, 149, 151, 152, 153, 154, 151, 153, 151, 155, 152, 154, 153, 156, 157, 154, 156, 157, 156, 158, 159, 157, 158, 160, 158, 156, 159, 158, 160, 160, 156, 153, 161, 159, 160, 162, 160, 153, 161, 160, 162, 162, 153, 152, 163, 161, 162, 163, 162, 164, 164, 162, 152, 165, 163, 164, 155, 166, 152, 164, 152, 166, 155, 167, 166, 165, 164, 168, 168, 164, 166, 169, 165, 168, 167, 170, 166, 168, 166, 170, 167, 171, 170, 169, 168, 172, 172, 168, 170, 173, 169, 172, 171, 174, 170, 172, 170, 174, 171, 175, 174, 173, 172, 176, 176, 172, 174, 177, 173, 176, 175, 178, 174, 176, 174, 178, 175, 179, 178, 177, 176, 180, 180, 176, 178, 181, 177, 180, 179, 181, 182, 179, 182, 178, 178, 182, 180, 181, 180, 182, 183, 184, 185, 186, 183, 185, 183, 187, 184, 186, 185, 188, 189, 186, 188, 189, 188, 190, 191, 189, 190, 192, 190, 188, 191, 190, 192, 192, 188, 185, 193, 191, 192, 194, 192, 185, 193, 192, 194, 194, 185, 184, 195, 193, 194, 195, 194, 196, 196, 194, 184, 197, 195, 196, 187, 198, 184, 196, 184, 198, 187, 199, 198, 197, 196, 200, 200, 196, 198, 201, 197, 200, 199, 202, 198, 200, 198, 202, 199, 203, 202, 201, 200, 204, 204, 200, 202, 205, 201, 204, 203, 206, 202, 204, 202, 206, 203, 207, 206, 205, 204, 208, 208, 204, 206, 209, 205, 208, 207, 210, 206, 208, 206, 210, 207, 211, 210, 209, 208, 212, 212, 208, 210, 213, 209, 212, 211, 213, 214, 211, 214, 210, 210, 214, 212, 213, 212, 214, 215, 216, 217, 218, 215, 217, 215, 219, 216, 218, 217, 220, 221, 218, 220, 221, 220, 222, 223, 221, 222, 224, 222, 220, 223, 222, 224, 224, 220, 217, 225, 223, 224, 226, 224, 217, 225, 224, 226, 226, 217, 216, 227, 225, 226, 227, 226, 228, 228, 226, 216, 229, 227, 228, 219, 230, 216, 228, 216, 230, 219, 231, 230, 229, 228, 232, 232, 228, 230, 233, 229, 232, 231, 234, 230, 232, 230, 234, 231, 235, 234, 233, 232, 236, 236, 232, 234, 237, 233, 236, 235, 238, 234, 236, 234, 238, 235, 239, 238, 237, 236, 240, 240, 236, 238, 241, 237, 240, 239, 242, 238, 240, 238, 242, 239, 243, 242, 241, 240, 244, 244, 240, 242, 245, 241, 244, 243, 245, 246, 243, 246, 242, 242, 246, 244, 245, 244, 246, 247, 120, 125, 248, 247, 125, 247, 249, 120, 248, 125, 129, 249, 121, 120, 250, 248, 129, 249, 251, 121, 250, 129, 133, 251, 124, 121, 252, 250, 133, 251, 253, 124, 252, 133, 137, 253, 128, 124, 254, 252, 137, 253, 255, 128, 254, 137, 141, 255, 132, 128, 256, 254, 141, 255, 257, 132, 256, 141, 145, 257, 136, 132, 258, 256, 145, 257, 259, 136, 258, 145, 149, 259, 140, 136, 260, 258, 149, 259, 261, 140, 260, 149, 148, 261, 144, 140, 262, 260, 148, 262, 148, 144, 261, 262, 144, 263, 170, 174, 264, 263, 174, 263, 265, 170, 264, 174, 178, 265, 166, 170, 266, 264, 178, 265, 267, 166, 266, 178, 182, 267, 152, 166, 268, 266, 182, 267, 269, 152, 268, 182, 180, 269, 153, 152, 270, 268, 180, 269, 271, 153, 270, 180, 176, 271, 156, 153, 272, 270, 176, 271, 273, 156, 272, 176, 172, 273, 158, 156, 274, 272, 172, 273, 275, 158, 274, 172, 168, 275, 160, 158, 276, 274, 168, 275, 277, 160, 276, 168, 164, 277, 162, 160, 278, 276, 164, 278, 164, 162, 277, 278, 162, 279, 202, 206, 280, 279, 206, 279, 281, 202, 280, 206, 210, 281, 198, 202, 282, 280, 210, 281, 283, 198, 282, 210, 214, 283, 184, 198, 284, 282, 214, 283, 285, 184, 284, 214, 212, 285, 185, 184, 286, 284, 212, 285, 287, 185, 286, 212, 208, 287, 188, 185, 288, 286, 208, 287, 289, 188, 288, 208, 204, 289, 190, 188, 290, 288, 204, 289, 291, 190, 290, 204, 200, 291, 192, 190, 292, 290, 200, 291, 293, 192, 292, 200, 196, 293, 194, 192, 294, 292, 196, 294, 196, 194, 293, 294, 194, 295, 234, 238, 296, 295, 238, 295, 297, 234, 296, 238, 242, 297, 230, 234, 298, 296, 242, 297, 299, 230, 298, 242, 246, 299, 216, 230, 300, 298, 246, 299, 301, 216, 300, 246, 244, 301, 217, 216, 302, 300, 244, 301, 303, 217, 302, 244, 240, 303, 220, 217, 304, 302, 240, 303, 305, 220, 304, 240, 236, 305, 222, 220, 306, 304, 236, 305, 307, 222, 306, 236, 232, 307, 224, 222, 308, 306, 232, 307, 309, 224, 308, 232, 228, 309, 226, 224, 310, 308, 228, 310, 228, 226, 309, 310, 226]
                uniform token subdivisionScheme = "none"
                quatf xformOp:orient = (1, 0, 0, 0)
                float3 xformOp:scale = (1, 1, 1)
                double3 xformOp:translate = (-0.00034, -0.47542, 0.00079)
                uniform token[] xformOpOrder = ["xformOp:translate", "xformOp:orient", "xformOp:scale"]
            }

            def Mesh "Dining_Table_21_2_dining_table_021_1" (
                apiSchemas = ["MaterialBindingAPI"]
            )
            {
                float3[] extent = [(-0.34413803, -2.62e-8, -0.2626929), (0.32825404, 0.9363199, 0.2488184)]
                int[] faceVertexCounts = [3, 3, 3, 3, 3, 3, 3, 3, 3, 3, 3, 3, 3, 3, 3, 3, 3, 3, 3, 3, 3, 3, 3, 3, 3, 3, 3, 3, 3, 3, 3, 3, 3, 3, 3, 3, 3, 3, 3, 3, 3, 3, 3, 3, 3, 3, 3, 3, 3, 3, 3, 3, 3, 3, 3, 3, 3, 3, 3, 3, 3, 3, 3, 3, 3, 3, 3, 3, 3, 3, 3, 3, 3, 3, 3, 3, 3, 3, 3, 3, 3, 3, 3, 3, 3, 3, 3, 3, 3, 3, 3, 3, 3, 3, 3, 3, 3, 3, 3, 3, 3, 3, 3, 3, 3, 3, 3, 3, 3, 3, 3, 3, 3, 3, 3, 3, 3, 3, 3, 3, 3, 3, 3, 3, 3, 3, 3, 3, 3, 3, 3, 3, 3, 3, 3, 3, 3, 3, 3, 3, 3, 3, 3, 3, 3, 3, 3, 3, 3, 3, 3, 3, 3, 3, 3, 3, 3, 3, 3, 3, 3, 3, 3, 3, 3, 3, 3, 3, 3, 3, 3, 3, 3, 3, 3, 3, 3, 3, 3, 3, 3, 3, 3, 3, 3, 3, 3, 3, 3, 3, 3, 3, 3, 3, 3, 3, 3, 3, 3, 3, 3, 3, 3, 3, 3, 3, 3, 3, 3, 3, 3, 3, 3, 3, 3, 3, 3, 3, 3, 3, 3, 3, 3, 3, 3, 3, 3, 3, 3, 3, 3, 3, 3, 3, 3, 3, 3, 3, 3, 3, 3, 3, 3, 3, 3, 3, 3, 3, 3, 3, 3, 3, 3, 3, 3, 3, 3, 3, 3, 3, 3, 3, 3, 3, 3, 3, 3, 3, 3, 3, 3, 3, 3, 3, 3, 3, 3, 3, 3, 3, 3, 3, 3, 3, 3, 3, 3, 3, 3, 3, 3, 3, 3, 3, 3, 3, 3, 3, 3, 3, 3, 3, 3, 3, 3, 3, 3, 3, 3, 3, 3, 3, 3, 3, 3, 3, 3, 3, 3, 3, 3, 3, 3, 3, 3, 3, 3, 3, 3, 3, 3, 3, 3, 3, 3, 3, 3, 3, 3, 3, 3, 3, 3, 3, 3, 3, 3, 3, 3, 3, 3, 3, 3, 3, 3, 3, 3, 3, 3, 3, 3, 3, 3, 3, 3, 3, 3, 3, 3, 3, 3, 3, 3, 3, 3, 3, 3, 3, 3, 3, 3, 3, 3, 3, 3, 3, 3, 3, 3, 3, 3, 3, 3, 3, 3, 3, 3, 3, 3, 3, 3, 3, 3, 3, 3, 3, 3, 3, 3, 3, 3, 3, 3, 3, 3, 3, 3, 3, 3, 3, 3, 3, 3, 3, 3, 3, 3, 3, 3, 3, 3, 3, 3, 3, 3, 3, 3, 3, 3, 3, 3, 3, 3, 3, 3, 3, 3, 3, 3, 3, 3, 3, 3, 3, 3, 3, 3, 3, 3, 3, 3, 3, 3, 3, 3, 3, 3, 3, 3, 3, 3, 3, 3, 3, 3, 3, 3, 3, 3, 3, 3, 3, 3, 3, 3, 3]
                int[] faceVertexIndices = [2, 1, 0, 1, 3, 0, 0, 3, 4, 1, 5, 3, 3, 6, 4, 4, 6, 7, 5, 8, 3, 3, 8, 6, 5, 9, 8, 6, 10, 7, 7, 10, 11, 10, 12, 11, 9, 13, 8, 9, 14, 13, 14, 15, 13, 8, 16, 6, 6, 16, 10, 8, 13, 16, 10, 17, 12, 16, 17, 10, 17, 18, 12, 13, 15, 19, 13, 19, 16, 16, 19, 17, 15, 20, 19, 17, 21, 18, 19, 21, 17, 19, 20, 21, 21, 22, 18, 20, 23, 21, 21, 23, 22, 23, 24, 22, 27, 26, 25, 26, 28, 25, 25, 28, 29, 26, 30, 28, 28, 31, 29, 29, 31, 32, 30, 33, 28, 28, 33, 31, 30, 34, 33, 31, 35, 32, 32, 35, 36, 35, 37, 36, 34, 38, 33, 34, 39, 38, 39, 40, 38, 33, 41, 31, 31, 41, 35, 33, 38, 41, 35, 42, 37, 41, 42, 35, 42, 43, 37, 38, 40, 44, 38, 44, 41, 41, 44, 42, 40, 45, 44, 42, 46, 43, 44, 46, 42, 44, 45, 46, 46, 47, 43, 45, 48, 46, 46, 48, 47, 48, 49, 47, 52, 51, 50, 51, 53, 50, 50, 53, 54, 51, 55, 53, 53, 56, 54, 54, 56, 57, 55, 58, 53, 53, 58, 56, 55, 59, 58, 56, 60, 57, 57, 60, 61, 60, 62, 61, 59, 63, 58, 59, 64, 63, 64, 65, 63, 58, 66, 56, 56, 66, 60, 58, 63, 66, 60, 67, 62, 66, 67, 60, 67, 68, 62, 63, 65, 69, 63, 69, 66, 66, 69, 67, 65, 70, 69, 67, 71, 68, 69, 71, 67, 69, 70, 71, 71, 72, 68, 70, 73, 71, 71, 73, 72, 73, 74, 72, 77, 76, 75, 75, 78, 77, 78, 79, 77, 78, 80, 79, 80, 81, 79, 80, 82, 81, 82, 83, 81, 82, 84, 83, 84, 85, 83, 84, 86, 85, 86, 87, 85, 86, 88, 87, 88, 89, 87, 88, 90, 89, 93, 92, 91, 92, 94, 91, 91, 94, 95, 92, 96, 94, 94, 97, 95, 95, 97, 98, 96, 99, 94, 94, 99, 97, 96, 100, 99, 97, 101, 98, 98, 101, 102, 101, 103, 102, 100, 104, 99, 100, 105, 104, 105, 106, 104, 99, 107, 97, 97, 107, 101, 99, 104, 107, 101, 108, 103, 107, 108, 101, 108, 109, 103, 104, 106, 110, 104, 110, 107, 107, 110, 108, 106, 111, 110, 108, 112, 109, 110, 112, 108, 110, 111, 112, 112, 113, 109, 111, 114, 112, 112, 114, 113, 114, 115, 113, 118, 117, 116, 116, 119, 118, 119, 120, 118, 119, 121, 120, 121, 122, 120, 121, 123, 122, 123, 124, 122, 123, 125, 124, 125, 126, 124, 125, 127, 126, 127, 128, 126, 127, 129, 128, 129, 130, 128, 129, 131, 130, 134, 133, 132, 133, 135, 132, 132, 135, 136, 133, 137, 135, 135, 138, 136, 136, 138, 139, 138, 140, 139, 137, 141, 135, 135, 141, 138, 137, 142, 141, 138, 143, 140, 141, 143, 138, 143, 144, 140, 142, 145, 141, 141, 145, 143, 142, 146, 145, 146, 147, 145, 143, 148, 144, 145, 148, 143, 145, 147, 148, 148, 149, 144, 147, 150, 148, 148, 150, 149, 150, 151, 149, 154, 153, 152, 153, 155, 152, 152, 155, 156, 153, 157, 155, 155, 158, 156, 156, 158, 159, 158, 160, 159, 157, 161, 155, 155, 161, 158, 157, 162, 161, 158, 163, 160, 161, 163, 158, 163, 164, 160, 162, 165, 161, 161, 165, 163, 162, 166, 165, 166, 167, 165, 163, 168, 164, 165, 168, 163, 165, 167, 168, 168, 169, 164, 167, 170, 168, 168, 170, 169, 170, 171, 169, 174, 173, 172, 173, 175, 172, 172, 175, 176, 173, 177, 175, 175, 178, 176, 176, 178, 179, 178, 180, 179, 177, 181, 175, 175, 181, 178, 177, 182, 181, 178, 183, 180, 181, 183, 178, 183, 184, 180, 182, 185, 181, 181, 185, 183, 182, 186, 185, 186, 187, 185, 183, 188, 184, 185, 188, 183, 185, 187, 188, 188, 189, 184, 187, 190, 188, 188, 190, 189, 190, 191, 189, 194, 193, 192, 192, 195, 194, 195, 196, 194, 195, 197, 196, 197, 198, 196, 197, 199, 198, 199, 200, 198, 199, 201, 200, 201, 202, 200, 201, 203, 202, 203, 204, 202, 203, 205, 204, 205, 206, 204, 205, 207, 206, 210, 209, 208, 209, 211, 208, 208, 211, 212, 209, 213, 211, 211, 214, 212, 212, 214, 215, 214, 216, 215, 213, 217, 211, 211, 217, 214, 213, 218, 217, 214, 219, 216, 217, 219, 214, 219, 220, 216, 218, 221, 217, 217, 221, 219, 218, 222, 221, 222, 223, 221, 219, 224, 220, 221, 224, 219, 221, 223, 224, 224, 225, 220, 223, 226, 224, 224, 226, 225, 226, 227, 225, 230, 229, 228, 229, 231, 228, 228, 231, 232, 229, 233, 231, 231, 234, 232, 232, 234, 235, 234, 236, 235, 233, 237, 231, 231, 237, 234, 233, 238, 237, 234, 239, 236, 237, 239, 234, 239, 240, 236, 238, 241, 237, 237, 241, 239, 238, 242, 241, 242, 243, 241, 239, 244, 240, 241, 244, 239, 241, 243, 244, 244, 245, 240, 243, 246, 244, 244, 246, 245, 246, 247, 245, 250, 249, 248, 249, 251, 248, 248, 251, 252, 249, 253, 251, 251, 254, 252, 252, 254, 255, 254, 256, 255, 253, 257, 251, 251, 257, 254, 253, 258, 257, 254, 259, 256, 257, 259, 254, 259, 260, 256, 258, 261, 257, 257, 261, 259, 258, 262, 261, 262, 263, 261, 259, 264, 260, 261, 264, 259, 261, 263, 264, 264, 265, 260, 263, 266, 264, 264, 266, 265, 266, 267, 265, 270, 269, 268, 269, 271, 268, 268, 271, 272, 269, 273, 271, 271, 274, 272, 272, 274, 275, 274, 276, 275, 273, 277, 271, 271, 277, 274, 273, 278, 277, 274, 279, 276, 277, 279, 274, 279, 280, 276, 278, 281, 277, 277, 281, 279, 278, 282, 281, 282, 283, 281, 279, 284, 280, 281, 284, 279, 281, 283, 284, 284, 285, 280, 283, 286, 284, 284, 286, 285, 286, 287, 285, 290, 289, 288, 288, 291, 290, 291, 292, 290, 291, 293, 292, 293, 294, 292, 293, 295, 294, 295, 296, 294, 295, 297, 296, 297, 298, 296, 297, 299, 298, 299, 300, 298, 299, 301, 300, 301, 302, 300, 301, 303, 302, 306, 305, 304, 305, 307, 304, 304, 307, 308, 305, 309, 307, 307, 310, 308, 308, 310, 311, 310, 312, 311, 309, 313, 307, 307, 313, 310, 309, 314, 313, 310, 315, 312, 313, 315, 310, 315, 316, 312, 314, 317, 313, 313, 317, 315, 314, 318, 317, 318, 319, 317, 315, 320, 316, 317, 320, 315, 317, 319, 320, 320, 321, 316, 319, 322, 320, 320, 322, 321, 322, 323, 321, 326, 325, 324, 325, 327, 324, 324, 327, 328, 325, 329, 327, 327, 330, 328, 328, 330, 331, 330, 332, 331, 329, 333, 327, 327, 333, 330, 329, 334, 333, 330, 335, 332, 333, 335, 330, 335, 336, 332, 334, 337, 333, 333, 337, 335, 334, 338, 337, 338, 339, 337, 335, 340, 336, 337, 340, 335, 337, 339, 340, 340, 341, 336, 339, 342, 340, 340, 342, 341, 342, 343, 341, 346, 345, 344, 345, 347, 344, 344, 347, 348, 345, 349, 347, 347, 350, 348, 348, 350, 351, 350, 352, 351, 349, 353, 347, 347, 353, 350, 349, 354, 353, 350, 355, 352, 353, 355, 350, 355, 356, 352, 354, 357, 353, 353, 357, 355, 354, 358, 357, 358, 359, 357, 355, 360, 356, 357, 360, 355, 357, 359, 360, 360, 361, 356, 359, 362, 360, 360, 362, 361, 362, 363, 361, 366, 365, 364, 365, 367, 364, 364, 367, 368, 365, 369, 367, 367, 370, 368, 368, 370, 371, 370, 372, 371, 369, 373, 367, 367, 373, 370, 369, 374, 373, 370, 375, 372, 373, 375, 370, 375, 376, 372, 374, 377, 373, 373, 377, 375, 374, 378, 377, 378, 379, 377, 375, 380, 376, 377, 380, 375, 377, 379, 380, 380, 381, 376, 379, 382, 380, 380, 382, 381, 382, 383, 381, 386, 385, 384, 384, 387, 386, 387, 388, 386, 387, 389, 388, 389, 390, 388, 389, 391, 390, 391, 392, 390, 391, 393, 392, 393, 394, 392, 393, 395, 394, 395, 396, 394, 395, 397, 396, 397, 398, 396, 397, 399, 398, 402, 401, 400, 401, 403, 400, 400, 403, 404, 401, 405, 403, 403, 406, 404, 404, 406, 407, 406, 408, 407, 405, 409, 403, 403, 409, 406, 405, 410, 409, 406, 411, 408, 409, 411, 406, 411, 412, 408, 410, 413, 409, 409, 413, 411, 410, 414, 413, 414, 415, 413, 411, 416, 412, 413, 416, 411, 413, 415, 416, 416, 417, 412, 415, 418, 416, 416, 418, 417, 418, 419, 417]
                rel material:binding = </Dining_Table_21_2/Materials/material_BrushedIron_AlbedoTransparency>
                uniform token orientation = "rightHanded"
                point3f[] points = [(-0.34082654, 0.91948676, 0.2304346), (-0.33715847, 0.9363199, 0.2280981), (-0.34082654, 0.9363199, 0.2304321), (-0.33715847, 0.91948676, 0.2280981), (-0.34082654, 0.06493951, 0.2304346), (-0.33283183, 0.9363199, 0.2272778), (-0.33715847, 0.06493951, 0.2280981), (-0.34082654, 0.05838577, 0.2304321), (-0.33283183, 0.9194869, 0.2272803), (-0.3285053, 0.93631977, 0.2280981), (-0.33715847, 0.05838577, 0.2280981), (-0.34082654, -2.62e-8, 0.230437), (-0.33715847, -2.62e-8, 0.2281006), (-0.3285053, 0.91948676, 0.2280981), (-0.32483736, 0.9363199, 0.2304321), (-0.32483736, 0.91948676, 0.2304346), (-0.33283183, 0.06493951, 0.2272803), (-0.33283183, 0.05838577, 0.2272778), (-0.33283183, -2.62e-8, 0.2272827), (-0.3285053, 0.06493951, 0.2280981), (-0.32483736, 0.06493951, 0.2304346), (-0.3285053, 0.05838577, 0.2280981), (-0.3285053, -2.62e-8, 0.2281006), (-0.32483736, 0.05838577, 0.2304321), (-0.32483736, -2.62e-8, 0.230437), (-0.32483736, 0.91948676, 0.2304346), (-0.32238644, 0.9363199, 0.2339258), (-0.32483736, 0.9363199, 0.2304321), (-0.32238644, 0.9194869, 0.2339282), (-0.32483736, 0.06493951, 0.2304346), (-0.32152584, 0.93631977, 0.2380469), (-0.32238644, 0.06493951, 0.2339282), (-0.32483736, 0.05838577, 0.2304321), (-0.32152584, 0.91948676, 0.2380493), (-0.32238644, 0.9363199, 0.242168), (-0.32238644, 0.05838577, 0.2339258), (-0.32483736, -2.62e-8, 0.230437), (-0.32238644, -2.62e-8, 0.2339282), (-0.32238644, 0.9194869, 0.242168), (-0.32483736, 0.9363199, 0.2456616), (-0.32483736, 0.91948676, 0.2456641), (-0.32152584, 0.06493951, 0.2380493), (-0.32152584, 0.05838577, 0.2380469), (-0.32152584, -2.62e-8, 0.2380493), (-0.32238644, 0.06493951, 0.242168), (-0.32483736, 0.06493951, 0.2456592), (-0.32238644, 0.05838577, 0.242168), (-0.32238644, -2.62e-8, 0.242168), (-0.32483736, 0.05838577, 0.2456592), (-0.32483736, -2.62e-8, 0.2456616), (-0.32483736, 0.91948676, 0.2456641), (-0.3285053, 0.93631977, 0.2479932), (-0.32483736, 0.9363199, 0.2456616), (-0.3285053, 0.91948676, 0.2479956), (-0.32483736, 0.06493951, 0.2456592), (-0.33283195, 0.9363199, 0.2488135), (-0.3285053, 0.06493951, 0.2479956), (-0.32483736, 0.05838577, 0.2456592), (-0.33283195, 0.9194869, 0.2488184), (-0.33715856, 0.9363199, 0.2479932), (-0.3285053, 0.05838577, 0.2479956), (-0.32483736, -2.62e-8, 0.2456616), (-0.3285053, -2.62e-8, 0.2479956), (-0.33715856, 0.91948676, 0.2479956), (-0.34082654, 0.9363199, 0.2456616), (-0.34082654, 0.91948676, 0.2456641), (-0.33283195, 0.06493951, 0.2488159), (-0.33283195, 0.05838577, 0.2488135), (-0.33283195, -2.62e-8, 0.2488184), (-0.33715856, 0.06493951, 0.2479956), (-0.34082654, 0.06493951, 0.2456592), (-0.33715856, 0.05838577, 0.2479956), (-0.33715856, -2.62e-8, 0.2479956), (-0.34082654, 0.05838577, 0.2456592), (-0.34082654, -2.62e-8, 0.2456616), (-0.33715847, 0.9363199, 0.2280981), (-0.33283183, 0.9363199, 0.2272778), (-0.3285053, 0.93631977, 0.2280981), (-0.34082654, 0.9363199, 0.2304321), (-0.32483736, 0.9363199, 0.2304321), (-0.34327745, 0.93631977, 0.2339258), (-0.32238644, 0.9363199, 0.2339258), (-0.34413803, 0.9363199, 0.2380469), (-0.32152584, 0.93631977, 0.2380469), (-0.34327745, 0.93631977, 0.242168), (-0.32238644, 0.9363199, 0.242168), (-0.34082654, 0.9363199, 0.2456616), (-0.32483736, 0.9363199, 0.2456616), (-0.33715856, 0.9363199, 0.2479932), (-0.3285053, 0.93631977, 0.2479932), (-0.33283195, 0.9363199, 0.2488135), (-0.34082654, 0.91948676, 0.2456641), (-0.34327745, 0.93631977, 0.242168), (-0.34082654, 0.9363199, 0.2456616), (-0.34327745, 0.91948676, 0.242168), (-0.34082654, 0.06493951, 0.2456592), (-0.34413803, 0.9363199, 0.2380469), (-0.34327745, 0.06493951, 0.242168), (-0.34082654, 0.05838577, 0.2456592), (-0.34413803, 0.91948676, 0.2380493), (-0.34327745, 0.93631977, 0.2339258), (-0.34327745, 0.05838577, 0.242168), (-0.34082654, -2.62e-8, 0.2456616), (-0.34327745, -2.62e-8, 0.242168), (-0.34327745, 0.91948676, 0.2339282), (-0.34082654, 0.9363199, 0.2304321), (-0.34082654, 0.91948676, 0.2304346), (-0.34413803, 0.06493951, 0.2380493), (-0.34413803, 0.05838577, 0.2380444), (-0.34413803, -2.62e-8, 0.2380493), (-0.34327745, 0.06493951, 0.2339282), (-0.34082654, 0.06493951, 0.2304346), (-0.34327745, 0.05838577, 0.2339258), (-0.34327745, -2.62e-8, 0.2339282), (-0.34082654, 0.05838577, 0.2304321), (-0.34082654, -2.62e-8, 0.230437), (-0.3285053, -2.62e-8, 0.2281006), (-0.33283183, -2.62e-8, 0.2272827), (-0.33715847, -2.62e-8, 0.2281006), (-0.32483736, -2.62e-8, 0.230437), (-0.34082654, -2.62e-8, 0.230437), (-0.32238644, -2.62e-8, 0.2339282), (-0.34327745, -2.62e-8, 0.2339282), (-0.32152584, -2.62e-8, 0.2380493), (-0.34413803, -2.62e-8, 0.2380493), (-0.32238644, -2.62e-8, 0.242168), (-0.34327745, -2.62e-8, 0.242168), (-0.32483736, -2.62e-8, 0.2456616), (-0.34082654, -2.62e-8, 0.2456616), (-0.3285053, -2.62e-8, 0.2479956), (-0.33715856, -2.62e-8, 0.2479956), (-0.33283195, -2.62e-8, 0.2488184), (-0.3408262, 0.9194869, -0.259541), (-0.33715826, 0.9363199, -0.261875), (-0.3408262, 0.9363199, -0.259541), (-0.33715826, 0.9194869, -0.2618726), (-0.3408262, 0.06493951, -0.259541), (-0.33283174, 0.9363199, -0.2626929), (-0.33715826, 0.06493951, -0.2618726), (-0.3408262, 0.05838577, -0.259541), (-0.33715826, 0.05838577, -0.261875), (-0.33283174, 0.9194869, -0.2626929), (-0.3285051, 0.93631977, -0.261875), (-0.33283174, 0.064939514, -0.2626929), (-0.33283174, 0.05838577, -0.2626929), (-0.3285051, 0.91948676, -0.2618726), (-0.32483703, 0.9363199, -0.259541), (-0.32483703, 0.9194869, -0.259541), (-0.3285051, 0.06493951, -0.2618726), (-0.3285051, 0.05838577, -0.261875), (-0.32483703, 0.06493951, -0.259541), (-0.32483703, 0.05838577, -0.259541), (-0.32483703, 0.9194869, -0.259541), (-0.32238623, 0.9363199, -0.2560474), (-0.32483703, 0.9363199, -0.259541), (-0.32238623, 0.9194869, -0.2560449), (-0.32483703, 0.06493951, -0.259541), (-0.32152563, 0.93631977, -0.2519263), (-0.32238623, 0.06493951, -0.2560449), (-0.32483703, 0.05838577, -0.259541), (-0.32238623, 0.05838577, -0.2560474), (-0.32152563, 0.91948676, -0.2519263), (-0.32238623, 0.9363199, -0.2478076), (-0.32152563, 0.06493951, -0.2519263), (-0.32152563, 0.05838577, -0.2519263), (-0.32238623, 0.9194869, -0.2478052), (-0.32483715, 0.9363199, -0.244314), (-0.32483715, 0.9194869, -0.244314), (-0.32238623, 0.06493951, -0.2478052), (-0.32238623, 0.05838577, -0.2478052), (-0.32483715, 0.06493951, -0.244314), (-0.32483715, 0.05838577, -0.244314), (-0.32483715, 0.9194869, -0.244314), (-0.328505, 0.93631977, -0.24198), (-0.32483715, 0.9363199, -0.244314), (-0.328505, 0.91948676, -0.2419775), (-0.32483715, 0.06493951, -0.244314), (-0.33283174, 0.9363199, -0.2411597), (-0.328505, 0.06493951, -0.2419775), (-0.32483715, 0.05838577, -0.244314), (-0.328505, 0.05838577, -0.24198), (-0.33283174, 0.9194869, -0.2411597), (-0.33715826, 0.9363199, -0.24198), (-0.33283174, 0.064939514, -0.2411597), (-0.33283174, 0.05838577, -0.2411597), (-0.33715826, 0.9194869, -0.2419775), (-0.3408262, 0.9363199, -0.244314), (-0.3408262, 0.9194869, -0.244314), (-0.33715826, 0.06493951, -0.2419775), (-0.33715826, 0.05838577, -0.24198), (-0.3408262, 0.06493951, -0.244314), (-0.3408262, 0.05838577, -0.244314), (-0.33715826, 0.9363199, -0.261875), (-0.33283174, 0.9363199, -0.2626929), (-0.3285051, 0.93631977, -0.261875), (-0.3408262, 0.9363199, -0.259541), (-0.32483703, 0.9363199, -0.259541), (-0.34327713, 0.93631977, -0.2560474), (-0.32238623, 0.9363199, -0.2560474), (-0.3441377, 0.9363199, -0.2519263), (-0.32152563, 0.93631977, -0.2519263), (-0.34327713, 0.93631977, -0.2478076), (-0.32238623, 0.9363199, -0.2478076), (-0.3408262, 0.9363199, -0.244314), (-0.32483715, 0.9363199, -0.244314), (-0.33715826, 0.9363199, -0.24198), (-0.328505, 0.93631977, -0.24198), (-0.33283174, 0.9363199, -0.2411597), (-0.3408262, 0.9194869, -0.244314), (-0.34327713, 0.93631977, -0.2478076), (-0.3408262, 0.9363199, -0.244314), (-0.34327713, 0.91948676, -0.2478052), (-0.3408262, 0.06493951, -0.244314), (-0.3441377, 0.9363199, -0.2519263), (-0.34327713, 0.06493951, -0.2478052), (-0.3408262, 0.05838577, -0.244314), (-0.34327713, 0.05838577, -0.2478052), (-0.3441377, 0.91948676, -0.2519263), (-0.34327713, 0.93631977, -0.2560474), (-0.3441377, 0.06493951, -0.2519263), (-0.3441377, 0.05838577, -0.2519263), (-0.34327713, 0.91948676, -0.2560449), (-0.3408262, 0.9363199, -0.259541), (-0.3408262, 0.9194869, -0.259541), (-0.34327713, 0.06493951, -0.2560449), (-0.34327713, 0.05838577, -0.2560474), (-0.3408262, 0.06493951, -0.259541), (-0.3408262, 0.05838577, -0.259541), (0.30895317, 0.91948676, 0.2304346), (0.31262112, 0.93631977, 0.2280981), (0.30895317, 0.93631977, 0.2304321), (0.31262112, 0.91948676, 0.2280981), (0.30895317, 0.06493951, 0.2304346), (0.31694776, 0.93631977, 0.2272778), (0.31262112, 0.06493951, 0.2280981), (0.30895317, 0.058385756, 0.2304321), (0.31262112, 0.058385756, 0.2280981), (0.31694776, 0.91948676, 0.2272803), (0.32127437, 0.93631977, 0.2280981), (0.31694776, 0.06493951, 0.2272803), (0.31694776, 0.05838577, 0.2272778), (0.32127437, 0.91948676, 0.2280981), (0.32494235, 0.93631977, 0.2304321), (0.32494235, 0.91948676, 0.2304346), (0.32127437, 0.06493951, 0.2280981), (0.32127437, 0.058385756, 0.2280981), (0.32494235, 0.06493951, 0.2304346), (0.32494235, 0.058385756, 0.2304321), (0.32494235, 0.91948676, 0.2304346), (0.32739314, 0.93631977, 0.2339258), (0.32494235, 0.93631977, 0.2304321), (0.32739314, 0.91948676, 0.2339282), (0.32494235, 0.06493951, 0.2304346), (0.32825384, 0.9363199, 0.2380469), (0.32739314, 0.06493951, 0.2339282), (0.32494235, 0.058385756, 0.2304321), (0.32739314, 0.058385756, 0.2339258), (0.32825384, 0.91948676, 0.2380493), (0.32739314, 0.93631977, 0.242168), (0.32825384, 0.06493951, 0.2380493), (0.32825384, 0.058385756, 0.2380469), (0.32739314, 0.91948676, 0.242168), (0.32494235, 0.93631977, 0.2456616), (0.32494235, 0.91948676, 0.2456641), (0.32739314, 0.06493951, 0.242168), (0.32739314, 0.058385756, 0.242168), (0.32494235, 0.06493951, 0.2456641), (0.32494235, 0.058385756, 0.2456616), (0.32494235, 0.91948676, 0.2456641), (0.32127437, 0.93631977, 0.2479932), (0.32494235, 0.93631977, 0.2456616), (0.32127437, 0.91948676, 0.2479956), (0.32494235, 0.06493951, 0.2456641), (0.31694764, 0.93631977, 0.2488159), (0.32127437, 0.06493951, 0.2479956), (0.32494235, 0.058385756, 0.2456616), (0.32127437, 0.058385756, 0.2479956), (0.31694764, 0.91948676, 0.2488184), (0.31262112, 0.93631977, 0.2479932), (0.31694764, 0.06493951, 0.2488184), (0.31694764, 0.05838577, 0.2488135), (0.31262112, 0.91948676, 0.2479956), (0.30895317, 0.93631977, 0.2456616), (0.30895317, 0.91948676, 0.2456641), (0.31262112, 0.06493951, 0.2479956), (0.31262112, 0.058385756, 0.2479956), (0.30895317, 0.06493951, 0.2456641), (0.30895317, 0.058385756, 0.2456616), (0.31262112, 0.93631977, 0.2280981), (0.31694776, 0.93631977, 0.2272778), (0.32127437, 0.93631977, 0.2280981), (0.30895317, 0.93631977, 0.2304321), (0.32494235, 0.93631977, 0.2304321), (0.30650225, 0.93631977, 0.2339258), (0.32739314, 0.93631977, 0.2339258), (0.30564165, 0.9363199, 0.2380469), (0.32825384, 0.9363199, 0.2380469), (0.30650225, 0.93631977, 0.242168), (0.32739314, 0.93631977, 0.242168), (0.30895317, 0.93631977, 0.2456616), (0.32494235, 0.93631977, 0.2456616), (0.31262112, 0.93631977, 0.2479932), (0.32127437, 0.93631977, 0.2479932), (0.31694764, 0.93631977, 0.2488159), (0.30895317, 0.91948676, 0.2456641), (0.30650225, 0.93631977, 0.242168), (0.30895317, 0.93631977, 0.2456616), (0.30650225, 0.91948676, 0.242168), (0.30895317, 0.06493951, 0.2456641), (0.30564165, 0.9363199, 0.2380469), (0.30650225, 0.064939514, 0.242168), (0.30895317, 0.058385756, 0.2456616), (0.30650225, 0.05838577, 0.242168), (0.30564165, 0.91948676, 0.2380493), (0.30650225, 0.93631977, 0.2339258), (0.30564165, 0.06493951, 0.2380493), (0.30564165, 0.058385756, 0.2380469), (0.30650225, 0.91948676, 0.2339282), (0.30895317, 0.93631977, 0.2304321), (0.30895317, 0.91948676, 0.2304346), (0.30650225, 0.064939514, 0.2339282), (0.30650225, 0.05838577, 0.2339258), (0.30895317, 0.06493951, 0.2304346), (0.30895317, 0.058385756, 0.2304321), (0.30895337, 0.91948676, -0.259541), (0.31262133, 0.93631977, -0.261875), (0.30895337, 0.93631977, -0.259541), (0.31262133, 0.91948676, -0.2618726), (0.30895337, 0.06493951, -0.259541), (0.31694797, 0.93631977, -0.2626929), (0.31262133, 0.06493951, -0.2618726), (0.30895337, 0.058385756, -0.259541), (0.31262133, 0.058385756, -0.261875), (0.31694797, 0.91948676, -0.2626929), (0.32127458, 0.93631977, -0.261875), (0.31694797, 0.06493951, -0.2626929), (0.31694797, 0.05838577, -0.2626929), (0.32127458, 0.91948676, -0.2618726), (0.32494256, 0.93631977, -0.259541), (0.32494256, 0.91948676, -0.259541), (0.32127458, 0.06493951, -0.2618726), (0.32127458, 0.058385756, -0.261875), (0.32494256, 0.06493951, -0.259541), (0.32494256, 0.058385756, -0.259541), (0.32494256, 0.91948676, -0.259541), (0.32739347, 0.93631977, -0.2560474), (0.32494256, 0.93631977, -0.259541), (0.32739347, 0.91948676, -0.2560449), (0.32494256, 0.06493951, -0.259541), (0.32825404, 0.9363199, -0.2519263), (0.32739347, 0.06493951, -0.2560449), (0.32494256, 0.058385756, -0.259541), (0.32739347, 0.05838577, -0.2560474), (0.32825404, 0.91948676, -0.2519263), (0.32739347, 0.93631977, -0.2478076), (0.32825404, 0.06493951, -0.2519263), (0.32825404, 0.058385756, -0.2519263), (0.32739347, 0.91948676, -0.2478052), (0.32494256, 0.93631977, -0.244314), (0.32494256, 0.91948676, -0.2443115), (0.32739347, 0.06493951, -0.2478052), (0.32739347, 0.05838577, -0.2478052), (0.32494256, 0.06493951, -0.244314), (0.32494256, 0.058385756, -0.244314), (0.32494256, 0.91948676, -0.2443115), (0.32127458, 0.93631977, -0.24198), (0.32494256, 0.93631977, -0.244314), (0.32127458, 0.91948676, -0.2419775), (0.32494256, 0.06493951, -0.244314), (0.31694797, 0.93631977, -0.2411597), (0.32127458, 0.06493951, -0.2419775), (0.32494256, 0.058385756, -0.244314), (0.32127458, 0.058385756, -0.24198), (0.31694797, 0.91948676, -0.2411597), (0.31262133, 0.93631977, -0.24198), (0.31694797, 0.06493951, -0.2411597), (0.31694797, 0.05838577, -0.2411597), (0.31262133, 0.91948676, -0.2419775), (0.30895337, 0.93631977, -0.244314), (0.30895337, 0.91948676, -0.2443115), (0.31262133, 0.06493951, -0.2419775), (0.31262133, 0.058385756, -0.24198), (0.30895337, 0.06493951, -0.244314), (0.30895337, 0.058385756, -0.244314), (0.31262133, 0.93631977, -0.261875), (0.31694797, 0.93631977, -0.2626929), (0.32127458, 0.93631977, -0.261875), (0.30895337, 0.93631977, -0.259541), (0.32494256, 0.93631977, -0.259541), (0.30650255, 0.93631977, -0.2560474), (0.32739347, 0.93631977, -0.2560474), (0.3056419, 0.9363199, -0.2519263), (0.32825404, 0.9363199, -0.2519263), (0.30650255, 0.93631977, -0.2478076), (0.32739347, 0.93631977, -0.2478076), (0.30895337, 0.93631977, -0.244314), (0.32494256, 0.93631977, -0.244314), (0.31262133, 0.93631977, -0.24198), (0.32127458, 0.93631977, -0.24198), (0.31694797, 0.93631977, -0.2411597), (0.30895337, 0.91948676, -0.2443115), (0.30650255, 0.93631977, -0.2478076), (0.30895337, 0.93631977, -0.244314), (0.30650255, 0.91948676, -0.2478052), (0.30895337, 0.06493951, -0.244314), (0.3056419, 0.9363199, -0.2519263), (0.30650255, 0.06493951, -0.2478052), (0.30895337, 0.058385756, -0.244314), (0.30650255, 0.058385756, -0.2478052), (0.3056419, 0.91948676, -0.2519263), (0.30650255, 0.93631977, -0.2560474), (0.3056419, 0.06493951, -0.2519263), (0.3056419, 0.058385756, -0.2519263), (0.30650255, 0.91948676, -0.2560449), (0.30895337, 0.93631977, -0.259541), (0.30895337, 0.91948676, -0.259541), (0.30650255, 0.06493951, -0.2560449), (0.30650255, 0.058385756, -0.2560474), (0.30895337, 0.06493951, -0.259541), (0.30895337, 0.058385756, -0.259541)]
                normal3f[] primvars:normals = [(-0.2021084, 0.9582667, -0.2021811), (-0.1093536, 0.9582666, -0.2641342), (-0.7071043, 0, -0.7071092), (-0.3826846, 0, -0.923879), (-0.7071048, 0, -0.7071087), (-0.00015072, 0.9582664, -0.2858765), (-0.382685, 0, -0.9238788), (-0.7068126, 0.02892275, -0.7068093), (4e-7, 0, -1), (0.1094469, 0.9582666, -0.2640956), (-0.3825272, 0.02892274, -0.9234914), (-0.4996561, -0.7075017, -0.4997851), (-0.2704799, -0.7075015, -0.6529028), (0.3826854, 0, -0.9238787), (0.2021797, 0.9582667, -0.2021097), (0.707105, 0, -0.7071086), (3.9e-7, 0, -1), (-9.9e-7, 0.02892282, -0.9995816), (0.00003422, -0.707503, -0.7067103), (0.3826859, 0, -0.9238785), (0.7071054, 0, -0.7071081), (0.3825279, 0.02892274, -0.9234911), (0.2704805, -0.7075016, -0.6529026), (0.7068061, 0.02892276, -0.7068158), (0.4998293, -0.7075017, -0.4996118), (0.2641351, 0.9582663, -0.1093536), (0.9238797, 0, -0.382683), (0.2858755, 0.9582668, 0.00005034), (0.9238798, 0, -0.3826828), (1, 0, 1.9e-7), (0.2640963, 0.9582663, 0.109447), (0.9234923, 0.02892282, -0.3825252), (0.6529279, -0.7075031, -0.2704154), (0.9238793, 0, 0.3826841), (0.2021087, 0.9582666, 0.2021812), (0.7071038, 0, 0.7071097), (1, 0, 1.3e-7), (0.9995816, 0.02892273, 2.7e-7), (0.7067121, -0.7075012, 0.00000343), (0.9238796, 0, 0.3826832), (0.707104, 0, 0.7071095), (0.9234925, 0.02892282, 0.3825246), (0.6529021, -0.7075031, 0.2704777), (0.706815, 0.02892275, 0.7068068), (0.4996211, -0.7075017, 0.4998201), (0.1093541, 0.9582667, 0.2641338), (0.3826844, 0, 0.9238791), (-0.00005045, 0.9582664, 0.2858765), (0.3826841, 0, 0.9238793), (-4e-7, 0, 1), (-0.1094473, 0.9582667, 0.2640952), (0.3825249, 0.02892274, 0.9234923), (0.2704784, -0.7075014, 0.6529036), (-0.3826852, 0, 0.9238788), (-0.20218, 0.9582666, 0.2021098), (-0.7071043, 0, 0.7071092), (-3.9e-7, 0, 1), (9.9e-7, 0.02892282, 0.9995816), (-0.00003422, -0.707503, 0.7067103), (-0.3826849, 0, 0.9238789), (-0.7071046, 0, 0.707109), (-0.3825257, 0.02892275, 0.9234921), (-0.270479, -0.7075014, 0.6529034), (-0.7068057, 0.02892275, 0.7068161), (-0.4998657, -0.7075017, 0.4995754), (-0.2640965, 0.9582663, -0.1094468), (-0.2858756, 0.9582668, -0.0000191), (-0.2641095, 0.9582664, 0.1094149), (-0.9238795, 0, 0.3826833), (-0.9238799, 0, 0.3826825), (-1, 0, -6e-7), (-0.9234928, 0.02892283, 0.3825239), (-0.6529283, -0.7075031, 0.2704145), (-0.9238794, 0, -0.3826837), (-1, 0, -6.7e-7), (-0.9995816, 0.02892273, -2.7e-7), (-0.7067121, -0.7075012, -0.00000343), (-0.9238795, 0, -0.3826835), (-0.923492, 0.02892283, -0.3825259), (-0.6529017, -0.7075031, -0.2704785), (-0.2704717, -0.7075289, -0.6528766), (0.00003835, -0.7075288, -0.7066845), (0.2704723, -0.7075289, -0.6528765), (0.4996722, -0.7075294, -0.4997299), (-0.4997495, -0.7074955, -0.4997005), (0.6528755, -0.7075298, -0.2704723), (-0.6528753, -0.7075298, -0.2704728), (0.706683, -0.7075303, -0.00003927), (-0.706683, -0.7075303, 0.0000365), (0.6528751, -0.707531, 0.2704699), (-0.6528754, -0.707531, 0.2704695), (0.4997255, -0.7075315, 0.4996737), (-0.4996721, -0.7075315, 0.499727), (0.2704716, -0.7075317, 0.6528736), (-0.2704722, -0.7075318, 0.6528734), (-0.00003837, -0.7075319, 0.7066815), (-0.2021087, 0.9582664, -0.2021818), (-0.1095396, 0.958267, -0.2640558), (-0.7071024, 0, -0.7071111), (-0.3826848, 0, -0.9238789), (-0.7071024, 0, -0.7071112), (-0.00015072, 0.958266, -0.2858777), (-0.3826857, 0, -0.9238786), (-0.7068107, 0.02892279, -0.7068112), (-0.3825257, 0.02892268, -0.9234921), (0.1095399, 0.958267, -0.2640556), (-9.9e-7, 0.0289229, -0.9995816), (0.3826855, 0, -0.9238787), (0.20218, 0.9582664, -0.2021105), (0.707103, 0, -0.7071105), (0.3826865, 0, -0.9238783), (0.3825263, 0.02892267, -0.9234918), (0.7071028, 0, -0.7071106), (0.7068042, 0.02892279, -0.7068177), (0.2641349, 0.9582663, -0.1093537), (0.9238797, 0, -0.3826829), (0.2858755, 0.9582668, 0.00005081), (0.92388, 0, -0.3826823), (0.9234905, 0.02892283, -0.3825296), (1, 0, 0.00000156), (0.2640964, 0.9582663, 0.1094469), (1, 0, 0.00000147), (0.9995816, 0.02892272, 0.00000427), (0.2021089, 0.9582668, 0.2021801), (0.7071065, 0, 0.707107), (0.9238796, 0, 0.3826833), (0.9234921, 0.02892282, 0.3825256), (0.7071069, 0, 0.7071066), (0.7068115, 0.02892272, 0.7068104), (0.1093538, 0.9582663, 0.2641349), (0.3826841, 0, 0.9238792), (-0.00005045, 0.9582667, 0.2858758), (0.3826848, 0, 0.9238789), (0.3825241, 0.02892282, 0.9234927), (-0.109447, 0.9582663, 0.2640963), (9.9e-7, 0.02892274, 0.9995816), (-0.2021802, 0.9582668, 0.2021088), (-0.7071071, 0, 0.7071065), (-0.3826855, 0, 0.9238787), (-0.3825258, 0.02892281, 0.923492), (-0.7071075, 0, 0.7071061), (-0.7068121, 0.02892272, 0.7068099), (-0.2640963, 0.9582663, -0.1094469), (-0.2858755, 0.9582668, -0.00001852), (-0.2641097, 0.9582663, 0.1094147), (-0.9238795, 0, 0.3826834), (-0.9238799, 0, 0.3826826), (-0.9234924, 0.02892282, 0.3825248), (-1, 0, 7.6e-7), (-1, 0, 6.8e-7), (-0.9995816, 0.02892273, -4e-7), (-0.9238797, 0, -0.382683), (-0.9234956, 0.02892283, -0.3825172), (-0.2021086, 0.9582666, -0.2021811), (-0.1093541, 0.9582667, -0.2641338), (-0.3826844, 0, -0.9238791), (-0.707105, 0, -0.7071084), (0.00005045, 0.9582664, -0.2858764), (-0.3826841, 0, -0.9238793), (-0.7068085, 0.02892275, -0.7068134), (-0.3825253, 0.02892274, -0.9234922), (0.1094473, 0.9582667, -0.2640952), (0.3826852, 0, -0.9238788), (0.20218, 0.9582666, -0.2021098), (0.3826849, 0, -0.9238789), (0.382526, 0.02892274, -0.9234919), (0.7071056, 0, -0.7071078), (0.7068092, 0.02892275, -0.7068127), (0.2641734, 0.9582664, -0.1092608), (0.9238798, 0, -0.3826829), (0.2858755, 0.9582668, 0.00005057), (0.9238803, 0, -0.3826815), (0.9234928, 0.02892283, -0.3825239), (1, 0, 3.3e-7), (0.2640964, 0.9582663, 0.1094468), (0.9238794, 0, 0.3826837), (0.2021083, 0.9582667, 0.2021811), (0.7071043, 0, 0.7071092), (0.9238795, 0, 0.3826835), (0.7071056, 0, 0.707108), (0.7068085, 0.02892275, 0.7068134), (0.1096326, 0.9582666, 0.2640187), (0.3826846, 0, 0.923879), (-0.00005045, 0.9582664, 0.2858764), (0.3826849, 0, 0.9238789), (0.3825253, 0.02892274, 0.9234922), (-0.1096329, 0.9582666, 0.2640186), (-0.3826854, 0, 0.9238787), (-0.2021797, 0.9582667, 0.2021097), (-0.707105, 0, 0.7071086), (-0.3826857, 0, 0.9238786), (-0.382526, 0.02892274, 0.9234919), (-0.7071061, 0, 0.7071074), (-0.7068092, 0.02892275, 0.7068127), (-0.2641732, 0.9582663, -0.1092611), (-0.2858755, 0.9582668, -0.00001856), (-0.2641098, 0.9582663, 0.1094145), (-0.9238797, 0, 0.382683), (-0.9238798, 0, 0.3826828), (-1, 0, -4.5e-7), (-1, 0, -6.6e-7), (-0.9238794, 0, -0.3826835), (-0.92388, 0, -0.3826824), (-0.9234925, 0.02892282, -0.3825246), (-0.2023224, 0.9582668, -0.2019667), (-0.1093538, 0.9582664, -0.2641348), (-0.7071065, 0, -0.707107), (-0.382683, 0, -0.9238797), (-0.7071069, 0, -0.7071066), (0.00005045, 0.9582667, -0.2858757), (-0.3826835, 0, -0.9238795), (-0.7068105, 0.02892272, -0.7068114), (-0.3825292, 0.02892281, -0.9234906), (0.109447, 0.9582663, -0.2640963), (-9.9e-7, 0.02892274, -0.9995816), (0.3826837, 0, -0.9238794), (0.2023225, 0.9582668, -0.2019665), (0.7071071, 0, -0.7071065), (0.3826843, 0, -0.9238792), (0.3825207, 0.02892282, -0.9234942), (0.7071075, 0, -0.7071061), (0.7068111, 0.02892272, -0.7068108), (0.9238795, 0, -0.3826834), (0.2858756, 0.9582668, 0.00005045), (0.9238799, 0, -0.3826826), (0.9234902, 0.02892282, -0.3825303), (1, 0, 6.6e-7), (0.2640961, 0.9582664, 0.1094472), (0.9995816, 0.02892274, 0.00000733), (0.9238788, 0, 0.382685), (0.2019663, 0.9582667, 0.2023227), (0.7071061, 0, 0.7071075), (0.9238792, 0, 0.3826843), (0.9234936, 0.02892281, 0.3825217), (0.7071064, 0, 0.7071071), (0.7068105, 0.02892272, 0.7068114), (0.1093538, 0.9582664, 0.2641348), (0.00015072, 0.9582667, 0.2858757), (-0.2019666, 0.9582667, 0.2023225), (-0.7071066, 0, 0.7071068), (-0.7071069, 0, 0.7071066), (-0.7068111, 0.02892272, 0.7068108), (-0.2858756, 0.9582668, -0.00001837), (-0.2641093, 0.9582664, 0.1094154), (-0.9238792, 0, 0.3826842), (-0.9238794, 0, 0.3826835), (-0.9234902, 0.02892282, 0.3825303), (-1, 0, -1.3e-7), (-0.9995816, 0.02892274, -0.00000733), (-0.9238793, 0, -0.3826841), (-0.9238796, 0, -0.3826833), (-0.9234936, 0.02892281, -0.3825217)] (
                    interpolation = "faceVarying"
                )
                int[] primvars:normals:indices = [0, 1, 2, 1, 3, 2, 2, 3, 4, 1, 5, 3, 3, 6, 4, 4, 6, 7, 5, 8, 3, 3, 8, 6, 5, 9, 8, 6, 10, 7, 7, 10, 11, 10, 12, 11, 9, 13, 8, 9, 14, 13, 14, 15, 13, 8, 16, 6, 6, 16, 10, 8, 13, 16, 10, 17, 12, 16, 17, 10, 17, 18, 12, 13, 15, 19, 13, 19, 16, 16, 19, 17, 15, 20, 19, 17, 21, 18, 19, 21, 17, 19, 20, 21, 21, 22, 18, 20, 23, 21, 21, 23, 22, 23, 24, 22, 14, 25, 15, 25, 26, 15, 15, 26, 20, 25, 27, 26, 26, 28, 20, 20, 28, 23, 27, 29, 26, 26, 29, 28, 27, 30, 29, 28, 31, 23, 23, 31, 24, 31, 32, 24, 30, 33, 29, 30, 34, 33, 34, 35, 33, 29, 36, 28, 28, 36, 31, 29, 33, 36, 31, 37, 32, 36, 37, 31, 37, 38, 32, 33, 35, 39, 33, 39, 36, 36, 39, 37, 35, 40, 39, 37, 41, 38, 39, 41, 37, 39, 40, 41, 41, 42, 38, 40, 43, 41, 41, 43, 42, 43, 44, 42, 34, 45, 35, 45, 46, 35, 35, 46, 40, 45, 47, 46, 46, 48, 40, 40, 48, 43, 47, 49, 46, 46, 49, 48, 47, 50, 49, 48, 51, 43, 43, 51, 44, 51, 52, 44, 50, 53, 49, 50, 54, 53, 54, 55, 53, 49, 56, 48, 48, 56, 51, 49, 53, 56, 51, 57, 52, 56, 57, 51, 57, 58, 52, 53, 55, 59, 53, 59, 56, 56, 59, 57, 55, 60, 59, 57, 61, 58, 59, 61, 57, 59, 60, 61, 61, 62, 58, 60, 63, 61, 61, 63, 62, 63, 64, 62, 9, 5, 1, 1, 0, 9, 0, 14, 9, 0, 65, 14, 65, 25, 14, 65, 66, 25, 66, 27, 25, 66, 67, 27, 67, 30, 27, 67, 54, 30, 54, 34, 30, 54, 50, 34, 50, 45, 34, 50, 47, 45, 54, 67, 55, 67, 68, 55, 55, 68, 60, 67, 66, 68, 68, 69, 60, 60, 69, 63, 66, 70, 68, 68, 70, 69, 66, 65, 70, 69, 71, 63, 63, 71, 64, 71, 72, 64, 65, 73, 70, 65, 0, 73, 0, 2, 73, 70, 74, 69, 69, 74, 71, 70, 73, 74, 71, 75, 72, 74, 75, 71, 75, 76, 72, 73, 2, 77, 73, 77, 74, 74, 77, 75, 2, 4, 77, 75, 78, 76, 77, 78, 75, 77, 4, 78, 78, 79, 76, 4, 7, 78, 78, 7, 79, 7, 11, 79, 80, 81, 82, 82, 83, 80, 83, 84, 80, 83, 85, 84, 85, 86, 84, 85, 87, 86, 87, 88, 86, 87, 89, 88, 89, 90, 88, 89, 91, 90, 91, 92, 90, 91, 93, 92, 93, 94, 92, 93, 95, 94, 96, 97, 98, 97, 99, 98, 98, 99, 100, 97, 101, 99, 99, 102, 100, 100, 102, 103, 102, 104, 103, 101, 8, 99, 99, 8, 102, 101, 105, 8, 102, 8, 104, 8, 8, 102, 8, 106, 104, 105, 107, 8, 8, 107, 8, 105, 108, 107, 108, 109, 107, 8, 110, 106, 107, 110, 8, 107, 109, 110, 110, 111, 106, 109, 112, 110, 110, 112, 111, 112, 113, 111, 108, 114, 109, 114, 115, 109, 109, 115, 112, 114, 116, 115, 115, 117, 112, 112, 117, 113, 117, 118, 113, 116, 119, 115, 115, 119, 117, 116, 120, 119, 117, 121, 118, 119, 121, 117, 121, 122, 118, 120, 33, 119, 119, 33, 121, 120, 123, 33, 123, 124, 33, 121, 125, 122, 33, 125, 121, 33, 124, 125, 125, 126, 122, 124, 127, 125, 125, 127, 126, 127, 128, 126, 123, 129, 124, 129, 130, 124, 124, 130, 127, 129, 131, 130, 130, 132, 127, 127, 132, 128, 132, 133, 128, 131, 49, 130, 130, 49, 132, 131, 134, 49, 132, 49, 133, 49, 49, 132, 49, 135, 133, 134, 59, 49, 49, 59, 49, 134, 136, 59, 136, 137, 59, 49, 138, 135, 59, 138, 49, 59, 137, 138, 138, 139, 135, 137, 140, 138, 138, 140, 139, 140, 141, 139, 105, 101, 97, 97, 96, 105, 96, 108, 105, 96, 142, 108, 142, 114, 108, 142, 143, 114, 143, 116, 114, 143, 144, 116, 144, 120, 116, 144, 136, 120, 136, 123, 120, 136, 134, 123, 134, 129, 123, 134, 131, 129, 136, 144, 137, 144, 145, 137, 137, 145, 140, 144, 143, 145, 145, 146, 140, 140, 146, 141, 146, 147, 141, 143, 148, 145, 145, 148, 146, 143, 142, 148, 146, 149, 147, 148, 149, 146, 149, 150, 147, 142, 73, 148, 148, 73, 149, 142, 96, 73, 96, 98, 73, 149, 151, 150, 73, 151, 149, 73, 98, 151, 151, 152, 150, 98, 100, 151, 151, 100, 152, 100, 103, 152, 153, 154, 2, 154, 155, 2, 2, 155, 156, 154, 157, 155, 155, 158, 156, 156, 158, 159, 158, 160, 159, 157, 8, 155, 155, 8, 158, 157, 161, 8, 158, 16, 160, 8, 16, 158, 16, 17, 160, 161, 162, 8, 8, 162, 16, 161, 163, 162, 163, 15, 162, 16, 164, 17, 162, 164, 16, 162, 15, 164, 164, 165, 17, 15, 166, 164, 164, 166, 165, 166, 167, 165, 163, 168, 15, 168, 169, 15, 15, 169, 166, 168, 170, 169, 169, 171, 166, 166, 171, 167, 171, 172, 167, 170, 173, 169, 169, 173, 171, 170, 174, 173, 171, 36, 172, 173, 36, 171, 36, 37, 172, 174, 175, 173, 173, 175, 36, 174, 176, 175, 176, 177, 175, 36, 178, 37, 175, 178, 36, 175, 177, 178, 178, 41, 37, 177, 179, 178, 178, 179, 41, 179, 180, 41, 176, 181, 177, 181, 182, 177, 177, 182, 179, 181, 183, 182, 182, 184, 179, 179, 184, 180, 184, 185, 180, 183, 49, 182, 182, 49, 184, 183, 186, 49, 184, 49, 185, 49, 49, 184, 49, 57, 185, 186, 187, 49, 49, 187, 49, 186, 188, 187, 188, 189, 187, 49, 190, 57, 187, 190, 49, 187, 189, 190, 190, 191, 57, 189, 192, 190, 190, 192, 191, 192, 193, 191, 161, 157, 154, 154, 153, 161, 153, 163, 161, 153, 194, 163, 194, 168, 163, 194, 195, 168, 195, 170, 168, 195, 196, 170, 196, 174, 170, 196, 188, 174, 188, 176, 174, 188, 186, 176, 186, 181, 176, 186, 183, 181, 188, 196, 189, 196, 197, 189, 189, 197, 192, 196, 195, 197, 197, 198, 192, 192, 198, 193, 198, 71, 193, 195, 199, 197, 197, 199, 198, 195, 194, 199, 198, 200, 71, 199, 200, 198, 200, 75, 71, 194, 201, 199, 199, 201, 200, 194, 153, 201, 153, 2, 201, 200, 202, 75, 201, 202, 200, 201, 2, 202, 202, 203, 75, 2, 156, 202, 202, 156, 203, 156, 159, 203, 204, 205, 206, 205, 207, 206, 206, 207, 208, 205, 209, 207, 207, 210, 208, 208, 210, 211, 210, 212, 211, 209, 8, 207, 207, 8, 210, 209, 213, 8, 210, 8, 212, 8, 8, 210, 8, 214, 212, 213, 215, 8, 8, 215, 8, 213, 216, 215, 216, 217, 215, 8, 218, 214, 215, 218, 8, 215, 217, 218, 218, 219, 214, 217, 220, 218, 218, 220, 219, 220, 221, 219, 216, 114, 217, 114, 222, 217, 217, 222, 220, 114, 223, 222, 222, 224, 220, 220, 224, 221, 224, 225, 221, 223, 226, 222, 222, 226, 224, 223, 227, 226, 224, 226, 225, 226, 226, 224, 226, 228, 225, 227, 229, 226, 226, 229, 226, 227, 230, 229, 230, 231, 229, 226, 232, 228, 229, 232, 226, 229, 231, 232, 232, 233, 228, 231, 234, 232, 232, 234, 233, 234, 235, 233, 230, 236, 231, 236, 130, 231, 231, 130, 234, 236, 237, 130, 130, 132, 234, 234, 132, 235, 132, 133, 235, 237, 49, 130, 130, 49, 132, 237, 134, 49, 132, 49, 133, 49, 49, 132, 49, 135, 133, 134, 59, 49, 49, 59, 49, 134, 238, 59, 238, 239, 59, 49, 138, 135, 59, 138, 49, 59, 239, 138, 138, 139, 135, 239, 240, 138, 138, 240, 139, 240, 241, 139, 213, 209, 205, 205, 204, 213, 204, 216, 213, 204, 142, 216, 142, 114, 216, 142, 242, 114, 242, 223, 114, 242, 243, 223, 243, 227, 223, 243, 238, 227, 238, 230, 227, 238, 134, 230, 134, 236, 230, 134, 237, 236, 238, 243, 239, 243, 244, 239, 239, 244, 240, 243, 242, 244, 244, 245, 240, 240, 245, 241, 245, 246, 241, 242, 247, 244, 244, 247, 245, 242, 142, 247, 245, 247, 246, 247, 247, 245, 247, 248, 246, 142, 249, 247, 247, 249, 247, 142, 204, 249, 204, 206, 249, 247, 250, 248, 249, 250, 247, 249, 206, 250, 250, 251, 248, 206, 208, 250, 250, 208, 251, 208, 211, 251]
                texCoord2f[] primvars:st = [(0.8052617, 0.8760404), (0.8035151, 0.8760404), (0.8052617, 0.8696156), (0.8035151, 0.8696156), (0.8052617, 0.525279), (0.8014548, 0.8760404), (0.8035151, 0.525279), (0.8052617, 0.5227776), (0.8014548, 0.8696156), (0.7993945, 0.8760404), (0.8035151, 0.5227776), (0.8052617, 0.500493), (0.8035151, 0.500493), (0.7993945, 0.8696156), (0.7976478, 0.8760404), (0.7976478, 0.8696156), (0.8014548, 0.525279), (0.8014548, 0.5227776), (0.8014548, 0.500493), (0.7993945, 0.525279), (0.7976478, 0.525279), (0.7993945, 0.5227776), (0.7993945, 0.500493), (0.7976478, 0.5227776), (0.7976478, 0.500493), (0.4656807, 0.8760404), (0.4639341, 0.8760404), (0.4656807, 0.8696156), (0.4639341, 0.8696156), (0.4656807, 0.525279), (0.4618738, 0.8760404), (0.4639341, 0.525279), (0.4656807, 0.5227776), (0.4618738, 0.8696156), (0.4598135, 0.8760404), (0.4639341, 0.5227776), (0.4656807, 0.500493), (0.4639341, 0.500493), (0.4598135, 0.8696156), (0.4580668, 0.8760404), (0.4580668, 0.8696156), (0.4618738, 0.525279), (0.4618738, 0.5227776), (0.4618738, 0.500493), (0.4598135, 0.525279), (0.4580668, 0.525279), (0.4598135, 0.5227776), (0.4598135, 0.500493), (0.4580668, 0.5227776), (0.4580668, 0.500493), (0.4668478, 0.7993945), (0.4672576, 0.8014548), (0.4668478, 0.8035151), (0.4656807, 0.8052617), (0.4656807, 0.7976478), (0.4639341, 0.8064288), (0.4639341, 0.7964808), (0.4618738, 0.8068386), (0.4618738, 0.7960709), (0.4598135, 0.8064288), (0.4598135, 0.7964808), (0.4580668, 0.8052617), (0.4580668, 0.7976478), (0.4568998, 0.8035151), (0.4568998, 0.7993945), (0.4564899, 0.8014548), (0.7156807, 0.8760404), (0.7139341, 0.8760404), (0.7156807, 0.8696156), (0.7139341, 0.8696156), (0.7156807, 0.525279), (0.7118738, 0.8760404), (0.7139341, 0.525279), (0.7156807, 0.5227776), (0.7139341, 0.5227776), (0.7118738, 0.8696156), (0.7098135, 0.8760404), (0.7118738, 0.525279), (0.7118738, 0.5227776), (0.7098135, 0.8696156), (0.7080668, 0.8760404), (0.7080668, 0.8696156), (0.7098135, 0.525279), (0.7098135, 0.5227776), (0.7080668, 0.525279), (0.7080668, 0.5227776), (0.7168478, 0.7993945), (0.7172576, 0.8014548), (0.7168478, 0.8035151), (0.7156807, 0.8052617), (0.7156807, 0.7976478), (0.7139341, 0.8064288), (0.7139341, 0.7964808), (0.7118738, 0.8068386), (0.7118738, 0.7960709), (0.7098135, 0.8064288), (0.7098135, 0.7964808), (0.7080668, 0.8052617), (0.7080668, 0.7976478), (0.7068998, 0.8035151), (0.7068998, 0.7993945), (0.7064899, 0.8014548), (0.2552618, 0.8760404), (0.2535151, 0.8760404), (0.2552618, 0.8696156), (0.2535151, 0.8696156), (0.2552618, 0.525279), (0.2514548, 0.8760404), (0.2535151, 0.525279), (0.2552618, 0.5227776), (0.2535151, 0.5227776), (0.2514548, 0.8696156), (0.2493945, 0.8760404), (0.2514548, 0.525279), (0.2514548, 0.5227776), (0.2493945, 0.8696156), (0.2476479, 0.8760404), (0.2476479, 0.8696156), (0.2493945, 0.525279), (0.2493945, 0.5227776), (0.2476479, 0.525279), (0.2476479, 0.5227776), (0.4668478, 0.2493945), (0.4672576, 0.2514548), (0.4668478, 0.2535151), (0.4656807, 0.2552618), (0.4656807, 0.2476479), (0.4639341, 0.2564288), (0.4639341, 0.2464807), (0.4618738, 0.2568387), (0.4618738, 0.246071), (0.4598135, 0.2564288), (0.4598135, 0.2464807), (0.4580668, 0.2552618), (0.4580668, 0.2476479), (0.4568998, 0.2535151), (0.4568998, 0.2493945), (0.4564899, 0.2514548), (0.7168478, 0.2493945), (0.7172576, 0.2514548), (0.7168478, 0.2535151), (0.7156807, 0.2552618), (0.7156807, 0.2476479), (0.7139341, 0.2564288), (0.7139341, 0.2464807), (0.7118738, 0.2568387), (0.7118738, 0.246071), (0.7098135, 0.2564288), (0.7098135, 0.2464807), (0.7080668, 0.2552618), (0.7080668, 0.2476479), (0.7068998, 0.2535151), (0.7068998, 0.2493945), (0.7064899, 0.2514548)] (
                    interpolation = "faceVarying"
                )
                int[] primvars:st:indices = [0, 1, 2, 1, 3, 2, 2, 3, 4, 1, 5, 3, 3, 6, 4, 4, 6, 7, 5, 8, 3, 3, 8, 6, 5, 9, 8, 6, 10, 7, 7, 10, 11, 10, 12, 11, 9, 13, 8, 9, 14, 13, 14, 15, 13, 8, 16, 6, 6, 16, 10, 8, 13, 16, 10, 17, 12, 16, 17, 10, 17, 18, 12, 13, 15, 19, 13, 19, 16, 16, 19, 17, 15, 20, 19, 17, 21, 18, 19, 21, 17, 19, 20, 21, 21, 22, 18, 20, 23, 21, 21, 23, 22, 23, 24, 22, 25, 26, 27, 26, 28, 27, 27, 28, 29, 26, 30, 28, 28, 31, 29, 29, 31, 32, 30, 33, 28, 28, 33, 31, 30, 34, 33, 31, 35, 32, 32, 35, 36, 35, 37, 36, 34, 38, 33, 34, 39, 38, 39, 40, 38, 33, 41, 31, 31, 41, 35, 33, 38, 41, 35, 42, 37, 41, 42, 35, 42, 43, 37, 38, 40, 44, 38, 44, 41, 41, 44, 42, 40, 45, 44, 42, 46, 43, 44, 46, 42, 44, 45, 46, 46, 47, 43, 45, 48, 46, 46, 48, 47, 48, 49, 47, 14, 9, 15, 9, 13, 15, 15, 13, 20, 9, 5, 13, 13, 19, 20, 20, 19, 23, 5, 8, 13, 13, 8, 19, 5, 1, 8, 19, 21, 23, 23, 21, 24, 21, 22, 24, 1, 3, 8, 1, 0, 3, 0, 2, 3, 8, 16, 19, 19, 16, 21, 8, 3, 16, 21, 17, 22, 16, 17, 21, 17, 18, 22, 3, 2, 6, 3, 6, 16, 16, 6, 17, 2, 4, 6, 17, 10, 18, 6, 10, 17, 6, 4, 10, 10, 12, 18, 4, 7, 10, 10, 7, 12, 7, 11, 12, 50, 51, 52, 52, 53, 50, 53, 54, 50, 53, 55, 54, 55, 56, 54, 55, 57, 56, 57, 58, 56, 57, 59, 58, 59, 60, 58, 59, 61, 60, 61, 62, 60, 61, 63, 62, 63, 64, 62, 63, 65, 64, 39, 34, 40, 34, 38, 40, 40, 38, 45, 34, 30, 38, 38, 44, 45, 45, 44, 48, 30, 33, 38, 38, 33, 44, 30, 26, 33, 44, 46, 48, 48, 46, 49, 46, 47, 49, 26, 28, 33, 26, 25, 28, 25, 27, 28, 33, 41, 44, 44, 41, 46, 33, 28, 41, 46, 42, 47, 41, 42, 46, 42, 43, 47, 28, 27, 31, 28, 31, 41, 41, 31, 42, 27, 29, 31, 42, 35, 43, 31, 35, 42, 31, 29, 35, 35, 37, 43, 29, 32, 35, 35, 32, 37, 32, 36, 37, 52, 51, 50, 50, 54, 52, 54, 53, 52, 54, 56, 53, 56, 55, 53, 56, 58, 55, 58, 57, 55, 58, 60, 57, 60, 59, 57, 60, 62, 59, 62, 61, 59, 62, 64, 61, 64, 63, 61, 64, 65, 63, 0, 1, 2, 1, 3, 2, 2, 3, 4, 1, 5, 3, 3, 6, 4, 4, 6, 7, 6, 10, 7, 5, 8, 3, 3, 8, 6, 5, 9, 8, 6, 16, 10, 8, 16, 6, 16, 17, 10, 9, 13, 8, 8, 13, 16, 9, 14, 13, 14, 15, 13, 16, 19, 17, 13, 19, 16, 13, 15, 19, 19, 21, 17, 15, 20, 19, 19, 20, 21, 20, 23, 21, 66, 67, 68, 67, 69, 68, 68, 69, 70, 67, 71, 69, 69, 72, 70, 70, 72, 73, 72, 74, 73, 71, 75, 69, 69, 75, 72, 71, 76, 75, 72, 77, 74, 75, 77, 72, 77, 78, 74, 76, 79, 75, 75, 79, 77, 76, 80, 79, 80, 81, 79, 77, 82, 78, 79, 82, 77, 79, 81, 82, 82, 83, 78, 81, 84, 82, 82, 84, 83, 84, 85, 83, 14, 9, 15, 9, 13, 15, 15, 13, 20, 9, 5, 13, 13, 19, 20, 20, 19, 23, 19, 21, 23, 5, 8, 13, 13, 8, 19, 5, 1, 8, 19, 16, 21, 8, 16, 19, 16, 17, 21, 1, 3, 8, 8, 3, 16, 1, 0, 3, 0, 2, 3, 16, 6, 17, 3, 6, 16, 3, 2, 6, 6, 10, 17, 2, 4, 6, 6, 4, 10, 4, 7, 10, 86, 87, 88, 88, 89, 86, 89, 90, 86, 89, 91, 90, 91, 92, 90, 91, 93, 92, 93, 94, 92, 93, 95, 94, 95, 96, 94, 95, 97, 96, 97, 98, 96, 97, 99, 98, 99, 100, 98, 99, 101, 100, 80, 76, 81, 76, 79, 81, 81, 79, 84, 76, 71, 79, 79, 82, 84, 84, 82, 85, 82, 83, 85, 71, 75, 79, 79, 75, 82, 71, 67, 75, 82, 77, 83, 75, 77, 82, 77, 78, 83, 67, 69, 75, 75, 69, 77, 67, 66, 69, 66, 68, 69, 77, 72, 78, 69, 72, 77, 69, 68, 72, 72, 74, 78, 68, 70, 72, 72, 70, 74, 70, 73, 74, 102, 103, 104, 103, 105, 104, 104, 105, 106, 103, 107, 105, 105, 108, 106, 106, 108, 109, 108, 110, 109, 107, 111, 105, 105, 111, 108, 107, 112, 111, 108, 113, 110, 111, 113, 108, 113, 114, 110, 112, 115, 111, 111, 115, 113, 112, 116, 115, 116, 117, 115, 113, 118, 114, 115, 118, 113, 115, 117, 118, 118, 119, 114, 117, 120, 118, 118, 120, 119, 120, 121, 119, 25, 26, 27, 26, 28, 27, 27, 28, 29, 26, 30, 28, 28, 31, 29, 29, 31, 32, 31, 35, 32, 30, 33, 28, 28, 33, 31, 30, 34, 33, 31, 41, 35, 33, 41, 31, 41, 42, 35, 34, 38, 33, 33, 38, 41, 34, 39, 38, 39, 40, 38, 41, 44, 42, 38, 44, 41, 38, 40, 44, 44, 46, 42, 40, 45, 44, 44, 45, 46, 45, 48, 46, 116, 112, 117, 112, 115, 117, 117, 115, 120, 112, 107, 115, 115, 118, 120, 120, 118, 121, 118, 119, 121, 107, 111, 115, 115, 111, 118, 107, 103, 111, 118, 113, 119, 111, 113, 118, 113, 114, 119, 103, 105, 111, 111, 105, 113, 103, 102, 105, 102, 104, 105, 113, 108, 114, 105, 108, 113, 105, 104, 108, 108, 110, 114, 104, 106, 108, 108, 106, 110, 106, 109, 110, 122, 123, 124, 124, 125, 122, 125, 126, 122, 125, 127, 126, 127, 128, 126, 127, 129, 128, 129, 130, 128, 129, 131, 130, 131, 132, 130, 131, 133, 132, 133, 134, 132, 133, 135, 134, 135, 136, 134, 135, 137, 136, 39, 34, 40, 34, 38, 40, 40, 38, 45, 34, 30, 38, 38, 44, 45, 45, 44, 48, 44, 46, 48, 30, 33, 38, 38, 33, 44, 30, 26, 33, 44, 41, 46, 33, 41, 44, 41, 42, 46, 26, 28, 33, 33, 28, 41, 26, 25, 28, 25, 27, 28, 41, 31, 42, 28, 31, 41, 28, 27, 31, 31, 35, 42, 27, 29, 31, 31, 29, 35, 29, 32, 35, 102, 103, 104, 103, 105, 104, 104, 105, 106, 103, 107, 105, 105, 108, 106, 106, 108, 109, 108, 110, 109, 107, 111, 105, 105, 111, 108, 107, 112, 111, 108, 113, 110, 111, 113, 108, 113, 114, 110, 112, 115, 111, 111, 115, 113, 112, 116, 115, 116, 117, 115, 113, 118, 114, 115, 118, 113, 115, 117, 118, 118, 119, 114, 117, 120, 118, 118, 120, 119, 120, 121, 119, 66, 67, 68, 67, 69, 68, 68, 69, 70, 67, 71, 69, 69, 72, 70, 70, 72, 73, 72, 74, 73, 71, 75, 69, 69, 75, 72, 71, 76, 75, 72, 77, 74, 75, 77, 72, 77, 78, 74, 76, 79, 75, 75, 79, 77, 76, 80, 79, 80, 81, 79, 77, 82, 78, 79, 82, 77, 79, 81, 82, 82, 83, 78, 81, 84, 82, 82, 84, 83, 84, 85, 83, 116, 112, 117, 112, 115, 117, 117, 115, 120, 112, 107, 115, 115, 118, 120, 120, 118, 121, 118, 119, 121, 107, 111, 115, 115, 111, 118, 107, 103, 111, 118, 113, 119, 111, 113, 118, 113, 114, 119, 103, 105, 111, 111, 105, 113, 103, 102, 105, 102, 104, 105, 113, 108, 114, 105, 108, 113, 105, 104, 108, 108, 110, 114, 104, 106, 108, 108, 106, 110, 106, 109, 110, 138, 139, 140, 140, 141, 138, 141, 142, 138, 141, 143, 142, 143, 144, 142, 143, 145, 144, 145, 146, 144, 145, 147, 146, 147, 148, 146, 147, 149, 148, 149, 150, 148, 149, 151, 150, 151, 152, 150, 151, 153, 152, 80, 76, 81, 76, 79, 81, 81, 79, 84, 76, 71, 79, 79, 82, 84, 84, 82, 85, 82, 83, 85, 71, 75, 79, 79, 75, 82, 71, 67, 75, 82, 77, 83, 75, 77, 82, 77, 78, 83, 67, 69, 75, 75, 69, 77, 67, 66, 69, 66, 68, 69, 77, 72, 78, 69, 72, 77, 69, 68, 72, 72, 74, 78, 68, 70, 72, 72, 70, 74, 70, 73, 74]
                uniform token subdivisionScheme = "none"
                quatf xformOp:orient = (1, 0, 0, 0)
                float3 xformOp:scale = (1, 1, 1)
                double3 xformOp:translate = (-0.00034, -0.47542, 0.00079)
                uniform token[] xformOpOrder = ["xformOp:translate", "xformOp:orient", "xformOp:scale"]
            }

            def Mesh "Dining_Table_21_2_dining_table_021_2" (
                apiSchemas = ["MaterialBindingAPI"]
            )
            {
                float3[] extent = [(-0.46212652, 0.9062839, -0.3407397), (0.46462858, 0.9453847, 0.3429248)]
                int[] faceVertexCounts = [3, 3, 3, 3, 3, 3, 3, 3, 3, 3, 3, 3, 3, 3, 3, 3, 3, 3, 3, 3, 3, 3, 3, 3, 3, 3, 3, 3, 3, 3, 3, 3, 3, 3, 3, 3]
                int[] faceVertexIndices = [2, 1, 0, 3, 2, 0, 6, 5, 4, 7, 6, 4, 6, 7, 8, 9, 6, 8, 12, 11, 10, 13, 12, 10, 12, 13, 14, 15, 12, 14, 18, 17, 16, 19, 18, 16, 22, 21, 20, 23, 22, 20, 22, 23, 24, 25, 22, 24, 28, 27, 26, 29, 28, 26, 32, 31, 30, 33, 32, 30, 36, 35, 34, 37, 36, 34, 40, 39, 38, 41, 40, 38, 44, 43, 42, 43, 45, 42, 45, 43, 46, 43, 47, 46, 50, 49, 48, 49, 51, 48, 52, 49, 50, 48, 51, 53, 54, 52, 50, 51, 55, 53, 55, 52, 54, 53, 55, 54]
                rel material:binding = </Dining_Table_21_2/Materials/material_WhiteMetal>
                uniform token orientation = "rightHanded"
                point3f[] points = [(-0.45332417, 0.9453847, -0.3323559), (0.45582643, 0.94538456, -0.3323559), (0.45582622, 0.94538456, 0.3345434), (-0.45332447, 0.9453847, 0.3345434), (-0.4621262, 0.9062839, -0.3407397), (0.46462858, 0.9062839, -0.3407397), (0.46462858, 0.92925817, -0.3407397), (-0.4621262, 0.92925817, -0.3407397), (-0.45332417, 0.9453847, -0.3323559), (0.45582643, 0.94538456, -0.3323559), (0.46462816, 0.9062839, 0.3429248), (-0.46212652, 0.9062839, 0.3429248), (-0.46212652, 0.92925817, 0.3429248), (0.46462816, 0.92925817, 0.3429248), (0.45582622, 0.94538456, 0.3345434), (-0.45332447, 0.9453847, 0.3345434), (-0.45607916, 0.9062841, -0.3349805), (-0.45607916, 0.9282416, -0.3349805), (0.4585815, 0.9282416, -0.3349805), (0.4585815, 0.9062839, -0.3349805), (-0.46212652, 0.9062839, 0.3429248), (-0.4621262, 0.9062839, -0.3407397), (-0.4621262, 0.92925817, -0.3407397), (-0.46212652, 0.92925817, 0.3429248), (-0.45332447, 0.9453847, 0.3345434), (-0.45332417, 0.9453847, -0.3323559), (-0.45607948, 0.9282416, 0.3371655), (0.4585811, 0.9282416, 0.3371655), (0.4585815, 0.9282416, -0.3349805), (-0.45607916, 0.9282416, -0.3349805), (0.4585811, 0.9062839, 0.3371655), (0.4585811, 0.9282416, 0.3371655), (-0.45607948, 0.9282416, 0.3371655), (-0.45607948, 0.9062841, 0.3371655), (0.4585815, 0.9062839, -0.3349805), (0.4585815, 0.9282416, -0.3349805), (0.4585811, 0.9282416, 0.3371655), (0.4585811, 0.9062839, 0.3371655), (-0.45607948, 0.9062841, 0.3371655), (-0.45607948, 0.9282416, 0.3371655), (-0.45607916, 0.9282416, -0.3349805), (-0.45607916, 0.9062841, -0.3349805), (0.45582643, 0.94538456, -0.3323559), (0.46462816, 0.92925817, 0.3429248), (0.45582622, 0.94538456, 0.3345434), (0.46462858, 0.92925817, -0.3407397), (0.46462858, 0.9062839, -0.3407397), (0.46462816, 0.9062839, 0.3429248), (-0.45607948, 0.9062841, 0.3371655), (0.46462816, 0.9062839, 0.3429248), (0.4585811, 0.9062839, 0.3371655), (-0.46212652, 0.9062839, 0.3429248), (0.46462858, 0.9062839, -0.3407397), (-0.45607916, 0.9062841, -0.3349805), (0.4585815, 0.9062839, -0.3349805), (-0.4621262, 0.9062839, -0.3407397)]
                normal3f[] primvars:normals = [(0.00909772, 0.9997976, 0.01794494), (0.00906293, 0.9997973, -0.01798018), (-0.00909665, 0.9997976, -0.01794459), (-0.00906199, 0.9997973, 0.01798015), (0.4235855, 0.3516952, -0.8347969), (0.41511, -0.4020368, -0.816119), (-0.4151244, -0.4020219, -0.8161188), (-0.4235801, 0.3517267, -0.8347863), (-0.4235853, 0.3516957, 0.8347968), (-0.41511, -0.4020368, 0.8161189), (0.4151244, -0.4020219, 0.8161188), (0.4235805, 0.3517258, 0.8347865), (-0.01242068, -0.9996223, 0.02451458), (0.01844894, -0.9996595, 0.01844893), (0.4085036, -0.4210267, 0.8098527), (-0.4084972, -0.4210281, 0.8098552), (-0.01242072, -0.9996223, -0.02451453), (0.01234854, -0.9996214, -0.02458744), (-0.4085544, -0.4210166, -0.8098323), (0.4085045, -0.4210267, -0.8098522)] (
                    interpolation = "faceVarying"
                )
                int[] primvars:normals:indices = [0, 1, 2, 3, 0, 2, 4, 5, 6, 7, 4, 6, 4, 7, 2, 1, 4, 2, 8, 9, 10, 11, 8, 10, 8, 11, 0, 3, 8, 0, 12, 13, 14, 15, 12, 14, 7, 6, 9, 8, 7, 9, 7, 8, 3, 2, 7, 3, 12, 16, 17, 13, 12, 17, 17, 16, 18, 19, 17, 18, 16, 12, 15, 18, 16, 15, 13, 17, 19, 14, 13, 19, 0, 11, 1, 11, 4, 1, 4, 11, 5, 11, 10, 5, 18, 10, 19, 10, 9, 19, 5, 10, 18, 19, 9, 14, 15, 5, 18, 9, 6, 14, 6, 5, 15, 14, 6, 15]
                texCoord2f[] primvars:st = [(0.4136264, 0.1853222), (0.752089, 0.1853222), (0.752089, 0.8588322), (0.4136264, 0.8588322), (0.1811308, 0.8733451), (0.1811308, 0.8645763), (0.8630236, 0.8645763), (0.8630236, 0.8733451), (0.8588322, 0.8795002), (0.1853222, 0.8795002), (0.1840103, 0.8729571), (0.8601441, 0.8729571), (0.8601441, 0.8645763), (0.1840103, 0.8645763), (0.7562804, 0.8733451), (0.7562804, 0.8645763), (0.409435, 0.8645763), (0.409435, 0.8733451), (0.4136264, 0.8795002), (0.752089, 0.8795002), (0.7534008, 0.1840103), (0.4123147, 0.1840103), (0.4123147, 0.8601441), (0.7534008, 0.8601441), (0.4123147, 0.8729571), (0.7534008, 0.8729571), (0.7534008, 0.8645763), (0.4123147, 0.8645763), (0.409435, 0.1811308), (0.409435, 0.8630236), (0.7562804, 0.1811308), (0.7562804, 0.8630236)] (
                    interpolation = "faceVarying"
                )
                int[] primvars:st:indices = [0, 1, 2, 3, 0, 2, 4, 5, 6, 7, 4, 6, 4, 7, 8, 9, 4, 8, 7, 6, 5, 4, 7, 5, 7, 4, 9, 8, 7, 9, 10, 11, 12, 13, 10, 12, 14, 15, 16, 17, 14, 16, 14, 17, 18, 19, 14, 18, 20, 21, 22, 23, 20, 22, 11, 10, 13, 12, 11, 13, 24, 25, 26, 27, 24, 26, 25, 24, 27, 26, 25, 27, 18, 17, 19, 17, 14, 19, 14, 17, 15, 17, 16, 15, 21, 28, 22, 28, 29, 22, 30, 28, 21, 22, 29, 23, 20, 30, 21, 29, 31, 23, 31, 30, 20, 23, 31, 20]
                uniform token subdivisionScheme = "none"
                quatf xformOp:orient = (1, 0, 0, 0)
                float3 xformOp:scale = (1, 1, 1)
                double3 xformOp:translate = (-0.00034, -0.47542, 0.00079)
                uniform token[] xformOpOrder = ["xformOp:translate", "xformOp:orient", "xformOp:scale"]
            }

            def Cube "Dining_Table_21_2_dining_table_021_PrimitiveCollider_0" (
                apiSchemas = ["PhysicsCollisionAPI", "PhysicsMassAPI"]
            )
            {
                float3[] extent = [(-0.5, -0.5, -0.5), (0.5, 0.5, 0.5)]
                float physics:density = 1057.67
                uniform token purpose = "guide"
                double size = 1
                quatf xformOp:orient = (6.123234e-17, 0.7071073, 1.23142245e-17, 0.7071063)
                float3 xformOp:scale = (0.675672, 0.040785, 0.920776)
                double3 xformOp:translate = (-0.000677958, 0.450792, 0.0000034149999999999936)
                uniform token[] xformOpOrder = ["xformOp:translate", "xformOp:orient", "xformOp:scale"]
            }

            def Cube "Dining_Table_21_2_dining_table_021_PrimitiveCollider_1" (
                apiSchemas = ["PhysicsCollisionAPI", "PhysicsMassAPI"]
            )
            {
                float3[] extent = [(-0.5, -0.5, -0.5), (0.5, 0.5, 0.5)]
                float physics:density = 1057.67
                uniform token purpose = "guide"
                double size = 1
                quatf xformOp:orient = (6.123234e-17, 0.7071073, 1.23142245e-17, 0.7071063)
                float3 xformOp:scale = (0.0237606, 0.933428, 0.0230482)
                double3 xformOp:translate = (-0.32834, -0.0044600000000000195, 0.240566)
                uniform token[] xformOpOrder = ["xformOp:translate", "xformOp:orient", "xformOp:scale"]
            }

            def Cube "Dining_Table_21_2_dining_table_021_PrimitiveCollider_2" (
                apiSchemas = ["PhysicsCollisionAPI", "PhysicsMassAPI"]
            )
            {
                float3[] extent = [(-0.5, -0.5, -0.5), (0.5, 0.5, 0.5)]
                float physics:density = 1057.67
                uniform token purpose = "guide"
                double size = 1
                quatf xformOp:orient = (6.123234e-17, 0.7071073, 1.23142245e-17, 0.7071063)
                float3 xformOp:scale = (0.0237606, 0.933428, 0.023047)
                double3 xformOp:translate = (-0.328341, -0.0044600000000000195, -0.250834)
                uniform token[] xformOpOrder = ["xformOp:translate", "xformOp:orient", "xformOp:scale"]
            }

            def Cube "Dining_Table_21_2_dining_table_021_PrimitiveCollider_3" (
                apiSchemas = ["PhysicsCollisionAPI", "PhysicsMassAPI"]
            )
            {
                float3[] extent = [(-0.5, -0.5, -0.5), (0.5, 0.5, 0.5)]
                float physics:density = 1057.67
                uniform token purpose = "guide"
                double size = 1
                quatf xformOp:orient = (6.123234e-17, 0.7071073, 1.23142245e-17, 0.7071063)
                float3 xformOp:scale = (0.0237606, 0.933428, 0.023047)
                double3 xformOp:translate = (0.317987, -0.0044600000000000195, -0.251055)
                uniform token[] xformOpOrder = ["xformOp:translate", "xformOp:orient", "xformOp:scale"]
            }

            def Cube "Dining_Table_21_2_dining_table_021_PrimitiveCollider_4" (
                apiSchemas = ["PhysicsCollisionAPI", "PhysicsMassAPI"]
            )
            {
                float3[] extent = [(-0.5, -0.5, -0.5), (0.5, 0.5, 0.5)]
                float physics:density = 1057.67
                uniform token purpose = "guide"
                double size = 1
                quatf xformOp:orient = (6.123234e-17, 0.7071073, 1.23142245e-17, 0.7071063)
                float3 xformOp:scale = (0.0237606, 0.933428, 0.023047)
                double3 xformOp:translate = (0.317988, -0.0044600000000000195, 0.240243)
                uniform token[] xformOpOrder = ["xformOp:translate", "xformOp:orient", "xformOp:scale"]
            }
        }
    }

    def Scope "Materials"
    {
        def Material "material_BlackFoil"
        {
            token outputs:displacement.connect = </Dining_Table_21_2/Materials/material_BlackFoil/PreviewSurface.outputs:displacement>
            token outputs:surface.connect = </Dining_Table_21_2/Materials/material_BlackFoil/PreviewSurface.outputs:surface>

            def Shader "PreviewSurface"
            {
                uniform token info:id = "UsdPreviewSurface"
                color3f inputs:diffuseColor = (0, 0, 0)
                float inputs:metallic = 0
                float inputs:opacity = 1
                float inputs:roughness = 0.5
                token outputs:displacement
                token outputs:surface
            }
        }

        def Material "material_BrushedIron_AlbedoTransparency"
        {
            token outputs:displacement.connect = </Dining_Table_21_2/Materials/material_BrushedIron_AlbedoTransparency/PreviewSurface.outputs:displacement>
            token outputs:surface.connect = </Dining_Table_21_2/Materials/material_BrushedIron_AlbedoTransparency/PreviewSurface.outputs:surface>

            def Shader "PreviewSurface"
            {
                uniform token info:id = "UsdPreviewSurface"
                color3f inputs:diffuseColor.connect = </Dining_Table_21_2/Materials/material_BrushedIron_AlbedoTransparency/DiffuseTexture.outputs:rgb>
                float inputs:metallic = 0
                float inputs:opacity = 1
                float inputs:roughness = 0.5
                token outputs:displacement
                token outputs:surface
            }

            def Shader "DiffuseTexture"
            {
                uniform token info:id = "UsdUVTexture"
                float4 inputs:fallback = (1, 1, 1, 1)
                asset inputs:file = @./Textures/BrushedIron_AlbedoTransparency.png@
                float4 inputs:scale = (1, 1, 1, 1)
                token inputs:sourceColorSpace = "auto"
                float2 inputs:st.connect = </Dining_Table_21_2/Materials/material_BrushedIron_AlbedoTransparency/Primvar_st_float2.outputs:result>
                token inputs:wrapS = "repeat"
                token inputs:wrapT = "repeat"
                float3 outputs:rgb
            }

            def Shader "Primvar_st_float2"
            {
                uniform token info:id = "UsdPrimvarReader_float2"
                string inputs:varname = "st"
                float2 outputs:result
            }
        }

        def Material "material_WhiteMetal"
        {
            token outputs:displacement.connect = </Dining_Table_21_2/Materials/material_WhiteMetal/PreviewSurface.outputs:displacement>
            token outputs:surface.connect = </Dining_Table_21_2/Materials/material_WhiteMetal/PreviewSurface.outputs:surface>

            def Shader "PreviewSurface"
            {
                uniform token info:id = "UsdPreviewSurface"
                color3f inputs:diffuseColor = (1, 1, 1)
                float inputs:metallic = 0
                float inputs:opacity = 1
                float inputs:roughness = 0.5
                token outputs:displacement
                token outputs:surface
            }
        }
    }

    def Scope "Physics"
    {
    }
}

def PhysicsScene "PhysicsScene"
{
    vector3f physics:gravityDirection = (0, 0, -1)
    float physics:gravityMagnitude = 9.81
}

