#usda 1.0
(
    customLayerData = {
        string creator = "Ai2-THOR MJCF-USD converter"
    }
    defaultPrim = "Sofa_214_2"
    doc = """Generated from Composed Stage of root layer /home/gregor/workspace/ai2/isaac-thor-worktree/dev-wilbert/assets/usd/objects/thor/Sofa_214_2_prim/Sofa_214_2_prim.usda
"""
    kilogramsPerUnit = 1
    metersPerUnit = 1
    upAxis = "Z"
)

def Xform "Sofa_214_2" (
    apiSchemas = ["GeomModelAPI"]
    assetInfo = {
        string name = "Sofa_214_2"
    }
    kind = "component"
)
{
    float3[] extentsHint = [(-1.0173792, -0.39972013, -0.41222602), (1.0187792, 0.34615618, 0.40728828), (3.4028235e38, 3.4028235e38, 3.4028235e38), (-3.4028235e38, -3.4028235e38, -3.4028235e38), (3.4028235e38, 3.4028235e38, 3.4028235e38), (-3.4028235e38, -3.4028235e38, -3.4028235e38), (-1.0487564, -0.38654798, -0.4148459), (1.0513712, 0.39476472, 0.4631787)]

    def Scope "Geometry"
    {
        def Xform "Sofa_214_2" (
            apiSchemas = ["PhysicsRigidBodyAPI"]
            kind = "subcomponent"
        )
        {
            def Mesh "Sofa_214_2_sofa_214" (
                apiSchemas = ["MaterialBindingAPI"]
            )
            {
                float3[] extent = [(-1.0180792, -1.36875e-7, -0.40975603), (1.0180792, 0.7458762, 0.40975827)]
                int[] faceVertexCounts = [3, 3, 3, 3, 3, 3, 3, 3, 3, 3, 3, 3, 3, 3, 3, 3, 3, 3, 3, 3, 3, 3, 3, 3, 3, 3, 3, 3, 3, 3, 3, 3, 3, 3, 3, 3, 3, 3, 3, 3, 3, 3, 3, 3, 3, 3, 3, 3, 3, 3, 3, 3, 3, 3, 3, 3, 3, 3, 3, 3, 3, 3, 3, 3, 3, 3, 3, 3, 3, 3, 3, 3, 3, 3, 3, 3, 3, 3, 3, 3, 3, 3, 3, 3, 3, 3, 3, 3, 3, 3, 3, 3, 3, 3, 3, 3, 3, 3, 3, 3, 3, 3, 3, 3, 3, 3, 3, 3, 3, 3, 3, 3, 3, 3, 3, 3, 3, 3, 3, 3, 3, 3, 3, 3, 3, 3, 3, 3, 3, 3, 3, 3, 3, 3, 3, 3, 3, 3, 3, 3, 3, 3, 3, 3, 3, 3, 3, 3, 3, 3, 3, 3, 3, 3, 3, 3, 3, 3, 3, 3, 3, 3, 3, 3, 3, 3, 3, 3, 3, 3, 3, 3, 3, 3, 3, 3, 3, 3, 3, 3, 3, 3, 3, 3, 3, 3, 3, 3, 3, 3, 3, 3, 3, 3, 3, 3, 3, 3, 3, 3, 3, 3, 3, 3, 3, 3, 3, 3, 3, 3, 3, 3, 3, 3, 3, 3, 3, 3, 3, 3, 3, 3, 3, 3, 3, 3, 3, 3, 3, 3, 3, 3, 3, 3, 3, 3, 3, 3, 3, 3, 3, 3, 3, 3, 3, 3, 3, 3, 3, 3, 3, 3, 3, 3, 3, 3, 3, 3, 3, 3, 3, 3, 3, 3, 3, 3, 3, 3, 3, 3, 3, 3, 3, 3, 3, 3, 3, 3, 3, 3, 3, 3, 3, 3, 3, 3, 3, 3, 3, 3, 3, 3, 3, 3, 3, 3, 3, 3, 3, 3, 3, 3, 3, 3, 3, 3, 3, 3, 3, 3, 3, 3, 3, 3, 3, 3, 3, 3, 3, 3, 3, 3, 3, 3, 3, 3, 3, 3, 3, 3, 3, 3, 3, 3, 3, 3, 3, 3, 3, 3, 3, 3, 3, 3, 3, 3, 3, 3, 3, 3, 3, 3, 3, 3, 3, 3, 3, 3, 3, 3, 3, 3, 3, 3, 3, 3, 3, 3, 3, 3, 3, 3, 3, 3, 3, 3, 3, 3, 3, 3, 3, 3, 3, 3, 3, 3, 3, 3, 3, 3, 3, 3, 3, 3, 3, 3, 3, 3, 3, 3, 3, 3, 3, 3, 3, 3, 3, 3, 3, 3, 3, 3, 3, 3, 3, 3, 3, 3, 3, 3, 3, 3, 3, 3, 3, 3, 3, 3, 3, 3, 3, 3, 3, 3, 3, 3, 3, 3, 3, 3, 3, 3, 3, 3, 3, 3, 3, 3, 3, 3, 3, 3, 3, 3, 3, 3, 3, 3, 3, 3, 3, 3, 3, 3, 3, 3, 3, 3, 3, 3, 3, 3, 3, 3, 3, 3, 3, 3, 3, 3, 3, 3, 3, 3, 3, 3, 3, 3, 3, 3, 3, 3, 3, 3, 3, 3, 3, 3, 3, 3, 3, 3, 3, 3, 3, 3, 3, 3, 3, 3, 3, 3, 3, 3, 3, 3, 3, 3, 3, 3, 3, 3, 3, 3, 3, 3, 3, 3, 3, 3, 3, 3, 3, 3, 3, 3, 3, 3, 3, 3, 3, 3, 3, 3, 3, 3, 3, 3, 3, 3, 3, 3, 3, 3, 3, 3, 3, 3, 3, 3, 3, 3, 3, 3, 3, 3, 3, 3, 3, 3, 3, 3, 3, 3, 3, 3, 3, 3, 3, 3, 3, 3, 3, 3, 3, 3, 3, 3, 3, 3, 3, 3, 3, 3, 3, 3, 3, 3, 3, 3, 3, 3, 3, 3, 3, 3, 3, 3, 3, 3, 3, 3, 3, 3, 3, 3, 3, 3, 3, 3, 3, 3, 3, 3, 3, 3, 3, 3, 3, 3, 3, 3, 3, 3, 3, 3, 3, 3, 3, 3, 3, 3, 3, 3, 3, 3, 3, 3, 3, 3, 3, 3, 3, 3, 3, 3, 3, 3, 3, 3, 3, 3, 3, 3, 3, 3, 3, 3, 3, 3, 3, 3, 3, 3, 3, 3, 3, 3, 3, 3, 3, 3, 3, 3, 3, 3, 3, 3, 3, 3, 3, 3, 3, 3, 3, 3, 3, 3, 3, 3, 3, 3, 3, 3, 3, 3, 3, 3, 3, 3, 3, 3, 3, 3, 3, 3, 3, 3, 3, 3, 3, 3, 3, 3, 3, 3, 3, 3, 3, 3, 3, 3, 3, 3, 3, 3, 3, 3, 3, 3, 3, 3, 3, 3, 3, 3, 3, 3, 3, 3, 3, 3, 3, 3, 3, 3, 3, 3, 3, 3, 3, 3, 3, 3, 3, 3, 3, 3, 3, 3, 3, 3, 3, 3, 3, 3, 3, 3, 3, 3, 3, 3, 3, 3, 3, 3, 3, 3, 3, 3, 3, 3, 3, 3, 3, 3, 3, 3, 3, 3, 3, 3, 3, 3, 3, 3, 3, 3, 3, 3, 3, 3, 3, 3, 3, 3, 3, 3, 3, 3, 3, 3, 3, 3, 3, 3, 3, 3, 3, 3, 3, 3, 3, 3, 3, 3, 3, 3, 3, 3, 3, 3, 3, 3, 3, 3, 3, 3, 3, 3, 3, 3, 3, 3, 3, 3, 3, 3, 3, 3, 3, 3, 3, 3, 3, 3, 3, 3, 3, 3, 3, 3, 3, 3, 3, 3, 3, 3, 3, 3, 3, 3, 3, 3, 3, 3, 3, 3, 3, 3, 3, 3, 3, 3, 3, 3, 3, 3, 3, 3, 3, 3, 3, 3, 3, 3, 3, 3, 3, 3, 3, 3, 3, 3, 3, 3, 3, 3, 3, 3, 3, 3, 3, 3, 3, 3, 3, 3, 3, 3, 3, 3, 3, 3, 3, 3, 3, 3, 3, 3, 3, 3, 3, 3, 3, 3, 3, 3, 3, 3, 3, 3, 3, 3, 3, 3, 3, 3, 3, 3, 3, 3, 3, 3, 3, 3, 3, 3, 3, 3, 3, 3, 3, 3, 3, 3, 3, 3, 3, 3, 3, 3, 3, 3, 3, 3, 3, 3, 3, 3, 3, 3, 3, 3, 3, 3, 3, 3, 3, 3, 3, 3, 3, 3, 3, 3, 3, 3, 3, 3, 3, 3, 3, 3, 3, 3, 3, 3, 3, 3, 3, 3, 3, 3, 3, 3, 3, 3, 3, 3, 3, 3, 3, 3, 3, 3, 3, 3, 3, 3, 3, 3, 3, 3, 3, 3, 3, 3, 3, 3, 3, 3, 3, 3, 3, 3, 3, 3, 3, 3, 3, 3, 3, 3, 3, 3, 3, 3, 3, 3, 3, 3, 3, 3, 3, 3, 3, 3, 3, 3, 3, 3, 3, 3, 3, 3, 3, 3, 3, 3, 3, 3, 3, 3, 3, 3, 3, 3, 3, 3, 3, 3, 3, 3, 3, 3, 3, 3, 3, 3, 3, 3, 3, 3, 3, 3, 3, 3, 3, 3, 3, 3, 3, 3, 3, 3, 3, 3, 3, 3, 3, 3, 3, 3, 3, 3, 3, 3, 3, 3, 3, 3, 3, 3, 3, 3, 3, 3, 3, 3, 3, 3, 3, 3, 3, 3, 3, 3, 3, 3, 3, 3, 3, 3, 3, 3, 3, 3, 3, 3, 3, 3, 3, 3, 3, 3, 3, 3, 3, 3, 3, 3, 3, 3, 3, 3, 3, 3, 3, 3, 3, 3, 3, 3, 3, 3, 3, 3, 3, 3, 3, 3, 3, 3, 3, 3, 3, 3, 3, 3, 3, 3, 3, 3, 3, 3, 3, 3, 3, 3, 3, 3, 3, 3, 3, 3, 3, 3, 3, 3, 3, 3, 3, 3, 3, 3, 3, 3, 3, 3, 3, 3, 3, 3, 3, 3, 3, 3, 3, 3, 3, 3, 3, 3, 3, 3, 3, 3, 3, 3, 3, 3, 3, 3, 3, 3, 3, 3, 3, 3, 3, 3, 3, 3, 3, 3, 3, 3, 3, 3, 3, 3, 3, 3, 3, 3, 3, 3, 3, 3, 3, 3, 3, 3, 3, 3, 3, 3, 3, 3, 3, 3, 3, 3, 3, 3, 3, 3, 3, 3, 3, 3, 3, 3, 3, 3, 3, 3, 3, 3, 3, 3, 3, 3, 3, 3, 3, 3, 3, 3, 3, 3, 3, 3, 3, 3, 3, 3, 3, 3, 3, 3, 3, 3, 3, 3, 3, 3, 3, 3, 3, 3, 3, 3, 3, 3, 3, 3, 3, 3, 3, 3, 3, 3, 3, 3, 3, 3, 3, 3, 3, 3, 3, 3, 3, 3, 3, 3, 3, 3, 3, 3, 3, 3, 3, 3, 3, 3, 3, 3, 3, 3, 3, 3, 3, 3, 3, 3, 3, 3, 3, 3, 3, 3, 3, 3, 3, 3, 3, 3, 3, 3, 3, 3, 3, 3, 3, 3, 3, 3, 3, 3, 3, 3, 3, 3, 3, 3, 3, 3, 3, 3, 3, 3, 3, 3, 3, 3, 3, 3, 3, 3, 3, 3, 3, 3, 3, 3, 3, 3, 3, 3, 3, 3, 3, 3, 3, 3, 3, 3, 3, 3, 3, 3, 3, 3, 3, 3, 3, 3, 3, 3, 3, 3, 3, 3, 3, 3, 3, 3, 3, 3, 3, 3, 3, 3, 3, 3, 3, 3, 3, 3, 3, 3, 3, 3, 3, 3, 3, 3, 3, 3, 3, 3, 3, 3, 3, 3, 3, 3, 3, 3, 3, 3, 3, 3, 3, 3, 3, 3, 3, 3, 3, 3, 3, 3, 3, 3, 3, 3, 3, 3, 3, 3, 3, 3, 3, 3, 3, 3, 3, 3, 3, 3, 3, 3, 3, 3, 3, 3, 3, 3, 3, 3, 3, 3, 3, 3, 3, 3, 3, 3, 3, 3, 3, 3, 3, 3, 3, 3, 3, 3, 3, 3, 3, 3, 3, 3, 3, 3, 3, 3, 3, 3, 3, 3, 3, 3, 3, 3, 3, 3, 3, 3, 3, 3, 3, 3, 3, 3, 3, 3, 3, 3, 3, 3, 3, 3, 3, 3, 3, 3, 3, 3, 3, 3, 3, 3, 3, 3, 3, 3, 3, 3, 3, 3, 3, 3, 3, 3, 3, 3, 3, 3, 3, 3, 3, 3, 3, 3, 3, 3, 3, 3, 3, 3, 3, 3, 3, 3, 3, 3, 3, 3, 3, 3, 3, 3, 3, 3, 3, 3, 3, 3, 3, 3, 3, 3, 3, 3, 3, 3, 3, 3, 3, 3, 3, 3, 3, 3, 3, 3, 3, 3, 3, 3, 3, 3, 3, 3, 3, 3, 3, 3, 3, 3, 3, 3, 3, 3, 3, 3, 3, 3, 3, 3, 3, 3, 3, 3, 3, 3, 3, 3, 3, 3, 3, 3, 3, 3, 3, 3, 3, 3, 3, 3, 3, 3, 3, 3, 3, 3, 3, 3, 3, 3, 3, 3, 3, 3, 3, 3, 3, 3, 3, 3, 3, 3, 3, 3, 3, 3, 3, 3, 3, 3, 3, 3, 3, 3, 3, 3, 3, 3, 3, 3, 3, 3, 3, 3, 3, 3, 3, 3, 3, 3, 3, 3, 3, 3, 3, 3, 3, 3, 3, 3, 3, 3, 3, 3, 3, 3, 3, 3, 3, 3, 3, 3, 3, 3, 3, 3, 3, 3, 3, 3, 3, 3, 3, 3, 3, 3, 3, 3, 3, 3, 3, 3, 3, 3, 3, 3, 3, 3, 3, 3, 3, 3, 3, 3, 3, 3, 3, 3, 3, 3, 3, 3, 3, 3, 3, 3, 3, 3, 3, 3, 3, 3, 3, 3, 3, 3, 3, 3, 3, 3, 3, 3, 3, 3, 3, 3, 3, 3, 3, 3, 3, 3, 3, 3, 3, 3]
                int[] faceVertexIndices = [2, 1, 0, 2, 0, 3, 4, 3, 0, 5, 4, 0, 0, 6, 5, 6, 0, 7, 7, 0, 8, 0, 9, 8, 12, 11, 10, 10, 13, 12, 13, 14, 12, 14, 15, 12, 15, 16, 12, 17, 12, 16, 12, 17, 18, 12, 18, 19, 20, 12, 19, 23, 22, 21, 22, 24, 21, 21, 24, 25, 26, 21, 25, 25, 27, 26, 27, 25, 28, 29, 28, 25, 29, 25, 30, 30, 25, 31, 24, 31, 25, 32, 31, 24, 33, 32, 24, 34, 31, 32, 31, 34, 35, 38, 37, 36, 39, 36, 37, 40, 39, 37, 40, 41, 39, 40, 42, 41, 37, 43, 40, 42, 40, 43, 44, 43, 37, 42, 43, 45, 44, 46, 43, 43, 47, 45, 47, 43, 46, 50, 49, 48, 49, 50, 51, 51, 52, 49, 52, 53, 49, 54, 49, 53, 54, 55, 49, 55, 56, 49, 59, 58, 57, 57, 60, 59, 60, 61, 59, 61, 62, 59, 62, 63, 59, 64, 59, 63, 59, 64, 65, 59, 65, 66, 67, 59, 66, 70, 69, 68, 68, 69, 71, 72, 68, 71, 71, 73, 72, 73, 71, 74, 71, 75, 74, 76, 75, 71, 76, 71, 77, 77, 71, 78, 69, 78, 71, 79, 78, 69, 80, 79, 69, 81, 78, 79, 78, 81, 82, 85, 84, 83, 86, 83, 84, 87, 86, 84, 87, 88, 86, 87, 89, 88, 84, 90, 87, 89, 87, 90, 91, 90, 84, 89, 90, 92, 91, 93, 90, 90, 94, 92, 94, 90, 93, 97, 96, 95, 97, 95, 98, 99, 98, 95, 100, 99, 95, 95, 101, 100, 101, 95, 102, 102, 95, 103, 95, 104, 103, 107, 106, 105, 105, 108, 107, 108, 109, 107, 109, 110, 107, 110, 111, 107, 112, 107, 111, 107, 112, 113, 107, 113, 114, 115, 107, 114, 118, 117, 116, 117, 119, 116, 116, 119, 120, 121, 116, 120, 120, 122, 121, 122, 120, 123, 124, 123, 120, 124, 120, 125, 125, 120, 126, 119, 126, 120, 127, 126, 119, 128, 127, 119, 129, 126, 127, 126, 129, 130, 133, 132, 131, 134, 131, 132, 135, 134, 132, 135, 136, 134, 136, 135, 137, 132, 138, 135, 137, 135, 138, 139, 138, 132, 137, 138, 140, 139, 141, 138, 138, 142, 140, 142, 138, 141, 145, 144, 143, 144, 146, 143, 143, 146, 147, 148, 146, 144, 149, 148, 144, 147, 146, 150, 146, 148, 150, 150, 148, 149, 147, 150, 151, 152, 150, 149, 151, 150, 152, 151, 152, 153, 153, 152, 154, 155, 151, 153, 158, 157, 156, 156, 157, 159, 157, 160, 159, 161, 159, 160, 162, 161, 160, 163, 161, 162, 164, 163, 162, 163, 164, 165, 164, 166, 165, 164, 167, 166, 170, 169, 168, 169, 171, 168, 171, 169, 172, 173, 171, 172, 174, 171, 173, 172, 175, 173, 176, 171, 174, 175, 177, 173, 174, 173, 177, 177, 175, 178, 175, 179, 178, 176, 174, 180, 181, 176, 180, 178, 179, 182, 182, 179, 183, 182, 183, 184, 184, 178, 182, 185, 184, 183, 181, 180, 186, 180, 174, 187, 180, 187, 186, 181, 186, 188, 189, 181, 188, 188, 186, 190, 188, 190, 191, 186, 187, 192, 186, 192, 190, 190, 192, 193, 190, 194, 191, 194, 190, 193, 193, 195, 194, 194, 196, 191, 197, 196, 194, 195, 197, 194, 187, 174, 198, 187, 198, 192, 198, 199, 192, 199, 200, 192, 193, 192, 200, 198, 174, 201, 201, 174, 177, 195, 202, 197, 202, 203, 197, 203, 202, 204, 199, 198, 205, 205, 198, 201, 206, 205, 201, 205, 206, 199, 207, 201, 177, 207, 206, 201, 177, 178, 207, 207, 178, 206, 202, 208, 204, 202, 209, 208, 204, 208, 210, 210, 208, 211, 210, 211, 185, 208, 212, 211, 209, 212, 208, 211, 213, 185, 212, 213, 211, 209, 213, 212, 185, 213, 184, 178, 184, 214, 214, 184, 213, 178, 214, 206, 209, 214, 213, 215, 209, 202, 202, 195, 215, 216, 214, 209, 216, 206, 214, 215, 217, 209, 217, 216, 209, 218, 217, 215, 217, 218, 216, 215, 219, 218, 218, 219, 216, 216, 219, 206, 195, 219, 215, 220, 206, 219, 195, 220, 219, 199, 206, 220, 221, 220, 195, 221, 199, 220, 221, 195, 193, 222, 199, 221, 222, 221, 193, 222, 223, 199, 223, 222, 193, 223, 200, 199, 193, 200, 223, 226, 225, 224, 225, 227, 224, 228, 224, 227, 229, 227, 225, 230, 228, 227, 229, 230, 227, 231, 229, 225, 225, 232, 231, 232, 225, 233, 234, 232, 233, 234, 233, 235, 233, 236, 235, 235, 236, 237, 236, 238, 237, 235, 237, 239, 234, 235, 239, 240, 237, 238, 237, 240, 239, 232, 234, 241, 242, 241, 234, 241, 242, 232, 231, 232, 243, 242, 243, 232, 231, 243, 244, 231, 245, 229, 244, 245, 231, 245, 246, 229, 246, 245, 244, 244, 247, 246, 248, 234, 239, 242, 234, 248, 248, 239, 249, 249, 239, 250, 250, 239, 240, 243, 251, 244, 251, 243, 242, 246, 252, 229, 252, 230, 229, 250, 253, 249, 250, 240, 253, 254, 253, 240, 249, 253, 255, 253, 254, 255, 240, 256, 254, 256, 240, 238, 256, 238, 257, 258, 257, 238, 259, 257, 258, 257, 259, 260, 257, 260, 256, 261, 260, 259, 262, 254, 256, 260, 262, 256, 260, 261, 263, 261, 264, 263, 265, 262, 260, 265, 260, 263, 266, 265, 263, 267, 263, 264, 267, 266, 263, 268, 267, 264, 269, 267, 268, 269, 266, 267, 270, 269, 268, 271, 262, 265, 271, 254, 262, 272, 269, 270, 273, 272, 270, 273, 274, 272, 272, 275, 269, 274, 275, 272, 275, 266, 269, 276, 275, 274, 265, 277, 271, 266, 277, 265, 278, 254, 271, 277, 278, 271, 279, 277, 266, 277, 279, 278, 266, 275, 280, 279, 266, 280, 276, 281, 275, 281, 280, 275, 276, 282, 281, 280, 281, 282, 283, 282, 276, 280, 284, 279, 279, 284, 278, 280, 285, 284, 285, 278, 284, 285, 280, 282, 286, 254, 278, 285, 286, 278, 282, 286, 285, 286, 255, 254, 283, 287, 282, 287, 286, 282, 288, 287, 283, 289, 255, 286, 289, 286, 287, 249, 255, 289, 290, 287, 288, 290, 288, 291, 290, 292, 287, 292, 289, 287, 293, 290, 291, 292, 290, 293, 294, 289, 292, 295, 249, 289, 295, 289, 294, 296, 292, 293, 292, 296, 294, 291, 297, 293, 293, 298, 296, 293, 297, 298, 297, 291, 251, 291, 299, 251, 297, 251, 242, 297, 242, 298, 242, 248, 298, 248, 296, 298, 299, 244, 251, 296, 248, 300, 300, 248, 249, 296, 300, 294, 299, 301, 244, 301, 299, 302, 301, 247, 244, 247, 301, 302, 303, 247, 302, 300, 249, 304, 304, 249, 295, 294, 300, 305, 305, 295, 294, 305, 300, 304, 305, 304, 295, 306, 247, 303, 303, 307, 306, 308, 307, 303, 309, 307, 308, 309, 308, 310, 247, 306, 311, 307, 312, 306, 306, 312, 311, 313, 312, 307, 312, 314, 311, 307, 309, 315, 313, 307, 315, 316, 247, 311, 317, 316, 311, 247, 316, 246, 316, 318, 246, 316, 317, 318, 246, 318, 252, 318, 319, 252, 317, 319, 318, 230, 252, 319, 312, 320, 314, 313, 320, 312, 320, 321, 314, 313, 321, 320, 311, 314, 322, 322, 317, 311, 323, 230, 319, 319, 321, 323, 323, 228, 230, 324, 228, 323, 321, 324, 323, 322, 314, 325, 322, 325, 317, 326, 319, 317, 326, 321, 319, 321, 326, 314, 325, 314, 327, 325, 327, 317, 326, 327, 314, 327, 326, 317, 313, 328, 321, 321, 328, 324, 324, 329, 228, 329, 224, 228, 330, 324, 328, 330, 329, 324, 330, 328, 331, 332, 331, 328, 332, 328, 313, 330, 333, 329, 333, 330, 331, 329, 334, 224, 329, 333, 334, 335, 332, 313, 315, 335, 313, 335, 336, 332, 315, 336, 335, 336, 331, 332, 337, 336, 315, 309, 337, 315, 337, 338, 336, 338, 331, 336, 309, 339, 337, 339, 338, 337, 339, 309, 310, 339, 310, 340, 340, 310, 341, 333, 342, 334, 342, 333, 331, 338, 339, 343, 339, 340, 343, 344, 340, 341, 344, 341, 345, 340, 346, 343, 344, 346, 340, 344, 345, 347, 347, 345, 348, 349, 331, 338, 338, 343, 350, 350, 349, 338, 351, 342, 331, 331, 349, 351, 352, 343, 346, 350, 343, 352, 346, 344, 353, 346, 354, 352, 354, 346, 353, 350, 352, 355, 354, 355, 352, 350, 355, 356, 349, 350, 356, 355, 354, 356, 349, 356, 354, 357, 349, 354, 351, 349, 357, 353, 357, 354, 353, 344, 358, 357, 353, 358, 358, 344, 347, 359, 351, 357, 357, 358, 359, 342, 351, 359, 342, 359, 360, 342, 360, 334, 359, 358, 361, 360, 359, 361, 334, 360, 362, 362, 224, 334, 362, 363, 224, 360, 364, 362, 360, 361, 364, 363, 362, 365, 364, 365, 362, 361, 365, 364, 366, 363, 365, 358, 367, 361, 358, 347, 367, 361, 368, 365, 368, 361, 367, 367, 347, 369, 369, 368, 367, 368, 370, 365, 369, 370, 368, 365, 370, 371, 347, 372, 369, 372, 347, 348, 373, 370, 369, 369, 372, 373, 373, 374, 370, 373, 372, 374, 371, 370, 375, 370, 374, 375, 348, 376, 372, 372, 376, 374, 371, 375, 377, 371, 377, 378, 348, 379, 376, 348, 380, 379, 376, 379, 381, 374, 376, 381, 382, 379, 380, 381, 379, 382, 383, 382, 380, 383, 384, 382, 383, 385, 384, 375, 374, 386, 375, 386, 377, 378, 377, 387, 378, 387, 388, 387, 389, 388, 374, 381, 390, 374, 390, 386, 386, 390, 391, 391, 392, 386, 392, 377, 386, 377, 392, 387, 381, 382, 393, 382, 384, 393, 390, 381, 394, 390, 394, 391, 381, 393, 394, 395, 389, 387, 395, 396, 389, 392, 397, 387, 391, 397, 392, 387, 397, 395, 398, 396, 395, 398, 399, 396, 399, 398, 400, 401, 399, 400, 400, 402, 401, 397, 403, 395, 404, 398, 395, 403, 404, 395, 404, 405, 398, 405, 400, 398, 400, 405, 406, 407, 400, 406, 400, 407, 402, 407, 408, 402, 406, 408, 407, 408, 409, 402, 410, 409, 408, 406, 410, 408, 405, 404, 411, 403, 411, 404, 403, 412, 411, 405, 411, 413, 413, 406, 405, 411, 412, 413, 397, 414, 403, 391, 414, 397, 414, 415, 403, 403, 415, 412, 406, 413, 416, 413, 412, 416, 417, 414, 391, 417, 415, 414, 418, 410, 406, 406, 416, 419, 418, 406, 419, 420, 410, 418, 421, 410, 420, 421, 420, 385, 420, 422, 385, 422, 420, 418, 384, 385, 422, 384, 415, 417, 423, 418, 419, 418, 423, 422, 419, 416, 424, 423, 419, 424, 424, 416, 425, 423, 424, 425, 412, 425, 416, 412, 423, 425, 415, 426, 412, 426, 423, 412, 423, 426, 422, 426, 415, 384, 422, 426, 384, 384, 417, 393, 393, 417, 427, 427, 417, 391, 428, 393, 427, 394, 393, 428, 427, 391, 429, 391, 394, 429, 394, 428, 430, 430, 428, 427, 394, 430, 429, 430, 427, 429, 433, 432, 431, 434, 431, 432, 435, 434, 432, 435, 436, 434, 436, 437, 434, 440, 439, 438, 441, 439, 440, 441, 440, 442, 441, 443, 439, 444, 442, 440, 445, 443, 441, 443, 445, 446, 447, 443, 446, 448, 445, 441, 448, 441, 442, 446, 445, 449, 449, 445, 448, 447, 446, 450, 451, 447, 450, 451, 450, 452, 452, 450, 453, 450, 446, 453, 452, 453, 454, 446, 449, 455, 446, 456, 453, 446, 455, 456, 455, 449, 457, 457, 449, 448, 458, 453, 456, 454, 453, 458, 459, 456, 455, 458, 456, 459, 459, 455, 457, 454, 458, 460, 460, 458, 459, 460, 461, 454, 460, 459, 461, 454, 461, 462, 463, 459, 457, 459, 463, 461, 461, 464, 462, 461, 463, 464, 464, 463, 465, 465, 463, 466, 466, 463, 457, 466, 457, 448, 462, 464, 467, 468, 466, 448, 468, 448, 442, 466, 468, 442, 465, 466, 442, 467, 464, 469, 469, 464, 465, 467, 469, 470, 469, 465, 470, 467, 470, 471, 472, 471, 470, 472, 470, 473, 473, 470, 474, 465, 474, 470, 473, 474, 475, 475, 474, 476, 465, 476, 474, 475, 476, 444, 465, 442, 477, 477, 442, 444, 465, 477, 476, 476, 477, 444, 480, 479, 478, 479, 481, 478, 482, 481, 479, 482, 483, 481, 484, 483, 482, 482, 485, 484, 486, 484, 485, 489, 488, 487, 490, 489, 487, 493, 492, 491, 493, 491, 494, 495, 493, 494, 495, 494, 496, 497, 495, 496, 498, 497, 496, 499, 498, 496, 499, 500, 498, 499, 501, 500, 500, 501, 502, 501, 503, 502, 503, 504, 502, 504, 505, 502, 506, 505, 504, 507, 506, 504, 507, 504, 508, 509, 507, 508, 512, 511, 510, 513, 512, 510, 513, 510, 514, 515, 513, 514, 515, 514, 516, 514, 517, 516, 516, 517, 518, 517, 519, 518, 518, 519, 520, 523, 522, 521, 521, 522, 524, 521, 524, 525, 526, 521, 525, 529, 528, 527, 530, 528, 529, 533, 532, 531, 531, 534, 533, 534, 535, 533, 536, 535, 534, 536, 534, 537, 538, 536, 537, 537, 539, 538, 538, 539, 540, 538, 540, 541, 544, 543, 542, 544, 542, 545, 546, 544, 545, 545, 542, 547, 547, 542, 548, 545, 547, 549, 550, 547, 548, 548, 551, 550, 547, 552, 549, 547, 550, 552, 552, 550, 551, 552, 553, 549, 551, 553, 552, 556, 555, 554, 557, 556, 554, 556, 557, 558, 558, 559, 556, 556, 559, 560, 560, 561, 556, 561, 562, 556, 562, 563, 556, 562, 564, 563, 562, 565, 564, 562, 566, 565, 566, 567, 565, 568, 565, 567, 565, 568, 564, 568, 569, 564, 568, 570, 569, 569, 570, 571, 570, 572, 571, 572, 573, 571, 572, 574, 573, 573, 574, 575, 575, 574, 576, 576, 574, 577, 578, 575, 576, 576, 577, 579, 576, 580, 578, 576, 581, 580, 582, 576, 579, 576, 582, 581, 582, 583, 581, 582, 584, 583, 584, 585, 583, 585, 586, 583, 587, 586, 585, 587, 588, 586, 588, 587, 589, 587, 590, 589, 589, 590, 591, 590, 592, 591, 593, 591, 592, 594, 593, 592, 594, 592, 595, 596, 594, 595, 595, 597, 596, 597, 598, 596, 599, 598, 597, 599, 597, 600, 599, 600, 601, 602, 599, 601, 602, 601, 603, 603, 604, 602, 605, 604, 603, 606, 604, 605, 606, 605, 607, 605, 608, 607, 608, 605, 609, 610, 608, 609, 610, 611, 608, 611, 612, 608, 612, 613, 608, 607, 608, 613, 612, 614, 613, 615, 607, 613, 613, 614, 615, 616, 607, 615, 617, 615, 614, 616, 615, 617, 617, 614, 618, 618, 619, 617, 620, 616, 617, 617, 619, 620, 616, 620, 621, 619, 622, 620, 622, 621, 620, 625, 624, 623, 623, 626, 625, 626, 627, 625, 628, 627, 626, 631, 630, 629, 632, 631, 629, 631, 632, 633, 629, 634, 632, 629, 635, 634, 632, 636, 633, 634, 637, 632, 637, 636, 632, 634, 635, 638, 637, 634, 638, 636, 639, 633, 633, 639, 640, 636, 641, 639, 639, 641, 642, 640, 639, 642, 635, 643, 638, 635, 644, 643, 643, 644, 645, 644, 646, 645, 645, 646, 647, 643, 648, 638, 648, 643, 645, 637, 649, 636, 649, 641, 636, 637, 638, 650, 638, 648, 650, 649, 637, 651, 649, 651, 641, 637, 650, 651, 652, 645, 647, 653, 652, 647, 654, 653, 647, 655, 652, 653, 652, 655, 645, 655, 653, 656, 656, 653, 657, 658, 655, 656, 658, 656, 657, 645, 655, 659, 655, 658, 660, 655, 660, 659, 661, 658, 657, 660, 658, 661, 662, 645, 659, 648, 645, 662, 661, 657, 663, 663, 657, 664, 663, 664, 665, 665, 664, 666, 667, 665, 666, 667, 663, 665, 667, 666, 668, 663, 669, 661, 669, 663, 667, 660, 661, 670, 669, 670, 661, 671, 670, 669, 672, 671, 669, 672, 669, 667, 673, 667, 668, 673, 672, 667, 674, 660, 670, 671, 674, 670, 675, 673, 668, 676, 675, 668, 677, 675, 676, 678, 675, 677, 679, 672, 673, 671, 672, 679, 675, 680, 673, 680, 679, 673, 642, 680, 675, 642, 641, 680, 680, 641, 679, 641, 681, 679, 681, 671, 679, 641, 682, 681, 682, 671, 681, 641, 651, 682, 651, 683, 682, 651, 650, 683, 683, 684, 682, 650, 684, 683, 684, 685, 682, 684, 650, 685, 682, 685, 671, 650, 648, 685, 686, 671, 685, 648, 686, 685, 674, 671, 686, 686, 648, 662, 662, 674, 686, 662, 687, 674, 662, 659, 687, 687, 688, 674, 659, 688, 687, 688, 660, 674, 688, 659, 660, 691, 690, 689, 691, 689, 692, 692, 693, 691, 692, 689, 694, 695, 692, 694, 696, 695, 694, 697, 695, 696, 693, 698, 691, 699, 695, 697, 700, 699, 697, 700, 701, 699, 699, 701, 695, 701, 700, 702, 700, 703, 702, 701, 702, 704, 701, 704, 695, 702, 703, 705, 704, 702, 705, 704, 706, 695, 706, 704, 705, 707, 692, 695, 706, 707, 695, 692, 707, 708, 708, 693, 692, 707, 706, 709, 707, 709, 708, 706, 705, 709, 703, 710, 705, 711, 710, 703, 710, 712, 705, 705, 712, 709, 711, 713, 710, 713, 712, 710, 712, 713, 714, 712, 714, 715, 712, 715, 709, 711, 716, 713, 709, 717, 708, 717, 693, 708, 715, 717, 709, 717, 715, 693, 713, 716, 718, 713, 718, 714, 716, 719, 718, 718, 719, 714, 716, 720, 719, 715, 721, 693, 715, 714, 721, 721, 722, 693, 714, 722, 721, 693, 722, 698, 720, 723, 719, 723, 720, 724, 723, 724, 725, 719, 723, 726, 723, 725, 726, 719, 726, 714, 726, 725, 698, 727, 722, 714, 722, 727, 698, 726, 727, 714, 727, 726, 698, 730, 729, 728, 731, 730, 728, 730, 731, 732, 731, 733, 732, 734, 732, 733, 734, 735, 732, 736, 735, 734, 737, 736, 734, 735, 738, 732, 738, 739, 732, 738, 740, 739, 740, 741, 739, 742, 740, 738, 743, 741, 740, 742, 743, 740, 742, 744, 743, 747, 746, 745, 748, 747, 745, 747, 748, 749, 748, 750, 749, 751, 749, 750, 754, 753, 752, 753, 755, 752, 752, 755, 756, 757, 752, 756, 757, 756, 758, 756, 759, 758, 759, 760, 758, 760, 761, 758, 761, 760, 762, 760, 763, 762, 764, 762, 763, 765, 762, 764, 766, 765, 764, 769, 768, 767, 769, 770, 768, 773, 772, 771, 774, 771, 772, 775, 774, 772, 778, 777, 776, 779, 778, 776, 782, 781, 780, 783, 782, 780, 786, 785, 784, 785, 786, 787, 787, 788, 785, 789, 788, 787, 784, 785, 790, 785, 788, 790, 791, 784, 790, 788, 792, 790, 792, 791, 790, 793, 792, 788, 793, 788, 789, 792, 793, 794, 792, 794, 791, 795, 793, 789, 793, 795, 794, 796, 795, 789, 797, 796, 789, 797, 798, 796, 799, 795, 796, 795, 799, 794, 798, 799, 796, 799, 800, 794, 798, 800, 799, 794, 801, 791, 801, 794, 800, 798, 802, 800, 802, 803, 800, 804, 802, 798, 802, 804, 805, 802, 805, 803, 804, 806, 805, 801, 800, 807, 807, 800, 803, 807, 803, 808, 809, 801, 807, 791, 801, 809, 809, 807, 808, 791, 809, 810, 810, 809, 808, 791, 810, 811, 811, 810, 808, 784, 791, 811, 784, 811, 812, 813, 784, 812, 813, 812, 811, 813, 811, 808, 813, 808, 814, 815, 813, 814, 815, 814, 816, 817, 815, 816, 817, 816, 814, 806, 817, 814, 818, 814, 808, 814, 818, 806, 818, 808, 803, 806, 818, 819, 818, 803, 819, 806, 819, 805, 803, 805, 820, 819, 803, 820, 805, 819, 820, 823, 822, 821, 823, 824, 822, 824, 825, 822, 822, 825, 826, 825, 827, 826, 827, 828, 826, 828, 829, 826, 826, 829, 830, 822, 831, 821, 832, 821, 831, 833, 821, 832, 834, 833, 832, 834, 832, 835, 832, 831, 835, 834, 835, 836, 835, 837, 836, 838, 836, 837, 831, 839, 835, 835, 839, 837, 838, 837, 840, 837, 839, 841, 840, 837, 841, 838, 840, 842, 840, 841, 842, 838, 842, 843, 831, 844, 839, 839, 844, 841, 831, 822, 845, 831, 845, 844, 846, 845, 822, 844, 845, 846, 841, 844, 847, 847, 844, 846, 841, 848, 842, 848, 841, 847, 843, 842, 849, 842, 848, 849, 846, 822, 850, 822, 826, 850, 847, 846, 851, 851, 848, 847, 846, 850, 851, 848, 851, 852, 852, 851, 850, 848, 852, 853, 849, 848, 853, 854, 843, 849, 854, 855, 843, 852, 850, 856, 856, 853, 852, 857, 849, 853, 857, 854, 849, 857, 853, 856, 850, 858, 856, 858, 850, 826, 856, 859, 857, 859, 856, 858, 854, 857, 860, 859, 861, 857, 860, 857, 861, 859, 858, 862, 862, 861, 859, 826, 863, 858, 858, 863, 862, 864, 863, 826, 864, 862, 863, 864, 826, 830, 862, 865, 861, 865, 860, 861, 865, 862, 864, 866, 854, 860, 855, 854, 866, 867, 866, 860, 865, 867, 860, 867, 855, 866, 868, 867, 865, 855, 867, 868, 868, 865, 864, 855, 868, 869, 830, 870, 864, 870, 868, 864, 869, 868, 870, 830, 871, 870, 871, 869, 870, 874, 873, 872, 872, 873, 875, 874, 876, 873, 874, 877, 876, 874, 878, 877, 878, 879, 877, 877, 879, 880, 877, 880, 876, 880, 881, 876, 880, 879, 882, 883, 873, 876, 881, 883, 876, 875, 873, 884, 873, 883, 884, 883, 885, 884, 884, 885, 886, 875, 884, 887, 884, 886, 887, 875, 887, 888, 889, 888, 887, 880, 882, 890, 880, 890, 881, 889, 887, 891, 891, 887, 886, 882, 892, 890, 893, 892, 882, 893, 894, 892, 894, 893, 895, 896, 889, 891, 896, 897, 889, 896, 898, 897, 896, 891, 899, 898, 896, 899, 886, 900, 891, 891, 900, 899, 899, 901, 898, 901, 902, 898, 901, 899, 903, 899, 900, 903, 904, 902, 901, 904, 901, 903, 904, 905, 902, 905, 904, 906, 905, 906, 907, 900, 886, 908, 900, 909, 903, 909, 900, 908, 910, 908, 886, 886, 885, 910, 911, 904, 903, 904, 912, 906, 904, 911, 912, 903, 913, 911, 913, 903, 909, 914, 911, 913, 911, 914, 912, 915, 913, 909, 915, 914, 913, 916, 915, 909, 914, 915, 916, 908, 916, 909, 917, 914, 916, 916, 908, 917, 914, 917, 912, 917, 918, 912, 908, 919, 917, 917, 919, 918, 920, 918, 919, 908, 910, 919, 919, 910, 920, 912, 921, 906, 918, 921, 912, 920, 922, 918, 918, 922, 923, 924, 922, 920, 906, 921, 925, 907, 906, 925, 921, 918, 926, 923, 926, 918, 927, 907, 925, 927, 928, 907, 921, 929, 925, 929, 921, 926, 928, 927, 930, 931, 928, 930, 931, 930, 932, 932, 930, 933, 930, 927, 933, 932, 933, 934, 932, 934, 935, 927, 925, 936, 927, 937, 933, 927, 936, 937, 933, 938, 934, 933, 937, 938, 938, 937, 926, 935, 934, 939, 934, 938, 939, 925, 940, 936, 940, 925, 929, 936, 940, 941, 936, 941, 937, 941, 940, 929, 937, 941, 942, 942, 941, 929, 926, 937, 942, 926, 942, 929, 938, 926, 923, 938, 923, 943, 938, 943, 939, 923, 944, 943, 923, 922, 944, 935, 939, 945, 935, 945, 946, 939, 947, 945, 939, 943, 947, 946, 945, 948, 948, 945, 947, 949, 948, 947, 950, 946, 948, 950, 951, 946, 950, 952, 951, 953, 952, 950, 954, 950, 948, 954, 953, 950, 949, 954, 948, 953, 954, 895, 895, 954, 955, 955, 954, 949, 894, 895, 955, 947, 943, 956, 957, 949, 947, 947, 956, 957, 958, 955, 949, 955, 959, 894, 955, 958, 959, 960, 958, 949, 961, 960, 949, 957, 961, 949, 957, 959, 961, 962, 958, 960, 961, 962, 960, 958, 962, 959, 959, 962, 961, 894, 959, 963, 959, 957, 963, 924, 957, 956, 957, 924, 963, 964, 894, 963, 964, 892, 894, 890, 892, 964, 924, 965, 963, 965, 964, 963, 956, 922, 924, 965, 924, 920, 956, 966, 922, 943, 966, 956, 966, 967, 922, 943, 967, 966, 967, 968, 922, 968, 967, 943, 922, 968, 969, 969, 968, 943, 922, 969, 944, 944, 969, 943, 970, 890, 964, 965, 971, 964, 971, 970, 964, 965, 920, 972, 971, 965, 972, 973, 890, 970, 890, 973, 881, 974, 973, 970, 973, 974, 881, 974, 970, 975, 881, 974, 975, 970, 971, 975, 971, 881, 975, 883, 881, 971, 883, 971, 972, 883, 972, 885, 920, 976, 972, 910, 976, 920, 910, 885, 977, 976, 910, 977, 978, 972, 976, 972, 978, 885, 885, 979, 977, 979, 976, 977, 978, 980, 885, 980, 978, 976, 885, 980, 979, 980, 976, 979, 983, 982, 981, 983, 984, 982, 982, 985, 981, 984, 986, 982, 986, 985, 982, 985, 987, 981, 985, 986, 988, 987, 985, 988, 984, 989, 986, 986, 989, 988, 987, 990, 981, 981, 990, 991, 984, 992, 989, 992, 993, 989, 994, 992, 984, 995, 992, 994, 992, 995, 993, 996, 995, 994, 987, 988, 997, 987, 997, 990, 997, 988, 998, 991, 990, 999, 999, 1000, 991, 990, 997, 1001, 999, 990, 1001, 997, 998, 1001, 1000, 999, 1002, 1002, 999, 1001, 998, 1002, 1001, 1003, 1000, 1002, 988, 1004, 998, 1004, 988, 989, 1004, 989, 1005, 1005, 989, 993, 1006, 1004, 1005, 998, 1004, 1006, 1006, 1005, 1007, 1005, 993, 1007, 998, 1006, 1008, 1008, 1006, 1007, 1002, 998, 1009, 998, 1008, 1009, 1010, 1003, 1002, 1010, 1002, 1009, 1009, 1008, 1011, 1011, 1010, 1009, 1003, 1010, 1011, 1011, 1008, 1007, 1012, 1003, 1011, 1011, 1007, 1013, 1012, 1011, 1013, 1012, 1013, 1014, 1015, 1012, 1014, 1015, 1014, 1013, 996, 1015, 1013, 1016, 1013, 1007, 1013, 1016, 996, 1016, 1007, 993, 996, 1016, 1017, 1016, 993, 1017, 996, 1017, 995, 993, 995, 1018, 1017, 993, 1018, 995, 1017, 1018, 1021, 1020, 1019, 1019, 1020, 1022, 1021, 1023, 1020, 1021, 1024, 1023, 1021, 1025, 1024, 1025, 1026, 1024, 1024, 1026, 1027, 1024, 1027, 1023, 1027, 1028, 1023, 1027, 1026, 1029, 1030, 1020, 1023, 1028, 1030, 1023, 1022, 1020, 1031, 1020, 1030, 1031, 1030, 1032, 1031, 1031, 1032, 1033, 1022, 1031, 1034, 1031, 1033, 1034, 1022, 1034, 1035, 1036, 1035, 1034, 1027, 1029, 1037, 1027, 1037, 1028, 1036, 1034, 1038, 1038, 1034, 1033, 1029, 1039, 1037, 1040, 1039, 1029, 1040, 1041, 1039, 1041, 1040, 1042, 1043, 1036, 1038, 1043, 1044, 1036, 1043, 1045, 1044, 1043, 1038, 1046, 1045, 1043, 1046, 1033, 1047, 1038, 1038, 1047, 1046, 1046, 1048, 1045, 1048, 1049, 1045, 1048, 1046, 1050, 1046, 1047, 1050, 1051, 1049, 1048, 1051, 1048, 1050, 1051, 1052, 1049, 1052, 1051, 1053, 1052, 1053, 1054, 1047, 1033, 1055, 1047, 1056, 1050, 1056, 1047, 1055, 1057, 1055, 1033, 1033, 1032, 1057, 1058, 1051, 1050, 1051, 1059, 1053, 1051, 1058, 1059, 1050, 1060, 1058, 1060, 1050, 1056, 1061, 1058, 1060, 1058, 1061, 1059, 1062, 1060, 1056, 1062, 1061, 1060, 1063, 1062, 1056, 1061, 1062, 1063, 1055, 1063, 1056, 1064, 1061, 1063, 1063, 1055, 1064, 1061, 1064, 1059, 1064, 1065, 1059, 1055, 1066, 1064, 1064, 1066, 1065, 1067, 1065, 1066, 1055, 1057, 1066, 1066, 1057, 1067, 1059, 1068, 1053, 1065, 1068, 1059, 1067, 1069, 1065, 1065, 1069, 1070, 1071, 1069, 1067, 1053, 1068, 1072, 1054, 1053, 1072, 1068, 1065, 1073, 1070, 1073, 1065, 1074, 1054, 1072, 1074, 1075, 1054, 1076, 1068, 1073, 1068, 1076, 1072, 1075, 1074, 1077, 1078, 1075, 1077, 1078, 1077, 1079, 1079, 1077, 1080, 1077, 1074, 1080, 1079, 1080, 1081, 1079, 1081, 1082, 1074, 1072, 1083, 1074, 1084, 1080, 1074, 1083, 1084, 1080, 1085, 1081, 1080, 1084, 1085, 1085, 1084, 1073, 1082, 1081, 1086, 1081, 1085, 1086, 1072, 1087, 1083, 1087, 1072, 1076, 1083, 1087, 1088, 1083, 1088, 1084, 1088, 1087, 1076, 1084, 1088, 1089, 1089, 1088, 1076, 1073, 1084, 1089, 1073, 1089, 1076, 1085, 1073, 1070, 1085, 1070, 1090, 1085, 1090, 1086, 1070, 1091, 1090, 1070, 1069, 1091, 1082, 1086, 1092, 1082, 1092, 1093, 1086, 1094, 1092, 1086, 1090, 1094, 1093, 1092, 1095, 1095, 1092, 1094, 1096, 1095, 1094, 1096, 1097, 1095, 1097, 1093, 1095, 1097, 1098, 1093, 1097, 1099, 1098, 1100, 1099, 1097, 1100, 1097, 1101, 1096, 1101, 1097, 1100, 1101, 1042, 1042, 1101, 1102, 1102, 1101, 1096, 1041, 1042, 1102, 1094, 1090, 1103, 1104, 1096, 1094, 1094, 1103, 1104, 1105, 1102, 1096, 1102, 1106, 1041, 1102, 1105, 1106, 1107, 1105, 1096, 1108, 1107, 1096, 1104, 1108, 1096, 1104, 1106, 1108, 1109, 1105, 1107, 1108, 1109, 1107, 1106, 1109, 1108, 1105, 1109, 1106, 1041, 1106, 1110, 1106, 1104, 1110, 1071, 1104, 1103, 1104, 1071, 1110, 1111, 1041, 1110, 1111, 1039, 1041, 1037, 1039, 1111, 1071, 1112, 1110, 1112, 1111, 1110, 1103, 1069, 1071, 1112, 1071, 1067, 1103, 1113, 1069, 1090, 1113, 1103, 1113, 1114, 1069, 1090, 1114, 1113, 1114, 1115, 1069, 1115, 1114, 1090, 1069, 1115, 1116, 1116, 1115, 1090, 1069, 1116, 1091, 1091, 1116, 1090, 1117, 1037, 1111, 1112, 1118, 1111, 1118, 1117, 1111, 1112, 1067, 1119, 1118, 1112, 1119, 1120, 1037, 1117, 1037, 1120, 1028, 1121, 1120, 1117, 1120, 1121, 1028, 1121, 1117, 1122, 1028, 1121, 1122, 1117, 1118, 1122, 1118, 1028, 1122, 1030, 1028, 1118, 1030, 1118, 1119, 1030, 1119, 1032, 1067, 1123, 1119, 1057, 1123, 1067, 1057, 1032, 1124, 1123, 1057, 1124, 1125, 1119, 1123, 1119, 1125, 1032, 1032, 1126, 1124, 1126, 1123, 1124, 1125, 1127, 1032, 1127, 1125, 1123, 1032, 1127, 1126, 1127, 1123, 1126, 1130, 1129, 1128, 1128, 1129, 1131, 1130, 1132, 1129, 1130, 1133, 1132, 1130, 1134, 1133, 1134, 1135, 1133, 1133, 1135, 1136, 1133, 1136, 1132, 1136, 1137, 1132, 1136, 1135, 1138, 1139, 1129, 1132, 1137, 1139, 1132, 1131, 1129, 1140, 1129, 1139, 1140, 1139, 1141, 1140, 1140, 1141, 1142, 1131, 1140, 1143, 1140, 1142, 1143, 1131, 1143, 1144, 1145, 1144, 1143, 1136, 1138, 1146, 1136, 1146, 1137, 1145, 1143, 1147, 1147, 1143, 1142, 1138, 1148, 1146, 1149, 1148, 1138, 1149, 1150, 1148, 1150, 1149, 1151, 1152, 1145, 1147, 1152, 1153, 1145, 1152, 1154, 1153, 1152, 1147, 1155, 1154, 1152, 1155, 1142, 1156, 1147, 1147, 1156, 1155, 1155, 1157, 1154, 1157, 1158, 1154, 1157, 1155, 1159, 1155, 1156, 1159, 1160, 1158, 1157, 1160, 1157, 1159, 1160, 1161, 1158, 1161, 1160, 1162, 1161, 1162, 1163, 1156, 1142, 1164, 1156, 1165, 1159, 1165, 1156, 1164, 1166, 1164, 1142, 1142, 1141, 1166, 1167, 1160, 1159, 1160, 1168, 1162, 1160, 1167, 1168, 1168, 1169, 1162, 1170, 1169, 1168, 1163, 1162, 1171, 1171, 1162, 1169, 1159, 1172, 1167, 1172, 1159, 1165, 1167, 1173, 1168, 1173, 1167, 1172, 1174, 1172, 1165, 1174, 1173, 1172, 1175, 1174, 1165, 1173, 1174, 1175, 1164, 1175, 1165, 1173, 1176, 1168, 1176, 1173, 1175, 1175, 1164, 1176, 1176, 1170, 1168, 1164, 1177, 1176, 1176, 1177, 1170, 1178, 1170, 1177, 1164, 1166, 1177, 1177, 1166, 1178, 1178, 1179, 1170, 1170, 1179, 1180, 1181, 1179, 1178, 1180, 1182, 1170, 1170, 1182, 1169, 1166, 1183, 1178, 1183, 1166, 1184, 1166, 1141, 1184, 1185, 1183, 1184, 1141, 1185, 1184, 1186, 1183, 1185, 1141, 1186, 1185, 1186, 1187, 1183, 1187, 1186, 1141, 1187, 1188, 1183, 1188, 1187, 1141, 1178, 1183, 1188, 1139, 1188, 1141, 1189, 1178, 1188, 1189, 1181, 1178, 1139, 1190, 1188, 1190, 1189, 1188, 1139, 1137, 1190, 1181, 1189, 1191, 1189, 1190, 1192, 1189, 1192, 1191, 1190, 1137, 1193, 1194, 1190, 1193, 1190, 1194, 1192, 1137, 1195, 1193, 1195, 1194, 1193, 1196, 1195, 1137, 1195, 1196, 1194, 1146, 1196, 1137, 1196, 1146, 1194, 1194, 1146, 1192, 1146, 1148, 1192, 1192, 1148, 1150, 1192, 1150, 1191, 1197, 1181, 1191, 1150, 1198, 1191, 1198, 1197, 1191, 1181, 1197, 1199, 1199, 1179, 1181, 1200, 1198, 1150, 1150, 1151, 1200, 1151, 1201, 1200, 1200, 1201, 1202, 1203, 1200, 1202, 1200, 1203, 1198, 1204, 1201, 1151, 1204, 1205, 1201, 1202, 1201, 1205, 1204, 1206, 1205, 1205, 1206, 1207, 1205, 1207, 1208, 1205, 1208, 1209, 1202, 1205, 1209, 1208, 1210, 1209, 1211, 1210, 1208, 1209, 1210, 1212, 1202, 1209, 1212, 1211, 1213, 1210, 1213, 1212, 1210, 1211, 1214, 1213, 1215, 1214, 1211, 1213, 1216, 1212, 1217, 1216, 1213, 1214, 1217, 1213, 1212, 1216, 1199, 1215, 1218, 1214, 1218, 1217, 1214, 1212, 1199, 1197, 1197, 1202, 1212, 1197, 1219, 1202, 1197, 1198, 1219, 1219, 1220, 1202, 1220, 1203, 1202, 1198, 1221, 1219, 1203, 1221, 1198, 1219, 1221, 1220, 1221, 1203, 1220, 1216, 1222, 1199, 1199, 1222, 1179, 1215, 1223, 1218, 1224, 1223, 1215, 1224, 1225, 1223, 1225, 1226, 1223, 1223, 1226, 1218, 1226, 1225, 1163, 1226, 1163, 1171, 1226, 1227, 1218, 1218, 1227, 1217, 1226, 1171, 1228, 1226, 1228, 1227, 1171, 1229, 1228, 1229, 1171, 1169, 1228, 1229, 1230, 1230, 1229, 1169, 1228, 1230, 1227, 1231, 1230, 1169, 1227, 1230, 1231, 1182, 1231, 1169, 1182, 1227, 1231, 1217, 1227, 1182, 1217, 1182, 1180, 1217, 1180, 1216, 1180, 1232, 1216, 1180, 1179, 1232, 1232, 1233, 1216, 1179, 1233, 1232, 1233, 1234, 1216, 1179, 1234, 1233, 1234, 1235, 1216, 1235, 1234, 1179, 1216, 1235, 1222, 1222, 1235, 1179, 1238, 1237, 1236, 1238, 1239, 1237, 1237, 1240, 1236, 1239, 1241, 1237, 1241, 1240, 1237, 1240, 1242, 1236, 1240, 1241, 1243, 1242, 1240, 1243, 1242, 1244, 1236, 1236, 1244, 1245, 1239, 1246, 1241, 1241, 1246, 1243, 1242, 1247, 1244, 1242, 1243, 1247, 1245, 1244, 1248, 1248, 1249, 1245, 1244, 1247, 1250, 1248, 1244, 1250, 1249, 1248, 1251, 1251, 1248, 1250, 1252, 1249, 1251, 1247, 1253, 1250, 1247, 1243, 1253, 1253, 1251, 1250, 1254, 1243, 1246, 1243, 1254, 1253, 1255, 1252, 1251, 1251, 1253, 1256, 1255, 1251, 1256, 1252, 1255, 1257, 1257, 1255, 1256, 1258, 1252, 1257, 1253, 1259, 1256, 1253, 1254, 1259, 1256, 1259, 1257, 1257, 1259, 1260, 1258, 1257, 1261, 1257, 1260, 1261, 1259, 1254, 1262, 1259, 1262, 1260, 1262, 1254, 1263, 1254, 1246, 1263, 1262, 1263, 1260, 1263, 1246, 1260, 1258, 1261, 1264, 1265, 1258, 1264, 1265, 1264, 1261, 1266, 1265, 1261, 1267, 1261, 1260, 1261, 1267, 1266, 1260, 1246, 1268, 1267, 1260, 1268, 1239, 1268, 1246, 1266, 1267, 1269, 1267, 1268, 1269, 1239, 1270, 1268, 1266, 1269, 1270, 1239, 1271, 1270, 1271, 1266, 1270, 1268, 1270, 1272, 1269, 1268, 1272, 1270, 1269, 1272]
                rel material:binding = </Sofa_214_2/Materials/tn__material_Sofa_default003_AlbedoTransparency_zX1>
                uniform token orientation = "rightHanded"
                point3f[] points = [(0.28878516, 0.4148332, 0.3934002), (0.28878078, 0.43841848, 0.39339593), (0.2887755, 0.44329497, 0.31146243), (0.28879642, 0.43831939, 0.2446077), (0.2888213, 0.43832576, 0.08566505), (0.2888268, 0.41653445, -0.07444838), (0.28880963, 0.40703475, -0.20352699), (0.2887885, 0.21593793, -0.19262092), (0.28878012, 0.29483268, 0.08486355), (0.28875414, 0.29460272, 0.39735994), (-0.27952656, 0.4391316, 0.24320671), (-0.27957144, 0.44109455, 0.39325687), (-0.2795268, 0.4162054, 0.39340454), (-0.27950826, 0.444765, 0.1634606), (-0.27952015, 0.43837804, 0.08098203), (-0.2795004, 0.4334919, 0.009887352), (-0.2795384, 0.4171252, -0.073557824), (-0.27954635, 0.40751594, -0.20311648), (-0.27952188, 0.21593054, -0.19213222), (-0.27951533, 0.2947805, 0.08553038), (-0.27950826, 0.29468778, 0.3976619), (0.28878516, 0.4148332, 0.3934002), (0.19088352, 0.45140427, 0.39337635), (0.28878078, 0.43841848, 0.39339593), (0.09680836, 0.43823743, 0.3929202), (-0.010667863, 0.33330706, 0.39703414), (0.28875414, 0.29460272, 0.39735994), (0.13557008, 0.29493907, 0.39701456), (0.0028521146, 0.29586726, 0.3970471), (-0.19079919, 0.29643786, 0.39703625), (-0.27950826, 0.29468778, 0.3976619), (-0.2795268, 0.4162054, 0.39340454), (-0.09729819, 0.43865362, 0.39334157), (-0.0063875956, 0.4513957, 0.3933785), (-0.19123448, 0.45083687, 0.39338934), (-0.27957144, 0.44109455, 0.39325687), (-0.27954635, 0.40751594, -0.20311648), (-0.09639362, 0.4046077, -0.20325981), (-0.18607622, 0.41851547, -0.20442192), (-0.27952188, 0.21593054, -0.19213222), (0.016035477, 0.26618573, -0.19312485), (-0.04203013, 0.2157399, -0.19312048), (0.2887885, 0.21593793, -0.19262092), (0.10739304, 0.36257467, -0.19904812), (0.0054191295, 0.41862506, -0.2044262), (0.28880963, 0.40703475, -0.20352699), (0.0985271, 0.40459174, -0.20434372), (0.19537601, 0.41814712, -0.20443277), (0.8524076, 0.21593583, -0.19262528), (0.8524032, 0.29483268, 0.08486355), (0.8524285, 0.40703475, -0.20353134), (0.85244507, 0.41653445, -0.07445055), (0.8524393, 0.43832576, 0.08566288), (0.8524162, 0.43831939, 0.24460557), (0.8523953, 0.44329497, 0.3114603), (0.85240686, 0.43837795, 0.39295927), (0.8523679, 0.29460272, 0.3973578), (0.284093, 0.4391316, 0.24320458), (0.2840479, 0.44109455, 0.39325473), (0.2840917, 0.4162054, 0.3934002), (0.28411126, 0.444765, 0.1634606), (0.2840992, 0.43837804, 0.08098203), (0.28411853, 0.4334919, 0.009885181), (0.2840811, 0.4171252, -0.073557824), (0.28407344, 0.40751594, -0.20311862), (0.2840976, 0.21593054, -0.19213222), (0.2841034, 0.2947805, 0.08553038), (0.2841135, 0.29468778, 0.3976619), (0.85240686, 0.43837795, 0.39295927), (0.6604271, 0.43823743, 0.3929202), (0.75450265, 0.45140427, 0.39337412), (0.5529517, 0.33330706, 0.39703414), (0.8523679, 0.29460272, 0.3973578), (0.6991894, 0.29493907, 0.39701018), (0.6353244, 0.29498377, 0.39699933), (0.47502652, 0.29481453, 0.39697328), (0.3728201, 0.29643786, 0.39703414), (0.2841135, 0.29468778, 0.3976619), (0.2840917, 0.4162054, 0.3934002), (0.46632108, 0.43865362, 0.3933372), (0.5572317, 0.4513957, 0.39337635), (0.37238488, 0.45083687, 0.3933872), (0.2840479, 0.44109455, 0.39325473), (0.28407344, 0.40751594, -0.20311862), (0.46722597, 0.4046077, -0.20326203), (0.3775423, 0.41851547, -0.20442405), (0.2840976, 0.21593054, -0.19213222), (0.57965505, 0.26618573, -0.19312485), (0.5214574, 0.21573672, -0.1931227), (0.8524076, 0.21593583, -0.19262528), (0.67101264, 0.36257467, -0.19905034), (0.56903756, 0.41862506, -0.2044262), (0.8524285, 0.40703475, -0.20353134), (0.66214645, 0.40459174, -0.20434585), (0.75899416, 0.41814712, -0.20443277), (-0.27977178, 0.4148332, 0.39340243), (-0.27977598, 0.43841848, 0.39339805), (-0.2797813, 0.44329497, 0.31146464), (-0.2797606, 0.43831939, 0.2446077), (-0.2797357, 0.43832576, 0.08566505), (-0.27973014, 0.41653445, -0.07444621), (-0.2797474, 0.40703475, -0.20352699), (-0.27977005, 0.21624133, -0.19168906), (-0.27977684, 0.29483268, 0.0848679), (-0.2798028, 0.29460272, 0.39736205), (-0.84808344, 0.4391316, 0.24320671), (-0.8481282, 0.44109556, 0.39325687), (-0.84808415, 0.4162054, 0.39340454), (-0.84806544, 0.444765, 0.16346282), (-0.84807765, 0.43837804, 0.080986366), (-0.8480575, 0.4334919, 0.009887352), (-0.8480957, 0.4171252, -0.07355565), (-0.84810364, 0.40751594, -0.20311426), (-0.8480784, 0.21593054, -0.19213222), (-0.84807193, 0.2947805, 0.08553256), (-0.84806544, 0.29468778, 0.397664), (-0.27977178, 0.4148332, 0.39340243), (-0.3776735, 0.45140427, 0.3933785), (-0.27977598, 0.43841848, 0.39339805), (-0.4717486, 0.43823743, 0.39292458), (-0.5792246, 0.33330706, 0.39703414), (-0.2798028, 0.29460272, 0.39736205), (-0.43298715, 0.29493907, 0.39701676), (-0.5657049, 0.29586726, 0.39704934), (-0.75935626, 0.29643786, 0.3970385), (-0.84806544, 0.29468778, 0.397664), (-0.84808415, 0.4162054, 0.39340454), (-0.665855, 0.43865362, 0.39334157), (-0.5749444, 0.4513957, 0.3933785), (-0.7597913, 0.45083687, 0.39338934), (-0.8481282, 0.44109556, 0.39325687), (-0.84810364, 0.40751594, -0.20311426), (-0.6649497, 0.4046077, -0.20325768), (-0.75463325, 0.41851547, -0.2044197), (-0.8480784, 0.21593054, -0.19213222), (-0.5525207, 0.26618573, -0.1931227), (-0.5128015, 0.21573782, -0.19312048), (-0.27977005, 0.21624133, -0.19168906), (-0.46116304, 0.36257467, -0.19904599), (-0.5631381, 0.41862506, -0.20442192), (-0.2797474, 0.40703475, -0.20352699), (-0.4700292, 0.40459174, -0.20434372), (-0.37318137, 0.41814712, -0.20442842), (0.99014413, 0.30590987, 0.40975168), (0.990142, 0, -0.3020682), (0.99014413, -1.36875e-7, 0.40975168), (0.9901831, 0.3078356, 0.009007655), (1.0017134, 0.48437315, 0.40975168), (0.9901391, 0.23699495, -0.19214085), (0.9902935, 0.3102575, -0.30945545), (1.0029751, 0.49584338, -0.2275546), (1.0055671, 0.5570042, 0.40974954), (1.0050881, 0.5455311, -0.34643525), (1.0180756, 0.74579746, -0.008114925), (1.0180792, 0.731365, -0.4093716), (1.018033, 0.74585277, 0.40975168), (1.018033, 0.74585277, 0.40975168), (0.9005044, 0.71878886, 0.409717), (0.9265075, 0.7458432, 0.40972126), (1.0055671, 0.5570042, 0.40974954), (0.85684854, 0.55659974, 0.40970612), (1.0017134, 0.48437315, 0.40975168), (0.8465317, 0.49586645, 0.4097322), (0.99014413, 0.30590987, 0.40975168), (0.84655553, 0.30590987, 0.40975168), (0.99014413, -1.36875e-7, 0.40975168), (0.2862505, -1.36875e-7, 0.40975168), (0.2862505, 0.30590987, 0.40975168), (0.84659016, 0.39806205, -0.22393598), (0.84655404, 0.2267203, -0.19313791), (0.8465533, 0.22258475, -0.20761056), (0.8467034, 0.49739954, -0.22850168), (0.84655404, 0.2642484, -0.17204039), (0.84638745, 0.40675053, -0.136038), (0.83557355, 0.50477016, -0.09651033), (0.84655404, 0.30590996, -0.0025131106), (0.8568132, 0.554026, -0.23934262), (0.84677124, 0.4291232, 0.008844753), (0.84563935, 0.49251547, 0.18876332), (0.84655553, 0.30590987, 0.40975168), (0.85540575, 0.5643664, -0.17437974), (0.88252914, 0.6440765, -0.27225405), (0.84645957, 0.40964487, 0.3145056), (0.8465317, 0.49586645, 0.4097322), (0.83538526, 0.5049755, 0.29161605), (0.85684854, 0.55659974, 0.40970612), (0.8747603, 0.62996566, -0.17030923), (0.8445637, 0.56376284, -0.11151296), (0.8957814, 0.7110042, -0.17641063), (0.9030272, 0.7129757, -0.3000786), (0.8789719, 0.6994702, -0.089322805), (0.89125097, 0.7229437, -0.08952699), (0.8665291, 0.63057137, -0.08901444), (0.8800598, 0.65476316, -0.0039010684), (0.89329326, 0.7070654, -0.0018071787), (0.87903756, 0.7023157, 0.08788492), (0.90427446, 0.7277721, -0.0009839593), (0.8910778, 0.7260338, 0.08793706), (0.84348017, 0.5647188, -0.078010604), (0.8679207, 0.6088914, -0.0026890463), (0.87096715, 0.63044673, -0.034629628), (0.84447354, 0.49780607, -0.0011816213), (0.8951552, 0.70889735, 0.1853488), (0.90549797, 0.7278392, 0.18600039), (0.89167804, 0.7261403, 0.29047576), (0.8534406, 0.55811787, -0.00084277475), (0.842318, 0.5641535, 0.088006556), (0.83516306, 0.5045859, 0.088084765), (0.8801326, 0.70095724, 0.302003), (0.8718314, 0.6336965, 0.23033711), (0.9005044, 0.71878886, 0.409717), (0.8759167, 0.63079685, 0.39151263), (0.86703694, 0.6320998, 0.30306956), (0.8428049, 0.56483686, 0.2895374), (0.85468286, 0.5575631, 0.18589176), (0.88092476, 0.6549164, 0.17892809), (0.8685007, 0.60839003, 0.18039644), (0.8870805, 0.6316878, 0.18063095), (0.88213384, 0.6318262, 0.17584586), (0.8704066, 0.6316292, 0.14101422), (0.867099, 0.63208383, 0.07572773), (0.8716749, 0.631559, 0.030129053), (0.8866794, 0.6317283, -0.0026217147), (0.88174427, 0.6317166, -0.0068898685), (0.2750312, 0.22258905, -0.20760185), (0.28443667, 0.5580391, -0.24300912), (0.281683, 0.21028863, -0.21401383), (0.27420735, 0.38223073, -0.22252627), (0.12021445, 0.3757447, -0.22193766), (0.27831066, 0.5586363, -0.23687507), (0.18980524, 0.5173985, -0.2181104), (0.29050508, 0.62519765, -0.28423095), (0.29167938, 0.5689119, -0.24072617), (0.2861946, 0.49898458, -0.22929448), (0.36894715, 0.56159467, -0.22535646), (0.36638126, 0.5141921, -0.21906397), (0.28585142, 0.40053385, -0.22425742), (0.40107778, 0.36700514, -0.22107528), (0.28627142, 0.22258265, -0.20759748), (0.40716904, 0.54144555, -0.22177689), (0.47809157, 0.38217115, -0.22260447), (0.3400718, 0.59379256, -0.24083267), (0.36334464, 0.6274789, -0.25307673), (0.32705662, 0.62750345, -0.2611504), (0.2961234, 0.6768655, -0.2820958), (0.2516586, 0.62715113, -0.26072457), (0.22041608, 0.6269104, -0.25376964), (0.19931597, 0.70575935, -0.27489313), (0.4126619, 0.6242842, -0.25308537), (0.472823, 0.56401515, -0.23980525), (0.4737362, 0.5066649, -0.22943132), (0.3030152, 0.6973765, -0.2828408), (0.1992369, 0.55078447, -0.22218525), (0.528523, 0.51371294, -0.22102973), (0.58377856, 0.5413667, -0.22095153), (0.5572564, 0.5615541, -0.22547808), (0.6597536, 0.3993267, -0.22399674), (0.75416, 0.3628184, -0.22068648), (0.8465533, 0.22258475, -0.20761056), (0.84659016, 0.39806205, -0.22393598), (0.7577966, 0.51167244, -0.21794535), (0.8467034, 0.49739954, -0.22850168), (0.6607947, 0.49267948, -0.22856903), (0.78924054, 0.5557865, -0.2260255), (0.8568132, 0.554026, -0.23934262), (0.7346755, 0.5523546, -0.22362752), (0.7436996, 0.62884563, -0.2532005), (0.80488205, 0.6214464, -0.25333732), (0.88252914, 0.6440765, -0.27225405), (0.7905463, 0.68447775, -0.26700416), (0.9030272, 0.7129757, -0.3000786), (0.66044444, 0.5495272, -0.23677951), (0.795322, 0.714533, -0.28184816), (0.92538714, 0.7323592, -0.31765297), (0.77482176, 0.73270947, -0.29577348), (0.7406481, 0.7035367, -0.27631155), (0.6697346, 0.7321039, -0.30904496), (0.71364355, 0.59528285, -0.24136916), (0.6611229, 0.5737128, -0.24478582), (0.70042866, 0.6333272, -0.26373073), (0.66349256, 0.6588925, -0.27957842), (0.6663944, 0.6885005, -0.28417668), (0.60989934, 0.7004188, -0.2762507), (0.57370466, 0.73271596, -0.2956258), (0.66038036, 0.6251081, -0.28291908), (0.6236886, 0.63224673, -0.2628142), (0.58488, 0.6261641, -0.25230992), (0.548885, 0.7060361, -0.27577943), (0.47575238, 0.73259234, -0.30837592), (0.5370144, 0.62981325, -0.25499898), (0.47551593, 0.70851535, -0.28983063), (0.38830984, 0.73273814, -0.29506975), (0.47537127, 0.6821913, -0.28010404), (0.4142979, 0.7076659, -0.2777169), (0.4761566, 0.65385514, -0.2777886), (0.5043922, 0.62627614, -0.2629554), (0.42440704, 0.66349316, -0.26406315), (0.35556674, 0.70627254, -0.27797973), (0.38674894, 0.6848292, -0.2671475), (0.3013589, 0.732438, -0.31145164), (0.44220635, 0.62671876, -0.26312914), (0.29243562, 0.71046877, -0.29202008), (0.21051306, 0.7327414, -0.2972613), (0.13147011, 0.7326093, -0.3024722), (0.47364706, 0.596571, -0.25844172), (0.4727118, 0.62377644, -0.28134647), (0.12996468, 0.7089752, -0.2850499), (0.060285438, 0.70970345, -0.27737367), (-0.000014529117, 0.7326029, -0.3038167), (0.0001226246, 0.7120431, -0.2870894), (-0.12994, 0.73261255, -0.30258298), (0.13049485, 0.6765057, -0.27379197), (0.08010983, 0.68314505, -0.26686075), (0.03605489, 0.6296302, -0.25443423), (0.09355734, 0.6291299, -0.25918025), (0.00006032397, 0.65253514, -0.26571608), (0.1822211, 0.66332716, -0.2613285), (0.16106038, 0.62671876, -0.25834182), (0.19298887, 0.62651855, -0.2523382), (0.124494694, 0.5625376, -0.23279159), (0.06309221, 0.62689245, -0.25278997), (0.08649081, 0.56713414, -0.22731787), (0.12950854, 0.6464974, -0.27359205), (0.1253606, 0.50709075, -0.22426614), (0.0567854, 0.51130825, -0.21819732), (0.12653534, 0.6247836, -0.276924), (0.12534386, 0.57566935, -0.23892553), (0.12599774, 0.604576, -0.25876105), (-0.00037536197, 0.5612283, -0.23233758), (-0.00039980322, 0.3775341, -0.22210918), (-0.000025321351, 0.50821584, -0.2247374), (-0.059434757, 0.56035656, -0.22456588), (-0.00003214585, 0.5989172, -0.24696663), (-0.06089681, 0.5162945, -0.21838842), (-0.11797592, 0.3773872, -0.22208747), (0.00020496588, 0.6263473, -0.26546413), (-0.033867862, 0.62969726, -0.25544214), (-0.03153663, 0.6906849, -0.27192175), (-0.06298125, 0.62579477, -0.2521101), (-0.07579784, 0.7058391, -0.27562082), (-0.13020599, 0.70911896, -0.28513023), (-0.20240402, 0.7327318, -0.29575828), (-0.12516639, 0.5061507, -0.22409889), (-0.12890314, 0.6789402, -0.2741351), (-0.20347776, 0.70703894, -0.27575114), (-0.29946342, 0.7112649, -0.29496548), (-0.14148128, 0.6837487, -0.27167416), (-0.29613817, 0.6834367, -0.2843135), (-0.30687183, 0.7139358, -0.29002175), (-0.124985464, 0.5727261, -0.23712267), (-0.09561775, 0.62621313, -0.25835267), (-0.12524453, 0.55288273, -0.23082796), (-0.12935178, 0.64513046, -0.27388752), (-0.19276452, 0.62702745, -0.25260103), (-0.16064738, 0.6267115, -0.25850257), (-0.12676208, 0.62503374, -0.2770066), (-0.12637503, 0.6045068, -0.258596), (-0.17311342, 0.58996034, -0.23623867), (-0.22154154, 0.6245569, -0.25316358), (-0.19380803, 0.55066836, -0.22192894), (-0.19604063, 0.51905465, -0.21852748), (-0.27871132, 0.56134015, -0.23843034), (-0.27463493, 0.3879429, -0.22297156), (-0.27504635, 0.22259963, -0.2076062), (-0.27348962, 0.47492248, -0.22508715), (-0.28386188, 0.5486119, -0.24150376), (-0.28199688, 0.20606467, -0.21174619), (-0.25283903, 0.6298803, -0.26142183), (-0.28896436, 0.5973129, -0.26325512), (-0.29054093, 0.62521464, -0.28415284), (-0.29152304, 0.56899804, -0.24093471), (-0.2861814, 0.4965117, -0.2288427), (-0.30320406, 0.6811417, -0.2782034), (-0.3271636, 0.6279974, -0.26136106), (-0.36696777, 0.62697107, -0.25230777), (-0.3495715, 0.5519054, -0.22538252), (-0.3702291, 0.6951932, -0.27156115), (-0.391265, 0.5221025, -0.21889448), (-0.28593814, 0.3939935, -0.22370137), (-0.40995577, 0.7153143, -0.28242818), (-0.38943553, 0.73272216, -0.2949524), (-0.42107385, 0.6866558, -0.26989523), (-0.4755199, 0.70853245, -0.2898437), (-0.4756123, 0.73258805, -0.30839548), (-0.549068, 0.7060874, -0.27577722), (-0.57483363, 0.7327149, -0.29556495), (-0.3989396, 0.55489993, -0.22415751), (-0.4682746, 0.38899246, -0.22314532), (-0.28628996, 0.22258475, -0.20759962), (-0.8465663, 0.22258794, -0.20759313), (-0.41325128, 0.625088, -0.2533286), (-0.47306228, 0.56236315, -0.23931219), (-0.47388127, 0.50380665, -0.22900996), (-0.47448778, 0.6779023, -0.27902013), (-0.4423684, 0.62488157, -0.26203), (-0.6635006, 0.37961632, -0.22230688), (-0.8466709, 0.39336762, -0.22345378), (-0.549811, 0.5189227, -0.21888362), (-0.7587539, 0.5245284, -0.21879457), (-0.8460383, 0.48623192, -0.226436), (-0.788535, 0.56258667, -0.22803469), (-0.8564633, 0.55164766, -0.23854972), (-0.87216616, 0.6075898, -0.26084843), (-0.5956203, 0.5484127, -0.22412708), (-0.66060805, 0.49567822, -0.22874714), (-0.7420534, 0.5612592, -0.22525655), (-0.74321914, 0.6287158, -0.25325263), (-0.80674976, 0.62336564, -0.25398892), (-0.8053091, 0.6841596, -0.26911977), (-0.9015209, 0.71063805, -0.29815838), (-0.76388526, 0.708131, -0.27578807), (-0.66066676, 0.5492207, -0.23667088), (-0.6604255, 0.5731305, -0.24458386), (-0.71254694, 0.59412044, -0.24109112), (-0.5527346, 0.55551624, -0.22432478), (-0.57650256, 0.62665063, -0.2519342), (-0.70032126, 0.6335157, -0.2638763), (-0.53799695, 0.62771624, -0.25405416), (-0.6650459, 0.6826415, -0.2827496), (-0.6628342, 0.65426296, -0.27966088), (-0.66615266, 0.7094245, -0.29294106), (-0.66584706, 0.73258483, -0.31066534), (-0.60396487, 0.70644164, -0.27878338), (-0.62443274, 0.6278484, -0.2609809), (-0.66056955, 0.624923, -0.28301892), (-0.66111153, 0.6048464, -0.2655749), (-0.5950567, 0.6258448, -0.25364363), (-0.50487673, 0.6254543, -0.26261213), (-0.47443756, 0.644776, -0.2785097), (-0.47378772, 0.59637415, -0.25825277), (-0.47300443, 0.6240342, -0.28144416), (0.27509463, 0.26424733, -0.17204253), (-0.27545035, 0.22670333, -0.19312707), (0.2814727, 0.2220003, -0.19378953), (-0.27980635, 0.26208854, -0.16768314), (-0.28199688, 0.20606467, -0.21174619), (-0.28604823, 0.22670971, -0.19307484), (-0.28623754, 0.2642548, -0.17200783), (0.28624856, 0, -0.30206385), (0.990142, 0, -0.3020682), (0.2862871, 0.30515733, -0.3092252), (0.586377, 0.3047092, -0.3092317), (0.47309306, 0.47069633, -0.3302358), (0.9902935, 0.3102575, -0.30945545), (0.2861565, 0.4738835, -0.33091572), (0.7901293, 0.38851878, -0.31957737), (0.8352713, 0.5346987, -0.33961278), (1.0050881, 0.5455311, -0.34643525), (0.6606085, 0.47051328, -0.33044648), (0.754059, 0.5149299, -0.32963198), (0.8507173, 0.6454158, -0.37517858), (1.0180792, 0.731365, -0.4093716), (0.82696503, 0.7326073, -0.40677157), (0.78488755, 0.6471286, -0.3696506), (0.66518724, 0.7325967, -0.4095062), (0.7509735, 0.551321, -0.3372495), (0.7707076, 0.58397144, -0.35059702), (0.6604273, 0.5503863, -0.34530365), (0.74549377, 0.6484965, -0.3709126), (0.6648306, 0.593155, -0.36066243), (0.66546154, 0.651442, -0.37963352), (0.59572446, 0.6458746, -0.37032178), (0.5653911, 0.7325871, -0.40469941), (0.5732289, 0.58553517, -0.35060576), (0.54788655, 0.64248735, -0.36818662), (0.47199214, 0.5488716, -0.3449452), (0.56533587, 0.5476379, -0.33598968), (0.47675696, 0.73259443, -0.40903708), (0.57188684, 0.5064629, -0.32872406), (0.47615546, 0.6488839, -0.37754613), (0.39505237, 0.64735204, -0.36923137), (0.38958392, 0.7325998, -0.40486667), (0.28643656, 0.73257846, -0.40931726), (0.2863357, 0.65647084, -0.38055453), (0.37677678, 0.5812122, -0.34853348), (0.28606057, 0.5534595, -0.3466091), (0.37803933, 0.5494411, -0.33660874), (0.39124689, 0.5111168, -0.3292714), (-0.27504635, 0.22259963, -0.2076062), (-0.27545035, 0.22670333, -0.19312707), (-0.28199688, 0.20606467, -0.21174619), (0.2750312, 0.22258905, -0.20760185), (0.2814727, 0.2220003, -0.19378953), (0.281683, 0.21028863, -0.21401383), (0.28627142, 0.22258265, -0.20759748), (0.84655404, 0.2267203, -0.19313791), (0.8465533, 0.22258475, -0.20761056), (0.99014413, -1.36875e-7, 0.40975168), (0.990142, 0, -0.3020682), (0.28624856, 0, -0.30206385), (0.2862505, -1.36875e-7, 0.40975168), (0.28168494, 0.25063875, -0.17203817), (0.2814727, 0.2220003, -0.19378953), (0.28622612, 0.2642495, -0.1720338), (0.28168452, 0.29095045, -0.0037946438), (0.286251, 0.30590996, -0.0025109397), (0.28168646, 0.29095134, 0.39307004), (0.2862505, 0.30590987, 0.40975168), (0.2862505, -1.36875e-7, 0.40975168), (0.28168646, 0.010115866, 0.39307004), (0.28624856, 0, -0.30206385), (0.28168452, 0.0101160025, -0.29569307), (0.2862871, 0.30515733, -0.3092252), (0.2816843, 0.30611756, -0.30263725), (0.28172895, 0.52842134, -0.333103), (0.2861565, 0.4738835, -0.33091572), (0.28606057, 0.5534595, -0.3466091), (0.2863357, 0.65647084, -0.38055453), (0.2817356, 0.7322825, -0.39855248), (0.28643656, 0.73257846, -0.40931726), (0.28168646, 0.010115866, 0.39307004), (0.28168452, 0.0101160025, -0.29569307), (0.27506223, 0, -0.30206597), (0.27506423, -1.36875e-7, 0.40975168), (0.28168646, 0.29095134, 0.39307004), (0.27506423, 0.30590987, 0.40975168), (0.2750605, 0.30590996, -0.0025109397), (0.28168452, 0.29095045, -0.0037946438), (0.27509463, 0.26424733, -0.17204253), (0.28168494, 0.25063875, -0.17203817), (0.2814727, 0.2220003, -0.19378953), (0.84655404, 0.30590996, -0.0025131106), (0.28622612, 0.2642495, -0.1720338), (0.84655404, 0.2642484, -0.17204039), (0.286251, 0.30590996, -0.0025109397), (0.2862505, 0.30590987, 0.40975168), (0.84655553, 0.30590987, 0.40975168), (0.2814727, 0.2220003, -0.19378953), (0.84655404, 0.2267203, -0.19313791), (0.28622612, 0.2642495, -0.1720338), (0.84655404, 0.2642484, -0.17204039), (-1.0180423, 0.74585277, 0.40975603), (-0.9186218, 0.7458486, 0.40974304), (-0.9010051, 0.719519, 0.40968007), (-1.0050997, 0.54771006, 0.40975827), (-0.8588995, 0.5648764, 0.40975827), (-0.8465447, 0.4965734, 0.40972996), (-0.99041903, 0.31898308, 0.40975603), (-0.8465649, 0.30590987, 0.40975603), (-0.99015355, -1.36875e-7, 0.40975603), (-0.28625938, -1.36875e-7, 0.40975392), (-0.28625938, 0.30590987, 0.40975392), (-1.0051812, 0.54622096, -0.34650046), (-1.0180387, 0.7313619, -0.4093216), (-1.0180792, 0.745837, -0.007009336), (-1.0050997, 0.54771006, 0.40975827), (-1.0180423, 0.74585277, 0.40975603), (-1.0029881, 0.49618593, -0.22081897), (-0.990331, 0.31003922, -0.3094294), (-0.99041903, 0.31898308, 0.40975603), (-0.9901896, 0.23842567, -0.19153488), (-0.990155, 0, -0.3020617), (-0.99017155, 0.30741623, 0.008875162), (-0.99015355, -1.36875e-7, 0.40975603), (-0.9186218, 0.7458486, 0.40974304), (-1.0180423, 0.74585277, 0.40975603), (-1.0180792, 0.745837, -0.007009336), (-0.90657866, 0.7458358, 0.29443762), (-0.9173478, 0.74585074, 0.18612415), (-0.90661186, 0.745837, 0.09589342), (-0.9163061, 0.74584967, -0.0028019922), (-0.909105, 0.74160767, -0.113730595), (-0.91808075, 0.7323922, -0.3178484), (-1.0180387, 0.7313619, -0.4093216), (-0.79136074, 0.7326168, -0.40467983), (-0.7752041, 0.7327149, -0.29570836), (-0.9015209, 0.71063805, -0.29815838), (-0.76388526, 0.708131, -0.27578807), (-0.66584706, 0.73258483, -0.31066534), (-0.67187715, 0.7325518, -0.40955186), (-0.57483363, 0.7327149, -0.29556495), (-0.5702515, 0.7325934, -0.40470377), (-0.4756123, 0.73258805, -0.30839548), (-0.4790221, 0.7325934, -0.4091305), (-0.38943553, 0.73272216, -0.2949524), (-0.38437146, 0.7326063, -0.40477327), (-0.30131406, 0.73239976, -0.31191206), (-0.30687183, 0.7139358, -0.29002175), (-0.28669858, 0.7325998, -0.40975603), (-0.29946342, 0.7112649, -0.29496548), (-0.28137872, 0.7322688, -0.39769658), (-0.27427185, 0.73259234, -0.40842676), (-0.20240402, 0.7327318, -0.29575828), (-0.1263425, 0.73261994, -0.406915), (-0.12994, 0.73261255, -0.30258298), (-0.000014529117, 0.7326029, -0.3038167), (-0.0002514172, 0.7326159, -0.40724942), (0.13147011, 0.7326093, -0.3024722), (0.12986101, 0.73257846, -0.4074102), (0.19963627, 0.7325934, -0.40480804), (0.21051306, 0.7327414, -0.2972613), (0.2748588, 0.732586, -0.40847453), (0.3013589, 0.732438, -0.31145164), (0.2817356, 0.7322825, -0.39855248), (0.28643656, 0.73257846, -0.40931726), (0.38830984, 0.73273814, -0.29506975), (0.38958392, 0.7325998, -0.40486667), (0.47575238, 0.73259234, -0.30837592), (0.47675696, 0.73259443, -0.40903708), (0.5653911, 0.7325871, -0.40469941), (0.57370466, 0.73271596, -0.2956258), (0.6697346, 0.7321039, -0.30904496), (0.66518724, 0.7325967, -0.4095062), (0.77482176, 0.73270947, -0.29577348), (0.82696503, 0.7326073, -0.40677157), (0.92538714, 0.7323592, -0.31765297), (1.0180792, 0.731365, -0.4093716), (1.0180756, 0.74579746, -0.008114925), (0.91460717, 0.74252534, -0.08914691), (0.9030272, 0.7129757, -0.3000786), (0.8957814, 0.7110042, -0.17641063), (0.89125097, 0.7229437, -0.08952699), (0.90427446, 0.7277721, -0.0009839593), (0.92404824, 0.7458762, -0.0010686666), (0.8910778, 0.7260338, 0.08793706), (0.9146584, 0.7458432, 0.08793706), (1.018033, 0.74585277, 0.40975168), (0.9249889, 0.74585384, 0.18673457), (0.90549797, 0.7278392, 0.18600039), (0.89167804, 0.7261403, 0.29047576), (0.9153531, 0.74584645, 0.30314553), (0.9265075, 0.7458432, 0.40972126), (0.9005044, 0.71878886, 0.409717), (-0.28593814, 0.3939935, -0.22370137), (-0.2861814, 0.4965117, -0.2288427), (-0.28386188, 0.5486119, -0.24150376), (-0.28628996, 0.22258475, -0.20759962), (-0.28199688, 0.20606467, -0.21174619), (-0.28604823, 0.22670971, -0.19307484), (-0.909105, 0.74160767, -0.113730595), (-0.91808075, 0.7323922, -0.3178484), (-0.9015209, 0.71063805, -0.29815838), (-0.8954856, 0.71037924, -0.17619123), (-0.87216616, 0.6075898, -0.26084843), (-0.88942146, 0.72237194, -0.08817598), (-0.9163061, 0.74584967, -0.0028019922), (-0.8743924, 0.6297017, -0.16843903), (-0.8782577, 0.69657797, -0.08884499), (-0.8979932, 0.72042394, -0.00068855623), (-0.8523289, 0.5534873, -0.17051342), (-0.8564633, 0.55164766, -0.23854972), (-0.84249616, 0.56476885, -0.08931195), (-0.8460383, 0.48623192, -0.226436), (-0.8893897, 0.7254835, 0.08938366), (-0.90661186, 0.745837, 0.09589342), (-0.89826804, 0.7187908, 0.18608509), (-0.9173478, 0.74585074, 0.18612415), (-0.90657866, 0.7458358, 0.29443762), (-0.8782512, 0.69903475, 0.08903828), (-0.86715597, 0.63037324, -0.10061553), (-0.88034976, 0.6556191, -0.002222049), (-0.8700539, 0.6301592, -0.037481587), (-0.8900462, 0.7259422, 0.29399455), (-0.9010051, 0.719519, 0.40968007), (-0.9186218, 0.7458486, 0.40974304), (-0.877713, 0.6957275, 0.29097095), (-0.8760783, 0.631906, 0.3873705), (-0.8588995, 0.5648764, 0.40975827), (-0.8674063, 0.6329119, 0.3066035), (-0.8815249, 0.6535782, 0.18287039), (-0.871452, 0.6315186, 0.2287645), (-0.84298456, 0.5661792, 0.29136196), (-0.87279737, 0.6350218, 0.14702228), (-0.8361218, 0.50678724, 0.3006303), (-0.8465447, 0.4965734, 0.40972996), (-0.8464675, 0.41400608, 0.32119775), (-0.8465649, 0.30590987, 0.40975603), (-0.8463643, 0.43250722, 0.1693578), (-0.8465663, 0.30590996, -0.00250876), (-0.84526056, 0.49535775, 0.18542913), (-0.8546735, 0.5575291, 0.18608724), (-0.84286696, 0.56678706, 0.08850397), (-0.8360944, 0.50413454, 0.098169774), (-0.8465584, 0.42132252, 0.0014466149), (-0.8689667, 0.6094196, 0.18126094), (-0.8466709, 0.39336762, -0.22345378), (-0.8465663, 0.2642484, -0.17203604), (-0.8465663, 0.22670542, -0.1931227), (-0.8465663, 0.22258794, -0.20759313), (-0.84412295, 0.49627954, -0.0009340034), (-0.8362358, 0.50884295, -0.085921355), (-0.8533771, 0.5568626, -0.00088186766), (-0.8680996, 0.6093238, -0.0016334138), (-0.88138354, 0.6311236, -0.0070744967), (-0.88684386, 0.6319413, -0.0023024147), (-0.8707262, 0.6321935, 0.03399972), (-0.86722094, 0.63217115, 0.09939265), (-0.88165766, 0.63238394, 0.17531809), (-0.88726014, 0.6318932, 0.1807483), (-0.990155, 0, -0.3020617), (-0.28626156, 0, -0.30206385), (-0.286271, 0.30572692, -0.30923393), (-0.7670032, 0.31186375, -0.31012663), (-0.46351966, 0.39893815, -0.32120645), (-0.990331, 0.31003922, -0.3094294), (-0.8352835, 0.5346998, -0.33960629), (-1.0051812, 0.54622096, -0.34650046), (-1.0180387, 0.7313619, -0.4093216), (-0.28577965, 0.5236299, -0.33731684), (-0.8507303, 0.6454158, -0.37517422), (-0.79136074, 0.7326168, -0.40467983), (-0.7868029, 0.64232653, -0.3681844), (-0.7434731, 0.64503366, -0.36985478), (-0.67187715, 0.7325518, -0.40955186), (-0.7610754, 0.5841748, -0.35035592), (-0.666847, 0.5958428, -0.36145967), (-0.75151676, 0.5510708, -0.33719957), (-0.75514185, 0.51760817, -0.33016846), (-0.6589773, 0.4773772, -0.33144784), (-0.6601135, 0.55099416, -0.34542963), (-0.5955822, 0.6456936, -0.37025008), (-0.5702515, 0.7325934, -0.40470377), (-0.57285464, 0.59154534, -0.35259315), (-0.5477679, 0.6519465, -0.37133175), (-0.47354394, 0.5484957, -0.34498435), (-0.56041676, 0.5462454, -0.33558354), (-0.4790221, 0.7325934, -0.4091305), (-0.57863593, 0.5106558, -0.3295212), (-0.4760139, 0.6427066, -0.37548268), (-0.4137539, 0.6463536, -0.37016973), (-0.38437146, 0.7326063, -0.40477327), (-0.47312063, 0.4963478, -0.33422163), (-0.39484382, 0.51104224, -0.32948866), (-0.36868933, 0.64761394, -0.37005025), (-0.28669858, 0.7325998, -0.40975603), (-0.28638634, 0.6428365, -0.37603438), (-0.38625288, 0.5836904, -0.34970868), (-0.37678754, 0.5510761, -0.3369867), (-0.8465663, 0.22258794, -0.20759313), (-0.28628996, 0.22258475, -0.20759962), (-0.28604823, 0.22670971, -0.19307484), (-0.8465663, 0.22670542, -0.1931227), (-0.28623754, 0.2642548, -0.17200783), (-0.8465663, 0.2642484, -0.17203604), (-0.8465663, 0.30590996, -0.00250876), (-0.28626218, 0.30590996, -0.0025109397), (-0.28625938, 0.30590987, 0.40975392), (-0.8465649, 0.30590987, 0.40975603), (-0.28168163, 0.29095572, -0.0032059995), (-0.27980635, 0.26208854, -0.16768314), (-0.27492768, 0.30593222, -0.0024131897), (0.27509463, 0.26424733, -0.17204253), (-0.27507326, 0.30590987, 0.40975392), (0.2750605, 0.30590996, -0.0025109397), (0.27506423, 0.30590987, 0.40975168), (-0.2750752, 0, -0.30206385), (-0.2816975, 0.0101160025, -0.29569307), (-0.28169578, 0.010115866, 0.39307004), (-0.27507326, -1.36875e-7, 0.40975392), (-0.28169578, 0.29095134, 0.39307004), (-0.27507326, 0.30590987, 0.40975392), (-0.28168163, 0.29095572, -0.0032059995), (-0.28169578, 0.29095134, 0.39307004), (-0.28626218, 0.30590996, -0.0025109397), (-0.28168163, 0.29095572, -0.0032059995), (-0.28625938, 0.30590987, 0.40975392), (-0.28625938, -1.36875e-7, 0.40975392), (-0.28169578, 0.010115866, 0.39307004), (-0.2816975, 0.0101160025, -0.29569307), (-0.28626156, 0, -0.30206385), (-0.286271, 0.30572692, -0.30923393), (-0.2816975, 0.30611756, -0.3026351), (-0.281989, 0.5282403, -0.33339626), (-0.28577965, 0.5236299, -0.33731684), (-0.28638634, 0.6428365, -0.37603438), (-0.28137872, 0.7322688, -0.39769658), (-0.28669858, 0.7325998, -0.40975603), (-0.28626156, 0, -0.30206385), (-0.990155, 0, -0.3020617), (-0.28625938, -1.36875e-7, 0.40975392), (-0.99015355, -1.36875e-7, 0.40975603), (0.28585142, 0.40053385, -0.22425742), (0.28443667, 0.5580391, -0.24300912), (0.2861946, 0.49898458, -0.22929448), (0.28627142, 0.22258265, -0.20759748), (0.281683, 0.21028863, -0.21401383), (0.27506223, 0, -0.30206597), (-0.2750752, 0, -0.30206385), (-0.27507326, -1.36875e-7, 0.40975392), (0.27506423, -1.36875e-7, 0.40975168), (-0.27507326, -1.36875e-7, 0.40975392), (-0.27507326, 0.30590987, 0.40975392), (0.27506423, 0.30590987, 0.40975168), (0.27506423, -1.36875e-7, 0.40975168), (0.47502652, 0.29481453, 0.39697328), (0.3679261, 0.3006714, 0.32744467), (0.3728201, 0.29643786, 0.39703414), (0.2841135, 0.29468778, 0.3976619), (0.31005552, 0.2948326, 0.25015092), (0.2841034, 0.2947805, 0.08553038), (0.39717987, 0.29530427, 0.24529624), (0.46754935, 0.29470384, 0.16632344), (0.3717354, 0.3005193, 0.17061546), (0.37772146, 0.29712552, 0.084598556), (0.4291353, 0.2947752, 0.08417934), (0.37101462, 0.28601637, 0.035478916), (0.38258114, 0.25084734, -0.07323201), (0.2840976, 0.21593054, -0.19213222), (0.5214574, 0.21573672, -0.1931227), (0.40322432, 0.25849044, -0.043076888), (0.5627277, 0.25365227, -0.0625475), (0.49285778, 0.29493698, 0.08480708), (0.7616496, 0.23529707, -0.12582262), (0.70037425, 0.29486033, 0.08462245), (0.8524076, 0.21593583, -0.19262528), (0.763381, 0.25545874, -0.055362225), (0.8524032, 0.29483268, 0.08486355), (0.57754904, 0.28165936, 0.024522897), (0.64518106, 0.2948742, 0.08525887), (0.5669014, 0.29708198, 0.08390566), (0.56285805, 0.30059484, 0.16423827), (0.5556224, 0.29570228, 0.24606305), (0.5596376, 0.30065015, 0.327347), (0.6353244, 0.29498377, 0.39699933), (0.7522613, 0.29570448, 0.24615212), (0.6991894, 0.29493907, 0.39701018), (0.75686383, 0.30064803, 0.32734042), (0.8523679, 0.29460272, 0.3973578), (0.759124, 0.30050322, 0.17055897), (0.7897217, 0.29631338, 0.08232655), (0.7533715, 0.2848167, 0.03196013), (0.28172895, 0.52842134, -0.333103), (0.2750343, 0.3067083, -0.30925563), (0.2816843, 0.30611756, -0.30263725), (0.28168452, 0.0101160025, -0.29569307), (0.27506223, 0, -0.30206597), (-0.2749515, 0.30489236, -0.3092231), (-0.2750752, 0, -0.30206385), (-0.2816975, 0.0101160025, -0.29569307), (-0.2816975, 0.30611756, -0.3026351), (-0.281989, 0.5282403, -0.33339626), (0.27522627, 0.5306323, -0.33906108), (0.2750794, 0.6411673, -0.3740534), (0.2817356, 0.7322825, -0.39855248), (0.2748588, 0.732586, -0.40847453), (0.22033659, 0.64388406, -0.36934215), (0.19963627, 0.7325934, -0.40480804), (0.17722154, 0.6435178, -0.36874053), (0.12986101, 0.73257846, -0.4074102), (0.19705601, 0.585069, -0.35043412), (0.12909597, 0.6425023, -0.37250257), (0.12236099, 0.5629646, -0.34661987), (0.062407736, 0.6448004, -0.36840165), (-0.0002514172, 0.7326159, -0.40724942), (0.19082256, 0.53693736, -0.3334071), (0.22311911, 0.3998409, -0.32057655), (0.12544976, 0.41569018, -0.3233112), (0.12531327, 0.5079349, -0.3330248), (0.06048974, 0.5548138, -0.33955413), (-0.00074170635, 0.612711, -0.36312562), (0.0049995165, 0.41113737, -0.32253796), (0.07384131, 0.5082947, -0.32938874), (-0.00023182381, 0.50526524, -0.3324796), (0.00024128867, 0.5506547, -0.3419217), (-0.06120767, 0.64815587, -0.36948112), (-0.1263425, 0.73261994, -0.406915), (-0.06333415, 0.51107407, -0.32945386), (-0.078539185, 0.5608376, -0.34248424), (-0.11517441, 0.39369968, -0.32036588), (-0.12510103, 0.50720686, -0.33287275), (-0.13005212, 0.6002052, -0.35907033), (-0.12446562, 0.5529677, -0.34266886), (-0.19210407, 0.53724605, -0.33350703), (-0.219989, 0.40089366, -0.32052878), (-0.27523372, 0.531041, -0.33915013), (-0.19736911, 0.5856683, -0.35066217), (-0.12887911, 0.67030925, -0.3825419), (-0.17644414, 0.64506876, -0.3692401), (-0.21763355, 0.6490778, -0.3708539), (-0.27427185, 0.73259234, -0.40842676), (-0.2751252, 0.6363495, -0.3724265), (-0.28137872, 0.7322688, -0.39769658), (-0.27950826, 0.444765, 0.1634606), (-0.20543075, 0.4590793, 0.16540901), (-0.27952656, 0.4391316, 0.24320671), (-0.27952015, 0.43837804, 0.08098203), (-0.20531692, 0.4482576, 0.24321757), (-0.20570727, 0.45902938, 0.32451886), (-0.27957144, 0.44109455, 0.39325687), (-0.19123448, 0.45083687, 0.39338934), (-0.17847203, 0.45916453, 0.3212021), (-0.14188369, 0.44315007, 0.24329364), (-0.09729819, 0.43865362, 0.39334157), (-0.17960781, 0.459238, 0.16177721), (-0.2054226, 0.44736654, 0.081307836), (-0.14234625, 0.44226548, 0.08039773), (-0.18119468, 0.44765526, 0.0016290721), (-0.21393627, 0.44685772, 0.010604147), (-0.2795004, 0.4334919, 0.009887352), (-0.2795384, 0.4171252, -0.073557824), (-0.09701821, 0.44160655, 0.30169025), (-0.20678714, 0.42700163, -0.07184621), (-0.023975827, 0.45705995, 0.32938874), (-0.0063875956, 0.4513957, 0.3933785), (0.010582882, 0.45931774, 0.32244456), (0.09680836, 0.43823743, 0.3929202), (-0.20527002, 0.4306114, -0.13831215), (-0.27954635, 0.40751594, -0.20311648), (-0.18607622, 0.41851547, -0.20442192), (-0.16677868, 0.428855, -0.13713269), (-0.16379775, 0.4254422, -0.070964344), (-0.0969077, 0.41261917, -0.15028253), (-0.09639362, 0.4046077, -0.20325981), (-0.09741073, 0.41300443, -0.12414582), (-0.015233887, 0.43037614, -0.14061679), (0.0054191295, 0.41862506, -0.2044262), (0.025037203, 0.42873785, -0.13757797), (0.0985271, 0.40459174, -0.20434372), (-0.09679847, 0.42667487, -0.018934108), (-0.135541, 0.41815877, -0.07267378), (-0.096983805, 0.43277657, 0.022683138), (-0.04859077, 0.42528668, -0.10364776), (-0.020088978, 0.4269229, -0.07137487), (-0.09866295, 0.40463006, -0.099012576), (-0.061488587, 0.41834083, -0.0713727), (-0.098770656, 0.3864621, -0.073075615), (-0.09675815, 0.41261488, -0.045062173), (-0.053875826, 0.4297321, -0.049137015), (0.010556464, 0.44765306, 0.0015834578), (-0.032391056, 0.44619462, 0.020146132), (-0.02006256, 0.44724855, 0.08112972), (0.029723212, 0.4252718, -0.07095131), (0.053430013, 0.4420015, 0.08054326), (0.09754304, 0.43218043, 0.023336934), (0.010592347, 0.45936254, 0.16349974), (0.09707788, 0.41318327, -0.12844434), (0.097691, 0.42616066, -0.019083986), (0.1854926, 0.43047088, -0.13982177), (0.19537601, 0.41814712, -0.20443277), (0.059543733, 0.41817695, -0.07271723), (0.21932149, 0.4287134, -0.14082311), (0.28880963, 0.40703475, -0.20352699), (0.2888268, 0.41653445, -0.07444838), (0.20906375, 0.4270708, -0.071283646), (0.2161222, 0.44615418, -0.00017159412), (0.2888213, 0.43832576, 0.08566505), (0.12398242, 0.41915944, -0.114792794), (0.1404221, 0.42126822, -0.07113377), (0.18533123, 0.44765526, 0.0015639025), (0.20976697, 0.4473869, 0.08133174), (0.09592752, 0.4046044, -0.09982273), (0.097000755, 0.38607255, -0.073364496), (0.09760933, 0.41263086, -0.04451481), (0.14149116, 0.44207284, 0.08032822), (0.09760291, 0.42739865, 0.04724513), (0.20781283, 0.45925075, 0.16443588), (0.28879642, 0.43831939, 0.2446077), (0.18302684, 0.45909005, 0.16147313), (0.20979424, 0.4482587, 0.24330227), (0.14214815, 0.44325227, 0.24293081), (0.2196931, 0.45805967, 0.32256404), (0.2887755, 0.44329497, 0.31146243), (0.28878078, 0.43841848, 0.39339593), (0.19088352, 0.45140427, 0.39337635), (0.18705675, 0.4592699, 0.32498372), (0.09793692, 0.44100413, 0.30164248), (0.097705714, 0.4407688, 0.13978697), (0.09747017, 0.44101682, 0.18553117), (0.098435774, 0.431778, 0.27608567), (0.05853564, 0.44050062, 0.24312851), (0.10097044, 0.4113725, 0.24416241), (0.09760753, 0.4321474, 0.21109235), (0.09727359, 0.4084121, 0.24381055), (0.019190308, 0.4481054, 0.24320671), (-0.031081568, 0.44675452, 0.24280056), (-0.022935156, 0.45781896, 0.16362572), (0.097613305, 0.43280432, 0.11592875), (0.09886263, 0.41289595, 0.08654258), (0.09720881, 0.4074371, 0.081233986), (0.09727972, 0.41622356, 0.069068104), (-0.059821352, 0.44027588, 0.24348697), (-0.09715492, 0.44156405, 0.18571801), (-0.097001046, 0.4417397, 0.14153334), (-0.096751586, 0.43211865, 0.2755861), (-0.09819995, 0.40863994, 0.24371935), (-0.096750714, 0.4322655, 0.21161799), (-0.05935748, 0.43939358, 0.08030651), (-0.09677907, 0.42762014, 0.04775339), (-0.096730225, 0.43294466, 0.115400985), (-0.09787236, 0.41563162, 0.07048431), (-0.09825939, 0.40806627, 0.080953784), (-0.27951533, 0.2947805, 0.08553038), (-0.18103842, 0.25084734, -0.07322767), (-0.27952188, 0.21593054, -0.19213222), (-0.04203013, 0.2157399, -0.19312048), (-0.19260465, 0.28601637, 0.035481088), (-0.16039525, 0.25849044, -0.043074716), (-0.18589789, 0.29712552, 0.084600724), (-0.1270758, 0.29483268, 0.0845095), (-0.00089162897, 0.25365227, -0.06254532), (-0.25356382, 0.2948326, 0.25015527), (-0.27950826, 0.29468778, 0.3976619), (0.19815089, 0.23580268, -0.12425658), (0.13675499, 0.29486033, 0.084624626), (0.2887885, 0.21593793, -0.19262092), (0.19976172, 0.25545874, -0.055360053), (0.28878012, 0.29483268, 0.08486355), (-0.18964358, 0.300614, 0.16790468), (-0.097434245, 0.29468885, 0.1691537), (-0.19569328, 0.3006714, 0.32744467), (-0.19079919, 0.29643786, 0.39703625), (-0.1664394, 0.29530427, 0.24529846), (-0.09645263, 0.2948741, 0.3256462), (0.0028521146, 0.29586726, 0.3970471), (-0.07076155, 0.29493698, 0.08480708), (0.013930567, 0.28165936, 0.024527239), (0.00328208, 0.29708198, 0.08390783), (0.08156151, 0.2948742, 0.08525887), (-0.00076129974, 0.30059484, 0.1642404), (-0.026298914, 0.29532653, 0.24793105), (-0.0039817356, 0.30065015, 0.32734913), (0.06898621, 0.2949114, 0.25540087), (0.13557008, 0.29493907, 0.39701456), (0.18864211, 0.29570448, 0.24615425), (0.19324468, 0.30064803, 0.32734263), (0.28875414, 0.29460272, 0.39735994), (0.19550478, 0.30050322, 0.1705612), (0.22610271, 0.29631338, 0.08232872), (0.18975236, 0.2848167, 0.031962298), (0.28411126, 0.444765, 0.1634606), (0.3581886, 0.4590793, 0.1654068), (0.284093, 0.4391316, 0.24320458), (0.2840992, 0.43837804, 0.08098203), (0.35830265, 0.4482576, 0.24321757), (0.35791138, 0.45902938, 0.3245167), (0.2840479, 0.44109455, 0.39325473), (0.37238488, 0.45083687, 0.3933872), (0.38514733, 0.45916453, 0.3212021), (0.42173567, 0.44315007, 0.24329364), (0.46632108, 0.43865362, 0.3933372), (0.38401178, 0.459238, 0.16177721), (0.3581959, 0.44736654, 0.081307836), (0.4212731, 0.44226548, 0.080395564), (0.38242397, 0.44765526, 0.0016290721), (0.3496833, 0.44685772, 0.010601967), (0.28411853, 0.4334919, 0.009885181), (0.2840811, 0.4171252, -0.073557824), (0.46660137, 0.44160655, 0.30169025), (0.35683224, 0.42700163, -0.07184621), (0.5396435, 0.45705995, 0.3293844), (0.5572317, 0.4513957, 0.39337635), (0.57420135, 0.45931774, 0.3224424), (0.6604271, 0.43823743, 0.3929202), (0.35834956, 0.4306114, -0.13831437), (0.28407344, 0.40751594, -0.20311862), (0.3775423, 0.41851547, -0.20442405), (0.3968407, 0.428855, -0.13713491), (0.39982095, 0.4254422, -0.070964344), (0.46671188, 0.41261917, -0.15028253), (0.46722597, 0.4046077, -0.20326203), (0.46620864, 0.41300443, -0.12415018), (0.5483855, 0.43037614, -0.14061679), (0.56903756, 0.41862506, -0.2044262), (0.5886568, 0.42873785, -0.1375802), (0.66214645, 0.40459174, -0.20434585), (0.46682003, 0.42667487, -0.018934108), (0.42807856, 0.41815877, -0.07267595), (0.4666357, 0.43277657, 0.022683138), (0.5150288, 0.42528668, -0.10364999), (0.5435297, 0.4269229, -0.07137705), (0.46495634, 0.40463006, -0.099016845), (0.50213075, 0.41834083, -0.0713727), (0.4648487, 0.3864621, -0.07307996), (0.46686113, 0.41261488, -0.045062173), (0.50974375, 0.4297321, -0.049139187), (0.5741758, 0.44765306, 0.001581278), (0.53122854, 0.44619462, 0.020146132), (0.543557, 0.44724855, 0.081127554), (0.5933427, 0.4252718, -0.07095131), (0.6170496, 0.4420015, 0.08054109), (0.66116166, 0.43218043, 0.023334764), (0.5742119, 0.45936254, 0.16349752), (0.6606974, 0.41318327, -0.12844656), (0.6613105, 0.42616066, -0.019083986), (0.7491116, 0.43047088, -0.1398239), (0.75899416, 0.41814712, -0.20443277), (0.6231622, 0.41817695, -0.07271939), (0.7829412, 0.4287134, -0.14082524), (0.8524285, 0.40703475, -0.20353134), (0.85244507, 0.41653445, -0.07445055), (0.7726821, 0.4270708, -0.07128799), (0.77974176, 0.44615418, -0.00017376496), (0.8524393, 0.43832576, 0.08566288), (0.6876018, 0.41916052, -0.114792794), (0.7040415, 0.42126822, -0.07113594), (0.7489507, 0.44765526, 0.0015617317), (0.7733862, 0.4473869, 0.081329554), (0.6595471, 0.4046044, -0.09982273), (0.66061926, 0.38607255, -0.07336885), (0.6612286, 0.41263086, -0.04451698), (0.70511043, 0.44207284, 0.08032605), (0.6612216, 0.42739865, 0.047242958), (0.7714319, 0.45925075, 0.16443151), (0.8524162, 0.43831939, 0.24460557), (0.7466458, 0.45909005, 0.16147313), (0.7734136, 0.4482587, 0.243298), (0.7057668, 0.44325227, 0.24293081), (0.774956, 0.4593273, 0.32255968), (0.8523953, 0.44329497, 0.3114603), (0.85240686, 0.43837795, 0.39295927), (0.75450265, 0.45140427, 0.39337412), (0.73684984, 0.45704827, 0.3294213), (0.6615562, 0.44100413, 0.30164248), (0.6613253, 0.4407688, 0.13978484), (0.6610889, 0.44101682, 0.18553117), (0.6620542, 0.431778, 0.27608567), (0.6221552, 0.44050062, 0.24312638), (0.66459, 0.4113725, 0.24416241), (0.6612271, 0.4321474, 0.21109022), (0.6608929, 0.4084121, 0.2438084), (0.5828096, 0.4481054, 0.24320671), (0.532538, 0.44675452, 0.24279834), (0.5406842, 0.45781896, 0.1636235), (0.6612326, 0.43280432, 0.115926616), (0.66248196, 0.41289595, 0.08654039), (0.6608284, 0.4074371, 0.08123182), (0.6608982, 0.41622356, 0.069065936), (0.5037971, 0.44027588, 0.24348697), (0.46646467, 0.44156405, 0.18571801), (0.4666183, 0.4417397, 0.141529), (0.46686798, 0.43211865, 0.2755839), (0.4654187, 0.40863994, 0.24371499), (0.46686864, 0.4322655, 0.21161585), (0.5042621, 0.43939358, 0.08030216), (0.4668402, 0.42762014, 0.04775339), (0.46688935, 0.43294466, 0.115400985), (0.46574715, 0.41563162, 0.070479974), (0.46535924, 0.40806627, 0.08094945), (-0.84806544, 0.444765, 0.16346282), (-0.7739871, 0.4590793, 0.16541114), (-0.84808344, 0.4391316, 0.24320671), (-0.84807765, 0.43837804, 0.080986366), (-0.77387387, 0.4482576, 0.2432198), (-0.77426416, 0.45902938, 0.32451886), (-0.8481282, 0.44109556, 0.39325687), (-0.7597913, 0.45083687, 0.39338934), (-0.7470289, 0.45916453, 0.32120433), (-0.71044093, 0.44315007, 0.24329364), (-0.665855, 0.43865362, 0.39334157), (-0.7481644, 0.459238, 0.16177945), (-0.7739799, 0.44736654, 0.08131001), (-0.7109033, 0.44226548, 0.080402076), (-0.7497515, 0.44765526, 0.0016312429), (-0.7824925, 0.44685772, 0.010604147), (-0.8480575, 0.4334919, 0.009887352), (-0.8480957, 0.4171252, -0.07355565), (-0.66557497, 0.44160655, 0.3016924), (-0.7753441, 0.42700163, -0.07184621), (-0.5925328, 0.45705995, 0.32938874), (-0.5749444, 0.4513957, 0.3933785), (-0.55797434, 0.45931774, 0.32244456), (-0.4717486, 0.43823743, 0.39292458), (-0.77382624, 0.4306114, -0.13831), (-0.84810364, 0.40751594, -0.20311426), (-0.75463325, 0.41851547, -0.2044197), (-0.73533565, 0.428855, -0.13713054), (-0.73235476, 0.4254422, -0.070962176), (-0.6654644, 0.41261917, -0.15027818), (-0.6649497, 0.4046077, -0.20325768), (-0.6659677, 0.41300443, -0.12414582), (-0.5837911, 0.43037614, -0.14061242), (-0.5631381, 0.41862506, -0.20442192), (-0.54351974, 0.42873785, -0.13757583), (-0.4700292, 0.40459174, -0.20434372), (-0.6653556, 0.42667487, -0.018931938), (-0.70409685, 0.41815877, -0.07267378), (-0.66554064, 0.43277657, 0.02268531), (-0.61714774, 0.42528668, -0.10364776), (-0.58864594, 0.4269229, -0.0713727), (-0.5144113, 0.42124587, -0.071405284), (-0.5580003, 0.44765306, 0.0015834578), (-0.47147915, 0.41318327, -0.12844221), (-0.6672191, 0.40463006, -0.099012576), (-0.63004553, 0.41834083, -0.07137052), (-0.6673278, 0.3864621, -0.073075615), (-0.6653145, 0.41261488, -0.04506), (-0.62243193, 0.4297321, -0.049134843), (-0.6009469, 0.44619462, 0.020150471), (-0.58861935, 0.44724855, 0.0811319), (-0.51512694, 0.4420015, 0.08054543), (-0.471014, 0.43218043, 0.023339106), (-0.5579646, 0.45936254, 0.16349974), (-0.47086602, 0.42616066, -0.019081805), (-0.62791425, 0.43939358, 0.08030651), (-0.66533524, 0.42762014, 0.04775557), (-0.66642916, 0.41563162, 0.07048431), (-0.6668162, 0.40806627, 0.080953784), (-0.66528696, 0.43294466, 0.11540312), (-0.6655578, 0.4417397, 0.14153334), (-0.5914924, 0.45781896, 0.16362572), (-0.66571194, 0.44156405, 0.18571801), (-0.5493667, 0.4481054, 0.24320886), (-0.59963834, 0.44675452, 0.24280271), (-0.6653079, 0.4322655, 0.21161799), (-0.62837833, 0.44027588, 0.24349123), (-0.66675675, 0.40863994, 0.24371935), (-0.6653086, 0.43211865, 0.27558824), (-0.47108686, 0.44101682, 0.1855334), (-0.5100213, 0.44050062, 0.24312851), (-0.47085124, 0.4407688, 0.13978921), (-0.4706201, 0.44100413, 0.30164462), (-0.39532667, 0.45704827, 0.32942566), (-0.4264089, 0.44325227, 0.24293518), (-0.47012123, 0.431778, 0.2760878), (-0.3776735, 0.45140427, 0.3933785), (-0.35722077, 0.4593273, 0.32256404), (-0.27977598, 0.43841848, 0.39339805), (-0.2797813, 0.44329497, 0.31146464), (-0.2797606, 0.43831939, 0.2446077), (-0.35876277, 0.4482587, 0.24330227), (-0.3607439, 0.45925075, 0.16443588), (-0.2797357, 0.43832576, 0.08566505), (-0.38553032, 0.45909005, 0.16147748), (-0.35879028, 0.4473869, 0.08133608), (-0.3524348, 0.44615418, -0.00017159412), (-0.27973014, 0.41653445, -0.07444621), (-0.4270658, 0.44207284, 0.080330394), (-0.38322538, 0.44765526, 0.0015660733), (-0.3594935, 0.4270708, -0.071283646), (-0.4709495, 0.4321474, 0.21109459), (-0.46758637, 0.4113725, 0.24416465), (-0.47128344, 0.4084121, 0.24381277), (-0.47094393, 0.43280432, 0.115930974), (-0.34923553, 0.4287134, -0.14082311), (-0.2797474, 0.40703475, -0.20352699), (-0.37318137, 0.41814712, -0.20442842), (-0.3830642, 0.43047088, -0.13982177), (-0.42813492, 0.42126822, -0.071131594), (-0.4445743, 0.41915944, -0.11479057), (-0.47262922, 0.4046044, -0.09982059), (-0.4715562, 0.38607255, -0.073364496), (-0.47094768, 0.41263086, -0.04451047), (-0.47095403, 0.42739865, 0.047247298), (-0.47127724, 0.41622356, 0.069072455), (-0.47134793, 0.4074371, 0.081236154), (-0.4696941, 0.41289595, 0.08654258), (-0.84807193, 0.2947805, 0.08553256), (-0.7495949, 0.25084734, -0.0732255), (-0.8480784, 0.21593054, -0.19213222), (-0.5128015, 0.21573782, -0.19312048), (-0.761162, 0.28601637, 0.035485428), (-0.72895193, 0.25849044, -0.043074716), (-0.75445503, 0.29712552, 0.0846029), (-0.69563276, 0.29483268, 0.0845095), (-0.8221201, 0.2948326, 0.25015527), (-0.84806544, 0.29468778, 0.397664), (-0.56658965, 0.25430062, -0.060240738), (-0.7582006, 0.300614, 0.1679069), (-0.7642503, 0.3006714, 0.32744467), (-0.75935626, 0.29643786, 0.3970385), (-0.73499656, 0.29530427, 0.24530281), (-0.6650094, 0.2948741, 0.3256462), (-0.5657049, 0.29586726, 0.39704934), (-0.6659915, 0.29468885, 0.16915585), (-0.6373646, 0.29491562, 0.08462896), (-0.57253855, 0.30065015, 0.32735127), (-0.59485567, 0.29532653, 0.24793318), (-0.49957055, 0.2949114, 0.25540087), (-0.43298715, 0.29493907, 0.39701676), (-0.56931853, 0.30059484, 0.16424477), (-0.48959488, 0.2948752, 0.08533055), (-0.3799149, 0.29570448, 0.24615425), (-0.5749133, 0.29718837, 0.084190205), (-0.5655248, 0.2850296, 0.03244233), (-0.37531212, 0.30064803, 0.32734478), (-0.2798028, 0.29460272, 0.39736205), (-0.27977684, 0.29483268, 0.0848679), (-0.3730524, 0.30050322, 0.17056333), (-0.43180224, 0.29486033, 0.084626794), (-0.3424543, 0.29631338, 0.08233089), (-0.3648197, 0.2533819, -0.063379414), (-0.27977005, 0.21624133, -0.19168906), (-0.3788046, 0.2848167, 0.03196448)]
                normal3f[] primvars:normals = [(0.4529824, 0.8914984, -0.00612315), (0.329368, 0.8487509, 0.4136893), (0.7470365, 0.02105717, 0.6644495), (0.4764625, 0.8791028, -0.01272184), (0.7074701, 0.7053156, -0.04490041), (0.5474059, 0.8320018, -0.09011058), (0.9390456, 0.06151165, -0.3382448), (0.9201249, -0.2518426, -0.2999091), (0.5421868, -0.8323948, 0.1146838), (0.6142001, -0.3569516, 0.7038068), (-0.767211, 0.02202924, 0.6410163), (-0.432155, 0.8656483, 0.2527749), (-0.2623788, 0.964931, 0.00810143), (-0.5318183, 0.8468449, -0.00479748), (-0.4940258, 0.8672238, -0.06214093), (-0.7882159, 0.609892, -0.08214195), (-0.5900679, 0.8019853, -0.09294817), (-0.9278263, 0.06396104, -0.3674878), (-0.8852825, -0.3391456, -0.3182063), (-0.564038, -0.818346, 0.1103223), (-0.6870652, -0.1736741, 0.7055343), (-0.00919181, 0.7723984, 0.6350719), (0.00109991, 0.3249476, 0.9457314), (-0.00038683, 0.03420663, 0.9994147), (0.00284026, -0.9385931, 0.3450144), (-0.00427745, -0.9099042, 0.4147964), (-0.00567115, -0.942663, 0.3336981), (0.00678644, 0.7983907, 0.6021016), (0.00567373, 0.8870896, 0.4615625), (0.01092945, 0.7872109, 0.6165871), (0.01017714, 0.8428323, -0.53808), (0.0030004, 0.06567678, -0.9978364), (0.00225991, -0.04634492, -0.9989229), (-0.00016702, -0.9743127, -0.2251996), (-0.00405645, -0.06521505, -0.997863), (0.00462299, 0.5702387, -0.821466), (-0.00760126, 0.7432339, -0.6689885), (-0.01039091, 0.6045012, -0.7965364), (0.7501106, 0.1184263, -0.6506222), (0.8522463, -0.518243, 0.07141826), (0.7518258, -0.4196777, -0.5085554), (0.8948152, 0.4438369, -0.04810931), (0.8957055, 0.4437537, -0.02818272), (0.80684, 0.5907071, -0.00863066), (0.878521, 0.4776943, -0.00297489), (0.6262486, 0.1533102, 0.7644009), (0.628071, -0.3021109, 0.7171162), (-0.7672162, 0.02201767, 0.6410105), (-0.4321548, 0.865647, 0.2527795), (-0.262376, 0.9649317, 0.00809929), (-0.5318139, 0.8468477, -0.00479539), (-0.4940126, 0.8672315, -0.06213678), (-0.788226, 0.6098787, -0.08214518), (-0.5900667, 0.801986, -0.09295046), (-0.9278252, 0.06396085, -0.3674909), (-0.8853057, -0.3390552, -0.318238), (-0.5640454, -0.8183409, 0.1103216), (-0.6870528, -0.1736879, 0.7055431), (0.00134894, 0.8818148, 0.4715939), (0.00248895, 0.3261106, 0.9453283), (-0.00047369, 0.03424509, 0.9994134), (0.00515171, -0.8753079, 0.4835385), (-0.00354437, -0.989118, 0.1470818), (-0.0022068, -0.949335, 0.314258), (0.00217393, -0.9352129, 0.3540792), (0.00678726, 0.7983746, 0.6021229), (0.00567431, 0.8870917, 0.4615584), (0.01092875, 0.7872162, 0.6165802), (0.01017645, 0.8428344, -0.5380766), (0.00300124, 0.0656794, -0.9978363), (0.0022599, -0.04633984, -0.9989231), (-0.00023562, -0.9742644, -0.2254077), (-0.00405736, -0.0652166, -0.9978629), (0.00462194, 0.5702312, -0.8214713), (-0.0076005, 0.7432358, -0.6689864), (-0.01039256, 0.604501, -0.7965365), (0.422421, 0.9063823, -0.00562556), (0.3237479, 0.8581799, 0.3983901), (0.7468573, 0.02106025, 0.6646507), (0.4726317, 0.8811619, -0.01315354), (0.7074705, 0.7053151, -0.04490053), (0.5474053, 0.8320023, -0.09010998), (0.9387309, 0.06021005, -0.3393511), (0.9036054, -0.338363, -0.2626932), (0.5481573, -0.8288687, 0.1118042), (0.6141947, -0.3569519, 0.7038111), (-0.7672108, 0.02202887, 0.6410166), (-0.4321566, 0.8656463, 0.2527791), (-0.2623773, 0.9649314, 0.00809834), (-0.5318139, 0.8468477, -0.00479668), (-0.4940259, 0.8672235, -0.0621424), (-0.7882131, 0.6098956, -0.08214212), (-0.5900648, 0.8019876, -0.09294876), (-0.9278252, 0.06396252, -0.3674903), (-0.8661044, -0.4032738, -0.2953531), (-0.5640418, -0.8183432, 0.1103235), (-0.6870646, -0.1736744, 0.7055348), (-0.00049208, 0.7599456, 0.6499865), (0.00349295, 0.3088467, 0.9511054), (-0.00038683, 0.03420733, 0.9994147), (0.0028403, -0.9385931, 0.3450141), (-0.00427737, -0.9099036, 0.4147976), (-0.0056704, -0.942662, 0.3337005), (0.00678654, 0.7983816, 0.6021135), (0.00567328, 0.8870912, 0.4615594), (0.01093263, 0.7872111, 0.6165867), (0.01017633, 0.8428307, -0.5380825), (0.00300025, 0.065676, -0.9978365), (0.00213879, -0.04701784, -0.9988918), (0.00143403, -0.9852165, -0.1713079), (-0.00264499, -0.06777937, -0.9976968), (0.00462336, 0.57024, -0.8214651), (-0.00760247, 0.7432308, -0.6689919), (-0.01039125, 0.6044965, -0.79654), (0.3121922, -0.9086308, 0.2773557), (0.1432289, -0.9554766, -0.2579727), (0.948325, -0.02062096, 0.3166299), (0.9991441, -0.04132475, 0.00186661), (0.9367896, -0.07238515, 0.3423238), (0.9996659, -0.02573612, 0.00241167), (0.2954257, -0.06395373, -0.9532228), (0.9977651, -0.06681819, -0.00057526), (0.9543318, -0.07431935, 0.2893571), (0.8487154, -0.1898175, -0.4936106), (0.9891593, 0.146809, -0.00331772), (0.8413618, 0.2780285, -0.4634766), (0.9447919, 0.1812815, 0.2729566), (-0.1562192, 0.9433382, 0.2927606), (-0.2484327, 0.1448433, 0.9577587), (-0.3530596, 0.1009282, 0.930141), (-0.4521118, 0.01810708, 0.8917775), (-0.07834008, 0.5769939, 0.8129826), (-0.00852819, -0.9418247, 0.3359963), (-0.01579651, 0.8096724, 0.5866696), (-0.03874912, 0.2610064, 0.9645591), (-0.157455, 0.6489196, -0.7443865), (-0.1054441, 0.04718974, 0.9933049), (-0.7793801, 0.09703761, 0.6189915), (-0.2126177, 0.9055704, -0.3670642), (-0.999268, -0.03563638, -0.01390799), (-0.9992388, -0.03757523, -0.0104808), (-0.1603433, 0.9846535, -0.06890196), (-0.6579227, 0.4150666, 0.6283767), (-0.9995515, -0.02994278, 0.00046145), (-0.9999946, 0.00241009, -0.00221222), (-0.9433151, 0.3166545, -0.09943045), (-0.5762492, 0.4709727, 0.6679233), (-0.9988538, -0.04540602, 0.01514686), (-0.9998406, -0.01772596, -0.0021252), (-0.9401993, 0.326437, -0.09728348), (-0.9466506, 0.2904197, -0.1396746), (-0.8784524, 0.4699858, -0.08622552), (-0.5128732, 0.7446673, 0.4271201), (-0.9436867, 0.330488, -0.01527112), (-0.6938314, 0.7196273, -0.02710215), (-0.9475405, 0.3196313, -0.00169679), (-0.9709523, 0.2392517, -0.00319703), (-0.9180279, 0.3964002, -0.00957372), (-0.9347536, 0.3551423, 0.01047552), (-0.6936859, 0.7200384, -0.01856317), (-0.7074752, 0.7067249, 0.00432706), (-0.9560158, 0.2775491, 0.09486979), (-0.9139733, 0.4056039, -0.01175734), (-0.936676, 0.3245938, 0.1314417), (-0.9987134, 0.05060889, 0.00322675), (-0.9224892, 0.385987, 0.00525989), (-0.6917768, 0.7221089, 0.00187737), (-0.7164837, 0.6974994, -0.01206888), (-0.9664701, 0.2565871, -0.0099231), (-0.9626153, 0.2708657, 0.00191226), (-0.9960742, -0.0792243, 0.03949344), (-0.9399917, 0.339627, 0.03269897), (-0.9366596, 0.3263535, -0.1271307), (-0.9384251, 0.3181591, 0.134659), (-0.9446022, 0.3254668, 0.04240367), (-0.9618466, 0.2735369, 0.00534155), (-0.9677826, 0.2517413, 0.00481355), (-0.9697136, 0.2337629, 0.0707847), (-0.9139169, 0.4019097, 0.05678261), (-0.9283373, 0.2727107, -0.2526237), (-0.8480392, 0.2909388, 0.4429271), (-0.9377804, 0.3203355, 0.1339887), (-0.9433681, 0.3292984, -0.04023606), (-0.9482692, 0.2760498, -0.1567865), (-0.9101504, 0.2390133, -0.3383769), (-0.8243859, 0.2722425, 0.4962579), (0.05826158, 0.1406181, 0.9883482), (0.210326, 0.2539743, 0.9440657), (0.08376699, 0.3507522, 0.9327143), (0.04419781, 0.05948023, 0.9972505), (0.000886, 0.04594519, 0.9989436), (0.2051283, 0.1760563, 0.9627703), (0.03320238, 0.03270232, 0.9989135), (0.02728367, 0.2936946, 0.9555098), (-0.246149, 0.2997351, 0.9217209), (-0.2317736, 0.08999097, 0.9685982), (-0.04477385, 0.2646205, 0.9633127), (-0.02990615, 0.0276724, 0.9991696), (-0.05874306, 0.05156051, 0.9969407), (-0.00028148, 0.04786189, 0.9988539), (-0.098143, 0.3736792, 0.9223512), (0.07491841, 0.1416027, 0.9870846), (0.00306535, 0.05991579, 0.9981988), (-0.1275678, 0.3892301, 0.9122644), (-0.05939664, 0.3323153, 0.9412962), (-0.2585943, 0.352768, 0.8992684), (0.02667257, 0.2208795, 0.9749364), (0.2763032, 0.3318604, 0.9019563), (0.1107819, 0.3305947, 0.9372483), (0.0469599, 0.4421955, 0.8956886), (0.09036867, 0.335176, 0.9378117), (0.00869945, 0.3019219, 0.953293), (0.01579499, 0.08941551, 0.9958691), (-0.2145917, 0.4604074, 0.86138), (0.0307907, 0.2762045, 0.9606056), (-0.06723119, 0.06370092, 0.9957018), (0.03833576, 0.07149275, 0.9967042), (-0.06027421, 0.3019605, 0.9514132), (-0.00378267, 0.05562853, 0.9984444), (-0.00015755, 0.07760789, 0.9969839), (0.00310644, 0.02950887, 0.9995597), (-0.0013891, 0.07296792, 0.9973333), (0.0922112, 0.2552077, 0.9624792), (-0.06418135, 0.2236332, 0.972558), (-0.05795911, 0.3269282, 0.9432701), (0.09743695, 0.3031298, 0.9479548), (0.07253774, 0.3193198, 0.9448667), (-0.00212573, 0.2055431, 0.9786457), (0.08381243, 0.5658174, 0.8202599), (-0.03541952, 0.9992564, -0.01523176), (-0.00103492, 0.9913271, 0.131414), (-0.1064465, 0.4429499, 0.8902048), (-0.00473381, 0.9779951, 0.2085743), (-0.1266172, 0.3819848, 0.9154538), (0.02623933, 0.4140925, 0.9098566), (-0.2392374, 0.4109239, 0.8797199), (-0.01244022, 0.1715727, 0.9850929), (-0.00446619, 0.3705454, 0.9288036), (0.1012976, 0.4288188, 0.8976933), (0.00661773, 0.9795477, 0.2011026), (0.01414415, 0.3854022, 0.9226403), (0.2229864, 0.3305, 0.9170861), (0.06698196, 0.3325728, 0.9406959), (-0.05531517, 0.4340163, 0.8992052), (0.00041792, 0.9878351, 0.1555042), (-0.09338972, 0.3328725, 0.9383358), (-0.00044581, 0.5215055, 0.8532478), (-0.00358469, 0.984663, 0.1744301), (-0.02756608, 0.2705011, 0.9623249), (0.0922204, 0.506413, 0.8573455), (-0.03617224, 0.05582337, 0.9977852), (-0.2511887, 0.3913762, 0.8852847), (0.1393448, 0.2631909, 0.9546274), (-0.1081269, 0.4365008, 0.8931828), (-0.01898009, 0.317033, 0.9482245), (-0.01056152, 0.9821419, 0.1878455), (0.2584818, 0.3320374, 0.9071594), (0.1771514, 0.470288, 0.8645499), (0.01328519, 0.9734364, 0.2285716), (-0.00166017, 0.9894909, 0.1445855), (-0.00444957, 0.5547444, 0.832009), (0.02506411, 0.2953908, 0.9550477), (0.00172489, 0.4869013, 0.8734553), (-0.02882384, 0.5850552, 0.8104811), (-0.00241915, 0.9903426, 0.1386201), (-0.02231992, 0.5191171, 0.8544116), (0.00318993, 0.9908742, 0.1347522), (-0.00284694, 0.2543588, 0.9671057), (0.05162007, 0.3067927, 0.9503755), (-0.07770503, 0.335995, 0.9386529), (0.1743281, 0.3175162, 0.9320908), (-0.01559842, 0.2731558, 0.9618433), (-0.06070908, 0.2833677, 0.9570879), (-0.1809782, 0.3462474, 0.9205214), (-0.04216981, 0.3522496, 0.9349557), (-0.01923965, 0.2654625, 0.9639292), (0.04616495, 0.3393596, 0.9395232), (0.02854284, 0.2722638, 0.9617992), (-0.02400716, -0.04241343, 0.9988117), (-0.00567229, 0.05066257, 0.9986997), (-0.00852868, 0.04363383, 0.9990112), (0.01835034, 0.3125855, 0.9497124), (0.06411583, 0.4757624, 0.8772339), (0.00970615, 0.610423, 0.7920161), (-0.001596, 0.261632, 0.9651663), (-0.00014619, 0.04655674, 0.9989157), (0.00025713, 0.05364623, 0.99856), (-0.00567863, 0.2759343, 0.9611597), (0.02138139, 0.4139645, 0.9100419), (0.00165803, 0.02746046, 0.9996215), (-0.00082064, 0.04807924, 0.9988432), (-0.01170079, 0.3323105, 0.9430975), (0.09030572, 0.3358537, 0.9375752), (0.0769769, 0.3519279, 0.9328566), (-0.04160724, 0.3384711, 0.9400564), (-0.01699333, 0.5129489, 0.8582509), (-0.00477793, 0.5187925, 0.8548868), (-0.00694192, 0.9856898, 0.168427), (0.00269429, 0.04511935, 0.998978), (-0.08295959, 0.2448314, 0.96601), (-0.05290371, 0.4150544, 0.9082571), (-0.0658348, 0.5167008, 0.8536311), (0.1054093, 0.3010896, 0.947752), (-0.1172057, 0.2669888, 0.9565458), (0.1406828, 0.5864533, 0.7976722), (-0.01732557, 0.4084173, 0.9126309), (-0.1899762, 0.3274686, 0.9255665), (0.00645172, 0.1980397, 0.9801728), (0.01667189, -0.00437371, 0.9998515), (0.02528769, 0.316462, 0.9482681), (0.198966, 0.331227, 0.9223347), (-0.01683287, 0.3204794, 0.9471059), (0.00479667, 0.6051059, 0.7961305), (0.0592909, 0.384928, 0.9210401), (-0.1080176, 0.3281725, 0.9384215), (-0.0422014, 0.2509478, 0.9670803), (-0.01801166, 0.02111215, 0.9996148), (-0.1903972, 0.2557589, 0.947806), (-0.01342118, 0.07642473, 0.996985), (-0.02874479, 0.1854774, 0.982228), (-0.2046862, 0.06878857, 0.9764075), (-0.1168734, 0.1850761, 0.9757497), (-0.08636287, 0.1896444, 0.9780473), (-0.2474436, 0.2976511, 0.9220496), (-0.319295, 0.4963686, 0.8072601), (0.02485416, 0.274292, 0.9613253), (0.2386183, 0.3304619, 0.9131573), (0.1906784, 0.07257843, 0.9789658), (0.2396741, 0.2449825, 0.939436), (0.2625782, 0.3483875, 0.8998216), (0.06029544, 0.330076, 0.9420268), (0.09632307, 0.235029, 0.9672038), (0.06042604, 0.385888, 0.9205646), (-0.00553278, 0.00944094, 0.9999402), (0.03011392, 0.05889092, 0.9978102), (-0.05794526, 0.5585222, 0.8274632), (0.00633286, 0.9841665, 0.1771336), (-0.09582905, 0.3098337, 0.9459491), (0.0037519, 0.5090334, 0.8607386), (-0.00072921, 0.9874796, 0.1577444), (0.05850725, 0.4382255, 0.8969589), (-0.00158599, 0.9849748, 0.1726903), (-0.07007918, 0.2836359, 0.9563679), (0.00033718, 0.07334747, 0.9973063), (0.04886028, 0.243871, 0.9685761), (0.04382644, 0.2867405, 0.9570053), (-0.09828801, 0.3351232, 0.9370335), (-0.00618684, 0.2860781, 0.9581863), (0.00328291, 0.08678367, 0.9962218), (0.01010855, 0.2623833, 0.9649107), (-0.2350668, 0.3268707, 0.9153683), (0.00133071, 0.0582738, 0.9982998), (0.5083364, 0.0303732, 0.8606228), (0.01438053, 0.0167649, 0.999756), (-0.00010481, 0.02010701, 0.9997979), (0.7492514, 0.08824024, 0.656381), (-0.099769, 0.2670782, 0.9584964), (0.5241935, 0.3813304, 0.7614514), (0.6423174, 0.4639019, 0.6101012), (-0.08778324, 0.1780931, 0.9800903), (0.01226781, 0.07497234, 0.9971102), (0.05913586, 0.2508876, 0.9662082), (0.05461415, 0.3345441, 0.9407961), (-0.09196935, 0.309934, 0.9462995), (-0.104865, 0.3398603, 0.9346114), (0.5749187, 0.6535081, 0.4923369), (0.03584169, 0.4566099, 0.8889447), (0.00990839, 0.2024437, 0.9792437), (-0.0235776, 0.3988895, 0.9166959), (0.1344167, 0.3822306, 0.9142385), (0.06428342, 0.2934999, 0.9537952), (-0.04123192, 0.3450371, 0.9376829), (0.208865, 0.4177848, 0.8842123), (0.1005622, 0.3295118, 0.9387807), (0.02390658, 0.2873341, 0.957532), (0.0209837, 0.04982636, 0.9985374), (0.01190102, 0.5185209, 0.8549822), (0.00043879, 0.9879944, 0.1544888), (-0.09436923, 0.4129457, 0.9058534), (-0.1933392, 0.3202146, 0.9274064), (-0.02990364, 0.262652, 0.9644271), (0.01629324, 0.5965377, 0.8024197), (-0.1046509, 0.3086911, 0.9453878), (0.2451482, 0.3345381, 0.9099377), (0.0004206, -0.02865506, 0.9995893), (0.00183576, 0.5476599, 0.836699), (-0.01786062, 0.3574066, 0.933778), (0.00010907, 0.6319534, -0.7750064), (-0.00142612, 0.7054183, -0.7087898), (0.01773175, 0.912727, -0.4081852), (-0.00040048, 0.9298845, -0.3678513), (-0.00352154, 0.6577098, -0.7532632), (0.00446986, 0.92655, -0.3761452), (-0.01245241, -0.04255555, -0.9990165), (-0.00770766, -0.9240813, -0.3821182), (-0.00005217, -0.05250169, -0.9986209), (-0.00013195, -0.1307566, -0.9914145), (-0.02150017, -0.1342912, -0.9907086), (-0.00154967, -0.1273168, -0.9918609), (-0.02388951, -0.1928825, -0.980931), (0.00449715, -0.1304129, -0.9914495), (-0.00233949, -0.1173998, -0.993082), (-0.02769615, -0.329873, -0.9436189), (-0.00567481, 0.6865253, -0.7270837), (-0.01784508, -0.3690171, -0.9292513), (-0.00384122, 0.7477459, -0.6639739), (0.01473975, -0.3066638, -0.9517037), (-0.00583712, -0.3157441, -0.9488265), (-0.00212167, -0.2479194, -0.9687783), (0.04334311, -0.3375038, -0.9403258), (0.00287412, -0.3238029, -0.9461203), (0.00189574, -0.3390876, -0.9407529), (-0.04646562, -0.347274, -0.9366118), (0.00079617, 0.6931633, -0.7207801), (-0.00970453, -0.3173938, -0.9482442), (0.03637039, -0.34067, -0.9394792), (-0.00071052, -0.2547549, -0.9670055), (0.00747676, -0.2592992, -0.9657682), (-0.00095978, 0.647517, -0.7620504), (-0.00449008, -0.05697848, -0.9983653), (-0.00234648, -0.3379526, -0.9411602), (-0.00803837, -0.3459589, -0.9382153), (0.00233514, 0.6599774, -0.7512818), (-0.00858947, 0.5522959, -0.8336039), (-0.05155667, -0.3393638, -0.9392413), (0.01552785, -0.3213026, -0.9468492), (0.01095632, -0.2701085, -0.9627675), (0.0164928, -0.2572227, -0.9662114), (-0.01042182, -0.07717374, -0.9969632), (-0.01829522, 0.9153877, -0.4021575), (0.00245217, 0.9234912, -0.3836116), (-0.00065597, 0.9965811, -0.08261763), (-0.02003776, 0.9973768, -0.06955655), (-0.01746671, 0.8428844, 0.5378111), (-0.01663485, -0.9583177, 0.28522), (-0.02220931, -0.9069517, -0.4206488), (0.00299515, -0.07148799, -0.997437), (0.1641573, -0.1842079, -0.9690819), (0.02687233, 0.6932341, -0.7202113), (0.01045849, -0.9236574, -0.3830766), (0.01119268, -0.921739, 0.3876491), (0.01658477, 0.8094923, 0.5868963), (0.02035866, 0.9973725, -0.06952386), (0.2557505, 0.1218093, 0.9590381), (0.05603687, 0.9936645, 0.0974206), (-0.848573, 0.4685375, 0.2457568), (-0.9608279, -0.07832827, 0.2658466), (0.3114448, 0.09163671, 0.9458355), (0.3617715, 0.01845345, 0.9320842), (-0.9371321, -0.04007346, 0.3466663), (0.05021298, 0.5756203, 0.816174), (-0.2348944, -0.9293566, 0.2848174), (0.00841937, -0.9418184, 0.3360166), (0.01579921, 0.8096733, 0.5866683), (-0.9956673, 0.09292234, -0.00346178), (-0.8301815, 0.3464383, -0.4367828), (-0.8327146, -0.1991039, -0.5166665), (-0.997752, -0.06701463, -0.00003414), (-0.4034805, -0.0844982, -0.9110782), (-0.9996622, -0.02588448, 0.00233422), (-0.1748854, -0.956449, -0.2337099), (-0.9996619, -0.02595083, 0.00161261), (0.1155522, 0.9933004, 0.00138061), (0.1699015, 0.9854611, -0.00005969), (0.1423873, 0.9897822, 0.00755692), (0.131241, 0.9911827, -0.01823964), (0.08499844, 0.995154, -0.04943471), (0.02918257, 0.9995514, -0.00673672), (0.00361653, 0.7054315, -0.7087689), (-0.00958297, 0.9778032, 0.2093062), (-0.00212432, 0.5887845, -0.8082873), (0.00374355, 0.7332857, -0.6799103), (-0.00323017, 0.6882523, -0.7254643), (-0.00174191, 0.6952946, -0.7187228), (-0.00116843, 0.9917479, 0.1281985), (0.0199059, 0.5598124, -0.8283803), (0.0376892, 0.6566784, -0.7532283), (-0.02452495, 0.7628673, -0.6460899), (0.00325111, 0.8069883, -0.5905585), (-0.00087187, 0.7104576, -0.7037396), (0.0029002, 0.7226365, -0.6912223), (-0.00497132, 0.6900727, -0.7237231), (0.02523967, 0.7609509, -0.6483184), (-0.07446208, 0.9963197, -0.04245596), (-0.1130371, 0.9934133, -0.01878256), (-0.04822179, 0.9988367, 0.00022147), (-0.1365154, 0.9906379, -0.00014569), (-0.1388326, 0.9902644, 0.01009506), (0.912412, 0.4001041, -0.08614658), (0.7532613, 0.6576626, -0.00879484), (0.9411005, 0.3218596, -0.1036156), (0.9456291, 0.32472, -0.01850151), (0.8837913, 0.4677188, -0.01233387), (0.9444916, 0.2990871, -0.1359506), (0.9638959, 0.2653784, -0.02188679), (0.7953934, 0.6060879, 0.00260829), (0.8904841, 0.454925, -0.00901442), (0.9465858, 0.3219141, 0.01861742), (0.9440904, 0.3256757, -0.05126961), (0.9634255, 0.2678561, -0.00802837), (0.9373903, 0.3238277, 0.1281993), (0.8096935, 0.5866783, 0.01431702), (0.9466748, 0.3217293, 0.01723952), (0.9412312, 0.3129874, 0.1269753), (0.9440997, 0.3228947, 0.06644385), (0.9659821, 0.2447243, -0.0835975), (0.93837, 0.3197521, -0.1312265), (0.9598361, 0.280258, 0.01304654), (0.9439493, 0.284242, 0.1678284), (0.9995248, -0.00754489, 0.02988703), (0.9990187, -0.04268777, 0.01180986), (0.9997831, -0.02078624, 0.00135478), (0.1420784, 0.9874458, -0.06902464), (0.9972275, 0.0738541, -0.00910644), (0.9652334, 0.2613888, -0.00044323), (0.9632151, 0.2686688, 0.00581228), (0.9992871, -0.03508338, 0.01394832), (0.9992614, -0.03840427, 0.0013156), (0.9122005, 0.4059074, 0.05594067), (0.227974, 0.9024161, -0.3656133), (0.12929, 0.6531878, -0.7460763), (0.9988501, 0.04794273, 0.00001169), (0.9992905, -0.03749821, 0.00352053), (0.9664037, 0.257026, -0.0012854), (0.9196101, 0.392584, -0.01396674), (0.8363273, 0.2739055, 0.4749026), (0.914032, 0.2498763, -0.3195424), (0.9372706, 0.3205969, -0.1368995), (0.9420823, 0.332461, 0.04416494), (0.8436928, 0.2800227, 0.4580062), (0.9200225, 0.3209514, -0.2248305), (0.0118153, -0.04250572, -0.9990263), (0.00791136, -0.9238369, -0.3827047), (0.00046438, -0.05000296, -0.998749), (0.00007283, -0.1262153, -0.992003), (0.02252553, -0.1901192, -0.9815026), (0.01777549, -0.1703944, -0.9852157), (0.03274255, -0.3252724, -0.9450533), (0.03993095, -0.3363781, -0.9408801), (-0.05214833, -0.3522182, -0.9344639), (-0.00047354, -0.317997, -0.9480916), (-0.00213331, -0.3346605, -0.9423364), (-0.01112736, -0.2995967, -0.954001), (0.01021109, -0.1194856, -0.9927834), (-0.00608414, -0.1266309, -0.9919313), (-0.00087333, -0.2607202, -0.965414), (0.05647107, -0.3430811, -0.9376068), (0.00763494, -0.3151827, -0.9490004), (-0.03656562, -0.3461209, -0.9374771), (-0.00328488, -0.2707542, -0.9626429), (-0.02248674, -0.2531379, -0.9671688), (0.02364212, -0.09531301, -0.9951665), (-0.0042797, -0.3360257, -0.9418432), (0.04621532, -0.3454287, -0.9373063), (-0.0000915, -0.1558212, -0.9877852), (-0.01291262, -0.09439856, -0.9954508), (-0.0402461, -0.3467956, -0.9370769), (0.0482099, -0.3299553, -0.9427647), (-0.00837354, -0.3171665, -0.9483328), (-0.01592605, -0.2787655, -0.9602271), (0.01982328, 0.9973798, -0.06957305), (-0.0185043, 0.9974528, -0.06888722), (-0.02158709, 0.9970246, -0.07399905), (-0.01629313, 0.8092843, 0.5871912), (-0.00577789, -0.9573794, 0.2887754), (0.04484995, -0.9087774, -0.414864), (-0.0104522, -0.9242517, -0.3816407), (-0.01119069, -0.921739, 0.3876494), (0.05212519, 0.8362767, 0.5458243), (-0.00312257, -0.07463553, -0.9972059), (-0.08295298, -0.1906108, -0.9781546), (-0.00078517, -0.9999321, 0.01163703), (0.01932118, -0.9998053, 0.0040203), (-0.01646088, -0.9998641, -0.00085132), (-0.00072653, -0.999999, -0.00121785), (0.01670801, -0.9998603, -0.00045114), (0.00753436, -0.9974608, 0.07081741), (-0.01675731, -0.983183, 0.1818525), (0.01069595, -0.9585776, 0.2846304), (0.0039562, -0.9626838, 0.2706), (-0.00976463, -0.9629346, 0.2695582), (0.00063906, -0.9624758, 0.2713669), (0.01251, -0.9867023, 0.1620563), (-0.00067871, -0.9629677, 0.2696158), (0.00207782, -0.9771971, 0.2123239), (-0.00225869, -0.9629002, 0.2698486), (-0.00223596, -0.9574969, 0.2884351), (-0.00219401, -0.9990106, 0.04441819), (0.00593646, -0.9922644, 0.1240009), (-0.01305805, -0.9997153, -0.01996804), (0.00038774, -0.9999986, -0.00167479), (-0.00121127, -0.9999915, 0.00394188), (-0.00058212, -0.9999987, -0.00156886), (0.0000397, -0.9999856, 0.00536608), (-0.00317804, -0.9994224, -0.03383489), (-0.01445814, -0.9863891, 0.1637911), (0.01925654, -0.9579301, 0.2863551), (0.01434759, -0.03608212, -0.9992459), (-0.01459588, -0.03583132, -0.9992512), (0.02573156, -0.1838918, -0.9826096), (0.04432742, -0.3286106, -0.9434247), (-0.04649207, -0.3415555, -0.938711), (0.02836804, -0.3487384, -0.9367908), (-0.01640602, -0.3091238, -0.9508803), (-0.0037343, -0.3451518, -0.9385395), (-0.00787616, -0.2899574, -0.9570072), (0.00808486, -0.3634423, -0.9315816), (-0.01480848, -0.1747401, -0.9845031), (-0.00931703, -0.1181567, -0.9929512), (0.00072335, -0.1119023, -0.993719), (0.00171985, -0.1539068, -0.9880839), (0.00062468, -0.2794379, -0.9601635), (0.00247298, -0.3324496, -0.9431177), (-0.00020729, -0.1209157, -0.9926628), (-0.00541186, -0.1206296, -0.9926829), (-0.00393402, -0.1385862, -0.9903425), (0.00250475, -0.2853237, -0.958428), (-0.01510463, -0.358959, -0.9332311), (0.00159903, -0.1356106, -0.9907609), (0.00997083, -0.2892243, -0.9572094), (-0.00081349, -0.1072602, -0.9942306), (-0.00154798, -0.1383456, -0.9903829), (0.00648822, -0.3209965, -0.9470582), (-0.01225541, -0.2817784, -0.9594012), (0.01799379, -0.1723277, -0.9848754), (0.01097662, -0.1167353, -0.9931024), (-0.01912743, -0.1841209, -0.9827175), (0.01782631, -0.3113205, -0.9501378), (0.0062486, -0.3531266, -0.9355547), (-0.02840842, -0.3466424, -0.9375671), (0.03129416, -0.3697207, -0.9286158), (-0.04482898, -0.325758, -0.9443898), (-0.09361668, 0.9956083, -0.00045001), (-0.03090704, 0.9995222, 0.00040348), (-0.1301973, 0.991488, -0.00053365), (0.1019936, 0.9947721, -0.00506025), (0.1506873, 0.9885815, 0.00033895), (0.08814584, 0.996062, -0.00953513), (-0.02798075, 0.9970098, -0.07203247), (0.1419866, 0.9863095, -0.0838645), (0.07465924, 0.9886077, -0.1306933), (-0.1023961, 0.9874967, -0.1198547), (0.01153432, 0.999016, -0.0428245), (-0.0605635, 0.9914649, -0.1154532), (-0.1165505, 0.9931636, 0.00648386), (0.08256111, 0.9965754, 0.00459278), (-0.1070963, 0.990972, -0.08065297), (0.1185872, 0.9900338, -0.07596223), (0.1096271, 0.9854416, -0.1299487), (-0.00315202, 0.9925978, -0.1214067), (0.01989262, 0.9982849, 0.05506001), (-0.06712641, 0.9911585, -0.1144503), (0.1135666, 0.9911194, -0.06917337), (0.02016618, 0.9760652, -0.2165413), (0.2821735, 0.9500696, -0.1332143), (0.02771069, 0.9982842, -0.05158275), (-0.1718521, 0.9848099, 0.02482471), (-0.02700839, 0.9918868, -0.1242221), (0.00679886, 0.927255, 0.3743687), (-0.3166356, 0.9416808, -0.1139251), (0.01395297, 0.9936354, -0.1117768), (0.00419438, 0.8395052, -0.5433354), (-0.1411784, 0.9600347, -0.2416648), (0.06293011, 0.9898326, -0.1275587), (-0.113657, 0.9909147, -0.07190513), (-0.03529421, 0.9967467, -0.07245944), (0.1032517, 0.9863243, -0.1284655), (0.130107, 0.9886751, -0.07478989), (0.00029634, 0.9982291, -0.05948617), (0.07861289, 0.9968609, -0.0094068), (0.0200742, 0.9982573, -0.05549053), (-0.00501284, 0.9767705, -0.2142293), (-0.07979095, 0.9932415, -0.08428926), (0.2704973, 0.9548249, -0.1230477), (0.1260219, 0.9887574, -0.08048174), (0.0291678, 0.9921835, -0.1213308), (0.1411374, 0.9812099, -0.1315575), (-0.2350661, 0.9689864, 0.07621881), (-0.1793551, 0.9744372, -0.1352918), (-0.07689972, 0.9887084, -0.1286169), (0.03095844, 0.9969956, -0.07100283), (0.2232027, 0.8773136, 0.4248545), (-0.04195511, 0.9858828, -0.1620961), (-0.02162593, 0.8307817, -0.5561782), (-0.135823, 0.9878694, -0.07527374), (-0.00237182, 0.9598409, 0.280535), (0.135511, 0.9907755, -0.00087017), (-0.08954743, 0.9959393, -0.00928367), (0.03108756, 0.9995162, 0.00087635), (-0.1434378, 0.9896536, 0.0033553), (0.1051248, 0.9944009, 0.01074554), (-0.08976496, 0.995944, -0.00615913), (-0.00229786, 0.9992332, -0.03908306), (0.00048789, 0.9966835, -0.08137347), (-0.0032768, 0.9970906, 0.07615498), (-0.01337337, 0.8994817, -0.4367536), (0.2079041, 0.9776509, -0.03121837), (-0.5231381, 0.8522273, 0.00592525), (-0.00829108, 0.9025391, 0.4305281), (0.4784051, 0.8780859, -0.00968206), (0.07170275, 0.9973459, 0.0126447), (-0.09215614, 0.9957326, 0.00488247), (-0.1037742, 0.994597, -0.0027774), (0.00562348, 0.910929, -0.4125248), (-0.02221039, 0.8122753, -0.5828512), (0.0333975, 0.98235, 0.1840465), (0.00254753, 0.8681065, 0.4963715), (-0.2768323, 0.9609182, -0.00038149), (0.01060122, 0.9961476, 0.08704873), (0.00893471, 0.9959322, -0.08966169), (0.02135935, 0.8953888, -0.4447724), (0.04702364, 0.9988933, -0.00097196), (0.01953799, 0.8958253, 0.4439768), (-0.2242642, 0.9698042, -0.09583995), (0.0206999, 0.9578927, 0.2863792), (0.02117768, 0.9027956, -0.4295481), (0.02848716, 0.8659858, 0.4992566), (0.04146553, 0.9335358, -0.3560781), (0.00396001, -0.9626851, 0.2705952), (0.01076862, -0.9584976, 0.2848972), (-0.01030111, -0.962871, 0.2697655), (0.0081181, -0.9972825, 0.07322282), (-0.01639088, -0.9828713, 0.1835629), (0.00077668, -0.9625047, 0.2712636), (0.01929435, -0.9998062, 0.00391313), (-0.00071722, -0.962935, 0.2697328), (0.0021824, -0.9772491, 0.2120834), (-0.00257506, -0.962943, 0.269693), (0.01627836, -0.9998673, -0.00049556), (-0.0023922, -0.9999933, -0.00276377), (0.0061393, -0.9999745, 0.00365059), (-0.01575734, -0.9998758, -0.00040116), (-0.00130329, -0.9999595, 0.00890909), (0.01356209, -0.9874389, 0.1574184), (-0.0022361, -0.9574968, 0.2884355), (0.006134, -0.9923456, 0.1233391), (-0.00986737, -0.9982048, 0.05907537), (-0.00482838, -0.9999802, -0.00404087), (0.01486169, -0.9998893, -0.00078927), (-0.0092275, -0.9998912, -0.01151456), (-0.00727468, -0.9999726, -0.00142348), (-0.00189767, -0.9999952, -0.00243793), (0.00004023, -0.9999857, 0.00536503), (-0.00317937, -0.9994223, -0.03383544), (-0.0144521, -0.9863897, 0.1637883), (0.01925548, -0.9579298, 0.2863558), (-0.09361651, 0.9956083, -0.00044818), (-0.0309065, 0.9995222, 0.00040303), (-0.1301979, 0.9914879, -0.00053346), (0.1019929, 0.9947723, -0.00505965), (0.1506875, 0.9885815, 0.00033848), (0.08814581, 0.996062, -0.00953614), (-0.02798186, 0.9970096, -0.07203282), (0.1419857, 0.9863096, -0.08386563), (0.07465994, 0.9886077, -0.1306933), (-0.1023967, 0.9874965, -0.1198562), (0.01153404, 0.999016, -0.04282464), (-0.06056485, 0.9914647, -0.1154543), (-0.1165512, 0.9931636, 0.00648364), (0.08256152, 0.9965754, 0.00459355), (-0.1070971, 0.9909719, -0.08065252), (0.1185893, 0.9900332, -0.07596554), (0.1096282, 0.9854416, -0.1299479), (-0.00315239, 0.9925978, -0.1214068), (0.01989404, 0.9982848, 0.05506137), (-0.06712674, 0.9911584, -0.1144503), (0.1135657, 0.9911194, -0.06917433), (0.02016892, 0.9760651, -0.2165416), (0.2821716, 0.9500699, -0.1332156), (0.02770915, 0.9982843, -0.05158069), (-0.1718511, 0.9848102, 0.02482259), (-0.02700839, 0.991887, -0.1242202), (0.00680307, 0.9272528, 0.3743742), (-0.3166375, 0.9416803, -0.1139244), (0.01395222, 0.9936354, -0.1117763), (0.00419023, 0.8395081, -0.543331), (-0.1411784, 0.960035, -0.2416642), (0.06293001, 0.9898326, -0.1275582), (-0.1136558, 0.9909148, -0.07190492), (-0.0352934, 0.9967467, -0.0724598), (0.1032508, 0.9863245, -0.1284646), (0.1301082, 0.9886749, -0.07479161), (0.00029842, 0.9982291, -0.05948695), (0.07861295, 0.9968609, -0.00940772), (0.02007211, 0.9982573, -0.05549279), (-0.0050148, 0.9767709, -0.2142277), (-0.0797895, 0.9932417, -0.08428875), (0.2705049, 0.9548224, -0.1230497), (0.1260227, 0.9887573, -0.08048115), (0.02916755, 0.9921834, -0.1213311), (0.1411392, 0.9812096, -0.1315578), (-0.2350619, 0.9689882, 0.07621017), (-0.1793519, 0.9744387, -0.1352859), (-0.07689885, 0.9887086, -0.1286153), (0.03095855, 0.9969956, -0.07100318), (0.2231907, 0.8773142, 0.4248596), (-0.04194436, 0.9858842, -0.1620895), (-0.02163247, 0.8307776, -0.5561838), (-0.1358231, 0.9878693, -0.07527404), (-0.00237273, 0.9598424, 0.2805297), (0.1355115, 0.9907754, -0.00087126), (-0.08954747, 0.9959393, -0.00928269), (0.02931411, 0.9995701, -0.00059367), (-0.143774, 0.9895191, 0.01345486), (0.0697131, 0.9975546, -0.00499877), (-0.111329, 0.9937629, 0.00640652), (0.00760603, 0.9990477, -0.04296287), (0.00048628, 0.9966835, -0.08137366), (-0.00327555, 0.9970906, 0.07615485), (-0.01336261, 0.8994792, -0.4367594), (0.2079032, 0.9776512, -0.03121578), (-0.5231401, 0.8522263, 0.00590707), (-0.00829889, 0.9025417, 0.4305225), (0.4783985, 0.8780896, -0.00966369), (0.07170247, 0.9973459, 0.01264501), (-0.09215643, 0.9957326, 0.00488213), (-0.1037738, 0.994597, -0.00277688), (0.00562336, 0.9109299, -0.4125228), (-0.02221176, 0.8122702, -0.5828583), (0.0333663, 0.9823446, 0.1840807), (0.00255925, 0.8681056, 0.4963729), (-0.2768288, 0.9609191, -0.00037977), (0.01060031, 0.9961478, 0.0870474), (0.00893567, 0.995932, -0.08966266), (0.02135615, 0.8953874, -0.4447757), (0.04703379, 0.9988928, -0.00097377), (0.01953766, 0.8958277, 0.443972), (-0.2242636, 0.9698043, -0.09584054), (0.02070374, 0.9578915, 0.2863832), (0.02117284, 0.9027924, -0.429555), (0.02848091, 0.8659831, 0.4992616), (0.04147606, 0.9335357, -0.356077), (-0.09361642, 0.9956083, -0.00044914), (-0.03090695, 0.9995222, 0.00040259), (-0.1301929, 0.9914886, -0.00053681), (0.1019941, 0.9947721, -0.00505971), (0.1506875, 0.9885815, 0.00033919), (0.08814649, 0.9960619, -0.00953527), (-0.02798138, 0.9970098, -0.0720319), (0.1419863, 0.9863095, -0.08386482), (0.07466017, 0.9886077, -0.1306932), (-0.1023962, 0.9874966, -0.1198559), (0.01153423, 0.999016, -0.042825), (-0.06056459, 0.9914647, -0.115454), (-0.1165509, 0.9931636, 0.00648348), (0.08256137, 0.9965754, 0.004593), (-0.107096, 0.990972, -0.08065331), (0.1185886, 0.9900334, -0.07596345), (0.1096269, 0.9854416, -0.1299493), (-0.00315184, 0.9925979, -0.1214059), (0.01989577, 0.9982846, 0.05506145), (-0.06712722, 0.9911584, -0.1144505), (0.1075857, 0.9922543, -0.06210285), (0.02016914, 0.9760652, -0.2165407), (0.2821682, 0.9500707, -0.1332175), (0.02771101, 0.9982842, -0.05158173), (-0.1718525, 0.9848098, 0.02482409), (0.0006641, 0.9918141, -0.1276885), (0.1502995, 0.9803995, -0.1273846), (0.05974086, 0.9889789, -0.135469), (0.02518095, 0.998137, -0.0555748), (0.00678942, 0.9272553, 0.3743683), (-0.3166365, 0.9416807, -0.1139246), (0.01396394, 0.9936358, -0.1117723), (0.00419016, 0.8395091, -0.5433295), (-0.1411782, 0.9600353, -0.2416627), (-0.1136568, 0.9909146, -0.07190613), (-0.03529362, 0.9967467, -0.07245999), (0.1301075, 0.9886751, -0.07478967), (0.00029677, 0.9982291, -0.05948612), (0.07861274, 0.9968609, -0.00940707), (-0.00012297, 0.9768996, -0.2136986), (-0.2242655, 0.9698038, -0.09584134), (0.02069235, 0.9578925, 0.2863803), (0.02849348, 0.8659854, 0.4992569), (0.04146659, 0.9335359, -0.3560776), (0.02117685, 0.9027939, -0.4295517), (0.00893468, 0.9959322, -0.08966243), (-0.1037738, 0.994597, -0.00277732), (0.01060112, 0.9961476, 0.08704861), (0.07170249, 0.9973459, 0.01264518), (-0.09215589, 0.9957326, 0.00488233), (0.01953994, 0.8958256, 0.4439762), (-0.2768313, 0.9609185, -0.00037961), (0.04702187, 0.9988934, -0.00097246), (0.02136196, 0.8953882, -0.4447734), (-0.00327765, 0.9970906, 0.0761549), (0.2079035, 0.9776511, -0.0312152), (0.00048752, 0.9966835, -0.08137316), (0.00760723, 0.9990477, -0.04296341), (-0.1113298, 0.9937629, 0.00640656), (-0.1437737, 0.9895191, 0.01345441), (-0.01337207, 0.8994815, -0.436754), (0.06962918, 0.9975595, -0.0051634), (0.02931409, 0.9995701, -0.0005937), (0.1355108, 0.9907755, -0.00087059), (-0.0895472, 0.9959394, -0.00928405), (0.03095807, 0.9969956, -0.07100303), (0.1411376, 0.9812099, -0.1315573), (-0.1358233, 0.9878692, -0.07527474), (-0.07689973, 0.9887085, -0.1286161), (0.0291676, 0.9921835, -0.1213302), (-0.00828969, 0.9025392, 0.430528), (-0.5231389, 0.8522268, 0.0059267), (0.4784019, 0.8780876, -0.0096825), (0.00562736, 0.9109299, -0.4125227), (0.1260218, 0.9887574, -0.08048182), (-0.07979158, 0.9932415, -0.08428886), (-0.1793541, 0.9744374, -0.1352919), (-0.2350654, 0.9689866, 0.07621815), (0.2431319, 0.8733822, 0.4220078), (-0.01313972, 0.9876782, -0.155946), (-0.00110741, 0.8289145, -0.5593742), (-0.0023721, 0.9598404, 0.2805362), (0.00254811, 0.8681021, 0.4963791), (0.0333843, 0.9823481, 0.1840588), (-0.02221222, 0.8122669, -0.5828628), (0.00331602, -0.9626315, 0.2707944), (0.01076975, -0.9584973, 0.284898), (-0.01116191, -0.9634838, 0.2675341), (0.00811802, -0.9972825, 0.07322343), (-0.01610143, -0.9828191, 0.1838679), (0.01929413, -0.9998062, 0.00391305), (-0.00076638, -0.9621317, 0.2725838), (0.01627873, -0.9998673, -0.00049557), (0.00613967, -0.9999745, 0.00365071), (-0.01575737, -0.9998758, -0.00040075), (-0.00130327, -0.9999595, 0.00890914), (0.00031439, -0.9999912, -0.00420282), (0.02126749, -0.9874951, 0.1562084), (-0.00922754, -0.9998912, -0.01151468), (0.01486162, -0.9998893, -0.00078924), (-0.00712598, -0.9999738, -0.00132922), (-0.00917942, -0.9999198, -0.00873409), (-0.01165512, -0.9935704, 0.1126144), (-0.00184644, -0.999995, -0.00257749), (0.00124887, -0.9934228, 0.1144973), (-0.00235817, -0.9567958, 0.2907516), (0.00003999, -0.9999857, 0.00536495), (-0.00331486, -0.9994242, -0.03376894), (0.00652169, -0.9783102, 0.2070425), (-0.01490412, -0.9861565, 0.165146), (-0.0003862, -0.9631415, 0.2689949), (0.02023467, -0.9584348, 0.284593)] (
                    interpolation = "faceVarying"
                )
                int[] primvars:normals:indices = [0, 1, 2, 0, 2, 3, 4, 3, 2, 5, 4, 2, 2, 6, 5, 6, 2, 7, 7, 2, 8, 2, 9, 8, 10, 11, 12, 12, 13, 10, 13, 14, 10, 14, 15, 10, 15, 16, 10, 17, 10, 16, 10, 17, 18, 10, 18, 19, 20, 10, 19, 1, 21, 2, 21, 22, 2, 2, 22, 23, 9, 2, 23, 23, 24, 9, 24, 23, 25, 26, 25, 23, 26, 23, 20, 20, 23, 10, 22, 10, 23, 27, 10, 22, 28, 27, 22, 29, 10, 27, 10, 29, 11, 30, 31, 17, 18, 17, 31, 32, 18, 31, 32, 33, 18, 32, 7, 33, 31, 34, 32, 7, 32, 34, 35, 34, 31, 7, 34, 6, 35, 36, 34, 34, 37, 6, 37, 34, 36, 38, 39, 40, 39, 38, 41, 41, 42, 39, 42, 43, 39, 44, 39, 43, 44, 45, 39, 45, 46, 39, 47, 48, 49, 49, 50, 47, 50, 51, 47, 51, 52, 47, 52, 53, 47, 54, 47, 53, 47, 54, 55, 47, 55, 56, 57, 47, 56, 58, 59, 45, 45, 59, 60, 46, 45, 60, 60, 61, 46, 61, 60, 62, 60, 63, 62, 64, 63, 60, 64, 60, 57, 57, 60, 47, 59, 47, 60, 65, 47, 59, 66, 65, 59, 67, 47, 65, 47, 67, 48, 68, 69, 54, 55, 54, 69, 70, 55, 69, 70, 71, 55, 70, 40, 71, 69, 72, 70, 40, 70, 72, 73, 72, 69, 40, 72, 38, 73, 74, 72, 72, 75, 38, 75, 72, 74, 76, 77, 78, 76, 78, 79, 80, 79, 78, 81, 80, 78, 78, 82, 81, 82, 78, 83, 83, 78, 84, 78, 85, 84, 86, 87, 88, 88, 89, 86, 89, 90, 86, 90, 91, 86, 91, 92, 86, 93, 86, 92, 86, 93, 94, 86, 94, 95, 96, 86, 95, 77, 97, 78, 97, 98, 78, 78, 98, 99, 85, 78, 99, 99, 100, 85, 100, 99, 101, 102, 101, 99, 102, 99, 96, 96, 99, 86, 98, 86, 99, 103, 86, 98, 104, 103, 98, 105, 86, 103, 86, 105, 87, 106, 107, 93, 94, 93, 107, 108, 94, 107, 108, 109, 94, 109, 108, 83, 107, 110, 108, 83, 108, 110, 111, 110, 107, 83, 110, 82, 111, 112, 110, 110, 113, 82, 113, 110, 112, 114, 115, 116, 115, 117, 116, 116, 117, 118, 119, 117, 115, 120, 119, 115, 118, 117, 121, 117, 119, 121, 121, 119, 120, 118, 121, 122, 123, 121, 120, 122, 121, 123, 122, 123, 124, 124, 123, 125, 126, 122, 124, 127, 128, 126, 126, 128, 122, 128, 129, 122, 118, 122, 129, 130, 118, 129, 116, 118, 130, 131, 116, 130, 116, 131, 114, 131, 132, 114, 131, 133, 132, 134, 135, 136, 135, 137, 136, 137, 135, 138, 139, 137, 138, 140, 137, 139, 138, 141, 139, 142, 137, 140, 141, 143, 139, 140, 139, 143, 143, 141, 144, 141, 131, 144, 142, 140, 145, 146, 142, 145, 144, 131, 147, 147, 131, 130, 147, 130, 148, 148, 144, 147, 129, 148, 130, 146, 145, 149, 145, 140, 150, 145, 150, 149, 146, 149, 151, 152, 146, 151, 151, 149, 153, 151, 153, 154, 149, 150, 155, 149, 155, 153, 153, 155, 156, 153, 157, 154, 157, 153, 156, 156, 158, 157, 157, 159, 154, 160, 159, 157, 158, 160, 157, 150, 140, 161, 150, 161, 155, 161, 162, 155, 162, 163, 155, 156, 155, 163, 161, 140, 164, 164, 140, 143, 158, 165, 160, 165, 166, 160, 166, 165, 167, 162, 161, 168, 168, 161, 164, 169, 168, 164, 168, 169, 162, 170, 164, 143, 170, 169, 164, 143, 144, 170, 170, 144, 169, 165, 171, 167, 165, 172, 171, 167, 171, 128, 128, 171, 173, 128, 173, 129, 171, 174, 173, 172, 174, 171, 173, 175, 129, 174, 175, 173, 172, 175, 174, 129, 175, 148, 144, 148, 176, 176, 148, 175, 144, 176, 169, 172, 176, 175, 177, 172, 165, 165, 158, 177, 178, 176, 172, 178, 169, 176, 177, 179, 172, 179, 178, 172, 180, 179, 177, 179, 180, 178, 177, 181, 180, 180, 181, 178, 178, 181, 169, 158, 181, 177, 182, 169, 181, 158, 182, 181, 162, 169, 182, 183, 182, 158, 183, 162, 182, 183, 158, 156, 184, 162, 183, 184, 183, 156, 184, 185, 162, 185, 184, 156, 185, 163, 162, 156, 163, 185, 186, 187, 188, 187, 189, 188, 190, 188, 189, 191, 189, 187, 192, 190, 189, 191, 192, 189, 193, 191, 187, 187, 194, 193, 194, 187, 195, 196, 194, 195, 196, 195, 197, 195, 198, 197, 197, 198, 199, 198, 200, 199, 197, 199, 201, 196, 197, 201, 202, 199, 200, 199, 202, 201, 194, 196, 203, 204, 203, 196, 203, 204, 194, 193, 194, 205, 204, 205, 194, 193, 205, 206, 193, 207, 191, 206, 207, 193, 207, 208, 191, 208, 207, 206, 206, 209, 208, 210, 196, 201, 204, 196, 210, 210, 201, 211, 211, 201, 212, 212, 201, 202, 205, 213, 206, 213, 205, 204, 208, 214, 191, 214, 192, 191, 212, 215, 211, 212, 202, 215, 216, 215, 202, 211, 215, 217, 215, 216, 217, 202, 218, 216, 218, 202, 200, 218, 200, 219, 134, 219, 200, 136, 219, 134, 219, 136, 220, 219, 220, 218, 137, 220, 136, 221, 216, 218, 220, 221, 218, 220, 137, 222, 137, 142, 222, 223, 221, 220, 223, 220, 222, 224, 223, 222, 225, 222, 142, 225, 224, 222, 146, 225, 142, 226, 225, 146, 226, 224, 225, 152, 226, 146, 227, 221, 223, 227, 216, 221, 228, 226, 152, 229, 228, 152, 229, 230, 228, 228, 231, 226, 230, 231, 228, 231, 224, 226, 232, 231, 230, 223, 233, 227, 224, 233, 223, 234, 216, 227, 233, 234, 227, 235, 233, 224, 233, 235, 234, 224, 231, 236, 235, 224, 236, 232, 237, 231, 237, 236, 231, 232, 238, 237, 236, 237, 238, 239, 238, 232, 236, 240, 235, 235, 240, 234, 236, 241, 240, 241, 234, 240, 241, 236, 238, 242, 216, 234, 241, 242, 234, 238, 242, 241, 242, 217, 216, 239, 243, 238, 243, 242, 238, 244, 243, 239, 245, 217, 242, 245, 242, 243, 211, 217, 245, 246, 243, 244, 246, 244, 247, 246, 248, 243, 248, 245, 243, 249, 246, 247, 248, 246, 249, 250, 245, 248, 251, 211, 245, 251, 245, 250, 252, 248, 249, 248, 252, 250, 247, 253, 249, 249, 254, 252, 249, 253, 254, 253, 247, 213, 247, 255, 213, 253, 213, 204, 253, 204, 254, 204, 210, 254, 210, 252, 254, 255, 206, 213, 252, 210, 256, 256, 210, 211, 252, 256, 250, 255, 257, 206, 257, 255, 258, 257, 209, 206, 209, 257, 258, 259, 209, 258, 256, 211, 260, 260, 211, 251, 250, 256, 261, 261, 251, 250, 261, 256, 260, 261, 260, 251, 262, 209, 259, 259, 263, 262, 264, 263, 259, 265, 263, 264, 265, 264, 266, 209, 262, 267, 263, 268, 262, 262, 268, 267, 269, 268, 263, 268, 270, 267, 263, 265, 271, 269, 263, 271, 272, 209, 267, 273, 272, 267, 209, 272, 208, 272, 274, 208, 272, 273, 274, 208, 274, 214, 274, 275, 214, 273, 275, 274, 192, 214, 275, 268, 276, 270, 269, 276, 268, 276, 277, 270, 269, 277, 276, 267, 270, 278, 278, 273, 267, 279, 192, 275, 275, 277, 279, 279, 190, 192, 280, 190, 279, 277, 280, 279, 278, 270, 281, 278, 281, 273, 282, 275, 273, 282, 277, 275, 277, 282, 270, 281, 270, 283, 281, 283, 273, 282, 283, 270, 283, 282, 273, 269, 284, 277, 277, 284, 280, 280, 285, 190, 285, 188, 190, 286, 280, 284, 286, 285, 280, 286, 284, 287, 288, 287, 284, 288, 284, 269, 286, 289, 285, 289, 286, 287, 285, 290, 188, 285, 289, 290, 291, 288, 269, 271, 291, 269, 291, 292, 288, 271, 292, 291, 292, 287, 288, 293, 292, 271, 265, 293, 271, 293, 294, 292, 294, 287, 292, 265, 295, 293, 295, 294, 293, 295, 265, 266, 295, 266, 296, 296, 266, 297, 289, 298, 290, 298, 289, 287, 294, 295, 299, 295, 296, 299, 300, 296, 297, 300, 297, 301, 296, 302, 299, 300, 302, 296, 300, 301, 303, 303, 301, 304, 305, 287, 294, 294, 299, 306, 306, 305, 294, 307, 298, 287, 287, 305, 307, 308, 299, 302, 306, 299, 308, 302, 300, 309, 302, 310, 308, 310, 302, 309, 306, 308, 311, 310, 311, 308, 306, 311, 312, 305, 306, 312, 311, 310, 312, 305, 312, 310, 313, 305, 310, 307, 305, 313, 309, 313, 310, 309, 300, 314, 313, 309, 314, 314, 300, 303, 315, 307, 313, 313, 314, 315, 298, 307, 315, 298, 315, 316, 298, 316, 290, 315, 314, 317, 316, 315, 317, 290, 316, 318, 318, 188, 290, 318, 319, 188, 316, 320, 318, 316, 317, 320, 319, 318, 321, 320, 321, 318, 317, 321, 320, 322, 319, 321, 314, 323, 317, 314, 303, 323, 317, 324, 321, 324, 317, 323, 323, 303, 325, 325, 324, 323, 324, 326, 321, 325, 326, 324, 321, 326, 327, 303, 328, 325, 328, 303, 304, 329, 326, 325, 325, 328, 329, 329, 330, 326, 329, 328, 330, 327, 326, 331, 326, 330, 331, 304, 332, 328, 328, 332, 330, 327, 331, 333, 327, 333, 334, 304, 335, 332, 304, 336, 335, 332, 335, 337, 330, 332, 337, 338, 335, 336, 337, 335, 338, 339, 338, 336, 339, 340, 338, 339, 341, 340, 331, 330, 342, 331, 342, 333, 334, 333, 343, 334, 343, 344, 343, 345, 344, 330, 337, 346, 330, 346, 342, 342, 346, 347, 347, 348, 342, 348, 333, 342, 333, 348, 343, 337, 338, 349, 338, 340, 349, 346, 337, 350, 346, 350, 347, 337, 349, 350, 351, 345, 343, 351, 352, 345, 348, 353, 343, 347, 353, 348, 343, 353, 351, 354, 352, 351, 354, 355, 352, 355, 354, 356, 357, 355, 356, 356, 358, 357, 353, 359, 351, 360, 354, 351, 359, 360, 351, 360, 361, 354, 361, 356, 354, 356, 361, 362, 363, 356, 362, 356, 363, 358, 363, 364, 358, 362, 364, 363, 364, 365, 358, 366, 365, 364, 362, 366, 364, 361, 360, 367, 359, 367, 360, 359, 368, 367, 361, 367, 369, 369, 362, 361, 367, 368, 369, 353, 370, 359, 347, 370, 353, 370, 371, 359, 359, 371, 368, 362, 369, 372, 369, 368, 372, 373, 370, 347, 373, 371, 370, 374, 366, 362, 362, 372, 375, 374, 362, 375, 376, 366, 374, 377, 366, 376, 377, 376, 341, 376, 378, 341, 378, 376, 374, 340, 341, 378, 340, 371, 373, 379, 374, 375, 374, 379, 378, 375, 372, 380, 379, 375, 380, 380, 372, 381, 379, 380, 381, 368, 381, 372, 368, 379, 381, 371, 382, 368, 382, 379, 368, 379, 382, 378, 382, 371, 340, 378, 382, 340, 340, 373, 349, 349, 373, 383, 383, 373, 347, 384, 349, 383, 350, 349, 384, 383, 347, 385, 347, 350, 385, 350, 384, 386, 386, 384, 383, 350, 386, 385, 386, 383, 385, 387, 388, 389, 390, 389, 388, 322, 390, 388, 322, 391, 390, 391, 392, 390, 393, 115, 394, 395, 115, 393, 395, 393, 396, 395, 120, 115, 397, 396, 393, 398, 120, 395, 120, 398, 399, 123, 120, 399, 400, 398, 395, 400, 395, 396, 399, 398, 401, 401, 398, 400, 123, 399, 402, 125, 123, 402, 125, 402, 403, 403, 402, 404, 402, 399, 404, 403, 404, 405, 399, 401, 406, 399, 407, 404, 399, 406, 407, 406, 401, 408, 408, 401, 400, 409, 404, 407, 405, 404, 409, 410, 407, 406, 409, 407, 410, 410, 406, 408, 405, 409, 411, 411, 409, 410, 411, 412, 405, 411, 410, 412, 405, 412, 413, 414, 410, 408, 410, 414, 412, 412, 415, 413, 412, 414, 415, 415, 414, 416, 416, 414, 417, 417, 414, 408, 417, 408, 400, 413, 415, 418, 419, 417, 400, 419, 400, 396, 417, 419, 396, 416, 417, 396, 418, 415, 420, 420, 415, 416, 418, 420, 421, 420, 416, 421, 418, 421, 422, 423, 422, 421, 423, 421, 424, 424, 421, 425, 416, 425, 421, 424, 425, 426, 426, 425, 427, 416, 427, 425, 426, 427, 397, 416, 396, 428, 428, 396, 397, 416, 428, 427, 427, 428, 397, 322, 388, 319, 388, 188, 319, 387, 188, 388, 387, 186, 188, 200, 186, 387, 387, 135, 200, 134, 200, 135, 394, 115, 114, 132, 394, 114, 429, 387, 430, 429, 430, 431, 432, 429, 431, 432, 431, 433, 133, 432, 433, 132, 133, 433, 434, 132, 433, 434, 394, 132, 434, 435, 394, 394, 435, 393, 435, 436, 393, 436, 437, 393, 437, 397, 393, 426, 397, 437, 424, 426, 437, 424, 437, 438, 423, 424, 438, 439, 435, 434, 440, 439, 434, 440, 434, 433, 441, 440, 433, 441, 433, 442, 433, 431, 442, 442, 431, 389, 431, 430, 389, 389, 430, 387, 138, 429, 141, 141, 429, 432, 141, 432, 133, 131, 141, 133, 429, 135, 387, 138, 135, 429, 443, 444, 445, 445, 446, 443, 446, 447, 443, 448, 447, 446, 448, 446, 449, 450, 448, 449, 449, 451, 450, 450, 451, 452, 450, 452, 453, 454, 455, 456, 454, 456, 446, 445, 454, 446, 446, 456, 457, 457, 456, 458, 446, 457, 449, 459, 457, 458, 458, 460, 459, 457, 461, 449, 457, 459, 461, 461, 459, 460, 461, 451, 449, 460, 451, 461, 454, 445, 444, 462, 454, 444, 454, 462, 463, 463, 464, 454, 454, 464, 465, 465, 466, 454, 466, 467, 454, 467, 455, 454, 467, 468, 455, 467, 469, 468, 467, 365, 469, 365, 366, 469, 377, 469, 366, 469, 377, 468, 377, 470, 468, 377, 341, 470, 470, 341, 471, 341, 339, 471, 339, 472, 471, 339, 336, 472, 472, 336, 473, 473, 336, 474, 474, 336, 304, 475, 473, 474, 474, 304, 301, 474, 476, 475, 474, 477, 476, 297, 474, 301, 474, 297, 477, 297, 478, 477, 297, 266, 478, 266, 264, 478, 264, 479, 478, 259, 479, 264, 259, 480, 479, 480, 259, 481, 259, 258, 481, 481, 258, 482, 258, 255, 482, 438, 482, 255, 423, 438, 255, 423, 255, 247, 422, 423, 247, 247, 244, 422, 244, 418, 422, 413, 418, 244, 413, 244, 239, 413, 239, 232, 405, 413, 232, 405, 232, 230, 230, 403, 405, 229, 403, 230, 125, 403, 229, 125, 229, 124, 229, 483, 124, 483, 229, 152, 151, 483, 152, 151, 154, 483, 154, 159, 483, 159, 484, 483, 124, 483, 484, 159, 160, 484, 485, 124, 484, 484, 160, 485, 126, 124, 485, 486, 485, 160, 126, 485, 486, 486, 160, 166, 166, 167, 486, 487, 126, 486, 486, 167, 487, 126, 487, 127, 167, 128, 487, 128, 127, 487, 321, 327, 334, 334, 344, 321, 344, 322, 321, 391, 322, 344, 365, 467, 466, 488, 365, 466, 365, 488, 358, 466, 489, 488, 466, 465, 489, 488, 490, 358, 489, 491, 488, 491, 490, 488, 489, 465, 492, 491, 489, 492, 490, 493, 358, 358, 493, 357, 490, 494, 493, 493, 494, 355, 357, 493, 355, 465, 495, 492, 465, 464, 495, 495, 464, 496, 464, 463, 496, 496, 463, 462, 495, 497, 492, 497, 495, 496, 491, 498, 490, 498, 494, 490, 491, 492, 499, 492, 497, 499, 498, 491, 500, 498, 500, 494, 491, 499, 500, 501, 496, 462, 443, 501, 462, 444, 443, 462, 502, 501, 443, 501, 502, 496, 502, 443, 503, 503, 443, 447, 504, 502, 503, 504, 503, 447, 496, 502, 505, 502, 504, 506, 502, 506, 505, 507, 504, 447, 506, 504, 507, 508, 496, 505, 497, 496, 508, 507, 447, 509, 509, 447, 448, 509, 448, 510, 510, 448, 450, 511, 510, 450, 511, 509, 510, 511, 450, 512, 509, 513, 507, 513, 509, 511, 506, 507, 514, 513, 514, 507, 515, 514, 513, 516, 515, 513, 516, 513, 511, 517, 511, 512, 517, 516, 511, 518, 506, 514, 515, 518, 514, 352, 517, 512, 519, 352, 512, 520, 352, 519, 345, 352, 520, 521, 516, 517, 515, 516, 521, 352, 522, 517, 522, 521, 517, 355, 522, 352, 355, 494, 522, 522, 494, 521, 494, 523, 521, 523, 515, 521, 494, 524, 523, 524, 515, 523, 494, 500, 524, 500, 525, 524, 500, 499, 525, 525, 526, 524, 499, 526, 525, 526, 527, 524, 526, 499, 527, 524, 527, 515, 499, 497, 527, 528, 515, 527, 497, 528, 527, 518, 515, 528, 528, 497, 508, 508, 518, 528, 508, 529, 518, 508, 505, 529, 529, 530, 518, 505, 530, 529, 530, 506, 518, 530, 505, 506, 531, 532, 460, 531, 460, 533, 533, 534, 531, 533, 460, 458, 535, 533, 458, 456, 535, 458, 455, 535, 456, 534, 536, 531, 537, 535, 455, 468, 537, 455, 468, 538, 537, 537, 538, 535, 538, 468, 539, 468, 470, 539, 538, 539, 540, 538, 540, 535, 539, 470, 541, 540, 539, 541, 540, 542, 535, 542, 540, 541, 543, 533, 535, 542, 543, 535, 533, 543, 544, 544, 534, 533, 543, 542, 545, 543, 545, 544, 542, 541, 545, 470, 546, 541, 471, 546, 470, 546, 547, 541, 541, 547, 545, 471, 548, 546, 548, 547, 546, 547, 548, 549, 547, 549, 550, 547, 550, 545, 471, 472, 548, 545, 551, 544, 551, 534, 544, 550, 551, 545, 551, 550, 534, 548, 472, 552, 548, 552, 549, 472, 553, 552, 552, 553, 549, 472, 473, 553, 550, 554, 534, 550, 549, 554, 554, 555, 534, 549, 555, 554, 534, 555, 536, 473, 556, 553, 556, 473, 475, 556, 475, 557, 553, 556, 558, 556, 557, 558, 553, 558, 549, 558, 557, 536, 559, 555, 549, 555, 559, 536, 558, 559, 549, 559, 558, 536, 391, 344, 345, 520, 391, 345, 391, 520, 392, 520, 519, 392, 512, 392, 519, 512, 560, 392, 453, 560, 512, 450, 453, 512, 560, 561, 392, 561, 390, 392, 561, 562, 390, 562, 389, 390, 563, 562, 561, 442, 389, 562, 563, 442, 562, 563, 441, 442, 564, 565, 566, 567, 564, 566, 564, 567, 568, 567, 563, 568, 561, 568, 563, 561, 560, 568, 560, 453, 568, 568, 453, 452, 564, 568, 452, 564, 452, 565, 452, 532, 565, 532, 531, 565, 531, 569, 565, 569, 531, 570, 531, 536, 570, 557, 570, 536, 476, 570, 557, 475, 476, 557, 452, 460, 532, 452, 451, 460, 195, 187, 198, 200, 198, 187, 186, 200, 187, 567, 566, 439, 440, 567, 439, 441, 563, 567, 440, 441, 567, 64, 571, 63, 571, 64, 57, 57, 572, 571, 56, 572, 57, 63, 571, 573, 571, 572, 573, 574, 63, 573, 572, 575, 573, 575, 574, 573, 576, 575, 572, 576, 572, 56, 575, 576, 577, 575, 577, 574, 578, 576, 56, 576, 578, 577, 579, 578, 56, 55, 579, 56, 55, 71, 579, 580, 578, 579, 578, 580, 577, 71, 580, 579, 580, 581, 577, 71, 581, 580, 577, 582, 574, 582, 577, 581, 71, 583, 581, 583, 584, 581, 40, 583, 71, 583, 40, 585, 583, 585, 584, 40, 39, 585, 582, 581, 586, 586, 581, 584, 586, 584, 587, 588, 582, 586, 574, 582, 588, 588, 586, 587, 574, 588, 589, 589, 588, 587, 574, 589, 590, 590, 589, 587, 63, 574, 590, 63, 590, 591, 62, 63, 591, 62, 591, 590, 62, 590, 587, 62, 587, 592, 61, 62, 592, 61, 592, 593, 46, 61, 593, 46, 593, 592, 39, 46, 592, 594, 592, 587, 592, 594, 39, 594, 587, 584, 39, 594, 595, 594, 584, 595, 39, 595, 585, 584, 585, 596, 595, 584, 596, 585, 595, 596, 436, 597, 437, 436, 435, 597, 435, 439, 597, 597, 439, 598, 439, 566, 598, 566, 565, 598, 565, 569, 598, 598, 569, 570, 597, 599, 437, 600, 437, 599, 438, 437, 600, 482, 438, 600, 482, 600, 601, 600, 599, 601, 482, 601, 481, 601, 602, 481, 480, 481, 602, 599, 603, 601, 601, 603, 602, 480, 602, 604, 602, 603, 605, 604, 602, 605, 480, 604, 606, 604, 605, 606, 480, 606, 479, 599, 607, 603, 603, 607, 605, 599, 597, 608, 599, 608, 607, 609, 608, 597, 607, 608, 609, 605, 607, 610, 610, 607, 609, 605, 611, 606, 611, 605, 610, 479, 606, 612, 606, 611, 612, 609, 597, 613, 597, 598, 613, 610, 609, 614, 614, 611, 610, 609, 613, 614, 611, 614, 615, 615, 614, 613, 611, 615, 616, 612, 611, 616, 617, 479, 612, 617, 478, 479, 615, 613, 618, 618, 616, 615, 619, 612, 616, 619, 617, 612, 619, 616, 618, 613, 620, 618, 620, 613, 598, 618, 621, 619, 621, 618, 620, 617, 619, 622, 621, 623, 619, 622, 619, 623, 621, 620, 624, 624, 623, 621, 598, 625, 620, 620, 625, 624, 626, 625, 598, 626, 624, 625, 626, 598, 570, 624, 627, 623, 627, 622, 623, 627, 624, 626, 628, 617, 622, 478, 617, 628, 629, 628, 622, 627, 629, 622, 629, 478, 628, 630, 629, 627, 478, 629, 630, 630, 627, 626, 478, 630, 477, 570, 631, 626, 631, 630, 626, 477, 630, 631, 570, 476, 631, 476, 477, 631, 12, 632, 13, 13, 632, 14, 12, 633, 632, 12, 634, 633, 12, 11, 634, 11, 29, 634, 634, 29, 635, 634, 635, 633, 635, 636, 633, 635, 29, 27, 637, 632, 633, 636, 637, 633, 14, 632, 638, 632, 637, 638, 637, 639, 638, 638, 639, 640, 14, 638, 641, 638, 640, 641, 14, 641, 15, 16, 15, 641, 635, 27, 642, 635, 642, 636, 16, 641, 643, 643, 641, 640, 27, 644, 642, 28, 644, 27, 28, 645, 644, 645, 28, 22, 646, 16, 643, 646, 17, 16, 646, 30, 17, 646, 643, 647, 30, 646, 647, 640, 648, 643, 643, 648, 647, 647, 649, 30, 649, 31, 30, 649, 647, 650, 647, 648, 650, 651, 31, 649, 651, 649, 650, 651, 35, 31, 35, 651, 652, 35, 652, 36, 648, 640, 653, 648, 654, 650, 654, 648, 653, 655, 653, 640, 640, 639, 655, 656, 651, 650, 651, 657, 652, 651, 656, 657, 650, 658, 656, 658, 650, 654, 659, 656, 658, 656, 659, 657, 660, 658, 654, 660, 659, 658, 661, 660, 654, 659, 660, 661, 653, 661, 654, 662, 659, 661, 661, 653, 662, 659, 662, 657, 662, 663, 657, 653, 664, 662, 662, 664, 663, 665, 663, 664, 653, 655, 664, 664, 655, 665, 657, 666, 652, 663, 666, 657, 665, 667, 663, 663, 667, 668, 669, 667, 665, 652, 666, 670, 36, 652, 670, 666, 663, 671, 668, 671, 663, 672, 36, 670, 672, 37, 36, 666, 673, 670, 673, 666, 671, 37, 672, 674, 6, 37, 674, 6, 674, 5, 5, 674, 675, 674, 672, 675, 5, 675, 676, 5, 676, 4, 672, 670, 677, 672, 678, 675, 672, 677, 678, 675, 679, 676, 675, 678, 679, 679, 678, 671, 4, 676, 680, 676, 679, 680, 670, 681, 677, 681, 670, 673, 677, 681, 682, 677, 682, 678, 682, 681, 673, 678, 682, 683, 683, 682, 673, 671, 678, 683, 671, 683, 673, 679, 671, 668, 679, 668, 684, 679, 684, 680, 668, 685, 684, 668, 667, 685, 4, 680, 686, 4, 686, 3, 680, 687, 686, 680, 684, 687, 3, 686, 688, 688, 686, 687, 689, 688, 687, 690, 3, 688, 690, 0, 3, 690, 1, 0, 21, 1, 690, 691, 690, 688, 691, 21, 690, 689, 691, 688, 21, 691, 22, 22, 691, 692, 692, 691, 689, 645, 22, 692, 687, 684, 693, 694, 689, 687, 687, 693, 694, 695, 692, 689, 692, 696, 645, 692, 695, 696, 697, 695, 689, 698, 697, 689, 694, 698, 689, 694, 696, 698, 699, 695, 697, 698, 699, 697, 695, 699, 696, 696, 699, 698, 645, 696, 700, 696, 694, 700, 669, 694, 693, 694, 669, 700, 701, 645, 700, 701, 644, 645, 642, 644, 701, 669, 702, 700, 702, 701, 700, 693, 667, 669, 702, 669, 665, 693, 703, 667, 684, 703, 693, 703, 704, 667, 684, 704, 703, 704, 705, 667, 705, 704, 684, 667, 705, 706, 706, 705, 684, 667, 706, 685, 685, 706, 684, 707, 642, 701, 702, 708, 701, 708, 707, 701, 702, 665, 709, 708, 702, 709, 710, 642, 707, 642, 710, 636, 711, 710, 707, 710, 711, 636, 711, 707, 712, 636, 711, 712, 707, 708, 712, 708, 636, 712, 637, 636, 708, 637, 708, 709, 637, 709, 639, 665, 713, 709, 655, 713, 665, 655, 639, 714, 713, 655, 714, 715, 709, 713, 709, 715, 639, 639, 716, 714, 716, 713, 714, 715, 717, 639, 717, 715, 713, 639, 717, 716, 717, 713, 716, 18, 718, 19, 18, 33, 718, 718, 719, 19, 33, 720, 718, 720, 719, 718, 719, 721, 19, 719, 720, 722, 721, 719, 722, 33, 723, 720, 720, 723, 722, 721, 724, 19, 19, 724, 20, 33, 725, 723, 725, 726, 723, 7, 725, 33, 727, 725, 7, 725, 727, 726, 8, 727, 7, 721, 722, 728, 721, 728, 724, 728, 722, 729, 20, 724, 730, 730, 26, 20, 724, 728, 731, 730, 724, 731, 728, 729, 731, 26, 730, 732, 732, 730, 731, 729, 732, 731, 25, 26, 732, 722, 733, 729, 733, 722, 723, 733, 723, 734, 734, 723, 726, 735, 733, 734, 729, 733, 735, 735, 734, 736, 734, 726, 736, 729, 735, 737, 737, 735, 736, 732, 729, 738, 729, 737, 738, 739, 25, 732, 739, 732, 738, 738, 737, 740, 740, 739, 738, 25, 739, 740, 740, 737, 736, 24, 25, 740, 740, 736, 741, 24, 740, 741, 24, 741, 742, 9, 24, 742, 9, 742, 741, 8, 9, 741, 743, 741, 736, 741, 743, 8, 743, 736, 726, 8, 743, 744, 743, 726, 744, 8, 744, 727, 726, 727, 745, 744, 726, 745, 727, 744, 745, 49, 746, 50, 50, 746, 51, 49, 747, 746, 49, 748, 747, 49, 48, 748, 48, 67, 748, 748, 67, 749, 748, 749, 747, 749, 750, 747, 749, 67, 65, 751, 746, 747, 750, 751, 747, 51, 746, 752, 746, 751, 752, 751, 753, 752, 752, 753, 754, 51, 752, 755, 752, 754, 755, 51, 755, 52, 53, 52, 755, 749, 65, 756, 749, 756, 750, 53, 755, 757, 757, 755, 754, 65, 758, 756, 66, 758, 65, 66, 759, 758, 759, 66, 59, 760, 53, 757, 760, 54, 53, 760, 68, 54, 760, 757, 761, 68, 760, 761, 754, 762, 757, 757, 762, 761, 761, 763, 68, 763, 69, 68, 763, 761, 764, 761, 762, 764, 765, 69, 763, 765, 763, 764, 765, 73, 69, 73, 765, 766, 73, 766, 74, 762, 754, 767, 762, 768, 764, 768, 762, 767, 769, 767, 754, 754, 753, 769, 770, 765, 764, 765, 771, 766, 765, 770, 771, 764, 772, 770, 772, 764, 768, 773, 770, 772, 770, 773, 771, 774, 772, 768, 774, 773, 772, 775, 774, 768, 773, 774, 775, 767, 775, 768, 776, 773, 775, 775, 767, 776, 773, 776, 771, 776, 777, 771, 767, 778, 776, 776, 778, 777, 779, 777, 778, 767, 769, 778, 778, 769, 779, 771, 780, 766, 777, 780, 771, 779, 781, 777, 777, 781, 782, 783, 781, 779, 766, 780, 784, 74, 766, 784, 780, 777, 785, 782, 785, 777, 786, 74, 784, 786, 75, 74, 787, 780, 785, 780, 787, 784, 75, 786, 788, 38, 75, 788, 38, 788, 41, 41, 788, 789, 788, 786, 789, 41, 789, 790, 41, 790, 42, 786, 784, 791, 786, 792, 789, 786, 791, 792, 789, 793, 790, 789, 792, 793, 793, 792, 785, 42, 790, 794, 790, 793, 794, 784, 795, 791, 795, 784, 787, 791, 795, 796, 791, 796, 792, 796, 795, 787, 792, 796, 797, 797, 796, 787, 785, 792, 797, 785, 797, 787, 793, 785, 782, 793, 782, 798, 793, 798, 794, 782, 799, 798, 782, 781, 799, 42, 794, 800, 42, 800, 43, 794, 801, 800, 794, 798, 801, 43, 800, 802, 802, 800, 801, 803, 802, 801, 803, 804, 802, 804, 43, 802, 804, 44, 43, 804, 45, 44, 58, 45, 804, 58, 804, 805, 803, 805, 804, 58, 805, 59, 59, 805, 806, 806, 805, 803, 759, 59, 806, 801, 798, 807, 808, 803, 801, 801, 807, 808, 809, 806, 803, 806, 810, 759, 806, 809, 810, 811, 809, 803, 812, 811, 803, 808, 812, 803, 808, 810, 812, 813, 809, 811, 812, 813, 811, 810, 813, 812, 809, 813, 810, 759, 810, 814, 810, 808, 814, 783, 808, 807, 808, 783, 814, 815, 759, 814, 815, 758, 759, 756, 758, 815, 783, 816, 814, 816, 815, 814, 807, 781, 783, 816, 783, 779, 807, 817, 781, 798, 817, 807, 817, 818, 781, 798, 818, 817, 818, 819, 781, 819, 818, 798, 781, 819, 820, 820, 819, 798, 781, 820, 799, 799, 820, 798, 821, 756, 815, 816, 822, 815, 822, 821, 815, 816, 779, 823, 822, 816, 823, 824, 756, 821, 756, 824, 750, 825, 824, 821, 824, 825, 750, 825, 821, 826, 750, 825, 826, 821, 822, 826, 822, 750, 826, 751, 750, 822, 751, 822, 823, 751, 823, 753, 779, 827, 823, 769, 827, 779, 769, 753, 828, 827, 769, 828, 829, 823, 827, 823, 829, 753, 753, 830, 828, 830, 827, 828, 829, 831, 753, 831, 829, 827, 753, 831, 830, 831, 827, 830, 88, 832, 89, 89, 832, 90, 88, 833, 832, 88, 834, 833, 88, 87, 834, 87, 105, 834, 834, 105, 835, 834, 835, 833, 835, 836, 833, 835, 105, 103, 837, 832, 833, 836, 837, 833, 90, 832, 838, 832, 837, 838, 837, 839, 838, 838, 839, 840, 90, 838, 841, 838, 840, 841, 90, 841, 91, 92, 91, 841, 835, 103, 842, 835, 842, 836, 92, 841, 843, 843, 841, 840, 103, 844, 842, 104, 844, 103, 104, 845, 844, 845, 104, 98, 846, 92, 843, 846, 93, 92, 846, 106, 93, 846, 843, 847, 106, 846, 847, 840, 848, 843, 843, 848, 847, 847, 849, 106, 849, 107, 106, 849, 847, 850, 847, 848, 850, 851, 107, 849, 851, 849, 850, 851, 111, 107, 111, 851, 852, 111, 852, 112, 848, 840, 853, 848, 854, 850, 854, 848, 853, 855, 853, 840, 840, 839, 855, 856, 851, 850, 851, 857, 852, 851, 856, 857, 857, 858, 852, 859, 858, 857, 112, 852, 860, 860, 852, 858, 850, 861, 856, 861, 850, 854, 856, 862, 857, 862, 856, 861, 863, 861, 854, 863, 862, 861, 864, 863, 854, 862, 863, 864, 853, 864, 854, 862, 865, 857, 865, 862, 864, 864, 853, 865, 865, 859, 857, 853, 866, 865, 865, 866, 859, 867, 859, 866, 853, 855, 866, 866, 855, 867, 867, 868, 859, 859, 868, 869, 870, 868, 867, 869, 871, 859, 859, 871, 858, 855, 872, 867, 872, 855, 873, 855, 839, 873, 874, 872, 873, 839, 874, 873, 875, 872, 874, 839, 875, 874, 875, 876, 872, 876, 875, 839, 876, 877, 872, 877, 876, 839, 867, 872, 877, 837, 877, 839, 878, 867, 877, 878, 870, 867, 837, 879, 877, 879, 878, 877, 837, 836, 879, 870, 878, 880, 878, 879, 881, 878, 881, 880, 879, 836, 882, 883, 879, 882, 879, 883, 881, 836, 884, 882, 884, 883, 882, 885, 884, 836, 884, 885, 883, 842, 885, 836, 885, 842, 883, 883, 842, 881, 842, 844, 881, 881, 844, 845, 881, 845, 880, 886, 870, 880, 845, 887, 880, 887, 886, 880, 870, 886, 888, 888, 868, 870, 889, 887, 845, 845, 98, 889, 98, 890, 889, 889, 890, 891, 892, 889, 891, 889, 892, 887, 97, 890, 98, 97, 893, 890, 891, 890, 893, 97, 77, 893, 893, 77, 76, 893, 76, 79, 893, 79, 894, 891, 893, 894, 79, 895, 894, 80, 895, 79, 894, 895, 896, 891, 894, 896, 80, 897, 895, 897, 896, 895, 80, 898, 897, 81, 898, 80, 897, 899, 896, 900, 899, 897, 898, 900, 897, 896, 899, 888, 81, 901, 898, 901, 900, 898, 896, 888, 886, 886, 891, 896, 886, 902, 891, 886, 887, 902, 902, 903, 891, 903, 892, 891, 887, 904, 902, 892, 904, 887, 902, 904, 903, 904, 892, 903, 899, 905, 888, 888, 905, 868, 81, 906, 901, 82, 906, 81, 82, 113, 906, 113, 907, 906, 906, 907, 901, 907, 113, 112, 907, 112, 860, 907, 908, 901, 901, 908, 900, 907, 860, 909, 907, 909, 908, 860, 910, 909, 910, 860, 858, 909, 910, 911, 911, 910, 858, 909, 911, 908, 912, 911, 858, 908, 911, 912, 871, 912, 858, 871, 908, 912, 900, 908, 871, 900, 871, 869, 900, 869, 899, 869, 913, 899, 869, 868, 913, 913, 914, 899, 868, 914, 913, 914, 915, 899, 868, 915, 914, 915, 916, 899, 916, 915, 868, 899, 916, 905, 905, 916, 868, 94, 917, 95, 94, 109, 917, 917, 918, 95, 109, 919, 917, 919, 918, 917, 918, 920, 95, 918, 919, 921, 920, 918, 921, 920, 922, 95, 95, 922, 96, 109, 923, 919, 919, 923, 921, 920, 924, 922, 920, 921, 924, 96, 922, 925, 925, 102, 96, 922, 924, 926, 925, 922, 926, 102, 925, 927, 927, 925, 926, 101, 102, 927, 924, 928, 926, 924, 921, 928, 928, 927, 926, 929, 921, 923, 921, 929, 928, 930, 101, 927, 927, 928, 931, 930, 927, 931, 101, 930, 932, 932, 930, 931, 100, 101, 932, 928, 933, 931, 928, 929, 933, 931, 933, 932, 932, 933, 934, 100, 932, 935, 932, 934, 935, 933, 929, 936, 933, 936, 934, 936, 929, 937, 929, 923, 937, 936, 937, 934, 937, 923, 934, 100, 935, 938, 85, 100, 938, 85, 938, 935, 84, 85, 935, 939, 935, 934, 935, 939, 84, 934, 923, 940, 939, 934, 940, 109, 940, 923, 84, 939, 941, 939, 940, 941, 109, 942, 940, 84, 941, 942, 109, 83, 942, 83, 84, 942, 940, 942, 943, 941, 940, 943, 942, 941, 943]
                texCoord2f[] primvars:st = [(0.555681, 0.073858), (0.55568, 0.069012), (0.53502, 0.068011), (0.518162, 0.069033), (0.478083, 0.069031), (0.43771, 0.073508), (0.405161, 0.07546), (0.407911, 0.114718), (0.477881, 0.09851), (0.556679, 0.098557), (0.127979, 0.111923), (0.090143, 0.11152), (0.090106, 0.116633), (0.148087, 0.110766), (0.168885, 0.112078), (0.186812, 0.113082), (0.207853, 0.116444), (0.240522, 0.118418), (0.237753, 0.157777), (0.167738, 0.141578), (0.089032, 0.141597), (0.396762, 0.111756), (0.371322, 0.119269), (0.396761, 0.116601), (0.346876, 0.116564), (0.318948, 0.095008), (0.396754, 0.087056), (0.356949, 0.087126), (0.322462, 0.087316), (0.27214, 0.087433), (0.249089, 0.087074), (0.249084, 0.112038), (0.296437, 0.11665), (0.32006, 0.119267), (0.272027, 0.119153), (0.249073, 0.117151), (0.922516, 0.172513), (0.921919, 0.220106), (0.924776, 0.196801), (0.883158, 0.172519), (0.893482, 0.249321), (0.883119, 0.234232), (0.883159, 0.320196), (0.913284, 0.27306), (0.924798, 0.246562), (0.922417, 0.320202), (0.921915, 0.270756), (0.9247, 0.295922), (0.720089, 0.100887), (0.790059, 0.084679), (0.717339, 0.061628), (0.749887, 0.059677), (0.79026, 0.0552), (0.830339, 0.055202), (0.847197, 0.054179), (0.867747, 0.055189), (0.868857, 0.084726), (0.781971, 0.386561), (0.744135, 0.386157), (0.744098, 0.39127), (0.802079, 0.385403), (0.822877, 0.386716), (0.840804, 0.387719), (0.861845, 0.391082), (0.894514, 0.393056), (0.891744, 0.432414), (0.82173, 0.416215), (0.743024, 0.416235), (0.396763, 0.156109), (0.346876, 0.15608), (0.371322, 0.158785), (0.318948, 0.134524), (0.396752, 0.126573), (0.356949, 0.126642), (0.340353, 0.126651), (0.298699, 0.126616), (0.27214, 0.12695), (0.249089, 0.12659), (0.249083, 0.151554), (0.296437, 0.156166), (0.32006, 0.158783), (0.272027, 0.158669), (0.249073, 0.156667), (0.670226, 0.203133), (0.670823, 0.15554), (0.667966, 0.178845), (0.709584, 0.203127), (0.69926, 0.126325), (0.709624, 0.141448), (0.709583, 0.055449), (0.679458, 0.102585), (0.667944, 0.129084), (0.670325, 0.055444), (0.670827, 0.104889), (0.668042, 0.079723), (0.910274, 0.162495), (0.915119, 0.162495), (0.916121, 0.141835), (0.915099, 0.124976), (0.9151, 0.084898), (0.910623, 0.044524), (0.908672, 0.011976), (0.869476, 0.014961), (0.885621, 0.084697), (0.885574, 0.163494), (0.925367, 0.360536), (0.963204, 0.36094), (0.963241, 0.355826), (0.90526, 0.361694), (0.884462, 0.360381), (0.866535, 0.359378), (0.845494, 0.356015), (0.812825, 0.354041), (0.815594, 0.314683), (0.885609, 0.330881), (0.964315, 0.330862), (0.888244, 0.817609), (0.880731, 0.792169), (0.883399, 0.817608), (0.883436, 0.767723), (0.904992, 0.739795), (0.912944, 0.817601), (0.912874, 0.777795), (0.912684, 0.743308), (0.912567, 0.692987), (0.912926, 0.669936), (0.887962, 0.669931), (0.88335, 0.717284), (0.880733, 0.740907), (0.880847, 0.692874), (0.882849, 0.669919), (0.871145, 0.670416), (0.870548, 0.718009), (0.873405, 0.694704), (0.831787, 0.670422), (0.842111, 0.747224), (0.831747, 0.757545), (0.831851, 0.818099), (0.861913, 0.770963), (0.873427, 0.744465), (0.871046, 0.818105), (0.870544, 0.76866), (0.873329, 0.793826), (0.601147, 0.366557), (0.663992, 0.546047), (0.663992, 0.366557), (0.600752, 0.467607), (0.564484, 0.366557), (0.615304, 0.518328), (0.600254, 0.54791), (0.562128, 0.527258), (0.549563, 0.366558), (0.55192, 0.557234), (0.510778, 0.471925), (0.513744, 0.573105), (0.510767, 0.366557), (0.74984, 0.646689), (0.7554, 0.616148), (0.749842, 0.622905), (0.788636, 0.643449), (0.788719, 0.604804), (0.803557, 0.642448), (0.801196, 0.602124), (0.84022, 0.639442), (0.84022, 0.602129), (0.903065, 0.639442), (0.903065, 0.456532), (0.84022, 0.456532), (0.238623, 0.645958), (0.203423, 0.638191), (0.202574, 0.641841), (0.25903, 0.647109), (0.211133, 0.632872), (0.240408, 0.623794), (0.260545, 0.613826), (0.219692, 0.590125), (0.270664, 0.649843), (0.245004, 0.587261), (0.258028, 0.541893), (0.219692, 0.486169), (0.272788, 0.633462), (0.289164, 0.658141), (0.241003, 0.510186), (0.258716, 0.486174), (0.260587, 0.515958), (0.271193, 0.486181), (0.286265, 0.632436), (0.272664, 0.617609), (0.302913, 0.633974), (0.303318, 0.665158), (0.300543, 0.612014), (0.305365, 0.612066), (0.286389, 0.611937), (0.291358, 0.590475), (0.302104, 0.589947), (0.301127, 0.56733), (0.306357, 0.589739), (0.306001, 0.567317), (0.272861, 0.609162), (0.281935, 0.590169), (0.286363, 0.598222), (0.259115, 0.589789), (0.30248, 0.542754), (0.306371, 0.542589), (0.306022, 0.516246), (0.271505, 0.589703), (0.272744, 0.567299), (0.260507, 0.56728), (0.300849, 0.513339), (0.287031, 0.53141), (0.304512, 0.486178), (0.286435, 0.490769), (0.286703, 0.51307), (0.272885, 0.516482), (0.271391, 0.542617), (0.29139, 0.544373), (0.281832, 0.544003), (0.286618, 0.543943), (0.286647, 0.54515), (0.286607, 0.553933), (0.286699, 0.570396), (0.286592, 0.581894), (0.286627, 0.590151), (0.286624, 0.591228), (0.315732, 0.67529), (0.318176, 0.744203), (0.31746, 0.672763), (0.315517, 0.708086), (0.275501, 0.706753), (0.316584, 0.744326), (0.293585, 0.735854), (0.319752, 0.758), (0.320058, 0.746437), (0.318632, 0.732071), (0.340136, 0.744934), (0.339469, 0.735196), (0.318543, 0.711846), (0.348486, 0.704958), (0.318653, 0.675289), (0.350068, 0.740794), (0.368498, 0.708074), (0.332633, 0.751548), (0.33868, 0.758469), (0.329251, 0.758474), (0.321212, 0.768614), (0.309659, 0.758401), (0.301539, 0.758352), (0.296057, 0.77455), (0.351495, 0.757812), (0.367129, 0.745431), (0.367366, 0.733649), (0.323003, 0.772828), (0.296036, 0.742713), (0.381603, 0.735097), (0.39596, 0.740778), (0.389068, 0.744925), (0.415703, 0.711598), (0.440235, 0.704098), (0.464244, 0.675289), (0.464253, 0.711338), (0.441179, 0.734678), (0.464283, 0.731746), (0.415974, 0.730776), (0.44935, 0.74374), (0.46691, 0.743379), (0.435171, 0.743035), (0.437517, 0.758749), (0.453415, 0.757229), (0.473592, 0.761878), (0.44969, 0.770178), (0.478918, 0.776033), (0.415882, 0.742455), (0.450931, 0.776353), (0.484729, 0.780015), (0.445604, 0.780087), (0.436724, 0.774094), (0.418297, 0.779962), (0.429707, 0.751854), (0.416058, 0.747423), (0.426273, 0.75967), (0.416675, 0.764922), (0.417429, 0.771005), (0.402748, 0.773453), (0.393342, 0.780088), (0.415866, 0.757982), (0.406332, 0.759448), (0.396247, 0.758199), (0.386893, 0.774607), (0.36789, 0.780063), (0.383809, 0.758948), (0.367828, 0.775116), (0.345167, 0.780093), (0.36779, 0.769709), (0.351921, 0.774942), (0.367995, 0.763887), (0.375332, 0.758222), (0.354548, 0.765867), (0.336659, 0.774656), (0.344761, 0.77025), (0.322572, 0.780031), (0.359173, 0.758312), (0.320254, 0.775518), (0.298966, 0.780093), (0.278427, 0.780066), (0.367342, 0.752119), (0.3671, 0.757708), (0.278036, 0.775211), (0.259929, 0.77536), (0.24426, 0.780065), (0.244296, 0.775841), (0.210498, 0.780067), (0.278173, 0.768541), (0.265081, 0.769904), (0.253633, 0.758911), (0.268575, 0.758808), (0.24428, 0.763616), (0.291615, 0.765833), (0.286116, 0.758312), (0.294413, 0.758271), (0.276614, 0.745127), (0.260658, 0.758348), (0.266738, 0.746072), (0.277917, 0.762376), (0.276839, 0.733737), (0.25902, 0.734603), (0.277144, 0.757915), (0.276834, 0.747825), (0.277005, 0.753764), (0.244166, 0.744858), (0.24416, 0.707121), (0.244257, 0.733968), (0.228819, 0.744679), (0.244256, 0.752601), (0.22844, 0.735627), (0.213608, 0.707091), (0.244317, 0.758236), (0.235463, 0.758924), (0.236069, 0.771453), (0.227898, 0.758123), (0.224568, 0.774567), (0.21043, 0.77524), (0.191668, 0.780091), (0.211739, 0.733544), (0.210768, 0.769041), (0.191389, 0.774813), (0.166447, 0.775681), (0.207499, 0.770028), (0.167312, 0.769964), (0.164522, 0.77623), (0.211786, 0.74722), (0.219417, 0.758209), (0.211718, 0.743144), (0.210652, 0.762095), (0.194174, 0.758376), (0.202519, 0.758311), (0.211324, 0.757966), (0.211424, 0.753749), (0.19928, 0.750761), (0.186695, 0.757868), (0.193902, 0.742689), (0.193322, 0.736194), (0.171839, 0.744881), (0.172899, 0.709259), (0.172792, 0.675292), (0.173196, 0.727128), (0.170501, 0.742267), (0.170986, 0.671895), (0.178562, 0.758962), (0.169175, 0.752271), (0.168766, 0.758003), (0.168511, 0.746455), (0.169898, 0.731563), (0.165475, 0.769493), (0.159249, 0.758575), (0.148905, 0.758364), (0.153426, 0.742943), (0.148058, 0.77238), (0.142592, 0.736821), (0.169961, 0.710502), (0.137735, 0.776513), (0.143067, 0.780089), (0.134846, 0.770626), (0.120698, 0.77512), (0.120674, 0.780062), (0.101586, 0.774618), (0.094891, 0.780088), (0.140598, 0.743558), (0.122581, 0.709475), (0.16987, 0.675289), (0.02428, 0.67529), (0.136879, 0.757977), (0.121337, 0.745092), (0.121124, 0.733062), (0.120966, 0.768827), (0.129312, 0.757935), (0.07185, 0.707549), (0.024253, 0.710374), (0.101393, 0.736167), (0.047099, 0.737319), (0.024418, 0.729451), (0.03936, 0.745137), (0.021709, 0.74289), (0.017628, 0.754383), (0.08949, 0.742226), (0.072603, 0.731392), (0.051439, 0.744865), (0.051136, 0.758723), (0.034627, 0.757624), (0.035001, 0.770113), (0.01, 0.775553), (0.045766, 0.775037), (0.072587, 0.742392), (0.072649, 0.747304), (0.059106, 0.751616), (0.100634, 0.743685), (0.094458, 0.758299), (0.062283, 0.759709), (0.104463, 0.758517), (0.071449, 0.769801), (0.072024, 0.763971), (0.071161, 0.775303), (0.071241, 0.780061), (0.087321, 0.77469), (0.082002, 0.758545), (0.072613, 0.757944), (0.072471, 0.753819), (0.089636, 0.758133), (0.11307, 0.758053), (0.120979, 0.762022), (0.121148, 0.752079), (0.121352, 0.757761), (0.34952, 0.796369), (0.492581, 0.788657), (0.347863, 0.78769), (0.493714, 0.795926), (0.494283, 0.784417), (0.495336, 0.788658), (0.495385, 0.796371), (0.106323, 0.476633), (0.289232, 0.476633), (0.106333, 0.413943), (0.184313, 0.414034), (0.154875, 0.379935), (0.289271, 0.412895), (0.106299, 0.37928), (0.237258, 0.396817), (0.248989, 0.366787), (0.293116, 0.364561), (0.203602, 0.379972), (0.227885, 0.370848), (0.253002, 0.344041), (0.296492, 0.326384), (0.246829, 0.326129), (0.235896, 0.343689), (0.204792, 0.326131), (0.227083, 0.363372), (0.232211, 0.356664), (0.203555, 0.363564), (0.225659, 0.343408), (0.204699, 0.354778), (0.204862, 0.342803), (0.186741, 0.343947), (0.178859, 0.326133), (0.180896, 0.356343), (0.17431, 0.344643), (0.154588, 0.363875), (0.178844, 0.364128), (0.155827, 0.326132), (0.180547, 0.372587), (0.155671, 0.343329), (0.134595, 0.343643), (0.133174, 0.326131), (0.106372, 0.326135), (0.106346, 0.34177), (0.129847, 0.357231), (0.106274, 0.362932), (0.130175, 0.363758), (0.133607, 0.371631), (0.988194, 0.827623), (0.988299, 0.831274), (0.99, 0.82658), (0.845254, 0.827624), (0.84358, 0.831107), (0.843526, 0.826008), (0.842333, 0.827626), (0.696742, 0.831273), (0.696742, 0.827623), (0.503952, 0.482218), (0.324461, 0.482218), (0.324461, 0.665127), (0.503952, 0.665127), (0.758338, 0.890993), (0.752853, 0.885109), (0.758339, 0.893789), (0.800762, 0.899275), (0.801086, 0.902347), (0.900834, 0.899275), (0.90504, 0.902347), (0.90504, 0.839502), (0.900834, 0.841581), (0.725551, 0.839502), (0.727157, 0.841581), (0.723745, 0.902193), (0.725407, 0.90239), (0.717724, 0.948059), (0.718276, 0.936856), (0.714319, 0.953203), (0.705759, 0.974366), (0.701221, 0.989939), (0.698507, 0.99), (0.88867, 0.987922), (0.714994, 0.987922), (0.713387, 0.99), (0.892877, 0.99), (0.88867, 0.930228), (0.892877, 0.927155), (0.788922, 0.927155), (0.788598, 0.930228), (0.746173, 0.935714), (0.746174, 0.93851), (0.74069, 0.944393), (0.761526, 0.212139), (0.804272, 0.357742), (0.804274, 0.212139), (0.761526, 0.357736), (0.657571, 0.357736), (0.657571, 0.212139), (0.089809, 0.476919), (0.088839, 0.330081), (0.081129, 0.475683), (0.081129, 0.330081), (0.722178, 0.10879), (0.722179, 0.134626), (0.727588, 0.139203), (0.762884, 0.112153), (0.759357, 0.150145), (0.773389, 0.153355), (0.809873, 0.115969), (0.812558, 0.15335), (0.875403, 0.116038), (0.875403, 0.298947), (0.812558, 0.298947), (0.624956, 0.785534), (0.662991, 0.801374), (0.665965, 0.699929), (0.625263, 0.594839), (0.665968, 0.594839), (0.614677, 0.753843), (0.576437, 0.776186), (0.578274, 0.594839), (0.561725, 0.746458), (0.512744, 0.774328), (0.575897, 0.695924), (0.512744, 0.594839), (0.035844, 0.783357), (0.010009, 0.783354), (0.01, 0.888445), (0.038973, 0.812432), (0.036175, 0.839745), (0.038965, 0.862496), (0.036446, 0.887384), (0.038317, 0.915355), (0.035985, 0.966825), (0.010011, 0.98989), (0.068914, 0.98872), (0.073112, 0.961242), (0.040288, 0.96186), (0.076053, 0.956219), (0.101529, 0.965014), (0.099962, 0.989949), (0.125179, 0.961205), (0.12637, 0.988725), (0.150962, 0.964441), (0.150076, 0.989841), (0.173355, 0.961051), (0.174672, 0.988743), (0.196254, 0.965327), (0.19481, 0.959808), (0.200052, 0.99), (0.196735, 0.961054), (0.201434, 0.986958), (0.203281, 0.989664), (0.221956, 0.961254), (0.241721, 0.989282), (0.240786, 0.962975), (0.274548, 0.963285), (0.274486, 0.989367), (0.308715, 0.962946), (0.308297, 0.989408), (0.326428, 0.988752), (0.329254, 0.961633), (0.345975, 0.989675), (0.352861, 0.96521), (0.347762, 0.987173), (0.348983, 0.989888), (0.375456, 0.96108), (0.375787, 0.988765), (0.398178, 0.964435), (0.398439, 0.989817), (0.421471, 0.988723), (0.423631, 0.961221), (0.448585, 0.964603), (0.447403, 0.989936), (0.475892, 0.961258), (0.489442, 0.989246), (0.515017, 0.966774), (0.539103, 0.989902), (0.539102, 0.888721), (0.512216, 0.909155), (0.509207, 0.962342), (0.507324, 0.931158), (0.506147, 0.909251), (0.509531, 0.886925), (0.514669, 0.886945), (0.506102, 0.864501), (0.512229, 0.864501), (0.539091, 0.783354), (0.514913, 0.839589), (0.509849, 0.839774), (0.506257, 0.81343), (0.512409, 0.810235), (0.515308, 0.783362), (0.508551, 0.783363), (0.479705, 0.734212), (0.481001, 0.755273), (0.484194, 0.765976), (0.475645, 0.698999), (0.47669, 0.695605), (0.471982, 0.699846), (0.608571, 0.19961), (0.66004, 0.197716), (0.655076, 0.193247), (0.624321, 0.193194), (0.645668, 0.172077), (0.602127, 0.195658), (0.5806, 0.200481), (0.622366, 0.17662), (0.602296, 0.190359), (0.580067, 0.195258), (0.622889, 0.160962), (0.640045, 0.160585), (0.602414, 0.163281), (0.636991, 0.147146), (0.557355, 0.196297), (0.555712, 0.200479), (0.532971, 0.194922), (0.53296, 0.200481), (0.505649, 0.200479), (0.557441, 0.190864), (0.605264, 0.176758), (0.580454, 0.181944), (0.589344, 0.176714), (0.50576, 0.196391), (0.47659, 0.195072), (0.476573, 0.200481), (0.506522, 0.190184), (0.482215, 0.177072), (0.47657, 0.163302), (0.502581, 0.177279), (0.533781, 0.181525), (0.522209, 0.176993), (0.506424, 0.16357), (0.54282, 0.177713), (0.504087, 0.151369), (0.476577, 0.149271), (0.498901, 0.132308), (0.47657, 0.110102), (0.537188, 0.136109), (0.580526, 0.110102), (0.533136, 0.149022), (0.53297, 0.161794), (0.557576, 0.163696), (0.555139, 0.150824), (0.579528, 0.133811), (0.534187, 0.172453), (0.636239, 0.128068), (0.623273, 0.101542), (0.62859, 0.09383), (0.632239, 0.092984), (0.580128, 0.14921), (0.601558, 0.151791), (0.580116, 0.161656), (0.580305, 0.172434), (0.581677, 0.176912), (0.580473, 0.17708), (0.57132, 0.177132), (0.554831, 0.177127), (0.535686, 0.177171), (0.534317, 0.17707), (0.311038, 0.474659), (0.493948, 0.474659), (0.493945, 0.411852), (0.369025, 0.410591), (0.447886, 0.392703), (0.310993, 0.410966), (0.351282, 0.364812), (0.307134, 0.362446), (0.303793, 0.324411), (0.494073, 0.367087), (0.347268, 0.342067), (0.362696, 0.324153), (0.36388, 0.342702), (0.37514, 0.342146), (0.393744, 0.324167), (0.370565, 0.354649), (0.39505, 0.352251), (0.373049, 0.361449), (0.372107, 0.368324), (0.397096, 0.376589), (0.396801, 0.361465), (0.413569, 0.34201), (0.420152, 0.324158), (0.419475, 0.353134), (0.425995, 0.340726), (0.445281, 0.361978), (0.422707, 0.362441), (0.443858, 0.324158), (0.417973, 0.369752), (0.44464, 0.342624), (0.460818, 0.341875), (0.468453, 0.324155), (0.445392, 0.372691), (0.465733, 0.369673), (0.472528, 0.341616), (0.493834, 0.324157), (0.493915, 0.342597), (0.467964, 0.354748), (0.470424, 0.361448), (0.04754, 0.948507), (0.19313, 0.948508), (0.193193, 0.944846), (0.04754, 0.944858), (0.193144, 0.939533), (0.04754, 0.93954), (0.04754, 0.896794), (0.193137, 0.896793), (0.193138, 0.792838), (0.04754, 0.792838), (0.194328, 0.896969), (0.194815, 0.938443), (0.196083, 0.896769), (0.339008, 0.939541), (0.196045, 0.792838), (0.338999, 0.896793), (0.339, 0.792838), (0.18949, 0.157804), (0.187883, 0.155726), (0.014207, 0.155726), (0.01, 0.157804), (0.014207, 0.098032), (0.01, 0.09496), (0.11413, 0.098031), (0.732239, 0.429368), (0.831987, 0.43244), (0.832162, 0.42937), (0.728032, 0.43244), (0.728032, 0.369597), (0.732239, 0.371675), (0.905915, 0.371675), (0.907522, 0.369597), (0.90933, 0.432404), (0.907666, 0.432484), (0.915422, 0.478117), (0.916412, 0.477168), (0.926174, 0.501658), (0.931636, 0.52003), (0.934677, 0.520099), (0.01, 0.663683), (0.192909, 0.663683), (0.01, 0.484194), (0.192909, 0.484194), (0.234012, 0.661767), (0.201653, 0.657039), (0.213786, 0.660497), (0.270569, 0.665968), (0.273095, 0.66435), (0.689677, 0.810511), (0.546722, 0.810511), (0.546722, 0.99), (0.689677, 0.99), (0.072846, 0.333335), (0.01, 0.333335), (0.01, 0.47629), (0.072846, 0.47629), (0.819907, 0.53879), (0.802375, 0.56662), (0.819923, 0.565349), (0.820081, 0.588399), (0.782886, 0.581658), (0.741375, 0.588402), (0.781662, 0.559018), (0.761748, 0.540733), (0.76283, 0.56563), (0.741141, 0.564075), (0.741035, 0.550715), (0.728755, 0.565818), (0.701343, 0.562812), (0.671361, 0.588403), (0.671111, 0.526724), (0.708946, 0.557448), (0.704037, 0.516), (0.741193, 0.534156), (0.688082, 0.464309), (0.741147, 0.480232), (0.671237, 0.440726), (0.705849, 0.46386), (0.741208, 0.440727), (0.725992, 0.512149), (0.741307, 0.494574), (0.740966, 0.514916), (0.761222, 0.515966), (0.781854, 0.517847), (0.802352, 0.516803), (0.819915, 0.497136), (0.781877, 0.466749), (0.819918, 0.48054), (0.802349, 0.465553), (0.820005, 0.440737), (0.762816, 0.464966), (0.740568, 0.457015), (0.727868, 0.466461), (0.468386, 0.208038), (0.466646, 0.253586), (0.468374, 0.253708), (0.468374, 0.314517), (0.466653, 0.316595), (0.32373, 0.253959), (0.323698, 0.316595), (0.321977, 0.314517), (0.321977, 0.253708), (0.321902, 0.208076), (0.466696, 0.207584), (0.466658, 0.184876), (0.468387, 0.166158), (0.4666, 0.166096), (0.452433, 0.184318), (0.447053, 0.166094), (0.441229, 0.184393), (0.428922, 0.166097), (0.446383, 0.196401), (0.428723, 0.184602), (0.426973, 0.200942), (0.411394, 0.18413), (0.395112, 0.16609), (0.444764, 0.206289), (0.453156, 0.234453), (0.427776, 0.231197), (0.42774, 0.212247), (0.410895, 0.202616), (0.394984, 0.190722), (0.396476, 0.232133), (0.414366, 0.212173), (0.395117, 0.212796), (0.395241, 0.203471), (0.379272, 0.183441), (0.362347, 0.166089), (0.37872, 0.211602), (0.374769, 0.201379), (0.365249, 0.235715), (0.36267, 0.212397), (0.361383, 0.193291), (0.362834, 0.202996), (0.345258, 0.206225), (0.338013, 0.234237), (0.323657, 0.2075), (0.343891, 0.196278), (0.361688, 0.17889), (0.349327, 0.184075), (0.338624, 0.183251), (0.323907, 0.166094), (0.323685, 0.185866), (0.32206, 0.166161), (0.314258, 0.258855), (0.295008, 0.259346), (0.314262, 0.278963), (0.314261, 0.238058), (0.294979, 0.278966), (0.29508, 0.299466), (0.314274, 0.316799), (0.291319, 0.316833), (0.288003, 0.29863), (0.278495, 0.278985), (0.26691, 0.316821), (0.288298, 0.25843), (0.295006, 0.23814), (0.278616, 0.23791), (0.28871, 0.218048), (0.297218, 0.220311), (0.314255, 0.22013), (0.314265, 0.199089), (0.266837, 0.29371), (0.295361, 0.199521), (0.247857, 0.300694), (0.243286, 0.31683), (0.238877, 0.298943), (0.21647, 0.316715), (0.294966, 0.182761), (0.314267, 0.16642), (0.289979, 0.166091), (0.284964, 0.183058), (0.28419, 0.199743), (0.266808, 0.179743), (0.266674, 0.166384), (0.266939, 0.186333), (0.245585, 0.18218), (0.240218, 0.16609), (0.23512, 0.182946), (0.216023, 0.166111), (0.26678, 0.212863), (0.276847, 0.199312), (0.266828, 0.223357), (0.254253, 0.191501), (0.246846, 0.19964), (0.267264, 0.19267), (0.257604, 0.19964), (0.267292, 0.19921), (0.266769, 0.206275), (0.255626, 0.205247), (0.238883, 0.218037), (0.250043, 0.222718), (0.24684, 0.238095), (0.233902, 0.199747), (0.227742, 0.237947), (0.216279, 0.223522), (0.238874, 0.258865), (0.2164, 0.185249), (0.216241, 0.212826), (0.193425, 0.18238), (0.190857, 0.166089), (0.226153, 0.199301), (0.184635, 0.182128), (0.166578, 0.166316), (0.166573, 0.198865), (0.1873, 0.199662), (0.185466, 0.217594), (0.166575, 0.239238), (0.209409, 0.188692), (0.205137, 0.1997), (0.193467, 0.218032), (0.187118, 0.238146), (0.216699, 0.192466), (0.21642, 0.199138), (0.216262, 0.206413), (0.204859, 0.237893), (0.216264, 0.22955), (0.187625, 0.2591), (0.166582, 0.279317), (0.194066, 0.258354), (0.187111, 0.278987), (0.204689, 0.278894), (0.184538, 0.298973), (0.166587, 0.296175), (0.166586, 0.316835), (0.192025, 0.31683), (0.193019, 0.299584), (0.216177, 0.293699), (0.216237, 0.252886), (0.216298, 0.26442), (0.216048, 0.287254), (0.226416, 0.278943), (0.215389, 0.279204), (0.216263, 0.270866), (0.21635, 0.279116), (0.23664, 0.278964), (0.249703, 0.278861), (0.247586, 0.258896), (0.216261, 0.24687), (0.215936, 0.23946), (0.216366, 0.238121), (0.216348, 0.235053), (0.257171, 0.279034), (0.266872, 0.264467), (0.266832, 0.253325), (0.266768, 0.287128), (0.267144, 0.279092), (0.266767, 0.270998), (0.257051, 0.237887), (0.266775, 0.229679), (0.266762, 0.246736), (0.267059, 0.23541), (0.267159, 0.23805), (0.348372, 0.873754), (0.373962, 0.833722), (0.348371, 0.80374), (0.410084, 0.80349), (0.370956, 0.861134), (0.379326, 0.841325), (0.372699, 0.87352), (0.387984, 0.873496), (0.420774, 0.836416), (0.355116, 0.915265), (0.348374, 0.95246), (0.472496, 0.820855), (0.456542, 0.873526), (0.496048, 0.803616), (0.472914, 0.838228), (0.496046, 0.873586), (0.371726, 0.894525), (0.395687, 0.89484), (0.370154, 0.934754), (0.371425, 0.952303), (0.377755, 0.914041), (0.395942, 0.934301), (0.421746, 0.952305), (0.402618, 0.873572), (0.424625, 0.858371), (0.421858, 0.873345), (0.442199, 0.873686), (0.420808, 0.893601), (0.414171, 0.914704), (0.419971, 0.93473), (0.438932, 0.916588), (0.456234, 0.952297), (0.470025, 0.914256), (0.471221, 0.934728), (0.496039, 0.952384), (0.471808, 0.895195), (0.479759, 0.872947), (0.470313, 0.860247), (0.650145, 0.300347), (0.630895, 0.300838), (0.65015, 0.320455), (0.650148, 0.27955), (0.630866, 0.320458), (0.630968, 0.340958), (0.650161, 0.358291), (0.627207, 0.358325), (0.62389, 0.340122), (0.614383, 0.320477), (0.602797, 0.358313), (0.624185, 0.299922), (0.630893, 0.279631), (0.614503, 0.279402), (0.624598, 0.25954), (0.633105, 0.261802), (0.650143, 0.261622), (0.650152, 0.240581), (0.602724, 0.335202), (0.631248, 0.241013), (0.583744, 0.342186), (0.579173, 0.358322), (0.574764, 0.340435), (0.552358, 0.358207), (0.630853, 0.224253), (0.650154, 0.207912), (0.625866, 0.207582), (0.620851, 0.22455), (0.620077, 0.241235), (0.602695, 0.221235), (0.602561, 0.207876), (0.602826, 0.227825), (0.581472, 0.223672), (0.576105, 0.207582), (0.571007, 0.224438), (0.551911, 0.207602), (0.602667, 0.254355), (0.612734, 0.240803), (0.602715, 0.264849), (0.59014, 0.232993), (0.582734, 0.241132), (0.603151, 0.234162), (0.593491, 0.241132), (0.603179, 0.240702), (0.602656, 0.247767), (0.591513, 0.246738), (0.57477, 0.259528), (0.58593, 0.264209), (0.582727, 0.279586), (0.56979, 0.241238), (0.563629, 0.279438), (0.552167, 0.265014), (0.574761, 0.300356), (0.552287, 0.226741), (0.552128, 0.254317), (0.529312, 0.223872), (0.526744, 0.207581), (0.562041, 0.240793), (0.520522, 0.22362), (0.502465, 0.207808), (0.502461, 0.240357), (0.523188, 0.241154), (0.521353, 0.259086), (0.502462, 0.28073), (0.545296, 0.230184), (0.541024, 0.241193), (0.529354, 0.259524), (0.523005, 0.279638), (0.552586, 0.233958), (0.552307, 0.24063), (0.552149, 0.247904), (0.540746, 0.279385), (0.552151, 0.271042), (0.523513, 0.300593), (0.502469, 0.320809), (0.529953, 0.299846), (0.522998, 0.320479), (0.540576, 0.320386), (0.522597, 0.340465), (0.502474, 0.337667), (0.502471, 0.358217), (0.527912, 0.358322), (0.532499, 0.342196), (0.552064, 0.335191), (0.552124, 0.294377), (0.552186, 0.305912), (0.551935, 0.328746), (0.562303, 0.320436), (0.551276, 0.320696), (0.55215, 0.312358), (0.552237, 0.320608), (0.572527, 0.320455), (0.58559, 0.320353), (0.583473, 0.300388), (0.552148, 0.288361), (0.551824, 0.280951), (0.552253, 0.279613), (0.552235, 0.276545), (0.593059, 0.320526), (0.602759, 0.305959), (0.602719, 0.294817), (0.602655, 0.32862), (0.603031, 0.320584), (0.602655, 0.31249), (0.592938, 0.279379), (0.602662, 0.271171), (0.602649, 0.288228), (0.602946, 0.276902), (0.603047, 0.279542), (0.731266, 0.802282), (0.730775, 0.783032), (0.711158, 0.802287), (0.752063, 0.802285), (0.711155, 0.783003), (0.690655, 0.783104), (0.673322, 0.802298), (0.673288, 0.779344), (0.691491, 0.776027), (0.711136, 0.76652), (0.673301, 0.754934), (0.731691, 0.776322), (0.751981, 0.78303), (0.752211, 0.76664), (0.772073, 0.776734), (0.76981, 0.785242), (0.769991, 0.80228), (0.791032, 0.802289), (0.696411, 0.754861), (0.790601, 0.783385), (0.689427, 0.735881), (0.673291, 0.731311), (0.691178, 0.726901), (0.673406, 0.704495), (0.80736, 0.78299), (0.823701, 0.802291), (0.824031, 0.778003), (0.807063, 0.772988), (0.790378, 0.772214), (0.810378, 0.754832), (0.823737, 0.754698), (0.803789, 0.754963), (0.807941, 0.733609), (0.824031, 0.728242), (0.807175, 0.723144), (0.82401, 0.704047), (0.777258, 0.754804), (0.790809, 0.764871), (0.766764, 0.754852), (0.79862, 0.742277), (0.790482, 0.734871), (0.79049, 0.71558), (0.772085, 0.726907), (0.804872, 0.704424), (0.797451, 0.755288), (0.790481, 0.745628), (0.790911, 0.755316), (0.783846, 0.754793), (0.784874, 0.74365), (0.767404, 0.738067), (0.752026, 0.734864), (0.752174, 0.715766), (0.766599, 0.704304), (0.731257, 0.726898), (0.777296, 0.704265), (0.752234, 0.745075), (0.760442, 0.754799), (0.754711, 0.755083), (0.752071, 0.755184), (0.743385, 0.754786), (0.736796, 0.754857), (0.731225, 0.73561), (0.725654, 0.754897), (0.711158, 0.724664), (0.71126, 0.737727), (0.719123, 0.754792), (0.711087, 0.745195), (0.711029, 0.755168), (0.702994, 0.754792), (0.725701, 0.704323), (0.711178, 0.71444), (0.737236, 0.704261), (0.696422, 0.704201), (0.689417, 0.684636), (0.711227, 0.692713), (0.702867, 0.704072), (0.673291, 0.680049), (0.691148, 0.674734), (0.673286, 0.65461), (0.693946, 0.654611), (0.710804, 0.654606), (0.711134, 0.675135), (0.731021, 0.67565), (0.750883, 0.654599), (0.731767, 0.68209), (0.751975, 0.675142), (0.772527, 0.67349), (0.791256, 0.654598), (0.752228, 0.692883), (0.772089, 0.681491), (0.790459, 0.675324), (0.719255, 0.704287), (0.710917, 0.703413), (0.711005, 0.704374), (0.743251, 0.704285), (0.807993, 0.672659), (0.823805, 0.654602), (0.824032, 0.678881), (0.807741, 0.681449), (0.790421, 0.693161), (0.801429, 0.697433), (0.797655, 0.704723), (0.790983, 0.704444), (0.783708, 0.704286), (0.760571, 0.704288), (0.755068, 0.704372), (0.752, 0.70439), (0.750661, 0.703961), (0.157676, 0.248746), (0.132086, 0.288778), (0.157677, 0.318761), (0.070554, 0.31901), (0.135092, 0.261366), (0.126722, 0.281175), (0.133349, 0.24898), (0.118064, 0.249004), (0.150932, 0.207235), (0.157674, 0.17004), (0.084531, 0.285504), (0.134322, 0.227975), (0.135894, 0.187746), (0.134623, 0.170197), (0.128293, 0.208459), (0.110106, 0.188199), (0.084302, 0.170195), (0.110361, 0.22766), (0.102922, 0.248974), (0.086077, 0.18777), (0.091877, 0.207796), (0.067116, 0.205912), (0.049814, 0.170203), (0.08524, 0.228899), (0.064524, 0.248797), (0.036023, 0.208244), (0.086694, 0.249084), (0.084255, 0.262133), (0.034827, 0.187772), (0.010009, 0.170116), (0.010002, 0.248913), (0.03424, 0.227305), (0.049506, 0.248974), (0.026289, 0.249553), (0.032101, 0.286295), (0.01, 0.318649), (0.035735, 0.262254)] (
                    interpolation = "faceVarying"
                )
                int[] primvars:st:indices = [2, 1, 0, 2, 0, 3, 4, 3, 0, 5, 4, 0, 0, 6, 5, 6, 0, 7, 7, 0, 8, 0, 9, 8, 12, 11, 10, 10, 13, 12, 13, 14, 12, 14, 15, 12, 15, 16, 12, 17, 12, 16, 12, 17, 18, 12, 18, 19, 20, 12, 19, 23, 22, 21, 22, 24, 21, 21, 24, 25, 26, 21, 25, 25, 27, 26, 27, 25, 28, 29, 28, 25, 29, 25, 30, 30, 25, 31, 24, 31, 25, 32, 31, 24, 33, 32, 24, 34, 31, 32, 31, 34, 35, 38, 37, 36, 39, 36, 37, 40, 39, 37, 40, 41, 39, 40, 42, 41, 37, 43, 40, 42, 40, 43, 44, 43, 37, 42, 43, 45, 44, 46, 43, 43, 47, 45, 47, 43, 46, 50, 49, 48, 49, 50, 51, 51, 52, 49, 52, 53, 49, 54, 49, 53, 54, 55, 49, 55, 56, 49, 59, 58, 57, 57, 60, 59, 60, 61, 59, 61, 62, 59, 62, 63, 59, 64, 59, 63, 59, 64, 65, 59, 65, 66, 67, 59, 66, 70, 69, 68, 68, 69, 71, 72, 68, 71, 71, 73, 72, 73, 71, 74, 71, 75, 74, 76, 75, 71, 76, 71, 77, 77, 71, 78, 69, 78, 71, 79, 78, 69, 80, 79, 69, 81, 78, 79, 78, 81, 82, 85, 84, 83, 86, 83, 84, 87, 86, 84, 87, 88, 86, 87, 89, 88, 84, 90, 87, 89, 87, 90, 91, 90, 84, 89, 90, 92, 91, 93, 90, 90, 94, 92, 94, 90, 93, 97, 96, 95, 97, 95, 98, 99, 98, 95, 100, 99, 95, 95, 101, 100, 101, 95, 102, 102, 95, 103, 95, 104, 103, 107, 106, 105, 105, 108, 107, 108, 109, 107, 109, 110, 107, 110, 111, 107, 112, 107, 111, 107, 112, 113, 107, 113, 114, 115, 107, 114, 118, 117, 116, 117, 119, 116, 116, 119, 120, 121, 116, 120, 120, 122, 121, 122, 120, 123, 124, 123, 120, 124, 120, 125, 125, 120, 126, 119, 126, 120, 127, 126, 119, 128, 127, 119, 129, 126, 127, 126, 129, 130, 133, 132, 131, 134, 131, 132, 135, 134, 132, 135, 136, 134, 136, 135, 137, 132, 138, 135, 137, 135, 138, 139, 138, 132, 137, 138, 140, 139, 141, 138, 138, 142, 140, 142, 138, 141, 145, 144, 143, 144, 146, 143, 143, 146, 147, 148, 146, 144, 149, 148, 144, 147, 146, 150, 146, 148, 150, 150, 148, 149, 147, 150, 151, 152, 150, 149, 151, 150, 152, 151, 152, 153, 153, 152, 154, 155, 151, 153, 158, 157, 156, 156, 157, 159, 157, 160, 159, 161, 159, 160, 162, 161, 160, 163, 161, 162, 164, 163, 162, 163, 164, 165, 164, 166, 165, 164, 167, 166, 170, 169, 168, 169, 171, 168, 171, 169, 172, 173, 171, 172, 174, 171, 173, 172, 175, 173, 176, 171, 174, 175, 177, 173, 174, 173, 177, 177, 175, 178, 175, 179, 178, 176, 174, 180, 181, 176, 180, 178, 179, 182, 182, 179, 183, 182, 183, 184, 184, 178, 182, 185, 184, 183, 181, 180, 186, 180, 174, 187, 180, 187, 186, 181, 186, 188, 189, 181, 188, 188, 186, 190, 188, 190, 191, 186, 187, 192, 186, 192, 190, 190, 192, 193, 190, 194, 191, 194, 190, 193, 193, 195, 194, 194, 196, 191, 197, 196, 194, 195, 197, 194, 187, 174, 198, 187, 198, 192, 198, 199, 192, 199, 200, 192, 193, 192, 200, 198, 174, 201, 201, 174, 177, 195, 202, 197, 202, 203, 197, 203, 202, 204, 199, 198, 205, 205, 198, 201, 206, 205, 201, 205, 206, 199, 207, 201, 177, 207, 206, 201, 177, 178, 207, 207, 178, 206, 202, 208, 204, 202, 209, 208, 204, 208, 210, 210, 208, 211, 210, 211, 185, 208, 212, 211, 209, 212, 208, 211, 213, 185, 212, 213, 211, 209, 213, 212, 185, 213, 184, 178, 184, 214, 214, 184, 213, 178, 214, 206, 209, 214, 213, 215, 209, 202, 202, 195, 215, 216, 214, 209, 216, 206, 214, 215, 217, 209, 217, 216, 209, 218, 217, 215, 217, 218, 216, 215, 219, 218, 218, 219, 216, 216, 219, 206, 195, 219, 215, 220, 206, 219, 195, 220, 219, 199, 206, 220, 221, 220, 195, 221, 199, 220, 221, 195, 193, 222, 199, 221, 222, 221, 193, 222, 223, 199, 223, 222, 193, 223, 200, 199, 193, 200, 223, 226, 225, 224, 225, 227, 224, 228, 224, 227, 229, 227, 225, 230, 228, 227, 229, 230, 227, 231, 229, 225, 225, 232, 231, 232, 225, 233, 234, 232, 233, 234, 233, 235, 233, 236, 235, 235, 236, 237, 236, 238, 237, 235, 237, 239, 234, 235, 239, 240, 237, 238, 237, 240, 239, 232, 234, 241, 242, 241, 234, 241, 242, 232, 231, 232, 243, 242, 243, 232, 231, 243, 244, 231, 245, 229, 244, 245, 231, 245, 246, 229, 246, 245, 244, 244, 247, 246, 248, 234, 239, 242, 234, 248, 248, 239, 249, 249, 239, 250, 250, 239, 240, 243, 251, 244, 251, 243, 242, 246, 252, 229, 252, 230, 229, 250, 253, 249, 250, 240, 253, 254, 253, 240, 249, 253, 255, 253, 254, 255, 240, 256, 254, 256, 240, 238, 256, 238, 257, 258, 257, 238, 259, 257, 258, 257, 259, 260, 257, 260, 256, 261, 260, 259, 262, 254, 256, 260, 262, 256, 260, 261, 263, 261, 264, 263, 265, 262, 260, 265, 260, 263, 266, 265, 263, 267, 263, 264, 267, 266, 263, 268, 267, 264, 269, 267, 268, 269, 266, 267, 270, 269, 268, 271, 262, 265, 271, 254, 262, 272, 269, 270, 273, 272, 270, 273, 274, 272, 272, 275, 269, 274, 275, 272, 275, 266, 269, 276, 275, 274, 265, 277, 271, 266, 277, 265, 278, 254, 271, 277, 278, 271, 279, 277, 266, 277, 279, 278, 266, 275, 280, 279, 266, 280, 276, 281, 275, 281, 280, 275, 276, 282, 281, 280, 281, 282, 283, 282, 276, 280, 284, 279, 279, 284, 278, 280, 285, 284, 285, 278, 284, 285, 280, 282, 286, 254, 278, 285, 286, 278, 282, 286, 285, 286, 255, 254, 283, 287, 282, 287, 286, 282, 288, 287, 283, 289, 255, 286, 289, 286, 287, 249, 255, 289, 290, 287, 288, 290, 288, 291, 290, 292, 287, 292, 289, 287, 293, 290, 291, 292, 290, 293, 294, 289, 292, 295, 249, 289, 295, 289, 294, 296, 292, 293, 292, 296, 294, 291, 297, 293, 293, 298, 296, 293, 297, 298, 297, 291, 251, 291, 299, 251, 297, 251, 242, 297, 242, 298, 242, 248, 298, 248, 296, 298, 299, 244, 251, 296, 248, 300, 300, 248, 249, 296, 300, 294, 299, 301, 244, 301, 299, 302, 301, 247, 244, 247, 301, 302, 303, 247, 302, 300, 249, 304, 304, 249, 295, 294, 300, 305, 305, 295, 294, 305, 300, 304, 305, 304, 295, 306, 247, 303, 303, 307, 306, 308, 307, 303, 309, 307, 308, 309, 308, 310, 247, 306, 311, 307, 312, 306, 306, 312, 311, 313, 312, 307, 312, 314, 311, 307, 309, 315, 313, 307, 315, 316, 247, 311, 317, 316, 311, 247, 316, 246, 316, 318, 246, 316, 317, 318, 246, 318, 252, 318, 319, 252, 317, 319, 318, 230, 252, 319, 312, 320, 314, 313, 320, 312, 320, 321, 314, 313, 321, 320, 311, 314, 322, 322, 317, 311, 323, 230, 319, 319, 321, 323, 323, 228, 230, 324, 228, 323, 321, 324, 323, 322, 314, 325, 322, 325, 317, 326, 319, 317, 326, 321, 319, 321, 326, 314, 325, 314, 327, 325, 327, 317, 326, 327, 314, 327, 326, 317, 313, 328, 321, 321, 328, 324, 324, 329, 228, 329, 224, 228, 330, 324, 328, 330, 329, 324, 330, 328, 331, 332, 331, 328, 332, 328, 313, 330, 333, 329, 333, 330, 331, 329, 334, 224, 329, 333, 334, 335, 332, 313, 315, 335, 313, 335, 336, 332, 315, 336, 335, 336, 331, 332, 337, 336, 315, 309, 337, 315, 337, 338, 336, 338, 331, 336, 309, 339, 337, 339, 338, 337, 339, 309, 310, 339, 310, 340, 340, 310, 341, 333, 342, 334, 342, 333, 331, 338, 339, 343, 339, 340, 343, 344, 340, 341, 344, 341, 345, 340, 346, 343, 344, 346, 340, 344, 345, 347, 347, 345, 348, 349, 331, 338, 338, 343, 350, 350, 349, 338, 351, 342, 331, 331, 349, 351, 352, 343, 346, 350, 343, 352, 346, 344, 353, 346, 354, 352, 354, 346, 353, 350, 352, 355, 354, 355, 352, 350, 355, 356, 349, 350, 356, 355, 354, 356, 349, 356, 354, 357, 349, 354, 351, 349, 357, 353, 357, 354, 353, 344, 358, 357, 353, 358, 358, 344, 347, 359, 351, 357, 357, 358, 359, 342, 351, 359, 342, 359, 360, 342, 360, 334, 359, 358, 361, 360, 359, 361, 334, 360, 362, 362, 224, 334, 362, 363, 224, 360, 364, 362, 360, 361, 364, 363, 362, 365, 364, 365, 362, 361, 365, 364, 366, 363, 365, 358, 367, 361, 358, 347, 367, 361, 368, 365, 368, 361, 367, 367, 347, 369, 369, 368, 367, 368, 370, 365, 369, 370, 368, 365, 370, 371, 347, 372, 369, 372, 347, 348, 373, 370, 369, 369, 372, 373, 373, 374, 370, 373, 372, 374, 371, 370, 375, 370, 374, 375, 348, 376, 372, 372, 376, 374, 371, 375, 377, 371, 377, 378, 348, 379, 376, 348, 380, 379, 376, 379, 381, 374, 376, 381, 382, 379, 380, 381, 379, 382, 383, 382, 380, 383, 384, 382, 383, 385, 384, 375, 374, 386, 375, 386, 377, 378, 377, 387, 378, 387, 388, 387, 389, 388, 374, 381, 390, 374, 390, 386, 386, 390, 391, 391, 392, 386, 392, 377, 386, 377, 392, 387, 381, 382, 393, 382, 384, 393, 390, 381, 394, 390, 394, 391, 381, 393, 394, 395, 389, 387, 395, 396, 389, 392, 397, 387, 391, 397, 392, 387, 397, 395, 398, 396, 395, 398, 399, 396, 399, 398, 400, 401, 399, 400, 400, 402, 401, 397, 403, 395, 404, 398, 395, 403, 404, 395, 404, 405, 398, 405, 400, 398, 400, 405, 406, 407, 400, 406, 400, 407, 402, 407, 408, 402, 406, 408, 407, 408, 409, 402, 410, 409, 408, 406, 410, 408, 405, 404, 411, 403, 411, 404, 403, 412, 411, 405, 411, 413, 413, 406, 405, 411, 412, 413, 397, 414, 403, 391, 414, 397, 414, 415, 403, 403, 415, 412, 406, 413, 416, 413, 412, 416, 417, 414, 391, 417, 415, 414, 418, 410, 406, 406, 416, 419, 418, 406, 419, 420, 410, 418, 421, 410, 420, 421, 420, 385, 420, 422, 385, 422, 420, 418, 384, 385, 422, 384, 415, 417, 423, 418, 419, 418, 423, 422, 419, 416, 424, 423, 419, 424, 424, 416, 425, 423, 424, 425, 412, 425, 416, 412, 423, 425, 415, 426, 412, 426, 423, 412, 423, 426, 422, 426, 415, 384, 422, 426, 384, 384, 417, 393, 393, 417, 427, 427, 417, 391, 428, 393, 427, 394, 393, 428, 427, 391, 429, 391, 394, 429, 394, 428, 430, 430, 428, 427, 394, 430, 429, 430, 427, 429, 433, 432, 431, 434, 431, 432, 435, 434, 432, 435, 436, 434, 436, 437, 434, 440, 439, 438, 441, 439, 440, 441, 440, 442, 441, 443, 439, 444, 442, 440, 445, 443, 441, 443, 445, 446, 447, 443, 446, 448, 445, 441, 448, 441, 442, 446, 445, 449, 449, 445, 448, 447, 446, 450, 451, 447, 450, 451, 450, 452, 452, 450, 453, 450, 446, 453, 452, 453, 454, 446, 449, 455, 446, 456, 453, 446, 455, 456, 455, 449, 457, 457, 449, 448, 458, 453, 456, 454, 453, 458, 459, 456, 455, 458, 456, 459, 459, 455, 457, 454, 458, 460, 460, 458, 459, 460, 461, 454, 460, 459, 461, 454, 461, 462, 463, 459, 457, 459, 463, 461, 461, 464, 462, 461, 463, 464, 464, 463, 465, 465, 463, 466, 466, 463, 457, 466, 457, 448, 462, 464, 467, 468, 466, 448, 468, 448, 442, 466, 468, 442, 465, 466, 442, 467, 464, 469, 469, 464, 465, 467, 469, 470, 469, 465, 470, 467, 470, 471, 472, 471, 470, 472, 470, 473, 473, 470, 474, 465, 474, 470, 473, 474, 475, 475, 474, 476, 465, 476, 474, 475, 476, 444, 465, 442, 477, 477, 442, 444, 465, 477, 476, 476, 477, 444, 480, 479, 478, 479, 481, 478, 482, 481, 479, 482, 483, 481, 484, 483, 482, 482, 485, 484, 486, 484, 485, 489, 488, 487, 490, 489, 487, 493, 492, 491, 493, 491, 494, 495, 493, 494, 495, 494, 496, 497, 495, 496, 498, 497, 496, 499, 498, 496, 499, 500, 498, 499, 501, 500, 500, 501, 502, 501, 503, 502, 503, 504, 502, 504, 505, 502, 506, 505, 504, 507, 506, 504, 507, 504, 508, 509, 507, 508, 512, 511, 510, 513, 512, 510, 513, 510, 514, 515, 513, 514, 515, 514, 516, 514, 517, 516, 516, 517, 518, 517, 519, 518, 518, 519, 520, 523, 522, 521, 521, 522, 524, 521, 524, 525, 526, 521, 525, 529, 528, 527, 530, 528, 529, 533, 532, 531, 531, 534, 533, 534, 535, 533, 536, 535, 534, 536, 534, 537, 538, 536, 537, 537, 539, 538, 538, 539, 540, 538, 540, 541, 544, 543, 542, 544, 542, 545, 546, 544, 545, 545, 542, 547, 547, 542, 548, 545, 547, 549, 550, 547, 548, 548, 551, 550, 547, 552, 549, 547, 550, 552, 552, 550, 551, 552, 553, 549, 551, 553, 552, 556, 555, 554, 557, 556, 554, 556, 557, 558, 558, 559, 556, 556, 559, 560, 560, 561, 556, 561, 562, 556, 562, 563, 556, 562, 564, 563, 562, 565, 564, 562, 566, 565, 566, 567, 565, 568, 565, 567, 565, 568, 564, 568, 569, 564, 568, 570, 569, 569, 570, 571, 570, 572, 571, 572, 573, 571, 572, 574, 573, 573, 574, 575, 575, 574, 576, 576, 574, 577, 578, 575, 576, 576, 577, 579, 576, 580, 578, 576, 581, 580, 582, 576, 579, 576, 582, 581, 582, 583, 581, 582, 584, 583, 584, 585, 583, 585, 586, 583, 587, 586, 585, 587, 588, 586, 588, 587, 589, 587, 590, 589, 589, 590, 591, 590, 592, 591, 593, 591, 592, 594, 593, 592, 594, 592, 595, 596, 594, 595, 595, 597, 596, 597, 598, 596, 599, 598, 597, 599, 597, 600, 599, 600, 601, 602, 599, 601, 602, 601, 603, 603, 604, 602, 605, 604, 603, 606, 604, 605, 606, 605, 607, 605, 608, 607, 608, 605, 609, 610, 608, 609, 610, 611, 608, 611, 612, 608, 612, 613, 608, 607, 608, 613, 612, 614, 613, 615, 607, 613, 613, 614, 615, 616, 607, 615, 617, 615, 614, 616, 615, 617, 617, 614, 618, 618, 619, 617, 620, 616, 617, 617, 619, 620, 616, 620, 621, 619, 622, 620, 622, 621, 620, 625, 624, 623, 623, 626, 625, 626, 627, 625, 628, 627, 626, 631, 630, 629, 632, 631, 629, 631, 632, 633, 629, 634, 632, 629, 635, 634, 632, 636, 633, 634, 637, 632, 637, 636, 632, 634, 635, 638, 637, 634, 638, 636, 639, 633, 633, 639, 640, 636, 641, 639, 639, 641, 642, 640, 639, 642, 635, 643, 638, 635, 644, 643, 643, 644, 645, 644, 646, 645, 645, 646, 647, 643, 648, 638, 648, 643, 645, 637, 649, 636, 649, 641, 636, 637, 638, 650, 638, 648, 650, 649, 637, 651, 649, 651, 641, 637, 650, 651, 652, 645, 647, 653, 652, 647, 654, 653, 647, 655, 652, 653, 652, 655, 645, 655, 653, 656, 656, 653, 657, 658, 655, 656, 658, 656, 657, 645, 655, 659, 655, 658, 660, 655, 660, 659, 661, 658, 657, 660, 658, 661, 662, 645, 659, 648, 645, 662, 661, 657, 663, 663, 657, 664, 663, 664, 665, 665, 664, 666, 667, 665, 666, 667, 663, 665, 667, 666, 668, 663, 669, 661, 669, 663, 667, 660, 661, 670, 669, 670, 661, 671, 670, 669, 672, 671, 669, 672, 669, 667, 673, 667, 668, 673, 672, 667, 674, 660, 670, 671, 674, 670, 675, 673, 668, 676, 675, 668, 677, 675, 676, 678, 675, 677, 679, 672, 673, 671, 672, 679, 675, 680, 673, 680, 679, 673, 642, 680, 675, 642, 641, 680, 680, 641, 679, 641, 681, 679, 681, 671, 679, 641, 682, 681, 682, 671, 681, 641, 651, 682, 651, 683, 682, 651, 650, 683, 683, 684, 682, 650, 684, 683, 684, 685, 682, 684, 650, 685, 682, 685, 671, 650, 648, 685, 686, 671, 685, 648, 686, 685, 674, 671, 686, 686, 648, 662, 662, 674, 686, 662, 687, 674, 662, 659, 687, 687, 688, 674, 659, 688, 687, 688, 660, 674, 688, 659, 660, 691, 690, 689, 691, 689, 692, 692, 693, 691, 692, 689, 694, 695, 692, 694, 696, 695, 694, 697, 695, 696, 693, 698, 691, 699, 695, 697, 700, 699, 697, 700, 701, 699, 699, 701, 695, 701, 700, 702, 700, 703, 702, 701, 702, 704, 701, 704, 695, 702, 703, 705, 704, 702, 705, 704, 706, 695, 706, 704, 705, 707, 692, 695, 706, 707, 695, 692, 707, 708, 708, 693, 692, 707, 706, 709, 707, 709, 708, 706, 705, 709, 703, 710, 705, 711, 710, 703, 710, 712, 705, 705, 712, 709, 711, 713, 710, 713, 712, 710, 712, 713, 714, 712, 714, 715, 712, 715, 709, 711, 716, 713, 709, 717, 708, 717, 693, 708, 715, 717, 709, 717, 715, 693, 713, 716, 718, 713, 718, 714, 716, 719, 718, 718, 719, 714, 716, 720, 719, 715, 721, 693, 715, 714, 721, 721, 722, 693, 714, 722, 721, 693, 722, 698, 720, 723, 719, 723, 720, 724, 723, 724, 725, 719, 723, 726, 723, 725, 726, 719, 726, 714, 726, 725, 698, 727, 722, 714, 722, 727, 698, 726, 727, 714, 727, 726, 698, 730, 729, 728, 731, 730, 728, 730, 731, 732, 731, 733, 732, 734, 732, 733, 734, 735, 732, 736, 735, 734, 737, 736, 734, 735, 738, 732, 738, 739, 732, 738, 740, 739, 740, 741, 739, 742, 740, 738, 743, 741, 740, 742, 743, 740, 742, 744, 743, 747, 746, 745, 748, 747, 745, 747, 748, 749, 748, 750, 749, 751, 749, 750, 754, 753, 752, 753, 755, 752, 752, 755, 756, 757, 752, 756, 757, 756, 758, 756, 759, 758, 759, 760, 758, 760, 761, 758, 761, 760, 762, 760, 763, 762, 764, 762, 763, 765, 762, 764, 766, 765, 764, 769, 768, 767, 769, 770, 768, 773, 772, 771, 774, 771, 772, 775, 774, 772, 778, 777, 776, 779, 778, 776, 782, 781, 780, 783, 782, 780, 786, 785, 784, 785, 786, 787, 787, 788, 785, 789, 788, 787, 784, 785, 790, 785, 788, 790, 791, 784, 790, 788, 792, 790, 792, 791, 790, 793, 792, 788, 793, 788, 789, 792, 793, 794, 792, 794, 791, 795, 793, 789, 793, 795, 794, 796, 795, 789, 797, 796, 789, 797, 798, 796, 799, 795, 796, 795, 799, 794, 798, 799, 796, 799, 800, 794, 798, 800, 799, 794, 801, 791, 801, 794, 800, 798, 802, 800, 802, 803, 800, 804, 802, 798, 802, 804, 805, 802, 805, 803, 804, 806, 805, 801, 800, 807, 807, 800, 803, 807, 803, 808, 809, 801, 807, 791, 801, 809, 809, 807, 808, 791, 809, 810, 810, 809, 808, 791, 810, 811, 811, 810, 808, 784, 791, 811, 784, 811, 812, 813, 784, 812, 813, 812, 811, 813, 811, 808, 813, 808, 814, 815, 813, 814, 815, 814, 816, 817, 815, 816, 817, 816, 814, 806, 817, 814, 818, 814, 808, 814, 818, 806, 818, 808, 803, 806, 818, 819, 818, 803, 819, 806, 819, 805, 803, 805, 820, 819, 803, 820, 805, 819, 820, 823, 822, 821, 823, 824, 822, 824, 825, 822, 822, 825, 826, 825, 827, 826, 827, 828, 826, 828, 829, 826, 826, 829, 830, 822, 831, 821, 832, 821, 831, 833, 821, 832, 834, 833, 832, 834, 832, 835, 832, 831, 835, 834, 835, 836, 835, 837, 836, 838, 836, 837, 831, 839, 835, 835, 839, 837, 838, 837, 840, 837, 839, 841, 840, 837, 841, 838, 840, 842, 840, 841, 842, 838, 842, 843, 831, 844, 839, 839, 844, 841, 831, 822, 845, 831, 845, 844, 846, 845, 822, 844, 845, 846, 841, 844, 847, 847, 844, 846, 841, 848, 842, 848, 841, 847, 843, 842, 849, 842, 848, 849, 846, 822, 850, 822, 826, 850, 847, 846, 851, 851, 848, 847, 846, 850, 851, 848, 851, 852, 852, 851, 850, 848, 852, 853, 849, 848, 853, 854, 843, 849, 854, 855, 843, 852, 850, 856, 856, 853, 852, 857, 849, 853, 857, 854, 849, 857, 853, 856, 850, 858, 856, 858, 850, 826, 856, 859, 857, 859, 856, 858, 854, 857, 860, 859, 861, 857, 860, 857, 861, 859, 858, 862, 862, 861, 859, 826, 863, 858, 858, 863, 862, 864, 863, 826, 864, 862, 863, 864, 826, 830, 862, 865, 861, 865, 860, 861, 865, 862, 864, 866, 854, 860, 855, 854, 866, 867, 866, 860, 865, 867, 860, 867, 855, 866, 868, 867, 865, 855, 867, 868, 868, 865, 864, 855, 868, 869, 830, 870, 864, 870, 868, 864, 869, 868, 870, 830, 871, 870, 871, 869, 870, 874, 873, 872, 872, 873, 875, 874, 876, 873, 874, 877, 876, 874, 878, 877, 878, 879, 877, 877, 879, 880, 877, 880, 876, 880, 881, 876, 880, 879, 882, 883, 873, 876, 881, 883, 876, 875, 873, 884, 873, 883, 884, 883, 885, 884, 884, 885, 886, 875, 884, 887, 884, 886, 887, 875, 887, 888, 889, 888, 887, 880, 882, 890, 880, 890, 881, 889, 887, 891, 891, 887, 886, 882, 892, 890, 893, 892, 882, 893, 894, 892, 894, 893, 895, 896, 889, 891, 896, 897, 889, 896, 898, 897, 896, 891, 899, 898, 896, 899, 886, 900, 891, 891, 900, 899, 899, 901, 898, 901, 902, 898, 901, 899, 903, 899, 900, 903, 904, 902, 901, 904, 901, 903, 904, 905, 902, 905, 904, 906, 905, 906, 907, 900, 886, 908, 900, 909, 903, 909, 900, 908, 910, 908, 886, 886, 885, 910, 911, 904, 903, 904, 912, 906, 904, 911, 912, 903, 913, 911, 913, 903, 909, 914, 911, 913, 911, 914, 912, 915, 913, 909, 915, 914, 913, 916, 915, 909, 914, 915, 916, 908, 916, 909, 917, 914, 916, 916, 908, 917, 914, 917, 912, 917, 918, 912, 908, 919, 917, 917, 919, 918, 920, 918, 919, 908, 910, 919, 919, 910, 920, 912, 921, 906, 918, 921, 912, 920, 922, 918, 918, 922, 923, 924, 922, 920, 906, 921, 925, 907, 906, 925, 921, 918, 926, 923, 926, 918, 927, 907, 925, 927, 928, 907, 921, 929, 925, 929, 921, 926, 928, 927, 930, 931, 928, 930, 931, 930, 932, 932, 930, 933, 930, 927, 933, 932, 933, 934, 932, 934, 935, 927, 925, 936, 927, 937, 933, 927, 936, 937, 933, 938, 934, 933, 937, 938, 938, 937, 926, 935, 934, 939, 934, 938, 939, 925, 940, 936, 940, 925, 929, 936, 940, 941, 936, 941, 937, 941, 940, 929, 937, 941, 942, 942, 941, 929, 926, 937, 942, 926, 942, 929, 938, 926, 923, 938, 923, 943, 938, 943, 939, 923, 944, 943, 923, 922, 944, 935, 939, 945, 935, 945, 946, 939, 947, 945, 939, 943, 947, 946, 945, 948, 948, 945, 947, 949, 948, 947, 950, 946, 948, 950, 951, 946, 950, 952, 951, 953, 952, 950, 954, 950, 948, 954, 953, 950, 949, 954, 948, 953, 954, 895, 895, 954, 955, 955, 954, 949, 894, 895, 955, 947, 943, 956, 957, 949, 947, 947, 956, 957, 958, 955, 949, 955, 959, 894, 955, 958, 959, 960, 958, 949, 961, 960, 949, 957, 961, 949, 957, 959, 961, 962, 958, 960, 961, 962, 960, 958, 962, 959, 959, 962, 961, 894, 959, 963, 959, 957, 963, 924, 957, 956, 957, 924, 963, 964, 894, 963, 964, 892, 894, 890, 892, 964, 924, 965, 963, 965, 964, 963, 956, 922, 924, 965, 924, 920, 956, 966, 922, 943, 966, 956, 966, 967, 922, 943, 967, 966, 967, 968, 922, 968, 967, 943, 922, 968, 969, 969, 968, 943, 922, 969, 944, 944, 969, 943, 970, 890, 964, 965, 971, 964, 971, 970, 964, 965, 920, 972, 971, 965, 972, 973, 890, 970, 890, 973, 881, 974, 973, 970, 973, 974, 881, 974, 970, 975, 881, 974, 975, 970, 971, 975, 971, 881, 975, 883, 881, 971, 883, 971, 972, 883, 972, 885, 920, 976, 972, 910, 976, 920, 910, 885, 977, 976, 910, 977, 978, 972, 976, 972, 978, 885, 885, 979, 977, 979, 976, 977, 978, 980, 885, 980, 978, 976, 885, 980, 979, 980, 976, 979, 983, 982, 981, 983, 984, 982, 982, 985, 981, 984, 986, 982, 986, 985, 982, 985, 987, 981, 985, 986, 988, 987, 985, 988, 984, 989, 986, 986, 989, 988, 987, 990, 981, 981, 990, 991, 984, 992, 989, 992, 993, 989, 994, 992, 984, 995, 992, 994, 992, 995, 993, 996, 995, 994, 987, 988, 997, 987, 997, 990, 997, 988, 998, 991, 990, 999, 999, 1000, 991, 990, 997, 1001, 999, 990, 1001, 997, 998, 1001, 1000, 999, 1002, 1002, 999, 1001, 998, 1002, 1001, 1003, 1000, 1002, 988, 1004, 998, 1004, 988, 989, 1004, 989, 1005, 1005, 989, 993, 1006, 1004, 1005, 998, 1004, 1006, 1006, 1005, 1007, 1005, 993, 1007, 998, 1006, 1008, 1008, 1006, 1007, 1002, 998, 1009, 998, 1008, 1009, 1010, 1003, 1002, 1010, 1002, 1009, 1009, 1008, 1011, 1011, 1010, 1009, 1003, 1010, 1011, 1011, 1008, 1007, 1012, 1003, 1011, 1011, 1007, 1013, 1012, 1011, 1013, 1012, 1013, 1014, 1015, 1012, 1014, 1015, 1014, 1013, 996, 1015, 1013, 1016, 1013, 1007, 1013, 1016, 996, 1016, 1007, 993, 996, 1016, 1017, 1016, 993, 1017, 996, 1017, 995, 993, 995, 1018, 1017, 993, 1018, 995, 1017, 1018, 1021, 1020, 1019, 1019, 1020, 1022, 1021, 1023, 1020, 1021, 1024, 1023, 1021, 1025, 1024, 1025, 1026, 1024, 1024, 1026, 1027, 1024, 1027, 1023, 1027, 1028, 1023, 1027, 1026, 1029, 1030, 1020, 1023, 1028, 1030, 1023, 1022, 1020, 1031, 1020, 1030, 1031, 1030, 1032, 1031, 1031, 1032, 1033, 1022, 1031, 1034, 1031, 1033, 1034, 1022, 1034, 1035, 1036, 1035, 1034, 1027, 1029, 1037, 1027, 1037, 1028, 1036, 1034, 1038, 1038, 1034, 1033, 1029, 1039, 1037, 1040, 1039, 1029, 1040, 1041, 1039, 1041, 1040, 1042, 1043, 1036, 1038, 1043, 1044, 1036, 1043, 1045, 1044, 1043, 1038, 1046, 1045, 1043, 1046, 1033, 1047, 1038, 1038, 1047, 1046, 1046, 1048, 1045, 1048, 1049, 1045, 1048, 1046, 1050, 1046, 1047, 1050, 1051, 1049, 1048, 1051, 1048, 1050, 1051, 1052, 1049, 1052, 1051, 1053, 1052, 1053, 1054, 1047, 1033, 1055, 1047, 1056, 1050, 1056, 1047, 1055, 1057, 1055, 1033, 1033, 1032, 1057, 1058, 1051, 1050, 1051, 1059, 1053, 1051, 1058, 1059, 1050, 1060, 1058, 1060, 1050, 1056, 1061, 1058, 1060, 1058, 1061, 1059, 1062, 1060, 1056, 1062, 1061, 1060, 1063, 1062, 1056, 1061, 1062, 1063, 1055, 1063, 1056, 1064, 1061, 1063, 1063, 1055, 1064, 1061, 1064, 1059, 1064, 1065, 1059, 1055, 1066, 1064, 1064, 1066, 1065, 1067, 1065, 1066, 1055, 1057, 1066, 1066, 1057, 1067, 1059, 1068, 1053, 1065, 1068, 1059, 1067, 1069, 1065, 1065, 1069, 1070, 1071, 1069, 1067, 1053, 1068, 1072, 1054, 1053, 1072, 1068, 1065, 1073, 1070, 1073, 1065, 1074, 1054, 1072, 1074, 1075, 1054, 1076, 1068, 1073, 1068, 1076, 1072, 1075, 1074, 1077, 1078, 1075, 1077, 1078, 1077, 1079, 1079, 1077, 1080, 1077, 1074, 1080, 1079, 1080, 1081, 1079, 1081, 1082, 1074, 1072, 1083, 1074, 1084, 1080, 1074, 1083, 1084, 1080, 1085, 1081, 1080, 1084, 1085, 1085, 1084, 1073, 1082, 1081, 1086, 1081, 1085, 1086, 1072, 1087, 1083, 1087, 1072, 1076, 1083, 1087, 1088, 1083, 1088, 1084, 1088, 1087, 1076, 1084, 1088, 1089, 1089, 1088, 1076, 1073, 1084, 1089, 1073, 1089, 1076, 1085, 1073, 1070, 1085, 1070, 1090, 1085, 1090, 1086, 1070, 1091, 1090, 1070, 1069, 1091, 1082, 1086, 1092, 1082, 1092, 1093, 1086, 1094, 1092, 1086, 1090, 1094, 1093, 1092, 1095, 1095, 1092, 1094, 1096, 1095, 1094, 1096, 1097, 1095, 1097, 1093, 1095, 1097, 1098, 1093, 1097, 1099, 1098, 1100, 1099, 1097, 1100, 1097, 1101, 1096, 1101, 1097, 1100, 1101, 1042, 1042, 1101, 1102, 1102, 1101, 1096, 1041, 1042, 1102, 1094, 1090, 1103, 1104, 1096, 1094, 1094, 1103, 1104, 1105, 1102, 1096, 1102, 1106, 1041, 1102, 1105, 1106, 1107, 1105, 1096, 1108, 1107, 1096, 1104, 1108, 1096, 1104, 1106, 1108, 1109, 1105, 1107, 1108, 1109, 1107, 1106, 1109, 1108, 1105, 1109, 1106, 1041, 1106, 1110, 1106, 1104, 1110, 1071, 1104, 1103, 1104, 1071, 1110, 1111, 1041, 1110, 1111, 1039, 1041, 1037, 1039, 1111, 1071, 1112, 1110, 1112, 1111, 1110, 1103, 1069, 1071, 1112, 1071, 1067, 1103, 1113, 1069, 1090, 1113, 1103, 1113, 1114, 1069, 1090, 1114, 1113, 1114, 1115, 1069, 1115, 1114, 1090, 1069, 1115, 1116, 1116, 1115, 1090, 1069, 1116, 1091, 1091, 1116, 1090, 1117, 1037, 1111, 1112, 1118, 1111, 1118, 1117, 1111, 1112, 1067, 1119, 1118, 1112, 1119, 1120, 1037, 1117, 1037, 1120, 1028, 1121, 1120, 1117, 1120, 1121, 1028, 1121, 1117, 1122, 1028, 1121, 1122, 1117, 1118, 1122, 1118, 1028, 1122, 1030, 1028, 1118, 1030, 1118, 1119, 1030, 1119, 1032, 1067, 1123, 1119, 1057, 1123, 1067, 1057, 1032, 1124, 1123, 1057, 1124, 1125, 1119, 1123, 1119, 1125, 1032, 1032, 1126, 1124, 1126, 1123, 1124, 1125, 1127, 1032, 1127, 1125, 1123, 1032, 1127, 1126, 1127, 1123, 1126, 1130, 1129, 1128, 1128, 1129, 1131, 1130, 1132, 1129, 1130, 1133, 1132, 1130, 1134, 1133, 1134, 1135, 1133, 1133, 1135, 1136, 1133, 1136, 1132, 1136, 1137, 1132, 1136, 1135, 1138, 1139, 1129, 1132, 1137, 1139, 1132, 1131, 1129, 1140, 1129, 1139, 1140, 1139, 1141, 1140, 1140, 1141, 1142, 1131, 1140, 1143, 1140, 1142, 1143, 1131, 1143, 1144, 1145, 1144, 1143, 1136, 1138, 1146, 1136, 1146, 1137, 1145, 1143, 1147, 1147, 1143, 1142, 1138, 1148, 1146, 1149, 1148, 1138, 1149, 1150, 1148, 1150, 1149, 1151, 1152, 1145, 1147, 1152, 1153, 1145, 1152, 1154, 1153, 1152, 1147, 1155, 1154, 1152, 1155, 1142, 1156, 1147, 1147, 1156, 1155, 1155, 1157, 1154, 1157, 1158, 1154, 1157, 1155, 1159, 1155, 1156, 1159, 1160, 1158, 1157, 1160, 1157, 1159, 1160, 1161, 1158, 1161, 1160, 1162, 1161, 1162, 1163, 1156, 1142, 1164, 1156, 1165, 1159, 1165, 1156, 1164, 1166, 1164, 1142, 1142, 1141, 1166, 1167, 1160, 1159, 1160, 1168, 1162, 1160, 1167, 1168, 1168, 1169, 1162, 1170, 1169, 1168, 1163, 1162, 1171, 1171, 1162, 1169, 1159, 1172, 1167, 1172, 1159, 1165, 1167, 1173, 1168, 1173, 1167, 1172, 1174, 1172, 1165, 1174, 1173, 1172, 1175, 1174, 1165, 1173, 1174, 1175, 1164, 1175, 1165, 1173, 1176, 1168, 1176, 1173, 1175, 1175, 1164, 1176, 1176, 1170, 1168, 1164, 1177, 1176, 1176, 1177, 1170, 1178, 1170, 1177, 1164, 1166, 1177, 1177, 1166, 1178, 1178, 1179, 1170, 1170, 1179, 1180, 1181, 1179, 1178, 1180, 1182, 1170, 1170, 1182, 1169, 1166, 1183, 1178, 1183, 1166, 1184, 1166, 1141, 1184, 1185, 1183, 1184, 1141, 1185, 1184, 1186, 1183, 1185, 1141, 1186, 1185, 1186, 1187, 1183, 1187, 1186, 1141, 1187, 1188, 1183, 1188, 1187, 1141, 1178, 1183, 1188, 1139, 1188, 1141, 1189, 1178, 1188, 1189, 1181, 1178, 1139, 1190, 1188, 1190, 1189, 1188, 1139, 1137, 1190, 1181, 1189, 1191, 1189, 1190, 1192, 1189, 1192, 1191, 1190, 1137, 1193, 1194, 1190, 1193, 1190, 1194, 1192, 1137, 1195, 1193, 1195, 1194, 1193, 1196, 1195, 1137, 1195, 1196, 1194, 1146, 1196, 1137, 1196, 1146, 1194, 1194, 1146, 1192, 1146, 1148, 1192, 1192, 1148, 1150, 1192, 1150, 1191, 1197, 1181, 1191, 1150, 1198, 1191, 1198, 1197, 1191, 1181, 1197, 1199, 1199, 1179, 1181, 1200, 1198, 1150, 1150, 1151, 1200, 1151, 1201, 1200, 1200, 1201, 1202, 1203, 1200, 1202, 1200, 1203, 1198, 1204, 1201, 1151, 1204, 1205, 1201, 1202, 1201, 1205, 1204, 1206, 1205, 1205, 1206, 1207, 1205, 1207, 1208, 1205, 1208, 1209, 1202, 1205, 1209, 1208, 1210, 1209, 1211, 1210, 1208, 1209, 1210, 1212, 1202, 1209, 1212, 1211, 1213, 1210, 1213, 1212, 1210, 1211, 1214, 1213, 1215, 1214, 1211, 1213, 1216, 1212, 1217, 1216, 1213, 1214, 1217, 1213, 1212, 1216, 1199, 1215, 1218, 1214, 1218, 1217, 1214, 1212, 1199, 1197, 1197, 1202, 1212, 1197, 1219, 1202, 1197, 1198, 1219, 1219, 1220, 1202, 1220, 1203, 1202, 1198, 1221, 1219, 1203, 1221, 1198, 1219, 1221, 1220, 1221, 1203, 1220, 1216, 1222, 1199, 1199, 1222, 1179, 1215, 1223, 1218, 1224, 1223, 1215, 1224, 1225, 1223, 1225, 1226, 1223, 1223, 1226, 1218, 1226, 1225, 1163, 1226, 1163, 1171, 1226, 1227, 1218, 1218, 1227, 1217, 1226, 1171, 1228, 1226, 1228, 1227, 1171, 1229, 1228, 1229, 1171, 1169, 1228, 1229, 1230, 1230, 1229, 1169, 1228, 1230, 1227, 1231, 1230, 1169, 1227, 1230, 1231, 1182, 1231, 1169, 1182, 1227, 1231, 1217, 1227, 1182, 1217, 1182, 1180, 1217, 1180, 1216, 1180, 1232, 1216, 1180, 1179, 1232, 1232, 1233, 1216, 1179, 1233, 1232, 1233, 1234, 1216, 1179, 1234, 1233, 1234, 1235, 1216, 1235, 1234, 1179, 1216, 1235, 1222, 1222, 1235, 1179, 1238, 1237, 1236, 1238, 1239, 1237, 1237, 1240, 1236, 1239, 1241, 1237, 1241, 1240, 1237, 1240, 1242, 1236, 1240, 1241, 1243, 1242, 1240, 1243, 1242, 1244, 1236, 1236, 1244, 1245, 1239, 1246, 1241, 1241, 1246, 1243, 1242, 1247, 1244, 1242, 1243, 1247, 1245, 1244, 1248, 1248, 1249, 1245, 1244, 1247, 1250, 1248, 1244, 1250, 1249, 1248, 1251, 1251, 1248, 1250, 1252, 1249, 1251, 1247, 1253, 1250, 1247, 1243, 1253, 1253, 1251, 1250, 1254, 1243, 1246, 1243, 1254, 1253, 1255, 1252, 1251, 1251, 1253, 1256, 1255, 1251, 1256, 1252, 1255, 1257, 1257, 1255, 1256, 1258, 1252, 1257, 1253, 1259, 1256, 1253, 1254, 1259, 1256, 1259, 1257, 1257, 1259, 1260, 1258, 1257, 1261, 1257, 1260, 1261, 1259, 1254, 1262, 1259, 1262, 1260, 1262, 1254, 1263, 1254, 1246, 1263, 1262, 1263, 1260, 1263, 1246, 1260, 1258, 1261, 1264, 1265, 1258, 1264, 1265, 1264, 1261, 1266, 1265, 1261, 1267, 1261, 1260, 1261, 1267, 1266, 1260, 1246, 1268, 1267, 1260, 1268, 1239, 1268, 1246, 1266, 1267, 1269, 1267, 1268, 1269, 1239, 1270, 1268, 1266, 1269, 1270, 1239, 1271, 1270, 1271, 1266, 1270, 1268, 1270, 1272, 1269, 1268, 1272, 1270, 1269, 1272]
                uniform token subdivisionScheme = "none"
                quatf xformOp:orient = (1, 0, 0, 0)
                float3 xformOp:scale = (1, 1, 1)
                double3 xformOp:translate = (0.0007, -0.39972, -0.00247)
                uniform token[] xformOpOrder = ["xformOp:translate", "xformOp:orient", "xformOp:scale"]
            }

            def Cube "Sofa_214_2_sofa_214_PrimitiveCollider_0" (
                apiSchemas = ["PhysicsCollisionAPI", "PhysicsMassAPI"]
            )
            {
                float3[] extent = [(-0.5, -0.5, -0.5), (0.5, 0.5, 0.5)]
                float physics:density = 66.582
                uniform token purpose = "guide"
                double size = 1
                quatf xformOp:orient = (6.123234e-17, 1, 0, 0)
                float3 xformOp:scale = (2.01092, 0.467656, 0.743168)
                double3 xformOp:translate = (0.0007, -0.15272000000000002, 0.0411247)
                uniform token[] xformOpOrder = ["xformOp:translate", "xformOp:orient", "xformOp:scale"]
            }

            def Cube "Sofa_214_2_sofa_214_PrimitiveCollider_1" (
                apiSchemas = ["PhysicsCollisionAPI", "PhysicsMassAPI"]
            )
            {
                float3[] extent = [(-0.5, -0.5, -0.5), (0.5, 0.5, 0.5)]
                float physics:density = 66.582
                uniform token purpose = "guide"
                double size = 1
                quatf xformOp:orient = (0.132305, 0.99120903, 0, 0)
                float3 xformOp:scale = (2.01092, 0.302684, 0.1327564)
                double3 xformOp:translate = (0.0007, 0.21459199999999995, -0.31109699999999996)
                uniform token[] xformOpOrder = ["xformOp:translate", "xformOp:orient", "xformOp:scale"]
            }

            def Cube "Sofa_214_2_sofa_214_PrimitiveCollider_2" (
                apiSchemas = ["PhysicsCollisionAPI", "PhysicsMassAPI"]
            )
            {
                float3[] extent = [(-0.5, -0.5, -0.5), (0.5, 0.5, 0.5)]
                float physics:density = 66.582
                uniform token purpose = "guide"
                double size = 1
                quatf xformOp:orient = (0.0348457, 0.7062477, -0.034845684, 0.7062477)
                float3 xformOp:scale = (0.844108, 0.367736, 0.195629)
                double3 xformOp:translate = (0.935932, 0.20216099999999998, 0.0411247)
                uniform token[] xformOpOrder = ["xformOp:translate", "xformOp:orient", "xformOp:scale"]
            }

            def Cube "Sofa_214_2_sofa_214_PrimitiveCollider_3" (
                apiSchemas = ["PhysicsCollisionAPI", "PhysicsMassAPI"]
            )
            {
                float3[] extent = [(-0.5, -0.5, -0.5), (0.5, 0.5, 0.5)]
                float physics:density = 66.582
                uniform token purpose = "guide"
                double size = 1
                quatf xformOp:orient = (-0.034844, 0.70624775, 0.03484399, 0.70624775)
                float3 xformOp:scale = (0.844108, 0.367736, 0.195629)
                double3 xformOp:translate = (-0.933318, 0.20213699999999996, 0.0411247)
                uniform token[] xformOpOrder = ["xformOp:translate", "xformOp:orient", "xformOp:scale"]
            }
        }
    }

    def Scope "Materials"
    {
        def Material "tn__material_Sofa_default003_AlbedoTransparency_zX1"
        {
            token outputs:displacement.connect = </Sofa_214_2/Materials/tn__material_Sofa_default003_AlbedoTransparency_zX1/PreviewSurface.outputs:displacement>
            token outputs:surface.connect = </Sofa_214_2/Materials/tn__material_Sofa_default003_AlbedoTransparency_zX1/PreviewSurface.outputs:surface>

            def Shader "PreviewSurface"
            {
                uniform token info:id = "UsdPreviewSurface"
                color3f inputs:diffuseColor.connect = </Sofa_214_2/Materials/tn__material_Sofa_default003_AlbedoTransparency_zX1/DiffuseTexture.outputs:rgb>
                float inputs:metallic = 0
                float inputs:opacity = 1
                float inputs:roughness = 0.5
                token outputs:displacement
                token outputs:surface
            }

            def Shader "DiffuseTexture"
            {
                uniform token info:id = "UsdUVTexture"
                float4 inputs:fallback = (0.463235, 0.371269, 0.309959, 1)
                asset inputs:file = @./Textures/Sofa_default.003_AlbedoTransparency.png@
                float4 inputs:scale = (0.463235, 0.371269, 0.309959, 1)
                token inputs:sourceColorSpace = "auto"
                float2 inputs:st.connect = </Sofa_214_2/Materials/tn__material_Sofa_default003_AlbedoTransparency_zX1/Primvar_st_float2.outputs:result>
                token inputs:wrapS = "repeat"
                token inputs:wrapT = "repeat"
                float3 outputs:rgb
            }

            def Shader "Primvar_st_float2"
            {
                uniform token info:id = "UsdPrimvarReader_float2"
                string inputs:varname = "st"
                float2 outputs:result
            }
        }
    }

    def Scope "Physics"
    {
    }
}

def PhysicsScene "PhysicsScene"
{
    vector3f physics:gravityDirection = (0, 0, -1)
    float physics:gravityMagnitude = 9.81
}

