mtllib material.mtl
usemtl material_0
v -0.27189000 0.19179000 0.09976000
v -0.26568000 0.19388000 0.09742000
v -0.27189000 0.19388000 0.09742000
v -0.26568000 0.19179000 0.09976000
v -0.25078000 0.19388000 0.09742000
v -0.25215000 0.19179000 0.09976000
v -0.24716000 0.19146000 0.10052000
v -0.25030000 0.19064000 0.10143000
v -0.24716000 0.17845000 0.11969000
v -0.25030000 0.17927000 0.11877000
v -0.25078000 0.17603000 0.12278000
v -0.25215000 0.17812000 0.12045000
v -0.26568000 0.17603000 0.12278000
v -0.26568000 0.17812000 0.12045000
v -0.27189000 0.17812000 0.12045000
v -0.27189000 0.17603000 0.12278000
v 0.02180000 0.19754000 -0.02179000
v 0.01180000 0.20174000 -0.02847000
v 0.01180000 0.19754000 -0.02847000
v 0.02180000 0.20174000 -0.02179000
v 0.02848000 0.19754000 -0.01179000
v 0.02848000 0.20174000 -0.01179000
v 0.03083000 0.19754000 0.00000000
v 0.03083000 0.20174000 0.00000000
v 0.02848000 0.19754000 0.01180000
v 0.02848000 0.20174000 0.01180000
v 0.02180000 0.19754000 0.02180000
v 0.02180000 0.20174000 0.02180000
v 0.01180000 0.19754000 0.02848000
v 0.01180000 0.20174000 0.02848000
v 0.01180000 0.19754000 -0.02847000
v 0.01180000 0.20174000 -0.02847000
v 0.00001000 0.20174000 -0.03082000
v 0.00000000 0.19754000 -0.03082000
v -0.01179000 0.20174000 -0.02847000
v -0.01179000 0.19754000 -0.02847000
v -0.01179000 0.19754000 -0.02847000
v -0.01179000 0.20174000 -0.02847000
v -0.02179000 0.20174000 -0.02179000
v -0.02179000 0.19754000 -0.02179000
v -0.02847000 0.20174000 -0.01179000
v -0.02847000 0.19754000 -0.01179000
v -0.03082000 0.20174000 0.00000000
v -0.03082000 0.19754000 0.00000000
v -0.02847000 0.20174000 0.01180000
v -0.02847000 0.19754000 0.01180000
v -0.02179000 0.20174000 0.02180000
v -0.02179000 0.19754000 0.02180000
v -0.01179000 0.20174000 0.02848000
v -0.01179000 0.19754000 0.02848000
v -0.01179000 0.19754000 0.02848000
v -0.01179000 0.20174000 0.02848000
v 0.00000000 0.20174000 0.03083000
v 0.00000000 0.19754000 0.03083000
v 0.01180000 0.20174000 0.02848000
v 0.01180000 0.19754000 0.02848000
v 0.01371000 0.19754000 0.01371000
v 0.00742000 0.20174000 0.01791000
v 0.00742000 0.19754000 0.01791000
v 0.01371000 0.20174000 0.01371000
v 0.01791000 0.19754000 0.00742000
v 0.01791000 0.20174000 0.00742000
v 0.01939000 0.19754000 0.00000000
v 0.01939000 0.20174000 0.00000000
v 0.01791000 0.19754000 -0.00741000
v 0.01791000 0.20174000 -0.00741000
v 0.01371000 0.19754000 -0.01370000
v 0.01371000 0.20174000 -0.01370000
v 0.00742000 0.19754000 -0.01790000
v 0.00742000 0.20174000 -0.01790000
v 0.00742000 0.19754000 0.01791000
v 0.00742000 0.20174000 0.01791000
v 0.00000000 0.20174000 0.01939000
v 0.00000000 0.19754000 0.01939000
v -0.00741000 0.20174000 0.01791000
v -0.00741000 0.19754000 0.01791000
v -0.00741000 0.19754000 0.01791000
v -0.00741000 0.20174000 0.01791000
v -0.01370000 0.20174000 0.01371000
v -0.01370000 0.19754000 0.01371000
v -0.01790000 0.20174000 0.00742000
v -0.01790000 0.19754000 0.00742000
v -0.01938000 0.20174000 0.00000000
v -0.01938000 0.19754000 0.00000000
v -0.01790000 0.20174000 -0.00741000
v -0.01790000 0.19754000 -0.00741000
v -0.01370000 0.20174000 -0.01370000
v -0.01370000 0.19754000 -0.01370000
v -0.00741000 0.20174000 -0.01790000
v -0.00741000 0.19754000 -0.01790000
v -0.00741000 0.19754000 -0.01790000
v -0.00741000 0.20174000 -0.01790000
v 0.00000000 0.20174000 -0.01938000
v 0.00000000 0.19754000 -0.01938000
v 0.00742000 0.20174000 -0.01790000
v 0.00742000 0.19754000 -0.01790000
v -0.01237000 0.20174000 0.02143000
v -0.01237000 0.22345000 0.02143000
v -0.01019000 0.22345000 0.02143000
v -0.01019000 0.20174000 0.02143000
v -0.01019000 0.20174000 0.02143000
v -0.01019000 0.22345000 0.02143000
v -0.00911000 0.22345000 0.01955000
v -0.00911000 0.20174000 0.01955000
v -0.00911000 0.20174000 0.01955000
v -0.00911000 0.22345000 0.01955000
v -0.01019000 0.22345000 0.01767000
v -0.01019000 0.20174000 0.01767000
v -0.01019000 0.20174000 0.01767000
v -0.01019000 0.22345000 0.01767000
v -0.01237000 0.22345000 0.01767000
v -0.01237000 0.20174000 0.01767000
v -0.01237000 0.20174000 0.01767000
v -0.01237000 0.22345000 0.01767000
v -0.01345000 0.22345000 0.01955000
v -0.01345000 0.20174000 0.01955000
v -0.01345000 0.20174000 0.01955000
v -0.01345000 0.22345000 0.01955000
v -0.01237000 0.22345000 0.02143000
v -0.01237000 0.20174000 0.02143000
v -0.02142000 0.20174000 0.01238000
v -0.02142000 0.22345000 0.01238000
v -0.01954000 0.22345000 0.01346000
v -0.01954000 0.20174000 0.01346000
v -0.01954000 0.20174000 0.01346000
v -0.01954000 0.22345000 0.01346000
v -0.01766000 0.22345000 0.01238000
v -0.01766000 0.20174000 0.01238000
v -0.01766000 0.20174000 0.01238000
v -0.01766000 0.22345000 0.01238000
v -0.01766000 0.22345000 0.01020000
v -0.01766000 0.20174000 0.01020000
v -0.01766000 0.20174000 0.01020000
v -0.01766000 0.22345000 0.01020000
v -0.01954000 0.22345000 0.00912000
v -0.01954000 0.20174000 0.00912000
v -0.02142000 0.22345000 0.01020000
v -0.02142000 0.20174000 0.01020000
v -0.02142000 0.20174000 0.01020000
v -0.02142000 0.22345000 0.01020000
v -0.02142000 0.22345000 0.01238000
v -0.02142000 0.20174000 0.01238000
v 0.00975000 0.22909000 -0.02353000
v 0.00975000 0.22345000 -0.02353000
v 0.01802000 0.22345000 -0.01801000
v 0.01802000 0.22909000 -0.01801000
v 0.02354000 0.22345000 -0.00974000
v 0.02354000 0.22909000 -0.00974000
v 0.02548000 0.22345000 0.00000000
v 0.02548000 0.22909000 0.00000000
v 0.02354000 0.22345000 0.00975000
v 0.02354000 0.22909000 0.00975000
v 0.01802000 0.22345000 0.01802000
v 0.01802000 0.22909000 0.01802000
v 0.00975000 0.22345000 0.02354000
v 0.00975000 0.22909000 0.02354000
v 0.00000000 0.22909000 -0.02547000
v 0.00975000 0.22345000 -0.02353000
v 0.00975000 0.22909000 -0.02353000
v 0.00000000 0.22345000 -0.02547000
v -0.00974000 0.22909000 -0.02353000
v -0.00974000 0.22345000 -0.02353000
v -0.01801000 0.22909000 -0.01801000
v -0.00974000 0.22345000 -0.02353000
v -0.00974000 0.22909000 -0.02353000
v -0.01801000 0.22345000 -0.01801000
v -0.02353000 0.22909000 -0.00974000
v -0.02353000 0.22345000 -0.00974000
v -0.02547000 0.22909000 0.00000000
v -0.02547000 0.22345000 0.00000000
v -0.02353000 0.22909000 0.00975000
v -0.02353000 0.22345000 0.00975000
v -0.01801000 0.22909000 0.01802000
v -0.01801000 0.22345000 0.01802000
v -0.00974000 0.22909000 0.02354000
v -0.00974000 0.22345000 0.02354000
v 0.00000000 0.22909000 0.02548000
v -0.00974000 0.22345000 0.02354000
v -0.00974000 0.22909000 0.02354000
v 0.00000000 0.22345000 0.02548000
v 0.00975000 0.22909000 0.02354000
v 0.00975000 0.22345000 0.02354000
v 0.00868000 0.22345000 -0.02093000
v 0.00868000 0.22909000 -0.02093000
v 0.01603000 0.22909000 -0.01602000
v 0.01603000 0.22345000 -0.01602000
v 0.02094000 0.22909000 -0.00867000
v 0.02094000 0.22345000 -0.00867000
v 0.02267000 0.22909000 0.00000000
v 0.02262000 0.22345000 0.00000000
v 0.02094000 0.22909000 0.00868000
v 0.02094000 0.22345000 0.00868000
v 0.01603000 0.22909000 0.01603000
v 0.01603000 0.22345000 0.01603000
v 0.00868000 0.22909000 0.02094000
v 0.00868000 0.22345000 0.02094000
v 0.00000000 0.22345000 -0.02261000
v 0.00868000 0.22909000 -0.02093000
v 0.00868000 0.22345000 -0.02093000
v 0.00000000 0.22909000 -0.02266000
v -0.00867000 0.22345000 -0.02093000
v -0.00867000 0.22909000 -0.02093000
v -0.01602000 0.22345000 -0.01602000
v -0.00867000 0.22909000 -0.02093000
v -0.00867000 0.22345000 -0.02093000
v -0.01602000 0.22909000 -0.01602000
v -0.02093000 0.22345000 -0.00867000
v -0.02093000 0.22909000 -0.00867000
v -0.02261000 0.22345000 0.00000000
v -0.02266000 0.22909000 0.00000000
v -0.02093000 0.22345000 0.00868000
v -0.02093000 0.22909000 0.00868000
v -0.01602000 0.22345000 0.01603000
v -0.01602000 0.22909000 0.01603000
v -0.00867000 0.22345000 0.02094000
v -0.00867000 0.22909000 0.02094000
v 0.00000000 0.22345000 0.02262000
v -0.00867000 0.22909000 0.02094000
v -0.00867000 0.22345000 0.02094000
v 0.00000000 0.22909000 0.02267000
v 0.00868000 0.22345000 0.02094000
v 0.00868000 0.22909000 0.02094000
v 0.02143000 0.20174000 -0.01237000
v 0.02143000 0.22345000 -0.01237000
v 0.01955000 0.22345000 -0.01345000
v 0.01955000 0.20174000 -0.01345000
v 0.01767000 0.22345000 -0.01237000
v 0.01767000 0.20174000 -0.01237000
v 0.01767000 0.20174000 -0.01237000
v 0.01767000 0.22345000 -0.01237000
v 0.01767000 0.22345000 -0.01019000
v 0.01767000 0.20174000 -0.01019000
v 0.01767000 0.20174000 -0.01019000
v 0.01767000 0.22345000 -0.01019000
v 0.01955000 0.22345000 -0.00911000
v 0.01955000 0.20174000 -0.00911000
v 0.02143000 0.22345000 -0.01019000
v 0.02143000 0.20174000 -0.01019000
v 0.02143000 0.20174000 -0.01019000
v 0.02143000 0.22345000 -0.01019000
v 0.02143000 0.22345000 -0.01237000
v 0.02143000 0.20174000 -0.01237000
v -0.02142000 0.20174000 -0.01237000
v -0.02142000 0.22345000 -0.01237000
v -0.02142000 0.22345000 -0.01019000
v -0.02142000 0.20174000 -0.01019000
v -0.02142000 0.20174000 -0.01019000
v -0.02142000 0.22345000 -0.01019000
v -0.01954000 0.22345000 -0.00911000
v -0.01954000 0.20174000 -0.00911000
v -0.01766000 0.22345000 -0.01019000
v -0.01766000 0.20174000 -0.01019000
v -0.01766000 0.20174000 -0.01019000
v -0.01766000 0.22345000 -0.01019000
v -0.01766000 0.22345000 -0.01237000
v -0.01766000 0.20174000 -0.01237000
v -0.01766000 0.20174000 -0.01237000
v -0.01766000 0.22345000 -0.01237000
v -0.01954000 0.22345000 -0.01345000
v -0.01954000 0.20174000 -0.01345000
v -0.02142000 0.22345000 -0.01237000
v -0.02142000 0.20174000 -0.01237000
v 0.00000000 0.20174000 -0.02474000
v 0.00000000 0.22345000 -0.02474000
v -0.00188000 0.22345000 -0.02365000
v -0.00188000 0.20174000 -0.02365000
v -0.00188000 0.20174000 -0.02365000
v -0.00188000 0.22345000 -0.02365000
v -0.00188000 0.22345000 -0.02148000
v -0.00188000 0.20174000 -0.02148000
v -0.00188000 0.20174000 -0.02148000
v -0.00188000 0.22345000 -0.02148000
v 0.00000000 0.22345000 -0.02039000
v 0.00000000 0.20174000 -0.02039000
v 0.00000000 0.20174000 -0.02039000
v 0.00000000 0.22345000 -0.02039000
v 0.00189000 0.22345000 -0.02148000
v 0.00189000 0.20174000 -0.02148000
v 0.00189000 0.20174000 -0.02148000
v 0.00189000 0.22345000 -0.02148000
v 0.00189000 0.22345000 -0.02365000
v 0.00189000 0.20174000 -0.02365000
v 0.00189000 0.20174000 -0.02365000
v 0.00189000 0.22345000 -0.02365000
v 0.00000000 0.22345000 -0.02474000
v 0.00000000 0.20174000 -0.02474000
v -0.01237000 0.20174000 -0.02142000
v -0.01237000 0.22345000 -0.02142000
v -0.01345000 0.22345000 -0.01954000
v -0.01345000 0.20174000 -0.01954000
v -0.01345000 0.20174000 -0.01954000
v -0.01345000 0.22345000 -0.01954000
v -0.01237000 0.22345000 -0.01766000
v -0.01237000 0.20174000 -0.01766000
v -0.01237000 0.20174000 -0.01766000
v -0.01237000 0.22345000 -0.01766000
v -0.01019000 0.22345000 -0.01766000
v -0.01019000 0.20174000 -0.01766000
v -0.01019000 0.20174000 -0.01766000
v -0.01019000 0.22345000 -0.01766000
v -0.00911000 0.22345000 -0.01954000
v -0.00911000 0.20174000 -0.01954000
v -0.00911000 0.20174000 -0.01954000
v -0.00911000 0.22345000 -0.01954000
v -0.01019000 0.22345000 -0.02142000
v -0.01019000 0.20174000 -0.02142000
v -0.01019000 0.20174000 -0.02142000
v -0.01019000 0.22345000 -0.02142000
v -0.01237000 0.22345000 -0.02142000
v -0.01237000 0.20174000 -0.02142000
v -0.02474000 0.20174000 0.00000000
v -0.02474000 0.22345000 0.00000000
v -0.02365000 0.22345000 0.00189000
v -0.02365000 0.20174000 0.00189000
v -0.02365000 0.20174000 0.00189000
v -0.02365000 0.22345000 0.00189000
v -0.02148000 0.22345000 0.00189000
v -0.02148000 0.20174000 0.00189000
v -0.02148000 0.20174000 0.00189000
v -0.02148000 0.22345000 0.00189000
v -0.02039000 0.22345000 0.00000000
v -0.02039000 0.20174000 0.00000000
v -0.02039000 0.20174000 0.00000000
v -0.02039000 0.22345000 0.00000000
v -0.02148000 0.22345000 -0.00188000
v -0.02148000 0.20174000 -0.00188000
v -0.02148000 0.20174000 -0.00188000
v -0.02148000 0.22345000 -0.00188000
v -0.02365000 0.22345000 -0.00188000
v -0.02365000 0.20174000 -0.00188000
v -0.02365000 0.20174000 -0.00188000
v -0.02365000 0.22345000 -0.00188000
v -0.02474000 0.22345000 0.00000000
v -0.02474000 0.20174000 0.00000000
v 0.01238000 0.20174000 -0.02142000
v 0.01238000 0.22345000 -0.02142000
v 0.01020000 0.22345000 -0.02142000
v 0.01020000 0.20174000 -0.02142000
v 0.01020000 0.20174000 -0.02142000
v 0.01020000 0.22345000 -0.02142000
v 0.00912000 0.22345000 -0.01954000
v 0.00912000 0.20174000 -0.01954000
v 0.00912000 0.20174000 -0.01954000
v 0.00912000 0.22345000 -0.01954000
v 0.01020000 0.22345000 -0.01766000
v 0.01020000 0.20174000 -0.01766000
v 0.01020000 0.20174000 -0.01766000
v 0.01020000 0.22345000 -0.01766000
v 0.01238000 0.22345000 -0.01766000
v 0.01238000 0.20174000 -0.01766000
v 0.01238000 0.20174000 -0.01766000
v 0.01238000 0.22345000 -0.01766000
v 0.01346000 0.22345000 -0.01954000
v 0.01346000 0.20174000 -0.01954000
v 0.01238000 0.22345000 -0.02142000
v 0.01238000 0.20174000 -0.02142000
v 0.02475000 0.20174000 0.00000000
v 0.02475000 0.22345000 0.00000000
v 0.02366000 0.22345000 -0.00188000
v 0.02366000 0.20174000 -0.00188000
v 0.02366000 0.20174000 -0.00188000
v 0.02366000 0.22345000 -0.00188000
v 0.02149000 0.22345000 -0.00188000
v 0.02149000 0.20174000 -0.00188000
v 0.02149000 0.20174000 -0.00188000
v 0.02149000 0.22345000 -0.00188000
v 0.02040000 0.22345000 0.00000000
v 0.02040000 0.20174000 0.00000000
v 0.02040000 0.20174000 0.00000000
v 0.02040000 0.22345000 0.00000000
v 0.02149000 0.22345000 0.00189000
v 0.02149000 0.20174000 0.00189000
v 0.02149000 0.20174000 0.00189000
v 0.02149000 0.22345000 0.00189000
v 0.02366000 0.22345000 0.00189000
v 0.02366000 0.20174000 0.00189000
v 0.02366000 0.20174000 0.00189000
v 0.02366000 0.22345000 0.00189000
v 0.02475000 0.22345000 0.00000000
v 0.02475000 0.20174000 0.00000000
v 0.02143000 0.20174000 0.01238000
v 0.02143000 0.22345000 0.01238000
v 0.02143000 0.22345000 0.01020000
v 0.02143000 0.20174000 0.01020000
v 0.01955000 0.22345000 0.00912000
v 0.01955000 0.20174000 0.00912000
v 0.01955000 0.20174000 0.00912000
v 0.01955000 0.22345000 0.00912000
v 0.01767000 0.22345000 0.01020000
v 0.01767000 0.20174000 0.01020000
v 0.01767000 0.20174000 0.01020000
v 0.01767000 0.22345000 0.01020000
v 0.01767000 0.22345000 0.01238000
v 0.01767000 0.20174000 0.01238000
v 0.01767000 0.20174000 0.01238000
v 0.01767000 0.22345000 0.01238000
v 0.01955000 0.22345000 0.01346000
v 0.01955000 0.20174000 0.01346000
v 0.02143000 0.22345000 0.01238000
v 0.02143000 0.20174000 0.01238000
v 0.01238000 0.20174000 0.02143000
v 0.01238000 0.22345000 0.02143000
v 0.01346000 0.22345000 0.01955000
v 0.01346000 0.20174000 0.01955000
v 0.01346000 0.20174000 0.01955000
v 0.01346000 0.22345000 0.01955000
v 0.01238000 0.22345000 0.01767000
v 0.01238000 0.20174000 0.01767000
v 0.01238000 0.20174000 0.01767000
v 0.01238000 0.22345000 0.01767000
v 0.01020000 0.22345000 0.01767000
v 0.01020000 0.20174000 0.01767000
v 0.01020000 0.20174000 0.01767000
v 0.01020000 0.22345000 0.01767000
v 0.00912000 0.22345000 0.01955000
v 0.00912000 0.20174000 0.01955000
v 0.00912000 0.20174000 0.01955000
v 0.00912000 0.22345000 0.01955000
v 0.01020000 0.22345000 0.02143000
v 0.01020000 0.20174000 0.02143000
v 0.01020000 0.20174000 0.02143000
v 0.01020000 0.22345000 0.02143000
v 0.01238000 0.22345000 0.02143000
v 0.01238000 0.20174000 0.02143000
v 0.00000000 0.20174000 0.02475000
v 0.00000000 0.22345000 0.02475000
v 0.00189000 0.22345000 0.02366000
v 0.00189000 0.20174000 0.02366000
v 0.00189000 0.20174000 0.02366000
v 0.00189000 0.22345000 0.02366000
v 0.00189000 0.22345000 0.02149000
v 0.00189000 0.20174000 0.02149000
v 0.00000000 0.22345000 0.02040000
v 0.00000000 0.20174000 0.02040000
v 0.00000000 0.20174000 0.02040000
v 0.00000000 0.22345000 0.02040000
v -0.00188000 0.22345000 0.02149000
v -0.00188000 0.20174000 0.02149000
v -0.00188000 0.22345000 0.02366000
v -0.00188000 0.20174000 0.02366000
v -0.00188000 0.20174000 0.02366000
v -0.00188000 0.22345000 0.02366000
v 0.00000000 0.22345000 0.02475000
v 0.00000000 0.20174000 0.02475000
v 0.25079000 0.19129000 0.13183000
v 0.25079000 0.17603000 0.12278000
v 0.24717000 0.17845000 0.11969000
v 0.24717000 0.19422000 0.12932000
v 0.25079000 0.20470000 0.14343000
v 0.24717000 0.19146000 0.10052000
v 0.24717000 0.20813000 0.14150000
v 0.25079000 0.21739000 0.16388000
v 0.24717000 0.21039000 0.11337000
v 0.25079000 0.19388000 0.09742000
v 0.25079000 0.21332000 0.11086000
v 0.24717000 0.22748000 0.12877000
v 0.25079000 0.23090000 0.12684000
v 0.24717000 0.22104000 0.16241000
v 0.24717000 0.24186000 0.15239000
v 0.25079000 0.24551000 0.15091000
v 0.25079000 0.25567000 0.18190000
v 0.24717000 0.22928000 0.18757000
v 0.25079000 0.22547000 0.18854000
v 0.25079000 0.22512000 0.20854000
v 0.24717000 0.22904000 0.20854000
v 0.24717000 0.25185000 0.18287000
v 0.24717000 0.25209000 0.20854000
v 0.25079000 0.25602000 0.20854000
v 0.25216000 0.19375000 0.12999000
v 0.25216000 0.17812000 0.12045000
v 0.26518000 0.17812000 0.12045000
v 0.26518000 0.19375000 0.12999000
v 0.25216000 0.20753000 0.14208000
v 0.26518000 0.20753000 0.14208000
v 0.25216000 0.22037000 0.16290000
v 0.26518000 0.22037000 0.16290000
v 0.26518000 0.22845000 0.18756000
v 0.25216000 0.22845000 0.18756000
v 0.25216000 0.22823000 0.20854000
v 0.26518000 0.22823000 0.20854000
v 0.25216000 0.21085000 0.11270000
v 0.25216000 0.19179000 0.09976000
v 0.25031000 0.19064000 0.10143000
v 0.25031000 0.20943000 0.11409000
v 0.25216000 0.22807000 0.12819000
v 0.25031000 0.17927000 0.11877000
v 0.25031000 0.22637000 0.12930000
v 0.25216000 0.24253000 0.15189000
v 0.25031000 0.19518000 0.12860000
v 0.25216000 0.17812000 0.12045000
v 0.25216000 0.19375000 0.12999000
v 0.25031000 0.20923000 0.14097000
v 0.25216000 0.20753000 0.14208000
v 0.25031000 0.24070000 0.15277000
v 0.25216000 0.25268000 0.18288000
v 0.25031000 0.22220000 0.16203000
v 0.25216000 0.22037000 0.16290000
v 0.25031000 0.23045000 0.18719000
v 0.25216000 0.22845000 0.18756000
v 0.25031000 0.25069000 0.18325000
v 0.25216000 0.25291000 0.20854000
v 0.25031000 0.25088000 0.20854000
v 0.25031000 0.23026000 0.20854000
v 0.25216000 0.22823000 0.20854000
v 0.26518000 0.21085000 0.11270000
v 0.26518000 0.19179000 0.09976000
v 0.25216000 0.19179000 0.09976000
v 0.25216000 0.21085000 0.11270000
v 0.26518000 0.22807000 0.12819000
v 0.25216000 0.22807000 0.12819000
v 0.26518000 0.24253000 0.15189000
v 0.25216000 0.24253000 0.15189000
v 0.25216000 0.25268000 0.18288000
v 0.26518000 0.25268000 0.18288000
v 0.26518000 0.25291000 0.20854000
v 0.25216000 0.25291000 0.20854000
v 0.27190000 0.21332000 0.11086000
v 0.27190000 0.19388000 0.09742000
v 0.27190000 0.19179000 0.09976000
v 0.27190000 0.21085000 0.11270000
v 0.27190000 0.23090000 0.12684000
v 0.27190000 0.19375000 0.12999000
v 0.27190000 0.17812000 0.12045000
v 0.27190000 0.17603000 0.12278000
v 0.27190000 0.19129000 0.13183000
v 0.27190000 0.20753000 0.14208000
v 0.27190000 0.20470000 0.14343000
v 0.27190000 0.21739000 0.16388000
v 0.27190000 0.22807000 0.12819000
v 0.27190000 0.22037000 0.16290000
v 0.27190000 0.22547000 0.18854000
v 0.27190000 0.24253000 0.15189000
v 0.27190000 0.24551000 0.15091000
v 0.27190000 0.22845000 0.18756000
v 0.27190000 0.25268000 0.18288000
v 0.27190000 0.25567000 0.18190000
v 0.27190000 0.25602000 0.20854000
v 0.27190000 0.25291000 0.20854000
v 0.27190000 0.22823000 0.20854000
v 0.27190000 0.22512000 0.20854000
v 0.25079000 0.21332000 0.11086000
v 0.25079000 0.19388000 0.09742000
v 0.26518000 0.19388000 0.09742000
v 0.26518000 0.21332000 0.11086000
v 0.25079000 0.23090000 0.12684000
v 0.27190000 0.21332000 0.11086000
v 0.27190000 0.19388000 0.09742000
v 0.27190000 0.23090000 0.12684000
v 0.26518000 0.23090000 0.12684000
v 0.25079000 0.24551000 0.15091000
v 0.27190000 0.24551000 0.15091000
v 0.26518000 0.24551000 0.15091000
v 0.25079000 0.25567000 0.18190000
v 0.26518000 0.25567000 0.18190000
v 0.25079000 0.25602000 0.20854000
v 0.27190000 0.25567000 0.18190000
v 0.26518000 0.25602000 0.20854000
v 0.27190000 0.25602000 0.20854000
v -0.25215000 0.19375000 0.12999000
v -0.25215000 0.17812000 0.12045000
v -0.25030000 0.17927000 0.11877000
v -0.25030000 0.19518000 0.12860000
v -0.25030000 0.19064000 0.10143000
v -0.25215000 0.20753000 0.14208000
v -0.25030000 0.20943000 0.11409000
v -0.25215000 0.19179000 0.09976000
v -0.25215000 0.21085000 0.11270000
v -0.25030000 0.20923000 0.14097000
v -0.25030000 0.22637000 0.12930000
v -0.25215000 0.22807000 0.12819000
v -0.25215000 0.24253000 0.15189000
v -0.25030000 0.24070000 0.15277000
v -0.25215000 0.25268000 0.18288000
v -0.25030000 0.22220000 0.16203000
v -0.25215000 0.22037000 0.16290000
v -0.25030000 0.23045000 0.18719000
v -0.25215000 0.22845000 0.18756000
v -0.25215000 0.22823000 0.20854000
v -0.25030000 0.23026000 0.20854000
v -0.25030000 0.25069000 0.18325000
v -0.25030000 0.25088000 0.20854000
v -0.25215000 0.25291000 0.20854000
v -0.27189000 0.19129000 0.13183000
v -0.27189000 0.17603000 0.12278000
v -0.27189000 0.17812000 0.12045000
v -0.27189000 0.19375000 0.12999000
v -0.27189000 0.20470000 0.14343000
v -0.27189000 0.21085000 0.11270000
v -0.27189000 0.19179000 0.09976000
v -0.27189000 0.19388000 0.09742000
v -0.27189000 0.21332000 0.11086000
v -0.27189000 0.22807000 0.12819000
v -0.27189000 0.23090000 0.12684000
v -0.27189000 0.24551000 0.15091000
v -0.27189000 0.20753000 0.14208000
v -0.27189000 0.24253000 0.15189000
v -0.27189000 0.25567000 0.18190000
v -0.27189000 0.22037000 0.16290000
v -0.27189000 0.21739000 0.16388000
v -0.27189000 0.25268000 0.18288000
v -0.27189000 0.22845000 0.18756000
v -0.27189000 0.22547000 0.18854000
v -0.27189000 0.22512000 0.20854000
v -0.27189000 0.22823000 0.20854000
v -0.27189000 0.25291000 0.20854000
v -0.27189000 0.25602000 0.20854000
v -0.25078000 0.21332000 0.11086000
v -0.25078000 0.19388000 0.09742000
v -0.24716000 0.19146000 0.10052000
v -0.24716000 0.21039000 0.11337000
v -0.24716000 0.17845000 0.11969000
v -0.25078000 0.23090000 0.12684000
v -0.24716000 0.19422000 0.12932000
v -0.25078000 0.17603000 0.12278000
v -0.25078000 0.19129000 0.13183000
v -0.24716000 0.22748000 0.12877000
v -0.24716000 0.20813000 0.14150000
v -0.25078000 0.20470000 0.14343000
v -0.25078000 0.21739000 0.16388000
v -0.24716000 0.24186000 0.15239000
v -0.25078000 0.24551000 0.15091000
v -0.25078000 0.25567000 0.18190000
v -0.24716000 0.22104000 0.16241000
v -0.24716000 0.22928000 0.18757000
v -0.25078000 0.22547000 0.18854000
v -0.24716000 0.25185000 0.18287000
v -0.25078000 0.25602000 0.20854000
v -0.24716000 0.25209000 0.20854000
v -0.24716000 0.22904000 0.20854000
v -0.25078000 0.22512000 0.20854000
v -0.27189000 0.21332000 0.11086000
v -0.27189000 0.19388000 0.09742000
v -0.26568000 0.19388000 0.09742000
v -0.26568000 0.21332000 0.11086000
v -0.27189000 0.23090000 0.12684000
v -0.25078000 0.21332000 0.11086000
v -0.25078000 0.19388000 0.09742000
v -0.25078000 0.23090000 0.12684000
v -0.26568000 0.23090000 0.12684000
v -0.25078000 0.24551000 0.15091000
v -0.26568000 0.24551000 0.15091000
v -0.27189000 0.24551000 0.15091000
v -0.25078000 0.25567000 0.18190000
v -0.26568000 0.25567000 0.18190000
v -0.27189000 0.25567000 0.18190000
v -0.27189000 0.25602000 0.20854000
v -0.26568000 0.25602000 0.20854000
v -0.25078000 0.25602000 0.20854000
v 0.25079000 0.22547000 0.18854000
v 0.25079000 0.22512000 0.20854000
v 0.26518000 0.22512000 0.20854000
v 0.26518000 0.22547000 0.18854000
v 0.25079000 0.21739000 0.16388000
v 0.27190000 0.22547000 0.18854000
v 0.27190000 0.22512000 0.20854000
v 0.26518000 0.21739000 0.16388000
v 0.25079000 0.20470000 0.14343000
v 0.27190000 0.21739000 0.16388000
v 0.26518000 0.20470000 0.14343000
v 0.25079000 0.19129000 0.13183000
v 0.27190000 0.20470000 0.14343000
v 0.26518000 0.19129000 0.13183000
v 0.25079000 0.17603000 0.12278000
v 0.27190000 0.19129000 0.13183000
v 0.26518000 0.17603000 0.12278000
v 0.27190000 0.17603000 0.12278000
v -0.25215000 0.21085000 0.11270000
v -0.25215000 0.19179000 0.09976000
v -0.26568000 0.19179000 0.09976000
v -0.26568000 0.21085000 0.11270000
v -0.25215000 0.22807000 0.12819000
v -0.26568000 0.22807000 0.12819000
v -0.26568000 0.24253000 0.15189000
v -0.25215000 0.24253000 0.15189000
v -0.26568000 0.25268000 0.18288000
v -0.25215000 0.25268000 0.18288000
v -0.26568000 0.25291000 0.20854000
v -0.25215000 0.25291000 0.20854000
v -0.26568000 0.17812000 0.12045000
v -0.25215000 0.17812000 0.12045000
v -0.25215000 0.19375000 0.12999000
v -0.26568000 0.19375000 0.12999000
v -0.25215000 0.20753000 0.14208000
v -0.26568000 0.20753000 0.14208000
v -0.25215000 0.22037000 0.16290000
v -0.26568000 0.22037000 0.16290000
v -0.26568000 0.22845000 0.18756000
v -0.25215000 0.22845000 0.18756000
v -0.25215000 0.22823000 0.20854000
v -0.26568000 0.22823000 0.20854000
v -0.25078000 0.19129000 0.13183000
v -0.25078000 0.17603000 0.12278000
v -0.26568000 0.17603000 0.12278000
v -0.26568000 0.19129000 0.13183000
v -0.27189000 0.17603000 0.12278000
v -0.27189000 0.19129000 0.13183000
v -0.25078000 0.20470000 0.14343000
v -0.26568000 0.20470000 0.14343000
v -0.27189000 0.20470000 0.14343000
v -0.27189000 0.21739000 0.16388000
v -0.26568000 0.21739000 0.16388000
v -0.25078000 0.21739000 0.16388000
v -0.27189000 0.22547000 0.18854000
v -0.26568000 0.22547000 0.18854000
v -0.27189000 0.22512000 0.20854000
v -0.25078000 0.22547000 0.18854000
v -0.26568000 0.22512000 0.20854000
v -0.25078000 0.22512000 0.20854000
v -0.26568000 0.22512000 0.20854000
v -0.27189000 0.22512000 0.20854000
v -0.27189000 0.22823000 0.20854000
v -0.26568000 0.22823000 0.20854000
v -0.25078000 0.22512000 0.20854000
v -0.25215000 0.22823000 0.20854000
v -0.24716000 0.22904000 0.20854000
v -0.25030000 0.23026000 0.20854000
v -0.24716000 0.25209000 0.20854000
v -0.25030000 0.25088000 0.20854000
v -0.25078000 0.25602000 0.20854000
v -0.25215000 0.25291000 0.20854000
v -0.26568000 0.25602000 0.20854000
v -0.26568000 0.25291000 0.20854000
v -0.27189000 0.25291000 0.20854000
v -0.27189000 0.25602000 0.20854000
v -0.26568000 0.22823000 0.20854000
v -0.26568000 0.25291000 0.20854000
v -0.26568000 0.25268000 0.18288000
v -0.26568000 0.22845000 0.18756000
v -0.26568000 0.24253000 0.15189000
v -0.26568000 0.22037000 0.16290000
v -0.26568000 0.22807000 0.12819000
v -0.26568000 0.20753000 0.14208000
v -0.26568000 0.21085000 0.11270000
v -0.26568000 0.19375000 0.12999000
v -0.26568000 0.19179000 0.09976000
v -0.26568000 0.17812000 0.12045000
v 0.27190000 0.19179000 0.09976000
v 0.27190000 0.19388000 0.09742000
v 0.26518000 0.19388000 0.09742000
v 0.26518000 0.19179000 0.09976000
v 0.25079000 0.19388000 0.09742000
v 0.27190000 0.17812000 0.12045000
v 0.25216000 0.19179000 0.09976000
v 0.24717000 0.19146000 0.10052000
v 0.25031000 0.19064000 0.10143000
v 0.24717000 0.17845000 0.11969000
v 0.25031000 0.17927000 0.11877000
v 0.25079000 0.17603000 0.12278000
v 0.25216000 0.17812000 0.12045000
v 0.26518000 0.17603000 0.12278000
v 0.27190000 0.17603000 0.12278000
v 0.26518000 0.17812000 0.12045000
v 0.26518000 0.25602000 0.20854000
v 0.27190000 0.25602000 0.20854000
v 0.27190000 0.25291000 0.20854000
v 0.26518000 0.25291000 0.20854000
v 0.25216000 0.25291000 0.20854000
v 0.25079000 0.25602000 0.20854000
v 0.25031000 0.25088000 0.20854000
v 0.24717000 0.25209000 0.20854000
v 0.25031000 0.23026000 0.20854000
v 0.24717000 0.22904000 0.20854000
v 0.26518000 0.22823000 0.20854000
v 0.25216000 0.22823000 0.20854000
v 0.25079000 0.22512000 0.20854000
v 0.26518000 0.22512000 0.20854000
v 0.27190000 0.22823000 0.20854000
v 0.27190000 0.22512000 0.20854000
v 0.26518000 0.17812000 0.12045000
v 0.26518000 0.19179000 0.09976000
v 0.26518000 0.21085000 0.11270000
v 0.26518000 0.19375000 0.12999000
v 0.26518000 0.22807000 0.12819000
v 0.26518000 0.20753000 0.14208000
v 0.26518000 0.24253000 0.15189000
v 0.26518000 0.22037000 0.16290000
v 0.26518000 0.25268000 0.18288000
v 0.26518000 0.22845000 0.18756000
v 0.26518000 0.25291000 0.20854000
v 0.26518000 0.22823000 0.20854000
v -0.02169000 0.83258000 -0.10185000
v 0.00000000 0.82309000 -0.08810000
v 0.00000000 0.83258000 -0.10616000
v 0.02170000 0.83258000 -0.10185000
v -0.01478000 0.82309000 -0.08516000
v 0.01479000 0.82309000 -0.08516000
v -0.04009000 0.83258000 -0.08956000
v 0.04010000 0.83258000 -0.08956000
v -0.02732000 0.82309000 -0.07678000
v 0.02732000 0.82309000 -0.07678000
v -0.05238000 0.83258000 -0.07116000
v 0.05239000 0.83258000 -0.07116000
v -0.03569000 0.82309000 -0.06425000
v 0.03570000 0.82309000 -0.06425000
v -0.05669000 0.83258000 -0.04946000
v 0.05670000 0.83258000 -0.04946000
v -0.03863000 0.82309000 -0.04946000
v 0.03864000 0.82309000 -0.04946000
v -0.05238000 0.83258000 -0.02776000
v 0.05239000 0.83258000 -0.02776000
v -0.03569000 0.82309000 -0.03468000
v 0.03570000 0.82309000 -0.03468000
v -0.04009000 0.83258000 -0.00937000
v 0.04010000 0.83258000 -0.00937000
v -0.02731000 0.82309000 -0.02214000
v 0.02732000 0.82309000 -0.02214000
v -0.02169000 0.83258000 0.00292000
v 0.02170000 0.83258000 0.00292000
v -0.01478000 0.82309000 -0.01377000
v 0.01479000 0.82309000 -0.01377000
v 0.00000000 0.83258000 0.00724000
v 0.00000000 0.82309000 -0.01083000
v 0.00000000 0.22909000 -0.02547000
v 0.00868000 0.22909000 -0.02093000
v 0.00000000 0.22909000 -0.02266000
v -0.00867000 0.22909000 -0.02093000
v 0.00975000 0.22909000 -0.02353000
v -0.00974000 0.22909000 -0.02353000
v 0.01802000 0.22909000 -0.01801000
v -0.01602000 0.22909000 -0.01602000
v 0.01603000 0.22909000 -0.01602000
v -0.01801000 0.22909000 -0.01801000
v 0.02354000 0.22909000 -0.00974000
v -0.02093000 0.22909000 -0.00867000
v 0.02094000 0.22909000 -0.00867000
v -0.02353000 0.22909000 -0.00974000
v 0.02548000 0.22909000 0.00000000
v -0.02266000 0.22909000 0.00000000
v 0.02267000 0.22909000 0.00000000
v -0.02547000 0.22909000 0.00000000
v 0.02354000 0.22909000 0.00975000
v -0.02093000 0.22909000 0.00868000
v 0.02094000 0.22909000 0.00868000
v -0.02353000 0.22909000 0.00975000
v 0.01802000 0.22909000 0.01802000
v -0.01602000 0.22909000 0.01603000
v 0.01603000 0.22909000 0.01603000
v -0.01801000 0.22909000 0.01802000
v 0.00975000 0.22909000 0.02354000
v -0.00867000 0.22909000 0.02094000
v 0.00868000 0.22909000 0.02094000
v -0.00974000 0.22909000 0.02354000
v 0.00000000 0.22909000 0.02548000
v 0.00000000 0.22909000 0.02267000
v 0.00000000 0.82309000 -0.04946000
v -0.02731000 0.82309000 -0.02214000
v -0.01478000 0.82309000 -0.01377000
v 0.00000000 0.82309000 -0.01083000
v -0.03569000 0.82309000 -0.03468000
v 0.01479000 0.82309000 -0.01377000
v -0.03863000 0.82309000 -0.04946000
v 0.02732000 0.82309000 -0.02214000
v -0.03569000 0.82309000 -0.06425000
v 0.03570000 0.82309000 -0.03468000
v -0.02732000 0.82309000 -0.07678000
v 0.03864000 0.82309000 -0.04946000
v -0.01478000 0.82309000 -0.08516000
v 0.03570000 0.82309000 -0.06425000
v 0.00000000 0.82309000 -0.08810000
v 0.02732000 0.82309000 -0.07678000
v 0.01479000 0.82309000 -0.08516000
v -0.25345000 0.53087000 -0.04980000
v -0.25345000 0.53087000 -0.02436000
v -0.25345000 0.54060000 -0.02629000
v -0.25345000 0.54885000 -0.03181000
v -0.25345000 0.52113000 -0.02629000
v -0.25345000 0.55437000 -0.04006000
v -0.25345000 0.51288000 -0.03181000
v -0.25345000 0.55630000 -0.04980000
v -0.25345000 0.50736000 -0.04006000
v -0.25345000 0.55437000 -0.05953000
v -0.25345000 0.50543000 -0.04980000
v -0.25345000 0.54885000 -0.06778000
v -0.25345000 0.50736000 -0.05953000
v -0.25345000 0.54060000 -0.07330000
v -0.25345000 0.51288000 -0.06778000
v -0.25345000 0.53087000 -0.07524000
v -0.25345000 0.52113000 -0.07330000
v 0.25346000 0.53087000 -0.04980000
v 0.25346000 0.54885000 -0.03181000
v 0.25346000 0.54060000 -0.02629000
v 0.25346000 0.53087000 -0.02436000
v 0.25346000 0.55437000 -0.04006000
v 0.25346000 0.52113000 -0.02629000
v 0.25346000 0.55630000 -0.04980000
v 0.25346000 0.51288000 -0.03181000
v 0.25346000 0.55437000 -0.05953000
v 0.25346000 0.50736000 -0.04006000
v 0.25346000 0.54885000 -0.06778000
v 0.25346000 0.50543000 -0.04980000
v 0.25346000 0.54060000 -0.07330000
v 0.25346000 0.50736000 -0.05953000
v 0.25346000 0.53087000 -0.07524000
v 0.25346000 0.51288000 -0.06778000
v 0.25346000 0.52113000 -0.07330000
v -0.01128000 0.22345000 0.01955000
v -0.01237000 0.22345000 0.01767000
v -0.01019000 0.22345000 0.01767000
v -0.00911000 0.22345000 0.01955000
v -0.01345000 0.22345000 0.01955000
v -0.01019000 0.22345000 0.02143000
v -0.01237000 0.22345000 0.02143000
v -0.01954000 0.22345000 0.01129000
v -0.01954000 0.22345000 0.00912000
v -0.01766000 0.22345000 0.01020000
v -0.01766000 0.22345000 0.01238000
v -0.02142000 0.22345000 0.01020000
v -0.01954000 0.22345000 0.01346000
v -0.02142000 0.22345000 0.01238000
v 0.01955000 0.22345000 -0.01128000
v 0.01955000 0.22345000 -0.00911000
v 0.01767000 0.22345000 -0.01019000
v 0.01767000 0.22345000 -0.01237000
v 0.02143000 0.22345000 -0.01019000
v 0.01955000 0.22345000 -0.01345000
v 0.02143000 0.22345000 -0.01237000
v -0.01954000 0.22345000 -0.01128000
v -0.01766000 0.22345000 -0.01237000
v -0.01766000 0.22345000 -0.01019000
v -0.01954000 0.22345000 -0.00911000
v -0.01954000 0.22345000 -0.01345000
v -0.02142000 0.22345000 -0.01019000
v -0.02142000 0.22345000 -0.01237000
v 0.00000000 0.22345000 -0.02261000
v 0.00189000 0.22345000 -0.02148000
v 0.00000000 0.22345000 -0.02039000
v -0.00188000 0.22345000 -0.02148000
v 0.00189000 0.22345000 -0.02365000
v -0.00188000 0.22345000 -0.02365000
v 0.00000000 0.22345000 -0.02474000
v -0.01128000 0.22345000 -0.01954000
v -0.00911000 0.22345000 -0.01954000
v -0.01019000 0.22345000 -0.01766000
v -0.01237000 0.22345000 -0.01766000
v -0.01019000 0.22345000 -0.02142000
v -0.01345000 0.22345000 -0.01954000
v -0.01237000 0.22345000 -0.02142000
v -0.02261000 0.22345000 0.00000000
v -0.02148000 0.22345000 -0.00188000
v -0.02039000 0.22345000 0.00000000
v -0.02148000 0.22345000 0.00189000
v -0.02365000 0.22345000 -0.00188000
v -0.02365000 0.22345000 0.00189000
v -0.02474000 0.22345000 0.00000000
v 0.01129000 0.22345000 -0.01954000
v 0.01238000 0.22345000 -0.01766000
v 0.01020000 0.22345000 -0.01766000
v 0.00912000 0.22345000 -0.01954000
v 0.01346000 0.22345000 -0.01954000
v 0.01020000 0.22345000 -0.02142000
v 0.01238000 0.22345000 -0.02142000
v 0.02262000 0.22345000 0.00000000
v 0.02149000 0.22345000 0.00189000
v 0.02040000 0.22345000 0.00000000
v 0.02149000 0.22345000 -0.00188000
v 0.02366000 0.22345000 0.00189000
v 0.02366000 0.22345000 -0.00188000
v 0.02475000 0.22345000 0.00000000
v 0.01955000 0.22345000 0.01129000
v 0.01767000 0.22345000 0.01238000
v 0.01767000 0.22345000 0.01020000
v 0.01955000 0.22345000 0.00912000
v 0.01955000 0.22345000 0.01346000
v 0.02143000 0.22345000 0.01020000
v 0.02143000 0.22345000 0.01238000
v 0.01129000 0.22345000 0.01955000
v 0.00912000 0.22345000 0.01955000
v 0.01020000 0.22345000 0.01767000
v 0.01238000 0.22345000 0.01767000
v 0.01020000 0.22345000 0.02143000
v 0.01346000 0.22345000 0.01955000
v 0.01238000 0.22345000 0.02143000
v 0.00000000 0.22345000 0.02262000
v -0.00188000 0.22345000 0.02149000
v 0.00000000 0.22345000 0.02040000
v 0.00189000 0.22345000 0.02149000
v -0.00188000 0.22345000 0.02366000
v 0.00189000 0.22345000 0.02366000
v 0.00000000 0.22345000 0.02475000
v -0.25795000 0.56010000 -0.03769000
v -0.25345000 0.55437000 -0.04006000
v -0.25345000 0.54885000 -0.03181000
v -0.25795000 0.55324000 -0.02742000
v -0.25795000 0.56251000 -0.04980000
v -0.25345000 0.54060000 -0.02629000
v -0.25345000 0.55630000 -0.04980000
v -0.25795000 0.54297000 -0.02056000
v -0.25795000 0.56010000 -0.06190000
v -0.25345000 0.53087000 -0.02436000
v -0.25345000 0.55437000 -0.05953000
v -0.25795000 0.53087000 -0.01815000
v -0.25795000 0.55324000 -0.07217000
v -0.25345000 0.52113000 -0.02629000
v -0.25345000 0.54885000 -0.06778000
v -0.25795000 0.51876000 -0.02056000
v -0.25795000 0.54297000 -0.07903000
v -0.25345000 0.51288000 -0.03181000
v -0.25345000 0.54060000 -0.07330000
v -0.25795000 0.50849000 -0.02742000
v -0.25795000 0.53087000 -0.08144000
v -0.25345000 0.50736000 -0.04006000
v -0.25345000 0.53087000 -0.07524000
v -0.25795000 0.50163000 -0.03769000
v -0.25795000 0.51876000 -0.07903000
v -0.25345000 0.50543000 -0.04980000
v -0.25345000 0.52113000 -0.07330000
v -0.25795000 0.49922000 -0.04980000
v -0.25795000 0.50849000 -0.07217000
v -0.25345000 0.50736000 -0.05953000
v -0.25345000 0.51288000 -0.06778000
v -0.25795000 0.50163000 -0.06190000
v 0.25796000 0.56010000 -0.03769000
v 0.25796000 0.55324000 -0.02742000
v 0.25346000 0.54885000 -0.03181000
v 0.25346000 0.55437000 -0.04006000
v 0.25346000 0.54060000 -0.02629000
v 0.25796000 0.56251000 -0.04980000
v 0.25796000 0.54297000 -0.02056000
v 0.25346000 0.55630000 -0.04980000
v 0.25346000 0.53087000 -0.02436000
v 0.25796000 0.56010000 -0.06190000
v 0.25796000 0.53087000 -0.01815000
v 0.25346000 0.55437000 -0.05953000
v 0.25346000 0.52113000 -0.02629000
v 0.25796000 0.55324000 -0.07217000
v 0.25796000 0.51876000 -0.02056000
v 0.25346000 0.54885000 -0.06778000
v 0.25346000 0.51288000 -0.03181000
v 0.25796000 0.54297000 -0.07903000
v 0.25796000 0.50849000 -0.02742000
v 0.25346000 0.54060000 -0.07330000
v 0.25346000 0.50736000 -0.04006000
v 0.25796000 0.53087000 -0.08144000
v 0.25796000 0.50163000 -0.03769000
v 0.25346000 0.53087000 -0.07524000
v 0.25346000 0.50543000 -0.04980000
v 0.25796000 0.51876000 -0.07903000
v 0.25796000 0.49922000 -0.04980000
v 0.25346000 0.52113000 -0.07330000
v 0.25346000 0.50736000 -0.05953000
v 0.25796000 0.50849000 -0.07217000
v 0.25796000 0.50163000 -0.06190000
v 0.25346000 0.51288000 -0.06778000
v 0.02848000 0.20174000 -0.01179000
v 0.01791000 0.20174000 -0.00741000
v 0.01371000 0.20174000 -0.01370000
v 0.02180000 0.20174000 -0.02179000
v 0.03083000 0.20174000 0.00000000
v 0.00742000 0.20174000 -0.01790000
v 0.01939000 0.20174000 0.00000000
v 0.01180000 0.20174000 -0.02847000
v 0.02848000 0.20174000 0.01180000
v 0.00000000 0.20174000 -0.01938000
v 0.01791000 0.20174000 0.00742000
v 0.00001000 0.20174000 -0.03082000
v 0.02180000 0.20174000 0.02180000
v -0.00741000 0.20174000 -0.01790000
v 0.01371000 0.20174000 0.01371000
v -0.01179000 0.20174000 -0.02847000
v 0.01180000 0.20174000 0.02848000
v -0.01370000 0.20174000 -0.01370000
v 0.00742000 0.20174000 0.01791000
v -0.02179000 0.20174000 -0.02179000
v 0.00000000 0.20174000 0.03083000
v -0.01790000 0.20174000 -0.00741000
v 0.00000000 0.20174000 0.01939000
v -0.02847000 0.20174000 -0.01179000
v -0.01179000 0.20174000 0.02848000
v -0.01938000 0.20174000 0.00000000
v -0.00741000 0.20174000 0.01791000
v -0.03082000 0.20174000 0.00000000
v -0.02179000 0.20174000 0.02180000
v -0.01790000 0.20174000 0.00742000
v -0.01370000 0.20174000 0.01371000
v -0.02847000 0.20174000 0.01180000
v 0.01802000 0.22345000 -0.01801000
v 0.01603000 0.22345000 -0.01602000
v 0.02094000 0.22345000 -0.00867000
v 0.02354000 0.22345000 -0.00974000
v 0.00975000 0.22345000 -0.02353000
v 0.02262000 0.22345000 0.00000000
v 0.00868000 0.22345000 -0.02093000
v 0.02548000 0.22345000 0.00000000
v 0.00000000 0.22345000 -0.02547000
v 0.02094000 0.22345000 0.00868000
v 0.00000000 0.22345000 -0.02261000
v 0.02354000 0.22345000 0.00975000
v -0.00974000 0.22345000 -0.02353000
v 0.01603000 0.22345000 0.01603000
v -0.00867000 0.22345000 -0.02093000
v 0.01802000 0.22345000 0.01802000
v -0.01801000 0.22345000 -0.01801000
v 0.00868000 0.22345000 0.02094000
v -0.01602000 0.22345000 -0.01602000
v 0.00975000 0.22345000 0.02354000
v -0.02353000 0.22345000 -0.00974000
v 0.00000000 0.22345000 0.02262000
v -0.02093000 0.22345000 -0.00867000
v 0.00000000 0.22345000 0.02548000
v -0.02547000 0.22345000 0.00000000
v -0.00867000 0.22345000 0.02094000
v -0.02261000 0.22345000 0.00000000
v -0.00974000 0.22345000 0.02354000
v -0.02353000 0.22345000 0.00975000
v -0.01602000 0.22345000 0.01603000
v -0.02093000 0.22345000 0.00868000
v -0.01801000 0.22345000 0.01802000
v -0.24246000 0.19149000 0.13738000
v -0.27189000 0.19149000 0.13738000
v -0.27189000 0.19149000 0.09484000
v -0.24246000 0.19149000 0.09484000
v 0.24247000 0.19149000 0.13738000
v 0.24247000 0.19149000 0.09484000
v 0.27190000 0.19149000 0.09484000
v 0.27190000 0.19149000 0.13738000
v 0.00000000 0.19754000 0.00000000
v 0.02180000 0.19754000 -0.02179000
v 0.02848000 0.19754000 -0.01179000
v 0.03083000 0.19754000 0.00000000
v 0.01180000 0.19754000 -0.02847000
v 0.02848000 0.19754000 0.01180000
v 0.00000000 0.19754000 -0.03082000
v 0.02180000 0.19754000 0.02180000
v -0.01179000 0.19754000 -0.02847000
v 0.01180000 0.19754000 0.02848000
v -0.02179000 0.19754000 -0.02179000
v 0.00000000 0.19754000 0.03083000
v -0.02847000 0.19754000 -0.01179000
v -0.01179000 0.19754000 0.02848000
v -0.03082000 0.19754000 0.00000000
v -0.02179000 0.19754000 0.02180000
v -0.02847000 0.19754000 0.01180000
vn 0.00000000 -0.82524270 -0.56477810
vn 0.00000000 -0.74380840 -0.66839290
vn 0.00000000 -0.74380730 -0.66839410
vn 0.00000000 -0.80972240 -0.58681300
vn 0.01009546 -0.75070900 -0.66055580
vn 0.01008391 -0.75070120 -0.66056490
vn 0.00707858 -0.82335500 -0.56748250
vn 0.00710190 -0.82332690 -0.56752300
vn -0.00707094 -0.82335650 -0.56748050
vn -0.00709489 -0.82332760 -0.56752210
vn -0.01009529 -0.75070920 -0.66055570
vn -0.01008353 -0.75070120 -0.66056490
vn 0.00000000 -0.74380770 -0.66839360
vn 0.00000000 -0.80972250 -0.58681290
vn 0.00000000 -0.82524300 -0.56477790
vn 0.00000000 -0.74380870 -0.66839260
vn 0.70710810 0.00000000 -0.70710540
vn 0.38268670 0.00000000 -0.92387820
vn 0.38268670 0.00000000 -0.92387820
vn 0.70710810 0.00000000 -0.70710540
vn 0.92387930 0.00000000 -0.38268400
vn 0.92387930 0.00000000 -0.38268400
vn 1.00000000 0.00000000 0.00000000
vn 1.00000000 0.00000000 0.00000000
vn 0.92387940 0.00000000 0.38268370
vn 0.92387940 0.00000000 0.38268370
vn 0.70710750 0.00000000 0.70710610
vn 0.70710750 0.00000000 0.70710610
vn 0.38268460 0.00000000 0.92387900
vn 0.38268460 0.00000000 0.92387900
vn 0.38268670 0.00000000 -0.92387820
vn 0.38268670 0.00000000 -0.92387820
vn 0.00000018 0.00000000 -1.00000000
vn 0.00000000 0.00000000 -1.00000000
vn -0.38268680 0.00000000 -0.92387810
vn -0.38268680 0.00000000 -0.92387810
vn -0.38268680 0.00000000 -0.92387810
vn -0.38268680 0.00000000 -0.92387810
vn -0.70710610 0.00000000 -0.70710740
vn -0.70710610 0.00000000 -0.70710740
vn -0.92387930 0.00000000 -0.38268400
vn -0.92387930 0.00000000 -0.38268400
vn -1.00000000 0.00000000 0.00000000
vn -1.00000000 0.00000000 0.00000000
vn -0.92387940 0.00000000 0.38268370
vn -0.92387940 0.00000000 0.38268370
vn -0.70710740 0.00000000 0.70710610
vn -0.70710740 0.00000000 0.70710610
vn -0.38268460 0.00000000 0.92387900
vn -0.38268460 0.00000000 0.92387900
vn -0.38268460 0.00000000 0.92387900
vn -0.38268460 0.00000000 0.92387900
vn -0.00000012 0.00000000 1.00000000
vn -0.00000012 0.00000000 1.00000000
vn 0.38268460 0.00000000 0.92387900
vn 0.38268460 0.00000000 0.92387900
vn -0.70710580 0.00000000 -0.70710770
vn -0.38268050 0.00000000 -0.92388080
vn -0.38268050 0.00000000 -0.92388080
vn -0.70710580 0.00000000 -0.70710770
vn -0.92387910 0.00000000 -0.38268450
vn -0.92387910 0.00000000 -0.38268450
vn -1.00000000 0.00000000 0.00000000
vn -1.00000000 0.00000000 0.00000000
vn -0.92387970 0.00000000 0.38268310
vn -0.92387970 0.00000000 0.38268310
vn -0.70710710 0.00000000 0.70710640
vn -0.70710710 0.00000000 0.70710640
vn -0.38268640 0.00000000 0.92387830
vn -0.38268640 0.00000000 0.92387830
vn -0.38268050 0.00000000 -0.92388080
vn -0.38268050 0.00000000 -0.92388080
vn 0.00000000 0.00000000 -1.00000000
vn 0.00000000 0.00000000 -1.00000000
vn 0.38268050 0.00000000 -0.92388080
vn 0.38268050 0.00000000 -0.92388080
vn 0.38268050 0.00000000 -0.92388080
vn 0.38268050 0.00000000 -0.92388080
vn 0.70710650 0.00000000 -0.70710700
vn 0.70710650 0.00000000 -0.70710700
vn 0.92387960 0.00000000 -0.38268320
vn 0.92387960 0.00000000 -0.38268320
vn 1.00000000 0.00000000 0.00000076
vn 1.00000000 0.00000000 0.00000076
vn 0.92387940 0.00000000 0.38268380
vn 0.92387940 0.00000000 0.38268380
vn 0.70710710 0.00000000 0.70710640
vn 0.70710710 0.00000000 0.70710640
vn 0.38268640 0.00000000 0.92387830
vn 0.38268640 0.00000000 0.92387830
vn 0.38268640 0.00000000 0.92387830
vn 0.38268640 0.00000000 0.92387830
vn 0.00000000 0.00000000 1.00000000
vn 0.00000000 0.00000000 1.00000000
vn -0.38268640 0.00000000 0.92387830
vn -0.38268640 0.00000000 0.92387830
vn 0.00000000 0.00000000 1.00000000
vn 0.00000000 0.00000000 1.00000000
vn 0.00000000 0.00000000 1.00000000
vn 0.00000000 0.00000000 1.00000000
vn 0.86602750 0.00000000 0.49999650
vn 0.86602750 0.00000000 0.49999650
vn 0.86602750 0.00000000 0.49999650
vn 0.86602750 0.00000000 0.49999650
vn 0.86602800 0.00000000 -0.49999570
vn 0.86602800 0.00000000 -0.49999570
vn 0.86602800 0.00000000 -0.49999570
vn 0.86602800 0.00000000 -0.49999570
vn 0.00000000 0.00000000 -1.00000000
vn 0.00000000 0.00000000 -1.00000000
vn 0.00000000 0.00000000 -1.00000000
vn 0.00000000 0.00000000 -1.00000000
vn -0.86602770 0.00000000 -0.49999610
vn -0.86602770 0.00000000 -0.49999610
vn -0.86602770 0.00000000 -0.49999610
vn -0.86602770 0.00000000 -0.49999610
vn -0.86602330 0.00000000 0.50000370
vn -0.86602330 0.00000000 0.50000370
vn -0.86602330 0.00000000 0.50000370
vn -0.86602330 0.00000000 0.50000370
vn -0.50000700 0.00000000 0.86602130
vn -0.50000700 0.00000000 0.86602130
vn -0.50000700 0.00000000 0.86602130
vn -0.50000700 0.00000000 0.86602130
vn 0.50000300 0.00000000 0.86602370
vn 0.50000300 0.00000000 0.86602370
vn 0.50000300 0.00000000 0.86602370
vn 0.50000300 0.00000000 0.86602370
vn 1.00000000 0.00000000 0.00000000
vn 1.00000000 0.00000000 0.00000000
vn 1.00000000 0.00000000 0.00000000
vn 1.00000000 0.00000000 0.00000000
vn 0.49997050 0.00000000 -0.86604250
vn 0.49997050 0.00000000 -0.86604250
vn 0.00000000 0.00000000 -1.00000000
vn 0.00000000 0.00000000 -1.00000000
vn -0.49998100 0.00000000 -0.86603640
vn -0.49998100 0.00000000 -0.86603640
vn -1.00000000 0.00000000 0.00000000
vn -1.00000000 0.00000000 0.00000000
vn -1.00000000 0.00000000 0.00000000
vn -1.00000000 0.00000000 0.00000000
vn 0.38268070 0.00000000 -0.92388060
vn 0.38268070 0.00000000 -0.92388060
vn 0.70710740 -0.00000043 -0.70710610
vn 0.70710740 -0.00000043 -0.70710610
vn 0.92387990 -0.00000087 -0.38268260
vn 0.92387990 -0.00000087 -0.38268240
vn 1.00000000 -0.00000065 0.00000073
vn 1.00000000 -0.00000065 0.00000073
vn 0.92387940 -0.00000087 0.38268380
vn 0.92387940 -0.00000087 0.38268380
vn 0.70710540 -0.00000155 0.70710810
vn 0.70710510 -0.00000155 0.70710840
vn 0.38268320 -0.00000091 0.92387960
vn 0.38268320 -0.00000091 0.92387960
vn 0.00000000 0.00000000 -1.00000000
vn 0.38268070 0.00000000 -0.92388060
vn 0.38268070 0.00000000 -0.92388060
vn 0.00000000 0.00000000 -1.00000000
vn -0.38268070 0.00000000 -0.92388060
vn -0.38268070 0.00000000 -0.92388060
vn -0.70710530 0.00000000 -0.70710820
vn -0.38268070 0.00000000 -0.92388060
vn -0.38268070 0.00000000 -0.92388060
vn -0.70710530 0.00000000 -0.70710820
vn -0.92387960 -0.00000022 -0.38268320
vn -0.92387960 -0.00000022 -0.38268320
vn -1.00000000 -0.00000065 -0.00000030
vn -1.00000000 -0.00000065 -0.00000029
vn -0.92387940 -0.00000065 0.38268360
vn -0.92387940 -0.00000065 0.38268370
vn -0.70710620 -0.00000022 0.70710720
vn -0.70710620 -0.00000022 0.70710720
vn -0.38268240 0.00000000 0.92388000
vn -0.38268240 0.00000000 0.92388000
vn -0.00000011 0.00000000 1.00000000
vn -0.38268240 0.00000000 0.92388000
vn -0.38268240 0.00000000 0.92388000
vn -0.00000011 0.00000000 1.00000000
vn 0.38268320 -0.00000091 0.92387960
vn 0.38268320 -0.00000091 0.92387960
vn -0.38154890 0.00204596 0.92434640
vn -0.38154890 0.00204596 0.92434640
vn -0.70710650 0.00000000 0.70710700
vn -0.70710650 0.00000000 0.70710700
vn -0.92434680 0.00204524 0.38154800
vn -0.92434670 0.00204524 0.38154810
vn -0.99999170 0.00408920 0.00000000
vn -0.99999170 0.00408920 0.00000000
vn -0.92434680 0.00204770 -0.38154800
vn -0.92434760 0.00204772 -0.38154600
vn -0.70710690 0.00000158 -0.70710660
vn -0.70710690 0.00000158 -0.70710660
vn -0.38154730 0.00204490 -0.92434710
vn -0.38154720 0.00204490 -0.92434710
vn -0.00000012 0.00408958 0.99999170
vn -0.38154890 0.00204596 0.92434640
vn -0.38154890 0.00204596 0.92434640
vn -0.00000044 0.00408958 0.99999170
vn 0.38154950 0.00204560 0.92434620
vn 0.38154940 0.00204560 0.92434620
vn 0.70710440 -0.00000012 0.70710900
vn 0.38154940 0.00204560 0.92434620
vn 0.38154950 0.00204560 0.92434620
vn 0.70710440 -0.00000012 0.70710900
vn 0.92434660 0.00204509 0.38154850
vn 0.92434660 0.00204509 0.38154850
vn 0.99999170 0.00408820 0.00000044
vn 0.99999170 0.00408820 0.00000043
vn 0.92434680 0.00204533 -0.38154790
vn 0.92434680 0.00204533 -0.38154790
vn 0.70710820 0.00000018 -0.70710530
vn 0.70710830 0.00000018 -0.70710530
vn 0.38154800 0.00204513 -0.92434680
vn 0.38154800 0.00204513 -0.92434680
vn 0.00000000 0.00408792 -0.99999170
vn 0.38154800 0.00204513 -0.92434680
vn 0.38154800 0.00204513 -0.92434680
vn 0.00000000 0.00408792 -0.99999170
vn -0.38154720 0.00204490 -0.92434710
vn -0.38154730 0.00204490 -0.92434710
vn 0.49999260 0.00000000 -0.86602970
vn 0.49999260 0.00000000 -0.86602970
vn 0.00000000 0.00000000 -1.00000000
vn 0.00000000 0.00000000 -1.00000000
vn -0.49998260 0.00000000 -0.86603550
vn -0.49998260 0.00000000 -0.86603550
vn -1.00000000 0.00000000 0.00000055
vn -1.00000000 0.00000000 0.00000055
vn -1.00000000 0.00000000 0.00000055
vn -1.00000000 0.00000000 0.00000055
vn -0.49998630 0.00000000 0.86603330
vn -0.49998630 0.00000000 0.86603330
vn 0.00001517 0.00000000 1.00000000
vn 0.00001517 0.00000000 1.00000000
vn 0.49999720 0.00000000 0.86602690
vn 0.49999720 0.00000000 0.86602690
vn 1.00000000 0.00000000 0.00000000
vn 1.00000000 0.00000000 0.00000000
vn 1.00000000 0.00000000 0.00000000
vn 1.00000000 0.00000000 0.00000000
vn -1.00000000 0.00000000 0.00000000
vn -1.00000000 0.00000000 0.00000000
vn -1.00000000 0.00000000 0.00000000
vn -1.00000000 0.00000000 0.00000000
vn -0.49999750 0.00000000 0.86602690
vn -0.49999750 0.00000000 0.86602690
vn -0.00001513 0.00000000 1.00000000
vn -0.00001513 0.00000000 1.00000000
vn 0.49998610 0.00000000 0.86603350
vn 0.49998610 0.00000000 0.86603350
vn 1.00000000 0.00000000 0.00000000
vn 1.00000000 0.00000000 0.00000000
vn 1.00000000 0.00000000 0.00000000
vn 1.00000000 0.00000000 0.00000000
vn 0.49998380 0.00000000 -0.86603470
vn 0.49998380 0.00000000 -0.86603470
vn 0.00000060 0.00000000 -1.00000000
vn 0.00000060 0.00000000 -1.00000000
vn -0.49999170 0.00000000 -0.86603020
vn -0.49999170 0.00000000 -0.86603020
vn -0.49999570 0.00000000 -0.86602800
vn -0.49999570 0.00000000 -0.86602800
vn -0.49999570 0.00000000 -0.86602800
vn -0.49999570 0.00000000 -0.86602800
vn -1.00000000 0.00000000 0.00000110
vn -1.00000000 0.00000000 0.00000110
vn -1.00000000 0.00000000 0.00000110
vn -1.00000000 0.00000000 0.00000110
vn -0.50001070 0.00000000 0.86601920
vn -0.50001070 0.00000000 0.86601920
vn -0.50001070 0.00000000 0.86601920
vn -0.50001070 0.00000000 0.86601920
vn 0.50001000 0.00000000 0.86601970
vn 0.50001000 0.00000000 0.86601970
vn 0.50001000 0.00000000 0.86601970
vn 0.50001000 0.00000000 0.86601970
vn 1.00000000 0.00000000 0.00000041
vn 1.00000000 0.00000000 0.00000041
vn 1.00000000 0.00000000 0.00000041
vn 1.00000000 0.00000000 0.00000041
vn 0.49999730 0.00000000 -0.86602690
vn 0.49999730 0.00000000 -0.86602690
vn 0.49999730 0.00000000 -0.86602690
vn 0.49999730 0.00000000 -0.86602690
vn -0.86602980 0.00000000 -0.49999230
vn -0.86602980 0.00000000 -0.49999230
vn -0.86602980 0.00000000 -0.49999230
vn -0.86602980 0.00000000 -0.49999230
vn -0.86602090 0.00000000 0.50000790
vn -0.86602090 0.00000000 0.50000790
vn -0.86602090 0.00000000 0.50000790
vn -0.86602090 0.00000000 0.50000790
vn 0.00000000 0.00000000 1.00000000
vn 0.00000000 0.00000000 1.00000000
vn 0.00000000 0.00000000 1.00000000
vn 0.00000000 0.00000000 1.00000000
vn 0.86602180 0.00000000 0.50000640
vn 0.86602180 0.00000000 0.50000640
vn 0.86602180 0.00000000 0.50000640
vn 0.86602180 0.00000000 0.50000640
vn 0.86603440 0.00000000 -0.49998450
vn 0.86603440 0.00000000 -0.49998450
vn 0.86603440 0.00000000 -0.49998450
vn 0.86603440 0.00000000 -0.49998450
vn 0.00000000 0.00000000 -1.00000000
vn 0.00000000 0.00000000 -1.00000000
vn 0.00000000 0.00000000 -1.00000000
vn 0.00000000 0.00000000 -1.00000000
vn -0.86602590 0.00000000 0.49999920
vn -0.86602590 0.00000000 0.49999920
vn -0.86602590 0.00000000 0.49999920
vn -0.86602590 0.00000000 0.49999920
vn 0.00000000 0.00000000 1.00000000
vn 0.00000000 0.00000000 1.00000000
vn 0.00000000 0.00000000 1.00000000
vn 0.00000000 0.00000000 1.00000000
vn 0.86602530 0.00000000 0.50000040
vn 0.86602530 0.00000000 0.50000040
vn 0.86602530 0.00000000 0.50000040
vn 0.86602530 0.00000000 0.50000040
vn 0.86602300 0.00000000 -0.50000410
vn 0.86602300 0.00000000 -0.50000410
vn 0.86602300 0.00000000 -0.50000410
vn 0.86602300 0.00000000 -0.50000410
vn 0.00000000 0.00000000 -1.00000000
vn 0.00000000 0.00000000 -1.00000000
vn 0.00000000 0.00000000 -1.00000000
vn 0.00000000 0.00000000 -1.00000000
vn -0.86602370 0.00000000 -0.50000300
vn -0.86602370 0.00000000 -0.50000300
vn -0.86602370 0.00000000 -0.50000300
vn -0.86602370 0.00000000 -0.50000300
vn 0.00000000 0.00000000 -1.00000000
vn 0.00000000 0.00000000 -1.00000000
vn 0.00000000 0.00000000 -1.00000000
vn 0.00000000 0.00000000 -1.00000000
vn -0.86602970 0.00000000 -0.49999260
vn -0.86602970 0.00000000 -0.49999260
vn -0.86602970 0.00000000 -0.49999260
vn -0.86602970 0.00000000 -0.49999260
vn -0.86602400 0.00000000 0.50000260
vn -0.86602400 0.00000000 0.50000260
vn -0.86602400 0.00000000 0.50000260
vn -0.86602400 0.00000000 0.50000260
vn 0.00000000 0.00000000 1.00000000
vn 0.00000000 0.00000000 1.00000000
vn 0.00000000 0.00000000 1.00000000
vn 0.00000000 0.00000000 1.00000000
vn 0.86602800 0.00000000 0.49999570
vn 0.86602800 0.00000000 0.49999570
vn 1.00000000 0.00000000 0.00000000
vn 1.00000000 0.00000000 0.00000000
vn 0.86602990 0.00000000 -0.49999220
vn 0.86602990 0.00000000 -0.49999220
vn 0.86602370 0.00000000 -0.50000300
vn 0.86602370 0.00000000 -0.50000300
vn 0.86602370 0.00000000 -0.50000300
vn 0.86602370 0.00000000 -0.50000300
vn 0.00000000 0.00000000 -1.00000000
vn 0.00000000 0.00000000 -1.00000000
vn 0.00000000 0.00000000 -1.00000000
vn 0.00000000 0.00000000 -1.00000000
vn -0.86602350 0.00000000 -0.50000340
vn -0.86602350 0.00000000 -0.50000340
vn -0.86602350 0.00000000 -0.50000340
vn -0.86602350 0.00000000 -0.50000340
vn -0.86602130 0.00000000 0.50000720
vn -0.86602130 0.00000000 0.50000720
vn -0.86602130 0.00000000 0.50000720
vn -0.86602130 0.00000000 0.50000720
vn 0.00000000 0.00000000 1.00000000
vn 0.00000000 0.00000000 1.00000000
vn 0.00000000 0.00000000 1.00000000
vn 0.00000000 0.00000000 1.00000000
vn 0.86602150 0.00000000 0.50000690
vn 0.86602150 0.00000000 0.50000690
vn 0.86602150 0.00000000 0.50000690
vn 0.86602150 0.00000000 0.50000690
vn 1.00000000 0.00000000 0.00000000
vn 1.00000000 0.00000000 0.00000000
vn 0.86602910 0.00000000 -0.49999370
vn 0.86602910 0.00000000 -0.49999370
vn 0.50001930 0.00000000 -0.86601420
vn 0.50001930 0.00000000 -0.86601420
vn -0.49999850 0.00000000 -0.86602620
vn -0.49999850 0.00000000 -0.86602620
vn -0.49999850 0.00000000 -0.86602620
vn -0.49999850 0.00000000 -0.86602620
vn -1.00000000 0.00000000 0.00000000
vn -1.00000000 0.00000000 0.00000000
vn -1.00000000 0.00000000 0.00000000
vn -1.00000000 0.00000000 0.00000000
vn -0.49999270 0.00000000 0.86602960
vn -0.49999270 0.00000000 0.86602960
vn 0.00000000 0.00000000 1.00000000
vn 0.00000000 0.00000000 1.00000000
vn 0.49999340 0.00000000 0.86602930
vn 0.49999340 0.00000000 0.86602930
vn 0.86602370 0.00000000 0.50000290
vn 0.86602370 0.00000000 0.50000290
vn 0.86602370 0.00000000 0.50000290
vn 0.86602370 0.00000000 0.50000290
vn 0.86602770 0.00000000 -0.49999610
vn 0.86602770 0.00000000 -0.49999610
vn 0.86602770 0.00000000 -0.49999610
vn 0.86602770 0.00000000 -0.49999610
vn 0.00000051 0.00000000 -1.00000000
vn 0.00000051 0.00000000 -1.00000000
vn 0.00000051 0.00000000 -1.00000000
vn 0.00000051 0.00000000 -1.00000000
vn -0.86602780 0.00000000 -0.49999590
vn -0.86602780 0.00000000 -0.49999590
vn -0.86602780 0.00000000 -0.49999590
vn -0.86602780 0.00000000 -0.49999590
vn -0.86602800 0.00000000 0.49999570
vn -0.86602800 0.00000000 0.49999570
vn -0.86602800 0.00000000 0.49999570
vn -0.86602800 0.00000000 0.49999570
vn -0.00000101 0.00000000 1.00000000
vn -0.00000101 0.00000000 1.00000000
vn -0.00000101 0.00000000 1.00000000
vn -0.00000101 0.00000000 1.00000000
vn 0.50000390 0.00000000 0.86602320
vn 0.50000390 0.00000000 0.86602320
vn 0.50000390 0.00000000 0.86602320
vn 0.50000390 0.00000000 0.86602320
vn 1.00000000 0.00000000 0.00000000
vn 1.00000000 0.00000000 0.00000000
vn 0.86602620 0.00000000 -0.49999870
vn 0.86602620 0.00000000 -0.49999870
vn 0.50001070 0.00000000 -0.86601920
vn 0.50001070 0.00000000 -0.86601920
vn -0.50001010 0.00000000 -0.86601960
vn -0.50001010 0.00000000 -0.86601960
vn -0.86602640 0.00000000 -0.49999840
vn -0.86602640 0.00000000 -0.49999840
vn -1.00000000 0.00000000 0.00000171
vn -1.00000000 0.00000000 0.00000171
vn -0.50000340 0.00000000 0.86602350
vn -0.50000340 0.00000000 0.86602350
vn -0.50000340 0.00000000 0.86602350
vn -0.50000340 0.00000000 0.86602350
vn -0.21558760 -0.56998810 0.79286530
vn -0.19906880 -0.50103460 0.84222080
vn -0.99151640 -0.06706429 0.11134480
vn -0.99376850 -0.06644836 0.08949275
vn -0.22218470 -0.75450190 0.61754420
vn -0.98940100 0.08206703 -0.11979360
vn -0.99411800 -0.08498780 0.06713110
vn -0.22440730 -0.88498190 0.40798090
vn -0.98728350 0.09776573 -0.12535240
vn -0.20974460 0.55527730 -0.80478220
vn -0.19964240 0.61003020 -0.76681550
vn -0.98687940 0.12460970 -0.10267160
vn -0.19967780 0.76513200 -0.61212900
vn -0.99397970 -0.09968181 0.04547369
vn -0.98750430 0.14354760 -0.06503315
vn -0.20391670 0.89304090 -0.40111830
vn -0.20108570 0.96346640 -0.17690980
vn -0.99466550 -0.10149520 0.01841710
vn -0.22859390 -0.95952300 0.16450010
vn -0.21220190 -0.97708220 -0.01676073
vn -0.99256730 -0.12168420 -0.00177353
vn -0.98625420 0.16272320 -0.02870216
vn -0.98883840 0.14898220 -0.00170089
vn -0.20642140 0.97838070 -0.01270532
vn 0.13783590 0.58642880 -0.79818700
vn 0.13023380 0.51694450 -0.84605410
vn 0.00000000 0.52110690 -0.85349140
vn 0.00000000 0.59254940 -0.80553410
vn 0.14265380 0.76893740 -0.62320570
vn 0.00000000 0.77754610 -0.62882600
vn 0.14274190 0.89926500 -0.41345770
vn 0.00000000 0.90850990 -0.41786330
vn 0.00000000 0.98550410 -0.16965160
vn 0.14565030 0.97503540 -0.16760650
vn 0.13441340 0.99086990 0.01047982
vn 0.00000000 0.99994290 0.01069078
vn 0.12782460 -0.61205380 0.78041730
vn 0.13192420 -0.55655370 0.82027060
vn 0.99585500 -0.05095356 0.07534167
vn 0.99527100 -0.05950595 0.07677623
vn 0.12677640 -0.77207360 0.62275990
vn 0.99698280 0.04062469 -0.06614345
vn 0.99501680 -0.07707389 0.06325565
vn 0.12818710 -0.90433530 0.40711870
vn 0.99763770 0.04116460 -0.05499499
vn 0.13023380 0.51694450 -0.84605410
vn 0.13783590 0.58642880 -0.79818700
vn 0.99781880 0.05170307 -0.04104136
vn 0.14265380 0.76893740 -0.62320570
vn 0.99516760 -0.08956196 0.04025076
vn 0.12647870 -0.97569880 0.17892740
vn 0.99777230 0.06059759 -0.02789991
vn 0.14274190 0.89926500 -0.41345770
vn 0.99801720 0.06199513 -0.01087230
vn 0.14565030 0.97503540 -0.16760650
vn 0.99468640 -0.10130130 0.01835846
vn 0.13287730 -0.99109530 0.00858569
vn 0.99595780 -0.08982004 0.00072928
vn 0.99710080 0.07608750 0.00074356
vn 0.13441340 0.99086990 0.01047982
vn 0.00000000 -0.61680840 0.78711340
vn 0.00000000 -0.56163830 0.82738290
vn 0.13192420 -0.55655370 0.82027060
vn 0.12782460 -0.61205380 0.78041730
vn 0.00000000 -0.77774160 0.62858410
vn 0.12677640 -0.77207360 0.62275990
vn 0.00000000 -0.91191420 0.41038110
vn 0.12818710 -0.90433530 0.40711870
vn 0.12647870 -0.97569880 0.17892740
vn 0.00000000 -0.98362790 0.18021090
vn 0.00000000 -0.99996190 0.00873906
vn 0.13287730 -0.99109530 0.00858569
vn 1.00000000 -0.00000227 0.00000244
vn 1.00000000 -0.00000543 0.00000584
vn 1.00000000 -0.00000062 0.00000067
vn 1.00000000 -0.00000042 0.00000045
vn 1.00000000 0.00000299 0.00000000
vn 1.00000000 0.00000012 0.00000000
vn 1.00000000 0.00000039 0.00000000
vn 1.00000000 0.00000357 0.00000000
vn 1.00000000 0.00000212 0.00000000
vn 1.00000000 0.00000014 0.00000000
vn 1.00000000 -0.00000130 0.00000000
vn 1.00000000 -0.00000430 0.00000000
vn 1.00000000 0.00000062 0.00000000
vn 1.00000000 0.00000036 0.00000000
vn 1.00000000 -0.00000319 0.00000000
vn 1.00000000 0.00000117 0.00000000
vn 1.00000000 0.00000305 0.00000000
vn 1.00000000 0.00000021 0.00000000
vn 1.00000000 0.00000000 0.00000000
vn 1.00000000 -0.00000255 0.00000000
vn 1.00000000 -0.00000956 0.00000000
vn 1.00000000 -0.00000118 0.00000000
vn 1.00000000 0.00000000 0.00000000
vn 1.00000000 0.00000000 0.00000000
vn -0.19964240 0.61003020 -0.76681550
vn -0.20974460 0.55527730 -0.80478220
vn 0.00000038 0.56860700 -0.82260920
vn 0.00000057 0.62210710 -0.78293220
vn -0.19967780 0.76513200 -0.61212900
vn 0.00000180 0.62210780 -0.78293160
vn 0.00000120 0.56860760 -0.82260890
vn 0.00000110 0.77947640 -0.62643160
vn 0.00000053 0.77947600 -0.62643200
vn -0.20391670 0.89304090 -0.40111830
vn -0.00000047 0.91202830 -0.41012740
vn 0.00000015 0.91202840 -0.41012700
vn -0.20108570 0.96346640 -0.17690980
vn 0.00000000 0.98377000 -0.17943390
vn -0.20642140 0.97838070 -0.01270532
vn -0.00000050 0.98377000 -0.17943410
vn 0.00000000 0.99991060 -0.01336976
vn 0.00000000 0.99991060 -0.01336984
vn -0.13338010 0.58680440 -0.79866780
vn -0.12598230 0.51721980 -0.84652940
vn -0.99698260 0.04062621 -0.06614376
vn -0.99763760 0.04116596 -0.05499587
vn -0.99585520 -0.05095232 0.07534203
vn -0.13805730 0.76946540 -0.62358900
vn -0.99527100 -0.05950607 0.07677645
vn -0.12762190 -0.55687730 0.82073160
vn -0.12363420 -0.61237200 0.78084250
vn -0.99781870 0.05170479 -0.04104196
vn -0.99501660 -0.07707434 0.06325650
vn -0.12260520 -0.77246150 0.62311420
vn -0.12397540 -0.90482530 0.40733460
vn -0.99516740 -0.08956340 0.04025146
vn -0.12231330 -0.97621330 0.17901650
vn -0.99777220 0.06059923 -0.02790011
vn -0.13813950 0.89985630 -0.41373440
vn -0.99801730 0.06199493 -0.01087301
vn -0.14097050 0.97570190 -0.16772950
vn -0.13003840 0.99145350 0.01048919
vn -0.99710090 0.07608663 0.00074251
vn -0.99468620 -0.10130270 0.01835823
vn -0.99595780 -0.08982013 0.00072810
vn -0.12854320 -0.99166670 0.00859346
vn -1.00000000 0.00000000 -0.00000029
vn -1.00000000 0.00000000 0.00000081
vn -1.00000000 -0.00000135 0.00000012
vn -1.00000000 -0.00000076 0.00000000
vn -1.00000000 0.00000016 0.00000000
vn -1.00000000 -0.00000103 0.00000049
vn -1.00000000 -0.00000196 0.00000056
vn -1.00000000 -0.00000543 0.00000461
vn -1.00000000 -0.00000227 0.00000353
vn -1.00000000 0.00000012 0.00000000
vn -1.00000000 -0.00000176 0.00000223
vn -1.00000000 -0.00001294 0.00000191
vn -1.00000000 0.00000031 -0.00000016
vn -1.00000000 -0.00000041 0.00000026
vn -1.00000000 -0.00001613 0.00000134
vn -1.00000000 0.00000108 0.00000016
vn -1.00000000 -0.00000197 0.00000166
vn -1.00000000 -0.00000073 0.00000021
vn -1.00000000 0.00000073 0.00000000
vn -1.00000000 -0.00001112 0.00000063
vn -1.00000000 -0.00001837 0.00000000
vn -1.00000000 -0.00000078 -0.00000038
vn -1.00000000 -0.00000016 -0.00000030
vn -1.00000000 -0.00000956 0.00000047
vn 0.19431070 0.61068480 -0.76766370
vn 0.20422980 0.55595830 -0.80572980
vn 0.98940080 0.08206700 -0.11979600
vn 0.98728320 0.09776668 -0.12535380
vn 0.99151650 -0.06706499 0.11134380
vn 0.19431860 0.76593510 -0.61284880
vn 0.99376850 -0.06644792 0.08949275
vn 0.19375470 -0.50154910 0.84315350
vn 0.20998810 -0.57071880 0.79384200
vn 0.98687920 0.12461100 -0.10267210
vn 0.99411800 -0.08498735 0.06713191
vn 0.21644280 -0.75554100 0.61831250
vn 0.21860660 -0.88618380 0.40852110
vn 0.98750430 0.14354750 -0.06503350
vn 0.19846570 0.89405750 -0.40158760
vn 0.19568440 0.96454760 -0.17707460
vn 0.99397970 -0.09968168 0.04547361
vn 0.99466560 -0.10149490 0.01841649
vn 0.22272300 -0.96085690 0.16476810
vn 0.98625430 0.16272260 -0.02870262
vn 0.20094760 0.97951930 -0.01272965
vn 0.98883840 0.14898210 -0.00170151
vn 0.99256730 -0.12168390 -0.00177438
vn 0.20663250 -0.97827450 -0.01679715
vn -0.00000260 0.62210710 -0.78293210
vn -0.00000260 0.56860900 -0.82260790
vn -0.00000076 0.56860760 -0.82260890
vn -0.00000076 0.62210710 -0.78293210
vn -0.00000120 0.77947560 -0.62643260
vn 0.19431070 0.61068480 -0.76766370
vn 0.20422980 0.55595830 -0.80572980
vn 0.19431860 0.76593510 -0.61284880
vn -0.00000035 0.77947590 -0.62643210
vn 0.19846570 0.89405750 -0.40158760
vn 0.00000000 0.91202860 -0.41012650
vn 0.00000000 0.91202870 -0.41012640
vn 0.19568440 0.96454760 -0.17707460
vn 0.00000000 0.98377010 -0.17943320
vn 0.00000000 0.98377010 -0.17943370
vn 0.00000000 0.99991060 -0.01336927
vn 0.00000000 0.99991060 -0.01336888
vn 0.20094760 0.97951930 -0.01272965
vn -0.22859390 -0.95952300 0.16450010
vn -0.21220190 -0.97708220 -0.01676073
vn 0.00000000 -0.99984150 -0.01780912
vn 0.00000000 -0.98537030 0.17042690
vn -0.22440730 -0.88498190 0.40798090
vn 0.00000000 -0.98537030 0.17042700
vn 0.00000000 -0.99984150 -0.01780843
vn 0.00000000 -0.90834030 0.41823200
vn -0.22218470 -0.75450190 0.61754420
vn -0.00000057 -0.90834060 0.41823120
vn -0.00000044 -0.77537560 0.63150040
vn -0.21558760 -0.56998810 0.79286530
vn -0.00000206 -0.77537600 0.63149980
vn -0.00000077 -0.58442840 0.81144520
vn -0.19906880 -0.50103460 0.84222080
vn -0.00000161 -0.58442850 0.81144520
vn -0.00000051 -0.51013590 0.86009380
vn 0.00000000 -0.51013610 0.86009380
vn -0.12363420 -0.61237200 0.78084250
vn -0.12762190 -0.55687730 0.82073160
vn 0.00000000 -0.56163960 0.82738200
vn 0.00000000 -0.61680900 0.78711300
vn -0.12260520 -0.77246150 0.62311420
vn 0.00000000 -0.77774130 0.62858450
vn 0.00000000 -0.91191390 0.41038160
vn -0.12397540 -0.90482530 0.40733460
vn 0.00000000 -0.98362790 0.18021140
vn -0.12231330 -0.97621330 0.17901650
vn 0.00000000 -0.99996190 0.00873951
vn -0.12854320 -0.99166670 0.00859346
vn 0.00000000 0.52110560 -0.85349210
vn -0.12598230 0.51721980 -0.84652940
vn -0.13338010 0.58680440 -0.79866780
vn 0.00000000 0.59254880 -0.80553450
vn -0.13805730 0.76946540 -0.62358900
vn 0.00000000 0.77754610 -0.62882600
vn -0.13813950 0.89985630 -0.41373440
vn 0.00000000 0.90850990 -0.41786330
vn 0.00000000 0.98550400 -0.16965210
vn -0.14097050 0.97570190 -0.16772950
vn -0.13003840 0.99145350 0.01048919
vn 0.00000000 0.99994290 0.01068999
vn 0.20998810 -0.57071880 0.79384200
vn 0.19375470 -0.50154910 0.84315350
vn 0.00000000 -0.51013610 0.86009380
vn 0.00000000 -0.58442850 0.81144520
vn 0.00000000 -0.51013440 0.86009470
vn 0.00000000 -0.58442810 0.81144550
vn 0.21644280 -0.75554100 0.61831250
vn 0.00000000 -0.77537570 0.63150020
vn 0.00000000 -0.77537630 0.63149950
vn 0.00000000 -0.90834060 0.41823120
vn 0.00000000 -0.90834040 0.41823170
vn 0.21860660 -0.88618380 0.40852110
vn 0.00000000 -0.98537030 0.17042750
vn 0.00000000 -0.98537030 0.17042750
vn 0.00000000 -0.99984150 -0.01780875
vn 0.22272300 -0.96085690 0.16476810
vn 0.00000000 -0.99984150 -0.01780750
vn 0.20663250 -0.97827450 -0.01679715
vn 0.00000000 0.00000000 1.00000000
vn 0.00000000 0.00000000 1.00000000
vn 0.00000000 0.00000000 1.00000000
vn 0.00000000 0.00000000 1.00000000
vn 0.00000000 0.00000000 1.00000000
vn 0.00000000 0.00000000 1.00000000
vn 0.00000000 0.00000000 1.00000000
vn 0.00000000 0.00000000 1.00000000
vn 0.00000000 0.00000058 1.00000000
vn 0.00000000 0.00000059 1.00000000
vn 0.00000000 0.00000560 1.00000000
vn 0.00000000 0.00000560 1.00000000
vn 0.00000000 0.00000613 1.00000000
vn 0.00000000 0.00000180 1.00000000
vn 0.00000000 0.00000069 1.00000000
vn 0.00000000 0.00000613 1.00000000
vn 1.00000000 0.00000000 -0.00000041
vn 1.00000000 0.00000000 -0.00000041
vn 1.00000000 -0.00000143 -0.00000039
vn 1.00000000 -0.00000138 -0.00000039
vn 1.00000000 -0.00000159 0.00000000
vn 1.00000000 -0.00000163 0.00000000
vn 1.00000000 0.00000057 0.00000027
vn 1.00000000 0.00000075 0.00000024
vn 1.00000000 0.00000228 0.00000000
vn 1.00000000 0.00000228 0.00000000
vn 1.00000000 0.00000228 0.00000000
vn 1.00000000 0.00000228 0.00000000
vn -0.00000025 -0.82524230 -0.56477890
vn -0.00000226 -0.74380760 -0.66839370
vn -0.00000037 -0.74380970 -0.66839130
vn -0.00000010 -0.81112380 -0.58487460
vn -0.01038537 -0.75090620 -0.66032710
vn 0.00000000 -0.82524280 -0.56477810
vn -0.01037342 -0.75089820 -0.66033650
vn -0.00707843 -0.82335380 -0.56748440
vn -0.00710182 -0.82332560 -0.56752480
vn 0.00707116 -0.82335510 -0.56748250
vn 0.00709515 -0.82332630 -0.56752410
vn 0.01038510 -0.75090980 -0.66032300
vn 0.01037327 -0.75090190 -0.66033230
vn 0.00000037 -0.74381300 -0.66838780
vn 0.00000000 -0.74381020 -0.66839080
vn 0.00000010 -0.81112460 -0.58487330
vn -0.00000075 0.00000592 1.00000000
vn 0.00000000 0.00000613 1.00000000
vn -0.00000204 0.00000069 1.00000000
vn -0.00000187 0.00000164 1.00000000
vn -0.00000129 0.00000715 1.00000000
vn -0.00000129 0.00000716 1.00000000
vn -0.00001263 0.00000182 1.00000000
vn -0.00001264 0.00000181 1.00000000
vn -0.00001351 -0.00000123 1.00000000
vn -0.00001352 -0.00000123 1.00000000
vn -0.00000187 -0.00000054 1.00000000
vn -0.00000172 -0.00000405 1.00000000
vn -0.00000173 -0.00000405 1.00000000
vn -0.00000075 -0.00000195 1.00000000
vn -0.00000230 0.00000000 1.00000000
vn -0.00000228 0.00000000 1.00000000
vn -1.00000000 0.00000000 0.00000000
vn -1.00000000 0.00000000 0.00000000
vn -1.00000000 0.00000000 0.00000000
vn -1.00000000 0.00000000 0.00000000
vn -1.00000000 -0.00000035 0.00000000
vn -1.00000000 -0.00000031 0.00000000
vn -1.00000000 -0.00000042 0.00000000
vn -1.00000000 -0.00000042 0.00000000
vn -1.00000000 -0.00000022 0.00000000
vn -1.00000000 -0.00000022 0.00000000
vn -1.00000000 -0.00000017 0.00000000
vn -1.00000000 -0.00000017 0.00000000
vn -0.17791250 -0.88535880 -0.42951950
vn 0.00000000 -0.88535950 -0.46490700
vn 0.00000000 -0.88535950 -0.46490700
vn 0.17791250 -0.88535930 -0.42951830
vn -0.17791250 -0.88535880 -0.42951950
vn 0.17791260 -0.88535930 -0.42951830
vn -0.32873930 -0.88535950 -0.32873850
vn 0.32873930 -0.88535960 -0.32873840
vn -0.32873950 -0.88535950 -0.32873840
vn 0.32873940 -0.88535950 -0.32873830
vn -0.42951840 -0.88535970 -0.17791070
vn 0.42951850 -0.88535980 -0.17791020
vn -0.42951860 -0.88535960 -0.17791060
vn 0.42951860 -0.88535980 -0.17791000
vn -0.46490760 -0.88535920 -0.00000205
vn 0.46490760 -0.88535920 0.00000201
vn -0.46490760 -0.88535920 -0.00000205
vn 0.46490760 -0.88535920 0.00000206
vn -0.42951860 -0.88535950 0.17791080
vn 0.42951840 -0.88535900 0.17791330
vn -0.42951860 -0.88535950 0.17791070
vn 0.42951840 -0.88535900 0.17791320
vn -0.32873910 -0.88535920 0.32873960
vn 0.32873920 -0.88535920 0.32873950
vn -0.32873900 -0.88535920 0.32873960
vn 0.32873910 -0.88535920 0.32873960
vn -0.17791220 -0.88535950 0.42951810
vn 0.17791220 -0.88535950 0.42951810
vn -0.17791230 -0.88535950 0.42951810
vn 0.17791230 -0.88535950 0.42951800
vn 0.00000000 -0.88535960 0.46490680
vn 0.00000000 -0.88535960 0.46490680
vn 0.00000000 1.00000000 -0.00000506
vn 0.00000000 1.00000000 -0.00000506
vn 0.00000000 1.00000000 -0.00000506
vn 0.00000000 1.00000000 -0.00000322
vn 0.00000000 1.00000000 -0.00000506
vn 0.00000000 1.00000000 -0.00000322
vn 0.00000000 1.00000000 0.00000046
vn 0.00000000 1.00000000 -0.00000092
vn 0.00000000 1.00000000 0.00000046
vn 0.00000000 1.00000000 -0.00000092
vn 0.00000000 1.00000000 0.00000184
vn 0.00000000 1.00000000 0.00000092
vn 0.00000000 1.00000000 0.00000184
vn 0.00000000 1.00000000 0.00000092
vn 0.00000000 1.00000000 -0.00000092
vn 0.00000000 1.00000000 0.00000000
vn 0.00000000 1.00000000 -0.00000092
vn 0.00000000 1.00000000 0.00000000
vn 0.00000000 1.00000000 -0.00000092
vn 0.00000000 1.00000000 0.00000184
vn 0.00000000 1.00000000 -0.00000092
vn 0.00000000 1.00000000 0.00000184
vn 0.00000000 1.00000000 0.00000276
vn 0.00000000 1.00000000 -0.00000046
vn 0.00000000 1.00000000 0.00000276
vn 0.00000000 1.00000000 -0.00000046
vn 0.00000000 1.00000000 0.00000690
vn 0.00000000 1.00000000 -0.00000047
vn 0.00000000 1.00000000 0.00000690
vn 0.00000000 1.00000000 -0.00000047
vn 0.00000000 1.00000000 0.00000596
vn 0.00000000 1.00000000 0.00000596
vn 0.00000000 -1.00000000 -0.00000033
vn 0.00000000 -1.00000000 0.00000000
vn 0.00000000 -1.00000000 0.00000000
vn 0.00000000 -1.00000000 -0.00000067
vn 0.00000000 -1.00000000 0.00000000
vn 0.00000000 -1.00000000 -0.00000134
vn 0.00000000 -1.00000000 0.00000000
vn 0.00000000 -1.00000000 -0.00000200
vn 0.00000000 -1.00000000 0.00000000
vn 0.00000000 -1.00000000 -0.00000267
vn 0.00000000 -1.00000000 0.00000067
vn 0.00000000 -1.00000000 -0.00000134
vn 0.00000000 -1.00000000 0.00000134
vn 0.00000000 -1.00000000 0.00000000
vn 0.00000000 -1.00000000 0.00000067
vn 0.00000000 -1.00000000 0.00000000
vn 0.00000000 -1.00000000 0.00000000
vn 1.00000000 0.00000000 0.00000000
vn 1.00000000 0.00000077 0.00000000
vn 1.00000000 0.00000000 0.00000000
vn 1.00000000 0.00000000 0.00000000
vn 1.00000000 0.00000154 0.00000000
vn 1.00000000 0.00000000 0.00000000
vn 1.00000000 0.00000039 0.00000000
vn 1.00000000 0.00000000 0.00000000
vn 1.00000000 -0.00000077 0.00000000
vn 1.00000000 0.00000000 0.00000000
vn 1.00000000 -0.00000039 0.00000000
vn 1.00000000 0.00000000 0.00000000
vn 1.00000000 0.00000000 0.00000000
vn 1.00000000 0.00000000 0.00000000
vn 1.00000000 0.00000000 0.00000000
vn 1.00000000 0.00000000 0.00000000
vn 1.00000000 0.00000000 0.00000000
vn -1.00000000 0.00000000 0.00000000
vn -1.00000000 0.00000039 0.00000000
vn -1.00000000 0.00000154 0.00000000
vn -1.00000000 0.00000077 0.00000000
vn -1.00000000 -0.00000077 0.00000000
vn -1.00000000 0.00000000 0.00000000
vn -1.00000000 0.00000039 0.00000045
vn -1.00000000 0.00000000 0.00000000
vn -1.00000000 0.00000154 0.00000091
vn -1.00000000 0.00000000 0.00000000
vn -1.00000000 0.00000077 0.00000011
vn -1.00000000 0.00000000 0.00000000
vn -1.00000000 0.00000000 -0.00000069
vn -1.00000000 -0.00000077 0.00000000
vn -1.00000000 -0.00000077 -0.00000051
vn -1.00000000 -0.00000116 -0.00000016
vn -1.00000000 -0.00000154 -0.00000032
vn 0.00000000 1.00000000 0.00000388
vn 0.00000000 1.00000000 0.00000583
vn 0.00000000 1.00000000 0.00000583
vn 0.00000000 1.00000000 0.00000291
vn 0.00000000 1.00000000 0.00000583
vn 0.00000000 1.00000000 0.00000000
vn 0.00000000 1.00000000 0.00000291
vn 0.00000000 1.00000000 0.00000000
vn 0.00000000 1.00000000 0.00000000
vn 0.00000000 1.00000000 0.00000000
vn 0.00000000 1.00000000 0.00000000
vn 0.00000000 1.00000000 0.00000000
vn 0.00000000 1.00000000 0.00000000
vn 0.00000000 1.00000000 0.00000000
vn 0.00000000 1.00000000 0.00000000
vn 0.00000000 1.00000000 -0.00000583
vn 0.00000000 1.00000000 -0.00001165
vn 0.00000000 1.00000000 0.00000000
vn 0.00000000 1.00000000 0.00000000
vn 0.00000000 1.00000000 0.00001165
vn 0.00000000 1.00000000 0.00000583
vn 0.00000000 1.00000000 0.00000000
vn 0.00000000 1.00000000 0.00000000
vn 0.00000000 1.00000000 0.00000000
vn 0.00000000 1.00000000 0.00000000
vn 0.00000000 1.00000000 0.00000000
vn 0.00000000 1.00000000 0.00000000
vn 0.00000000 1.00000000 0.00000000
vn 0.00000000 1.00000000 -0.00000157
vn 0.00000000 1.00000000 -0.00000229
vn 0.00000000 1.00000000 0.00000000
vn 0.00000000 1.00000000 0.00000000
vn 0.00000000 1.00000000 -0.00000473
vn 0.00000000 1.00000000 0.00000000
vn 0.00000000 1.00000000 -0.00000237
vn 0.00000000 1.00000000 0.00000194
vn 0.00000000 1.00000000 0.00000291
vn 0.00000000 1.00000000 0.00001165
vn 0.00000000 1.00000000 0.00000583
vn 0.00000000 1.00000000 -0.00000583
vn 0.00000000 1.00000000 0.00000000
vn 0.00000000 1.00000000 -0.00000291
vn 0.00000000 1.00000000 0.00000000
vn 0.00000000 1.00000000 0.00000000
vn 0.00000000 1.00000000 0.00000000
vn 0.00000000 1.00000000 0.00000000
vn 0.00000000 1.00000000 0.00000000
vn 0.00000000 1.00000000 0.00000000
vn 0.00000000 1.00000000 0.00000000
vn 0.00000000 1.00000000 -0.00000194
vn 0.00000000 1.00000000 -0.00000291
vn 0.00000000 1.00000000 0.00000000
vn 0.00000000 1.00000000 0.00000000
vn 0.00000000 1.00000000 -0.00000583
vn 0.00000000 1.00000000 0.00000000
vn 0.00000000 1.00000000 -0.00000291
vn 0.00000000 1.00000000 0.00000000
vn 0.00000000 1.00000000 0.00000000
vn 0.00000000 1.00000000 0.00000000
vn 0.00000000 1.00000000 0.00000000
vn 0.00000000 1.00000000 0.00000000
vn 0.00000000 1.00000000 0.00000000
vn 0.00000000 1.00000000 0.00000000
vn 0.00000000 1.00000000 -0.00000012
vn 0.00000000 1.00000000 0.00000000
vn 0.00000000 1.00000000 0.00000000
vn 0.00000000 1.00000000 -0.00000019
vn 0.00000000 1.00000000 0.00000000
vn 0.00000000 1.00000000 -0.00000037
vn 0.00000000 1.00000000 -0.00000019
vn 0.00000000 1.00000000 0.00000194
vn 0.00000000 1.00000000 0.00000291
vn 0.00000000 1.00000000 0.00001165
vn 0.00000000 1.00000000 0.00000583
vn 0.00000000 1.00000000 -0.00000583
vn 0.00000000 1.00000000 0.00000000
vn 0.00000000 1.00000000 -0.00000291
vn 0.00000000 1.00000000 0.00000283
vn 0.00000000 1.00000000 -0.00000158
vn 0.00000000 1.00000000 0.00000000
vn 0.00000000 1.00000000 0.00000569
vn 0.00000000 1.00000000 -0.00000328
vn 0.00000000 1.00000000 0.00001178
vn 0.00000000 1.00000000 0.00000425
vn 0.80969510 0.54217990 0.22457690
vn 0.80969500 0.54217950 0.22457810
vn 0.80969380 0.41496880 0.41496600
vn 0.80969380 0.41496870 0.41496620
vn 0.80969420 0.58685200 -0.00000102
vn 0.80969180 0.22457970 0.54218360
vn 0.80969430 0.58685190 -0.00000119
vn 0.80969180 0.22458050 0.54218320
vn 0.80969320 0.54218230 -0.22457790
vn 0.80969050 0.00000114 0.58685720
vn 0.80969320 0.54218240 -0.22457770
vn 0.80969050 0.00000102 0.58685730
vn 0.80969290 0.41496880 -0.41496780
vn 0.80969200 -0.22457870 0.54218380
vn 0.80969290 0.41496900 -0.41496760
vn 0.80969200 -0.22457820 0.54218410
vn 0.80969200 0.22457930 -0.54218340
vn 0.80969260 -0.41496780 0.41496930
vn 0.80969200 0.22457960 -0.54218330
vn 0.80969270 -0.41496810 0.41496890
vn 0.80969200 0.00000000 -0.58685510
vn 0.80969160 -0.54218430 0.22457910
vn 0.80969200 0.00000000 -0.58685500
vn 0.80969160 -0.54218410 0.22457970
vn 0.80969200 -0.22458020 -0.54218320
vn 0.80969000 -0.58685780 0.00000000
vn 0.80969200 -0.22458060 -0.54218300
vn 0.80969000 -0.58685780 0.00000000
vn 0.80969260 -0.41496880 -0.41496830
vn 0.80969170 -0.54218410 -0.22457920
vn 0.80969260 -0.41496890 -0.41496830
vn 0.80969170 -0.54218400 -0.22457960
vn -0.80969250 0.54218360 0.22457740
vn -0.80969200 0.41496970 0.41496860
vn -0.80969200 0.41496980 0.41496860
vn -0.80969250 0.54218310 0.22457850
vn -0.80968980 0.22457950 0.54218670
vn -0.80969240 0.58685460 -0.00000100
vn -0.80968980 0.22458030 0.54218640
vn -0.80969230 0.58685460 -0.00000116
vn -0.80968830 0.00000116 0.58686020
vn -0.80969080 0.54218550 -0.22457860
vn -0.80968830 0.00000104 0.58686020
vn -0.80969090 0.54218570 -0.22457840
vn -0.80968930 -0.22458170 0.54218670
vn -0.80968960 0.41497220 -0.41497080
vn -0.80968930 -0.22458120 0.54218690
vn -0.80968960 0.41497220 -0.41497080
vn -0.80968960 -0.41497190 0.41497120
vn -0.80968870 0.22458030 -0.54218800
vn -0.80968960 -0.41497220 0.41497080
vn -0.80968870 0.22458060 -0.54218780
vn -0.80968840 -0.54218850 0.22458050
vn -0.80968870 -0.00000050 -0.58685950
vn -0.80968840 -0.54218820 0.22458110
vn -0.80968890 -0.00000055 -0.58685950
vn -0.80968820 -0.58686040 0.00000000
vn -0.80968910 -0.22458120 -0.54218720
vn -0.80968820 -0.58686030 0.00000000
vn -0.80968900 -0.22458160 -0.54218700
vn -0.80968980 -0.54218610 -0.22458110
vn -0.80969020 -0.41497050 -0.41497140
vn -0.80968980 -0.54218600 -0.22458150
vn -0.80969020 -0.41497060 -0.41497130
vn 0.00000000 1.00000000 0.00000087
vn 0.00000000 1.00000000 0.00000087
vn 0.00000000 1.00000000 0.00000087
vn 0.00000000 1.00000000 0.00000087
vn 0.00000000 1.00000000 -0.00000087
vn 0.00000000 1.00000000 -0.00000043
vn 0.00000000 1.00000000 -0.00000087
vn 0.00000000 1.00000000 -0.00000043
vn 0.00000000 1.00000000 -0.00000087
vn 0.00000000 1.00000000 0.00000032
vn 0.00000000 1.00000000 -0.00000087
vn 0.00000000 1.00000000 0.00000032
vn 0.00000000 1.00000000 -0.00000043
vn 0.00000000 1.00000000 0.00000162
vn 0.00000000 1.00000000 -0.00000043
vn 0.00000000 1.00000000 0.00000162
vn 0.00000000 1.00000000 0.00000026
vn 0.00000000 1.00000000 0.00000087
vn 0.00000000 1.00000000 0.00000026
vn 0.00000000 1.00000000 0.00000087
vn 0.00000000 1.00000000 0.00000026
vn 0.00000000 1.00000000 0.00000000
vn 0.00000000 1.00000000 0.00000026
vn 0.00000000 1.00000000 0.00000000
vn 0.00000000 1.00000000 -0.00000043
vn 0.00000000 1.00000000 0.00000000
vn 0.00000000 1.00000000 -0.00000043
vn 0.00000000 1.00000000 0.00000000
vn 0.00000000 1.00000000 0.00000000
vn 0.00000000 1.00000000 0.00000000
vn 0.00000000 1.00000000 0.00000000
vn 0.00000000 1.00000000 0.00000000
vn 0.00000000 -1.00000000 0.00000138
vn 0.00000000 -1.00000000 0.00000138
vn 0.00000000 -1.00000000 -0.00000183
vn 0.00000000 -1.00000000 -0.00000183
vn 0.00000000 -1.00000000 0.00000028
vn 0.00000000 -1.00000000 0.00000000
vn 0.00000000 -1.00000000 0.00000028
vn 0.00000000 -1.00000000 0.00000000
vn 0.00000000 -1.00000000 0.00000256
vn 0.00000000 -1.00000000 0.00000000
vn 0.00000000 -1.00000000 0.00000256
vn 0.00000000 -1.00000000 0.00000000
vn 0.00000000 -1.00000000 0.00000275
vn 0.00000000 -1.00000000 0.00000000
vn 0.00000000 -1.00000000 0.00000276
vn 0.00000000 -1.00000000 0.00000000
vn 0.00000000 -1.00000000 -0.00000368
vn 0.00000000 -1.00000000 0.00000091
vn 0.00000000 -1.00000000 -0.00000368
vn 0.00000000 -1.00000000 0.00000092
vn 0.00000000 -1.00000000 -0.00000183
vn 0.00000000 -1.00000000 -0.00000310
vn 0.00000000 -1.00000000 -0.00000183
vn 0.00000000 -1.00000000 -0.00000310
vn 0.00000000 -1.00000000 0.00000091
vn 0.00000000 -1.00000000 -0.00000449
vn 0.00000000 -1.00000000 0.00000091
vn 0.00000000 -1.00000000 -0.00000449
vn 0.00000000 -1.00000000 0.00000092
vn 0.00000000 -1.00000000 -0.00000138
vn 0.00000000 -1.00000000 0.00000092
vn 0.00000000 -1.00000000 -0.00000138
vn 0.00000000 1.00000000 0.00000000
vn 0.00000000 1.00000000 0.00000000
vn 0.00000000 1.00000000 0.00000000
vn 0.00000000 1.00000000 0.00000000
vn 0.00000000 1.00000000 0.00000000
vn 0.00000000 1.00000000 0.00000000
vn 0.00000000 1.00000000 0.00000000
vn 0.00000000 1.00000000 0.00000000
vn 0.00000000 1.00000000 -0.00000022
vn 0.00000000 1.00000000 0.00000047
vn 0.00000000 1.00000000 0.00000105
vn 0.00000000 1.00000000 0.00000000
vn 0.00000000 1.00000000 -0.00000012
vn 0.00000000 1.00000000 -0.00000105
vn 0.00000000 1.00000000 -0.00000058
vn 0.00000000 1.00000000 -0.00000105
vn 0.00000000 1.00000000 -0.00000105
vn 0.00000000 1.00000000 -0.00000105
vn 0.00000000 1.00000000 -0.00000052
vn 0.00000000 1.00000000 -0.00000031
vn 0.00000000 1.00000000 0.00000000
vn 0.00000000 1.00000000 0.00000044
vn 0.00000000 1.00000000 0.00000000
vn 0.00000000 1.00000000 0.00000022
vn 0.00000000 1.00000000 0.00000000
vt 20.38564000 0.85406380
vt 20.39639000 0.85002660
vt 20.38564000 0.85002660
vt 20.39639000 0.85406380
vt 20.42216000 0.85002660
vt 20.41978000 0.85406380
vt 20.42842000 0.85538270
vt 20.42299000 0.85695950
vt 20.42842000 0.88854490
vt 20.42299000 0.88696810
vt 20.42216000 0.89390100
vt 20.41978000 0.88986380
vt 20.39639000 0.89390100
vt 20.39639000 0.88986380
vt 20.38564000 0.88986380
vt 20.38564000 0.89390100
vt 20.18579000 0.90734730
vt 20.19317000 0.89559560
vt 20.18579000 0.89559560
vt 20.19317000 0.90734730
vt 20.18579000 0.92493460
vt 20.19317000 0.92493460
vt 20.18579000 0.94568030
vt 20.19317000 0.94568030
vt 20.18579000 0.96642600
vt 20.19317000 0.96642600
vt 20.18579000 0.98401340
vt 20.19317000 0.98401340
vt 20.18579000 0.99576500
vt 20.19317000 0.99576500
vt 20.48008000 0.96000430
vt 20.47347000 0.96000430
vt 20.47347000 0.97860560
vt 20.48008000 0.97860560
vt 20.47347000 0.99720710
vt 20.48008000 0.99720710
vt 20.19297000 0.99576510
vt 20.20035000 0.99576510
vt 20.20035000 0.98401340
vt 20.19297000 0.98401340
vt 20.20035000 0.96642600
vt 20.19297000 0.96642600
vt 20.20035000 0.94568030
vt 20.19297000 0.94568030
vt 20.20035000 0.92493460
vt 20.19297000 0.92493460
vt 20.20035000 0.90734730
vt 20.19297000 0.90734730
vt 20.20035000 0.89559560
vt 20.19297000 0.89559560
vt 20.48064000 0.99723050
vt 20.48727000 0.99723050
vt 20.48727000 0.97860600
vt 20.48064000 0.97860600
vt 20.48727000 0.95998130
vt 20.48064000 0.95998130
vt 20.40126000 0.95109030
vt 20.40864000 0.94369290
vt 20.40126000 0.94369290
vt 20.40864000 0.95109030
vt 20.40126000 0.96216120
vt 20.40864000 0.96216120
vt 20.40126000 0.97522000
vt 20.40864000 0.97522000
vt 20.40126000 0.98827920
vt 20.40864000 0.98827920
vt 20.40126000 0.99934980
vt 20.40864000 0.99934980
vt 20.40126000 1.00674700
vt 20.40864000 1.00674700
vt 20.88256000 0.98318760
vt 20.87592000 0.98318760
vt 20.87592000 0.99492480
vt 20.88256000 0.99492480
vt 20.87592000 1.00666200
vt 20.88256000 1.00666200
vt 20.40845000 1.00669500
vt 20.41582000 1.00669500
vt 20.41582000 0.99930970
vt 20.40845000 0.99930970
vt 20.41582000 0.98825750
vt 20.40845000 0.98825750
vt 20.41582000 0.97522000
vt 20.40845000 0.97522000
vt 20.41582000 0.96218290
vt 20.40845000 0.96218290
vt 20.41582000 0.95113030
vt 20.40845000 0.95113030
vt 20.41582000 0.94374530
vt 20.40845000 0.94374530
vt 20.86883000 1.00713500
vt 20.87544000 1.00713500
vt 20.87544000 0.99544410
vt 20.86883000 0.99544410
vt 20.87544000 0.98375450
vt 20.86883000 0.98375450
vt 20.56091000 0.96046390
vt 20.56091000 0.99450230
vt 20.56432000 0.99450230
vt 20.56432000 0.96046390
vt 20.56692000 0.95931630
vt 20.56692000 0.99564990
vt 20.57007000 0.99564990
vt 20.57007000 0.95931630
vt 20.57007000 0.95931630
vt 20.57007000 0.99564990
vt 20.57322000 0.99564990
vt 20.57322000 0.95931630
vt 20.57867000 0.99441250
vt 20.57867000 0.96055370
vt 20.57528000 0.96055370
vt 20.57528000 0.99441250
vt 20.58129000 0.95931630
vt 20.58129000 0.99564990
vt 20.58443000 0.99564990
vt 20.58443000 0.95931630
vt 20.58443000 0.95931630
vt 20.58443000 0.99564990
vt 20.58759000 0.99564990
vt 20.58759000 0.95931630
vt 20.59251000 0.95783060
vt 20.59251000 0.99713560
vt 20.59448000 0.99713560
vt 20.59448000 0.95783060
vt 20.59578000 0.96506180
vt 20.59578000 1.00409000
vt 20.59774000 1.00409000
vt 20.59774000 0.96506180
vt 20.59774000 0.96506180
vt 20.59774000 1.00409000
vt 20.60164000 1.00409000
vt 20.60164000 0.96506180
vt 20.60914000 1.00279800
vt 20.60914000 0.96635420
vt 20.60598000 0.96635420
vt 20.60598000 1.00279800
vt 20.60282000 0.96635420
vt 20.60282000 1.00279800
vt 20.58858000 0.95783060
vt 20.58858000 0.99713560
vt 20.59251000 0.99713560
vt 20.59251000 0.95783060
vt 20.25574000 0.88429830
vt 20.24582000 0.88429830
vt 20.24582000 0.89401150
vt 20.25574000 0.89401150
vt 20.24582000 0.90854780
vt 20.25574000 0.90854780
vt 20.24582000 0.92569490
vt 20.25574000 0.92569490
vt 20.24582000 0.94284150
vt 20.25574000 0.94284150
vt 20.24582000 0.95737810
vt 20.25574000 0.95737810
vt 20.24582000 0.96709100
vt 20.25574000 0.96709100
vt 20.85325000 0.98583450
vt 20.86213000 0.97048220
vt 20.85325000 0.97048220
vt 20.86213000 0.98583450
vt 20.85325000 1.00118700
vt 20.86213000 1.00118700
vt 20.26471000 0.95737070
vt 20.25480000 0.96708120
vt 20.26471000 0.96708120
vt 20.25480000 0.95737070
vt 20.26471000 0.94283740
vt 20.25480000 0.94283740
vt 20.26471000 0.92569460
vt 20.25480000 0.92569460
vt 20.26471000 0.90855190
vt 20.25480000 0.90855190
vt 20.26471000 0.89401890
vt 20.25480000 0.89401890
vt 20.26471000 0.88430800
vt 20.25480000 0.88430800
vt 20.87111000 0.98583450
vt 20.86222000 1.00122200
vt 20.87111000 1.00122200
vt 20.86222000 0.98583450
vt 20.87111000 0.97044740
vt 20.86222000 0.97044740
vt 20.34638000 1.00527400
vt 20.35629000 1.00527400
vt 20.35629000 0.99663730
vt 20.34638000 0.99663730
vt 20.35629000 0.98371120
vt 20.34638000 0.98371120
vt 20.35629000 0.96846410
vt 20.34638000 0.96846410
vt 20.35629000 0.95321680
vt 20.34638000 0.95321680
vt 20.35629000 0.94029090
vt 20.34638000 0.94029090
vt 20.35629000 0.93165390
vt 20.34638000 0.93165390
vt 20.88976000 0.99478260
vt 20.89862000 0.98114430
vt 20.88976000 0.98114430
vt 20.89862000 0.99478260
vt 20.88976000 1.00842100
vt 20.89862000 1.00842100
vt 20.35536000 0.94029040
vt 20.36526000 0.93165360
vt 20.35536000 0.93165360
vt 20.36526000 0.94029040
vt 20.35536000 0.95321630
vt 20.36526000 0.95321630
vt 20.35536000 0.96846400
vt 20.36526000 0.96846400
vt 20.35536000 0.98371070
vt 20.36526000 0.98371070
vt 20.35536000 0.99663720
vt 20.36526000 0.99663720
vt 20.35536000 1.00527500
vt 20.36526000 1.00527500
vt 20.89103000 0.99478260
vt 20.88215000 1.00845600
vt 20.89103000 1.00845600
vt 20.88215000 0.99478260
vt 20.89103000 0.98110960
vt 20.88215000 0.98110960
vt 20.61633000 1.00279800
vt 20.61633000 0.96635420
vt 20.61316000 0.96635420
vt 20.61316000 1.00279800
vt 20.61000000 0.96635420
vt 20.61000000 1.00279800
vt 20.61838000 0.96764600
vt 20.61838000 1.00150600
vt 20.62177000 1.00150600
vt 20.62177000 0.96764600
vt 20.62438000 0.96640940
vt 20.62438000 1.00274300
vt 20.62753000 1.00274300
vt 20.62753000 0.96640940
vt 20.63068000 1.00274300
vt 20.63068000 0.96640940
vt 20.63274000 0.96764660
vt 20.63274000 1.00150600
vt 20.63613000 1.00150600
vt 20.63613000 0.96764660
vt 20.63992000 0.96755680
vt 20.63992000 1.00159500
vt 20.64332000 1.00159500
vt 20.64332000 0.96755680
vt 20.64592000 0.96635410
vt 20.64592000 1.00279800
vt 20.64908000 1.00279800
vt 20.64908000 0.96635410
vt 20.65224000 1.00279800
vt 20.65224000 0.96635410
vt 20.65429000 0.96764600
vt 20.65429000 1.00150600
vt 20.65768000 1.00150600
vt 20.65768000 0.96764600
vt 20.66659000 1.00274300
vt 20.66659000 0.96640950
vt 20.66344000 0.96640950
vt 20.66344000 1.00274300
vt 20.66029000 0.96640950
vt 20.66029000 1.00274300
vt 20.67062000 1.00285400
vt 20.67062000 0.96629850
vt 20.66745000 0.96629850
vt 20.66745000 1.00285400
vt 20.67478000 0.96499340
vt 20.67478000 1.00415900
vt 20.67870000 1.00415900
vt 20.67870000 0.96499340
vt 20.67870000 0.96499340
vt 20.67870000 1.00415900
vt 20.68066000 1.00415900
vt 20.68066000 0.96499340
vt 20.68196000 0.96499340
vt 20.68196000 1.00415900
vt 20.68392000 1.00415900
vt 20.68392000 0.96499340
vt 20.68392000 0.96499340
vt 20.68392000 1.00415900
vt 20.68784000 1.00415900
vt 20.68784000 0.96499340
vt 20.67379000 1.00285400
vt 20.67379000 0.96629850
vt 20.67062000 0.96629850
vt 20.67062000 1.00285400
vt 20.68901000 0.96635390
vt 20.68901000 1.00279800
vt 20.69217000 1.00279800
vt 20.69217000 0.96635390
vt 20.69217000 0.96635390
vt 20.69217000 1.00279800
vt 20.69533000 1.00279800
vt 20.69533000 0.96635390
vt 20.69737000 0.96755700
vt 20.69737000 1.00159500
vt 20.70078000 1.00159500
vt 20.70078000 0.96755700
vt 20.70338000 0.96635390
vt 20.70338000 1.00279800
vt 20.70654000 1.00279800
vt 20.70654000 0.96635390
vt 20.70654000 0.96635390
vt 20.70654000 1.00279800
vt 20.70969000 1.00279800
vt 20.70969000 0.96635390
vt 20.71514000 1.00150500
vt 20.71514000 0.96764680
vt 20.71175000 0.96764680
vt 20.71175000 1.00150500
vt 20.72090000 0.96635410
vt 20.72090000 1.00279800
vt 20.72406000 1.00279800
vt 20.72406000 0.96635410
vt 20.72504000 0.96492420
vt 20.72504000 1.00422800
vt 20.72898000 1.00422800
vt 20.72898000 0.96492420
vt 20.72898000 0.96492420
vt 20.72898000 1.00422800
vt 20.73095000 1.00422800
vt 20.73095000 0.96492420
vt 20.73812000 1.00415900
vt 20.73812000 0.96499350
vt 20.73616000 0.96499350
vt 20.73616000 1.00415900
vt 20.73616000 1.00415900
vt 20.73616000 0.96499350
vt 20.73224000 0.96499350
vt 20.73224000 1.00415900
vt 20.71774000 0.96635410
vt 20.71774000 1.00279800
vt 20.72090000 1.00279800
vt 20.72090000 0.96635410
vt 20.74388000 1.00192900
vt 20.74388000 0.96788960
vt 20.74047000 0.96788960
vt 20.74047000 1.00192900
vt 20.74647000 0.96668710
vt 20.74647000 1.00313100
vt 20.74963000 1.00313100
vt 20.74963000 0.96668710
vt 20.74963000 0.96668710
vt 20.74963000 1.00313100
vt 20.75279000 1.00313100
vt 20.75279000 0.96668710
vt 20.75483000 0.96788970
vt 20.75483000 1.00192900
vt 20.75824000 1.00192900
vt 20.75824000 0.96788970
vt 20.76085000 0.96674260
vt 20.76085000 1.00307600
vt 20.76399000 1.00307600
vt 20.76399000 0.96674260
vt 20.76714000 1.00307600
vt 20.76714000 0.96674260
vt 20.77543000 1.00602100
vt 20.77543000 0.96455310
vt 20.77335000 0.96455310
vt 20.77335000 1.00602100
vt 20.77335000 1.00602100
vt 20.77335000 0.96455310
vt 20.76920000 0.96455310
vt 20.76920000 1.00602100
vt 20.76920000 1.00602100
vt 20.76920000 0.96455310
vt 20.76713000 0.96455310
vt 20.76713000 1.00602100
vt 20.77430000 0.96449830
vt 20.77430000 1.00607600
vt 20.77638000 1.00607600
vt 20.77638000 0.96449830
vt 20.77638000 0.96449830
vt 20.77638000 1.00607600
vt 20.78054000 1.00607600
vt 20.78054000 0.96449830
vt 20.78054000 0.96449830
vt 20.78054000 1.00607600
vt 20.78262000 1.00607600
vt 20.78262000 0.96449830
vt 20.78251000 0.96570440
vt 20.78251000 1.00487000
vt 20.78643000 1.00487000
vt 20.78643000 0.96570440
vt 20.78839000 1.00487000
vt 20.78839000 0.96570440
vt 20.79398000 1.00350900
vt 20.79398000 0.96706540
vt 20.79082000 0.96706540
vt 20.79082000 1.00350900
vt 20.79792000 0.96817660
vt 20.79792000 1.00239800
vt 20.80134000 1.00239800
vt 20.80134000 0.96817660
vt 20.80393000 0.96706540
vt 20.80393000 1.00350900
vt 20.80709000 1.00350900
vt 20.80709000 0.96706540
vt 20.81025000 1.00350900
vt 20.81025000 0.96706540
vt 20.81111000 0.96706530
vt 20.81111000 1.00350900
vt 20.81427000 1.00350900
vt 20.81427000 0.96706530
vt 20.81427000 0.96706530
vt 20.81427000 1.00350900
vt 20.81743000 1.00350900
vt 20.81743000 0.96706530
vt 20.82288000 1.00230700
vt 20.82288000 0.96826780
vt 20.81947000 0.96826780
vt 20.81947000 1.00230700
vt 20.82547000 0.96700950
vt 20.82547000 1.00356500
vt 20.82864000 1.00356500
vt 20.82864000 0.96700950
vt 20.82864000 0.96700950
vt 20.82864000 1.00356500
vt 20.83180000 1.00356500
vt 20.83180000 0.96700950
vt 20.83385000 0.96835760
vt 20.83385000 1.00221700
vt 20.83724000 1.00221700
vt 20.83724000 0.96835760
vt 20.83894000 0.96449830
vt 20.83894000 1.00607600
vt 20.84102000 1.00607600
vt 20.84102000 0.96449830
vt 20.84102000 0.96449830
vt 20.84102000 1.00607600
vt 20.84518000 1.00607600
vt 20.84518000 0.96449830
vt 20.84726000 1.00607600
vt 20.84726000 0.96449830
vt 20.84611000 0.96444310
vt 20.84611000 1.00613200
vt 20.84820000 1.00613200
vt 20.84820000 0.96444310
vt 20.85237000 1.00613200
vt 20.85237000 0.96444310
vt 20.85237000 0.96444310
vt 20.85237000 1.00613200
vt 20.85446000 1.00613200
vt 20.85446000 0.96444310
vt 20.34287000 0.98457440
vt 20.31793000 0.99936530
vt 20.32190000 1.00442300
vt 20.34765000 0.98868160
vt 20.36478000 0.96562060
vt 20.34314000 1.03574100
vt 20.37038000 0.96877720
vt 20.38551000 0.93221480
vt 20.37408000 1.01474200
vt 20.34711000 1.04080000
vt 20.37886000 1.01884900
vt 20.40200000 0.98958030
vt 20.40759000 0.99273680
vt 20.39147000 0.93462260
vt 20.42550000 0.95099500
vt 20.43146000 0.95340300
vt 20.44805000 0.90276970
vt 20.40495000 0.89350830
vt 20.39872000 0.89192310
vt 20.39814000 0.85923920
vt 20.40455000 0.85923920
vt 20.44182000 0.90118430
vt 20.44222000 0.85923920
vt 20.44863000 0.85923920
vt 20.13058000 0.96949540
vt 20.13058000 0.98600780
vt 20.15310000 0.98600780
vt 20.15310000 0.96949540
vt 20.13058000 0.94857460
vt 20.15310000 0.94857460
vt 20.13058000 0.91254470
vt 20.15310000 0.91254470
vt 20.15310000 0.86987410
vt 20.13058000 0.86987410
vt 20.13058000 0.83356990
vt 20.15310000 0.83356990
vt 20.21816000 0.84670050
vt 20.18749000 0.82588250
vt 20.18564000 0.82857410
vt 20.21587000 0.84893670
vt 20.24585000 0.87161610
vt 20.16736000 0.85646990
vt 20.24311000 0.87339640
vt 20.26910000 0.90972850
vt 20.19294000 0.87227320
vt 20.16552000 0.85916150
vt 20.19065000 0.87450900
vt 20.21555000 0.89217360
vt 20.21281000 0.89395400
vt 20.26616000 0.91114120
vt 20.28543000 0.95956860
vt 20.23640000 0.92602970
vt 20.23346000 0.92744220
vt 20.24967000 0.96649970
vt 20.24646000 0.96710270
vt 20.28222000 0.96017170
vt 20.28579000 1.00084600
vt 20.28253000 1.00084600
vt 20.24936000 1.00084600
vt 20.24610000 1.00084600
vt 20.35635000 0.85732360
vt 20.35635000 0.83492900
vt 20.33384000 0.83492900
vt 20.33384000 0.85732360
vt 20.35635000 0.88412590
vt 20.33384000 0.88412590
vt 20.35635000 0.92512450
vt 20.33384000 0.92512450
vt 20.33384000 0.97873900
vt 20.35635000 0.97873900
vt 20.35635000 1.02314200
vt 20.33384000 1.02314200
vt 20.28532000 0.82725320
vt 20.25495000 0.80626210
vt 20.25167000 0.80990840
vt 20.28147000 0.83013390
vt 20.31280000 0.85222550
vt 20.25475000 0.85715100
vt 20.23033000 0.84224030
vt 20.22705000 0.84588640
vt 20.25090000 0.86003140
vt 20.27628000 0.87604240
vt 20.27186000 0.87815680
vt 20.29168000 0.91010370
vt 20.30837000 0.85434030
vt 20.29634000 0.90857700
vt 20.30431000 0.94863520
vt 20.33096000 0.89136770
vt 20.33562000 0.88984100
vt 20.30896000 0.94710870
vt 20.34683000 0.93978880
vt 20.35148000 0.93826240
vt 20.35204000 0.97989100
vt 20.34718000 0.97989100
vt 20.30861000 0.97989100
vt 20.30375000 0.97989100
vt 20.34200000 1.01085100
vt 20.34200000 1.03397100
vt 20.36676000 1.03397100
vt 20.36676000 1.01085100
vt 20.34200000 0.98334620
vt 20.37833000 1.01085100
vt 20.37833000 1.03397100
vt 20.37833000 0.98334620
vt 20.36676000 0.98334620
vt 20.34200000 0.94191560
vt 20.37833000 0.94191560
vt 20.36676000 0.94191560
vt 20.34200000 0.88858290
vt 20.36676000 0.88858290
vt 20.34200000 0.84273190
vt 20.37833000 0.88858290
vt 20.36676000 0.84273190
vt 20.37833000 0.84273190
vt 20.22215000 0.93394090
vt 20.19701000 0.94928820
vt 20.19886000 0.95198010
vt 20.22444000 0.93617700
vt 20.21714000 0.97987540
vt 20.24431000 0.91449610
vt 20.24736000 0.95951330
vt 20.21898000 0.98256730
vt 20.24965000 0.96174940
vt 20.24705000 0.91627670
vt 20.27461000 0.93505350
vt 20.27734000 0.93683380
vt 20.30059000 0.89872180
vt 20.29765000 0.89730930
vt 20.31693000 0.84888240
vt 20.26790000 0.88242130
vt 20.26496000 0.88100850
vt 20.28116000 0.84195110
vt 20.27795000 0.84134810
vt 20.27759000 0.80760560
vt 20.28086000 0.80760560
vt 20.31372000 0.84827930
vt 20.31402000 0.80760560
vt 20.31729000 0.80760560
vt 20.28419000 0.92612170
vt 20.26035000 0.94026630
vt 20.26362000 0.94391260
vt 20.28804000 0.92900230
vt 20.30515000 0.90799610
vt 20.31476000 0.95601870
vt 20.28497000 0.97624420
vt 20.28825000 0.97989020
vt 20.31861000 0.95889930
vt 20.34167000 0.93181260
vt 20.34609000 0.93392740
vt 20.36891000 0.89631220
vt 20.30957000 0.91011110
vt 20.36425000 0.89478580
vt 20.38478000 0.84789130
vt 20.32964000 0.87757650
vt 20.32498000 0.87604980
vt 20.38012000 0.84636460
vt 20.34226000 0.83904530
vt 20.33760000 0.83751860
vt 20.33705000 0.80626280
vt 20.34191000 0.80626280
vt 20.38047000 0.80626280
vt 20.38534000 0.80626280
vt 20.43930000 0.88203310
vt 20.40755000 0.86008270
vt 20.40358000 0.86514100
vt 20.43452000 0.88614080
vt 20.38234000 0.89645950
vt 20.46803000 0.90814640
vt 20.40809000 0.91220140
vt 20.37837000 0.90151780
vt 20.40331000 0.91630890
vt 20.46244000 0.91130300
vt 20.43082000 0.93210640
vt 20.42522000 0.93526300
vt 20.44595000 0.96866940
vt 20.48594000 0.94988890
vt 20.49190000 0.94748110
vt 20.50849000 0.99811490
vt 20.45191000 0.96626160
vt 20.46539000 1.00737600
vt 20.45916000 1.00896100
vt 20.50227000 0.99970050
vt 20.50908000 1.04164600
vt 20.50266000 1.04164600
vt 20.46499000 1.04164600
vt 20.45858000 1.04164600
vt 20.40244000 1.01865300
vt 20.40244000 1.04177300
vt 20.41312000 1.04177300
vt 20.41312000 1.01865300
vt 20.40244000 0.99114780
vt 20.43876000 1.01865300
vt 20.43876000 1.04177300
vt 20.43876000 0.99114780
vt 20.41312000 0.99114780
vt 20.43876000 0.94971720
vt 20.41312000 0.94971720
vt 20.40244000 0.94971720
vt 20.43876000 0.89638440
vt 20.41312000 0.89638440
vt 20.40244000 0.89638440
vt 20.40244000 0.85053360
vt 20.41312000 0.85053360
vt 20.43876000 0.85053360
vt 20.33146000 0.98853400
vt 20.33146000 1.02314200
vt 20.35635000 1.02314200
vt 20.35635000 0.98853400
vt 20.33146000 0.94586980
vt 20.36798000 0.98853400
vt 20.36798000 1.02314200
vt 20.35635000 0.94586980
vt 20.33146000 0.91049710
vt 20.36798000 0.94586980
vt 20.35635000 0.91049710
vt 20.33146000 0.89042760
vt 20.36798000 0.91049710
vt 20.35635000 0.89042760
vt 20.33146000 0.87476560
vt 20.36798000 0.89042760
vt 20.35635000 0.87476560
vt 20.36798000 0.87476560
vt 20.41978000 0.87645900
vt 20.41978000 0.85406380
vt 20.39639000 0.85406380
vt 20.39639000 0.87645900
vt 20.41978000 0.90326180
vt 20.39639000 0.90326180
vt 20.39639000 0.94426100
vt 20.41978000 0.94426100
vt 20.39639000 0.99787630
vt 20.41978000 0.99787630
vt 20.39639000 1.04227900
vt 20.41978000 1.04227900
vt 20.11990000 0.98600660
vt 20.14330000 0.98600660
vt 20.14330000 0.96949450
vt 20.11990000 0.96949450
vt 20.14330000 0.94857400
vt 20.11990000 0.94857400
vt 20.14330000 0.91254470
vt 20.11990000 0.91254470
vt 20.11990000 0.86987470
vt 20.14330000 0.86987470
vt 20.14330000 0.83357110
vt 20.11990000 0.83357110
vt 20.42216000 0.90956320
vt 20.42216000 0.89390100
vt 20.39639000 0.89390100
vt 20.39639000 0.90956320
vt 20.38564000 0.89390100
vt 20.38564000 0.90956320
vt 20.42216000 0.92963330
vt 20.39639000 0.92963330
vt 20.38564000 0.92963330
vt 20.38564000 0.96500630
vt 20.39639000 0.96500630
vt 20.42216000 0.96500630
vt 20.38564000 1.00767100
vt 20.39639000 1.00767100
vt 20.38564000 1.04227900
vt 20.42216000 1.00767100
vt 20.39639000 1.04227900
vt 20.42216000 1.04227900
vt 20.41325000 0.95493330
vt 20.40354000 0.95493330
vt 20.40354000 0.95979830
vt 20.41325000 0.95979830
vt 20.43653000 0.95493330
vt 20.43438000 0.95979830
vt 20.44218000 0.96106970
vt 20.43728000 0.96296970
vt 20.44218000 0.99709550
vt 20.43728000 0.99519540
vt 20.43653000 1.00323200
vt 20.43438000 0.99836690
vt 20.41325000 1.00323200
vt 20.41325000 0.99836690
vt 20.40354000 0.99836690
vt 20.40354000 1.00323200
vt 20.21402000 0.99835350
vt 20.25258000 0.99835350
vt 20.25223000 0.95825210
vt 20.21437000 0.96557150
vt 20.23636000 0.90983210
vt 20.20174000 0.92704110
vt 20.21378000 0.87280560
vt 20.18169000 0.89450710
vt 20.18687000 0.84860000
vt 20.16015000 0.87561610
vt 20.15708000 0.82837510
vt 20.13573000 0.86070590
vt 20.36798000 0.83492900
vt 20.36798000 0.83089170
vt 20.35635000 0.83089170
vt 20.35635000 0.83492900
vt 20.33146000 0.83089170
vt 20.36798000 0.87072830
vt 20.33384000 0.83492900
vt 20.32520000 0.83624770
vt 20.33063000 0.83782450
vt 20.32520000 0.86940960
vt 20.33063000 0.86783280
vt 20.33146000 0.87476560
vt 20.33384000 0.87072830
vt 20.35635000 0.87476560
vt 20.36798000 0.87476560
vt 20.35635000 0.87072830
vt 20.44604000 1.00322300
vt 20.45654000 1.00322300
vt 20.45654000 0.99835990
vt 20.44604000 0.99835990
vt 20.42571000 0.99835990
vt 20.42356000 1.00322300
vt 20.42282000 0.99518960
vt 20.41792000 0.99708890
vt 20.42282000 0.96297560
vt 20.41792000 0.96107630
vt 20.44604000 0.95980530
vt 20.42571000 0.95980530
vt 20.42356000 0.95494210
vt 20.44604000 0.95494210
vt 20.45654000 0.95980530
vt 20.45654000 0.95494210
vt 20.10424000 0.96602330
vt 20.12558000 0.99835500
vt 20.15538000 0.97812970
vt 20.12866000 0.95111270
vt 20.18228000 0.95392330
vt 20.15019000 0.93222140
vt 20.20487000 0.91689600
vt 20.17025000 0.89968690
vt 20.22074000 0.86847530
vt 20.18287000 0.86115540
vt 20.22109000 0.82837330
vt 20.18253000 0.82837330
vt 20.39805000 0.98635960
vt 20.42029000 0.95125790
vt 20.39107000 0.95125790
vt 20.39805000 0.91615660
vt 20.42505000 0.97517660
vt 20.42505000 0.92733930
vt 20.41793000 1.01611700
vt 20.41793000 0.88639880
vt 20.43859000 0.99545400
vt 20.43859000 0.90706210
vt 20.44769000 1.03600000
vt 20.44769000 0.86651560
vt 20.45887000 1.00900300
vt 20.45887000 0.89351310
vt 20.48279000 1.04298200
vt 20.48279000 0.85953370
vt 20.48279000 1.01376000
vt 20.48279000 0.88875540
vt 20.51789000 1.03600000
vt 20.51789000 0.86651560
vt 20.50671000 1.00900300
vt 20.50671000 0.89351310
vt 20.54765000 1.01611700
vt 20.54765000 0.88639880
vt 20.52699000 0.99545400
vt 20.52699000 0.90706210
vt 20.56754000 0.98635960
vt 20.56754000 0.91615660
vt 20.54054000 0.97517660
vt 20.54054000 0.92733930
vt 20.57452000 0.95125790
vt 20.54530000 0.95125790
vt 20.25172000 0.94464250
vt 20.24463000 0.93109510
vt 20.24733000 0.94464250
vt 20.24463000 0.95819000
vt 20.24869000 0.92941230
vt 20.24869000 0.95987310
vt 20.24007000 0.91650040
vt 20.23696000 0.96967510
vt 20.23696000 0.91961000
vt 20.24007000 0.97278460
vt 20.22715000 0.90787320
vt 20.22547000 0.97734900
vt 20.22547000 0.91193610
vt 20.22715000 0.98141190
vt 20.21192000 0.90484370
vt 20.21192000 0.98004380
vt 20.21192000 0.90924130
vt 20.21192000 0.98444140
vt 20.19669000 0.90787320
vt 20.19838000 0.97734900
vt 20.19838000 0.91193610
vt 20.19669000 0.98141190
vt 20.18378000 0.91650040
vt 20.18689000 0.96967510
vt 20.18689000 0.91961000
vt 20.18378000 0.97278460
vt 20.17516000 0.92941230
vt 20.17922000 0.95819000
vt 20.17922000 0.93109510
vt 20.17516000 0.95987310
vt 20.17212000 0.94464250
vt 20.17652000 0.94464250
vt 20.48279000 0.95125790
vt 20.52699000 0.99545400
vt 20.54054000 0.97517660
vt 20.54530000 0.95125790
vt 20.50671000 1.00900300
vt 20.54054000 0.92733930
vt 20.48279000 1.01376000
vt 20.52699000 0.90706210
vt 20.45887000 1.00900300
vt 20.50671000 0.89351310
vt 20.43859000 0.99545400
vt 20.48279000 0.88875540
vt 20.42505000 0.97517660
vt 20.45887000 0.89351310
vt 20.42029000 0.95125790
vt 20.43859000 0.90706210
vt 20.42505000 0.92733930
vt 20.08477000 0.93659860
vt 20.08477000 0.97802230
vt 20.10062000 0.97486910
vt 20.11406000 0.96588960
vt 20.06892000 0.97486910
vt 20.12304000 0.95245060
vt 20.05548000 0.96588960
vt 20.12620000 0.93659860
vt 20.04650000 0.95245090
vt 20.12304000 0.92074620
vt 20.04335000 0.93659860
vt 20.11406000 0.90730700
vt 20.04650000 0.92074620
vt 20.10062000 0.89832750
vt 20.05548000 0.90730700
vt 20.08477000 0.89517430
vt 20.06892000 0.89832750
vt 20.11350000 0.93962290
vt 20.14279000 0.91033110
vt 20.12935000 0.90135150
vt 20.11350000 0.89819820
vt 20.15177000 0.92377030
vt 20.09765000 0.90135150
vt 20.15493000 0.93962290
vt 20.08421000 0.91033110
vt 20.15177000 0.95547530
vt 20.07523000 0.92377030
vt 20.14279000 0.96891440
vt 20.07208000 0.93962290
vt 20.12935000 0.97789410
vt 20.07523000 0.95547530
vt 20.11350000 0.98104730
vt 20.08421000 0.96891440
vt 20.09765000 0.97789410
vt 20.75529000 0.99309050
vt 20.75824000 0.99479200
vt 20.75824000 0.99138860
vt 20.75529000 0.98968670
vt 20.75529000 0.99649380
vt 20.75234000 0.99138860
vt 20.75234000 0.99479200
vt 20.74834000 0.99309000
vt 20.74834000 0.99645940
vt 20.75126000 0.99477470
vt 20.75126000 0.99140560
vt 20.74542000 0.99477470
vt 20.74834000 0.98972090
vt 20.74542000 0.99140560
vt 20.74138000 0.99309000
vt 20.74138000 0.98968670
vt 20.73844000 0.99138800
vt 20.73844000 0.99479190
vt 20.74433000 0.99138850
vt 20.74138000 0.99649360
vt 20.74433000 0.99479190
vt 20.73443000 0.99275670
vt 20.73735000 0.99444140
vt 20.73735000 0.99107170
vt 20.73443000 0.98938750
vt 20.73443000 0.99612640
vt 20.73151000 0.99107220
vt 20.73151000 0.99444140
vt 20.72748000 0.99282740
vt 20.73037000 0.99108830
vt 20.72748000 0.98942070
vt 20.72459000 0.99108830
vt 20.73037000 0.99442480
vt 20.72459000 0.99442480
vt 20.72748000 0.99609320
vt 20.72052000 0.99275670
vt 20.72052000 0.98931800
vt 20.71754000 0.99103700
vt 20.71754000 0.99447610
vt 20.72350000 0.99103700
vt 20.72052000 0.99619590
vt 20.72350000 0.99447610
vt 20.71357000 0.99282900
vt 20.71652000 0.99105480
vt 20.71357000 0.98935350
vt 20.71062000 0.99105480
vt 20.71652000 0.99445870
vt 20.71062000 0.99445870
vt 20.71357000 0.99616030
vt 20.70662000 0.99275670
vt 20.70370000 0.99107220
vt 20.70370000 0.99444140
vt 20.70662000 0.99612640
vt 20.70662000 0.98938750
vt 20.70953000 0.99444140
vt 20.70953000 0.99107220
vt 20.69966000 0.99268450
vt 20.69671000 0.99445870
vt 20.69966000 0.99616030
vt 20.70261000 0.99445870
vt 20.69671000 0.99105480
vt 20.70261000 0.99105480
vt 20.69966000 0.98935350
vt 20.69271000 0.99275670
vt 20.68976000 0.99105520
vt 20.68976000 0.99445850
vt 20.69271000 0.99616060
vt 20.69271000 0.98935340
vt 20.69566000 0.99445850
vt 20.69566000 0.99105520
vt 20.68575000 0.99275670
vt 20.68575000 0.99619590
vt 20.68873000 0.99447610
vt 20.68873000 0.99103750
vt 20.68278000 0.99447610
vt 20.68575000 0.98931800
vt 20.68278000 0.99103750
vt 20.67880000 0.99268430
vt 20.67585000 0.99445850
vt 20.67880000 0.99616060
vt 20.68175000 0.99445850
vt 20.67585000 0.99105520
vt 20.68175000 0.99105520
vt 20.67880000 0.98935340
vt 20.13237000 0.95631550
vt 20.12304000 0.95245060
vt 20.11406000 0.96588960
vt 20.12120000 0.97303090
vt 20.13630000 0.93659860
vt 20.10062000 0.97486910
vt 20.12620000 0.93659860
vt 20.10449000 0.98419950
vt 20.13237000 0.91688140
vt 20.08477000 0.97802230
vt 20.12304000 0.92074620
vt 20.08477000 0.98812130
vt 20.12120000 0.90016600
vt 20.06892000 0.97486910
vt 20.11406000 0.90730700
vt 20.06506000 0.98419970
vt 20.10449000 0.88899710
vt 20.05548000 0.96588960
vt 20.10062000 0.89832750
vt 20.04834000 0.97303090
vt 20.08477000 0.88507530
vt 20.04650000 0.95245090
vt 20.08477000 0.89517430
vt 20.03717000 0.95631550
vt 20.06506000 0.88899710
vt 20.04335000 0.93659860
vt 20.06892000 0.89832750
vt 20.03325000 0.93659860
vt 20.04834000 0.90016600
vt 20.04650000 0.92074620
vt 20.05548000 0.90730700
vt 20.03717000 0.91688140
vt 20.16110000 0.91990570
vt 20.14993000 0.90319000
vt 20.14279000 0.91033110
vt 20.15177000 0.92377030
vt 20.12935000 0.90135150
vt 20.16503000 0.93962290
vt 20.13322000 0.89202100
vt 20.15493000 0.93962290
vt 20.11350000 0.89819820
vt 20.16110000 0.95934020
vt 20.11350000 0.88809910
vt 20.15177000 0.95547530
vt 20.09765000 0.90135150
vt 20.14993000 0.97605560
vt 20.09378000 0.89202100
vt 20.14279000 0.96891440
vt 20.08421000 0.91033110
vt 20.13322000 0.98722460
vt 20.07707000 0.90319000
vt 20.12935000 0.97789410
vt 20.07523000 0.92377030
vt 20.11350000 0.99114650
vt 20.06590000 0.91990540
vt 20.11350000 0.98104730
vt 20.07208000 0.93962290
vt 20.09378000 0.98722460
vt 20.06198000 0.93962290
vt 20.09765000 0.97789410
vt 20.07523000 0.95547530
vt 20.07707000 0.97605560
vt 20.06590000 0.95934020
vt 20.08421000 0.96891440
vt 20.18644000 0.96492140
vt 20.16993000 0.95808180
vt 20.16337000 0.96790780
vt 20.17600000 0.98054620
vt 20.19011000 0.94649120
vt 20.15354000 0.97447330
vt 20.17224000 0.94649120
vt 20.16038000 0.99098610
vt 20.18644000 0.92806070
vt 20.14195000 0.97677880
vt 20.16993000 0.93490060
vt 20.14195000 0.99465250
vt 20.17600000 0.91243620
vt 20.13036000 0.97447330
vt 20.16337000 0.92507450
vt 20.12352000 0.99098610
vt 20.16038000 0.90199630
vt 20.12053000 0.96790780
vt 20.15354000 0.91850930
vt 20.10789000 0.98054620
vt 20.14195000 0.89832990
vt 20.11397000 0.95808180
vt 20.14195000 0.91620390
vt 20.09745000 0.96492170
vt 20.12352000 0.90199630
vt 20.11166000 0.94649120
vt 20.13036000 0.91850930
vt 20.09379000 0.94649120
vt 20.10789000 0.91243620
vt 20.11397000 0.93490060
vt 20.12053000 0.92507450
vt 20.09745000 0.92806070
vt 20.20712000 0.91649730
vt 20.21023000 0.91960720
vt 20.22172000 0.91193250
vt 20.22004000 0.90786910
vt 20.19849000 0.92941060
vt 20.23527000 0.90930950
vt 20.20256000 0.93109350
vt 20.23527000 0.90483930
vt 20.19547000 0.94464250
vt 20.24882000 0.91193250
vt 20.19993000 0.94464250
vt 20.25050000 0.90786910
vt 20.19849000 0.95987470
vt 20.26030000 0.91960720
vt 20.20256000 0.95819160
vt 20.26341000 0.91649730
vt 20.20712000 0.97278780
vt 20.26798000 0.93109350
vt 20.21023000 0.96967790
vt 20.27204000 0.92941060
vt 20.22004000 0.98141600
vt 20.27060000 0.94464250
vt 20.22172000 0.97735260
vt 20.27507000 0.94464250
vt 20.23527000 0.98444580
vt 20.26798000 0.95819160
vt 20.23527000 0.97997580
vt 20.27204000 0.95987470
vt 20.25050000 0.98141600
vt 20.26030000 0.96967790
vt 20.24882000 0.97735260
vt 20.26341000 0.97278780
vt 30.34611000 0.89007090
vt 30.30013000 0.89007090
vt 30.30013000 0.95653940
vt 30.34611000 0.95653910
vt 30.31630000 0.92401140
vt 30.31630000 0.99047980
vt 30.36227000 0.99047980
vt 30.36227000 0.92401140
vt 30.17068000 0.94649120
vt 30.20473000 0.98054810
vt 30.21518000 0.96492240
vt 30.21884000 0.94649120
vt 30.18911000 0.99098860
vt 30.21518000 0.92805970
vt 30.17068000 0.99465520
vt 30.20473000 0.91243430
vt 30.15225000 0.99098860
vt 30.18911000 0.90199380
vt 30.13662000 0.98054810
vt 30.17068000 0.89832720
vt 30.12618000 0.96492270
vt 30.15225000 0.90199380
vt 30.12251000 0.94649120
vt 30.13662000 0.91243430
vt 30.12618000 0.92805970
f 3/3/3 2/2/2 1/1/1
f 2/2/2 4/4/4 1/1/1
f 2/2/2 5/5/5 4/4/4
f 5/5/5 6/6/6 4/4/4
f 5/5/5 7/7/7 6/6/6
f 7/7/7 8/8/8 6/6/6
f 7/7/7 9/9/9 8/8/8
f 9/9/9 10/10/10 8/8/8
f 9/9/9 11/11/11 10/10/10
f 11/11/11 12/12/12 10/10/10
f 11/11/11 13/13/13 12/12/12
f 1/1/1 4/4/4 14/14/14
f 13/13/13 14/14/14 12/12/12
f 15/15/15 1/1/1 14/14/14
f 13/13/13 16/16/16 14/14/14
f 16/16/16 15/15/15 14/14/14
f 19/19/19 18/18/18 17/17/17
f 18/18/18 20/20/20 17/17/17
f 17/17/17 20/20/20 21/21/21
f 20/20/20 22/22/22 21/21/21
f 21/21/21 22/22/22 23/23/23
f 22/22/22 24/24/24 23/23/23
f 23/23/23 24/24/24 25/25/25
f 24/24/24 26/26/26 25/25/25
f 25/25/25 26/26/26 27/27/27
f 26/26/26 28/28/28 27/27/27
f 27/27/27 28/28/28 29/29/29
f 28/28/28 30/30/30 29/29/29
f 33/33/33 32/32/32 31/31/31
f 34/34/34 33/33/33 31/31/31
f 35/35/35 33/33/33 34/34/34
f 36/36/36 35/35/35 34/34/34
f 39/39/39 38/38/38 37/37/37
f 40/40/40 39/39/39 37/37/37
f 41/41/41 39/39/39 40/40/40
f 42/42/42 41/41/41 40/40/40
f 43/43/43 41/41/41 42/42/42
f 44/44/44 43/43/43 42/42/42
f 45/45/45 43/43/43 44/44/44
f 46/46/46 45/45/45 44/44/44
f 47/47/47 45/45/45 46/46/46
f 48/48/48 47/47/47 46/46/46
f 49/49/49 47/47/47 48/48/48
f 50/50/50 49/49/49 48/48/48
f 53/53/53 52/52/52 51/51/51
f 54/54/54 53/53/53 51/51/51
f 55/55/55 53/53/53 54/54/54
f 56/56/56 55/55/55 54/54/54
f 59/59/59 58/58/58 57/57/57
f 58/58/58 60/60/60 57/57/57
f 57/57/57 60/60/60 61/61/61
f 60/60/60 62/62/62 61/61/61
f 61/61/61 62/62/62 63/63/63
f 62/62/62 64/64/64 63/63/63
f 63/63/63 64/64/64 65/65/65
f 64/64/64 66/66/66 65/65/65
f 65/65/65 66/66/66 67/67/67
f 66/66/66 68/68/68 67/67/67
f 67/67/67 68/68/68 69/69/69
f 68/68/68 70/70/70 69/69/69
f 73/73/73 72/72/72 71/71/71
f 74/74/74 73/73/73 71/71/71
f 75/75/75 73/73/73 74/74/74
f 76/76/76 75/75/75 74/74/74
f 79/79/79 78/78/78 77/77/77
f 80/80/80 79/79/79 77/77/77
f 81/81/81 79/79/79 80/80/80
f 82/82/82 81/81/81 80/80/80
f 83/83/83 81/81/81 82/82/82
f 84/84/84 83/83/83 82/82/82
f 85/85/85 83/83/83 84/84/84
f 86/86/86 85/85/85 84/84/84
f 87/87/87 85/85/85 86/86/86
f 88/88/88 87/87/87 86/86/86
f 89/89/89 87/87/87 88/88/88
f 90/90/90 89/89/89 88/88/88
f 93/93/93 92/92/92 91/91/91
f 94/94/94 93/93/93 91/91/91
f 95/95/95 93/93/93 94/94/94
f 96/96/96 95/95/95 94/94/94
f 99/99/99 98/98/98 97/97/97
f 100/100/100 99/99/99 97/97/97
f 103/103/103 102/102/102 101/101/101
f 104/104/104 103/103/103 101/101/101
f 107/107/107 106/106/106 105/105/105
f 108/108/108 107/107/107 105/105/105
f 111/111/111 110/110/110 109/109/109
f 112/112/112 111/111/111 109/109/109
f 115/115/115 114/114/114 113/113/113
f 116/116/116 115/115/115 113/113/113
f 119/119/119 118/118/118 117/117/117
f 120/120/120 119/119/119 117/117/117
f 123/123/123 122/122/122 121/121/121
f 124/124/124 123/123/123 121/121/121
f 127/127/127 126/126/126 125/125/125
f 128/128/128 127/127/127 125/125/125
f 131/131/131 130/130/130 129/129/129
f 132/132/132 131/131/131 129/129/129
f 135/135/135 134/134/134 133/133/133
f 136/136/136 135/135/135 133/133/133
f 137/137/137 135/135/135 136/136/136
f 138/138/138 137/137/137 136/136/136
f 141/141/141 140/140/140 139/139/139
f 142/142/142 141/141/141 139/139/139
f 145/145/145 144/144/144 143/143/143
f 146/146/146 145/145/145 143/143/143
f 147/147/147 145/145/145 146/146/146
f 148/148/148 147/147/147 146/146/146
f 149/149/149 147/147/147 148/148/148
f 150/150/150 149/149/149 148/148/148
f 151/151/151 149/149/149 150/150/150
f 152/152/152 151/151/151 150/150/150
f 153/153/153 151/151/151 152/152/152
f 154/154/154 153/153/153 152/152/152
f 155/155/155 153/153/153 154/154/154
f 156/156/156 155/155/155 154/154/154
f 159/159/159 158/158/158 157/157/157
f 158/158/158 160/160/160 157/157/157
f 157/157/157 160/160/160 161/161/161
f 160/160/160 162/162/162 161/161/161
f 165/165/165 164/164/164 163/163/163
f 164/164/164 166/166/166 163/163/163
f 163/163/163 166/166/166 167/167/167
f 166/166/166 168/168/168 167/167/167
f 167/167/167 168/168/168 169/169/169
f 168/168/168 170/170/170 169/169/169
f 169/169/169 170/170/170 171/171/171
f 170/170/170 172/172/172 171/171/171
f 171/171/171 172/172/172 173/173/173
f 172/172/172 174/174/174 173/173/173
f 173/173/173 174/174/174 175/175/175
f 174/174/174 176/176/176 175/175/175
f 179/179/179 178/178/178 177/177/177
f 178/178/178 180/180/180 177/177/177
f 177/177/177 180/180/180 181/181/181
f 180/180/180 182/182/182 181/181/181
f 185/185/185 184/184/184 183/183/183
f 186/186/186 185/185/185 183/183/183
f 187/187/187 185/185/185 186/186/186
f 188/188/188 187/187/187 186/186/186
f 189/189/189 187/187/187 188/188/188
f 190/190/190 189/189/189 188/188/188
f 191/191/191 189/189/189 190/190/190
f 192/192/192 191/191/191 190/190/190
f 193/193/193 191/191/191 192/192/192
f 194/194/194 193/193/193 192/192/192
f 195/195/195 193/193/193 194/194/194
f 196/196/196 195/195/195 194/194/194
f 199/199/199 198/198/198 197/197/197
f 198/198/198 200/200/200 197/197/197
f 197/197/197 200/200/200 201/201/201
f 200/200/200 202/202/202 201/201/201
f 205/205/205 204/204/204 203/203/203
f 204/204/204 206/206/206 203/203/203
f 203/203/203 206/206/206 207/207/207
f 206/206/206 208/208/208 207/207/207
f 207/207/207 208/208/208 209/209/209
f 208/208/208 210/210/210 209/209/209
f 209/209/209 210/210/210 211/211/211
f 210/210/210 212/212/212 211/211/211
f 211/211/211 212/212/212 213/213/213
f 212/212/212 214/214/214 213/213/213
f 213/213/213 214/214/214 215/215/215
f 214/214/214 216/216/216 215/215/215
f 219/219/219 218/218/218 217/217/217
f 218/218/218 220/220/220 217/217/217
f 217/217/217 220/220/220 221/221/221
f 220/220/220 222/222/222 221/221/221
f 225/225/225 224/224/224 223/223/223
f 226/226/226 225/225/225 223/223/223
f 227/227/227 225/225/225 226/226/226
f 228/228/228 227/227/227 226/226/226
f 231/231/231 230/230/230 229/229/229
f 232/232/232 231/231/231 229/229/229
f 235/235/235 234/234/234 233/233/233
f 236/236/236 235/235/235 233/233/233
f 237/237/237 235/235/235 236/236/236
f 238/238/238 237/237/237 236/236/236
f 241/241/241 240/240/240 239/239/239
f 242/242/242 241/241/241 239/239/239
f 245/245/245 244/244/244 243/243/243
f 246/246/246 245/245/245 243/243/243
f 249/249/249 248/248/248 247/247/247
f 250/250/250 249/249/249 247/247/247
f 251/251/251 249/249/249 250/250/250
f 252/252/252 251/251/251 250/250/250
f 255/255/255 254/254/254 253/253/253
f 256/256/256 255/255/255 253/253/253
f 259/259/259 258/258/258 257/257/257
f 260/260/260 259/259/259 257/257/257
f 261/261/261 259/259/259 260/260/260
f 262/262/262 261/261/261 260/260/260
f 265/265/265 264/264/264 263/263/263
f 266/266/266 265/265/265 263/263/263
f 269/269/269 268/268/268 267/267/267
f 270/270/270 269/269/269 267/267/267
f 273/273/273 272/272/272 271/271/271
f 274/274/274 273/273/273 271/271/271
f 277/277/277 276/276/276 275/275/275
f 278/278/278 277/277/277 275/275/275
f 281/281/281 280/280/280 279/279/279
f 282/282/282 281/281/281 279/279/279
f 285/285/285 284/284/284 283/283/283
f 286/286/286 285/285/285 283/283/283
f 289/289/289 288/288/288 287/287/287
f 290/290/290 289/289/289 287/287/287
f 293/293/293 292/292/292 291/291/291
f 294/294/294 293/293/293 291/291/291
f 297/297/297 296/296/296 295/295/295
f 298/298/298 297/297/297 295/295/295
f 301/301/301 300/300/300 299/299/299
f 302/302/302 301/301/301 299/299/299
f 305/305/305 304/304/304 303/303/303
f 306/306/306 305/305/305 303/303/303
f 309/309/309 308/308/308 307/307/307
f 310/310/310 309/309/309 307/307/307
f 313/313/313 312/312/312 311/311/311
f 314/314/314 313/313/313 311/311/311
f 317/317/317 316/316/316 315/315/315
f 318/318/318 317/317/317 315/315/315
f 321/321/321 320/320/320 319/319/319
f 322/322/322 321/321/321 319/319/319
f 325/325/325 324/324/324 323/323/323
f 326/326/326 325/325/325 323/323/323
f 329/329/329 328/328/328 327/327/327
f 330/330/330 329/329/329 327/327/327
f 333/333/333 332/332/332 331/331/331
f 334/334/334 333/333/333 331/331/331
f 337/337/337 336/336/336 335/335/335
f 338/338/338 337/337/337 335/335/335
f 341/341/341 340/340/340 339/339/339
f 342/342/342 341/341/341 339/339/339
f 345/345/345 344/344/344 343/343/343
f 346/346/346 345/345/345 343/343/343
f 349/349/349 348/348/348 347/347/347
f 350/350/350 349/349/349 347/347/347
f 353/353/353 352/352/352 351/351/351
f 354/354/354 353/353/353 351/351/351
f 355/355/355 353/353/353 354/354/354
f 356/356/356 355/355/355 354/354/354
f 359/359/359 358/358/358 357/357/357
f 360/360/360 359/359/359 357/357/357
f 363/363/363 362/362/362 361/361/361
f 364/364/364 363/363/363 361/361/361
f 367/367/367 366/366/366 365/365/365
f 368/368/368 367/367/367 365/365/365
f 371/371/371 370/370/370 369/369/369
f 372/372/372 371/371/371 369/369/369
f 375/375/375 374/374/374 373/373/373
f 376/376/376 375/375/375 373/373/373
f 379/379/379 378/378/378 377/377/377
f 380/380/380 379/379/379 377/377/377
f 383/383/383 382/382/382 381/381/381
f 384/384/384 383/383/383 381/381/381
f 385/385/385 383/383/383 384/384/384
f 386/386/386 385/385/385 384/384/384
f 389/389/389 388/388/388 387/387/387
f 390/390/390 389/389/389 387/387/387
f 393/393/393 392/392/392 391/391/391
f 394/394/394 393/393/393 391/391/391
f 397/397/397 396/396/396 395/395/395
f 398/398/398 397/397/397 395/395/395
f 399/399/399 397/397/397 398/398/398
f 400/400/400 399/399/399 398/398/398
f 403/403/403 402/402/402 401/401/401
f 404/404/404 403/403/403 401/401/401
f 407/407/407 406/406/406 405/405/405
f 408/408/408 407/407/407 405/405/405
f 411/411/411 410/410/410 409/409/409
f 412/412/412 411/411/411 409/409/409
f 415/415/415 414/414/414 413/413/413
f 416/416/416 415/415/415 413/413/413
f 419/419/419 418/418/418 417/417/417
f 420/420/420 419/419/419 417/417/417
f 423/423/423 422/422/422 421/421/421
f 424/424/424 423/423/423 421/421/421
f 427/427/427 426/426/426 425/425/425
f 428/428/428 427/427/427 425/425/425
f 431/431/431 430/430/430 429/429/429
f 432/432/432 431/431/431 429/429/429
f 433/433/433 431/431/431 432/432/432
f 434/434/434 433/433/433 432/432/432
f 437/437/437 436/436/436 435/435/435
f 438/438/438 437/437/437 435/435/435
f 439/439/439 437/437/437 438/438/438
f 440/440/440 439/439/439 438/438/438
f 443/443/443 442/442/442 441/441/441
f 444/444/444 443/443/443 441/441/441
f 447/447/447 446/446/446 445/445/445
f 448/448/448 447/447/447 445/445/445
f 448/448/448 445/445/445 449/449/449
f 450/450/450 447/447/447 448/448/448
f 451/451/451 448/448/448 449/449/449
f 451/451/451 449/449/449 452/452/452
f 453/453/453 450/450/450 448/448/448
f 453/453/453 448/448/448 451/451/451
f 454/454/454 450/450/450 453/453/453
f 455/455/455 454/454/454 453/453/453
f 455/455/455 453/453/453 456/456/456
f 456/456/456 453/453/453 451/451/451
f 457/457/457 455/455/455 456/456/456
f 458/458/458 451/451/451 452/452/452
f 456/456/456 451/451/451 458/458/458
f 457/457/457 456/456/456 459/459/459
f 459/459/459 456/456/456 458/458/458
f 460/460/460 457/457/457 459/459/459
f 461/461/461 460/460/460 459/459/459
f 462/462/462 458/458/458 452/452/452
f 459/459/459 458/458/458 462/462/462
f 463/463/463 462/462/462 452/452/452
f 463/463/463 464/464/464 462/462/462
f 464/464/464 465/465/465 462/462/462
f 466/466/466 459/459/459 462/462/462
f 462/462/462 465/465/465 466/466/466
f 466/466/466 461/461/461 459/459/459
f 465/465/465 467/467/467 466/466/466
f 466/466/466 467/467/467 461/461/461
f 467/467/467 468/468/468 461/461/461
f 471/471/471 470/470/470 469/469/469
f 472/472/472 471/471/471 469/469/469
f 472/472/472 469/469/469 473/473/473
f 474/474/474 472/472/472 473/473/473
f 474/474/474 473/473/473 475/475/475
f 476/476/476 474/474/474 475/475/475
f 476/476/476 475/475/475 477/477/477
f 475/475/475 478/478/478 477/477/477
f 478/478/478 479/479/479 477/477/477
f 479/479/479 480/480/480 477/477/477
f 483/483/483 482/482/482 481/481/481
f 484/484/484 483/483/483 481/481/481
f 484/484/484 481/481/481 485/485/485
f 486/486/486 483/483/483 484/484/484
f 487/487/487 484/484/484 485/485/485
f 487/487/487 485/485/485 488/488/488
f 489/489/489 486/486/486 484/484/484
f 489/489/489 484/484/484 487/487/487
f 490/490/490 486/486/486 489/489/489
f 491/491/491 490/490/490 489/489/489
f 491/491/491 489/489/489 492/492/492
f 492/492/492 489/489/489 487/487/487
f 493/493/493 491/491/491 492/492/492
f 494/494/494 487/487/487 488/488/488
f 492/492/492 487/487/487 494/494/494
f 488/488/488 495/495/495 494/494/494
f 493/493/493 492/492/492 496/496/496
f 496/496/496 492/492/492 494/494/494
f 497/497/497 493/493/493 496/496/496
f 496/496/496 498/498/498 497/497/497
f 496/496/496 494/494/494 498/498/498
f 498/498/498 499/499/499 497/497/497
f 495/495/495 500/500/500 494/494/494
f 494/494/494 500/500/500 498/498/498
f 495/495/495 501/501/501 500/500/500
f 501/501/501 502/502/502 500/500/500
f 500/500/500 502/502/502 498/498/498
f 502/502/502 503/503/503 498/498/498
f 498/498/498 503/503/503 499/499/499
f 503/503/503 504/504/504 499/499/499
f 507/507/507 506/506/506 505/505/505
f 508/508/508 507/507/507 505/505/505
f 508/508/508 505/505/505 509/509/509
f 510/510/510 508/508/508 509/509/509
f 510/510/510 509/509/509 511/511/511
f 512/512/512 510/510/510 511/511/511
f 513/513/513 512/512/512 511/511/511
f 514/514/514 513/513/513 511/511/511
f 514/514/514 515/515/515 513/513/513
f 515/515/515 516/516/516 513/513/513
f 519/519/519 518/518/518 517/517/517
f 520/520/520 519/519/519 517/517/517
f 520/520/520 517/517/517 521/521/521
f 519/519/519 520/520/520 522/522/522
f 523/523/523 519/519/519 522/522/522
f 524/524/524 523/523/523 522/522/522
f 525/525/525 524/524/524 522/522/522
f 525/525/525 522/522/522 526/526/526
f 522/522/522 520/520/520 526/526/526
f 527/527/527 525/525/525 526/526/526
f 527/527/527 526/526/526 528/528/528
f 529/529/529 520/520/520 521/521/521
f 520/520/520 529/529/529 526/526/526
f 526/526/526 530/530/530 528/528/528
f 526/526/526 529/529/529 530/530/530
f 528/528/528 530/530/530 531/531/531
f 532/532/532 529/529/529 521/521/521
f 529/529/529 532/532/532 530/530/530
f 533/533/533 532/532/532 521/521/521
f 530/530/530 534/534/534 531/531/531
f 530/530/530 532/532/532 534/534/534
f 535/535/535 532/532/532 533/533/533
f 532/532/532 535/535/535 534/534/534
f 536/536/536 535/535/535 533/533/533
f 536/536/536 537/537/537 535/535/535
f 537/537/537 538/538/538 535/535/535
f 535/535/535 538/538/538 539/539/539
f 534/534/534 535/535/535 539/539/539
f 534/534/534 539/539/539 531/531/531
f 539/539/539 540/540/540 531/531/531
f 543/543/543 542/542/542 541/541/541
f 544/544/544 543/543/543 541/541/541
f 544/544/544 541/541/541 545/545/545
f 544/544/544 546/546/546 543/543/543
f 546/546/546 547/547/547 543/543/543
f 548/548/548 546/546/546 544/544/544
f 549/549/549 544/544/544 545/545/545
f 549/549/549 548/548/548 544/544/544
f 549/549/549 545/545/545 550/550/550
f 551/551/551 548/548/548 549/549/549
f 552/552/552 549/549/549 550/550/550
f 552/552/552 551/551/551 549/549/549
f 550/550/550 553/553/553 552/552/552
f 552/552/552 554/554/554 551/551/551
f 553/553/553 554/554/554 552/552/552
f 553/553/553 555/555/555 554/554/554
f 554/554/554 556/556/556 551/551/551
f 555/555/555 557/557/557 554/554/554
f 554/554/554 557/557/557 556/556/556
f 557/557/557 558/558/558 556/556/556
f 561/561/561 560/560/560 559/559/559
f 562/562/562 561/561/561 559/559/559
f 563/563/563 561/561/561 562/562/562
f 562/562/562 559/559/559 564/564/564
f 565/565/565 563/563/563 562/562/562
f 566/566/566 563/563/563 565/565/565
f 567/567/567 566/566/566 565/565/565
f 568/568/568 562/562/562 564/564/564
f 565/565/565 562/562/562 568/568/568
f 567/567/567 565/565/565 569/569/569
f 569/569/569 565/565/565 568/568/568
f 570/570/570 567/567/567 569/569/569
f 570/570/570 569/569/569 571/571/571
f 569/569/569 572/572/572 571/571/571
f 569/569/569 568/568/568 572/572/572
f 573/573/573 571/571/571 572/572/572
f 568/568/568 564/564/564 574/574/574
f 568/568/568 574/574/574 572/572/572
f 564/564/564 575/575/575 574/574/574
f 576/576/576 574/574/574 575/575/575
f 572/572/572 574/574/574 576/576/576
f 577/577/577 576/576/576 575/575/575
f 577/577/577 578/578/578 576/576/576
f 578/578/578 579/579/579 576/576/576
f 580/580/580 572/572/572 576/576/576
f 576/576/576 579/579/579 580/580/580
f 580/580/580 573/573/573 572/572/572
f 579/579/579 581/581/581 580/580/580
f 580/580/580 581/581/581 573/573/573
f 581/581/581 582/582/582 573/573/573
f 585/585/585 584/584/584 583/583/583
f 586/586/586 585/585/585 583/583/583
f 586/586/586 583/583/583 587/587/587
f 586/586/586 588/588/588 585/585/585
f 588/588/588 589/589/589 585/585/585
f 590/590/590 589/589/589 588/588/588
f 591/591/591 590/590/590 588/588/588
f 591/591/591 588/588/588 592/592/592
f 592/592/592 588/588/588 586/586/586
f 593/593/593 591/591/591 592/592/592
f 593/593/593 592/592/592 594/594/594
f 595/595/595 586/586/586 587/587/587
f 595/595/595 592/592/592 586/586/586
f 592/592/592 596/596/596 594/594/594
f 596/596/596 592/592/592 595/595/595
f 594/594/594 596/596/596 597/597/597
f 598/598/598 595/595/595 587/587/587
f 598/598/598 596/596/596 595/595/595
f 599/599/599 598/598/598 587/587/587
f 596/596/596 600/600/600 597/597/597
f 600/600/600 596/596/596 598/598/598
f 601/601/601 598/598/598 599/599/599
f 601/601/601 600/600/600 598/598/598
f 602/602/602 601/601/601 599/599/599
f 602/602/602 603/603/603 601/601/601
f 603/603/603 604/604/604 601/601/601
f 604/604/604 605/605/605 601/601/601
f 605/605/605 600/600/600 601/601/601
f 600/600/600 605/605/605 597/597/597
f 605/605/605 606/606/606 597/597/597
f 609/609/609 608/608/608 607/607/607
f 610/610/610 609/609/609 607/607/607
f 611/611/611 609/609/609 610/610/610
f 610/610/610 607/607/607 612/612/612
f 613/613/613 611/611/611 610/610/610
f 614/614/614 611/611/611 613/613/613
f 615/615/615 614/614/614 613/613/613
f 616/616/616 610/610/610 612/612/612
f 613/613/613 610/610/610 616/616/616
f 615/615/615 613/613/613 617/617/617
f 617/617/617 613/613/613 616/616/616
f 618/618/618 615/615/615 617/617/617
f 618/618/618 617/617/617 619/619/619
f 616/616/616 612/612/612 620/620/620
f 612/612/612 621/621/621 620/620/620
f 621/621/621 622/622/622 620/620/620
f 617/617/617 616/616/616 623/623/623
f 617/617/617 623/623/623 619/619/619
f 616/616/616 620/620/620 623/623/623
f 623/623/623 624/624/624 619/619/619
f 623/623/623 620/620/620 624/624/624
f 624/624/624 625/625/625 619/619/619
f 622/622/622 626/626/626 620/620/620
f 620/620/620 626/626/626 624/624/624
f 622/622/622 627/627/627 626/626/626
f 627/627/627 628/628/628 626/626/626
f 626/626/626 628/628/628 624/624/624
f 628/628/628 629/629/629 624/624/624
f 624/624/624 629/629/629 625/625/625
f 629/629/629 630/630/630 625/625/625
f 633/633/633 632/632/632 631/631/631
f 634/634/634 633/633/633 631/631/631
f 634/634/634 631/631/631 635/635/635
f 634/634/634 636/636/636 633/633/633
f 636/636/636 637/637/637 633/633/633
f 638/638/638 636/636/636 634/634/634
f 639/639/639 638/638/638 634/634/634
f 639/639/639 634/634/634 635/635/635
f 638/638/638 639/639/639 640/640/640
f 639/639/639 635/635/635 641/641/641
f 639/639/639 641/641/641 640/640/640
f 635/635/635 642/642/642 641/641/641
f 643/643/643 640/640/640 641/641/641
f 644/644/644 641/641/641 642/642/642
f 644/644/644 643/643/643 641/641/641
f 645/645/645 644/644/644 642/642/642
f 645/645/645 646/646/646 644/644/644
f 646/646/646 647/647/647 644/644/644
f 644/644/644 647/647/647 643/643/643
f 647/647/647 648/648/648 643/643/643
f 651/651/651 650/650/650 649/649/649
f 652/652/652 651/651/651 649/649/649
f 649/649/649 653/653/653 652/652/652
f 652/652/652 654/654/654 651/651/651
f 654/654/654 655/655/655 651/651/651
f 653/653/653 656/656/656 652/652/652
f 652/652/652 656/656/656 654/654/654
f 653/653/653 657/657/657 656/656/656
f 656/656/656 658/658/658 654/654/654
f 657/657/657 659/659/659 656/656/656
f 656/656/656 659/659/659 658/658/658
f 657/657/657 660/660/660 659/659/659
f 659/659/659 661/661/661 658/658/658
f 660/660/660 662/662/662 659/659/659
f 659/659/659 662/662/662 661/661/661
f 660/660/660 663/663/663 662/662/662
f 662/662/662 664/664/664 661/661/661
f 663/663/663 665/665/665 662/662/662
f 662/662/662 665/665/665 664/664/664
f 665/665/665 666/666/666 664/664/664
f 669/669/669 668/668/668 667/667/667
f 670/670/670 669/669/669 667/667/667
f 670/670/670 667/667/667 671/671/671
f 672/672/672 670/670/670 671/671/671
f 672/672/672 671/671/671 673/673/673
f 671/671/671 674/674/674 673/673/673
f 673/673/673 674/674/674 675/675/675
f 674/674/674 676/676/676 675/675/675
f 675/675/675 676/676/676 677/677/677
f 676/676/676 678/678/678 677/677/677
f 681/681/681 680/680/680 679/679/679
f 682/682/682 681/681/681 679/679/679
f 683/683/683 681/681/681 682/682/682
f 684/684/684 683/683/683 682/682/682
f 683/683/683 684/684/684 685/685/685
f 684/684/684 686/686/686 685/685/685
f 685/685/685 686/686/686 687/687/687
f 688/688/688 685/685/685 687/687/687
f 688/688/688 687/687/687 689/689/689
f 687/687/687 690/690/690 689/689/689
f 693/693/693 692/692/692 691/691/691
f 694/694/694 693/693/693 691/691/691
f 695/695/695 693/693/693 694/694/694
f 696/696/696 695/695/695 694/694/694
f 694/694/694 691/691/691 697/697/697
f 696/696/696 694/694/694 698/698/698
f 698/698/698 694/694/694 697/697/697
f 699/699/699 696/696/696 698/698/698
f 699/699/699 698/698/698 700/700/700
f 698/698/698 697/697/697 701/701/701
f 698/698/698 701/701/701 700/700/700
f 697/697/697 702/702/702 701/701/701
f 700/700/700 701/701/701 703/703/703
f 701/701/701 702/702/702 704/704/704
f 701/701/701 704/704/704 703/703/703
f 705/705/705 703/703/703 704/704/704
f 702/702/702 706/706/706 704/704/704
f 707/707/707 705/705/705 704/704/704
f 707/707/707 704/704/704 706/706/706
f 708/708/708 707/707/707 706/706/706
f 711/711/711 710/710/710 709/709/709
f 712/712/712 711/711/711 709/709/709
f 712/712/712 709/709/709 713/713/713
f 714/714/714 712/712/712 713/713/713
f 713/713/713 715/715/715 714/714/714
f 715/715/715 716/716/716 714/714/714
f 715/715/715 717/717/717 716/716/716
f 717/717/717 718/718/718 716/716/716
f 717/717/717 719/719/719 718/718/718
f 719/719/719 720/720/720 718/718/718
f 719/719/719 721/721/721 720/720/720
f 712/712/712 722/722/722 711/711/711
f 721/721/721 722/722/722 720/720/720
f 722/722/722 723/723/723 711/711/711
f 721/721/721 724/724/724 722/722/722
f 724/724/724 723/723/723 722/722/722
f 727/727/727 726/726/726 725/725/725
f 728/728/728 727/727/727 725/725/725
f 729/729/729 727/727/727 728/728/728
f 730/730/730 729/729/729 728/728/728
f 731/731/731 729/729/729 730/730/730
f 732/732/732 731/731/731 730/730/730
f 733/733/733 731/731/731 732/732/732
f 734/734/734 733/733/733 732/732/732
f 735/735/735 733/733/733 734/734/734
f 736/736/736 735/735/735 734/734/734
f 739/739/739 738/738/738 737/737/737
f 740/740/740 739/739/739 737/737/737
f 741/741/741 739/739/739 740/740/740
f 740/740/740 737/737/737 742/742/742
f 743/743/743 741/741/741 740/740/740
f 744/744/744 741/741/741 743/743/743
f 745/745/745 744/744/744 743/743/743
f 746/746/746 744/744/744 745/745/745
f 747/747/747 746/746/746 745/745/745
f 748/748/748 746/746/746 747/747/747
f 749/749/749 748/748/748 747/747/747
f 750/750/750 748/748/748 749/749/749
f 742/742/742 751/751/751 750/750/750
f 752/752/752 740/740/740 742/742/742
f 752/752/752 750/750/750 749/749/749
f 752/752/752 742/742/742 750/750/750
f 755/755/755 754/754/754 753/753/753
f 756/756/756 755/755/755 753/753/753
f 756/756/756 753/753/753 757/757/757
f 753/753/753 758/758/758 757/757/757
f 757/757/757 758/758/758 759/759/759
f 758/758/758 760/760/760 759/759/759
f 759/759/759 760/760/760 761/761/761
f 760/760/760 762/762/762 761/761/761
f 755/755/755 756/756/756 763/763/763
f 761/761/761 762/762/762 764/764/764
f 762/762/762 765/765/765 764/764/764
f 764/764/764 765/765/765 766/766/766
f 763/763/763 764/764/764 766/766/766
f 767/767/767 755/755/755 763/763/763
f 763/763/763 766/766/766 767/767/767
f 766/766/766 768/768/768 767/767/767
f 771/771/771 770/770/770 769/769/769
f 772/772/772 771/771/771 769/769/769
f 773/773/773 771/771/771 772/772/772
f 774/774/774 773/773/773 772/772/772
f 775/775/775 773/773/773 774/774/774
f 776/776/776 775/775/775 774/774/774
f 777/777/777 775/775/775 776/776/776
f 778/778/778 777/777/777 776/776/776
f 779/779/779 777/777/777 778/778/778
f 780/780/780 779/779/779 778/778/778
f 783/783/783 782/782/782 781/781/781
f 782/782/782 783/783/783 784/784/784
f 782/782/782 785/785/785 781/781/781
f 786/786/786 782/782/782 784/784/784
f 781/781/781 785/785/785 787/787/787
f 786/786/786 784/784/784 788/788/788
f 785/785/785 789/789/789 787/787/787
f 790/790/790 786/786/786 788/788/788
f 787/787/787 789/789/789 791/791/791
f 790/790/790 788/788/788 792/792/792
f 789/789/789 793/793/793 791/791/791
f 794/794/794 790/790/790 792/792/792
f 791/791/791 793/793/793 795/795/795
f 794/794/794 792/792/792 796/796/796
f 793/793/793 797/797/797 795/795/795
f 798/798/798 794/794/794 796/796/796
f 795/795/795 797/797/797 799/799/799
f 798/798/798 796/796/796 800/800/800
f 797/797/797 801/801/801 799/799/799
f 802/802/802 798/798/798 800/800/800
f 799/799/799 801/801/801 803/803/803
f 802/802/802 800/800/800 804/804/804
f 801/801/801 805/805/805 803/803/803
f 806/806/806 802/802/802 804/804/804
f 803/803/803 805/805/805 807/807/807
f 806/806/806 804/804/804 808/808/808
f 805/805/805 809/809/809 807/807/807
f 810/810/810 806/806/806 808/808/808
f 807/807/807 809/809/809 811/811/811
f 810/810/810 808/808/808 811/811/811
f 809/809/809 812/812/812 811/811/811
f 812/812/812 810/810/810 811/811/811
f 815/815/815 814/814/814 813/813/813
f 815/815/815 813/813/813 816/816/816
f 814/814/814 817/817/817 813/813/813
f 813/813/813 818/818/818 816/816/816
f 819/819/819 817/817/817 814/814/814
f 816/816/816 818/818/818 820/820/820
f 821/821/821 819/819/819 814/814/814
f 818/818/818 822/822/822 820/820/820
f 823/823/823 819/819/819 821/821/821
f 820/820/820 822/822/822 824/824/824
f 825/825/825 823/823/823 821/821/821
f 822/822/822 826/826/826 824/824/824
f 827/827/827 823/823/823 825/825/825
f 824/824/824 826/826/826 828/828/828
f 829/829/829 827/827/827 825/825/825
f 826/826/826 830/830/830 828/828/828
f 831/831/831 827/827/827 829/829/829
f 828/828/828 830/830/830 832/832/832
f 833/833/833 831/831/831 829/829/829
f 830/830/830 834/834/834 832/832/832
f 835/835/835 831/831/831 833/833/833
f 832/832/832 834/834/834 836/836/836
f 837/837/837 835/835/835 833/833/833
f 834/834/834 838/838/838 836/836/836
f 839/839/839 835/835/835 837/837/837
f 836/836/836 838/838/838 840/840/840
f 841/841/841 839/839/839 837/837/837
f 838/838/838 842/842/842 840/840/840
f 843/843/843 839/839/839 841/841/841
f 840/840/840 842/842/842 844/844/844
f 844/844/844 843/843/843 841/841/841
f 842/842/842 843/843/843 844/844/844
f 847/847/847 846/846/846 845/845/845
f 848/848/848 847/847/847 845/845/845
f 846/846/846 849/849/849 845/845/845
f 850/850/850 848/848/848 845/845/845
f 849/849/849 851/851/851 845/845/845
f 852/852/852 850/850/850 845/845/845
f 851/851/851 853/853/853 845/845/845
f 854/854/854 852/852/852 845/845/845
f 853/853/853 855/855/855 845/845/845
f 856/856/856 854/854/854 845/845/845
f 855/855/855 857/857/857 845/845/845
f 858/858/858 856/856/856 845/845/845
f 857/857/857 859/859/859 845/845/845
f 860/860/860 858/858/858 845/845/845
f 859/859/859 861/861/861 845/845/845
f 861/861/861 860/860/860 845/845/845
f 864/864/864 863/863/863 862/862/862
f 865/865/865 864/864/864 862/862/862
f 863/863/863 866/866/866 862/862/862
f 867/867/867 865/865/865 862/862/862
f 866/866/866 868/868/868 862/862/862
f 869/869/869 867/867/867 862/862/862
f 868/868/868 870/870/870 862/862/862
f 871/871/871 869/869/869 862/862/862
f 870/870/870 872/872/872 862/862/862
f 873/873/873 871/871/871 862/862/862
f 872/872/872 874/874/874 862/862/862
f 875/875/875 873/873/873 862/862/862
f 874/874/874 876/876/876 862/862/862
f 877/877/877 875/875/875 862/862/862
f 876/876/876 878/878/878 862/862/862
f 878/878/878 877/877/877 862/862/862
f 881/881/881 880/880/880 879/879/879
f 882/882/882 881/881/881 879/879/879
f 880/880/880 883/883/883 879/879/879
f 884/884/884 882/882/882 879/879/879
f 883/883/883 885/885/885 879/879/879
f 886/886/886 884/884/884 879/879/879
f 885/885/885 887/887/887 879/879/879
f 888/888/888 886/886/886 879/879/879
f 887/887/887 889/889/889 879/879/879
f 890/890/890 888/888/888 879/879/879
f 889/889/889 891/891/891 879/879/879
f 892/892/892 890/890/890 879/879/879
f 891/891/891 893/893/893 879/879/879
f 894/894/894 892/892/892 879/879/879
f 893/893/893 895/895/895 879/879/879
f 895/895/895 894/894/894 879/879/879
f 898/898/898 897/897/897 896/896/896
f 899/899/899 898/898/898 896/896/896
f 897/897/897 900/900/900 896/896/896
f 901/901/901 899/899/899 896/896/896
f 900/900/900 902/902/902 896/896/896
f 902/902/902 901/901/901 896/896/896
f 905/905/905 904/904/904 903/903/903
f 906/906/906 905/905/905 903/903/903
f 904/904/904 907/907/907 903/903/903
f 908/908/908 906/906/906 903/903/903
f 907/907/907 909/909/909 903/903/903
f 909/909/909 908/908/908 903/903/903
f 912/912/912 911/911/911 910/910/910
f 913/913/913 912/912/912 910/910/910
f 911/911/911 914/914/914 910/910/910
f 915/915/915 913/913/913 910/910/910
f 914/914/914 916/916/916 910/910/910
f 916/916/916 915/915/915 910/910/910
f 919/919/919 918/918/918 917/917/917
f 920/920/920 919/919/919 917/917/917
f 918/918/918 921/921/921 917/917/917
f 922/922/922 920/920/920 917/917/917
f 921/921/921 923/923/923 917/917/917
f 923/923/923 922/922/922 917/917/917
f 926/926/926 925/925/925 924/924/924
f 927/927/927 926/926/926 924/924/924
f 925/925/925 928/928/928 924/924/924
f 929/929/929 927/927/927 924/924/924
f 928/928/928 930/930/930 924/924/924
f 930/930/930 929/929/929 924/924/924
f 933/933/933 932/932/932 931/931/931
f 934/934/934 933/933/933 931/931/931
f 932/932/932 935/935/935 931/931/931
f 936/936/936 934/934/934 931/931/931
f 935/935/935 937/937/937 931/931/931
f 937/937/937 936/936/936 931/931/931
f 940/940/940 939/939/939 938/938/938
f 941/941/941 940/940/940 938/938/938
f 939/939/939 942/942/942 938/938/938
f 943/943/943 941/941/941 938/938/938
f 942/942/942 944/944/944 938/938/938
f 944/944/944 943/943/943 938/938/938
f 947/947/947 946/946/946 945/945/945
f 948/948/948 947/947/947 945/945/945
f 946/946/946 949/949/949 945/945/945
f 950/950/950 948/948/948 945/945/945
f 949/949/949 951/951/951 945/945/945
f 951/951/951 950/950/950 945/945/945
f 954/954/954 953/953/953 952/952/952
f 955/955/955 954/954/954 952/952/952
f 953/953/953 956/956/956 952/952/952
f 957/957/957 955/955/955 952/952/952
f 956/956/956 958/958/958 952/952/952
f 958/958/958 957/957/957 952/952/952
f 961/961/961 960/960/960 959/959/959
f 962/962/962 961/961/961 959/959/959
f 960/960/960 963/963/963 959/959/959
f 964/964/964 962/962/962 959/959/959
f 963/963/963 965/965/965 959/959/959
f 965/965/965 964/964/964 959/959/959
f 968/968/968 967/967/967 966/966/966
f 969/969/969 968/968/968 966/966/966
f 967/967/967 970/970/970 966/966/966
f 971/971/971 969/969/969 966/966/966
f 970/970/970 972/972/972 966/966/966
f 972/972/972 971/971/971 966/966/966
f 975/975/975 974/974/974 973/973/973
f 976/976/976 975/975/975 973/973/973
f 974/974/974 977/977/977 973/973/973
f 978/978/978 976/976/976 973/973/973
f 977/977/977 979/979/979 973/973/973
f 979/979/979 978/978/978 973/973/973
f 982/982/982 981/981/981 980/980/980
f 983/983/983 982/982/982 980/980/980
f 980/980/980 981/981/981 984/984/984
f 985/985/985 982/982/982 983/983/983
f 981/981/981 986/986/986 984/984/984
f 987/987/987 985/985/985 983/983/983
f 984/984/984 986/986/986 988/988/988
f 989/989/989 985/985/985 987/987/987
f 986/986/986 990/990/990 988/988/988
f 991/991/991 989/989/989 987/987/987
f 988/988/988 990/990/990 992/992/992
f 993/993/993 989/989/989 991/991/991
f 990/990/990 994/994/994 992/992/992
f 995/995/995 993/993/993 991/991/991
f 992/992/992 994/994/994 996/996/996
f 997/997/997 993/993/993 995/995/995
f 994/994/994 998/998/998 996/996/996
f 999/999/999 997/997/997 995/995/995
f 996/996/996 998/998/998 1000/1000/1000
f 1001/1001/1001 997/997/997 999/999/999
f 998/998/998 1002/1002/1002 1000/1000/1000
f 1003/1003/1003 1001/1001/1001 999/999/999
f 1000/1000/1000 1002/1002/1002 1004/1004/1004
f 1005/1005/1005 1001/1001/1001 1003/1003/1003
f 1002/1002/1002 1006/1006/1006 1004/1004/1004
f 1007/1007/1007 1005/1005/1005 1003/1003/1003
f 1004/1004/1004 1006/1006/1006 1008/1008/1008
f 1009/1009/1009 1005/1005/1005 1007/1007/1007
f 1006/1006/1006 1010/1010/1010 1008/1008/1008
f 1011/1011/1011 1009/1009/1009 1007/1007/1007
f 1008/1008/1008 1010/1010/1010 1011/1011/1011
f 1010/1010/1010 1009/1009/1009 1011/1011/1011
f 1014/1014/1014 1013/1013/1013 1012/1012/1012
f 1015/1015/1015 1014/1014/1014 1012/1012/1012
f 1014/1014/1014 1016/1016/1016 1013/1013/1013
f 1015/1015/1015 1012/1012/1012 1017/1017/1017
f 1016/1016/1016 1018/1018/1018 1013/1013/1013
f 1019/1019/1019 1015/1015/1015 1017/1017/1017
f 1016/1016/1016 1020/1020/1020 1018/1018/1018
f 1019/1019/1019 1017/1017/1017 1021/1021/1021
f 1020/1020/1020 1022/1022/1022 1018/1018/1018
f 1023/1023/1023 1019/1019/1019 1021/1021/1021
f 1020/1020/1020 1024/1024/1024 1022/1022/1022
f 1023/1023/1023 1021/1021/1021 1025/1025/1025
f 1024/1024/1024 1026/1026/1026 1022/1022/1022
f 1027/1027/1027 1023/1023/1023 1025/1025/1025
f 1024/1024/1024 1028/1028/1028 1026/1026/1026
f 1027/1027/1027 1025/1025/1025 1029/1029/1029
f 1028/1028/1028 1030/1030/1030 1026/1026/1026
f 1031/1031/1031 1027/1027/1027 1029/1029/1029
f 1028/1028/1028 1032/1032/1032 1030/1030/1030
f 1031/1031/1031 1029/1029/1029 1033/1033/1033
f 1032/1032/1032 1034/1034/1034 1030/1030/1030
f 1035/1035/1035 1031/1031/1031 1033/1033/1033
f 1032/1032/1032 1036/1036/1036 1034/1034/1034
f 1035/1035/1035 1033/1033/1033 1037/1037/1037
f 1036/1036/1036 1038/1038/1038 1034/1034/1034
f 1039/1039/1039 1035/1035/1035 1037/1037/1037
f 1036/1036/1036 1040/1040/1040 1038/1038/1038
f 1039/1039/1039 1037/1037/1037 1041/1041/1041
f 1040/1040/1040 1042/1042/1042 1038/1038/1038
f 1043/1043/1043 1039/1039/1039 1041/1041/1041
f 1043/1043/1043 1041/1041/1041 1042/1042/1042
f 1040/1040/1040 1043/1043/1043 1042/1042/1042
f 1046/1046/1046 1045/1045/1045 1044/1044/1044
f 1047/1047/1047 1046/1046/1046 1044/1044/1044
f 1044/1044/1044 1045/1045/1045 1048/1048/1048
f 1049/1049/1049 1046/1046/1046 1047/1047/1047
f 1045/1045/1045 1050/1050/1050 1048/1048/1048
f 1051/1051/1051 1049/1049/1049 1047/1047/1047
f 1048/1048/1048 1050/1050/1050 1052/1052/1052
f 1053/1053/1053 1049/1049/1049 1051/1051/1051
f 1050/1050/1050 1054/1054/1054 1052/1052/1052
f 1055/1055/1055 1053/1053/1053 1051/1051/1051
f 1052/1052/1052 1054/1054/1054 1056/1056/1056
f 1057/1057/1057 1053/1053/1053 1055/1055/1055
f 1054/1054/1054 1058/1058/1058 1056/1056/1056
f 1059/1059/1059 1057/1057/1057 1055/1055/1055
f 1056/1056/1056 1058/1058/1058 1060/1060/1060
f 1061/1061/1061 1057/1057/1057 1059/1059/1059
f 1058/1058/1058 1062/1062/1062 1060/1060/1060
f 1063/1063/1063 1061/1061/1061 1059/1059/1059
f 1060/1060/1060 1062/1062/1062 1064/1064/1064
f 1065/1065/1065 1061/1061/1061 1063/1063/1063
f 1062/1062/1062 1066/1066/1066 1064/1064/1064
f 1067/1067/1067 1065/1065/1065 1063/1063/1063
f 1064/1064/1064 1066/1066/1066 1068/1068/1068
f 1069/1069/1069 1065/1065/1065 1067/1067/1067
f 1066/1066/1066 1070/1070/1070 1068/1068/1068
f 1071/1071/1071 1069/1069/1069 1067/1067/1067
f 1068/1068/1068 1070/1070/1070 1072/1072/1072
f 1073/1073/1073 1069/1069/1069 1071/1071/1071
f 1070/1070/1070 1074/1074/1074 1072/1072/1072
f 1075/1075/1075 1073/1073/1073 1071/1071/1071
f 1072/1072/1072 1074/1074/1074 1075/1075/1075
f 1074/1074/1074 1073/1073/1073 1075/1075/1075
f 1078/1078/1078 1077/1077/1077 1076/1076/1076
f 1079/1079/1079 1078/1078/1078 1076/1076/1076
f 1076/1076/1076 1077/1077/1077 1080/1080/1080
f 1081/1081/1081 1078/1078/1078 1079/1079/1079
f 1077/1077/1077 1082/1082/1082 1080/1080/1080
f 1083/1083/1083 1081/1081/1081 1079/1079/1079
f 1080/1080/1080 1082/1082/1082 1084/1084/1084
f 1085/1085/1085 1081/1081/1081 1083/1083/1083
f 1082/1082/1082 1086/1086/1086 1084/1084/1084
f 1087/1087/1087 1085/1085/1085 1083/1083/1083
f 1084/1084/1084 1086/1086/1086 1088/1088/1088
f 1089/1089/1089 1085/1085/1085 1087/1087/1087
f 1086/1086/1086 1090/1090/1090 1088/1088/1088
f 1091/1091/1091 1089/1089/1089 1087/1087/1087
f 1088/1088/1088 1090/1090/1090 1092/1092/1092
f 1093/1093/1093 1089/1089/1089 1091/1091/1091
f 1090/1090/1090 1094/1094/1094 1092/1092/1092
f 1095/1095/1095 1093/1093/1093 1091/1091/1091
f 1092/1092/1092 1094/1094/1094 1096/1096/1096
f 1097/1097/1097 1093/1093/1093 1095/1095/1095
f 1094/1094/1094 1098/1098/1098 1096/1096/1096
f 1099/1099/1099 1097/1097/1097 1095/1095/1095
f 1096/1096/1096 1098/1098/1098 1100/1100/1100
f 1101/1101/1101 1097/1097/1097 1099/1099/1099
f 1098/1098/1098 1102/1102/1102 1100/1100/1100
f 1103/1103/1103 1101/1101/1101 1099/1099/1099
f 1100/1100/1100 1102/1102/1102 1104/1104/1104
f 1105/1105/1105 1101/1101/1101 1103/1103/1103
f 1102/1102/1102 1106/1106/1106 1104/1104/1104
f 1107/1107/1107 1105/1105/1105 1103/1103/1103
f 1104/1104/1104 1106/1106/1106 1107/1107/1107
f 1106/1106/1106 1105/1105/1105 1107/1107/1107
f 1110/1110/1110 1109/1109/1109 1108/1108/1108
f 1111/1111/1111 1110/1110/1110 1108/1108/1108
f 1114/1114/1114 1113/1113/1113 1112/1112/1112
f 1115/1115/1115 1114/1114/1114 1112/1112/1112
f 1118/1118/1118 1117/1117/1117 1116/1116/1116
f 1119/1119/1119 1118/1118/1118 1116/1116/1116
f 1117/1117/1117 1120/1120/1120 1116/1116/1116
f 1121/1121/1121 1119/1119/1119 1116/1116/1116
f 1120/1120/1120 1122/1122/1122 1116/1116/1116
f 1123/1123/1123 1121/1121/1121 1116/1116/1116
f 1122/1122/1122 1124/1124/1124 1116/1116/1116
f 1125/1125/1125 1123/1123/1123 1116/1116/1116
f 1124/1124/1124 1126/1126/1126 1116/1116/1116
f 1127/1127/1127 1125/1125/1125 1116/1116/1116
f 1126/1126/1126 1128/1128/1128 1116/1116/1116
f 1129/1129/1129 1127/1127/1127 1116/1116/1116
f 1128/1128/1128 1130/1130/1130 1116/1116/1116
f 1131/1131/1131 1129/1129/1129 1116/1116/1116
f 1130/1130/1130 1132/1132/1132 1116/1116/1116
f 1132/1132/1132 1131/1131/1131 1116/1116/1116

