mtllib material.mtl
usemtl material_0
v -0.20223000 0.82827000 0.16737000
v -0.20451000 0.83258000 0.16831000
v -0.20223000 0.83258000 0.16737000
v -0.20451000 0.82827000 0.16831000
v -0.22339000 0.83258000 0.16831000
v -0.20451000 0.82599000 0.16737000
v -0.20265000 0.82640000 0.16695000
v -0.22339000 0.82599000 0.16737000
v -0.22339000 0.82827000 0.16831000
v -0.22567000 0.83258000 0.16737000
v -0.22567000 0.82827000 0.16737000
v -0.22526000 0.82640000 0.16695000
v -0.22567000 0.82827000 0.16737000
v -0.22662000 0.83258000 0.16509000
v -0.22567000 0.83258000 0.16737000
v -0.22662000 0.82827000 0.16509000
v -0.22662000 0.83258000 -0.00686000
v -0.22567000 0.82599000 0.16509000
v -0.22526000 0.82640000 0.16695000
v -0.22567000 0.82599000 -0.00686000
v -0.22662000 0.82827000 -0.00686000
v -0.22567000 0.83258000 -0.00914000
v -0.22567000 0.82826000 -0.00914000
v -0.22526000 0.82640000 -0.00872000
v -0.22339000 0.83258000 -0.01008000
v -0.22567000 0.83258000 -0.00914000
v -0.22567000 0.82826000 -0.00914000
v -0.22339000 0.82827000 -0.01008000
v -0.22339000 0.82599000 -0.00914000
v -0.22526000 0.82640000 -0.00872000
v -0.18241000 0.82597000 -0.00902000
v -0.18254000 0.82836000 -0.01008000
v -0.18247000 0.83258000 -0.01008000
v -0.18020000 0.83258000 -0.00963000
v -0.18020000 0.82836000 -0.00961000
v -0.18046000 0.82640000 -0.00899000
v -0.18020000 0.82836000 -0.00961000
v -0.17827000 0.83258000 -0.00833000
v -0.18020000 0.83258000 -0.00963000
v -0.17822000 0.82836000 -0.00828000
v -0.14468000 0.83258000 0.02556000
v -0.17907000 0.82597000 -0.00763000
v -0.18046000 0.82640000 -0.00899000
v -0.14534000 0.82598000 0.02623000
v -0.14468000 0.82824000 0.02556000
v -0.14373000 0.83258000 0.02784000
v -0.14374000 0.82825000 0.02784000
v -0.14433000 0.82640000 0.02784000
v -0.14535000 0.82599000 0.02947000
v -0.14467000 0.83258000 0.03012000
v -0.14468000 0.82827000 0.03014000
v -0.18509000 0.82599000 0.06991000
v -0.18435000 0.82827000 0.07051000
v -0.18435000 0.83258000 0.07051000
v -0.19778000 0.82599000 0.08918000
v -0.19689000 0.83258000 0.08954000
v -0.19689000 0.82827000 0.08954000
v -0.20223000 0.82599000 0.11182000
v -0.20129000 0.83258000 0.11191000
v -0.20129000 0.82827000 0.11191000
v -0.20223000 0.82599000 0.16509000
v -0.20129000 0.82827000 0.16509000
v -0.20129000 0.83258000 0.16509000
v -0.20223000 0.83258000 0.16737000
v -0.20223000 0.82827000 0.16737000
v -0.20265000 0.82640000 0.16695000
v -0.20223000 0.82599000 0.16509000
v -0.20451000 0.82599000 0.16737000
v -0.20265000 0.82640000 0.16695000
v -0.20451000 0.82504000 0.16509000
v -0.20223000 0.82599000 0.11182000
v -0.22339000 0.82504000 0.16509000
v -0.22339000 0.82599000 0.16737000
v -0.20451000 0.82504000 0.11160000
v -0.19778000 0.82599000 0.08918000
v -0.22339000 0.82504000 -0.00686000
v -0.19993000 0.82504000 0.08830000
v -0.18509000 0.82599000 0.06991000
v -0.22567000 0.82599000 0.16509000
v -0.22526000 0.82640000 0.16695000
v -0.22567000 0.82599000 -0.00686000
v -0.18687000 0.82504000 0.06847000
v -0.14535000 0.82599000 0.02947000
v -0.14695000 0.82504000 0.02785000
v -0.22339000 0.82599000 -0.00914000
v -0.22526000 0.82640000 -0.00872000
v -0.18129000 0.82504000 -0.00700000
v -0.18241000 0.82597000 -0.00902000
v -0.17907000 0.82597000 -0.00763000
v -0.18046000 0.82640000 -0.00899000
v -0.14534000 0.82598000 0.02623000
v -0.14433000 0.82640000 0.02784000
v -0.20223000 0.82827000 -0.26629000
v -0.20223000 0.83258000 -0.26629000
v -0.20451000 0.83258000 -0.26724000
v -0.20451000 0.82827000 -0.26724000
v -0.22339000 0.83258000 -0.26724000
v -0.20451000 0.82599000 -0.26629000
v -0.20265000 0.82640000 -0.26587000
v -0.22339000 0.82599000 -0.26629000
v -0.22339000 0.82827000 -0.26724000
v -0.22567000 0.83258000 -0.26629000
v -0.22567000 0.82827000 -0.26629000
v -0.22526000 0.82640000 -0.26587000
v -0.22567000 0.82827000 -0.26629000
v -0.22567000 0.83258000 -0.26629000
v -0.22662000 0.83258000 -0.26401000
v -0.22662000 0.82827000 -0.26401000
v -0.22662000 0.83258000 -0.09207000
v -0.22567000 0.82599000 -0.26401000
v -0.22526000 0.82640000 -0.26587000
v -0.22567000 0.82599000 -0.09207000
v -0.22662000 0.82827000 -0.09207000
v -0.22567000 0.83258000 -0.08979000
v -0.22567000 0.82826000 -0.08979000
v -0.22526000 0.82640000 -0.09020000
v -0.22339000 0.83258000 -0.08884000
v -0.22567000 0.82826000 -0.08979000
v -0.22567000 0.83258000 -0.08979000
v -0.22339000 0.82827000 -0.08884000
v -0.22339000 0.82599000 -0.08979000
v -0.22526000 0.82640000 -0.09020000
v -0.18241000 0.82597000 -0.08990000
v -0.18254000 0.82836000 -0.08884000
v -0.18247000 0.83258000 -0.08884000
v -0.18020000 0.83258000 -0.08930000
v -0.18020000 0.82836000 -0.08931000
v -0.18046000 0.82640000 -0.08993000
v -0.18020000 0.82836000 -0.08931000
v -0.18020000 0.83258000 -0.08930000
v -0.17827000 0.83258000 -0.09060000
v -0.17822000 0.82836000 -0.09064000
v -0.14468000 0.83258000 -0.12449000
v -0.17907000 0.82597000 -0.09129000
v -0.18046000 0.82640000 -0.08993000
v -0.14534000 0.82598000 -0.12515000
v -0.14468000 0.82824000 -0.12449000
v -0.14373000 0.83258000 -0.12676000
v -0.14374000 0.82825000 -0.12677000
v -0.14433000 0.82640000 -0.12677000
v -0.14535000 0.82599000 -0.12839000
v -0.14467000 0.83258000 -0.12905000
v -0.14468000 0.82827000 -0.12906000
v -0.18509000 0.82599000 -0.16883000
v -0.18435000 0.82827000 -0.16943000
v -0.18435000 0.83258000 -0.16943000
v -0.19778000 0.82599000 -0.18810000
v -0.19689000 0.83258000 -0.18847000
v -0.19689000 0.82827000 -0.18847000
v -0.20223000 0.82599000 -0.21075000
v -0.20129000 0.83258000 -0.21084000
v -0.20129000 0.82827000 -0.21084000
v -0.20223000 0.82599000 -0.26401000
v -0.20129000 0.82827000 -0.26401000
v -0.20129000 0.83258000 -0.26401000
v -0.20223000 0.83258000 -0.26629000
v -0.20223000 0.82827000 -0.26629000
v -0.20265000 0.82640000 -0.26587000
v -0.20223000 0.82599000 -0.26401000
v -0.20265000 0.82640000 -0.26587000
v -0.20451000 0.82599000 -0.26629000
v -0.20451000 0.82504000 -0.26401000
v -0.20223000 0.82599000 -0.21075000
v -0.22339000 0.82504000 -0.26401000
v -0.22339000 0.82599000 -0.26629000
v -0.20451000 0.82504000 -0.21052000
v -0.19778000 0.82599000 -0.18810000
v -0.22339000 0.82504000 -0.09207000
v -0.19993000 0.82504000 -0.18722000
v -0.18509000 0.82599000 -0.16883000
v -0.22567000 0.82599000 -0.26401000
v -0.22526000 0.82640000 -0.26587000
v -0.22567000 0.82599000 -0.09207000
v -0.18687000 0.82504000 -0.16740000
v -0.14535000 0.82599000 -0.12839000
v -0.14695000 0.82504000 -0.12677000
v -0.22339000 0.82599000 -0.08979000
v -0.22526000 0.82640000 -0.09020000
v -0.18129000 0.82504000 -0.09192000
v -0.18241000 0.82597000 -0.08990000
v -0.17907000 0.82597000 -0.09129000
v -0.18046000 0.82640000 -0.08993000
v -0.14534000 0.82598000 -0.12515000
v -0.14433000 0.82640000 -0.12677000
v -0.22026000 0.82656000 -0.06048000
v -0.21390000 0.83258000 -0.06219000
v -0.22026000 0.83258000 -0.06048000
v -0.21390000 0.82656000 -0.06219000
v -0.21383000 0.82549000 -0.06170000
v -0.22001000 0.82549000 -0.06005000
v -0.09102000 0.82549000 -0.06170000
v -0.09096000 0.82656000 -0.06219000
v -0.09096000 0.83258000 -0.06219000
v -0.08485000 0.82549000 -0.06005000
v -0.08460000 0.83258000 -0.06048000
v -0.08460000 0.82656000 -0.06048000
v -0.22026000 0.82656000 -0.03844000
v -0.22491000 0.83258000 -0.04310000
v -0.22026000 0.83258000 -0.03844000
v -0.22491000 0.82656000 -0.04310000
v -0.22662000 0.83258000 -0.04946000
v -0.22448000 0.82549000 -0.04335000
v -0.22001000 0.82549000 -0.03887000
v -0.22612000 0.82549000 -0.04946000
v -0.22662000 0.82656000 -0.04946000
v -0.22491000 0.83258000 -0.05583000
v -0.22448000 0.82549000 -0.05558000
v -0.22491000 0.82656000 -0.05583000
v -0.22026000 0.83258000 -0.06048000
v -0.22001000 0.82549000 -0.06005000
v -0.22026000 0.82656000 -0.06048000
v -0.08460000 0.82656000 -0.03844000
v -0.09096000 0.83258000 -0.03674000
v -0.08460000 0.83258000 -0.03844000
v -0.09096000 0.82656000 -0.03674000
v -0.09102000 0.82549000 -0.03722000
v -0.08485000 0.82549000 -0.03887000
v -0.21383000 0.82549000 -0.03722000
v -0.21390000 0.82656000 -0.03674000
v -0.21390000 0.83258000 -0.03674000
v -0.22001000 0.82549000 -0.03887000
v -0.22026000 0.83258000 -0.03844000
v -0.22026000 0.82656000 -0.03844000
v -0.08460000 0.82656000 -0.06048000
v -0.07994000 0.83258000 -0.05583000
v -0.08460000 0.83258000 -0.06048000
v -0.07994000 0.82656000 -0.05583000
v -0.07823000 0.83258000 -0.04946000
v -0.08037000 0.82549000 -0.05558000
v -0.08485000 0.82549000 -0.06005000
v -0.07873000 0.82549000 -0.04946000
v -0.07823000 0.82656000 -0.04946000
v -0.07994000 0.83258000 -0.04310000
v -0.08037000 0.82549000 -0.04335000
v -0.07994000 0.82656000 -0.04310000
v -0.08460000 0.83258000 -0.03844000
v -0.08485000 0.82549000 -0.03887000
v -0.08460000 0.82656000 -0.03844000
v -0.17267000 0.82549000 0.11457000
v -0.16986000 0.82656000 0.12040000
v -0.16951000 0.82549000 0.12005000
v -0.17315000 0.82656000 0.11470000
v -0.17267000 0.82549000 0.10824000
v -0.17315000 0.82656000 0.10811000
v -0.16947000 0.82549000 0.10270000
v -0.16986000 0.82656000 0.10241000
v -0.07302000 0.82549000 0.00625000
v -0.07331000 0.82656000 0.00586000
v -0.16986000 0.83258000 0.10241000
v -0.17315000 0.83258000 0.10811000
v -0.07331000 0.83258000 0.00586000
v -0.06761000 0.83258000 0.00257000
v -0.06761000 0.82656000 0.00257000
v -0.17315000 0.83258000 0.11470000
v -0.16986000 0.83258000 0.12040000
v -0.16415000 0.82656000 0.12369000
v -0.16415000 0.83258000 0.12369000
v -0.05532000 0.82656000 0.00586000
v -0.05567000 0.82549000 0.00621000
v -0.05251000 0.82549000 0.01169000
v -0.05202000 0.82656000 0.01157000
v -0.05251000 0.82549000 0.01802000
v -0.05202000 0.82656000 0.01815000
v -0.05570000 0.82549000 0.02356000
v -0.05532000 0.82656000 0.02386000
v -0.15216000 0.82549000 0.12002000
v -0.15186000 0.82656000 0.12040000
v -0.05532000 0.83258000 0.02386000
v -0.15186000 0.83258000 0.12040000
v -0.05202000 0.83258000 0.01815000
v -0.05202000 0.83258000 0.01157000
v -0.05532000 0.83258000 0.00586000
v -0.06102000 0.82656000 0.00257000
v -0.06102000 0.83258000 0.00257000
v -0.15186000 0.82656000 0.12040000
v -0.15757000 0.83258000 0.12369000
v -0.15186000 0.83258000 0.12040000
v -0.15757000 0.82656000 0.12369000
v -0.16415000 0.83258000 0.12369000
v -0.16415000 0.82656000 0.12369000
v -0.15770000 0.82549000 0.12321000
v -0.15216000 0.82549000 0.12002000
v -0.16402000 0.82549000 0.12321000
v -0.16951000 0.82549000 0.12005000
v -0.16986000 0.82656000 0.12040000
v -0.06761000 0.82656000 0.00257000
v -0.06102000 0.83258000 0.00257000
v -0.06761000 0.83258000 0.00257000
v -0.06102000 0.82656000 0.00257000
v -0.06115000 0.82549000 0.00305000
v -0.05567000 0.82549000 0.00621000
v -0.05532000 0.82656000 0.00586000
v -0.06748000 0.82549000 0.00305000
v -0.07331000 0.82656000 0.00586000
v -0.07302000 0.82549000 0.00625000
v -0.16402000 0.82549000 -0.22214000
v -0.16986000 0.82656000 -0.21933000
v -0.16951000 0.82549000 -0.21897000
v -0.16415000 0.82656000 -0.22262000
v -0.15770000 0.82549000 -0.22214000
v -0.15757000 0.82656000 -0.22262000
v -0.15216000 0.82549000 -0.21894000
v -0.15186000 0.82656000 -0.21933000
v -0.15757000 0.83258000 -0.22262000
v -0.16415000 0.83258000 -0.22262000
v -0.05532000 0.82656000 -0.10479000
v -0.05567000 0.82549000 -0.10514000
v -0.06115000 0.82549000 -0.10197000
v -0.06102000 0.82656000 -0.10149000
v -0.06748000 0.82549000 -0.10197000
v -0.06761000 0.82656000 -0.10149000
v -0.07302000 0.82549000 -0.10517000
v -0.07331000 0.82656000 -0.10478000
v -0.07331000 0.83258000 -0.10478000
v -0.06761000 0.83258000 -0.10149000
v -0.06102000 0.83258000 -0.10149000
v -0.16986000 0.82656000 -0.21933000
v -0.16415000 0.82656000 -0.22262000
v -0.16415000 0.83258000 -0.22262000
v -0.16986000 0.83258000 -0.21933000
v -0.17315000 0.82656000 -0.21362000
v -0.16951000 0.82549000 -0.21897000
v -0.17315000 0.83258000 -0.21362000
v -0.17267000 0.82549000 -0.21349000
v -0.17315000 0.82656000 -0.20703000
v -0.17315000 0.83258000 -0.20703000
v -0.17267000 0.82549000 -0.20716000
v -0.16986000 0.82656000 -0.20133000
v -0.16986000 0.83258000 -0.20133000
v -0.07331000 0.83258000 -0.10478000
v -0.16947000 0.82549000 -0.20163000
v -0.07331000 0.82656000 -0.10478000
v -0.07302000 0.82549000 -0.10517000
v -0.15757000 0.82656000 -0.22262000
v -0.15186000 0.83258000 -0.21933000
v -0.15757000 0.83258000 -0.22262000
v -0.15186000 0.82656000 -0.21933000
v -0.05532000 0.82656000 -0.12278000
v -0.05532000 0.83258000 -0.12278000
v -0.05202000 0.83258000 -0.11708000
v -0.05570000 0.82549000 -0.12248000
v -0.15216000 0.82549000 -0.21894000
v -0.05251000 0.82549000 -0.11695000
v -0.05202000 0.82656000 -0.11708000
v -0.05202000 0.83258000 -0.11049000
v -0.05251000 0.82549000 -0.11062000
v -0.05202000 0.82656000 -0.11049000
v -0.05567000 0.82549000 -0.10514000
v -0.05532000 0.83258000 -0.10479000
v -0.05532000 0.82656000 -0.10479000
v -0.06102000 0.83258000 -0.10149000
v -0.06102000 0.82656000 -0.10149000
v 0.00637000 0.82656000 -0.28798000
v 0.01102000 0.83258000 -0.28332000
v 0.00637000 0.83258000 -0.28798000
v 0.01102000 0.82656000 -0.28332000
v 0.01273000 0.83258000 -0.27696000
v 0.01059000 0.82549000 -0.28307000
v 0.00612000 0.82549000 -0.28755000
v 0.01225000 0.82549000 -0.27690000
v 0.01273000 0.82656000 -0.27696000
v 0.01225000 0.82549000 -0.14049000
v 0.01273000 0.82656000 -0.14042000
v 0.01273000 0.83258000 -0.14042000
v 0.01059000 0.82549000 -0.13431000
v 0.01102000 0.83258000 -0.13406000
v 0.01102000 0.82656000 -0.13406000
v 0.00612000 0.82549000 -0.12984000
v 0.00637000 0.83258000 -0.12941000
v 0.00637000 0.82656000 -0.12941000
v -0.00636000 0.82656000 -0.28798000
v 0.00001000 0.83258000 -0.28968000
v -0.00636000 0.83258000 -0.28798000
v 0.00001000 0.82656000 -0.28968000
v 0.00637000 0.83258000 -0.28798000
v 0.00637000 0.82656000 -0.28798000
v 0.00612000 0.82549000 -0.28755000
v 0.00001000 0.82549000 -0.28919000
v -0.00611000 0.82549000 -0.28755000
v -0.00636000 0.82656000 -0.12941000
v -0.01101000 0.83258000 -0.13406000
v -0.00636000 0.83258000 -0.12941000
v -0.01101000 0.82656000 -0.13406000
v -0.01272000 0.83258000 -0.14042000
v -0.01058000 0.82549000 -0.13431000
v -0.00611000 0.82549000 -0.12984000
v -0.01224000 0.82549000 -0.14049000
v -0.01272000 0.82656000 -0.14042000
v -0.01224000 0.82549000 -0.27690000
v -0.01272000 0.82656000 -0.27696000
v -0.01272000 0.83258000 -0.27696000
v -0.01058000 0.82549000 -0.28307000
v -0.01101000 0.83258000 -0.28332000
v -0.01101000 0.82656000 -0.28332000
v -0.00611000 0.82549000 -0.28755000
v -0.00636000 0.83258000 -0.28798000
v -0.00636000 0.82656000 -0.28798000
v 0.00637000 0.82656000 -0.12941000
v 0.00001000 0.83258000 -0.12770000
v 0.00637000 0.83258000 -0.12941000
v 0.00001000 0.82656000 -0.12770000
v -0.00636000 0.83258000 -0.12941000
v -0.00636000 0.82656000 -0.12941000
v -0.00611000 0.82549000 -0.12984000
v 0.00001000 0.82549000 -0.12820000
v 0.00612000 0.82549000 -0.12984000
v -0.30089000 0.16019000 0.20926000
v -0.30089000 0.86931000 0.04887000
v -0.30089000 0.86931000 0.20926000
v -0.30089000 0.16019000 0.04887000
v -0.30089000 0.86931000 -0.34629000
v -0.30089000 0.16019000 -0.34629000
v -0.30089000 0.09612000 -0.34629000
v -0.30089000 0.09612000 0.04887000
v -0.30089000 0.03204000 0.08084000
v -0.30089000 0.03204000 -0.34629000
v -0.30089000 0.00000000 -0.34629000
v -0.30089000 0.00000000 0.08084000
v -0.27189000 0.19557000 0.09484000
v -0.27189000 0.83258000 -0.30888000
v -0.27189000 0.19557000 -0.30888000
v -0.27189000 0.19557000 0.13738000
v -0.27189000 0.83258000 0.20926000
v -0.27189000 0.19557000 0.20926000
v -0.27189000 0.19149000 0.13738000
v -0.27189000 0.19149000 0.09484000
v -0.27189000 0.19557000 0.09484000
v -0.24246000 0.19557000 0.09707000
v -0.24246000 0.19149000 0.09484000
v -0.27189000 0.19149000 0.09484000
v -0.24246000 0.19557000 0.13738000
v -0.27189000 0.19557000 0.13738000
v -0.27189000 0.19149000 0.13738000
v -0.24246000 0.19149000 0.13738000
v -0.24246000 0.19557000 0.13738000
v -0.24246000 0.19149000 0.13738000
v -0.24246000 0.19149000 0.09484000
v -0.24246000 0.19557000 0.09707000
v 0.00000000 0.86931000 0.20926000
v -0.30089000 0.86931000 0.20926000
v -0.30089000 0.86931000 0.04887000
v 0.00000000 0.86931000 0.04887000
v 0.30090000 0.86931000 0.04887000
v 0.30090000 0.86931000 0.20926000
v 0.30090000 0.86931000 -0.34629000
v 0.00000000 0.86931000 -0.34629000
v -0.30089000 0.86931000 -0.34629000
v 0.00000000 0.16019000 0.20926000
v -0.30089000 0.16019000 0.04887000
v -0.30089000 0.16019000 0.20926000
v 0.00000000 0.16019000 0.04887000
v 0.30090000 0.16019000 0.04887000
v 0.30090000 0.16019000 0.20926000
v -0.24246000 0.19557000 0.13738000
v -0.27189000 0.19557000 0.20926000
v -0.27189000 0.19557000 0.13738000
v 0.00000000 0.19557000 0.20926000
v 0.00000000 0.19557000 -0.30888000
v -0.24246000 0.19557000 0.09707000
v -0.27189000 0.19557000 0.09484000
v -0.27189000 0.19557000 -0.30888000
v 0.24247000 0.19557000 0.13738000
v 0.27190000 0.19557000 0.20926000
v 0.27190000 0.19557000 0.13738000
v 0.24247000 0.19557000 0.09484000
v 0.27190000 0.19557000 0.09484000
v 0.27190000 0.19557000 -0.30888000
v 0.00000000 0.83258000 -0.30888000
v -0.27189000 0.19557000 -0.30888000
v -0.27189000 0.83258000 -0.30888000
v 0.00000000 0.19557000 -0.30888000
v 0.27190000 0.19557000 -0.30888000
v 0.27190000 0.83258000 -0.30888000
v -0.27189000 0.83258000 0.20926000
v 0.00000000 0.83258000 -0.30888000
v -0.27189000 0.83258000 -0.30888000
v 0.00000000 0.83258000 0.20926000
v 0.27190000 0.83258000 0.20926000
v 0.27190000 0.83258000 -0.30888000
v -0.08411000 0.20054000 -0.05884000
v -0.08465000 0.20119000 -0.05909000
v 0.00000000 0.20119000 -0.05910000
v 0.00000000 0.20055000 -0.05884000
v -0.08411000 0.19818000 -0.05884000
v -0.08476000 0.20054000 -0.05857000
v -0.08476000 0.19818000 -0.05857000
v -0.08411000 0.19754000 -0.05857000
v -0.08464000 0.19766000 -0.05845000
v 0.00000000 0.19818000 -0.05884000
v 0.00000000 0.19754000 -0.05857000
v 0.08412000 0.19754000 -0.05857000
v 0.08412000 0.20054000 -0.05884000
v 0.08466000 0.20119000 -0.05909000
v 0.08412000 0.19818000 -0.05884000
v 0.08477000 0.20054000 -0.05857000
v 0.08477000 0.19818000 -0.05857000
v 0.08465000 0.19766000 -0.05845000
v -0.08414000 0.20025000 0.05787000
v -0.08478000 0.20044000 0.05761000
v -0.08476000 0.19818000 0.05760000
v -0.08411000 0.19818000 0.05787000
v 0.00000000 0.20059000 0.05787000
v -0.08452000 0.20124000 0.05811000
v 0.00000000 0.20123000 0.05811000
v 0.08453000 0.20124000 0.05811000
v 0.08415000 0.20025000 0.05787000
v -0.08411000 0.19754000 0.05760000
v -0.08464000 0.19766000 0.05748000
v 0.00000000 0.19754000 0.05760000
v 0.00000000 0.19818000 0.05787000
v 0.08412000 0.19818000 0.05787000
v 0.08412000 0.19754000 0.05760000
v 0.08477000 0.19818000 0.05760000
v 0.08479000 0.20044000 0.05761000
v 0.08465000 0.19766000 0.05748000
v -0.08465000 0.20119000 -0.05909000
v -0.08411000 0.20054000 -0.05884000
v -0.08476000 0.20054000 -0.05857000
v -0.08491000 0.20107000 -0.05872000
v -0.08529000 0.20119000 -0.05845000
v -0.08595000 0.20147000 -0.05971000
v 0.00000000 0.20147000 -0.05974000
v 0.00000000 0.20119000 -0.05910000
v -0.08536000 0.20122000 0.05728000
v 0.08466000 0.20119000 -0.05909000
v -0.08617000 0.20147000 0.05873000
v -0.08452000 0.20124000 0.05811000
v -0.08487000 0.20119000 0.05765000
v 0.00000000 0.20123000 0.05811000
v -0.17164000 0.20907000 -0.22581000
v -0.17087000 0.20903000 0.08925000
v 0.00000000 0.20852000 0.08716000
v 0.00000000 0.20155000 0.05873000
v 0.08618000 0.20147000 0.05873000
v 0.08453000 0.20124000 0.05811000
v 0.08537000 0.20122000 0.05728000
v 0.08488000 0.20119000 0.05765000
v 0.08596000 0.20147000 -0.05971000
v 0.08530000 0.20119000 -0.05845000
v 0.17088000 0.20903000 0.08925000
v 0.08492000 0.20107000 -0.05872000
v 0.08477000 0.20054000 -0.05857000
v 0.08412000 0.20054000 -0.05884000
v 0.17165000 0.20907000 -0.22581000
v 0.00000000 0.20906000 -0.22565000
v 0.00000000 0.20915000 -0.22841000
v 0.17441000 0.20913000 -0.22849000
v 0.00000000 0.20919000 -0.23117000
v -0.17440000 0.20913000 -0.22849000
v 0.17415000 0.20915000 0.09084000
v -0.17414000 0.20915000 0.09084000
v -0.17716000 0.20919000 -0.23117000
v 0.00000000 0.20902000 0.08988000
v 0.17717000 0.20919000 -0.23117000
v -0.17695000 0.20919000 0.09421000
v 0.17696000 0.20919000 0.09421000
v 0.00000000 0.20919000 0.09264000
v 0.00000000 0.20919000 0.15630000
v -0.18890000 0.20919000 0.15578000
v 0.18891000 0.20919000 0.15578000
v -0.18884000 0.20919000 -0.24457000
v 0.18885000 0.20919000 -0.24457000
v 0.00000000 0.20919000 -0.24455000
v 0.00000000 0.20884000 -0.24731000
v -0.19159000 0.20888000 -0.24725000
v 0.19160000 0.20888000 -0.24725000
v -0.19158000 0.20888000 0.15870000
v 0.19159000 0.20888000 0.15870000
v 0.00000000 0.20782000 -0.24990000
v 0.00000000 0.20868000 0.15906000
v -0.19428000 0.20792000 -0.24972000
v 0.19429000 0.20792000 -0.24972000
v -0.19449000 0.20782000 0.16080000
v 0.00000000 0.19557000 -0.27241000
v -0.21982000 0.19557000 -0.27241000
v -0.21982000 0.19557000 0.17475000
v 0.21983000 0.19557000 -0.27241000
v 0.00000000 0.19557000 0.17475000
v 0.19450000 0.20782000 0.16080000
v 0.21983000 0.19557000 0.17475000
v 0.00000000 0.20724000 0.16146000
v -0.08476000 0.20054000 -0.05857000
v -0.08529000 0.20119000 -0.05845000
v -0.08491000 0.20107000 -0.05872000
v -0.08502000 0.20054000 -0.05793000
v -0.08476000 0.19818000 -0.05857000
v -0.08502000 0.20063000 0.05695000
v -0.08536000 0.20122000 0.05728000
v -0.08478000 0.20044000 0.05761000
v -0.08487000 0.20119000 0.05765000
v -0.08452000 0.20124000 0.05811000
v -0.08414000 0.20025000 0.05787000
v -0.08502000 0.19818000 0.05696000
v -0.08476000 0.19818000 0.05760000
v -0.08502000 0.19818000 -0.05793000
v -0.08476000 0.19754000 0.05696000
v -0.08464000 0.19766000 0.05748000
v -0.08476000 0.19754000 -0.05793000
v -0.08464000 0.19766000 -0.05845000
v -0.08411000 0.19754000 -0.05857000
v -0.08476000 0.19754000 -0.05793000
v -0.08464000 0.19766000 -0.05845000
v -0.08411000 0.19727000 -0.05793000
v 0.00000000 0.19754000 -0.05857000
v -0.08411000 0.19727000 0.05696000
v 0.00000000 0.19727000 0.05696000
v -0.08476000 0.19754000 0.05696000
v -0.08411000 0.19754000 0.05760000
v -0.08464000 0.19766000 0.05748000
v 0.00000000 0.19754000 0.05760000
v 0.08412000 0.19754000 0.05760000
v 0.00000000 0.19727000 -0.05793000
v 0.08412000 0.19727000 -0.05793000
v 0.08412000 0.19754000 -0.05857000
v 0.08412000 0.19727000 0.05696000
v 0.08477000 0.19754000 -0.05793000
v 0.08465000 0.19766000 -0.05845000
v 0.08477000 0.19754000 0.05696000
v 0.08465000 0.19766000 0.05748000
v -0.17680000 0.21107000 0.15123000
v -0.17473000 0.20911000 0.15178000
v -0.17680000 0.20911000 0.15123000
v -0.17473000 0.21107000 0.15178000
v -0.17470000 0.21142000 0.15162000
v -0.17672000 0.21142000 0.15109000
v -0.11079000 0.21142000 0.15162000
v -0.11077000 0.21107000 0.15178000
v -0.11077000 0.20911000 0.15178000
v -0.10878000 0.21142000 0.15109000
v -0.10870000 0.20911000 0.15123000
v -0.10870000 0.21107000 0.15123000
v -0.17680000 0.21107000 0.14405000
v -0.17831000 0.20911000 0.14557000
v -0.17680000 0.20911000 0.14405000
v -0.17831000 0.21107000 0.14557000
v -0.17887000 0.20911000 0.14764000
v -0.17817000 0.21142000 0.14565000
v -0.17672000 0.21142000 0.14419000
v -0.17871000 0.21142000 0.14764000
v -0.17887000 0.21107000 0.14764000
v -0.17831000 0.20911000 0.14971000
v -0.17817000 0.21142000 0.14963000
v -0.17831000 0.21107000 0.14971000
v -0.17680000 0.20911000 0.15123000
v -0.17672000 0.21142000 0.15109000
v -0.17680000 0.21107000 0.15123000
v -0.10870000 0.21107000 0.14405000
v -0.11077000 0.20911000 0.14350000
v -0.10870000 0.20911000 0.14405000
v -0.11077000 0.21107000 0.14350000
v -0.11079000 0.21142000 0.14365000
v -0.10878000 0.21142000 0.14419000
v -0.17470000 0.21142000 0.14365000
v -0.17473000 0.21107000 0.14350000
v -0.17473000 0.20911000 0.14350000
v -0.17672000 0.21142000 0.14419000
v -0.17680000 0.20911000 0.14405000
v -0.17680000 0.21107000 0.14405000
v -0.10870000 0.21107000 0.15123000
v -0.10718000 0.20911000 0.14971000
v -0.10870000 0.20911000 0.15123000
v -0.10718000 0.21107000 0.14971000
v -0.10662000 0.20911000 0.14764000
v -0.10732000 0.21142000 0.14963000
v -0.10878000 0.21142000 0.15109000
v -0.10679000 0.21142000 0.14764000
v -0.10662000 0.21107000 0.14764000
v -0.10718000 0.20911000 0.14557000
v -0.10732000 0.21142000 0.14565000
v -0.10718000 0.21107000 0.14557000
v -0.10870000 0.20911000 0.14405000
v -0.10878000 0.21142000 0.14419000
v -0.10870000 0.21107000 0.14405000
v -0.17680000 0.21107000 0.13280000
v -0.17473000 0.20911000 0.13336000
v -0.17680000 0.20911000 0.13280000
v -0.17473000 0.21107000 0.13336000
v -0.17470000 0.21142000 0.13320000
v -0.17672000 0.21142000 0.13266000
v -0.11079000 0.21142000 0.13320000
v -0.11077000 0.21107000 0.13336000
v -0.11077000 0.20911000 0.13336000
v -0.10878000 0.21142000 0.13266000
v -0.10870000 0.20911000 0.13280000
v -0.10870000 0.21107000 0.13280000
v -0.17680000 0.21107000 0.12563000
v -0.17831000 0.20911000 0.12715000
v -0.17680000 0.20911000 0.12563000
v -0.17831000 0.21107000 0.12715000
v -0.17887000 0.20911000 0.12922000
v -0.17817000 0.21142000 0.12723000
v -0.17672000 0.21142000 0.12577000
v -0.17871000 0.21142000 0.12922000
v -0.17887000 0.21107000 0.12922000
v -0.17831000 0.20911000 0.13129000
v -0.17817000 0.21142000 0.13121000
v -0.17831000 0.21107000 0.13129000
v -0.17680000 0.20911000 0.13280000
v -0.17672000 0.21142000 0.13266000
v -0.17680000 0.21107000 0.13280000
v -0.10870000 0.21107000 0.12563000
v -0.11077000 0.20911000 0.12507000
v -0.10870000 0.20911000 0.12563000
v -0.11077000 0.21107000 0.12507000
v -0.11079000 0.21142000 0.12523000
v -0.10878000 0.21142000 0.12577000
v -0.17470000 0.21142000 0.12523000
v -0.17473000 0.21107000 0.12507000
v -0.17473000 0.20911000 0.12507000
v -0.17672000 0.21142000 0.12577000
v -0.17680000 0.20911000 0.12563000
v -0.17680000 0.21107000 0.12563000
v -0.10870000 0.21107000 0.13280000
v -0.10718000 0.20911000 0.13129000
v -0.10870000 0.20911000 0.13280000
v -0.10718000 0.21107000 0.13129000
v -0.10662000 0.20911000 0.12922000
v -0.10732000 0.21142000 0.13121000
v -0.10878000 0.21142000 0.13266000
v -0.10679000 0.21142000 0.12922000
v -0.10662000 0.21107000 0.12922000
v -0.10718000 0.20911000 0.12715000
v -0.10732000 0.21142000 0.12723000
v -0.10718000 0.21107000 0.12715000
v -0.10870000 0.20911000 0.12563000
v -0.10878000 0.21142000 0.12577000
v -0.10870000 0.21107000 0.12563000
v -0.17680000 0.21107000 0.11438000
v -0.17473000 0.20911000 0.11494000
v -0.17680000 0.20911000 0.11438000
v -0.17473000 0.21107000 0.11494000
v -0.17470000 0.21142000 0.11478000
v -0.17672000 0.21142000 0.11424000
v -0.11079000 0.21142000 0.11478000
v -0.11077000 0.21107000 0.11494000
v -0.11077000 0.20911000 0.11494000
v -0.10878000 0.21142000 0.11424000
v -0.10870000 0.20911000 0.11438000
v -0.10870000 0.21107000 0.11438000
v -0.17680000 0.21107000 0.10721000
v -0.17831000 0.20911000 0.10872000
v -0.17680000 0.20911000 0.10721000
v -0.17831000 0.21107000 0.10872000
v -0.17887000 0.20911000 0.11080000
v -0.17817000 0.21142000 0.10881000
v -0.17672000 0.21142000 0.10735000
v -0.17871000 0.21142000 0.11080000
v -0.17887000 0.21107000 0.11080000
v -0.17831000 0.20911000 0.11287000
v -0.17817000 0.21142000 0.11279000
v -0.17831000 0.21107000 0.11287000
v -0.17680000 0.20911000 0.11438000
v -0.17672000 0.21142000 0.11424000
v -0.17680000 0.21107000 0.11438000
v -0.10870000 0.21107000 0.10721000
v -0.11077000 0.20911000 0.10665000
v -0.10870000 0.20911000 0.10721000
v -0.11077000 0.21107000 0.10665000
v -0.11079000 0.21142000 0.10681000
v -0.10878000 0.21142000 0.10735000
v -0.17470000 0.21142000 0.10681000
v -0.17473000 0.21107000 0.10665000
v -0.17473000 0.20911000 0.10665000
v -0.17672000 0.21142000 0.10735000
v -0.17680000 0.20911000 0.10721000
v -0.17680000 0.21107000 0.10721000
v -0.10870000 0.21107000 0.11438000
v -0.10718000 0.20911000 0.11287000
v -0.10870000 0.20911000 0.11438000
v -0.10718000 0.21107000 0.11287000
v -0.10662000 0.20911000 0.11080000
v -0.10732000 0.21142000 0.11279000
v -0.10878000 0.21142000 0.11424000
v -0.10679000 0.21142000 0.11080000
v -0.10662000 0.21107000 0.11080000
v -0.10718000 0.20911000 0.10872000
v -0.10732000 0.21142000 0.10881000
v -0.10718000 0.21107000 0.10872000
v -0.10870000 0.20911000 0.10721000
v -0.10878000 0.21142000 0.10735000
v -0.10870000 0.21107000 0.10721000
v -0.26492000 0.26716000 -0.10628000
v -0.26492000 0.27398000 -0.11309000
v -0.26618000 0.26842000 -0.11184000
v -0.26210000 0.27398000 -0.10628000
v -0.26492000 0.26716000 0.00669000
v -0.26210000 0.38257000 -0.10628000
v -0.26492000 0.38257000 -0.11309000
v -0.26210000 0.27398000 0.00669000
v -0.26492000 0.38939000 -0.10628000
v -0.26618000 0.38813000 -0.11184000
v -0.26210000 0.38257000 0.00669000
v -0.26492000 0.38939000 0.00669000
v -0.26492000 0.38257000 0.01350000
v -0.26618000 0.38813000 0.01225000
v -0.26492000 0.27398000 0.01350000
v -0.26618000 0.26842000 0.01225000
v -0.26492000 0.27398000 -0.11309000
v -0.27189000 0.26716000 -0.11309000
v -0.26618000 0.26842000 -0.11184000
v -0.27189000 0.27398000 -0.11591000
v -0.26492000 0.38257000 -0.11309000
v -0.27189000 0.38257000 -0.11591000
v -0.27189000 0.38939000 -0.11309000
v -0.26618000 0.38813000 -0.11184000
v -0.27189000 0.26716000 -0.11309000
v -0.26492000 0.26716000 -0.10628000
v -0.26618000 0.26842000 -0.11184000
v -0.27189000 0.26434000 -0.10628000
v -0.27189000 0.26434000 0.00669000
v -0.26492000 0.26716000 0.00669000
v -0.27189000 0.26716000 0.01350000
v -0.26618000 0.26842000 0.01225000
v -0.27189000 0.26716000 0.01350000
v -0.26492000 0.27398000 0.01350000
v -0.26618000 0.26842000 0.01225000
v -0.27189000 0.27398000 0.01632000
v -0.27189000 0.38257000 0.01632000
v -0.26492000 0.38257000 0.01350000
v -0.27189000 0.38939000 0.01350000
v -0.26618000 0.38813000 0.01225000
v -0.27189000 0.38939000 0.01350000
v -0.26492000 0.38939000 0.00669000
v -0.26618000 0.38813000 0.01225000
v -0.27189000 0.39221000 0.00669000
v -0.26492000 0.38939000 -0.10628000
v -0.27189000 0.39221000 -0.10628000
v -0.27189000 0.38939000 -0.11309000
v -0.26618000 0.38813000 -0.11184000
v -0.26492000 0.26716000 -0.27594000
v -0.26492000 0.27398000 -0.28275000
v -0.26618000 0.26842000 -0.28150000
v -0.26210000 0.27398000 -0.27594000
v -0.26492000 0.26716000 -0.16298000
v -0.26210000 0.38257000 -0.27594000
v -0.26492000 0.38257000 -0.28275000
v -0.26210000 0.27398000 -0.16298000
v -0.26492000 0.38939000 -0.27594000
v -0.26618000 0.38813000 -0.28150000
v -0.26210000 0.38257000 -0.16298000
v -0.26492000 0.38939000 -0.16298000
v -0.26492000 0.38257000 -0.15616000
v -0.26618000 0.38813000 -0.15742000
v -0.26492000 0.27398000 -0.15616000
v -0.26618000 0.26842000 -0.15742000
v -0.26492000 0.27398000 -0.28275000
v -0.27189000 0.26716000 -0.28275000
v -0.26618000 0.26842000 -0.28150000
v -0.27189000 0.27398000 -0.28557000
v -0.26492000 0.38257000 -0.28275000
v -0.27189000 0.38257000 -0.28557000
v -0.27189000 0.38939000 -0.28275000
v -0.26618000 0.38813000 -0.28150000
v -0.27189000 0.26716000 -0.28275000
v -0.26492000 0.26716000 -0.27594000
v -0.26618000 0.26842000 -0.28150000
v -0.27189000 0.26434000 -0.27594000
v -0.27189000 0.26434000 -0.16298000
v -0.26492000 0.26716000 -0.16298000
v -0.27189000 0.26716000 -0.15616000
v -0.26618000 0.26842000 -0.15742000
v -0.27189000 0.26716000 -0.15616000
v -0.26492000 0.27398000 -0.15616000
v -0.26618000 0.26842000 -0.15742000
v -0.27189000 0.27398000 -0.15334000
v -0.27189000 0.38257000 -0.15334000
v -0.26492000 0.38257000 -0.15616000
v -0.27189000 0.38939000 -0.15616000
v -0.26618000 0.38813000 -0.15742000
v -0.27189000 0.38939000 -0.15616000
v -0.26492000 0.38939000 -0.16298000
v -0.26618000 0.38813000 -0.15742000
v -0.27189000 0.39221000 -0.16298000
v -0.27189000 0.39221000 -0.27594000
v -0.26492000 0.38939000 -0.27594000
v -0.27189000 0.38939000 -0.28275000
v -0.26618000 0.38813000 -0.28150000
v -0.25208000 0.50328000 0.03443000
v -0.25795000 0.50604000 0.03328000
v -0.25795000 0.50328000 0.03443000
v -0.25208000 0.50604000 0.03328000
v -0.24931000 0.50604000 0.03443000
v -0.24982000 0.50378000 0.03494000
v -0.24931000 0.78075000 0.03443000
v -0.25208000 0.78075000 0.03328000
v -0.25795000 0.78075000 0.03328000
v -0.25795000 0.78352000 0.03443000
v -0.25208000 0.78352000 0.03443000
v -0.24982000 0.78301000 0.03494000
v -0.25208000 0.50328000 0.15934000
v -0.25795000 0.50213000 0.15657000
v -0.25795000 0.50328000 0.15934000
v -0.25208000 0.50213000 0.15657000
v -0.24931000 0.50328000 0.15657000
v -0.24982000 0.50378000 0.15883000
v -0.24931000 0.50328000 0.03719000
v -0.25208000 0.50213000 0.03719000
v -0.25795000 0.50213000 0.03719000
v -0.25795000 0.50328000 0.03443000
v -0.25208000 0.50328000 0.03443000
v -0.24982000 0.50378000 0.03494000
v -0.25208000 0.78352000 0.15934000
v -0.25795000 0.78075000 0.16049000
v -0.25795000 0.78352000 0.15934000
v -0.25208000 0.78075000 0.16049000
v -0.24931000 0.78075000 0.15934000
v -0.24982000 0.78301000 0.15883000
v -0.24931000 0.50604000 0.15934000
v -0.25208000 0.50604000 0.16049000
v -0.25795000 0.50604000 0.16049000
v -0.25795000 0.50328000 0.15934000
v -0.25208000 0.50328000 0.15934000
v -0.24982000 0.50378000 0.15883000
v -0.25208000 0.78352000 0.03443000
v -0.25795000 0.78467000 0.03719000
v -0.25795000 0.78352000 0.03443000
v -0.25208000 0.78467000 0.03719000
v -0.24931000 0.78352000 0.03719000
v -0.24982000 0.78301000 0.03494000
v -0.24931000 0.78352000 0.15657000
v -0.25208000 0.78467000 0.15657000
v -0.25795000 0.78467000 0.15657000
v -0.25795000 0.78352000 0.15934000
v -0.25208000 0.78352000 0.15934000
v -0.24982000 0.78301000 0.15883000
v -0.25208000 0.57494000 -0.11225000
v -0.25795000 0.57771000 -0.11340000
v -0.25795000 0.57494000 -0.11225000
v -0.25208000 0.57771000 -0.11340000
v -0.24931000 0.57771000 -0.11225000
v -0.24982000 0.57545000 -0.11174000
v -0.24931000 0.78075000 -0.11225000
v -0.25208000 0.78075000 -0.11340000
v -0.25795000 0.78075000 -0.11340000
v -0.25795000 0.78352000 -0.11225000
v -0.25208000 0.78352000 -0.11225000
v -0.24982000 0.78301000 -0.11174000
v -0.25208000 0.57494000 0.01266000
v -0.25795000 0.57379000 0.00989000
v -0.25795000 0.57494000 0.01266000
v -0.25208000 0.57379000 0.00989000
v -0.24931000 0.57494000 0.00989000
v -0.24982000 0.57545000 0.01215000
v -0.24931000 0.57494000 -0.10949000
v -0.25208000 0.57379000 -0.10949000
v -0.25795000 0.57379000 -0.10949000
v -0.25795000 0.57494000 -0.11225000
v -0.25208000 0.57494000 -0.11225000
v -0.24982000 0.57545000 -0.11174000
v -0.25208000 0.78352000 0.01266000
v -0.25795000 0.78075000 0.01381000
v -0.25795000 0.78352000 0.01266000
v -0.25208000 0.78075000 0.01381000
v -0.24931000 0.78075000 0.01266000
v -0.24982000 0.78301000 0.01215000
v -0.24931000 0.57771000 0.01266000
v -0.25208000 0.57771000 0.01381000
v -0.25795000 0.57771000 0.01381000
v -0.25795000 0.57494000 0.01266000
v -0.25208000 0.57494000 0.01266000
v -0.24982000 0.57545000 0.01215000
v -0.25208000 0.78352000 -0.11225000
v -0.25795000 0.78467000 -0.10949000
v -0.25795000 0.78352000 -0.11225000
v -0.25208000 0.78467000 -0.10949000
v -0.24931000 0.78352000 -0.10949000
v -0.24982000 0.78301000 -0.11174000
v -0.24931000 0.78352000 0.00989000
v -0.25208000 0.78467000 0.00989000
v -0.25795000 0.78467000 0.00989000
v -0.25795000 0.78352000 0.01266000
v -0.25208000 0.78352000 0.01266000
v -0.24982000 0.78301000 0.01215000
v -0.25208000 0.50328000 -0.13402000
v -0.25795000 0.50213000 -0.13679000
v -0.25795000 0.50328000 -0.13402000
v -0.25208000 0.50213000 -0.13679000
v -0.25795000 0.50213000 -0.25618000
v -0.24931000 0.50328000 -0.13679000
v -0.24982000 0.50378000 -0.13453000
v -0.24931000 0.50328000 -0.25618000
v -0.25208000 0.50213000 -0.25618000
v -0.25795000 0.50328000 -0.25895000
v -0.25208000 0.50328000 -0.25895000
v -0.24982000 0.50378000 -0.25844000
v -0.25208000 0.50328000 -0.25895000
v -0.25795000 0.50604000 -0.26009000
v -0.25795000 0.50328000 -0.25895000
v -0.25208000 0.50604000 -0.26009000
v -0.25795000 0.78075000 -0.26009000
v -0.24931000 0.50604000 -0.25895000
v -0.24982000 0.50378000 -0.25844000
v -0.24931000 0.78075000 -0.25895000
v -0.25208000 0.78075000 -0.26009000
v -0.25795000 0.78352000 -0.25895000
v -0.25208000 0.78352000 -0.25895000
v -0.24982000 0.78301000 -0.25844000
v -0.25208000 0.78352000 -0.25895000
v -0.25795000 0.78467000 -0.25618000
v -0.25795000 0.78352000 -0.25895000
v -0.25208000 0.78467000 -0.25618000
v -0.25795000 0.78467000 -0.13679000
v -0.24931000 0.78352000 -0.25618000
v -0.24982000 0.78301000 -0.25844000
v -0.24931000 0.78352000 -0.13679000
v -0.25208000 0.78467000 -0.13679000
v -0.25795000 0.78352000 -0.13402000
v -0.25208000 0.78352000 -0.13402000
v -0.24982000 0.78301000 -0.13453000
v -0.25208000 0.78352000 -0.13402000
v -0.25795000 0.78075000 -0.13288000
v -0.25795000 0.78352000 -0.13402000
v -0.25208000 0.78075000 -0.13288000
v -0.25795000 0.50604000 -0.13288000
v -0.24931000 0.78075000 -0.13402000
v -0.24982000 0.78301000 -0.13453000
v -0.24931000 0.50604000 -0.13402000
v -0.25208000 0.50604000 -0.13288000
v -0.25795000 0.50328000 -0.13402000
v -0.25208000 0.50328000 -0.13402000
v -0.24982000 0.50378000 -0.13453000
v -0.25208000 0.44651000 0.15934000
v -0.25795000 0.44536000 0.15657000
v -0.25795000 0.44651000 0.15934000
v -0.25208000 0.44536000 0.15657000
v -0.24931000 0.44651000 0.15657000
v -0.24982000 0.44702000 0.15883000
v -0.24931000 0.44651000 -0.25865000
v -0.25208000 0.44536000 -0.25865000
v -0.25795000 0.44536000 -0.25865000
v -0.25795000 0.44651000 -0.26142000
v -0.25208000 0.44651000 -0.26142000
v -0.24982000 0.44702000 -0.26091000
v -0.25208000 0.48250000 0.15934000
v -0.25795000 0.47973000 0.16049000
v -0.25795000 0.48250000 0.15934000
v -0.25208000 0.47973000 0.16049000
v -0.24931000 0.47973000 0.15934000
v -0.24982000 0.48199000 0.15883000
v -0.24931000 0.44927000 0.15934000
v -0.25208000 0.44927000 0.16049000
v -0.25795000 0.44927000 0.16049000
v -0.25795000 0.44651000 0.15934000
v -0.25208000 0.44651000 0.15934000
v -0.24982000 0.44702000 0.15883000
v -0.25208000 0.48250000 -0.26142000
v -0.25795000 0.48364000 -0.25865000
v -0.25795000 0.48250000 -0.26142000
v -0.25208000 0.48364000 -0.25865000
v -0.24931000 0.48250000 -0.25865000
v -0.24982000 0.48199000 -0.26091000
v -0.24931000 0.48250000 0.15657000
v -0.25208000 0.48364000 0.15657000
v -0.25795000 0.48364000 0.15657000
v -0.25795000 0.48250000 0.15934000
v -0.25208000 0.48250000 0.15934000
v -0.24982000 0.48199000 0.15883000
v -0.25208000 0.44651000 -0.26142000
v -0.25795000 0.44927000 -0.26257000
v -0.25795000 0.44651000 -0.26142000
v -0.25208000 0.44927000 -0.26257000
v -0.24931000 0.44927000 -0.26142000
v -0.24982000 0.44702000 -0.26091000
v -0.24931000 0.47973000 -0.26142000
v -0.25208000 0.47973000 -0.26257000
v -0.25795000 0.47973000 -0.26257000
v -0.25795000 0.48250000 -0.26142000
v -0.25208000 0.48250000 -0.26142000
v -0.24982000 0.48199000 -0.26091000
v -0.24931000 0.50328000 0.03719000
v -0.24931000 0.50604000 0.03443000
v -0.24982000 0.50378000 0.03494000
v -0.24816000 0.50604000 0.03719000
v -0.24931000 0.50328000 0.15657000
v -0.24816000 0.78075000 0.03719000
v -0.24931000 0.78075000 0.03443000
v -0.24816000 0.50604000 0.15657000
v -0.24931000 0.78352000 0.03719000
v -0.24982000 0.78301000 0.03494000
v -0.24816000 0.78075000 0.15657000
v -0.24931000 0.78352000 0.15657000
v -0.24931000 0.78075000 0.15934000
v -0.24982000 0.78301000 0.15883000
v -0.24931000 0.50604000 0.15934000
v -0.24982000 0.50378000 0.15883000
v -0.24931000 0.57494000 -0.10949000
v -0.24931000 0.57771000 -0.11225000
v -0.24982000 0.57545000 -0.11174000
v -0.24816000 0.57771000 -0.10949000
v -0.24931000 0.57494000 0.00989000
v -0.24816000 0.78075000 -0.10949000
v -0.24931000 0.78075000 -0.11225000
v -0.24816000 0.57771000 0.00989000
v -0.24931000 0.78352000 -0.10949000
v -0.24982000 0.78301000 -0.11174000
v -0.24816000 0.78075000 0.00989000
v -0.24931000 0.78352000 0.00989000
v -0.24931000 0.78075000 0.01266000
v -0.24982000 0.78301000 0.01215000
v -0.24931000 0.57771000 0.01266000
v -0.24982000 0.57545000 0.01215000
v -0.24931000 0.50604000 -0.13402000
v -0.24931000 0.50328000 -0.13679000
v -0.24982000 0.50378000 -0.13453000
v -0.24816000 0.50604000 -0.13679000
v -0.24931000 0.78075000 -0.13402000
v -0.24816000 0.50604000 -0.25618000
v -0.24931000 0.50328000 -0.25618000
v -0.24816000 0.78075000 -0.13679000
v -0.24931000 0.50604000 -0.25895000
v -0.24982000 0.50378000 -0.25844000
v -0.24816000 0.78075000 -0.25618000
v -0.24931000 0.78075000 -0.25895000
v -0.24931000 0.78352000 -0.25618000
v -0.24982000 0.78301000 -0.25844000
v -0.24931000 0.78352000 -0.13679000
v -0.24982000 0.78301000 -0.13453000
v -0.24931000 0.44927000 0.15934000
v -0.24931000 0.44651000 0.15657000
v -0.24982000 0.44702000 0.15883000
v -0.24816000 0.44927000 0.15657000
v -0.24931000 0.47973000 0.15934000
v -0.24816000 0.44927000 -0.25865000
v -0.24931000 0.44651000 -0.25865000
v -0.24816000 0.47973000 0.15657000
v -0.24931000 0.44927000 -0.26142000
v -0.24982000 0.44702000 -0.26091000
v -0.24816000 0.47973000 -0.25865000
v -0.24931000 0.47973000 -0.26142000
v -0.24931000 0.48250000 -0.25865000
v -0.24982000 0.48199000 -0.26091000
v -0.24931000 0.48250000 0.15657000
v -0.24982000 0.48199000 0.15883000
v -0.26569000 0.42150000 0.18438000
v -0.27189000 0.41924000 0.17891000
v -0.27189000 0.42150000 0.18438000
v -0.26569000 0.41924000 0.17891000
v -0.26021000 0.42150000 0.17891000
v -0.26122000 0.42251000 0.18338000
v -0.26021000 0.42150000 -0.27783000
v -0.26569000 0.41924000 -0.27783000
v -0.27189000 0.41924000 -0.27783000
v -0.27189000 0.42150000 -0.28331000
v -0.26569000 0.42150000 -0.28331000
v -0.26122000 0.42251000 -0.28230000
v -0.26569000 0.80850000 0.18438000
v -0.27189000 0.80303000 0.18665000
v -0.27189000 0.80850000 0.18438000
v -0.26569000 0.80303000 0.18665000
v -0.26021000 0.80303000 0.18438000
v -0.26122000 0.80750000 0.18338000
v -0.26021000 0.42698000 0.18438000
v -0.26569000 0.42698000 0.18665000
v -0.27189000 0.42698000 0.18665000
v -0.27189000 0.42150000 0.18438000
v -0.26569000 0.42150000 0.18438000
v -0.26122000 0.42251000 0.18338000
v -0.26569000 0.80850000 -0.28331000
v -0.27189000 0.81077000 -0.27783000
v -0.27189000 0.80850000 -0.28331000
v -0.26569000 0.81077000 -0.27783000
v -0.26021000 0.80850000 -0.27783000
v -0.26122000 0.80750000 -0.28230000
v -0.26021000 0.80850000 0.17891000
v -0.26569000 0.81077000 0.17891000
v -0.27189000 0.81077000 0.17891000
v -0.27189000 0.80850000 0.18438000
v -0.26569000 0.80850000 0.18438000
v -0.26122000 0.80750000 0.18338000
v -0.26569000 0.42150000 -0.28331000
v -0.27189000 0.42698000 -0.28557000
v -0.27189000 0.42150000 -0.28331000
v -0.26569000 0.42698000 -0.28557000
v -0.26021000 0.42698000 -0.28331000
v -0.26122000 0.42251000 -0.28230000
v -0.26021000 0.80303000 -0.28331000
v -0.26569000 0.80303000 -0.28557000
v -0.27189000 0.80303000 -0.28557000
v -0.27189000 0.80850000 -0.28331000
v -0.26569000 0.80850000 -0.28331000
v -0.26122000 0.80750000 -0.28230000
v -0.26021000 0.42698000 0.18438000
v -0.26021000 0.42150000 0.17891000
v -0.26122000 0.42251000 0.18338000
v -0.25795000 0.42698000 0.17891000
v -0.26021000 0.80303000 0.18438000
v -0.25795000 0.42698000 -0.27783000
v -0.26021000 0.42150000 -0.27783000
v -0.25795000 0.80303000 0.17891000
v -0.26021000 0.42698000 -0.28331000
v -0.26122000 0.42251000 -0.28230000
v -0.25795000 0.80303000 -0.27783000
v -0.26021000 0.80303000 -0.28331000
v -0.26021000 0.80850000 -0.27783000
v -0.26122000 0.80750000 -0.28230000
v -0.26021000 0.80850000 0.17891000
v -0.26122000 0.80750000 0.18338000
v -0.13264000 0.24626000 -0.29579000
v -0.13117000 0.25023000 -0.30888000
v -0.13264000 0.24626000 -0.30888000
v -0.13117000 0.25023000 -0.29579000
v -0.13264000 0.25023000 -0.29182000
v -0.13330000 0.24699000 -0.29255000
v -0.13264000 0.79120000 -0.29182000
v -0.13117000 0.79120000 -0.29579000
v -0.13117000 0.79120000 -0.30888000
v -0.13264000 0.79517000 -0.30888000
v -0.13264000 0.79517000 -0.29579000
v -0.13330000 0.79444000 -0.29255000
v -0.21150000 0.24626000 -0.29579000
v -0.20794000 0.24462000 -0.30888000
v -0.21150000 0.24626000 -0.30888000
v -0.20794000 0.24462000 -0.29579000
v -0.20794000 0.24626000 -0.29182000
v -0.21085000 0.24699000 -0.29255000
v -0.13621000 0.24626000 -0.29182000
v -0.13621000 0.24462000 -0.29579000
v -0.13621000 0.24462000 -0.30888000
v -0.13264000 0.24626000 -0.30888000
v -0.13264000 0.24626000 -0.29579000
v -0.13330000 0.24699000 -0.29255000
v -0.13264000 0.79517000 -0.29579000
v -0.13621000 0.79681000 -0.30888000
v -0.13264000 0.79517000 -0.30888000
v -0.13621000 0.79681000 -0.29579000
v -0.13621000 0.79517000 -0.29182000
v -0.13330000 0.79444000 -0.29255000
v -0.20794000 0.79517000 -0.29182000
v -0.20794000 0.79681000 -0.29579000
v -0.20794000 0.79681000 -0.30888000
v -0.21150000 0.79517000 -0.30888000
v -0.21150000 0.79517000 -0.29579000
v -0.21085000 0.79444000 -0.29255000
v -0.21150000 0.79517000 -0.29579000
v -0.21298000 0.79120000 -0.30888000
v -0.21150000 0.79517000 -0.30888000
v -0.21298000 0.79120000 -0.29579000
v -0.21150000 0.79120000 -0.29182000
v -0.21085000 0.79444000 -0.29255000
v -0.21150000 0.25023000 -0.29182000
v -0.21298000 0.25023000 -0.29579000
v -0.21298000 0.25023000 -0.30888000
v -0.21150000 0.24626000 -0.30888000
v -0.21150000 0.24626000 -0.29579000
v -0.21085000 0.24699000 -0.29255000
v -0.07294000 0.24626000 -0.29579000
v -0.06938000 0.24462000 -0.30888000
v -0.07294000 0.24626000 -0.30888000
v -0.06938000 0.24462000 -0.29579000
v 0.00000000 0.24462000 -0.30888000
v -0.06938000 0.24626000 -0.29182000
v -0.07229000 0.24699000 -0.29255000
v 0.00000000 0.24626000 -0.29182000
v 0.00000000 0.24462000 -0.29579000
v 0.06939000 0.24462000 -0.29579000
v 0.06939000 0.24462000 -0.30888000
v 0.06939000 0.24626000 -0.29182000
v 0.07295000 0.24626000 -0.29579000
v 0.07295000 0.24626000 -0.30888000
v 0.07230000 0.24699000 -0.29255000
v -0.07294000 0.79517000 -0.29579000
v -0.07442000 0.79120000 -0.30888000
v -0.07294000 0.79517000 -0.30888000
v -0.07442000 0.79120000 -0.29579000
v -0.07294000 0.79120000 -0.29182000
v -0.07229000 0.79444000 -0.29255000
v -0.07294000 0.25023000 -0.29182000
v -0.07442000 0.25023000 -0.29579000
v -0.07442000 0.25023000 -0.30888000
v -0.07294000 0.24626000 -0.30888000
v -0.07294000 0.24626000 -0.29579000
v -0.07229000 0.24699000 -0.29255000
v -0.13621000 0.24626000 -0.29182000
v -0.13264000 0.25023000 -0.29182000
v -0.13330000 0.24699000 -0.29255000
v -0.13621000 0.25023000 -0.29018000
v -0.20794000 0.24626000 -0.29182000
v -0.13621000 0.79120000 -0.29018000
v -0.13264000 0.79120000 -0.29182000
v -0.20794000 0.25023000 -0.29018000
v -0.13621000 0.79517000 -0.29182000
v -0.13330000 0.79444000 -0.29255000
v -0.20794000 0.79120000 -0.29018000
v -0.20794000 0.79517000 -0.29182000
v -0.21150000 0.79120000 -0.29182000
v -0.21085000 0.79444000 -0.29255000
v -0.21150000 0.25023000 -0.29182000
v -0.21085000 0.24699000 -0.29255000
v -0.07294000 0.25023000 -0.29182000
v -0.06938000 0.24626000 -0.29182000
v -0.07229000 0.24699000 -0.29255000
v -0.06938000 0.25023000 -0.29018000
v 0.00000000 0.25023000 -0.29018000
v 0.00000000 0.24626000 -0.29182000
v -0.07294000 0.79120000 -0.29182000
v 0.06939000 0.24626000 -0.29182000
v -0.06938000 0.79120000 -0.29018000
v -0.06938000 0.79517000 -0.29182000
v -0.07229000 0.79444000 -0.29255000
v 0.00000000 0.79517000 -0.29182000
v 0.00000000 0.79120000 -0.29018000
v 0.06939000 0.79120000 -0.29018000
v 0.06939000 0.79517000 -0.29182000
v 0.06939000 0.25023000 -0.29018000
v 0.07295000 0.79120000 -0.29182000
v 0.07230000 0.79444000 -0.29255000
v 0.07295000 0.25023000 -0.29182000
v 0.07230000 0.24699000 -0.29255000
v -0.07294000 0.79517000 -0.29579000
v -0.06938000 0.79517000 -0.29182000
v -0.07229000 0.79444000 -0.29255000
v -0.06938000 0.79681000 -0.29579000
v 0.00000000 0.79681000 -0.29579000
v -0.07294000 0.79517000 -0.30888000
v -0.06938000 0.79681000 -0.30888000
v 0.00000000 0.79517000 -0.29182000
v 0.00000000 0.79681000 -0.30888000
v 0.06939000 0.79681000 -0.30888000
v 0.06939000 0.79517000 -0.29182000
v 0.06939000 0.79681000 -0.29579000
v 0.07295000 0.79517000 -0.30888000
v 0.07295000 0.79517000 -0.29579000
v 0.07230000 0.79444000 -0.29255000
v 0.20224000 0.82827000 0.16737000
v 0.20224000 0.83258000 0.16737000
v 0.20452000 0.83258000 0.16831000
v 0.20452000 0.82827000 0.16831000
v 0.22340000 0.83258000 0.16831000
v 0.20452000 0.82599000 0.16737000
v 0.20266000 0.82640000 0.16695000
v 0.22340000 0.82599000 0.16737000
v 0.22340000 0.82827000 0.16831000
v 0.22568000 0.83258000 0.16737000
v 0.22568000 0.82827000 0.16737000
v 0.22527000 0.82640000 0.16695000
v 0.22568000 0.82827000 0.16737000
v 0.22568000 0.83258000 0.16737000
v 0.22663000 0.83258000 0.16509000
v 0.22663000 0.82827000 0.16509000
v 0.22663000 0.83258000 -0.00686000
v 0.22568000 0.82599000 0.16509000
v 0.22527000 0.82640000 0.16695000
v 0.22568000 0.82599000 -0.00686000
v 0.22663000 0.82827000 -0.00686000
v 0.22568000 0.83258000 -0.00914000
v 0.22568000 0.82826000 -0.00914000
v 0.22527000 0.82640000 -0.00872000
v 0.22340000 0.83258000 -0.01008000
v 0.22568000 0.82826000 -0.00914000
v 0.22568000 0.83258000 -0.00914000
v 0.22340000 0.82827000 -0.01008000
v 0.22340000 0.82599000 -0.00914000
v 0.22527000 0.82640000 -0.00872000
v 0.18242000 0.82597000 -0.00902000
v 0.18255000 0.82836000 -0.01008000
v 0.18248000 0.83258000 -0.01008000
v 0.18020000 0.83258000 -0.00963000
v 0.18021000 0.82836000 -0.00961000
v 0.18047000 0.82640000 -0.00899000
v 0.18021000 0.82836000 -0.00961000
v 0.18020000 0.83258000 -0.00963000
v 0.17828000 0.83258000 -0.00833000
v 0.17823000 0.82836000 -0.00828000
v 0.14469000 0.83258000 0.02556000
v 0.17908000 0.82597000 -0.00763000
v 0.18047000 0.82640000 -0.00899000
v 0.14535000 0.82598000 0.02623000
v 0.14469000 0.82824000 0.02556000
v 0.14374000 0.83258000 0.02784000
v 0.14375000 0.82825000 0.02784000
v 0.14434000 0.82640000 0.02784000
v 0.14536000 0.82599000 0.02947000
v 0.14468000 0.83258000 0.03012000
v 0.14469000 0.82827000 0.03014000
v 0.18510000 0.82599000 0.06991000
v 0.18436000 0.82827000 0.07051000
v 0.18436000 0.83258000 0.07051000
v 0.19779000 0.82599000 0.08918000
v 0.19690000 0.83258000 0.08954000
v 0.19690000 0.82827000 0.08954000
v 0.20224000 0.82599000 0.11182000
v 0.20130000 0.83258000 0.11191000
v 0.20130000 0.82827000 0.11191000
v 0.20224000 0.82599000 0.16509000
v 0.20130000 0.82827000 0.16509000
v 0.20130000 0.83258000 0.16509000
v 0.20224000 0.83258000 0.16737000
v 0.20224000 0.82827000 0.16737000
v 0.20266000 0.82640000 0.16695000
v 0.20224000 0.82599000 0.16509000
v 0.20266000 0.82640000 0.16695000
v 0.20452000 0.82599000 0.16737000
v 0.20452000 0.82504000 0.16509000
v 0.20224000 0.82599000 0.11182000
v 0.22340000 0.82504000 0.16509000
v 0.22340000 0.82599000 0.16737000
v 0.20452000 0.82504000 0.11160000
v 0.19779000 0.82599000 0.08918000
v 0.22340000 0.82504000 -0.00686000
v 0.19994000 0.82504000 0.08830000
v 0.18510000 0.82599000 0.06991000
v 0.22568000 0.82599000 0.16509000
v 0.22527000 0.82640000 0.16695000
v 0.22568000 0.82599000 -0.00686000
v 0.18688000 0.82504000 0.06847000
v 0.14536000 0.82599000 0.02947000
v 0.14696000 0.82504000 0.02785000
v 0.22340000 0.82599000 -0.00914000
v 0.22527000 0.82640000 -0.00872000
v 0.18130000 0.82504000 -0.00700000
v 0.18242000 0.82597000 -0.00902000
v 0.17908000 0.82597000 -0.00763000
v 0.18047000 0.82640000 -0.00899000
v 0.14535000 0.82598000 0.02623000
v 0.14434000 0.82640000 0.02784000
v 0.20224000 0.82827000 -0.26629000
v 0.20452000 0.83258000 -0.26724000
v 0.20224000 0.83258000 -0.26629000
v 0.20452000 0.82827000 -0.26724000
v 0.22340000 0.83258000 -0.26724000
v 0.20452000 0.82599000 -0.26629000
v 0.20266000 0.82640000 -0.26587000
v 0.22340000 0.82599000 -0.26629000
v 0.22340000 0.82827000 -0.26724000
v 0.22568000 0.83258000 -0.26629000
v 0.22568000 0.82827000 -0.26629000
v 0.22527000 0.82640000 -0.26587000
v 0.22568000 0.82827000 -0.26629000
v 0.22663000 0.83258000 -0.26401000
v 0.22568000 0.83258000 -0.26629000
v 0.22663000 0.82827000 -0.26401000
v 0.22663000 0.83258000 -0.09207000
v 0.22568000 0.82599000 -0.26401000
v 0.22527000 0.82640000 -0.26587000
v 0.22568000 0.82599000 -0.09207000
v 0.22663000 0.82827000 -0.09207000
v 0.22568000 0.83258000 -0.08979000
v 0.22568000 0.82826000 -0.08979000
v 0.22527000 0.82640000 -0.09020000
v 0.22340000 0.83258000 -0.08884000
v 0.22568000 0.83258000 -0.08979000
v 0.22568000 0.82826000 -0.08979000
v 0.22340000 0.82827000 -0.08884000
v 0.22340000 0.82599000 -0.08979000
v 0.22527000 0.82640000 -0.09020000
v 0.18242000 0.82597000 -0.08990000
v 0.18255000 0.82836000 -0.08884000
v 0.18248000 0.83258000 -0.08884000
v 0.18020000 0.83258000 -0.08930000
v 0.18021000 0.82836000 -0.08931000
v 0.18047000 0.82640000 -0.08993000
v 0.18021000 0.82836000 -0.08931000
v 0.17828000 0.83258000 -0.09060000
v 0.18020000 0.83258000 -0.08930000
v 0.17823000 0.82836000 -0.09064000
v 0.14469000 0.83258000 -0.12449000
v 0.17908000 0.82597000 -0.09129000
v 0.18047000 0.82640000 -0.08993000
v 0.14535000 0.82598000 -0.12515000
v 0.14469000 0.82824000 -0.12449000
v 0.14374000 0.83258000 -0.12676000
v 0.14375000 0.82825000 -0.12677000
v 0.14434000 0.82640000 -0.12677000
v 0.14536000 0.82599000 -0.12839000
v 0.14468000 0.83258000 -0.12905000
v 0.14469000 0.82827000 -0.12906000
v 0.18510000 0.82599000 -0.16883000
v 0.18436000 0.82827000 -0.16943000
v 0.18436000 0.83258000 -0.16943000
v 0.19779000 0.82599000 -0.18810000
v 0.19690000 0.83258000 -0.18847000
v 0.19690000 0.82827000 -0.18847000
v 0.20224000 0.82599000 -0.21075000
v 0.20130000 0.83258000 -0.21084000
v 0.20130000 0.82827000 -0.21084000
v 0.20224000 0.82599000 -0.26401000
v 0.20130000 0.82827000 -0.26401000
v 0.20130000 0.83258000 -0.26401000
v 0.20224000 0.83258000 -0.26629000
v 0.20224000 0.82827000 -0.26629000
v 0.20266000 0.82640000 -0.26587000
v 0.20224000 0.82599000 -0.26401000
v 0.20452000 0.82599000 -0.26629000
v 0.20266000 0.82640000 -0.26587000
v 0.20452000 0.82504000 -0.26401000
v 0.20224000 0.82599000 -0.21075000
v 0.22340000 0.82504000 -0.26401000
v 0.22340000 0.82599000 -0.26629000
v 0.20452000 0.82504000 -0.21052000
v 0.19779000 0.82599000 -0.18810000
v 0.22340000 0.82504000 -0.09207000
v 0.19994000 0.82504000 -0.18722000
v 0.18510000 0.82599000 -0.16883000
v 0.22568000 0.82599000 -0.26401000
v 0.22527000 0.82640000 -0.26587000
v 0.22568000 0.82599000 -0.09207000
v 0.18688000 0.82504000 -0.16740000
v 0.14536000 0.82599000 -0.12839000
v 0.14696000 0.82504000 -0.12677000
v 0.22340000 0.82599000 -0.08979000
v 0.22527000 0.82640000 -0.09020000
v 0.18130000 0.82504000 -0.09192000
v 0.18242000 0.82597000 -0.08990000
v 0.17908000 0.82597000 -0.09129000
v 0.18047000 0.82640000 -0.08993000
v 0.14535000 0.82598000 -0.12515000
v 0.14434000 0.82640000 -0.12677000
v 0.22027000 0.82656000 -0.06048000
v 0.22027000 0.83258000 -0.06048000
v 0.21391000 0.83258000 -0.06219000
v 0.21391000 0.82656000 -0.06219000
v 0.21384000 0.82549000 -0.06170000
v 0.22002000 0.82549000 -0.06005000
v 0.09103000 0.82549000 -0.06170000
v 0.09097000 0.82656000 -0.06219000
v 0.09097000 0.83258000 -0.06219000
v 0.08485000 0.82549000 -0.06005000
v 0.08461000 0.83258000 -0.06048000
v 0.08461000 0.82656000 -0.06048000
v 0.22027000 0.82656000 -0.03844000
v 0.22027000 0.83258000 -0.03844000
v 0.22492000 0.83258000 -0.04310000
v 0.22492000 0.82656000 -0.04310000
v 0.22663000 0.83258000 -0.04946000
v 0.22449000 0.82549000 -0.04335000
v 0.22002000 0.82549000 -0.03887000
v 0.22613000 0.82549000 -0.04946000
v 0.22663000 0.82656000 -0.04946000
v 0.22492000 0.83258000 -0.05583000
v 0.22449000 0.82549000 -0.05558000
v 0.22492000 0.82656000 -0.05583000
v 0.22027000 0.83258000 -0.06048000
v 0.22002000 0.82549000 -0.06005000
v 0.22027000 0.82656000 -0.06048000
v 0.08461000 0.82656000 -0.03844000
v 0.08461000 0.83258000 -0.03844000
v 0.09097000 0.83258000 -0.03674000
v 0.09097000 0.82656000 -0.03674000
v 0.09103000 0.82549000 -0.03722000
v 0.08485000 0.82549000 -0.03887000
v 0.21384000 0.82549000 -0.03722000
v 0.21391000 0.82656000 -0.03674000
v 0.21391000 0.83258000 -0.03674000
v 0.22002000 0.82549000 -0.03887000
v 0.22027000 0.83258000 -0.03844000
v 0.22027000 0.82656000 -0.03844000
v 0.08461000 0.82656000 -0.06048000
v 0.08461000 0.83258000 -0.06048000
v 0.07995000 0.83258000 -0.05583000
v 0.07995000 0.82656000 -0.05583000
v 0.07824000 0.83258000 -0.04946000
v 0.08038000 0.82549000 -0.05558000
v 0.08485000 0.82549000 -0.06005000
v 0.07874000 0.82549000 -0.04946000
v 0.07824000 0.82656000 -0.04946000
v 0.07995000 0.83258000 -0.04310000
v 0.08038000 0.82549000 -0.04335000
v 0.07995000 0.82656000 -0.04310000
v 0.08461000 0.83258000 -0.03844000
v 0.08485000 0.82549000 -0.03887000
v 0.08461000 0.82656000 -0.03844000
v 0.17268000 0.82549000 0.11457000
v 0.16952000 0.82549000 0.12005000
v 0.16987000 0.82656000 0.12040000
v 0.17316000 0.82656000 0.11470000
v 0.17268000 0.82549000 0.10824000
v 0.17316000 0.82656000 0.10811000
v 0.16948000 0.82549000 0.10270000
v 0.16987000 0.82656000 0.10241000
v 0.07303000 0.82549000 0.00625000
v 0.07332000 0.82656000 0.00586000
v 0.16987000 0.83258000 0.10241000
v 0.17316000 0.83258000 0.10811000
v 0.07332000 0.83258000 0.00586000
v 0.06762000 0.83258000 0.00257000
v 0.06762000 0.82656000 0.00257000
v 0.17316000 0.83258000 0.11470000
v 0.16987000 0.83258000 0.12040000
v 0.16416000 0.82656000 0.12369000
v 0.16416000 0.83258000 0.12369000
v 0.05533000 0.82656000 0.00586000
v 0.05252000 0.82549000 0.01169000
v 0.05568000 0.82549000 0.00621000
v 0.05203000 0.82656000 0.01157000
v 0.05252000 0.82549000 0.01802000
v 0.05203000 0.82656000 0.01815000
v 0.05571000 0.82549000 0.02356000
v 0.05533000 0.82656000 0.02386000
v 0.15217000 0.82549000 0.12002000
v 0.15187000 0.82656000 0.12040000
v 0.05533000 0.83258000 0.02386000
v 0.15187000 0.83258000 0.12040000
v 0.05203000 0.83258000 0.01815000
v 0.05203000 0.83258000 0.01157000
v 0.05533000 0.83258000 0.00586000
v 0.06103000 0.82656000 0.00257000
v 0.06103000 0.83258000 0.00257000
v 0.15187000 0.82656000 0.12040000
v 0.15187000 0.83258000 0.12040000
v 0.15758000 0.83258000 0.12369000
v 0.15758000 0.82656000 0.12369000
v 0.16416000 0.83258000 0.12369000
v 0.16416000 0.82656000 0.12369000
v 0.15771000 0.82549000 0.12321000
v 0.15217000 0.82549000 0.12002000
v 0.16403000 0.82549000 0.12321000
v 0.16952000 0.82549000 0.12005000
v 0.16987000 0.82656000 0.12040000
v 0.06762000 0.82656000 0.00257000
v 0.06762000 0.83258000 0.00257000
v 0.06103000 0.83258000 0.00257000
v 0.06103000 0.82656000 0.00257000
v 0.06116000 0.82549000 0.00305000
v 0.05568000 0.82549000 0.00621000
v 0.05533000 0.82656000 0.00586000
v 0.06749000 0.82549000 0.00305000
v 0.07332000 0.82656000 0.00586000
v 0.07303000 0.82549000 0.00625000
v 0.00637000 0.82656000 0.18906000
v 0.00637000 0.83258000 0.18906000
v 0.01102000 0.83258000 0.18440000
v 0.01102000 0.82656000 0.18440000
v 0.01273000 0.83258000 0.17804000
v 0.01059000 0.82549000 0.18415000
v 0.00612000 0.82549000 0.18862000
v 0.01225000 0.82549000 0.17797000
v 0.01273000 0.82656000 0.17804000
v 0.01225000 0.82549000 0.04156000
v 0.01273000 0.82656000 0.04150000
v 0.01273000 0.83258000 0.04150000
v 0.01059000 0.82549000 0.03539000
v 0.01102000 0.83258000 0.03514000
v 0.01102000 0.82656000 0.03514000
v 0.00612000 0.82549000 0.03091000
v 0.00637000 0.83258000 0.03048000
v 0.00637000 0.82656000 0.03048000
v -0.00636000 0.82656000 0.18906000
v -0.00636000 0.83258000 0.18906000
v 0.00001000 0.83258000 0.19076000
v 0.00001000 0.82656000 0.19076000
v 0.00637000 0.83258000 0.18906000
v 0.00637000 0.82656000 0.18906000
v 0.00612000 0.82549000 0.18862000
v 0.00001000 0.82549000 0.19026000
v -0.00611000 0.82549000 0.18862000
v -0.00636000 0.82656000 0.03048000
v -0.00636000 0.83258000 0.03048000
v -0.01101000 0.83258000 0.03514000
v -0.01101000 0.82656000 0.03514000
v -0.01272000 0.83258000 0.04150000
v -0.01058000 0.82549000 0.03539000
v -0.00611000 0.82549000 0.03091000
v -0.01224000 0.82549000 0.04156000
v -0.01272000 0.82656000 0.04150000
v -0.01224000 0.82549000 0.17797000
v -0.01272000 0.82656000 0.17804000
v -0.01272000 0.83258000 0.17804000
v -0.01058000 0.82549000 0.18415000
v -0.01101000 0.83258000 0.18440000
v -0.01101000 0.82656000 0.18440000
v -0.00611000 0.82549000 0.18862000
v -0.00636000 0.83258000 0.18906000
v -0.00636000 0.82656000 0.18906000
v 0.00637000 0.82656000 0.03048000
v 0.00637000 0.83258000 0.03048000
v 0.00001000 0.83258000 0.02878000
v 0.00001000 0.82656000 0.02878000
v -0.00636000 0.83258000 0.03048000
v -0.00636000 0.82656000 0.03048000
v -0.00611000 0.82549000 0.03091000
v 0.00001000 0.82549000 0.02928000
v 0.00612000 0.82549000 0.03091000
v 0.16403000 0.82549000 -0.22214000
v 0.16952000 0.82549000 -0.21897000
v 0.16987000 0.82656000 -0.21933000
v 0.16416000 0.82656000 -0.22262000
v 0.15771000 0.82549000 -0.22214000
v 0.15758000 0.82656000 -0.22262000
v 0.15217000 0.82549000 -0.21894000
v 0.15187000 0.82656000 -0.21933000
v 0.15758000 0.83258000 -0.22262000
v 0.16416000 0.83258000 -0.22262000
v 0.05533000 0.82656000 -0.10479000
v 0.06116000 0.82549000 -0.10197000
v 0.05568000 0.82549000 -0.10514000
v 0.06103000 0.82656000 -0.10149000
v 0.06749000 0.82549000 -0.10197000
v 0.06762000 0.82656000 -0.10149000
v 0.07303000 0.82549000 -0.10517000
v 0.07332000 0.82656000 -0.10478000
v 0.07332000 0.83258000 -0.10478000
v 0.06762000 0.83258000 -0.10149000
v 0.06103000 0.83258000 -0.10149000
v 0.16987000 0.82656000 -0.21933000
v 0.16416000 0.83258000 -0.22262000
v 0.16416000 0.82656000 -0.22262000
v 0.16987000 0.83258000 -0.21933000
v 0.17316000 0.82656000 -0.21362000
v 0.16952000 0.82549000 -0.21897000
v 0.17316000 0.83258000 -0.21362000
v 0.17268000 0.82549000 -0.21349000
v 0.17316000 0.82656000 -0.20703000
v 0.17316000 0.83258000 -0.20703000
v 0.17268000 0.82549000 -0.20716000
v 0.16987000 0.82656000 -0.20133000
v 0.16987000 0.83258000 -0.20133000
v 0.07332000 0.83258000 -0.10478000
v 0.16948000 0.82549000 -0.20163000
v 0.07332000 0.82656000 -0.10478000
v 0.07303000 0.82549000 -0.10517000
v 0.15758000 0.82656000 -0.22262000
v 0.15758000 0.83258000 -0.22262000
v 0.15187000 0.83258000 -0.21933000
v 0.15187000 0.82656000 -0.21933000
v 0.05533000 0.82656000 -0.12278000
v 0.05533000 0.83258000 -0.12278000
v 0.05203000 0.83258000 -0.11708000
v 0.05571000 0.82549000 -0.12248000
v 0.15217000 0.82549000 -0.21894000
v 0.05252000 0.82549000 -0.11695000
v 0.05203000 0.82656000 -0.11708000
v 0.05203000 0.83258000 -0.11049000
v 0.05252000 0.82549000 -0.11062000
v 0.05203000 0.82656000 -0.11049000
v 0.05568000 0.82549000 -0.10514000
v 0.05533000 0.83258000 -0.10479000
v 0.05533000 0.82656000 -0.10479000
v 0.06103000 0.83258000 -0.10149000
v 0.06103000 0.82656000 -0.10149000
v 0.30090000 0.16019000 0.20926000
v 0.30090000 0.86931000 0.20926000
v 0.30090000 0.86931000 0.04887000
v 0.30090000 0.16019000 0.04887000
v 0.30090000 0.16019000 -0.34629000
v 0.30090000 0.86931000 -0.34629000
v 0.30090000 0.09612000 0.04887000
v 0.30090000 0.09612000 -0.34629000
v 0.30090000 0.03204000 -0.34629000
v 0.30090000 0.03204000 0.08084000
v 0.30090000 0.00000000 0.08084000
v 0.30090000 0.00000000 -0.34629000
v 0.27190000 0.19557000 0.09484000
v 0.27190000 0.19557000 -0.30888000
v 0.27190000 0.83258000 -0.30888000
v 0.27190000 0.19557000 0.13738000
v 0.27190000 0.83258000 0.20926000
v 0.27190000 0.19557000 0.20926000
v 0.27190000 0.19149000 0.13738000
v 0.27190000 0.19149000 0.09484000
v 0.27190000 0.19557000 0.09484000
v 0.27190000 0.19149000 0.09484000
v 0.24247000 0.19149000 0.09484000
v 0.24247000 0.19557000 0.09484000
v 0.24247000 0.19557000 0.13738000
v 0.24247000 0.19149000 0.13738000
v 0.27190000 0.19149000 0.13738000
v 0.27190000 0.19557000 0.13738000
v 0.24247000 0.19557000 0.13738000
v 0.24247000 0.19557000 0.09484000
v 0.24247000 0.19149000 0.09484000
v 0.24247000 0.19149000 0.13738000
v 0.08477000 0.20054000 -0.05857000
v 0.08492000 0.20107000 -0.05872000
v 0.08530000 0.20119000 -0.05845000
v 0.08503000 0.20054000 -0.05793000
v 0.08477000 0.19818000 -0.05857000
v 0.08503000 0.20063000 0.05695000
v 0.08537000 0.20122000 0.05728000
v 0.08479000 0.20044000 0.05761000
v 0.08488000 0.20119000 0.05765000
v 0.08453000 0.20124000 0.05811000
v 0.08415000 0.20025000 0.05787000
v 0.08503000 0.19818000 0.05696000
v 0.08477000 0.19818000 0.05760000
v 0.08503000 0.19818000 -0.05793000
v 0.08477000 0.19754000 0.05696000
v 0.08465000 0.19766000 0.05748000
v 0.08477000 0.19754000 -0.05793000
v 0.08465000 0.19766000 -0.05845000
v 0.17681000 0.21107000 0.15123000
v 0.17681000 0.20911000 0.15123000
v 0.17474000 0.20911000 0.15178000
v 0.17474000 0.21107000 0.15178000
v 0.17471000 0.21142000 0.15162000
v 0.17673000 0.21142000 0.15109000
v 0.11080000 0.21142000 0.15162000
v 0.11078000 0.21107000 0.15178000
v 0.11078000 0.20911000 0.15178000
v 0.10879000 0.21142000 0.15109000
v 0.10871000 0.20911000 0.15123000
v 0.10871000 0.21107000 0.15123000
v 0.17681000 0.21107000 0.14405000
v 0.17681000 0.20911000 0.14405000
v 0.17832000 0.20911000 0.14557000
v 0.17832000 0.21107000 0.14557000
v 0.17888000 0.20911000 0.14764000
v 0.17818000 0.21142000 0.14565000
v 0.17673000 0.21142000 0.14419000
v 0.17872000 0.21142000 0.14764000
v 0.17888000 0.21107000 0.14764000
v 0.17832000 0.20911000 0.14971000
v 0.17818000 0.21142000 0.14963000
v 0.17832000 0.21107000 0.14971000
v 0.17681000 0.20911000 0.15123000
v 0.17673000 0.21142000 0.15109000
v 0.17681000 0.21107000 0.15123000
v 0.10871000 0.21107000 0.14405000
v 0.10871000 0.20911000 0.14405000
v 0.11078000 0.20911000 0.14350000
v 0.11078000 0.21107000 0.14350000
v 0.11080000 0.21142000 0.14365000
v 0.10879000 0.21142000 0.14419000
v 0.17471000 0.21142000 0.14365000
v 0.17474000 0.21107000 0.14350000
v 0.17474000 0.20911000 0.14350000
v 0.17673000 0.21142000 0.14419000
v 0.17681000 0.20911000 0.14405000
v 0.17681000 0.21107000 0.14405000
v 0.10871000 0.21107000 0.15123000
v 0.10871000 0.20911000 0.15123000
v 0.10719000 0.20911000 0.14971000
v 0.10719000 0.21107000 0.14971000
v 0.10663000 0.20911000 0.14764000
v 0.10733000 0.21142000 0.14963000
v 0.10879000 0.21142000 0.15109000
v 0.10680000 0.21142000 0.14764000
v 0.10663000 0.21107000 0.14764000
v 0.10719000 0.20911000 0.14557000
v 0.10733000 0.21142000 0.14565000
v 0.10719000 0.21107000 0.14557000
v 0.10871000 0.20911000 0.14405000
v 0.10879000 0.21142000 0.14419000
v 0.10871000 0.21107000 0.14405000
v 0.17681000 0.21107000 0.13280000
v 0.17681000 0.20911000 0.13280000
v 0.17474000 0.20911000 0.13336000
v 0.17474000 0.21107000 0.13336000
v 0.17471000 0.21142000 0.13320000
v 0.17673000 0.21142000 0.13266000
v 0.11080000 0.21142000 0.13320000
v 0.11078000 0.21107000 0.13336000
v 0.11078000 0.20911000 0.13336000
v 0.10879000 0.21142000 0.13266000
v 0.10871000 0.20911000 0.13280000
v 0.10871000 0.21107000 0.13280000
v 0.17681000 0.21107000 0.12563000
v 0.17681000 0.20911000 0.12563000
v 0.17832000 0.20911000 0.12715000
v 0.17832000 0.21107000 0.12715000
v 0.17888000 0.20911000 0.12922000
v 0.17818000 0.21142000 0.12723000
v 0.17673000 0.21142000 0.12577000
v 0.17872000 0.21142000 0.12922000
v 0.17888000 0.21107000 0.12922000
v 0.17832000 0.20911000 0.13129000
v 0.17818000 0.21142000 0.13121000
v 0.17832000 0.21107000 0.13129000
v 0.17681000 0.20911000 0.13280000
v 0.17673000 0.21142000 0.13266000
v 0.17681000 0.21107000 0.13280000
v 0.10871000 0.21107000 0.12563000
v 0.10871000 0.20911000 0.12563000
v 0.11078000 0.20911000 0.12507000
v 0.11078000 0.21107000 0.12507000
v 0.11080000 0.21142000 0.12523000
v 0.10879000 0.21142000 0.12577000
v 0.17471000 0.21142000 0.12523000
v 0.17474000 0.21107000 0.12507000
v 0.17474000 0.20911000 0.12507000
v 0.17673000 0.21142000 0.12577000
v 0.17681000 0.20911000 0.12563000
v 0.17681000 0.21107000 0.12563000
v 0.10871000 0.21107000 0.13280000
v 0.10871000 0.20911000 0.13280000
v 0.10719000 0.20911000 0.13129000
v 0.10719000 0.21107000 0.13129000
v 0.10663000 0.20911000 0.12922000
v 0.10733000 0.21142000 0.13121000
v 0.10879000 0.21142000 0.13266000
v 0.10680000 0.21142000 0.12922000
v 0.10663000 0.21107000 0.12922000
v 0.10719000 0.20911000 0.12715000
v 0.10733000 0.21142000 0.12723000
v 0.10719000 0.21107000 0.12715000
v 0.10871000 0.20911000 0.12563000
v 0.10879000 0.21142000 0.12577000
v 0.10871000 0.21107000 0.12563000
v 0.17681000 0.21107000 0.11438000
v 0.17681000 0.20911000 0.11438000
v 0.17474000 0.20911000 0.11494000
v 0.17474000 0.21107000 0.11494000
v 0.17471000 0.21142000 0.11478000
v 0.17673000 0.21142000 0.11424000
v 0.11080000 0.21142000 0.11478000
v 0.11078000 0.21107000 0.11494000
v 0.11078000 0.20911000 0.11494000
v 0.10879000 0.21142000 0.11424000
v 0.10871000 0.20911000 0.11438000
v 0.10871000 0.21107000 0.11438000
v 0.17681000 0.21107000 0.10721000
v 0.17681000 0.20911000 0.10721000
v 0.17832000 0.20911000 0.10872000
v 0.17832000 0.21107000 0.10872000
v 0.17888000 0.20911000 0.11080000
v 0.17818000 0.21142000 0.10881000
v 0.17673000 0.21142000 0.10735000
v 0.17872000 0.21142000 0.11080000
v 0.17888000 0.21107000 0.11080000
v 0.17832000 0.20911000 0.11287000
v 0.17818000 0.21142000 0.11279000
v 0.17832000 0.21107000 0.11287000
v 0.17681000 0.20911000 0.11438000
v 0.17673000 0.21142000 0.11424000
v 0.17681000 0.21107000 0.11438000
v 0.10871000 0.21107000 0.10721000
v 0.10871000 0.20911000 0.10721000
v 0.11078000 0.20911000 0.10665000
v 0.11078000 0.21107000 0.10665000
v 0.11080000 0.21142000 0.10681000
v 0.10879000 0.21142000 0.10735000
v 0.17471000 0.21142000 0.10681000
v 0.17474000 0.21107000 0.10665000
v 0.17474000 0.20911000 0.10665000
v 0.17673000 0.21142000 0.10735000
v 0.17681000 0.20911000 0.10721000
v 0.17681000 0.21107000 0.10721000
v 0.10871000 0.21107000 0.11438000
v 0.10871000 0.20911000 0.11438000
v 0.10719000 0.20911000 0.11287000
v 0.10719000 0.21107000 0.11287000
v 0.10663000 0.20911000 0.11080000
v 0.10733000 0.21142000 0.11279000
v 0.10879000 0.21142000 0.11424000
v 0.10680000 0.21142000 0.11080000
v 0.10663000 0.21107000 0.11080000
v 0.10719000 0.20911000 0.10872000
v 0.10733000 0.21142000 0.10881000
v 0.10719000 0.21107000 0.10872000
v 0.10871000 0.20911000 0.10721000
v 0.10879000 0.21142000 0.10735000
v 0.10871000 0.21107000 0.10721000
v 0.27190000 0.26716000 0.05724000
v 0.26619000 0.26840000 0.05849000
v 0.26493000 0.26716000 0.06405000
v 0.27190000 0.26434000 0.06405000
v 0.26476000 0.26794000 0.08718000
v 0.27190000 0.26434000 0.08579000
v 0.27190000 0.26536000 0.09260000
v 0.26602000 0.26738000 0.09193000
v 0.26474000 0.27058000 0.09565000
v 0.27190000 0.26831000 0.09882000
v 0.26493000 0.29135000 0.12142000
v 0.27190000 0.28896000 0.12291000
v 0.26493000 0.30228000 0.13665000
v 0.27190000 0.29974000 0.13790000
v 0.26493000 0.30993000 0.15590000
v 0.27190000 0.30728000 0.15688000
v 0.26558000 0.31662000 0.17663000
v 0.27190000 0.31469000 0.17867000
v 0.27190000 0.31892000 0.18444000
v 0.26658000 0.31967000 0.18217000
v 0.26493000 0.27399000 0.05724000
v 0.26619000 0.26840000 0.05849000
v 0.27190000 0.26716000 0.05724000
v 0.27190000 0.27398000 0.05442000
v 0.27190000 0.38257000 0.05442000
v 0.26493000 0.38257000 0.05724000
v 0.27190000 0.38939000 0.05724000
v 0.26619000 0.38813000 0.05849000
v 0.26493000 0.38939000 0.06405000
v 0.26619000 0.38813000 0.05849000
v 0.27190000 0.38939000 0.05724000
v 0.27190000 0.39221000 0.06405000
v 0.27190000 0.39221000 0.17701000
v 0.26493000 0.38939000 0.17701000
v 0.27190000 0.38939000 0.18383000
v 0.26618000 0.38813000 0.18257000
v 0.26493000 0.38257000 0.18383000
v 0.26618000 0.38813000 0.18257000
v 0.27190000 0.38939000 0.18383000
v 0.27190000 0.38257000 0.18665000
v 0.27190000 0.32574000 0.18665000
v 0.26498000 0.32523000 0.18382000
v 0.27190000 0.31892000 0.18444000
v 0.26658000 0.31967000 0.18217000
v 0.27190000 0.26716000 -0.11309000
v 0.26619000 0.26842000 -0.11184000
v 0.26493000 0.26716000 -0.10628000
v 0.27190000 0.26434000 -0.10628000
v 0.26493000 0.26716000 0.00669000
v 0.27190000 0.26434000 0.00669000
v 0.27190000 0.26716000 0.01350000
v 0.26619000 0.26842000 0.01225000
v 0.26493000 0.27398000 -0.11309000
v 0.26619000 0.26842000 -0.11184000
v 0.27190000 0.26716000 -0.11309000
v 0.27190000 0.27398000 -0.11591000
v 0.27190000 0.38257000 -0.11591000
v 0.26493000 0.38257000 -0.11309000
v 0.27190000 0.38939000 -0.11309000
v 0.26619000 0.38813000 -0.11184000
v 0.27190000 0.26716000 0.01350000
v 0.26619000 0.26842000 0.01225000
v 0.26493000 0.27398000 0.01350000
v 0.27190000 0.27398000 0.01632000
v 0.26493000 0.38257000 0.01350000
v 0.27190000 0.38257000 0.01632000
v 0.27190000 0.38939000 0.01350000
v 0.26619000 0.38813000 0.01225000
v 0.27190000 0.38939000 0.01350000
v 0.26619000 0.38813000 0.01225000
v 0.26493000 0.38939000 0.00669000
v 0.27190000 0.39221000 0.00669000
v 0.27190000 0.39221000 -0.10628000
v 0.26493000 0.38939000 -0.10628000
v 0.26619000 0.38813000 -0.11184000
v 0.27190000 0.38939000 -0.11309000
v 0.27190000 0.26716000 -0.28275000
v 0.26619000 0.26842000 -0.28150000
v 0.26493000 0.26716000 -0.27594000
v 0.27190000 0.26434000 -0.27594000
v 0.26493000 0.26716000 -0.16298000
v 0.27190000 0.26434000 -0.16298000
v 0.27190000 0.26716000 -0.15616000
v 0.26619000 0.26842000 -0.15742000
v 0.26493000 0.27398000 -0.28275000
v 0.26619000 0.26842000 -0.28150000
v 0.27190000 0.26716000 -0.28275000
v 0.27190000 0.27398000 -0.28557000
v 0.27190000 0.38257000 -0.28557000
v 0.26493000 0.38257000 -0.28275000
v 0.27190000 0.38939000 -0.28275000
v 0.26619000 0.38813000 -0.28150000
v 0.27190000 0.26716000 -0.15616000
v 0.26619000 0.26842000 -0.15742000
v 0.26493000 0.27398000 -0.15616000
v 0.27190000 0.27398000 -0.15334000
v 0.26493000 0.38257000 -0.15616000
v 0.27190000 0.38257000 -0.15334000
v 0.27190000 0.38939000 -0.15616000
v 0.26619000 0.38813000 -0.15742000
v 0.27190000 0.38939000 -0.15616000
v 0.26619000 0.38813000 -0.15742000
v 0.26493000 0.38939000 -0.16298000
v 0.27190000 0.39221000 -0.16298000
v 0.26493000 0.38939000 -0.27594000
v 0.27190000 0.39221000 -0.27594000
v 0.27190000 0.38939000 -0.28275000
v 0.26619000 0.38813000 -0.28150000
v 0.26493000 0.26716000 0.06405000
v 0.26619000 0.26840000 0.05849000
v 0.26493000 0.27399000 0.05724000
v 0.26211000 0.27398000 0.06405000
v 0.26211000 0.38257000 0.06405000
v 0.26493000 0.38257000 0.05724000
v 0.26476000 0.26794000 0.08718000
v 0.26493000 0.38939000 0.06405000
v 0.26619000 0.38813000 0.05849000
v 0.26211000 0.38257000 0.17701000
v 0.26493000 0.38939000 0.17701000
v 0.26493000 0.38257000 0.18383000
v 0.26618000 0.38813000 0.18257000
v 0.26211000 0.32412000 0.17725000
v 0.26498000 0.32523000 0.18382000
v 0.26558000 0.31662000 0.17663000
v 0.26658000 0.31967000 0.18217000
v 0.26211000 0.31633000 0.15355000
v 0.26493000 0.30993000 0.15590000
v 0.26211000 0.30841000 0.13365000
v 0.26493000 0.30228000 0.13665000
v 0.26211000 0.29714000 0.11781000
v 0.26493000 0.29135000 0.12142000
v 0.26211000 0.27350000 0.09012000
v 0.26474000 0.27058000 0.09565000
v 0.26602000 0.26738000 0.09193000
v 0.26493000 0.26716000 -0.10628000
v 0.26619000 0.26842000 -0.11184000
v 0.26493000 0.27398000 -0.11309000
v 0.26211000 0.27398000 -0.10628000
v 0.26493000 0.26716000 0.00669000
v 0.26211000 0.38257000 -0.10628000
v 0.26493000 0.38257000 -0.11309000
v 0.26211000 0.27398000 0.00669000
v 0.26493000 0.38939000 -0.10628000
v 0.26619000 0.38813000 -0.11184000
v 0.26211000 0.38257000 0.00669000
v 0.26493000 0.38939000 0.00669000
v 0.26493000 0.38257000 0.01350000
v 0.26619000 0.38813000 0.01225000
v 0.26493000 0.27398000 0.01350000
v 0.26619000 0.26842000 0.01225000
v 0.26493000 0.26716000 -0.27594000
v 0.26619000 0.26842000 -0.28150000
v 0.26493000 0.27398000 -0.28275000
v 0.26211000 0.27398000 -0.27594000
v 0.26493000 0.26716000 -0.16298000
v 0.26211000 0.38257000 -0.27594000
v 0.26493000 0.38257000 -0.28275000
v 0.26211000 0.27398000 -0.16298000
v 0.26493000 0.38939000 -0.27594000
v 0.26619000 0.38813000 -0.28150000
v 0.26211000 0.38257000 -0.16298000
v 0.26493000 0.38939000 -0.16298000
v 0.26493000 0.38257000 -0.15616000
v 0.26619000 0.38813000 -0.15742000
v 0.26493000 0.27398000 -0.15616000
v 0.26619000 0.26842000 -0.15742000
v 0.25209000 0.50328000 0.03443000
v 0.25796000 0.50328000 0.03443000
v 0.25796000 0.50604000 0.03328000
v 0.25209000 0.50604000 0.03328000
v 0.24932000 0.50604000 0.03443000
v 0.24983000 0.50378000 0.03494000
v 0.24932000 0.78075000 0.03443000
v 0.25209000 0.78075000 0.03328000
v 0.25796000 0.78075000 0.03328000
v 0.25796000 0.78352000 0.03443000
v 0.25209000 0.78352000 0.03443000
v 0.24983000 0.78301000 0.03494000
v 0.25209000 0.50328000 0.15934000
v 0.25796000 0.50328000 0.15934000
v 0.25796000 0.50213000 0.15657000
v 0.25209000 0.50213000 0.15657000
v 0.24932000 0.50328000 0.15657000
v 0.24983000 0.50378000 0.15883000
v 0.24932000 0.50328000 0.03719000
v 0.25209000 0.50213000 0.03719000
v 0.25796000 0.50213000 0.03719000
v 0.25796000 0.50328000 0.03443000
v 0.25209000 0.50328000 0.03443000
v 0.24983000 0.50378000 0.03494000
v 0.25209000 0.78352000 0.15934000
v 0.25796000 0.78352000 0.15934000
v 0.25796000 0.78075000 0.16049000
v 0.25209000 0.78075000 0.16049000
v 0.24932000 0.78075000 0.15934000
v 0.24983000 0.78301000 0.15883000
v 0.24932000 0.50604000 0.15934000
v 0.25209000 0.50604000 0.16049000
v 0.25796000 0.50604000 0.16049000
v 0.25796000 0.50328000 0.15934000
v 0.25209000 0.50328000 0.15934000
v 0.24983000 0.50378000 0.15883000
v 0.25209000 0.78352000 0.03443000
v 0.25796000 0.78352000 0.03443000
v 0.25796000 0.78467000 0.03719000
v 0.25209000 0.78467000 0.03719000
v 0.24932000 0.78352000 0.03719000
v 0.24983000 0.78301000 0.03494000
v 0.24932000 0.78352000 0.15657000
v 0.25209000 0.78467000 0.15657000
v 0.25796000 0.78467000 0.15657000
v 0.25796000 0.78352000 0.15934000
v 0.25209000 0.78352000 0.15934000
v 0.24983000 0.78301000 0.15883000
v 0.25209000 0.57494000 -0.11225000
v 0.25796000 0.57494000 -0.11225000
v 0.25796000 0.57771000 -0.11340000
v 0.25209000 0.57771000 -0.11340000
v 0.24932000 0.57771000 -0.11225000
v 0.24983000 0.57545000 -0.11174000
v 0.24932000 0.78075000 -0.11225000
v 0.25209000 0.78075000 -0.11340000
v 0.25796000 0.78075000 -0.11340000
v 0.25796000 0.78352000 -0.11225000
v 0.25209000 0.78352000 -0.11225000
v 0.24983000 0.78301000 -0.11174000
v 0.25209000 0.57494000 0.01266000
v 0.25796000 0.57494000 0.01266000
v 0.25796000 0.57379000 0.00989000
v 0.25209000 0.57379000 0.00989000
v 0.24932000 0.57494000 0.00989000
v 0.24983000 0.57545000 0.01215000
v 0.24932000 0.57494000 -0.10949000
v 0.25209000 0.57379000 -0.10949000
v 0.25796000 0.57379000 -0.10949000
v 0.25796000 0.57494000 -0.11225000
v 0.25209000 0.57494000 -0.11225000
v 0.24983000 0.57545000 -0.11174000
v 0.25209000 0.78352000 0.01266000
v 0.25796000 0.78352000 0.01266000
v 0.25796000 0.78075000 0.01381000
v 0.25209000 0.78075000 0.01381000
v 0.24932000 0.78075000 0.01266000
v 0.24983000 0.78301000 0.01215000
v 0.24932000 0.57771000 0.01266000
v 0.25209000 0.57771000 0.01381000
v 0.25796000 0.57771000 0.01381000
v 0.25796000 0.57494000 0.01266000
v 0.25209000 0.57494000 0.01266000
v 0.24983000 0.57545000 0.01215000
v 0.25209000 0.78352000 -0.11225000
v 0.25796000 0.78352000 -0.11225000
v 0.25796000 0.78467000 -0.10949000
v 0.25209000 0.78467000 -0.10949000
v 0.24932000 0.78352000 -0.10949000
v 0.24983000 0.78301000 -0.11174000
v 0.24932000 0.78352000 0.00989000
v 0.25209000 0.78467000 0.00989000
v 0.25796000 0.78467000 0.00989000
v 0.25796000 0.78352000 0.01266000
v 0.25209000 0.78352000 0.01266000
v 0.24983000 0.78301000 0.01215000
v 0.25209000 0.50328000 -0.13402000
v 0.25796000 0.50328000 -0.13402000
v 0.25796000 0.50213000 -0.13679000
v 0.25209000 0.50213000 -0.13679000
v 0.25796000 0.50213000 -0.25618000
v 0.24932000 0.50328000 -0.13679000
v 0.24983000 0.50378000 -0.13453000
v 0.24932000 0.50328000 -0.25618000
v 0.25209000 0.50213000 -0.25618000
v 0.25796000 0.50328000 -0.25895000
v 0.25209000 0.50328000 -0.25895000
v 0.24983000 0.50378000 -0.25844000
v 0.25209000 0.50328000 -0.25895000
v 0.25796000 0.50328000 -0.25895000
v 0.25796000 0.50604000 -0.26009000
v 0.25209000 0.50604000 -0.26009000
v 0.25796000 0.78075000 -0.26009000
v 0.24932000 0.50604000 -0.25895000
v 0.24983000 0.50378000 -0.25844000
v 0.24932000 0.78075000 -0.25895000
v 0.25209000 0.78075000 -0.26009000
v 0.25796000 0.78352000 -0.25895000
v 0.25209000 0.78352000 -0.25895000
v 0.24983000 0.78301000 -0.25844000
v 0.25209000 0.78352000 -0.25895000
v 0.25796000 0.78352000 -0.25895000
v 0.25796000 0.78467000 -0.25618000
v 0.25209000 0.78467000 -0.25618000
v 0.25796000 0.78467000 -0.13679000
v 0.24932000 0.78352000 -0.25618000
v 0.24983000 0.78301000 -0.25844000
v 0.24932000 0.78352000 -0.13679000
v 0.25209000 0.78467000 -0.13679000
v 0.25796000 0.78352000 -0.13402000
v 0.25209000 0.78352000 -0.13402000
v 0.24983000 0.78301000 -0.13453000
v 0.25209000 0.78352000 -0.13402000
v 0.25796000 0.78352000 -0.13402000
v 0.25796000 0.78075000 -0.13288000
v 0.25209000 0.78075000 -0.13288000
v 0.25796000 0.50604000 -0.13288000
v 0.24932000 0.78075000 -0.13402000
v 0.24983000 0.78301000 -0.13453000
v 0.24932000 0.50604000 -0.13402000
v 0.25209000 0.50604000 -0.13288000
v 0.25796000 0.50328000 -0.13402000
v 0.25209000 0.50328000 -0.13402000
v 0.24983000 0.50378000 -0.13453000
v 0.25209000 0.44651000 0.15934000
v 0.25796000 0.44651000 0.15934000
v 0.25796000 0.44536000 0.15657000
v 0.25209000 0.44536000 0.15657000
v 0.24932000 0.44651000 0.15657000
v 0.24983000 0.44702000 0.15883000
v 0.24932000 0.44651000 -0.25865000
v 0.25209000 0.44536000 -0.25865000
v 0.25796000 0.44536000 -0.25865000
v 0.25796000 0.44651000 -0.26142000
v 0.25209000 0.44651000 -0.26142000
v 0.24983000 0.44702000 -0.26091000
v 0.25209000 0.48250000 0.15934000
v 0.25796000 0.48250000 0.15934000
v 0.25796000 0.47973000 0.16049000
v 0.25209000 0.47973000 0.16049000
v 0.24932000 0.47973000 0.15934000
v 0.24983000 0.48199000 0.15883000
v 0.24932000 0.44927000 0.15934000
v 0.25209000 0.44927000 0.16049000
v 0.25796000 0.44927000 0.16049000
v 0.25796000 0.44651000 0.15934000
v 0.25209000 0.44651000 0.15934000
v 0.24983000 0.44702000 0.15883000
v 0.25209000 0.48250000 -0.26142000
v 0.25796000 0.48250000 -0.26142000
v 0.25796000 0.48364000 -0.25865000
v 0.25209000 0.48364000 -0.25865000
v 0.24932000 0.48250000 -0.25865000
v 0.24983000 0.48199000 -0.26091000
v 0.24932000 0.48250000 0.15657000
v 0.25209000 0.48364000 0.15657000
v 0.25796000 0.48364000 0.15657000
v 0.25796000 0.48250000 0.15934000
v 0.25209000 0.48250000 0.15934000
v 0.24983000 0.48199000 0.15883000
v 0.25209000 0.44651000 -0.26142000
v 0.25796000 0.44651000 -0.26142000
v 0.25796000 0.44927000 -0.26257000
v 0.25209000 0.44927000 -0.26257000
v 0.24932000 0.44927000 -0.26142000
v 0.24983000 0.44702000 -0.26091000
v 0.24932000 0.47973000 -0.26142000
v 0.25209000 0.47973000 -0.26257000
v 0.25796000 0.47973000 -0.26257000
v 0.25796000 0.48250000 -0.26142000
v 0.25209000 0.48250000 -0.26142000
v 0.24983000 0.48199000 -0.26091000
v 0.24932000 0.50328000 0.03719000
v 0.24983000 0.50378000 0.03494000
v 0.24932000 0.50604000 0.03443000
v 0.24817000 0.50604000 0.03719000
v 0.24932000 0.50328000 0.15657000
v 0.24817000 0.78075000 0.03719000
v 0.24932000 0.78075000 0.03443000
v 0.24817000 0.50604000 0.15657000
v 0.24932000 0.78352000 0.03719000
v 0.24983000 0.78301000 0.03494000
v 0.24817000 0.78075000 0.15657000
v 0.24932000 0.78352000 0.15657000
v 0.24932000 0.78075000 0.15934000
v 0.24983000 0.78301000 0.15883000
v 0.24932000 0.50604000 0.15934000
v 0.24983000 0.50378000 0.15883000
v 0.24932000 0.57494000 -0.10949000
v 0.24983000 0.57545000 -0.11174000
v 0.24932000 0.57771000 -0.11225000
v 0.24817000 0.57771000 -0.10949000
v 0.24932000 0.57494000 0.00989000
v 0.24817000 0.78075000 -0.10949000
v 0.24932000 0.78075000 -0.11225000
v 0.24817000 0.57771000 0.00989000
v 0.24932000 0.78352000 -0.10949000
v 0.24983000 0.78301000 -0.11174000
v 0.24817000 0.78075000 0.00989000
v 0.24932000 0.78352000 0.00989000
v 0.24932000 0.78075000 0.01266000
v 0.24983000 0.78301000 0.01215000
v 0.24932000 0.57771000 0.01266000
v 0.24983000 0.57545000 0.01215000
v 0.24932000 0.50604000 -0.13402000
v 0.24983000 0.50378000 -0.13453000
v 0.24932000 0.50328000 -0.13679000
v 0.24817000 0.50604000 -0.13679000
v 0.24932000 0.78075000 -0.13402000
v 0.24817000 0.50604000 -0.25618000
v 0.24932000 0.50328000 -0.25618000
v 0.24817000 0.78075000 -0.13679000
v 0.24932000 0.50604000 -0.25895000
v 0.24983000 0.50378000 -0.25844000
v 0.24817000 0.78075000 -0.25618000
v 0.24932000 0.78075000 -0.25895000
v 0.24932000 0.78352000 -0.25618000
v 0.24983000 0.78301000 -0.25844000
v 0.24932000 0.78352000 -0.13679000
v 0.24983000 0.78301000 -0.13453000
v 0.24932000 0.44927000 0.15934000
v 0.24983000 0.44702000 0.15883000
v 0.24932000 0.44651000 0.15657000
v 0.24817000 0.44927000 0.15657000
v 0.24932000 0.47973000 0.15934000
v 0.24817000 0.44927000 -0.25865000
v 0.24932000 0.44651000 -0.25865000
v 0.24817000 0.47973000 0.15657000
v 0.24932000 0.44927000 -0.26142000
v 0.24983000 0.44702000 -0.26091000
v 0.24817000 0.47973000 -0.25865000
v 0.24932000 0.47973000 -0.26142000
v 0.24932000 0.48250000 -0.25865000
v 0.24983000 0.48199000 -0.26091000
v 0.24932000 0.48250000 0.15657000
v 0.24983000 0.48199000 0.15883000
v 0.26570000 0.42150000 0.18438000
v 0.27190000 0.42150000 0.18438000
v 0.27190000 0.41924000 0.17891000
v 0.26570000 0.41924000 0.17891000
v 0.26022000 0.42150000 0.17891000
v 0.26123000 0.42251000 0.18338000
v 0.26022000 0.42150000 -0.27783000
v 0.26570000 0.41924000 -0.27783000
v 0.27190000 0.41924000 -0.27783000
v 0.27190000 0.42150000 -0.28331000
v 0.26570000 0.42150000 -0.28331000
v 0.26123000 0.42251000 -0.28230000
v 0.26570000 0.80850000 0.18438000
v 0.27190000 0.80850000 0.18438000
v 0.27190000 0.80303000 0.18665000
v 0.26570000 0.80303000 0.18665000
v 0.26022000 0.80303000 0.18438000
v 0.26123000 0.80750000 0.18338000
v 0.26022000 0.42698000 0.18438000
v 0.26570000 0.42698000 0.18665000
v 0.27190000 0.42698000 0.18665000
v 0.27190000 0.42150000 0.18438000
v 0.26570000 0.42150000 0.18438000
v 0.26123000 0.42251000 0.18338000
v 0.26570000 0.80850000 -0.28331000
v 0.27190000 0.80850000 -0.28331000
v 0.27190000 0.81077000 -0.27783000
v 0.26570000 0.81077000 -0.27783000
v 0.26022000 0.80850000 -0.27783000
v 0.26123000 0.80750000 -0.28230000
v 0.26022000 0.80850000 0.17891000
v 0.26570000 0.81077000 0.17891000
v 0.27190000 0.81077000 0.17891000
v 0.27190000 0.80850000 0.18438000
v 0.26570000 0.80850000 0.18438000
v 0.26123000 0.80750000 0.18338000
v 0.26570000 0.42150000 -0.28331000
v 0.27190000 0.42150000 -0.28331000
v 0.27190000 0.42698000 -0.28557000
v 0.26570000 0.42698000 -0.28557000
v 0.26022000 0.42698000 -0.28331000
v 0.26123000 0.42251000 -0.28230000
v 0.26022000 0.80303000 -0.28331000
v 0.26570000 0.80303000 -0.28557000
v 0.27190000 0.80303000 -0.28557000
v 0.27190000 0.80850000 -0.28331000
v 0.26570000 0.80850000 -0.28331000
v 0.26123000 0.80750000 -0.28230000
v 0.26022000 0.42698000 0.18438000
v 0.26123000 0.42251000 0.18338000
v 0.26022000 0.42150000 0.17891000
v 0.25796000 0.42698000 0.17891000
v 0.26022000 0.80303000 0.18438000
v 0.25796000 0.42698000 -0.27783000
v 0.26022000 0.42150000 -0.27783000
v 0.25796000 0.80303000 0.17891000
v 0.26022000 0.42698000 -0.28331000
v 0.26123000 0.42251000 -0.28230000
v 0.25796000 0.80303000 -0.27783000
v 0.26022000 0.80303000 -0.28331000
v 0.26022000 0.80850000 -0.27783000
v 0.26123000 0.80750000 -0.28230000
v 0.26022000 0.80850000 0.17891000
v 0.26123000 0.80750000 0.18338000
v 0.13265000 0.24626000 -0.29579000
v 0.13265000 0.24626000 -0.30888000
v 0.13118000 0.25023000 -0.30888000
v 0.13118000 0.25023000 -0.29579000
v 0.13265000 0.25023000 -0.29182000
v 0.13331000 0.24699000 -0.29255000
v 0.13265000 0.79120000 -0.29182000
v 0.13118000 0.79120000 -0.29579000
v 0.13118000 0.79120000 -0.30888000
v 0.13265000 0.79517000 -0.30888000
v 0.13265000 0.79517000 -0.29579000
v 0.13331000 0.79444000 -0.29255000
v 0.21151000 0.24626000 -0.29579000
v 0.21151000 0.24626000 -0.30888000
v 0.20795000 0.24462000 -0.30888000
v 0.20795000 0.24462000 -0.29579000
v 0.20795000 0.24626000 -0.29182000
v 0.21086000 0.24699000 -0.29255000
v 0.13622000 0.24626000 -0.29182000
v 0.13622000 0.24462000 -0.29579000
v 0.13622000 0.24462000 -0.30888000
v 0.13265000 0.24626000 -0.30888000
v 0.13265000 0.24626000 -0.29579000
v 0.13331000 0.24699000 -0.29255000
v 0.13265000 0.79517000 -0.29579000
v 0.13265000 0.79517000 -0.30888000
v 0.13622000 0.79681000 -0.30888000
v 0.13622000 0.79681000 -0.29579000
v 0.13622000 0.79517000 -0.29182000
v 0.13331000 0.79444000 -0.29255000
v 0.20795000 0.79517000 -0.29182000
v 0.20795000 0.79681000 -0.29579000
v 0.20795000 0.79681000 -0.30888000
v 0.21151000 0.79517000 -0.30888000
v 0.21151000 0.79517000 -0.29579000
v 0.21086000 0.79444000 -0.29255000
v 0.21151000 0.79517000 -0.29579000
v 0.21151000 0.79517000 -0.30888000
v 0.21299000 0.79120000 -0.30888000
v 0.21299000 0.79120000 -0.29579000
v 0.21151000 0.79120000 -0.29182000
v 0.21086000 0.79444000 -0.29255000
v 0.21151000 0.25023000 -0.29182000
v 0.21299000 0.25023000 -0.29579000
v 0.21299000 0.25023000 -0.30888000
v 0.21151000 0.24626000 -0.30888000
v 0.21151000 0.24626000 -0.29579000
v 0.21086000 0.24699000 -0.29255000
v 0.07295000 0.79517000 -0.29579000
v 0.07295000 0.79517000 -0.30888000
v 0.07443000 0.79120000 -0.30888000
v 0.07443000 0.79120000 -0.29579000
v 0.07295000 0.79120000 -0.29182000
v 0.07230000 0.79444000 -0.29255000
v 0.07295000 0.25023000 -0.29182000
v 0.07443000 0.25023000 -0.29579000
v 0.07443000 0.25023000 -0.30888000
v 0.07295000 0.24626000 -0.30888000
v 0.07295000 0.24626000 -0.29579000
v 0.07230000 0.24699000 -0.29255000
v 0.13622000 0.24626000 -0.29182000
v 0.13331000 0.24699000 -0.29255000
v 0.13265000 0.25023000 -0.29182000
v 0.13622000 0.25023000 -0.29018000
v 0.20795000 0.24626000 -0.29182000
v 0.13622000 0.79120000 -0.29018000
v 0.13265000 0.79120000 -0.29182000
v 0.20795000 0.25023000 -0.29018000
v 0.13622000 0.79517000 -0.29182000
v 0.13331000 0.79444000 -0.29255000
v 0.20795000 0.79120000 -0.29018000
v 0.20795000 0.79517000 -0.29182000
v 0.21151000 0.79120000 -0.29182000
v 0.21086000 0.79444000 -0.29255000
v 0.21151000 0.25023000 -0.29182000
v 0.21086000 0.24699000 -0.29255000
v -0.27189000 0.26716000 0.05724000
v -0.26492000 0.26716000 0.06405000
v -0.26618000 0.26840000 0.05849000
v -0.27189000 0.26434000 0.06405000
v -0.26475000 0.26794000 0.08718000
v -0.27189000 0.26434000 0.08579000
v -0.27189000 0.26536000 0.09260000
v -0.26601000 0.26738000 0.09193000
v -0.26473000 0.27058000 0.09565000
v -0.27189000 0.26831000 0.09882000
v -0.26492000 0.29135000 0.12142000
v -0.27189000 0.28896000 0.12291000
v -0.26492000 0.30228000 0.13665000
v -0.27189000 0.29974000 0.13790000
v -0.26492000 0.30993000 0.15590000
v -0.27189000 0.30728000 0.15688000
v -0.26557000 0.31662000 0.17663000
v -0.27189000 0.31469000 0.17867000
v -0.27189000 0.31892000 0.18444000
v -0.26657000 0.31967000 0.18217000
v -0.26492000 0.27399000 0.05724000
v -0.27189000 0.26716000 0.05724000
v -0.26618000 0.26840000 0.05849000
v -0.27189000 0.27398000 0.05442000
v -0.27189000 0.38257000 0.05442000
v -0.26492000 0.38257000 0.05724000
v -0.27189000 0.38939000 0.05724000
v -0.26618000 0.38813000 0.05849000
v -0.26492000 0.38939000 0.06405000
v -0.27189000 0.38939000 0.05724000
v -0.26618000 0.38813000 0.05849000
v -0.27189000 0.39221000 0.06405000
v -0.27189000 0.39221000 0.17701000
v -0.26492000 0.38939000 0.17701000
v -0.27189000 0.38939000 0.18383000
v -0.26617000 0.38813000 0.18257000
v -0.26492000 0.38257000 0.18383000
v -0.27189000 0.38939000 0.18383000
v -0.26617000 0.38813000 0.18257000
v -0.27189000 0.38257000 0.18665000
v -0.27189000 0.32574000 0.18665000
v -0.26497000 0.32523000 0.18382000
v -0.27189000 0.31892000 0.18444000
v -0.26657000 0.31967000 0.18217000
v -0.26492000 0.26716000 0.06405000
v -0.26492000 0.27399000 0.05724000
v -0.26618000 0.26840000 0.05849000
v -0.26210000 0.27398000 0.06405000
v -0.26210000 0.38257000 0.06405000
v -0.26492000 0.38257000 0.05724000
v -0.26475000 0.26794000 0.08718000
v -0.26492000 0.38939000 0.06405000
v -0.26618000 0.38813000 0.05849000
v -0.26210000 0.38257000 0.17701000
v -0.26492000 0.38939000 0.17701000
v -0.26492000 0.38257000 0.18383000
v -0.26617000 0.38813000 0.18257000
v -0.26210000 0.32412000 0.17725000
v -0.26497000 0.32523000 0.18382000
v -0.26557000 0.31662000 0.17663000
v -0.26657000 0.31967000 0.18217000
v -0.26210000 0.31633000 0.15355000
v -0.26492000 0.30993000 0.15590000
v -0.26210000 0.30841000 0.13365000
v -0.26492000 0.30228000 0.13665000
v -0.26210000 0.29714000 0.11781000
v -0.26492000 0.29135000 0.12142000
v -0.26210000 0.27350000 0.09012000
v -0.26473000 0.27058000 0.09565000
v -0.26601000 0.26738000 0.09193000
v 0.00000000 0.00000000 0.08084000
v -0.30089000 0.00000000 -0.34629000
v -0.30089000 0.00000000 0.08084000
v 0.00000000 0.00000000 -0.34629000
v 0.30090000 0.00000000 0.08084000
v 0.30090000 0.00000000 -0.34629000
v 0.00000000 0.16019000 0.04887000
v -0.30089000 0.09612000 0.04887000
v -0.30089000 0.16019000 0.04887000
v 0.00000000 0.09612000 0.04887000
v 0.30090000 0.09612000 0.04887000
v 0.30090000 0.16019000 0.04887000
v 0.30090000 0.03204000 0.08084000
v 0.00000000 0.03204000 0.08084000
v -0.30089000 0.03204000 0.08084000
v -0.30089000 0.00000000 0.08084000
v 0.00000000 0.00000000 0.08084000
v 0.30090000 0.00000000 0.08084000
v -0.30089000 0.03204000 -0.34629000
v -0.30089000 0.00000000 -0.34629000
v 0.00000000 0.00000000 -0.34629000
v 0.00000000 0.03204000 -0.34629000
v 0.30090000 0.00000000 -0.34629000
v 0.30090000 0.03204000 -0.34629000
v 0.30090000 0.09612000 -0.34629000
v 0.00000000 0.09612000 -0.34629000
v -0.30089000 0.09612000 -0.34629000
v -0.30089000 0.16019000 -0.34629000
v 0.00000000 0.16019000 -0.34629000
v 0.30090000 0.16019000 -0.34629000
v -0.30089000 0.86931000 -0.34629000
v 0.30090000 0.86931000 -0.34629000
v 0.00000000 0.86931000 -0.34629000
v -0.30089000 0.16019000 0.20926000
v -0.27189000 0.83258000 0.20926000
v -0.27189000 0.19557000 0.20926000
v 0.00000000 0.19557000 0.20926000
v -0.30089000 0.86931000 0.20926000
v 0.00000000 0.16019000 0.20926000
v 0.00000000 0.83258000 0.20926000
v 0.00000000 0.86931000 0.20926000
v 0.30090000 0.86931000 0.20926000
v 0.27190000 0.83258000 0.20926000
v 0.30090000 0.16019000 0.20926000
v 0.27190000 0.19557000 0.20926000
v -0.21368000 0.82504000 -0.03838000
v -0.21383000 0.82549000 -0.03722000
v -0.09102000 0.82549000 -0.03722000
v -0.21941000 0.82504000 -0.03992000
v -0.22001000 0.82549000 -0.03887000
v -0.09117000 0.82504000 -0.03838000
v -0.08485000 0.82549000 -0.03887000
v -0.08545000 0.82504000 -0.03992000
v -0.08037000 0.82549000 -0.04335000
v -0.22344000 0.82504000 -0.04395000
v -0.22448000 0.82549000 -0.04335000
v -0.22491000 0.82504000 -0.04946000
v -0.22612000 0.82549000 -0.04946000
v -0.22344000 0.82504000 -0.05497000
v -0.22448000 0.82549000 -0.05558000
v -0.21941000 0.82504000 -0.05901000
v -0.22001000 0.82549000 -0.06005000
v -0.21368000 0.82504000 -0.06054000
v -0.21383000 0.82549000 -0.06170000
v -0.09117000 0.82504000 -0.06054000
v -0.09102000 0.82549000 -0.06170000
v -0.08545000 0.82504000 -0.05901000
v -0.08485000 0.82549000 -0.06005000
v -0.08141000 0.82504000 -0.04395000
v -0.07873000 0.82549000 -0.04946000
v -0.08141000 0.82504000 -0.05497000
v -0.08037000 0.82549000 -0.05558000
v -0.07994000 0.82504000 -0.04946000
v -0.15287000 0.82504000 0.11908000
v -0.15216000 0.82549000 0.12002000
v -0.05570000 0.82549000 0.02356000
v -0.15801000 0.82504000 0.12205000
v -0.15770000 0.82549000 0.12321000
v -0.05663000 0.82504000 0.02284000
v -0.05251000 0.82549000 0.01802000
v -0.05367000 0.82504000 0.01771000
v -0.05251000 0.82549000 0.01169000
v -0.16371000 0.82504000 0.12205000
v -0.16402000 0.82549000 0.12321000
v -0.16865000 0.82504000 0.11920000
v -0.16951000 0.82549000 0.12005000
v -0.17151000 0.82504000 0.11426000
v -0.17267000 0.82549000 0.11457000
v -0.17151000 0.82504000 0.10855000
v -0.17267000 0.82549000 0.10824000
v -0.16854000 0.82504000 0.10342000
v -0.16947000 0.82549000 0.10270000
v -0.07230000 0.82504000 0.00718000
v -0.07302000 0.82549000 0.00625000
v -0.06717000 0.82504000 0.00421000
v -0.06748000 0.82549000 0.00305000
v -0.05367000 0.82504000 0.01201000
v -0.05567000 0.82549000 0.00621000
v -0.06146000 0.82504000 0.00421000
v -0.06115000 0.82549000 0.00305000
v -0.05652000 0.82504000 0.00707000
v -0.16854000 0.82504000 -0.20234000
v -0.16947000 0.82549000 -0.20163000
v -0.07302000 0.82549000 -0.10517000
v -0.17151000 0.82504000 -0.20748000
v -0.17267000 0.82549000 -0.20716000
v -0.07230000 0.82504000 -0.10610000
v -0.06748000 0.82549000 -0.10197000
v -0.06717000 0.82504000 -0.10314000
v -0.06115000 0.82549000 -0.10197000
v -0.17151000 0.82504000 -0.21318000
v -0.17267000 0.82549000 -0.21349000
v -0.16865000 0.82504000 -0.21812000
v -0.16951000 0.82549000 -0.21897000
v -0.16371000 0.82504000 -0.22097000
v -0.16402000 0.82549000 -0.22214000
v -0.15801000 0.82504000 -0.22097000
v -0.15770000 0.82549000 -0.22214000
v -0.15287000 0.82504000 -0.21801000
v -0.15216000 0.82549000 -0.21894000
v -0.05663000 0.82504000 -0.12177000
v -0.05570000 0.82549000 -0.12248000
v -0.05367000 0.82504000 -0.11663000
v -0.05251000 0.82549000 -0.11695000
v -0.06146000 0.82504000 -0.10314000
v -0.05567000 0.82549000 -0.10514000
v -0.05367000 0.82504000 -0.11093000
v -0.05251000 0.82549000 -0.11062000
v -0.05652000 0.82504000 -0.10599000
v -0.01107000 0.82504000 -0.27675000
v -0.01224000 0.82549000 -0.27690000
v -0.01224000 0.82549000 -0.14049000
v -0.00954000 0.82504000 -0.28247000
v -0.01058000 0.82549000 -0.28307000
v -0.01107000 0.82504000 -0.14064000
v -0.01058000 0.82549000 -0.13431000
v -0.00954000 0.82504000 -0.13491000
v -0.00611000 0.82549000 -0.12984000
v -0.00551000 0.82504000 -0.28650000
v -0.00611000 0.82549000 -0.28755000
v 0.00001000 0.82504000 -0.28798000
v 0.00001000 0.82549000 -0.28919000
v 0.00552000 0.82504000 -0.28650000
v 0.00612000 0.82549000 -0.28755000
v 0.00955000 0.82504000 -0.28247000
v 0.01059000 0.82549000 -0.28307000
v 0.01108000 0.82504000 -0.27675000
v 0.01225000 0.82549000 -0.27690000
v 0.01108000 0.82504000 -0.14064000
v 0.01225000 0.82549000 -0.14049000
v 0.00955000 0.82504000 -0.13491000
v 0.01059000 0.82549000 -0.13431000
v -0.00551000 0.82504000 -0.13088000
v 0.00001000 0.82549000 -0.12820000
v 0.00552000 0.82504000 -0.13088000
v 0.00612000 0.82549000 -0.12984000
v 0.00001000 0.82504000 -0.12941000
v -0.17465000 0.21156000 0.14403000
v -0.17470000 0.21142000 0.14365000
v -0.11079000 0.21142000 0.14365000
v -0.17652000 0.21156000 0.14453000
v -0.17672000 0.21142000 0.14419000
v -0.11084000 0.21156000 0.14403000
v -0.10878000 0.21142000 0.14419000
v -0.10897000 0.21156000 0.14453000
v -0.10732000 0.21142000 0.14565000
v -0.17783000 0.21156000 0.14584000
v -0.17817000 0.21142000 0.14565000
v -0.17831000 0.21156000 0.14764000
v -0.17871000 0.21142000 0.14764000
v -0.17783000 0.21156000 0.14943000
v -0.17817000 0.21142000 0.14963000
v -0.17652000 0.21156000 0.15075000
v -0.17672000 0.21142000 0.15109000
v -0.17465000 0.21156000 0.15124000
v -0.17470000 0.21142000 0.15162000
v -0.11084000 0.21156000 0.15124000
v -0.11079000 0.21142000 0.15162000
v -0.10897000 0.21156000 0.15075000
v -0.10878000 0.21142000 0.15109000
v -0.10766000 0.21156000 0.14584000
v -0.10679000 0.21142000 0.14764000
v -0.10766000 0.21156000 0.14943000
v -0.10732000 0.21142000 0.14963000
v -0.10718000 0.21156000 0.14764000
v -0.17465000 0.21156000 0.12561000
v -0.17470000 0.21142000 0.12523000
v -0.11079000 0.21142000 0.12523000
v -0.17652000 0.21156000 0.12611000
v -0.17672000 0.21142000 0.12577000
v -0.11084000 0.21156000 0.12561000
v -0.10878000 0.21142000 0.12577000
v -0.10897000 0.21156000 0.12611000
v -0.10732000 0.21142000 0.12723000
v -0.17783000 0.21156000 0.12742000
v -0.17817000 0.21142000 0.12723000
v -0.17831000 0.21156000 0.12922000
v -0.17871000 0.21142000 0.12922000
v -0.17783000 0.21156000 0.13101000
v -0.17817000 0.21142000 0.13121000
v -0.17652000 0.21156000 0.13232000
v -0.17672000 0.21142000 0.13266000
v -0.17465000 0.21156000 0.13282000
v -0.17470000 0.21142000 0.13320000
v -0.11084000 0.21156000 0.13282000
v -0.11079000 0.21142000 0.13320000
v -0.10897000 0.21156000 0.13232000
v -0.10878000 0.21142000 0.13266000
v -0.10766000 0.21156000 0.12742000
v -0.10679000 0.21142000 0.12922000
v -0.10766000 0.21156000 0.13101000
v -0.10732000 0.21142000 0.13121000
v -0.10718000 0.21156000 0.12922000
v -0.17465000 0.21156000 0.10719000
v -0.17470000 0.21142000 0.10681000
v -0.11079000 0.21142000 0.10681000
v -0.17652000 0.21156000 0.10769000
v -0.17672000 0.21142000 0.10735000
v -0.11084000 0.21156000 0.10719000
v -0.10878000 0.21142000 0.10735000
v -0.10897000 0.21156000 0.10769000
v -0.10732000 0.21142000 0.10881000
v -0.17783000 0.21156000 0.10900000
v -0.17817000 0.21142000 0.10881000
v -0.17831000 0.21156000 0.11080000
v -0.17871000 0.21142000 0.11080000
v -0.17783000 0.21156000 0.11259000
v -0.17817000 0.21142000 0.11279000
v -0.17652000 0.21156000 0.11390000
v -0.17672000 0.21142000 0.11424000
v -0.17465000 0.21156000 0.11440000
v -0.17470000 0.21142000 0.11478000
v -0.11084000 0.21156000 0.11440000
v -0.11079000 0.21142000 0.11478000
v -0.10897000 0.21156000 0.11390000
v -0.10878000 0.21142000 0.11424000
v -0.10766000 0.21156000 0.10900000
v -0.10679000 0.21142000 0.11080000
v -0.10766000 0.21156000 0.11259000
v -0.10732000 0.21142000 0.11279000
v -0.10718000 0.21156000 0.11080000
v 0.21369000 0.82504000 -0.03838000
v 0.09118000 0.82504000 -0.03838000
v 0.09103000 0.82549000 -0.03722000
v 0.21384000 0.82549000 -0.03722000
v 0.08485000 0.82549000 -0.03887000
v 0.08546000 0.82504000 -0.03992000
v 0.08038000 0.82549000 -0.04335000
v 0.09118000 0.82504000 -0.06054000
v 0.08142000 0.82504000 -0.04395000
v 0.07874000 0.82549000 -0.04946000
v 0.21941000 0.82504000 -0.03992000
v 0.22002000 0.82549000 -0.03887000
v 0.08546000 0.82504000 -0.05901000
v 0.07995000 0.82504000 -0.04946000
v 0.08038000 0.82549000 -0.05558000
v 0.08142000 0.82504000 -0.05497000
v 0.08485000 0.82549000 -0.06005000
v 0.09103000 0.82549000 -0.06170000
v 0.21384000 0.82549000 -0.06170000
v 0.21369000 0.82504000 -0.06054000
v 0.22002000 0.82549000 -0.06005000
v 0.21941000 0.82504000 -0.05901000
v 0.22449000 0.82549000 -0.05558000
v 0.22345000 0.82504000 -0.05497000
v 0.22613000 0.82549000 -0.04946000
v 0.22345000 0.82504000 -0.04395000
v 0.22449000 0.82549000 -0.04335000
v 0.22492000 0.82504000 -0.04946000
v 0.15288000 0.82504000 0.11908000
v 0.05664000 0.82504000 0.02284000
v 0.05571000 0.82549000 0.02356000
v 0.15217000 0.82549000 0.12002000
v 0.05252000 0.82549000 0.01802000
v 0.05368000 0.82504000 0.01771000
v 0.05252000 0.82549000 0.01169000
v 0.07231000 0.82504000 0.00718000
v 0.05368000 0.82504000 0.01201000
v 0.05568000 0.82549000 0.00621000
v 0.15802000 0.82504000 0.12205000
v 0.15771000 0.82549000 0.12321000
v 0.06718000 0.82504000 0.00421000
v 0.05653000 0.82504000 0.00707000
v 0.06116000 0.82549000 0.00305000
v 0.06147000 0.82504000 0.00421000
v 0.06749000 0.82549000 0.00305000
v 0.07303000 0.82549000 0.00625000
v 0.16948000 0.82549000 0.10270000
v 0.16855000 0.82504000 0.10342000
v 0.17268000 0.82549000 0.10824000
v 0.17152000 0.82504000 0.10855000
v 0.17268000 0.82549000 0.11457000
v 0.17152000 0.82504000 0.11426000
v 0.16952000 0.82549000 0.12005000
v 0.16372000 0.82504000 0.12205000
v 0.16403000 0.82549000 0.12321000
v 0.16866000 0.82504000 0.11920000
v -0.01107000 0.82504000 0.17782000
v -0.01107000 0.82504000 0.04172000
v -0.01224000 0.82549000 0.04156000
v -0.01224000 0.82549000 0.17797000
v -0.01058000 0.82549000 0.03539000
v -0.00954000 0.82504000 0.03599000
v -0.00611000 0.82549000 0.03091000
v 0.01108000 0.82504000 0.04172000
v -0.00551000 0.82504000 0.03196000
v 0.00001000 0.82549000 0.02928000
v -0.00954000 0.82504000 0.18355000
v -0.01058000 0.82549000 0.18415000
v 0.00955000 0.82504000 0.03599000
v 0.00001000 0.82504000 0.03048000
v 0.00612000 0.82549000 0.03091000
v 0.00552000 0.82504000 0.03196000
v 0.01059000 0.82549000 0.03539000
v 0.01225000 0.82549000 0.04156000
v 0.01225000 0.82549000 0.17797000
v 0.01108000 0.82504000 0.17782000
v 0.01059000 0.82549000 0.18415000
v 0.00955000 0.82504000 0.18355000
v 0.00612000 0.82549000 0.18862000
v 0.00552000 0.82504000 0.18758000
v 0.00001000 0.82549000 0.19026000
v -0.00551000 0.82504000 0.18758000
v -0.00611000 0.82549000 0.18862000
v 0.00001000 0.82504000 0.18906000
v 0.16855000 0.82504000 -0.20234000
v 0.07231000 0.82504000 -0.10610000
v 0.07303000 0.82549000 -0.10517000
v 0.16948000 0.82549000 -0.20163000
v 0.06749000 0.82549000 -0.10197000
v 0.06718000 0.82504000 -0.10314000
v 0.06116000 0.82549000 -0.10197000
v 0.05664000 0.82504000 -0.12177000
v 0.06147000 0.82504000 -0.10314000
v 0.05568000 0.82549000 -0.10514000
v 0.17152000 0.82504000 -0.20748000
v 0.17268000 0.82549000 -0.20716000
v 0.05368000 0.82504000 -0.11663000
v 0.05653000 0.82504000 -0.10599000
v 0.05252000 0.82549000 -0.11062000
v 0.05368000 0.82504000 -0.11093000
v 0.05252000 0.82549000 -0.11695000
v 0.05571000 0.82549000 -0.12248000
v 0.15217000 0.82549000 -0.21894000
v 0.15288000 0.82504000 -0.21801000
v 0.15771000 0.82549000 -0.22214000
v 0.15802000 0.82504000 -0.22097000
v 0.16403000 0.82549000 -0.22214000
v 0.16372000 0.82504000 -0.22097000
v 0.16952000 0.82549000 -0.21897000
v 0.17152000 0.82504000 -0.21318000
v 0.17268000 0.82549000 -0.21349000
v 0.16866000 0.82504000 -0.21812000
v 0.17466000 0.21156000 0.14403000
v 0.11085000 0.21156000 0.14403000
v 0.11080000 0.21142000 0.14365000
v 0.17471000 0.21142000 0.14365000
v 0.10879000 0.21142000 0.14419000
v 0.10898000 0.21156000 0.14453000
v 0.10733000 0.21142000 0.14565000
v 0.11085000 0.21156000 0.15124000
v 0.10767000 0.21156000 0.14584000
v 0.10680000 0.21142000 0.14764000
v 0.17653000 0.21156000 0.14453000
v 0.17673000 0.21142000 0.14419000
v 0.10898000 0.21156000 0.15075000
v 0.10719000 0.21156000 0.14764000
v 0.10733000 0.21142000 0.14963000
v 0.10767000 0.21156000 0.14943000
v 0.10879000 0.21142000 0.15109000
v 0.11080000 0.21142000 0.15162000
v 0.17471000 0.21142000 0.15162000
v 0.17466000 0.21156000 0.15124000
v 0.17673000 0.21142000 0.15109000
v 0.17653000 0.21156000 0.15075000
v 0.17818000 0.21142000 0.14963000
v 0.17784000 0.21156000 0.14943000
v 0.17872000 0.21142000 0.14764000
v 0.17784000 0.21156000 0.14584000
v 0.17818000 0.21142000 0.14565000
v 0.17832000 0.21156000 0.14764000
v 0.17466000 0.21156000 0.12561000
v 0.11085000 0.21156000 0.12561000
v 0.11080000 0.21142000 0.12523000
v 0.17471000 0.21142000 0.12523000
v 0.10879000 0.21142000 0.12577000
v 0.10898000 0.21156000 0.12611000
v 0.10733000 0.21142000 0.12723000
v 0.11085000 0.21156000 0.13282000
v 0.10767000 0.21156000 0.12742000
v 0.10680000 0.21142000 0.12922000
v 0.17653000 0.21156000 0.12611000
v 0.17673000 0.21142000 0.12577000
v 0.10898000 0.21156000 0.13232000
v 0.10719000 0.21156000 0.12922000
v 0.10733000 0.21142000 0.13121000
v 0.10767000 0.21156000 0.13101000
v 0.10879000 0.21142000 0.13266000
v 0.11080000 0.21142000 0.13320000
v 0.17471000 0.21142000 0.13320000
v 0.17466000 0.21156000 0.13282000
v 0.17673000 0.21142000 0.13266000
v 0.17653000 0.21156000 0.13232000
v 0.17818000 0.21142000 0.13121000
v 0.17784000 0.21156000 0.13101000
v 0.17872000 0.21142000 0.12922000
v 0.17784000 0.21156000 0.12742000
v 0.17818000 0.21142000 0.12723000
v 0.17832000 0.21156000 0.12922000
v 0.17466000 0.21156000 0.10719000
v 0.11085000 0.21156000 0.10719000
v 0.11080000 0.21142000 0.10681000
v 0.17471000 0.21142000 0.10681000
v 0.10879000 0.21142000 0.10735000
v 0.10898000 0.21156000 0.10769000
v 0.10733000 0.21142000 0.10881000
v 0.11085000 0.21156000 0.11440000
v 0.10767000 0.21156000 0.10900000
v 0.10680000 0.21142000 0.11080000
v 0.17653000 0.21156000 0.10769000
v 0.17673000 0.21142000 0.10735000
v 0.10898000 0.21156000 0.11390000
v 0.10719000 0.21156000 0.11080000
v 0.10733000 0.21142000 0.11279000
v 0.10767000 0.21156000 0.11259000
v 0.10879000 0.21142000 0.11424000
v 0.11080000 0.21142000 0.11478000
v 0.17471000 0.21142000 0.11478000
v 0.17466000 0.21156000 0.11440000
v 0.17673000 0.21142000 0.11424000
v 0.17653000 0.21156000 0.11390000
v 0.17818000 0.21142000 0.11279000
v 0.17784000 0.21156000 0.11259000
v 0.17872000 0.21142000 0.11080000
v 0.17784000 0.21156000 0.10900000
v 0.17818000 0.21142000 0.10881000
v 0.17832000 0.21156000 0.11080000
vn 0.70322480 -0.10501420 0.70316920
vn 0.04457771 0.00000000 0.99900600
vn 0.70713710 0.00000000 0.70707640
vn 0.03926204 -0.13783350 0.98967690
vn -0.04457762 0.00000000 0.99900600
vn 0.03070028 -0.70680920 0.70673780
vn 0.57736250 -0.57736640 0.57732190
vn -0.03070003 -0.70681070 0.70673630
vn -0.03926187 -0.13783330 0.98967700
vn -0.70714070 0.00000000 0.70707280
vn -0.70323030 -0.10501380 0.70316380
vn -0.57736370 -0.57737900 0.57730800
vn -0.70323030 -0.10501380 0.70316380
vn -0.99998530 0.00000000 0.00541931
vn -0.70714070 0.00000000 0.70707280
vn -0.98995300 -0.14131790 0.00472922
vn -0.99998530 0.00000000 -0.00541956
vn -0.70710020 -0.70710400 0.00363500
vn -0.57736370 -0.57737900 0.57730800
vn -0.70710000 -0.70710420 -0.00363344
vn -0.98995530 -0.14130130 -0.00472996
vn -0.70714120 0.00000000 -0.70707230
vn -0.70324460 -0.10503610 -0.70314600
vn -0.57736280 -0.57743160 -0.57725650
vn -0.02209164 0.00000000 -0.99975590
vn -0.70714120 0.00000000 -0.70707230
vn -0.70324460 -0.10503610 -0.70314600
vn -0.01851845 -0.14807550 -0.98880260
vn -0.01404526 -0.69633170 -0.71758260
vn -0.57736280 -0.57743160 -0.57725650
vn 0.00689240 -0.73306450 -0.68012420
vn 0.00949133 -0.15055740 -0.98855570
vn 0.01080430 -0.00017710 -0.99994160
vn 0.38472700 -0.00328018 -0.92302460
vn 0.38178250 -0.12475200 -0.91579420
vn 0.31697660 -0.56707910 -0.76022830
vn 0.38178250 -0.12475200 -0.91579420
vn 0.70364390 -0.00015279 -0.71055280
vn 0.38472700 -0.00328018 -0.92302460
vn 0.69629780 -0.15073450 -0.70174660
vn 0.72347740 -0.00003210 -0.69034810
vn 0.47784360 -0.73431350 -0.48212970
vn 0.31697660 -0.56707910 -0.76022830
vn 0.51699760 -0.69793530 -0.49558030
vn 0.71343920 -0.14847880 -0.68480550
vn 0.99999870 -0.00098503 -0.00129494
vn 0.99440710 -0.10561480 -0.00022532
vn 0.81586280 -0.57824110 0.00225209
vn 0.51041320 -0.70896790 0.48666500
vn 0.72440300 -0.00005284 0.68937680
vn 0.71584310 -0.14042770 0.68399470
vn 0.52054910 -0.72118640 0.45707640
vn 0.74329820 -0.14469300 0.65312470
vn 0.75115220 -0.00000224 0.66012910
vn 0.62355720 -0.73899230 0.25508180
vn 0.92555120 0.00000000 0.37862260
vn 0.91516860 -0.14937290 0.37437170
vn 0.69151440 -0.72122290 0.04056433
vn 0.99830950 0.00000000 0.05812212
vn 0.98779630 -0.14471520 0.05758442
vn 0.70663740 -0.70748270 0.01148091
vn 0.98998440 -0.14038900 0.01489239
vn 0.99985500 0.00000000 0.01702479
vn 0.70713710 0.00000000 0.70707640
vn 0.70322480 -0.10501420 0.70316920
vn 0.57736250 -0.57736640 0.57732190
vn 0.70663740 -0.70748270 0.01148091
vn 0.03070028 -0.70680920 0.70673780
vn 0.57736250 -0.57736640 0.57732190
vn 0.02254740 -0.99971070 0.00837232
vn 0.69151440 -0.72122290 0.04056433
vn -0.06365307 -0.99794410 0.00747766
vn -0.03070003 -0.70681070 0.70673630
vn 0.01573897 -0.99987570 0.00093100
vn 0.62355720 -0.73899230 0.25508180
vn -0.05504263 -0.99839230 -0.01352693
vn 0.02558739 -0.99961780 0.01046635
vn 0.52054910 -0.72118640 0.45707640
vn -0.70710020 -0.70710400 0.00363500
vn -0.57736370 -0.57737900 0.57730800
vn -0.70710000 -0.70710420 -0.00363344
vn 0.01465399 -0.99981000 0.01285520
vn 0.51041320 -0.70896790 0.48666500
vn 0.02210564 -0.99975410 0.00176918
vn -0.01404526 -0.69633170 -0.71758260
vn -0.57736280 -0.57743160 -0.57725650
vn 0.00513252 -0.99992230 -0.01136650
vn 0.00689240 -0.73306450 -0.68012420
vn 0.47784360 -0.73431350 -0.48212970
vn 0.31697660 -0.56707910 -0.76022830
vn 0.51699760 -0.69793530 -0.49558030
vn 0.81586280 -0.57824110 0.00225209
vn 0.70322340 -0.10501560 -0.70317030
vn 0.70713830 0.00000000 -0.70707520
vn 0.04457615 0.00000000 -0.99900600
vn 0.03926121 -0.13782860 -0.98967770
vn -0.04457606 0.00000000 -0.99900600
vn 0.03070031 -0.70680870 -0.70673830
vn 0.57736400 -0.57737090 -0.57731600
vn -0.03070039 -0.70681010 -0.70673670
vn -0.03926126 -0.13782880 -0.98967750
vn -0.70714200 0.00000000 -0.70707150
vn -0.70323060 -0.10501740 -0.70316300
vn -0.57736430 -0.57738360 -0.57730290
vn -0.70323060 -0.10501740 -0.70316300
vn -0.70714200 0.00000000 -0.70707150
vn -0.99998530 0.00000000 -0.00541931
vn -0.98995260 -0.14132060 -0.00472923
vn -0.99998530 0.00000000 0.00541956
vn -0.70709680 -0.70710740 -0.00363512
vn -0.57736430 -0.57738360 -0.57730290
vn -0.70709660 -0.70710760 0.00363360
vn -0.98995480 -0.14130470 0.00472995
vn -0.70714490 0.00000000 0.70706860
vn -0.70324740 -0.10503680 0.70314320
vn -0.57735850 -0.57743150 0.57726070
vn -0.02209196 0.00000000 0.99975590
vn -0.70324740 -0.10503680 0.70314320
vn -0.70714490 0.00000000 0.70706860
vn -0.01851871 -0.14807670 0.98880250
vn -0.01404542 -0.69633290 0.71758150
vn -0.57735850 -0.57743150 0.57726070
vn 0.00689243 -0.73306540 0.68012320
vn 0.00949211 -0.15055850 0.98855550
vn 0.01080543 -0.00017720 0.99994160
vn 0.38473670 -0.00328312 0.92302050
vn 0.38179190 -0.12475040 0.91579060
vn 0.31698280 -0.56707240 0.76023080
vn 0.38179190 -0.12475040 0.91579060
vn 0.38473670 -0.00328312 0.92302050
vn 0.70364280 -0.00015334 0.71055390
vn 0.69629610 -0.15073120 0.70174910
vn 0.72347610 -0.00003258 0.69034940
vn 0.47784340 -0.73431680 0.48212510
vn 0.31698280 -0.56707240 0.76023080
vn 0.51699860 -0.69793600 0.49557810
vn 0.71343750 -0.14847510 0.68480800
vn 0.99999870 -0.00098749 0.00129497
vn 0.99440680 -0.10561760 0.00022091
vn 0.81586470 -0.57823850 -0.00226430
vn 0.51041570 -0.70896740 -0.48666310
vn 0.72440280 -0.00004994 -0.68937700
vn 0.71584590 -0.14042920 -0.68399140
vn 0.52055100 -0.72118620 -0.45707460
vn 0.74330010 -0.14469440 -0.65312210
vn 0.75115220 0.00000000 -0.66012910
vn 0.62355590 -0.73899390 -0.25508020
vn 0.92555200 0.00000000 -0.37862070
vn 0.91516860 -0.14937580 -0.37437030
vn 0.69151010 -0.72122690 -0.04056413
vn 0.99830960 0.00000000 -0.05812121
vn 0.98779590 -0.14471830 -0.05758381
vn 0.70663330 -0.70748680 -0.01148151
vn 0.98998400 -0.14039110 -0.01489261
vn 0.99985500 0.00000000 -0.01702512
vn 0.70713830 0.00000000 -0.70707520
vn 0.70322340 -0.10501560 -0.70317030
vn 0.57736400 -0.57737090 -0.57731600
vn 0.70663330 -0.70748680 -0.01148151
vn 0.57736400 -0.57737090 -0.57731600
vn 0.03070031 -0.70680870 -0.70673830
vn 0.02254741 -0.99971070 -0.00837242
vn 0.69151010 -0.72122690 -0.04056413
vn -0.06365298 -0.99794410 -0.00747771
vn -0.03070039 -0.70681010 -0.70673670
vn 0.01573900 -0.99987570 -0.00093104
vn 0.62355590 -0.73899390 -0.25508020
vn -0.05504285 -0.99839230 0.01352691
vn 0.02558734 -0.99961780 -0.01046744
vn 0.52055100 -0.72118620 -0.45707460
vn -0.70709680 -0.70710740 -0.00363512
vn -0.57736430 -0.57738360 -0.57730290
vn -0.70709660 -0.70710760 0.00363360
vn 0.01465400 -0.99981000 -0.01285494
vn 0.51041570 -0.70896740 -0.48666310
vn 0.02210567 -0.99975410 -0.00176999
vn -0.01404542 -0.69633290 0.71758150
vn -0.57735850 -0.57743150 0.57726070
vn 0.00513251 -0.99992230 0.01136625
vn 0.00689243 -0.73306540 0.68012320
vn 0.47784340 -0.73431680 0.48212510
vn 0.31698280 -0.56707240 0.76023080
vn 0.51699860 -0.69793600 0.49557810
vn 0.81586470 -0.57823850 -0.00226430
vn -0.49885590 -0.06509462 -0.86423700
vn -0.01318094 0.00000000 -0.99991310
vn -0.49999600 0.00000000 -0.86602780
vn -0.01312634 -0.06590281 -0.99773980
vn -0.00893050 -0.71855490 -0.69541290
vn -0.35414950 -0.70434160 -0.61520810
vn 0.00893154 -0.71856680 -0.69540060
vn 0.01312596 -0.06590783 -0.99773940
vn 0.01318095 0.00000000 -0.99991310
vn 0.35416430 -0.70432200 -0.61522200
vn 0.49999140 0.00000000 -0.86603050
vn 0.49884750 -0.06508011 -0.86424290
vn -0.49887640 -0.06508636 0.86422570
vn -0.86605110 0.00000000 0.49995540
vn -0.50001740 0.00000000 0.86601540
vn -0.86422460 -0.06495331 0.49889560
vn -1.00000000 0.00000000 0.00000000
vn -0.61594670 -0.70296970 0.35558880
vn -0.35416120 -0.70432350 0.61522220
vn -0.71120330 -0.70298640 -0.00000312
vn -0.99788770 -0.06496277 0.00000000
vn -0.86605450 0.00000000 -0.49994960
vn -0.61594260 -0.70298060 -0.35557430
vn -0.86422620 -0.06496204 -0.49889190
vn -0.49999600 0.00000000 -0.86602780
vn -0.35414950 -0.70434160 -0.61520810
vn -0.49885590 -0.06509462 -0.86423700
vn 0.49887000 -0.06507365 0.86423050
vn 0.01318334 0.00000000 0.99991310
vn 0.50001330 0.00000000 0.86601780
vn 0.01312844 -0.06591188 0.99773910
vn 0.00893153 -0.71856330 0.69540430
vn 0.35417910 -0.70430640 0.61523150
vn -0.00893162 -0.71855320 0.69541480
vn -0.01312865 -0.06591006 0.99773920
vn -0.01318332 0.00000000 0.99991310
vn -0.35416120 -0.70432350 0.61522220
vn -0.50001740 0.00000000 0.86601540
vn -0.49887640 -0.06508636 0.86422570
vn 0.49884750 -0.06508011 -0.86424290
vn 0.86604800 0.00000000 -0.49996100
vn 0.49999140 0.00000000 -0.86603050
vn 0.86421960 -0.06493732 -0.49890650
vn 1.00000000 0.00000000 0.00000000
vn 0.61597230 -0.70295530 -0.35557280
vn 0.35416430 -0.70432200 -0.61522200
vn 0.71123010 -0.70295920 0.00000304
vn 0.99788960 -0.06493409 0.00000000
vn 0.86604460 0.00000000 0.49996670
vn 0.61598040 -0.70293800 0.35559280
vn 0.86421800 -0.06493001 0.49891010
vn 0.50001330 0.00000000 0.86601780
vn 0.35417910 -0.70430640 0.61523150
vn 0.49887000 -0.06507365 0.86423050
vn -0.68696620 -0.70297930 0.18411270
vn -0.70561440 -0.06496530 0.70561150
vn -0.50289270 -0.70298250 0.50290600
vn -0.96386920 -0.06496279 0.25833340
vn -0.68543910 -0.70434150 -0.18459790
vn -0.96385190 -0.06509846 -0.25836360
vn -0.49743500 -0.71856620 -0.48602560
vn -0.71391640 -0.06590671 -0.69712240
vn -0.48600450 -0.71857270 -0.49744640
vn -0.69711960 -0.06591050 -0.71391880
vn -0.71549110 0.00000000 -0.69862190
vn -0.96592490 0.00000000 -0.25882290
vn -0.69862380 0.00000000 -0.71548910
vn -0.25882150 0.00000000 -0.96592520
vn -0.25836660 -0.06508102 -0.96385220
vn -0.96590980 0.00000000 0.25887880
vn -0.70710890 0.00000000 0.70710470
vn -0.25832390 -0.06495726 0.96387200
vn -0.25886690 0.00000000 0.96591310
vn 0.70561250 -0.06493505 -0.70561640
vn 0.50291430 -0.70296370 -0.50291080
vn 0.68700120 -0.70294110 -0.18412840
vn 0.96387780 -0.06493249 -0.25830900
vn 0.68548230 -0.70429880 0.18459980
vn 0.96385680 -0.06507330 0.25835170
vn 0.49744690 -0.71857520 0.48600030
vn 0.71391660 -0.06590241 0.69712260
vn 0.48602500 -0.71856830 0.49743280
vn 0.69711700 -0.06589939 0.71392240
vn 0.71548890 0.00000000 0.69862410
vn 0.69861870 0.00000000 0.71549410
vn 0.96592900 0.00000000 0.25880720
vn 0.96591620 0.00000000 -0.25885540
vn 0.70710490 0.00000000 -0.70710860
vn 0.25831720 -0.06493676 -0.96387520
vn 0.25886500 0.00000000 -0.96591350
vn 0.69711700 -0.06589939 0.71392240
vn 0.25880730 0.00000000 0.96592900
vn 0.69861870 0.00000000 0.71549410
vn 0.25834660 -0.06508243 0.96385750
vn -0.25886690 0.00000000 0.96591310
vn -0.25832390 -0.06495726 0.96387200
vn 0.18460250 -0.70431260 0.68546750
vn 0.48602500 -0.71856830 0.49743280
vn -0.18410050 -0.70296530 0.68698400
vn -0.50289270 -0.70298250 0.50290600
vn -0.70561440 -0.06496530 0.70561150
vn -0.25836660 -0.06508102 -0.96385220
vn 0.25886500 0.00000000 -0.96591350
vn -0.25882150 0.00000000 -0.96592520
vn 0.25831720 -0.06493676 -0.96387520
vn 0.18412630 -0.70295290 -0.68698950
vn 0.50291430 -0.70296370 -0.50291080
vn 0.70561250 -0.06493505 -0.70561640
vn -0.18459570 -0.70432650 -0.68545510
vn -0.69711960 -0.06591050 -0.71391880
vn -0.48600450 -0.71857270 -0.49744640
vn -0.18410790 -0.70298180 -0.68696500
vn -0.70561420 -0.06496583 -0.70561180
vn -0.50289550 -0.70298900 -0.50289420
vn -0.25832890 -0.06496568 -0.96387010
vn 0.18460710 -0.70433550 -0.68544270
vn 0.25836490 -0.06509970 -0.96385140
vn 0.48600570 -0.71855340 -0.49747320
vn 0.69711540 -0.06590556 -0.71392340
vn 0.25882440 0.00000000 -0.96592440
vn -0.25887530 0.00000000 -0.96591070
vn 0.70561700 -0.06493368 0.70561210
vn 0.50291120 -0.70296000 0.50291910
vn 0.18412060 -0.70294790 0.68699630
vn 0.25830950 -0.06493082 0.96387770
vn -0.18460740 -0.70430910 0.68546980
vn -0.25834970 -0.06507256 0.96385740
vn -0.48601640 -0.71857180 0.49743590
vn -0.69711730 -0.06590521 0.71392160
vn -0.69861840 0.00000000 0.71549440
vn -0.25880540 0.00000000 0.96592950
vn 0.25885500 0.00000000 0.96591620
vn -0.70561420 -0.06496583 -0.70561180
vn -0.25832890 -0.06496568 -0.96387010
vn -0.25887530 0.00000000 -0.96591070
vn -0.70710800 0.00000000 -0.70710550
vn -0.96387260 -0.06495714 -0.25832210
vn -0.50289550 -0.70298900 -0.50289420
vn -0.96591320 0.00000000 -0.25886580
vn -0.68697800 -0.70297090 -0.18410080
vn -0.96385620 -0.06508542 0.25835060
vn -0.96592860 0.00000000 0.25880880
vn -0.68546390 -0.70431630 0.18460150
vn -0.71391710 -0.06590298 0.69712190
vn -0.71548880 0.00000000 0.69862430
vn -0.69861840 0.00000000 0.71549440
vn -0.49744760 -0.71856650 0.48601250
vn -0.69711730 -0.06590521 0.71392160
vn -0.48601640 -0.71857180 0.49743590
vn 0.25836490 -0.06509970 -0.96385140
vn 0.69862380 0.00000000 -0.71548910
vn 0.25882440 0.00000000 -0.96592440
vn 0.69711540 -0.06590556 -0.71392340
vn 0.71391210 -0.06590919 -0.69712660
vn 0.71549110 0.00000000 -0.69862180
vn 0.96592500 0.00000000 -0.25882210
vn 0.49742710 -0.71855960 -0.48604370
vn 0.48600570 -0.71855340 -0.49747320
vn 0.68545980 -0.70432050 -0.18460090
vn 0.96385150 -0.06508049 -0.25836940
vn 0.96591310 0.00000000 0.25886660
vn 0.68699280 -0.70295160 0.18411930
vn 0.96387520 -0.06493607 0.25831740
vn 0.50291120 -0.70296000 0.50291910
vn 0.70710710 0.00000000 0.70710650
vn 0.70561700 -0.06493368 0.70561210
vn 0.25885500 0.00000000 0.96591620
vn 0.25830950 -0.06493082 0.96387770
vn 0.49889190 -0.06496198 -0.86422610
vn 0.86602690 0.00000000 -0.49999750
vn 0.49994740 0.00000000 -0.86605580
vn 0.86423730 -0.06509604 -0.49885520
vn 0.99992900 0.00000000 -0.01192672
vn 0.61521770 -0.70434240 -0.35413120
vn 0.35557300 -0.70298510 -0.61593810
vn 0.69541720 -0.71856090 -0.00807913
vn 0.99775560 -0.06590042 -0.01187720
vn 0.69540510 -0.71857260 0.00807964
vn 0.99775520 -0.06590582 0.01187676
vn 0.99992900 0.00000000 0.01192673
vn 0.61522250 -0.70431440 0.35417850
vn 0.86602910 0.00000000 0.49999370
vn 0.86424200 -0.06508154 0.49884890
vn 0.35557880 -0.70294800 0.61597720
vn 0.49996000 0.00000000 0.86604850
vn 0.49890820 -0.06493784 0.86421850
vn -0.49889630 -0.06495278 -0.86422430
vn 0.00000000 0.00000000 -1.00000000
vn -0.49995590 0.00000000 -0.86605080
vn 0.00000026 -0.06496082 -0.99788780
vn 0.49994740 0.00000000 -0.86605580
vn 0.49889190 -0.06496198 -0.86422610
vn 0.35557300 -0.70298510 -0.61593810
vn 0.00000064 -0.70297810 -0.71121150
vn -0.35559100 -0.70296320 -0.61595270
vn -0.49891210 -0.06492935 0.86421690
vn -0.86601830 0.00000000 0.50001250
vn -0.49996860 0.00000000 0.86604360
vn -0.86423080 -0.06507128 0.49886940
vn -0.99992880 0.00000000 0.01192895
vn -0.61524070 -0.70430100 0.35417370
vn -0.35559330 -0.70293810 0.61598000
vn -0.69540880 -0.71856900 0.00807950
vn -0.99775510 -0.06590661 0.01187901
vn -0.69541870 -0.71855950 -0.00807967
vn -0.99775520 -0.06590448 -0.01187911
vn -0.99992880 0.00000000 -0.01192894
vn -0.61523300 -0.70431870 -0.35415210
vn -0.86601600 0.00000000 -0.50001620
vn -0.86422610 -0.06508528 -0.49887600
vn -0.35559100 -0.70296320 -0.61595270
vn -0.49995590 0.00000000 -0.86605080
vn -0.49889630 -0.06495278 -0.86422430
vn 0.49890820 -0.06493784 0.86421850
vn 0.00000000 0.00000000 1.00000000
vn 0.49996000 0.00000000 0.86604850
vn 0.00000000 -0.06493430 0.99788960
vn -0.49996860 0.00000000 0.86604360
vn -0.49891210 -0.06492935 0.86421690
vn -0.35559330 -0.70293810 0.61598000
vn -0.00000055 -0.70296370 0.71122580
vn 0.35557880 -0.70294800 0.61597720
vn -1.00000000 0.00000000 0.00000018
vn -1.00000000 0.00000000 0.00000000
vn -1.00000000 0.00000000 0.00000018
vn -1.00000000 0.00000000 0.00000000
vn -1.00000000 0.00000000 0.00000000
vn -1.00000000 0.00000000 0.00000000
vn -1.00000000 0.00000000 0.00000000
vn -1.00000000 0.00000000 0.00000000
vn -1.00000000 -0.00000027 0.00000000
vn -1.00000000 -0.00000021 0.00000000
vn -1.00000000 -0.00000063 0.00000000
vn -1.00000000 -0.00000063 0.00000000
vn 1.00000000 0.00000000 0.00000000
vn 1.00000000 0.00000000 0.00000000
vn 1.00000000 0.00000000 0.00000000
vn 1.00000000 0.00000000 0.00000000
vn 1.00000000 0.00000000 0.00000000
vn 1.00000000 0.00000000 0.00000053
vn 1.00000000 0.00000000 -0.00000045
vn 1.00000000 0.00000000 -0.00000045
vn -0.03651907 -0.26316990 0.96405810
vn -0.03651907 -0.26316990 0.96405810
vn -0.03651906 -0.26316990 0.96405810
vn -0.03651907 -0.26316990 0.96405810
vn 0.00000000 0.00000000 -1.00000000
vn 0.00000000 0.00000000 -1.00000000
vn 0.00000000 0.00000000 -1.00000000
vn 0.00000000 0.00000000 -1.00000000
vn -1.00000000 0.00000000 0.00000023
vn -1.00000000 0.00000000 0.00000023
vn -1.00000000 0.00000000 0.00000023
vn -1.00000000 0.00000000 0.00000023
vn 0.00000000 1.00000000 0.00000000
vn 0.00000000 1.00000000 0.00000000
vn 0.00000000 1.00000000 0.00000000
vn 0.00000000 1.00000000 0.00000000
vn 0.00000000 1.00000000 0.00000000
vn 0.00000000 1.00000000 0.00000000
vn 0.00000000 1.00000000 0.00000000
vn 0.00000000 1.00000000 0.00000000
vn 0.00000000 1.00000000 0.00000000
vn 0.00000000 -1.00000000 0.00000013
vn 0.00000000 -1.00000000 0.00000013
vn 0.00000000 -1.00000000 0.00000013
vn 0.00000000 -1.00000000 0.00000013
vn 0.00000000 -1.00000000 0.00000013
vn 0.00000000 -1.00000000 0.00000013
vn 0.00000000 1.00000000 0.00000000
vn 0.00000000 1.00000000 0.00000028
vn 0.00000000 1.00000000 0.00000028
vn 0.00000011 1.00000000 0.00000000
vn 0.00000000 1.00000000 0.00000000
vn 0.00000000 1.00000000 0.00000000
vn 0.00000000 1.00000000 0.00000000
vn 0.00000000 1.00000000 0.00000000
vn 0.00000019 1.00000000 0.00000000
vn 0.00000000 1.00000000 -0.00000046
vn 0.00000000 1.00000000 -0.00000046
vn 0.00000014 1.00000000 0.00000000
vn 0.00000000 1.00000000 0.00000010
vn 0.00000000 1.00000000 0.00000010
vn 0.00000000 0.00000000 1.00000000
vn 0.00000000 0.00000000 1.00000000
vn 0.00000000 0.00000000 1.00000000
vn 0.00000000 0.00000000 1.00000000
vn 0.00000000 0.00000000 1.00000000
vn 0.00000000 0.00000000 1.00000000
vn 0.00000000 -1.00000000 0.00000000
vn 0.00000000 -1.00000000 0.00000000
vn 0.00000000 -1.00000000 0.00000000
vn 0.00000000 -1.00000000 0.00000000
vn 0.00000000 -1.00000000 0.00000000
vn 0.00000000 -1.00000000 0.00000000
vn 0.00269901 0.11109750 0.99380590
vn 0.00232057 0.82189990 0.56962720
vn 0.00000000 0.69375570 0.72021040
vn 0.00000000 0.08578220 0.99631390
vn 0.00290083 0.08837648 0.99608290
vn 0.70199490 0.11783690 0.70236570
vn 0.70569360 0.06307404 0.70570410
vn 0.00210977 0.70712200 0.70708840
vn 0.57734730 0.57736970 0.57733390
vn 0.00000000 0.08856925 0.99607000
vn 0.00000000 0.70712360 0.70708980
vn -0.00210979 0.70712210 0.70708820
vn -0.00269908 0.11109920 0.99380560
vn -0.00232057 0.82190900 0.56961410
vn -0.00290084 0.08837595 0.99608290
vn -0.70199320 0.11783770 0.70236730
vn -0.70569510 0.06307432 0.70570250
vn -0.57734660 0.57737310 0.57733110
vn 0.00305038 0.09276810 -0.99568310
vn 0.75555340 0.08939175 -0.64895950
vn 0.72079830 0.07050727 -0.68954960
vn 0.00273801 0.09159903 -0.99579220
vn 0.00000000 0.08063675 -0.99674360
vn 0.00231743 0.75355790 -0.65737750
vn 0.00000000 0.61942930 -0.78505240
vn -0.00231740 0.75356170 -0.65737310
vn -0.00305041 0.09276886 -0.99568300
vn 0.00210145 0.70711980 -0.70709070
vn 0.57631950 0.57788450 -0.57784550
vn 0.00000000 0.70712130 -0.70709220
vn 0.00000000 0.09237978 -0.99572380
vn -0.00273795 0.09159757 -0.99579230
vn -0.00210146 0.70711560 -0.70709480
vn -0.72079730 0.07050924 -0.68955040
vn -0.75555120 0.08939053 -0.64896200
vn -0.57632060 0.57787930 -0.57784950
vn 0.00232057 0.82189990 0.56962720
vn 0.00269901 0.11109750 0.99380590
vn 0.70199490 0.11783690 0.70236570
vn 0.40598080 0.81899360 0.40549870
vn 0.49959950 0.86625470 0.00174272
vn 0.04715136 0.99865400 0.02160859
vn 0.00000000 0.99890940 0.04669171
vn 0.00000000 0.69375570 0.72021040
vn 0.52254280 0.85261180 -0.00145959
vn -0.00232057 0.82190900 0.56961410
vn 0.06865777 0.99605660 -0.05619158
vn 0.00231743 0.75355790 -0.65737750
vn 0.36658080 0.85493380 -0.36702410
vn 0.00000000 0.61942930 -0.78505240
vn 0.02375652 0.99923750 0.03098211
vn 0.07687177 0.99689590 -0.01701167
vn 0.00000000 0.97291340 -0.23117020
vn 0.00000000 0.97019830 -0.24231240
vn -0.06865779 0.99605660 -0.05619152
vn -0.00231740 0.75356170 -0.65737310
vn -0.52254550 0.85261010 -0.00145966
vn -0.36657460 0.85493390 -0.36703010
vn -0.04715139 0.99865400 0.02160876
vn -0.49960240 0.86625300 0.00174280
vn -0.07687175 0.99689590 -0.01701169
vn -0.40597690 0.81898880 0.40551220
vn -0.70199320 0.11783770 0.70236730
vn -0.00269908 0.11109920 0.99380560
vn -0.02375651 0.99923750 0.03098236
vn 0.00000000 0.99897210 0.04532950
vn 0.00000000 0.99974660 0.02250818
vn -0.01352697 0.99988620 0.00668226
vn 0.00000000 0.99999630 0.00273427
vn 0.01352687 0.99988620 0.00668267
vn -0.01500089 0.99979220 -0.01380415
vn 0.01500084 0.99979220 -0.01380385
vn 0.00074510 0.99999960 0.00035883
vn 0.00000000 0.99701600 -0.07719693
vn -0.00074509 0.99999960 0.00035914
vn 0.00032780 0.99999990 -0.00045914
vn -0.00032780 0.99999990 -0.00045946
vn 0.00000000 0.99999890 -0.00151625
vn 0.00000000 0.99997940 0.00643317
vn -0.01438777 0.99985910 0.00865077
vn 0.01438766 0.99985910 0.00865071
vn -0.03220617 0.99934620 -0.01643016
vn 0.03220583 0.99934620 -0.01642998
vn 0.00000000 0.99978050 -0.02095305
vn 0.00000000 0.96988930 -0.24354620
vn -0.20072620 0.97490730 -0.09625406
vn 0.20072710 0.97490720 -0.09625407
vn -0.19829610 0.97108880 0.13291070
vn 0.19829740 0.97108850 0.13291100
vn 0.00000000 0.88368180 -0.46808820
vn 0.00000000 0.95044930 0.31087940
vn -0.31038600 0.93770480 -0.15610920
vn 0.31038580 0.93770490 -0.15610930
vn -0.33468120 0.92254570 0.19208820
vn 0.00000000 0.87831870 -0.47807580
vn -0.32773200 0.93437710 -0.13975410
vn -0.38631730 0.91654370 0.10347210
vn 0.32773160 0.93437730 -0.13975410
vn 0.00000000 0.75129390 0.65996770
vn 0.33468090 0.92254570 0.19208850
vn 0.38631690 0.91654400 0.10347200
vn 0.00000000 0.76740340 0.64116460
vn 0.70199490 0.11783690 0.70236570
vn 0.49959950 0.86625470 0.00174272
vn 0.40598080 0.81899360 0.40549870
vn 0.99172120 0.12839480 0.00198985
vn 0.70569360 0.06307404 0.70570410
vn 0.99271240 0.12049280 -0.00192012
vn 0.52254280 0.85261180 -0.00145959
vn 0.75555340 0.08939175 -0.64895950
vn 0.36658080 0.85493380 -0.36702410
vn 0.00231743 0.75355790 -0.65737750
vn 0.00305038 0.09276810 -0.99568310
vn 0.99616550 0.08746503 -0.00203083
vn 0.72079830 0.07050727 -0.68954960
vn 0.99618210 0.08727349 0.00210031
vn 0.70708480 0.70712700 -0.00155340
vn 0.57631950 0.57788450 -0.57784550
vn 0.70708450 0.70712720 0.00154703
vn 0.57734730 0.57736970 0.57733390
vn 0.00210977 0.70712200 0.70708840
vn 0.70708450 0.70712720 0.00154703
vn 0.57734730 0.57736970 0.57733390
vn 0.00314380 0.99999250 0.00230508
vn 0.00000000 0.70712360 0.70708980
vn 0.00314551 0.99999250 -0.00230107
vn 0.00000000 0.99999740 -0.00231135
vn 0.70708480 0.70712700 -0.00155340
vn 0.00210145 0.70711980 -0.70709070
vn 0.57631950 0.57788450 -0.57784550
vn 0.00000000 0.70712130 -0.70709220
vn -0.00210146 0.70711560 -0.70709480
vn 0.00000000 0.99999740 0.00231106
vn -0.00314379 0.99999250 0.00230492
vn -0.00210979 0.70712210 0.70708820
vn -0.00314550 0.99999250 -0.00230066
vn -0.70708760 0.70712430 0.00154704
vn -0.57734660 0.57737310 0.57733110
vn -0.70708790 0.70712390 -0.00155343
vn -0.57632060 0.57787930 -0.57784950
vn -0.49884940 0.06509499 0.86424070
vn -0.00840409 0.00000000 0.99996470
vn -0.49998730 0.00000000 0.86603280
vn -0.00836853 0.06589441 0.99779150
vn -0.00568994 0.71857270 0.69542860
vn -0.35413600 0.70432950 0.61522970
vn 0.00568946 0.71858720 0.69541360
vn 0.00836854 0.06589431 0.99779150
vn 0.00840410 0.00000000 0.99996470
vn 0.35415580 0.70431060 0.61524000
vn 0.49999230 0.00000000 0.86602980
vn 0.49884920 0.06508103 0.86424180
vn -0.49886290 0.06508297 -0.86423390
vn -0.86604760 0.00000000 -0.49996160
vn -0.50000040 0.00000000 -0.86602510
vn -0.86421930 0.06495659 -0.49890440
vn -1.00000000 0.00000000 0.00000000
vn -0.61593250 0.70298950 -0.35557430
vn -0.35415600 0.70432000 -0.61522910
vn -0.71117630 0.70301370 0.00000139
vn -0.99788760 0.06496455 -0.00000013
vn -0.86605280 0.00000000 0.49995270
vn -0.61594080 0.70298560 0.35556750
vn -0.86422350 0.06496571 0.49889590
vn -0.49998730 0.00000000 0.86603280
vn -0.35413600 0.70432950 0.61522970
vn -0.49884940 0.06509499 0.86424070
vn 0.49886470 0.06507641 -0.86423320
vn 0.00840539 0.00000000 -0.99996470
vn 0.50000560 0.00000000 -0.86602220
vn 0.00836992 0.06588599 -0.99779210
vn 0.00569021 0.71857440 -0.69542680
vn 0.35418250 0.70430990 -0.61522550
vn -0.00569052 0.71856580 -0.69543560
vn -0.00836992 0.06588598 -0.99779210
vn -0.00840538 0.00000000 -0.99996470
vn -0.35415600 0.70432000 -0.61522910
vn -0.50000040 0.00000000 -0.86602510
vn -0.49886290 0.06508297 -0.86423390
vn 0.49884920 0.06508103 0.86424180
vn 0.86604890 0.00000000 0.49995920
vn 0.49999230 0.00000000 0.86602980
vn 0.86421900 0.06493944 0.49890720
vn 1.00000000 0.00000000 0.00000000
vn 0.61597480 0.70295030 0.35557850
vn 0.35415580 0.70431060 0.61524000
vn 0.71122930 0.70296010 -0.00000495
vn 0.99788950 0.06493638 -0.00000168
vn 0.86604370 0.00000000 -0.49996810
vn 0.61597570 0.70294330 -0.35559060
vn 0.86421560 0.06493647 -0.49891350
vn 0.50000560 0.00000000 -0.86602220
vn 0.35418250 0.70430990 -0.61522550
vn 0.49886470 0.06507641 -0.86423320
vn -0.49884890 0.06509708 0.86424080
vn -0.00840428 0.00000000 0.99996470
vn -0.49999200 0.00000000 0.86603000
vn -0.00836878 0.06590196 0.99779110
vn -0.00568953 0.71859230 0.69540820
vn -0.35414600 0.70433100 0.61522220
vn 0.00568960 0.71860480 0.69539540
vn 0.00836874 0.06590366 0.99779090
vn 0.00840428 0.00000000 0.99996470
vn 0.35415910 0.70430900 0.61524000
vn 0.49999450 0.00000000 0.86602870
vn 0.49885080 0.06508497 0.86424070
vn -0.49887360 0.06507283 -0.86422840
vn -0.86604690 0.00000000 -0.49996280
vn -0.50001220 0.00000000 -0.86601840
vn -0.86421970 0.06494343 -0.49890550
vn -1.00000000 0.00000000 -0.00000587
vn -0.61596300 0.70295620 -0.35558740
vn -0.35417000 0.70429440 -0.61525030
vn -0.71119110 0.70299880 0.00000446
vn -0.99788780 0.06496111 -0.00000525
vn -0.86605280 0.00000000 0.49995270
vn -0.61594260 0.70298290 0.35556970
vn -0.86422340 0.06496630 0.49889610
vn -0.49999200 0.00000000 0.86603000
vn -0.35414600 0.70433100 0.61522220
vn -0.49884890 0.06509708 0.86424080
vn 0.49887000 0.06506959 -0.86423080
vn 0.00840594 0.00000000 -0.99996470
vn 0.50000970 0.00000000 -0.86601980
vn 0.00837037 0.06589357 -0.99779150
vn 0.00568995 0.71856950 -0.69543180
vn 0.35418030 0.70429750 -0.61524070
vn -0.00569004 0.71856740 -0.69543400
vn -0.00837037 0.06589362 -0.99779150
vn -0.00840593 0.00000000 -0.99996470
vn -0.35417000 0.70429440 -0.61525030
vn -0.50001220 0.00000000 -0.86601840
vn -0.49887360 0.06507283 -0.86422840
vn 0.49885080 0.06508497 0.86424070
vn 0.86604890 0.00000000 0.49995920
vn 0.49999450 0.00000000 0.86602870
vn 0.86421940 0.06493955 0.49890660
vn 1.00000000 0.00000000 0.00000294
vn 0.61597480 0.70294590 0.35558690
vn 0.35415910 0.70430900 0.61524000
vn 0.71122340 0.70296610 0.00000215
vn 0.99788920 0.06493904 0.00000311
vn 0.86604180 0.00000000 -0.49997170
vn 0.61597850 0.70294340 -0.35558550
vn 0.86421580 0.06493413 -0.49891360
vn 0.50000970 0.00000000 -0.86601980
vn 0.35418030 0.70429750 -0.61524070
vn 0.49887000 0.06506959 -0.86423080
vn -0.49885000 0.06508822 0.86424080
vn -0.00840409 0.00000000 0.99996470
vn -0.49999020 0.00000000 0.86603110
vn -0.00836874 0.06588983 0.99779190
vn -0.00568946 0.71857170 0.69542960
vn -0.35413820 0.70432470 0.61523410
vn 0.00568999 0.71859410 0.69540640
vn 0.00836849 0.06589565 0.99779140
vn 0.00840410 0.00000000 0.99996470
vn 0.35415870 0.70430660 0.61524280
vn 0.49998770 0.00000000 0.86603260
vn 0.49884450 0.06508046 0.86424460
vn -0.49886920 0.06508356 -0.86423010
vn -0.86605140 0.00000000 -0.49995500
vn -0.50000910 0.00000000 -0.86602010
vn -0.86422380 0.06495171 -0.49889730
vn -1.00000000 0.00000000 -0.00000292
vn -0.61595370 0.70296450 -0.35558660
vn -0.35415660 0.70431140 -0.61523880
vn -0.71120490 0.70298490 -0.00000708
vn -0.99788810 0.06495582 -0.00000379
vn -0.86605660 0.00000000 0.49994600
vn -0.61595360 0.70297680 0.35556260
vn -0.86422740 0.06495275 0.49889080
vn -0.49999020 0.00000000 0.86603110
vn -0.35413820 0.70432470 0.61523410
vn -0.49885000 0.06508822 0.86424080
vn 0.49886290 0.06507163 -0.86423460
vn 0.00840520 0.00000000 -0.99996470
vn 0.50000780 0.00000000 -0.86602100
vn 0.00836960 0.06589261 -0.99779160
vn 0.00569055 0.71856800 -0.69543340
vn 0.35417010 0.70428540 -0.61526050
vn -0.00568957 0.71855210 -0.69544990
vn -0.00836996 0.06588523 -0.99779210
vn -0.00840520 0.00000000 -0.99996470
vn -0.35415660 0.70431140 -0.61523880
vn -0.50000910 0.00000000 -0.86602010
vn -0.49886920 0.06508356 -0.86423010
vn 0.49884450 0.06508046 0.86424460
vn 0.86605020 0.00000000 0.49995710
vn 0.49998770 0.00000000 0.86603260
vn 0.86422140 0.06493942 0.49890320
vn 1.00000000 0.00000000 -0.00000294
vn 0.61597280 0.70295340 0.35557580
vn 0.35415870 0.70430660 0.61524280
vn 0.71123070 0.70295860 -0.00000397
vn 0.99788960 0.06493407 -0.00000299
vn 0.86604640 0.00000000 -0.49996380
vn 0.61597620 0.70293490 -0.35560650
vn 0.86421890 0.06493121 -0.49890850
vn 0.50000780 0.00000000 -0.86602100
vn 0.35417010 0.70428540 -0.61526050
vn 0.49886290 0.06507163 -0.86423460
vn 0.70150050 -0.71248870 -0.01602742
vn 0.70149290 -0.01664304 -0.71248220
vn 0.57043260 -0.58077700 -0.58077940
vn 0.99944600 -0.02397591 -0.02308473
vn 0.70150030 -0.71248880 0.01602734
vn 0.99944600 0.02397592 -0.02308474
vn 0.70149300 0.01664303 -0.71248200
vn 0.99944600 -0.02397591 0.02308472
vn 0.70149990 0.71248940 -0.01602747
vn 0.57043240 0.58077740 -0.58077940
vn 0.99944600 0.02397592 0.02308474
vn 0.70149960 0.71248950 0.01602741
vn 0.70149270 0.01664307 0.71248230
vn 0.57043300 0.58077820 0.58077780
vn 0.70149270 -0.01664307 0.71248230
vn 0.57043350 -0.58077710 0.58077850
vn 0.70149290 -0.01664304 -0.71248220
vn 0.34727900 -0.66309740 -0.66309830
vn 0.57043260 -0.58077700 -0.58077940
vn 0.37386810 -0.01509249 -0.92735920
vn 0.70149300 0.01664303 -0.71248200
vn 0.37386820 0.01509245 -0.92735900
vn 0.34727880 0.66309730 -0.66309830
vn 0.57043240 0.58077740 -0.58077940
vn 0.34727900 -0.66309740 -0.66309830
vn 0.70150050 -0.71248870 -0.01602742
vn 0.57043260 -0.58077700 -0.58077940
vn 0.37393130 -0.92734240 -0.01453436
vn 0.37393140 -0.92734240 0.01453437
vn 0.70150030 -0.71248880 0.01602734
vn 0.34727960 -0.66309660 0.66309860
vn 0.57043350 -0.58077710 0.58077850
vn 0.34727960 -0.66309660 0.66309860
vn 0.70149270 -0.01664307 0.71248230
vn 0.57043350 -0.58077710 0.58077850
vn 0.37386610 -0.01509256 0.92735990
vn 0.37386620 0.01509256 0.92735990
vn 0.70149270 0.01664307 0.71248230
vn 0.34727900 0.66309740 0.66309800
vn 0.57043300 0.58077820 0.58077780
vn 0.34727900 0.66309740 0.66309800
vn 0.70149960 0.71248950 0.01602741
vn 0.57043300 0.58077820 0.58077780
vn 0.37393130 0.92734250 0.01453437
vn 0.70149990 0.71248940 -0.01602747
vn 0.37393130 0.92734250 -0.01453431
vn 0.34727880 0.66309730 -0.66309830
vn 0.57043240 0.58077740 -0.58077940
vn 0.70149620 -0.71249300 -0.01602746
vn 0.70149600 -0.01664298 -0.71247910
vn 0.57043280 -0.58078140 -0.58077470
vn 0.99944600 -0.02397592 -0.02308475
vn 0.70149650 -0.71249260 0.01602704
vn 0.99944600 0.02397593 -0.02308475
vn 0.70149610 0.01664298 -0.71247900
vn 0.99944600 -0.02397593 0.02308474
vn 0.70150030 0.71248880 -0.01602747
vn 0.57043190 0.58077850 -0.58077860
vn 0.99944600 0.02397593 0.02308475
vn 0.70150070 0.71248850 0.01602746
vn 0.70149280 0.01664317 0.71248220
vn 0.57043210 0.58077980 0.58077700
vn 0.70149290 -0.01664315 0.71248210
vn 0.57043310 -0.58077850 0.58077740
vn 0.70149600 -0.01664298 -0.71247910
vn 0.34727800 -0.66310860 -0.66308740
vn 0.57043280 -0.58078140 -0.58077470
vn 0.37387350 -0.01509237 -0.92735690
vn 0.70149610 0.01664298 -0.71247900
vn 0.37387350 0.01509238 -0.92735690
vn 0.34727730 0.66310080 -0.66309570
vn 0.57043190 0.58077850 -0.58077860
vn 0.34727800 -0.66310860 -0.66308740
vn 0.70149620 -0.71249300 -0.01602746
vn 0.57043280 -0.58078140 -0.58077470
vn 0.37392600 -0.92734470 -0.01453428
vn 0.37392630 -0.92734460 0.01453369
vn 0.70149650 -0.71249260 0.01602704
vn 0.34727800 -0.66309780 0.66309830
vn 0.57043310 -0.58077850 0.58077740
vn 0.34727800 -0.66309780 0.66309830
vn 0.70149290 -0.01664315 0.71248210
vn 0.57043310 -0.58077850 0.58077740
vn 0.37386430 -0.01509278 0.92736060
vn 0.37386420 0.01509278 0.92736060
vn 0.70149280 0.01664317 0.71248220
vn 0.34727700 0.66309880 0.66309790
vn 0.57043210 0.58077980 0.58077700
vn 0.34727700 0.66309880 0.66309790
vn 0.70150070 0.71248850 0.01602746
vn 0.57043210 0.58077980 0.58077700
vn 0.37393270 0.92734190 0.01453438
vn 0.37393260 0.92734190 -0.01453447
vn 0.70150030 0.71248880 -0.01602747
vn 0.34727730 0.66310080 -0.66309570
vn 0.57043190 0.58077850 -0.58077860
vn 0.09662143 -0.70380170 -0.70379510
vn 0.00000000 -0.00413062 -0.99999150
vn 0.00000000 -0.70710970 -0.70710380
vn 0.13119750 -0.00364449 -0.99134950
vn 0.70710740 -0.00276823 -0.70710080
vn 0.57735070 -0.57735310 -0.57734690
vn 0.70710740 0.00276822 -0.70710070
vn 0.13119750 0.00364449 -0.99134950
vn 0.00000000 0.00413062 -0.99999150
vn 0.00000000 0.70710970 -0.70710380
vn 0.09662529 0.70380330 -0.70379300
vn 0.57735430 0.57735250 -0.57734410
vn 0.09662125 -0.70380410 0.70379260
vn 0.00000000 -0.99995600 0.00938303
vn 0.00000000 -0.70711180 0.70710170
vn 0.13075840 -0.99137960 0.00828791
vn 0.70709040 -0.70709500 0.00630989
vn 0.57735340 -0.57735310 0.57734420
vn 0.70709040 -0.70709500 -0.00631003
vn 0.13075840 -0.99137960 -0.00828778
vn 0.00000000 -0.99995600 -0.00938266
vn 0.00000000 -0.70710970 -0.70710380
vn 0.09662143 -0.70380170 -0.70379510
vn 0.57735070 -0.57735310 -0.57734690
vn 0.09662363 0.70379910 0.70379730
vn 0.00000000 0.00413058 0.99999150
vn 0.00000000 0.70710540 0.70710810
vn 0.13119600 0.00364447 0.99134970
vn 0.70710750 0.00276819 0.70710060
vn 0.57735530 0.57734810 0.57734750
vn 0.70710750 -0.00276820 0.70710060
vn 0.13119600 -0.00364447 0.99134970
vn 0.00000000 -0.00413058 0.99999150
vn 0.00000000 -0.70711180 0.70710170
vn 0.09662125 -0.70380410 0.70379260
vn 0.57735340 -0.57735310 0.57734420
vn 0.09662529 0.70380330 -0.70379300
vn 0.00000000 0.99995600 -0.00938373
vn 0.00000000 0.70710970 -0.70710380
vn 0.13077120 0.99137790 -0.00828853
vn 0.70709720 0.70708820 -0.00631010
vn 0.57735430 0.57735250 -0.57734410
vn 0.70709720 0.70708820 0.00631021
vn 0.13077120 0.99137790 0.00828815
vn 0.00000000 0.99995600 0.00938314
vn 0.00000000 0.70710540 0.70710810
vn 0.09662363 0.70379910 0.70379730
vn 0.57735530 0.57734810 0.57734750
vn 0.09662051 -0.70380280 -0.70379410
vn -0.00000257 -0.00556886 -0.99998450
vn -0.00000147 -0.70711230 -0.70710120
vn 0.13107930 -0.00491495 -0.99135970
vn 0.70710150 -0.00373558 -0.70710210
vn 0.57734760 -0.57735290 -0.57735040
vn 0.70710150 0.00373555 -0.70710220
vn 0.13107930 0.00491494 -0.99135970
vn -0.00000258 0.00556886 -0.99998450
vn -0.00000220 0.70710640 -0.70710710
vn 0.09662406 0.70379950 -0.70379680
vn 0.57735110 0.57734920 -0.57735060
vn 0.09662130 -0.70380580 0.70379080
vn 0.00000000 -0.99995600 0.00938217
vn 0.00000000 -0.70711520 0.70709830
vn 0.13075460 -0.99138020 0.00828736
vn 0.70708530 -0.70710000 0.00630976
vn 0.57735280 -0.57735530 0.57734270
vn 0.70708580 -0.70709950 -0.00630985
vn 0.13075480 -0.99138000 -0.00828731
vn 0.00000000 -0.99995600 -0.00938221
vn -0.00000147 -0.70711230 -0.70710120
vn 0.09662051 -0.70380280 -0.70379410
vn 0.57734760 -0.57735290 -0.57735040
vn 0.09662579 0.70380210 0.70379400
vn 0.00000000 0.00556888 0.99998450
vn 0.00000000 0.70710930 0.70710420
vn 0.13107890 0.00491497 0.99135980
vn 0.70710530 0.00373558 0.70709840
vn 0.57735540 0.57734980 0.57734560
vn 0.70710530 -0.00373558 0.70709840
vn 0.13107880 -0.00491497 0.99135980
vn 0.00000000 -0.00556887 0.99998450
vn 0.00000000 -0.70711520 0.70709830
vn 0.09662130 -0.70380580 0.70379080
vn 0.57735280 -0.57735530 0.57734270
vn 0.09662406 0.70379950 -0.70379680
vn 0.00000000 0.99995600 -0.00938327
vn -0.00000220 0.70710640 -0.70710710
vn 0.13077140 0.99137790 -0.00828814
vn 0.70709550 0.70708980 -0.00631010
vn 0.57735110 0.57734920 -0.57735060
vn 0.70709500 0.70709040 0.00631008
vn 0.13077120 0.99137790 0.00828817
vn 0.00000000 0.99995600 0.00938324
vn 0.00000000 0.70710930 0.70710420
vn 0.09662579 0.70380210 0.70379400
vn 0.57735540 0.57734980 0.57734560
vn 0.09662157 -0.70379890 0.70379780
vn 0.00000000 -0.99995600 0.00938243
vn 0.00000000 -0.70710790 0.70710560
vn 0.13075890 -0.99137960 0.00828743
vn 0.00000000 -0.99995600 -0.00938243
vn 0.70709150 -0.70709380 0.00630967
vn 0.57734670 -0.57735040 0.57735360
vn 0.70709160 -0.70709380 -0.00630969
vn 0.13075890 -0.99137960 -0.00828743
vn 0.00000220 -0.70710410 -0.70710930
vn 0.09662004 -0.70379780 -0.70379920
vn 0.57734580 -0.57734580 -0.57735910
vn 0.09662004 -0.70379780 -0.70379920
vn 0.00000378 -0.00413062 -0.99999150
vn 0.00000220 -0.70710410 -0.70710930
vn 0.13119720 -0.00364446 -0.99134960
vn 0.00000378 0.00413062 -0.99999150
vn 0.70710050 -0.00276818 -0.70710760
vn 0.57734580 -0.57734580 -0.57735910
vn 0.70710050 0.00276817 -0.70710750
vn 0.13119720 0.00364446 -0.99134960
vn 0.00000220 0.70710410 -0.70710930
vn 0.09662392 0.70379940 -0.70379700
vn 0.57734910 0.57734530 -0.57735650
vn 0.09662392 0.70379940 -0.70379700
vn 0.00000000 0.99995600 -0.00938270
vn 0.00000220 0.70710410 -0.70710930
vn 0.13077170 0.99137780 -0.00828765
vn 0.00000000 0.99995600 0.00938270
vn 0.70709840 0.70708700 -0.00630978
vn 0.57734910 0.57734530 -0.57735650
vn 0.70709830 0.70708710 0.00630975
vn 0.13077160 0.99137780 0.00828764
vn 0.00000000 0.70710780 0.70710560
vn 0.09662504 0.70380060 0.70379560
vn 0.57735120 0.57734940 0.57735030
vn 0.09662504 0.70380060 0.70379560
vn 0.00000375 0.00413068 0.99999150
vn 0.00000000 0.70710780 0.70710560
vn 0.13120220 0.00364451 0.99134890
vn 0.00000375 -0.00413068 0.99999150
vn 0.70710350 0.00276818 0.70710460
vn 0.57735120 0.57734940 0.57735030
vn 0.70710350 -0.00276819 0.70710460
vn 0.13120220 -0.00364451 0.99134890
vn 0.00000000 -0.70710790 0.70710560
vn 0.09662157 -0.70379890 0.70379780
vn 0.57734670 -0.57735040 0.57735360
vn 0.09662186 -0.70380050 0.70379610
vn 0.00000000 -0.99999630 0.00274201
vn 0.00000000 -0.70710840 0.70710520
vn 0.13131180 -0.99133810 0.00241854
vn 0.70710370 -0.70710740 0.00183592
vn 0.57735470 -0.57734970 0.57734640
vn 0.70710310 -0.70710800 -0.00183594
vn 0.13131160 -0.99133830 -0.00241866
vn 0.00000000 -0.99999630 -0.00274209
vn -0.00000073 -0.70710720 -0.70710640
vn 0.09662236 -0.70379850 -0.70379800
vn 0.57735570 -0.57735140 -0.57734360
vn 0.09662218 0.70380300 0.70379360
vn 0.00000000 0.03447887 0.99940540
vn 0.00000000 0.70711090 0.70710250
vn 0.12862920 0.03062232 0.99121990
vn 0.70691310 0.02358172 0.70690720
vn 0.57735470 0.57735120 0.57734500
vn 0.70691310 -0.02358180 0.70690720
vn 0.12862910 -0.03062231 0.99121990
vn 0.00000000 -0.03447884 0.99940540
vn 0.00000000 -0.70710840 0.70710520
vn 0.09662186 -0.70380050 0.70379610
vn 0.57735470 -0.57734970 0.57734640
vn 0.09662257 0.70380070 -0.70379580
vn 0.00000000 0.99999630 -0.00274202
vn -0.00000073 0.70711000 -0.70710340
vn 0.13131160 0.99133830 -0.00241860
vn 0.70710310 0.70710800 -0.00183594
vn 0.57735570 0.57735160 -0.57734360
vn 0.70710370 0.70710740 0.00183595
vn 0.13131180 0.99133810 0.00241856
vn 0.00000000 0.99999630 0.00274202
vn 0.00000000 0.70711090 0.70710250
vn 0.09662218 0.70380300 0.70379360
vn 0.57735470 0.57735120 0.57734500
vn 0.09662236 -0.70379850 -0.70379800
vn 0.00000000 -0.03447870 -0.99940540
vn -0.00000073 -0.70710720 -0.70710640
vn 0.12863050 -0.03062204 -0.99121970
vn 0.70691400 -0.02358166 -0.70690620
vn 0.57735570 -0.57735140 -0.57734360
vn 0.70691420 0.02358167 -0.70690600
vn 0.12863050 0.03062204 -0.99121970
vn 0.00000000 0.03447870 -0.99940540
vn -0.00000073 0.70711000 -0.70710340
vn 0.09662257 0.70380070 -0.70379580
vn 0.57735570 0.57735160 -0.57734360
vn 0.70709040 -0.70709500 -0.00631003
vn 0.70710740 -0.00276823 -0.70710080
vn 0.57735070 -0.57735310 -0.57734690
vn 0.99994790 -0.00409839 -0.00935113
vn 0.70709040 -0.70709500 0.00630989
vn 0.99994790 0.00409839 -0.00935113
vn 0.70710740 0.00276822 -0.70710070
vn 0.99994790 -0.00409839 0.00935128
vn 0.70709720 0.70708820 -0.00631010
vn 0.57735430 0.57735250 -0.57734410
vn 0.99994790 0.00409839 0.00935128
vn 0.70709720 0.70708820 0.00631021
vn 0.70710750 0.00276819 0.70710060
vn 0.57735530 0.57734810 0.57734750
vn 0.70710750 -0.00276820 0.70710060
vn 0.57735340 -0.57735310 0.57734420
vn 0.70708580 -0.70709950 -0.00630985
vn 0.70710150 -0.00373558 -0.70710210
vn 0.57734760 -0.57735290 -0.57735040
vn 0.99994110 -0.00552551 -0.00933999
vn 0.70708530 -0.70710000 0.00630976
vn 0.99994110 0.00552551 -0.00934000
vn 0.70710150 0.00373555 -0.70710220
vn 0.99994110 -0.00552551 0.00933999
vn 0.70709550 0.70708980 -0.00631010
vn 0.57735110 0.57734920 -0.57735060
vn 0.99994110 0.00552551 0.00933999
vn 0.70709500 0.70709040 0.00631008
vn 0.70710530 0.00373558 0.70709840
vn 0.57735540 0.57734980 0.57734560
vn 0.70710530 -0.00373558 0.70709840
vn 0.57735280 -0.57735530 0.57734270
vn 0.70710350 -0.00276819 0.70710460
vn 0.70709150 -0.70709380 0.00630967
vn 0.57734670 -0.57735040 0.57735360
vn 0.99994790 -0.00409833 0.00935059
vn 0.70710350 0.00276818 0.70710460
vn 0.99994790 -0.00409833 -0.00935059
vn 0.70709160 -0.70709380 -0.00630969
vn 0.99994790 0.00409834 0.00935060
vn 0.70710050 -0.00276818 -0.70710760
vn 0.57734580 -0.57734580 -0.57735910
vn 0.99994790 0.00409834 -0.00935059
vn 0.70710050 0.00276817 -0.70710750
vn 0.70709840 0.70708700 -0.00630978
vn 0.57734910 0.57734530 -0.57735650
vn 0.70709830 0.70708710 0.00630975
vn 0.57735120 0.57734940 0.57735030
vn 0.70691310 -0.02358180 0.70690720
vn 0.70710370 -0.70710740 0.00183592
vn 0.57735470 -0.57734970 0.57734640
vn 0.99940440 -0.03440586 0.00266194
vn 0.70691310 0.02358172 0.70690720
vn 0.99940440 -0.03440586 -0.00266190
vn 0.70710310 -0.70710800 -0.00183594
vn 0.99940440 0.03440586 0.00266194
vn 0.70691400 -0.02358166 -0.70690620
vn 0.57735570 -0.57735140 -0.57734360
vn 0.99940440 0.03440586 -0.00266190
vn 0.70691420 0.02358167 -0.70690600
vn 0.70710310 0.70710800 -0.00183594
vn 0.57735570 0.57735160 -0.57734360
vn 0.70710370 0.70710740 0.00183595
vn 0.57735470 0.57735120 0.57734500
vn 0.14696330 -0.69942900 0.69942900
vn 0.00000000 -0.99998800 0.00490358
vn 0.00000000 -0.70710800 0.70710560
vn 0.19012210 -0.98175220 0.00403984
vn 0.70710170 -0.70710420 0.00328796
vn 0.57734880 -0.57735130 0.57735060
vn 0.70710170 -0.70710410 -0.00328797
vn 0.19012190 -0.98175220 -0.00403984
vn 0.00000000 -0.99998800 -0.00490358
vn 0.00000000 -0.70710850 -0.70710500
vn 0.14696320 -0.69943200 -0.69942600
vn 0.57735290 -0.57735370 -0.57734410
vn 0.14696370 0.69942860 0.69942930
vn 0.00000000 0.00594077 0.99998240
vn 0.00000000 0.70710580 0.70710770
vn 0.19002100 0.00489594 0.98176780
vn 0.70710110 0.00398612 0.70710110
vn 0.57735070 0.57735060 0.57734960
vn 0.70710110 -0.00398612 0.70710110
vn 0.19002100 -0.00489593 0.98176780
vn 0.00000000 -0.00594075 0.99998240
vn 0.00000000 -0.70710800 0.70710560
vn 0.14696330 -0.69942900 0.69942900
vn 0.57734880 -0.57735130 0.57735060
vn 0.14696310 0.69942920 -0.69942890
vn 0.00000000 0.99998800 -0.00490364
vn 0.00000000 0.70710570 -0.70710780
vn 0.19012190 0.98175220 -0.00403978
vn 0.70710350 0.70710250 -0.00328788
vn 0.57735280 0.57735130 -0.57734690
vn 0.70710340 0.70710240 0.00328803
vn 0.19012210 0.98175220 0.00403991
vn 0.00000000 0.99998800 0.00490365
vn 0.00000000 0.70710580 0.70710770
vn 0.14696370 0.69942860 0.69942930
vn 0.57735070 0.57735060 0.57734960
vn 0.14696320 -0.69943200 -0.69942600
vn 0.00000000 -0.00594063 -0.99998240
vn 0.00000000 -0.70710850 -0.70710500
vn 0.19001940 -0.00489586 -0.98176810
vn 0.70710240 -0.00398609 -0.70709990
vn 0.57735290 -0.57735370 -0.57734410
vn 0.70710240 0.00398610 -0.70709990
vn 0.19001930 0.00489587 -0.98176810
vn 0.00000000 0.00594062 -0.99998240
vn 0.00000000 0.70710570 -0.70710780
vn 0.14696310 0.69942920 -0.69942890
vn 0.57735280 0.57735130 -0.57734690
vn 0.70710110 -0.00398612 0.70710110
vn 0.70710170 -0.70710420 0.00328796
vn 0.57734880 -0.57735130 0.57735060
vn 0.99997070 -0.00591647 0.00487947
vn 0.70710110 0.00398612 0.70710110
vn 0.99997070 -0.00591646 -0.00487942
vn 0.70710170 -0.70710410 -0.00328797
vn 0.99997070 0.00591647 0.00487947
vn 0.70710240 -0.00398609 -0.70709990
vn 0.57735290 -0.57735370 -0.57734410
vn 0.99997070 0.00591646 -0.00487942
vn 0.70710240 0.00398610 -0.70709990
vn 0.70710350 0.70710250 -0.00328788
vn 0.57735280 0.57735130 -0.57734690
vn 0.70710340 0.70710240 0.00328803
vn 0.57735070 0.57735060 0.57734960
vn 0.74154910 -0.66774270 0.06499617
vn 0.99999630 -0.00270789 0.00000000
vn 0.74406870 -0.66810320 0.00000000
vn 0.99629250 -0.00248928 0.08599406
vn 0.74404000 -0.00191624 0.66813240
vn 0.62004030 -0.55477560 0.55477370
vn 0.74404000 0.00191624 0.66813240
vn 0.99629250 0.00248928 0.08599406
vn 0.99999630 0.00270789 0.00000000
vn 0.74407550 0.66809550 0.00000000
vn 0.74155550 0.66773560 0.06499802
vn 0.62004250 0.55477160 0.55477550
vn -0.74154870 -0.66774330 0.06499616
vn -0.02182146 -0.99976190 0.00000000
vn -0.74406810 -0.66810370 0.00000000
vn -0.02000444 -0.99531890 0.09455170
vn -0.01465889 -0.70702970 0.70703200
vn -0.62003810 -0.55477490 0.55477700
vn 0.01465919 -0.70702990 0.70703170
vn 0.02000444 -0.99531890 0.09455162
vn 0.02182137 -0.99976190 0.00000000
vn 0.74406870 -0.66810320 0.00000000
vn 0.74154910 -0.66774270 0.06499617
vn 0.62004030 -0.55477560 0.55477370
vn 0.74155550 0.66773560 0.06499802
vn 0.02182292 0.99976190 0.00000000
vn 0.74407550 0.66809550 0.00000000
vn 0.02000574 0.99531810 0.09456001
vn 0.01465938 0.70701940 0.70704230
vn 0.62004250 0.55477160 0.55477550
vn -0.01465908 0.70701930 0.70704230
vn -0.02000570 0.99531810 0.09456003
vn -0.02182296 0.99976190 0.00000000
vn -0.74407480 0.66809640 0.00000000
vn -0.74155470 0.66773650 0.06499702
vn -0.62004100 0.55477200 0.55477670
vn -0.74155470 0.66773650 0.06499702
vn -0.99999630 0.00270783 0.00000000
vn -0.74407480 0.66809640 0.00000000
vn -0.99629280 0.00248923 0.08599122
vn -0.74403730 0.00191623 0.66813530
vn -0.62004100 0.55477200 0.55477670
vn -0.74403730 -0.00191623 0.66813530
vn -0.99629280 -0.00248923 0.08599123
vn -0.99999630 -0.00270783 0.00000000
vn -0.74406810 -0.66810370 0.00000000
vn -0.74154870 -0.66774330 0.06499616
vn -0.62003810 -0.55477490 0.55477700
vn -0.74155000 -0.66774180 0.06499582
vn -0.02252228 -0.99974640 0.00000000
vn -0.74406880 -0.66810300 0.00000000
vn -0.02064902 -0.99531000 0.09450774
vn 0.00000000 -1.00000000 0.00000000
vn -0.01513644 -0.70702520 0.70702640
vn -0.62004170 -0.55477450 0.55477340
vn 0.00000000 -0.70710610 0.70710740
vn 0.00000000 -0.99539320 0.09587736
vn 0.02064900 -0.99531000 0.09450781
vn 0.02252245 -0.99974640 0.00000000
vn 0.01513646 -0.70702510 0.70702650
vn 0.74155010 -0.66774170 0.06499617
vn 0.74407030 -0.66810140 -0.00000053
vn 0.62003840 -0.55477410 0.55477750
vn -0.74155600 0.66773500 0.06499654
vn -0.99999630 0.00270788 0.00000000
vn -0.74407550 0.66809550 0.00000000
vn -0.99629270 0.00248926 0.08599297
vn -0.74404120 0.00191623 0.66813090
vn -0.62004320 0.55477030 0.55477600
vn -0.74404130 -0.00191624 0.66813080
vn -0.99629270 -0.00248926 0.08599297
vn -0.99999630 -0.00270788 0.00000000
vn -0.74406880 -0.66810300 0.00000000
vn -0.74155000 -0.66774180 0.06499582
vn -0.62004170 -0.55477450 0.55477340
vn 0.01465919 -0.70702990 0.70703170
vn 0.74404000 -0.00191624 0.66813240
vn 0.62004030 -0.55477560 0.55477370
vn 0.02176711 -0.00296504 0.99975870
vn -0.01465889 -0.70702970 0.70703200
vn 0.02176711 0.00296504 0.99975870
vn 0.74404000 0.00191624 0.66813240
vn -0.02176739 -0.00296504 0.99975870
vn 0.01465938 0.70701940 0.70704230
vn 0.62004250 0.55477160 0.55477550
vn -0.02176739 0.00296504 0.99975870
vn -0.01465908 0.70701930 0.70704230
vn -0.74403730 0.00191623 0.66813530
vn -0.62004100 0.55477200 0.55477670
vn -0.74403730 -0.00191623 0.66813530
vn -0.62003810 -0.55477490 0.55477700
vn -0.74404130 -0.00191624 0.66813080
vn -0.01513644 -0.70702520 0.70702640
vn -0.62004170 -0.55477450 0.55477340
vn -0.02246656 -0.00296343 0.99974320
vn 0.00000000 -0.00301575 0.99999550
vn 0.00000000 -0.70710610 0.70710740
vn -0.74404120 0.00191623 0.66813090
vn 0.01513646 -0.70702510 0.70702650
vn -0.02246656 0.00296343 0.99974320
vn -0.01513665 0.70701570 0.70703580
vn -0.62004320 0.55477030 0.55477600
vn 0.00000000 0.70709650 0.70711710
vn 0.00000000 0.00301575 0.99999550
vn 0.02246656 0.00296343 0.99974320
vn 0.01513672 0.70701580 0.70703600
vn 0.02246656 -0.00296343 0.99974320
vn 0.74404000 0.00191624 0.66813230
vn 0.62004230 0.55477080 0.55477650
vn 0.74404000 -0.00191623 0.66813230
vn 0.62003840 -0.55477410 0.55477750
vn -0.74155600 0.66773500 0.06499654
vn -0.01513665 0.70701570 0.70703580
vn -0.62004320 0.55477030 0.55477600
vn -0.02065033 0.99530950 0.09451263
vn 0.00000000 0.99539270 0.09588244
vn -0.74407550 0.66809550 0.00000000
vn -0.02252383 0.99974630 0.00000000
vn 0.00000000 0.70709650 0.70711710
vn 0.00000000 1.00000000 0.00000000
vn 0.02252399 0.99974630 0.00000000
vn 0.01513672 0.70701580 0.70703600
vn 0.02065029 0.99530940 0.09451275
vn 0.74407690 0.66809390 -0.00000158
vn 0.74155620 0.66773470 0.06499661
vn 0.62004230 0.55477080 0.55477650
vn -0.70322160 -0.10501470 0.70317240
vn -0.70713100 0.00000000 0.70708250
vn -0.04457866 0.00000000 0.99900590
vn -0.03926354 -0.13783450 0.98967680
vn 0.04457866 0.00000000 0.99900590
vn -0.03070067 -0.70680950 0.70673760
vn -0.57736030 -0.57737510 0.57731530
vn 0.03070056 -0.70680930 0.70673770
vn 0.03926339 -0.13783450 0.98967680
vn 0.70713960 0.00000000 0.70707400
vn 0.70322790 -0.10501370 0.70316620
vn 0.57736290 -0.57737170 0.57731620
vn 0.70322790 -0.10501370 0.70316620
vn 0.70713960 0.00000000 0.70707400
vn 0.99998530 0.00000000 0.00541950
vn 0.98995180 -0.14132660 0.00472935
vn 0.99998530 0.00000000 -0.00541982
vn 0.70709350 -0.70711070 0.00363523
vn 0.57736290 -0.57737170 0.57731620
vn 0.70709400 -0.70711020 -0.00363362
vn 0.98995420 -0.14130910 -0.00473014
vn 0.70713630 0.00000000 -0.70707720
vn 0.70324110 -0.10503810 -0.70314940
vn 0.57735990 -0.57742920 -0.57726170
vn 0.02209190 0.00000000 -0.99975590
vn 0.70324110 -0.10503810 -0.70314940
vn 0.70713630 0.00000000 -0.70707720
vn 0.01851861 -0.14807690 -0.98880240
vn 0.01404509 -0.69632250 -0.71759160
vn 0.57735990 -0.57742920 -0.57726170
vn -0.00689237 -0.73305410 -0.68013540
vn -0.00949150 -0.15055890 -0.98855550
vn -0.01080452 -0.00017710 -0.99994160
vn -0.38472810 -0.00327954 -0.92302410
vn -0.38178200 -0.12475070 -0.91579460
vn -0.31697230 -0.56707000 -0.76023680
vn -0.38178200 -0.12475070 -0.91579460
vn -0.38472810 -0.00327954 -0.92302410
vn -0.70365000 -0.00015373 -0.71054670
vn -0.69630040 -0.15073360 -0.70174430
vn -0.72348340 -0.00003333 -0.69034180
vn -0.47784350 -0.73431610 -0.48212590
vn -0.31697230 -0.56707000 -0.76023680
vn -0.51699820 -0.69793680 -0.49557750
vn -0.71344180 -0.14847870 -0.68480280
vn -0.99999870 -0.00099186 -0.00129927
vn -0.99440730 -0.10561330 -0.00022228
vn -0.81586680 -0.57823530 0.00226973
vn -0.51041380 -0.70897010 0.48666130
vn -0.72440310 -0.00005319 0.68937660
vn -0.71584620 -0.14042710 0.68399160
vn -0.52054920 -0.72118720 0.45707500
vn -0.74330050 -0.14469310 0.65312190
vn -0.75115350 -0.00000224 0.66012760
vn -0.62355750 -0.73899200 0.25508180
vn -0.92555320 0.00000000 0.37861760
vn -0.91516950 -0.14937210 0.37437010
vn -0.69151120 -0.72122600 0.04056264
vn -0.99830960 0.00000000 0.05812120
vn -0.98779630 -0.14471570 0.05758332
vn -0.70663320 -0.70748690 0.01148129
vn -0.98998400 -0.14039120 0.01489265
vn -0.99985500 0.00000000 0.01702513
vn -0.70713100 0.00000000 0.70708250
vn -0.70322160 -0.10501470 0.70317240
vn -0.57736030 -0.57737510 0.57731530
vn -0.70663320 -0.70748690 0.01148129
vn -0.57736030 -0.57737510 0.57731530
vn -0.03070067 -0.70680950 0.70673760
vn -0.02254763 -0.99971060 0.00837305
vn -0.69151120 -0.72122600 0.04056264
vn 0.06365368 -0.99794410 0.00747831
vn 0.03070056 -0.70680930 0.70673770
vn -0.01573903 -0.99987570 0.00093096
vn -0.62355750 -0.73899200 0.25508180
vn 0.05504279 -0.99839230 -0.01352731
vn -0.02558736 -0.99961780 0.01046551
vn -0.52054920 -0.72118720 0.45707500
vn 0.70709350 -0.70711070 0.00363523
vn 0.57736290 -0.57737170 0.57731620
vn 0.70709400 -0.70711020 -0.00363362
vn -0.01465402 -0.99981000 0.01285561
vn -0.51041380 -0.70897010 0.48666130
vn -0.02210575 -0.99975400 0.00177083
vn 0.01404509 -0.69632250 -0.71759160
vn 0.57735990 -0.57742920 -0.57726170
vn -0.00513253 -0.99992230 -0.01136580
vn -0.00689237 -0.73305410 -0.68013540
vn -0.47784350 -0.73431610 -0.48212590
vn -0.31697230 -0.56707000 -0.76023680
vn -0.51699820 -0.69793680 -0.49557750
vn -0.81586680 -0.57823530 0.00226973
vn -0.70321570 -0.10501720 -0.70317790
vn -0.04457567 0.00000000 -0.99900610
vn -0.70712610 0.00000000 -0.70708730
vn -0.03926117 -0.13782730 -0.98967780
vn 0.04457576 0.00000000 -0.99900610
vn -0.03070052 -0.70680650 -0.70674050
vn -0.57736470 -0.57737990 -0.57730630
vn 0.03070109 -0.70680600 -0.70674090
vn 0.03926162 -0.13782760 -0.98967780
vn 0.70713100 0.00000000 -0.70708250
vn 0.70322160 -0.10501660 -0.70317210
vn 0.57736940 -0.57737330 -0.57730820
vn 0.70322160 -0.10501660 -0.70317210
vn 0.99998530 0.00000000 -0.00541965
vn 0.70713100 0.00000000 -0.70708250
vn 0.98995190 -0.14132570 -0.00472949
vn 0.99998530 0.00000000 0.00541992
vn 0.70709440 -0.70710980 -0.00363534
vn 0.57736940 -0.57737330 -0.57730820
vn 0.70709410 -0.70711000 0.00363369
vn 0.98995410 -0.14130980 0.00473014
vn 0.70714010 0.00000000 0.70707340
vn 0.70324340 -0.10503370 0.70314760
vn 0.57735820 -0.57742210 0.57727040
vn 0.02209243 0.00000000 0.99975590
vn 0.70714010 0.00000000 0.70707340
vn 0.70324340 -0.10503370 0.70314760
vn 0.01851904 -0.14807820 0.98880220
vn 0.01404534 -0.69632540 0.71758880
vn 0.57735820 -0.57742210 0.57727040
vn -0.00689230 -0.73305680 0.68013240
vn -0.00949224 -0.15056030 0.98855530
vn -0.01080561 -0.00017723 0.99994160
vn -0.38473640 -0.00328261 0.92302060
vn -0.38179200 -0.12474970 0.91579060
vn -0.31698090 -0.56706690 0.76023560
vn -0.38179200 -0.12474970 0.91579060
vn -0.70365100 -0.00015469 0.71054580
vn -0.38473640 -0.00328261 0.92302060
vn -0.69630270 -0.15073210 0.70174240
vn -0.72348410 -0.00003411 0.69034100
vn -0.47784270 -0.73431450 0.48212910
vn -0.31698090 -0.56706690 0.76023560
vn -0.51699900 -0.69793340 0.49558140
vn -0.71344380 -0.14847650 0.68480120
vn -0.99999870 -0.00099349 0.00129988
vn -0.99440710 -0.10561490 0.00022578
vn -0.81586610 -0.57823650 -0.00225865
vn -0.51041780 -0.70897180 -0.48665460
vn -0.72439720 -0.00005331 -0.68938290
vn -0.71584320 -0.14042800 -0.68399450
vn -0.52055140 -0.72118970 -0.45706860
vn -0.74329780 -0.14469400 -0.65312490
vn -0.75114880 -0.00000224 -0.66013290
vn -0.62355720 -0.73899290 -0.25508030
vn -0.92555250 0.00000000 -0.37861930
vn -0.91516830 -0.14937430 -0.37437190
vn -0.69151140 -0.72122590 -0.04056274
vn -0.99830950 0.00000000 -0.05812212
vn -0.98779620 -0.14471660 -0.05758392
vn -0.70663300 -0.70748720 -0.01148082
vn -0.98998400 -0.14039120 -0.01489237
vn -0.99985500 0.00000000 -0.01702477
vn -0.70712610 0.00000000 -0.70708730
vn -0.70321570 -0.10501720 -0.70317790
vn -0.57736470 -0.57737990 -0.57730630
vn -0.70663300 -0.70748720 -0.01148082
vn -0.03070052 -0.70680650 -0.70674050
vn -0.57736470 -0.57737990 -0.57730630
vn -0.02254748 -0.99971070 -0.00837236
vn -0.69151140 -0.72122590 -0.04056274
vn 0.06365329 -0.99794410 -0.00747775
vn 0.03070109 -0.70680600 -0.70674090
vn -0.01573904 -0.99987570 -0.00093037
vn -0.62355720 -0.73899290 -0.25508030
vn 0.05504309 -0.99839230 0.01352587
vn -0.02558731 -0.99961780 -0.01046710
vn -0.52055140 -0.72118970 -0.45706860
vn 0.70709440 -0.70710980 -0.00363534
vn 0.57736940 -0.57737330 -0.57730820
vn 0.70709410 -0.70711000 0.00363369
vn -0.01465396 -0.99981000 -0.01285620
vn -0.51041780 -0.70897180 -0.48665460
vn -0.02210574 -0.99975400 -0.00177166
vn 0.01404534 -0.69632540 0.71758880
vn 0.57735820 -0.57742210 0.57727040
vn -0.00513250 -0.99992230 0.01136403
vn -0.00689230 -0.73305680 0.68013240
vn -0.47784270 -0.73431450 0.48212910
vn -0.31698090 -0.56706690 0.76023560
vn -0.51699900 -0.69793340 0.49558140
vn -0.81586610 -0.57823650 -0.00225865
vn 0.49885500 -0.06509575 -0.86423740
vn 0.49999370 0.00000000 -0.86602910
vn 0.01318094 0.00000000 -0.99991310
vn 0.01312639 -0.06590433 -0.99773970
vn 0.00893058 -0.71855110 -0.69541670
vn 0.35415120 -0.70434680 -0.61520110
vn -0.00893127 -0.71856080 -0.69540680
vn -0.01312589 -0.06590913 -0.99773930
vn -0.01318095 0.00000000 -0.99991310
vn -0.35416470 -0.70431990 -0.61522410
vn -0.49998940 0.00000000 -0.86603150
vn -0.49884600 -0.06507943 -0.86424380
vn 0.49887700 -0.06508845 0.86422530
vn 0.50001520 0.00000000 0.86601660
vn 0.86604950 0.00000000 0.49995830
vn 0.86422400 -0.06495572 0.49889650
vn 1.00000000 0.00000000 0.00000000
vn 0.61594880 -0.70297050 0.35558350
vn 0.35416540 -0.70433120 0.61521090
vn 0.71120170 -0.70298810 -0.00000329
vn 0.99788770 -0.06496317 -0.00000088
vn 0.86605290 0.00000000 -0.49995250
vn 0.61594160 -0.70298520 -0.35556670
vn 0.86422490 -0.06496247 -0.49889400
vn 0.49999370 0.00000000 -0.86602910
vn 0.35415120 -0.70434680 -0.61520110
vn 0.49885500 -0.06509575 -0.86423740
vn -0.49886890 -0.06507477 0.86423090
vn -0.50001090 0.00000000 0.86601910
vn -0.01318340 0.00000000 0.99991310
vn -0.01312853 -0.06591232 0.99773910
vn -0.00893164 -0.71856080 0.69540690
vn -0.35418320 -0.70431490 0.61521920
vn 0.00893148 -0.71855270 0.69541520
vn 0.01312865 -0.06591046 0.99773920
vn 0.01318332 0.00000000 0.99991310
vn 0.35416540 -0.70433120 0.61521090
vn 0.50001520 0.00000000 0.86601660
vn 0.49887700 -0.06508845 0.86422530
vn -0.49884600 -0.06507943 -0.86424380
vn -0.49998940 0.00000000 -0.86603150
vn -0.86604590 0.00000000 -0.49996450
vn -0.86421810 -0.06493805 -0.49890900
vn -1.00000000 0.00000000 0.00000000
vn -0.61597200 -0.70295680 -0.35557010
vn -0.35416470 -0.70431990 -0.61522410
vn -0.71122810 -0.70296110 0.00000000
vn -0.99788950 -0.06493560 0.00000000
vn -0.86604230 0.00000000 0.49997070
vn -0.61597900 -0.70294350 0.35558470
vn -0.86421600 -0.06493194 0.49891330
vn -0.50001090 0.00000000 0.86601910
vn -0.35418320 -0.70431490 0.61521920
vn -0.49886890 -0.06507477 0.86423090
vn 0.68696620 -0.70298100 0.18410660
vn 0.50289130 -0.70298280 0.50290700
vn 0.70561260 -0.06496191 0.70561380
vn 0.96386970 -0.06495976 0.25833190
vn 0.68543910 -0.70434090 -0.18460010
vn 0.96385090 -0.06509675 -0.25836770
vn 0.49743070 -0.71856520 -0.48603170
vn 0.71391670 -0.06590711 -0.69712200
vn 0.48600080 -0.71856990 -0.49745400
vn 0.69712000 -0.06591049 -0.71391850
vn 0.71549110 0.00000000 -0.69862190
vn 0.96592380 0.00000000 -0.25882640
vn 0.69862380 0.00000000 -0.71548910
vn 0.25882150 0.00000000 -0.96592520
vn 0.25836600 -0.06508011 -0.96385250
vn 0.96591030 0.00000000 0.25887720
vn 0.70710930 0.00000000 0.70710430
vn 0.25832220 -0.06495650 0.96387240
vn 0.25886750 0.00000000 0.96591280
vn -0.70561250 -0.06493498 -0.70561640
vn -0.68700360 -0.70294050 -0.18412190
vn -0.50291570 -0.70296610 -0.50290610
vn -0.96387800 -0.06493173 -0.25830820
vn -0.68548420 -0.70429850 0.18459410
vn -0.96385730 -0.06507260 0.25835020
vn -0.49744870 -0.71856650 0.48601140
vn -0.71391820 -0.06590444 0.69712080
vn -0.48602770 -0.71855830 0.49744460
vn -0.69711860 -0.06590176 0.71392080
vn -0.71549240 0.00000000 0.69862040
vn -0.69862210 0.00000000 0.71549080
vn -0.96592900 0.00000000 0.25880740
vn -0.96591620 0.00000000 -0.25885490
vn -0.70710490 0.00000000 -0.70710860
vn -0.25831710 -0.06493623 -0.96387540
vn -0.25886500 0.00000000 -0.96591350
vn -0.69711860 -0.06590176 0.71392080
vn -0.69862210 0.00000000 0.71549080
vn -0.25880790 0.00000000 0.96592870
vn -0.25834760 -0.06508366 0.96385720
vn 0.25886750 0.00000000 0.96591280
vn 0.25832220 -0.06495650 0.96387240
vn -0.18460850 -0.70431530 0.68546300
vn -0.48602770 -0.71855830 0.49744460
vn 0.18409950 -0.70296010 0.68698950
vn 0.50289130 -0.70298280 0.50290700
vn 0.70561260 -0.06496191 0.70561380
vn 0.25836600 -0.06508011 -0.96385250
vn 0.25882150 0.00000000 -0.96592520
vn -0.25886500 0.00000000 -0.96591350
vn -0.25831710 -0.06493623 -0.96387540
vn -0.18412630 -0.70295330 -0.68698910
vn -0.50291570 -0.70296610 -0.50290610
vn -0.70561250 -0.06493498 -0.70561640
vn 0.18459380 -0.70432050 -0.68546170
vn 0.69712000 -0.06591049 -0.71391850
vn 0.48600080 -0.71856990 -0.49745400
vn 0.49889310 -0.06496271 0.86422540
vn 0.49994790 0.00000000 0.86605550
vn 0.86602680 0.00000000 0.49999770
vn 0.86423760 -0.06509651 0.49885460
vn 0.99992900 0.00000000 0.01192676
vn 0.61523390 -0.70432120 0.35414510
vn 0.35558340 -0.70296900 0.61595050
vn 0.69543510 -0.71854340 0.00807891
vn 0.99775550 -0.06590062 0.01187720
vn 0.69542520 -0.71855310 -0.00807960
vn 0.99775510 -0.06590625 -0.01187674
vn 0.99992900 0.00000000 -0.01192678
vn 0.61524300 -0.70430200 -0.35416790
vn 0.86602930 0.00000000 -0.49999320
vn 0.86424360 -0.06508140 -0.49884600
vn 0.35558850 -0.70293730 -0.61598370
vn 0.49995940 0.00000000 -0.86604890
vn 0.49890770 -0.06493763 -0.86421890
vn -0.49889800 -0.06495351 0.86422340
vn -0.49995880 0.00000000 0.86604920
vn 0.00000000 0.00000000 1.00000000
vn 0.00000022 -0.06496163 0.99788780
vn 0.49994790 0.00000000 0.86605550
vn 0.49889310 -0.06496271 0.86422540
vn 0.35558340 -0.70296900 0.61595050
vn 0.00000064 -0.70296100 0.71122830
vn -0.35559970 -0.70294510 0.61596840
vn -0.49891260 -0.06493042 -0.86421660
vn -0.49997020 0.00000000 -0.86604260
vn -0.86601910 0.00000000 -0.50001100
vn -0.86423190 -0.06507276 -0.49886760
vn -0.99992880 0.00000000 -0.01192887
vn -0.61525200 -0.70427750 -0.35420080
vn -0.35560110 -0.70291210 -0.61600520
vn -0.69542710 -0.71855130 -0.00808044
vn -0.99775510 -0.06590734 -0.01187900
vn -0.69543470 -0.71854390 0.00808020
vn -0.99775520 -0.06590539 0.01187926
vn -0.99992880 0.00000000 0.01192889
vn -0.61524790 -0.70429940 0.35416420
vn -0.86601660 0.00000000 0.50001540
vn -0.86422580 -0.06508538 0.49887640
vn -0.35559970 -0.70294510 0.61596840
vn -0.49995880 0.00000000 0.86604920
vn -0.49889800 -0.06495351 0.86422340
vn 0.49890770 -0.06493763 -0.86421890
vn 0.49995940 0.00000000 -0.86604890
vn 0.00000000 0.00000000 -1.00000000
vn -0.00000030 -0.06493445 -0.99788960
vn -0.49997020 0.00000000 -0.86604260
vn -0.49891260 -0.06493042 -0.86421660
vn -0.35560110 -0.70291210 -0.61600520
vn -0.00000141 -0.70294240 -0.71124670
vn 0.35558850 -0.70293730 -0.61598370
vn 0.18411130 -0.70298180 -0.68696410
vn 0.50289670 -0.70298250 -0.50290210
vn 0.70561340 -0.06496280 -0.70561280
vn 0.25833050 -0.06496307 -0.96386990
vn -0.18459790 -0.70433670 -0.68544390
vn -0.25836440 -0.06509991 -0.96385150
vn -0.48601370 -0.71856670 -0.49744620
vn -0.69712010 -0.06590410 -0.71391890
vn -0.25882460 0.00000000 -0.96592430
vn 0.25887770 0.00000000 -0.96591010
vn -0.70561740 -0.06493412 0.70561160
vn -0.18412300 -0.70294180 0.68700180
vn -0.50291510 -0.70296280 0.50291120
vn -0.25830960 -0.06493085 0.96387770
vn 0.18460270 -0.70429580 0.68548480
vn 0.25834990 -0.06507204 0.96385740
vn 0.48601530 -0.71856130 0.49745240
vn 0.69711850 -0.06590253 0.71392060
vn 0.69862230 0.00000000 0.71549070
vn 0.25880720 0.00000000 0.96592900
vn -0.25885560 0.00000000 0.96591600
vn 0.70561340 -0.06496280 -0.70561280
vn 0.25887770 0.00000000 -0.96591010
vn 0.25833050 -0.06496307 -0.96386990
vn 0.70710680 0.00000000 -0.70710680
vn 0.96387240 -0.06495506 -0.25832290
vn 0.50289670 -0.70298250 -0.50290210
vn 0.96591320 0.00000000 -0.25886630
vn 0.68697970 -0.70296610 -0.18411320
vn 0.96385600 -0.06508119 0.25835220
vn 0.96592760 0.00000000 0.25881250
vn 0.68546830 -0.70431200 0.18460130
vn 0.71391840 -0.06590007 0.69712100
vn 0.71549240 0.00000000 0.69862040
vn 0.69862230 0.00000000 0.71549070
vn 0.49744660 -0.71855630 0.48602840
vn 0.69711850 -0.06590253 0.71392060
vn 0.48601530 -0.71856130 0.49745240
vn -0.25836440 -0.06509991 -0.96385150
vn -0.25882460 0.00000000 -0.96592430
vn -0.69862080 0.00000000 -0.71549210
vn -0.69712010 -0.06590410 -0.71391890
vn -0.71391650 -0.06590818 -0.69712220
vn -0.71548750 0.00000000 -0.69862540
vn -0.96592500 0.00000000 -0.25882210
vn -0.49743460 -0.71857370 -0.48601500
vn -0.48601370 -0.71856670 -0.49744620
vn -0.68545990 -0.70432130 -0.18459770
vn -0.96385160 -0.06508051 -0.25836920
vn -0.96591310 0.00000000 0.25886660
vn -0.68699330 -0.70295180 0.18411640
vn -0.96387540 -0.06493613 0.25831690
vn -0.50291510 -0.70296280 0.50291120
vn -0.70710660 0.00000000 0.70710680
vn -0.70561740 -0.06493412 0.70561160
vn -0.25885560 0.00000000 0.96591600
vn -0.25830960 -0.06493085 0.96387770
vn 1.00000000 0.00000000 -0.00000012
vn 1.00000000 0.00000000 -0.00000012
vn 1.00000000 0.00000000 0.00000000
vn 1.00000000 0.00000000 0.00000000
vn 1.00000000 0.00000000 0.00000000
vn 1.00000000 0.00000000 0.00000000
vn 1.00000000 0.00000021 0.00000000
vn 1.00000000 0.00000024 0.00000000
vn 1.00000000 -0.00000030 0.00000000
vn 1.00000000 -0.00000038 0.00000000
vn 1.00000000 -0.00000089 0.00000000
vn 1.00000000 -0.00000089 0.00000000
vn -1.00000000 0.00000000 0.00000000
vn -1.00000000 0.00000000 0.00000000
vn -1.00000000 0.00000000 0.00000000
vn -1.00000000 0.00000000 0.00000000
vn -1.00000000 0.00000000 0.00000000
vn -1.00000000 0.00000000 0.00000000
vn -1.00000000 0.00000000 0.00000000
vn -1.00000000 0.00000000 0.00000000
vn 0.00000060 0.00000000 1.00000000
vn 0.00000060 0.00000000 1.00000000
vn 0.00000060 0.00000000 1.00000000
vn 0.00000060 0.00000000 1.00000000
vn 0.00000040 0.00000000 -1.00000000
vn 0.00000040 0.00000000 -1.00000000
vn 0.00000040 0.00000000 -1.00000000
vn 0.00000040 0.00000000 -1.00000000
vn 1.00000000 0.00000000 0.00000000
vn 1.00000000 0.00000000 0.00000000
vn 1.00000000 0.00000000 0.00000000
vn 1.00000000 0.00000000 0.00000000
vn -0.70199320 0.11783770 0.70236730
vn -0.40597690 0.81898880 0.40551220
vn -0.49960240 0.86625300 0.00174280
vn -0.99172080 0.12839760 0.00198985
vn -0.70569510 0.06307432 0.70570250
vn -0.99271200 0.12049580 -0.00192014
vn -0.52254550 0.85261010 -0.00145966
vn -0.75555120 0.08939053 -0.64896200
vn -0.36657460 0.85493390 -0.36703010
vn -0.00231740 0.75356170 -0.65737310
vn -0.00305041 0.09276886 -0.99568300
vn -0.99616530 0.08746806 -0.00203079
vn -0.72079730 0.07050924 -0.68955040
vn -0.99618200 0.08727654 0.00210031
vn -0.70708790 0.70712390 -0.00155343
vn -0.57632060 0.57787930 -0.57784950
vn -0.70708760 0.70712430 0.00154704
vn -0.57734660 0.57737310 0.57733110
vn 0.49885220 0.06509906 0.86423860
vn 0.49999230 0.00000000 0.86602980
vn 0.00840428 0.00000000 0.99996470
vn 0.00836899 0.06589179 0.99779160
vn 0.00568840 0.71858610 0.69541470
vn 0.35413280 0.70434460 0.61521420
vn -0.00568984 0.71859700 0.69540350
vn -0.00836826 0.06590104 0.99779110
vn -0.00840392 0.00000000 0.99996470
vn -0.35415540 0.70432050 0.61522870
vn -0.49999200 0.00000000 0.86603000
vn -0.49884860 0.06508323 0.86424200
vn 0.49886550 0.06509487 -0.86423130
vn 0.50000550 0.00000000 -0.86602220
vn 0.86605140 0.00000000 -0.49995500
vn 0.86422300 0.06496483 -0.49889700
vn 1.00000000 0.00000000 0.00000000
vn 0.61593780 0.70298150 -0.35558070
vn 0.35415130 0.70431920 -0.61523280
vn 0.71118980 0.70300010 -0.00000543
vn 0.99788720 0.06497075 0.00000134
vn 0.86605660 0.00000000 0.49994600
vn 0.61593690 0.70299210 0.35556110
vn 0.86422700 0.06496999 0.49888940
vn 0.49999230 0.00000000 0.86602980
vn 0.35413280 0.70434460 0.61521420
vn 0.49885220 0.06509906 0.86423860
vn -0.49885890 0.06507307 -0.86423680
vn -0.50000080 0.00000000 -0.86602490
vn -0.00840539 0.00000000 -0.99996470
vn -0.00837000 0.06588365 -0.99779220
vn -0.00569014 0.71856700 -0.69543460
vn -0.35417870 0.70429780 -0.61524140
vn 0.00568943 0.71855850 -0.69544320
vn 0.00836997 0.06587978 -0.99779250
vn 0.00840520 0.00000000 -0.99996470
vn 0.35415130 0.70431920 -0.61523280
vn 0.50000550 0.00000000 -0.86602220
vn 0.49886550 0.06509487 -0.86423130
vn -0.49884860 0.06508323 0.86424200
vn -0.49999200 0.00000000 0.86603000
vn -0.86604960 0.00000000 0.49995800
vn -0.86422070 0.06493744 0.49890460
vn -1.00000000 0.00000000 0.00000000
vn -0.61597140 0.70295230 0.35558030
vn -0.35415540 0.70432050 0.61522870
vn -0.71123630 0.70295300 -0.00000010
vn -0.99788970 0.06493187 0.00000058
vn -0.86604370 0.00000000 -0.49996810
vn -0.61597750 0.70293760 -0.35559860
vn -0.86421610 0.06493149 -0.49891320
vn -0.50000080 0.00000000 -0.86602490
vn -0.35417870 0.70429780 -0.61524140
vn -0.49885890 0.06507307 -0.86423680
vn 0.49885360 0.06510422 0.86423760
vn 0.49999460 0.00000000 0.86602850
vn 0.00840446 0.00000000 0.99996470
vn 0.00836914 0.06589972 0.99779120
vn 0.00568842 0.71859280 0.69540790
vn 0.35413590 0.70434550 0.61521150
vn -0.00569016 0.71860400 0.69539620
vn -0.00836881 0.06590887 0.99779060
vn -0.00840447 0.00000000 0.99996470
vn -0.35416150 0.70431110 0.61523620
vn -0.49999420 0.00000000 0.86602870
vn -0.49885030 0.06508402 0.86424090
vn 0.49887240 0.06508845 -0.86422790
vn 0.50001220 0.00000000 -0.86601840
vn 0.86605070 0.00000000 -0.49995630
vn 0.86422390 0.06495838 -0.49889640
vn 1.00000000 0.00000000 0.00000000
vn 0.61594350 0.70297040 -0.35559300
vn 0.35415290 0.70430790 -0.61524470
vn 0.71119610 0.70299370 -0.00000019
vn 0.99788740 0.06496623 0.00000000
vn 0.86605660 0.00000000 0.49994600
vn 0.61593440 0.70299180 0.35556640
vn 0.86422740 0.06497008 0.49888860
vn 0.49999460 0.00000000 0.86602850
vn 0.35413590 0.70434550 0.61521150
vn 0.49885360 0.06510422 0.86423760
vn -0.49886610 0.06506781 -0.86423300
vn -0.50000740 0.00000000 -0.86602120
vn -0.00840613 0.00000000 -0.99996470
vn -0.00837060 0.06589124 -0.99779180
vn -0.00568994 0.71858570 -0.69541520
vn -0.35418070 0.70428950 -0.61524980
vn 0.00568916 0.71857750 -0.69542350
vn 0.00837041 0.06588736 -0.99779200
vn 0.00840575 0.00000000 -0.99996470
vn 0.35415290 0.70430790 -0.61524470
vn 0.50001220 0.00000000 -0.86601840
vn 0.49887240 0.06508845 -0.86422790
vn -0.49885030 0.06508402 0.86424090
vn -0.49999420 0.00000000 0.86602870
vn -0.86604820 0.00000000 0.49996050
vn -0.86421970 0.06493693 0.49890630
vn -1.00000000 0.00000000 0.00000000
vn -0.61597420 0.70294580 0.35558820
vn -0.35416150 0.70431110 0.61523620
vn -0.71123460 0.70295460 0.00000717
vn -0.99788970 0.06493221 -0.00000064
vn -0.86604230 0.00000000 -0.49997070
vn -0.61598260 0.70293060 -0.35560370
vn -0.86421570 0.06492852 -0.49891430
vn -0.50000740 0.00000000 -0.86602120
vn -0.35418070 0.70428950 -0.61524980
vn -0.49886610 0.06506781 -0.86423300
vn 0.49885610 0.06509551 0.86423680
vn 0.49999490 0.00000000 0.86602840
vn 0.00840391 0.00000000 0.99996470
vn 0.00836864 0.06588555 0.99779210
vn 0.00568907 0.71856120 0.69544050
vn 0.35414280 0.70432660 0.61522920
vn -0.00568967 0.71858200 0.69541900
vn -0.00836832 0.06589196 0.99779160
vn -0.00840391 0.00000000 0.99996470
vn -0.35416150 0.70431040 0.61523710
vn -0.49998800 0.00000000 0.86603240
vn -0.49884620 0.06507721 0.86424380
vn 0.49887180 0.06508873 -0.86422820
vn 0.50001040 0.00000000 -0.86601940
vn 0.86604760 0.00000000 -0.49996160
vn 0.86422030 0.06496038 -0.49890230
vn 1.00000000 0.00000000 0.00000000
vn 0.61593710 0.70297190 -0.35560080
vn 0.35415900 0.70431120 -0.61523750
vn 0.71119490 0.70299490 -0.00000016
vn 0.99788730 0.06496844 0.00000000
vn 0.86605280 0.00000000 0.49995270
vn 0.61593440 0.70298210 0.35558540
vn 0.86422390 0.06496555 0.49889530
vn 0.49999490 0.00000000 0.86602840
vn 0.35414280 0.70432660 0.61522920
vn 0.49885610 0.06509551 0.86423680
vn -0.49886420 0.06507043 -0.86423390
vn -0.50000780 0.00000000 -0.86602100
vn -0.00840539 0.00000000 -0.99996470
vn -0.00836982 0.06589106 -0.99779180
vn -0.00569016 0.71857110 -0.69543020
vn -0.35417280 0.70428660 -0.61525780
vn 0.00568982 0.71855920 -0.69544250
vn 0.00837004 0.06588720 -0.99779200
vn 0.00840539 0.00000000 -0.99996470
vn 0.35415900 0.70431120 -0.61523750
vn 0.50001040 0.00000000 -0.86601940
vn 0.49887180 0.06508873 -0.86422820
vn -0.49884620 0.06507721 0.86424380
vn -0.49998800 0.00000000 0.86603240
vn -0.86605220 0.00000000 0.49995360
vn -0.86422340 0.06493626 0.49890010
vn -1.00000000 0.00000000 0.00000000
vn -0.61597900 0.70294840 0.35557480
vn -0.35416150 0.70431040 0.61523710
vn -0.71123480 0.70295450 0.00000431
vn -0.99788960 0.06493407 -0.00000234
vn -0.86604570 0.00000000 -0.49996510
vn -0.61598320 0.70293620 -0.35559160
vn -0.86421800 0.06493314 -0.49890970
vn -0.50000780 0.00000000 -0.86602100
vn -0.35417280 0.70428660 -0.61525780
vn -0.49886420 0.06507043 -0.86423390
vn -0.34698580 -0.66236320 -0.66398480
vn -0.57041670 -0.58076200 -0.58081000
vn -0.69902010 -0.71248230 -0.06115421
vn -0.39943120 -0.91545310 -0.04899237
vn -0.73669450 -0.67583320 0.02303756
vn -0.41032120 -0.91162130 0.02414866
vn -0.40162910 -0.87515700 0.26980420
vn -0.56459110 -0.78919260 0.24168590
vn -0.73477920 -0.53451350 0.41760610
vn -0.41966560 -0.70996430 0.56553640
vn -0.71171710 -0.55085330 0.43591200
vn -0.40561880 -0.71671660 0.56726600
vn -0.72101930 -0.61002050 0.32864300
vn -0.37695570 -0.81473130 0.44058750
vn -0.70991490 -0.66049980 0.24446020
vn -0.37327240 -0.87095680 0.31953400
vn -0.70233600 -0.65935500 0.26828200
vn -0.37292870 -0.85795340 0.35332700
vn -0.38554130 -0.54166970 0.74696170
vn -0.58468660 -0.52190080 0.62109680
vn -0.70149400 -0.01660952 -0.71248170
vn -0.57041670 -0.58076200 -0.58081000
vn -0.34698580 -0.66236320 -0.66398480
vn -0.37386010 -0.01514511 -0.92736140
vn -0.37386300 0.01509344 -0.92736110
vn -0.70148810 0.01664438 -0.71248680
vn -0.34727260 0.66310030 -0.66309860
vn -0.57042670 0.58078180 -0.58078040
vn -0.70149580 0.71249340 -0.01602769
vn -0.57042670 0.58078180 -0.58078040
vn -0.34727260 0.66310030 -0.66309860
vn -0.37392610 0.92734460 -0.01453455
vn -0.37392880 0.92734340 0.01454891
vn -0.70149550 0.71249400 0.01601072
vn -0.34736550 0.66316470 0.66298560
vn -0.57054920 0.58085080 0.58059110
vn -0.69924050 0.03055135 0.71423330
vn -0.57054920 0.58085080 0.58059110
vn -0.34736550 0.66316470 0.66298560
vn -0.37356690 0.02750379 0.92719540
vn -0.37778430 -0.02550046 0.92554240
vn -0.71515550 -0.03124598 0.69826660
vn -0.38554130 -0.54166970 0.74696170
vn -0.58468660 -0.52190080 0.62109680
vn -0.34727370 -0.66309800 -0.66310020
vn -0.57042710 -0.58077990 -0.58078200
vn -0.70149730 -0.71249180 -0.01602739
vn -0.37392750 -0.92734410 -0.01453435
vn -0.70149730 -0.71249190 0.01602751
vn -0.37392740 -0.92734410 0.01453459
vn -0.34727440 -0.66310040 0.66309760
vn -0.57042810 -0.58078100 0.58077990
vn -0.70148860 -0.01664310 -0.71248640
vn -0.57042710 -0.58077990 -0.58078200
vn -0.34727370 -0.66309800 -0.66310020
vn -0.37386040 -0.01509259 -0.92736220
vn -0.37386040 0.01509260 -0.92736210
vn -0.70148860 0.01664311 -0.71248630
vn -0.34727420 0.66309980 -0.66309830
vn -0.57042750 0.58078130 -0.58078010
vn -0.34727440 -0.66310040 0.66309760
vn -0.57042810 -0.58078100 0.58077990
vn -0.70148870 -0.01664308 0.71248630
vn -0.37386090 -0.01509260 0.92736200
vn -0.70148840 0.01664310 0.71248640
vn -0.37386070 0.01509264 0.92736200
vn -0.34727330 0.66309960 0.66309880
vn -0.57042670 0.58078140 0.58078070
vn -0.34727330 0.66309960 0.66309880
vn -0.57042670 0.58078140 0.58078070
vn -0.70149650 0.71249260 0.01602740
vn -0.37392740 0.92734410 0.01453430
vn -0.37392750 0.92734410 -0.01453424
vn -0.70149660 0.71249250 -0.01602738
vn -0.57042750 0.58078130 -0.58078010
vn -0.34727420 0.66309980 -0.66309830
vn -0.34727220 -0.66310480 -0.66309450
vn -0.57042790 -0.58078120 -0.58077980
vn -0.70149610 -0.71249310 -0.01602734
vn -0.37392580 -0.92734470 -0.01453431
vn -0.70149610 -0.71249310 0.01602763
vn -0.37392610 -0.92734460 0.01453456
vn -0.34727420 -0.66310010 0.66309800
vn -0.57042810 -0.58078120 0.58077960
vn -0.70149220 -0.01664305 -0.71248270
vn -0.57042790 -0.58078120 -0.58077980
vn -0.34727220 -0.66310480 -0.66309450
vn -0.37386820 -0.01509258 -0.92735900
vn -0.37386820 0.01509257 -0.92735900
vn -0.70149210 0.01664308 -0.71248280
vn -0.34727270 0.66310540 -0.66309340
vn -0.57042680 0.58078270 -0.58077940
vn -0.34727420 -0.66310010 0.66309800
vn -0.57042810 -0.58078120 0.58077960
vn -0.70149000 -0.01664318 0.71248510
vn -0.37386140 -0.01509271 0.92736180
vn -0.70149000 0.01664314 0.71248510
vn -0.37386130 0.01509268 0.92736180
vn -0.34727330 0.66310090 0.66309760
vn -0.57042780 0.58078210 0.58077900
vn -0.34727330 0.66310090 0.66309760
vn -0.57042780 0.58078210 0.58077900
vn -0.70149540 0.71249370 0.01602746
vn -0.37392600 0.92734460 0.01453416
vn -0.70149540 0.71249380 -0.01602734
vn -0.37392580 0.92734470 -0.01453416
vn -0.34727270 0.66310540 -0.66309340
vn -0.57042680 0.58078270 -0.58077940
vn -0.69902010 -0.71248230 -0.06115421
vn -0.57041670 -0.58076200 -0.58081000
vn -0.70149400 -0.01660952 -0.71248170
vn -0.99695060 -0.01879198 -0.07573839
vn -0.99531580 0.06964554 -0.06705251
vn -0.70148810 0.01664438 -0.71248680
vn -0.73669450 -0.67583320 0.02303756
vn -0.70149580 0.71249340 -0.01602769
vn -0.57042670 0.58078180 -0.58078040
vn -0.99778780 0.05865405 0.03129276
vn -0.70149550 0.71249400 0.01601072
vn -0.69924050 0.03055135 0.71423330
vn -0.57054920 0.58085080 0.58059110
vn -0.99941460 -0.01222536 0.03195291
vn -0.71515550 -0.03124598 0.69826660
vn -0.70233600 -0.65935500 0.26828200
vn -0.58468660 -0.52190080 0.62109680
vn -0.99983140 -0.01718496 0.00646945
vn -0.70991490 -0.66049980 0.24446020
vn -0.99905350 -0.03837645 0.02047863
vn -0.72101930 -0.61002050 0.32864300
vn -0.99956380 -0.02317584 0.01830457
vn -0.71171710 -0.55085330 0.43591200
vn -0.99969270 -0.02275222 0.00983868
vn -0.73477920 -0.53451350 0.41760610
vn -0.56459110 -0.78919260 0.24168590
vn -0.70149730 -0.71249180 -0.01602739
vn -0.57042710 -0.58077990 -0.58078200
vn -0.70148860 -0.01664310 -0.71248640
vn -0.99944600 -0.02397592 -0.02308474
vn -0.70149730 -0.71249190 0.01602751
vn -0.99944600 0.02397592 -0.02308474
vn -0.70148860 0.01664311 -0.71248630
vn -0.99944600 -0.02397591 0.02308473
vn -0.70149660 0.71249250 -0.01602738
vn -0.57042750 0.58078130 -0.58078010
vn -0.99944600 0.02397592 0.02308474
vn -0.70149650 0.71249260 0.01602740
vn -0.70148840 0.01664310 0.71248640
vn -0.57042670 0.58078140 0.58078070
vn -0.70148870 -0.01664308 0.71248630
vn -0.57042810 -0.58078100 0.58077990
vn -0.70149610 -0.71249310 -0.01602734
vn -0.57042790 -0.58078120 -0.58077980
vn -0.70149220 -0.01664305 -0.71248270
vn -0.99944600 -0.02397592 -0.02308474
vn -0.70149610 -0.71249310 0.01602763
vn -0.99944600 0.02397593 -0.02308475
vn -0.70149210 0.01664308 -0.71248280
vn -0.99944600 -0.02397594 0.02308491
vn -0.70149540 0.71249380 -0.01602734
vn -0.57042680 0.58078270 -0.58077940
vn -0.99944600 0.02397594 0.02308492
vn -0.70149540 0.71249370 0.01602746
vn -0.70149000 0.01664314 0.71248510
vn -0.57042780 0.58078210 0.58077900
vn -0.70149000 -0.01664318 0.71248510
vn -0.57042810 -0.58078120 0.58077960
vn -0.09662149 -0.70380190 -0.70379490
vn 0.00000000 -0.70710970 -0.70710380
vn 0.00000000 -0.00413062 -0.99999150
vn -0.13119720 -0.00364449 -0.99134960
vn -0.70710560 -0.00276823 -0.70710250
vn -0.57735160 -0.57735440 -0.57734480
vn -0.70710560 0.00276821 -0.70710250
vn -0.13119720 0.00364449 -0.99134960
vn 0.00000000 0.00413062 -0.99999150
vn 0.00000000 0.70710970 -0.70710380
vn -0.09662487 0.70380090 -0.70379530
vn -0.57735100 0.57734890 -0.57735090
vn -0.09662278 -0.70380230 0.70379440
vn -0.00000220 -0.70711080 0.70710280
vn 0.00000000 -0.99995600 0.00938299
vn -0.13075880 -0.99137960 0.00828782
vn -0.70708910 -0.70709630 0.00630988
vn -0.57734860 -0.57735540 0.57734680
vn -0.70708800 -0.70709740 -0.00630981
vn -0.13075830 -0.99137960 -0.00828787
vn 0.00000000 -0.99995600 -0.00938295
vn 0.00000000 -0.70710970 -0.70710380
vn -0.09662149 -0.70380190 -0.70379490
vn -0.57735160 -0.57735440 -0.57734480
vn -0.09662639 0.70380030 0.70379570
vn -0.00000220 0.70711080 0.70710280
vn -0.00000378 0.00413062 0.99999150
vn -0.13119940 0.00364451 0.99134920
vn -0.70710370 0.00276826 0.70710440
vn -0.57734700 0.57734830 0.57735560
vn -0.70710380 -0.00276826 0.70710430
vn -0.13119940 -0.00364451 0.99134920
vn -0.00000378 -0.00413062 0.99999150
vn -0.00000220 -0.70711080 0.70710280
vn -0.09662278 -0.70380230 0.70379440
vn -0.57734860 -0.57735540 0.57734680
vn -0.09662487 0.70380090 -0.70379530
vn 0.00000000 0.70710970 -0.70710380
vn 0.00000000 0.99995600 -0.00938324
vn -0.13077120 0.99137790 -0.00828842
vn -0.70709480 0.70709040 -0.00631042
vn -0.57735100 0.57734890 -0.57735090
vn -0.70709600 0.70708940 0.00631058
vn -0.13077170 0.99137780 0.00828843
vn 0.00000000 0.99995600 0.00938327
vn -0.00000220 0.70711080 0.70710280
vn -0.09662639 0.70380030 0.70379570
vn -0.57734700 0.57734830 0.57735560
vn -0.09662055 -0.70380330 -0.70379360
vn 0.00000000 -0.70711400 -0.70709960
vn 0.00000000 -0.00556881 -0.99998450
vn -0.13107760 -0.00491492 -0.99135990
vn -0.70710120 -0.00373558 -0.70710250
vn -0.57734840 -0.57735260 -0.57734980
vn -0.70710120 0.00373556 -0.70710250
vn -0.13107760 0.00491492 -0.99135990
vn 0.00000000 0.00556881 -0.99998450
vn 0.00000000 0.70710120 -0.70711230
vn -0.09662434 0.70379380 -0.70380250
vn -0.57734870 0.57734830 -0.57735380
vn -0.09662094 -0.70380570 0.70379110
vn 0.00000000 -0.70711590 0.70709760
vn 0.00000000 -0.99995600 0.00938262
vn -0.13075340 -0.99138030 0.00828765
vn -0.70708470 -0.70710060 0.00630974
vn -0.57734950 -0.57735530 0.57734600
vn -0.70708470 -0.70710060 -0.00630977
vn -0.13075340 -0.99138030 -0.00828697
vn 0.00000000 -0.99995600 -0.00938152
vn 0.00000000 -0.70711400 -0.70709960
vn -0.09662055 -0.70380330 -0.70379360
vn -0.57734840 -0.57735260 -0.57734980
vn -0.09662513 0.70379960 0.70379660
vn 0.00000000 0.70711000 0.70710350
vn 0.00000000 0.00556888 0.99998450
vn -0.13107860 0.00491498 0.99135980
vn -0.70710360 0.00373560 0.70710000
vn -0.57735010 0.57734600 0.57735470
vn -0.70710360 -0.00373560 0.70710000
vn -0.13107860 -0.00491497 0.99135980
vn 0.00000000 -0.00556887 0.99998450
vn 0.00000000 -0.70711590 0.70709760
vn -0.09662094 -0.70380570 0.70379110
vn -0.57734950 -0.57735530 0.57734600
vn -0.09662434 0.70379380 -0.70380250
vn 0.00000000 0.70710120 -0.70711230
vn 0.00000000 0.99995600 -0.00938358
vn -0.13077050 0.99137810 -0.00828872
vn -0.70709480 0.70709040 -0.00631043
vn -0.57734870 0.57734830 -0.57735380
vn -0.70709480 0.70709040 0.00631053
vn -0.13077050 0.99137810 0.00828880
vn 0.00000000 0.99995600 0.00938369
vn 0.00000000 0.70711000 0.70710350
vn -0.09662513 0.70379960 0.70379660
vn -0.57735010 0.57734600 0.57735470
vn -0.09662158 -0.70380250 0.70379420
vn 0.00000000 -0.70711150 0.70710200
vn 0.00000000 -0.99995600 0.00938193
vn -0.13075800 -0.99137970 0.00828705
vn 0.00000000 -0.99995600 -0.00938235
vn -0.70709040 -0.70709500 0.00630949
vn -0.57734940 -0.57735370 0.57734780
vn -0.70709040 -0.70709500 -0.00630957
vn -0.13075800 -0.99137970 -0.00828747
vn 0.00000000 -0.70711080 -0.70710280
vn -0.09662018 -0.70380130 -0.70379560
vn -0.57734910 -0.57734810 -0.57735370
vn -0.09662018 -0.70380130 -0.70379560
vn 0.00000000 -0.70711080 -0.70710280
vn 0.00000000 -0.00413062 -0.99999150
vn -0.13119720 -0.00364447 -0.99134960
vn 0.00000000 0.00413063 -0.99999150
vn -0.70710460 -0.00276815 -0.70710360
vn -0.57734910 -0.57734810 -0.57735370
vn -0.70710460 0.00276815 -0.70710350
vn -0.13119720 0.00364448 -0.99134960
vn 0.00000000 0.70710160 -0.70711190
vn -0.09662393 0.70379550 -0.70380090
vn -0.57735050 0.57734540 -0.57735500
vn -0.09662393 0.70379550 -0.70380090
vn 0.00000000 0.70710160 -0.70711190
vn 0.00000000 0.99995600 -0.00938259
vn -0.13077070 0.99137790 -0.00828797
vn 0.00000000 0.99995600 0.00938327
vn -0.70709700 0.70708830 -0.00631020
vn -0.57735050 0.57734540 -0.57735500
vn -0.70709710 0.70708830 0.00631019
vn -0.13077080 0.99137790 0.00828836
vn 0.00000000 0.70710930 0.70710410
vn -0.09662442 0.70379900 0.70379730
vn -0.57734760 0.57734630 0.57735690
vn -0.09662442 0.70379900 0.70379730
vn 0.00000000 0.70710930 0.70710410
vn 0.00000000 0.00413068 0.99999150
vn -0.13119840 0.00364451 0.99134930
vn 0.00000000 -0.00413070 0.99999150
vn -0.70710480 0.00276824 0.70710320
vn -0.57734760 0.57734630 0.57735690
vn -0.70710480 -0.00276825 0.70710330
vn -0.13119840 -0.00364452 0.99134930
vn 0.00000000 -0.70711150 0.70710200
vn -0.09662158 -0.70380250 0.70379420
vn -0.57734940 -0.57735370 0.57734780
vn -0.09662350 -0.70379940 0.70379700
vn -0.00000183 -0.70710790 0.70710560
vn 0.00000000 -0.99999630 0.00274203
vn -0.13131200 -0.99133810 0.00241857
vn -0.70710750 -0.70710360 0.00183596
vn -0.57735000 -0.57735360 0.57734720
vn -0.70710640 -0.70710470 -0.00183592
vn -0.13131150 -0.99133830 -0.00241864
vn 0.00000000 -0.99999630 -0.00274210
vn 0.00000000 -0.70710500 -0.70710850
vn -0.09662272 -0.70379700 -0.70379950
vn -0.57735510 -0.57735060 -0.57734500
vn -0.09662423 0.70380280 0.70379360
vn -0.00000183 0.70711080 0.70710280
vn -0.00000415 0.03447919 0.99940540
vn -0.12863310 0.03062261 0.99121930
vn -0.70691010 0.02358227 0.70691020
vn -0.57735230 0.57735560 0.57734290
vn -0.70691000 -0.02358235 0.70691030
vn -0.12863310 -0.03062263 0.99121930
vn -0.00000415 -0.03447919 0.99940540
vn -0.00000183 -0.70710790 0.70710560
vn -0.09662350 -0.70379940 0.70379700
vn -0.57735000 -0.57735360 0.57734720
vn -0.09662344 0.70379880 -0.70379780
vn 0.00000000 0.70710520 -0.70710830
vn 0.00000000 0.99999630 -0.00274202
vn -0.13131130 0.99133830 -0.00241858
vn -0.70710640 0.70710470 -0.00183593
vn -0.57735660 0.57735390 -0.57734030
vn -0.70710750 0.70710360 0.00183592
vn -0.13131180 0.99133810 0.00241854
vn 0.00000000 0.99999630 0.00274203
vn -0.00000183 0.70711080 0.70710280
vn -0.09662423 0.70380280 0.70379360
vn -0.57735230 0.57735560 0.57734290
vn -0.09662272 -0.70379700 -0.70379950
vn 0.00000000 -0.70710500 -0.70710850
vn 0.00000000 -0.03447777 -0.99940540
vn -0.12862730 -0.03062182 -0.99122020
vn -0.70691000 -0.02358195 -0.70691030
vn -0.57735510 -0.57735060 -0.57734500
vn -0.70691020 0.02358204 -0.70691010
vn -0.12862740 0.03062175 -0.99122020
vn 0.00000000 0.03447770 -0.99940540
vn 0.00000000 0.70710520 -0.70710830
vn -0.09662344 0.70379880 -0.70379780
vn -0.57735660 0.57735390 -0.57734030
vn -0.70708800 -0.70709740 -0.00630981
vn -0.57735160 -0.57735440 -0.57734480
vn -0.70710560 -0.00276823 -0.70710250
vn -0.99994790 -0.00409839 -0.00935113
vn -0.70708910 -0.70709630 0.00630988
vn -0.99994790 0.00409839 -0.00935113
vn -0.70710560 0.00276821 -0.70710250
vn -0.99994790 -0.00409839 0.00935113
vn -0.70709480 0.70709040 -0.00631042
vn -0.57735100 0.57734890 -0.57735090
vn -0.99994790 0.00409839 0.00935113
vn -0.70709600 0.70708940 0.00631058
vn -0.70710370 0.00276826 0.70710440
vn -0.57734700 0.57734830 0.57735560
vn -0.70710380 -0.00276826 0.70710430
vn -0.57734860 -0.57735540 0.57734680
vn -0.70708470 -0.70710060 -0.00630977
vn -0.57734840 -0.57735260 -0.57734980
vn -0.70710120 -0.00373558 -0.70710250
vn -0.99994110 -0.00552551 -0.00933999
vn -0.70708470 -0.70710060 0.00630974
vn -0.99994110 0.00552551 -0.00934000
vn -0.70710120 0.00373556 -0.70710250
vn -0.99994110 -0.00552551 0.00933999
vn -0.70709480 0.70709040 -0.00631043
vn -0.57734870 0.57734830 -0.57735380
vn -0.99994110 0.00552551 0.00933999
vn -0.70709480 0.70709040 0.00631053
vn -0.70710360 0.00373560 0.70710000
vn -0.57735010 0.57734600 0.57735470
vn -0.70710360 -0.00373560 0.70710000
vn -0.57734950 -0.57735530 0.57734600
vn -0.70710480 -0.00276825 0.70710330
vn -0.57734940 -0.57735370 0.57734780
vn -0.70709040 -0.70709500 0.00630949
vn -0.99994790 -0.00409834 0.00935059
vn -0.70710480 0.00276824 0.70710320
vn -0.99994790 -0.00409833 -0.00935075
vn -0.70709040 -0.70709500 -0.00630957
vn -0.99994790 0.00409834 0.00935059
vn -0.70710460 -0.00276815 -0.70710360
vn -0.57734910 -0.57734810 -0.57735370
vn -0.99994790 0.00409833 -0.00935075
vn -0.70710460 0.00276815 -0.70710350
vn -0.70709700 0.70708830 -0.00631020
vn -0.57735050 0.57734540 -0.57735500
vn -0.70709710 0.70708830 0.00631019
vn -0.57734760 0.57734630 0.57735690
vn -0.70691000 -0.02358235 0.70691030
vn -0.57735000 -0.57735360 0.57734720
vn -0.70710750 -0.70710360 0.00183596
vn -0.99940440 -0.03440498 0.00266190
vn -0.70691010 0.02358227 0.70691020
vn -0.99940440 -0.03440497 -0.00266190
vn -0.70710640 -0.70710470 -0.00183592
vn -0.99940440 0.03440498 0.00266190
vn -0.70691000 -0.02358195 -0.70691030
vn -0.57735510 -0.57735060 -0.57734500
vn -0.99940440 0.03440497 -0.00266190
vn -0.70691020 0.02358204 -0.70691010
vn -0.70710640 0.70710470 -0.00183593
vn -0.57735660 0.57735390 -0.57734030
vn -0.70710750 0.70710360 0.00183592
vn -0.57735230 0.57735560 0.57734290
vn -0.14696280 -0.69943070 0.69942740
vn 0.00000000 -0.70710850 0.70710500
vn 0.00000000 -0.99998800 0.00490360
vn -0.19012400 -0.98175190 0.00403990
vn -0.70710470 -0.70710120 0.00328804
vn -0.57735070 -0.57734980 0.57735030
vn -0.70710410 -0.70710180 -0.00328797
vn -0.19012380 -0.98175190 -0.00403986
vn 0.00000000 -0.99998800 -0.00490362
vn 0.00000000 -0.70710830 -0.70710520
vn -0.14696200 -0.69943080 -0.69942750
vn -0.57735370 -0.57735180 -0.57734530
vn -0.14696360 0.69942890 0.69942900
vn 0.00000000 0.70710570 0.70710780
vn 0.00000000 0.00594083 0.99998240
vn -0.19002390 0.00489598 0.98176720
vn -0.70710110 0.00398610 0.70710110
vn -0.57735150 0.57734890 0.57735040
vn -0.70710110 -0.00398609 0.70710110
vn -0.19002380 -0.00489597 0.98176740
vn 0.00000000 -0.00594083 0.99998240
vn 0.00000000 -0.70710850 0.70710500
vn -0.14696280 -0.69943070 0.69942740
vn -0.57735070 -0.57734980 0.57735030
vn -0.14696280 0.69942900 -0.69942900
vn 0.00000000 0.70710610 -0.70710740
vn 0.00000000 0.99998800 -0.00490362
vn -0.19012380 0.98175190 -0.00403984
vn -0.70710580 0.70710000 -0.00328795
vn -0.57735560 0.57734900 -0.57734610
vn -0.70710640 0.70709940 0.00328798
vn -0.19012400 0.98175190 0.00403990
vn 0.00000000 0.99998800 0.00490373
vn 0.00000000 0.70710570 0.70710780
vn -0.14696360 0.69942890 0.69942900
vn -0.57735150 0.57734890 0.57735040
vn -0.14696200 -0.69943080 -0.69942750
vn 0.00000000 -0.70710830 -0.70710520
vn 0.00000000 -0.00594059 -0.99998240
vn -0.19001990 -0.00489583 -0.98176800
vn -0.70710490 -0.00398608 -0.70709730
vn -0.57735370 -0.57735180 -0.57734530
vn -0.70710490 0.00398608 -0.70709730
vn -0.19001990 0.00489581 -0.98176800
vn 0.00000000 0.00594056 -0.99998240
vn 0.00000000 0.70710610 -0.70710740
vn -0.14696280 0.69942900 -0.69942900
vn -0.57735560 0.57734900 -0.57734610
vn -0.70710110 -0.00398609 0.70710110
vn -0.57735070 -0.57734980 0.57735030
vn -0.70710470 -0.70710120 0.00328804
vn -0.99997070 -0.00591652 0.00487942
vn -0.70710110 0.00398610 0.70710110
vn -0.99997070 -0.00591654 -0.00487946
vn -0.70710410 -0.70710180 -0.00328797
vn -0.99997070 0.00591653 0.00487942
vn -0.70710490 -0.00398608 -0.70709730
vn -0.57735370 -0.57735180 -0.57734530
vn -0.99997070 0.00591654 -0.00487946
vn -0.70710490 0.00398608 -0.70709730
vn -0.70710580 0.70710000 -0.00328795
vn -0.57735560 0.57734900 -0.57734610
vn -0.70710640 0.70709940 0.00328798
vn -0.57735150 0.57734890 0.57735040
vn -0.74155040 -0.66774130 0.06499626
vn -0.74406970 -0.66810210 0.00000132
vn -0.99999630 -0.00270787 0.00000290
vn -0.99629270 -0.00248925 0.08599287
vn -0.74404310 -0.00191622 0.66812880
vn -0.62004290 -0.55477370 0.55477290
vn -0.74404310 0.00191622 0.66812880
vn -0.99629270 0.00248925 0.08599287
vn -0.99999630 0.00270787 0.00000290
vn -0.74407660 0.66809440 0.00000244
vn -0.74155660 0.66773410 0.06499907
vn -0.62004350 0.55476830 0.55477770
vn 0.74155380 -0.66773760 0.06499563
vn 0.74407360 -0.66809770 -0.00000020
vn 0.02182134 -0.99976190 0.00000000
vn 0.02000444 -0.99531910 0.09455039
vn 0.01465914 -0.70703170 0.70702990
vn 0.62004390 -0.55477100 0.55477430
vn -0.01465913 -0.70703110 0.70703060
vn -0.02000440 -0.99531910 0.09455026
vn -0.02182149 -0.99976190 0.00000000
vn -0.74406970 -0.66810210 0.00000132
vn -0.74155040 -0.66774130 0.06499626
vn -0.62004290 -0.55477370 0.55477290
vn -0.74155660 0.66773410 0.06499907
vn -0.74407660 0.66809440 0.00000244
vn -0.02182304 0.99976190 -0.00000600
vn -0.02000571 0.99531860 0.09455523
vn -0.01465930 0.70702050 0.70704110
vn -0.62004350 0.55476830 0.55477770
vn 0.01465939 0.70702110 0.70704050
vn 0.02000570 0.99531860 0.09455533
vn 0.02182284 0.99976190 -0.00000613
vn 0.74408030 0.66809020 0.00000059
vn 0.74155970 0.66773070 0.06499812
vn 0.62004440 0.55476540 0.55477950
vn 0.74155970 0.66773070 0.06499812
vn 0.74408030 0.66809020 0.00000059
vn 0.99999630 0.00270781 0.00000145
vn 0.99629270 0.00248921 0.08599231
vn 0.74404260 0.00191621 0.66812960
vn 0.62004440 0.55476540 0.55477950
vn 0.74404260 -0.00191621 0.66812960
vn 0.99629270 -0.00248921 0.08599231
vn 0.99999630 -0.00270781 0.00000145
vn 0.74407360 -0.66809770 -0.00000020
vn 0.74155380 -0.66773760 0.06499563
vn 0.62004390 -0.55477100 0.55477430
vn 0.74155620 0.66773470 0.06499661
vn 0.74407690 0.66809390 -0.00000158
vn 0.99999630 0.00270785 -0.00000146
vn 0.99629280 0.00248923 0.08599148
vn 0.74404000 0.00191624 0.66813230
vn 0.62004230 0.55477080 0.55477650
vn 0.74404000 -0.00191623 0.66813230
vn 0.99629280 -0.00248924 0.08599149
vn 0.99999630 -0.00270785 -0.00000145
vn 0.74407030 -0.66810140 -0.00000053
vn 0.74155010 -0.66774170 0.06499617
vn 0.62003840 -0.55477410 0.55477750
vn -0.01465913 -0.70703110 0.70703060
vn -0.62004290 -0.55477370 0.55477290
vn -0.74404310 -0.00191622 0.66812880
vn -0.02176740 -0.00296508 0.99975870
vn 0.01465914 -0.70703170 0.70702990
vn -0.02176740 0.00296508 0.99975870
vn -0.74404310 0.00191622 0.66812880
vn 0.02176740 -0.00296509 0.99975870
vn -0.01465930 0.70702050 0.70704110
vn -0.62004350 0.55476830 0.55477770
vn 0.02176740 0.00296509 0.99975870
vn 0.01465939 0.70702110 0.70704050
vn 0.74404260 0.00191621 0.66812960
vn 0.62004440 0.55476540 0.55477950
vn 0.74404260 -0.00191621 0.66812960
vn 0.62004390 -0.55477100 0.55477430
vn 0.34698590 -0.66236170 -0.66398610
vn 0.69902090 -0.71248160 -0.06115463
vn 0.57041660 -0.58076030 -0.58081180
vn 0.39943080 -0.91545340 -0.04899222
vn 0.73669550 -0.67583210 0.02303797
vn 0.41032050 -0.91162160 0.02414893
vn 0.40163040 -0.87515560 0.26980690
vn 0.56459330 -0.78919010 0.24168870
vn 0.73477980 -0.53451230 0.41760670
vn 0.41966550 -0.70996330 0.56553780
vn 0.71171810 -0.55085190 0.43591230
vn 0.40561880 -0.71671590 0.56726680
vn 0.72101950 -0.61001990 0.32864350
vn 0.37695590 -0.81473070 0.44058850
vn 0.70991490 -0.66049980 0.24446050
vn 0.37327220 -0.87095660 0.31953470
vn 0.70233550 -0.65935500 0.26828300
vn 0.37292850 -0.85795350 0.35332710
vn 0.38554300 -0.54167050 0.74696030
vn 0.58468680 -0.52190260 0.62109500
vn 0.70149270 -0.01660950 -0.71248310
vn 0.34698590 -0.66236170 -0.66398610
vn 0.57041660 -0.58076030 -0.58081180
vn 0.37386110 -0.01514515 -0.92736110
vn 0.37386400 0.01509345 -0.92736070
vn 0.70148680 0.01664425 -0.71248810
vn 0.34727290 0.66309970 -0.66309910
vn 0.57042590 0.58078130 -0.58078180
vn 0.70149590 0.71249320 -0.01602779
vn 0.34727290 0.66309970 -0.66309910
vn 0.57042590 0.58078130 -0.58078180
vn 0.37392640 0.92734450 -0.01453457
vn 0.37392920 0.92734310 0.01454881
vn 0.70149580 0.71249380 0.01601084
vn 0.34736770 0.66316570 0.66298320
vn 0.57054840 0.58085180 0.58059080
vn 0.69924020 0.03055168 0.71423360
vn 0.34736770 0.66316570 0.66298320
vn 0.57054840 0.58085180 0.58059080
vn 0.37356950 0.02750391 0.92719440
vn 0.37778670 -0.02550040 0.92554130
vn 0.71515510 -0.03124571 0.69826700
vn 0.38554300 -0.54167050 0.74696030
vn 0.58468680 -0.52190260 0.62109500
vn 0.69902090 -0.71248160 -0.06115463
vn 0.70149270 -0.01660950 -0.71248310
vn 0.57041660 -0.58076030 -0.58081180
vn 0.99695060 -0.01879195 -0.07573877
vn 0.99531570 0.06964552 -0.06705301
vn 0.70148680 0.01664425 -0.71248810
vn 0.73669550 -0.67583210 0.02303797
vn 0.70149590 0.71249320 -0.01602779
vn 0.57042590 0.58078130 -0.58078180
vn 0.99778770 0.05865450 0.03129298
vn 0.70149580 0.71249380 0.01601084
vn 0.69924020 0.03055168 0.71423360
vn 0.57054840 0.58085180 0.58059080
vn 0.99941460 -0.01222486 0.03195311
vn 0.71515510 -0.03124571 0.69826700
vn 0.70233550 -0.65935500 0.26828300
vn 0.58468680 -0.52190260 0.62109500
vn 0.99983140 -0.01718486 0.00646945
vn 0.70991490 -0.66049980 0.24446050
vn 0.99905340 -0.03837785 0.02047828
vn 0.72101950 -0.61001990 0.32864350
vn 0.99956380 -0.02317567 0.01830506
vn 0.71171810 -0.55085190 0.43591230
vn 0.99969270 -0.02275221 0.00983909
vn 0.73477980 -0.53451230 0.41760670
vn 0.56459330 -0.78919010 0.24168870
vn 0.00000000 -1.00000000 0.00000000
vn 0.00000000 -1.00000000 0.00000000
vn 0.00000000 -1.00000000 0.00000000
vn 0.00000000 -1.00000000 0.00000000
vn 0.00000000 -1.00000000 0.00000000
vn 0.00000000 -1.00000000 0.00000000
vn 0.00000000 0.00000714 1.00000000
vn 0.00000000 0.24203470 0.97026770
vn 0.00000000 0.00000714 1.00000000
vn 0.00000000 0.24203460 0.97026770
vn 0.00000000 0.24203470 0.97026770
vn 0.00000000 0.00000714 1.00000000
vn 0.00000000 0.31560080 0.94889220
vn 0.00000000 0.31560070 0.94889220
vn 0.00000000 0.31560080 0.94889220
vn 0.00000000 0.00000595 1.00000000
vn 0.00000000 0.00000595 1.00000000
vn 0.00000000 0.00000595 1.00000000
vn 0.00000000 0.00000000 -1.00000000
vn 0.00000000 0.00000000 -1.00000000
vn 0.00000000 0.00000000 -1.00000000
vn 0.00000000 0.00000000 -1.00000000
vn 0.00000000 0.00000000 -1.00000000
vn 0.00000000 0.00000000 -1.00000000
vn 0.00000000 0.00000000 -1.00000000
vn 0.00000000 0.00000000 -1.00000000
vn 0.00000000 0.00000000 -1.00000000
vn 0.00000000 0.00000000 -1.00000000
vn -0.00000016 0.00000000 -1.00000000
vn -0.00000031 0.00000000 -1.00000000
vn 0.00000000 0.00000011 -1.00000000
vn -0.00000034 0.00000000 -1.00000000
vn -0.00000017 0.00000000 -1.00000000
vn 0.00000037 0.00000000 1.00000000
vn 0.00000042 0.00000000 1.00000000
vn 0.00000042 0.00000000 1.00000000
vn 0.00000000 0.00000014 1.00000000
vn 0.00000036 0.00000000 1.00000000
vn 0.00000000 0.00000014 1.00000000
vn 0.00000000 -0.00000014 1.00000000
vn 0.00000000 -0.00000014 1.00000000
vn -0.00000061 -0.00000011 1.00000000
vn -0.00000071 0.00000000 1.00000000
vn -0.00000063 0.00000011 1.00000000
vn -0.00000071 0.00000000 1.00000000
vn -0.00025716 -0.99978490 0.02074082
vn -0.00893162 -0.71855320 0.69541480
vn 0.00893153 -0.71856330 0.69540430
vn -0.01630214 -0.99946240 0.02844507
vn -0.35416120 -0.70432350 0.61522220
vn 0.00025716 -0.99978490 0.02074023
vn 0.35417910 -0.70430640 0.61523150
vn 0.01630196 -0.99946240 0.02844655
vn 0.61598040 -0.70293800 0.35559280
vn -0.04761463 -0.99848750 0.02748601
vn -0.61594670 -0.70296970 0.35558880
vn -0.19709180 -0.98038510 -0.00000352
vn -0.71120330 -0.70298640 -0.00000312
vn -0.04761468 -0.99848750 -0.02748849
vn -0.61594260 -0.70298060 -0.35557430
vn -0.01630171 -0.99946240 -0.02844614
vn -0.35414950 -0.70434160 -0.61520810
vn -0.00025713 -0.99978490 -0.02074265
vn -0.00893050 -0.71855490 -0.69541290
vn 0.00025713 -0.99978490 -0.02074264
vn 0.00893154 -0.71856680 -0.69540060
vn 0.01630164 -0.99946240 -0.02844431
vn 0.35416430 -0.70432200 -0.61522200
vn 0.04761173 -0.99848760 0.02748730
vn 0.71123010 -0.70295920 0.00000304
vn 0.04761218 -0.99848770 -0.02748574
vn 0.61597230 -0.70295530 -0.35557280
vn 0.19707680 -0.98038800 0.00000364
vn 0.01448453 -0.99978550 0.01481017
vn 0.48602500 -0.71856830 0.49743280
vn 0.49744690 -0.71857520 0.48600030
vn 0.00858553 -0.99946280 0.03162850
vn 0.18460250 -0.70431260 0.68546750
vn 0.01481304 -0.99978540 0.01448207
vn 0.68548230 -0.70429880 0.18459980
vn 0.03164069 -0.99946240 0.00858467
vn 0.68700120 -0.70294110 -0.18412840
vn -0.01423328 -0.99848750 0.05310468
vn -0.18410050 -0.70296530 0.68698400
vn -0.13936840 -0.98038270 0.13937830
vn -0.50289270 -0.70298250 0.50290600
vn -0.05310406 -0.99848750 0.01423399
vn -0.68696620 -0.70297930 0.18411270
vn -0.03164044 -0.99946240 -0.00859485
vn -0.68543910 -0.70434150 -0.18459790
vn -0.01481313 -0.99978540 -0.01448505
vn -0.49743500 -0.71856620 -0.48602560
vn -0.01448491 -0.99978540 -0.01481342
vn -0.48600450 -0.71857270 -0.49744640
vn -0.00858647 -0.99946240 -0.03163951
vn -0.18459570 -0.70432650 -0.68545510
vn 0.05310245 -0.99848760 -0.01423421
vn 0.50291430 -0.70296370 -0.50291080
vn 0.01423185 -0.99848770 -0.05310029
vn 0.18412630 -0.70295290 -0.68698950
vn 0.13935480 -0.98038790 -0.13935470
vn -0.01481310 -0.99978540 0.01448336
vn -0.49744760 -0.71856650 0.48601250
vn -0.48601640 -0.71857180 0.49743590
vn -0.03164002 -0.99946250 0.00857698
vn -0.68546390 -0.70431630 0.18460150
vn -0.01448458 -0.99978540 0.01481225
vn -0.18460740 -0.70430910 0.68546980
vn -0.00858606 -0.99946250 0.03163715
vn 0.18412060 -0.70294790 0.68699630
vn -0.05310332 -0.99848770 -0.01422254
vn -0.68697800 -0.70297090 -0.18410080
vn -0.13936670 -0.98038460 -0.13936640
vn -0.50289550 -0.70298900 -0.50289420
vn -0.01423367 -0.99848810 -0.05309441
vn -0.18410790 -0.70298180 -0.68696500
vn 0.00858598 -0.99946220 -0.03164774
vn 0.18460710 -0.70433550 -0.68544270
vn 0.01448453 -0.99978540 -0.01481317
vn 0.48600570 -0.71855340 -0.49747320
vn 0.01481329 -0.99978540 -0.01448459
vn 0.49742710 -0.71855960 -0.48604370
vn 0.03164044 -0.99946240 -0.00858589
vn 0.68545980 -0.70432050 -0.18460090
vn 0.01423046 -0.99848780 0.05309997
vn 0.50291120 -0.70296000 0.50291910
vn 0.05310290 -0.99848760 0.01423145
vn 0.68699280 -0.70295160 0.18411930
vn 0.13935430 -0.98039190 0.13932800
vn -0.02071678 -0.99978540 -0.00023224
vn -0.69541870 -0.71855950 -0.00807967
vn -0.69540880 -0.71856900 0.00807950
vn -0.02844398 -0.99946250 -0.01629638
vn -0.61523300 -0.70431870 -0.35415210
vn -0.02071628 -0.99978540 0.00023195
vn -0.61524070 -0.70430100 0.35417370
vn -0.02844466 -0.99946270 0.01629091
vn -0.35559330 -0.70293810 0.61598000
vn -0.02748567 -0.99848850 -0.04759311
vn -0.35559100 -0.70296320 -0.61595270
vn -0.00000024 -0.98038410 -0.19709690
vn 0.00000064 -0.70297810 -0.71121150
vn 0.02748590 -0.99848870 -0.04759099
vn 0.35557300 -0.70298510 -0.61593810
vn 0.02844441 -0.99946250 -0.01629625
vn 0.61521770 -0.70434240 -0.35413120
vn 0.02071671 -0.99978540 -0.00023221
vn 0.69541720 -0.71856090 -0.00807913
vn 0.02071687 -0.99978540 0.00023194
vn 0.69540510 -0.71857260 0.00807964
vn 0.02844474 -0.99946250 0.01629540
vn 0.61522250 -0.70431440 0.35417850
vn -0.02748621 -0.99848770 0.04761061
vn -0.00000055 -0.70296370 0.71122580
vn 0.02748603 -0.99848750 0.04761682
vn 0.35557880 -0.70294800 0.61597720
vn -0.00000020 -0.98038760 0.19707900
vn -0.00016287 0.99978690 -0.02064582
vn -0.00569052 0.71856580 -0.69543560
vn 0.00569021 0.71857440 -0.69542680
vn -0.01629800 0.99946270 -0.02843753
vn -0.35415600 0.70432000 -0.61522910
vn 0.00016287 0.99978690 -0.02064481
vn 0.35418250 0.70430990 -0.61522550
vn 0.01629812 0.99946270 -0.02843751
vn 0.61597570 0.70294330 -0.35559060
vn -0.04760165 0.99848830 -0.02748180
vn -0.61593250 0.70298950 -0.35557430
vn -0.19703200 0.98039700 0.00000225
vn -0.71117630 0.70301370 0.00000139
vn -0.04760362 0.99848830 0.02747753
vn -0.61594080 0.70298560 0.35556750
vn -0.01629800 0.99946280 0.02843674
vn -0.35413600 0.70432950 0.61522970
vn -0.00016283 0.99978690 0.02064141
vn -0.00568994 0.71857270 0.69542860
vn 0.00016285 0.99978700 0.02063974
vn 0.00568946 0.71858720 0.69541360
vn 0.01629777 0.99946270 0.02843793
vn 0.35415580 0.70431060 0.61524000
vn 0.04759948 0.99848840 -0.02747929
vn 0.71122930 0.70296010 -0.00000495
vn 0.04760055 0.99848840 0.02747884
vn 0.61597480 0.70295030 0.35557850
vn 0.19702620 0.98039820 -0.00000106
vn -0.00016286 0.99978680 -0.02064648
vn -0.00569004 0.71856740 -0.69543400
vn 0.00568995 0.71856950 -0.69543180
vn -0.01629845 0.99946280 -0.02843537
vn -0.35417000 0.70429440 -0.61525030
vn 0.00016287 0.99978680 -0.02064626
vn 0.35418030 0.70429750 -0.61524070
vn 0.01629795 0.99946270 -0.02843980
vn 0.61597850 0.70294340 -0.35558550
vn -0.04760200 0.99848840 -0.02747686
vn -0.61596300 0.70295620 -0.35558740
vn -0.19704070 0.98039530 0.00000357
vn -0.71119110 0.70299880 0.00000446
vn -0.04760256 0.99848830 0.02747746
vn -0.61594260 0.70298290 0.35556970
vn -0.01629770 0.99946280 0.02843543
vn -0.35414600 0.70433100 0.61522220
vn -0.00016284 0.99978690 0.02064264
vn -0.00568953 0.71859230 0.69540820
vn 0.00016285 0.99978690 0.02064180
vn 0.00568960 0.71860480 0.69539540
vn 0.01629761 0.99946270 0.02843934
vn 0.35415910 0.70430900 0.61524000
vn 0.04759987 0.99848830 -0.02748242
vn 0.71122340 0.70296610 0.00000215
vn 0.04760013 0.99848840 0.02747867
vn 0.61597480 0.70294590 0.35558690
vn 0.19702630 0.98039820 0.00000149
vn -0.00016286 0.99978700 -0.02064020
vn -0.00568957 0.71855210 -0.69544990
vn 0.00569055 0.71856800 -0.69543340
vn -0.01629810 0.99946280 -0.02843664
vn -0.35415660 0.70431140 -0.61523880
vn 0.00016286 0.99978690 -0.02064038
vn 0.35417010 0.70428540 -0.61526050
vn 0.01629842 0.99946270 -0.02843836
vn 0.61597620 0.70293490 -0.35560650
vn -0.04760281 0.99848840 -0.02747596
vn -0.61595370 0.70296450 -0.35558660
vn -0.19703070 0.98039730 0.00000110
vn -0.71120490 0.70298490 -0.00000708
vn -0.04760212 0.99848830 0.02747980
vn -0.61595360 0.70297680 0.35556260
vn -0.01629813 0.99946280 0.02843597
vn -0.35413820 0.70432470 0.61523410
vn -0.00016284 0.99978690 0.02064570
vn -0.00568946 0.71857170 0.69542960
vn 0.00016285 0.99978690 0.02064480
vn 0.00568999 0.71859410 0.69540640
vn 0.01629760 0.99946270 0.02843782
vn 0.35415870 0.70430660 0.61524280
vn 0.04760005 0.99848840 -0.02748077
vn 0.71123070 0.70295860 -0.00000397
vn 0.04760101 0.99848830 0.02748197
vn 0.61597280 0.70295340 0.35557580
vn 0.19702670 0.98039810 -0.00000382
vn 0.00025716 -0.99978490 0.02074229
vn -0.00025716 -0.99978490 0.02074199
vn -0.00893164 -0.71856080 0.69540690
vn 0.00893148 -0.71855270 0.69541520
vn -0.35418320 -0.70431490 0.61521920
vn -0.01630194 -0.99946240 0.02844567
vn -0.61597900 -0.70294350 0.35558470
vn -0.00025713 -0.99978490 -0.02074253
vn -0.04761177 -0.99848770 0.02748540
vn -0.71122810 -0.70296110 0.00000000
vn 0.01630201 -0.99946250 0.02844292
vn 0.35416540 -0.70433120 0.61521090
vn -0.01630165 -0.99946240 -0.02844368
vn -0.19707550 -0.98038830 0.00000000
vn -0.61597200 -0.70295680 -0.35557010
vn -0.04761235 -0.99848770 -0.02748534
vn -0.35416470 -0.70431990 -0.61522410
vn -0.00893127 -0.71856080 -0.69540680
vn 0.00893058 -0.71855110 -0.69541670
vn 0.00025713 -0.99978490 -0.02074230
vn 0.35415120 -0.70434680 -0.61520110
vn 0.01630176 -0.99946250 -0.02844327
vn 0.61594160 -0.70298520 -0.35556670
vn 0.04761461 -0.99848760 -0.02748536
vn 0.71120170 -0.70298810 -0.00000329
vn 0.04761424 -0.99848760 0.02748513
vn 0.61594880 -0.70297050 0.35558350
vn 0.19709230 -0.98038490 0.00000000
vn -0.01448472 -0.99978540 0.01481398
vn -0.01481305 -0.99978540 0.01448497
vn -0.49744870 -0.71856650 0.48601140
vn -0.48602770 -0.71855830 0.49744460
vn -0.68548420 -0.70429850 0.18459410
vn -0.03164062 -0.99946250 0.00857654
vn -0.68700360 -0.70294050 -0.18412190
vn 0.01448491 -0.99978540 -0.01481195
vn -0.05310238 -0.99848760 -0.01423701
vn -0.50291570 -0.70296610 -0.50290610
vn -0.00858531 -0.99946240 0.03164058
vn -0.18460850 -0.70431530 0.68546300
vn 0.00858648 -0.99946220 -0.03164846
vn -0.13935540 -0.98039170 -0.13932730
vn -0.18412630 -0.70295330 -0.68698910
vn -0.01423187 -0.99848760 -0.05310420
vn 0.18459380 -0.70432050 -0.68546170
vn 0.48600080 -0.71856990 -0.49745400
vn 0.49743070 -0.71856520 -0.48603170
vn 0.01481307 -0.99978540 -0.01448280
vn 0.68543910 -0.70434090 -0.18460010
vn 0.03164033 -0.99946240 -0.00858402
vn 0.68696620 -0.70298100 0.18410660
vn 0.05310367 -0.99848750 0.01423684
vn 0.50289130 -0.70298280 0.50290700
vn 0.01423315 -0.99848720 0.05310945
vn 0.18409950 -0.70296010 0.68698950
vn 0.13936480 -0.98038770 0.13934640
vn -0.02071664 -0.99978540 0.00023243
vn -0.02071630 -0.99978540 -0.00023254
vn -0.69542710 -0.71855130 -0.00808044
vn -0.69543470 -0.71854390 0.00808020
vn -0.61525200 -0.70427750 -0.35420080
vn -0.02844459 -0.99946230 -0.01630872
vn -0.35560110 -0.70291210 -0.61600520
vn 0.02071704 -0.99978540 -0.00023243
vn -0.02748616 -0.99848780 -0.04760835
vn -0.00000141 -0.70294240 -0.71124670
vn -0.02844396 -0.99946250 0.01629972
vn -0.61524790 -0.70429940 0.35416420
vn 0.02844471 -0.99946230 -0.01630700
vn 0.00000000 -0.98039050 -0.19706460
vn 0.35558850 -0.70293730 -0.61598370
vn 0.02748607 -0.99848780 -0.04760835
vn 0.61524300 -0.70430200 -0.35416790
vn 0.69542520 -0.71855310 -0.00807960
vn 0.69543510 -0.71854340 0.00807891
vn 0.02071655 -0.99978540 0.00023240
vn 0.61523390 -0.70432120 0.35414510
vn 0.02844429 -0.99946240 0.01630159
vn 0.35558340 -0.70296900 0.61595050
vn 0.02748542 -0.99848840 0.04759605
vn 0.00000064 -0.70296100 0.71122830
vn -0.02748526 -0.99848840 0.04759605
vn -0.35559970 -0.70294510 0.61596840
vn 0.00000000 -0.98038470 0.19709350
vn 0.01481308 -0.99978540 0.01448357
vn 0.01448454 -0.99978540 0.01481234
vn 0.48601530 -0.71856130 0.49745240
vn 0.49744660 -0.71855630 0.48602840
vn 0.18460270 -0.70429580 0.68548480
vn 0.00858602 -0.99946230 0.03164466
vn -0.18412300 -0.70294180 0.68700180
vn -0.01481325 -0.99978540 -0.01448646
vn -0.01423054 -0.99848760 0.05310355
vn -0.50291510 -0.70296280 0.50291120
vn 0.03163973 -0.99946240 0.00858500
vn 0.68546830 -0.70431200 0.18460130
vn -0.03164044 -0.99946250 -0.00857841
vn -0.13935440 -0.98039130 0.13933150
vn -0.68699330 -0.70295180 0.18411640
vn -0.05310282 -0.99848760 0.01423670
vn -0.68545990 -0.70432130 -0.18459770
vn -0.49743460 -0.71857370 -0.48601500
vn -0.48601370 -0.71856670 -0.49744620
vn -0.01448448 -0.99978540 -0.01481494
vn -0.18459790 -0.70433670 -0.68544390
vn -0.00858596 -0.99946240 -0.03163990
vn 0.18411130 -0.70298180 -0.68696410
vn 0.01423359 -0.99848760 -0.05310202
vn 0.50289670 -0.70298250 -0.50290210
vn 0.05310335 -0.99848760 -0.01423348
vn 0.68697970 -0.70296610 -0.18411320
vn 0.13936690 -0.98038370 -0.13937220
vn 0.00016288 0.99978690 -0.02064311
vn -0.00016288 0.99978690 -0.02064321
vn -0.00569014 0.71856700 -0.69543460
vn 0.00568943 0.71855850 -0.69544320
vn -0.35417870 0.70429780 -0.61524140
vn -0.01629807 0.99946280 -0.02843608
vn -0.61597750 0.70293760 -0.35559860
vn -0.00016284 0.99978690 0.02064228
vn -0.04759905 0.99848840 -0.02748096
vn -0.71123630 0.70295300 -0.00000010
vn 0.01629818 0.99946280 -0.02843635
vn 0.35415130 0.70431920 -0.61523280
vn -0.01629767 0.99946270 0.02843882
vn -0.19702310 0.98039880 0.00000590
vn -0.61597140 0.70295230 0.35558030
vn -0.04759986 0.99848830 0.02748212
vn -0.35415540 0.70432050 0.61522870
vn -0.00568984 0.71859700 0.69540350
vn 0.00568840 0.71858610 0.69541470
vn 0.00016286 0.99978690 0.02064085
vn 0.35413280 0.70434460 0.61521420
vn 0.01629829 0.99946280 0.02843486
vn 0.61593690 0.70299210 0.35556110
vn 0.04760335 0.99848820 0.02747971
vn 0.71118980 0.70300010 -0.00000543
vn 0.04760218 0.99848830 -0.02747962
vn 0.61593780 0.70298150 -0.35558070
vn 0.19704400 0.98039460 0.00000129
vn 0.00016287 0.99978690 -0.02064301
vn -0.00016287 0.99978690 -0.02064319
vn -0.00568994 0.71858570 -0.69541520
vn 0.00568916 0.71857750 -0.69542350
vn -0.35418070 0.70428950 -0.61524980
vn -0.01629818 0.99946280 -0.02843634
vn -0.61598260 0.70293060 -0.35560370
vn -0.00016284 0.99978690 0.02064229
vn -0.04759984 0.99848840 -0.02748099
vn -0.71123460 0.70295460 0.00000717
vn 0.01629840 0.99946270 -0.02843731
vn 0.35415290 0.70430790 -0.61524470
vn -0.01629745 0.99946270 0.02843903
vn -0.19702760 0.98039790 0.00000315
vn -0.61597420 0.70294580 0.35558820
vn -0.04760084 0.99848830 0.02748243
vn -0.35416150 0.70431110 0.61523620
vn -0.00569016 0.71860400 0.69539620
vn 0.00568842 0.71859280 0.69540790
vn 0.00016286 0.99978690 0.02064094
vn 0.35413590 0.70434550 0.61521150
vn 0.01629813 0.99946280 0.02843489
vn 0.61593440 0.70299180 0.35556640
vn 0.04760284 0.99848830 0.02747903
vn 0.71119610 0.70299370 -0.00000019
vn 0.04760248 0.99848830 -0.02747850
vn 0.61594350 0.70297040 -0.35559300
vn 0.19704260 0.98039490 -0.00000039
vn 0.00016286 0.99978690 -0.02064507
vn -0.00016287 0.99978690 -0.02064472
vn -0.00569016 0.71857110 -0.69543020
vn 0.00568982 0.71855920 -0.69544250
vn -0.35417280 0.70428660 -0.61525780
vn -0.01629825 0.99946280 -0.02843600
vn -0.61598320 0.70293620 -0.35559160
vn -0.00016285 0.99978690 0.02064051
vn -0.04760122 0.99848830 -0.02747940
vn -0.71123480 0.70295450 0.00000431
vn 0.01629835 0.99946270 -0.02843725
vn 0.35415900 0.70431120 -0.61523750
vn -0.01629778 0.99946270 0.02843907
vn -0.19702950 0.98039760 0.00000241
vn -0.61597900 0.70294840 0.35557480
vn -0.04760136 0.99848830 0.02748040
vn -0.35416150 0.70431040 0.61523710
vn -0.00568967 0.71858200 0.69541900
vn 0.00568907 0.71856120 0.69544050
vn 0.00016284 0.99978690 0.02064097
vn 0.35414280 0.70432660 0.61522920
vn 0.01629841 0.99946270 0.02843804
vn 0.61593440 0.70298210 0.35558540
vn 0.04760310 0.99848820 0.02748009
vn 0.71119490 0.70299490 -0.00000016
vn 0.04760197 0.99848830 -0.02747945
vn 0.61593710 0.70297190 -0.35560080
vn 0.19703940 0.98039560 -0.00000036
vt 10.48993000 0.95988500
vt 10.49681000 0.96352060
vt 10.49681000 0.95988500
vt 10.48993000 0.96352060
vt 10.49681000 0.99363850
vt 10.48630000 0.96352060
vt 10.48696000 0.96055290
vt 10.48630000 0.99363850
vt 10.48993000 0.99363850
vt 10.49681000 0.99727490
vt 10.48993000 0.99727490
vt 10.48696000 0.99660650
vt 10.13082000 0.72043100
vt 10.13766000 0.72404620
vt 10.13766000 0.72043100
vt 10.13082000 0.72404620
vt 10.13766000 0.99673580
vt 10.12721000 0.72404620
vt 10.12787000 0.72109540
vt 10.12721000 0.99673470
vt 10.13082000 0.99673580
vt 10.13766000 1.00035100
vt 10.13082000 1.00035100
vt 10.12787000 0.99968750
vt 10.26365000 0.95793100
vt 10.26365000 0.96155360
vt 10.27051000 0.96155360
vt 10.27051000 0.95793100
vt 10.27413000 0.95793100
vt 10.27346000 0.96088770
vt 10.27415000 0.89279940
vt 10.27036000 0.89301780
vt 10.26365000 0.89290790
vt 10.26365000 0.88928550
vt 10.27036000 0.88929400
vt 10.27347000 0.88970890
vt 10.06082000 0.68192710
vt 10.06815000 0.68416120
vt 10.06815000 0.68190520
vt 10.06081000 0.68424670
vt 10.06815000 0.74306030
vt 10.05667000 0.68537520
vt 10.05741000 0.68301190
vt 10.05669000 0.74421790
vt 10.06062000 0.74306030
vt 10.06815000 0.74701890
vt 10.06064000 0.74702640
vt 10.05742000 0.74702610
vt 10.05670000 0.74984900
vt 10.06815000 0.75098470
vt 10.06066000 0.75101080
vt 10.05670000 0.82013680
vt 10.06066000 0.82117310
vt 10.06815000 0.82117310
vt 10.05670000 0.85362590
vt 10.06815000 0.85425960
vt 10.06066000 0.85425960
vt 10.05670000 0.89297530
vt 10.06815000 0.89313540
vt 10.06066000 0.89313540
vt 10.05670000 0.98555290
vt 10.06066000 0.98555290
vt 10.06815000 0.98555290
vt 10.06815000 0.98951510
vt 10.06066000 0.98951510
vt 10.05742000 0.98878700
vt 10.08416000 0.99549420
vt 10.08058000 0.99907710
vt 10.08350000 0.99841850
vt 10.08058000 0.99549420
vt 10.08416000 0.91178600
vt 10.05090000 0.99549420
vt 10.05090000 0.99907710
vt 10.08058000 0.91143690
vt 10.09116000 0.87620680
vt 10.05090000 0.72528770
vt 10.08778000 0.87482430
vt 10.11110000 0.84592560
vt 10.04732000 0.99549420
vt 10.04798000 0.99841850
vt 10.04732000 0.72528880
vt 10.10830000 0.84366360
vt 10.17355000 0.78237210
vt 10.17103000 0.77982430
vt 10.05090000 0.72170510
vt 10.04798000 0.72236320
vt 10.11707000 0.72506220
vt 10.11532000 0.72188560
vt 10.12056000 0.72407530
vt 10.11837000 0.72193850
vt 10.17356000 0.77728030
vt 10.17515000 0.77981940
vt 10.50215000 0.95988510
vt 10.49527000 0.95988510
vt 10.49527000 0.96352060
vt 10.50215000 0.96352060
vt 10.49527000 0.99363900
vt 10.50579000 0.96352060
vt 10.50512000 0.96055330
vt 10.50579000 0.99363900
vt 10.50215000 0.99363900
vt 10.49527000 0.99727540
vt 10.50215000 0.99727540
vt 10.50512000 0.99660640
vt 10.17392000 1.00034400
vt 10.18076000 1.00034400
vt 10.18076000 0.99672850
vt 10.17392000 0.99672850
vt 10.18076000 0.72405340
vt 10.17030000 0.99672850
vt 10.17097000 0.99967950
vt 10.17030000 0.72405450
vt 10.17392000 0.72405340
vt 10.18076000 0.72043800
vt 10.17392000 0.72043800
vt 10.17097000 0.72110210
vt 10.28313000 0.95634140
vt 10.27628000 0.95996590
vt 10.28313000 0.95996590
vt 10.27628000 0.95634140
vt 10.27265000 0.95634140
vt 10.27332000 0.95929960
vt 10.27263000 0.89117560
vt 10.27642000 0.89139420
vt 10.28313000 0.89128450
vt 10.28313000 0.88765990
vt 10.27642000 0.88766840
vt 10.27331000 0.88808360
vt 10.06980000 0.98949300
vt 10.07713000 0.98951520
vt 10.07713000 0.98725910
vt 10.06979000 0.98717400
vt 10.07713000 0.92836010
vt 10.06565000 0.98604550
vt 10.06639000 0.98840870
vt 10.06566000 0.92720270
vt 10.06960000 0.92836010
vt 10.07713000 0.92440180
vt 10.06961000 0.92439400
vt 10.06639000 0.92439450
vt 10.06567000 0.92157170
vt 10.07713000 0.92043590
vt 10.06964000 0.92040990
vt 10.06567000 0.85128380
vt 10.06964000 0.85024760
vt 10.07713000 0.85024760
vt 10.06567000 0.81779410
vt 10.07713000 0.81716110
vt 10.06964000 0.81716110
vt 10.06567000 0.77844510
vt 10.07713000 0.77828530
vt 10.06964000 0.77828530
vt 10.06567000 0.68586740
vt 10.06964000 0.68586740
vt 10.07713000 0.68586740
vt 10.07713000 0.68190520
vt 10.06964000 0.68190520
vt 10.06640000 0.68263360
vt 10.12726000 0.72528800
vt 10.12660000 0.72236400
vt 10.12367000 0.72170540
vt 10.12367000 0.72528800
vt 10.12726000 0.80899600
vt 10.09400000 0.72528800
vt 10.09400000 0.72170540
vt 10.12367000 0.80934480
vt 10.13425000 0.84457530
vt 10.09400000 0.99549390
vt 10.13087000 0.84595790
vt 10.15420000 0.87485620
vt 10.09042000 0.72528800
vt 10.09107000 0.72236400
vt 10.09042000 0.99549310
vt 10.15140000 0.87711860
vt 10.21665000 0.93840960
vt 10.21413000 0.94095770
vt 10.09400000 0.99907680
vt 10.09107000 0.99841870
vt 10.16017000 0.99571940
vt 10.15841000 0.99889600
vt 10.16366000 0.99670620
vt 10.16147000 0.99884340
vt 10.21665000 0.94350110
vt 10.21824000 0.94096200
vt 10.46321000 1.01147300
vt 10.45373000 1.00144500
vt 10.45373000 1.01147300
vt 10.46321000 1.00144500
vt 10.46491000 1.00134500
vt 10.46491000 1.01108000
vt 10.46491000 0.80774610
vt 10.46321000 0.80764600
vt 10.45373000 0.80764600
vt 10.46491000 0.79801180
vt 10.45373000 0.79761830
vt 10.46321000 0.79761830
vt 10.52330000 0.95779770
vt 10.53364000 0.96580030
vt 10.53364000 0.95779770
vt 10.52330000 0.96580030
vt 10.53364000 0.97673410
vt 10.52146000 0.96622880
vt 10.52146000 0.95854070
vt 10.52146000 0.97673410
vt 10.52330000 0.97673410
vt 10.53364000 0.98766790
vt 10.52146000 0.98723850
vt 10.52330000 0.98766790
vt 10.53364000 0.99567050
vt 10.52146000 0.99492690
vt 10.52330000 0.99567050
vt 10.44645000 0.78849540
vt 10.45593000 0.79852360
vt 10.45593000 0.78849540
vt 10.44645000 0.79852360
vt 10.44475000 0.79862340
vt 10.44475000 0.78888880
vt 10.44475000 0.99222220
vt 10.44645000 0.99232230
vt 10.45593000 0.99232230
vt 10.44475000 1.00195700
vt 10.45593000 1.00235000
vt 10.44645000 1.00235000
vt 10.53228000 0.95779810
vt 10.54262000 0.96580060
vt 10.54262000 0.95779810
vt 10.53228000 0.96580060
vt 10.54262000 0.97673450
vt 10.53044000 0.96622920
vt 10.53044000 0.95854110
vt 10.53044000 0.97673450
vt 10.53228000 0.97673450
vt 10.54262000 0.98766770
vt 10.53044000 0.98723880
vt 10.53228000 0.98766770
vt 10.54262000 0.99567030
vt 10.53044000 0.99492780
vt 10.53228000 0.99567030
vt 10.74577000 0.86099730
vt 10.74776000 0.85015930
vt 10.74577000 0.85081520
vt 10.74776000 0.86075670
vt 10.74577000 0.87275180
vt 10.74776000 0.87299140
vt 10.74577000 0.88303710
vt 10.74776000 0.88358720
vt 10.74577000 1.06222600
vt 10.74776000 1.06294300
vt 10.75894000 0.88358720
vt 10.75894000 0.87299140
vt 10.75894000 1.06294300
vt 10.75894000 1.06905900
vt 10.74776000 1.06905900
vt 10.75894000 0.86075670
vt 10.75894000 0.85015930
vt 10.74776000 0.84404060
vt 10.75894000 0.84404060
vt 10.54287000 0.84609030
vt 10.54088000 0.84674270
vt 10.54088000 0.85687140
vt 10.54287000 0.85663290
vt 10.54088000 0.86856600
vt 10.54287000 0.86880450
vt 10.54088000 0.87879820
vt 10.54287000 0.87934550
vt 10.54088000 1.05706100
vt 10.54287000 1.05777400
vt 10.55399000 0.87934550
vt 10.55399000 1.05777400
vt 10.55399000 0.86880450
vt 10.55399000 0.85663290
vt 10.55399000 0.84609030
vt 10.54287000 0.84000260
vt 10.55399000 0.84000260
vt 10.87184000 0.97081210
vt 10.88171000 0.98017080
vt 10.88171000 0.97081210
vt 10.87184000 0.98017080
vt 10.88171000 0.99097730
vt 10.87184000 0.99097730
vt 10.87008000 0.98038250
vt 10.87008000 0.97129780
vt 10.87008000 0.99076510
vt 10.87008000 0.99975780
vt 10.87184000 1.00033700
vt 10.88884000 0.99028850
vt 10.87918000 0.97971200
vt 10.87918000 0.99028850
vt 10.88884000 0.97971200
vt 10.89057000 0.97991920
vt 10.89057000 0.97111730
vt 10.88884000 0.97055090
vt 10.89057000 0.99008130
vt 10.88884000 0.99944790
vt 10.89057000 0.99897210
vt 10.89957000 0.99010060
vt 10.89784000 0.99950920
vt 10.89957000 0.99893980
vt 10.89784000 0.99030920
vt 10.89957000 0.97989620
vt 10.89784000 0.97968790
vt 10.89957000 0.97096700
vt 10.89784000 0.97048960
vt 10.88813000 0.97968790
vt 10.88813000 0.99030920
vt 10.89878000 0.97025600
vt 10.89702000 0.97083460
vt 10.89702000 0.97981550
vt 10.89878000 0.97960390
vt 10.89702000 0.99018450
vt 10.89878000 0.99039600
vt 10.89702000 0.99925710
vt 10.89878000 0.99974270
vt 10.90864000 0.99974270
vt 10.90864000 0.99039600
vt 10.90864000 0.97960390
vt 10.53477000 1.05171000
vt 10.53477000 1.05779800
vt 10.54589000 1.05779800
vt 10.54589000 1.05171000
vt 10.53477000 1.04116500
vt 10.53278000 1.05105700
vt 10.54589000 1.04116500
vt 10.53278000 1.04092500
vt 10.53477000 1.02899000
vt 10.54589000 1.02899000
vt 10.53278000 1.02922900
vt 10.53477000 1.01844700
vt 10.54589000 1.01844700
vt 10.54589000 0.83997820
vt 10.53278000 1.01899400
vt 10.53477000 0.83997820
vt 10.53278000 0.84069170
vt 10.76397000 0.84405750
vt 10.77515000 0.85017400
vt 10.77515000 0.84405750
vt 10.76397000 0.85017400
vt 10.76397000 1.02950200
vt 10.77515000 1.02950200
vt 10.77515000 1.04009600
vt 10.76198000 1.03005200
vt 10.76198000 0.85089090
vt 10.76198000 1.04033600
vt 10.76397000 1.04009600
vt 10.77515000 1.05232900
vt 10.76198000 1.05208900
vt 10.76397000 1.05232900
vt 10.76198000 1.06226900
vt 10.77515000 1.06292500
vt 10.76397000 1.06292500
vt 10.77515000 1.06904300
vt 10.76397000 1.06904300
vt 10.36560000 0.76160980
vt 10.37519000 0.76903790
vt 10.37519000 0.76160980
vt 10.36560000 0.76903790
vt 10.37519000 0.77918430
vt 10.36388000 0.76943590
vt 10.36388000 0.76230000
vt 10.36388000 0.77928560
vt 10.36560000 0.77918430
vt 10.36388000 0.99686210
vt 10.36560000 0.99696300
vt 10.37519000 0.99696300
vt 10.36388000 1.00671200
vt 10.37519000 1.00711000
vt 10.36560000 1.00711000
vt 10.36388000 1.01384800
vt 10.37519000 1.01453800
vt 10.36560000 1.01453800
vt 10.86848000 1.00524700
vt 10.85887000 0.99508020
vt 10.85887000 1.00524700
vt 10.86848000 0.99508020
vt 10.85887000 0.98491220
vt 10.86848000 0.98491220
vt 10.87020000 0.98531130
vt 10.87020000 0.99508020
vt 10.87020000 1.00484800
vt 10.35662000 0.76161680
vt 10.36622000 0.76904480
vt 10.36622000 0.76161680
vt 10.35662000 0.76904480
vt 10.36622000 0.77919070
vt 10.35491000 0.76944260
vt 10.35491000 0.76230620
vt 10.35491000 0.77929160
vt 10.35662000 0.77919070
vt 10.35491000 0.99685570
vt 10.35662000 0.99695720
vt 10.36622000 0.99695720
vt 10.35491000 1.00670500
vt 10.36622000 1.00710300
vt 10.35662000 1.00710300
vt 10.35491000 1.01384100
vt 10.36622000 1.01453100
vt 10.35662000 1.01453100
vt 10.85248000 0.98489850
vt 10.86210000 0.99508000
vt 10.86210000 0.98489850
vt 10.85248000 0.99508000
vt 10.86210000 1.00526100
vt 10.85248000 1.00526100
vt 10.85076000 1.00486200
vt 10.85076000 0.99508000
vt 10.85076000 0.98529760
vt 10.53185000 -0.27665840
vt 10.28124000 0.83134410
vt 10.53185000 0.83134410
vt 10.28124000 -0.27665840
vt 9.66380400 0.83134410
vt 9.66380400 -0.27665840
vt 9.66380400 -0.37677440
vt 10.28124000 -0.37677440
vt 10.33119000 -0.47689040
vt 9.66380400 -0.47689040
vt 9.66380400 -0.52694840
vt 10.33119000 -0.52694840
vt 10.60393000 -0.13297500
vt 11.23475000 0.86234920
vt 11.23475000 -0.13297500
vt 10.53746000 -0.13297500
vt 10.42514000 0.86234920
vt 10.42514000 -0.13297500
vt 10.53746000 -0.13935420
vt 10.60393000 -0.13935420
vt 10.45127000 1.00224500
vt 10.45127000 0.95540710
vt 10.44478000 0.95540710
vt 10.44478000 1.00224500
vt 10.45202000 0.95583180
vt 10.45202000 1.00182000
vt 10.45840000 1.00182000
vt 10.45840000 0.95583180
vt 10.30757000 0.89007620
vt 10.30119000 0.89007620
vt 10.30119000 0.95653440
vt 10.30757000 0.95305240
vt 9.82646200 0.41006400
vt 9.82646200 0.88021900
vt 10.07708000 0.88021900
vt 10.07708000 0.41006400
vt 10.07708000 -0.06009009
vt 9.82646200 -0.06009009
vt 10.69451000 -0.06009009
vt 10.69451000 0.41006400
vt 10.69451000 0.88021900
vt 10.25643000 0.41006400
vt 10.00582000 0.88021900
vt 10.25643000 0.88021900
vt 10.00582000 0.41006400
vt 10.00582000 -0.06009009
vt 10.25643000 -0.06009009
vt 10.21564000 1.00412100
vt 10.10332000 1.05009300
vt 10.21564000 1.05009300
vt 10.10332000 0.62526280
vt 10.91292000 0.62526280
vt 10.27863000 1.00412100
vt 10.28211000 1.05009300
vt 10.91292000 1.05009300
vt 10.21564000 0.24640500
vt 10.10332000 0.20043270
vt 10.21564000 0.20043270
vt 10.28211000 0.24640500
vt 10.28211000 0.20043270
vt 10.91292000 0.20043270
vt 10.45609000 0.91381060
vt 10.03126000 -0.08151397
vt 10.03126000 0.91381060
vt 10.45609000 -0.08151397
vt 10.88092000 -0.08151397
vt 10.88092000 0.91381060
vt 11.09787000 1.05009300
vt 10.28826000 0.62526280
vt 10.28826000 1.05009300
vt 11.09787000 0.62526280
vt 11.09787000 0.20043250
vt 10.28826000 0.20043250
vt 10.27923000 0.97418670
vt 10.28026000 0.97504040
vt 10.28026000 0.84090700
vt 10.27924000 0.84090700
vt 10.27550000 0.97418670
vt 10.27923000 0.97520790
vt 10.27550000 0.97520790
vt 10.27448000 0.97418670
vt 10.27466000 0.97502040
vt 10.27550000 0.84090700
vt 10.27448000 0.84090700
vt 10.27448000 0.70762740
vt 10.27923000 0.70762740
vt 10.28026000 0.70677360
vt 10.27550000 0.70762740
vt 10.27923000 0.70660590
vt 10.27550000 0.70660590
vt 10.27466000 0.70679360
vt 10.26884000 0.97396280
vt 10.26854000 0.97497810
vt 10.27211000 0.97494490
vt 10.27211000 0.97392570
vt 10.26831000 0.84091410
vt 10.26727000 0.97456630
vt 10.26729000 0.84091410
vt 10.26727000 0.70726210
vt 10.26884000 0.70786540
vt 10.27312000 0.97392210
vt 10.27294000 0.97475500
vt 10.27312000 0.84091410
vt 10.27211000 0.84091410
vt 10.27211000 0.70790240
vt 10.27312000 0.70790600
vt 10.27211000 0.70688330
vt 10.26854000 0.70685000
vt 10.27294000 0.70707330
vt 10.40101000 0.81647780
vt 10.40187000 0.81607510
vt 10.40084000 0.81565040
vt 10.40059000 0.81588660
vt 10.39999000 0.81545640
vt 10.39894000 0.81746550
vt 10.53567000 0.81750940
vt 10.53567000 0.81649320
vt 10.39989000 0.63138190
vt 10.67033000 0.81647780
vt 10.39860000 0.62907620
vt 10.40122000 0.63005020
vt 10.40067000 0.63079390
vt 10.53567000 0.63005020
vt 10.26265000 1.08167100
vt 10.26387000 0.58052460
vt 10.53567000 0.58384390
vt 10.53567000 0.62907620
vt 10.67274000 0.62907620
vt 10.67011000 0.63005020
vt 10.67145000 0.63138190
vt 10.67067000 0.63079390
vt 10.67240000 0.81746550
vt 10.67135000 0.81545640
vt 10.80747000 0.58052460
vt 10.67074000 0.81588660
vt 10.67049000 0.81565040
vt 10.66947000 0.81607510
vt 10.80869000 1.08167100
vt 10.53567000 1.08141100
vt 10.53567000 1.08579900
vt 10.81308000 1.08593100
vt 10.53567000 1.09019100
vt 10.25826000 1.08593100
vt 10.81267000 0.57799800
vt 10.25866000 0.57799800
vt 10.25387000 1.09019100
vt 10.53567000 0.57951680
vt 10.81747000 1.09019100
vt 10.25420000 0.57263830
vt 10.81714000 0.57263830
vt 10.53567000 0.57512620
vt 10.53567000 0.47387810
vt 10.23520000 0.47470060
vt 10.83614000 0.47470060
vt 10.23529000 1.11150200
vt 10.83604000 1.11150200
vt 10.53567000 1.11147500
vt 10.53567000 1.11586600
vt 10.23092000 1.11576600
vt 10.84042000 1.11576600
vt 10.23093000 0.47006220
vt 10.84041000 0.47006220
vt 10.53567000 1.11998600
vt 10.53567000 0.46948740
vt 10.22663000 1.11970400
vt 10.84471000 1.11970400
vt 10.22630000 0.46671590
vt 10.53567000 1.15579700
vt 10.18601000 1.15579700
vt 10.18601000 0.44453060
vt 10.88533000 1.15579700
vt 10.53567000 0.44453060
vt 10.84503000 0.46671590
vt 10.88533000 0.44453060
vt 10.53567000 0.46566080
vt 10.51743000 0.85610060
vt 10.51847000 0.85629450
vt 10.51828000 0.85586430
vt 10.51743000 0.85712510
vt 10.51369000 0.85610060
vt 10.51758000 1.03971400
vt 10.51851000 1.04023500
vt 10.51727000 1.04076900
vt 10.51847000 1.04082200
vt 10.51855000 1.04156500
vt 10.51697000 1.04117400
vt 10.51369000 1.03972600
vt 10.51369000 1.04075000
vt 10.51369000 0.85712510
vt 10.51267000 1.03972700
vt 10.51286000 1.04056100
vt 10.51267000 0.85712510
vt 10.51286000 0.85628900
vt 10.39482000 0.97244290
vt 10.39382000 0.97345080
vt 10.39464000 0.97326580
vt 10.39382000 0.97244290
vt 10.39482000 0.84090700
vt 10.21417000 0.97244290
vt 10.21417000 0.84090700
vt 10.21417000 0.97345080
vt 10.21317000 0.97243970
vt 10.21335000 0.97326310
vt 10.21317000 0.84090700
vt 10.21317000 0.70937410
vt 10.39382000 0.84090700
vt 10.39382000 0.70937080
vt 10.39482000 0.70937080
vt 10.21417000 0.70937080
vt 10.39382000 0.70836290
vt 10.39464000 0.70854820
vt 10.21417000 0.70836290
vt 10.21335000 0.70855060
vt 10.00527000 0.94629990
vt 10.00219000 0.94303670
vt 10.00219000 0.94629990
vt 10.00527000 0.94303670
vt 10.00583000 0.94300440
vt 10.00583000 0.94617190
vt 10.00583000 0.84230040
vt 10.00527000 0.84226810
vt 10.00219000 0.84226810
vt 10.00583000 0.83913240
vt 10.00219000 0.83900470
vt 10.00527000 0.83900470
vt 10.83431000 1.00004800
vt 10.83099000 0.99747390
vt 10.83099000 1.00004800
vt 10.83431000 0.99747390
vt 10.83099000 0.99395690
vt 10.83491000 0.99733600
vt 10.83491000 0.99980860
vt 10.83491000 0.99395690
vt 10.83431000 0.99395690
vt 10.83099000 0.99044020
vt 10.83491000 0.99057840
vt 10.83431000 0.99044020
vt 10.83099000 0.98786600
vt 10.83491000 0.98810490
vt 10.83431000 0.98786600
vt 10.00919000 0.83900550
vt 10.01228000 0.84226880
vt 10.01228000 0.83900550
vt 10.00919000 0.84226880
vt 10.00864000 0.84230140
vt 10.00864000 0.83913340
vt 10.00864000 0.94300350
vt 10.00919000 0.94303580
vt 10.01228000 0.94303580
vt 10.00864000 0.94617090
vt 10.01228000 0.94629880
vt 10.00919000 0.94629880
vt 10.82787000 1.00009300
vt 10.82452000 0.99750010
vt 10.82452000 1.00009300
vt 10.82787000 0.99750010
vt 10.82452000 0.99395690
vt 10.82847000 0.99736050
vt 10.82847000 0.99985210
vt 10.82847000 0.99395690
vt 10.82787000 0.99395690
vt 10.82452000 0.99041410
vt 10.82847000 0.99055330
vt 10.82787000 0.99041410
vt 10.82452000 0.98782070
vt 10.82847000 0.98806140
vt 10.82787000 0.98782070
vt 10.01086000 0.97351210
vt 10.00778000 0.97024890
vt 10.00778000 0.97351210
vt 10.01086000 0.97024890
vt 10.01141000 0.97021660
vt 10.01141000 0.97338410
vt 10.01141000 0.86951140
vt 10.01086000 0.86947900
vt 10.00778000 0.86947900
vt 10.01141000 0.86634330
vt 10.00778000 0.86621560
vt 10.01086000 0.86621560
vt 10.82141000 1.00004700
vt 10.81809000 0.99747390
vt 10.81809000 1.00004700
vt 10.82141000 0.99747390
vt 10.81809000 0.99395690
vt 10.82201000 0.99733600
vt 10.82201000 0.99980850
vt 10.82201000 0.99395690
vt 10.82141000 0.99395690
vt 10.81809000 0.99044020
vt 10.82201000 0.99057850
vt 10.82141000 0.99044020
vt 10.81809000 0.98786600
vt 10.82201000 0.98810500
vt 10.82141000 0.98786600
vt 10.00097000 0.86621660
vt 10.00405000 0.86948000
vt 10.00405000 0.86621660
vt 10.00097000 0.86948000
vt 10.00042000 0.86951260
vt 10.00042000 0.86634460
vt 10.00042000 0.97021540
vt 10.00097000 0.97024770
vt 10.00405000 0.97024770
vt 10.00042000 0.97338280
vt 10.00405000 0.97351080
vt 10.00097000 0.97351080
vt 10.81497000 1.00009300
vt 10.81162000 0.99749950
vt 10.81162000 1.00009300
vt 10.81497000 0.99749950
vt 10.81162000 0.99395690
vt 10.81557000 0.99736050
vt 10.81557000 0.99985210
vt 10.81557000 0.99395690
vt 10.81497000 0.99395690
vt 10.81162000 0.99041350
vt 10.81557000 0.99055270
vt 10.81497000 0.99041350
vt 10.81162000 0.98782080
vt 10.81557000 0.98806150
vt 10.81497000 0.98782080
vt 10.02523000 0.97432550
vt 10.02214000 0.97106190
vt 10.02214000 0.97432550
vt 10.02523000 0.97106190
vt 10.02578000 0.97102960
vt 10.02578000 0.97419700
vt 10.02578000 0.87032850
vt 10.02523000 0.87029610
vt 10.02214000 0.87029610
vt 10.02578000 0.86716090
vt 10.02214000 0.86703260
vt 10.02523000 0.86703260
vt 10.80855000 1.00023500
vt 10.80513000 0.99758150
vt 10.80513000 1.00023500
vt 10.80855000 0.99758150
vt 10.80513000 0.99395690
vt 10.80917000 0.99744000
vt 10.80917000 0.99998870
vt 10.80917000 0.99395690
vt 10.80855000 0.99395690
vt 10.80513000 0.99033140
vt 10.80917000 0.99047450
vt 10.80855000 0.99033140
vt 10.80513000 0.98767860
vt 10.80917000 0.98792480
vt 10.80855000 0.98767860
vt 10.01551000 0.86703120
vt 10.01860000 0.87029460
vt 10.01860000 0.86703120
vt 10.01551000 0.87029460
vt 10.01496000 0.87032720
vt 10.01496000 0.86715950
vt 10.01496000 0.97103080
vt 10.01551000 0.97106320
vt 10.01860000 0.97106320
vt 10.01496000 0.97419830
vt 10.01860000 0.97432680
vt 10.01551000 0.97432680
vt 10.80210000 1.00023500
vt 10.79868000 0.99758210
vt 10.79868000 1.00023500
vt 10.80210000 0.99758210
vt 10.79868000 0.99395690
vt 10.80272000 0.99743940
vt 10.80272000 0.99998870
vt 10.80272000 0.99395690
vt 10.80210000 0.99395690
vt 10.79868000 0.99033200
vt 10.80272000 0.99047390
vt 10.80210000 0.99033200
vt 10.79868000 0.98767850
vt 10.80272000 0.98792480
vt 10.80210000 0.98767850
vt 10.42779000 0.81396400
vt 10.43853000 0.80322830
vt 10.42976000 0.80520150
vt 10.43853000 0.81396400
vt 10.42779000 0.99199160
vt 10.60968000 0.81396400
vt 10.60968000 0.80322830
vt 10.43853000 0.99199160
vt 10.62041000 0.81396400
vt 10.61844000 0.80520150
vt 10.60968000 0.99199160
vt 10.62041000 0.99199160
vt 10.60968000 1.00272700
vt 10.61844000 1.00075400
vt 10.43853000 1.00272700
vt 10.42976000 1.00075400
vt 10.85483000 1.04504700
vt 10.84351000 1.05612500
vt 10.85279000 1.05408900
vt 10.84351000 1.04504700
vt 10.85483000 0.86843130
vt 10.84351000 0.86843130
vt 10.84351000 0.85735300
vt 10.85279000 0.85938890
vt 10.54701000 0.80006070
vt 10.55833000 0.81113740
vt 10.55629000 0.80209660
vt 10.54701000 0.81113740
vt 10.54701000 0.99481830
vt 10.55833000 0.99481830
vt 10.54701000 1.00589500
vt 10.55629000 1.00385900
vt 10.83545000 0.85735310
vt 10.84677000 0.86843140
vt 10.84474000 0.85938890
vt 10.83545000 0.86843140
vt 10.83545000 1.04504600
vt 10.84677000 1.04504600
vt 10.83545000 1.05612500
vt 10.84474000 1.05408900
vt 10.55598000 0.80006810
vt 10.56730000 0.81114400
vt 10.56527000 0.80210380
vt 10.55598000 0.81114400
vt 10.56730000 0.99481170
vt 10.55598000 0.99481170
vt 10.55598000 1.00588800
vt 10.56527000 1.00385200
vt 10.49423000 0.81396410
vt 10.50496000 0.80322840
vt 10.49620000 0.80520150
vt 10.50496000 0.81396410
vt 10.49423000 0.99199100
vt 10.67611000 0.81396410
vt 10.67611000 0.80322840
vt 10.50496000 0.99199100
vt 10.68685000 0.81396410
vt 10.68488000 0.80520150
vt 10.67611000 0.99199100
vt 10.68685000 0.99199100
vt 10.67611000 1.00272700
vt 10.68488000 1.00075400
vt 10.50496000 1.00272700
vt 10.49620000 1.00075400
vt 10.83871000 1.04504700
vt 10.82739000 1.05612500
vt 10.83668000 1.05408900
vt 10.82739000 1.04504700
vt 10.83871000 0.86843130
vt 10.82739000 0.86843130
vt 10.82739000 0.85735300
vt 10.83668000 0.85938890
vt 10.61344000 0.80714520
vt 10.62476000 0.81822270
vt 10.62273000 0.80918120
vt 10.61344000 0.81822270
vt 10.61344000 1.00191800
vt 10.62476000 1.00191800
vt 10.61344000 1.01299600
vt 10.62273000 1.01096000
vt 10.81933000 0.85735300
vt 10.83066000 0.86843140
vt 10.82862000 0.85938890
vt 10.81933000 0.86843140
vt 10.81933000 1.04504600
vt 10.83066000 1.04504600
vt 10.81933000 1.05612500
vt 10.82862000 1.05408900
vt 10.62242000 0.80717590
vt 10.63374000 0.81825010
vt 10.63171000 0.80921130
vt 10.62242000 0.81825010
vt 10.62242000 1.00189100
vt 10.63374000 1.00189100
vt 10.62242000 1.01296500
vt 10.63171000 1.01093000
vt 10.34554000 0.98146300
vt 10.33624000 0.97708030
vt 10.33624000 0.98146300
vt 10.34554000 0.97708030
vt 10.34992000 0.97708030
vt 10.34912000 0.98065760
vt 10.34992000 0.54194900
vt 10.34554000 0.54194900
vt 10.33624000 0.54194900
vt 10.33624000 0.53756630
vt 10.34554000 0.53756630
vt 10.34912000 0.53837190
vt 10.92044000 1.05564100
vt 10.91113000 1.05125400
vt 10.91113000 1.05564100
vt 10.92044000 1.05125400
vt 10.92483000 1.05125400
vt 10.92402000 1.05483500
vt 10.92483000 0.86200380
vt 10.92044000 0.86200380
vt 10.91113000 0.86200380
vt 10.91113000 0.85761750
vt 10.92044000 0.85761750
vt 10.92402000 0.85842350
vt 10.28808000 0.98146780
vt 10.27878000 0.97708510
vt 10.27878000 0.98146780
vt 10.28808000 0.97708510
vt 10.29247000 0.97708510
vt 10.29166000 0.98066250
vt 10.29247000 0.54194430
vt 10.28808000 0.54194430
vt 10.27878000 0.54194430
vt 10.27878000 0.53756150
vt 10.28808000 0.53756150
vt 10.29166000 0.53836700
vt 10.91180000 1.05561800
vt 10.90250000 1.05123300
vt 10.90250000 1.05561800
vt 10.91180000 1.05123300
vt 10.91619000 1.05123300
vt 10.91538000 1.05481200
vt 10.91619000 0.86202550
vt 10.91180000 0.86202550
vt 10.90250000 0.86202550
vt 10.90250000 0.85764020
vt 10.91180000 0.85764020
vt 10.91538000 0.85844610
vt 10.08115000 0.93063660
vt 10.07185000 0.92625270
vt 10.07185000 0.93063660
vt 10.08115000 0.92625270
vt 10.08554000 0.92625270
vt 10.08473000 0.92983080
vt 10.08554000 0.60456650
vt 10.08115000 0.60456650
vt 10.07185000 0.60456650
vt 10.07185000 0.60018290
vt 10.08115000 0.60018290
vt 10.08473000 0.60098850
vt 10.90317000 1.05562900
vt 10.89386000 1.05124400
vt 10.89386000 1.05562900
vt 10.90317000 1.05124400
vt 10.90755000 1.05124400
vt 10.90674000 1.05482300
vt 10.90755000 0.86201480
vt 10.90317000 0.86201480
vt 10.89386000 0.86201480
vt 10.89386000 0.85762910
vt 10.90317000 0.85762910
vt 10.90674000 0.85843500
vt 10.02370000 0.93063660
vt 10.01440000 0.92625270
vt 10.01440000 0.93063660
vt 10.02370000 0.92625270
vt 10.02808000 0.92625270
vt 10.02728000 0.92983080
vt 10.02808000 0.60456650
vt 10.02370000 0.60456650
vt 10.01440000 0.60456650
vt 10.01440000 0.60018290
vt 10.02370000 0.60018290
vt 10.02728000 0.60098840
vt 10.89453000 1.05563000
vt 10.88522000 1.05124400
vt 10.88522000 1.05563000
vt 10.89453000 1.05124400
vt 10.89891000 1.05124400
vt 10.89811000 1.05482300
vt 10.89891000 0.86201480
vt 10.89453000 0.86201480
vt 10.88522000 0.86201480
vt 10.88522000 0.85762870
vt 10.89453000 0.85762870
vt 10.89811000 0.85843490
vt 10.88760000 1.00878000
vt 10.87829000 1.00439500
vt 10.87829000 1.00878000
vt 10.88760000 1.00439500
vt 10.87829000 0.81517150
vt 10.89198000 1.00439500
vt 10.89118000 1.00797400
vt 10.89198000 0.81517150
vt 10.88760000 0.81517150
vt 10.87829000 0.81078580
vt 10.88760000 0.81078580
vt 10.89118000 0.81159190
vt 10.22198000 0.98146800
vt 10.21269000 0.97708520
vt 10.21269000 0.98146800
vt 10.22198000 0.97708520
vt 10.21269000 0.54194410
vt 10.22637000 0.97708520
vt 10.22556000 0.98066250
vt 10.22637000 0.54194410
vt 10.22198000 0.54194410
vt 10.21269000 0.53756130
vt 10.22198000 0.53756130
vt 10.22556000 0.53836700
vt 10.89658000 1.00881500
vt 10.88727000 1.00442800
vt 10.88727000 1.00881500
vt 10.89658000 1.00442800
vt 10.88727000 0.81513850
vt 10.90097000 1.00442800
vt 10.90016000 1.00800900
vt 10.90097000 0.81513850
vt 10.89658000 0.81513850
vt 10.88727000 0.81075100
vt 10.89658000 0.81075100
vt 10.90016000 0.81155740
vt 10.23062000 0.98146290
vt 10.22132000 0.97708020
vt 10.22132000 0.98146290
vt 10.23062000 0.97708020
vt 10.22132000 0.54194920
vt 10.23501000 0.97708020
vt 10.23420000 0.98065750
vt 10.23501000 0.54194920
vt 10.23062000 0.54194920
vt 10.22132000 0.53756650
vt 10.23062000 0.53756650
vt 10.23420000 0.53837190
vt 10.45501000 1.12876700
vt 10.44572000 1.12438500
vt 10.44572000 1.12876700
vt 10.45501000 1.12438500
vt 10.45940000 1.12438500
vt 10.45859000 1.12796200
vt 10.45940000 0.46681960
vt 10.45501000 0.46681960
vt 10.44572000 0.46681960
vt 10.44572000 0.46243760
vt 10.45501000 0.46243760
vt 10.45859000 0.46324310
vt 10.37227000 1.00773300
vt 10.36294000 1.00333300
vt 10.36294000 1.00773300
vt 10.37227000 1.00333300
vt 10.37668000 1.00333300
vt 10.37587000 1.00692400
vt 10.37668000 0.95489980
vt 10.37227000 0.95489980
vt 10.36294000 0.95489980
vt 10.36294000 0.95049930
vt 10.37227000 0.95049930
vt 10.37587000 0.95130820
vt 10.42829000 1.12877300
vt 10.41899000 1.12439100
vt 10.41899000 1.12877300
vt 10.42829000 1.12439100
vt 10.43267000 1.12439100
vt 10.43186000 1.12796700
vt 10.43267000 0.46681370
vt 10.42829000 0.46681370
vt 10.41899000 0.46681370
vt 10.41899000 0.46243160
vt 10.42829000 0.46243160
vt 10.43186000 0.46323720
vt 10.38125000 1.00772700
vt 10.37192000 1.00332800
vt 10.37192000 1.00772700
vt 10.38125000 1.00332800
vt 10.38565000 1.00332800
vt 10.38484000 1.00691800
vt 10.38565000 0.95490500
vt 10.38125000 0.95490500
vt 10.37192000 0.95490500
vt 10.37192000 0.95050480
vt 10.38125000 0.95050480
vt 10.38484000 0.95131360
vt 10.40786000 0.54000340
vt 10.41220000 0.54433800
vt 10.41140000 0.54080000
vt 10.40786000 0.54433800
vt 10.22084000 0.54000340
vt 10.40786000 0.97469140
vt 10.41220000 0.97469140
vt 10.22084000 0.54433800
vt 10.40786000 0.97902600
vt 10.41140000 0.97822940
vt 10.22084000 0.97469140
vt 10.22084000 0.97902600
vt 10.21651000 0.97469140
vt 10.21731000 0.97822940
vt 10.21651000 0.54433800
vt 10.21731000 0.54080000
vt 10.14350000 0.60198720
vt 10.14784000 0.60632300
vt 10.14704000 0.60278400
vt 10.14350000 0.60632300
vt 9.95643200 0.60198720
vt 10.14350000 0.92449630
vt 10.14784000 0.92449630
vt 9.95643200 0.60632300
vt 10.14350000 0.92883230
vt 10.14704000 0.92803530
vt 9.95643200 0.92449630
vt 9.95643200 0.92883230
vt 9.95209700 0.92449630
vt 9.95289300 0.92803530
vt 9.95209700 0.60632300
vt 9.95289300 0.60278400
vt 10.15904000 0.54433750
vt 10.16338000 0.54000290
vt 10.15984000 0.54079940
vt 10.16338000 0.54433750
vt 10.15904000 0.97469200
vt 10.35041000 0.54433750
vt 10.35041000 0.54000290
vt 10.16338000 0.97469200
vt 10.35474000 0.54433750
vt 10.35395000 0.54079940
vt 10.35041000 0.97469200
vt 10.35474000 0.97469200
vt 10.35041000 0.97902660
vt 10.35395000 0.97823000
vt 10.16338000 0.97902660
vt 10.15984000 0.97823000
vt 10.41524000 1.12655700
vt 10.41089000 1.12220400
vt 10.41168000 1.12575600
vt 10.41524000 1.12220400
vt 10.46315000 1.12655700
vt 10.41524000 0.46900080
vt 10.41089000 0.46900080
vt 10.46315000 1.12220400
vt 10.41524000 0.46464760
vt 10.41168000 0.46544810
vt 10.46315000 0.46900080
vt 10.46315000 0.46464760
vt 10.46750000 0.46900080
vt 10.46670000 0.46544810
vt 10.46750000 1.12220400
vt 10.46670000 1.12575600
vt 10.79108000 0.92935660
vt 10.78120000 0.92063750
vt 10.78120000 0.92935660
vt 10.79108000 0.92063750
vt 10.79980000 0.92063750
vt 10.79820000 0.92775400
vt 10.79980000 0.19287860
vt 10.79108000 0.19287860
vt 10.78120000 0.19287860
vt 10.78120000 0.18415940
vt 10.79108000 0.18415940
vt 10.79820000 0.18576190
vt 10.38188000 1.09848600
vt 10.37200000 1.08976600
vt 10.37200000 1.09848600
vt 10.38188000 1.08976600
vt 10.39060000 1.08976600
vt 10.38900000 1.09688400
vt 10.39060000 0.49049000
vt 10.38188000 0.49049000
vt 10.37200000 0.49049000
vt 10.37200000 0.48176970
vt 10.38188000 0.48176970
vt 10.38900000 0.48337240
vt 10.77865000 1.17630900
vt 10.76877000 1.16759000
vt 10.76877000 1.17630900
vt 10.77865000 1.16759000
vt 10.78737000 1.16759000
vt 10.78576000 1.17470600
vt 10.78737000 0.43983060
vt 10.77865000 0.43983060
vt 10.76877000 0.43983060
vt 10.76877000 0.43111160
vt 10.77865000 0.43111160
vt 10.78576000 0.43271410
vt 10.37220000 1.09850300
vt 10.36232000 1.08978300
vt 10.36232000 1.09850300
vt 10.37220000 1.08978300
vt 10.38092000 1.08978300
vt 10.37932000 1.09690100
vt 10.38092000 0.49047380
vt 10.37220000 0.49047380
vt 10.36232000 0.49047380
vt 10.36232000 0.48175280
vt 10.37220000 0.48175280
vt 10.37932000 0.48335560
vt 10.55819000 1.16985900
vt 10.54963000 1.16129100
vt 10.55120000 1.16828500
vt 10.55819000 1.16129100
vt 11.14702000 1.16985900
vt 10.55819000 0.44612910
vt 10.54963000 0.44612910
vt 11.14702000 1.16129100
vt 10.55819000 0.43756100
vt 10.55120000 0.43913580
vt 11.14702000 0.44612910
vt 11.14702000 0.43756100
vt 11.15558000 0.44612910
vt 11.15401000 0.43913580
vt 11.15558000 1.16129100
vt 11.15401000 1.16828500
vt 10.21325000 0.18023960
vt 10.23387000 0.18648940
vt 10.23387000 0.18023960
vt 10.21325000 0.18648940
vt 10.20700000 0.18648940
vt 10.20814000 0.18138830
vt 10.20700000 1.03865100
vt 10.21325000 1.03865100
vt 10.23387000 1.03865100
vt 10.23387000 1.04490000
vt 10.21325000 1.04490000
vt 10.20814000 1.04375200
vt 10.12789000 0.97062400
vt 10.10716000 0.96498290
vt 10.10716000 0.97062400
vt 10.12789000 0.96498290
vt 10.13417000 0.96498290
vt 10.13302000 0.96958730
vt 10.13417000 0.85140160
vt 10.12789000 0.85140160
vt 10.10716000 0.85140160
vt 10.10716000 0.84576050
vt 10.12789000 0.84576050
vt 10.13302000 0.84679700
vt 10.10189000 0.84576120
vt 10.12262000 0.85140220
vt 10.12262000 0.84576120
vt 10.10189000 0.85140220
vt 10.09561000 0.85140220
vt 10.09676000 0.84679760
vt 10.09561000 0.96498230
vt 10.10189000 0.96498230
vt 10.12262000 0.96498230
vt 10.12262000 0.97062330
vt 10.10189000 0.97062330
vt 10.09676000 0.96958660
vt 10.27431000 1.04489800
vt 10.25368000 1.03864800
vt 10.25368000 1.04489800
vt 10.27431000 1.03864800
vt 10.28056000 1.03864800
vt 10.27941000 1.04374900
vt 10.28056000 0.18649160
vt 10.27431000 0.18649160
vt 10.25368000 0.18649160
vt 10.25368000 0.18024180
vt 10.27431000 0.18024180
vt 10.27941000 0.18139050
vt 10.43414000 1.01249500
vt 10.41344000 1.00686400
vt 10.41344000 1.01249500
vt 10.43414000 1.00686400
vt 10.41344000 0.89719210
vt 10.44041000 1.00686400
vt 10.43926000 1.01146000
vt 10.44041000 0.89719210
vt 10.43414000 0.89719210
vt 10.43414000 0.78751930
vt 10.41344000 0.78751930
vt 10.44041000 0.78751930
vt 10.43414000 0.78188840
vt 10.41344000 0.78188840
vt 10.43926000 0.78292330
vt 10.34433000 1.04489700
vt 10.32371000 1.03864800
vt 10.32371000 1.04489700
vt 10.34433000 1.03864800
vt 10.35058000 1.03864800
vt 10.34944000 1.04374900
vt 10.35058000 0.18649220
vt 10.34433000 0.18649220
vt 10.32371000 0.18649220
vt 10.32371000 0.18024240
vt 10.34433000 0.18024240
vt 10.34944000 0.18139120
vt 10.30001000 0.18154390
vt 10.30560000 0.18777480
vt 10.30457000 0.18268910
vt 10.30001000 0.18777480
vt 10.18735000 0.18154390
vt 10.30001000 1.03736500
vt 10.30560000 1.03736500
vt 10.18735000 0.18777480
vt 10.30001000 1.04359600
vt 10.30457000 1.04245100
vt 10.18735000 1.03736500
vt 10.18735000 1.04359600
vt 10.18176000 1.03736500
vt 10.18279000 1.04245100
vt 10.18176000 0.18777480
vt 10.18279000 0.18268910
vt 10.18762000 0.18865050
vt 10.19320000 0.18243240
vt 10.18864000 0.18357530
vt 10.19320000 0.18865050
vt 10.30195000 0.18865050
vt 10.30195000 0.18243240
vt 10.18762000 1.03648900
vt 10.41070000 0.18243240
vt 10.19320000 1.03648900
vt 10.19320000 1.04270700
vt 10.18864000 1.04156500
vt 10.30195000 1.04270700
vt 10.30195000 1.03648900
vt 10.41070000 1.03648900
vt 10.41070000 1.04270700
vt 10.41070000 0.18865050
vt 10.41628000 1.03648900
vt 10.41525000 1.04156500
vt 10.41628000 0.18865050
vt 10.41525000 0.18357530
vt 10.43228000 1.01249300
vt 10.42601000 1.00686200
vt 10.42716000 1.01145800
vt 10.43228000 1.00686200
vt 10.43228000 0.89719210
vt 10.45298000 1.01249300
vt 10.45298000 1.00686200
vt 10.42601000 0.89719210
vt 10.45298000 0.89719210
vt 10.45298000 0.78752170
vt 10.42601000 0.78752170
vt 10.43228000 0.78752170
vt 10.45298000 0.78189090
vt 10.43228000 0.78189090
vt 10.42716000 0.78292600
vt 10.50789000 0.99530990
vt 10.51476000 0.99530990
vt 10.51476000 0.99167670
vt 10.50789000 0.99167670
vt 10.51476000 0.96158340
vt 10.50426000 0.99167670
vt 10.50492000 0.99464230
vt 10.50426000 0.96158340
vt 10.50789000 0.96158340
vt 10.51476000 0.95795000
vt 10.50789000 0.95795000
vt 10.50492000 0.95861790
vt 10.21701000 0.98207400
vt 10.22385000 0.98207400
vt 10.22385000 0.97845850
vt 10.21701000 0.97845850
vt 10.22385000 0.70576820
vt 10.21340000 0.97845850
vt 10.21406000 0.98140930
vt 10.21340000 0.70576930
vt 10.21701000 0.70576820
vt 10.22385000 0.70215260
vt 10.21701000 0.70215260
vt 10.21406000 0.70281680
vt 10.28161000 0.89129110
vt 10.28846000 0.88766760
vt 10.28161000 0.88766760
vt 10.28846000 0.89129110
vt 10.29209000 0.89129110
vt 10.29142000 0.88833350
vt 10.29211000 0.95644280
vt 10.28832000 0.95622460
vt 10.28161000 0.95633430
vt 10.28161000 0.95995810
vt 10.28832000 0.95994960
vt 10.29143000 0.95953450
vt 10.07877000 1.01425900
vt 10.08611000 1.01428100
vt 10.08611000 1.01202500
vt 10.07877000 1.01194000
vt 10.08611000 0.95312570
vt 10.07463000 1.01081100
vt 10.07537000 1.01317400
vt 10.07464000 0.95196800
vt 10.07858000 0.95312570
vt 10.08611000 0.94916670
vt 10.07859000 0.94915920
vt 10.07537000 0.94915980
vt 10.07465000 0.94633690
vt 10.08611000 0.94520090
vt 10.07861000 0.94517510
vt 10.07465000 0.87604890
vt 10.07861000 0.87501230
vt 10.08611000 0.87501230
vt 10.07465000 0.84255930
vt 10.08611000 0.84192560
vt 10.07861000 0.84192560
vt 10.07465000 0.80320960
vt 10.08611000 0.80305020
vt 10.07861000 0.80305020
vt 10.07465000 0.71063110
vt 10.07861000 0.71063110
vt 10.08611000 0.71063110
vt 10.08611000 0.70666910
vt 10.07861000 0.70666910
vt 10.07538000 0.70739720
vt 10.22450000 0.99549320
vt 10.22516000 0.99841740
vt 10.22808000 0.99907610
vt 10.22808000 0.99549320
vt 10.22450000 0.91178570
vt 10.25776000 0.99549320
vt 10.25776000 0.99907610
vt 10.22808000 0.91143660
vt 10.21750000 0.87620670
vt 10.25776000 0.72528870
vt 10.22088000 0.87482420
vt 10.19756000 0.84592570
vt 10.26134000 0.99549320
vt 10.26068000 0.99841740
vt 10.26134000 0.72528980
vt 10.20036000 0.84366370
vt 10.13511000 0.78237270
vt 10.13763000 0.77982490
vt 10.25776000 0.72170610
vt 10.26068000 0.72236420
vt 10.19159000 0.72506320
vt 10.19335000 0.72188660
vt 10.18810000 0.72407630
vt 10.19029000 0.72193940
vt 10.13511000 0.77728090
vt 10.13351000 0.77982000
vt 10.52011000 0.99565640
vt 10.51323000 0.99202320
vt 10.51323000 0.99565640
vt 10.52011000 0.99202320
vt 10.51323000 0.96193000
vt 10.52374000 0.99202320
vt 10.52307000 0.99498840
vt 10.52374000 0.96193000
vt 10.52011000 0.96193000
vt 10.51323000 0.95829670
vt 10.52011000 0.95829670
vt 10.52307000 0.95896450
vt 10.26011000 0.70216030
vt 10.26694000 0.70577560
vt 10.26694000 0.70216030
vt 10.26011000 0.70577560
vt 10.26694000 0.97845100
vt 10.25649000 0.70577560
vt 10.25716000 0.70282500
vt 10.25649000 0.97844990
vt 10.26011000 0.97845100
vt 10.26694000 0.98206630
vt 10.26011000 0.98206630
vt 10.25716000 0.98140220
vt 10.30109000 0.89129840
vt 10.30109000 0.88767530
vt 10.29423000 0.88767530
vt 10.29423000 0.89129840
vt 10.29061000 0.89129840
vt 10.29128000 0.88834110
vt 10.29059000 0.95643650
vt 10.29438000 0.95621800
vt 10.30109000 0.95632790
vt 10.30109000 0.95995070
vt 10.29438000 0.95994220
vt 10.29127000 0.95952730
vt 10.08775000 0.70669130
vt 10.09509000 0.70892550
vt 10.09509000 0.70666940
vt 10.08775000 0.70901060
vt 10.09509000 0.76782460
vt 10.08360000 0.71013920
vt 10.08435000 0.70777620
vt 10.08362000 0.76898230
vt 10.08755000 0.76782460
vt 10.09509000 0.77178330
vt 10.08757000 0.77179070
vt 10.08435000 0.77179050
vt 10.08363000 0.77461330
vt 10.09509000 0.77574910
vt 10.08759000 0.77577520
vt 10.08363000 0.84490160
vt 10.08759000 0.84593790
vt 10.09509000 0.84593790
vt 10.08363000 0.87839130
vt 10.09509000 0.87902460
vt 10.08759000 0.87902460
vt 10.08363000 0.91774060
vt 10.09509000 0.91790070
vt 10.08759000 0.91790070
vt 10.08363000 1.01031900
vt 10.08759000 1.01031900
vt 10.09509000 1.01031900
vt 10.09509000 1.01428100
vt 10.08759000 1.01428100
vt 10.08436000 1.01355300
vt 10.26759000 0.70701150
vt 10.27117000 0.70342890
vt 10.26825000 0.70408750
vt 10.27117000 0.70701150
vt 10.26759000 0.79071890
vt 10.30085000 0.70701150
vt 10.30085000 0.70342890
vt 10.27117000 0.79106780
vt 10.26060000 0.82629780
vt 10.30085000 0.97721520
vt 10.26398000 0.82768030
vt 10.24065000 0.85657830
vt 10.30443000 0.70701150
vt 10.30377000 0.70408750
vt 10.30443000 0.97721410
vt 10.24345000 0.85884060
vt 10.17820000 0.92013110
vt 10.18072000 0.92267920
vt 10.30085000 0.98079780
vt 10.30377000 0.98013970
vt 10.23468000 0.97744070
vt 10.23644000 0.98061690
vt 10.23119000 0.97842720
vt 10.23338000 0.98056440
vt 10.17820000 0.92522260
vt 10.17661000 0.92268350
vt 10.48117000 0.79761860
vt 10.47169000 0.79761860
vt 10.47169000 0.80764690
vt 10.48117000 0.80764690
vt 10.48286000 0.80774690
vt 10.48286000 0.79801230
vt 10.48286000 1.00134500
vt 10.48117000 1.00144500
vt 10.47169000 1.00144500
vt 10.48286000 1.01108000
vt 10.47169000 1.01147300
vt 10.48117000 1.01147300
vt 10.54126000 0.99568540
vt 10.55160000 0.99568540
vt 10.55160000 0.98767640
vt 10.54126000 0.98767640
vt 10.55160000 0.97673450
vt 10.53941000 0.98724720
vt 10.53941000 0.99494240
vt 10.53941000 0.97673450
vt 10.54126000 0.97673450
vt 10.55160000 0.96579190
vt 10.53941000 0.96622080
vt 10.54126000 0.96579190
vt 10.55160000 0.95778290
vt 10.53941000 0.95852660
vt 10.54126000 0.95778290
vt 10.46440000 1.01146600
vt 10.47389000 1.01146600
vt 10.47389000 1.00143900
vt 10.46440000 1.00143900
vt 10.46271000 1.00133900
vt 10.46271000 1.01107300
vt 10.46271000 0.80775310
vt 10.46440000 0.80765270
vt 10.47389000 0.80765270
vt 10.46271000 0.79801880
vt 10.47389000 0.79762510
vt 10.46440000 0.79762510
vt 10.55023000 0.99652080
vt 10.56059000 0.99652080
vt 10.56059000 0.98849890
vt 10.55023000 0.98849890
vt 10.56059000 0.97753880
vt 10.54838000 0.98806850
vt 10.54838000 0.99577540
vt 10.54838000 0.97753880
vt 10.55023000 0.97753880
vt 10.56059000 0.96657870
vt 10.54838000 0.96700920
vt 10.55023000 0.96657870
vt 10.56059000 0.95855680
vt 10.54838000 0.95930170
vt 10.55023000 0.95855680
vt 10.73767000 1.05208900
vt 10.73767000 1.06226900
vt 10.73966000 1.06292500
vt 10.73966000 1.05232900
vt 10.73767000 1.04033600
vt 10.73966000 1.04009600
vt 10.73767000 1.03005300
vt 10.73966000 1.02950200
vt 10.73767000 0.85088980
vt 10.73966000 0.85017280
vt 10.75084000 1.02950200
vt 10.75084000 1.04009600
vt 10.75084000 0.85017280
vt 10.75084000 0.84405700
vt 10.73966000 0.84405700
vt 10.75084000 1.05232900
vt 10.75084000 1.06292500
vt 10.73966000 1.06904300
vt 10.75084000 1.06904300
vt 10.52666000 1.05171000
vt 10.52468000 1.04092600
vt 10.52468000 1.05105700
vt 10.52666000 1.04116500
vt 10.52468000 1.02922900
vt 10.52666000 1.02899000
vt 10.52468000 1.01899400
vt 10.52666000 1.01844700
vt 10.52468000 0.84069160
vt 10.52666000 0.83997800
vt 10.53779000 1.01844700
vt 10.53779000 0.83997800
vt 10.53779000 1.02899000
vt 10.53779000 1.04116500
vt 10.53779000 1.05171000
vt 10.52666000 1.05779800
vt 10.53779000 1.05779800
vt 10.90776000 0.99972280
vt 10.91761000 0.99972280
vt 10.91761000 0.99038870
vt 10.90776000 0.99038870
vt 10.91761000 0.97961120
vt 10.90776000 0.97961120
vt 10.90600000 0.99017760
vt 10.90600000 0.99923790
vt 10.90600000 0.97982280
vt 10.90600000 0.97085370
vt 10.90776000 0.97027590
vt 10.92225000 0.98956050
vt 10.91251000 0.98956050
vt 10.91251000 1.00022800
vt 10.92225000 1.00022800
vt 10.92399000 1.00001800
vt 10.92399000 1.00889500
vt 10.92225000 1.00946700
vt 10.92399000 0.98977000
vt 10.92225000 0.98032300
vt 10.92399000 0.98080240
vt 10.38355000 1.02620600
vt 10.39315000 1.02620600
vt 10.39315000 1.01877800
vt 10.38355000 1.01877800
vt 10.39315000 1.00863100
vt 10.38184000 1.01838000
vt 10.38184000 1.02551600
vt 10.38184000 1.00853000
vt 10.38355000 1.00863100
vt 10.38184000 0.79095370
vt 10.38355000 0.79085270
vt 10.39315000 0.79085270
vt 10.38184000 0.78110430
vt 10.39315000 0.78070630
vt 10.38355000 0.78070630
vt 10.38184000 0.77396760
vt 10.39315000 0.77327790
vt 10.38355000 0.77327790
vt 10.84436000 1.00512500
vt 10.85402000 1.00512500
vt 10.85402000 0.99491610
vt 10.84436000 0.99491610
vt 10.85402000 0.98470630
vt 10.84436000 0.98470630
vt 10.84264000 0.98510670
vt 10.84264000 0.99491610
vt 10.84264000 1.00472500
vt 10.37458000 1.01454500
vt 10.38417000 1.01454500
vt 10.38417000 1.00711600
vt 10.37458000 1.00711600
vt 10.38417000 0.99696890
vt 10.37286000 1.00671800
vt 10.37286000 1.01385500
vt 10.37286000 0.99686760
vt 10.37458000 0.99696890
vt 10.37286000 0.77927950
vt 10.37458000 0.77917850
vt 10.38417000 0.77917850
vt 10.37286000 0.76942930
vt 10.38417000 0.76903120
vt 10.37458000 0.76903120
vt 10.37286000 0.76229300
vt 10.38417000 0.76160300
vt 10.37458000 0.76160300
vt 10.84418000 0.98472020
vt 10.83454000 0.98472020
vt 10.83454000 0.99491570
vt 10.84418000 0.99491570
vt 10.83454000 1.00511100
vt 10.84418000 1.00511100
vt 10.84591000 1.00471200
vt 10.84591000 0.99491570
vt 10.84591000 0.98512070
vt 10.91590000 0.98976070
vt 10.91590000 0.98086480
vt 10.91416000 0.98029180
vt 10.91416000 0.98955100
vt 10.91590000 1.00003100
vt 10.91416000 1.00024100
vt 10.91590000 1.00901700
vt 10.91416000 1.00949800
vt 10.90439000 1.00024100
vt 10.90439000 0.98955100
vt 10.89799000 1.00963800
vt 10.89623000 1.00007900
vt 10.89623000 1.00906000
vt 10.89799000 1.00029100
vt 10.89623000 0.98971000
vt 10.89799000 0.98949840
vt 10.89623000 0.98063720
vt 10.89799000 0.98015170
vt 10.90785000 0.98015170
vt 10.90785000 0.98949840
vt 10.90785000 1.00029100
vt 10.51856000 0.84606720
vt 10.52968000 0.83997820
vt 10.51856000 0.83997820
vt 10.52968000 0.84606720
vt 10.51856000 0.85661230
vt 10.51657000 0.84671990
vt 10.52968000 0.85661230
vt 10.51657000 0.85685140
vt 10.51856000 0.86878620
vt 10.52968000 0.86878620
vt 10.51657000 0.86854800
vt 10.51856000 0.87932960
vt 10.52968000 0.87932960
vt 10.52968000 1.05779800
vt 10.51657000 0.87878250
vt 10.51856000 1.05779800
vt 10.51657000 1.05708500
vt 10.75587000 1.06904300
vt 10.76705000 1.06904300
vt 10.76705000 1.06292600
vt 10.75587000 1.06292600
vt 10.75587000 0.88359840
vt 10.76705000 0.88359840
vt 10.76705000 0.87300450
vt 10.75387000 0.88304800
vt 10.75387000 1.06220900
vt 10.75387000 0.87276460
vt 10.75587000 0.87300450
vt 10.76705000 0.86077130
vt 10.75387000 0.86101130
vt 10.75587000 0.86077130
vt 10.75387000 0.85083100
vt 10.76705000 0.85017550
vt 10.75587000 0.85017550
vt 10.76705000 0.84405750
vt 10.75587000 0.84405750
vt 10.07517000 -0.27665840
vt 10.07517000 0.83134410
vt 10.32579000 0.83134410
vt 10.32579000 -0.27665840
vt 10.94322000 -0.27665840
vt 10.94322000 0.83134410
vt 10.32578000 -0.37677430
vt 10.94322000 -0.37677430
vt 10.94322000 -0.47689030
vt 10.27584000 -0.47689030
vt 10.27584000 -0.52694830
vt 10.94322000 -0.52694830
vt 10.87124000 -0.07761899
vt 10.24043000 -0.07761884
vt 10.24043000 0.91770550
vt 10.93771000 -0.07761899
vt 11.05003000 0.91770550
vt 11.05003000 -0.07761884
vt 10.93771000 -0.08399802
vt 10.87124000 -0.08399802
vt 10.46558000 0.95664290
vt 10.45920000 0.95664290
vt 10.45920000 1.00258400
vt 10.46558000 1.00258400
vt 10.46638000 1.00258400
vt 10.47276000 1.00258400
vt 10.47276000 0.95664290
vt 10.46638000 0.95664290
vt 10.31475000 0.95656370
vt 10.31475000 0.89004660
vt 10.30837000 0.89004660
vt 10.30837000 0.95656370
vt 10.51050000 1.04131600
vt 10.51134000 1.04155200
vt 10.51153000 1.04112200
vt 10.51050000 1.04029100
vt 10.50676000 1.04131600
vt 10.51064000 0.85773000
vt 10.51158000 0.85720870
vt 10.51034000 0.85667470
vt 10.51153000 0.85662130
vt 10.51162000 0.85587820
vt 10.51004000 0.85626880
vt 10.50676000 0.85771750
vt 10.50676000 0.85669310
vt 10.50676000 1.04029100
vt 10.50574000 0.85771660
vt 10.50592000 0.85688220
vt 10.50574000 1.04029100
vt 10.50592000 1.04112700
vt 10.03959000 0.86753770
vt 10.03651000 0.86753770
vt 10.03651000 0.87080060
vt 10.03959000 0.87080060
vt 10.04014000 0.87083330
vt 10.04014000 0.86766560
vt 10.04014000 0.97153250
vt 10.03959000 0.97156510
vt 10.03651000 0.97156510
vt 10.04014000 0.97470030
vt 10.03651000 0.97482810
vt 10.03959000 0.97482810
vt 10.79564000 0.98772700
vt 10.79224000 0.98772700
vt 10.79224000 0.99036000
vt 10.79564000 0.99036000
vt 10.79224000 0.99395690
vt 10.79625000 0.99050130
vt 10.79625000 0.98797140
vt 10.79625000 0.99395690
vt 10.79564000 0.99395690
vt 10.79224000 0.99755420
vt 10.79625000 0.99741250
vt 10.79564000 0.99755420
vt 10.79224000 1.00018700
vt 10.79625000 0.99994220
vt 10.79564000 1.00018700
vt 10.02988000 0.97483060
vt 10.03296000 0.97483060
vt 10.03296000 0.97156750
vt 10.02988000 0.97156750
vt 10.02932000 0.97153480
vt 10.02932000 0.97470290
vt 10.02932000 0.87083080
vt 10.02988000 0.87079820
vt 10.03296000 0.87079820
vt 10.02932000 0.86766310
vt 10.03296000 0.86753510
vt 10.02988000 0.86753510
vt 10.78916000 0.98786600
vt 10.78584000 0.98786600
vt 10.78584000 0.99044020
vt 10.78916000 0.99044020
vt 10.78584000 0.99395690
vt 10.78975000 0.99057840
vt 10.78975000 0.98810490
vt 10.78975000 0.99395690
vt 10.78916000 0.99395690
vt 10.78584000 0.99747390
vt 10.78975000 0.99733600
vt 10.78916000 0.99747390
vt 10.78584000 1.00004800
vt 10.78975000 0.99980860
vt 10.78916000 1.00004800
vt 10.05396000 0.86753490
vt 10.05087000 0.86753490
vt 10.05087000 0.87079810
vt 10.05396000 0.87079810
vt 10.05451000 0.87083070
vt 10.05451000 0.86766290
vt 10.05451000 0.97153510
vt 10.05396000 0.97156770
vt 10.05087000 0.97156770
vt 10.05451000 0.97470310
vt 10.05087000 0.97483080
vt 10.05396000 0.97483080
vt 10.78271000 0.98786600
vt 10.77939000 0.98786600
vt 10.77939000 0.99043970
vt 10.78271000 0.99043970
vt 10.77939000 0.99395690
vt 10.78331000 0.99057780
vt 10.78331000 0.98810490
vt 10.78331000 0.99395690
vt 10.78271000 0.99395690
vt 10.77939000 0.99747330
vt 10.78331000 0.99733540
vt 10.78271000 0.99747330
vt 10.77939000 1.00004800
vt 10.78331000 0.99980860
vt 10.78271000 1.00004800
vt 10.04424000 0.97482530
vt 10.04733000 0.97482530
vt 10.04733000 0.97156240
vt 10.04424000 0.97156240
vt 10.04369000 0.97152980
vt 10.04369000 0.97469750
vt 10.04369000 0.87083590
vt 10.04424000 0.87080320
vt 10.04733000 0.87080320
vt 10.04369000 0.86766840
vt 10.04733000 0.86754050
vt 10.04424000 0.86754050
vt 10.77628000 0.98777440
vt 10.77291000 0.98777440
vt 10.77291000 0.99038730
vt 10.77628000 0.99038730
vt 10.77291000 0.99395690
vt 10.77688000 0.99052760
vt 10.77688000 0.98801690
vt 10.77688000 0.99395690
vt 10.77628000 0.99395690
vt 10.77291000 0.99752680
vt 10.77688000 0.99738680
vt 10.77628000 0.99752680
vt 10.77291000 1.00013900
vt 10.77688000 0.99989660
vt 10.77628000 1.00013900
vt 10.06832000 0.85661950
vt 10.06524000 0.85661950
vt 10.06524000 0.85988270
vt 10.06832000 0.85988270
vt 10.06887000 0.85991500
vt 10.06887000 0.85674750
vt 10.06887000 0.96062160
vt 10.06832000 0.96065390
vt 10.06524000 0.96065390
vt 10.06887000 0.96378940
vt 10.06524000 0.96391740
vt 10.06832000 0.96391740
vt 10.76984000 0.98772700
vt 10.76644000 0.98772700
vt 10.76644000 0.99036000
vt 10.76984000 0.99036000
vt 10.76644000 0.99395690
vt 10.77045000 0.99050070
vt 10.77045000 0.98797140
vt 10.77045000 0.99395690
vt 10.76984000 0.99395690
vt 10.76644000 0.99755420
vt 10.77045000 0.99741260
vt 10.76984000 0.99755420
vt 10.76644000 1.00018700
vt 10.77045000 0.99994220
vt 10.76984000 1.00018700
vt 10.05860000 0.97483610
vt 10.06169000 0.97483610
vt 10.06169000 0.97157240
vt 10.05860000 0.97157240
vt 10.05805000 0.97154000
vt 10.05805000 0.97470810
vt 10.05805000 0.87082590
vt 10.05860000 0.87079360
vt 10.06169000 0.87079360
vt 10.05805000 0.86765810
vt 10.06169000 0.86753020
vt 10.05860000 0.86753020
vt 10.76339000 0.98734930
vt 10.75999000 0.98734930
vt 10.75999000 0.98998190
vt 10.76339000 0.98998190
vt 10.75999000 0.99357890
vt 10.76400000 0.99012270
vt 10.76400000 0.98759340
vt 10.76400000 0.99357890
vt 10.76339000 0.99357890
vt 10.75999000 0.99717550
vt 10.76400000 0.99703500
vt 10.76339000 0.99717550
vt 10.75999000 0.99980840
vt 10.76400000 0.99956410
vt 10.76339000 0.99980840
vt 10.49245000 0.79303930
vt 10.48258000 0.79520950
vt 10.48040000 0.80482560
vt 10.49245000 0.80482560
vt 10.48011000 0.84483890
vt 10.49245000 0.84244170
vt 10.49245000 0.85422830
vt 10.48228000 0.85306500
vt 10.48007000 0.85950110
vt 10.49245000 0.86499010
vt 10.48040000 0.90407940
vt 10.49245000 0.90666470
vt 10.48040000 0.93044440
vt 10.49245000 0.93259720
vt 10.48040000 0.96375060
vt 10.49245000 0.96544150
vt 10.48152000 0.99961110
vt 10.49245000 1.00313700
vt 10.49245000 1.01313000
vt 10.48325000 1.00920100
vt 10.81127000 1.04500700
vt 10.81332000 1.05410800
vt 10.82260000 1.05611300
vt 10.82260000 1.04503600
vt 10.82260000 0.86844180
vt 10.81127000 0.86844180
vt 10.82260000 0.85736470
vt 10.81331000 0.85940040
vt 10.67988000 1.00190500
vt 10.68192000 1.01094500
vt 10.69120000 1.01298100
vt 10.69120000 1.00190500
vt 10.69120000 0.81823620
vt 10.67988000 0.81824600
vt 10.69120000 0.80716030
vt 10.68191000 0.80919770
vt 10.02009000 0.93938640
vt 10.02213000 0.94845000
vt 10.03144000 0.95049120
vt 10.03144000 0.93938640
vt 10.03144000 0.84673300
vt 10.02016000 0.84590750
vt 10.03144000 0.83562820
vt 10.02277000 0.83683690
vt 10.74866000 0.80713030
vt 10.73937000 0.80916660
vt 10.73734000 0.81820950
vt 10.74866000 0.81820950
vt 10.73734000 1.00193200
vt 10.74866000 1.00193200
vt 10.74866000 1.01301100
vt 10.73937000 1.01097400
vt 10.80321000 1.04506000
vt 10.80525000 1.05410400
vt 10.81454000 1.05614000
vt 10.81454000 1.04506000
vt 10.81454000 0.86841740
vt 10.80321000 0.86841740
vt 10.81454000 0.85733740
vt 10.80525000 0.85937360
vt 10.80648000 0.85736720
vt 10.79719000 0.85940280
vt 10.79516000 0.86844400
vt 10.80648000 0.86844400
vt 10.79516000 1.04503400
vt 10.80648000 1.04503400
vt 10.80648000 1.05611100
vt 10.79719000 1.05407500
vt 10.75764000 0.80711550
vt 10.74835000 0.80915210
vt 10.74632000 0.81819620
vt 10.75764000 0.81819620
vt 10.75764000 1.00194500
vt 10.74632000 1.00194500
vt 10.74835000 1.01098900
vt 10.75764000 1.01302600
vt 10.81509000 0.80717490
vt 10.80581000 0.80921020
vt 10.80378000 0.81824920
vt 10.81509000 0.81824920
vt 10.80378000 1.00189200
vt 10.81509000 1.00189200
vt 10.81509000 1.01296600
vt 10.80581000 1.01093100
vt 10.78710000 1.04502100
vt 10.78913000 1.05406000
vt 10.79842000 1.05609600
vt 10.79842000 1.04502100
vt 10.79842000 0.86845710
vt 10.78710000 0.86845710
vt 10.79842000 0.85738210
vt 10.78913000 0.85941740
vt 10.79036000 0.85735240
vt 10.78108000 0.85938830
vt 10.77904000 0.86843070
vt 10.79036000 0.86843070
vt 10.77904000 1.04504700
vt 10.79036000 1.04504700
vt 10.79036000 1.05612600
vt 10.78108000 1.05409000
vt 10.82407000 0.80714540
vt 10.81479000 0.80918140
vt 10.81275000 0.81822290
vt 10.82407000 0.81822290
vt 10.81275000 1.00191800
vt 10.82407000 1.00191800
vt 10.82407000 1.01299600
vt 10.81479000 1.01096000
vt 10.56051000 0.99922470
vt 10.56246000 1.00799800
vt 10.57129000 1.00997700
vt 10.57127000 0.99922470
vt 10.74268000 0.99922470
vt 10.74268000 1.00997700
vt 10.56175000 0.96272010
vt 10.75344000 0.99922470
vt 10.75146000 1.00800100
vt 10.74268000 0.82091640
vt 10.75344000 0.82092590
vt 10.74268000 0.81016370
vt 10.75146000 0.81214170
vt 10.65042000 0.82054830
vt 10.65217000 0.81017380
vt 10.63859000 0.82152130
vt 10.64339000 0.81277220
vt 10.63812000 0.85796080
vt 10.62802000 0.85423670
vt 10.62563000 0.88936440
vt 10.61595000 0.88462230
vt 10.60782000 0.91436900
vt 10.59869000 0.90867510
vt 10.57051000 0.95807140
vt 10.56591000 0.94934400
vt 10.56086000 0.95521580
vt 10.61812000 0.99908470
vt 10.62010000 1.00784700
vt 10.62886000 1.00982000
vt 10.62886000 0.99908470
vt 10.61812000 0.82105640
vt 10.80001000 0.99908470
vt 10.80001000 1.00982000
vt 10.62886000 0.82105640
vt 10.81074000 0.99908470
vt 10.80877000 1.00784700
vt 10.80001000 0.82105640
vt 10.81074000 0.82105640
vt 10.80001000 0.81032060
vt 10.80877000 0.81229380
vt 10.62886000 0.81032060
vt 10.62010000 0.81229380
vt 10.68456000 0.99908380
vt 10.68653000 1.00784700
vt 10.69530000 1.00982000
vt 10.69530000 0.99908380
vt 10.68456000 0.82105700
vt 10.86644000 0.99908380
vt 10.86644000 1.00982000
vt 10.69530000 0.82105700
vt 10.87718000 0.99908380
vt 10.87521000 1.00784700
vt 10.86644000 0.82105700
vt 10.87718000 0.82105700
vt 10.86644000 0.81032130
vt 10.87521000 0.81229450
vt 10.69530000 0.81032130
vt 10.68653000 0.81229450
vt 10.20843000 0.99974120
vt 10.21773000 0.99974120
vt 10.21773000 0.99535820
vt 10.20843000 0.99535820
vt 10.20405000 0.99535820
vt 10.20485000 0.99893580
vt 10.20405000 0.56022640
vt 10.20843000 0.56022640
vt 10.21773000 0.56022640
vt 10.21773000 0.55584370
vt 10.20843000 0.55584370
vt 10.20485000 0.55664910
vt 10.88097000 1.05564100
vt 10.89028000 1.05564100
vt 10.89028000 1.05125500
vt 10.88097000 1.05125500
vt 10.87658000 1.05125500
vt 10.87739000 1.05483500
vt 10.87658000 0.86200360
vt 10.88097000 0.86200360
vt 10.89028000 0.86200360
vt 10.89028000 0.85761730
vt 10.88097000 0.85761730
vt 10.87739000 0.85842340
vt 10.15097000 0.99974190
vt 10.16027000 0.99974190
vt 10.16027000 0.99535890
vt 10.15097000 0.99535890
vt 10.14659000 0.99535890
vt 10.14740000 0.99893650
vt 10.14659000 0.56022580
vt 10.15097000 0.56022580
vt 10.16027000 0.56022580
vt 10.16027000 0.55584310
vt 10.15097000 0.55584310
vt 10.14740000 0.55664850
vt 10.87233000 1.05621600
vt 10.88164000 1.05621600
vt 10.88164000 1.05183000
vt 10.87233000 1.05183000
vt 10.86795000 1.05183000
vt 10.86875000 1.05541100
vt 10.86795000 0.86257870
vt 10.87233000 0.86257870
vt 10.88164000 0.86257870
vt 10.88164000 0.85819230
vt 10.87233000 0.85819230
vt 10.86875000 0.85899840
vt 10.01014000 0.93063740
vt 10.01944000 0.93063740
vt 10.01944000 0.92625340
vt 10.01014000 0.92625340
vt 10.00576000 0.92625340
vt 10.00656000 0.92983150
vt 10.00576000 0.60456590
vt 10.01014000 0.60456590
vt 10.01944000 0.60456590
vt 10.01944000 0.60018220
vt 10.01014000 0.60018220
vt 10.00656000 0.60098780
vt 10.86369000 1.05622800
vt 10.87300000 1.05622800
vt 10.87300000 1.05184100
vt 10.86369000 1.05184100
vt 10.85931000 1.05184100
vt 10.86011000 1.05542100
vt 10.85931000 0.86256800
vt 10.86369000 0.86256800
vt 10.87300000 0.86256800
vt 10.87300000 0.85818120
vt 10.86369000 0.85818120
vt 10.86011000 0.85898740
vt 10.05132000 1.00639600
vt 10.06063000 1.00639600
vt 10.06063000 1.00201200
vt 10.05132000 1.00201200
vt 10.04694000 1.00201200
vt 10.04775000 1.00559000
vt 10.04694000 0.68032310
vt 10.05132000 0.68032310
vt 10.06063000 0.68032310
vt 10.06063000 0.67593920
vt 10.05132000 0.67593920
vt 10.04775000 0.67674510
vt 10.85506000 1.05621700
vt 10.86436000 1.05621700
vt 10.86436000 1.05183000
vt 10.85506000 1.05183000
vt 10.85067000 1.05183000
vt 10.85148000 1.05541100
vt 10.85067000 0.86257890
vt 10.85506000 0.86257890
vt 10.86436000 0.86257890
vt 10.86436000 0.85819230
vt 10.85506000 0.85819230
vt 10.85148000 0.85899870
vt 10.90064000 1.00876900
vt 10.90994000 1.00876900
vt 10.90994000 1.00438400
vt 10.90064000 1.00438400
vt 10.90994000 0.81518220
vt 10.89625000 1.00438400
vt 10.89706000 1.00796300
vt 10.89625000 0.81518220
vt 10.90064000 0.81518220
vt 10.90994000 0.81079700
vt 10.90064000 0.81079700
vt 10.89706000 0.81160310
vt 10.08488000 0.99974190
vt 10.09418000 0.99974190
vt 10.09418000 0.99535890
vt 10.08488000 0.99535890
vt 10.09418000 0.56022570
vt 10.08049000 0.99535890
vt 10.08130000 0.99893650
vt 10.08049000 0.56022570
vt 10.08488000 0.56022570
vt 10.09418000 0.55584310
vt 10.08488000 0.55584310
vt 10.08130000 0.55664840
vt 10.90961000 1.00881500
vt 10.91892000 1.00881500
vt 10.91892000 1.00442800
vt 10.90961000 1.00442800
vt 10.91892000 0.81513830
vt 10.90523000 1.00442800
vt 10.90603000 1.00800900
vt 10.90523000 0.81513830
vt 10.90961000 0.81513830
vt 10.91892000 0.81075080
vt 10.90961000 0.81075080
vt 10.90603000 0.81155720
vt 10.09351000 0.99974260
vt 10.10281000 0.99974260
vt 10.10281000 0.99535960
vt 10.09351000 0.99535960
vt 10.10281000 0.56022510
vt 10.08913000 0.99535960
vt 10.08994000 0.99893720
vt 10.08913000 0.56022510
vt 10.09351000 0.56022510
vt 10.10281000 0.55584230
vt 10.09351000 0.55584230
vt 10.08994000 0.55664770
vt 10.41473000 1.12912200
vt 10.42403000 1.12912200
vt 10.42403000 1.12474000
vt 10.41473000 1.12474000
vt 10.41035000 1.12474000
vt 10.41116000 1.12831600
vt 10.41035000 0.46718450
vt 10.41473000 0.46718450
vt 10.42403000 0.46718450
vt 10.42403000 0.46280260
vt 10.41473000 0.46280260
vt 10.41116000 0.46360810
vt 10.38529000 1.00774500
vt 10.39463000 1.00774500
vt 10.39463000 1.00334300
vt 10.38529000 1.00334300
vt 10.38089000 1.00334300
vt 10.38170000 1.00693500
vt 10.38089000 0.95488990
vt 10.38529000 0.95488990
vt 10.39463000 0.95488990
vt 10.39463000 0.95048760
vt 10.38529000 0.95048760
vt 10.38170000 0.95129690
vt 10.38801000 1.12912800
vt 10.39730000 1.12912800
vt 10.39730000 1.12474500
vt 10.38801000 1.12474500
vt 10.38363000 1.12474500
vt 10.38443000 1.12832200
vt 10.38363000 0.46717870
vt 10.38801000 0.46717870
vt 10.39730000 0.46717870
vt 10.39730000 0.46279660
vt 10.38801000 0.46279660
vt 10.38443000 0.46360210
vt 10.39427000 1.00773300
vt 10.40361000 1.00773300
vt 10.40361000 1.00333300
vt 10.39427000 1.00333300
vt 10.38987000 1.00333300
vt 10.39068000 1.00692400
vt 10.38987000 0.95490000
vt 10.39427000 0.95490000
vt 10.40361000 0.95490000
vt 10.40361000 0.95049900
vt 10.39427000 0.95049900
vt 10.39068000 0.95130790
vt 10.08865000 0.55828100
vt 10.08511000 0.55907760
vt 10.08432000 0.56261560
vt 10.08865000 0.56261560
vt 10.27567000 0.55828100
vt 10.08865000 0.99296910
vt 10.08432000 0.99296910
vt 10.27567000 0.56261560
vt 10.08865000 0.99730400
vt 10.08511000 0.99650740
vt 10.27567000 0.99296910
vt 10.27567000 0.99730400
vt 10.28000000 0.99296910
vt 10.27921000 0.99650740
vt 10.28000000 0.56261560
vt 10.27921000 0.55907760
vt 9.92988400 0.67774500
vt 9.92634500 0.67854210
vt 9.92554900 0.68208100
vt 9.92988400 0.68208100
vt 10.11695000 0.67774500
vt 9.92988400 1.00025400
vt 9.92554900 1.00025400
vt 10.11695000 0.68208100
vt 9.92988400 1.00459000
vt 9.92634500 1.00379300
vt 10.11695000 1.00025400
vt 10.11695000 1.00459000
vt 10.12129000 1.00025400
vt 10.12049000 1.00379300
vt 10.12129000 0.68208100
vt 10.12049000 0.67854210
vt 10.22255000 0.56261580
vt 10.22175000 0.55907770
vt 10.21822000 0.55828120
vt 10.21822000 0.56261580
vt 10.22255000 0.99296890
vt 10.03119000 0.56261580
vt 10.03119000 0.55828120
vt 10.21822000 0.99296890
vt 10.02685000 0.56261580
vt 10.02765000 0.55907770
vt 10.03119000 0.99296890
vt 10.02685000 0.99296890
vt 10.03119000 0.99730380
vt 10.02765000 0.99650720
vt 10.21822000 0.99730380
vt 10.22175000 0.99650720
vt 10.37987000 0.46500910
vt 10.37632000 0.46580930
vt 10.37552000 0.46936230
vt 10.37987000 0.46936230
vt 10.42778000 0.46500910
vt 10.37987000 1.12256200
vt 10.37552000 1.12256200
vt 10.42778000 0.46936230
vt 10.37987000 1.12691500
vt 10.37632000 1.12611500
vt 10.42778000 1.12256200
vt 10.42778000 1.12691500
vt 10.43214000 1.12256200
vt 10.43134000 1.12611500
vt 10.43214000 0.46936230
vt 10.43134000 0.46580930
vt 10.76780000 1.17631600
vt 10.77768000 1.17631600
vt 10.77768000 1.16759700
vt 10.76780000 1.16759700
vt 10.75908000 1.16759700
vt 10.76068000 1.17471400
vt 10.75908000 0.43982340
vt 10.76780000 0.43982340
vt 10.77768000 0.43982340
vt 10.77768000 0.43110390
vt 10.76780000 0.43110390
vt 10.76068000 0.43270670
vt 10.36135000 1.09848900
vt 10.37123000 1.09848900
vt 10.37123000 1.08976900
vt 10.36135000 1.08976900
vt 10.35263000 1.08976900
vt 10.35423000 1.09688700
vt 10.35263000 0.49048690
vt 10.36135000 0.49048690
vt 10.37123000 0.49048690
vt 10.37123000 0.48176660
vt 10.36135000 0.48176660
vt 10.35423000 0.48336940
vt 10.61872000 1.17631600
vt 10.62860000 1.17631600
vt 10.62860000 1.16759700
vt 10.61872000 1.16759700
vt 10.61000000 1.16759700
vt 10.61161000 1.17471400
vt 10.61000000 0.43982340
vt 10.61872000 0.43982340
vt 10.62860000 0.43982340
vt 10.62860000 0.43110420
vt 10.61872000 0.43110420
vt 10.61161000 0.43270670
vt 10.35166000 1.08633400
vt 10.36155000 1.08633400
vt 10.36155000 1.07761400
vt 10.35166000 1.07761400
vt 10.34294000 1.07761400
vt 10.34455000 1.08473200
vt 10.34294000 0.47830680
vt 10.35166000 0.47830680
vt 10.36155000 0.47830680
vt 10.36155000 0.46958610
vt 10.35166000 0.46958610
vt 10.34455000 0.47118890
vt 10.39943000 0.43756070
vt 10.39244000 0.43913550
vt 10.39086000 0.44612890
vt 10.39943000 0.44612890
vt 10.98825000 0.43756070
vt 10.39943000 1.16129100
vt 10.39086000 1.16129100
vt 10.98825000 0.44612890
vt 10.39943000 1.16985900
vt 10.39244000 1.16828500
vt 10.98825000 1.16129100
vt 10.98825000 1.16985900
vt 10.99682000 1.16129100
vt 10.99525000 1.16828500
vt 10.99682000 0.44612890
vt 10.99525000 0.43913550
vt 10.35690000 0.18024160
vt 10.33628000 0.18024160
vt 10.33628000 0.18649140
vt 10.35690000 0.18649140
vt 10.36315000 0.18649140
vt 10.36201000 0.18139030
vt 10.36315000 1.03864800
vt 10.35690000 1.03864800
vt 10.33628000 1.03864800
vt 10.33628000 1.04489800
vt 10.35690000 1.04489800
vt 10.36201000 1.04375000
vt 10.10479000 0.84592800
vt 10.08406000 0.84592800
vt 10.08406000 0.85156920
vt 10.10479000 0.85156920
vt 10.11108000 0.85156920
vt 10.10992000 0.84696470
vt 10.11108000 0.96515310
vt 10.10479000 0.96515310
vt 10.08406000 0.96515310
vt 10.08406000 0.97079400
vt 10.10479000 0.97079400
vt 10.10992000 0.96975760
vt 10.07879000 0.97079350
vt 10.09953000 0.97079350
vt 10.09953000 0.96515230
vt 10.07879000 0.96515230
vt 10.07251000 0.96515230
vt 10.07366000 0.96975700
vt 10.07251000 0.85156950
vt 10.07879000 0.85156950
vt 10.09953000 0.85156950
vt 10.09953000 0.84592840
vt 10.07879000 0.84592840
vt 10.07366000 0.84696510
vt 10.38921000 1.05706500
vt 10.40984000 1.05706500
vt 10.40984000 1.05081500
vt 10.38921000 1.05081500
vt 10.38296000 1.05081500
vt 10.38411000 1.05591500
vt 10.38296000 0.19866050
vt 10.38921000 0.19866050
vt 10.40984000 0.19866050
vt 10.40984000 0.19241070
vt 10.38921000 0.19241070
vt 10.38411000 0.19355920
vt 10.40178000 1.05706600
vt 10.42241000 1.05706600
vt 10.42241000 1.05081600
vt 10.40178000 1.05081600
vt 10.39553000 1.05081600
vt 10.39668000 1.05591700
vt 10.39553000 0.19865910
vt 10.40178000 0.19865910
vt 10.42241000 0.19865910
vt 10.42241000 0.19240930
vt 10.40178000 0.19240930
vt 10.39668000 0.19355770
vt 10.31664000 0.19371140
vt 10.31207000 0.19485640
vt 10.31104000 0.19994240
vt 10.31664000 0.19994240
vt 10.42929000 0.19371140
vt 10.31664000 1.04953300
vt 10.31104000 1.04953300
vt 10.42929000 0.19994240
vt 10.31664000 1.05576400
vt 10.31207000 1.05461800
vt 10.42929000 1.04953300
vt 10.42929000 1.05576400
vt 10.43488000 1.04953300
vt 10.43386000 1.05461800
vt 10.43488000 0.19994240
vt 10.43386000 0.19485640
vt 10.48905000 0.79303910
vt 10.50110000 0.80482540
vt 10.49893000 0.79520930
vt 10.48905000 0.80482540
vt 10.50140000 0.84483890
vt 10.48905000 0.84244160
vt 10.48905000 0.85422820
vt 10.49922000 0.85306490
vt 10.50143000 0.85950110
vt 10.48905000 0.86499000
vt 10.50110000 0.90407940
vt 10.48905000 0.90666470
vt 10.50110000 0.93044440
vt 10.48905000 0.93259730
vt 10.50110000 0.96375070
vt 10.48905000 0.96544160
vt 10.49999000 0.99961130
vt 10.48905000 1.00313700
vt 10.48905000 1.01313000
vt 10.49826000 1.00920100
vt 10.78230000 1.04502000
vt 10.77098000 1.05612800
vt 10.78026000 1.05412200
vt 10.77098000 1.04504900
vt 10.77098000 0.86842850
vt 10.78230000 0.86842850
vt 10.77098000 0.85734990
vt 10.78027000 0.85938580
vt 10.88153000 1.00191900
vt 10.87021000 1.01299600
vt 10.87950000 1.01096000
vt 10.87021000 1.00191900
vt 10.87021000 0.81822260
vt 10.88153000 0.81823250
vt 10.87021000 0.80714510
vt 10.87950000 0.80918280
vt 10.02339000 0.93938640
vt 10.01204000 0.95049130
vt 10.02135000 0.94845000
vt 10.01204000 0.93938640
vt 10.01204000 0.84673300
vt 10.02332000 0.84590740
vt 10.01204000 0.83562810
vt 10.02071000 0.83683690
vt 10.75085000 0.82091720
vt 10.76163000 0.81016470
vt 10.75279000 0.81214450
vt 10.76160000 0.82091720
vt 10.93302000 0.82091720
vt 10.93302000 0.81016470
vt 10.75208000 0.85742120
vt 10.94377000 0.82091720
vt 10.94179000 0.81214100
vt 10.93302000 0.99922380
vt 10.94377000 0.99921420
vt 10.93302000 1.00997600
vt 10.94179000 1.00799900
vt 10.84076000 0.99959190
vt 10.84250000 1.00996600
vt 10.82892000 0.99861880
vt 10.83372000 1.00736800
vt 10.82845000 0.96218000
vt 10.81835000 0.96590380
vt 10.81596000 0.93077670
vt 10.80628000 0.93551850
vt 10.79816000 0.90577210
vt 10.78903000 0.91146620
vt 10.76084000 0.86207010
vt 10.75625000 0.87079740
vt 10.75119000 0.86492600
vt 10.40933000 0.62170820
vt 9.74194500 1.09186300
vt 10.40933000 1.09186300
vt 9.74194500 0.62170820
vt 10.40933000 0.15155430
vt 9.74194500 0.15155430
vt 10.31217000 0.62170820
vt 10.20972000 1.10278900
vt 10.31217000 1.10278900
vt 10.20972000 0.62170820
vt 10.20972000 0.14062880
vt 10.31217000 0.14062880
vt 10.10728000 0.14062880
vt 10.10728000 0.62170820
vt 10.10728000 1.10278900
vt 10.05606000 1.10278900
vt 10.05606000 0.62170820
vt 10.05606000 0.14062880
vt 9.83335800 0.78128620
vt 9.83335800 0.83134420
vt 10.30351000 0.83134420
vt 10.30351000 0.78128620
vt 10.77367000 0.83134420
vt 10.77367000 0.78128620
vt 10.77367000 0.68117010
vt 10.30351000 0.68117010
vt 9.83335800 0.68117010
vt 9.83335800 0.58105420
vt 10.30351000 0.58105420
vt 10.77367000 0.58105420
vt 9.83335800 -0.52694850
vt 10.77367000 -0.52694850
vt 10.30351000 -0.52694850
vt 10.24634000 -0.42948200
vt 10.29167000 0.62112360
vt 10.29167000 -0.37420170
vt 10.71650000 -0.37420170
vt 10.24634000 0.67852150
vt 10.71650000 -0.42948200
vt 10.71650000 0.62112360
vt 10.71650000 0.67852150
vt 11.18665000 0.67852150
vt 11.14133000 0.62112360
vt 11.18665000 -0.42948200
vt 11.14133000 -0.37420170
vt 10.41685000 0.99387500
vt 10.41868000 0.99411520
vt 10.41868000 0.80150220
vt 10.41445000 1.00285500
vt 10.41608000 1.00380000
vt 10.41685000 0.80174260
vt 10.41608000 0.79181710
vt 10.41445000 0.79276230
vt 10.40907000 0.78479960
vt 10.40812000 1.00918100
vt 10.40907000 1.01081700
vt 10.39948000 1.01149600
vt 10.39948000 1.01338600
vt 10.39084000 1.00918100
vt 10.38989000 1.01081700
vt 10.38451000 1.00285500
vt 10.38287000 1.00380000
vt 10.38210000 0.99387500
vt 10.38028000 0.99411520
vt 10.38210000 0.80174260
vt 10.38028000 0.80150220
vt 10.38451000 0.79276230
vt 10.38287000 0.79181710
vt 10.40812000 0.78643700
vt 10.39948000 0.78223140
vt 10.39084000 0.78643700
vt 10.38989000 0.78479960
vt 10.39948000 0.78412170
vt 10.65343000 1.04413900
vt 10.65455000 1.04560100
vt 10.80583000 0.89431980
vt 10.64538000 1.04878800
vt 10.64587000 1.05061400
vt 10.80437000 0.89319870
vt 10.81084000 0.88563630
vt 10.80902000 0.88514700
vt 10.81084000 0.87571200
vt 10.63643000 1.04878800
vt 10.63594000 1.05061300
vt 10.62868000 1.04431400
vt 10.62735000 1.04565000
vt 10.62421000 1.03656500
vt 10.62238000 1.03705400
vt 10.62421000 1.02762000
vt 10.62238000 1.02713000
vt 10.62886000 1.01956800
vt 10.62739000 1.01844700
vt 10.77980000 0.86862740
vt 10.77868000 0.86716630
vt 10.78785000 0.86397860
vt 10.78736000 0.86215320
vt 10.80902000 0.87620170
vt 10.80588000 0.86711660
vt 10.79679000 0.86397860
vt 10.79728000 0.86215290
vt 10.80454000 0.86845290
vt 10.60625000 1.04414200
vt 10.60737000 1.04560300
vt 10.75865000 0.89431760
vt 10.59820000 1.04879100
vt 10.59868000 1.05061700
vt 10.75719000 0.89319660
vt 10.76367000 0.88563390
vt 10.76184000 0.88514450
vt 10.76367000 0.87570930
vt 10.58925000 1.04879100
vt 10.58876000 1.05061600
vt 10.58150000 1.04431700
vt 10.58016000 1.04565300
vt 10.57703000 1.03656800
vt 10.57520000 1.03705700
vt 10.57703000 1.02762200
vt 10.57520000 1.02713300
vt 10.58168000 1.01957000
vt 10.58021000 1.01844900
vt 10.73262000 0.86862440
vt 10.73150000 0.86716330
vt 10.74067000 0.86397550
vt 10.74018000 0.86215000
vt 10.76184000 0.87619890
vt 10.75870000 0.86711350
vt 10.74962000 0.86397550
vt 10.75011000 0.86214970
vt 10.75737000 0.86844990
vt 10.31746000 0.73270150
vt 10.31564000 0.73246130
vt 10.31564000 0.94640120
vt 10.31987000 0.72372100
vt 10.31823000 0.72277640
vt 10.31746000 0.94616100
vt 10.31823000 0.95608620
vt 10.31987000 0.95514140
vt 10.32525000 0.96310370
vt 10.32619000 0.71739570
vt 10.32525000 0.71575920
vt 10.33484000 0.71508070
vt 10.33484000 0.71319070
vt 10.34348000 0.71739570
vt 10.34443000 0.71575920
vt 10.34981000 0.72372100
vt 10.35144000 0.72277640
vt 10.35221000 0.73270150
vt 10.35404000 0.73246130
vt 10.35221000 0.94616100
vt 10.35404000 0.94640120
vt 10.34981000 0.95514140
vt 10.35144000 0.95608620
vt 10.32619000 0.96146660
vt 10.33484000 0.96567200
vt 10.34348000 0.96146660
vt 10.34443000 0.96310370
vt 10.33484000 0.96378190
vt 10.08170000 0.95720200
vt 10.08229000 0.95728050
vt 10.08229000 0.85704470
vt 10.08091000 0.96012590
vt 10.08145000 0.96043350
vt 10.08170000 0.85712280
vt 10.08145000 0.85389170
vt 10.08091000 0.85419950
vt 10.07916000 0.85160690
vt 10.07885000 0.96218510
vt 10.07916000 0.96271800
vt 10.07604000 0.96293870
vt 10.07604000 0.96355400
vt 10.07323000 0.96218510
vt 10.07292000 0.96271800
vt 10.07117000 0.96012590
vt 10.07063000 0.96043350
vt 10.07038000 0.95720200
vt 10.06979000 0.95728050
vt 10.07038000 0.85712280
vt 10.06979000 0.85704470
vt 10.07117000 0.85419950
vt 10.07063000 0.85389170
vt 10.07885000 0.85214000
vt 10.07604000 0.85077080
vt 10.07323000 0.85214000
vt 10.07292000 0.85160690
vt 10.07604000 0.85138620
vt 10.07329000 0.93243530
vt 10.07388000 0.93251340
vt 10.07388000 0.83228060
vt 10.07250000 0.93535910
vt 10.07304000 0.93566660
vt 10.07329000 0.83235880
vt 10.07304000 0.82912770
vt 10.07250000 0.82943520
vt 10.07075000 0.82684330
vt 10.07045000 0.93741800
vt 10.07075000 0.93795080
vt 10.06763000 0.93817170
vt 10.06763000 0.93878710
vt 10.06482000 0.93741800
vt 10.06451000 0.93795080
vt 10.06276000 0.93535910
vt 10.06223000 0.93566660
vt 10.06198000 0.93243530
vt 10.06138000 0.93251340
vt 10.06198000 0.83235880
vt 10.06138000 0.83228060
vt 10.06276000 0.82943520
vt 10.06223000 0.82912770
vt 10.07045000 0.82737610
vt 10.06763000 0.82600700
vt 10.06482000 0.82737610
vt 10.06451000 0.82684330
vt 10.06763000 0.82662230
vt 10.06488000 0.94334920
vt 10.06548000 0.94342730
vt 10.06548000 0.84319630
vt 10.06410000 0.94627270
vt 10.06463000 0.94658020
vt 10.06488000 0.84327440
vt 10.06463000 0.84004340
vt 10.06410000 0.84035090
vt 10.06235000 0.83775900
vt 10.06204000 0.94833180
vt 10.06235000 0.94886460
vt 10.05923000 0.94908560
vt 10.05923000 0.94970090
vt 10.05641000 0.94833180
vt 10.05610000 0.94886460
vt 10.05435000 0.94627270
vt 10.05382000 0.94658020
vt 10.05357000 0.94334920
vt 10.05297000 0.94342730
vt 10.05357000 0.84327440
vt 10.05297000 0.84319630
vt 10.05435000 0.84035090
vt 10.05382000 0.84004340
vt 10.06204000 0.83829180
vt 10.05923000 0.83692270
vt 10.05641000 0.83829180
vt 10.05610000 0.83775900
vt 10.05923000 0.83753800
vt 10.43122000 0.80173710
vt 10.43122000 0.99388020
vt 10.43304000 0.99412040
vt 10.43304000 0.80149660
vt 10.43045000 1.00380600
vt 10.42881000 1.00286100
vt 10.42343000 1.01082400
vt 10.39647000 0.99388020
vt 10.42249000 1.00918700
vt 10.41384000 1.01339300
vt 10.42881000 0.79275600
vt 10.43045000 0.79181100
vt 10.39887000 1.00286100
vt 10.41384000 1.01150200
vt 10.40425000 1.01082400
vt 10.40520000 1.00918700
vt 10.39724000 1.00380600
vt 10.39464000 0.99412040
vt 10.39464000 0.80149660
vt 10.39647000 0.80173710
vt 10.39724000 0.79181100
vt 10.39887000 0.79275600
vt 10.40425000 0.78479340
vt 10.40520000 0.78643040
vt 10.41384000 0.78222480
vt 10.42249000 0.78643040
vt 10.42343000 0.78479340
vt 10.41384000 0.78411520
vt 10.68544000 1.04414200
vt 10.53450000 0.89319660
vt 10.53304000 0.89431770
vt 10.68432000 1.04560400
vt 10.52802000 0.88563390
vt 10.52985000 0.88514460
vt 10.52802000 0.87570940
vt 10.55907000 0.86862440
vt 10.52985000 0.87619900
vt 10.53299000 0.86711360
vt 10.69349000 1.04879100
vt 10.69301000 1.05061700
vt 10.55102000 0.86397550
vt 10.53432000 0.86845000
vt 10.54158000 0.86214980
vt 10.54207000 0.86397550
vt 10.55151000 0.86215010
vt 10.56019000 0.86716340
vt 10.71148000 1.01844900
vt 10.71002000 1.01957000
vt 10.71649000 1.02713200
vt 10.71466000 1.02762200
vt 10.71649000 1.03705600
vt 10.71466000 1.03656800
vt 10.71153000 1.04565300
vt 10.70244000 1.04879100
vt 10.70293000 1.05061600
vt 10.71019000 1.04431600
vt 10.33183000 0.98305250
vt 10.33183000 0.76959330
vt 10.33000000 0.76935290
vt 10.33000000 0.98329290
vt 10.33260000 0.75966790
vt 10.33423000 0.76061300
vt 10.33961000 0.75265030
vt 10.36658000 0.76959310
vt 10.34056000 0.75428750
vt 10.34920000 0.75008190
vt 10.33423000 0.99203280
vt 10.33260000 0.99297800
vt 10.36417000 0.76061300
vt 10.34920000 0.75197220
vt 10.35879000 0.75265030
vt 10.35785000 0.75428750
vt 10.36581000 0.75966790
vt 10.36840000 0.76935260
vt 10.36840000 0.98329290
vt 10.36658000 0.98305250
vt 10.36581000 0.99297800
vt 10.36417000 0.99203280
vt 10.35879000 0.99999490
vt 10.35785000 0.99835810
vt 10.34920000 1.00256400
vt 10.34056000 0.99835810
vt 10.33961000 0.99999490
vt 10.34920000 1.00067300
vt 10.51190000 0.86153690
vt 10.66283000 1.01247300
vt 10.66429000 1.01135200
vt 10.51302000 0.86007600
vt 10.66930000 1.02003500
vt 10.66748000 1.02052400
vt 10.66931000 1.02995900
vt 10.63826000 1.03704300
vt 10.66748000 1.02946900
vt 10.66434000 1.03855400
vt 10.50384000 0.85688870
vt 10.50433000 0.85506270
vt 10.64631000 1.04169200
vt 10.66301000 1.03721700
vt 10.65575000 1.04351800
vt 10.65526000 1.04169200
vt 10.64582000 1.04351700
vt 10.63714000 1.03850400
vt 10.48586000 0.88722880
vt 10.48732000 0.88610760
vt 10.48085000 0.87854530
vt 10.48268000 0.87805600
vt 10.48085000 0.86862190
vt 10.48268000 0.86911130
vt 10.48581000 0.86002650
vt 10.49490000 0.85688870
vt 10.49441000 0.85506330
vt 10.48715000 0.86136280
vt 10.05647000 0.84327190
vt 10.05647000 0.94335150
vt 10.05707000 0.94342970
vt 10.05707000 0.84319380
vt 10.05622000 0.94658270
vt 10.05569000 0.94627520
vt 10.05394000 0.94886720
vt 10.04516000 0.94335150
vt 10.05363000 0.94833430
vt 10.05082000 0.94970350
vt 10.05569000 0.84034830
vt 10.05622000 0.84004040
vt 10.04594000 0.94627520
vt 10.05082000 0.94908820
vt 10.04770000 0.94886720
vt 10.04800000 0.94833430
vt 10.04541000 0.94658270
vt 10.04457000 0.94342970
vt 10.04457000 0.84319380
vt 10.04516000 0.84327190
vt 10.04541000 0.84004040
vt 10.04594000 0.84034830
vt 10.04770000 0.83775630
vt 10.04800000 0.83828910
vt 10.05082000 0.83691990
vt 10.05363000 0.83828910
vt 10.05394000 0.83775630
vt 10.05082000 0.83753530
vt 10.04807000 0.84327360
vt 10.04807000 0.94335010
vt 10.04866000 0.94342860
vt 10.04866000 0.84319570
vt 10.04782000 0.94658120
vt 10.04728000 0.94627370
vt 10.04553000 0.94886570
vt 10.03675000 0.94335010
vt 10.04522000 0.94833280
vt 10.04241000 0.94970200
vt 10.04728000 0.84035010
vt 10.04782000 0.84004250
vt 10.03754000 0.94627370
vt 10.04241000 0.94908660
vt 10.03929000 0.94886570
vt 10.03960000 0.94833280
vt 10.03700000 0.94658120
vt 10.03616000 0.94342860
vt 10.03616000 0.84319570
vt 10.03675000 0.84327360
vt 10.03700000 0.84004250
vt 10.03754000 0.84035010
vt 10.03929000 0.83775840
vt 10.03960000 0.83829120
vt 10.04241000 0.83692180
vt 10.04522000 0.83829120
vt 10.04553000 0.83775840
vt 10.04241000 0.83753710
vt 10.03966000 0.84327390
vt 10.03966000 0.94334970
vt 10.04025000 0.94342810
vt 10.04025000 0.84319570
vt 10.03941000 0.94658100
vt 10.03888000 0.94627320
vt 10.03712000 0.94886540
vt 10.02835000 0.94334970
vt 10.03682000 0.94833230
vt 10.03400000 0.94970150
vt 10.03888000 0.84035010
vt 10.03941000 0.84004260
vt 10.02913000 0.94627320
vt 10.03400000 0.94908610
vt 10.03088000 0.94886540
vt 10.03119000 0.94833230
vt 10.02860000 0.94658100
vt 10.02775000 0.94342810
vt 10.02775000 0.84319570
vt 10.02835000 0.84327390
vt 10.02860000 0.84004260
vt 10.02913000 0.84035010
vt 10.03088000 0.83775840
vt 10.03119000 0.83829130
vt 10.03400000 0.83692210
vt 10.03682000 0.83829130
vt 10.03712000 0.83775840
vt 10.03400000 0.83753750
f 3/3/3 2/2/2 1/1/1
f 2/2/2 4/4/4 1/1/1
f 2/2/2 5/5/5 4/4/4
f 1/1/1 4/4/4 6/6/6
f 7/7/7 1/1/1 6/6/6
f 8/8/8 6/6/6 4/4/4
f 5/5/5 9/9/9 4/4/4
f 9/9/9 8/8/8 4/4/4
f 5/5/5 10/10/10 9/9/9
f 10/10/10 11/11/11 9/9/9
f 8/8/8 9/9/9 11/11/11
f 12/12/12 8/8/8 11/11/11
f 15/15/15 14/14/14 13/13/13
f 14/14/14 16/16/16 13/13/13
f 14/14/14 17/17/17 16/16/16
f 13/13/13 16/16/16 18/18/18
f 19/19/19 13/13/13 18/18/18
f 20/20/20 18/18/18 16/16/16
f 17/17/17 21/21/21 16/16/16
f 21/21/21 20/20/20 16/16/16
f 21/21/21 17/17/17 22/22/22
f 23/23/23 21/21/21 22/22/22
f 20/20/20 21/21/21 23/23/23
f 24/24/24 20/20/20 23/23/23
f 27/27/27 26/26/26 25/25/25
f 28/28/28 27/27/27 25/25/25
f 27/27/27 28/28/28 29/29/29
f 30/30/30 27/27/27 29/29/29
f 31/31/31 29/29/29 28/28/28
f 32/32/32 28/28/28 25/25/25
f 32/32/32 31/31/31 28/28/28
f 33/33/33 32/32/32 25/25/25
f 33/33/33 34/34/34 32/32/32
f 34/34/34 35/35/35 32/32/32
f 31/31/31 32/32/32 35/35/35
f 36/36/36 31/31/31 35/35/35
f 39/39/39 38/38/38 37/37/37
f 38/38/38 40/40/40 37/37/37
f 38/38/38 41/41/41 40/40/40
f 37/37/37 40/40/40 42/42/42
f 43/43/43 37/37/37 42/42/42
f 44/44/44 42/42/42 40/40/40
f 41/41/41 45/45/45 40/40/40
f 45/45/45 44/44/44 40/40/40
f 41/41/41 46/46/46 45/45/45
f 44/44/44 45/45/45 47/47/47
f 46/46/46 47/47/47 45/45/45
f 48/48/48 44/44/44 47/47/47
f 48/48/48 47/47/47 49/49/49
f 46/46/46 50/50/50 47/47/47
f 47/47/47 51/51/51 49/49/49
f 50/50/50 51/51/51 47/47/47
f 52/52/52 49/49/49 51/51/51
f 51/51/51 50/50/50 53/53/53
f 53/53/53 52/52/52 51/51/51
f 50/50/50 54/54/54 53/53/53
f 55/55/55 52/52/52 53/53/53
f 54/54/54 56/56/56 53/53/53
f 57/57/57 55/55/55 53/53/53
f 56/56/56 57/57/57 53/53/53
f 55/55/55 57/57/57 58/58/58
f 56/56/56 59/59/59 57/57/57
f 57/57/57 60/60/60 58/58/58
f 59/59/59 60/60/60 57/57/57
f 58/58/58 60/60/60 61/61/61
f 62/62/62 60/60/60 59/59/59
f 60/60/60 62/62/62 61/61/61
f 63/63/63 62/62/62 59/59/59
f 63/63/63 64/64/64 62/62/62
f 64/64/64 65/65/65 62/62/62
f 61/61/61 62/62/62 65/65/65
f 66/66/66 61/61/61 65/65/65
f 69/69/69 68/68/68 67/67/67
f 68/68/68 70/70/70 67/67/67
f 71/71/71 67/67/67 70/70/70
f 72/72/72 70/70/70 68/68/68
f 73/73/73 72/72/72 68/68/68
f 74/74/74 71/71/71 70/70/70
f 70/70/70 72/72/72 74/74/74
f 75/75/75 71/71/71 74/74/74
f 72/72/72 76/76/76 74/74/74
f 77/77/77 74/74/74 76/76/76
f 77/77/77 75/75/75 74/74/74
f 75/75/75 77/77/77 78/78/78
f 79/79/79 72/72/72 73/73/73
f 76/76/76 72/72/72 79/79/79
f 80/80/80 79/79/79 73/73/73
f 81/81/81 76/76/76 79/79/79
f 77/77/77 82/82/82 78/78/78
f 82/82/82 77/77/77 76/76/76
f 78/78/78 82/82/82 83/83/83
f 82/82/82 84/84/84 83/83/83
f 84/84/84 82/82/82 76/76/76
f 85/85/85 76/76/76 81/81/81
f 86/86/86 85/85/85 81/81/81
f 87/87/87 76/76/76 85/85/85
f 87/87/87 84/84/84 76/76/76
f 88/88/88 87/87/87 85/85/85
f 89/89/89 87/87/87 88/88/88
f 84/84/84 87/87/87 89/89/89
f 90/90/90 89/89/89 88/88/88
f 91/91/91 84/84/84 89/89/89
f 83/83/83 84/84/84 91/91/91
f 92/92/92 83/83/83 91/91/91
f 95/95/95 94/94/94 93/93/93
f 96/96/96 95/95/95 93/93/93
f 97/97/97 95/95/95 96/96/96
f 96/96/96 93/93/93 98/98/98
f 93/93/93 99/99/99 98/98/98
f 98/98/98 100/100/100 96/96/96
f 101/101/101 97/97/97 96/96/96
f 100/100/100 101/101/101 96/96/96
f 102/102/102 97/97/97 101/101/101
f 103/103/103 102/102/102 101/101/101
f 101/101/101 100/100/100 103/103/103
f 100/100/100 104/104/104 103/103/103
f 107/107/107 106/106/106 105/105/105
f 108/108/108 107/107/107 105/105/105
f 109/109/109 107/107/107 108/108/108
f 108/108/108 105/105/105 110/110/110
f 105/105/105 111/111/111 110/110/110
f 110/110/110 112/112/112 108/108/108
f 113/113/113 109/109/109 108/108/108
f 112/112/112 113/113/113 108/108/108
f 109/109/109 113/113/113 114/114/114
f 113/113/113 115/115/115 114/114/114
f 113/113/113 112/112/112 115/115/115
f 112/112/112 116/116/116 115/115/115
f 119/119/119 118/118/118 117/117/117
f 118/118/118 120/120/120 117/117/117
f 120/120/120 118/118/118 121/121/121
f 118/118/118 122/122/122 121/121/121
f 121/121/121 123/123/123 120/120/120
f 120/120/120 124/124/124 117/117/117
f 123/123/123 124/124/124 120/120/120
f 124/124/124 125/125/125 117/117/117
f 126/126/126 125/125/125 124/124/124
f 127/127/127 126/126/126 124/124/124
f 124/124/124 123/123/123 127/127/127
f 123/123/123 128/128/128 127/127/127
f 131/131/131 130/130/130 129/129/129
f 132/132/132 131/131/131 129/129/129
f 133/133/133 131/131/131 132/132/132
f 132/132/132 129/129/129 134/134/134
f 129/129/129 135/135/135 134/134/134
f 134/134/134 136/136/136 132/132/132
f 137/137/137 133/133/133 132/132/132
f 136/136/136 137/137/137 132/132/132
f 138/138/138 133/133/133 137/137/137
f 137/137/137 136/136/136 139/139/139
f 139/139/139 138/138/138 137/137/137
f 136/136/136 140/140/140 139/139/139
f 139/139/139 140/140/140 141/141/141
f 142/142/142 138/138/138 139/139/139
f 143/143/143 139/139/139 141/141/141
f 143/143/143 142/142/142 139/139/139
f 141/141/141 144/144/144 143/143/143
f 142/142/142 143/143/143 145/145/145
f 144/144/144 145/145/145 143/143/143
f 146/146/146 142/142/142 145/145/145
f 144/144/144 147/147/147 145/145/145
f 148/148/148 146/146/146 145/145/145
f 147/147/147 149/149/149 145/145/145
f 149/149/149 148/148/148 145/145/145
f 149/149/149 147/147/147 150/150/150
f 151/151/151 148/148/148 149/149/149
f 152/152/152 149/149/149 150/150/150
f 152/152/152 151/151/151 149/149/149
f 152/152/152 150/150/150 153/153/153
f 152/152/152 154/154/154 151/151/151
f 154/154/154 152/152/152 153/153/153
f 154/154/154 155/155/155 151/151/151
f 156/156/156 155/155/155 154/154/154
f 157/157/157 156/156/156 154/154/154
f 154/154/154 153/153/153 157/157/157
f 153/153/153 158/158/158 157/157/157
f 161/161/161 160/160/160 159/159/159
f 162/162/162 161/161/161 159/159/159
f 159/159/159 163/163/163 162/162/162
f 162/162/162 164/164/164 161/161/161
f 164/164/164 165/165/165 161/161/161
f 163/163/163 166/166/166 162/162/162
f 164/164/164 162/162/162 166/166/166
f 163/163/163 167/167/167 166/166/166
f 168/168/168 164/164/164 166/166/166
f 166/166/166 169/169/169 168/168/168
f 167/167/167 169/169/169 166/166/166
f 169/169/169 167/167/167 170/170/170
f 164/164/164 171/171/171 165/165/165
f 164/164/164 168/168/168 171/171/171
f 171/171/171 172/172/172 165/165/165
f 168/168/168 173/173/173 171/171/171
f 174/174/174 169/169/169 170/170/170
f 169/169/169 174/174/174 168/168/168
f 174/174/174 170/170/170 175/175/175
f 176/176/176 174/174/174 175/175/175
f 174/174/174 176/176/176 168/168/168
f 168/168/168 177/177/177 173/173/173
f 177/177/177 178/178/178 173/173/173
f 168/168/168 179/179/179 177/177/177
f 176/176/176 179/179/179 168/168/168
f 179/179/179 180/180/180 177/177/177
f 179/179/179 181/181/181 180/180/180
f 179/179/179 176/176/176 181/181/181
f 181/181/181 182/182/182 180/180/180
f 176/176/176 183/183/183 181/181/181
f 176/176/176 175/175/175 183/183/183
f 175/175/175 184/184/184 183/183/183
f 187/187/187 186/186/186 185/185/185
f 186/186/186 188/188/188 185/185/185
f 185/185/185 188/188/188 189/189/189
f 190/190/190 185/185/185 189/189/189
f 191/191/191 189/189/189 188/188/188
f 188/188/188 186/186/186 192/192/192
f 192/192/192 191/191/191 188/188/188
f 186/186/186 193/193/193 192/192/192
f 194/194/194 191/191/191 192/192/192
f 193/193/193 195/195/195 192/192/192
f 196/196/196 194/194/194 192/192/192
f 195/195/195 196/196/196 192/192/192
f 199/199/199 198/198/198 197/197/197
f 198/198/198 200/200/200 197/197/197
f 198/198/198 201/201/201 200/200/200
f 200/200/200 202/202/202 197/197/197
f 202/202/202 203/203/203 197/197/197
f 202/202/202 200/200/200 204/204/204
f 201/201/201 205/205/205 200/200/200
f 200/200/200 205/205/205 204/204/204
f 201/201/201 206/206/206 205/205/205
f 204/204/204 205/205/205 207/207/207
f 206/206/206 208/208/208 205/205/205
f 205/205/205 208/208/208 207/207/207
f 206/206/206 209/209/209 208/208/208
f 210/210/210 207/207/207 208/208/208
f 209/209/209 211/211/211 208/208/208
f 211/211/211 210/210/210 208/208/208
f 214/214/214 213/213/213 212/212/212
f 213/213/213 215/215/215 212/212/212
f 212/212/212 215/215/215 216/216/216
f 217/217/217 212/212/212 216/216/216
f 216/216/216 215/215/215 218/218/218
f 215/215/215 213/213/213 219/219/219
f 215/215/215 219/219/219 218/218/218
f 213/213/213 220/220/220 219/219/219
f 221/221/221 218/218/218 219/219/219
f 220/220/220 222/222/222 219/219/219
f 223/223/223 221/221/221 219/219/219
f 222/222/222 223/223/223 219/219/219
f 226/226/226 225/225/225 224/224/224
f 225/225/225 227/227/227 224/224/224
f 225/225/225 228/228/228 227/227/227
f 227/227/227 229/229/229 224/224/224
f 229/229/229 230/230/230 224/224/224
f 229/229/229 227/227/227 231/231/231
f 228/228/228 232/232/232 227/227/227
f 227/227/227 232/232/232 231/231/231
f 228/228/228 233/233/233 232/232/232
f 234/234/234 231/231/231 232/232/232
f 233/233/233 235/235/235 232/232/232
f 235/235/235 234/234/234 232/232/232
f 233/233/233 236/236/236 235/235/235
f 237/237/237 234/234/234 235/235/235
f 236/236/236 238/238/238 235/235/235
f 238/238/238 237/237/237 235/235/235
f 241/241/241 240/240/240 239/239/239
f 240/240/240 242/242/242 239/239/239
f 243/243/243 239/239/239 242/242/242
f 244/244/244 243/243/243 242/242/242
f 243/243/243 244/244/244 245/245/245
f 244/244/244 246/246/246 245/245/245
f 247/247/247 245/245/245 246/246/246
f 248/248/248 247/247/247 246/246/246
f 249/249/249 246/246/246 244/244/244
f 246/246/246 249/249/249 248/248/248
f 250/250/250 249/249/249 244/244/244
f 250/250/250 244/244/244 242/242/242
f 249/249/249 251/251/251 248/248/248
f 251/251/251 252/252/252 248/248/248
f 252/252/252 253/253/253 248/248/248
f 254/254/254 250/250/250 242/242/242
f 254/254/254 242/242/242 240/240/240
f 255/255/255 254/254/254 240/240/240
f 255/255/255 240/240/240 256/256/256
f 257/257/257 255/255/255 256/256/256
f 260/260/260 259/259/259 258/258/258
f 261/261/261 260/260/260 258/258/258
f 262/262/262 260/260/260 261/261/261
f 263/263/263 262/262/262 261/261/261
f 262/262/262 263/263/263 264/264/264
f 263/263/263 265/265/265 264/264/264
f 264/264/264 265/265/265 266/266/266
f 265/265/265 267/267/267 266/266/266
f 265/265/265 268/268/268 267/267/267
f 268/268/268 265/265/265 263/263/263
f 268/268/268 269/269/269 267/267/267
f 270/270/270 268/268/268 263/263/263
f 270/270/270 263/263/263 261/261/261
f 271/271/271 270/270/270 261/261/261
f 271/271/271 261/261/261 258/258/258
f 272/272/272 271/271/271 258/258/258
f 272/272/272 258/258/258 273/273/273
f 274/274/274 272/272/272 273/273/273
f 277/277/277 276/276/276 275/275/275
f 276/276/276 278/278/278 275/275/275
f 276/276/276 279/279/279 278/278/278
f 279/279/279 280/280/280 278/278/278
f 278/278/278 281/281/281 275/275/275
f 281/281/281 282/282/282 275/275/275
f 283/283/283 281/281/281 278/278/278
f 280/280/280 283/283/283 278/278/278
f 283/283/283 280/280/280 284/284/284
f 280/280/280 285/285/285 284/284/284
f 288/288/288 287/287/287 286/286/286
f 287/287/287 289/289/289 286/286/286
f 289/289/289 290/290/290 286/286/286
f 290/290/290 289/289/289 291/291/291
f 289/289/289 292/292/292 291/291/291
f 290/290/290 293/293/293 286/286/286
f 286/286/286 293/293/293 294/294/294
f 293/293/293 295/295/295 294/294/294
f 298/298/298 297/297/297 296/296/296
f 297/297/297 299/299/299 296/296/296
f 300/300/300 296/296/296 299/299/299
f 301/301/301 300/300/300 299/299/299
f 300/300/300 301/301/301 302/302/302
f 301/301/301 303/303/303 302/302/302
f 304/304/304 301/301/301 299/299/299
f 305/305/305 304/304/304 299/299/299
f 308/308/308 307/307/307 306/306/306
f 309/309/309 308/308/308 306/306/306
f 310/310/310 308/308/308 309/309/309
f 311/311/311 310/310/310 309/309/309
f 310/310/310 311/311/311 312/312/312
f 311/311/311 313/313/313 312/312/312
f 314/314/314 313/313/313 311/311/311
f 315/315/315 314/314/314 311/311/311
f 315/315/315 311/311/311 309/309/309
f 316/316/316 315/315/315 309/309/309
f 319/319/319 318/318/318 317/317/317
f 320/320/320 319/319/319 317/317/317
f 320/320/320 317/317/317 321/321/321
f 321/321/321 317/317/317 322/322/322
f 323/323/323 320/320/320 321/321/321
f 324/324/324 321/321/321 322/322/322
f 323/323/323 321/321/321 325/325/325
f 321/321/321 324/324/324 325/325/325
f 326/326/326 323/323/323 325/325/325
f 324/324/324 327/327/327 325/325/325
f 326/326/326 325/325/325 328/328/328
f 325/325/325 327/327/327 328/328/328
f 329/329/329 326/326/326 328/328/328
f 330/330/330 329/329/329 328/328/328
f 327/327/327 331/331/331 328/328/328
f 332/332/332 330/330/330 328/328/328
f 332/332/332 328/328/328 331/331/331
f 333/333/333 332/332/332 331/331/331
f 336/336/336 335/335/335 334/334/334
f 335/335/335 337/337/337 334/334/334
f 337/337/337 335/335/335 338/338/338
f 335/335/335 339/339/339 338/338/338
f 339/339/339 340/340/340 338/338/338
f 338/338/338 341/341/341 337/337/337
f 341/341/341 342/342/342 337/337/337
f 343/343/343 341/341/341 338/338/338
f 340/340/340 344/344/344 338/338/338
f 344/344/344 343/343/343 338/338/338
f 340/340/340 345/345/345 344/344/344
f 346/346/346 343/343/343 344/344/344
f 345/345/345 347/347/347 344/344/344
f 347/347/347 346/346/346 344/344/344
f 346/346/346 347/347/347 348/348/348
f 345/345/345 349/349/349 347/347/347
f 347/347/347 350/350/350 348/348/348
f 349/349/349 350/350/350 347/347/347
f 349/349/349 351/351/351 350/350/350
f 351/351/351 352/352/352 350/350/350
f 355/355/355 354/354/354 353/353/353
f 354/354/354 356/356/356 353/353/353
f 354/354/354 357/357/357 356/356/356
f 356/356/356 358/358/358 353/353/353
f 358/358/358 359/359/359 353/353/353
f 358/358/358 356/356/356 360/360/360
f 356/356/356 361/361/361 360/360/360
f 357/357/357 361/361/361 356/356/356
f 362/362/362 360/360/360 361/361/361
f 361/361/361 357/357/357 363/363/363
f 363/363/363 362/362/362 361/361/361
f 357/357/357 364/364/364 363/363/363
f 365/365/365 362/362/362 363/363/363
f 364/364/364 366/366/366 363/363/363
f 367/367/367 365/365/365 363/363/363
f 366/366/366 367/367/367 363/363/363
f 368/368/368 365/365/365 367/367/367
f 366/366/366 369/369/369 367/367/367
f 370/370/370 368/368/368 367/367/367
f 369/369/369 370/370/370 367/367/367
f 373/373/373 372/372/372 371/371/371
f 372/372/372 374/374/374 371/371/371
f 372/372/372 375/375/375 374/374/374
f 375/375/375 376/376/376 374/374/374
f 374/374/374 376/376/376 377/377/377
f 378/378/378 374/374/374 377/377/377
f 371/371/371 374/374/374 378/378/378
f 379/379/379 371/371/371 378/378/378
f 382/382/382 381/381/381 380/380/380
f 381/381/381 383/383/383 380/380/380
f 381/381/381 384/384/384 383/383/383
f 383/383/383 385/385/385 380/380/380
f 385/385/385 386/386/386 380/380/380
f 385/385/385 383/383/383 387/387/387
f 383/383/383 388/388/388 387/387/387
f 384/384/384 388/388/388 383/383/383
f 387/387/387 388/388/388 389/389/389
f 388/388/388 384/384/384 390/390/390
f 388/388/388 390/390/390 389/389/389
f 384/384/384 391/391/391 390/390/390
f 392/392/392 389/389/389 390/390/390
f 391/391/391 393/393/393 390/390/390
f 394/394/394 392/392/392 390/390/390
f 393/393/393 394/394/394 390/390/390
f 395/395/395 392/392/392 394/394/394
f 393/393/393 396/396/396 394/394/394
f 397/397/397 395/395/395 394/394/394
f 396/396/396 397/397/397 394/394/394
f 400/400/400 399/399/399 398/398/398
f 399/399/399 401/401/401 398/398/398
f 399/399/399 402/402/402 401/401/401
f 402/402/402 403/403/403 401/401/401
f 403/403/403 404/404/404 401/401/401
f 404/404/404 405/405/405 401/401/401
f 398/398/398 401/401/401 405/405/405
f 406/406/406 398/398/398 405/405/405
f 409/409/409 408/408/408 407/407/407
f 408/408/408 410/410/410 407/407/407
f 408/408/408 411/411/411 410/410/410
f 411/411/411 412/412/412 410/410/410
f 412/412/412 413/413/413 410/410/410
f 413/413/413 414/414/414 410/410/410
f 414/414/414 413/413/413 415/415/415
f 413/413/413 416/416/416 415/415/415
f 416/416/416 417/417/417 415/415/415
f 417/417/417 418/418/418 415/415/415
f 421/421/421 420/420/420 419/419/419
f 419/419/419 420/420/420 422/422/422
f 420/420/420 423/423/423 422/422/422
f 422/422/422 423/423/423 424/424/424
f 419/419/419 422/422/422 425/425/425
f 426/426/426 419/419/419 425/425/425
f 429/429/429 428/428/428 427/427/427
f 430/430/430 429/429/429 427/427/427
f 433/433/433 432/432/432 431/431/431
f 434/434/434 433/433/433 431/431/431
f 437/437/437 436/436/436 435/435/435
f 438/438/438 437/437/437 435/435/435
f 441/441/441 440/440/440 439/439/439
f 442/442/442 441/441/441 439/439/439
f 443/443/443 442/442/442 439/439/439
f 444/444/444 443/443/443 439/439/439
f 443/443/443 445/445/445 442/442/442
f 445/445/445 446/446/446 442/442/442
f 442/442/442 446/446/446 441/441/441
f 446/446/446 447/447/447 441/441/441
f 450/450/450 449/449/449 448/448/448
f 449/449/449 451/451/451 448/448/448
f 451/451/451 452/452/452 448/448/448
f 452/452/452 453/453/453 448/448/448
f 456/456/456 455/455/455 454/454/454
f 455/455/455 457/457/457 454/454/454
f 454/454/454 457/457/457 458/458/458
f 459/459/459 454/454/454 458/458/458
f 460/460/460 459/459/459 458/458/458
f 461/461/461 460/460/460 458/458/458
f 457/457/457 462/462/462 458/458/458
f 457/457/457 463/463/463 462/462/462
f 463/463/463 464/464/464 462/462/462
f 462/462/462 465/465/465 458/458/458
f 465/465/465 466/466/466 458/458/458
f 466/466/466 467/467/467 458/458/458
f 470/470/470 469/469/469 468/468/468
f 469/469/469 471/471/471 468/468/468
f 471/471/471 472/472/472 468/468/468
f 472/472/472 473/473/473 468/468/468
f 476/476/476 475/475/475 474/474/474
f 475/475/475 477/477/477 474/474/474
f 477/477/477 475/475/475 478/478/478
f 475/475/475 479/479/479 478/478/478
f 482/482/482 481/481/481 480/480/480
f 483/483/483 482/482/482 480/480/480
f 483/483/483 480/480/480 484/484/484
f 484/484/484 480/480/480 485/485/485
f 486/486/486 484/484/484 485/485/485
f 487/487/487 484/484/484 486/486/486
f 488/488/488 487/487/487 486/486/486
f 489/489/489 484/484/484 487/487/487
f 489/489/489 483/483/483 484/484/484
f 490/490/490 489/489/489 487/487/487
f 489/489/489 490/490/490 491/491/491
f 482/482/482 483/483/483 492/492/492
f 493/493/493 482/482/482 492/492/492
f 483/483/483 489/489/489 494/494/494
f 492/492/492 483/483/483 494/494/494
f 494/494/494 489/489/489 491/491/491
f 492/492/492 494/494/494 495/495/495
f 494/494/494 496/496/496 495/495/495
f 494/494/494 491/491/491 496/496/496
f 491/491/491 497/497/497 496/496/496
f 500/500/500 499/499/499 498/498/498
f 501/501/501 500/500/500 498/498/498
f 501/501/501 498/498/498 502/502/502
f 498/498/498 503/503/503 502/502/502
f 503/503/503 504/504/504 502/502/502
f 504/504/504 505/505/505 502/502/502
f 505/505/505 506/506/506 502/502/502
f 500/500/500 501/501/501 507/507/507
f 508/508/508 500/500/500 507/507/507
f 509/509/509 507/507/507 501/501/501
f 510/510/510 501/501/501 502/502/502
f 510/510/510 509/509/509 501/501/501
f 511/511/511 510/510/510 502/502/502
f 509/509/509 510/510/510 511/511/511
f 506/506/506 511/511/511 502/502/502
f 512/512/512 509/509/509 511/511/511
f 513/513/513 511/511/511 506/506/506
f 511/511/511 513/513/513 512/512/512
f 514/514/514 513/513/513 506/506/506
f 513/513/513 515/515/515 512/512/512
f 518/518/518 517/517/517 516/516/516
f 519/519/519 518/518/518 516/516/516
f 519/519/519 516/516/516 520/520/520
f 516/516/516 521/521/521 520/520/520
f 522/522/522 521/521/521 516/516/516
f 523/523/523 522/522/522 516/516/516
f 524/524/524 520/520/520 521/521/521
f 522/522/522 523/523/523 525/525/525
f 526/526/526 524/524/524 521/521/521
f 524/524/524 526/526/526 527/527/527
f 528/528/528 524/524/524 527/527/527
f 527/527/527 526/526/526 529/529/529
f 521/521/521 522/522/522 530/530/530
f 526/526/526 521/521/521 531/531/531
f 521/521/521 530/530/530 531/531/531
f 526/526/526 531/531/531 532/532/532
f 526/526/526 533/533/533 529/529/529
f 533/533/533 526/526/526 532/532/532
f 533/533/533 534/534/534 529/529/529
f 534/534/534 533/533/533 532/532/532
f 534/534/534 535/535/535 529/529/529
f 534/534/534 536/536/536 535/535/535
f 536/536/536 537/537/537 535/535/535
f 536/536/536 534/534/534 538/538/538
f 539/539/539 536/536/536 538/538/538
f 540/540/540 534/534/534 532/532/532
f 538/538/538 534/534/534 540/540/540
f 538/538/538 525/525/525 539/539/539
f 538/538/538 522/522/522 525/525/525
f 525/525/525 541/541/541 539/539/539
f 542/542/542 541/541/541 525/525/525
f 543/543/543 542/542/542 525/525/525
f 522/522/522 538/538/538 544/544/544
f 544/544/544 538/538/538 540/540/540
f 545/545/545 522/522/522 544/544/544
f 522/522/522 545/545/545 530/530/530
f 546/546/546 545/545/545 544/544/544
f 545/545/545 546/546/546 530/530/530
f 544/544/544 540/540/540 547/547/547
f 547/547/547 546/546/546 544/544/544
f 548/548/548 546/546/546 547/547/547
f 546/546/546 549/549/549 530/530/530
f 546/546/546 548/548/548 549/549/549
f 531/531/531 530/530/530 549/549/549
f 540/540/540 550/550/550 547/547/547
f 550/550/550 540/540/540 532/532/532
f 551/551/551 531/531/531 549/549/549
f 531/531/531 551/551/551 532/532/532
f 548/548/548 552/552/552 549/549/549
f 551/551/551 549/549/549 552/552/552
f 551/551/551 553/553/553 532/532/532
f 553/553/553 550/550/550 532/532/532
f 547/547/547 550/550/550 554/554/554
f 554/554/554 548/548/548 547/547/547
f 555/555/555 551/551/551 552/552/552
f 551/551/551 555/555/555 553/553/553
f 556/556/556 550/550/550 553/553/553
f 550/550/550 556/556/556 554/554/554
f 555/555/555 557/557/557 553/553/553
f 557/557/557 556/556/556 553/553/553
f 557/557/557 555/555/555 558/558/558
f 556/556/556 557/557/557 558/558/558
f 555/555/555 552/552/552 559/559/559
f 555/555/555 559/559/559 558/558/558
f 554/554/554 556/556/556 560/560/560
f 560/560/560 556/556/556 558/558/558
f 552/552/552 548/548/548 561/561/561
f 552/552/552 561/561/561 559/559/559
f 548/548/548 554/554/554 562/562/562
f 562/562/562 554/554/554 560/560/560
f 548/548/548 563/563/563 561/561/561
f 563/563/563 548/548/548 562/562/562
f 563/563/563 564/564/564 561/561/561
f 564/564/564 563/563/563 562/562/562
f 561/561/561 565/565/565 559/559/559
f 564/564/564 565/565/565 561/561/561
f 566/566/566 562/562/562 560/560/560
f 566/566/566 564/564/564 562/562/562
f 559/559/559 567/567/567 558/558/558
f 565/565/565 567/567/567 559/559/559
f 568/568/568 560/560/560 558/558/558
f 568/568/568 566/566/566 560/560/560
f 564/564/564 569/569/569 565/565/565
f 569/569/569 564/564/564 566/566/566
f 567/567/567 570/570/570 558/558/558
f 570/570/570 568/568/568 558/558/558
f 565/565/565 571/571/571 567/567/567
f 569/569/569 571/571/571 565/565/565
f 572/572/572 569/569/569 566/566/566
f 572/572/572 566/566/566 568/568/568
f 567/567/567 573/573/573 570/570/570
f 571/571/571 573/573/573 567/567/567
f 569/569/569 574/574/574 571/571/571
f 574/574/574 569/569/569 572/572/572
f 574/574/574 575/575/575 571/571/571
f 571/571/571 575/575/575 573/573/573
f 575/575/575 576/576/576 573/573/573
f 577/577/577 574/574/574 572/572/572
f 576/576/576 578/578/578 573/573/573
f 579/579/579 572/572/572 568/568/568
f 577/577/577 572/572/572 579/579/579
f 579/579/579 568/568/568 570/570/570
f 580/580/580 577/577/577 579/579/579
f 578/578/578 580/580/580 579/579/579
f 578/578/578 581/581/581 573/573/573
f 573/573/573 581/581/581 570/570/570
f 581/581/581 578/578/578 579/579/579
f 581/581/581 579/579/579 570/570/570
f 584/584/584 583/583/583 582/582/582
f 583/583/583 585/585/585 582/582/582
f 586/586/586 582/582/582 585/585/585
f 587/587/587 585/585/585 583/583/583
f 588/588/588 587/587/587 583/583/583
f 589/589/589 587/587/587 588/588/588
f 590/590/590 589/589/589 588/588/588
f 590/590/590 591/591/591 589/589/589
f 591/591/591 592/592/592 589/589/589
f 593/593/593 587/587/587 589/589/589
f 585/585/585 587/587/587 593/593/593
f 594/594/594 593/593/593 589/589/589
f 595/595/595 586/586/586 585/585/585
f 595/595/595 585/585/585 593/593/593
f 596/596/596 593/593/593 594/594/594
f 593/593/593 596/596/596 595/595/595
f 597/597/597 596/596/596 594/594/594
f 596/596/596 598/598/598 595/595/595
f 586/586/586 595/595/595 598/598/598
f 599/599/599 586/586/586 598/598/598
f 602/602/602 601/601/601 600/600/600
f 601/601/601 603/603/603 600/600/600
f 604/604/604 600/600/600 603/603/603
f 605/605/605 603/603/603 601/601/601
f 605/605/605 606/606/606 603/603/603
f 607/607/607 605/605/605 601/601/601
f 608/608/608 605/605/605 607/607/607
f 606/606/606 605/605/605 608/608/608
f 609/609/609 608/608/608 607/607/607
f 610/610/610 606/606/606 608/608/608
f 606/606/606 610/610/610 611/611/611
f 612/612/612 604/604/604 603/603/603
f 606/606/606 612/612/612 603/603/603
f 604/604/604 612/612/612 613/613/613
f 612/612/612 606/606/606 613/613/613
f 614/614/614 604/604/604 613/613/613
f 615/615/615 606/606/606 611/611/611
f 606/606/606 615/615/615 613/613/613
f 613/613/613 616/616/616 614/614/614
f 613/613/613 615/615/615 616/616/616
f 616/616/616 617/617/617 614/614/614
f 615/615/615 618/618/618 616/616/616
f 615/615/615 611/611/611 618/618/618
f 611/611/611 619/619/619 618/618/618
f 622/622/622 621/621/621 620/620/620
f 621/621/621 623/623/623 620/620/620
f 620/620/620 623/623/623 624/624/624
f 625/625/625 620/620/620 624/624/624
f 626/626/626 624/624/624 623/623/623
f 623/623/623 621/621/621 627/627/627
f 627/627/627 626/626/626 623/623/623
f 621/621/621 628/628/628 627/627/627
f 629/629/629 626/626/626 627/627/627
f 628/628/628 630/630/630 627/627/627
f 631/631/631 629/629/629 627/627/627
f 630/630/630 631/631/631 627/627/627
f 634/634/634 633/633/633 632/632/632
f 633/633/633 635/635/635 632/632/632
f 633/633/633 636/636/636 635/635/635
f 635/635/635 637/637/637 632/632/632
f 637/637/637 638/638/638 632/632/632
f 637/637/637 635/635/635 639/639/639
f 636/636/636 640/640/640 635/635/635
f 635/635/635 640/640/640 639/639/639
f 636/636/636 641/641/641 640/640/640
f 639/639/639 640/640/640 642/642/642
f 641/641/641 643/643/643 640/640/640
f 640/640/640 643/643/643 642/642/642
f 641/641/641 644/644/644 643/643/643
f 645/645/645 642/642/642 643/643/643
f 644/644/644 646/646/646 643/643/643
f 646/646/646 645/645/645 643/643/643
f 649/649/649 648/648/648 647/647/647
f 648/648/648 650/650/650 647/647/647
f 647/647/647 650/650/650 651/651/651
f 652/652/652 647/647/647 651/651/651
f 651/651/651 650/650/650 653/653/653
f 650/650/650 648/648/648 654/654/654
f 650/650/650 654/654/654 653/653/653
f 648/648/648 655/655/655 654/654/654
f 656/656/656 653/653/653 654/654/654
f 655/655/655 657/657/657 654/654/654
f 658/658/658 656/656/656 654/654/654
f 657/657/657 658/658/658 654/654/654
f 661/661/661 660/660/660 659/659/659
f 660/660/660 662/662/662 659/659/659
f 660/660/660 663/663/663 662/662/662
f 662/662/662 664/664/664 659/659/659
f 664/664/664 665/665/665 659/659/659
f 664/664/664 662/662/662 666/666/666
f 663/663/663 667/667/667 662/662/662
f 662/662/662 667/667/667 666/666/666
f 663/663/663 668/668/668 667/667/667
f 669/669/669 666/666/666 667/667/667
f 668/668/668 670/670/670 667/667/667
f 670/670/670 669/669/669 667/667/667
f 668/668/668 671/671/671 670/670/670
f 672/672/672 669/669/669 670/670/670
f 671/671/671 673/673/673 670/670/670
f 673/673/673 672/672/672 670/670/670
f 676/676/676 675/675/675 674/674/674
f 675/675/675 677/677/677 674/674/674
f 674/674/674 677/677/677 678/678/678
f 679/679/679 674/674/674 678/678/678
f 680/680/680 678/678/678 677/677/677
f 677/677/677 675/675/675 681/681/681
f 681/681/681 680/680/680 677/677/677
f 675/675/675 682/682/682 681/681/681
f 683/683/683 680/680/680 681/681/681
f 682/682/682 684/684/684 681/681/681
f 685/685/685 683/683/683 681/681/681
f 684/684/684 685/685/685 681/681/681
f 688/688/688 687/687/687 686/686/686
f 687/687/687 689/689/689 686/686/686
f 687/687/687 690/690/690 689/689/689
f 689/689/689 691/691/691 686/686/686
f 691/691/691 692/692/692 686/686/686
f 691/691/691 689/689/689 693/693/693
f 690/690/690 694/694/694 689/689/689
f 689/689/689 694/694/694 693/693/693
f 690/690/690 695/695/695 694/694/694
f 693/693/693 694/694/694 696/696/696
f 695/695/695 697/697/697 694/694/694
f 694/694/694 697/697/697 696/696/696
f 695/695/695 698/698/698 697/697/697
f 699/699/699 696/696/696 697/697/697
f 698/698/698 700/700/700 697/697/697
f 700/700/700 699/699/699 697/697/697
f 703/703/703 702/702/702 701/701/701
f 702/702/702 704/704/704 701/701/701
f 701/701/701 704/704/704 705/705/705
f 706/706/706 701/701/701 705/705/705
f 705/705/705 704/704/704 707/707/707
f 704/704/704 702/702/702 708/708/708
f 704/704/704 708/708/708 707/707/707
f 702/702/702 709/709/709 708/708/708
f 710/710/710 707/707/707 708/708/708
f 709/709/709 711/711/711 708/708/708
f 712/712/712 710/710/710 708/708/708
f 711/711/711 712/712/712 708/708/708
f 715/715/715 714/714/714 713/713/713
f 714/714/714 716/716/716 713/713/713
f 714/714/714 717/717/717 716/716/716
f 716/716/716 718/718/718 713/713/713
f 718/718/718 719/719/719 713/713/713
f 718/718/718 716/716/716 720/720/720
f 717/717/717 721/721/721 716/716/716
f 716/716/716 721/721/721 720/720/720
f 717/717/717 722/722/722 721/721/721
f 723/723/723 720/720/720 721/721/721
f 722/722/722 724/724/724 721/721/721
f 724/724/724 723/723/723 721/721/721
f 722/722/722 725/725/725 724/724/724
f 726/726/726 723/723/723 724/724/724
f 725/725/725 727/727/727 724/724/724
f 727/727/727 726/726/726 724/724/724
f 730/730/730 729/729/729 728/728/728
f 729/729/729 731/731/731 728/728/728
f 728/728/728 731/731/731 732/732/732
f 733/733/733 728/728/728 732/732/732
f 734/734/734 732/732/732 731/731/731
f 731/731/731 729/729/729 735/735/735
f 735/735/735 734/734/734 731/731/731
f 729/729/729 736/736/736 735/735/735
f 737/737/737 734/734/734 735/735/735
f 736/736/736 738/738/738 735/735/735
f 739/739/739 737/737/737 735/735/735
f 738/738/738 739/739/739 735/735/735
f 742/742/742 741/741/741 740/740/740
f 741/741/741 743/743/743 740/740/740
f 741/741/741 744/744/744 743/743/743
f 743/743/743 745/745/745 740/740/740
f 745/745/745 746/746/746 740/740/740
f 745/745/745 743/743/743 747/747/747
f 744/744/744 748/748/748 743/743/743
f 743/743/743 748/748/748 747/747/747
f 744/744/744 749/749/749 748/748/748
f 747/747/747 748/748/748 750/750/750
f 749/749/749 751/751/751 748/748/748
f 748/748/748 751/751/751 750/750/750
f 749/749/749 752/752/752 751/751/751
f 753/753/753 750/750/750 751/751/751
f 752/752/752 754/754/754 751/751/751
f 754/754/754 753/753/753 751/751/751
f 757/757/757 756/756/756 755/755/755
f 756/756/756 758/758/758 755/755/755
f 755/755/755 758/758/758 759/759/759
f 760/760/760 755/755/755 759/759/759
f 759/759/759 758/758/758 761/761/761
f 758/758/758 756/756/756 762/762/762
f 758/758/758 762/762/762 761/761/761
f 756/756/756 763/763/763 762/762/762
f 764/764/764 761/761/761 762/762/762
f 763/763/763 765/765/765 762/762/762
f 766/766/766 764/764/764 762/762/762
f 765/765/765 766/766/766 762/762/762
f 769/769/769 768/768/768 767/767/767
f 768/768/768 770/770/770 767/767/767
f 768/768/768 771/771/771 770/770/770
f 770/770/770 772/772/772 767/767/767
f 772/772/772 773/773/773 767/767/767
f 772/772/772 770/770/770 774/774/774
f 771/771/771 775/775/775 770/770/770
f 770/770/770 775/775/775 774/774/774
f 771/771/771 776/776/776 775/775/775
f 777/777/777 774/774/774 775/775/775
f 776/776/776 778/778/778 775/775/775
f 778/778/778 777/777/777 775/775/775
f 776/776/776 779/779/779 778/778/778
f 780/780/780 777/777/777 778/778/778
f 779/779/779 781/781/781 778/778/778
f 781/781/781 780/780/780 778/778/778
f 784/784/784 783/783/783 782/782/782
f 783/783/783 785/785/785 782/782/782
f 782/782/782 785/785/785 786/786/786
f 787/787/787 785/785/785 783/783/783
f 788/788/788 787/787/787 783/783/783
f 785/785/785 789/789/789 786/786/786
f 785/785/785 787/787/787 789/789/789
f 790/790/790 787/787/787 788/788/788
f 791/791/791 790/790/790 788/788/788
f 787/787/787 790/790/790 792/792/792
f 787/787/787 792/792/792 789/789/789
f 790/790/790 793/793/793 792/792/792
f 794/794/794 792/792/792 793/793/793
f 792/792/792 794/794/794 789/789/789
f 795/795/795 794/794/794 793/793/793
f 794/794/794 796/796/796 789/789/789
f 786/786/786 789/789/789 796/796/796
f 797/797/797 786/786/786 796/796/796
f 800/800/800 799/799/799 798/798/798
f 799/799/799 801/801/801 798/798/798
f 802/802/802 798/798/798 801/801/801
f 803/803/803 802/802/802 801/801/801
f 802/802/802 803/803/803 804/804/804
f 805/805/805 802/802/802 804/804/804
f 808/808/808 807/807/807 806/806/806
f 807/807/807 809/809/809 806/806/806
f 809/809/809 807/807/807 810/810/810
f 807/807/807 811/811/811 810/810/810
f 812/812/812 810/810/810 811/811/811
f 813/813/813 812/812/812 811/811/811
f 816/816/816 815/815/815 814/814/814
f 815/815/815 817/817/817 814/814/814
f 818/818/818 817/817/817 815/815/815
f 819/819/819 818/818/818 815/815/815
f 820/820/820 818/818/818 819/819/819
f 821/821/821 820/820/820 819/819/819
f 824/824/824 823/823/823 822/822/822
f 823/823/823 825/825/825 822/822/822
f 825/825/825 823/823/823 826/826/826
f 827/827/827 825/825/825 826/826/826
f 828/828/828 827/827/827 826/826/826
f 829/829/829 828/828/828 826/826/826
f 832/832/832 831/831/831 830/830/830
f 831/831/831 833/833/833 830/830/830
f 834/834/834 830/830/830 833/833/833
f 835/835/835 833/833/833 831/831/831
f 836/836/836 835/835/835 831/831/831
f 837/837/837 834/834/834 833/833/833
f 837/837/837 833/833/833 835/835/835
f 838/838/838 835/835/835 836/836/836
f 839/839/839 838/838/838 836/836/836
f 835/835/835 838/838/838 840/840/840
f 840/840/840 837/837/837 835/835/835
f 838/838/838 841/841/841 840/840/840
f 842/842/842 840/840/840 841/841/841
f 840/840/840 842/842/842 837/837/837
f 843/843/843 842/842/842 841/841/841
f 842/842/842 844/844/844 837/837/837
f 834/834/834 837/837/837 844/844/844
f 845/845/845 834/834/834 844/844/844
f 848/848/848 847/847/847 846/846/846
f 847/847/847 849/849/849 846/846/846
f 850/850/850 846/846/846 849/849/849
f 851/851/851 850/850/850 849/849/849
f 850/850/850 851/851/851 852/852/852
f 853/853/853 850/850/850 852/852/852
f 856/856/856 855/855/855 854/854/854
f 855/855/855 857/857/857 854/854/854
f 858/858/858 857/857/857 855/855/855
f 859/859/859 858/858/858 855/855/855
f 860/860/860 858/858/858 859/859/859
f 861/861/861 860/860/860 859/859/859
f 864/864/864 863/863/863 862/862/862
f 863/863/863 865/865/865 862/862/862
f 866/866/866 865/865/865 863/863/863
f 867/867/867 866/866/866 863/863/863
f 868/868/868 866/866/866 867/867/867
f 869/869/869 868/868/868 867/867/867
f 872/872/872 871/871/871 870/870/870
f 871/871/871 873/873/873 870/870/870
f 874/874/874 873/873/873 871/871/871
f 875/875/875 874/874/874 871/871/871
f 876/876/876 874/874/874 875/875/875
f 877/877/877 876/876/876 875/875/875
f 880/880/880 879/879/879 878/878/878
f 879/879/879 881/881/881 878/878/878
f 878/878/878 881/881/881 882/882/882
f 883/883/883 878/878/878 882/882/882
f 884/884/884 882/882/882 881/881/881
f 881/881/881 879/879/879 885/885/885
f 885/885/885 884/884/884 881/881/881
f 879/879/879 886/886/886 885/885/885
f 886/886/886 887/887/887 885/885/885
f 887/887/887 888/888/888 885/885/885
f 884/884/884 885/885/885 888/888/888
f 889/889/889 884/884/884 888/888/888
f 892/892/892 891/891/891 890/890/890
f 891/891/891 893/893/893 890/890/890
f 890/890/890 893/893/893 894/894/894
f 895/895/895 890/890/890 894/894/894
f 894/894/894 893/893/893 896/896/896
f 893/893/893 891/891/891 897/897/897
f 893/893/893 897/897/897 896/896/896
f 891/891/891 898/898/898 897/897/897
f 898/898/898 899/899/899 897/897/897
f 899/899/899 900/900/900 897/897/897
f 896/896/896 897/897/897 900/900/900
f 901/901/901 896/896/896 900/900/900
f 904/904/904 903/903/903 902/902/902
f 903/903/903 905/905/905 902/902/902
f 902/902/902 905/905/905 906/906/906
f 907/907/907 902/902/902 906/906/906
f 906/906/906 905/905/905 908/908/908
f 905/905/905 903/903/903 909/909/909
f 905/905/905 909/909/909 908/908/908
f 903/903/903 910/910/910 909/909/909
f 910/910/910 911/911/911 909/909/909
f 911/911/911 912/912/912 909/909/909
f 908/908/908 909/909/909 912/912/912
f 913/913/913 908/908/908 912/912/912
f 916/916/916 915/915/915 914/914/914
f 915/915/915 917/917/917 914/914/914
f 914/914/914 917/917/917 918/918/918
f 919/919/919 914/914/914 918/918/918
f 918/918/918 917/917/917 920/920/920
f 917/917/917 915/915/915 921/921/921
f 917/917/917 921/921/921 920/920/920
f 915/915/915 922/922/922 921/921/921
f 922/922/922 923/923/923 921/921/921
f 923/923/923 924/924/924 921/921/921
f 920/920/920 921/921/921 924/924/924
f 925/925/925 920/920/920 924/924/924
f 928/928/928 927/927/927 926/926/926
f 927/927/927 929/929/929 926/926/926
f 926/926/926 929/929/929 930/930/930
f 931/931/931 926/926/926 930/930/930
f 932/932/932 930/930/930 929/929/929
f 929/929/929 927/927/927 933/933/933
f 933/933/933 932/932/932 929/929/929
f 927/927/927 934/934/934 933/933/933
f 934/934/934 935/935/935 933/933/933
f 935/935/935 936/936/936 933/933/933
f 932/932/932 933/933/933 936/936/936
f 937/937/937 932/932/932 936/936/936
f 940/940/940 939/939/939 938/938/938
f 939/939/939 941/941/941 938/938/938
f 938/938/938 941/941/941 942/942/942
f 943/943/943 938/938/938 942/942/942
f 942/942/942 941/941/941 944/944/944
f 941/941/941 939/939/939 945/945/945
f 941/941/941 945/945/945 944/944/944
f 939/939/939 946/946/946 945/945/945
f 946/946/946 947/947/947 945/945/945
f 947/947/947 948/948/948 945/945/945
f 944/944/944 945/945/945 948/948/948
f 949/949/949 944/944/944 948/948/948
f 952/952/952 951/951/951 950/950/950
f 951/951/951 953/953/953 950/950/950
f 950/950/950 953/953/953 954/954/954
f 955/955/955 950/950/950 954/954/954
f 954/954/954 953/953/953 956/956/956
f 953/953/953 951/951/951 957/957/957
f 953/953/953 957/957/957 956/956/956
f 951/951/951 958/958/958 957/957/957
f 958/958/958 959/959/959 957/957/957
f 959/959/959 960/960/960 957/957/957
f 956/956/956 957/957/957 960/960/960
f 961/961/961 956/956/956 960/960/960
f 964/964/964 963/963/963 962/962/962
f 963/963/963 965/965/965 962/962/962
f 962/962/962 965/965/965 966/966/966
f 967/967/967 962/962/962 966/966/966
f 966/966/966 965/965/965 968/968/968
f 965/965/965 963/963/963 969/969/969
f 965/965/965 969/969/969 968/968/968
f 963/963/963 970/970/970 969/969/969
f 970/970/970 971/971/971 969/969/969
f 971/971/971 972/972/972 969/969/969
f 968/968/968 969/969/969 972/972/972
f 973/973/973 968/968/968 972/972/972
f 976/976/976 975/975/975 974/974/974
f 975/975/975 977/977/977 974/974/974
f 975/975/975 978/978/978 977/977/977
f 974/974/974 977/977/977 979/979/979
f 980/980/980 974/974/974 979/979/979
f 981/981/981 979/979/979 977/977/977
f 978/978/978 982/982/982 977/977/977
f 982/982/982 981/981/981 977/977/977
f 978/978/978 983/983/983 982/982/982
f 983/983/983 984/984/984 982/982/982
f 981/981/981 982/982/982 984/984/984
f 985/985/985 981/981/981 984/984/984
f 988/988/988 987/987/987 986/986/986
f 987/987/987 989/989/989 986/986/986
f 987/987/987 990/990/990 989/989/989
f 986/986/986 989/989/989 991/991/991
f 992/992/992 986/986/986 991/991/991
f 993/993/993 991/991/991 989/989/989
f 990/990/990 994/994/994 989/989/989
f 994/994/994 993/993/993 989/989/989
f 990/990/990 995/995/995 994/994/994
f 995/995/995 996/996/996 994/994/994
f 993/993/993 994/994/994 996/996/996
f 997/997/997 993/993/993 996/996/996
f 1000/1000/1000 999/999/999 998/998/998
f 999/999/999 1001/1001/1001 998/998/998
f 999/999/999 1002/1002/1002 1001/1001/1001
f 998/998/998 1001/1001/1001 1003/1003/1003
f 1004/1004/1004 998/998/998 1003/1003/1003
f 1005/1005/1005 1003/1003/1003 1001/1001/1001
f 1002/1002/1002 1006/1006/1006 1001/1001/1001
f 1006/1006/1006 1005/1005/1005 1001/1001/1001
f 1002/1002/1002 1007/1007/1007 1006/1006/1006
f 1007/1007/1007 1008/1008/1008 1006/1006/1006
f 1005/1005/1005 1006/1006/1006 1008/1008/1008
f 1009/1009/1009 1005/1005/1005 1008/1008/1008
f 1012/1012/1012 1011/1011/1011 1010/1010/1010
f 1011/1011/1011 1013/1013/1013 1010/1010/1010
f 1011/1011/1011 1014/1014/1014 1013/1013/1013
f 1010/1010/1010 1013/1013/1013 1015/1015/1015
f 1016/1016/1016 1010/1010/1010 1015/1015/1015
f 1015/1015/1015 1013/1013/1013 1017/1017/1017
f 1014/1014/1014 1018/1018/1018 1013/1013/1013
f 1013/1013/1013 1018/1018/1018 1017/1017/1017
f 1014/1014/1014 1019/1019/1019 1018/1018/1018
f 1019/1019/1019 1020/1020/1020 1018/1018/1018
f 1017/1017/1017 1018/1018/1018 1020/1020/1020
f 1021/1021/1021 1017/1017/1017 1020/1020/1020
f 1024/1024/1024 1023/1023/1023 1022/1022/1022
f 1023/1023/1023 1025/1025/1025 1022/1022/1022
f 1022/1022/1022 1025/1025/1025 1026/1026/1026
f 1027/1027/1027 1022/1022/1022 1026/1026/1026
f 1028/1028/1028 1026/1026/1026 1025/1025/1025
f 1025/1025/1025 1023/1023/1023 1029/1029/1029
f 1029/1029/1029 1028/1028/1028 1025/1025/1025
f 1023/1023/1023 1030/1030/1030 1029/1029/1029
f 1030/1030/1030 1031/1031/1031 1029/1029/1029
f 1031/1031/1031 1032/1032/1032 1029/1029/1029
f 1028/1028/1028 1029/1029/1029 1032/1032/1032
f 1033/1033/1033 1028/1028/1028 1032/1032/1032
f 1036/1036/1036 1035/1035/1035 1034/1034/1034
f 1035/1035/1035 1037/1037/1037 1034/1034/1034
f 1034/1034/1034 1037/1037/1037 1038/1038/1038
f 1039/1039/1039 1034/1034/1034 1038/1038/1038
f 1038/1038/1038 1037/1037/1037 1040/1040/1040
f 1037/1037/1037 1035/1035/1035 1041/1041/1041
f 1037/1037/1037 1041/1041/1041 1040/1040/1040
f 1035/1035/1035 1042/1042/1042 1041/1041/1041
f 1042/1042/1042 1043/1043/1043 1041/1041/1041
f 1043/1043/1043 1044/1044/1044 1041/1041/1041
f 1040/1040/1040 1041/1041/1041 1044/1044/1044
f 1045/1045/1045 1040/1040/1040 1044/1044/1044
f 1048/1048/1048 1047/1047/1047 1046/1046/1046
f 1047/1047/1047 1049/1049/1049 1046/1046/1046
f 1046/1046/1046 1049/1049/1049 1050/1050/1050
f 1051/1051/1051 1046/1046/1046 1050/1050/1050
f 1050/1050/1050 1049/1049/1049 1052/1052/1052
f 1049/1049/1049 1047/1047/1047 1053/1053/1053
f 1049/1049/1049 1053/1053/1053 1052/1052/1052
f 1047/1047/1047 1054/1054/1054 1053/1053/1053
f 1054/1054/1054 1055/1055/1055 1053/1053/1053
f 1055/1055/1055 1056/1056/1056 1053/1053/1053
f 1052/1052/1052 1053/1053/1053 1056/1056/1056
f 1057/1057/1057 1052/1052/1052 1056/1056/1056
f 1060/1060/1060 1059/1059/1059 1058/1058/1058
f 1059/1059/1059 1061/1061/1061 1058/1058/1058
f 1058/1058/1058 1061/1061/1061 1062/1062/1062
f 1063/1063/1063 1058/1058/1058 1062/1062/1062
f 1062/1062/1062 1061/1061/1061 1064/1064/1064
f 1061/1061/1061 1059/1059/1059 1065/1065/1065
f 1061/1061/1061 1065/1065/1065 1064/1064/1064
f 1059/1059/1059 1066/1066/1066 1065/1065/1065
f 1066/1066/1066 1067/1067/1067 1065/1065/1065
f 1067/1067/1067 1068/1068/1068 1065/1065/1065
f 1064/1064/1064 1065/1065/1065 1068/1068/1068
f 1069/1069/1069 1064/1064/1064 1068/1068/1068
f 1072/1072/1072 1071/1071/1071 1070/1070/1070
f 1071/1071/1071 1073/1073/1073 1070/1070/1070
f 1074/1074/1074 1070/1070/1070 1073/1073/1073
f 1075/1075/1075 1073/1073/1073 1071/1071/1071
f 1076/1076/1076 1075/1075/1075 1071/1071/1071
f 1077/1077/1077 1074/1074/1074 1073/1073/1073
f 1077/1077/1077 1073/1073/1073 1075/1075/1075
f 1078/1078/1078 1075/1075/1075 1076/1076/1076
f 1079/1079/1079 1078/1078/1078 1076/1076/1076
f 1075/1075/1075 1078/1078/1078 1080/1080/1080
f 1080/1080/1080 1077/1077/1077 1075/1075/1075
f 1078/1078/1078 1081/1081/1081 1080/1080/1080
f 1082/1082/1082 1080/1080/1080 1081/1081/1081
f 1080/1080/1080 1082/1082/1082 1077/1077/1077
f 1083/1083/1083 1082/1082/1082 1081/1081/1081
f 1082/1082/1082 1084/1084/1084 1077/1077/1077
f 1074/1074/1074 1077/1077/1077 1084/1084/1084
f 1085/1085/1085 1074/1074/1074 1084/1084/1084
f 1088/1088/1088 1087/1087/1087 1086/1086/1086
f 1087/1087/1087 1089/1089/1089 1086/1086/1086
f 1090/1090/1090 1086/1086/1086 1089/1089/1089
f 1091/1091/1091 1089/1089/1089 1087/1087/1087
f 1092/1092/1092 1091/1091/1091 1087/1087/1087
f 1093/1093/1093 1090/1090/1090 1089/1089/1089
f 1093/1093/1093 1089/1089/1089 1091/1091/1091
f 1094/1094/1094 1091/1091/1091 1092/1092/1092
f 1095/1095/1095 1094/1094/1094 1092/1092/1092
f 1091/1091/1091 1094/1094/1094 1096/1096/1096
f 1096/1096/1096 1093/1093/1093 1091/1091/1091
f 1094/1094/1094 1097/1097/1097 1096/1096/1096
f 1098/1098/1098 1096/1096/1096 1097/1097/1097
f 1096/1096/1096 1098/1098/1098 1093/1093/1093
f 1099/1099/1099 1098/1098/1098 1097/1097/1097
f 1098/1098/1098 1100/1100/1100 1093/1093/1093
f 1090/1090/1090 1093/1093/1093 1100/1100/1100
f 1101/1101/1101 1090/1090/1090 1100/1100/1100
f 1104/1104/1104 1103/1103/1103 1102/1102/1102
f 1103/1103/1103 1105/1105/1105 1102/1102/1102
f 1106/1106/1106 1102/1102/1102 1105/1105/1105
f 1107/1107/1107 1105/1105/1105 1103/1103/1103
f 1108/1108/1108 1107/1107/1107 1103/1103/1103
f 1109/1109/1109 1106/1106/1106 1105/1105/1105
f 1105/1105/1105 1107/1107/1107 1109/1109/1109
f 1110/1110/1110 1107/1107/1107 1108/1108/1108
f 1111/1111/1111 1110/1110/1110 1108/1108/1108
f 1112/1112/1112 1107/1107/1107 1110/1110/1110
f 1107/1107/1107 1112/1112/1112 1109/1109/1109
f 1113/1113/1113 1112/1112/1112 1110/1110/1110
f 1114/1114/1114 1112/1112/1112 1113/1113/1113
f 1109/1109/1109 1112/1112/1112 1114/1114/1114
f 1115/1115/1115 1114/1114/1114 1113/1113/1113
f 1116/1116/1116 1109/1109/1109 1114/1114/1114
f 1106/1106/1106 1109/1109/1109 1116/1116/1116
f 1117/1117/1117 1106/1106/1106 1116/1116/1116
f 1120/1120/1120 1119/1119/1119 1118/1118/1118
f 1119/1119/1119 1121/1121/1121 1118/1118/1118
f 1122/1122/1122 1118/1118/1118 1121/1121/1121
f 1123/1123/1123 1121/1121/1121 1119/1119/1119
f 1124/1124/1124 1123/1123/1123 1119/1119/1119
f 1125/1125/1125 1122/1122/1122 1121/1121/1121
f 1125/1125/1125 1121/1121/1121 1123/1123/1123
f 1126/1126/1126 1123/1123/1123 1124/1124/1124
f 1127/1127/1127 1126/1126/1126 1124/1124/1124
f 1123/1123/1123 1126/1126/1126 1128/1128/1128
f 1128/1128/1128 1125/1125/1125 1123/1123/1123
f 1126/1126/1126 1129/1129/1129 1128/1128/1128
f 1130/1130/1130 1128/1128/1128 1129/1129/1129
f 1128/1128/1128 1130/1130/1130 1125/1125/1125
f 1131/1131/1131 1130/1130/1130 1129/1129/1129
f 1130/1130/1130 1132/1132/1132 1125/1125/1125
f 1122/1122/1122 1125/1125/1125 1132/1132/1132
f 1133/1133/1133 1122/1122/1122 1132/1132/1132
f 1136/1136/1136 1135/1135/1135 1134/1134/1134
f 1135/1135/1135 1137/1137/1137 1134/1134/1134
f 1134/1134/1134 1137/1137/1137 1138/1138/1138
f 1139/1139/1139 1134/1134/1134 1138/1138/1138
f 1140/1140/1140 1138/1138/1138 1137/1137/1137
f 1137/1137/1137 1135/1135/1135 1141/1141/1141
f 1141/1141/1141 1140/1140/1140 1137/1137/1137
f 1135/1135/1135 1142/1142/1142 1141/1141/1141
f 1142/1142/1142 1143/1143/1143 1141/1141/1141
f 1143/1143/1143 1144/1144/1144 1141/1141/1141
f 1140/1140/1140 1141/1141/1141 1144/1144/1144
f 1145/1145/1145 1140/1140/1140 1144/1144/1144
f 1148/1148/1148 1147/1147/1147 1146/1146/1146
f 1147/1147/1147 1149/1149/1149 1146/1146/1146
f 1146/1146/1146 1149/1149/1149 1150/1150/1150
f 1151/1151/1151 1146/1146/1146 1150/1150/1150
f 1150/1150/1150 1149/1149/1149 1152/1152/1152
f 1149/1149/1149 1147/1147/1147 1153/1153/1153
f 1149/1149/1149 1153/1153/1153 1152/1152/1152
f 1147/1147/1147 1154/1154/1154 1153/1153/1153
f 1154/1154/1154 1155/1155/1155 1153/1153/1153
f 1155/1155/1155 1156/1156/1156 1153/1153/1153
f 1152/1152/1152 1153/1153/1153 1156/1156/1156
f 1157/1157/1157 1152/1152/1152 1156/1156/1156
f 1160/1160/1160 1159/1159/1159 1158/1158/1158
f 1159/1159/1159 1161/1161/1161 1158/1158/1158
f 1158/1158/1158 1161/1161/1161 1162/1162/1162
f 1163/1163/1163 1158/1158/1158 1162/1162/1162
f 1162/1162/1162 1161/1161/1161 1164/1164/1164
f 1161/1161/1161 1159/1159/1159 1165/1165/1165
f 1161/1161/1161 1165/1165/1165 1164/1164/1164
f 1159/1159/1159 1166/1166/1166 1165/1165/1165
f 1166/1166/1166 1167/1167/1167 1165/1165/1165
f 1167/1167/1167 1168/1168/1168 1165/1165/1165
f 1164/1164/1164 1165/1165/1165 1168/1168/1168
f 1169/1169/1169 1164/1164/1164 1168/1168/1168
f 1172/1172/1172 1171/1171/1171 1170/1170/1170
f 1171/1171/1171 1173/1173/1173 1170/1170/1170
f 1170/1170/1170 1173/1173/1173 1174/1174/1174
f 1175/1175/1175 1170/1170/1170 1174/1174/1174
f 1174/1174/1174 1173/1173/1173 1176/1176/1176
f 1173/1173/1173 1171/1171/1171 1177/1177/1177
f 1173/1173/1173 1177/1177/1177 1176/1176/1176
f 1171/1171/1171 1178/1178/1178 1177/1177/1177
f 1178/1178/1178 1179/1179/1179 1177/1177/1177
f 1179/1179/1179 1180/1180/1180 1177/1177/1177
f 1176/1176/1176 1177/1177/1177 1180/1180/1180
f 1181/1181/1181 1176/1176/1176 1180/1180/1180
f 1184/1184/1184 1183/1183/1183 1182/1182/1182
f 1183/1183/1183 1185/1185/1185 1182/1182/1182
f 1186/1186/1186 1182/1182/1182 1185/1185/1185
f 1187/1187/1187 1185/1185/1185 1183/1183/1183
f 1188/1188/1188 1187/1187/1187 1183/1183/1183
f 1189/1189/1189 1186/1186/1186 1185/1185/1185
f 1189/1189/1189 1185/1185/1185 1187/1187/1187
f 1190/1190/1190 1187/1187/1187 1188/1188/1188
f 1191/1191/1191 1190/1190/1190 1188/1188/1188
f 1187/1187/1187 1190/1190/1190 1192/1192/1192
f 1192/1192/1192 1189/1189/1189 1187/1187/1187
f 1190/1190/1190 1193/1193/1193 1192/1192/1192
f 1194/1194/1194 1192/1192/1192 1193/1193/1193
f 1192/1192/1192 1194/1194/1194 1189/1189/1189
f 1195/1195/1195 1194/1194/1194 1193/1193/1193
f 1194/1194/1194 1196/1196/1196 1189/1189/1189
f 1186/1186/1186 1189/1189/1189 1196/1196/1196
f 1197/1197/1197 1186/1186/1186 1196/1196/1196
f 1200/1200/1200 1199/1199/1199 1198/1198/1198
f 1199/1199/1199 1201/1201/1201 1198/1198/1198
f 1198/1198/1198 1201/1201/1201 1202/1202/1202
f 1203/1203/1203 1198/1198/1198 1202/1202/1202
f 1204/1204/1204 1202/1202/1202 1201/1201/1201
f 1205/1205/1205 1201/1201/1201 1199/1199/1199
f 1205/1205/1205 1204/1204/1204 1201/1201/1201
f 1206/1206/1206 1205/1205/1205 1199/1199/1199
f 1206/1206/1206 1207/1207/1207 1205/1205/1205
f 1207/1207/1207 1208/1208/1208 1205/1205/1205
f 1204/1204/1204 1205/1205/1205 1208/1208/1208
f 1209/1209/1209 1204/1204/1204 1208/1208/1208
f 1212/1212/1212 1211/1211/1211 1210/1210/1210
f 1211/1211/1211 1213/1213/1213 1210/1210/1210
f 1210/1210/1210 1213/1213/1213 1214/1214/1214
f 1215/1215/1215 1210/1210/1210 1214/1214/1214
f 1214/1214/1214 1213/1213/1213 1216/1216/1216
f 1213/1213/1213 1211/1211/1211 1217/1217/1217
f 1213/1213/1213 1217/1217/1217 1216/1216/1216
f 1211/1211/1211 1218/1218/1218 1217/1217/1217
f 1218/1218/1218 1219/1219/1219 1217/1217/1217
f 1219/1219/1219 1220/1220/1220 1217/1217/1217
f 1216/1216/1216 1217/1217/1217 1220/1220/1220
f 1221/1221/1221 1216/1216/1216 1220/1220/1220
f 1224/1224/1224 1223/1223/1223 1222/1222/1222
f 1223/1223/1223 1225/1225/1225 1222/1222/1222
f 1222/1222/1222 1225/1225/1225 1226/1226/1226
f 1227/1227/1227 1222/1222/1222 1226/1226/1226
f 1228/1228/1228 1226/1226/1226 1225/1225/1225
f 1225/1225/1225 1223/1223/1223 1229/1229/1229
f 1229/1229/1229 1228/1228/1228 1225/1225/1225
f 1223/1223/1223 1230/1230/1230 1229/1229/1229
f 1230/1230/1230 1231/1231/1231 1229/1229/1229
f 1231/1231/1231 1232/1232/1232 1229/1229/1229
f 1228/1228/1228 1229/1229/1229 1232/1232/1232
f 1233/1233/1233 1228/1228/1228 1232/1232/1232
f 1236/1236/1236 1235/1235/1235 1234/1234/1234
f 1235/1235/1235 1237/1237/1237 1234/1234/1234
f 1234/1234/1234 1237/1237/1237 1238/1238/1238
f 1239/1239/1239 1234/1234/1234 1238/1238/1238
f 1238/1238/1238 1237/1237/1237 1240/1240/1240
f 1237/1237/1237 1235/1235/1235 1241/1241/1241
f 1237/1237/1237 1241/1241/1241 1240/1240/1240
f 1235/1235/1235 1242/1242/1242 1241/1241/1241
f 1242/1242/1242 1243/1243/1243 1241/1241/1241
f 1243/1243/1243 1244/1244/1244 1241/1241/1241
f 1240/1240/1240 1241/1241/1241 1244/1244/1244
f 1245/1245/1245 1240/1240/1240 1244/1244/1244
f 1248/1248/1248 1247/1247/1247 1246/1246/1246
f 1247/1247/1247 1249/1249/1249 1246/1246/1246
f 1249/1249/1249 1247/1247/1247 1250/1250/1250
f 1246/1246/1246 1249/1249/1249 1251/1251/1251
f 1252/1252/1252 1246/1246/1246 1251/1251/1251
f 1253/1253/1253 1251/1251/1251 1249/1249/1249
f 1254/1254/1254 1249/1249/1249 1250/1250/1250
f 1254/1254/1254 1253/1253/1253 1249/1249/1249
f 1255/1255/1255 1254/1254/1254 1250/1250/1250
f 1253/1253/1253 1254/1254/1254 1255/1255/1255
f 1256/1256/1256 1255/1255/1255 1250/1250/1250
f 1257/1257/1257 1253/1253/1253 1255/1255/1255
f 1255/1255/1255 1256/1256/1256 1258/1258/1258
f 1255/1255/1255 1258/1258/1258 1257/1257/1257
f 1256/1256/1256 1259/1259/1259 1258/1258/1258
f 1258/1258/1258 1260/1260/1260 1257/1257/1257
f 1263/1263/1263 1262/1262/1262 1261/1261/1261
f 1262/1262/1262 1264/1264/1264 1261/1261/1261
f 1261/1261/1261 1264/1264/1264 1265/1265/1265
f 1266/1266/1266 1261/1261/1261 1265/1265/1265
f 1265/1265/1265 1264/1264/1264 1267/1267/1267
f 1264/1264/1264 1262/1262/1262 1268/1268/1268
f 1264/1264/1264 1268/1268/1268 1267/1267/1267
f 1262/1262/1262 1269/1269/1269 1268/1268/1268
f 1269/1269/1269 1270/1270/1270 1268/1268/1268
f 1270/1270/1270 1271/1271/1271 1268/1268/1268
f 1267/1267/1267 1268/1268/1268 1271/1271/1271
f 1272/1272/1272 1267/1267/1267 1271/1271/1271
f 1275/1275/1275 1274/1274/1274 1273/1273/1273
f 1274/1274/1274 1276/1276/1276 1273/1273/1273
f 1277/1277/1277 1273/1273/1273 1276/1276/1276
f 1278/1278/1278 1276/1276/1276 1274/1274/1274
f 1279/1279/1279 1278/1278/1278 1274/1274/1274
f 1280/1280/1280 1277/1277/1277 1276/1276/1276
f 1276/1276/1276 1278/1278/1278 1280/1280/1280
f 1281/1281/1281 1278/1278/1278 1279/1279/1279
f 1282/1282/1282 1281/1281/1281 1279/1279/1279
f 1283/1283/1283 1278/1278/1278 1281/1281/1281
f 1278/1278/1278 1283/1283/1283 1280/1280/1280
f 1284/1284/1284 1283/1283/1283 1281/1281/1281
f 1285/1285/1285 1283/1283/1283 1284/1284/1284
f 1283/1283/1283 1285/1285/1285 1280/1280/1280
f 1286/1286/1286 1285/1285/1285 1284/1284/1284
f 1285/1285/1285 1287/1287/1287 1280/1280/1280
f 1277/1277/1277 1280/1280/1280 1287/1287/1287
f 1288/1288/1288 1277/1277/1277 1287/1287/1287
f 1291/1291/1291 1290/1290/1290 1289/1289/1289
f 1290/1290/1290 1292/1292/1292 1289/1289/1289
f 1293/1293/1293 1292/1292/1292 1290/1290/1290
f 1294/1294/1294 1293/1293/1293 1290/1290/1290
f 1295/1295/1295 1289/1289/1289 1292/1292/1292
f 1293/1293/1293 1294/1294/1294 1296/1296/1296
f 1297/1297/1297 1295/1295/1295 1292/1292/1292
f 1297/1297/1297 1292/1292/1292 1293/1293/1293
f 1295/1295/1295 1297/1297/1297 1298/1298/1298
f 1299/1299/1299 1295/1295/1295 1298/1298/1298
f 1300/1300/1300 1298/1298/1298 1297/1297/1297
f 1301/1301/1301 1300/1300/1300 1297/1297/1297
f 1301/1301/1301 1297/1297/1297 1293/1293/1293
f 1300/1300/1300 1301/1301/1301 1302/1302/1302
f 1302/1302/1302 1301/1301/1301 1293/1293/1293
f 1303/1303/1303 1300/1300/1300 1302/1302/1302
f 1304/1304/1304 1293/1293/1293 1296/1296/1296
f 1304/1304/1304 1302/1302/1302 1293/1293/1293
f 1302/1302/1302 1305/1305/1305 1303/1303/1303
f 1305/1305/1305 1302/1302/1302 1304/1304/1304
f 1305/1305/1305 1306/1306/1306 1303/1303/1303
f 1307/1307/1307 1305/1305/1305 1304/1304/1304
f 1304/1304/1304 1296/1296/1296 1307/1307/1307
f 1296/1296/1296 1308/1308/1308 1307/1307/1307
f 1311/1311/1311 1310/1310/1310 1309/1309/1309
f 1310/1310/1310 1312/1312/1312 1309/1309/1309
f 1313/1313/1313 1312/1312/1312 1310/1310/1310
f 1314/1314/1314 1309/1309/1309 1312/1312/1312
f 1315/1315/1315 1314/1314/1314 1312/1312/1312
f 1315/1315/1315 1312/1312/1312 1313/1313/1313
f 1316/1316/1316 1313/1313/1313 1310/1310/1310
f 1317/1317/1317 1315/1315/1315 1313/1313/1313
f 1318/1318/1318 1317/1317/1317 1313/1313/1313
f 1313/1313/1313 1316/1316/1316 1319/1319/1319
f 1320/1320/1320 1318/1318/1318 1313/1313/1313
f 1320/1320/1320 1313/1313/1313 1319/1319/1319
f 1321/1321/1321 1318/1318/1318 1320/1320/1320
f 1322/1322/1322 1321/1321/1321 1320/1320/1320
f 1320/1320/1320 1319/1319/1319 1322/1322/1322
f 1319/1319/1319 1323/1323/1323 1322/1322/1322
f 1326/1326/1326 1325/1325/1325 1324/1324/1324
f 1327/1327/1327 1326/1326/1326 1324/1324/1324
f 1328/1328/1328 1326/1326/1326 1327/1327/1327
f 1327/1327/1327 1324/1324/1324 1329/1329/1329
f 1324/1324/1324 1330/1330/1330 1329/1329/1329
f 1329/1329/1329 1331/1331/1331 1327/1327/1327
f 1332/1332/1332 1328/1328/1328 1327/1327/1327
f 1331/1331/1331 1332/1332/1332 1327/1327/1327
f 1333/1333/1333 1328/1328/1328 1332/1332/1332
f 1334/1334/1334 1333/1333/1333 1332/1332/1332
f 1332/1332/1332 1331/1331/1331 1334/1334/1334
f 1331/1331/1331 1335/1335/1335 1334/1334/1334
f 1338/1338/1338 1337/1337/1337 1336/1336/1336
f 1339/1339/1339 1338/1338/1338 1336/1336/1336
f 1340/1340/1340 1338/1338/1338 1339/1339/1339
f 1339/1339/1339 1336/1336/1336 1341/1341/1341
f 1336/1336/1336 1342/1342/1342 1341/1341/1341
f 1341/1341/1341 1343/1343/1343 1339/1339/1339
f 1344/1344/1344 1340/1340/1340 1339/1339/1339
f 1343/1343/1343 1344/1344/1344 1339/1339/1339
f 1340/1340/1340 1344/1344/1344 1345/1345/1345
f 1344/1344/1344 1346/1346/1346 1345/1345/1345
f 1344/1344/1344 1343/1343/1343 1346/1346/1346
f 1343/1343/1343 1347/1347/1347 1346/1346/1346
f 1350/1350/1350 1349/1349/1349 1348/1348/1348
f 1349/1349/1349 1351/1351/1351 1348/1348/1348
f 1351/1351/1351 1349/1349/1349 1352/1352/1352
f 1349/1349/1349 1353/1353/1353 1352/1352/1352
f 1352/1352/1352 1354/1354/1354 1351/1351/1351
f 1351/1351/1351 1355/1355/1355 1348/1348/1348
f 1354/1354/1354 1355/1355/1355 1351/1351/1351
f 1355/1355/1355 1356/1356/1356 1348/1348/1348
f 1357/1357/1357 1356/1356/1356 1355/1355/1355
f 1358/1358/1358 1357/1357/1357 1355/1355/1355
f 1355/1355/1355 1354/1354/1354 1358/1358/1358
f 1354/1354/1354 1359/1359/1359 1358/1358/1358
f 1362/1362/1362 1361/1361/1361 1360/1360/1360
f 1363/1363/1363 1362/1362/1362 1360/1360/1360
f 1364/1364/1364 1362/1362/1362 1363/1363/1363
f 1363/1363/1363 1360/1360/1360 1365/1365/1365
f 1360/1360/1360 1366/1366/1366 1365/1365/1365
f 1365/1365/1365 1367/1367/1367 1363/1363/1363
f 1368/1368/1368 1364/1364/1364 1363/1363/1363
f 1367/1367/1367 1368/1368/1368 1363/1363/1363
f 1369/1369/1369 1364/1364/1364 1368/1368/1368
f 1368/1368/1368 1367/1367/1367 1370/1370/1370
f 1370/1370/1370 1369/1369/1369 1368/1368/1368
f 1367/1367/1367 1371/1371/1371 1370/1370/1370
f 1370/1370/1370 1371/1371/1371 1372/1372/1372
f 1373/1373/1373 1369/1369/1369 1370/1370/1370
f 1374/1374/1374 1370/1370/1370 1372/1372/1372
f 1374/1374/1374 1373/1373/1373 1370/1370/1370
f 1372/1372/1372 1375/1375/1375 1374/1374/1374
f 1373/1373/1373 1374/1374/1374 1376/1376/1376
f 1375/1375/1375 1376/1376/1376 1374/1374/1374
f 1377/1377/1377 1373/1373/1373 1376/1376/1376
f 1375/1375/1375 1378/1378/1378 1376/1376/1376
f 1379/1379/1379 1377/1377/1377 1376/1376/1376
f 1378/1378/1378 1380/1380/1380 1376/1376/1376
f 1380/1380/1380 1379/1379/1379 1376/1376/1376
f 1380/1380/1380 1378/1378/1378 1381/1381/1381
f 1382/1382/1382 1379/1379/1379 1380/1380/1380
f 1383/1383/1383 1380/1380/1380 1381/1381/1381
f 1383/1383/1383 1382/1382/1382 1380/1380/1380
f 1383/1383/1383 1381/1381/1381 1384/1384/1384
f 1383/1383/1383 1385/1385/1385 1382/1382/1382
f 1385/1385/1385 1383/1383/1383 1384/1384/1384
f 1385/1385/1385 1386/1386/1386 1382/1382/1382
f 1387/1387/1387 1386/1386/1386 1385/1385/1385
f 1388/1388/1388 1387/1387/1387 1385/1385/1385
f 1385/1385/1385 1384/1384/1384 1388/1388/1388
f 1384/1384/1384 1389/1389/1389 1388/1388/1388
f 1392/1392/1392 1391/1391/1391 1390/1390/1390
f 1393/1393/1393 1392/1392/1392 1390/1390/1390
f 1390/1390/1390 1394/1394/1394 1393/1393/1393
f 1393/1393/1393 1395/1395/1395 1392/1392/1392
f 1395/1395/1395 1396/1396/1396 1392/1392/1392
f 1394/1394/1394 1397/1397/1397 1393/1393/1393
f 1395/1395/1395 1393/1393/1393 1397/1397/1397
f 1394/1394/1394 1398/1398/1398 1397/1397/1397
f 1399/1399/1399 1395/1395/1395 1397/1397/1397
f 1397/1397/1397 1400/1400/1400 1399/1399/1399
f 1398/1398/1398 1400/1400/1400 1397/1397/1397
f 1400/1400/1400 1398/1398/1398 1401/1401/1401
f 1395/1395/1395 1402/1402/1402 1396/1396/1396
f 1395/1395/1395 1399/1399/1399 1402/1402/1402
f 1402/1402/1402 1403/1403/1403 1396/1396/1396
f 1399/1399/1399 1404/1404/1404 1402/1402/1402
f 1405/1405/1405 1400/1400/1400 1401/1401/1401
f 1400/1400/1400 1405/1405/1405 1399/1399/1399
f 1405/1405/1405 1401/1401/1401 1406/1406/1406
f 1407/1407/1407 1405/1405/1405 1406/1406/1406
f 1405/1405/1405 1407/1407/1407 1399/1399/1399
f 1399/1399/1399 1408/1408/1408 1404/1404/1404
f 1408/1408/1408 1409/1409/1409 1404/1404/1404
f 1399/1399/1399 1410/1410/1410 1408/1408/1408
f 1407/1407/1407 1410/1410/1410 1399/1399/1399
f 1410/1410/1410 1411/1411/1411 1408/1408/1408
f 1410/1410/1410 1412/1412/1412 1411/1411/1411
f 1410/1410/1410 1407/1407/1407 1412/1412/1412
f 1412/1412/1412 1413/1413/1413 1411/1411/1411
f 1407/1407/1407 1414/1414/1414 1412/1412/1412
f 1407/1407/1407 1406/1406/1406 1414/1414/1414
f 1406/1406/1406 1415/1415/1415 1414/1414/1414
f 1418/1418/1418 1417/1417/1417 1416/1416/1416
f 1417/1417/1417 1419/1419/1419 1416/1416/1416
f 1417/1417/1417 1420/1420/1420 1419/1419/1419
f 1416/1416/1416 1419/1419/1419 1421/1421/1421
f 1422/1422/1422 1416/1416/1416 1421/1421/1421
f 1423/1423/1423 1421/1421/1421 1419/1419/1419
f 1420/1420/1420 1424/1424/1424 1419/1419/1419
f 1424/1424/1424 1423/1423/1423 1419/1419/1419
f 1420/1420/1420 1425/1425/1425 1424/1424/1424
f 1425/1425/1425 1426/1426/1426 1424/1424/1424
f 1423/1423/1423 1424/1424/1424 1426/1426/1426
f 1427/1427/1427 1423/1423/1423 1426/1426/1426
f 1430/1430/1430 1429/1429/1429 1428/1428/1428
f 1429/1429/1429 1431/1431/1431 1428/1428/1428
f 1429/1429/1429 1432/1432/1432 1431/1431/1431
f 1428/1428/1428 1431/1431/1431 1433/1433/1433
f 1434/1434/1434 1428/1428/1428 1433/1433/1433
f 1435/1435/1435 1433/1433/1433 1431/1431/1431
f 1432/1432/1432 1436/1436/1436 1431/1431/1431
f 1436/1436/1436 1435/1435/1435 1431/1431/1431
f 1436/1436/1436 1432/1432/1432 1437/1437/1437
f 1438/1438/1438 1436/1436/1436 1437/1437/1437
f 1435/1435/1435 1436/1436/1436 1438/1438/1438
f 1439/1439/1439 1435/1435/1435 1438/1438/1438
f 1442/1442/1442 1441/1441/1441 1440/1440/1440
f 1443/1443/1443 1442/1442/1442 1440/1440/1440
f 1442/1442/1442 1443/1443/1443 1444/1444/1444
f 1445/1445/1445 1442/1442/1442 1444/1444/1444
f 1446/1446/1446 1444/1444/1444 1443/1443/1443
f 1447/1447/1447 1443/1443/1443 1440/1440/1440
f 1447/1447/1447 1446/1446/1446 1443/1443/1443
f 1448/1448/1448 1447/1447/1447 1440/1440/1440
f 1448/1448/1448 1449/1449/1449 1447/1447/1447
f 1449/1449/1449 1450/1450/1450 1447/1447/1447
f 1446/1446/1446 1447/1447/1447 1450/1450/1450
f 1451/1451/1451 1446/1446/1446 1450/1450/1450
f 1454/1454/1454 1453/1453/1453 1452/1452/1452
f 1453/1453/1453 1455/1455/1455 1452/1452/1452
f 1453/1453/1453 1456/1456/1456 1455/1455/1455
f 1452/1452/1452 1455/1455/1455 1457/1457/1457
f 1458/1458/1458 1452/1452/1452 1457/1457/1457
f 1459/1459/1459 1457/1457/1457 1455/1455/1455
f 1456/1456/1456 1460/1460/1460 1455/1455/1455
f 1460/1460/1460 1459/1459/1459 1455/1455/1455
f 1456/1456/1456 1461/1461/1461 1460/1460/1460
f 1459/1459/1459 1460/1460/1460 1462/1462/1462
f 1461/1461/1461 1462/1462/1462 1460/1460/1460
f 1463/1463/1463 1459/1459/1459 1462/1462/1462
f 1463/1463/1463 1462/1462/1462 1464/1464/1464
f 1461/1461/1461 1465/1465/1465 1462/1462/1462
f 1462/1462/1462 1466/1466/1466 1464/1464/1464
f 1465/1465/1465 1466/1466/1466 1462/1462/1462
f 1467/1467/1467 1464/1464/1464 1466/1466/1466
f 1466/1466/1466 1465/1465/1465 1468/1468/1468
f 1468/1468/1468 1467/1467/1467 1466/1466/1466
f 1465/1465/1465 1469/1469/1469 1468/1468/1468
f 1470/1470/1470 1467/1467/1467 1468/1468/1468
f 1469/1469/1469 1471/1471/1471 1468/1468/1468
f 1472/1472/1472 1470/1470/1470 1468/1468/1468
f 1471/1471/1471 1472/1472/1472 1468/1468/1468
f 1470/1470/1470 1472/1472/1472 1473/1473/1473
f 1471/1471/1471 1474/1474/1474 1472/1472/1472
f 1472/1472/1472 1475/1475/1475 1473/1473/1473
f 1474/1474/1474 1475/1475/1475 1472/1472/1472
f 1473/1473/1473 1475/1475/1475 1476/1476/1476
f 1477/1477/1477 1475/1475/1475 1474/1474/1474
f 1475/1475/1475 1477/1477/1477 1476/1476/1476
f 1478/1478/1478 1477/1477/1477 1474/1474/1474
f 1478/1478/1478 1479/1479/1479 1477/1477/1477
f 1479/1479/1479 1480/1480/1480 1477/1477/1477
f 1476/1476/1476 1477/1477/1477 1480/1480/1480
f 1481/1481/1481 1476/1476/1476 1480/1480/1480
f 1484/1484/1484 1483/1483/1483 1482/1482/1482
f 1483/1483/1483 1485/1485/1485 1482/1482/1482
f 1486/1486/1486 1482/1482/1482 1485/1485/1485
f 1487/1487/1487 1485/1485/1485 1483/1483/1483
f 1488/1488/1488 1487/1487/1487 1483/1483/1483
f 1489/1489/1489 1486/1486/1486 1485/1485/1485
f 1485/1485/1485 1487/1487/1487 1489/1489/1489
f 1490/1490/1490 1486/1486/1486 1489/1489/1489
f 1487/1487/1487 1491/1491/1491 1489/1489/1489
f 1492/1492/1492 1489/1489/1489 1491/1491/1491
f 1492/1492/1492 1490/1490/1490 1489/1489/1489
f 1490/1490/1490 1492/1492/1492 1493/1493/1493
f 1494/1494/1494 1487/1487/1487 1488/1488/1488
f 1491/1491/1491 1487/1487/1487 1494/1494/1494
f 1495/1495/1495 1494/1494/1494 1488/1488/1488
f 1496/1496/1496 1491/1491/1491 1494/1494/1494
f 1492/1492/1492 1497/1497/1497 1493/1493/1493
f 1497/1497/1497 1492/1492/1492 1491/1491/1491
f 1493/1493/1493 1497/1497/1497 1498/1498/1498
f 1497/1497/1497 1499/1499/1499 1498/1498/1498
f 1499/1499/1499 1497/1497/1497 1491/1491/1491
f 1500/1500/1500 1491/1491/1491 1496/1496/1496
f 1501/1501/1501 1500/1500/1500 1496/1496/1496
f 1502/1502/1502 1491/1491/1491 1500/1500/1500
f 1502/1502/1502 1499/1499/1499 1491/1491/1491
f 1503/1503/1503 1502/1502/1502 1500/1500/1500
f 1504/1504/1504 1502/1502/1502 1503/1503/1503
f 1499/1499/1499 1502/1502/1502 1504/1504/1504
f 1505/1505/1505 1504/1504/1504 1503/1503/1503
f 1506/1506/1506 1499/1499/1499 1504/1504/1504
f 1498/1498/1498 1499/1499/1499 1506/1506/1506
f 1507/1507/1507 1498/1498/1498 1506/1506/1506
f 1510/1510/1510 1509/1509/1509 1508/1508/1508
f 1511/1511/1511 1510/1510/1510 1508/1508/1508
f 1511/1511/1511 1508/1508/1508 1512/1512/1512
f 1508/1508/1508 1513/1513/1513 1512/1512/1512
f 1512/1512/1512 1514/1514/1514 1511/1511/1511
f 1510/1510/1510 1511/1511/1511 1515/1515/1515
f 1514/1514/1514 1515/1515/1515 1511/1511/1511
f 1516/1516/1516 1510/1510/1510 1515/1515/1515
f 1514/1514/1514 1517/1517/1517 1515/1515/1515
f 1518/1518/1518 1516/1516/1516 1515/1515/1515
f 1517/1517/1517 1519/1519/1519 1515/1515/1515
f 1519/1519/1519 1518/1518/1518 1515/1515/1515
f 1522/1522/1522 1521/1521/1521 1520/1520/1520
f 1523/1523/1523 1522/1522/1522 1520/1520/1520
f 1524/1524/1524 1522/1522/1522 1523/1523/1523
f 1525/1525/1525 1523/1523/1523 1520/1520/1520
f 1526/1526/1526 1525/1525/1525 1520/1520/1520
f 1523/1523/1523 1525/1525/1525 1527/1527/1527
f 1528/1528/1528 1524/1524/1524 1523/1523/1523
f 1528/1528/1528 1523/1523/1523 1527/1527/1527
f 1529/1529/1529 1524/1524/1524 1528/1528/1528
f 1528/1528/1528 1527/1527/1527 1530/1530/1530
f 1531/1531/1531 1529/1529/1529 1528/1528/1528
f 1531/1531/1531 1528/1528/1528 1530/1530/1530
f 1532/1532/1532 1529/1529/1529 1531/1531/1531
f 1530/1530/1530 1533/1533/1533 1531/1531/1531
f 1534/1534/1534 1532/1532/1532 1531/1531/1531
f 1533/1533/1533 1534/1534/1534 1531/1531/1531
f 1537/1537/1537 1536/1536/1536 1535/1535/1535
f 1538/1538/1538 1537/1537/1537 1535/1535/1535
f 1538/1538/1538 1535/1535/1535 1539/1539/1539
f 1535/1535/1535 1540/1540/1540 1539/1539/1539
f 1538/1538/1538 1539/1539/1539 1541/1541/1541
f 1537/1537/1537 1538/1538/1538 1542/1542/1542
f 1542/1542/1542 1538/1538/1538 1541/1541/1541
f 1543/1543/1543 1537/1537/1537 1542/1542/1542
f 1541/1541/1541 1544/1544/1544 1542/1542/1542
f 1545/1545/1545 1543/1543/1543 1542/1542/1542
f 1544/1544/1544 1546/1546/1546 1542/1542/1542
f 1546/1546/1546 1545/1545/1545 1542/1542/1542
f 1549/1549/1549 1548/1548/1548 1547/1547/1547
f 1550/1550/1550 1549/1549/1549 1547/1547/1547
f 1551/1551/1551 1549/1549/1549 1550/1550/1550
f 1552/1552/1552 1550/1550/1550 1547/1547/1547
f 1553/1553/1553 1552/1552/1552 1547/1547/1547
f 1550/1550/1550 1552/1552/1552 1554/1554/1554
f 1555/1555/1555 1551/1551/1551 1550/1550/1550
f 1555/1555/1555 1550/1550/1550 1554/1554/1554
f 1556/1556/1556 1551/1551/1551 1555/1555/1555
f 1554/1554/1554 1557/1557/1557 1555/1555/1555
f 1558/1558/1558 1556/1556/1556 1555/1555/1555
f 1557/1557/1557 1558/1558/1558 1555/1555/1555
f 1559/1559/1559 1556/1556/1556 1558/1558/1558
f 1557/1557/1557 1560/1560/1560 1558/1558/1558
f 1561/1561/1561 1559/1559/1559 1558/1558/1558
f 1560/1560/1560 1561/1561/1561 1558/1558/1558
f 1564/1564/1564 1563/1563/1563 1562/1562/1562
f 1565/1565/1565 1564/1564/1564 1562/1562/1562
f 1562/1562/1562 1566/1566/1566 1565/1565/1565
f 1566/1566/1566 1567/1567/1567 1565/1565/1565
f 1567/1567/1567 1566/1566/1566 1568/1568/1568
f 1569/1569/1569 1567/1567/1567 1568/1568/1568
f 1568/1568/1568 1570/1570/1570 1569/1569/1569
f 1570/1570/1570 1571/1571/1571 1569/1569/1569
f 1569/1569/1569 1572/1572/1572 1567/1567/1567
f 1572/1572/1572 1569/1569/1569 1571/1571/1571
f 1572/1572/1572 1573/1573/1573 1567/1567/1567
f 1567/1567/1567 1573/1573/1573 1565/1565/1565
f 1574/1574/1574 1572/1572/1572 1571/1571/1571
f 1575/1575/1575 1574/1574/1574 1571/1571/1571
f 1576/1576/1576 1575/1575/1575 1571/1571/1571
f 1573/1573/1573 1577/1577/1577 1565/1565/1565
f 1565/1565/1565 1577/1577/1577 1564/1564/1564
f 1577/1577/1577 1578/1578/1578 1564/1564/1564
f 1564/1564/1564 1578/1578/1578 1579/1579/1579
f 1578/1578/1578 1580/1580/1580 1579/1579/1579
f 1583/1583/1583 1582/1582/1582 1581/1581/1581
f 1582/1582/1582 1584/1584/1584 1581/1581/1581
f 1582/1582/1582 1585/1585/1585 1584/1584/1584
f 1585/1585/1585 1586/1586/1586 1584/1584/1584
f 1586/1586/1586 1585/1585/1585 1587/1587/1587
f 1588/1588/1588 1586/1586/1586 1587/1587/1587
f 1588/1588/1588 1587/1587/1587 1589/1589/1589
f 1590/1590/1590 1588/1588/1588 1589/1589/1589
f 1591/1591/1591 1588/1588/1588 1590/1590/1590
f 1588/1588/1588 1591/1591/1591 1586/1586/1586
f 1592/1592/1592 1591/1591/1591 1590/1590/1590
f 1591/1591/1591 1593/1593/1593 1586/1586/1586
f 1586/1586/1586 1593/1593/1593 1584/1584/1584
f 1593/1593/1593 1594/1594/1594 1584/1584/1584
f 1584/1584/1584 1594/1594/1594 1581/1581/1581
f 1594/1594/1594 1595/1595/1595 1581/1581/1581
f 1581/1581/1581 1595/1595/1595 1596/1596/1596
f 1595/1595/1595 1597/1597/1597 1596/1596/1596
f 1600/1600/1600 1599/1599/1599 1598/1598/1598
f 1601/1601/1601 1600/1600/1600 1598/1598/1598
f 1602/1602/1602 1600/1600/1600 1601/1601/1601
f 1603/1603/1603 1602/1602/1602 1601/1601/1601
f 1604/1604/1604 1601/1601/1601 1598/1598/1598
f 1605/1605/1605 1604/1604/1604 1598/1598/1598
f 1604/1604/1604 1606/1606/1606 1601/1601/1601
f 1606/1606/1606 1603/1603/1603 1601/1601/1601
f 1603/1603/1603 1606/1606/1606 1607/1607/1607
f 1608/1608/1608 1603/1603/1603 1607/1607/1607
f 1611/1611/1611 1610/1610/1610 1609/1609/1609
f 1612/1612/1612 1611/1611/1611 1609/1609/1609
f 1613/1613/1613 1612/1612/1612 1609/1609/1609
f 1612/1612/1612 1613/1613/1613 1614/1614/1614
f 1615/1615/1615 1612/1612/1612 1614/1614/1614
f 1616/1616/1616 1613/1613/1613 1609/1609/1609
f 1616/1616/1616 1609/1609/1609 1617/1617/1617
f 1618/1618/1618 1616/1616/1616 1617/1617/1617
f 1621/1621/1621 1620/1620/1620 1619/1619/1619
f 1622/1622/1622 1621/1621/1621 1619/1619/1619
f 1623/1623/1623 1621/1621/1621 1622/1622/1622
f 1624/1624/1624 1622/1622/1622 1619/1619/1619
f 1625/1625/1625 1624/1624/1624 1619/1619/1619
f 1622/1622/1622 1624/1624/1624 1626/1626/1626
f 1627/1627/1627 1622/1622/1622 1626/1626/1626
f 1627/1627/1627 1623/1623/1623 1622/1622/1622
f 1626/1626/1626 1628/1628/1628 1627/1627/1627
f 1623/1623/1623 1627/1627/1627 1629/1629/1629
f 1628/1628/1628 1629/1629/1629 1627/1627/1627
f 1630/1630/1630 1623/1623/1623 1629/1629/1629
f 1628/1628/1628 1631/1631/1631 1629/1629/1629
f 1632/1632/1632 1630/1630/1630 1629/1629/1629
f 1631/1631/1631 1633/1633/1633 1629/1629/1629
f 1633/1633/1633 1632/1632/1632 1629/1629/1629
f 1631/1631/1631 1634/1634/1634 1633/1633/1633
f 1635/1635/1635 1632/1632/1632 1633/1633/1633
f 1634/1634/1634 1636/1636/1636 1633/1633/1633
f 1636/1636/1636 1635/1635/1635 1633/1633/1633
f 1639/1639/1639 1638/1638/1638 1637/1637/1637
f 1640/1640/1640 1639/1639/1639 1637/1637/1637
f 1641/1641/1641 1639/1639/1639 1640/1640/1640
f 1642/1642/1642 1641/1641/1641 1640/1640/1640
f 1642/1642/1642 1640/1640/1640 1643/1643/1643
f 1640/1640/1640 1644/1644/1644 1643/1643/1643
f 1640/1640/1640 1637/1637/1637 1644/1644/1644
f 1637/1637/1637 1645/1645/1645 1644/1644/1644
f 1648/1648/1648 1647/1647/1647 1646/1646/1646
f 1649/1649/1649 1648/1648/1648 1646/1646/1646
f 1650/1650/1650 1648/1648/1648 1649/1649/1649
f 1651/1651/1651 1649/1649/1649 1646/1646/1646
f 1652/1652/1652 1651/1651/1651 1646/1646/1646
f 1649/1649/1649 1651/1651/1651 1653/1653/1653
f 1654/1654/1654 1649/1649/1649 1653/1653/1653
f 1654/1654/1654 1650/1650/1650 1649/1649/1649
f 1654/1654/1654 1653/1653/1653 1655/1655/1655
f 1650/1650/1650 1654/1654/1654 1656/1656/1656
f 1656/1656/1656 1654/1654/1654 1655/1655/1655
f 1657/1657/1657 1650/1650/1650 1656/1656/1656
f 1655/1655/1655 1658/1658/1658 1656/1656/1656
f 1659/1659/1659 1657/1657/1657 1656/1656/1656
f 1658/1658/1658 1660/1660/1660 1656/1656/1656
f 1660/1660/1660 1659/1659/1659 1656/1656/1656
f 1658/1658/1658 1661/1661/1661 1660/1660/1660
f 1662/1662/1662 1659/1659/1659 1660/1660/1660
f 1661/1661/1661 1663/1663/1663 1660/1660/1660
f 1663/1663/1663 1662/1662/1662 1660/1660/1660
f 1666/1666/1666 1665/1665/1665 1664/1664/1664
f 1667/1667/1667 1666/1666/1666 1664/1664/1664
f 1668/1668/1668 1666/1666/1666 1667/1667/1667
f 1669/1669/1669 1668/1668/1668 1667/1667/1667
f 1670/1670/1670 1669/1669/1669 1667/1667/1667
f 1671/1671/1671 1670/1670/1670 1667/1667/1667
f 1667/1667/1667 1664/1664/1664 1671/1671/1671
f 1664/1664/1664 1672/1672/1672 1671/1671/1671
f 1675/1675/1675 1674/1674/1674 1673/1673/1673
f 1676/1676/1676 1675/1675/1675 1673/1673/1673
f 1673/1673/1673 1677/1677/1677 1676/1676/1676
f 1677/1677/1677 1678/1678/1678 1676/1676/1676
f 1678/1678/1678 1677/1677/1677 1679/1679/1679
f 1680/1680/1680 1678/1678/1678 1679/1679/1679
f 1678/1678/1678 1681/1681/1681 1676/1676/1676
f 1681/1681/1681 1682/1682/1682 1676/1676/1676
f 1685/1685/1685 1684/1684/1684 1683/1683/1683
f 1684/1684/1684 1686/1686/1686 1683/1683/1683
f 1684/1684/1684 1687/1687/1687 1686/1686/1686
f 1687/1687/1687 1688/1688/1688 1686/1686/1686
f 1688/1688/1688 1687/1687/1687 1689/1689/1689
f 1690/1690/1690 1688/1688/1688 1689/1689/1689
f 1690/1690/1690 1691/1691/1691 1688/1688/1688
f 1691/1691/1691 1692/1692/1692 1688/1688/1688
f 1688/1688/1688 1692/1692/1692 1686/1686/1686
f 1692/1692/1692 1693/1693/1693 1686/1686/1686
f 1696/1696/1696 1695/1695/1695 1694/1694/1694
f 1695/1695/1695 1697/1697/1697 1694/1694/1694
f 1694/1694/1694 1697/1697/1697 1698/1698/1698
f 1694/1694/1694 1698/1698/1698 1699/1699/1699
f 1697/1697/1697 1700/1700/1700 1698/1698/1698
f 1698/1698/1698 1701/1701/1701 1699/1699/1699
f 1698/1698/1698 1700/1700/1700 1702/1702/1702
f 1701/1701/1701 1698/1698/1698 1702/1702/1702
f 1700/1700/1700 1703/1703/1703 1702/1702/1702
f 1704/1704/1704 1701/1701/1701 1702/1702/1702
f 1702/1702/1702 1703/1703/1703 1705/1705/1705
f 1704/1704/1704 1702/1702/1702 1705/1705/1705
f 1703/1703/1703 1706/1706/1706 1705/1705/1705
f 1706/1706/1706 1707/1707/1707 1705/1705/1705
f 1708/1708/1708 1704/1704/1704 1705/1705/1705
f 1707/1707/1707 1709/1709/1709 1705/1705/1705
f 1705/1705/1705 1709/1709/1709 1708/1708/1708
f 1709/1709/1709 1710/1710/1710 1708/1708/1708
f 1713/1713/1713 1712/1712/1712 1711/1711/1711
f 1714/1714/1714 1713/1713/1713 1711/1711/1711
f 1713/1713/1713 1714/1714/1714 1715/1715/1715
f 1716/1716/1716 1713/1713/1713 1715/1715/1715
f 1717/1717/1717 1716/1716/1716 1715/1715/1715
f 1718/1718/1718 1715/1715/1715 1714/1714/1714
f 1719/1719/1719 1718/1718/1718 1714/1714/1714
f 1718/1718/1718 1720/1720/1720 1715/1715/1715
f 1721/1721/1721 1717/1717/1717 1715/1715/1715
f 1720/1720/1720 1721/1721/1721 1715/1715/1715
f 1722/1722/1722 1717/1717/1717 1721/1721/1721
f 1720/1720/1720 1723/1723/1723 1721/1721/1721
f 1724/1724/1724 1722/1722/1722 1721/1721/1721
f 1723/1723/1723 1724/1724/1724 1721/1721/1721
f 1724/1724/1724 1723/1723/1723 1725/1725/1725
f 1726/1726/1726 1722/1722/1722 1724/1724/1724
f 1727/1727/1727 1724/1724/1724 1725/1725/1725
f 1727/1727/1727 1726/1726/1726 1724/1724/1724
f 1728/1728/1728 1726/1726/1726 1727/1727/1727
f 1729/1729/1729 1728/1728/1728 1727/1727/1727
f 1732/1732/1732 1731/1731/1731 1730/1730/1730
f 1733/1733/1733 1732/1732/1732 1730/1730/1730
f 1733/1733/1733 1734/1734/1734 1732/1732/1732
f 1734/1734/1734 1735/1735/1735 1732/1732/1732
f 1733/1733/1733 1736/1736/1736 1734/1734/1734
f 1736/1736/1736 1737/1737/1737 1734/1734/1734
f 1737/1737/1737 1736/1736/1736 1738/1738/1738
f 1736/1736/1736 1739/1739/1739 1738/1738/1738
f 1739/1739/1739 1740/1740/1740 1738/1738/1738
f 1740/1740/1740 1741/1741/1741 1738/1738/1738
f 1744/1744/1744 1743/1743/1743 1742/1742/1742
f 1744/1744/1744 1742/1742/1742 1745/1745/1745
f 1746/1746/1746 1744/1744/1744 1745/1745/1745
f 1746/1746/1746 1745/1745/1745 1747/1747/1747
f 1745/1745/1745 1742/1742/1742 1748/1748/1748
f 1742/1742/1742 1749/1749/1749 1748/1748/1748
f 1752/1752/1752 1751/1751/1751 1750/1750/1750
f 1753/1753/1753 1752/1752/1752 1750/1750/1750
f 1756/1756/1756 1755/1755/1755 1754/1754/1754
f 1757/1757/1757 1756/1756/1756 1754/1754/1754
f 1760/1760/1760 1759/1759/1759 1758/1758/1758
f 1761/1761/1761 1760/1760/1760 1758/1758/1758
f 1764/1764/1764 1763/1763/1763 1762/1762/1762
f 1765/1765/1765 1764/1764/1764 1762/1762/1762
f 1762/1762/1762 1766/1766/1766 1765/1765/1765
f 1765/1765/1765 1767/1767/1767 1764/1764/1764
f 1767/1767/1767 1768/1768/1768 1764/1764/1764
f 1767/1767/1767 1769/1769/1769 1768/1768/1768
f 1769/1769/1769 1770/1770/1770 1768/1768/1768
f 1771/1771/1771 1770/1770/1770 1769/1769/1769
f 1772/1772/1772 1771/1771/1771 1769/1769/1769
f 1767/1767/1767 1773/1773/1773 1769/1769/1769
f 1767/1767/1767 1765/1765/1765 1773/1773/1773
f 1773/1773/1773 1774/1774/1774 1769/1769/1769
f 1766/1766/1766 1775/1775/1775 1765/1765/1765
f 1765/1765/1765 1775/1775/1775 1773/1773/1773
f 1773/1773/1773 1776/1776/1776 1774/1774/1774
f 1776/1776/1776 1773/1773/1773 1775/1775/1775
f 1776/1776/1776 1777/1777/1777 1774/1774/1774
f 1778/1778/1778 1776/1776/1776 1775/1775/1775
f 1775/1775/1775 1766/1766/1766 1778/1778/1778
f 1766/1766/1766 1779/1779/1779 1778/1778/1778
f 1782/1782/1782 1781/1781/1781 1780/1780/1780
f 1783/1783/1783 1782/1782/1782 1780/1780/1780
f 1783/1783/1783 1780/1780/1780 1784/1784/1784
f 1780/1780/1780 1785/1785/1785 1784/1784/1784
f 1784/1784/1784 1786/1786/1786 1783/1783/1783
f 1782/1782/1782 1783/1783/1783 1787/1787/1787
f 1786/1786/1786 1787/1787/1787 1783/1783/1783
f 1788/1788/1788 1782/1782/1782 1787/1787/1787
f 1786/1786/1786 1789/1789/1789 1787/1787/1787
f 1790/1790/1790 1788/1788/1788 1787/1787/1787
f 1789/1789/1789 1791/1791/1791 1787/1787/1787
f 1791/1791/1791 1790/1790/1790 1787/1787/1787
f 1794/1794/1794 1793/1793/1793 1792/1792/1792
f 1795/1795/1795 1794/1794/1794 1792/1792/1792
f 1796/1796/1796 1794/1794/1794 1795/1795/1795
f 1797/1797/1797 1795/1795/1795 1792/1792/1792
f 1798/1798/1798 1797/1797/1797 1792/1792/1792
f 1795/1795/1795 1797/1797/1797 1799/1799/1799
f 1800/1800/1800 1796/1796/1796 1795/1795/1795
f 1800/1800/1800 1795/1795/1795 1799/1799/1799
f 1801/1801/1801 1796/1796/1796 1800/1800/1800
f 1800/1800/1800 1799/1799/1799 1802/1802/1802
f 1803/1803/1803 1801/1801/1801 1800/1800/1800
f 1803/1803/1803 1800/1800/1800 1802/1802/1802
f 1804/1804/1804 1801/1801/1801 1803/1803/1803
f 1802/1802/1802 1805/1805/1805 1803/1803/1803
f 1806/1806/1806 1804/1804/1804 1803/1803/1803
f 1805/1805/1805 1806/1806/1806 1803/1803/1803
f 1809/1809/1809 1808/1808/1808 1807/1807/1807
f 1810/1810/1810 1809/1809/1809 1807/1807/1807
f 1810/1810/1810 1807/1807/1807 1811/1811/1811
f 1807/1807/1807 1812/1812/1812 1811/1811/1811
f 1810/1810/1810 1811/1811/1811 1813/1813/1813
f 1809/1809/1809 1810/1810/1810 1814/1814/1814
f 1814/1814/1814 1810/1810/1810 1813/1813/1813
f 1815/1815/1815 1809/1809/1809 1814/1814/1814
f 1813/1813/1813 1816/1816/1816 1814/1814/1814
f 1817/1817/1817 1815/1815/1815 1814/1814/1814
f 1816/1816/1816 1818/1818/1818 1814/1814/1814
f 1818/1818/1818 1817/1817/1817 1814/1814/1814
f 1821/1821/1821 1820/1820/1820 1819/1819/1819
f 1822/1822/1822 1821/1821/1821 1819/1819/1819
f 1823/1823/1823 1821/1821/1821 1822/1822/1822
f 1824/1824/1824 1822/1822/1822 1819/1819/1819
f 1825/1825/1825 1824/1824/1824 1819/1819/1819
f 1822/1822/1822 1824/1824/1824 1826/1826/1826
f 1827/1827/1827 1823/1823/1823 1822/1822/1822
f 1827/1827/1827 1822/1822/1822 1826/1826/1826
f 1828/1828/1828 1823/1823/1823 1827/1827/1827
f 1826/1826/1826 1829/1829/1829 1827/1827/1827
f 1830/1830/1830 1828/1828/1828 1827/1827/1827
f 1829/1829/1829 1830/1830/1830 1827/1827/1827
f 1831/1831/1831 1828/1828/1828 1830/1830/1830
f 1829/1829/1829 1832/1832/1832 1830/1830/1830
f 1833/1833/1833 1831/1831/1831 1830/1830/1830
f 1832/1832/1832 1833/1833/1833 1830/1830/1830
f 1836/1836/1836 1835/1835/1835 1834/1834/1834
f 1837/1837/1837 1836/1836/1836 1834/1834/1834
f 1837/1837/1837 1834/1834/1834 1838/1838/1838
f 1834/1834/1834 1839/1839/1839 1838/1838/1838
f 1838/1838/1838 1840/1840/1840 1837/1837/1837
f 1836/1836/1836 1837/1837/1837 1841/1841/1841
f 1840/1840/1840 1841/1841/1841 1837/1837/1837
f 1842/1842/1842 1836/1836/1836 1841/1841/1841
f 1840/1840/1840 1843/1843/1843 1841/1841/1841
f 1844/1844/1844 1842/1842/1842 1841/1841/1841
f 1843/1843/1843 1845/1845/1845 1841/1841/1841
f 1845/1845/1845 1844/1844/1844 1841/1841/1841
f 1848/1848/1848 1847/1847/1847 1846/1846/1846
f 1849/1849/1849 1848/1848/1848 1846/1846/1846
f 1850/1850/1850 1848/1848/1848 1849/1849/1849
f 1851/1851/1851 1849/1849/1849 1846/1846/1846
f 1852/1852/1852 1851/1851/1851 1846/1846/1846
f 1849/1849/1849 1851/1851/1851 1853/1853/1853
f 1854/1854/1854 1850/1850/1850 1849/1849/1849
f 1854/1854/1854 1849/1849/1849 1853/1853/1853
f 1855/1855/1855 1850/1850/1850 1854/1854/1854
f 1854/1854/1854 1853/1853/1853 1856/1856/1856
f 1857/1857/1857 1855/1855/1855 1854/1854/1854
f 1857/1857/1857 1854/1854/1854 1856/1856/1856
f 1858/1858/1858 1855/1855/1855 1857/1857/1857
f 1856/1856/1856 1859/1859/1859 1857/1857/1857
f 1860/1860/1860 1858/1858/1858 1857/1857/1857
f 1859/1859/1859 1860/1860/1860 1857/1857/1857
f 1863/1863/1863 1862/1862/1862 1861/1861/1861
f 1864/1864/1864 1863/1863/1863 1861/1861/1861
f 1864/1864/1864 1861/1861/1861 1865/1865/1865
f 1861/1861/1861 1866/1866/1866 1865/1865/1865
f 1864/1864/1864 1865/1865/1865 1867/1867/1867
f 1863/1863/1863 1864/1864/1864 1868/1868/1868
f 1868/1868/1868 1864/1864/1864 1867/1867/1867
f 1869/1869/1869 1863/1863/1863 1868/1868/1868
f 1867/1867/1867 1870/1870/1870 1868/1868/1868
f 1871/1871/1871 1869/1869/1869 1868/1868/1868
f 1870/1870/1870 1872/1872/1872 1868/1868/1868
f 1872/1872/1872 1871/1871/1871 1868/1868/1868
f 1875/1875/1875 1874/1874/1874 1873/1873/1873
f 1876/1876/1876 1875/1875/1875 1873/1873/1873
f 1877/1877/1877 1875/1875/1875 1876/1876/1876
f 1878/1878/1878 1876/1876/1876 1873/1873/1873
f 1879/1879/1879 1878/1878/1878 1873/1873/1873
f 1876/1876/1876 1878/1878/1878 1880/1880/1880
f 1881/1881/1881 1877/1877/1877 1876/1876/1876
f 1881/1881/1881 1876/1876/1876 1880/1880/1880
f 1882/1882/1882 1877/1877/1877 1881/1881/1881
f 1880/1880/1880 1883/1883/1883 1881/1881/1881
f 1884/1884/1884 1882/1882/1882 1881/1881/1881
f 1883/1883/1883 1884/1884/1884 1881/1881/1881
f 1885/1885/1885 1882/1882/1882 1884/1884/1884
f 1883/1883/1883 1886/1886/1886 1884/1884/1884
f 1887/1887/1887 1885/1885/1885 1884/1884/1884
f 1886/1886/1886 1887/1887/1887 1884/1884/1884
f 1890/1890/1890 1889/1889/1889 1888/1888/1888
f 1891/1891/1891 1890/1890/1890 1888/1888/1888
f 1891/1891/1891 1888/1888/1888 1892/1892/1892
f 1888/1888/1888 1893/1893/1893 1892/1892/1892
f 1892/1892/1892 1894/1894/1894 1891/1891/1891
f 1890/1890/1890 1891/1891/1891 1895/1895/1895
f 1894/1894/1894 1895/1895/1895 1891/1891/1891
f 1896/1896/1896 1890/1890/1890 1895/1895/1895
f 1894/1894/1894 1897/1897/1897 1895/1895/1895
f 1898/1898/1898 1896/1896/1896 1895/1895/1895
f 1897/1897/1897 1899/1899/1899 1895/1895/1895
f 1899/1899/1899 1898/1898/1898 1895/1895/1895
f 1902/1902/1902 1901/1901/1901 1900/1900/1900
f 1903/1903/1903 1902/1902/1902 1900/1900/1900
f 1904/1904/1904 1902/1902/1902 1903/1903/1903
f 1905/1905/1905 1903/1903/1903 1900/1900/1900
f 1906/1906/1906 1905/1905/1905 1900/1900/1900
f 1903/1903/1903 1905/1905/1905 1907/1907/1907
f 1908/1908/1908 1904/1904/1904 1903/1903/1903
f 1908/1908/1908 1903/1903/1903 1907/1907/1907
f 1909/1909/1909 1904/1904/1904 1908/1908/1908
f 1908/1908/1908 1907/1907/1907 1910/1910/1910
f 1911/1911/1911 1909/1909/1909 1908/1908/1908
f 1911/1911/1911 1908/1908/1908 1910/1910/1910
f 1912/1912/1912 1909/1909/1909 1911/1911/1911
f 1910/1910/1910 1913/1913/1913 1911/1911/1911
f 1914/1914/1914 1912/1912/1912 1911/1911/1911
f 1913/1913/1913 1914/1914/1914 1911/1911/1911
f 1917/1917/1917 1916/1916/1916 1915/1915/1915
f 1918/1918/1918 1917/1917/1917 1915/1915/1915
f 1918/1918/1918 1915/1915/1915 1919/1919/1919
f 1915/1915/1915 1920/1920/1920 1919/1919/1919
f 1918/1918/1918 1919/1919/1919 1921/1921/1921
f 1917/1917/1917 1918/1918/1918 1922/1922/1922
f 1922/1922/1922 1918/1918/1918 1921/1921/1921
f 1923/1923/1923 1917/1917/1917 1922/1922/1922
f 1921/1921/1921 1924/1924/1924 1922/1922/1922
f 1925/1925/1925 1923/1923/1923 1922/1922/1922
f 1924/1924/1924 1926/1926/1926 1922/1922/1922
f 1926/1926/1926 1925/1925/1925 1922/1922/1922
f 1929/1929/1929 1928/1928/1928 1927/1927/1927
f 1930/1930/1930 1929/1929/1929 1927/1927/1927
f 1931/1931/1931 1929/1929/1929 1930/1930/1930
f 1932/1932/1932 1930/1930/1930 1927/1927/1927
f 1933/1933/1933 1932/1932/1932 1927/1927/1927
f 1930/1930/1930 1932/1932/1932 1934/1934/1934
f 1935/1935/1935 1931/1931/1931 1930/1930/1930
f 1935/1935/1935 1930/1930/1930 1934/1934/1934
f 1936/1936/1936 1931/1931/1931 1935/1935/1935
f 1934/1934/1934 1937/1937/1937 1935/1935/1935
f 1938/1938/1938 1936/1936/1936 1935/1935/1935
f 1937/1937/1937 1938/1938/1938 1935/1935/1935
f 1939/1939/1939 1936/1936/1936 1938/1938/1938
f 1937/1937/1937 1940/1940/1940 1938/1938/1938
f 1941/1941/1941 1939/1939/1939 1938/1938/1938
f 1940/1940/1940 1941/1941/1941 1938/1938/1938
f 1944/1944/1944 1943/1943/1943 1942/1942/1942
f 1945/1945/1945 1944/1944/1944 1942/1942/1942
f 1944/1944/1944 1945/1945/1945 1946/1946/1946
f 1945/1945/1945 1947/1947/1947 1946/1946/1946
f 1947/1947/1947 1948/1948/1948 1946/1946/1946
f 1948/1948/1948 1949/1949/1949 1946/1946/1946
f 1950/1950/1950 1949/1949/1949 1948/1948/1948
f 1951/1951/1951 1950/1950/1950 1948/1948/1948
f 1950/1950/1950 1951/1951/1951 1952/1952/1952
f 1951/1951/1951 1953/1953/1953 1952/1952/1952
f 1952/1952/1952 1953/1953/1953 1954/1954/1954
f 1953/1953/1953 1955/1955/1955 1954/1954/1954
f 1954/1954/1954 1955/1955/1955 1956/1956/1956
f 1955/1955/1955 1957/1957/1957 1956/1956/1956
f 1956/1956/1956 1957/1957/1957 1958/1958/1958
f 1957/1957/1957 1959/1959/1959 1958/1958/1958
f 1959/1959/1959 1960/1960/1960 1958/1958/1958
f 1960/1960/1960 1961/1961/1961 1958/1958/1958
f 1964/1964/1964 1963/1963/1963 1962/1962/1962
f 1965/1965/1965 1964/1964/1964 1962/1962/1962
f 1966/1966/1966 1965/1965/1965 1962/1962/1962
f 1967/1967/1967 1966/1966/1966 1962/1962/1962
f 1966/1966/1966 1967/1967/1967 1968/1968/1968
f 1967/1967/1967 1969/1969/1969 1968/1968/1968
f 1972/1972/1972 1971/1971/1971 1970/1970/1970
f 1973/1973/1973 1972/1972/1972 1970/1970/1970
f 1974/1974/1974 1973/1973/1973 1970/1970/1970
f 1975/1975/1975 1974/1974/1974 1970/1970/1970
f 1974/1974/1974 1975/1975/1975 1976/1976/1976
f 1975/1975/1975 1977/1977/1977 1976/1976/1976
f 1980/1980/1980 1979/1979/1979 1978/1978/1978
f 1981/1981/1981 1980/1980/1980 1978/1978/1978
f 1982/1982/1982 1981/1981/1981 1978/1978/1978
f 1983/1983/1983 1982/1982/1982 1978/1978/1978
f 1982/1982/1982 1983/1983/1983 1984/1984/1984
f 1983/1983/1983 1985/1985/1985 1984/1984/1984
f 1988/1988/1988 1987/1987/1987 1986/1986/1986
f 1989/1989/1989 1988/1988/1988 1986/1986/1986
f 1988/1988/1988 1989/1989/1989 1990/1990/1990
f 1989/1989/1989 1991/1991/1991 1990/1990/1990
f 1991/1991/1991 1992/1992/1992 1990/1990/1990
f 1992/1992/1992 1993/1993/1993 1990/1990/1990
f 1996/1996/1996 1995/1995/1995 1994/1994/1994
f 1997/1997/1997 1996/1996/1996 1994/1994/1994
f 1998/1998/1998 1997/1997/1997 1994/1994/1994
f 1999/1999/1999 1998/1998/1998 1994/1994/1994
f 1998/1998/1998 1999/1999/1999 2000/2000/2000
f 1999/1999/1999 2001/2001/2001 2000/2000/2000
f 2004/2004/2004 2003/2003/2003 2002/2002/2002
f 2005/2005/2005 2004/2004/2004 2002/2002/2002
f 2004/2004/2004 2005/2005/2005 2006/2006/2006
f 2005/2005/2005 2007/2007/2007 2006/2006/2006
f 2007/2007/2007 2008/2008/2008 2006/2006/2006
f 2008/2008/2008 2009/2009/2009 2006/2006/2006
f 2012/2012/2012 2011/2011/2011 2010/2010/2010
f 2013/2013/2013 2012/2012/2012 2010/2010/2010
f 2012/2012/2012 2013/2013/2013 2014/2014/2014
f 2015/2015/2015 2012/2012/2012 2014/2014/2014
f 2016/2016/2016 2015/2015/2015 2014/2014/2014
f 2017/2017/2017 2016/2016/2016 2014/2014/2014
f 2020/2020/2020 2019/2019/2019 2018/2018/2018
f 2021/2021/2021 2020/2020/2020 2018/2018/2018
f 2020/2020/2020 2021/2021/2021 2022/2022/2022
f 2021/2021/2021 2023/2023/2023 2022/2022/2022
f 2023/2023/2023 2024/2024/2024 2022/2022/2022
f 2024/2024/2024 2025/2025/2025 2022/2022/2022
f 2028/2028/2028 2027/2027/2027 2026/2026/2026
f 2029/2029/2029 2028/2028/2028 2026/2026/2026
f 2030/2030/2030 2029/2029/2029 2026/2026/2026
f 2031/2031/2031 2030/2030/2030 2026/2026/2026
f 2030/2030/2030 2031/2031/2031 2032/2032/2032
f 2031/2031/2031 2033/2033/2033 2032/2032/2032
f 2036/2036/2036 2035/2035/2035 2034/2034/2034
f 2037/2037/2037 2036/2036/2036 2034/2034/2034
f 2036/2036/2036 2037/2037/2037 2038/2038/2038
f 2037/2037/2037 2039/2039/2039 2038/2038/2038
f 2039/2039/2039 2040/2040/2040 2038/2038/2038
f 2040/2040/2040 2041/2041/2041 2038/2038/2038
f 2044/2044/2044 2043/2043/2043 2042/2042/2042
f 2045/2045/2045 2044/2044/2044 2042/2042/2042
f 2044/2044/2044 2045/2045/2045 2046/2046/2046
f 2045/2045/2045 2047/2047/2047 2046/2046/2046
f 2047/2047/2047 2048/2048/2048 2046/2046/2046
f 2048/2048/2048 2049/2049/2049 2046/2046/2046
f 2052/2052/2052 2051/2051/2051 2050/2050/2050
f 2053/2053/2053 2052/2052/2052 2050/2050/2050
f 2053/2053/2053 2054/2054/2054 2052/2052/2052
f 2054/2054/2054 2055/2055/2055 2052/2052/2052
f 2050/2050/2050 2056/2056/2056 2053/2053/2053
f 2054/2054/2054 2057/2057/2057 2055/2055/2055
f 2057/2057/2057 2058/2058/2058 2055/2055/2055
f 2054/2054/2054 2059/2059/2059 2057/2057/2057
f 2059/2059/2059 2060/2060/2060 2057/2057/2057
f 2059/2059/2059 2061/2061/2061 2060/2060/2060
f 2061/2061/2061 2062/2062/2062 2060/2060/2060
f 2059/2059/2059 2063/2063/2063 2061/2061/2061
f 2059/2059/2059 2054/2054/2054 2063/2063/2063
f 2063/2063/2063 2064/2064/2064 2061/2061/2061
f 2063/2063/2063 2065/2065/2065 2064/2064/2064
f 2065/2065/2065 2066/2066/2066 2064/2064/2064
f 2063/2063/2063 2067/2067/2067 2065/2065/2065
f 2054/2054/2054 2067/2067/2067 2063/2063/2063
f 2067/2067/2067 2068/2068/2068 2065/2065/2065
f 2067/2067/2067 2069/2069/2069 2068/2068/2068
f 2054/2054/2054 2069/2069/2069 2067/2067/2067
f 2069/2069/2069 2070/2070/2070 2068/2068/2068
f 2054/2054/2054 2071/2071/2071 2069/2069/2069
f 2070/2070/2070 2069/2069/2069 2071/2071/2071
f 2054/2054/2054 2053/2053/2053 2071/2071/2071
f 2072/2072/2072 2070/2070/2070 2071/2071/2071
f 2053/2053/2053 2073/2073/2073 2071/2071/2071
f 2072/2072/2072 2071/2071/2071 2073/2073/2073
f 2056/2056/2056 2073/2073/2073 2053/2053/2053
f 2074/2074/2074 2072/2072/2072 2073/2073/2073
f 2073/2073/2073 2056/2056/2056 2074/2074/2074
f 2056/2056/2056 2075/2075/2075 2074/2074/2074
f 2078/2078/2078 2077/2077/2077 2076/2076/2076
f 2079/2079/2079 2078/2078/2078 2076/2076/2076
f 2079/2079/2079 2076/2076/2076 2080/2080/2080
f 2079/2079/2079 2081/2081/2081 2078/2078/2078
f 2081/2081/2081 2082/2082/2082 2078/2078/2078
f 2083/2083/2083 2079/2079/2079 2080/2080/2080
f 2081/2081/2081 2079/2079/2079 2083/2083/2083
f 2081/2081/2081 2084/2084/2084 2082/2082/2082
f 2084/2084/2084 2085/2085/2085 2082/2082/2082
f 2084/2084/2084 2081/2081/2081 2086/2086/2086
f 2086/2086/2086 2081/2081/2081 2083/2083/2083
f 2087/2087/2087 2084/2084/2084 2086/2086/2086
f 2086/2086/2086 2088/2088/2088 2087/2087/2087
f 2088/2088/2088 2086/2086/2086 2083/2083/2083
f 2088/2088/2088 2089/2089/2089 2087/2087/2087
f 2090/2090/2090 2088/2088/2088 2083/2083/2083
f 2083/2083/2083 2080/2080/2080 2090/2090/2090
f 2080/2080/2080 2091/2091/2091 2090/2090/2090
f 2094/2094/2094 2093/2093/2093 2092/2092/2092
f 2095/2095/2095 2094/2094/2094 2092/2092/2092
f 2092/2092/2092 2096/2096/2096 2095/2095/2095
f 2095/2095/2095 2097/2097/2097 2094/2094/2094
f 2097/2097/2097 2098/2098/2098 2094/2094/2094
f 2096/2096/2096 2099/2099/2099 2095/2095/2095
f 2095/2095/2095 2099/2099/2099 2097/2097/2097
f 2097/2097/2097 2100/2100/2100 2098/2098/2098
f 2100/2100/2100 2101/2101/2101 2098/2098/2098
f 2100/2100/2100 2097/2097/2097 2102/2102/2102
f 2099/2099/2099 2102/2102/2102 2097/2097/2097
f 2103/2103/2103 2100/2100/2100 2102/2102/2102
f 2102/2102/2102 2104/2104/2104 2103/2103/2103
f 2104/2104/2104 2102/2102/2102 2099/2099/2099
f 2104/2104/2104 2105/2105/2105 2103/2103/2103
f 2106/2106/2106 2104/2104/2104 2099/2099/2099
f 2099/2099/2099 2096/2096/2096 2106/2106/2106
f 2096/2096/2096 2107/2107/2107 2106/2106/2106
f 2110/2110/2110 2109/2109/2109 2108/2108/2108
f 2111/2111/2111 2110/2110/2110 2108/2108/2108
f 2111/2111/2111 2108/2108/2108 2112/2112/2112
f 2108/2108/2108 2113/2113/2113 2112/2112/2112
f 2112/2112/2112 2114/2114/2114 2111/2111/2111
f 2110/2110/2110 2111/2111/2111 2115/2115/2115
f 2114/2114/2114 2115/2115/2115 2111/2111/2111
f 2116/2116/2116 2110/2110/2110 2115/2115/2115
f 2117/2117/2117 2116/2116/2116 2115/2115/2115
f 2118/2118/2118 2117/2117/2117 2115/2115/2115
f 2115/2115/2115 2114/2114/2114 2118/2118/2118
f 2114/2114/2114 2119/2119/2119 2118/2118/2118
f 2122/2122/2122 2121/2121/2121 2120/2120/2120
f 2123/2123/2123 2122/2122/2122 2120/2120/2120
f 2123/2123/2123 2120/2120/2120 2124/2124/2124
f 2120/2120/2120 2125/2125/2125 2124/2124/2124
f 2123/2123/2123 2124/2124/2124 2126/2126/2126
f 2122/2122/2122 2123/2123/2123 2127/2127/2127
f 2127/2127/2127 2123/2123/2123 2126/2126/2126
f 2128/2128/2128 2122/2122/2122 2127/2127/2127
f 2129/2129/2129 2128/2128/2128 2127/2127/2127
f 2130/2130/2130 2129/2129/2129 2127/2127/2127
f 2127/2127/2127 2126/2126/2126 2130/2130/2130
f 2126/2126/2126 2131/2131/2131 2130/2130/2130
f 2134/2134/2134 2133/2133/2133 2132/2132/2132
f 2135/2135/2135 2134/2134/2134 2132/2132/2132
f 2135/2135/2135 2132/2132/2132 2136/2136/2136
f 2132/2132/2132 2137/2137/2137 2136/2136/2136
f 2135/2135/2135 2136/2136/2136 2138/2138/2138
f 2134/2134/2134 2135/2135/2135 2139/2139/2139
f 2139/2139/2139 2135/2135/2135 2138/2138/2138
f 2140/2140/2140 2134/2134/2134 2139/2139/2139
f 2141/2141/2141 2140/2140/2140 2139/2139/2139
f 2142/2142/2142 2141/2141/2141 2139/2139/2139
f 2139/2139/2139 2138/2138/2138 2142/2142/2142
f 2138/2138/2138 2143/2143/2143 2142/2142/2142
f 2146/2146/2146 2145/2145/2145 2144/2144/2144
f 2147/2147/2147 2146/2146/2146 2144/2144/2144
f 2147/2147/2147 2144/2144/2144 2148/2148/2148
f 2144/2144/2144 2149/2149/2149 2148/2148/2148
f 2147/2147/2147 2148/2148/2148 2150/2150/2150
f 2146/2146/2146 2147/2147/2147 2151/2151/2151
f 2151/2151/2151 2147/2147/2147 2150/2150/2150
f 2152/2152/2152 2146/2146/2146 2151/2151/2151
f 2153/2153/2153 2152/2152/2152 2151/2151/2151
f 2154/2154/2154 2153/2153/2153 2151/2151/2151
f 2151/2151/2151 2150/2150/2150 2154/2154/2154
f 2150/2150/2150 2155/2155/2155 2154/2154/2154
f 2158/2158/2158 2157/2157/2157 2156/2156/2156
f 2159/2159/2159 2158/2158/2158 2156/2156/2156
f 2159/2159/2159 2156/2156/2156 2160/2160/2160
f 2156/2156/2156 2161/2161/2161 2160/2160/2160
f 2160/2160/2160 2162/2162/2162 2159/2159/2159
f 2158/2158/2158 2159/2159/2159 2163/2163/2163
f 2162/2162/2162 2163/2163/2163 2159/2159/2159
f 2164/2164/2164 2158/2158/2158 2163/2163/2163
f 2165/2165/2165 2164/2164/2164 2163/2163/2163
f 2166/2166/2166 2165/2165/2165 2163/2163/2163
f 2163/2163/2163 2162/2162/2162 2166/2166/2166
f 2162/2162/2162 2167/2167/2167 2166/2166/2166
f 2170/2170/2170 2169/2169/2169 2168/2168/2168
f 2171/2171/2171 2170/2170/2170 2168/2168/2168
f 2171/2171/2171 2168/2168/2168 2172/2172/2172
f 2168/2168/2168 2173/2173/2173 2172/2172/2172
f 2171/2171/2171 2172/2172/2172 2174/2174/2174
f 2170/2170/2170 2171/2171/2171 2175/2175/2175
f 2175/2175/2175 2171/2171/2171 2174/2174/2174
f 2176/2176/2176 2170/2170/2170 2175/2175/2175
f 2177/2177/2177 2176/2176/2176 2175/2175/2175
f 2178/2178/2178 2177/2177/2177 2175/2175/2175
f 2175/2175/2175 2174/2174/2174 2178/2178/2178
f 2174/2174/2174 2179/2179/2179 2178/2178/2178
f 2182/2182/2182 2181/2181/2181 2180/2180/2180
f 2183/2183/2183 2182/2182/2182 2180/2180/2180
f 2183/2183/2183 2180/2180/2180 2184/2184/2184
f 2180/2180/2180 2185/2185/2185 2184/2184/2184
f 2183/2183/2183 2184/2184/2184 2186/2186/2186
f 2182/2182/2182 2183/2183/2183 2187/2187/2187
f 2187/2187/2187 2183/2183/2183 2186/2186/2186
f 2188/2188/2188 2182/2182/2182 2187/2187/2187
f 2189/2189/2189 2188/2188/2188 2187/2187/2187
f 2190/2190/2190 2189/2189/2189 2187/2187/2187
f 2187/2187/2187 2186/2186/2186 2190/2190/2190
f 2186/2186/2186 2191/2191/2191 2190/2190/2190
f 2194/2194/2194 2193/2193/2193 2192/2192/2192
f 2195/2195/2195 2194/2194/2194 2192/2192/2192
f 2195/2195/2195 2192/2192/2192 2196/2196/2196
f 2192/2192/2192 2197/2197/2197 2196/2196/2196
f 2195/2195/2195 2196/2196/2196 2198/2198/2198
f 2194/2194/2194 2195/2195/2195 2199/2199/2199
f 2199/2199/2199 2195/2195/2195 2198/2198/2198
f 2200/2200/2200 2194/2194/2194 2199/2199/2199
f 2201/2201/2201 2200/2200/2200 2199/2199/2199
f 2202/2202/2202 2201/2201/2201 2199/2199/2199
f 2199/2199/2199 2198/2198/2198 2202/2202/2202
f 2198/2198/2198 2203/2203/2203 2202/2202/2202
f 2206/2206/2206 2205/2205/2205 2204/2204/2204
f 2207/2207/2207 2206/2206/2206 2204/2204/2204
f 2208/2208/2208 2206/2206/2206 2207/2207/2207
f 2207/2207/2207 2204/2204/2204 2209/2209/2209
f 2204/2204/2204 2210/2210/2210 2209/2209/2209
f 2209/2209/2209 2211/2211/2211 2207/2207/2207
f 2212/2212/2212 2208/2208/2208 2207/2207/2207
f 2211/2211/2211 2212/2212/2212 2207/2207/2207
f 2213/2213/2213 2208/2208/2208 2212/2212/2212
f 2214/2214/2214 2213/2213/2213 2212/2212/2212
f 2212/2212/2212 2211/2211/2211 2214/2214/2214
f 2211/2211/2211 2215/2215/2215 2214/2214/2214
f 2218/2218/2218 2217/2217/2217 2216/2216/2216
f 2219/2219/2219 2218/2218/2218 2216/2216/2216
f 2220/2220/2220 2218/2218/2218 2219/2219/2219
f 2219/2219/2219 2216/2216/2216 2221/2221/2221
f 2216/2216/2216 2222/2222/2222 2221/2221/2221
f 2221/2221/2221 2223/2223/2223 2219/2219/2219
f 2224/2224/2224 2220/2220/2220 2219/2219/2219
f 2223/2223/2223 2224/2224/2224 2219/2219/2219
f 2225/2225/2225 2220/2220/2220 2224/2224/2224
f 2226/2226/2226 2225/2225/2225 2224/2224/2224
f 2224/2224/2224 2223/2223/2223 2226/2226/2226
f 2223/2223/2223 2227/2227/2227 2226/2226/2226
f 2230/2230/2230 2229/2229/2229 2228/2228/2228
f 2231/2231/2231 2230/2230/2230 2228/2228/2228
f 2232/2232/2232 2230/2230/2230 2231/2231/2231
f 2231/2231/2231 2228/2228/2228 2233/2233/2233
f 2228/2228/2228 2234/2234/2234 2233/2233/2233
f 2233/2233/2233 2235/2235/2235 2231/2231/2231
f 2236/2236/2236 2232/2232/2232 2231/2231/2231
f 2235/2235/2235 2236/2236/2236 2231/2231/2231
f 2237/2237/2237 2232/2232/2232 2236/2236/2236
f 2238/2238/2238 2237/2237/2237 2236/2236/2236
f 2236/2236/2236 2235/2235/2235 2238/2238/2238
f 2235/2235/2235 2239/2239/2239 2238/2238/2238
f 2242/2242/2242 2241/2241/2241 2240/2240/2240
f 2243/2243/2243 2242/2242/2242 2240/2240/2240
f 2244/2244/2244 2242/2242/2242 2243/2243/2243
f 2243/2243/2243 2240/2240/2240 2245/2245/2245
f 2240/2240/2240 2246/2246/2246 2245/2245/2245
f 2243/2243/2243 2245/2245/2245 2247/2247/2247
f 2248/2248/2248 2244/2244/2244 2243/2243/2243
f 2248/2248/2248 2243/2243/2243 2247/2247/2247
f 2249/2249/2249 2244/2244/2244 2248/2248/2248
f 2250/2250/2250 2249/2249/2249 2248/2248/2248
f 2248/2248/2248 2247/2247/2247 2250/2250/2250
f 2247/2247/2247 2251/2251/2251 2250/2250/2250
f 2254/2254/2254 2253/2253/2253 2252/2252/2252
f 2255/2255/2255 2254/2254/2254 2252/2252/2252
f 2255/2255/2255 2252/2252/2252 2256/2256/2256
f 2252/2252/2252 2257/2257/2257 2256/2256/2256
f 2256/2256/2256 2258/2258/2258 2255/2255/2255
f 2254/2254/2254 2255/2255/2255 2259/2259/2259
f 2258/2258/2258 2259/2259/2259 2255/2255/2255
f 2260/2260/2260 2254/2254/2254 2259/2259/2259
f 2261/2261/2261 2260/2260/2260 2259/2259/2259
f 2262/2262/2262 2261/2261/2261 2259/2259/2259
f 2259/2259/2259 2258/2258/2258 2262/2262/2262
f 2258/2258/2258 2263/2263/2263 2262/2262/2262
f 2266/2266/2266 2265/2265/2265 2264/2264/2264
f 2267/2267/2267 2266/2266/2266 2264/2264/2264
f 2267/2267/2267 2264/2264/2264 2268/2268/2268
f 2264/2264/2264 2269/2269/2269 2268/2268/2268
f 2267/2267/2267 2268/2268/2268 2270/2270/2270
f 2266/2266/2266 2267/2267/2267 2271/2271/2271
f 2271/2271/2271 2267/2267/2267 2270/2270/2270
f 2272/2272/2272 2266/2266/2266 2271/2271/2271
f 2273/2273/2273 2272/2272/2272 2271/2271/2271
f 2274/2274/2274 2273/2273/2273 2271/2271/2271
f 2271/2271/2271 2270/2270/2270 2274/2274/2274
f 2270/2270/2270 2275/2275/2275 2274/2274/2274
f 2278/2278/2278 2277/2277/2277 2276/2276/2276
f 2279/2279/2279 2278/2278/2278 2276/2276/2276
f 2279/2279/2279 2276/2276/2276 2280/2280/2280
f 2276/2276/2276 2281/2281/2281 2280/2280/2280
f 2279/2279/2279 2280/2280/2280 2282/2282/2282
f 2278/2278/2278 2279/2279/2279 2283/2283/2283
f 2283/2283/2283 2279/2279/2279 2282/2282/2282
f 2284/2284/2284 2278/2278/2278 2283/2283/2283
f 2285/2285/2285 2284/2284/2284 2283/2283/2283
f 2286/2286/2286 2285/2285/2285 2283/2283/2283
f 2283/2283/2283 2282/2282/2282 2286/2286/2286
f 2282/2282/2282 2287/2287/2287 2286/2286/2286
f 2290/2290/2290 2289/2289/2289 2288/2288/2288
f 2291/2291/2291 2290/2290/2290 2288/2288/2288
f 2291/2291/2291 2288/2288/2288 2292/2292/2292
f 2288/2288/2288 2293/2293/2293 2292/2292/2292
f 2291/2291/2291 2292/2292/2292 2294/2294/2294
f 2290/2290/2290 2291/2291/2291 2295/2295/2295
f 2295/2295/2295 2291/2291/2291 2294/2294/2294
f 2296/2296/2296 2290/2290/2290 2295/2295/2295
f 2297/2297/2297 2296/2296/2296 2295/2295/2295
f 2298/2298/2298 2297/2297/2297 2295/2295/2295
f 2295/2295/2295 2294/2294/2294 2298/2298/2298
f 2294/2294/2294 2299/2299/2299 2298/2298/2298
f 2302/2302/2302 2301/2301/2301 2300/2300/2300
f 2303/2303/2303 2302/2302/2302 2300/2300/2300
f 2300/2300/2300 2304/2304/2304 2303/2303/2303
f 2303/2303/2303 2305/2305/2305 2302/2302/2302
f 2305/2305/2305 2306/2306/2306 2302/2302/2302
f 2304/2304/2304 2307/2307/2307 2303/2303/2303
f 2303/2303/2303 2307/2307/2307 2305/2305/2305
f 2305/2305/2305 2308/2308/2308 2306/2306/2306
f 2308/2308/2308 2309/2309/2309 2306/2306/2306
f 2308/2308/2308 2305/2305/2305 2310/2310/2310
f 2307/2307/2307 2310/2310/2310 2305/2305/2305
f 2311/2311/2311 2308/2308/2308 2310/2310/2310
f 2310/2310/2310 2312/2312/2312 2311/2311/2311
f 2312/2312/2312 2310/2310/2310 2307/2307/2307
f 2312/2312/2312 2313/2313/2313 2311/2311/2311
f 2314/2314/2314 2312/2312/2312 2307/2307/2307
f 2307/2307/2307 2304/2304/2304 2314/2314/2314
f 2304/2304/2304 2315/2315/2315 2314/2314/2314
f 2318/2318/2318 2317/2317/2317 2316/2316/2316
f 2319/2319/2319 2318/2318/2318 2316/2316/2316
f 2316/2316/2316 2320/2320/2320 2319/2319/2319
f 2319/2319/2319 2321/2321/2321 2318/2318/2318
f 2321/2321/2321 2322/2322/2322 2318/2318/2318
f 2320/2320/2320 2323/2323/2323 2319/2319/2319
f 2319/2319/2319 2323/2323/2323 2321/2321/2321
f 2321/2321/2321 2324/2324/2324 2322/2322/2322
f 2324/2324/2324 2325/2325/2325 2322/2322/2322
f 2324/2324/2324 2321/2321/2321 2326/2326/2326
f 2323/2323/2323 2326/2326/2326 2321/2321/2321
f 2327/2327/2327 2324/2324/2324 2326/2326/2326
f 2326/2326/2326 2328/2328/2328 2327/2327/2327
f 2328/2328/2328 2326/2326/2326 2323/2323/2323
f 2328/2328/2328 2329/2329/2329 2327/2327/2327
f 2330/2330/2330 2328/2328/2328 2323/2323/2323
f 2323/2323/2323 2320/2320/2320 2330/2330/2330
f 2320/2320/2320 2331/2331/2331 2330/2330/2330
f 2334/2334/2334 2333/2333/2333 2332/2332/2332
f 2335/2335/2335 2334/2334/2334 2332/2332/2332
f 2332/2332/2332 2336/2336/2336 2335/2335/2335
f 2335/2335/2335 2337/2337/2337 2334/2334/2334
f 2337/2337/2337 2338/2338/2338 2334/2334/2334
f 2336/2336/2336 2339/2339/2339 2335/2335/2335
f 2337/2337/2337 2335/2335/2335 2339/2339/2339
f 2337/2337/2337 2340/2340/2340 2338/2338/2338
f 2340/2340/2340 2341/2341/2341 2338/2338/2338
f 2337/2337/2337 2342/2342/2342 2340/2340/2340
f 2342/2342/2342 2337/2337/2337 2339/2339/2339
f 2342/2342/2342 2343/2343/2343 2340/2340/2340
f 2342/2342/2342 2344/2344/2344 2343/2343/2343
f 2342/2342/2342 2339/2339/2339 2344/2344/2344
f 2344/2344/2344 2345/2345/2345 2343/2343/2343
f 2339/2339/2339 2346/2346/2346 2344/2344/2344
f 2339/2339/2339 2336/2336/2336 2346/2346/2346
f 2336/2336/2336 2347/2347/2347 2346/2346/2346
f 2350/2350/2350 2349/2349/2349 2348/2348/2348
f 2351/2351/2351 2350/2350/2350 2348/2348/2348
f 2348/2348/2348 2352/2352/2352 2351/2351/2351
f 2351/2351/2351 2353/2353/2353 2350/2350/2350
f 2353/2353/2353 2354/2354/2354 2350/2350/2350
f 2352/2352/2352 2355/2355/2355 2351/2351/2351
f 2351/2351/2351 2355/2355/2355 2353/2353/2353
f 2353/2353/2353 2356/2356/2356 2354/2354/2354
f 2356/2356/2356 2357/2357/2357 2354/2354/2354
f 2356/2356/2356 2353/2353/2353 2358/2358/2358
f 2355/2355/2355 2358/2358/2358 2353/2353/2353
f 2359/2359/2359 2356/2356/2356 2358/2358/2358
f 2358/2358/2358 2360/2360/2360 2359/2359/2359
f 2360/2360/2360 2358/2358/2358 2355/2355/2355
f 2360/2360/2360 2361/2361/2361 2359/2359/2359
f 2362/2362/2362 2360/2360/2360 2355/2355/2355
f 2355/2355/2355 2352/2352/2352 2362/2362/2362
f 2352/2352/2352 2363/2363/2363 2362/2362/2362
f 2366/2366/2366 2365/2365/2365 2364/2364/2364
f 2367/2367/2367 2366/2366/2366 2364/2364/2364
f 2367/2367/2367 2364/2364/2364 2368/2368/2368
f 2364/2364/2364 2369/2369/2369 2368/2368/2368
f 2368/2368/2368 2370/2370/2370 2367/2367/2367
f 2366/2366/2366 2367/2367/2367 2371/2371/2371
f 2370/2370/2370 2371/2371/2371 2367/2367/2367
f 2372/2372/2372 2366/2366/2366 2371/2371/2371
f 2373/2373/2373 2372/2372/2372 2371/2371/2371
f 2374/2374/2374 2373/2373/2373 2371/2371/2371
f 2371/2371/2371 2370/2370/2370 2374/2374/2374
f 2370/2370/2370 2375/2375/2375 2374/2374/2374
f 2378/2378/2378 2377/2377/2377 2376/2376/2376
f 2379/2379/2379 2378/2378/2378 2376/2376/2376
f 2379/2379/2379 2376/2376/2376 2380/2380/2380
f 2376/2376/2376 2381/2381/2381 2380/2380/2380
f 2379/2379/2379 2380/2380/2380 2382/2382/2382
f 2378/2378/2378 2379/2379/2379 2383/2383/2383
f 2383/2383/2383 2379/2379/2379 2382/2382/2382
f 2384/2384/2384 2378/2378/2378 2383/2383/2383
f 2385/2385/2385 2384/2384/2384 2383/2383/2383
f 2386/2386/2386 2385/2385/2385 2383/2383/2383
f 2383/2383/2383 2382/2382/2382 2386/2386/2386
f 2382/2382/2382 2387/2387/2387 2386/2386/2386
f 2390/2390/2390 2389/2389/2389 2388/2388/2388
f 2391/2391/2391 2390/2390/2390 2388/2388/2388
f 2391/2391/2391 2388/2388/2388 2392/2392/2392
f 2388/2388/2388 2393/2393/2393 2392/2392/2392
f 2391/2391/2391 2392/2392/2392 2394/2394/2394
f 2390/2390/2390 2391/2391/2391 2395/2395/2395
f 2395/2395/2395 2391/2391/2391 2394/2394/2394
f 2396/2396/2396 2390/2390/2390 2395/2395/2395
f 2397/2397/2397 2396/2396/2396 2395/2395/2395
f 2398/2398/2398 2397/2397/2397 2395/2395/2395
f 2395/2395/2395 2394/2394/2394 2398/2398/2398
f 2394/2394/2394 2399/2399/2399 2398/2398/2398
f 2402/2402/2402 2401/2401/2401 2400/2400/2400
f 2403/2403/2403 2402/2402/2402 2400/2400/2400
f 2403/2403/2403 2400/2400/2400 2404/2404/2404
f 2400/2400/2400 2405/2405/2405 2404/2404/2404
f 2403/2403/2403 2404/2404/2404 2406/2406/2406
f 2402/2402/2402 2403/2403/2403 2407/2407/2407
f 2407/2407/2407 2403/2403/2403 2406/2406/2406
f 2408/2408/2408 2402/2402/2402 2407/2407/2407
f 2409/2409/2409 2408/2408/2408 2407/2407/2407
f 2410/2410/2410 2409/2409/2409 2407/2407/2407
f 2407/2407/2407 2406/2406/2406 2410/2410/2410
f 2406/2406/2406 2411/2411/2411 2410/2410/2410
f 2414/2414/2414 2413/2413/2413 2412/2412/2412
f 2415/2415/2415 2414/2414/2414 2412/2412/2412
f 2412/2412/2412 2416/2416/2416 2415/2415/2415
f 2415/2415/2415 2417/2417/2417 2414/2414/2414
f 2417/2417/2417 2418/2418/2418 2414/2414/2414
f 2416/2416/2416 2419/2419/2419 2415/2415/2415
f 2415/2415/2415 2419/2419/2419 2417/2417/2417
f 2417/2417/2417 2420/2420/2420 2418/2418/2418
f 2420/2420/2420 2421/2421/2421 2418/2418/2418
f 2420/2420/2420 2417/2417/2417 2422/2422/2422
f 2419/2419/2419 2422/2422/2422 2417/2417/2417
f 2423/2423/2423 2420/2420/2420 2422/2422/2422
f 2422/2422/2422 2424/2424/2424 2423/2423/2423
f 2424/2424/2424 2422/2422/2422 2419/2419/2419
f 2424/2424/2424 2425/2425/2425 2423/2423/2423
f 2426/2426/2426 2424/2424/2424 2419/2419/2419
f 2419/2419/2419 2416/2416/2416 2426/2426/2426
f 2416/2416/2416 2427/2427/2427 2426/2426/2426
f 2430/2430/2430 2429/2429/2429 2428/2428/2428
f 2431/2431/2431 2430/2430/2430 2428/2428/2428
f 2431/2431/2431 2428/2428/2428 2432/2432/2432
f 2428/2428/2428 2433/2433/2433 2432/2432/2432
f 2432/2432/2432 2434/2434/2434 2431/2431/2431
f 2431/2431/2431 2435/2435/2435 2430/2430/2430
f 2434/2434/2434 2435/2435/2435 2431/2431/2431
f 2435/2435/2435 2436/2436/2436 2430/2430/2430
f 2437/2437/2437 2436/2436/2436 2435/2435/2435
f 2438/2438/2438 2437/2437/2437 2435/2435/2435
f 2435/2435/2435 2434/2434/2434 2438/2438/2438
f 2434/2434/2434 2439/2439/2439 2438/2438/2438
f 2442/2442/2442 2441/2441/2441 2440/2440/2440
f 2443/2443/2443 2442/2442/2442 2440/2440/2440
f 2443/2443/2443 2440/2440/2440 2444/2444/2444
f 2440/2440/2440 2445/2445/2445 2444/2444/2444
f 2443/2443/2443 2444/2444/2444 2446/2446/2446
f 2442/2442/2442 2443/2443/2443 2447/2447/2447
f 2447/2447/2447 2443/2443/2443 2446/2446/2446
f 2448/2448/2448 2442/2442/2442 2447/2447/2447
f 2449/2449/2449 2448/2448/2448 2447/2447/2447
f 2450/2450/2450 2449/2449/2449 2447/2447/2447
f 2447/2447/2447 2446/2446/2446 2450/2450/2450
f 2446/2446/2446 2451/2451/2451 2450/2450/2450
f 2454/2454/2454 2453/2453/2453 2452/2452/2452
f 2455/2455/2455 2454/2454/2454 2452/2452/2452
f 2455/2455/2455 2452/2452/2452 2456/2456/2456
f 2452/2452/2452 2457/2457/2457 2456/2456/2456
f 2456/2456/2456 2458/2458/2458 2455/2455/2455
f 2454/2454/2454 2455/2455/2455 2459/2459/2459
f 2458/2458/2458 2459/2459/2459 2455/2455/2455
f 2460/2460/2460 2454/2454/2454 2459/2459/2459
f 2461/2461/2461 2460/2460/2460 2459/2459/2459
f 2462/2462/2462 2461/2461/2461 2459/2459/2459
f 2459/2459/2459 2458/2458/2458 2462/2462/2462
f 2458/2458/2458 2463/2463/2463 2462/2462/2462
f 2466/2466/2466 2465/2465/2465 2464/2464/2464
f 2467/2467/2467 2466/2466/2466 2464/2464/2464
f 2467/2467/2467 2464/2464/2464 2468/2468/2468
f 2464/2464/2464 2469/2469/2469 2468/2468/2468
f 2467/2467/2467 2468/2468/2468 2470/2470/2470
f 2466/2466/2466 2467/2467/2467 2471/2471/2471
f 2471/2471/2471 2467/2467/2467 2470/2470/2470
f 2472/2472/2472 2466/2466/2466 2471/2471/2471
f 2473/2473/2473 2472/2472/2472 2471/2471/2471
f 2474/2474/2474 2473/2473/2473 2471/2471/2471
f 2471/2471/2471 2470/2470/2470 2474/2474/2474
f 2470/2470/2470 2475/2475/2475 2474/2474/2474
f 2478/2478/2478 2477/2477/2477 2476/2476/2476
f 2479/2479/2479 2478/2478/2478 2476/2476/2476
f 2479/2479/2479 2476/2476/2476 2480/2480/2480
f 2476/2476/2476 2481/2481/2481 2480/2480/2480
f 2479/2479/2479 2480/2480/2480 2482/2482/2482
f 2478/2478/2478 2479/2479/2479 2483/2483/2483
f 2483/2483/2483 2479/2479/2479 2482/2482/2482
f 2484/2484/2484 2478/2478/2478 2483/2483/2483
f 2485/2485/2485 2484/2484/2484 2483/2483/2483
f 2486/2486/2486 2485/2485/2485 2483/2483/2483
f 2483/2483/2483 2482/2482/2482 2486/2486/2486
f 2482/2482/2482 2487/2487/2487 2486/2486/2486
f 2490/2490/2490 2489/2489/2489 2488/2488/2488
f 2491/2491/2491 2490/2490/2490 2488/2488/2488
f 2488/2488/2488 2492/2492/2492 2491/2491/2491
f 2491/2491/2491 2493/2493/2493 2490/2490/2490
f 2493/2493/2493 2494/2494/2494 2490/2490/2490
f 2492/2492/2492 2495/2495/2495 2491/2491/2491
f 2493/2493/2493 2491/2491/2491 2495/2495/2495
f 2493/2493/2493 2496/2496/2496 2494/2494/2494
f 2496/2496/2496 2497/2497/2497 2494/2494/2494
f 2493/2493/2493 2498/2498/2498 2496/2496/2496
f 2498/2498/2498 2493/2493/2493 2495/2495/2495
f 2498/2498/2498 2499/2499/2499 2496/2496/2496
f 2498/2498/2498 2500/2500/2500 2499/2499/2499
f 2500/2500/2500 2498/2498/2498 2495/2495/2495
f 2500/2500/2500 2501/2501/2501 2499/2499/2499
f 2502/2502/2502 2500/2500/2500 2495/2495/2495
f 2495/2495/2495 2492/2492/2492 2502/2502/2502
f 2492/2492/2492 2503/2503/2503 2502/2502/2502
f 2506/2506/2506 2505/2505/2505 2504/2504/2504
f 2505/2505/2505 2507/2507/2507 2504/2504/2504
f 2507/2507/2507 2505/2505/2505 2508/2508/2508
f 2509/2509/2509 2507/2507/2507 2508/2508/2508
f 2510/2510/2510 2509/2509/2509 2508/2508/2508
f 2511/2511/2511 2510/2510/2510 2508/2508/2508
f 2511/2511/2511 2512/2512/2512 2510/2510/2510
f 2512/2512/2512 2513/2513/2513 2510/2510/2510
f 2513/2513/2513 2512/2512/2512 2514/2514/2514
f 2515/2515/2515 2513/2513/2513 2514/2514/2514
f 2515/2515/2515 2514/2514/2514 2516/2516/2516
f 2517/2517/2517 2515/2515/2515 2516/2516/2516
f 2517/2517/2517 2516/2516/2516 2518/2518/2518
f 2519/2519/2519 2517/2517/2517 2518/2518/2518
f 2519/2519/2519 2518/2518/2518 2520/2520/2520
f 2521/2521/2521 2519/2519/2519 2520/2520/2520
f 2522/2522/2522 2521/2521/2521 2520/2520/2520
f 2523/2523/2523 2522/2522/2522 2520/2520/2520
f 2526/2526/2526 2525/2525/2525 2524/2524/2524
f 2525/2525/2525 2527/2527/2527 2524/2524/2524
f 2527/2527/2527 2528/2528/2528 2524/2524/2524
f 2528/2528/2528 2529/2529/2529 2524/2524/2524
f 2529/2529/2529 2528/2528/2528 2530/2530/2530
f 2531/2531/2531 2529/2529/2529 2530/2530/2530
f 2534/2534/2534 2533/2533/2533 2532/2532/2532
f 2533/2533/2533 2535/2535/2535 2532/2532/2532
f 2535/2535/2535 2536/2536/2536 2532/2532/2532
f 2536/2536/2536 2537/2537/2537 2532/2532/2532
f 2537/2537/2537 2536/2536/2536 2538/2538/2538
f 2539/2539/2539 2537/2537/2537 2538/2538/2538
f 2542/2542/2542 2541/2541/2541 2540/2540/2540
f 2541/2541/2541 2543/2543/2543 2540/2540/2540
f 2543/2543/2543 2544/2544/2544 2540/2540/2540
f 2544/2544/2544 2545/2545/2545 2540/2540/2540
f 2545/2545/2545 2544/2544/2544 2546/2546/2546
f 2547/2547/2547 2545/2545/2545 2546/2546/2546
f 2550/2550/2550 2549/2549/2549 2548/2548/2548
f 2549/2549/2549 2551/2551/2551 2548/2548/2548
f 2552/2552/2552 2551/2551/2551 2549/2549/2549
f 2553/2553/2553 2552/2552/2552 2549/2549/2549
f 2554/2554/2554 2548/2548/2548 2551/2551/2551
f 2555/2555/2555 2552/2552/2552 2553/2553/2553
f 2556/2556/2556 2555/2555/2555 2553/2553/2553
f 2557/2557/2557 2552/2552/2552 2555/2555/2555
f 2558/2558/2558 2557/2557/2557 2555/2555/2555
f 2559/2559/2559 2557/2557/2557 2558/2558/2558
f 2560/2560/2560 2559/2559/2559 2558/2558/2558
f 2561/2561/2561 2557/2557/2557 2559/2559/2559
f 2552/2552/2552 2557/2557/2557 2561/2561/2561
f 2562/2562/2562 2561/2561/2561 2559/2559/2559
f 2563/2563/2563 2561/2561/2561 2562/2562/2562
f 2564/2564/2564 2563/2563/2563 2562/2562/2562
f 2565/2565/2565 2561/2561/2561 2563/2563/2563
f 2565/2565/2565 2552/2552/2552 2561/2561/2561
f 2566/2566/2566 2565/2565/2565 2563/2563/2563
f 2567/2567/2567 2565/2565/2565 2566/2566/2566
f 2567/2567/2567 2552/2552/2552 2565/2565/2565
f 2568/2568/2568 2567/2567/2567 2566/2566/2566
f 2569/2569/2569 2552/2552/2552 2567/2567/2567
f 2567/2567/2567 2568/2568/2568 2569/2569/2569
f 2551/2551/2551 2552/2552/2552 2569/2569/2569
f 2568/2568/2568 2570/2570/2570 2569/2569/2569
f 2571/2571/2571 2551/2551/2551 2569/2569/2569
f 2569/2569/2569 2570/2570/2570 2571/2571/2571
f 2571/2571/2571 2554/2554/2554 2551/2551/2551
f 2570/2570/2570 2572/2572/2572 2571/2571/2571
f 2554/2554/2554 2571/2571/2571 2572/2572/2572
f 2573/2573/2573 2554/2554/2554 2572/2572/2572
f 2576/2576/2576 2575/2575/2575 2574/2574/2574
f 2575/2575/2575 2577/2577/2577 2574/2574/2574
f 2574/2574/2574 2577/2577/2577 2578/2578/2578
f 2577/2577/2577 2579/2579/2579 2578/2578/2578
f 2582/2582/2582 2581/2581/2581 2580/2580/2580
f 2581/2581/2581 2583/2583/2583 2580/2580/2580
f 2580/2580/2580 2583/2583/2583 2584/2584/2584
f 2585/2585/2585 2580/2580/2580 2584/2584/2584
f 2584/2584/2584 2583/2583/2583 2586/2586/2586
f 2583/2583/2583 2581/2581/2581 2587/2587/2587
f 2583/2583/2583 2587/2587/2587 2586/2586/2586
f 2581/2581/2581 2588/2588/2588 2587/2587/2587
f 2588/2588/2588 2589/2589/2589 2587/2587/2587
f 2589/2589/2589 2590/2590/2590 2587/2587/2587
f 2587/2587/2587 2590/2590/2590 2586/2586/2586
f 2590/2590/2590 2591/2591/2591 2586/2586/2586
f 2594/2594/2594 2593/2593/2593 2592/2592/2592
f 2595/2595/2595 2594/2594/2594 2592/2592/2592
f 2596/2596/2596 2594/2594/2594 2595/2595/2595
f 2597/2597/2597 2596/2596/2596 2595/2595/2595
f 2598/2598/2598 2597/2597/2597 2595/2595/2595
f 2599/2599/2599 2595/2595/2595 2592/2592/2592
f 2599/2599/2599 2598/2598/2598 2595/2595/2595
f 2600/2600/2600 2599/2599/2599 2592/2592/2592
f 2599/2599/2599 2600/2600/2600 2601/2601/2601
f 2598/2598/2598 2599/2599/2599 2602/2602/2602
f 2602/2602/2602 2599/2599/2599 2601/2601/2601
f 2603/2603/2603 2598/2598/2598 2602/2602/2602
f 2601/2601/2601 2604/2604/2604 2602/2602/2602
f 2605/2605/2605 2603/2603/2603 2602/2602/2602
f 2604/2604/2604 2606/2606/2606 2602/2602/2602
f 2606/2606/2606 2605/2605/2605 2602/2602/2602
f 2609/2609/2609 2608/2608/2608 2607/2607/2607
f 2609/2609/2609 2607/2607/2607 2610/2610/2610
f 2608/2608/2608 2611/2611/2611 2607/2607/2607
f 2607/2607/2607 2612/2612/2612 2610/2610/2610
f 2608/2608/2608 2613/2613/2613 2611/2611/2611
f 2613/2613/2613 2614/2614/2614 2611/2611/2611
f 2614/2614/2614 2613/2613/2613 2615/2615/2615
f 2613/2613/2613 2616/2616/2616 2615/2615/2615
f 2612/2612/2612 2617/2617/2617 2610/2610/2610
f 2615/2615/2615 2616/2616/2616 2617/2617/2617
f 2617/2617/2617 2618/2618/2618 2610/2610/2610
f 2616/2616/2616 2618/2618/2618 2617/2617/2617
f 2621/2621/2621 2620/2620/2620 2619/2619/2619
f 2622/2622/2622 2619/2619/2619 2620/2620/2620
f 2623/2623/2623 2622/2622/2622 2620/2620/2620
f 2624/2624/2624 2621/2621/2621 2619/2619/2619
f 2625/2625/2625 2621/2621/2621 2624/2624/2624
f 2626/2626/2626 2625/2625/2625 2624/2624/2624
f 2625/2625/2625 2626/2626/2626 2627/2627/2627
f 2628/2628/2628 2622/2622/2622 2623/2623/2623
f 2629/2629/2629 2628/2628/2628 2623/2623/2623
f 2628/2628/2628 2629/2629/2629 2630/2630/2630
f 2629/2629/2629 2631/2631/2631 2630/2630/2630
f 2630/2630/2630 2632/2632/2632 2628/2628/2628
f 2630/2630/2630 2631/2631/2631 2632/2632/2632
f 2628/2628/2628 2632/2632/2632 2622/2622/2622
f 2631/2631/2631 2633/2633/2633 2632/2632/2632
f 2632/2632/2632 2634/2634/2634 2622/2622/2622
f 2634/2634/2634 2632/2632/2632 2633/2633/2633
f 2622/2622/2622 2634/2634/2634 2619/2619/2619
f 2635/2635/2635 2634/2634/2634 2633/2633/2633
f 2634/2634/2634 2635/2635/2635 2636/2636/2636
f 2634/2634/2634 2636/2636/2636 2619/2619/2619
f 2635/2635/2635 2637/2637/2637 2636/2636/2636
f 2619/2619/2619 2636/2636/2636 2638/2638/2638
f 2638/2638/2638 2636/2636/2636 2637/2637/2637
f 2624/2624/2624 2619/2619/2619 2638/2638/2638
f 2639/2639/2639 2638/2638/2638 2637/2637/2637
f 2626/2626/2626 2624/2624/2624 2638/2638/2638
f 2640/2640/2640 2638/2638/2638 2639/2639/2639
f 2640/2640/2640 2626/2626/2626 2638/2638/2638
f 2641/2641/2641 2640/2640/2640 2639/2639/2639
f 2642/2642/2642 2626/2626/2626 2640/2640/2640
f 2626/2626/2626 2642/2642/2642 2627/2627/2627
f 2627/2627/2627 2642/2642/2642 2643/2643/2643
f 2644/2644/2644 2640/2640/2640 2641/2641/2641
f 2644/2644/2644 2642/2642/2642 2640/2640/2640
f 2645/2645/2645 2644/2644/2644 2641/2641/2641
f 2642/2642/2642 2646/2646/2646 2643/2643/2643
f 2646/2646/2646 2642/2642/2642 2644/2644/2644
f 2645/2645/2645 2643/2643/2643 2646/2646/2646
f 2644/2644/2644 2645/2645/2645 2646/2646/2646
f 2649/2649/2649 2648/2648/2648 2647/2647/2647
f 2650/2650/2650 2647/2647/2647 2648/2648/2648
f 2651/2651/2651 2650/2650/2650 2648/2648/2648
f 2652/2652/2652 2649/2649/2649 2647/2647/2647
f 2653/2653/2653 2649/2649/2649 2652/2652/2652
f 2654/2654/2654 2653/2653/2653 2652/2652/2652
f 2653/2653/2653 2654/2654/2654 2655/2655/2655
f 2656/2656/2656 2650/2650/2650 2651/2651/2651
f 2657/2657/2657 2656/2656/2656 2651/2651/2651
f 2656/2656/2656 2657/2657/2657 2658/2658/2658
f 2657/2657/2657 2659/2659/2659 2658/2658/2658
f 2658/2658/2658 2660/2660/2660 2656/2656/2656
f 2658/2658/2658 2659/2659/2659 2660/2660/2660
f 2656/2656/2656 2660/2660/2660 2650/2650/2650
f 2659/2659/2659 2661/2661/2661 2660/2660/2660
f 2660/2660/2660 2662/2662/2662 2650/2650/2650
f 2662/2662/2662 2660/2660/2660 2661/2661/2661
f 2650/2650/2650 2662/2662/2662 2647/2647/2647
f 2663/2663/2663 2662/2662/2662 2661/2661/2661
f 2662/2662/2662 2663/2663/2663 2664/2664/2664
f 2662/2662/2662 2664/2664/2664 2647/2647/2647
f 2663/2663/2663 2665/2665/2665 2664/2664/2664
f 2647/2647/2647 2664/2664/2664 2666/2666/2666
f 2666/2666/2666 2664/2664/2664 2665/2665/2665
f 2652/2652/2652 2647/2647/2647 2666/2666/2666
f 2667/2667/2667 2666/2666/2666 2665/2665/2665
f 2654/2654/2654 2652/2652/2652 2666/2666/2666
f 2668/2668/2668 2666/2666/2666 2667/2667/2667
f 2668/2668/2668 2654/2654/2654 2666/2666/2666
f 2669/2669/2669 2668/2668/2668 2667/2667/2667
f 2670/2670/2670 2654/2654/2654 2668/2668/2668
f 2654/2654/2654 2670/2670/2670 2655/2655/2655
f 2655/2655/2655 2670/2670/2670 2671/2671/2671
f 2672/2672/2672 2668/2668/2668 2669/2669/2669
f 2672/2672/2672 2670/2670/2670 2668/2668/2668
f 2673/2673/2673 2672/2672/2672 2669/2669/2669
f 2670/2670/2670 2674/2674/2674 2671/2671/2671
f 2674/2674/2674 2670/2670/2670 2672/2672/2672
f 2673/2673/2673 2671/2671/2671 2674/2674/2674
f 2672/2672/2672 2673/2673/2673 2674/2674/2674
f 2677/2677/2677 2676/2676/2676 2675/2675/2675
f 2678/2678/2678 2675/2675/2675 2676/2676/2676
f 2679/2679/2679 2678/2678/2678 2676/2676/2676
f 2680/2680/2680 2677/2677/2677 2675/2675/2675
f 2681/2681/2681 2677/2677/2677 2680/2680/2680
f 2682/2682/2682 2681/2681/2681 2680/2680/2680
f 2681/2681/2681 2682/2682/2682 2683/2683/2683
f 2684/2684/2684 2678/2678/2678 2679/2679/2679
f 2685/2685/2685 2684/2684/2684 2679/2679/2679
f 2684/2684/2684 2685/2685/2685 2686/2686/2686
f 2685/2685/2685 2687/2687/2687 2686/2686/2686
f 2686/2686/2686 2688/2688/2688 2684/2684/2684
f 2686/2686/2686 2687/2687/2687 2688/2688/2688
f 2684/2684/2684 2688/2688/2688 2678/2678/2678
f 2687/2687/2687 2689/2689/2689 2688/2688/2688
f 2688/2688/2688 2690/2690/2690 2678/2678/2678
f 2690/2690/2690 2688/2688/2688 2689/2689/2689
f 2678/2678/2678 2690/2690/2690 2675/2675/2675
f 2691/2691/2691 2690/2690/2690 2689/2689/2689
f 2690/2690/2690 2691/2691/2691 2692/2692/2692
f 2690/2690/2690 2692/2692/2692 2675/2675/2675
f 2691/2691/2691 2693/2693/2693 2692/2692/2692
f 2675/2675/2675 2692/2692/2692 2694/2694/2694
f 2694/2694/2694 2692/2692/2692 2693/2693/2693
f 2680/2680/2680 2675/2675/2675 2694/2694/2694
f 2695/2695/2695 2694/2694/2694 2693/2693/2693
f 2682/2682/2682 2680/2680/2680 2694/2694/2694
f 2696/2696/2696 2694/2694/2694 2695/2695/2695
f 2696/2696/2696 2682/2682/2682 2694/2694/2694
f 2697/2697/2697 2696/2696/2696 2695/2695/2695
f 2698/2698/2698 2682/2682/2682 2696/2696/2696
f 2682/2682/2682 2698/2698/2698 2683/2683/2683
f 2683/2683/2683 2698/2698/2698 2699/2699/2699
f 2700/2700/2700 2696/2696/2696 2697/2697/2697
f 2700/2700/2700 2698/2698/2698 2696/2696/2696
f 2701/2701/2701 2700/2700/2700 2697/2697/2697
f 2698/2698/2698 2702/2702/2702 2699/2699/2699
f 2702/2702/2702 2698/2698/2698 2700/2700/2700
f 2701/2701/2701 2699/2699/2699 2702/2702/2702
f 2700/2700/2700 2701/2701/2701 2702/2702/2702
f 2705/2705/2705 2704/2704/2704 2703/2703/2703
f 2706/2706/2706 2703/2703/2703 2704/2704/2704
f 2707/2707/2707 2706/2706/2706 2704/2704/2704
f 2708/2708/2708 2705/2705/2705 2703/2703/2703
f 2709/2709/2709 2705/2705/2705 2708/2708/2708
f 2710/2710/2710 2709/2709/2709 2708/2708/2708
f 2709/2709/2709 2710/2710/2710 2711/2711/2711
f 2712/2712/2712 2706/2706/2706 2707/2707/2707
f 2713/2713/2713 2712/2712/2712 2707/2707/2707
f 2712/2712/2712 2713/2713/2713 2714/2714/2714
f 2713/2713/2713 2715/2715/2715 2714/2714/2714
f 2714/2714/2714 2716/2716/2716 2712/2712/2712
f 2714/2714/2714 2715/2715/2715 2716/2716/2716
f 2712/2712/2712 2716/2716/2716 2706/2706/2706
f 2715/2715/2715 2717/2717/2717 2716/2716/2716
f 2716/2716/2716 2718/2718/2718 2706/2706/2706
f 2718/2718/2718 2716/2716/2716 2717/2717/2717
f 2706/2706/2706 2718/2718/2718 2703/2703/2703
f 2719/2719/2719 2718/2718/2718 2717/2717/2717
f 2718/2718/2718 2719/2719/2719 2720/2720/2720
f 2718/2718/2718 2720/2720/2720 2703/2703/2703
f 2719/2719/2719 2721/2721/2721 2720/2720/2720
f 2703/2703/2703 2720/2720/2720 2722/2722/2722
f 2722/2722/2722 2720/2720/2720 2721/2721/2721
f 2708/2708/2708 2703/2703/2703 2722/2722/2722
f 2723/2723/2723 2722/2722/2722 2721/2721/2721
f 2710/2710/2710 2708/2708/2708 2722/2722/2722
f 2724/2724/2724 2722/2722/2722 2723/2723/2723
f 2724/2724/2724 2710/2710/2710 2722/2722/2722
f 2725/2725/2725 2724/2724/2724 2723/2723/2723
f 2726/2726/2726 2710/2710/2710 2724/2724/2724
f 2710/2710/2710 2726/2726/2726 2711/2711/2711
f 2711/2711/2711 2726/2726/2726 2727/2727/2727
f 2728/2728/2728 2724/2724/2724 2725/2725/2725
f 2728/2728/2728 2726/2726/2726 2724/2724/2724
f 2729/2729/2729 2728/2728/2728 2725/2725/2725
f 2726/2726/2726 2730/2730/2730 2727/2727/2727
f 2730/2730/2730 2726/2726/2726 2728/2728/2728
f 2729/2729/2729 2727/2727/2727 2730/2730/2730
f 2728/2728/2728 2729/2729/2729 2730/2730/2730
f 2733/2733/2733 2732/2732/2732 2731/2731/2731
f 2734/2734/2734 2731/2731/2731 2732/2732/2732
f 2735/2735/2735 2734/2734/2734 2732/2732/2732
f 2736/2736/2736 2733/2733/2733 2731/2731/2731
f 2737/2737/2737 2733/2733/2733 2736/2736/2736
f 2738/2738/2738 2737/2737/2737 2736/2736/2736
f 2737/2737/2737 2738/2738/2738 2739/2739/2739
f 2740/2740/2740 2734/2734/2734 2735/2735/2735
f 2741/2741/2741 2740/2740/2740 2735/2735/2735
f 2740/2740/2740 2741/2741/2741 2742/2742/2742
f 2741/2741/2741 2743/2743/2743 2742/2742/2742
f 2742/2742/2742 2744/2744/2744 2740/2740/2740
f 2742/2742/2742 2743/2743/2743 2744/2744/2744
f 2740/2740/2740 2744/2744/2744 2734/2734/2734
f 2743/2743/2743 2745/2745/2745 2744/2744/2744
f 2744/2744/2744 2746/2746/2746 2734/2734/2734
f 2746/2746/2746 2744/2744/2744 2745/2745/2745
f 2734/2734/2734 2746/2746/2746 2731/2731/2731
f 2747/2747/2747 2746/2746/2746 2745/2745/2745
f 2746/2746/2746 2747/2747/2747 2748/2748/2748
f 2746/2746/2746 2748/2748/2748 2731/2731/2731
f 2747/2747/2747 2749/2749/2749 2748/2748/2748
f 2731/2731/2731 2748/2748/2748 2750/2750/2750
f 2750/2750/2750 2748/2748/2748 2749/2749/2749
f 2736/2736/2736 2731/2731/2731 2750/2750/2750
f 2751/2751/2751 2750/2750/2750 2749/2749/2749
f 2738/2738/2738 2736/2736/2736 2750/2750/2750
f 2752/2752/2752 2750/2750/2750 2751/2751/2751
f 2752/2752/2752 2738/2738/2738 2750/2750/2750
f 2753/2753/2753 2752/2752/2752 2751/2751/2751
f 2754/2754/2754 2738/2738/2738 2752/2752/2752
f 2738/2738/2738 2754/2754/2754 2739/2739/2739
f 2739/2739/2739 2754/2754/2754 2755/2755/2755
f 2756/2756/2756 2752/2752/2752 2753/2753/2753
f 2756/2756/2756 2754/2754/2754 2752/2752/2752
f 2757/2757/2757 2756/2756/2756 2753/2753/2753
f 2754/2754/2754 2758/2758/2758 2755/2755/2755
f 2758/2758/2758 2754/2754/2754 2756/2756/2756
f 2757/2757/2757 2755/2755/2755 2758/2758/2758
f 2756/2756/2756 2757/2757/2757 2758/2758/2758
f 2761/2761/2761 2760/2760/2760 2759/2759/2759
f 2762/2762/2762 2759/2759/2759 2760/2760/2760
f 2763/2763/2763 2762/2762/2762 2760/2760/2760
f 2764/2764/2764 2761/2761/2761 2759/2759/2759
f 2765/2765/2765 2761/2761/2761 2764/2764/2764
f 2766/2766/2766 2765/2765/2765 2764/2764/2764
f 2765/2765/2765 2766/2766/2766 2767/2767/2767
f 2768/2768/2768 2762/2762/2762 2763/2763/2763
f 2769/2769/2769 2768/2768/2768 2763/2763/2763
f 2768/2768/2768 2769/2769/2769 2770/2770/2770
f 2769/2769/2769 2771/2771/2771 2770/2770/2770
f 2770/2770/2770 2772/2772/2772 2768/2768/2768
f 2770/2770/2770 2771/2771/2771 2772/2772/2772
f 2768/2768/2768 2772/2772/2772 2762/2762/2762
f 2771/2771/2771 2773/2773/2773 2772/2772/2772
f 2772/2772/2772 2774/2774/2774 2762/2762/2762
f 2774/2774/2774 2772/2772/2772 2773/2773/2773
f 2762/2762/2762 2774/2774/2774 2759/2759/2759
f 2775/2775/2775 2774/2774/2774 2773/2773/2773
f 2774/2774/2774 2775/2775/2775 2776/2776/2776
f 2774/2774/2774 2776/2776/2776 2759/2759/2759
f 2775/2775/2775 2777/2777/2777 2776/2776/2776
f 2759/2759/2759 2776/2776/2776 2778/2778/2778
f 2778/2778/2778 2776/2776/2776 2777/2777/2777
f 2764/2764/2764 2759/2759/2759 2778/2778/2778
f 2779/2779/2779 2778/2778/2778 2777/2777/2777
f 2766/2766/2766 2764/2764/2764 2778/2778/2778
f 2780/2780/2780 2778/2778/2778 2779/2779/2779
f 2780/2780/2780 2766/2766/2766 2778/2778/2778
f 2781/2781/2781 2780/2780/2780 2779/2779/2779
f 2782/2782/2782 2766/2766/2766 2780/2780/2780
f 2766/2766/2766 2782/2782/2782 2767/2767/2767
f 2767/2767/2767 2782/2782/2782 2783/2783/2783
f 2784/2784/2784 2780/2780/2780 2781/2781/2781
f 2784/2784/2784 2782/2782/2782 2780/2780/2780
f 2785/2785/2785 2784/2784/2784 2781/2781/2781
f 2782/2782/2782 2786/2786/2786 2783/2783/2783
f 2786/2786/2786 2782/2782/2782 2784/2784/2784
f 2785/2785/2785 2783/2783/2783 2786/2786/2786
f 2784/2784/2784 2785/2785/2785 2786/2786/2786
f 2789/2789/2789 2788/2788/2788 2787/2787/2787
f 2790/2790/2790 2787/2787/2787 2788/2788/2788
f 2791/2791/2791 2790/2790/2790 2788/2788/2788
f 2792/2792/2792 2789/2789/2789 2787/2787/2787
f 2793/2793/2793 2789/2789/2789 2792/2792/2792
f 2794/2794/2794 2793/2793/2793 2792/2792/2792
f 2793/2793/2793 2794/2794/2794 2795/2795/2795
f 2796/2796/2796 2790/2790/2790 2791/2791/2791
f 2797/2797/2797 2796/2796/2796 2791/2791/2791
f 2796/2796/2796 2797/2797/2797 2798/2798/2798
f 2797/2797/2797 2799/2799/2799 2798/2798/2798
f 2798/2798/2798 2800/2800/2800 2796/2796/2796
f 2798/2798/2798 2799/2799/2799 2800/2800/2800
f 2796/2796/2796 2800/2800/2800 2790/2790/2790
f 2799/2799/2799 2801/2801/2801 2800/2800/2800
f 2800/2800/2800 2802/2802/2802 2790/2790/2790
f 2802/2802/2802 2800/2800/2800 2801/2801/2801
f 2790/2790/2790 2802/2802/2802 2787/2787/2787
f 2803/2803/2803 2802/2802/2802 2801/2801/2801
f 2802/2802/2802 2803/2803/2803 2804/2804/2804
f 2802/2802/2802 2804/2804/2804 2787/2787/2787
f 2803/2803/2803 2805/2805/2805 2804/2804/2804
f 2787/2787/2787 2804/2804/2804 2806/2806/2806
f 2806/2806/2806 2804/2804/2804 2805/2805/2805
f 2792/2792/2792 2787/2787/2787 2806/2806/2806
f 2807/2807/2807 2806/2806/2806 2805/2805/2805
f 2794/2794/2794 2792/2792/2792 2806/2806/2806
f 2808/2808/2808 2806/2806/2806 2807/2807/2807
f 2808/2808/2808 2794/2794/2794 2806/2806/2806
f 2809/2809/2809 2808/2808/2808 2807/2807/2807
f 2810/2810/2810 2794/2794/2794 2808/2808/2808
f 2794/2794/2794 2810/2810/2810 2795/2795/2795
f 2795/2795/2795 2810/2810/2810 2811/2811/2811
f 2812/2812/2812 2808/2808/2808 2809/2809/2809
f 2812/2812/2812 2810/2810/2810 2808/2808/2808
f 2813/2813/2813 2812/2812/2812 2809/2809/2809
f 2810/2810/2810 2814/2814/2814 2811/2811/2811
f 2814/2814/2814 2810/2810/2810 2812/2812/2812
f 2813/2813/2813 2811/2811/2811 2814/2814/2814
f 2812/2812/2812 2813/2813/2813 2814/2814/2814
f 2817/2817/2817 2816/2816/2816 2815/2815/2815
f 2818/2818/2818 2817/2817/2817 2815/2815/2815
f 2817/2817/2817 2819/2819/2819 2816/2816/2816
f 2819/2819/2819 2820/2820/2820 2816/2816/2816
f 2820/2820/2820 2819/2819/2819 2821/2821/2821
f 2815/2815/2815 2816/2816/2816 2822/2822/2822
f 2816/2816/2816 2820/2820/2820 2822/2822/2822
f 2823/2823/2823 2820/2820/2820 2821/2821/2821
f 2823/2823/2823 2821/2821/2821 2824/2824/2824
f 2815/2815/2815 2825/2825/2825 2818/2818/2818
f 2825/2825/2825 2826/2826/2826 2818/2818/2818
f 2820/2820/2820 2827/2827/2827 2822/2822/2822
f 2820/2820/2820 2823/2823/2823 2827/2827/2827
f 2828/2828/2828 2823/2823/2823 2824/2824/2824
f 2824/2824/2824 2829/2829/2829 2828/2828/2828
f 2823/2823/2823 2828/2828/2828 2830/2830/2830
f 2829/2829/2829 2830/2830/2830 2828/2828/2828
f 2823/2823/2823 2830/2830/2830 2827/2827/2827
f 2830/2830/2830 2829/2829/2829 2831/2831/2831
f 2827/2827/2827 2830/2830/2830 2831/2831/2831
f 2827/2827/2827 2831/2831/2831 2832/2832/2832
f 2822/2822/2822 2827/2827/2827 2832/2832/2832
f 2822/2822/2822 2832/2832/2832 2833/2833/2833
f 2834/2834/2834 2822/2822/2822 2833/2833/2833
f 2834/2834/2834 2815/2815/2815 2822/2822/2822
f 2833/2833/2833 2835/2835/2835 2834/2834/2834
f 2834/2834/2834 2836/2836/2836 2815/2815/2815
f 2835/2835/2835 2836/2836/2836 2834/2834/2834
f 2836/2836/2836 2825/2825/2825 2815/2815/2815
f 2836/2836/2836 2835/2835/2835 2837/2837/2837
f 2838/2838/2838 2836/2836/2836 2837/2837/2837
f 2836/2836/2836 2838/2838/2838 2825/2825/2825
f 2837/2837/2837 2839/2839/2839 2838/2838/2838
f 2838/2838/2838 2840/2840/2840 2825/2825/2825
f 2825/2825/2825 2840/2840/2840 2826/2826/2826
f 2840/2840/2840 2841/2841/2841 2826/2826/2826
f 2839/2839/2839 2842/2842/2842 2838/2838/2838
f 2839/2839/2839 2841/2841/2841 2842/2842/2842
f 2838/2838/2838 2842/2842/2842 2840/2840/2840
f 2841/2841/2841 2840/2840/2840 2842/2842/2842
f 2845/2845/2845 2844/2844/2844 2843/2843/2843
f 2846/2846/2846 2845/2845/2845 2843/2843/2843
f 2845/2845/2845 2847/2847/2847 2844/2844/2844
f 2847/2847/2847 2848/2848/2848 2844/2844/2844
f 2848/2848/2848 2847/2847/2847 2849/2849/2849
f 2843/2843/2843 2844/2844/2844 2850/2850/2850
f 2844/2844/2844 2848/2848/2848 2850/2850/2850
f 2851/2851/2851 2848/2848/2848 2849/2849/2849
f 2851/2851/2851 2849/2849/2849 2852/2852/2852
f 2843/2843/2843 2853/2853/2853 2846/2846/2846
f 2853/2853/2853 2854/2854/2854 2846/2846/2846
f 2848/2848/2848 2855/2855/2855 2850/2850/2850
f 2848/2848/2848 2851/2851/2851 2855/2855/2855
f 2856/2856/2856 2851/2851/2851 2852/2852/2852
f 2852/2852/2852 2857/2857/2857 2856/2856/2856
f 2851/2851/2851 2856/2856/2856 2858/2858/2858
f 2857/2857/2857 2858/2858/2858 2856/2856/2856
f 2851/2851/2851 2858/2858/2858 2855/2855/2855
f 2858/2858/2858 2857/2857/2857 2859/2859/2859
f 2855/2855/2855 2858/2858/2858 2859/2859/2859
f 2855/2855/2855 2859/2859/2859 2860/2860/2860
f 2850/2850/2850 2855/2855/2855 2860/2860/2860
f 2850/2850/2850 2860/2860/2860 2861/2861/2861
f 2862/2862/2862 2850/2850/2850 2861/2861/2861
f 2862/2862/2862 2843/2843/2843 2850/2850/2850
f 2861/2861/2861 2863/2863/2863 2862/2862/2862
f 2862/2862/2862 2864/2864/2864 2843/2843/2843
f 2863/2863/2863 2864/2864/2864 2862/2862/2862
f 2864/2864/2864 2853/2853/2853 2843/2843/2843
f 2864/2864/2864 2863/2863/2863 2865/2865/2865
f 2866/2866/2866 2864/2864/2864 2865/2865/2865
f 2864/2864/2864 2866/2866/2866 2853/2853/2853
f 2865/2865/2865 2867/2867/2867 2866/2866/2866
f 2866/2866/2866 2868/2868/2868 2853/2853/2853
f 2853/2853/2853 2868/2868/2868 2854/2854/2854
f 2868/2868/2868 2869/2869/2869 2854/2854/2854
f 2867/2867/2867 2870/2870/2870 2866/2866/2866
f 2867/2867/2867 2869/2869/2869 2870/2870/2870
f 2866/2866/2866 2870/2870/2870 2868/2868/2868
f 2869/2869/2869 2868/2868/2868 2870/2870/2870
f 2873/2873/2873 2872/2872/2872 2871/2871/2871
f 2874/2874/2874 2873/2873/2873 2871/2871/2871
f 2873/2873/2873 2875/2875/2875 2872/2872/2872
f 2875/2875/2875 2876/2876/2876 2872/2872/2872
f 2876/2876/2876 2875/2875/2875 2877/2877/2877
f 2871/2871/2871 2872/2872/2872 2878/2878/2878
f 2872/2872/2872 2876/2876/2876 2878/2878/2878
f 2879/2879/2879 2876/2876/2876 2877/2877/2877
f 2879/2879/2879 2877/2877/2877 2880/2880/2880
f 2871/2871/2871 2881/2881/2881 2874/2874/2874
f 2881/2881/2881 2882/2882/2882 2874/2874/2874
f 2876/2876/2876 2883/2883/2883 2878/2878/2878
f 2876/2876/2876 2879/2879/2879 2883/2883/2883
f 2884/2884/2884 2879/2879/2879 2880/2880/2880
f 2880/2880/2880 2885/2885/2885 2884/2884/2884
f 2879/2879/2879 2884/2884/2884 2886/2886/2886
f 2885/2885/2885 2886/2886/2886 2884/2884/2884
f 2879/2879/2879 2886/2886/2886 2883/2883/2883
f 2886/2886/2886 2885/2885/2885 2887/2887/2887
f 2883/2883/2883 2886/2886/2886 2887/2887/2887
f 2883/2883/2883 2887/2887/2887 2888/2888/2888
f 2878/2878/2878 2883/2883/2883 2888/2888/2888
f 2878/2878/2878 2888/2888/2888 2889/2889/2889
f 2890/2890/2890 2878/2878/2878 2889/2889/2889
f 2890/2890/2890 2871/2871/2871 2878/2878/2878
f 2889/2889/2889 2891/2891/2891 2890/2890/2890
f 2890/2890/2890 2892/2892/2892 2871/2871/2871
f 2891/2891/2891 2892/2892/2892 2890/2890/2890
f 2892/2892/2892 2881/2881/2881 2871/2871/2871
f 2892/2892/2892 2891/2891/2891 2893/2893/2893
f 2894/2894/2894 2892/2892/2892 2893/2893/2893
f 2892/2892/2892 2894/2894/2894 2881/2881/2881
f 2893/2893/2893 2895/2895/2895 2894/2894/2894
f 2894/2894/2894 2896/2896/2896 2881/2881/2881
f 2881/2881/2881 2896/2896/2896 2882/2882/2882
f 2896/2896/2896 2897/2897/2897 2882/2882/2882
f 2895/2895/2895 2898/2898/2898 2894/2894/2894
f 2895/2895/2895 2897/2897/2897 2898/2898/2898
f 2894/2894/2894 2898/2898/2898 2896/2896/2896
f 2897/2897/2897 2896/2896/2896 2898/2898/2898
f 2901/2901/2901 2900/2900/2900 2899/2899/2899
f 2902/2902/2902 2901/2901/2901 2899/2899/2899
f 2901/2901/2901 2903/2903/2903 2900/2900/2900
f 2903/2903/2903 2904/2904/2904 2900/2900/2900
f 2904/2904/2904 2903/2903/2903 2905/2905/2905
f 2899/2899/2899 2900/2900/2900 2906/2906/2906
f 2900/2900/2900 2904/2904/2904 2906/2906/2906
f 2907/2907/2907 2904/2904/2904 2905/2905/2905
f 2907/2907/2907 2905/2905/2905 2908/2908/2908
f 2899/2899/2899 2909/2909/2909 2902/2902/2902
f 2909/2909/2909 2910/2910/2910 2902/2902/2902
f 2904/2904/2904 2911/2911/2911 2906/2906/2906
f 2904/2904/2904 2907/2907/2907 2911/2911/2911
f 2912/2912/2912 2907/2907/2907 2908/2908/2908
f 2908/2908/2908 2913/2913/2913 2912/2912/2912
f 2907/2907/2907 2912/2912/2912 2914/2914/2914
f 2913/2913/2913 2914/2914/2914 2912/2912/2912
f 2907/2907/2907 2914/2914/2914 2911/2911/2911
f 2914/2914/2914 2913/2913/2913 2915/2915/2915
f 2911/2911/2911 2914/2914/2914 2915/2915/2915
f 2911/2911/2911 2915/2915/2915 2916/2916/2916
f 2906/2906/2906 2911/2911/2911 2916/2916/2916
f 2906/2906/2906 2916/2916/2916 2917/2917/2917
f 2918/2918/2918 2906/2906/2906 2917/2917/2917
f 2918/2918/2918 2899/2899/2899 2906/2906/2906
f 2917/2917/2917 2919/2919/2919 2918/2918/2918
f 2918/2918/2918 2920/2920/2920 2899/2899/2899
f 2919/2919/2919 2920/2920/2920 2918/2918/2918
f 2920/2920/2920 2909/2909/2909 2899/2899/2899
f 2920/2920/2920 2919/2919/2919 2921/2921/2921
f 2922/2922/2922 2920/2920/2920 2921/2921/2921
f 2920/2920/2920 2922/2922/2922 2909/2909/2909
f 2921/2921/2921 2923/2923/2923 2922/2922/2922
f 2922/2922/2922 2924/2924/2924 2909/2909/2909
f 2909/2909/2909 2924/2924/2924 2910/2910/2910
f 2924/2924/2924 2925/2925/2925 2910/2910/2910
f 2923/2923/2923 2926/2926/2926 2922/2922/2922
f 2923/2923/2923 2925/2925/2925 2926/2926/2926
f 2922/2922/2922 2926/2926/2926 2924/2924/2924
f 2925/2925/2925 2924/2924/2924 2926/2926/2926
f 2929/2929/2929 2928/2928/2928 2927/2927/2927
f 2930/2930/2930 2929/2929/2929 2927/2927/2927
f 2929/2929/2929 2931/2931/2931 2928/2928/2928
f 2931/2931/2931 2932/2932/2932 2928/2928/2928
f 2932/2932/2932 2931/2931/2931 2933/2933/2933
f 2927/2927/2927 2928/2928/2928 2934/2934/2934
f 2928/2928/2928 2932/2932/2932 2934/2934/2934
f 2935/2935/2935 2932/2932/2932 2933/2933/2933
f 2935/2935/2935 2933/2933/2933 2936/2936/2936
f 2927/2927/2927 2937/2937/2937 2930/2930/2930
f 2937/2937/2937 2938/2938/2938 2930/2930/2930
f 2932/2932/2932 2939/2939/2939 2934/2934/2934
f 2932/2932/2932 2935/2935/2935 2939/2939/2939
f 2940/2940/2940 2935/2935/2935 2936/2936/2936
f 2936/2936/2936 2941/2941/2941 2940/2940/2940
f 2935/2935/2935 2940/2940/2940 2942/2942/2942
f 2941/2941/2941 2942/2942/2942 2940/2940/2940
f 2935/2935/2935 2942/2942/2942 2939/2939/2939
f 2942/2942/2942 2941/2941/2941 2943/2943/2943
f 2939/2939/2939 2942/2942/2942 2943/2943/2943
f 2939/2939/2939 2943/2943/2943 2944/2944/2944
f 2934/2934/2934 2939/2939/2939 2944/2944/2944
f 2934/2934/2934 2944/2944/2944 2945/2945/2945
f 2946/2946/2946 2934/2934/2934 2945/2945/2945
f 2946/2946/2946 2927/2927/2927 2934/2934/2934
f 2945/2945/2945 2947/2947/2947 2946/2946/2946
f 2946/2946/2946 2948/2948/2948 2927/2927/2927
f 2947/2947/2947 2948/2948/2948 2946/2946/2946
f 2948/2948/2948 2937/2937/2937 2927/2927/2927
f 2948/2948/2948 2947/2947/2947 2949/2949/2949
f 2950/2950/2950 2948/2948/2948 2949/2949/2949
f 2948/2948/2948 2950/2950/2950 2937/2937/2937
f 2949/2949/2949 2951/2951/2951 2950/2950/2950
f 2950/2950/2950 2952/2952/2952 2937/2937/2937
f 2937/2937/2937 2952/2952/2952 2938/2938/2938
f 2952/2952/2952 2953/2953/2953 2938/2938/2938
f 2951/2951/2951 2954/2954/2954 2950/2950/2950
f 2951/2951/2951 2953/2953/2953 2954/2954/2954
f 2950/2950/2950 2954/2954/2954 2952/2952/2952
f 2953/2953/2953 2952/2952/2952 2954/2954/2954
f 2957/2957/2957 2956/2956/2956 2955/2955/2955
f 2958/2958/2958 2957/2957/2957 2955/2955/2955
f 2957/2957/2957 2959/2959/2959 2956/2956/2956
f 2959/2959/2959 2960/2960/2960 2956/2956/2956
f 2960/2960/2960 2959/2959/2959 2961/2961/2961
f 2955/2955/2955 2956/2956/2956 2962/2962/2962
f 2956/2956/2956 2960/2960/2960 2962/2962/2962
f 2963/2963/2963 2960/2960/2960 2961/2961/2961
f 2963/2963/2963 2961/2961/2961 2964/2964/2964
f 2955/2955/2955 2965/2965/2965 2958/2958/2958
f 2965/2965/2965 2966/2966/2966 2958/2958/2958
f 2960/2960/2960 2967/2967/2967 2962/2962/2962
f 2960/2960/2960 2963/2963/2963 2967/2967/2967
f 2968/2968/2968 2963/2963/2963 2964/2964/2964
f 2964/2964/2964 2969/2969/2969 2968/2968/2968
f 2963/2963/2963 2968/2968/2968 2970/2970/2970
f 2969/2969/2969 2970/2970/2970 2968/2968/2968
f 2963/2963/2963 2970/2970/2970 2967/2967/2967
f 2970/2970/2970 2969/2969/2969 2971/2971/2971
f 2967/2967/2967 2970/2970/2970 2971/2971/2971
f 2967/2967/2967 2971/2971/2971 2972/2972/2972
f 2962/2962/2962 2967/2967/2967 2972/2972/2972
f 2962/2962/2962 2972/2972/2972 2973/2973/2973
f 2974/2974/2974 2962/2962/2962 2973/2973/2973
f 2974/2974/2974 2955/2955/2955 2962/2962/2962
f 2973/2973/2973 2975/2975/2975 2974/2974/2974
f 2974/2974/2974 2976/2976/2976 2955/2955/2955
f 2975/2975/2975 2976/2976/2976 2974/2974/2974
f 2976/2976/2976 2965/2965/2965 2955/2955/2955
f 2976/2976/2976 2975/2975/2975 2977/2977/2977
f 2978/2978/2978 2976/2976/2976 2977/2977/2977
f 2976/2976/2976 2978/2978/2978 2965/2965/2965
f 2977/2977/2977 2979/2979/2979 2978/2978/2978
f 2978/2978/2978 2980/2980/2980 2965/2965/2965
f 2965/2965/2965 2980/2980/2980 2966/2966/2966
f 2980/2980/2980 2981/2981/2981 2966/2966/2966
f 2979/2979/2979 2982/2982/2982 2978/2978/2978
f 2979/2979/2979 2981/2981/2981 2982/2982/2982
f 2978/2978/2978 2982/2982/2982 2980/2980/2980
f 2981/2981/2981 2980/2980/2980 2982/2982/2982
f 2985/2985/2985 2984/2984/2984 2983/2983/2983
f 2986/2986/2986 2985/2985/2985 2983/2983/2983
f 2985/2985/2985 2987/2987/2987 2984/2984/2984
f 2987/2987/2987 2988/2988/2988 2984/2984/2984
f 2988/2988/2988 2987/2987/2987 2989/2989/2989
f 2983/2983/2983 2984/2984/2984 2990/2990/2990
f 2984/2984/2984 2988/2988/2988 2990/2990/2990
f 2991/2991/2991 2988/2988/2988 2989/2989/2989
f 2991/2991/2991 2989/2989/2989 2992/2992/2992
f 2983/2983/2983 2993/2993/2993 2986/2986/2986
f 2993/2993/2993 2994/2994/2994 2986/2986/2986
f 2988/2988/2988 2995/2995/2995 2990/2990/2990
f 2988/2988/2988 2991/2991/2991 2995/2995/2995
f 2996/2996/2996 2991/2991/2991 2992/2992/2992
f 2992/2992/2992 2997/2997/2997 2996/2996/2996
f 2991/2991/2991 2996/2996/2996 2998/2998/2998
f 2997/2997/2997 2998/2998/2998 2996/2996/2996
f 2991/2991/2991 2998/2998/2998 2995/2995/2995
f 2998/2998/2998 2997/2997/2997 2999/2999/2999
f 2995/2995/2995 2998/2998/2998 2999/2999/2999
f 2995/2995/2995 2999/2999/2999 3000/3000/3000
f 2990/2990/2990 2995/2995/2995 3000/3000/3000
f 2990/2990/2990 3000/3000/3000 3001/3001/3001
f 3002/3002/3002 2990/2990/2990 3001/3001/3001
f 3002/3002/3002 2983/2983/2983 2990/2990/2990
f 3001/3001/3001 3003/3003/3003 3002/3002/3002
f 3002/3002/3002 3004/3004/3004 2983/2983/2983
f 3003/3003/3003 3004/3004/3004 3002/3002/3002
f 3004/3004/3004 2993/2993/2993 2983/2983/2983
f 3004/3004/3004 3003/3003/3003 3005/3005/3005
f 3006/3006/3006 3004/3004/3004 3005/3005/3005
f 3004/3004/3004 3006/3006/3006 2993/2993/2993
f 3005/3005/3005 3007/3007/3007 3006/3006/3006
f 3006/3006/3006 3008/3008/3008 2993/2993/2993
f 2993/2993/2993 3008/3008/3008 2994/2994/2994
f 3008/3008/3008 3009/3009/3009 2994/2994/2994
f 3007/3007/3007 3010/3010/3010 3006/3006/3006
f 3007/3007/3007 3009/3009/3009 3010/3010/3010
f 3006/3006/3006 3010/3010/3010 3008/3008/3008
f 3009/3009/3009 3008/3008/3008 3010/3010/3010

