# Blender 3.6.0
# www.blender.org
o Door_96dbc7e4_Door_96dbc7e4
v -0.222200 1.997210 2.478500
v -0.221100 1.996100 2.476510
v -0.150000 1.996100 2.476510
v 0.622200 1.997210 2.521510
v 0.621100 1.996100 2.523500
v 0.550000 1.996100 2.523500
v -0.224990 1.900000 2.520000
v -0.224990 2.000000 2.480010
v -0.224990 2.000000 2.520000
v -0.224990 1.900000 2.480010
v -0.224990 1.700000 2.480010
v -0.224990 1.700000 2.520000
v -0.224990 1.600010 2.520000
v -0.224990 1.600010 2.480010
v -0.224990 0.900000 2.480010
v -0.224990 0.900000 2.520000
v -0.224990 0.800010 2.480010
v -0.224990 0.800010 2.520000
v -0.224990 0.200010 2.480010
v -0.224990 0.200010 2.520000
v -0.224990 0.000000 2.520000
v -0.224990 0.000000 2.480010
v 0.625000 1.900000 2.480010
v 0.625000 2.000000 2.520000
v 0.625000 2.000000 2.480010
v 0.625000 1.900000 2.520000
v 0.625000 1.700000 2.520000
v 0.625000 1.700000 2.480010
v 0.625000 1.600010 2.480010
v 0.625000 1.600010 2.520000
v 0.625000 0.900000 2.520000
v 0.625000 0.900000 2.480010
v 0.625000 0.800010 2.520000
v 0.625000 0.800010 2.480010
v 0.625000 0.200010 2.520000
v 0.625000 0.200010 2.480010
v 0.625000 0.000000 2.480010
v 0.625000 0.000000 2.520000
v -0.118490 0.231500 2.472200
v 0.118500 0.231500 2.472200
v 0.118500 0.768500 2.472200
v -0.118490 0.768500 2.472200
v -0.122090 0.227900 2.472000
v -0.118490 0.231500 2.472200
v -0.118490 0.768500 2.472200
v -0.122090 0.772100 2.472000
v -0.122090 0.772100 2.472000
v -0.118490 0.768500 2.472200
v 0.118500 0.768500 2.472200
v 0.122100 0.772100 2.472000
v 0.122100 0.772100 2.472000
v 0.118500 0.768500 2.472200
v 0.118500 0.231500 2.472200
v 0.122100 0.227900 2.472000
v 0.122100 0.227900 2.472000
v 0.118500 0.231500 2.472200
v -0.118490 0.231500 2.472200
v -0.122090 0.227900 2.472000
v -0.118490 0.768500 2.527810
v 0.118500 0.768500 2.527810
v 0.118500 0.231500 2.527810
v -0.118490 0.231500 2.527810
v -0.122090 0.772100 2.528010
v -0.118490 0.768500 2.527810
v -0.118490 0.231500 2.527810
v -0.122090 0.227900 2.528010
v -0.122090 0.227900 2.528010
v -0.118490 0.231500 2.527810
v 0.118500 0.231500 2.527810
v 0.122100 0.227900 2.528010
v 0.122100 0.227900 2.528010
v 0.118500 0.231500 2.527810
v 0.118500 0.768500 2.527810
v 0.122100 0.772100 2.528010
v 0.122100 0.772100 2.528010
v 0.118500 0.768500 2.527810
v -0.118490 0.768500 2.527810
v -0.122090 0.772100 2.528010
v -0.118490 1.731510 2.472200
v 0.118500 1.731510 2.472200
v 0.118500 1.868500 2.472200
v -0.118490 1.868500 2.472200
v -0.122090 1.727910 2.472000
v -0.118490 1.731510 2.472200
v -0.118490 1.868500 2.472200
v -0.122090 1.872100 2.472000
v -0.122090 1.872100 2.472000
v -0.118490 1.868500 2.472200
v 0.118500 1.868500 2.472200
v 0.122100 1.872100 2.472000
v 0.122100 1.872100 2.472000
v 0.118500 1.868500 2.472200
v 0.118500 1.731510 2.472200
v 0.122100 1.727910 2.472000
v 0.122100 1.727910 2.472000
v 0.118500 1.731510 2.472200
v -0.118490 1.731510 2.472200
v -0.122090 1.727910 2.472000
v -0.118490 1.868500 2.527810
v 0.118500 1.868500 2.527810
v 0.118500 1.731510 2.527810
v -0.118490 1.731510 2.527810
v -0.122090 1.872100 2.528010
v -0.118490 1.868500 2.527810
v -0.118490 1.731510 2.527810
v -0.122090 1.727910 2.528010
v -0.122090 1.727910 2.528010
v -0.118490 1.731510 2.527810
v 0.118500 1.731510 2.527810
v 0.122100 1.727910 2.528010
v 0.122100 1.727910 2.528010
v 0.118500 1.731510 2.527810
v 0.118500 1.868500 2.527810
v 0.122100 1.872100 2.528010
v 0.122100 1.872100 2.528010
v 0.118500 1.868500 2.527810
v -0.118490 1.868500 2.527810
v -0.122090 1.872100 2.528010
v -0.118490 0.931500 2.472200
v 0.118500 0.931500 2.472200
v 0.118500 1.568510 2.472200
v -0.118490 1.568510 2.472200
v -0.122090 0.927900 2.472000
v -0.118490 0.931500 2.472200
v -0.118490 1.568510 2.472200
v -0.122090 1.572110 2.472000
v -0.122090 1.572110 2.472000
v -0.118490 1.568510 2.472200
v 0.118500 1.568510 2.472200
v 0.122100 1.572110 2.472000
v 0.122100 1.572110 2.472000
v 0.118500 1.568510 2.472200
v 0.118500 0.931500 2.472200
v 0.122100 0.927900 2.472000
v 0.122100 0.927900 2.472000
v 0.118500 0.931500 2.472200
v -0.118490 0.931500 2.472200
v -0.122090 0.927900 2.472000
v -0.118490 1.568510 2.527810
v 0.118500 1.568510 2.527810
v 0.118500 0.931500 2.527810
v -0.118490 0.931500 2.527810
v -0.122090 1.572110 2.528010
v -0.118490 1.568510 2.527810
v -0.118490 0.931500 2.527810
v -0.122090 0.927900 2.528010
v -0.122090 0.927900 2.528010
v -0.118490 0.931500 2.527810
v 0.118500 0.931500 2.527810
v 0.122100 0.927900 2.528010
v 0.122100 0.927900 2.528010
v 0.118500 0.931500 2.527810
v 0.118500 1.568510 2.527810
v 0.122100 1.572110 2.528010
v 0.122100 1.572110 2.528010
v 0.118500 1.568510 2.527810
v -0.118490 1.568510 2.527810
v -0.122090 1.572110 2.528010
v -0.150000 0.000000 2.520000
v -0.224990 0.000000 2.480010
v -0.224990 0.000000 2.520000
v -0.150000 0.000000 2.480010
v 0.150010 0.000000 2.480010
v 0.150010 0.000000 2.520000
v 0.250000 0.000000 2.520000
v 0.250000 0.000000 2.480010
v 0.550000 0.000000 2.480010
v 0.550000 0.000000 2.520000
v 0.625000 0.000000 2.520000
v 0.625000 0.000000 2.480010
v -0.150000 2.000000 2.480010
v -0.224990 2.000000 2.520000
v -0.224990 2.000000 2.480010
v -0.150000 2.000000 2.520000
v 0.150010 2.000000 2.520000
v 0.150010 2.000000 2.480010
v 0.250000 2.000000 2.480010
v 0.250000 2.000000 2.520000
v 0.550000 2.000000 2.520000
v 0.550000 2.000000 2.480010
v 0.625000 2.000000 2.480010
v 0.625000 2.000000 2.520000
v 0.518500 0.768500 2.472200
v 0.281500 0.768500 2.472200
v 0.281500 0.231500 2.472200
v 0.518500 0.231500 2.472200
v 0.522100 0.772100 2.472000
v 0.518500 0.768500 2.472200
v 0.518500 0.231500 2.472200
v 0.522100 0.227900 2.472000
v 0.522100 0.227900 2.472000
v 0.518500 0.231500 2.472200
v 0.281500 0.231500 2.472200
v 0.277900 0.227900 2.472000
v 0.277900 0.227900 2.472000
v 0.281500 0.231500 2.472200
v 0.281500 0.768500 2.472200
v 0.277900 0.772100 2.472000
v 0.277900 0.772100 2.472000
v 0.281500 0.768500 2.472200
v 0.518500 0.768500 2.472200
v 0.522100 0.772100 2.472000
v 0.518500 0.231500 2.527810
v 0.281500 0.231500 2.527810
v 0.281500 0.768500 2.527810
v 0.518500 0.768500 2.527810
v 0.522100 0.227900 2.528010
v 0.518500 0.231500 2.527810
v 0.518500 0.768500 2.527810
v 0.522100 0.772100 2.528010
v 0.522100 0.772100 2.528010
v 0.518500 0.768500 2.527810
v 0.281500 0.768500 2.527810
v 0.277900 0.772100 2.528010
v 0.277900 0.772100 2.528010
v 0.281500 0.768500 2.527810
v 0.281500 0.231500 2.527810
v 0.277900 0.227900 2.528010
v 0.277900 0.227900 2.528010
v 0.281500 0.231500 2.527810
v 0.518500 0.231500 2.527810
v 0.522100 0.227900 2.528010
v 0.518500 1.868500 2.472200
v 0.281500 1.868500 2.472200
v 0.281500 1.731510 2.472200
v 0.518500 1.731510 2.472200
v 0.522100 1.872100 2.472000
v 0.518500 1.868500 2.472200
v 0.518500 1.731510 2.472200
v 0.522100 1.727910 2.472000
v 0.522100 1.727910 2.472000
v 0.518500 1.731510 2.472200
v 0.281500 1.731510 2.472200
v 0.277900 1.727910 2.472000
v 0.277900 1.727910 2.472000
v 0.281500 1.731510 2.472200
v 0.281500 1.868500 2.472200
v 0.277900 1.872100 2.472000
v 0.277900 1.872100 2.472000
v 0.281500 1.868500 2.472200
v 0.518500 1.868500 2.472200
v 0.522100 1.872100 2.472000
v 0.518500 1.731510 2.527810
v 0.281500 1.731510 2.527810
v 0.281500 1.868500 2.527810
v 0.518500 1.868500 2.527810
v 0.522100 1.727910 2.528010
v 0.518500 1.731510 2.527810
v 0.518500 1.868500 2.527810
v 0.522100 1.872100 2.528010
v 0.522100 1.872100 2.528010
v 0.518500 1.868500 2.527810
v 0.281500 1.868500 2.527810
v 0.277900 1.872100 2.528010
v 0.277900 1.872100 2.528010
v 0.281500 1.868500 2.527810
v 0.281500 1.731510 2.527810
v 0.277900 1.727910 2.528010
v 0.277900 1.727910 2.528010
v 0.281500 1.731510 2.527810
v 0.518500 1.731510 2.527810
v 0.522100 1.727910 2.528010
v 0.518500 1.568510 2.472200
v 0.281500 1.568510 2.472200
v 0.281500 0.931500 2.472200
v 0.518500 0.931500 2.472200
v 0.522100 1.572110 2.472000
v 0.518500 1.568510 2.472200
v 0.518500 0.931500 2.472200
v 0.522100 0.927900 2.472000
v 0.522100 0.927900 2.472000
v 0.518500 0.931500 2.472200
v 0.281500 0.931500 2.472200
v 0.277900 0.927900 2.472000
v 0.277900 0.927900 2.472000
v 0.281500 0.931500 2.472200
v 0.281500 1.568510 2.472200
v 0.277900 1.572110 2.472000
v 0.277900 1.572110 2.472000
v 0.281500 1.568510 2.472200
v 0.518500 1.568510 2.472200
v 0.522100 1.572110 2.472000
v 0.518500 0.931500 2.527810
v 0.281500 0.931500 2.527810
v 0.281500 1.568510 2.527810
v 0.518500 1.568510 2.527810
v 0.522100 0.927900 2.528010
v 0.518500 0.931500 2.527810
v 0.518500 1.568510 2.527810
v 0.522100 1.572110 2.528010
v 0.522100 1.572110 2.528010
v 0.518500 1.568510 2.527810
v 0.281500 1.568510 2.527810
v 0.277900 1.572110 2.528010
v 0.277900 1.572110 2.528010
v 0.281500 1.568510 2.527810
v 0.281500 0.931500 2.527810
v 0.277900 0.927900 2.528010
v 0.277900 0.927900 2.528010
v 0.281500 0.931500 2.527810
v 0.518500 0.931500 2.527810
v 0.522100 0.927900 2.528010
v -0.224990 1.900000 2.480010
v -0.222200 1.997210 2.478500
v -0.224990 2.000000 2.480010
v -0.222200 1.900000 2.478500
v -0.224990 1.700000 2.480010
v -0.222200 1.700000 2.478500
v -0.224990 1.600010 2.480010
v -0.222200 1.600010 2.478500
v -0.224990 0.900000 2.480010
v -0.222200 0.900000 2.478500
v -0.224990 0.800010 2.480010
v -0.222200 0.800010 2.478500
v -0.224990 0.200010 2.480010
v -0.222200 0.200010 2.478500
v -0.224990 0.000000 2.480010
v -0.222200 0.002800 2.478500
v -0.224990 2.000000 2.480010
v -0.222200 1.997210 2.478500
v -0.150000 1.997210 2.478500
v -0.150000 2.000000 2.480010
v 0.150010 1.997210 2.478500
v 0.150010 2.000000 2.480010
v 0.250000 1.997210 2.478500
v 0.250000 2.000000 2.480010
v 0.550000 1.997210 2.478500
v 0.550000 2.000000 2.480010
v 0.622200 1.997210 2.478500
v 0.625000 2.000000 2.480010
v 0.625000 2.000000 2.480010
v 0.622200 1.997210 2.478500
v 0.622200 1.900000 2.478500
v 0.625000 1.900000 2.480010
v 0.622200 1.700000 2.478500
v 0.625000 1.700000 2.480010
v 0.622200 1.600010 2.478500
v 0.625000 1.600010 2.480010
v 0.622200 0.900000 2.478500
v 0.625000 0.900000 2.480010
v 0.622200 0.800010 2.478500
v 0.625000 0.800010 2.480010
v 0.622200 0.200010 2.478500
v 0.625000 0.200010 2.480010
v 0.622200 0.002800 2.478500
v 0.625000 0.000000 2.480010
v 0.625000 0.000000 2.480010
v 0.622200 0.002800 2.478500
v 0.550000 0.002800 2.478500
v 0.550000 0.000000 2.480010
v 0.250000 0.002800 2.478500
v 0.250000 0.000000 2.480010
v 0.150010 0.002800 2.478500
v 0.150010 0.000000 2.480010
v -0.150000 0.002800 2.478500
v -0.150000 0.000000 2.480010
v -0.222200 0.002800 2.478500
v -0.224990 0.000000 2.480010
v -0.224990 0.200010 2.520000
v -0.222200 0.002800 2.521510
v -0.224990 0.000000 2.520000
v -0.222200 0.200010 2.521510
v -0.224990 0.800010 2.520000
v -0.222200 0.800010 2.521510
v -0.224990 0.900000 2.520000
v -0.222200 0.900000 2.521510
v -0.224990 1.600010 2.520000
v -0.222200 1.600010 2.521510
v -0.224990 1.700000 2.520000
v -0.222200 1.700000 2.521510
v -0.224990 1.900000 2.520000
v -0.222200 1.900000 2.521510
v -0.224990 2.000000 2.520000
v -0.222200 1.997210 2.521510
v -0.224990 0.000000 2.520000
v -0.222200 0.002800 2.521510
v -0.150000 0.002800 2.521510
v -0.150000 0.000000 2.520000
v 0.150010 0.002800 2.521510
v 0.150010 0.000000 2.520000
v 0.250000 0.002800 2.521510
v 0.250000 0.000000 2.520000
v 0.550000 0.002800 2.521510
v 0.550000 0.000000 2.520000
v 0.622200 0.002800 2.521510
v 0.625000 0.000000 2.520000
v 0.625000 0.000000 2.520000
v 0.622200 0.002800 2.521510
v 0.622200 0.200010 2.521510
v 0.625000 0.200010 2.520000
v 0.622200 0.800010 2.521510
v 0.625000 0.800010 2.520000
v 0.622200 0.900000 2.521510
v 0.625000 0.900000 2.520000
v 0.622200 1.600010 2.521510
v 0.625000 1.600010 2.520000
v 0.622200 1.700000 2.521510
v 0.625000 1.700000 2.520000
v 0.622200 1.900000 2.521510
v 0.625000 1.900000 2.520000
v 0.622200 1.997210 2.521510
v 0.625000 2.000000 2.520000
v 0.625000 2.000000 2.520000
v 0.622200 1.997210 2.521510
v 0.550000 1.997210 2.521510
v 0.550000 2.000000 2.520000
v 0.250000 1.997210 2.521510
v 0.250000 2.000000 2.520000
v 0.150010 1.997210 2.521510
v 0.150010 2.000000 2.520000
v -0.150000 1.997210 2.521510
v -0.150000 2.000000 2.520000
v -0.222200 1.997210 2.521510
v -0.224990 2.000000 2.520000
v -0.150000 0.800010 2.480010
v -0.152800 0.802800 2.478500
v -0.152800 0.197210 2.478500
v -0.150000 0.200010 2.480010
v -0.150000 0.200010 2.480010
v -0.152800 0.197210 2.478500
v 0.152800 0.197210 2.478500
v 0.150010 0.200010 2.480010
v 0.150010 0.200010 2.480010
v 0.152800 0.197210 2.478500
v 0.152800 0.802800 2.478500
v 0.150010 0.800010 2.480010
v 0.150010 0.800010 2.480010
v 0.152800 0.802800 2.478500
v -0.152800 0.802800 2.478500
v -0.150000 0.800010 2.480010
v -0.150000 0.200010 2.520000
v -0.152800 0.197210 2.521510
v -0.152800 0.802800 2.521510
v -0.150000 0.800010 2.520000
v -0.150000 0.800010 2.520000
v -0.152800 0.802800 2.521510
v 0.152800 0.802800 2.521510
v 0.150010 0.800010 2.520000
v 0.150010 0.800010 2.520000
v 0.152800 0.802800 2.521510
v 0.152800 0.197210 2.521510
v 0.150010 0.200010 2.520000
v 0.150010 0.200010 2.520000
v 0.152800 0.197210 2.521510
v -0.152800 0.197210 2.521510
v -0.150000 0.200010 2.520000
v -0.150000 1.900000 2.480010
v -0.152800 1.902810 2.478500
v -0.152800 1.697200 2.478500
v -0.150000 1.700000 2.480010
v -0.150000 1.700000 2.480010
v -0.152800 1.697200 2.478500
v 0.152800 1.697200 2.478500
v 0.150010 1.700000 2.480010
v 0.150010 1.700000 2.480010
v 0.152800 1.697200 2.478500
v 0.152800 1.902810 2.478500
v 0.150010 1.900000 2.480010
v 0.150010 1.900000 2.480010
v 0.152800 1.902810 2.478500
v -0.152800 1.902810 2.478500
v -0.150000 1.900000 2.480010
v -0.150000 1.700000 2.520000
v -0.152800 1.697200 2.521510
v -0.152800 1.902810 2.521510
v -0.150000 1.900000 2.520000
v -0.150000 1.900000 2.520000
v -0.152800 1.902810 2.521510
v 0.152800 1.902810 2.521510
v 0.150010 1.900000 2.520000
v 0.150010 1.900000 2.520000
v 0.152800 1.902810 2.521510
v 0.152800 1.697200 2.521510
v 0.150010 1.700000 2.520000
v 0.150010 1.700000 2.520000
v 0.152800 1.697200 2.521510
v -0.152800 1.697200 2.521510
v -0.150000 1.700000 2.520000
v -0.150000 1.600010 2.480010
v -0.152800 1.602800 2.478500
v -0.152800 0.897210 2.478500
v -0.150000 0.900000 2.480010
v -0.150000 0.900000 2.480010
v -0.152800 0.897210 2.478500
v 0.152800 0.897210 2.478500
v 0.150010 0.900000 2.480010
v 0.150010 0.900000 2.480010
v 0.152800 0.897210 2.478500
v 0.152800 1.602800 2.478500
v 0.150010 1.600010 2.480010
v 0.150010 1.600010 2.480010
v 0.152800 1.602800 2.478500
v -0.152800 1.602800 2.478500
v -0.150000 1.600010 2.480010
v -0.150000 0.900000 2.520000
v -0.152800 0.897210 2.521510
v -0.152800 1.602800 2.521510
v -0.150000 1.600010 2.520000
v -0.150000 1.600010 2.520000
v -0.152800 1.602800 2.521510
v 0.152800 1.602800 2.521510
v 0.150010 1.600010 2.520000
v 0.150010 1.600010 2.520000
v 0.152800 1.602800 2.521510
v 0.152800 0.897210 2.521510
v 0.150010 0.900000 2.520000
v 0.150010 0.900000 2.520000
v 0.152800 0.897210 2.521510
v -0.152800 0.897210 2.521510
v -0.150000 0.900000 2.520000
v 0.550000 0.200010 2.480010
v 0.552800 0.197210 2.478500
v 0.552800 0.802800 2.478500
v 0.550000 0.800010 2.480010
v 0.550000 0.800010 2.480010
v 0.552800 0.802800 2.478500
v 0.247200 0.802800 2.478500
v 0.250000 0.800010 2.480010
v 0.250000 0.800010 2.480010
v 0.247200 0.802800 2.478500
v 0.247200 0.197210 2.478500
v 0.250000 0.200010 2.480010
v 0.250000 0.200010 2.480010
v 0.247200 0.197210 2.478500
v 0.552800 0.197210 2.478500
v 0.550000 0.200010 2.480010
v 0.550000 0.800010 2.520000
v 0.552800 0.802800 2.521510
v 0.552800 0.197210 2.521510
v 0.550000 0.200010 2.520000
v 0.550000 0.200010 2.520000
v 0.552800 0.197210 2.521510
v 0.247200 0.197210 2.521510
v 0.250000 0.200010 2.520000
v 0.250000 0.200010 2.520000
v 0.247200 0.197210 2.521510
v 0.247200 0.802800 2.521510
v 0.250000 0.800010 2.520000
v 0.250000 0.800010 2.520000
v 0.247200 0.802800 2.521510
v 0.552800 0.802800 2.521510
v 0.550000 0.800010 2.520000
v 0.550000 1.700000 2.480010
v 0.552800 1.697200 2.478500
v 0.552800 1.902810 2.478500
v 0.550000 1.900000 2.480010
v 0.550000 1.900000 2.480010
v 0.552800 1.902810 2.478500
v 0.247200 1.902810 2.478500
v 0.250000 1.900000 2.480010
v 0.250000 1.900000 2.480010
v 0.247200 1.902810 2.478500
v 0.247200 1.697200 2.478500
v 0.250000 1.700000 2.480010
v 0.250000 1.700000 2.480010
v 0.247200 1.697200 2.478500
v 0.552800 1.697200 2.478500
v 0.550000 1.700000 2.480010
v 0.250000 0.900000 2.520000
v 0.247200 0.897210 2.521510
v 0.247200 1.602800 2.521510
v 0.250000 1.600010 2.520000
v 0.250000 1.600010 2.520000
v 0.247200 1.602800 2.521510
v 0.552800 1.602800 2.521510
v 0.550000 1.600010 2.520000
v 0.550000 1.600010 2.520000
v 0.552800 1.602800 2.521510
v 0.552800 0.897210 2.521510
v 0.550000 0.900000 2.520000
v 0.550000 0.900000 2.520000
v 0.552800 0.897210 2.521510
v 0.247200 0.897210 2.521510
v 0.250000 0.900000 2.520000
v 0.550000 1.900000 2.520000
v 0.552800 1.902810 2.521510
v 0.552800 1.697200 2.521510
v 0.550000 1.700000 2.520000
v 0.550000 1.700000 2.520000
v 0.552800 1.697200 2.521510
v 0.247200 1.697200 2.521510
v 0.250000 1.700000 2.520000
v 0.250000 1.700000 2.520000
v 0.247200 1.697200 2.521510
v 0.247200 1.902810 2.521510
v 0.250000 1.900000 2.520000
v 0.250000 1.900000 2.520000
v 0.247200 1.902810 2.521510
v 0.552800 1.902810 2.521510
v 0.550000 1.900000 2.520000
v 0.250000 1.600010 2.480010
v 0.247200 1.602800 2.478500
v 0.247200 0.897210 2.478500
v 0.250000 0.900000 2.480010
v 0.250000 0.900000 2.480010
v 0.247200 0.897210 2.478500
v 0.552800 0.897210 2.478500
v 0.550000 0.900000 2.480010
v 0.550000 0.900000 2.480010
v 0.552800 0.897210 2.478500
v 0.552800 1.602800 2.478500
v 0.550000 1.600010 2.480010
v 0.550000 1.600010 2.480010
v 0.552800 1.602800 2.478500
v 0.247200 1.602800 2.478500
v 0.250000 1.600010 2.480010
v -0.150000 0.200010 2.480010
v -0.122090 0.227900 2.472000
v -0.122090 0.772100 2.472000
v -0.150000 0.800010 2.480010
v -0.150000 0.800010 2.480010
v -0.122090 0.772100 2.472000
v 0.122100 0.772100 2.472000
v 0.150010 0.800010 2.480010
v 0.150010 0.800010 2.480010
v 0.122100 0.772100 2.472000
v 0.122100 0.227900 2.472000
v 0.150010 0.200010 2.480010
v 0.150010 0.200010 2.480010
v 0.122100 0.227900 2.472000
v -0.122090 0.227900 2.472000
v -0.150000 0.200010 2.480010
v -0.150000 0.800010 2.520000
v -0.122090 0.772100 2.528010
v -0.122090 0.227900 2.528010
v -0.150000 0.200010 2.520000
v -0.150000 0.200010 2.520000
v -0.122090 0.227900 2.528010
v 0.122100 0.227900 2.528010
v 0.150010 0.200010 2.520000
v 0.150010 0.200010 2.520000
v 0.122100 0.227900 2.528010
v 0.122100 0.772100 2.528010
v 0.150010 0.800010 2.520000
v 0.150010 0.800010 2.520000
v 0.122100 0.772100 2.528010
v -0.122090 0.772100 2.528010
v -0.150000 0.800010 2.520000
v -0.150000 1.700000 2.480010
v -0.122090 1.727910 2.472000
v -0.122090 1.872100 2.472000
v -0.150000 1.900000 2.480010
v -0.150000 1.900000 2.480010
v -0.122090 1.872100 2.472000
v 0.122100 1.872100 2.472000
v 0.150010 1.900000 2.480010
v 0.150010 1.900000 2.480010
v 0.122100 1.872100 2.472000
v 0.122100 1.727910 2.472000
v 0.150010 1.700000 2.480010
v 0.150010 1.700000 2.480010
v 0.122100 1.727910 2.472000
v -0.122090 1.727910 2.472000
v -0.150000 1.700000 2.480010
v -0.150000 1.900000 2.520000
v -0.122090 1.872100 2.528010
v -0.122090 1.727910 2.528010
v -0.150000 1.700000 2.520000
v -0.150000 1.700000 2.520000
v -0.122090 1.727910 2.528010
v 0.122100 1.727910 2.528010
v 0.150010 1.700000 2.520000
v 0.150010 1.700000 2.520000
v 0.122100 1.727910 2.528010
v 0.122100 1.872100 2.528010
v 0.150010 1.900000 2.520000
v 0.150010 1.900000 2.520000
v 0.122100 1.872100 2.528010
v -0.122090 1.872100 2.528010
v -0.150000 1.900000 2.520000
v -0.150000 0.900000 2.480010
v -0.122090 0.927900 2.472000
v -0.122090 1.572110 2.472000
v -0.150000 1.600010 2.480010
v -0.150000 1.600010 2.480010
v -0.122090 1.572110 2.472000
v 0.122100 1.572110 2.472000
v 0.150010 1.600010 2.480010
v 0.150010 1.600010 2.480010
v 0.122100 1.572110 2.472000
v 0.122100 0.927900 2.472000
v 0.150010 0.900000 2.480010
v 0.150010 0.900000 2.480010
v 0.122100 0.927900 2.472000
v -0.122090 0.927900 2.472000
v -0.150000 0.900000 2.480010
v -0.150000 1.600010 2.520000
v -0.122090 1.572110 2.528010
v -0.122090 0.927900 2.528010
v -0.150000 0.900000 2.520000
v -0.150000 0.900000 2.520000
v -0.122090 0.927900 2.528010
v 0.122100 0.927900 2.528010
v 0.150010 0.900000 2.520000
v 0.150010 0.900000 2.520000
v 0.122100 0.927900 2.528010
v 0.122100 1.572110 2.528010
v 0.150010 1.600010 2.520000
v 0.150010 1.600010 2.520000
v 0.122100 1.572110 2.528010
v -0.122090 1.572110 2.528010
v -0.150000 1.600010 2.520000
v 0.550000 0.800010 2.480010
v 0.522100 0.772100 2.472000
v 0.522100 0.227900 2.472000
v 0.550000 0.200010 2.480010
v 0.550000 0.200010 2.480010
v 0.522100 0.227900 2.472000
v 0.277900 0.227900 2.472000
v 0.250000 0.200010 2.480010
v 0.250000 0.200010 2.480010
v 0.277900 0.227900 2.472000
v 0.277900 0.772100 2.472000
v 0.250000 0.800010 2.480010
v 0.250000 0.800010 2.480010
v 0.277900 0.772100 2.472000
v 0.522100 0.772100 2.472000
v 0.550000 0.800010 2.480010
v 0.550000 0.200010 2.520000
v 0.522100 0.227900 2.528010
v 0.522100 0.772100 2.528010
v 0.550000 0.800010 2.520000
v 0.550000 0.800010 2.520000
v 0.522100 0.772100 2.528010
v 0.277900 0.772100 2.528010
v 0.250000 0.800010 2.520000
v 0.250000 0.800010 2.520000
v 0.277900 0.772100 2.528010
v 0.277900 0.227900 2.528010
v 0.250000 0.200010 2.520000
v 0.250000 0.200010 2.520000
v 0.277900 0.227900 2.528010
v 0.522100 0.227900 2.528010
v 0.550000 0.200010 2.520000
v 0.550000 1.900000 2.480010
v 0.522100 1.872100 2.472000
v 0.522100 1.727910 2.472000
v 0.550000 1.700000 2.480010
v 0.550000 1.700000 2.480010
v 0.522100 1.727910 2.472000
v 0.277900 1.727910 2.472000
v 0.250000 1.700000 2.480010
v 0.250000 1.700000 2.480010
v 0.277900 1.727910 2.472000
v 0.277900 1.872100 2.472000
v 0.250000 1.900000 2.480010
v 0.250000 1.900000 2.480010
v 0.277900 1.872100 2.472000
v 0.522100 1.872100 2.472000
v 0.550000 1.900000 2.480010
v 0.550000 1.700000 2.520000
v 0.522100 1.727910 2.528010
v 0.522100 1.872100 2.528010
v 0.550000 1.900000 2.520000
v 0.550000 1.900000 2.520000
v 0.522100 1.872100 2.528010
v 0.277900 1.872100 2.528010
v 0.250000 1.900000 2.520000
v 0.250000 1.900000 2.520000
v 0.277900 1.872100 2.528010
v 0.277900 1.727910 2.528010
v 0.250000 1.700000 2.520000
v 0.250000 1.700000 2.520000
v 0.277900 1.727910 2.528010
v 0.522100 1.727910 2.528010
v 0.550000 1.700000 2.520000
v 0.550000 1.600010 2.480010
v 0.522100 1.572110 2.472000
v 0.522100 0.927900 2.472000
v 0.550000 0.900000 2.480010
v 0.550000 0.900000 2.480010
v 0.522100 0.927900 2.472000
v 0.277900 0.927900 2.472000
v 0.250000 0.900000 2.480010
v 0.250000 0.900000 2.480010
v 0.277900 0.927900 2.472000
v 0.277900 1.572110 2.472000
v 0.250000 1.600010 2.480010
v 0.250000 1.600010 2.480010
v 0.277900 1.572110 2.472000
v 0.522100 1.572110 2.472000
v 0.550000 1.600010 2.480010
v 0.550000 0.900000 2.520000
v 0.522100 0.927900 2.528010
v 0.522100 1.572110 2.528010
v 0.550000 1.600010 2.520000
v 0.550000 1.600010 2.520000
v 0.522100 1.572110 2.528010
v 0.277900 1.572110 2.528010
v 0.250000 1.600010 2.520000
v 0.250000 1.600010 2.520000
v 0.277900 1.572110 2.528010
v 0.277900 0.927900 2.528010
v 0.250000 0.900000 2.520000
v 0.250000 0.900000 2.520000
v 0.277900 0.927900 2.528010
v 0.522100 0.927900 2.528010
v 0.550000 0.900000 2.520000
v 0.622200 0.200010 2.478500
v 0.621100 0.003900 2.476510
v 0.622200 0.002800 2.478500
v 0.621100 0.200010 2.476510
v 0.622200 0.800010 2.478500
v 0.621100 0.800010 2.476510
v 0.622200 0.900000 2.478500
v 0.621100 0.900000 2.476510
v 0.622200 1.600010 2.478500
v 0.621100 1.600010 2.476510
v 0.622200 1.700000 2.478500
v 0.621100 1.700000 2.476510
v 0.622200 1.900000 2.478500
v 0.621100 1.900000 2.476510
v 0.622200 1.997210 2.478500
v 0.621100 1.996100 2.476510
v 0.622200 0.002800 2.478500
v 0.621100 0.003900 2.476510
v 0.550000 0.003900 2.476510
v 0.550000 0.002800 2.478500
v 0.250000 0.003900 2.476510
v 0.250000 0.002800 2.478500
v 0.150010 0.003900 2.476510
v 0.150010 0.002800 2.478500
v -0.150000 0.003900 2.476510
v -0.150000 0.002800 2.478500
v -0.221100 0.003900 2.476510
v -0.222200 0.002800 2.478500
v -0.222200 0.002800 2.478500
v -0.221100 0.003900 2.476510
v -0.221090 0.200010 2.476510
v -0.222200 0.200010 2.478500
v -0.221090 0.800010 2.476510
v -0.222200 0.800010 2.478500
v -0.221090 0.900000 2.476510
v -0.222200 0.900000 2.478500
v -0.221090 1.600010 2.476510
v -0.222200 1.600010 2.478500
v -0.221090 1.700000 2.476510
v -0.222200 1.700000 2.478500
v -0.221090 1.900000 2.476510
v -0.222200 1.900000 2.478500
v -0.221100 1.996100 2.476510
v -0.222200 1.997210 2.478500
v -0.150000 1.997210 2.478500
v 0.150010 1.996100 2.476510
v 0.150010 1.997210 2.478500
v 0.250000 1.996100 2.476510
v 0.250000 1.997210 2.478500
v 0.550000 1.996100 2.476510
v 0.550000 1.997210 2.478500
v 0.621100 1.996100 2.476510
v 0.622200 1.997210 2.478500
v 0.552800 0.197210 2.478500
v 0.553910 0.196100 2.476510
v 0.553910 0.803910 2.476510
v 0.552800 0.802800 2.478500
v 0.552800 0.802800 2.478500
v 0.553910 0.803910 2.476510
v 0.246100 0.803910 2.476510
v 0.247200 0.802800 2.478500
v 0.247200 0.802800 2.478500
v 0.246100 0.803910 2.476510
v 0.246100 0.196100 2.476510
v 0.247200 0.197210 2.478500
v 0.247200 0.197210 2.478500
v 0.246100 0.196100 2.476510
v 0.553910 0.196100 2.476510
v 0.552800 0.197210 2.478500
v 0.552800 0.802800 2.521510
v 0.553910 0.803910 2.523500
v 0.553910 0.196100 2.523500
v 0.552800 0.197210 2.521510
v 0.552800 0.197210 2.521510
v 0.553910 0.196100 2.523500
v 0.246100 0.196100 2.523500
v 0.247200 0.197210 2.521510
v 0.247200 0.197210 2.521510
v 0.246100 0.196100 2.523500
v 0.246100 0.803910 2.523500
v 0.247200 0.802800 2.521510
v 0.247200 0.802800 2.521510
v 0.246100 0.803910 2.523500
v 0.553910 0.803910 2.523500
v 0.552800 0.802800 2.521510
v 0.622200 1.900000 2.521510
v 0.621100 1.996100 2.523500
v 0.622200 1.997210 2.521510
v 0.621100 1.900000 2.523500
v 0.622200 1.700000 2.521510
v 0.621100 1.700000 2.523500
v 0.622200 1.600010 2.521510
v 0.621100 1.600010 2.523500
v 0.622200 0.900000 2.521510
v 0.621100 0.900000 2.523500
v 0.622200 0.800010 2.521510
v 0.621100 0.800010 2.523500
v 0.622200 0.200010 2.521510
v 0.621100 0.200010 2.523500
v 0.622200 0.002800 2.521510
v 0.621100 0.003900 2.523500
v 0.550000 1.997210 2.521510
v 0.250000 1.996100 2.523500
v 0.250000 1.997210 2.521510
v 0.150010 1.996100 2.523500
v 0.150010 1.997210 2.521510
v -0.150000 1.996100 2.523500
v -0.150000 1.997210 2.521510
v -0.221100 1.996100 2.523500
v -0.222200 1.997210 2.521510
v -0.222200 1.997210 2.521510
v -0.221100 1.996100 2.523500
v -0.221090 1.900000 2.523500
v -0.222200 1.900000 2.521510
v -0.221090 1.700000 2.523500
v -0.222200 1.700000 2.521510
v -0.221090 1.600010 2.523500
v -0.222200 1.600010 2.521510
v -0.221090 0.900000 2.523500
v -0.222200 0.900000 2.521510
v -0.221090 0.800010 2.523500
v -0.222200 0.800010 2.521510
v -0.221090 0.200010 2.523500
v -0.222200 0.200010 2.521510
v -0.221100 0.003900 2.523500
v -0.222200 0.002800 2.521510
v -0.222200 0.002800 2.521510
v -0.221100 0.003900 2.523500
v -0.150000 0.003900 2.523500
v -0.150000 0.002800 2.521510
v 0.150010 0.003900 2.523500
v 0.150010 0.002800 2.521510
v 0.250000 0.003900 2.523500
v 0.250000 0.002800 2.521510
v 0.550000 0.003900 2.523500
v 0.550000 0.002800 2.521510
v 0.621100 0.003900 2.523500
v 0.622200 0.002800 2.521510
v 0.552800 1.697200 2.478500
v 0.553910 1.696110 2.476510
v 0.553910 1.903900 2.476510
v 0.552800 1.902810 2.478500
v 0.552800 1.902810 2.478500
v 0.553910 1.903900 2.476510
v 0.246100 1.903900 2.476510
v 0.247200 1.902810 2.478500
v 0.247200 1.902810 2.478500
v 0.246100 1.903900 2.476510
v 0.246100 1.696110 2.476510
v 0.247200 1.697200 2.478500
v 0.247200 1.697200 2.478500
v 0.246100 1.696110 2.476510
v 0.553910 1.696110 2.476510
v 0.552800 1.697200 2.478500
v 0.552800 1.902810 2.521510
v 0.553910 1.903900 2.523500
v 0.553910 1.696110 2.523500
v 0.552800 1.697200 2.521510
v 0.552800 1.697200 2.521510
v 0.553910 1.696110 2.523500
v 0.246100 1.696110 2.523500
v 0.247200 1.697200 2.521510
v 0.247200 1.697200 2.521510
v 0.246100 1.696110 2.523500
v 0.246100 1.903900 2.523500
v 0.247200 1.902810 2.521510
v 0.247200 1.902810 2.521510
v 0.246100 1.903900 2.523500
v 0.553910 1.903900 2.523500
v 0.552800 1.902810 2.521510
v 0.552800 0.897210 2.478500
v 0.553910 0.896100 2.476510
v 0.553910 1.603900 2.476510
v 0.552800 1.602800 2.478500
v 0.552800 1.602800 2.478500
v 0.553910 1.603900 2.476510
v 0.246100 1.603900 2.476510
v 0.247200 1.602800 2.478500
v 0.247200 1.602800 2.478500
v 0.246100 1.603900 2.476510
v 0.246100 0.896100 2.476510
v 0.247200 0.897210 2.478500
v 0.247200 0.897210 2.478500
v 0.246100 0.896100 2.476510
v 0.553910 0.896100 2.476510
v 0.552800 0.897210 2.478500
v 0.552800 1.602800 2.521510
v 0.553910 1.603900 2.523500
v 0.553910 0.896100 2.523500
v 0.552800 0.897210 2.521510
v 0.552800 0.897210 2.521510
v 0.553910 0.896100 2.523500
v 0.246100 0.896100 2.523500
v 0.247200 0.897210 2.521510
v 0.247200 0.897210 2.521510
v 0.246100 0.896100 2.523500
v 0.246100 1.603900 2.523500
v 0.247200 1.602800 2.521510
v 0.247200 1.602800 2.521510
v 0.246100 1.603900 2.523500
v 0.553910 1.603900 2.523500
v 0.552800 1.602800 2.521510
v -0.152800 0.802800 2.478500
v -0.153890 0.803910 2.476510
v -0.153890 0.196100 2.476510
v -0.152800 0.197210 2.478500
v -0.152800 0.197210 2.478500
v -0.153890 0.196100 2.476510
v 0.153900 0.196100 2.476510
v 0.152800 0.197210 2.478500
v 0.152800 0.197210 2.478500
v 0.153900 0.196100 2.476510
v 0.153900 0.803910 2.476510
v 0.152800 0.802800 2.478500
v 0.152800 0.802800 2.478500
v 0.153900 0.803910 2.476510
v -0.153890 0.803910 2.476510
v -0.152800 0.802800 2.478500
v -0.152800 0.197210 2.521510
v -0.153890 0.196100 2.523500
v -0.153890 0.803910 2.523500
v -0.152800 0.802800 2.521510
v -0.152800 0.802800 2.521510
v -0.153890 0.803910 2.523500
v 0.153900 0.803910 2.523500
v 0.152800 0.802800 2.521510
v 0.152800 0.802800 2.521510
v 0.153900 0.803910 2.523500
v 0.153900 0.196100 2.523500
v 0.152800 0.197210 2.521510
v 0.152800 0.197210 2.521510
v 0.153900 0.196100 2.523500
v -0.153890 0.196100 2.523500
v -0.152800 0.197210 2.521510
v -0.152800 1.902810 2.478500
v -0.153890 1.903900 2.476510
v -0.153890 1.696110 2.476510
v -0.152800 1.697200 2.478500
v -0.152800 1.697200 2.478500
v -0.153890 1.696110 2.476510
v 0.153900 1.696110 2.476510
v 0.152800 1.697200 2.478500
v 0.152800 1.697200 2.478500
v 0.153900 1.696110 2.476510
v 0.153900 1.903900 2.476510
v 0.152800 1.902810 2.478500
v 0.152800 1.902810 2.478500
v 0.153900 1.903900 2.476510
v -0.153890 1.903900 2.476510
v -0.152800 1.902810 2.478500
v -0.152800 1.697200 2.521510
v -0.153890 1.696110 2.523500
v -0.153890 1.903900 2.523500
v -0.152800 1.902810 2.521510
v -0.152800 1.902810 2.521510
v -0.153890 1.903900 2.523500
v 0.153900 1.903900 2.523500
v 0.152800 1.902810 2.521510
v 0.152800 1.902810 2.521510
v 0.153900 1.903900 2.523500
v 0.153900 1.696110 2.523500
v 0.152800 1.697200 2.521510
v 0.152800 1.697200 2.521510
v 0.153900 1.696110 2.523500
v -0.153890 1.696110 2.523500
v -0.152800 1.697200 2.521510
v -0.152800 1.602800 2.478500
v -0.153890 1.603900 2.476510
v -0.153890 0.896100 2.476510
v -0.152800 0.897210 2.478500
v -0.152800 0.897210 2.478500
v -0.153890 0.896100 2.476510
v 0.153900 0.896100 2.476510
v 0.152800 0.897210 2.478500
v 0.152800 0.897210 2.478500
v 0.153900 0.896100 2.476510
v 0.153900 1.603900 2.476510
v 0.152800 1.602800 2.478500
v 0.152800 1.602800 2.478500
v 0.153900 1.603900 2.476510
v -0.153890 1.603900 2.476510
v -0.152800 1.602800 2.478500
v -0.152800 0.897210 2.521510
v -0.153890 0.896100 2.523500
v -0.153890 1.603900 2.523500
v -0.152800 1.602800 2.521510
v -0.152800 1.602800 2.521510
v -0.153890 1.603900 2.523500
v 0.153900 1.603900 2.523500
v 0.152800 1.602800 2.521510
v 0.152800 1.602800 2.521510
v 0.153900 1.603900 2.523500
v 0.153900 0.896100 2.523500
v 0.152800 0.897210 2.521510
v 0.152800 0.897210 2.521510
v 0.153900 0.896100 2.523500
v -0.153890 0.896100 2.523500
v -0.152800 0.897210 2.521510
v -0.153890 0.196100 2.476510
v -0.150000 0.003900 2.476510
v 0.150010 0.003900 2.476510
v -0.221100 0.003900 2.476510
v -0.221090 0.200010 2.476510
v 0.153900 0.196100 2.476510
v -0.153890 0.803910 2.476510
v 0.250000 0.003900 2.476510
v -0.221090 0.800010 2.476510
v 0.246100 0.196100 2.476510
v 0.153900 0.803910 2.476510
v 0.553910 0.196100 2.476510
v 0.550000 0.003900 2.476510
v 0.621100 0.003900 2.476510
v 0.621100 0.200010 2.476510
v 0.553910 0.803910 2.476510
v 0.621100 0.800010 2.476510
v 0.621100 0.900000 2.476510
v 0.246100 0.803910 2.476510
v 0.553910 0.896100 2.476510
v 0.621100 1.600010 2.476510
v 0.246100 0.896100 2.476510
v 0.553910 1.603900 2.476510
v 0.621100 1.700000 2.476510
v 0.153900 0.896100 2.476510
v 0.246100 1.603900 2.476510
v 0.553910 1.696110 2.476510
v 0.621100 1.900000 2.476510
v -0.153890 0.896100 2.476510
v -0.221090 0.900000 2.476510
v -0.221090 1.600010 2.476510
v 0.153900 1.603900 2.476510
v -0.153890 1.603900 2.476510
v 0.553910 1.903900 2.476510
v 0.621100 1.996100 2.476510
v 0.550000 1.996100 2.476510
v 0.250000 1.996100 2.476510
v 0.246100 1.903900 2.476510
v 0.246100 1.696110 2.476510
v 0.150010 1.996100 2.476510
v 0.153900 1.696110 2.476510
v 0.153900 1.903900 2.476510
v -0.153890 1.696110 2.476510
v -0.221090 1.700000 2.476510
v -0.221090 1.900000 2.476510
v -0.153890 1.903900 2.476510
v -0.150000 1.996100 2.476510
v -0.221100 1.996100 2.476510
v -0.153890 0.196100 2.523500
v 0.150010 0.003900 2.523500
v -0.150000 0.003900 2.523500
v -0.221100 0.003900 2.523500
v -0.221090 0.200010 2.523500
v -0.153890 0.803910 2.523500
v -0.221090 0.800010 2.523500
v 0.153900 0.196100 2.523500
v -0.221090 0.900000 2.523500
v 0.246100 0.196100 2.523500
v 0.250000 0.003900 2.523500
v 0.153900 0.803910 2.523500
v -0.153890 0.896100 2.523500
v -0.221090 1.600010 2.523500
v 0.553910 0.196100 2.523500
v 0.550000 0.003900 2.523500
v 0.621100 0.003900 2.523500
v 0.621100 0.200010 2.523500
v 0.553910 0.803910 2.523500
v 0.246100 0.803910 2.523500
v 0.621100 0.800010 2.523500
v -0.153890 1.603900 2.523500
v -0.221090 1.700000 2.523500
v 0.153900 0.896100 2.523500
v 0.246100 0.896100 2.523500
v 0.553910 0.896100 2.523500
v 0.621100 0.900000 2.523500
v 0.246100 1.603900 2.523500
v 0.621100 1.600010 2.523500
v 0.553910 1.603900 2.523500
v 0.153900 1.603900 2.523500
v -0.153890 1.696110 2.523500
v -0.221090 1.900000 2.523500
v 0.153900 1.696110 2.523500
v -0.153890 1.903900 2.523500
v -0.221100 1.996100 2.523500
v -0.150000 1.996100 2.523500
v 0.150010 1.996100 2.523500
v 0.153900 1.903900 2.523500
v 0.250000 1.996100 2.523500
v 0.246100 1.696110 2.523500
v 0.246100 1.903900 2.523500
v 0.553910 1.696110 2.523500
v 0.553910 1.903900 2.523500
v 0.621100 1.700000 2.523500
v 0.621100 1.900000 2.523500
v 0.550000 1.996100 2.523500
v 0.621100 1.996100 2.523500
vn -0.0000 0.8733 -0.4871
vn -0.0000 0.8733 -0.4873
vn -0.0000 0.8733 0.4872
vn -1.0000 -0.0000 -0.0000
vn 1.0000 -0.0000 -0.0000
vn -0.0000 -0.0000 -1.0000
vn 0.0554 -0.0000 -0.9985
vn 0.0555 -0.0000 -0.9985
vn -0.0000 -0.0555 -0.9985
vn -0.0554 -0.0000 -0.9985
vn -0.0555 -0.0000 -0.9985
vn -0.0000 0.0555 -0.9985
vn -0.0000 -0.0000 1.0000
vn 0.0554 -0.0000 0.9985
vn -0.0000 0.0554 0.9985
vn -0.0554 -0.0000 0.9985
vn -0.0000 -0.0554 0.9985
vn 0.0556 -0.0000 -0.9985
vn -0.0556 -0.0000 -0.9985
vn 0.0555 -0.0000 0.9985
vn -0.0555 -0.0000 0.9985
vn -0.0000 -1.0000 -0.0000
vn -0.0000 1.0000 -0.0000
vn -0.4760 -0.0000 -0.8794
vn -0.4761 -0.0000 -0.8794
vn -0.4760 -0.0000 -0.8795
vn -0.0000 0.4760 -0.8794
vn 0.4747 -0.0000 -0.8801
vn 0.4746 -0.0000 -0.8802
vn 0.4747 -0.0000 -0.8802
vn -0.0000 -0.4747 -0.8801
vn -0.4758 -0.0000 0.8795
vn -0.4759 -0.0000 0.8795
vn -0.4760 -0.0000 0.8795
vn -0.0000 -0.4746 0.8802
vn 0.4746 -0.0000 0.8802
vn 0.4747 -0.0000 0.8802
vn 0.4745 -0.0000 0.8802
vn -0.0000 0.4760 0.8795
vn -0.0000 0.4759 0.8795
vn 0.4748 -0.0000 -0.8801
vn -0.0000 0.4747 -0.8802
vn -0.0000 0.4747 -0.8801
vn -0.0000 -0.4760 -0.8794
vn -0.0000 -0.4760 0.8795
vn -0.4758 -0.0000 0.8796
vn -0.4761 -0.0000 0.8794
vn -0.0000 0.4746 0.8802
vn -0.0000 -0.4734 -0.8809
vn -0.0000 -0.4734 -0.8808
vn 0.4747 -0.0000 0.8801
vn -0.0000 -0.4734 0.8809
vn -0.0000 -0.4733 0.8809
vn -0.4760 -0.0000 0.8794
vn -0.0000 0.4747 0.8802
vn -0.0000 -0.4761 -0.8794
vn -0.4747 -0.0000 -0.8802
vn -0.4747 -0.0000 -0.8801
vn -0.4745 -0.0000 0.8803
vn -0.4747 -0.0000 0.8801
vn -0.4748 -0.0000 -0.8801
vn -0.0000 -0.4759 0.8795
vn -0.0000 -0.4760 0.8794
vn -0.4745 -0.0000 0.8802
vn -0.4746 -0.0000 0.8802
vn -0.4747 -0.0000 0.8802
vn -0.4746 -0.0000 -0.8802
vn -0.2759 -0.0000 -0.9612
vn -0.0000 0.2759 -0.9612
vn 0.2758 -0.0000 -0.9612
vn 0.2759 -0.0000 -0.9612
vn -0.0000 -0.2760 -0.9611
vn -0.2759 -0.0000 0.9612
vn -0.2758 -0.0000 0.9612
vn -0.0000 -0.2760 0.9611
vn 0.2758 -0.0000 0.9612
vn -0.0000 0.2759 0.9612
vn -0.0000 0.2760 -0.9612
vn -0.0000 -0.2759 -0.9612
vn -0.0000 -0.2759 0.9612
vn 0.2759 -0.0000 0.9612
vn -0.0000 -0.2760 -0.9612
vn 0.2760 -0.0000 -0.9612
vn -0.2760 -0.0000 -0.9612
vn -0.2760 -0.0000 0.9612
vn 0.2760 -0.0000 0.9612
vn 0.8752 -0.0000 -0.4837
vn 0.8752 -0.0000 -0.4838
vn -0.0000 -0.8752 -0.4838
vn -0.8733 -0.0000 -0.4872
vn -0.8752 -0.0000 -0.4837
vn -0.8752 -0.0000 -0.4838
vn -0.8733 -0.0000 -0.4871
vn -0.0000 0.8733 -0.4872
vn -0.0000 0.8732 -0.4873
vn -0.0000 -0.8733 -0.4872
vn -0.8733 -0.0000 0.4871
vn -0.0000 0.8733 0.4871
vn 0.8752 -0.0000 0.4838
vn 0.8752 -0.0000 0.4837
vn -0.0000 -0.8734 0.4871
vn -0.0000 -0.8733 0.4871
vn -0.8734 -0.0000 0.4871
vn -0.8752 -0.0001 0.4837
vn -0.8752 -0.0001 0.4838
vn -0.8751 -0.0000 0.4839
vn -0.8752 -0.0000 0.4838
vn -0.0000 -0.8752 0.4838
vn -0.0000 -0.8770 -0.4805
vn -0.0000 0.8771 -0.4804
vn -0.0000 0.8770 -0.4805
vn -0.8732 -0.0000 0.4873
vn -0.0000 0.8771 0.4803
vn -0.0000 0.8770 0.4804
vn 0.8751 -0.0000 0.4839
vn -0.0000 -0.8770 0.4805
vn -0.0000 -0.8771 0.4804
vn -0.0000 -0.8752 -0.4837
vn -0.8733 -0.0000 0.4872
vn -0.0000 0.8734 0.4871
vn -0.0000 -0.8752 0.4837
vn 0.8770 -0.0000 -0.4804
vn 0.8771 -0.0000 -0.4804
vn -0.0000 -0.8733 -0.4871
vn 0.8771 -0.0000 0.4804
vn 0.8771 -0.0000 0.4803
vn -0.8752 -0.0000 0.4837
vn -0.0000 -0.8771 -0.4804
vn 0.8770 -0.0000 0.4805
vn -0.0000 -0.8771 0.4803
vn 0.8770 -0.0000 0.4804
vt 4.370915 3.036503
vt 4.370915 2.950615
vt 4.372794 2.948737
vt 4.370915 0.728722
vt 4.370915 0.642815
vt 4.372794 0.640937
vt 2.642267 2.270539
vt 2.642267 2.345694
vt 2.589044 2.270539
vt 2.589044 2.345694
vt 2.482596 2.345694
vt 2.482596 2.270539
vt 2.429372 2.270539
vt 2.429372 2.345694
vt 2.056805 2.345694
vt 2.056805 2.270539
vt 2.003581 2.345694
vt 2.003581 2.270539
vt 1.684238 2.345694
vt 1.684238 2.270539
vt 1.577790 2.270539
vt 1.577790 2.345694
vt 2.642268 4.578232
vt 2.642268 4.653386
vt 2.589045 4.578232
vt 2.589045 4.653386
vt 2.482597 4.653386
vt 2.482597 4.578232
vt 2.429373 4.578232
vt 2.429373 4.653386
vt 2.056805 4.653386
vt 2.056805 4.578232
vt 2.003581 4.653386
vt 2.003581 4.578232
vt 1.684238 4.653386
vt 1.684238 4.578232
vt 1.577790 4.578232
vt 1.577790 4.653386
vt 1.249373 3.142890
vt 0.700824 3.142890
vt 0.700824 2.910865
vt 1.249373 2.910865
vt 0.697146 2.907341
vt 1.253051 2.907341
vt 1.253051 3.146414
vt 0.697146 3.146414
vt 0.700824 1.473343
vt 1.249373 1.473343
vt 1.249373 1.705368
vt 0.700824 1.705368
vt 1.253051 1.708892
vt 0.697146 1.708892
vt 0.697146 1.469818
vt 1.253051 1.469818
vt 3.995892 3.142891
vt 3.855945 3.142891
vt 3.855945 2.910864
vt 3.995892 2.910864
vt 3.852267 2.907339
vt 3.999570 2.907339
vt 3.999570 3.146415
vt 3.852267 3.146415
vt 3.855944 1.473341
vt 3.995893 1.473341
vt 3.995893 1.705371
vt 3.855944 1.705371
vt 3.999571 1.708895
vt 3.852266 1.708895
vt 3.852266 1.469816
vt 3.999571 1.469816
vt 3.002844 3.142890
vt 2.352145 3.142890
vt 2.352145 2.910865
vt 3.002844 2.910865
vt 2.348467 2.907341
vt 3.006522 2.907341
vt 3.006522 3.146414
vt 2.348467 3.146414
vt 2.352145 1.473343
vt 3.002844 1.473343
vt 3.002844 1.705368
vt 2.352145 1.705368
vt 3.006521 1.708892
vt 2.348468 1.708892
vt 2.348468 1.469819
vt 3.006521 1.469819
vt 4.648413 4.068019
vt 4.571645 4.068019
vt 4.648413 4.028942
vt 4.571645 4.028942
vt 4.571645 3.872630
vt 4.648413 3.872630
vt 4.648413 3.820526
vt 4.571645 3.820526
vt 4.571645 3.664214
vt 4.648413 3.664214
vt 4.648413 3.625136
vt 4.571645 3.625136
vt 4.571645 1.702056
vt 4.648413 1.702056
vt 4.571645 1.741135
vt 4.648413 1.741135
vt 4.648413 1.897449
vt 4.571645 1.897449
vt 4.571645 1.949554
vt 4.648413 1.949554
vt 4.648413 2.105869
vt 4.571645 2.105869
vt 4.571645 2.144947
vt 4.648413 2.144947
vt 0.700824 3.781036
vt 1.249373 3.781036
vt 1.249373 4.013061
vt 0.700824 4.013061
vt 1.253050 4.016585
vt 0.697147 4.016585
vt 0.697147 3.777511
vt 1.253050 3.777511
vt 1.249373 0.835198
vt 0.700824 0.835198
vt 0.700824 0.603173
vt 1.249373 0.603173
vt 0.697146 0.599648
vt 1.253051 0.599648
vt 1.253051 0.838722
vt 0.697146 0.838722
vt 3.855944 3.781033
vt 3.995893 3.781033
vt 3.995893 4.013063
vt 3.855944 4.013063
vt 3.999571 4.016588
vt 3.852266 4.016588
vt 3.852266 3.777508
vt 3.999571 3.777508
vt 3.995893 0.835201
vt 3.855943 0.835201
vt 3.855943 0.603170
vt 3.995893 0.603170
vt 3.852266 0.599645
vt 3.999571 0.599645
vt 3.999571 0.838725
vt 3.852266 0.838725
vt 2.352146 3.781036
vt 3.002843 3.781036
vt 3.002843 4.013061
vt 2.352146 4.013061
vt 3.006521 4.016585
vt 2.348468 4.016585
vt 2.348468 3.777511
vt 3.006521 3.777511
vt 3.002844 0.835198
vt 2.352145 0.835198
vt 2.352145 0.603173
vt 3.002844 0.603173
vt 2.348467 0.599648
vt 3.006522 0.599648
vt 3.006522 0.838722
vt 2.348467 0.838722
vt 3.197971 2.538993
vt 3.194925 2.541912
vt 3.089177 2.538993
vt 3.089177 2.541912
vt 2.871589 2.538993
vt 2.871589 2.541912
vt 2.762794 2.538993
vt 2.762794 2.541912
vt 2.001235 2.538993
vt 2.001235 2.541912
vt 1.892441 2.538993
vt 1.892441 2.541912
vt 1.239675 2.538993
vt 1.239675 2.541912
vt 1.022087 2.538993
vt 1.025133 2.541912
vt 4.375190 3.096948
vt 4.375190 3.021650
vt 4.378236 3.018730
vt 4.378236 3.096948
vt 4.375190 3.409818
vt 4.378236 3.409818
vt 4.375190 3.514108
vt 4.378236 3.514108
vt 4.375190 3.826978
vt 4.378236 3.826978
vt 4.375190 3.902276
vt 4.378236 3.905196
vt 3.089347 4.382014
vt 3.195113 4.382014
vt 3.198160 4.384933
vt 3.089347 4.384933
vt 2.871721 4.382014
vt 2.871721 4.384933
vt 2.762908 4.382014
vt 2.762908 4.384933
vt 2.001216 4.382014
vt 2.001216 4.384933
vt 1.892403 4.382014
vt 1.892403 4.384933
vt 1.239524 4.382014
vt 1.239524 4.384933
vt 1.024945 4.382014
vt 1.021898 4.384933
vt -0.155131 3.826916
vt -0.155131 3.902200
vt -0.158177 3.905120
vt -0.158177 3.826916
vt -0.155131 3.514099
vt -0.158177 3.514099
vt -0.155131 3.409827
vt -0.158177 3.409827
vt -0.155131 3.097010
vt -0.158177 3.097010
vt -0.155131 3.021725
vt -0.158177 3.018806
vt 1.021989 2.077241
vt 1.025036 2.074322
vt 1.239597 2.077241
vt 1.239597 2.074322
vt 1.892421 2.077241
vt 1.892421 2.074322
vt 2.001225 2.077241
vt 2.001225 2.074322
vt 2.762853 2.077241
vt 2.762853 2.074322
vt 2.871657 2.077241
vt 2.871657 2.074322
vt 3.089265 2.077241
vt 3.089265 2.074322
vt 3.198069 2.077241
vt 3.195023 2.074322
vt -0.155131 1.519223
vt -0.155131 1.594507
vt -0.158177 1.597427
vt -0.158177 1.519223
vt -0.155131 1.206407
vt -0.158177 1.206407
vt -0.155131 1.102134
vt -0.158177 1.102134
vt -0.155131 0.789318
vt -0.158177 0.789318
vt -0.155131 0.714034
vt -0.158177 0.711114
vt 1.239626 0.234220
vt 1.025071 0.234220
vt 1.022025 0.231300
vt 1.239626 0.231300
vt 1.892428 0.234220
vt 1.892428 0.231300
vt 2.001229 0.234220
vt 2.001229 0.231300
vt 2.762832 0.234220
vt 2.762832 0.231300
vt 2.871632 0.234220
vt 2.871632 0.231300
vt 3.089233 0.234220
vt 3.089233 0.231300
vt 3.194987 0.234220
vt 3.198033 0.231300
vt 4.375190 0.789285
vt 4.375190 0.713993
vt 4.378236 0.711073
vt 4.378236 0.789285
vt 4.375190 1.102130
vt 4.378236 1.102130
vt 4.375190 1.206411
vt 4.378236 1.206411
vt 4.375190 1.519257
vt 4.378236 1.519257
vt 4.375190 1.594548
vt 4.378236 1.597468
vt 0.645654 2.696059
vt 1.304544 2.696059
vt 1.301497 2.698978
vt 0.648700 2.698978
vt 0.289439 3.186207
vt 0.289439 2.867549
vt 0.292486 2.870468
vt 0.292486 3.183288
vt 1.304557 3.357697
vt 0.645640 3.357697
vt 0.648687 3.354778
vt 1.301510 3.354778
vt 1.660758 2.867546
vt 1.660758 3.186210
vt 1.657712 3.183290
vt 1.657712 2.870466
vt 1.304553 1.920175
vt 0.645644 1.920175
vt 0.648691 1.917256
vt 1.301507 1.917256
vt 1.660758 1.430047
vt 1.660758 1.748665
vt 1.657712 1.745746
vt 1.657712 1.432966
vt 0.645650 1.258537
vt 1.304548 1.258537
vt 1.301501 1.261456
vt 0.648696 1.261456
vt 0.289439 1.748685
vt 0.289439 1.430027
vt 0.292486 1.432947
vt 0.292486 1.745765
vt 3.814011 2.696058
vt 4.037826 2.696058
vt 4.034778 2.698979
vt 3.817059 2.698979
vt 3.694231 3.186261
vt 3.694231 2.867494
vt 3.697278 2.870415
vt 3.697278 3.183341
vt 4.037759 3.357697
vt 3.814078 3.357697
vt 3.817123 3.354778
vt 4.034713 3.354778
vt 4.157605 2.867504
vt 4.157605 3.186252
vt 4.154559 3.183331
vt 4.154559 2.870425
vt 4.037780 1.920176
vt 3.814056 1.920176
vt 3.817103 1.917255
vt 4.034734 1.917255
vt 4.157606 1.429982
vt 4.157606 1.748730
vt 4.154559 1.745810
vt 4.154559 1.432902
vt 3.814088 1.258537
vt 4.037749 1.258537
vt 4.034704 1.261456
vt 3.817133 1.261456
vt 3.694232 1.748694
vt 3.694232 1.430018
vt 3.697277 1.432938
vt 3.697277 1.745774
vt 2.293632 2.696059
vt 3.061358 2.696059
vt 3.058312 2.698978
vt 2.296678 2.698978
vt 1.878342 3.186246
vt 1.878342 2.867510
vt 1.881389 2.870430
vt 1.881389 3.183326
vt 3.061372 3.357697
vt 2.293618 3.357697
vt 2.296664 3.354778
vt 3.058325 3.354778
vt 3.476647 2.867543
vt 3.476647 3.186213
vt 3.473600 3.183293
vt 3.473600 2.870463
vt 3.061335 1.920175
vt 2.293655 1.920175
vt 2.296701 1.917256
vt 3.058288 1.917256
vt 3.476647 1.430066
vt 3.476647 1.748646
vt 3.473601 1.745727
vt 3.473601 1.432985
vt 2.293635 1.258537
vt 3.061355 1.258537
vt 3.058308 1.261456
vt 2.296682 1.261456
vt 1.878342 1.748695
vt 1.878342 1.430017
vt 1.881389 1.432937
vt 1.881389 1.745775
vt 1.304584 4.227867
vt 0.645614 4.227867
vt 0.648661 4.224948
vt 1.301536 4.224948
vt 1.660758 3.737747
vt 1.660758 4.056349
vt 1.657712 4.053430
vt 1.657712 3.740667
vt 0.645639 3.566229
vt 1.304558 3.566229
vt 1.301512 3.569148
vt 0.648686 3.569148
vt 0.289439 4.056377
vt 0.289439 3.737718
vt 0.292486 3.740638
vt 0.292486 4.053458
vt 0.645657 0.388366
vt 1.304541 0.388366
vt 1.301495 0.391285
vt 0.648703 0.391285
vt 0.289439 0.878515
vt 0.289439 0.559855
vt 0.292486 0.562775
vt 0.292486 0.875595
vt 1.304543 1.050004
vt 0.645654 1.050004
vt 0.648701 1.047085
vt 1.301497 1.047085
vt 1.660758 0.559862
vt 1.660758 0.878508
vt 1.657712 0.875588
vt 1.657712 0.562782
vt 4.037794 4.227868
vt 3.814043 4.227868
vt 3.817090 4.224947
vt 4.034747 4.224947
vt 4.157606 3.737649
vt 4.157606 4.056447
vt 4.154559 4.053526
vt 4.154559 3.740570
vt 3.814030 3.566228
vt 4.037807 3.566228
vt 4.034760 3.569149
vt 3.817077 3.569149
vt 3.694232 4.056371
vt 3.694232 3.737725
vt 3.697277 3.740644
vt 3.697277 4.053452
vt 3.061335 1.050004
vt 2.293655 1.050004
vt 2.296701 1.047085
vt 3.058288 1.047085
vt 3.476647 0.559859
vt 3.476647 0.878511
vt 3.473601 0.875591
vt 3.473601 0.562779
vt 2.293647 0.388366
vt 3.061343 0.388366
vt 3.058296 0.391285
vt 2.296693 0.391285
vt 1.878342 0.878518
vt 1.878342 0.559852
vt 1.881389 0.562772
vt 1.881389 0.875598
vt 3.814075 0.388366
vt 4.037762 0.388366
vt 4.034716 0.391285
vt 3.817121 0.391285
vt 3.694231 0.878529
vt 3.694231 0.559841
vt 3.697278 0.562760
vt 3.697278 0.875610
vt 4.037779 1.050004
vt 3.814057 1.050004
vt 3.817104 1.047084
vt 4.034733 1.047084
vt 4.157605 0.559822
vt 4.157605 0.878547
vt 4.154559 0.875627
vt 4.154559 0.562743
vt 2.293652 3.566229
vt 3.061338 3.566229
vt 3.058291 3.569148
vt 2.296698 3.569148
vt 1.878342 4.056414
vt 1.878342 3.737682
vt 1.881389 3.740602
vt 1.881389 4.053494
vt 3.061343 4.227868
vt 2.293647 4.227868
vt 2.296693 4.224947
vt 3.058296 4.224947
vt 3.476647 3.737728
vt 3.476647 4.056369
vt 3.473601 4.053450
vt 3.473601 3.740647
vt 1.258588 2.744840
vt 0.691609 2.744840
vt 0.662541 2.716982
vt 1.287656 2.716982
vt 1.609859 3.148796
vt 1.609859 2.904960
vt 1.638926 2.877101
vt 1.638926 3.176654
vt 0.691612 3.308915
vt 1.258585 3.308915
vt 1.287652 3.336774
vt 0.662545 3.336774
vt 0.340339 2.904959
vt 0.340339 3.148796
vt 0.311271 3.176654
vt 0.311271 2.877101
vt 0.691612 1.871393
vt 1.258585 1.871393
vt 1.287653 1.899252
vt 0.662544 1.899252
vt 0.340339 1.467438
vt 0.340339 1.711273
vt 0.311271 1.739132
vt 0.311271 1.439580
vt 1.258589 1.307318
vt 0.691608 1.307318
vt 0.662541 1.279460
vt 1.287657 1.279460
vt 1.609859 1.711275
vt 1.609859 1.467437
vt 1.638926 1.439579
vt 1.638926 1.739133
vt 4.001034 2.744839
vt 3.850803 2.744839
vt 3.821737 2.716982
vt 4.030101 2.716982
vt 4.106707 3.148796
vt 4.106707 2.904959
vt 4.135774 2.877101
vt 4.135774 3.176655
vt 3.850801 3.308915
vt 4.001036 3.308915
vt 4.030103 3.336774
vt 3.821733 3.336774
vt 3.745131 2.904954
vt 3.745131 3.148802
vt 3.716062 3.176661
vt 3.716062 2.877094
vt 3.850802 1.871393
vt 4.001036 1.871393
vt 4.030102 1.899252
vt 3.821734 1.899252
vt 3.745131 1.467437
vt 3.745131 1.711275
vt 3.716062 1.739134
vt 3.716062 1.439578
vt 4.001037 1.307318
vt 3.850800 1.307318
vt 3.821732 1.279460
vt 4.030106 1.279460
vt 4.106707 1.711272
vt 4.106707 1.467439
vt 4.135774 1.439581
vt 4.135774 1.739131
vt 3.013084 2.744840
vt 2.341905 2.744840
vt 2.312837 2.716981
vt 3.042152 2.716981
vt 3.425747 3.148796
vt 3.425747 2.904959
vt 3.454816 2.877101
vt 3.454816 3.176655
vt 2.341914 3.308915
vt 3.013075 3.308915
vt 3.042143 3.336774
vt 2.312846 3.336774
vt 1.929242 2.904958
vt 1.929242 3.148797
vt 1.900174 3.176656
vt 1.900174 2.877100
vt 2.341915 1.871393
vt 3.013074 1.871393
vt 3.042142 1.899252
vt 2.312847 1.899252
vt 1.929241 1.467438
vt 1.929241 1.711273
vt 1.900174 1.739132
vt 1.900174 1.439580
vt 3.013078 1.307318
vt 2.341911 1.307318
vt 2.312844 1.279460
vt 3.042145 1.279460
vt 3.425748 1.711273
vt 3.425748 1.467438
vt 3.454815 1.439581
vt 3.454815 1.739131
vt 0.691606 4.179086
vt 1.258592 4.179086
vt 1.287660 4.206944
vt 0.662538 4.206944
vt 0.340339 3.775130
vt 0.340339 4.018965
vt 0.311271 4.046824
vt 0.311271 3.747272
vt 1.258589 3.615010
vt 0.691608 3.615010
vt 0.662540 3.587152
vt 1.287657 3.587152
vt 1.609859 4.018967
vt 1.609859 3.775129
vt 1.638927 3.747271
vt 1.638927 4.046825
vt 1.258586 0.437148
vt 0.691611 0.437148
vt 0.662543 0.409289
vt 1.287654 0.409289
vt 1.609859 0.841103
vt 1.609859 0.597267
vt 1.638926 0.569409
vt 1.638926 0.868962
vt 0.691610 1.001223
vt 1.258588 1.001223
vt 1.287655 1.029081
vt 0.662542 1.029081
vt 0.340339 0.597267
vt 0.340339 0.841103
vt 0.311271 0.868961
vt 0.311271 0.569409
vt 3.850807 4.179088
vt 4.001030 4.179088
vt 4.030096 4.206943
vt 3.821742 4.206943
vt 3.745130 3.775133
vt 3.745130 4.018962
vt 3.716063 4.046821
vt 3.716063 3.747276
vt 4.001041 3.615011
vt 3.850796 3.615011
vt 3.821727 3.587151
vt 4.030110 3.587151
vt 4.106707 4.018969
vt 4.106707 3.775127
vt 4.135774 3.747268
vt 4.135774 4.046828
vt 4.001035 0.437148
vt 3.850801 0.437148
vt 3.821733 0.409289
vt 4.030104 0.409289
vt 4.106707 0.841104
vt 4.106707 0.597267
vt 4.135775 0.569408
vt 4.135775 0.868962
vt 3.850801 1.001223
vt 4.001036 1.001223
vt 4.030103 1.029081
vt 3.821734 1.029081
vt 3.745130 0.597266
vt 3.745130 0.841104
vt 3.716063 0.868963
vt 3.716063 0.569408
vt 2.341915 4.179086
vt 3.013074 4.179086
vt 3.042142 4.206944
vt 2.312847 4.206944
vt 1.929241 3.775131
vt 1.929241 4.018965
vt 1.900174 4.046823
vt 1.900174 3.747273
vt 3.013081 3.615010
vt 2.341908 3.615010
vt 2.312840 3.587152
vt 3.042149 3.587152
vt 3.425747 4.018968
vt 3.425747 3.775128
vt 3.454816 3.747270
vt 3.454816 4.046825
vt 3.013075 0.437148
vt 2.341914 0.437148
vt 2.312847 0.409289
vt 3.042142 0.409289
vt 3.425748 0.841104
vt 3.425748 0.597266
vt 3.454815 0.569407
vt 3.454815 0.868963
vt 2.341914 1.001223
vt 3.013075 1.001223
vt 3.042142 1.029081
vt 2.312847 1.029081
vt 1.929241 0.597267
vt 1.929241 0.841104
vt 1.900174 0.868962
vt 1.900174 0.569408
vt 0.871363 4.379667
vt 0.873202 4.377829
vt 1.116314 4.379667
vt 1.116314 4.377829
vt 1.861601 4.379667
vt 1.861601 4.377829
vt 1.985815 4.379667
vt 1.985815 4.377829
vt 2.855315 4.379667
vt 2.855315 4.377829
vt 2.979530 4.379667
vt 2.979530 4.377829
vt 3.227959 4.379667
vt 3.227959 4.377829
vt 3.348695 4.379667
vt 3.346856 4.377829
vt -0.150857 3.887530
vt -0.150857 3.973441
vt -0.152735 3.975319
vt -0.152735 3.887530
vt -0.150857 3.522758
vt -0.152735 3.522758
vt -0.150857 3.401168
vt -0.152735 3.401168
vt -0.150857 3.036396
vt -0.152735 3.036396
vt -0.150857 2.950485
vt -0.152735 2.948607
vt 1.116536 2.546097
vt 0.873478 2.546097
vt 0.871639 2.544259
vt 1.116536 2.544259
vt 1.861656 2.546097
vt 1.861656 2.544259
vt 1.985843 2.546097
vt 1.985843 2.544259
vt 2.855150 2.546097
vt 2.855150 2.544259
vt 2.979336 2.546097
vt 2.979336 2.544259
vt 3.227710 2.546097
vt 3.227710 2.544259
vt 3.346580 2.546097
vt 3.348419 2.544259
vt 4.372794 3.036503
vt 4.370915 3.401183
vt 4.372794 3.401183
vt 4.370915 3.522743
vt 4.372794 3.522743
vt 4.370915 3.887423
vt 4.372794 3.887423
vt 4.370915 3.973311
vt 4.372794 3.975189
vt 1.352803 4.232052
vt 0.597395 4.232052
vt 0.599232 4.230214
vt 1.350966 4.230214
vt 1.665031 3.709565
vt 1.665031 4.084531
vt 1.663155 4.082655
vt 1.663155 3.711441
vt 0.597389 3.562044
vt 1.352809 3.562044
vt 1.350971 3.563882
vt 0.599226 3.563882
vt 0.285167 4.084531
vt 0.285167 3.709565
vt 0.287043 3.711441
vt 0.287043 4.082655
vt 0.597413 0.384181
vt 1.352784 0.384181
vt 1.350947 0.386019
vt 0.599251 0.386019
vt 0.285166 0.906669
vt 0.285166 0.531701
vt 0.287043 0.533578
vt 0.287043 0.904792
vt 1.352801 1.054189
vt 0.597396 1.054189
vt 0.599234 1.052351
vt 1.350964 1.052351
vt 1.665031 0.531702
vt 1.665031 0.906668
vt 1.663155 0.904792
vt 1.663155 0.533578
vt 3.348366 0.236566
vt 3.346527 0.238405
vt 3.227662 0.236566
vt 3.227662 0.238405
vt 2.979299 0.236566
vt 2.979299 0.238405
vt 2.855118 0.236566
vt 2.855118 0.238405
vt 1.985848 0.236566
vt 1.985848 0.238405
vt 1.861667 0.236566
vt 1.861667 0.238405
vt 1.116578 0.236566
vt 1.116578 0.238405
vt 0.871693 0.236566
vt 0.873531 0.238405
vt 4.372794 0.728722
vt 4.370915 1.093478
vt 4.372794 1.093478
vt 4.370915 1.215063
vt 4.372794 1.215063
vt 4.370915 1.579819
vt 4.372794 1.579819
vt 4.370915 1.665726
vt 4.372794 1.667604
vt 3.227725 2.070137
vt 3.346597 2.070137
vt 3.348435 2.071975
vt 3.227725 2.071975
vt 2.979348 2.070137
vt 2.979348 2.071975
vt 2.855160 2.070137
vt 2.855160 2.071975
vt 1.985841 2.070137
vt 1.985841 2.071975
vt 1.861653 2.070137
vt 1.861653 2.071975
vt 1.116523 2.070137
vt 1.116523 2.071975
vt 0.873462 2.070137
vt 0.871623 2.071975
vt -0.150857 1.579840
vt -0.150857 1.665751
vt -0.152735 1.667629
vt -0.152735 1.579840
vt -0.150857 1.215066
vt -0.152735 1.215066
vt -0.150857 1.093475
vt -0.152735 1.093475
vt -0.150857 0.728701
vt -0.152735 0.728701
vt -0.150857 0.642791
vt -0.152735 0.640913
vt 4.055566 4.232053
vt 3.796272 4.232053
vt 3.798112 4.230213
vt 4.053725 4.230213
vt 4.161879 3.709610
vt 4.161879 4.084486
vt 4.160002 4.082610
vt 4.160002 3.711486
vt 3.796606 3.562045
vt 4.055232 3.562045
vt 4.053396 3.563881
vt 3.798442 3.563881
vt 3.689959 4.084467
vt 3.689959 3.709628
vt 3.691835 3.711504
vt 3.691835 4.082592
vt 3.796551 0.384182
vt 4.055288 0.384182
vt 4.053451 0.386018
vt 3.798387 0.386018
vt 3.689959 0.906703
vt 3.689959 0.531667
vt 3.691835 0.533544
vt 3.691835 0.904826
vt 4.055322 1.054188
vt 3.796516 1.054188
vt 3.798353 1.052352
vt 4.053485 1.052352
vt 4.161879 0.531761
vt 4.161879 0.906609
vt 4.160002 0.904733
vt 4.160002 0.533637
vt 3.117182 4.232052
vt 2.237807 4.232052
vt 2.239644 4.230214
vt 3.115346 4.230214
vt 3.480920 3.709542
vt 3.480920 4.084554
vt 3.479044 4.082678
vt 3.479044 3.711418
vt 2.237686 3.562044
vt 3.117303 3.562044
vt 3.115465 3.563882
vt 2.239524 3.563882
vt 1.874069 4.084549
vt 1.874069 3.709547
vt 1.875946 3.711423
vt 1.875946 4.082673
vt 2.237692 0.384181
vt 3.117297 0.384181
vt 3.115460 0.386019
vt 2.239530 0.386019
vt 1.874069 0.906642
vt 1.874069 0.531728
vt 1.875946 0.533604
vt 1.875946 0.904766
vt 3.117270 1.054189
vt 2.237719 1.054189
vt 2.239557 1.052351
vt 3.115433 1.052351
vt 3.480920 0.531691
vt 3.480920 0.906678
vt 3.479044 0.904802
vt 3.479044 0.533568
vt 0.597351 2.691874
vt 1.352846 2.691874
vt 1.351009 2.693712
vt 0.599189 2.693712
vt 0.285166 3.214365
vt 0.285166 2.839391
vt 0.287043 2.841267
vt 0.287043 3.212489
vt 1.352823 3.361882
vt 0.597375 3.361882
vt 0.599213 3.360044
vt 1.350985 3.360044
vt 1.665031 2.839343
vt 1.665031 3.214413
vt 1.663155 3.212536
vt 1.663155 2.841220
vt 1.352813 1.924360
vt 0.597385 1.924360
vt 0.599222 1.922522
vt 1.350975 1.922522
vt 1.665031 1.401884
vt 1.665031 1.776828
vt 1.663155 1.774952
vt 1.663155 1.403760
vt 0.597411 1.254352
vt 1.352786 1.254352
vt 1.350949 1.256190
vt 0.599249 1.256190
vt 0.285167 1.776834
vt 0.285167 1.401878
vt 0.287043 1.403754
vt 0.287043 1.774958
vt 3.796606 2.691875
vt 4.055232 2.691875
vt 4.053396 2.693711
vt 3.798441 2.693711
vt 3.689959 3.214406
vt 3.689959 2.839350
vt 3.691835 2.841227
vt 3.691835 3.212529
vt 4.055370 3.361882
vt 3.796468 3.361882
vt 3.798305 3.360044
vt 4.053532 3.360044
vt 4.161879 2.839509
vt 4.161879 3.214247
vt 4.160002 3.212372
vt 4.160002 2.841384
vt 4.055285 1.924359
vt 3.796553 1.924359
vt 3.798389 1.922523
vt 4.053448 1.922523
vt 4.161879 1.401891
vt 4.161879 1.776821
vt 4.160002 1.774945
vt 4.160002 1.403767
vt 3.796526 1.254353
vt 4.055312 1.254353
vt 4.053474 1.256189
vt 3.798363 1.256189
vt 3.689959 1.776848
vt 3.689959 1.401864
vt 3.691835 1.403740
vt 3.691835 1.774972
vt 2.237684 2.691874
vt 3.117305 2.691874
vt 3.115467 2.693712
vt 2.239523 2.693712
vt 1.874069 3.214396
vt 1.874069 2.839360
vt 1.875946 2.841236
vt 1.875946 3.212520
vt 3.117285 3.361882
vt 2.237704 3.361882
vt 2.239542 3.360044
vt 3.115448 3.360044
vt 3.480920 2.839368
vt 3.480920 3.214388
vt 3.479043 3.212512
vt 3.479043 2.841244
vt 3.117245 1.924360
vt 2.237744 1.924360
vt 2.239582 1.922522
vt 3.115407 1.922522
vt 3.480920 1.401851
vt 3.480920 1.776860
vt 3.479044 1.774984
vt 3.479044 1.403728
vt 2.237705 1.254352
vt 3.117284 1.254352
vt 3.115446 1.256190
vt 2.239543 1.256190
vt 1.874069 1.776801
vt 1.874069 1.401911
vt 1.875946 1.403787
vt 1.875946 1.774925
vt 1.088410 3.412797
vt 1.088410 3.117800
vt 1.284829 3.113528
vt 1.088410 3.048322
vt 1.289220 3.048322
vt 1.284829 3.417069
vt 1.909219 3.113528
vt 1.088410 3.511129
vt 1.904827 3.048322
vt 1.284829 3.506857
vt 1.909219 3.417069
vt 1.284829 3.810399
vt 1.088410 3.806127
vt 1.088410 3.875604
vt 1.289220 3.875604
vt 1.909219 3.810399
vt 1.904827 3.875604
vt 2.007428 3.875604
vt 1.909219 3.506857
vt 2.003036 3.810399
vt 2.725636 3.875604
vt 2.003036 3.506857
vt 2.730027 3.810399
vt 2.828237 3.875604
vt 2.003036 3.417069
vt 2.730027 3.506857
vt 2.823845 3.810399
vt 3.033439 3.875604
vt 2.003036 3.113528
vt 2.007428 3.048322
vt 2.725636 3.048322
vt 2.730027 3.417069
vt 2.730027 3.113528
vt 3.037831 3.810399
vt 3.131648 3.875604
vt 3.131648 3.806127
vt 3.131648 3.511129
vt 3.037831 3.506857
vt 2.823845 3.506857
vt 3.131648 3.412797
vt 2.823845 3.417069
vt 3.037831 3.417069
vt 2.823845 3.113528
vt 2.828237 3.048322
vt 3.033439 3.048322
vt 3.037831 3.113528
vt 3.131648 3.117800
vt 3.131648 3.048322
vt 1.088411 1.498434
vt 1.088411 1.203437
vt 1.284829 1.502706
vt 1.088411 1.567912
vt 1.289221 1.567912
vt 1.909219 1.502706
vt 1.904827 1.567912
vt 1.284829 1.199165
vt 2.007428 1.567912
vt 1.284829 1.109376
vt 1.088411 1.105104
vt 1.909219 1.199165
vt 2.003036 1.502706
vt 2.725635 1.567912
vt 1.284829 0.805835
vt 1.088411 0.810107
vt 1.088411 0.740630
vt 1.289221 0.740630
vt 1.909219 0.805835
vt 1.909219 1.109376
vt 1.904827 0.740630
vt 2.730027 1.502706
vt 2.828236 1.567912
vt 2.003036 1.199165
vt 2.003036 1.109376
vt 2.003036 0.805835
vt 2.007428 0.740630
vt 2.730027 1.109376
vt 2.725635 0.740630
vt 2.730027 0.805835
vt 2.730027 1.199165
vt 2.823845 1.502706
vt 3.033438 1.567912
vt 2.823845 1.199165
vt 3.037830 1.502706
vt 3.131647 1.567912
vt 3.131647 1.498434
vt 3.131647 1.203437
vt 3.037830 1.199165
vt 3.131647 1.105104
vt 2.823845 1.109376
vt 3.037830 1.109376
vt 2.823845 0.805835
vt 3.037830 0.805835
vt 2.828236 0.740630
vt 3.033438 0.740630
vt 3.131647 0.810107
vt 3.131647 0.740630
s 1
f 3/1/1 2/2/2 1/3/2
f 6/4/3 5/5/3 4/6/3
f 9/7/4 8/8/4 7/9/4
f 8/8/4 10/10/4 7/9/4
f 10/10/4 11/11/4 7/9/4
f 11/11/4 12/12/4 7/9/4
f 12/12/4 11/11/4 13/13/4
f 11/11/4 14/14/4 13/13/4
f 14/14/4 15/15/4 13/13/4
f 15/15/4 16/16/4 13/13/4
f 15/15/4 17/17/4 16/16/4
f 17/17/4 18/18/4 16/16/4
f 18/18/4 17/17/4 19/19/4
f 20/20/4 18/18/4 19/19/4
f 21/21/4 20/20/4 19/19/4
f 22/22/4 21/21/4 19/19/4
f 25/23/5 24/24/5 23/25/5
f 24/24/5 26/26/5 23/25/5
f 26/26/5 27/27/5 23/25/5
f 27/27/5 28/28/5 23/25/5
f 28/28/5 27/27/5 29/29/5
f 27/27/5 30/30/5 29/29/5
f 30/30/5 31/31/5 29/29/5
f 31/31/5 32/32/5 29/29/5
f 31/31/5 33/33/5 32/32/5
f 33/33/5 34/34/5 32/32/5
f 34/34/5 33/33/5 35/35/5
f 36/36/5 34/34/5 35/35/5
f 37/37/5 36/36/5 35/35/5
f 38/38/5 37/37/5 35/35/5
f 41/39/6 40/40/6 39/41/6
f 42/42/6 41/39/6 39/41/6
f 45/42/7 44/41/8 43/43/8
f 46/44/7 45/42/7 43/43/8
f 49/39/9 48/42/9 47/44/9
f 50/45/9 49/39/9 47/44/9
f 53/40/10 52/39/11 51/45/11
f 54/46/10 53/40/10 51/45/11
f 57/41/12 56/40/12 55/46/12
f 58/43/12 57/41/12 55/46/12
f 61/47/13 60/48/13 59/49/13
f 62/50/13 61/47/13 59/49/13
f 65/50/14 64/49/14 63/51/14
f 66/52/14 65/50/14 63/51/14
f 69/47/15 68/50/15 67/52/15
f 70/53/15 69/47/15 67/52/15
f 73/48/16 72/47/16 71/53/16
f 74/54/16 73/48/16 71/53/16
f 77/49/17 76/48/17 75/54/17
f 78/51/17 77/49/17 75/54/17
f 81/55/6 80/56/6 79/57/6
f 82/58/6 81/55/6 79/57/6
f 85/58/7 84/57/18 83/59/18
f 86/60/7 85/58/7 83/59/18
f 89/55/9 88/58/9 87/60/9
f 90/61/9 89/55/9 87/60/9
f 93/56/10 92/55/19 91/61/19
f 94/62/10 93/56/10 91/61/19
f 97/57/12 96/56/12 95/62/12
f 98/59/12 97/57/12 95/62/12
f 101/63/13 100/64/13 99/65/13
f 102/66/13 101/63/13 99/65/13
f 105/66/20 104/65/20 103/67/20
f 106/68/20 105/66/20 103/67/20
f 109/63/15 108/66/15 107/68/15
f 110/69/15 109/63/15 107/68/15
f 113/64/21 112/63/21 111/69/21
f 114/70/21 113/64/21 111/69/21
f 117/65/17 116/64/17 115/70/17
f 118/67/17 117/65/17 115/70/17
f 121/71/6 120/72/6 119/73/6
f 122/74/6 121/71/6 119/73/6
f 125/74/7 124/73/8 123/75/8
f 126/76/7 125/74/7 123/75/8
f 129/71/9 128/74/9 127/76/9
f 130/77/9 129/71/9 127/76/9
f 133/72/10 132/71/11 131/77/11
f 134/78/10 133/72/10 131/77/11
f 137/73/12 136/72/12 135/78/12
f 138/75/12 137/73/12 135/78/12
f 141/79/13 140/80/13 139/81/13
f 142/82/13 141/79/13 139/81/13
f 145/82/14 144/81/14 143/83/14
f 146/84/14 145/82/14 143/83/14
f 149/79/15 148/82/15 147/84/15
f 150/85/15 149/79/15 147/84/15
f 153/80/16 152/79/16 151/85/16
f 154/86/16 153/80/16 151/85/16
f 157/81/17 156/80/17 155/86/17
f 158/83/17 157/81/17 155/86/17
f 161/87/22 160/88/22 159/89/22
f 160/88/22 162/90/22 159/89/22
f 162/90/22 163/91/22 159/89/22
f 163/91/22 164/92/22 159/89/22
f 164/92/22 163/91/22 165/93/22
f 163/91/22 166/94/22 165/93/22
f 165/93/22 166/94/22 167/95/22
f 168/96/22 165/93/22 167/95/22
f 169/97/22 168/96/22 167/95/22
f 170/98/22 169/97/22 167/95/22
f 173/99/23 172/100/23 171/101/23
f 172/100/23 174/102/23 171/101/23
f 174/102/23 175/103/23 171/101/23
f 175/103/23 176/104/23 171/101/23
f 176/104/23 175/103/23 177/105/23
f 175/103/23 178/106/23 177/105/23
f 177/105/23 178/106/23 179/107/23
f 180/108/23 177/105/23 179/107/23
f 181/109/23 180/108/23 179/107/23
f 182/110/23 181/109/23 179/107/23
f 185/111/6 184/112/6 183/113/6
f 186/114/6 185/111/6 183/113/6
f 189/114/10 188/113/11 187/115/11
f 190/116/10 189/114/10 187/115/11
f 193/111/12 192/114/12 191/116/12
f 194/117/12 193/111/12 191/116/12
f 197/112/7 196/111/8 195/117/8
f 198/118/7 197/112/7 195/117/8
f 201/113/9 200/112/9 199/118/9
f 202/115/9 201/113/9 199/118/9
f 205/119/13 204/120/13 203/121/13
f 206/122/13 205/119/13 203/121/13
f 209/122/16 208/121/16 207/123/16
f 210/124/16 209/122/16 207/123/16
f 213/119/17 212/122/17 211/124/17
f 214/125/17 213/119/17 211/124/17
f 217/120/14 216/119/14 215/125/14
f 218/126/14 217/120/14 215/125/14
f 221/121/15 220/120/15 219/126/15
f 222/123/15 221/121/15 219/126/15
f 225/127/6 224/128/6 223/129/6
f 226/130/6 225/127/6 223/129/6
f 229/130/10 228/129/19 227/131/19
f 230/132/10 229/130/10 227/131/19
f 233/127/12 232/130/12 231/132/12
f 234/133/12 233/127/12 231/132/12
f 237/128/7 236/127/18 235/133/18
f 238/134/7 237/128/7 235/133/18
f 241/129/9 240/128/9 239/134/9
f 242/131/9 241/129/9 239/134/9
f 245/135/13 244/136/13 243/137/13
f 246/138/13 245/135/13 243/137/13
f 249/138/21 248/137/21 247/139/21
f 250/140/21 249/138/21 247/139/21
f 253/135/17 252/138/17 251/140/17
f 254/141/17 253/135/17 251/140/17
f 257/136/20 256/135/20 255/141/20
f 258/142/20 257/136/20 255/141/20
f 261/137/15 260/136/15 259/142/15
f 262/139/15 261/137/15 259/142/15
f 265/143/6 264/144/6 263/145/6
f 266/146/6 265/143/6 263/145/6
f 269/146/10 268/145/11 267/147/11
f 270/148/10 269/146/10 267/147/11
f 273/143/12 272/146/12 271/148/12
f 274/149/12 273/143/12 271/148/12
f 277/144/7 276/143/8 275/149/8
f 278/150/7 277/144/7 275/149/8
f 281/145/9 280/144/9 279/150/9
f 282/147/9 281/145/9 279/150/9
f 285/151/13 284/152/13 283/153/13
f 286/154/13 285/151/13 283/153/13
f 289/154/16 288/153/16 287/155/16
f 290/156/16 289/154/16 287/155/16
f 293/151/17 292/154/17 291/156/17
f 294/157/17 293/151/17 291/156/17
f 297/152/14 296/151/14 295/157/14
f 298/158/14 297/152/14 295/157/14
f 301/153/15 300/152/15 299/158/15
f 302/155/15 301/153/15 299/158/15
f 305/159/24 304/160/24 303/161/25
f 304/160/24 306/162/25 303/161/25
f 303/161/25 306/162/25 307/163/24
f 306/162/25 308/164/24 307/163/24
f 307/163/24 308/164/24 309/165/24
f 308/164/24 310/166/24 309/165/24
f 309/165/24 310/166/24 311/167/24
f 310/166/24 312/168/24 311/167/24
f 311/167/24 312/168/24 313/169/24
f 312/168/24 314/170/24 313/169/24
f 313/169/24 314/170/24 315/171/24
f 314/170/24 316/172/24 315/171/24
f 315/171/24 316/172/24 317/173/26
f 316/172/24 318/174/26 317/173/26
f 321/175/27 320/176/27 319/177/27
f 322/178/27 321/175/27 319/177/27
f 323/179/27 321/175/27 322/178/27
f 324/180/27 323/179/27 322/178/27
f 325/181/27 323/179/27 324/180/27
f 326/182/27 325/181/27 324/180/27
f 327/183/27 325/181/27 326/182/27
f 328/184/27 327/183/27 326/182/27
f 329/185/27 327/183/27 328/184/27
f 330/186/27 329/185/27 328/184/27
f 333/187/28 332/188/29 331/189/30
f 334/190/28 333/187/28 331/189/30
f 335/191/28 333/187/28 334/190/28
f 336/192/28 335/191/28 334/190/28
f 337/193/28 335/191/28 336/192/28
f 338/194/28 337/193/28 336/192/28
f 339/195/30 337/193/28 338/194/28
f 340/196/30 339/195/30 338/194/28
f 341/197/30 339/195/30 340/196/30
f 342/198/30 341/197/30 340/196/30
f 343/199/28 341/197/30 342/198/30
f 344/200/28 343/199/28 342/198/30
f 345/201/28 343/199/28 344/200/28
f 346/202/28 345/201/28 344/200/28
f 349/203/31 348/204/31 347/205/31
f 350/206/31 349/203/31 347/205/31
f 351/207/31 349/203/31 350/206/31
f 352/208/31 351/207/31 350/206/31
f 353/209/31 351/207/31 352/208/31
f 354/210/31 353/209/31 352/208/31
f 355/211/31 353/209/31 354/210/31
f 356/212/31 355/211/31 354/210/31
f 357/213/31 355/211/31 356/212/31
f 358/214/31 357/213/31 356/212/31
f 361/215/32 360/216/32 359/217/33
f 360/216/32 362/218/33 359/217/33
f 359/217/33 362/218/33 363/219/34
f 362/218/33 364/220/34 363/219/34
f 363/219/34 364/220/34 365/221/34
f 364/220/34 366/222/34 365/221/34
f 365/221/34 366/222/34 367/223/34
f 366/222/34 368/224/34 367/223/34
f 367/223/34 368/224/34 369/225/33
f 368/224/34 370/226/33 369/225/33
f 369/225/33 370/226/33 371/227/33
f 370/226/33 372/228/33 371/227/33
f 371/227/33 372/228/33 373/229/33
f 372/228/33 374/230/34 373/229/33
f 377/231/35 376/232/35 375/233/35
f 378/234/35 377/231/35 375/233/35
f 379/235/35 377/231/35 378/234/35
f 380/236/35 379/235/35 378/234/35
f 381/237/35 379/235/35 380/236/35
f 382/238/35 381/237/35 380/236/35
f 383/239/35 381/237/35 382/238/35
f 384/240/35 383/239/35 382/238/35
f 385/241/35 383/239/35 384/240/35
f 386/242/35 385/241/35 384/240/35
f 389/243/36 388/244/36 387/245/36
f 390/246/36 389/243/36 387/245/36
f 391/247/36 389/243/36 390/246/36
f 392/248/36 391/247/36 390/246/36
f 393/249/36 391/247/36 392/248/36
f 394/250/36 393/249/36 392/248/36
f 395/251/36 393/249/36 394/250/36
f 396/252/36 395/251/36 394/250/36
f 397/253/36 395/251/36 396/252/36
f 398/254/36 397/253/36 396/252/36
f 399/255/37 397/253/36 398/254/36
f 400/256/37 399/255/37 398/254/36
f 401/257/38 399/255/37 400/256/37
f 402/258/38 401/257/38 400/256/37
f 405/259/39 404/260/39 403/261/39
f 406/262/39 405/259/39 403/261/39
f 407/263/39 405/259/39 406/262/39
f 408/264/39 407/263/39 406/262/39
f 409/265/40 407/263/39 408/264/39
f 410/266/40 409/265/40 408/264/39
f 411/267/39 409/265/40 410/266/40
f 412/268/39 411/267/39 410/266/40
f 413/269/39 411/267/39 412/268/39
f 414/270/39 413/269/39 412/268/39
f 417/271/41 416/272/30 415/273/30
f 418/274/41 417/271/41 415/273/30
f 421/275/42 420/276/43 419/277/43
f 422/278/43 421/275/42 419/277/43
f 425/279/26 424/280/24 423/281/24
f 426/282/26 425/279/26 423/281/24
f 429/283/44 428/284/44 427/285/44
f 430/286/44 429/283/44 427/285/44
f 433/287/36 432/288/36 431/289/36
f 434/290/36 433/287/36 431/289/36
f 437/291/45 436/292/45 435/293/45
f 438/294/45 437/291/45 435/293/45
f 441/295/46 440/296/47 439/297/47
f 442/298/46 441/295/46 439/297/47
f 445/299/48 444/300/48 443/301/48
f 446/302/48 445/299/48 443/301/48
f 449/303/29 448/304/28 447/305/28
f 450/306/29 449/303/29 447/305/28
f 453/307/43 452/308/42 451/309/42
f 454/310/43 453/307/43 451/309/42
f 457/311/25 456/312/26 455/313/26
f 458/314/25 457/311/25 455/313/26
f 461/315/49 460/316/50 459/317/50
f 462/318/49 461/315/49 459/317/50
f 465/319/36 464/320/51 463/321/51
f 466/322/36 465/319/36 463/321/51
f 469/323/52 468/324/53 467/325/53
f 470/326/52 469/323/52 467/325/53
f 473/327/33 472/328/54 471/329/54
f 474/330/33 473/327/33 471/329/54
f 477/331/55 476/332/48 475/333/48
f 478/334/55 477/331/55 475/333/48
f 481/335/28 480/336/29 479/337/29
f 482/338/28 481/335/28 479/337/29
f 485/339/27 484/340/27 483/341/27
f 486/342/27 485/339/27 483/341/27
f 489/343/24 488/344/26 487/345/26
f 490/346/24 489/343/24 487/345/26
f 493/347/44 492/348/56 491/349/56
f 494/350/44 493/347/44 491/349/56
f 497/351/38 496/352/51 495/353/51
f 498/354/38 497/351/38 495/353/51
f 501/355/45 500/356/45 499/357/45
f 502/358/45 501/355/45 499/357/45
f 505/359/33 504/360/54 503/361/54
f 506/362/33 505/359/33 503/361/54
f 509/363/39 508/364/40 507/365/40
f 510/366/39 509/363/39 507/365/40
f 513/367/57 512/368/58 511/369/58
f 514/370/57 513/367/57 511/369/58
f 517/371/44 516/372/44 515/373/44
f 518/374/44 517/371/44 515/373/44
f 521/375/41 520/376/30 519/377/30
f 522/378/41 521/375/41 519/377/30
f 525/379/43 524/380/42 523/381/42
f 526/382/43 525/379/43 523/381/42
f 529/383/59 528/384/60 527/385/60
f 530/386/59 529/383/59 527/385/60
f 533/387/48 532/388/48 531/389/48
f 534/390/48 533/387/48 531/389/48
f 537/391/36 536/392/36 535/393/36
f 538/394/36 537/391/36 535/393/36
f 541/395/45 540/396/45 539/397/45
f 542/398/45 541/395/45 539/397/45
f 545/399/61 544/400/57 543/401/57
f 546/402/61 545/399/61 543/401/57
f 549/403/50 548/404/49 547/405/49
f 550/406/50 549/403/50 547/405/49
f 553/407/29 552/408/28 551/409/28
f 554/410/29 553/407/29 551/409/28
f 557/411/43 556/412/42 555/413/42
f 558/414/43 557/411/43 555/413/42
f 561/415/38 560/416/51 559/417/51
f 562/418/38 561/415/38 559/417/51
f 565/419/62 564/420/63 563/421/63
f 566/422/62 565/419/62 563/421/63
f 569/423/64 568/424/60 567/425/60
f 570/426/64 569/423/64 567/425/60
f 573/427/40 572/428/39 571/429/39
f 574/430/40 573/427/40 571/429/39
f 577/431/65 576/432/66 575/433/66
f 578/434/65 577/431/65 575/433/66
f 581/435/48 580/436/48 579/437/48
f 582/438/48 581/435/48 579/437/48
f 585/439/36 584/440/51 583/441/51
f 586/442/36 585/439/36 583/441/51
f 589/443/53 588/444/52 587/445/52
f 590/446/53 589/443/53 587/445/52
f 593/447/28 592/448/29 591/449/29
f 594/450/28 593/447/28 591/449/29
f 597/451/27 596/452/27 595/453/27
f 598/454/27 597/451/27 595/453/27
f 601/455/58 600/456/67 599/457/67
f 602/458/58 601/455/58 599/457/67
f 605/459/44 604/460/44 603/461/44
f 606/462/44 605/459/44 603/461/44
f 609/463/68 608/464/68 607/465/68
f 610/466/68 609/463/68 607/465/68
f 613/467/69 612/468/69 611/469/69
f 614/470/69 613/467/69 611/469/69
f 617/471/70 616/472/71 615/473/71
f 618/474/70 617/471/70 615/473/71
f 621/475/72 620/476/72 619/477/72
f 622/478/72 621/475/72 619/477/72
f 625/479/73 624/480/74 623/481/74
f 626/482/73 625/479/73 623/481/74
f 629/483/75 628/484/75 627/485/75
f 630/486/75 629/483/75 627/485/75
f 633/487/76 632/488/76 631/489/76
f 634/490/76 633/487/76 631/489/76
f 637/491/77 636/492/77 635/493/77
f 638/494/77 637/491/77 635/493/77
f 641/495/68 640/496/68 639/497/68
f 642/498/68 641/495/68 639/497/68
f 645/499/78 644/500/78 643/501/78
f 646/502/78 645/499/78 643/501/78
f 649/503/71 648/504/71 647/505/71
f 650/506/71 649/503/71 647/505/71
f 653/507/79 652/508/79 651/509/79
f 654/510/79 653/507/79 651/509/79
f 657/511/73 656/512/73 655/513/73
f 658/514/73 657/511/73 655/513/73
f 661/515/80 660/516/80 659/517/80
f 662/518/80 661/515/80 659/517/80
f 665/519/81 664/520/81 663/521/81
f 666/522/81 665/519/81 663/521/81
f 669/523/77 668/524/77 667/525/77
f 670/526/77 669/523/77 667/525/77
f 673/527/68 672/528/68 671/529/68
f 674/530/68 673/527/68 671/529/68
f 677/531/78 676/532/78 675/533/78
f 678/534/78 677/531/78 675/533/78
f 681/535/71 680/536/71 679/537/71
f 682/538/71 681/535/71 679/537/71
f 685/539/82 684/540/82 683/541/82
f 686/542/82 685/539/82 683/541/82
f 689/543/74 688/544/73 687/545/73
f 690/546/74 689/543/74 687/545/73
f 693/547/80 692/548/80 691/549/80
f 694/550/80 693/547/80 691/549/80
f 697/551/76 696/552/81 695/553/81
f 698/554/76 697/551/76 695/553/81
f 701/555/77 700/556/77 699/557/77
f 702/558/77 701/555/77 699/557/77
f 705/559/71 704/560/83 703/561/83
f 706/562/71 705/559/71 703/561/83
f 709/563/72 708/564/72 707/565/72
f 710/566/72 709/563/72 707/565/72
f 713/567/84 712/568/84 711/569/84
f 714/570/84 713/567/84 711/569/84
f 717/571/69 716/572/69 715/573/69
f 718/574/69 717/571/69 715/573/69
f 721/575/81 720/576/81 719/577/81
f 722/578/81 721/575/81 719/577/81
f 725/579/77 724/580/77 723/581/77
f 726/582/77 725/579/77 723/581/77
f 729/583/85 728/584/73 727/585/73
f 730/586/85 729/583/85 727/585/73
f 733/587/75 732/588/75 731/589/75
f 734/590/75 733/587/75 731/589/75
f 737/591/71 736/592/83 735/593/83
f 738/594/71 737/591/71 735/593/83
f 741/595/79 740/596/79 739/597/79
f 742/598/79 741/595/79 739/597/79
f 745/599/68 744/600/84 743/601/84
f 746/602/68 745/599/68 743/601/84
f 749/603/78 748/604/78 747/605/78
f 750/606/78 749/603/78 747/605/78
f 753/607/81 752/608/81 751/609/81
f 754/610/81 753/607/81 751/609/81
f 757/611/77 756/612/77 755/613/77
f 758/614/77 757/611/77 755/613/77
f 761/615/73 760/616/73 759/617/73
f 762/618/73 761/615/73 759/617/73
f 765/619/80 764/620/80 763/621/80
f 766/622/80 765/619/80 763/621/80
f 769/623/83 768/624/83 767/625/83
f 770/626/83 769/623/83 767/625/83
f 773/627/82 772/628/82 771/629/82
f 774/630/82 773/627/82 771/629/82
f 777/631/84 776/632/84 775/633/84
f 778/634/84 777/631/84 775/633/84
f 781/635/78 780/636/78 779/637/78
f 782/638/78 781/635/78 779/637/78
f 785/639/81 784/640/86 783/641/86
f 786/642/81 785/639/81 783/641/86
f 789/643/77 788/644/77 787/645/77
f 790/646/77 789/643/77 787/645/77
f 793/647/73 792/648/85 791/649/73
f 794/650/73 793/647/73 791/649/73
f 797/651/80 796/652/80 795/653/80
f 798/654/80 797/651/80 795/653/80
f 801/655/87 800/656/87 799/657/88
f 800/656/87 802/658/88 799/657/88
f 799/657/88 802/658/88 803/659/88
f 802/658/88 804/660/88 803/659/88
f 803/659/88 804/660/88 805/661/88
f 804/660/88 806/662/88 805/661/88
f 805/661/88 806/662/88 807/663/88
f 806/662/88 808/664/88 807/663/88
f 807/663/88 808/664/88 809/665/88
f 808/664/88 810/666/88 809/665/88
f 809/665/88 810/666/88 811/667/88
f 810/666/88 812/668/88 811/667/88
f 811/667/88 812/668/88 813/669/88
f 812/668/88 814/670/88 813/669/88
f 817/671/89 816/672/89 815/673/89
f 818/674/89 817/671/89 815/673/89
f 819/675/89 817/671/89 818/674/89
f 820/676/89 819/675/89 818/674/89
f 821/677/89 819/675/89 820/676/89
f 822/678/89 821/677/89 820/676/89
f 823/679/89 821/677/89 822/678/89
f 824/680/89 823/679/89 822/678/89
f 825/681/89 823/679/89 824/680/89
f 826/682/89 825/681/89 824/680/89
f 829/683/90 828/684/91 827/685/92
f 830/686/90 829/683/90 827/685/92
f 831/687/93 829/683/90 830/686/90
f 832/688/93 831/687/93 830/686/90
f 833/689/93 831/687/93 832/688/93
f 834/690/93 833/689/93 832/688/93
f 835/691/90 833/689/93 834/690/93
f 836/692/90 835/691/90 834/690/93
f 837/693/90 835/691/90 836/692/90
f 838/694/90 837/693/90 836/692/90
f 839/695/90 837/693/90 838/694/90
f 840/696/93 839/695/90 838/694/90
f 841/697/92 839/695/90 840/696/93
f 842/698/92 841/697/92 840/696/93
f 843/699/1 3/1/1 1/3/2
f 844/700/94 3/1/1 843/699/1
f 845/701/94 844/700/94 843/699/1
f 846/702/94 844/700/94 845/701/94
f 847/703/94 846/702/94 845/701/94
f 848/704/94 846/702/94 847/703/94
f 849/705/94 848/704/94 847/703/94
f 850/706/95 848/704/94 849/705/94
f 851/707/95 850/706/95 849/705/94
f 854/708/90 853/709/90 852/710/90
f 855/711/90 854/708/90 852/710/90
f 858/712/96 857/713/96 856/714/96
f 859/715/96 858/712/96 856/714/96
f 862/716/88 861/717/88 860/718/88
f 863/719/88 862/716/88 860/718/88
f 866/720/94 865/721/94 864/722/94
f 867/723/94 866/720/94 864/722/94
f 870/724/97 869/725/97 868/726/97
f 871/727/97 870/724/97 868/726/97
f 874/728/98 873/729/98 872/730/98
f 875/731/98 874/728/98 872/730/98
f 878/732/99 877/733/100 876/734/100
f 879/735/99 878/732/99 876/734/100
f 882/736/101 881/737/102 880/738/102
f 883/739/101 882/736/101 880/738/102
f 886/740/99 885/741/99 884/742/100
f 885/741/99 887/743/100 884/742/100
f 884/742/100 887/743/100 888/744/99
f 887/743/100 889/745/99 888/744/99
f 888/744/99 889/745/99 890/746/100
f 889/745/99 891/747/100 890/746/100
f 890/746/100 891/747/100 892/748/99
f 891/747/100 893/749/99 892/748/99
f 892/748/99 893/749/99 894/750/100
f 893/749/99 895/751/100 894/750/100
f 894/750/100 895/751/100 896/752/100
f 895/751/100 897/753/100 896/752/100
f 896/752/100 897/753/100 898/754/100
f 897/753/100 899/755/100 898/754/100
f 900/756/98 6/4/3 4/6/3
f 901/757/98 6/4/3 900/756/98
f 902/758/98 901/757/98 900/756/98
f 903/759/98 901/757/98 902/758/98
f 904/760/98 903/759/98 902/758/98
f 905/761/98 903/759/98 904/760/98
f 906/762/98 905/761/98 904/760/98
f 907/763/3 905/761/98 906/762/98
f 908/764/3 907/763/3 906/762/98
f 911/765/103 910/766/104 909/767/105
f 912/768/97 911/765/103 909/767/105
f 913/769/103 911/765/103 912/768/97
f 914/770/103 913/769/103 912/768/97
f 915/771/97 913/769/103 914/770/103
f 916/772/97 915/771/97 914/770/103
f 917/773/103 915/771/97 916/772/97
f 918/774/103 917/773/103 916/772/97
f 919/775/97 917/773/103 918/774/103
f 920/776/97 919/775/97 918/774/103
f 921/777/103 919/775/97 920/776/97
f 922/778/103 921/777/103 920/776/97
f 923/779/106 921/777/103 922/778/103
f 924/780/107 923/779/106 922/778/103
f 927/781/108 926/782/108 925/783/108
f 928/784/108 927/781/108 925/783/108
f 929/785/108 927/781/108 928/784/108
f 930/786/108 929/785/108 928/784/108
f 931/787/108 929/785/108 930/786/108
f 932/788/108 931/787/108 930/786/108
f 933/789/108 931/787/108 932/788/108
f 934/790/108 933/789/108 932/788/108
f 935/791/108 933/789/108 934/790/108
f 936/792/108 935/791/108 934/790/108
f 939/793/90 938/794/93 937/795/93
f 940/796/90 939/793/90 937/795/93
f 943/797/109 942/798/109 941/799/109
f 944/800/109 943/797/109 941/799/109
f 947/801/88 946/802/88 945/803/88
f 948/804/88 947/801/88 945/803/88
f 951/805/110 950/806/111 949/807/111
f 952/808/110 951/805/110 949/807/111
f 955/809/112 954/810/103 953/811/103
f 956/812/112 955/809/112 953/811/103
f 959/813/113 958/814/114 957/815/114
f 960/816/113 959/813/113 957/815/114
f 963/817/115 962/818/100 961/819/100
f 964/820/115 963/817/115 961/819/100
f 967/821/116 966/822/117 965/823/117
f 968/824/116 967/821/116 965/823/117
f 971/825/90 970/826/90 969/827/90
f 972/828/90 971/825/90 969/827/90
f 975/829/89 974/830/89 973/831/89
f 976/832/118 975/829/89 973/831/89
f 979/833/88 978/834/88 977/835/88
f 980/836/88 979/833/88 977/835/88
f 983/837/94 982/838/94 981/839/94
f 984/840/94 983/837/94 981/839/94
f 987/841/119 986/842/103 985/843/103
f 988/844/119 987/841/119 985/843/103
f 991/845/3 990/846/120 989/847/120
f 992/848/3 991/845/3 989/847/120
f 995/849/99 994/850/100 993/851/100
f 996/852/99 995/849/99 993/851/100
f 999/853/108 998/854/121 997/855/121
f 1000/856/108 999/853/108 997/855/121
f 1003/857/122 1002/858/123 1001/859/123
f 1004/860/122 1003/857/122 1001/859/123
f 1007/861/94 1006/862/94 1005/863/94
f 1008/864/94 1007/861/94 1005/863/94
f 1011/865/92 1010/866/92 1009/867/92
f 1012/868/92 1011/865/92 1009/867/92
f 1015/869/124 1014/870/96 1013/871/96
f 1016/872/124 1015/869/124 1013/871/96
f 1019/873/125 1018/874/126 1017/875/126
f 1020/876/125 1019/873/125 1017/875/126
f 1023/877/102 1022/878/102 1021/879/102
f 1024/880/102 1023/877/102 1021/879/102
f 1027/881/107 1026/882/127 1025/883/127
f 1028/884/107 1027/881/107 1025/883/127
f 1031/885/98 1030/886/98 1029/887/98
f 1032/888/98 1031/885/98 1029/887/98
f 1035/889/122 1034/890/122 1033/891/122
f 1036/892/122 1035/889/122 1033/891/122
f 1039/893/110 1038/894/111 1037/895/111
f 1040/896/110 1039/893/110 1037/895/111
f 1043/897/92 1042/898/92 1041/899/92
f 1044/900/92 1043/897/92 1041/899/92
f 1047/901/128 1046/902/109 1045/903/109
f 1048/904/128 1047/901/128 1045/903/109
f 1051/905/129 1050/906/126 1049/907/126
f 1052/908/129 1051/905/129 1049/907/126
f 1055/909/116 1054/910/130 1053/911/130
f 1056/912/116 1055/909/116 1053/911/130
f 1059/913/106 1058/914/127 1057/915/127
f 1060/916/106 1059/913/106 1057/915/127
f 1063/917/113 1062/918/114 1061/919/114
f 1064/920/113 1063/917/113 1061/919/114
f 1067/921/122 1066/922/122 1065/923/122
f 1068/924/122 1067/921/122 1065/923/122
f 1071/925/94 1070/926/94 1069/927/94
f 1072/928/94 1071/925/94 1069/927/94
f 1075/929/92 1074/930/92 1073/931/92
f 1076/932/92 1075/929/92 1073/931/92
f 1079/933/118 1078/934/89 1077/935/89
f 1080/936/118 1079/933/118 1077/935/89
f 1083/937/131 1082/938/126 1081/939/126
f 1084/940/131 1083/937/131 1081/939/126
f 1087/941/121 1086/942/121 1085/943/121
f 1088/944/121 1087/941/121 1085/943/121
f 1091/945/107 1090/946/127 1089/947/127
f 1092/948/107 1091/945/107 1089/947/127
f 1095/949/3 1094/950/98 1093/951/98
f 1096/952/3 1095/949/3 1093/951/98
f 1099/953/6 1098/954/6 1097/955/6
f 1097/955/6 1098/954/6 1100/956/6
f 1101/957/6 1097/955/6 1100/956/6
f 1102/958/6 1099/953/6 1097/955/6
f 1097/955/6 1101/957/6 1103/959/6
f 1099/953/6 1102/958/6 1104/960/6
f 1101/957/6 1105/961/6 1103/959/6
f 1102/958/6 1106/962/6 1104/960/6
f 1102/958/6 1107/963/6 1106/962/6
f 1104/960/6 1106/962/6 1108/964/6
f 1109/965/6 1104/960/6 1108/964/6
f 1109/965/6 1108/964/6 1110/966/6
f 1108/964/6 1111/967/6 1110/966/6
f 1111/967/6 1108/964/6 1112/968/6
f 1113/969/6 1111/967/6 1112/968/6
f 1113/969/6 1112/968/6 1114/970/6
f 1107/963/6 1115/971/6 1106/962/6
f 1112/968/6 1116/972/6 1114/970/6
f 1112/968/6 1115/971/6 1116/972/6
f 1117/973/6 1114/970/6 1116/972/6
f 1115/971/6 1118/974/6 1116/972/6
f 1115/971/6 1107/963/6 1118/974/6
f 1119/975/6 1117/973/6 1116/972/6
f 1117/973/6 1119/975/6 1120/976/6
f 1107/963/6 1121/977/6 1118/974/6
f 1121/977/6 1107/963/6 1103/959/6
f 1118/974/6 1121/977/6 1122/978/6
f 1119/975/6 1123/979/6 1120/976/6
f 1119/975/6 1122/978/6 1123/979/6
f 1124/980/6 1120/976/6 1123/979/6
f 1125/981/6 1121/977/6 1103/959/6
f 1125/981/6 1103/959/6 1105/961/6
f 1126/982/6 1125/981/6 1105/961/6
f 1126/982/6 1127/983/6 1125/981/6
f 1121/977/6 1128/984/6 1122/978/6
f 1127/983/6 1129/985/6 1125/981/6
f 1130/986/6 1124/980/6 1123/979/6
f 1124/980/6 1130/986/6 1131/987/6
f 1130/986/6 1132/988/6 1131/987/6
f 1133/989/6 1132/988/6 1130/986/6
f 1134/990/6 1133/989/6 1130/986/6
f 1122/978/6 1135/991/6 1123/979/6
f 1133/989/6 1134/990/6 1136/992/6
f 1128/984/6 1137/993/6 1122/978/6
f 1137/993/6 1135/991/6 1122/978/6
f 1137/993/6 1128/984/6 1129/985/6
f 1135/991/6 1137/993/6 1134/990/6
f 1137/993/6 1138/994/6 1134/990/6
f 1134/990/6 1138/994/6 1136/992/6
f 1139/995/6 1137/993/6 1129/985/6
f 1139/995/6 1129/985/6 1127/983/6
f 1140/996/6 1139/995/6 1127/983/6
f 1140/996/6 1141/997/6 1139/995/6
f 1136/992/6 1138/994/6 1142/998/6
f 1141/997/6 1142/998/6 1139/995/6
f 1143/999/6 1136/992/6 1142/998/6
f 1142/998/6 1141/997/6 1144/1000/6
f 1143/999/6 1142/998/6 1144/1000/6
f 1147/1001/13 1146/1002/13 1145/1003/13
f 1147/1001/13 1145/1003/13 1148/1004/13
f 1145/1003/13 1149/1005/13 1148/1004/13
f 1149/1005/13 1145/1003/13 1150/1006/13
f 1151/1007/13 1149/1005/13 1150/1006/13
f 1146/1002/13 1152/1008/13 1145/1003/13
f 1151/1007/13 1150/1006/13 1153/1009/13
f 1154/1010/13 1152/1008/13 1146/1002/13
f 1155/1011/13 1154/1010/13 1146/1002/13
f 1156/1012/13 1152/1008/13 1154/1010/13
f 1150/1006/13 1157/1013/13 1153/1009/13
f 1150/1006/13 1156/1012/13 1157/1013/13
f 1158/1014/13 1153/1009/13 1157/1013/13
f 1154/1010/13 1155/1011/13 1159/1015/13
f 1155/1011/13 1160/1016/13 1159/1015/13
f 1159/1015/13 1160/1016/13 1161/1017/13
f 1162/1018/13 1159/1015/13 1161/1017/13
f 1159/1015/13 1162/1018/13 1163/1019/13
f 1164/1020/13 1156/1012/13 1154/1010/13
f 1162/1018/13 1165/1021/13 1163/1019/13
f 1166/1022/13 1158/1014/13 1157/1013/13
f 1158/1014/13 1166/1022/13 1167/1023/13
f 1156/1012/13 1168/1024/13 1157/1013/13
f 1156/1012/13 1164/1020/13 1169/1025/13
f 1169/1025/13 1164/1020/13 1163/1019/13
f 1168/1024/13 1156/1012/13 1169/1025/13
f 1170/1026/13 1163/1019/13 1165/1021/13
f 1170/1026/13 1169/1025/13 1163/1019/13
f 1171/1027/13 1170/1026/13 1165/1021/13
f 1168/1024/13 1169/1025/13 1172/1028/13
f 1171/1027/13 1173/1029/13 1170/1026/13
f 1173/1029/13 1174/1030/13 1170/1026/13
f 1175/1031/13 1168/1024/13 1172/1028/13
f 1166/1022/13 1176/1032/13 1167/1023/13
f 1166/1022/13 1175/1031/13 1176/1032/13
f 1177/1033/13 1167/1023/13 1176/1032/13
f 1175/1031/13 1178/1034/13 1176/1032/13
f 1178/1034/13 1175/1031/13 1172/1028/13
f 1179/1035/13 1177/1033/13 1176/1032/13
f 1177/1033/13 1179/1035/13 1180/1036/13
f 1179/1035/13 1181/1037/13 1180/1036/13
f 1182/1038/13 1181/1037/13 1179/1035/13
f 1183/1039/13 1182/1038/13 1179/1035/13
f 1182/1038/13 1183/1039/13 1184/1040/13
f 1185/1041/13 1172/1028/13 1174/1030/13
f 1185/1041/13 1178/1034/13 1172/1028/13
f 1183/1039/13 1178/1034/13 1186/1042/13
f 1178/1034/13 1185/1041/13 1186/1042/13
f 1183/1039/13 1186/1042/13 1184/1040/13
f 1187/1043/13 1185/1041/13 1174/1030/13
f 1184/1040/13 1186/1042/13 1188/1044/13
f 1187/1043/13 1174/1030/13 1173/1029/13
f 1189/1045/13 1187/1043/13 1173/1029/13
f 1189/1045/13 1190/1046/13 1187/1043/13
f 1190/1046/13 1188/1044/13 1187/1043/13
f 1191/1047/13 1184/1040/13 1188/1044/13
f 1188/1044/13 1190/1046/13 1192/1048/13
f 1191/1047/13 1188/1044/13 1192/1048/13
f 3/1/1 2/2/2 1/3/2
f 6/4/3 5/5/3 4/6/3
f 9/7/4 8/8/4 7/9/4
f 8/8/4 10/10/4 7/9/4
f 10/10/4 11/11/4 7/9/4
f 11/11/4 12/12/4 7/9/4
f 12/12/4 11/11/4 13/13/4
f 11/11/4 14/14/4 13/13/4
f 14/14/4 15/15/4 13/13/4
f 15/15/4 16/16/4 13/13/4
f 15/15/4 17/17/4 16/16/4
f 17/17/4 18/18/4 16/16/4
f 18/18/4 17/17/4 19/19/4
f 20/20/4 18/18/4 19/19/4
f 21/21/4 20/20/4 19/19/4
f 22/22/4 21/21/4 19/19/4
f 25/23/5 24/24/5 23/25/5
f 24/24/5 26/26/5 23/25/5
f 26/26/5 27/27/5 23/25/5
f 27/27/5 28/28/5 23/25/5
f 28/28/5 27/27/5 29/29/5
f 27/27/5 30/30/5 29/29/5
f 30/30/5 31/31/5 29/29/5
f 31/31/5 32/32/5 29/29/5
f 31/31/5 33/33/5 32/32/5
f 33/33/5 34/34/5 32/32/5
f 34/34/5 33/33/5 35/35/5
f 36/36/5 34/34/5 35/35/5
f 37/37/5 36/36/5 35/35/5
f 38/38/5 37/37/5 35/35/5
f 41/39/6 40/40/6 39/41/6
f 42/42/6 41/39/6 39/41/6
f 45/42/7 44/41/8 43/43/8
f 46/44/7 45/42/7 43/43/8
f 49/39/9 48/42/9 47/44/9
f 50/45/9 49/39/9 47/44/9
f 53/40/10 52/39/11 51/45/11
f 54/46/10 53/40/10 51/45/11
f 57/41/12 56/40/12 55/46/12
f 58/43/12 57/41/12 55/46/12
f 61/47/13 60/48/13 59/49/13
f 62/50/13 61/47/13 59/49/13
f 65/50/14 64/49/14 63/51/14
f 66/52/14 65/50/14 63/51/14
f 69/47/15 68/50/15 67/52/15
f 70/53/15 69/47/15 67/52/15
f 73/48/16 72/47/16 71/53/16
f 74/54/16 73/48/16 71/53/16
f 77/49/17 76/48/17 75/54/17
f 78/51/17 77/49/17 75/54/17
f 81/55/6 80/56/6 79/57/6
f 82/58/6 81/55/6 79/57/6
f 85/58/7 84/57/18 83/59/18
f 86/60/7 85/58/7 83/59/18
f 89/55/9 88/58/9 87/60/9
f 90/61/9 89/55/9 87/60/9
f 93/56/10 92/55/19 91/61/19
f 94/62/10 93/56/10 91/61/19
f 97/57/12 96/56/12 95/62/12
f 98/59/12 97/57/12 95/62/12
f 101/63/13 100/64/13 99/65/13
f 102/66/13 101/63/13 99/65/13
f 105/66/20 104/65/20 103/67/20
f 106/68/20 105/66/20 103/67/20
f 109/63/15 108/66/15 107/68/15
f 110/69/15 109/63/15 107/68/15
f 113/64/21 112/63/21 111/69/21
f 114/70/21 113/64/21 111/69/21
f 117/65/17 116/64/17 115/70/17
f 118/67/17 117/65/17 115/70/17
f 121/71/6 120/72/6 119/73/6
f 122/74/6 121/71/6 119/73/6
f 125/74/7 124/73/8 123/75/8
f 126/76/7 125/74/7 123/75/8
f 129/71/9 128/74/9 127/76/9
f 130/77/9 129/71/9 127/76/9
f 133/72/10 132/71/11 131/77/11
f 134/78/10 133/72/10 131/77/11
f 137/73/12 136/72/12 135/78/12
f 138/75/12 137/73/12 135/78/12
f 141/79/13 140/80/13 139/81/13
f 142/82/13 141/79/13 139/81/13
f 145/82/14 144/81/14 143/83/14
f 146/84/14 145/82/14 143/83/14
f 149/79/15 148/82/15 147/84/15
f 150/85/15 149/79/15 147/84/15
f 153/80/16 152/79/16 151/85/16
f 154/86/16 153/80/16 151/85/16
f 157/81/17 156/80/17 155/86/17
f 158/83/17 157/81/17 155/86/17
f 161/87/22 160/88/22 159/89/22
f 160/88/22 162/90/22 159/89/22
f 162/90/22 163/91/22 159/89/22
f 163/91/22 164/92/22 159/89/22
f 164/92/22 163/91/22 165/93/22
f 163/91/22 166/94/22 165/93/22
f 165/93/22 166/94/22 167/95/22
f 168/96/22 165/93/22 167/95/22
f 169/97/22 168/96/22 167/95/22
f 170/98/22 169/97/22 167/95/22
f 173/99/23 172/100/23 171/101/23
f 172/100/23 174/102/23 171/101/23
f 174/102/23 175/103/23 171/101/23
f 175/103/23 176/104/23 171/101/23
f 176/104/23 175/103/23 177/105/23
f 175/103/23 178/106/23 177/105/23
f 177/105/23 178/106/23 179/107/23
f 180/108/23 177/105/23 179/107/23
f 181/109/23 180/108/23 179/107/23
f 182/110/23 181/109/23 179/107/23
f 185/111/6 184/112/6 183/113/6
f 186/114/6 185/111/6 183/113/6
f 189/114/10 188/113/11 187/115/11
f 190/116/10 189/114/10 187/115/11
f 193/111/12 192/114/12 191/116/12
f 194/117/12 193/111/12 191/116/12
f 197/112/7 196/111/8 195/117/8
f 198/118/7 197/112/7 195/117/8
f 201/113/9 200/112/9 199/118/9
f 202/115/9 201/113/9 199/118/9
f 205/119/13 204/120/13 203/121/13
f 206/122/13 205/119/13 203/121/13
f 209/122/16 208/121/16 207/123/16
f 210/124/16 209/122/16 207/123/16
f 213/119/17 212/122/17 211/124/17
f 214/125/17 213/119/17 211/124/17
f 217/120/14 216/119/14 215/125/14
f 218/126/14 217/120/14 215/125/14
f 221/121/15 220/120/15 219/126/15
f 222/123/15 221/121/15 219/126/15
f 225/127/6 224/128/6 223/129/6
f 226/130/6 225/127/6 223/129/6
f 229/130/10 228/129/19 227/131/19
f 230/132/10 229/130/10 227/131/19
f 233/127/12 232/130/12 231/132/12
f 234/133/12 233/127/12 231/132/12
f 237/128/7 236/127/18 235/133/18
f 238/134/7 237/128/7 235/133/18
f 241/129/9 240/128/9 239/134/9
f 242/131/9 241/129/9 239/134/9
f 245/135/13 244/136/13 243/137/13
f 246/138/13 245/135/13 243/137/13
f 249/138/21 248/137/21 247/139/21
f 250/140/21 249/138/21 247/139/21
f 253/135/17 252/138/17 251/140/17
f 254/141/17 253/135/17 251/140/17
f 257/136/20 256/135/20 255/141/20
f 258/142/20 257/136/20 255/141/20
f 261/137/15 260/136/15 259/142/15
f 262/139/15 261/137/15 259/142/15
f 265/143/6 264/144/6 263/145/6
f 266/146/6 265/143/6 263/145/6
f 269/146/10 268/145/11 267/147/11
f 270/148/10 269/146/10 267/147/11
f 273/143/12 272/146/12 271/148/12
f 274/149/12 273/143/12 271/148/12
f 277/144/7 276/143/8 275/149/8
f 278/150/7 277/144/7 275/149/8
f 281/145/9 280/144/9 279/150/9
f 282/147/9 281/145/9 279/150/9
f 285/151/13 284/152/13 283/153/13
f 286/154/13 285/151/13 283/153/13
f 289/154/16 288/153/16 287/155/16
f 290/156/16 289/154/16 287/155/16
f 293/151/17 292/154/17 291/156/17
f 294/157/17 293/151/17 291/156/17
f 297/152/14 296/151/14 295/157/14
f 298/158/14 297/152/14 295/157/14
f 301/153/15 300/152/15 299/158/15
f 302/155/15 301/153/15 299/158/15
f 305/159/24 304/160/24 303/161/25
f 304/160/24 306/162/25 303/161/25
f 303/161/25 306/162/25 307/163/24
f 306/162/25 308/164/24 307/163/24
f 307/163/24 308/164/24 309/165/24
f 308/164/24 310/166/24 309/165/24
f 309/165/24 310/166/24 311/167/24
f 310/166/24 312/168/24 311/167/24
f 311/167/24 312/168/24 313/169/24
f 312/168/24 314/170/24 313/169/24
f 313/169/24 314/170/24 315/171/24
f 314/170/24 316/172/24 315/171/24
f 315/171/24 316/172/24 317/173/26
f 316/172/24 318/174/26 317/173/26
f 321/175/27 320/176/27 319/177/27
f 322/178/27 321/175/27 319/177/27
f 323/179/27 321/175/27 322/178/27
f 324/180/27 323/179/27 322/178/27
f 325/181/27 323/179/27 324/180/27
f 326/182/27 325/181/27 324/180/27
f 327/183/27 325/181/27 326/182/27
f 328/184/27 327/183/27 326/182/27
f 329/185/27 327/183/27 328/184/27
f 330/186/27 329/185/27 328/184/27
f 333/187/28 332/188/29 331/189/30
f 334/190/28 333/187/28 331/189/30
f 335/191/28 333/187/28 334/190/28
f 336/192/28 335/191/28 334/190/28
f 337/193/28 335/191/28 336/192/28
f 338/194/28 337/193/28 336/192/28
f 339/195/30 337/193/28 338/194/28
f 340/196/30 339/195/30 338/194/28
f 341/197/30 339/195/30 340/196/30
f 342/198/30 341/197/30 340/196/30
f 343/199/28 341/197/30 342/198/30
f 344/200/28 343/199/28 342/198/30
f 345/201/28 343/199/28 344/200/28
f 346/202/28 345/201/28 344/200/28
f 349/203/31 348/204/31 347/205/31
f 350/206/31 349/203/31 347/205/31
f 351/207/31 349/203/31 350/206/31
f 352/208/31 351/207/31 350/206/31
f 353/209/31 351/207/31 352/208/31
f 354/210/31 353/209/31 352/208/31
f 355/211/31 353/209/31 354/210/31
f 356/212/31 355/211/31 354/210/31
f 357/213/31 355/211/31 356/212/31
f 358/214/31 357/213/31 356/212/31
f 361/215/32 360/216/32 359/217/33
f 360/216/32 362/218/33 359/217/33
f 359/217/33 362/218/33 363/219/34
f 362/218/33 364/220/34 363/219/34
f 363/219/34 364/220/34 365/221/34
f 364/220/34 366/222/34 365/221/34
f 365/221/34 366/222/34 367/223/34
f 366/222/34 368/224/34 367/223/34
f 367/223/34 368/224/34 369/225/33
f 368/224/34 370/226/33 369/225/33
f 369/225/33 370/226/33 371/227/33
f 370/226/33 372/228/33 371/227/33
f 371/227/33 372/228/33 373/229/33
f 372/228/33 374/230/34 373/229/33
f 377/231/35 376/232/35 375/233/35
f 378/234/35 377/231/35 375/233/35
f 379/235/35 377/231/35 378/234/35
f 380/236/35 379/235/35 378/234/35
f 381/237/35 379/235/35 380/236/35
f 382/238/35 381/237/35 380/236/35
f 383/239/35 381/237/35 382/238/35
f 384/240/35 383/239/35 382/238/35
f 385/241/35 383/239/35 384/240/35
f 386/242/35 385/241/35 384/240/35
f 389/243/36 388/244/36 387/245/36
f 390/246/36 389/243/36 387/245/36
f 391/247/36 389/243/36 390/246/36
f 392/248/36 391/247/36 390/246/36
f 393/249/36 391/247/36 392/248/36
f 394/250/36 393/249/36 392/248/36
f 395/251/36 393/249/36 394/250/36
f 396/252/36 395/251/36 394/250/36
f 397/253/36 395/251/36 396/252/36
f 398/254/36 397/253/36 396/252/36
f 399/255/37 397/253/36 398/254/36
f 400/256/37 399/255/37 398/254/36
f 401/257/38 399/255/37 400/256/37
f 402/258/38 401/257/38 400/256/37
f 405/259/39 404/260/39 403/261/39
f 406/262/39 405/259/39 403/261/39
f 407/263/39 405/259/39 406/262/39
f 408/264/39 407/263/39 406/262/39
f 409/265/40 407/263/39 408/264/39
f 410/266/40 409/265/40 408/264/39
f 411/267/39 409/265/40 410/266/40
f 412/268/39 411/267/39 410/266/40
f 413/269/39 411/267/39 412/268/39
f 414/270/39 413/269/39 412/268/39
f 417/271/41 416/272/30 415/273/30
f 418/274/41 417/271/41 415/273/30
f 421/275/42 420/276/43 419/277/43
f 422/278/43 421/275/42 419/277/43
f 425/279/26 424/280/24 423/281/24
f 426/282/26 425/279/26 423/281/24
f 429/283/44 428/284/44 427/285/44
f 430/286/44 429/283/44 427/285/44
f 433/287/36 432/288/36 431/289/36
f 434/290/36 433/287/36 431/289/36
f 437/291/45 436/292/45 435/293/45
f 438/294/45 437/291/45 435/293/45
f 441/295/46 440/296/47 439/297/47
f 442/298/46 441/295/46 439/297/47
f 445/299/48 444/300/48 443/301/48
f 446/302/48 445/299/48 443/301/48
f 449/303/29 448/304/28 447/305/28
f 450/306/29 449/303/29 447/305/28
f 453/307/43 452/308/42 451/309/42
f 454/310/43 453/307/43 451/309/42
f 457/311/25 456/312/26 455/313/26
f 458/314/25 457/311/25 455/313/26
f 461/315/49 460/316/50 459/317/50
f 462/318/49 461/315/49 459/317/50
f 465/319/36 464/320/51 463/321/51
f 466/322/36 465/319/36 463/321/51
f 469/323/52 468/324/53 467/325/53
f 470/326/52 469/323/52 467/325/53
f 473/327/33 472/328/54 471/329/54
f 474/330/33 473/327/33 471/329/54
f 477/331/55 476/332/48 475/333/48
f 478/334/55 477/331/55 475/333/48
f 481/335/28 480/336/29 479/337/29
f 482/338/28 481/335/28 479/337/29
f 485/339/27 484/340/27 483/341/27
f 486/342/27 485/339/27 483/341/27
f 489/343/24 488/344/26 487/345/26
f 490/346/24 489/343/24 487/345/26
f 493/347/44 492/348/56 491/349/56
f 494/350/44 493/347/44 491/349/56
f 497/351/38 496/352/51 495/353/51
f 498/354/38 497/351/38 495/353/51
f 501/355/45 500/356/45 499/357/45
f 502/358/45 501/355/45 499/357/45
f 505/359/33 504/360/54 503/361/54
f 506/362/33 505/359/33 503/361/54
f 509/363/39 508/364/40 507/365/40
f 510/366/39 509/363/39 507/365/40
f 513/367/57 512/368/58 511/369/58
f 514/370/57 513/367/57 511/369/58
f 517/371/44 516/372/44 515/373/44
f 518/374/44 517/371/44 515/373/44
f 521/375/41 520/376/30 519/377/30
f 522/378/41 521/375/41 519/377/30
f 525/379/43 524/380/42 523/381/42
f 526/382/43 525/379/43 523/381/42
f 529/383/59 528/384/60 527/385/60
f 530/386/59 529/383/59 527/385/60
f 533/387/48 532/388/48 531/389/48
f 534/390/48 533/387/48 531/389/48
f 537/391/36 536/392/36 535/393/36
f 538/394/36 537/391/36 535/393/36
f 541/395/45 540/396/45 539/397/45
f 542/398/45 541/395/45 539/397/45
f 545/399/61 544/400/57 543/401/57
f 546/402/61 545/399/61 543/401/57
f 549/403/50 548/404/49 547/405/49
f 550/406/50 549/403/50 547/405/49
f 553/407/29 552/408/28 551/409/28
f 554/410/29 553/407/29 551/409/28
f 557/411/43 556/412/42 555/413/42
f 558/414/43 557/411/43 555/413/42
f 561/415/38 560/416/51 559/417/51
f 562/418/38 561/415/38 559/417/51
f 565/419/62 564/420/63 563/421/63
f 566/422/62 565/419/62 563/421/63
f 569/423/64 568/424/60 567/425/60
f 570/426/64 569/423/64 567/425/60
f 573/427/40 572/428/39 571/429/39
f 574/430/40 573/427/40 571/429/39
f 577/431/65 576/432/66 575/433/66
f 578/434/65 577/431/65 575/433/66
f 581/435/48 580/436/48 579/437/48
f 582/438/48 581/435/48 579/437/48
f 585/439/36 584/440/51 583/441/51
f 586/442/36 585/439/36 583/441/51
f 589/443/53 588/444/52 587/445/52
f 590/446/53 589/443/53 587/445/52
f 593/447/28 592/448/29 591/449/29
f 594/450/28 593/447/28 591/449/29
f 597/451/27 596/452/27 595/453/27
f 598/454/27 597/451/27 595/453/27
f 601/455/58 600/456/67 599/457/67
f 602/458/58 601/455/58 599/457/67
f 605/459/44 604/460/44 603/461/44
f 606/462/44 605/459/44 603/461/44
f 609/463/68 608/464/68 607/465/68
f 610/466/68 609/463/68 607/465/68
f 613/467/69 612/468/69 611/469/69
f 614/470/69 613/467/69 611/469/69
f 617/471/70 616/472/71 615/473/71
f 618/474/70 617/471/70 615/473/71
f 621/475/72 620/476/72 619/477/72
f 622/478/72 621/475/72 619/477/72
f 625/479/73 624/480/74 623/481/74
f 626/482/73 625/479/73 623/481/74
f 629/483/75 628/484/75 627/485/75
f 630/486/75 629/483/75 627/485/75
f 633/487/76 632/488/76 631/489/76
f 634/490/76 633/487/76 631/489/76
f 637/491/77 636/492/77 635/493/77
f 638/494/77 637/491/77 635/493/77
f 641/495/68 640/496/68 639/497/68
f 642/498/68 641/495/68 639/497/68
f 645/499/78 644/500/78 643/501/78
f 646/502/78 645/499/78 643/501/78
f 649/503/71 648/504/71 647/505/71
f 650/506/71 649/503/71 647/505/71
f 653/507/79 652/508/79 651/509/79
f 654/510/79 653/507/79 651/509/79
f 657/511/73 656/512/73 655/513/73
f 658/514/73 657/511/73 655/513/73
f 661/515/80 660/516/80 659/517/80
f 662/518/80 661/515/80 659/517/80
f 665/519/81 664/520/81 663/521/81
f 666/522/81 665/519/81 663/521/81
f 669/523/77 668/524/77 667/525/77
f 670/526/77 669/523/77 667/525/77
f 673/527/68 672/528/68 671/529/68
f 674/530/68 673/527/68 671/529/68
f 677/531/78 676/532/78 675/533/78
f 678/534/78 677/531/78 675/533/78
f 681/535/71 680/536/71 679/537/71
f 682/538/71 681/535/71 679/537/71
f 685/539/82 684/540/82 683/541/82
f 686/542/82 685/539/82 683/541/82
f 689/543/74 688/544/73 687/545/73
f 690/546/74 689/543/74 687/545/73
f 693/547/80 692/548/80 691/549/80
f 694/550/80 693/547/80 691/549/80
f 697/551/76 696/552/81 695/553/81
f 698/554/76 697/551/76 695/553/81
f 701/555/77 700/556/77 699/557/77
f 702/558/77 701/555/77 699/557/77
f 705/559/71 704/560/83 703/561/83
f 706/562/71 705/559/71 703/561/83
f 709/563/72 708/564/72 707/565/72
f 710/566/72 709/563/72 707/565/72
f 713/567/84 712/568/84 711/569/84
f 714/570/84 713/567/84 711/569/84
f 717/571/69 716/572/69 715/573/69
f 718/574/69 717/571/69 715/573/69
f 721/575/81 720/576/81 719/577/81
f 722/578/81 721/575/81 719/577/81
f 725/579/77 724/580/77 723/581/77
f 726/582/77 725/579/77 723/581/77
f 729/583/85 728/584/73 727/585/73
f 730/586/85 729/583/85 727/585/73
f 733/587/75 732/588/75 731/589/75
f 734/590/75 733/587/75 731/589/75
f 737/591/71 736/592/83 735/593/83
f 738/594/71 737/591/71 735/593/83
f 741/595/79 740/596/79 739/597/79
f 742/598/79 741/595/79 739/597/79
f 745/599/68 744/600/84 743/601/84
f 746/602/68 745/599/68 743/601/84
f 749/603/78 748/604/78 747/605/78
f 750/606/78 749/603/78 747/605/78
f 753/607/81 752/608/81 751/609/81
f 754/610/81 753/607/81 751/609/81
f 757/611/77 756/612/77 755/613/77
f 758/614/77 757/611/77 755/613/77
f 761/615/73 760/616/73 759/617/73
f 762/618/73 761/615/73 759/617/73
f 765/619/80 764/620/80 763/621/80
f 766/622/80 765/619/80 763/621/80
f 769/623/83 768/624/83 767/625/83
f 770/626/83 769/623/83 767/625/83
f 773/627/82 772/628/82 771/629/82
f 774/630/82 773/627/82 771/629/82
f 777/631/84 776/632/84 775/633/84
f 778/634/84 777/631/84 775/633/84
f 781/635/78 780/636/78 779/637/78
f 782/638/78 781/635/78 779/637/78
f 785/639/81 784/640/86 783/641/86
f 786/642/81 785/639/81 783/641/86
f 789/643/77 788/644/77 787/645/77
f 790/646/77 789/643/77 787/645/77
f 793/647/73 792/648/85 791/649/73
f 794/650/73 793/647/73 791/649/73
f 797/651/80 796/652/80 795/653/80
f 798/654/80 797/651/80 795/653/80
f 801/655/87 800/656/87 799/657/88
f 800/656/87 802/658/88 799/657/88
f 799/657/88 802/658/88 803/659/88
f 802/658/88 804/660/88 803/659/88
f 803/659/88 804/660/88 805/661/88
f 804/660/88 806/662/88 805/661/88
f 805/661/88 806/662/88 807/663/88
f 806/662/88 808/664/88 807/663/88
f 807/663/88 808/664/88 809/665/88
f 808/664/88 810/666/88 809/665/88
f 809/665/88 810/666/88 811/667/88
f 810/666/88 812/668/88 811/667/88
f 811/667/88 812/668/88 813/669/88
f 812/668/88 814/670/88 813/669/88
f 817/671/89 816/672/89 815/673/89
f 818/674/89 817/671/89 815/673/89
f 819/675/89 817/671/89 818/674/89
f 820/676/89 819/675/89 818/674/89
f 821/677/89 819/675/89 820/676/89
f 822/678/89 821/677/89 820/676/89
f 823/679/89 821/677/89 822/678/89
f 824/680/89 823/679/89 822/678/89
f 825/681/89 823/679/89 824/680/89
f 826/682/89 825/681/89 824/680/89
f 829/683/90 828/684/91 827/685/92
f 830/686/90 829/683/90 827/685/92
f 831/687/93 829/683/90 830/686/90
f 832/688/93 831/687/93 830/686/90
f 833/689/93 831/687/93 832/688/93
f 834/690/93 833/689/93 832/688/93
f 835/691/90 833/689/93 834/690/93
f 836/692/90 835/691/90 834/690/93
f 837/693/90 835/691/90 836/692/90
f 838/694/90 837/693/90 836/692/90
f 839/695/90 837/693/90 838/694/90
f 840/696/93 839/695/90 838/694/90
f 841/697/92 839/695/90 840/696/93
f 842/698/92 841/697/92 840/696/93
f 843/699/1 3/1/1 1/3/2
f 844/700/94 3/1/1 843/699/1
f 845/701/94 844/700/94 843/699/1
f 846/702/94 844/700/94 845/701/94
f 847/703/94 846/702/94 845/701/94
f 848/704/94 846/702/94 847/703/94
f 849/705/94 848/704/94 847/703/94
f 850/706/95 848/704/94 849/705/94
f 851/707/95 850/706/95 849/705/94
f 854/708/90 853/709/90 852/710/90
f 855/711/90 854/708/90 852/710/90
f 858/712/96 857/713/96 856/714/96
f 859/715/96 858/712/96 856/714/96
f 862/716/88 861/717/88 860/718/88
f 863/719/88 862/716/88 860/718/88
f 866/720/94 865/721/94 864/722/94
f 867/723/94 866/720/94 864/722/94
f 870/724/97 869/725/97 868/726/97
f 871/727/97 870/724/97 868/726/97
f 874/728/98 873/729/98 872/730/98
f 875/731/98 874/728/98 872/730/98
f 878/732/99 877/733/100 876/734/100
f 879/735/99 878/732/99 876/734/100
f 882/736/101 881/737/102 880/738/102
f 883/739/101 882/736/101 880/738/102
f 886/740/99 885/741/99 884/742/100
f 885/741/99 887/743/100 884/742/100
f 884/742/100 887/743/100 888/744/99
f 887/743/100 889/745/99 888/744/99
f 888/744/99 889/745/99 890/746/100
f 889/745/99 891/747/100 890/746/100
f 890/746/100 891/747/100 892/748/99
f 891/747/100 893/749/99 892/748/99
f 892/748/99 893/749/99 894/750/100
f 893/749/99 895/751/100 894/750/100
f 894/750/100 895/751/100 896/752/100
f 895/751/100 897/753/100 896/752/100
f 896/752/100 897/753/100 898/754/100
f 897/753/100 899/755/100 898/754/100
f 900/756/98 6/4/3 4/6/3
f 901/757/98 6/4/3 900/756/98
f 902/758/98 901/757/98 900/756/98
f 903/759/98 901/757/98 902/758/98
f 904/760/98 903/759/98 902/758/98
f 905/761/98 903/759/98 904/760/98
f 906/762/98 905/761/98 904/760/98
f 907/763/3 905/761/98 906/762/98
f 908/764/3 907/763/3 906/762/98
f 911/765/103 910/766/104 909/767/105
f 912/768/97 911/765/103 909/767/105
f 913/769/103 911/765/103 912/768/97
f 914/770/103 913/769/103 912/768/97
f 915/771/97 913/769/103 914/770/103
f 916/772/97 915/771/97 914/770/103
f 917/773/103 915/771/97 916/772/97
f 918/774/103 917/773/103 916/772/97
f 919/775/97 917/773/103 918/774/103
f 920/776/97 919/775/97 918/774/103
f 921/777/103 919/775/97 920/776/97
f 922/778/103 921/777/103 920/776/97
f 923/779/106 921/777/103 922/778/103
f 924/780/107 923/779/106 922/778/103
f 927/781/108 926/782/108 925/783/108
f 928/784/108 927/781/108 925/783/108
f 929/785/108 927/781/108 928/784/108
f 930/786/108 929/785/108 928/784/108
f 931/787/108 929/785/108 930/786/108
f 932/788/108 931/787/108 930/786/108
f 933/789/108 931/787/108 932/788/108
f 934/790/108 933/789/108 932/788/108
f 935/791/108 933/789/108 934/790/108
f 936/792/108 935/791/108 934/790/108
f 939/793/90 938/794/93 937/795/93
f 940/796/90 939/793/90 937/795/93
f 943/797/109 942/798/109 941/799/109
f 944/800/109 943/797/109 941/799/109
f 947/801/88 946/802/88 945/803/88
f 948/804/88 947/801/88 945/803/88
f 951/805/110 950/806/111 949/807/111
f 952/808/110 951/805/110 949/807/111
f 955/809/112 954/810/103 953/811/103
f 956/812/112 955/809/112 953/811/103
f 959/813/113 958/814/114 957/815/114
f 960/816/113 959/813/113 957/815/114
f 963/817/115 962/818/100 961/819/100
f 964/820/115 963/817/115 961/819/100
f 967/821/116 966/822/117 965/823/117
f 968/824/116 967/821/116 965/823/117
f 971/825/90 970/826/90 969/827/90
f 972/828/90 971/825/90 969/827/90
f 975/829/89 974/830/89 973/831/89
f 976/832/118 975/829/89 973/831/89
f 979/833/88 978/834/88 977/835/88
f 980/836/88 979/833/88 977/835/88
f 983/837/94 982/838/94 981/839/94
f 984/840/94 983/837/94 981/839/94
f 987/841/119 986/842/103 985/843/103
f 988/844/119 987/841/119 985/843/103
f 991/845/3 990/846/120 989/847/120
f 992/848/3 991/845/3 989/847/120
f 995/849/99 994/850/100 993/851/100
f 996/852/99 995/849/99 993/851/100
f 999/853/108 998/854/121 997/855/121
f 1000/856/108 999/853/108 997/855/121
f 1003/857/122 1002/858/123 1001/859/123
f 1004/860/122 1003/857/122 1001/859/123
f 1007/861/94 1006/862/94 1005/863/94
f 1008/864/94 1007/861/94 1005/863/94
f 1011/865/92 1010/866/92 1009/867/92
f 1012/868/92 1011/865/92 1009/867/92
f 1015/869/124 1014/870/96 1013/871/96
f 1016/872/124 1015/869/124 1013/871/96
f 1019/873/125 1018/874/126 1017/875/126
f 1020/876/125 1019/873/125 1017/875/126
f 1023/877/102 1022/878/102 1021/879/102
f 1024/880/102 1023/877/102 1021/879/102
f 1027/881/107 1026/882/127 1025/883/127
f 1028/884/107 1027/881/107 1025/883/127
f 1031/885/98 1030/886/98 1029/887/98
f 1032/888/98 1031/885/98 1029/887/98
f 1035/889/122 1034/890/122 1033/891/122
f 1036/892/122 1035/889/122 1033/891/122
f 1039/893/110 1038/894/111 1037/895/111
f 1040/896/110 1039/893/110 1037/895/111
f 1043/897/92 1042/898/92 1041/899/92
f 1044/900/92 1043/897/92 1041/899/92
f 1047/901/128 1046/902/109 1045/903/109
f 1048/904/128 1047/901/128 1045/903/109
f 1051/905/129 1050/906/126 1049/907/126
f 1052/908/129 1051/905/129 1049/907/126
f 1055/909/116 1054/910/130 1053/911/130
f 1056/912/116 1055/909/116 1053/911/130
f 1059/913/106 1058/914/127 1057/915/127
f 1060/916/106 1059/913/106 1057/915/127
f 1063/917/113 1062/918/114 1061/919/114
f 1064/920/113 1063/917/113 1061/919/114
f 1067/921/122 1066/922/122 1065/923/122
f 1068/924/122 1067/921/122 1065/923/122
f 1071/925/94 1070/926/94 1069/927/94
f 1072/928/94 1071/925/94 1069/927/94
f 1075/929/92 1074/930/92 1073/931/92
f 1076/932/92 1075/929/92 1073/931/92
f 1079/933/118 1078/934/89 1077/935/89
f 1080/936/118 1079/933/118 1077/935/89
f 1083/937/131 1082/938/126 1081/939/126
f 1084/940/131 1083/937/131 1081/939/126
f 1087/941/121 1086/942/121 1085/943/121
f 1088/944/121 1087/941/121 1085/943/121
f 1091/945/107 1090/946/127 1089/947/127
f 1092/948/107 1091/945/107 1089/947/127
f 1095/949/3 1094/950/98 1093/951/98
f 1096/952/3 1095/949/3 1093/951/98
f 1099/953/6 1098/954/6 1097/955/6
f 1097/955/6 1098/954/6 1100/956/6
f 1101/957/6 1097/955/6 1100/956/6
f 1102/958/6 1099/953/6 1097/955/6
f 1097/955/6 1101/957/6 1103/959/6
f 1099/953/6 1102/958/6 1104/960/6
f 1101/957/6 1105/961/6 1103/959/6
f 1102/958/6 1106/962/6 1104/960/6
f 1102/958/6 1107/963/6 1106/962/6
f 1104/960/6 1106/962/6 1108/964/6
f 1109/965/6 1104/960/6 1108/964/6
f 1109/965/6 1108/964/6 1110/966/6
f 1108/964/6 1111/967/6 1110/966/6
f 1111/967/6 1108/964/6 1112/968/6
f 1113/969/6 1111/967/6 1112/968/6
f 1113/969/6 1112/968/6 1114/970/6
f 1107/963/6 1115/971/6 1106/962/6
f 1112/968/6 1116/972/6 1114/970/6
f 1112/968/6 1115/971/6 1116/972/6
f 1117/973/6 1114/970/6 1116/972/6
f 1115/971/6 1118/974/6 1116/972/6
f 1115/971/6 1107/963/6 1118/974/6
f 1119/975/6 1117/973/6 1116/972/6
f 1117/973/6 1119/975/6 1120/976/6
f 1107/963/6 1121/977/6 1118/974/6
f 1121/977/6 1107/963/6 1103/959/6
f 1118/974/6 1121/977/6 1122/978/6
f 1119/975/6 1123/979/6 1120/976/6
f 1119/975/6 1122/978/6 1123/979/6
f 1124/980/6 1120/976/6 1123/979/6
f 1125/981/6 1121/977/6 1103/959/6
f 1125/981/6 1103/959/6 1105/961/6
f 1126/982/6 1125/981/6 1105/961/6
f 1126/982/6 1127/983/6 1125/981/6
f 1121/977/6 1128/984/6 1122/978/6
f 1127/983/6 1129/985/6 1125/981/6
f 1130/986/6 1124/980/6 1123/979/6
f 1124/980/6 1130/986/6 1131/987/6
f 1130/986/6 1132/988/6 1131/987/6
f 1133/989/6 1132/988/6 1130/986/6
f 1134/990/6 1133/989/6 1130/986/6
f 1122/978/6 1135/991/6 1123/979/6
f 1133/989/6 1134/990/6 1136/992/6
f 1128/984/6 1137/993/6 1122/978/6
f 1137/993/6 1135/991/6 1122/978/6
f 1137/993/6 1128/984/6 1129/985/6
f 1135/991/6 1137/993/6 1134/990/6
f 1137/993/6 1138/994/6 1134/990/6
f 1134/990/6 1138/994/6 1136/992/6
f 1139/995/6 1137/993/6 1129/985/6
f 1139/995/6 1129/985/6 1127/983/6
f 1140/996/6 1139/995/6 1127/983/6
f 1140/996/6 1141/997/6 1139/995/6
f 1136/992/6 1138/994/6 1142/998/6
f 1141/997/6 1142/998/6 1139/995/6
f 1143/999/6 1136/992/6 1142/998/6
f 1142/998/6 1141/997/6 1144/1000/6
f 1143/999/6 1142/998/6 1144/1000/6
f 1147/1001/13 1146/1002/13 1145/1003/13
f 1147/1001/13 1145/1003/13 1148/1004/13
f 1145/1003/13 1149/1005/13 1148/1004/13
f 1149/1005/13 1145/1003/13 1150/1006/13
f 1151/1007/13 1149/1005/13 1150/1006/13
f 1146/1002/13 1152/1008/13 1145/1003/13
f 1151/1007/13 1150/1006/13 1153/1009/13
f 1154/1010/13 1152/1008/13 1146/1002/13
f 1155/1011/13 1154/1010/13 1146/1002/13
f 1156/1012/13 1152/1008/13 1154/1010/13
f 1150/1006/13 1157/1013/13 1153/1009/13
f 1150/1006/13 1156/1012/13 1157/1013/13
f 1158/1014/13 1153/1009/13 1157/1013/13
f 1154/1010/13 1155/1011/13 1159/1015/13
f 1155/1011/13 1160/1016/13 1159/1015/13
f 1159/1015/13 1160/1016/13 1161/1017/13
f 1162/1018/13 1159/1015/13 1161/1017/13
f 1159/1015/13 1162/1018/13 1163/1019/13
f 1164/1020/13 1156/1012/13 1154/1010/13
f 1162/1018/13 1165/1021/13 1163/1019/13
f 1166/1022/13 1158/1014/13 1157/1013/13
f 1158/1014/13 1166/1022/13 1167/1023/13
f 1156/1012/13 1168/1024/13 1157/1013/13
f 1156/1012/13 1164/1020/13 1169/1025/13
f 1169/1025/13 1164/1020/13 1163/1019/13
f 1168/1024/13 1156/1012/13 1169/1025/13
f 1170/1026/13 1163/1019/13 1165/1021/13
f 1170/1026/13 1169/1025/13 1163/1019/13
f 1171/1027/13 1170/1026/13 1165/1021/13
f 1168/1024/13 1169/1025/13 1172/1028/13
f 1171/1027/13 1173/1029/13 1170/1026/13
f 1173/1029/13 1174/1030/13 1170/1026/13
f 1175/1031/13 1168/1024/13 1172/1028/13
f 1166/1022/13 1176/1032/13 1167/1023/13
f 1166/1022/13 1175/1031/13 1176/1032/13
f 1177/1033/13 1167/1023/13 1176/1032/13
f 1175/1031/13 1178/1034/13 1176/1032/13
f 1178/1034/13 1175/1031/13 1172/1028/13
f 1179/1035/13 1177/1033/13 1176/1032/13
f 1177/1033/13 1179/1035/13 1180/1036/13
f 1179/1035/13 1181/1037/13 1180/1036/13
f 1182/1038/13 1181/1037/13 1179/1035/13
f 1183/1039/13 1182/1038/13 1179/1035/13
f 1182/1038/13 1183/1039/13 1184/1040/13
f 1185/1041/13 1172/1028/13 1174/1030/13
f 1185/1041/13 1178/1034/13 1172/1028/13
f 1183/1039/13 1178/1034/13 1186/1042/13
f 1178/1034/13 1185/1041/13 1186/1042/13
f 1183/1039/13 1186/1042/13 1184/1040/13
f 1187/1043/13 1185/1041/13 1174/1030/13
f 1184/1040/13 1186/1042/13 1188/1044/13
f 1187/1043/13 1174/1030/13 1173/1029/13
f 1189/1045/13 1187/1043/13 1173/1029/13
f 1189/1045/13 1190/1046/13 1187/1043/13
f 1190/1046/13 1188/1044/13 1187/1043/13
f 1191/1047/13 1184/1040/13 1188/1044/13
f 1188/1044/13 1190/1046/13 1192/1048/13
f 1191/1047/13 1188/1044/13 1192/1048/13
