#usda 1.0
(
    customLayerData = {
        string creator = "Ai2-THOR MJCF-USD converter"
    }
    defaultPrim = "Armchair_219_2"
    doc = """Generated from Composed Stage of root layer /home/gregor/workspace/ai2/isaac-thor-worktree/dev-wilbert/assets/usd/objects/thor/Armchair_219_2_prim/Armchair_219_2_prim.usda
"""
    kilogramsPerUnit = 1
    metersPerUnit = 1
    upAxis = "Z"
)

def Xform "Armchair_219_2" (
    apiSchemas = ["GeomModelAPI"]
    assetInfo = {
        string name = "Armchair_219_2"
    }
    kind = "component"
)
{
    float3[] extentsHint = [(-0.53507954, -0.47896466, -0.34386435), (0.53351927, 0.4763722, 0.38762456), (3.4028235e38, 3.4028235e38, 3.4028235e38), (-3.4028235e38, -3.4028235e38, -3.4028235e38), (3.4028235e38, 3.4028235e38, 3.4028235e38), (-3.4028235e38, -3.4028235e38, -3.4028235e38), (-0.53093183, -0.4797268, -0.3725861), (0.5278918, 0.47670165, 0.372187)]

    def Scope "Geometry"
    {
        def Xform "Armchair_219_2" (
            apiSchemas = ["PhysicsRigidBodyAPI"]
            kind = "subcomponent"
        )
        {
            def Mesh "Armchair_219_2_armchair_219" (
                apiSchemas = ["MaterialBindingAPI"]
            )
            {
                float3[] extent = [(-0.5343195, -0.0008346548, -0.36207435), (0.5342793, 0.9545022, 0.36941457)]
                int[] faceVertexCounts = [3, 3, 3, 3, 3, 3, 3, 3, 3, 3, 3, 3, 3, 3, 3, 3, 3, 3, 3, 3, 3, 3, 3, 3, 3, 3, 3, 3, 3, 3, 3, 3, 3, 3, 3, 3, 3, 3, 3, 3, 3, 3, 3, 3, 3, 3, 3, 3, 3, 3, 3, 3, 3, 3, 3, 3, 3, 3, 3, 3, 3, 3, 3, 3, 3, 3, 3, 3, 3, 3, 3, 3, 3, 3, 3, 3, 3, 3, 3, 3, 3, 3, 3, 3, 3, 3, 3, 3, 3, 3, 3, 3, 3, 3, 3, 3, 3, 3, 3, 3, 3, 3, 3, 3, 3, 3, 3, 3, 3, 3, 3, 3, 3, 3, 3, 3, 3, 3, 3, 3, 3, 3, 3, 3, 3, 3, 3, 3, 3, 3, 3, 3, 3, 3, 3, 3, 3, 3, 3, 3, 3, 3, 3, 3, 3, 3, 3, 3, 3, 3, 3, 3, 3, 3, 3, 3, 3, 3, 3, 3, 3, 3, 3, 3, 3, 3, 3, 3, 3, 3, 3, 3, 3, 3, 3, 3, 3, 3, 3, 3, 3, 3, 3, 3, 3, 3, 3, 3, 3, 3, 3, 3, 3, 3, 3, 3, 3, 3, 3, 3, 3, 3, 3, 3, 3, 3, 3, 3, 3, 3, 3, 3, 3, 3, 3, 3, 3, 3, 3, 3, 3, 3, 3, 3, 3, 3, 3, 3, 3, 3, 3, 3, 3, 3, 3, 3, 3, 3, 3, 3, 3, 3, 3, 3, 3, 3, 3, 3, 3, 3, 3, 3, 3, 3, 3, 3, 3, 3, 3, 3, 3, 3, 3, 3, 3, 3, 3, 3, 3, 3, 3, 3, 3, 3, 3, 3, 3, 3, 3, 3, 3, 3, 3, 3, 3, 3, 3, 3, 3, 3, 3, 3, 3, 3, 3, 3, 3, 3, 3, 3, 3, 3, 3, 3, 3, 3, 3, 3, 3, 3, 3, 3, 3, 3, 3, 3, 3, 3, 3, 3, 3, 3, 3, 3, 3, 3, 3, 3, 3, 3, 3, 3, 3, 3, 3, 3, 3, 3, 3, 3, 3, 3, 3, 3, 3, 3, 3, 3, 3, 3, 3, 3, 3, 3, 3, 3, 3, 3, 3, 3, 3, 3, 3, 3, 3, 3, 3, 3, 3, 3, 3, 3, 3, 3, 3, 3, 3, 3, 3, 3, 3, 3, 3, 3, 3, 3, 3, 3, 3, 3, 3, 3, 3, 3, 3, 3, 3, 3, 3, 3, 3, 3, 3, 3, 3, 3, 3, 3, 3, 3, 3, 3, 3, 3, 3, 3, 3, 3, 3, 3, 3, 3, 3, 3, 3, 3, 3, 3, 3, 3, 3, 3, 3, 3, 3, 3, 3, 3, 3, 3, 3, 3, 3, 3, 3, 3, 3, 3, 3, 3, 3, 3, 3, 3, 3, 3, 3, 3, 3, 3, 3, 3, 3, 3, 3, 3, 3, 3, 3, 3, 3, 3, 3, 3, 3, 3, 3, 3, 3, 3, 3, 3, 3, 3, 3, 3, 3, 3, 3, 3, 3, 3, 3, 3, 3, 3, 3, 3, 3, 3, 3, 3, 3, 3, 3, 3, 3, 3, 3, 3, 3, 3, 3, 3, 3, 3, 3, 3, 3, 3, 3, 3, 3, 3, 3, 3, 3, 3, 3, 3, 3, 3, 3, 3, 3, 3, 3, 3, 3, 3, 3, 3, 3, 3, 3, 3, 3, 3, 3, 3, 3, 3, 3, 3, 3, 3, 3, 3, 3, 3, 3, 3, 3, 3, 3, 3, 3, 3, 3, 3, 3, 3, 3, 3, 3, 3, 3, 3, 3, 3, 3, 3, 3, 3, 3, 3, 3, 3, 3, 3, 3, 3, 3, 3, 3, 3, 3, 3, 3, 3, 3, 3, 3, 3, 3, 3, 3, 3, 3, 3, 3, 3, 3, 3, 3, 3, 3, 3, 3, 3, 3, 3, 3, 3, 3, 3, 3, 3, 3, 3, 3, 3, 3, 3, 3, 3, 3, 3, 3, 3, 3, 3, 3, 3, 3, 3, 3, 3, 3, 3, 3, 3, 3, 3, 3, 3, 3, 3, 3, 3, 3, 3, 3, 3, 3, 3, 3, 3, 3, 3, 3, 3, 3, 3, 3, 3, 3, 3, 3, 3, 3, 3, 3, 3, 3, 3, 3, 3, 3, 3, 3, 3, 3, 3, 3, 3, 3, 3, 3, 3, 3, 3, 3, 3, 3, 3, 3, 3, 3, 3, 3, 3, 3, 3, 3, 3, 3, 3, 3, 3, 3, 3, 3, 3, 3, 3, 3, 3, 3, 3, 3, 3, 3, 3, 3, 3, 3, 3, 3, 3, 3, 3, 3, 3, 3, 3, 3, 3, 3, 3, 3, 3, 3, 3, 3, 3, 3, 3, 3, 3, 3, 3, 3, 3, 3, 3, 3, 3, 3, 3, 3, 3, 3, 3, 3, 3, 3, 3, 3, 3, 3, 3, 3, 3, 3, 3, 3, 3, 3, 3, 3, 3, 3, 3, 3, 3, 3, 3, 3, 3, 3, 3, 3, 3, 3, 3, 3, 3, 3, 3, 3, 3, 3, 3, 3, 3, 3, 3, 3, 3, 3, 3, 3, 3, 3, 3, 3, 3, 3, 3, 3, 3, 3, 3, 3, 3, 3, 3, 3, 3, 3, 3, 3, 3, 3, 3, 3, 3, 3, 3, 3, 3, 3, 3, 3, 3, 3, 3, 3, 3, 3, 3, 3, 3, 3, 3, 3, 3, 3, 3, 3, 3, 3, 3, 3, 3, 3, 3, 3, 3, 3, 3, 3, 3, 3, 3, 3, 3, 3, 3, 3, 3, 3, 3, 3, 3, 3, 3, 3, 3, 3, 3, 3, 3, 3, 3, 3, 3, 3, 3, 3, 3, 3, 3, 3, 3, 3, 3, 3, 3, 3, 3, 3, 3, 3, 3, 3, 3, 3, 3, 3, 3, 3, 3, 3, 3, 3, 3, 3, 3, 3, 3, 3, 3, 3, 3, 3, 3, 3, 3, 3, 3, 3, 3, 3, 3, 3, 3, 3, 3, 3, 3, 3, 3, 3, 3, 3, 3, 3, 3, 3, 3, 3, 3, 3, 3, 3, 3, 3, 3, 3, 3, 3, 3, 3, 3, 3, 3, 3, 3, 3, 3, 3, 3, 3, 3, 3, 3, 3, 3, 3, 3, 3, 3, 3, 3, 3, 3, 3, 3, 3, 3, 3, 3, 3, 3, 3, 3, 3, 3, 3, 3, 3, 3, 3, 3, 3, 3, 3, 3, 3, 3, 3, 3, 3, 3, 3, 3, 3, 3, 3, 3, 3, 3, 3, 3, 3, 3, 3, 3, 3, 3, 3, 3, 3, 3, 3, 3, 3, 3, 3, 3, 3, 3, 3, 3, 3, 3, 3, 3, 3, 3, 3, 3, 3, 3, 3, 3, 3, 3, 3, 3, 3, 3, 3, 3, 3, 3, 3, 3, 3, 3, 3, 3, 3, 3, 3, 3, 3, 3, 3, 3, 3, 3, 3, 3, 3, 3, 3, 3, 3, 3, 3, 3, 3, 3, 3, 3, 3, 3, 3, 3, 3, 3, 3, 3, 3, 3, 3, 3, 3, 3, 3, 3, 3, 3, 3, 3, 3, 3, 3, 3, 3, 3, 3, 3, 3, 3, 3, 3, 3, 3, 3, 3, 3, 3, 3, 3, 3, 3, 3, 3, 3, 3, 3, 3, 3, 3, 3, 3, 3, 3, 3, 3, 3, 3, 3, 3, 3, 3, 3, 3, 3, 3, 3, 3, 3, 3, 3, 3, 3, 3, 3, 3, 3, 3, 3, 3, 3, 3, 3, 3, 3, 3, 3, 3, 3, 3, 3, 3, 3, 3, 3, 3, 3, 3, 3, 3, 3, 3, 3, 3, 3, 3, 3, 3, 3, 3, 3, 3, 3, 3, 3, 3, 3, 3, 3, 3, 3, 3, 3, 3, 3, 3, 3, 3, 3, 3, 3, 3, 3, 3, 3, 3, 3, 3, 3, 3, 3, 3, 3, 3, 3, 3, 3, 3, 3, 3, 3, 3, 3, 3, 3, 3, 3, 3, 3, 3, 3, 3, 3, 3, 3, 3, 3, 3, 3, 3, 3, 3, 3, 3, 3, 3, 3, 3, 3, 3, 3, 3, 3, 3, 3, 3, 3, 3, 3, 3, 3, 3, 3, 3, 3, 3, 3, 3, 3, 3, 3, 3, 3, 3, 3, 3, 3, 3, 3, 3, 3, 3, 3, 3, 3, 3, 3, 3, 3, 3, 3, 3, 3, 3, 3, 3, 3, 3, 3, 3, 3, 3, 3, 3, 3, 3, 3, 3, 3, 3, 3, 3, 3, 3, 3, 3, 3, 3, 3, 3, 3, 3, 3, 3, 3, 3, 3, 3, 3, 3, 3, 3, 3, 3, 3, 3, 3, 3, 3, 3, 3, 3, 3, 3, 3, 3, 3, 3, 3, 3, 3, 3, 3, 3, 3, 3, 3, 3, 3, 3, 3, 3, 3, 3, 3, 3, 3, 3, 3, 3, 3, 3, 3, 3, 3, 3, 3, 3, 3, 3, 3, 3, 3, 3, 3, 3, 3, 3, 3, 3, 3, 3, 3, 3, 3, 3, 3, 3, 3, 3, 3, 3, 3, 3, 3, 3, 3, 3, 3, 3, 3, 3, 3, 3, 3, 3, 3, 3, 3, 3, 3, 3, 3, 3, 3, 3, 3, 3, 3, 3, 3, 3, 3, 3, 3, 3, 3, 3, 3, 3, 3, 3]
                int[] faceVertexIndices = [2, 1, 0, 5, 4, 3, 8, 7, 6, 11, 10, 9, 14, 13, 12, 17, 16, 15, 20, 19, 18, 23, 22, 21, 26, 25, 24, 29, 28, 27, 32, 31, 30, 35, 34, 33, 38, 37, 36, 41, 40, 39, 44, 43, 42, 47, 46, 45, 50, 49, 48, 53, 52, 51, 56, 55, 54, 59, 58, 57, 62, 61, 60, 65, 64, 63, 68, 67, 66, 71, 70, 69, 74, 73, 72, 77, 76, 75, 80, 79, 78, 83, 82, 81, 86, 85, 84, 89, 88, 87, 92, 91, 90, 95, 94, 93, 98, 97, 96, 101, 100, 99, 104, 103, 102, 107, 106, 105, 110, 109, 108, 113, 112, 111, 116, 115, 114, 119, 118, 117, 122, 121, 120, 125, 124, 123, 128, 127, 126, 131, 130, 129, 134, 133, 132, 137, 136, 135, 140, 139, 138, 143, 142, 141, 146, 145, 144, 149, 148, 147, 152, 151, 150, 155, 154, 153, 158, 157, 156, 161, 160, 159, 164, 163, 162, 167, 166, 165, 170, 169, 168, 173, 172, 171, 176, 175, 174, 179, 178, 177, 182, 181, 180, 185, 184, 183, 188, 187, 186, 191, 190, 189, 194, 193, 192, 197, 196, 195, 200, 199, 198, 203, 202, 201, 202, 204, 201, 201, 204, 205, 206, 204, 202, 207, 206, 202, 204, 208, 205, 204, 206, 208, 206, 209, 208, 205, 208, 210, 209, 211, 208, 208, 212, 210, 211, 212, 208, 210, 212, 213, 212, 211, 214, 212, 214, 213, 211, 215, 214, 214, 215, 216, 217, 214, 216, 214, 217, 213, 217, 218, 213, 221, 220, 219, 220, 222, 219, 219, 222, 223, 224, 219, 223, 222, 220, 225, 222, 225, 223, 220, 226, 225, 225, 227, 223, 225, 226, 228, 225, 228, 227, 228, 229, 227, 226, 230, 228, 229, 228, 231, 228, 230, 232, 228, 232, 231, 230, 233, 232, 233, 234, 232, 234, 235, 232, 231, 232, 235, 236, 231, 235, 239, 238, 237, 240, 239, 237, 241, 240, 237, 242, 241, 237, 241, 243, 240, 243, 244, 240, 240, 244, 239, 244, 245, 239, 248, 247, 246, 249, 248, 246, 250, 248, 249, 249, 246, 251, 252, 250, 249, 253, 249, 251, 252, 249, 253, 254, 252, 253, 255, 254, 253, 253, 251, 256, 257, 255, 253, 257, 253, 256, 258, 255, 257, 259, 257, 256, 259, 258, 257, 260, 259, 256, 261, 258, 259, 261, 259, 260, 264, 263, 262, 265, 264, 262, 268, 267, 266, 266, 269, 268, 266, 270, 269, 270, 271, 269, 272, 268, 269, 273, 272, 269, 274, 272, 273, 273, 275, 274, 275, 276, 274, 275, 277, 276, 275, 278, 277, 279, 278, 275, 280, 279, 275, 281, 279, 280, 280, 282, 281, 282, 283, 281, 282, 284, 283, 287, 286, 285, 288, 287, 285, 291, 290, 289, 289, 292, 291, 292, 293, 291, 292, 294, 293, 292, 289, 295, 289, 296, 295, 289, 297, 296, 289, 290, 297, 297, 298, 296, 298, 299, 296, 295, 296, 299, 299, 300, 295, 299, 301, 300, 301, 302, 300, 302, 303, 300, 303, 302, 304, 300, 303, 305, 303, 304, 306, 303, 306, 305, 304, 307, 306, 307, 308, 306, 305, 306, 308, 308, 309, 305, 308, 310, 309, 310, 311, 309, 314, 313, 312, 312, 315, 314, 315, 316, 314, 315, 317, 316, 318, 317, 315, 318, 315, 319, 315, 312, 320, 315, 321, 319, 321, 315, 320, 321, 322, 319, 323, 322, 321, 323, 321, 320, 324, 323, 320, 320, 325, 324, 323, 324, 326, 327, 323, 326, 327, 326, 328, 328, 329, 327, 330, 327, 329, 329, 328, 331, 330, 329, 332, 333, 329, 331, 329, 333, 332, 333, 334, 332, 333, 331, 335, 335, 334, 333, 335, 336, 334, 335, 337, 336, 340, 339, 338, 339, 341, 338, 338, 341, 342, 343, 341, 339, 343, 339, 344, 341, 345, 342, 343, 346, 341, 341, 346, 345, 344, 347, 343, 343, 347, 346, 345, 348, 342, 348, 349, 342, 347, 344, 350, 350, 351, 347, 344, 352, 350, 352, 353, 350, 353, 354, 350, 351, 350, 354, 347, 355, 346, 351, 355, 347, 349, 348, 356, 357, 349, 356, 357, 356, 358, 356, 359, 358, 360, 359, 356, 361, 359, 360, 356, 348, 362, 356, 362, 360, 360, 363, 361, 360, 362, 363, 361, 363, 364, 348, 365, 362, 348, 345, 365, 363, 366, 364, 367, 366, 363, 364, 366, 368, 366, 369, 368, 366, 367, 369, 368, 369, 370, 371, 363, 362, 371, 367, 363, 372, 371, 362, 372, 362, 365, 345, 373, 365, 346, 373, 345, 372, 374, 371, 371, 374, 367, 375, 372, 365, 375, 365, 373, 374, 372, 375, 346, 376, 373, 355, 376, 346, 377, 375, 373, 376, 377, 373, 376, 355, 378, 376, 378, 377, 378, 355, 351, 379, 374, 375, 379, 375, 377, 374, 380, 367, 374, 379, 380, 381, 379, 377, 378, 381, 377, 379, 381, 382, 379, 382, 380, 381, 378, 383, 381, 383, 382, 382, 384, 380, 384, 382, 383, 380, 385, 367, 384, 385, 380, 386, 378, 351, 378, 386, 383, 387, 386, 351, 386, 387, 383, 388, 384, 383, 387, 388, 383, 384, 388, 389, 385, 384, 389, 385, 390, 367, 367, 390, 369, 390, 385, 391, 390, 391, 369, 391, 385, 389, 391, 392, 369, 392, 391, 393, 391, 389, 393, 388, 394, 389, 389, 394, 393, 388, 387, 394, 394, 395, 393, 394, 396, 395, 387, 396, 394, 396, 397, 395, 398, 396, 387, 398, 387, 351, 398, 351, 354, 396, 398, 354, 397, 396, 354, 399, 397, 354, 402, 401, 400, 400, 403, 402, 400, 404, 403, 404, 405, 403, 406, 404, 400, 405, 404, 406, 405, 407, 403, 408, 406, 400, 409, 407, 405, 408, 410, 406, 411, 409, 405, 411, 412, 409, 413, 409, 412, 414, 412, 411, 415, 411, 405, 415, 414, 411, 416, 405, 406, 416, 415, 405, 415, 417, 414, 417, 418, 414, 419, 418, 417, 415, 416, 420, 420, 416, 406, 417, 415, 420, 410, 421, 406, 421, 420, 406, 417, 420, 422, 420, 421, 422, 423, 421, 410, 421, 423, 422, 424, 423, 410, 425, 423, 424, 426, 425, 424, 425, 427, 423, 427, 422, 423, 427, 428, 422, 429, 419, 428, 430, 417, 422, 428, 430, 422, 430, 419, 417, 419, 430, 428, 433, 432, 431, 432, 434, 431, 432, 435, 434, 431, 434, 436, 435, 437, 434, 435, 438, 437, 438, 439, 437, 438, 440, 439, 440, 441, 439, 441, 442, 439, 437, 443, 434, 443, 437, 439, 442, 444, 439, 444, 443, 439, 442, 445, 444, 434, 446, 436, 443, 446, 434, 436, 446, 447, 446, 443, 447, 448, 436, 447, 448, 447, 449, 445, 450, 444, 445, 451, 450, 443, 444, 452, 444, 450, 452, 443, 452, 447, 450, 453, 452, 451, 453, 450, 452, 454, 447, 453, 454, 452, 447, 455, 449, 454, 455, 447, 449, 455, 456, 455, 454, 456, 449, 456, 457, 457, 458, 449, 454, 459, 456, 454, 453, 459, 453, 460, 459, 460, 453, 451, 461, 460, 451, 451, 462, 461, 465, 464, 463, 464, 466, 463, 464, 467, 466, 467, 468, 466, 469, 468, 467, 470, 469, 467, 469, 470, 471, 466, 468, 472, 472, 468, 469, 466, 473, 463, 474, 466, 472, 474, 473, 466, 475, 472, 469, 474, 472, 476, 472, 475, 476, 473, 474, 477, 477, 474, 476, 478, 473, 477, 473, 478, 463, 479, 469, 471, 475, 469, 479, 480, 477, 476, 478, 477, 480, 481, 479, 471, 482, 475, 479, 481, 482, 479, 475, 482, 483, 483, 482, 481, 475, 484, 476, 484, 475, 483, 485, 476, 484, 485, 480, 476, 486, 485, 484, 486, 484, 483, 487, 481, 471, 488, 487, 471, 480, 485, 489, 489, 485, 486, 481, 487, 490, 491, 483, 481, 491, 481, 490, 483, 491, 492, 492, 491, 490, 493, 486, 483, 493, 483, 492, 494, 489, 486, 486, 493, 494, 493, 495, 494, 495, 493, 492, 496, 494, 495, 497, 480, 489, 497, 489, 498, 490, 487, 499, 487, 500, 499, 501, 490, 499, 501, 492, 490, 502, 501, 499, 495, 492, 503, 492, 501, 503, 503, 496, 495, 504, 501, 502, 504, 503, 501, 502, 505, 504, 504, 505, 506, 506, 503, 504, 506, 505, 507, 508, 506, 507, 508, 509, 506, 506, 510, 503, 509, 510, 506, 510, 496, 503, 510, 509, 511, 496, 510, 512, 512, 510, 511, 498, 496, 512, 511, 513, 512, 514, 498, 512, 514, 497, 498, 513, 515, 512, 515, 514, 512, 516, 515, 513, 517, 516, 513, 518, 515, 516, 518, 514, 515, 518, 516, 519, 519, 520, 518, 518, 520, 514, 519, 521, 520, 522, 497, 514, 520, 522, 514, 497, 522, 480, 522, 478, 480, 478, 522, 520, 523, 478, 520, 521, 523, 520, 478, 523, 463, 523, 521, 463, 521, 524, 463, 527, 526, 525, 528, 527, 525, 529, 528, 525, 530, 528, 529, 527, 528, 530, 531, 527, 530, 534, 533, 532, 533, 535, 532, 533, 536, 535, 536, 537, 535, 537, 538, 535, 538, 539, 535, 532, 535, 539, 540, 532, 539, 543, 542, 541, 542, 544, 541, 542, 545, 544, 541, 544, 546, 547, 541, 546, 545, 548, 544, 546, 544, 548, 545, 549, 548, 547, 546, 550, 551, 547, 550, 552, 546, 548, 546, 552, 550, 549, 553, 548, 548, 553, 552, 551, 550, 554, 555, 551, 554, 556, 553, 549, 557, 556, 549, 556, 558, 553, 553, 559, 552, 558, 559, 553, 552, 560, 550, 552, 559, 560, 550, 560, 554, 561, 559, 558, 559, 561, 560, 562, 561, 558, 562, 563, 561, 560, 561, 564, 560, 564, 554, 563, 565, 561, 561, 565, 564, 566, 565, 563, 565, 566, 564, 566, 563, 567, 563, 568, 567, 566, 569, 564, 564, 569, 554, 569, 570, 554, 570, 555, 554, 555, 570, 571, 571, 572, 555, 575, 574, 573, 576, 575, 573, 579, 578, 577, 580, 579, 577, 581, 580, 577, 582, 580, 581, 579, 580, 582, 583, 579, 582, 586, 585, 584, 587, 586, 584, 587, 584, 588, 589, 587, 588, 586, 587, 589, 590, 586, 589, 593, 592, 591, 592, 594, 591, 595, 594, 592, 596, 595, 592, 597, 595, 596, 596, 598, 597, 597, 598, 599, 597, 600, 595, 599, 600, 597, 601, 599, 598, 602, 601, 598, 599, 601, 603, 599, 603, 600, 601, 604, 603, 603, 604, 605, 606, 603, 605, 605, 607, 606, 603, 608, 600, 603, 606, 608, 594, 595, 609, 595, 600, 610, 609, 595, 610, 610, 600, 611, 600, 608, 611, 612, 594, 609, 591, 594, 612, 610, 613, 609, 613, 610, 611, 613, 614, 609, 614, 612, 609, 615, 613, 611, 613, 615, 614, 611, 608, 616, 615, 611, 616, 606, 617, 608, 608, 617, 616, 606, 618, 617, 607, 618, 606, 618, 607, 619, 607, 620, 619, 621, 618, 619, 621, 619, 622, 618, 623, 617, 621, 623, 618, 616, 617, 624, 617, 623, 624, 625, 615, 616, 625, 616, 624, 622, 626, 621, 626, 623, 621, 624, 623, 627, 623, 626, 627, 626, 622, 628, 622, 629, 628, 629, 630, 628, 627, 631, 624, 631, 625, 624, 627, 626, 632, 626, 628, 632, 631, 627, 632, 615, 625, 633, 615, 633, 614, 614, 633, 634, 625, 635, 633, 625, 631, 635, 634, 633, 635, 630, 636, 628, 637, 636, 630, 638, 631, 632, 631, 638, 635, 632, 628, 639, 628, 636, 639, 638, 632, 639, 635, 638, 640, 640, 634, 635, 639, 636, 641, 636, 642, 641, 643, 638, 639, 638, 643, 640, 641, 643, 639, 641, 642, 644, 643, 641, 644, 640, 643, 644, 640, 644, 634, 642, 645, 644, 644, 645, 646, 644, 646, 634, 645, 647, 646, 646, 647, 648, 634, 646, 648, 647, 649, 648, 650, 634, 648, 650, 614, 634, 614, 650, 612, 651, 650, 648, 650, 651, 612, 648, 649, 651, 651, 591, 612, 649, 591, 651, 652, 591, 649, 655, 654, 653, 653, 654, 656, 656, 654, 657, 658, 656, 657, 657, 659, 658, 659, 660, 658, 659, 661, 660, 662, 653, 656, 663, 656, 658, 656, 663, 662, 664, 663, 658, 658, 660, 665, 664, 658, 665, 666, 663, 664, 662, 663, 666, 664, 665, 667, 667, 666, 664, 668, 653, 662, 669, 662, 666, 669, 668, 662, 668, 670, 653, 670, 671, 653, 672, 670, 668, 673, 672, 668, 673, 668, 669, 666, 674, 669, 674, 666, 667, 672, 673, 675, 675, 676, 672, 677, 673, 669, 674, 677, 669, 673, 678, 675, 678, 673, 677, 675, 679, 676, 675, 678, 679, 677, 674, 680, 680, 678, 677, 681, 674, 667, 674, 681, 680, 678, 680, 682, 681, 682, 680, 681, 667, 683, 665, 683, 667, 684, 683, 665, 685, 681, 683, 682, 681, 685, 685, 683, 684, 686, 678, 682, 679, 678, 686, 687, 682, 685, 679, 688, 676, 688, 689, 676, 690, 679, 686, 688, 679, 690, 691, 688, 690, 686, 692, 690, 690, 693, 691, 692, 693, 690, 693, 694, 691, 695, 694, 693, 696, 695, 693, 696, 693, 692, 697, 695, 696, 698, 697, 696, 699, 698, 696, 700, 698, 699, 701, 696, 692, 696, 701, 699, 699, 702, 700, 699, 701, 702, 700, 702, 703, 701, 692, 704, 702, 701, 704, 692, 687, 704, 705, 704, 687, 685, 705, 687, 705, 685, 684, 704, 705, 706, 706, 702, 704, 706, 705, 684, 702, 707, 703, 707, 702, 706, 707, 708, 703, 708, 709, 703, 710, 707, 706, 710, 706, 684, 708, 707, 710, 710, 684, 711, 711, 708, 710, 684, 712, 711, 712, 684, 665, 712, 665, 660, 713, 712, 660, 712, 713, 711, 661, 713, 660, 713, 661, 711, 661, 708, 711, 714, 708, 661, 717, 716, 715, 718, 717, 715, 715, 719, 718, 720, 718, 719, 717, 718, 720, 721, 717, 720, 724, 723, 722, 725, 724, 722, 726, 724, 725, 727, 726, 725, 730, 729, 728, 729, 731, 728, 732, 728, 731, 733, 732, 731, 736, 735, 734, 735, 737, 734, 735, 738, 737, 738, 739, 737, 739, 740, 737, 740, 741, 737, 734, 737, 741, 742, 734, 741, 745, 744, 743, 744, 746, 743, 743, 746, 747, 746, 748, 747, 751, 750, 749, 750, 752, 749, 753, 749, 752, 754, 753, 752, 757, 756, 755, 755, 756, 758, 758, 756, 759, 755, 758, 760, 761, 758, 759, 758, 762, 760, 762, 758, 761, 761, 759, 763, 759, 764, 763, 763, 764, 765, 762, 766, 760, 766, 767, 760, 768, 762, 761, 761, 763, 768, 769, 763, 765, 765, 770, 769, 770, 771, 769, 771, 772, 769, 767, 766, 773, 774, 767, 773, 773, 775, 774, 776, 766, 762, 773, 766, 776, 768, 776, 762, 777, 773, 776, 777, 776, 778, 763, 779, 768, 763, 769, 779, 772, 780, 769, 769, 780, 779, 772, 781, 780, 782, 776, 768, 776, 782, 778, 779, 782, 768, 779, 780, 783, 782, 779, 783, 778, 782, 783, 781, 783, 780, 784, 778, 783, 784, 783, 781, 785, 784, 781, 788, 787, 786, 789, 788, 786, 792, 791, 790, 791, 793, 790, 790, 793, 794, 791, 795, 793, 793, 796, 794, 796, 793, 795, 799, 798, 797, 798, 800, 797, 797, 800, 801, 798, 802, 800, 800, 803, 801, 800, 802, 803, 806, 805, 804, 805, 807, 804, 808, 804, 807, 809, 808, 807, 812, 811, 810, 811, 813, 810, 810, 813, 814, 813, 815, 814, 818, 817, 816, 817, 819, 816, 820, 816, 819, 821, 820, 819, 824, 823, 822, 823, 825, 822, 822, 825, 826, 823, 827, 825, 825, 828, 826, 825, 827, 828, 831, 830, 829, 830, 832, 829, 829, 832, 833, 830, 834, 832, 832, 835, 833, 835, 832, 834, 838, 837, 836, 837, 839, 836, 836, 839, 840, 839, 841, 840, 844, 843, 842, 845, 844, 842, 846, 844, 845, 842, 847, 845, 848, 846, 845, 846, 848, 849, 848, 850, 849, 847, 851, 845, 845, 851, 848, 848, 852, 850, 851, 852, 848, 852, 853, 850, 854, 853, 852, 854, 852, 855, 855, 852, 851, 856, 855, 851, 856, 851, 847, 857, 856, 847, 860, 859, 858, 861, 860, 858, 858, 862, 861, 863, 860, 861, 862, 864, 861, 862, 865, 864, 865, 866, 864, 867, 863, 861, 861, 864, 867, 863, 867, 868, 867, 869, 868, 864, 866, 870, 864, 870, 867, 867, 870, 869, 866, 871, 870, 870, 872, 869, 871, 873, 870, 873, 872, 870, 876, 875, 874, 875, 877, 874, 874, 877, 878, 875, 879, 877, 879, 875, 880, 881, 879, 880, 881, 880, 882, 877, 883, 878, 879, 884, 877, 877, 884, 883, 884, 879, 885, 885, 879, 881, 878, 883, 886, 887, 878, 886, 884, 888, 883, 884, 885, 888, 887, 886, 889, 890, 887, 889, 890, 889, 891, 889, 892, 891, 893, 886, 883, 888, 893, 883, 894, 889, 886, 889, 894, 892, 893, 894, 886, 894, 895, 892, 892, 895, 896, 897, 894, 893, 895, 894, 897, 898, 893, 888, 898, 897, 893, 885, 899, 888, 899, 898, 888, 895, 900, 896, 895, 897, 900, 897, 898, 901, 901, 898, 899, 885, 902, 899, 902, 885, 881, 900, 903, 896, 903, 904, 896, 897, 905, 900, 905, 897, 901, 900, 905, 903, 902, 906, 899, 906, 901, 899, 902, 881, 907, 907, 881, 882, 902, 908, 906, 908, 902, 907, 901, 906, 909, 908, 909, 906, 907, 910, 908, 910, 907, 882, 909, 908, 910, 901, 911, 905, 911, 901, 909, 911, 912, 905, 905, 912, 903, 911, 909, 913, 912, 911, 913, 914, 903, 912, 914, 912, 913, 909, 915, 913, 915, 909, 910, 916, 910, 882, 917, 916, 882, 903, 914, 918, 904, 903, 918, 919, 904, 918, 914, 913, 920, 913, 915, 920, 918, 914, 920, 915, 910, 921, 910, 916, 921, 915, 921, 920, 922, 916, 917, 916, 922, 921, 917, 923, 922, 923, 924, 922, 924, 925, 922, 925, 926, 922, 922, 926, 921, 925, 927, 926, 928, 920, 921, 926, 928, 921, 927, 928, 926, 918, 920, 928, 927, 929, 928, 930, 918, 928, 929, 930, 928, 919, 918, 930, 929, 931, 930, 919, 930, 931, 934, 933, 932, 935, 934, 932, 935, 932, 936, 937, 935, 936, 937, 938, 935, 934, 935, 939, 938, 940, 935, 935, 940, 939, 940, 938, 941, 939, 940, 942, 942, 940, 941, 943, 939, 942, 944, 943, 942, 945, 942, 941, 945, 944, 942, 946, 944, 945, 947, 945, 941, 948, 946, 945, 948, 945, 947, 949, 948, 947, 952, 951, 950, 951, 953, 950, 951, 954, 953, 954, 955, 953, 950, 953, 956, 953, 955, 957, 953, 957, 956, 955, 958, 957, 958, 959, 957, 957, 960, 956, 959, 960, 957, 960, 961, 956, 962, 960, 959, 961, 960, 962, 963, 961, 962, 963, 962, 964, 965, 962, 959, 962, 966, 964, 962, 965, 966, 965, 967, 966, 970, 969, 968, 971, 970, 968, 970, 971, 972, 971, 968, 973, 968, 974, 973, 973, 974, 975, 973, 975, 976, 974, 977, 975, 975, 977, 978, 979, 975, 978, 975, 979, 976, 979, 980, 976, 976, 980, 981, 982, 976, 981, 971, 973, 983, 983, 973, 976, 971, 984, 972, 984, 971, 983, 972, 984, 985, 985, 984, 983, 986, 972, 985, 987, 986, 985, 988, 987, 985, 988, 985, 989, 990, 989, 982, 991, 983, 976, 991, 985, 983, 982, 991, 976, 989, 991, 982, 985, 991, 989, 994, 993, 992, 995, 994, 992, 995, 992, 996, 994, 995, 997, 998, 995, 996, 995, 999, 997, 995, 998, 999, 998, 996, 1000, 996, 1001, 1000, 997, 999, 1002, 1002, 999, 1003, 1004, 997, 1002, 1005, 1004, 1002, 1005, 1002, 1003, 1006, 1005, 1003, 1006, 1003, 1007, 998, 1008, 999, 999, 1008, 1003, 1008, 998, 1009, 1003, 1008, 1009, 998, 1000, 1009, 1009, 1000, 1010, 1000, 1001, 1011, 1000, 1011, 1010, 1001, 1012, 1011, 1013, 1003, 1009, 1003, 1013, 1007, 1013, 1009, 1010, 1007, 1013, 1014, 1014, 1013, 1010, 1015, 1007, 1014, 1016, 1015, 1014, 1016, 1014, 1010, 1017, 1016, 1010, 1017, 1010, 1018, 1010, 1011, 1018, 1011, 1012, 1018, 1012, 1019, 1018, 1020, 1019, 1012, 1023, 1022, 1021, 1022, 1024, 1021, 1025, 1024, 1022, 1026, 1025, 1022, 1021, 1024, 1027, 1026, 1028, 1025, 1024, 1029, 1027, 1024, 1025, 1029, 1028, 1030, 1025, 1028, 1031, 1030, 1031, 1032, 1030, 1030, 1033, 1025, 1032, 1033, 1030, 1029, 1034, 1027, 1034, 1035, 1027, 1025, 1036, 1029, 1033, 1036, 1025, 1036, 1037, 1029, 1037, 1036, 1033, 1037, 1034, 1029, 1038, 1033, 1032, 1038, 1037, 1033, 1039, 1038, 1032, 1034, 1040, 1035, 1040, 1041, 1035, 1042, 1040, 1034, 1037, 1042, 1034, 1037, 1038, 1042, 1038, 1043, 1042, 1038, 1039, 1043, 1039, 1044, 1043, 1047, 1046, 1045, 1046, 1048, 1045, 1046, 1049, 1048, 1048, 1050, 1045, 1050, 1051, 1045, 1052, 1051, 1050, 1053, 1052, 1050, 1049, 1054, 1048, 1050, 1048, 1054, 1049, 1055, 1054, 1055, 1056, 1054, 1056, 1057, 1054, 1050, 1058, 1053, 1058, 1050, 1054, 1057, 1058, 1054, 1058, 1059, 1053, 1057, 1060, 1058, 1060, 1059, 1058, 1063, 1062, 1061, 1062, 1064, 1061, 1065, 1064, 1062, 1066, 1065, 1062, 1066, 1067, 1065, 1067, 1068, 1065, 1061, 1064, 1069, 1068, 1070, 1065, 1064, 1071, 1069, 1064, 1065, 1071, 1070, 1072, 1065, 1065, 1072, 1071, 1073, 1072, 1070, 1072, 1073, 1071, 1074, 1073, 1070, 1071, 1075, 1069, 1073, 1075, 1071, 1075, 1076, 1069, 1073, 1074, 1077, 1073, 1077, 1075, 1074, 1078, 1077, 1077, 1079, 1075, 1075, 1079, 1076, 1079, 1080, 1076, 1083, 1082, 1081, 1082, 1084, 1081, 1081, 1084, 1085, 1086, 1081, 1085, 1086, 1085, 1087, 1088, 1086, 1087, 1089, 1088, 1087, 1090, 1085, 1084, 1087, 1085, 1090, 1089, 1087, 1091, 1091, 1087, 1090, 1092, 1089, 1091, 1093, 1090, 1084, 1084, 1082, 1093, 1091, 1090, 1094, 1090, 1093, 1094, 1092, 1091, 1095, 1095, 1091, 1094, 1096, 1092, 1095, 1096, 1095, 1097, 1097, 1095, 1094, 1098, 1096, 1097, 1099, 1098, 1097, 1099, 1097, 1100, 1100, 1097, 1094, 1101, 1099, 1100, 1100, 1094, 1102, 1093, 1102, 1094, 1100, 1103, 1101, 1103, 1100, 1102, 1103, 1104, 1101, 1102, 1093, 1105, 1103, 1102, 1105, 1104, 1103, 1106, 1106, 1103, 1105, 1107, 1104, 1106, 1108, 1107, 1106, 1108, 1106, 1109, 1106, 1105, 1109, 1093, 1110, 1105, 1105, 1110, 1109, 1082, 1110, 1093, 1110, 1111, 1109, 1111, 1110, 1082, 1112, 1111, 1082, 1115, 1114, 1113, 1116, 1114, 1115, 1116, 1117, 1114, 1114, 1117, 1118, 1114, 1118, 1113, 1117, 1119, 1118, 1118, 1119, 1120, 1118, 1121, 1113, 1121, 1118, 1120, 1121, 1122, 1113, 1121, 1120, 1123, 1122, 1121, 1124, 1124, 1121, 1123, 1125, 1122, 1124, 1124, 1123, 1126, 1125, 1124, 1127, 1128, 1124, 1126, 1124, 1128, 1127, 1131, 1130, 1129, 1130, 1131, 1132, 1131, 1133, 1132, 1133, 1131, 1134, 1135, 1131, 1129, 1129, 1136, 1135, 1136, 1137, 1135, 1138, 1137, 1136, 1138, 1139, 1137, 1137, 1139, 1140, 1137, 1140, 1135, 1139, 1141, 1140, 1131, 1135, 1142, 1140, 1142, 1135, 1131, 1143, 1134, 1143, 1131, 1142, 1140, 1141, 1144, 1141, 1145, 1144, 1146, 1142, 1140, 1143, 1142, 1146, 1144, 1146, 1140, 1134, 1143, 1147, 1147, 1143, 1146, 1148, 1134, 1147, 1149, 1148, 1147, 1150, 1144, 1145, 1151, 1150, 1145, 1152, 1150, 1151, 1152, 1153, 1150, 1153, 1154, 1150, 1155, 1146, 1144, 1150, 1155, 1144, 1154, 1155, 1150, 1147, 1146, 1155, 1154, 1156, 1155, 1157, 1149, 1147, 1157, 1147, 1155, 1156, 1157, 1155, 1158, 1149, 1157, 1157, 1156, 1158, 1161, 1160, 1159, 1161, 1162, 1160, 1162, 1163, 1160, 1160, 1164, 1159, 1159, 1164, 1165, 1163, 1166, 1160, 1163, 1167, 1166, 1166, 1168, 1160, 1168, 1164, 1160, 1164, 1169, 1165, 1169, 1170, 1165, 1169, 1164, 1171, 1169, 1171, 1170, 1164, 1168, 1171, 1171, 1172, 1170, 1167, 1173, 1166, 1166, 1173, 1168, 1171, 1174, 1172, 1174, 1175, 1172, 1171, 1168, 1176, 1173, 1176, 1168, 1174, 1171, 1176, 1177, 1173, 1167, 1178, 1177, 1167, 1177, 1178, 1179, 1180, 1176, 1173, 1174, 1176, 1180, 1177, 1180, 1173, 1174, 1181, 1175, 1181, 1174, 1180, 1181, 1182, 1175, 1183, 1182, 1181, 1184, 1177, 1179, 1180, 1177, 1184, 1179, 1185, 1184, 1180, 1186, 1181, 1186, 1180, 1184, 1185, 1187, 1184, 1184, 1187, 1186, 1187, 1185, 1188, 1187, 1188, 1189, 1187, 1189, 1186, 1188, 1190, 1189, 1189, 1190, 1191, 1192, 1189, 1191, 1189, 1192, 1186, 1193, 1192, 1191, 1192, 1193, 1183, 1186, 1194, 1181, 1194, 1183, 1181, 1192, 1194, 1186, 1194, 1192, 1183, 1197, 1196, 1195, 1196, 1198, 1195, 1199, 1197, 1195, 1197, 1199, 1200, 1199, 1201, 1200, 1199, 1202, 1201, 1202, 1203, 1201, 1203, 1202, 1204, 1202, 1199, 1205, 1199, 1195, 1205, 1198, 1206, 1195, 1207, 1206, 1198, 1208, 1206, 1207, 1206, 1209, 1195, 1206, 1208, 1209, 1209, 1205, 1195, 1208, 1210, 1209, 1209, 1210, 1211, 1212, 1209, 1211, 1209, 1212, 1205, 1212, 1211, 1213, 1202, 1214, 1204, 1202, 1205, 1214, 1215, 1212, 1213, 1215, 1213, 1216, 1217, 1215, 1216, 1217, 1218, 1215, 1212, 1219, 1205, 1212, 1215, 1219, 1205, 1219, 1214, 1218, 1220, 1215, 1215, 1220, 1219, 1214, 1219, 1220, 1220, 1218, 1221, 1214, 1222, 1204, 1222, 1214, 1220, 1222, 1220, 1221, 1222, 1223, 1204, 1222, 1221, 1224, 1224, 1223, 1222, 1227, 1226, 1225, 1228, 1227, 1225, 1226, 1229, 1225, 1228, 1225, 1230, 1229, 1231, 1225, 1225, 1232, 1230, 1225, 1231, 1233, 1232, 1225, 1233, 1236, 1235, 1234, 1237, 1236, 1234, 1234, 1235, 1238, 1239, 1237, 1234, 1240, 1234, 1238, 1241, 1239, 1234, 1234, 1240, 1242, 1241, 1234, 1242, 1245, 1244, 1243, 1246, 1244, 1245, 1247, 1245, 1243, 1248, 1247, 1243, 1247, 1248, 1249, 1250, 1247, 1249, 1247, 1250, 1245, 1250, 1249, 1251, 1249, 1252, 1251, 1252, 1253, 1251, 1250, 1254, 1245, 1250, 1251, 1254, 1253, 1255, 1251, 1255, 1253, 1256, 1256, 1257, 1255, 1251, 1258, 1254, 1251, 1255, 1258, 1254, 1259, 1245, 1259, 1254, 1258, 1260, 1246, 1245, 1259, 1260, 1245, 1260, 1261, 1246, 1261, 1260, 1259, 1261, 1262, 1246, 1261, 1263, 1262, 1261, 1264, 1263, 1264, 1261, 1259, 1264, 1265, 1263, 1266, 1265, 1264, 1257, 1267, 1255, 1255, 1267, 1258, 1267, 1257, 1268, 1267, 1268, 1258, 1257, 1269, 1268, 1269, 1270, 1268, 1271, 1259, 1258, 1259, 1271, 1264, 1268, 1271, 1258, 1270, 1272, 1268, 1268, 1272, 1271, 1272, 1270, 1273, 1272, 1273, 1266, 1271, 1274, 1264, 1274, 1266, 1264, 1272, 1274, 1271, 1274, 1272, 1266, 1277, 1276, 1275, 1275, 1278, 1277, 1278, 1275, 1279, 1280, 1278, 1279, 1281, 1280, 1279, 1276, 1282, 1275, 1275, 1282, 1279, 1282, 1276, 1283, 1284, 1281, 1279, 1284, 1279, 1285, 1281, 1284, 1286, 1284, 1285, 1286, 1285, 1287, 1286, 1287, 1285, 1288, 1289, 1282, 1283, 1282, 1289, 1290, 1283, 1291, 1289, 1282, 1292, 1279, 1279, 1292, 1285, 1292, 1282, 1290, 1292, 1290, 1285, 1285, 1293, 1288, 1290, 1293, 1285, 1294, 1288, 1293, 1291, 1295, 1289, 1289, 1295, 1290, 1291, 1296, 1295, 1297, 1294, 1293, 1293, 1290, 1297, 1296, 1298, 1295, 1296, 1299, 1298, 1295, 1300, 1290, 1290, 1300, 1297, 1295, 1298, 1300, 1297, 1301, 1294, 1301, 1302, 1294, 1297, 1300, 1303, 1301, 1297, 1303, 1298, 1303, 1300, 1301, 1304, 1302, 1304, 1301, 1303, 1304, 1305, 1302, 1304, 1306, 1305, 1307, 1304, 1303, 1306, 1304, 1307, 1303, 1298, 1307, 1308, 1306, 1307, 1299, 1309, 1298, 1298, 1309, 1307, 1308, 1307, 1309, 1309, 1299, 1310, 1310, 1308, 1309]
                rel material:binding = </Armchair_219_2/Materials/material_Sofa3_Fabric_AlbedoTransparency2>
                uniform token orientation = "rightHanded"
                point3f[] points = [(-0.42562425, 0.045175906, 0.31442028), (-0.41166458, 0.04518575, 0.2859908), (-0.41393384, 0.043707047, 0.31159255), (-0.42533764, 0.045238834, 0.13232832), (-0.4786309, 0.045238834, 0.13224296), (-0.45185176, 0.043768995, 0.1322875), (-0.424624, 0.045395657, -0.32148594), (-0.4511383, 0.043925818, -0.32152864), (-0.41294348, 0.04392483, -0.31862295), (-0.4786309, 0.045238834, 0.13224296), (-0.49404803, 0.045229007, 0.16067244), (-0.49104992, 0.04376801, 0.1350707), (-0.41146764, 0.045229007, 0.16080232), (-0.41118538, 0.043737527, 0.2233966), (-0.41166458, 0.04518575, 0.2859908), (-0.4779175, 0.045395657, -0.32156944), (-0.4933347, 0.045385834, -0.2931418), (-0.49033642, 0.04392483, -0.31874543), (-0.4786309, 0.045238834, 0.13224296), (-0.49104992, 0.04376801, 0.1350707), (-0.45185176, 0.043768995, 0.1322875), (-0.4779175, 0.045395657, -0.32156944), (-0.49033642, 0.04392483, -0.31874543), (-0.4511383, 0.043925818, -0.32152864), (-0.47820377, 0.04533273, -0.13947558), (-0.42491046, 0.04533273, -0.13939396), (-0.4514248, 0.04386289, -0.13943477), (-0.424624, 0.045395657, -0.32148594), (-0.4779175, 0.045395657, -0.32156944), (-0.4511383, 0.043925818, -0.32152864), (-0.42491046, 0.04533273, -0.13939396), (-0.41095114, 0.045342565, -0.16782343), (-0.41322073, 0.04386387, -0.14221978), (-0.41166458, 0.04518575, 0.2859908), (-0.41118538, 0.043737527, 0.2233966), (-0.41393384, 0.043707047, 0.31159255), (-0.41075438, 0.045385834, -0.29301375), (-0.41294348, 0.04392483, -0.31862295), (-0.41047198, 0.043894354, -0.23041764), (-0.49424472, 0.04518575, 0.28586093), (-0.47891733, 0.045175906, 0.31433684), (-0.49132717, 0.043707047, 0.31147194), (-0.41146764, 0.045229007, 0.16080232), (-0.42533764, 0.045238834, 0.13232832), (-0.41365674, 0.04376801, 0.1351913), (-0.49424472, 0.04518575, 0.28586093), (-0.49132717, 0.043707047, 0.31147194), (-0.49479213, 0.043737527, 0.22326481), (-0.4933347, 0.045385834, -0.2931418), (-0.49353138, 0.045342565, -0.16795331), (-0.49407858, 0.043894354, -0.23054942), (-0.42562425, 0.045175906, 0.31442028), (-0.41393384, 0.043707047, 0.31159255), (-0.45213798, 0.043706063, 0.31437764), (-0.49404803, 0.045229007, 0.16067244), (-0.49479213, 0.043737527, 0.22326481), (-0.49104992, 0.04376801, 0.1350707), (-0.41146764, 0.045229007, 0.16080232), (-0.41365674, 0.04376801, 0.1351913), (-0.41118538, 0.043737527, 0.2233966), (-0.42533764, 0.045238834, 0.13232832), (-0.45185176, 0.043768995, 0.1322875), (-0.41365674, 0.04376801, 0.1351913), (-0.41075438, 0.045385834, -0.29301375), (-0.424624, 0.045395657, -0.32148594), (-0.41294348, 0.04392483, -0.31862295), (-0.47891733, 0.045175906, 0.31433684), (-0.45213798, 0.043706063, 0.31437764), (-0.49132717, 0.043707047, 0.31147194), (-0.41095114, 0.045342565, -0.16782343), (-0.41047198, 0.043894354, -0.23041764), (-0.41322073, 0.04386387, -0.14221978), (-0.49353138, 0.045342565, -0.16795331), (-0.47820377, 0.04533273, -0.13947558), (-0.49061376, 0.04386387, -0.14234412), (-0.49353138, 0.045342565, -0.16795331), (-0.49061376, 0.04386387, -0.14234412), (-0.49407858, 0.043894354, -0.23054942), (-0.42491046, 0.04533273, -0.13939396), (-0.41322073, 0.04386387, -0.14221978), (-0.4514248, 0.04386289, -0.13943477), (-0.4933347, 0.045385834, -0.2931418), (-0.49407858, 0.043894354, -0.23054942), (-0.49033642, 0.04392483, -0.31874543), (-0.41075438, 0.045385834, -0.29301375), (-0.41047198, 0.043894354, -0.23041764), (-0.41095114, 0.045342565, -0.16782343), (-0.47820377, 0.04533273, -0.13947558), (-0.4514248, 0.04386289, -0.13943477), (-0.49061376, 0.04386387, -0.14234412), (-0.39211783, 0.7116627, -0.3486481), (-0.38524553, 0.68679315, -0.3494961), (-0.38572234, 0.71289694, -0.34159917), (-0.49404803, 0.045229007, 0.16067244), (-0.49424472, 0.04518575, 0.28586093), (-0.49479213, 0.043737527, 0.22326481), (0.45139098, 0.043768995, 0.13370505), (0.47817004, 0.045238834, 0.13374777), (0.42487657, 0.045238834, 0.13366424), (0.41043824, 0.043737527, 0.224688), (0.41091755, 0.045229007, 0.16209371), (0.4107205, 0.04518575, 0.2872822), (0.49057993, 0.04376801, 0.13661258), (0.49349773, 0.045229007, 0.1622255), (0.47817004, 0.045238834, 0.13374777), (0.4139005, 0.04392483, -0.31732225), (0.42559004, 0.045395657, -0.32015), (0.41163096, 0.045385834, -0.29171863), (0.45210448, 0.043925818, -0.3201092), (0.47888345, 0.045395657, -0.32006648), (0.42559004, 0.045395657, -0.32015), (0.45110485, 0.043706063, 0.31579894), (0.42459026, 0.045175906, 0.3157581), (0.47788343, 0.045175906, 0.31583974), (0.4912934, 0.04392483, -0.31720164), (0.49421105, 0.045385834, -0.29159063), (0.47888345, 0.045395657, -0.32006648), (0.49330094, 0.04518575, 0.28741398), (0.49404508, 0.043737527, 0.2248197), (0.49030274, 0.043707047, 0.31301382), (0.49057993, 0.04376801, 0.13661258), (0.49404508, 0.043737527, 0.2248197), (0.49349773, 0.045229007, 0.1622255), (0.41091755, 0.045229007, 0.16209371), (0.41043824, 0.043737527, 0.224688), (0.413187, 0.04376801, 0.13649015), (0.4910161, 0.04386387, -0.14079851), (0.47859707, 0.04533273, -0.13797268), (0.4940143, 0.045342565, -0.16640215), (0.4129095, 0.043707047, 0.3128932), (0.41043824, 0.043737527, 0.224688), (0.4107205, 0.04518575, 0.2872822), (0.47859707, 0.04533273, -0.13797268), (0.4910161, 0.04386387, -0.14079851), (0.4518181, 0.04386289, -0.13801531), (0.42487657, 0.045238834, 0.13366424), (0.413187, 0.04376801, 0.13649015), (0.45139098, 0.043768995, 0.13370505), (0.45139098, 0.043768995, 0.13370505), (0.49057993, 0.04376801, 0.13661258), (0.47817004, 0.045238834, 0.13374777), (0.413187, 0.04376801, 0.13649015), (0.42487657, 0.045238834, 0.13366424), (0.41091755, 0.045229007, 0.16209371), (0.4136231, 0.04386387, -0.14092103), (0.4114339, 0.045342565, -0.16653204), (0.42530382, 0.04533273, -0.13805802), (0.49475855, 0.043894354, -0.22899453), (0.4940143, 0.045342565, -0.16640215), (0.49421105, 0.045385834, -0.29159063), (0.42459026, 0.045175906, 0.3157581), (0.45110485, 0.043706063, 0.31579894), (0.4129095, 0.043707047, 0.3128932), (0.49030274, 0.043707047, 0.31301382), (0.47788343, 0.045175906, 0.31583974), (0.49330094, 0.04518575, 0.28741398), (0.4940143, 0.045342565, -0.16640215), (0.49475855, 0.043894354, -0.22899453), (0.4910161, 0.04386387, -0.14079851), (0.4912934, 0.04392483, -0.31720164), (0.49475855, 0.043894354, -0.22899453), (0.49421105, 0.045385834, -0.29159063), (0.41163096, 0.045385834, -0.29171863), (0.4111518, 0.043894354, -0.22912624), (0.4139005, 0.04392483, -0.31732225), (0.4136231, 0.04386387, -0.14092103), (0.4111518, 0.043894354, -0.22912624), (0.4114339, 0.045342565, -0.16653204), (0.47788343, 0.045175906, 0.31583974), (0.49030274, 0.043707047, 0.31301382), (0.45110485, 0.043706063, 0.31579894), (0.45210448, 0.043925818, -0.3201092), (0.4912934, 0.04392483, -0.31720164), (0.47888345, 0.045395657, -0.32006648), (0.42559004, 0.045395657, -0.32015), (0.4139005, 0.04392483, -0.31732225), (0.45210448, 0.043925818, -0.3201092), (0.4111518, 0.043894354, -0.22912624), (0.41163096, 0.045385834, -0.29171863), (0.4114339, 0.045342565, -0.16653204), (0.4518181, 0.04386289, -0.13801531), (0.42530382, 0.04533273, -0.13805802), (0.47859707, 0.04533273, -0.13797268), (0.42530382, 0.04533273, -0.13805802), (0.4518181, 0.04386289, -0.13801531), (0.4136231, 0.04386387, -0.14092103), (0.4129095, 0.043707047, 0.3128932), (0.4107205, 0.04518575, 0.2872822), (0.42459026, 0.045175906, 0.3157581), (0.38675183, 0.71289694, -0.34038576), (0.38629964, 0.6867931, -0.3482826), (0.39316943, 0.7116627, -0.34741423), (0.49404508, 0.043737527, 0.2248197), (0.49330094, 0.04518575, 0.28741398), (0.49349773, 0.045229007, 0.1622255), (-0.47891733, 0.045175906, 0.31433684), (-0.42562425, 0.045175906, 0.31442028), (-0.45213798, 0.043706063, 0.31437764), (-0.3391054, 0.42510495, -0.2101615), (-0.3813595, 0.47050512, -0.21549602), (-0.33904314, 0.47604507, -0.16927814), (-0.3831522, 0.17636447, -0.3114534), (0.3762668, 0.042251844, -0.34830117), (-0.38067785, 0.046021137, -0.3497466), (0.37620616, 0.17603964, -0.30962202), (-0.38569036, 0.31065592, -0.31151837), (0.37524733, 0.17636447, -0.31026036), (0.37289324, 0.046021137, -0.34856275), (0.37620622, 0.31072196, -0.30969256), (0.37778515, 0.31065592, -0.3103197), (-0.38519764, 0.44148195, -0.31863037), (0.37731448, 0.44148195, -0.31743172), (0.3762172, 0.44153765, -0.31680456), (-0.38457763, 0.6065391, -0.32305935), (0.3762243, 0.6065836, -0.3212336), (0.37670898, 0.6065391, -0.3218644), (0.3766031, 0.65719336, -0.32047284), (0.3762221, 0.65719306, -0.31986052), (-0.38447654, 0.65719336, -0.3216678), (0.3762668, 0.042251844, -0.34830117), (-0.38309306, 0.17379908, -0.3492437), (-0.38067785, 0.046021137, -0.3497466), (0.3762675, 0.1733912, -0.348637), (0.3753066, 0.17379908, -0.34805256), (0.37289324, 0.046021137, -0.34856275), (0.37626946, 0.3079881, -0.34996557), (-0.38562918, 0.30800748, -0.35053328), (0.37784645, 0.30800748, -0.34933096), (0.37628073, 0.4388038, -0.35707757), (0.37737587, 0.4388335, -0.35644668), (-0.38513592, 0.4388335, -0.35764527), (0.37677032, 0.6038906, -0.36087567), (0.37628764, 0.60384977, -0.36150655), (-0.38451654, 0.6038906, -0.36207435), (-0.38441727, 0.6572064, -0.35945812), (0.37628338, 0.65720665, -0.35887367), (0.37666246, 0.6572064, -0.35826316), (-0.3855148, 0.6571998, -0.3404971), (-0.38441727, 0.6572064, -0.35945812), (0.37628338, 0.65720665, -0.35887367), (0.3762525, 0.6571998, -0.3392298), (0.3762221, 0.65719306, -0.31986052), (-0.38447654, 0.65719336, -0.3216678), (0.3766031, 0.65719336, -0.32047284), (0.3777007, 0.6571998, -0.33929843), (0.37666246, 0.6572064, -0.35826316), (0.37670898, 0.6065391, -0.3218644), (0.3766031, 0.65719336, -0.32047284), (0.3777007, 0.6571998, -0.33929843), (0.37897903, 0.60521394, -0.3413673), (0.37666246, 0.6572064, -0.35826316), (0.37731448, 0.44148195, -0.31743172), (0.37677032, 0.6038906, -0.36087567), (0.37978455, 0.44015118, -0.33693454), (0.37737587, 0.4388335, -0.35644668), (0.37784645, 0.30800748, -0.34933096), (0.37778515, 0.31065592, -0.3103197), (0.3804126, 0.30932006, -0.3298207), (0.3753066, 0.17379908, -0.34805256), (0.37702894, 0.17546052, -0.32917872), (0.37524733, 0.17636447, -0.31026036), (0.37289324, 0.046021137, -0.34856275), (-0.38855737, 0.0501424, 0.3318153), (-0.3886963, 0.050107546, 0.23244387), (-0.38869667, 0.2922321, 0.23252732), (-0.38855776, 0.29226696, 0.33189884), (0.38002113, 0.29226696, 0.3331086), (0.3799795, 0.2994137, 0.34818798), (0.37997934, 0.30009025, 0.3473048), (0.38015747, 0.30005637, 0.23373899), (0.38017693, 0.2922321, 0.23373708), (0.38015908, 0.29937997, 0.23373899), (0.3792631, 0.30009025, 0.3473029), (0.37944147, 0.30005637, 0.23373899), (0.37925825, 0.2999163, 0.34892276), (0.34874645, 0.30005637, 0.23369072), (0.37477508, 0.29790777, 0.34092012), (0.35104218, 0.29990587, 0.3488374), (0.34886128, 0.30009025, 0.34725654), (-0.36890233, 0.30009025, 0.3461266), (-0.36901656, 0.30005637, 0.23256075), (-0.3705953, 0.29941696, 0.34701532), (-0.37071037, 0.29938316, 0.23256075), (-0.38855776, 0.29226696, 0.33189884), (-0.38869667, 0.2922321, 0.23252732), (0.38017717, 0.050107546, 0.23365363), (0.38002136, 0.0501424, 0.33302325), (0.38002113, 0.29226696, 0.3331086), (0.38017693, 0.2922321, 0.23373708), (0.3799795, 0.042313196, 0.34721574), (0.3799798, 0.042989325, 0.34809893), (0.38002136, 0.0501424, 0.33302325), (0.38015762, 0.042279325, 0.23365174), (0.38017717, 0.050107546, 0.23365363), (0.38015944, 0.042955503, 0.23365174), (0.37944147, 0.042279325, 0.23364991), (0.3792631, 0.042313196, 0.34721383), (0.37997591, 0.044621933, 0.34952393), (0.37925968, 0.044621933, 0.34952393), (0.37925863, 0.042486545, 0.34883368), (0.34874666, 0.042279325, 0.23360166), (0.3747753, 0.04449955, 0.34083477), (0.35104224, 0.042496942, 0.34874836), (0.34886152, 0.042313196, 0.34716746), (0.34885868, 0.044621933, 0.34947756), (-0.3690164, 0.042279325, 0.23247169), (-0.36890218, 0.042313196, 0.3460375), (-0.36890492, 0.044621933, 0.34834942), (-0.370595, 0.04298614, 0.34692442), (-0.37071013, 0.04295233, 0.23246986), (-0.38855737, 0.0501424, 0.3318153), (-0.3886963, 0.050107546, 0.23244387), (-0.36890492, 0.044621933, 0.34834942), (-0.370595, 0.04298614, 0.34692442), (-0.38855737, 0.0501424, 0.3318153), (-0.36890492, 0.29778045, 0.34843478), (-0.38855776, 0.29226696, 0.33189884), (-0.3705953, 0.29941696, 0.34701532), (-0.36890233, 0.30009025, 0.3461266), (0.34886128, 0.30009025, 0.34725654), (0.34885868, 0.044621933, 0.34947756), (0.34885868, 0.29778045, 0.34956473), (0.35104218, 0.29990587, 0.3488374), (0.37477508, 0.29790777, 0.34092012), (0.3747753, 0.04449955, 0.34083477), (0.35104224, 0.042496942, 0.34874836), (0.37925863, 0.042486545, 0.34883368), (0.37925825, 0.2999163, 0.34892276), (0.37925968, 0.044621933, 0.34952393), (0.37925947, 0.29778045, 0.349613), (0.3792631, 0.30009025, 0.3473029), (0.37997591, 0.044621933, 0.34952393), (0.37997934, 0.30009025, 0.3473048), (0.37997553, 0.29778045, 0.349613), (0.3799795, 0.2994137, 0.34818798), (0.3799798, 0.042989325, 0.34809893), (0.38002113, 0.29226696, 0.3331086), (0.38002136, 0.0501424, 0.33302325), (-0.5109245, 0.04587132, -0.34752184), (-0.52728474, 0.05523977, -0.3479876), (-0.52726793, 0.04588153, -0.347238), (-0.5108916, 0.051950127, -0.3483309), (-0.47471038, 0.04587132, -0.34746623), (-0.5203508, 0.08040861, -0.3486741), (-0.5274919, 0.18189073, -0.34800613), (-0.47470823, 0.051643696, -0.34827706), (-0.5094119, 0.06041918, -0.34998593), (-0.5189581, 0.18414815, -0.3499562), (-0.42350924, 0.051643696, -0.34819728), (-0.42350933, 0.04587132, -0.3473846), (-0.51922524, 0.48458156, -0.34985605), (-0.5137837, 0.48545313, -0.34984678), (-0.5275214, 0.457698, -0.34790406), (-0.52728283, 0.6642295, -0.34662384), (-0.51893044, 0.6859316, -0.3497058), (-0.5135985, 0.18726127, -0.3499562), (-0.39032134, 0.051950127, -0.34814155), (-0.39028767, 0.04587132, -0.34733263), (-0.3777026, 0.04588153, -0.34700233), (-0.37768868, 0.05523977, -0.34775192), (-0.38341475, 0.08040861, -0.34845886), (-0.3775655, 0.1827664, -0.34777054), (-0.3917733, 0.06041918, -0.3498004), (-0.38521647, 0.18417619, -0.34974843), (-0.37754536, 0.48484176, -0.3476573), (-0.42354807, 0.0567922, -0.34985423), (-0.38504222, 0.48545313, -0.34964636), (-0.39036253, 0.48545313, -0.3496538), (-0.37777692, 0.6914975, -0.3463789), (-0.38524553, 0.68679315, -0.3494961), (-0.38572234, 0.71289694, -0.34159917), (-0.3904547, 0.18726127, -0.34976143), (-0.39435017, 0.06926233, -0.34980968), (-0.4746639, 0.0567922, -0.34993395), (-0.39559764, 0.18850592, -0.34817317), (-0.42362788, 0.06565156, -0.3498505), (-0.50681967, 0.06926233, -0.34998593), (-0.47458458, 0.06565156, -0.3499303), (-0.50557715, 0.18850592, -0.3483457), (-0.42367133, 0.18818618, -0.3481638), (-0.3956301, 0.48559007, -0.3480173), (-0.4745459, 0.18818618, -0.34824362), (-0.42367294, 0.4856375, -0.34800613), (-0.47454482, 0.4856375, -0.34808594), (-0.42367172, 0.68869627, -0.34799132), (-0.39559832, 0.687041, -0.3480006), (-0.5055542, 0.48559007, -0.34818983), (-0.5055773, 0.687041, -0.34817317), (-0.4745462, 0.68869627, -0.3480711), (-0.42362818, 0.71356195, -0.34962782), (-0.3904544, 0.68413717, -0.34959072), (-0.39435008, 0.7061072, -0.34958884), (-0.39211783, 0.7116627, -0.3486481), (-0.42371923, 0.7191972, -0.34865373), (-0.47458482, 0.71356195, -0.3497076), (-0.4745325, 0.7191972, -0.3487335), (-0.5068199, 0.7061072, -0.34976515), (-0.5090891, 0.71164465, -0.34883368), (-0.5135985, 0.68413717, -0.3497837), (-0.518103, 0.7109968, -0.34180704), (-0.37882024, 0.58043617, 0.3224972), (-0.38603768, 0.60158134, 0.3264957), (-0.38677022, 0.61973196, 0.31992176), (-0.38526118, 0.6235608, 0.30025935), (-0.37398118, 0.5586982, 0.30143386), (-0.3735361, 0.6014584, -0.0041748015), (-0.3736363, 0.39666155, 0.31318086), (-0.3909288, 0.670161, 0.0047796858), (-0.37860942, 0.41910997, 0.33506978), (-0.3843048, 0.71566844, -0.30798188), (-0.3786482, 0.18040265, 0.34608576), (-0.37300783, 0.66710776, -0.31765628), (-0.37777692, 0.6914975, -0.3463789), (-0.38572234, 0.71289694, -0.34159917), (-0.37754536, 0.48484176, -0.3476573), (-0.37262928, 0.46102908, -0.32736778), (-0.3729744, 0.41727108, -0.007846779), (-0.37262875, 0.1821226, -0.32760713), (-0.3775655, 0.1827664, -0.34777054), (-0.37768868, 0.05523977, -0.34775192), (-0.37298247, 0.1805988, -0.0026904305), (-0.37365323, 0.17982003, 0.3240298), (-0.37298322, 0.05443795, -0.0023360348), (-0.37365437, 0.053475514, 0.32476085), (-0.37878057, 0.05324899, 0.34674627), (-0.37380737, 0.043948248, 0.32515788), (-0.37879336, 0.043883633, 0.3468019), (-0.37314078, 0.04490588, -0.0019018544), (-0.37278196, 0.045848336, -0.32715994), (-0.3777026, 0.04588153, -0.34700233), (-0.3726287, 0.05537011, -0.32762384), (-0.52728474, 0.05523977, -0.3479876), (-0.5331168, 0.045848336, -0.32741234), (-0.52726793, 0.04588153, -0.347238), (-0.53329337, 0.05537011, -0.32787615), (-0.5338056, 0.04490588, -0.0021541973), (-0.5274919, 0.18189073, -0.34800613), (-0.5339874, 0.054438025, -0.0025883776), (-0.5341424, 0.043948248, 0.32490745), (-0.5343195, 0.053475592, 0.32450846), (-0.5283588, 0.043883633, 0.34656632), (-0.5283767, 0.05324892, 0.34651068), (-0.5285908, 0.18027367, 0.34585008), (-0.5339868, 0.18031691, -0.0029427733), (-0.53431815, 0.17956641, 0.3237774), (-0.5286038, 0.41511518, 0.3348342), (-0.53329366, 0.18112214, -0.32785943), (-0.5332941, 0.4300154, -0.3276313), (-0.5275214, 0.457698, -0.34790406), (-0.52728283, 0.6642295, -0.34662384), (-0.534301, 0.38879693, 0.31292665), (-0.5283424, 0.57642096, 0.3222615), (-0.53397876, 0.40853488, -0.008102831), (-0.53389424, 0.55081165, 0.3011797), (-0.5334032, 0.5927221, -0.0044290065), (-0.5329209, 0.6359599, -0.3179197), (-0.5208097, 0.71384096, -0.3081971), (-0.518103, 0.7109968, -0.34180704), (-0.51893044, 0.6859316, -0.3497058), (-0.51518524, 0.6698792, 0.004586722), (-0.5217657, 0.62318593, 0.30004412), (-0.51914203, 0.6194598, 0.3197121), (-0.5202669, 0.6014579, 0.3262842), (-0.38603768, 0.60158134, 0.3264957), (-0.39395413, 0.6225098, 0.32458824), (-0.38677022, 0.61973196, 0.31992176), (-0.39766383, 0.6175175, 0.32550672), (-0.4257258, 0.62575215, 0.3244918), (-0.42742044, 0.62074274, 0.32555678), (-0.47351655, 0.62074274, 0.32548445), (-0.4748509, 0.62575215, 0.32441384), (-0.5094755, 0.6225071, 0.3244101), (-0.42839354, 0.5986815, 0.3333702), (-0.39087126, 0.5980232, 0.3270208), (-0.39967677, 0.59599376, 0.32882434), (-0.4727704, 0.5986815, 0.33330157), (-0.4284564, 0.4403842, 0.35438153), (-0.3997461, 0.4390438, 0.34528792), (-0.39070186, 0.44001704, 0.339111), (-0.5059358, 0.6175175, 0.32533783), (-0.39971972, 0.18623953, 0.3561053), (-0.5153314, 0.5980232, 0.3268241), (-0.50403625, 0.59599376, 0.32865918), (-0.5040297, 0.4390438, 0.3451246), (-0.47277942, 0.4403842, 0.35431293), (-0.42844346, 0.18595262, 0.36517483), (-0.47282046, 0.18595262, 0.36510432), (-0.5202669, 0.6014579, 0.3262842), (-0.51914203, 0.6194598, 0.3197121), (-0.42747355, 0.06454682, 0.35937086), (-0.52061206, 0.44111595, 0.33844858), (-0.5156229, 0.44001704, 0.33891433), (-0.5153678, 0.18516769, 0.3498375), (-0.5040791, 0.18623953, 0.35594013), (-0.4735697, 0.06454682, 0.35929668), (-0.5059816, 0.06817324, 0.35459122), (-0.47502485, 0.056188595, 0.35006574), (-0.39770997, 0.06817324, 0.35476002), (-0.4255972, 0.056188595, 0.35014364), (-0.5286038, 0.41511518, 0.3348342), (-0.5283424, 0.57642096, 0.3222615), (-0.5203307, 0.18239802, 0.3493736), (-0.5285908, 0.18027367, 0.34585008), (-0.50984037, 0.05982338, 0.3498616), (-0.52144396, 0.07972727, 0.347264), (-0.5283767, 0.05324892, 0.34651068), (-0.5119642, 0.0499499, 0.34700787), (-0.5283588, 0.043883633, 0.34656632), (-0.5120164, 0.043877695, 0.34696335), (-0.47580203, 0.043877695, 0.34702086), (-0.4757783, 0.049640503, 0.34707096), (-0.42460114, 0.043877695, 0.34710068), (-0.4246313, 0.049640503, 0.34715074), (-0.39137957, 0.043877695, 0.34715265), (-0.39365134, 0.05982338, 0.35004345), (-0.3914383, 0.0499499, 0.34719902), (-0.37878057, 0.05324899, 0.34674627), (-0.37879336, 0.043883633, 0.3468019), (-0.3845169, 0.07972727, 0.34747922), (-0.3786482, 0.18040265, 0.34608576), (-0.38604602, 0.18240206, 0.34958327), (-0.37860942, 0.41910997, 0.33506978), (-0.39090753, 0.18516769, 0.3500323), (-0.38581955, 0.4412408, 0.33866018), (-0.37882024, 0.58043617, 0.3224972), (-0.49033278, 0.020972649, -0.31598634), (-0.49033642, 0.04392483, -0.31874543), (-0.49407858, 0.043894354, -0.23054942), (-0.49400228, 0.02101292, -0.23055679), (-0.49045953, -6.84e-8, -0.2305587), (-0.4906015, 0.020913597, -0.14511622), (-0.49061376, 0.04386387, -0.14234412), (-0.49117288, -0.0001568944, 0.22325554), (-0.45185626, 0.020747043, 0.13512269), (-0.4910465, 0.020815823, 0.1378279), (-0.45199487, -0.0008346548, 0.2233168), (-0.41366586, 0.020815823, 0.1379504), (-0.4138044, -0.0001568184, 0.22337615), (-0.41393423, 0.02075677, 0.30881864), (-0.45213366, 0.020686083, 0.3115239), (-0.49131516, 0.02075677, 0.30869618), (0.5272421, 0.05324899, 0.34816945), (0.53307545, 0.043948248, 0.32658476), (0.5272235, 0.043883633, 0.348227), (0.5332533, 0.053475592, 0.32618585), (0.5337671, 0.04490588, -0.000475), (0.5332547, 0.17956641, 0.3254548), (0.527458, 0.18027367, 0.34751076), (0.5339503, 0.054438025, -0.0009091804), (0.5341009, 0.045848336, -0.32573494), (0.53327173, 0.38879693, 0.31460398), (0.5275056, 0.41511518, 0.33649296), (0.5339509, 0.18031691, -0.0012654304), (0.5342793, 0.05537011, -0.32619885), (0.5329019, 0.55081165, 0.30285704), (0.5272837, 0.5764211, 0.32391846), (0.52833366, 0.05523977, -0.34632692), (0.5283145, 0.04588153, -0.34557733), (0.52854073, 0.18189073, -0.3463455), (0.53427917, 0.18112214, -0.3261803), (0.53395903, 0.4085348, -0.006423634), (0.5342787, 0.4300154, -0.3259539), (0.5285698, 0.457698, -0.34624347), (0.5283272, 0.6642295, -0.34496316), (0.5333715, 0.5927221, -0.002751656), (0.53387505, 0.6359599, -0.31624055), (0.5217331, 0.71384096, -0.3065587), (0.5191321, 0.7109968, -0.3401779), (0.51998484, 0.6859316, -0.34807295), (0.51512563, 0.6698792, 0.0062046857), (0.5207769, 0.62318593, 0.30168253), (0.5180914, 0.6194598, 0.32134494), (0.51919574, 0.6014579, 0.32791886), (-0.47502485, 0.056188595, 0.35006574), (-0.4735697, 0.06454682, 0.35929668), (-0.42747355, 0.06454682, 0.35937086), (-0.4255972, 0.056188595, 0.35014364), (-0.4910465, 0.020815823, 0.1378279), (-0.49104992, 0.04376801, 0.1350707), (-0.49479213, 0.043737527, 0.22326481), (-0.494716, 0.020856095, 0.22325554), (-0.49117288, -0.0001568944, 0.22325554), (-0.49131516, 0.02075677, 0.30869618), (-0.49132717, 0.043707047, 0.31147194), (-0.41393423, 0.02075677, 0.30881864), (-0.41393384, 0.043707047, 0.31159255), (-0.41118538, 0.043737527, 0.2233966), (-0.41123053, 0.020856095, 0.22338726), (-0.4138044, -0.0001568184, 0.22337615), (-0.41366586, 0.020815823, 0.1379504), (-0.41365674, 0.04376801, 0.1351913), (0.51998484, 0.6859316, -0.34807295), (0.5285698, 0.457698, -0.34624347), (0.5283272, 0.6642295, -0.34496316), (0.5202796, 0.48458156, -0.34822327), (0.5200128, 0.18414815, -0.34832343), (0.52854073, 0.18189073, -0.3463455), (0.5214018, 0.08040861, -0.34703577), (0.52833366, 0.05523977, -0.34632692), (0.51194155, 0.051950127, -0.346724), (0.5104673, 0.06041918, -0.34838095), (0.5119721, 0.04587132, -0.34591317), (0.5283145, 0.04588153, -0.34557733), (0.4757578, 0.051643763, -0.34678337), (0.4757578, 0.04587132, -0.3459707), (0.4245569, 0.04587132, -0.3460505), (0.42455947, 0.051643763, -0.34686315), (0.39133534, 0.04587132, -0.3461043), (0.47571918, 0.056792095, -0.34844032), (0.5146536, 0.18726127, -0.34833825), (0.5078747, 0.06926233, -0.34839022), (0.47563946, 0.06565156, -0.3484385), (0.5148388, 0.48545313, -0.34823063), (0.50662696, 0.18850592, -0.34675553), (0.50660384, 0.48559007, -0.34659967), (0.47559583, 0.18818618, -0.34675), (0.42468292, 0.06565156, -0.3485164), (0.42460325, 0.056792095, -0.34852195), (0.39137143, 0.051950127, -0.34691325), (0.37873772, 0.05523977, -0.3465626), (0.3787488, 0.04588153, -0.345813), (0.38446584, 0.08040861, -0.34725282), (0.3786143, 0.18276632, -0.3465793), (0.39282858, 0.06041918, -0.34856647), (0.3954052, 0.06926233, -0.34856838), (0.42472145, 0.18818618, -0.34683162), (0.38627183, 0.18417619, -0.34853494), (0.3915095, 0.18726127, -0.34853122), (0.38609716, 0.48545313, -0.34843296), (0.37859392, 0.48484176, -0.34646797), (0.37882155, 0.6914975, -0.34518766), (0.39664796, 0.18850592, -0.34692815), (0.39141718, 0.48545313, -0.3484236), (0.4755941, 0.4856375, -0.3465923), (0.47559547, 0.68869627, -0.3465774), (0.42472234, 0.4856375, -0.3466721), (0.38629964, 0.6867931, -0.3482826), (0.38675183, 0.71289694, -0.34038576), (0.3966798, 0.48559007, -0.34677225), (0.39150935, 0.68413717, -0.3483605), (0.4247212, 0.68869627, -0.34665722), (0.3954049, 0.7061072, -0.3483475), (0.39316943, 0.7116627, -0.34741423), (0.39664772, 0.68704087, -0.34675372), (0.42468244, 0.71356195, -0.34829372), (0.42477062, 0.7191972, -0.34731963), (0.47563916, 0.71356195, -0.348214), (0.47558376, 0.7191972, -0.34723982), (0.5078745, 0.7061072, -0.34817126), (0.5101405, 0.71164465, -0.34722874), (0.5066267, 0.687041, -0.34658113), (0.5146532, 0.68413717, -0.34816754), (0.5191321, 0.7109968, -0.3401779), (0.51919574, 0.6014579, 0.32791886), (0.5084105, 0.6225071, 0.3260096), (0.5180914, 0.6194598, 0.32134494), (0.5048675, 0.6175175, 0.32692617), (0.4737856, 0.62575215, 0.32590562), (0.47244814, 0.62074274, 0.3269725), (0.42466086, 0.62575215, 0.32582772), (0.4263518, 0.62074274, 0.32689834), (0.3928889, 0.6225098, 0.32582772), (0.5142585, 0.5980232, 0.32844394), (0.5029576, 0.59599376, 0.3302437), (0.47167742, 0.5986815, 0.33478594), (0.42730066, 0.5986815, 0.3347154), (0.50289917, 0.4390438, 0.34670728), (0.47162074, 0.4403842, 0.35579726), (0.5195027, 0.44111595, 0.34008518), (0.5145122, 0.44001704, 0.34053418), (0.5275056, 0.41511518, 0.33649296), (0.5272837, 0.5764211, 0.32391846), (0.527458, 0.18027367, 0.34751076), (0.51918715, 0.1823981, 0.35100645), (0.50291455, 0.18623953, 0.35752466), (0.5203066, 0.07972727, 0.34890231), (0.5272421, 0.05324899, 0.34816945), (0.51422256, 0.18516761, 0.3514573), (0.5086952, 0.05982338, 0.35146102), (0.5108279, 0.0499499, 0.34861472), (0.50482154, 0.06817324, 0.35617948), (0.4716272, 0.18595262, 0.36658865), (0.47239494, 0.06454682, 0.36078477), (0.42729762, 0.4403842, 0.35572675), (0.39861566, 0.4390438, 0.34654215), (0.42725056, 0.18595262, 0.36652002), (0.47387886, 0.056188595, 0.35155752), (0.42629868, 0.06454682, 0.36071423), (0.51088023, 0.043877695, 0.3485721), (0.5272235, 0.043883633, 0.348227), (0.47464234, 0.049640503, 0.34856465), (0.47466597, 0.043877695, 0.34851456), (0.42445117, 0.056188595, 0.35147956), (0.42349496, 0.049640503, 0.34848303), (0.423465, 0.043877695, 0.34843478), (0.39024344, 0.043877695, 0.34838095), (0.39030188, 0.0499499, 0.34842733), (0.37765813, 0.043883633, 0.34799132), (0.3776459, 0.05324899, 0.3479356), (0.38337943, 0.07972727, 0.34868708), (0.37751555, 0.18040256, 0.34727508), (0.3925061, 0.05982338, 0.35127923), (0.3849024, 0.18240206, 0.35079676), (0.3775113, 0.41910997, 0.3362592), (0.39654985, 0.06817324, 0.3560106), (0.39855516, 0.18623953, 0.3573596), (0.38976213, 0.18516769, 0.3512625), (0.3847101, 0.4412408, 0.33987358), (0.38496637, 0.60158134, 0.3277073), (0.37776157, 0.58043617, 0.3236847), (0.3895909, 0.44001704, 0.3403375), (0.38979846, 0.5980232, 0.3282491), (0.39859805, 0.59599376, 0.33008045), (0.39659566, 0.6175175, 0.32675356), (0.38571945, 0.61973196, 0.32113525), (-0.41322088, 0.020913597, -0.14499378), (-0.41322073, 0.04386387, -0.14221978), (-0.41047198, 0.043894354, -0.23041764), (-0.41051698, 0.02101292, -0.23042509), (-0.41309115, 7.6e-9, -0.23043618), (-0.41295254, 0.020972649, -0.31586382), (-0.41294348, 0.04392483, -0.31862295), (-0.41322073, 0.04386387, -0.14221978), (-0.41322088, 0.020913597, -0.14499378), (-0.45142025, 0.020842917, -0.14228849), (-0.4514248, 0.04386289, -0.13943477), (-0.4906015, 0.020913597, -0.14511622), (-0.49061376, 0.04386387, -0.14234412), (-0.45185176, 0.043768995, 0.1322875), (-0.41366586, 0.020815823, 0.1379504), (-0.41365674, 0.04376801, 0.1351913), (-0.45185626, 0.020747043, 0.13512269), (-0.49104992, 0.04376801, 0.1350707), (-0.4910465, 0.020815823, 0.1378279), (-0.49045953, -6.84e-8, -0.2305587), (-0.45114306, 0.020903876, -0.31868973), (-0.49033278, 0.020972649, -0.31598634), (-0.4512817, -0.0006778288, -0.23049743), (-0.41295254, 0.020972649, -0.31586382), (-0.41309115, 7.6e-9, -0.23043618), (-0.41322088, 0.020913597, -0.14499378), (-0.45142025, 0.020842917, -0.14228849), (-0.4906015, 0.020913597, -0.14511622), (-0.45213798, 0.043706063, 0.31437764), (-0.49131516, 0.02075677, 0.30869618), (-0.49132717, 0.043707047, 0.31147194), (-0.45213366, 0.020686083, 0.3115239), (-0.41393384, 0.043707047, 0.31159255), (-0.41393423, 0.02075677, 0.30881864), (-0.4511383, 0.043925818, -0.32152864), (-0.41295254, 0.020972649, -0.31586382), (-0.41294348, 0.04392483, -0.31862295), (-0.45114306, 0.020903876, -0.31868973), (-0.49033642, 0.04392483, -0.31874543), (-0.49033278, 0.020972649, -0.31598634), (0.38522848, 0.71566844, -0.3067721), (0.37882155, 0.6914975, -0.34518766), (0.38675183, 0.71289694, -0.34038576), (0.3739621, 0.66710776, -0.3164817), (0.37859392, 0.48484176, -0.34646797), (0.39086923, 0.670161, 0.0060098595), (0.37361395, 0.46102908, -0.32619512), (0.37350482, 0.6014584, -0.0029984356), (0.37361425, 0.1821226, -0.32643443), (0.3786143, 0.18276632, -0.3465793), (0.37873772, 0.05523977, -0.3465626), (0.37298885, 0.5586982, 0.30260843), (0.3842722, 0.6235608, 0.30146912), (0.37295458, 0.41727108, -0.006675977), (0.3736144, 0.05537011, -0.32644933), (0.3787488, 0.04588153, -0.345813), (0.3737661, 0.045848336, -0.32598725), (0.37310216, 0.04490588, -0.0007291972), (0.37776157, 0.58043617, 0.3236847), (0.38571945, 0.61973196, 0.32113525), (0.38496637, 0.60158134, 0.3277073), (0.37260672, 0.39666155, 0.31435537), (0.3775113, 0.41910997, 0.3362592), (0.37751555, 0.18040256, 0.34727508), (0.37294644, 0.1805988, -0.0015177733), (0.37294585, 0.054438025, -0.0011633775), (0.37274057, 0.043948248, 0.32633245), (0.3725897, 0.17982003, 0.3252043), (0.3725887, 0.053475592, 0.32593533), (0.3776459, 0.05324899, 0.3479356), (0.37765813, 0.043883633, 0.34799132), (0.42629868, 0.06454682, 0.36071423), (0.47239494, 0.06454682, 0.36078477), (0.47387886, 0.056188595, 0.35155752), (0.42445117, 0.056188595, 0.35147956), (0.49404508, 0.043737527, 0.2248197), (0.4902988, 0.02075677, 0.3102399), (0.49030274, 0.043707047, 0.31301382), (0.4939689, 0.020856095, 0.22481233), (0.49057993, 0.04376801, 0.13661258), (0.49042556, -0.0001568184, 0.22479744), (0.49056777, 0.020815823, 0.1393717), (0.41043824, 0.043737527, 0.224688), (0.41318715, 0.020815823, 0.13924925), (0.413187, 0.04376801, 0.13649015), (0.41048336, 0.020856095, 0.22468054), (0.4129095, 0.043707047, 0.3128932), (0.4130575, -0.0001568184, 0.22467682), (0.41291833, 0.02075677, 0.31011936), (0.45209977, 0.020903876, -0.31727028), (0.4139005, 0.04392483, -0.31732225), (0.41390055, 0.020972649, -0.31456506), (0.45210448, 0.043925818, -0.3201092), (0.49128118, 0.020972649, -0.31444255), (0.4912934, 0.04392483, -0.31720164), (0.45110902, 0.020686083, 0.3129452), (0.49030274, 0.043707047, 0.31301382), (0.4902988, 0.02075677, 0.3102399), (0.45110485, 0.043706063, 0.31579894), (0.41291833, 0.02075677, 0.31011936), (0.4129095, 0.043707047, 0.3128932), (0.45138633, 0.020747043, 0.13654396), (0.413187, 0.04376801, 0.13649015), (0.41318715, 0.020815823, 0.13924925), (0.45139098, 0.043768995, 0.13370505), (0.49056777, 0.020815823, 0.1393717), (0.49057993, 0.04376801, 0.13661258), (0.4111518, 0.043894354, -0.22912624), (0.41390055, 0.020972649, -0.31456506), (0.4139005, 0.04392483, -0.31732225), (0.4111968, 0.02101292, -0.2291337), (0.4136231, 0.04386387, -0.14092103), (0.4137709, 7.6e-9, -0.22913742), (0.41363174, 0.020913597, -0.14369495), (0.49475855, 0.043894354, -0.22899453), (0.4910126, 0.020913597, -0.14357243), (0.4910161, 0.04386387, -0.14079851), (0.49468234, 0.02101292, -0.22900191), (0.4912934, 0.04392483, -0.31720164), (0.491139, 7.6e-9, -0.22901498), (0.49128118, 0.020972649, -0.31444255), (0.45182252, 0.020842917, -0.14086904), (0.4910161, 0.04386387, -0.14079851), (0.4910126, 0.020913597, -0.14357243), (0.4518181, 0.04386289, -0.13801531), (0.41363174, 0.020913597, -0.14369495), (0.4136231, 0.04386387, -0.14092103), (0.3764413, 0.31495807, 0.16405314), (0.37425986, 0.31497425, 0.3154111), (0.37463865, 0.3782513, 0.32429883), (0.3768673, 0.37830475, 0.1696548), (0.3760727, 0.43933737, 0.3154779), (0.3767849, 0.31503353, -0.054495115), (0.37830245, 0.43938974, 0.1640995), (0.37324655, 0.45295203, 0.30415025), (0.37540528, 0.4530047, 0.1583346), (0.3772182, 0.37838188, -0.053504296), (0.3784961, 0.4395051, -0.054495115), (0.37390488, 0.45311314, -0.052428123), (0.36571786, 0.45538494, -0.14947839), (0.3751455, 0.43970954, -0.19539388), (0.3754587, 0.3784316, -0.19739777), (0.37506297, 0.3151508, -0.19533634), (-0.3857441, 0.31503353, -0.055695605), (-0.38361982, 0.3151508, -0.19652939), (-0.38396803, 0.3784316, -0.19859263), (-0.38613942, 0.37838182, -0.054704785), (-0.3860877, 0.31495807, 0.16285637), (-0.38370013, 0.43970954, -0.19658692), (-0.38649032, 0.37830475, 0.16845612), (-0.3844225, 0.31497416, 0.31421804), (-0.38478845, 0.37825125, 0.3231039), (-0.3874176, 0.4395051, -0.055701166), (-0.37461913, 0.45538494, -0.1506418), (-0.38286877, 0.45311314, -0.05361933), (-0.3879077, 0.43938974, 0.16289528), (-0.38619506, 0.43933737, 0.31427932), (-0.38499296, 0.4530047, 0.15714148), (-0.3833336, 0.45295203, 0.30296093), (0.31028885, 0.4393202, 0.358599), (0.37324655, 0.45295203, 0.30415025), (0.3760727, 0.43933737, 0.3154779), (0.30938202, 0.4528634, 0.3441375), (0.12138173, 0.4393154, 0.35958245), (0.3630134, 0.45355836, 0.29937434), (0.37540528, 0.4530047, 0.1583346), (0.36496827, 0.4536418, 0.15813419), (0.37390488, 0.45311314, -0.052428123), (0.12186904, 0.45272076, 0.34502998), (0.30490044, 0.4533368, 0.3342423), (0.30281964, 0.46057954, 0.29714403), (-0.13191563, 0.45272076, 0.34463105), (-0.13147506, 0.4393154, 0.35918534), (0.12176492, 0.45288515, 0.33497146), (-0.32078338, 0.4528634, 0.34314668), (-0.32173064, 0.4393202, 0.35760447), (-0.38619506, 0.43933737, 0.31427932), (-0.3833336, 0.45295203, 0.30296093), (-0.13177967, 0.45288515, 0.33457443), (-0.31627506, 0.4533368, 0.33326447), (-0.3731255, 0.45355836, 0.29821837), (-0.38499296, 0.4530047, 0.15714148), (-0.31407753, 0.46057954, 0.2961736), (-0.13164948, 0.45783105, 0.29649645), (0.121753976, 0.45783105, 0.29689544), (-0.37459618, 0.4536418, 0.15697078), (-0.13142832, 0.44664806, 0.15735117), (0.30314043, 0.46062142, 0.15803766), (-0.37257996, 0.45366892, -0.048726466), (-0.38286877, 0.45311314, -0.05361933), (-0.31395698, 0.46062142, 0.15706912), (0.12197065, 0.44664806, 0.15774827), (0.36355886, 0.45366892, -0.04756865), (0.30335826, 0.46026337, -0.04552207), (0.12229343, 0.44806615, -0.046080563), (0.30565795, 0.45330527, -0.14755431), (-0.13110988, 0.44806615, -0.046477634), (-0.31353876, 0.46026337, -0.04649062), (-0.13101579, 0.4522044, -0.15138584), (-0.31551772, 0.45330527, -0.14853029), (0.12252895, 0.4522044, -0.15098692), (0.31030968, 0.453569, -0.16024943), (0.36571786, 0.45538494, -0.14947839), (-0.32012346, 0.453569, -0.16124205), (-0.37461913, 0.45538494, -0.1506418), (-0.1311329, 0.45334554, -0.1641774), (0.12268596, 0.45334554, -0.16377848), (0.31234777, 0.46000892, -0.19635314), (0.3751455, 0.43970954, -0.19539388), (0.31108138, 0.4397119, -0.22734313), (0.1223087, 0.43977416, -0.22855107), (0.12279176, 0.46058083, -0.19698584), (-0.13055265, 0.43977416, -0.22895), (-0.13113412, 0.46058083, -0.1973866), (-0.32068458, 0.4397119, -0.22833584), (-0.32205197, 0.46000892, -0.19735141), (-0.38370013, 0.43970954, -0.19658692), (-0.38478845, 0.37825125, 0.3231039), (-0.38619506, 0.43933737, 0.31427932), (-0.32173064, 0.4393202, 0.35760447), (-0.32052118, 0.37823597, 0.3674106), (-0.3844225, 0.31497416, 0.31421804), (-0.3216042, 0.31495973, 0.3565116), (-0.13147528, 0.3148907, 0.3580294), (-0.13147506, 0.4393154, 0.35918534), (-0.13097559, 0.37823552, 0.3690193), (0.12138606, 0.3148907, 0.35842648), (0.12085125, 0.37823552, 0.36941457), (0.12138173, 0.4393154, 0.35958245), (0.31028885, 0.4393202, 0.358599), (0.30905363, 0.37823597, 0.3683996), (0.3760727, 0.43933737, 0.3154779), (0.31016177, 0.31495973, 0.3575043), (0.37463865, 0.3782513, 0.32429883), (0.37425986, 0.31497425, 0.3154111), (-0.32068458, 0.31516182, -0.22838038), (-0.38396803, 0.3784316, -0.19859263), (-0.38361982, 0.3151508, -0.19652939), (-0.31957895, 0.37844306, -0.23194098), (-0.38370013, 0.43970954, -0.19658692), (-0.32068458, 0.4397119, -0.22833584), (-0.13055243, 0.31509358, -0.22899272), (-0.13002984, 0.37844345, -0.23260713), (-0.13055265, 0.43977416, -0.22895), (0.1223087, 0.43977416, -0.22855107), (0.121797144, 0.37844345, -0.23221003), (0.122308776, 0.31509358, -0.22859378), (0.309996, 0.37844306, -0.23095016), (0.31108138, 0.31516182, -0.22738585), (0.37506297, 0.3151508, -0.19533634), (0.31108138, 0.4397119, -0.22734313), (0.3754587, 0.3784316, -0.19739777), (0.3751455, 0.43970954, -0.19539388), (-0.37932056, 0.7666409, -0.31868047), (-0.33562633, 0.8919056, -0.33300653), (-0.3404604, 0.8978579, -0.30259353), (-0.38483468, 0.77108306, -0.28800216), (-0.3404696, 0.8985404, -0.29668948), (-0.38795924, 0.5967304, -0.2678443), (-0.38238403, 0.59421724, -0.29874718), (-0.3867812, 0.46353957, -0.25244212), (-0.3867903, 0.46422243, -0.24653609), (-0.3812528, 0.46264824, -0.28343767), (-0.33899853, 0.41725397, -0.27806053), (-0.34295312, 0.41637817, -0.24687749), (-0.34296238, 0.41706055, -0.24097715), (-0.3391054, 0.42510495, -0.2101615), (-0.3813595, 0.47050512, -0.21549602), (-0.38796845, 0.5974133, -0.26194024), (-0.38484356, 0.7717656, -0.28209803), (-0.37942886, 0.77458286, -0.2500077), (-0.33573288, 0.89976245, -0.2650667), (-0.29575515, 0.90514934, -0.21915315), (-0.33694196, 0.7819131, -0.1858957), (-0.33914247, 0.60966647, -0.16546325), (-0.33904314, 0.47604507, -0.16927814), (-0.3824919, 0.60215867, -0.23007442), (0.31499234, 0.93174404, -0.33664513), (0.36730397, 0.8918942, -0.33212516), (0.37250876, 0.8978465, -0.30169734), (0.31821093, 0.9392255, -0.30630448), (0.13825525, 0.945953, -0.33349827), (0.3724997, 0.89852977, -0.2957932), (0.13957857, 0.95382965, -0.30039477), (0.31820175, 0.93990797, -0.3003837), (-0.10766517, 0.95383495, -0.300675), (-0.107084, 0.9459591, -0.3337747), (0.31488532, 0.9395956, -0.26852715), (0.13813889, 0.95370954, -0.25943354), (0.36719733, 0.89975107, -0.26418346), (0.326396, 0.90513796, -0.21839239), (0.14348404, 0.91170436, -0.20471755), (-0.12751547, 0.91170967, -0.20503485), (0.13956822, 0.9544969, -0.29396746), (-0.10767536, 0.9545022, -0.2942477), (-0.2582712, 0.93991935, -0.30106837), (-0.2582616, 0.9392369, -0.30699107), (-0.25651237, 0.9317554, -0.33732235), (-0.10720051, 0.9537149, -0.25970992), (-0.25661933, 0.93960625, -0.2692081), (-0.29575515, 0.90514934, -0.21915315), (-0.33573288, 0.89976245, -0.2650667), (-0.3404696, 0.8985404, -0.29668948), (-0.3404604, 0.8978579, -0.30259353), (-0.33562633, 0.8919056, -0.33300653), (-0.29553246, 0.88875085, -0.36090165), (0.36719733, 0.89975107, -0.26418346), (0.3384748, 0.78190166, -0.18505332), (0.326396, 0.90513796, -0.21839239), (0.38054714, 0.7745715, -0.24903543), (0.38091063, 0.6021472, -0.2290966), (0.3388314, 0.60965514, -0.16461532), (0.3724997, 0.89852977, -0.2957932), (0.33872107, 0.4760339, -0.16843204), (0.3860721, 0.77175415, -0.28111094), (0.37972495, 0.47049373, -0.21452186), (0.33891213, 0.42509377, -0.2093154), (0.34287894, 0.41704923, -0.24012177), (0.38520616, 0.4642109, -0.24554901), (0.38608128, 0.7710717, -0.28701505), (0.37250876, 0.8978465, -0.30169734), (0.3864397, 0.5974018, -0.26094753), (0.38644913, 0.59671897, -0.26685166), (0.3852155, 0.4635281, -0.25145313), (0.3428882, 0.41636685, -0.24602218), (0.38065496, 0.76662946, -0.3177082), (0.36730397, 0.8918942, -0.33212516), (0.3810187, 0.5942058, -0.29776746), (0.37983158, 0.46263686, -0.2824654), (0.33901897, 0.41724283, -0.2772126), (-0.12751547, 0.91170967, -0.20503485), (-0.33694196, 0.7819131, -0.1858957), (-0.29575515, 0.90514934, -0.21915315), (-0.14788353, 0.7836679, -0.15845886), (-0.33914247, 0.60966647, -0.16546325), (0.14889365, 0.7836626, -0.15810075), (0.14348404, 0.91170436, -0.20471755), (0.326396, 0.90513796, -0.21839239), (0.3384748, 0.78190166, -0.18505332), (-0.14862035, 0.6148064, -0.122906215), (-0.33904314, 0.47604507, -0.16927814), (-0.14858586, 0.482149, -0.14552814), (0.14905006, 0.48214355, -0.14516813), (0.14901449, 0.6148009, -0.12254628), (0.3388314, 0.60965514, -0.16461532), (0.33872107, 0.4760339, -0.16843204), (0.33891213, 0.42509377, -0.2093154), (0.14905006, 0.48214355, -0.14516813), (0.33872107, 0.4760339, -0.16843204), (0.14920601, 0.42923075, -0.20877177), (-0.14854085, 0.4292363, -0.2091317), (-0.14858586, 0.482149, -0.14552814), (-0.33904314, 0.47604507, -0.16927814), (-0.3391054, 0.42510495, -0.2101615), (0.34287894, 0.41704923, -0.24012177), (-0.34296238, 0.41706055, -0.24097715), (0.15093334, 0.42123577, -0.23971912), (-0.1501437, 0.4212414, -0.24008468), (-0.15013465, 0.4205736, -0.24586076), (-0.34295312, 0.41637817, -0.24687749), (0.15094253, 0.42056805, -0.2454952), (0.3428882, 0.41636685, -0.24602218), (-0.14843492, 0.4214779, -0.27648336), (-0.33899853, 0.41725397, -0.27806053), (0.14931189, 0.42147237, -0.27612525), (0.33901897, 0.41724283, -0.2772126), (-0.37932056, 0.7666409, -0.31868047), (-0.29553246, 0.88875085, -0.36090165), (-0.33562633, 0.8919056, -0.33300653), (-0.33668813, 0.76322544, -0.34736598), (-0.3388878, 0.59097874, -0.32745126), (-0.38238403, 0.59421724, -0.29874718), (-0.33881992, 0.45964664, -0.3113495), (-0.3812528, 0.46264824, -0.28343767), (-0.33899853, 0.41725397, -0.27806053), (-0.14830169, 0.59274584, -0.3257962), (-0.1483273, 0.4640899, -0.30999684), (-0.14843492, 0.4214779, -0.27648336), (-0.1475898, 0.7616021, -0.34532318), (0.14933339, 0.59274024, -0.32543617), (0.1493086, 0.46408442, -0.30963874), (0.14931189, 0.42147237, -0.27612525), (0.3389445, 0.45963538, -0.3105034), (0.33901897, 0.41724283, -0.2772126), (0.37983158, 0.46263686, -0.2824654), (0.3390861, 0.59096766, -0.32660332), (0.3810187, 0.5942058, -0.29776746), (0.14918731, 0.761596, -0.34496507), (0.33872843, 0.76321405, -0.34652358), (0.38065496, 0.76662946, -0.3177082), (0.14372694, 0.8936414, -0.35921878), (0.32661897, 0.88873947, -0.3601428), (0.36730397, 0.8918942, -0.33212516), (0.31499234, 0.93174404, -0.33664513), (0.13825525, 0.945953, -0.33349827), (-0.12727278, 0.8936475, -0.35953975), (-0.107084, 0.9459591, -0.3337747), (-0.25651237, 0.9317554, -0.33732235), (-0.38562918, 0.30800748, -0.35053328), (-0.38487464, 0.17546052, -0.3303773), (-0.38309306, 0.17379908, -0.3492437), (-0.38067785, 0.046021137, -0.3497466), (-0.3831522, 0.17636447, -0.3114534), (-0.3882565, 0.30932006, -0.33102864), (-0.38569036, 0.31065592, -0.31151837), (-0.38519764, 0.44148195, -0.31863037), (-0.387606, 0.44015118, -0.33814064), (-0.38513592, 0.4388335, -0.35764527), (-0.38457763, 0.6065391, -0.32305935), (-0.38678634, 0.60521394, -0.34257144), (-0.38451654, 0.6038906, -0.36207435), (-0.38447654, 0.65719336, -0.3216678), (-0.38441727, 0.6572064, -0.35945812), (-0.3855148, 0.6571998, -0.3404971), (-0.51518524, 0.6698792, 0.004586722), (-0.5208097, 0.71384096, -0.3081971), (-0.50008017, 0.7175475, -0.3079837), (-0.518103, 0.7109968, -0.34180704), (-0.5090891, 0.71164465, -0.34883368), (-0.4745325, 0.7191972, -0.3487335), (-0.49037883, 0.6723488, 0.004920704), (-0.5217657, 0.62318593, 0.30004412), (-0.50101596, 0.62674975, 0.30014992), (-0.51914203, 0.6194598, 0.3197121), (-0.5094755, 0.6225071, 0.3244101), (-0.47142953, 0.62955564, 0.30018145), (-0.4748509, 0.62575215, 0.32441384), (-0.46698102, 0.6750996, 0.0049578142), (-0.47049594, 0.72049, -0.30789644), (-0.4299744, 0.62955564, 0.30024827), (-0.4257258, 0.62575215, 0.3244918), (-0.43455842, 0.6750996, 0.005007906), (-0.42898974, 0.72049, -0.30783153), (-0.42371923, 0.7191972, -0.34865373), (-0.39211783, 0.7116627, -0.3486481), (-0.40281853, 0.6267523, 0.3003039), (-0.39395413, 0.6225098, 0.32458824), (-0.38677022, 0.61973196, 0.31992176), (-0.38526118, 0.6235608, 0.30025935), (-0.3909288, 0.670161, 0.0047796858), (-0.41306478, 0.6723488, 0.0050431625), (-0.3843048, 0.71566844, -0.30798188), (-0.40183884, 0.7175654, -0.30782965), (-0.38572234, 0.71289694, -0.34159917), (0.37310216, 0.04490588, -0.0007291972), (0.37871704, 0.04260636, -0.3255605), (0.3737661, 0.045848336, -0.32598725), (0.3787488, 0.04588153, -0.345813), (0.39133534, 0.04587132, -0.3461043), (0.3781909, 0.042364635, -0.0004879884), (0.37274057, 0.043948248, 0.32633245), (0.39130294, 0.042504255, -0.3255587), (0.4245569, 0.04587132, -0.3460505), (0.39079177, 0.042286027, -0.0004601572), (0.37769225, 0.04227224, 0.3263658), (0.37765813, 0.043883633, 0.34799132), (0.390278, 0.042222414, 0.32642516), (0.39024344, 0.043877695, 0.34838095), (0.42452452, 0.042504255, -0.32550672), (0.42349958, 0.042222414, 0.32647526), (0.423465, 0.043877695, 0.34843478), (0.42401335, 0.042286027, -0.0004082036), (0.47572556, 0.042504255, -0.3254251), (0.4757578, 0.04587132, -0.3459707), (0.5119721, 0.04587132, -0.34591317), (0.47521433, 0.042286027, -0.0003284188), (0.47470042, 0.042222414, 0.32655695), (0.47466597, 0.043877695, 0.34851456), (0.51088023, 0.043877695, 0.3485721), (0.5119396, 0.042504255, -0.32536945), (0.5283145, 0.04588153, -0.34557733), (0.51142853, 0.042286027, -0.000270902), (0.5282826, 0.04260636, -0.32532492), (0.5341009, 0.045848336, -0.32573494), (0.52778924, 0.042364635, -0.0002523428), (0.5337671, 0.04490588, -0.000475), (0.53307545, 0.043948248, 0.32658476), (0.5272576, 0.04227224, 0.32660332), (0.5272235, 0.043883633, 0.348227), (0.51091456, 0.042222414, 0.3266144), (0.41300413, 0.6723488, 0.006340133), (0.39086923, 0.670161, 0.0060098595), (0.38522848, 0.71566844, -0.3067721), (0.3842722, 0.6235608, 0.30146912), (0.40276223, 0.7175654, -0.30656424), (0.38675183, 0.71289694, -0.34038576), (0.39316943, 0.7116627, -0.34741423), (0.42991278, 0.72049, -0.3064808), (0.42477062, 0.7191972, -0.34731963), (0.47558376, 0.7191972, -0.34723982), (0.43449786, 0.6750996, 0.006375389), (0.40182957, 0.6267523, 0.30156928), (0.38571945, 0.61973196, 0.32113525), (0.3928889, 0.6225098, 0.32582772), (0.4289855, 0.62955564, 0.30159718), (0.42466086, 0.62575215, 0.32582772), (0.4737856, 0.62575215, 0.32590562), (0.47044054, 0.62955564, 0.3016621), (0.5084105, 0.6225071, 0.3260096), (0.47141895, 0.72049, -0.30641583), (0.500027, 0.62674975, 0.3017215), (0.5180914, 0.6194598, 0.32134494), (0.5207769, 0.62318593, 0.30168253), (0.51512563, 0.6698792, 0.0062046857), (0.46692023, 0.6750996, 0.0064254883), (0.49031827, 0.6723488, 0.006460745), (0.5217331, 0.71384096, -0.3065587), (0.5010035, 0.7175475, -0.30641025), (0.5101405, 0.71164465, -0.34722874), (0.5191321, 0.7109968, -0.3401779), (0.45124772, -0.0008346548, 0.22473808), (0.49042556, -0.0001568184, 0.22479744), (0.49056777, 0.020815823, 0.1393717), (0.45138633, 0.020747043, 0.13654396), (0.4902988, 0.02075677, 0.3102399), (0.41318715, 0.020815823, 0.13924925), (0.45110902, 0.020686083, 0.3129452), (0.4130575, -0.0001568184, 0.22467682), (0.41291833, 0.02075677, 0.31011936), (0.45196113, -0.0006778288, -0.22907805), (0.45182252, 0.020842917, -0.14086904), (0.4910126, 0.020913597, -0.14357243), (0.491139, 7.6e-9, -0.22901498), (0.41363174, 0.020913597, -0.14369495), (0.49128118, 0.020972649, -0.31444255), (0.4137709, 7.6e-9, -0.22913742), (0.45209977, 0.020903876, -0.31727028), (0.41390055, 0.020972649, -0.31456506), (-0.3216042, 0.31495973, 0.3565116), (-0.13147528, 0.3148907, 0.3580294), (-0.13192718, 0.2917463, 0.30566624), (0.12138606, 0.3148907, 0.35842648), (-0.322817, 0.29243127, 0.30552706), (-0.3844225, 0.31497416, 0.31421804), (-0.3860877, 0.31495807, 0.16285637), (-0.32281592, 0.29179752, 0.15718229), (-0.32247978, 0.2918714, -0.05660293), (-0.3857441, 0.31503353, -0.055695605), (-0.38361982, 0.3151508, -0.19652939), (-0.13171104, 0.29109293, 0.15729736), (-0.322031, 0.29260403, -0.19444942), (-0.32068458, 0.31516182, -0.22838038), (-0.13055243, 0.31509358, -0.22899272), (-0.13137527, 0.29116672, -0.0563376), (0.1222536, 0.29109293, 0.15769628), (0.1220031, 0.2917463, 0.30606514), (0.3115297, 0.29243127, 0.30652344), (0.31016177, 0.31495973, 0.3575043), (0.37425986, 0.31497425, 0.3154111), (0.31199914, 0.29179752, 0.15817872), (0.3764413, 0.31495807, 0.16405314), (0.3767849, 0.31503353, -0.054495115), (-0.13114128, 0.29191905, -0.19417483), (0.12278909, 0.29191905, -0.1937759), (0.122308776, 0.31509358, -0.22859378), (0.31108138, 0.31516182, -0.22738585), (0.12258945, 0.29116672, -0.05593867), (0.31231585, 0.29260403, -0.19345117), (0.37506297, 0.3151508, -0.19533634), (0.31233522, 0.2918714, -0.05560654), (-0.5273, 0.04260636, -0.3269837), (-0.5109245, 0.04587132, -0.34752184), (-0.52726793, 0.04588153, -0.347238), (-0.5331168, 0.045848336, -0.32741234), (-0.52782875, 0.042364635, -0.001911134), (-0.5338056, 0.04490588, -0.0021541973), (-0.5341424, 0.043948248, 0.32490745), (-0.5109571, 0.042504255, -0.32697624), (-0.47471038, 0.04587132, -0.34746623), (-0.5283247, 0.04227224, 0.3249427), (-0.51198184, 0.042222414, 0.3250058), (-0.5283588, 0.043883633, 0.34656632), (-0.5120164, 0.043877695, 0.34696335), (-0.47580203, 0.043877695, 0.34702086), (-0.47474265, 0.042504255, -0.32691872), (-0.4752536, 0.042286027, -0.0018220696), (-0.42350933, 0.04587132, -0.3473846), (-0.51146793, 0.042286027, -0.0018795864), (-0.47576767, 0.042222414, 0.32506326), (-0.42460114, 0.043877695, 0.34710068), (-0.42354184, 0.042504255, -0.326839), (-0.39028767, 0.04587132, -0.34733263), (-0.42456686, 0.042222414, 0.32514304), (-0.39032012, 0.042504255, -0.32678884), (-0.3777026, 0.04588153, -0.34700233), (-0.42405295, 0.042286027, -0.0017422847), (-0.3913451, 0.042222414, 0.32519504), (-0.39137957, 0.043877695, 0.34715265), (-0.39083114, 0.042286027, -0.0016884768), (-0.3787591, 0.04227224, 0.32517833), (-0.37879336, 0.043883633, 0.3468019), (-0.37380737, 0.043948248, 0.32515788), (-0.37823018, 0.042364635, -0.0016773428), (-0.37314078, 0.04490588, -0.0019018544), (-0.37773412, 0.04260636, -0.32674992), (-0.37278196, 0.045848336, -0.32715994)]
                normal3f[] primvars:normals = [(0.8939778, 0.09904096, 0.4370292), (0.8242032, -0.5649135, 0.03952137), (0.250706, 0.2274369, 0.940967), (0.00097966, -0.1164349, -0.9931979), (-0.2373766, 0.2350686, -0.9425471), (0.2536672, 0.2280548, -0.9400234), (0.8955432, 0.09976855, -0.4336457), (0.00098222, -0.1164529, -0.9931957), (0.2536429, 0.2282449, -0.9399838), (-0.8853102, 0.1047929, -0.4530389), (-0.7277618, -0.6843524, -0.04499584), (0.9998283, 0.01846014, 0.00157455), (0.8242093, -0.5650548, -0.03731301), (-0.8853166, 0.1047739, -0.4530308), (-0.7277628, -0.6843512, -0.04499847), (-0.2373555, 0.2353046, -0.9424936), (-0.00098136, -0.1171335, 0.9931157), (0.2506966, 0.2274353, 0.9409699), (-0.2403154, 0.2347241, 0.941888), (0.8939741, 0.099041, 0.4370367), (0.8241577, -0.5649799, 0.03951702), (0.9998282, 0.01846574, 0.0015758), (0.8242033, -0.5650633, -0.03731257), (-0.886929, 0.1049167, 0.4498327), (-0.2403417, 0.2346373, 0.9419029), (-0.7278999, -0.6843818, 0.04222915), (0.8955445, 0.09979586, -0.4336368), (-0.9994963, 0.0316978, -0.00155792), (-0.9994968, 0.03168125, -0.0015609), (-0.7279434, -0.6843349, 0.04223829), (-0.00098118, -0.1171288, 0.9931163), (-0.8869327, 0.1048979, 0.4498299), (0.6931139, 0.6858702, -0.2217544), (0.2906114, 0.01692374, -0.9566914), (0.263638, 0.9121182, -0.3139035), (-0.2507176, 0.2277306, -0.9408928), (0.2403159, 0.2354184, -0.9417147), (0.00098076, -0.1164469, -0.9931965), (-0.8242742, -0.5649858, 0.03692069), (-0.8241857, -0.5649119, -0.03990659), (-0.9998304, 0.0183679, -0.00139496), (0.7278598, -0.684395, -0.042705), (0.8823012, 0.1076737, -0.4582042), (-0.8241674, -0.5649383, -0.03990969), (-0.2507166, 0.2278543, -0.9408633), (-0.8939764, 0.09934954, -0.4369622), (0.2403274, 0.2352141, -0.9417628), (0.00097629, -0.1164385, -0.9931974), (0.2373542, 0.2348543, 0.9426062), (-0.2536677, 0.2272005, 0.9402301), (-0.00097749, -0.1171228, 0.9931169), (0.7279332, -0.6843167, -0.04270792), (0.8823028, 0.1076777, -0.4582003), (0.8853116, 0.1044718, 0.4531104), (0.999505, 0.03143142, 0.00129148), (0.7277358, -0.6844108, 0.04452556), (-0.8939765, 0.09934437, -0.436963), (0.7277302, -0.6844172, 0.04451999), (0.2373547, 0.2347162, 0.9426404), (0.8853121, 0.1044796, 0.4531076), (-0.8911242, 0.1018105, 0.4421903), (-0.00098062, -0.1171245, 0.9931167), (-0.2536669, 0.2273518, 0.9401938), (-0.8242753, -0.564984, 0.03692299), (-0.891122, 0.1018058, 0.442196), (0.999505, 0.03143349, 0.00129092), (-0.9998305, 0.01836003, -0.00139338), (-0.2637227, 0.9142906, -0.3074459), (-0.2868501, 0.01697433, -0.9578251), (-0.692412, 0.6858706, -0.2239356), (-0.2720845, -0.276764, 0.9216136), (-0.8525276, -0.1426032, 0.5028527), (-0.1245955, -0.7756739, 0.6187131), (-0.02007897, -0.9977056, 0.06465542), (-0.00341845, -0.9977399, 0.06710852), (-0.02506864, -0.1414764, 0.9896242), (-0.00158945, -0.1421685, 0.9898412), (-0.02774474, 0.02701881, 0.9992498), (0.9992068, -0.0215627, 0.03347993), (0.9652812, 0.2610902, 0.00801155), (-0.00157425, 0.02703127, 0.9996333), (0.9789448, -0.00364171, 0.2040927), (-0.02824546, 0.03911379, 0.9988355), (0.9849251, 0.01080485, 0.1726438), (-0.00156653, 0.03898355, 0.9992386), (-0.0277673, 0.01423684, 0.999513), (-0.00157502, 0.01416979, 0.9998984), (0.9911723, 0.00919877, 0.132261), (0.9969805, 0.01366425, 0.07644042), (-0.00151074, 0.3349516, 0.9422342), (-0.02571404, 0.3361611, 0.9414535), (-0.02355823, -0.00390465, -0.9997148), (0.00157058, -0.00626269, -0.9999791), (0.9990745, -0.02071846, -0.03769409), (0.00160119, -0.03181503, -0.9994925), (-0.02531987, -0.03202957, -0.9991661), (0.9800404, -0.01366321, -0.1983285), (0.00156677, -0.03898117, -0.9992387), (0.9851119, -0.00314919, -0.1718859), (-0.02457929, -0.03889367, -0.998941), (0.9910749, 0.00275208, -0.1332774), (0.0015769, -0.00824344, -0.9999648), (-0.02482155, -0.00827581, -0.9996576), (-0.02263427, 0.3847703, -0.9227348), (0.00146869, 0.3853329, -0.9227764), (0.9958634, 0.03283545, -0.08472135), (-0.07060631, 0.9975042, 0.00033696), (-0.0000014, 1, 0.00034525), (0.9990233, 0.04312291, 0.00963563), (0.9999701, 0.00706571, 0.00315082), (0.9999917, 0.00407689, 0.00018644), (0.9999453, -0.0090837, 0.00519598), (0.9995587, -0.02832866, 0.00893363), (-0.997418, 0.07180069, 0.00136748), (-0.9974118, -0.07188618, 0.00142342), (-0.9781786, -0.09442718, 0.1850678), (-0.9792491, 0.09511296, 0.1789543), (0.9643843, 0.2644209, 0.00667742), (0.9999962, 0.00001058, 0.00277358), (0.9999985, 0.00012222, 0.00176337), (0.9943908, 0.1057571, 0.00152794), (0.9999988, 0.00007876, 0.00156805), (0.7112206, 0.00044573, -0.7029688), (-0.4038171, 0.9146776, 0.01721942), (-0.00000715, 0.9999993, 0.00118202), (-0.8405913, 0.2911065, 0.4567967), (0.00033467, 1, -0.00023365), (-0.03786009, 0.3897687, 0.9201341), (0.09384324, 0.9949681, 0.03509672), (0.00029463, 0.9998073, 0.01963113), (-0.00120594, 0.9998078, 0.01957158), (-0.00094562, 0.9999995, -0.00029813), (-0.3974802, 0.9166046, 0.04295993), (-0.3695004, 0.9292305, 0.00016867), (0.9999985, -0.00012317, 0.00174874), (0.9999988, -0.00007842, 0.00156894), (0.9999963, -0.00001299, 0.00273135), (0.9646059, -0.2636081, 0.00680339), (0.9943898, -0.1057659, 0.00159305), (0.9130084, 0.00094169, -0.4079396), (-0.00000802, -0.9999985, 0.00176528), (-0.400772, -0.9160047, 0.01781243), (0.949274, -0.0029275, 0.3144367), (-0.8671237, -0.00467018, 0.498071), (-0.839563, -0.2952925, 0.4560005), (0.00033495, -0.9999999, 0.00036286), (-0.03358147, -0.3908314, 0.9198495), (0.09414443, -0.9949195, 0.03566379), (0.00029051, -0.9997959, 0.02020617), (0.01007861, -0.0090825, 0.999908), (-0.00094589, -0.9999995, 0.00029922), (-0.00120529, -0.9997963, 0.02014817), (-0.02092743, -0.00918437, 0.9997388), (-0.3979809, -0.9163634, 0.0434673), (-0.3697339, -0.9291373, 0.00079988), (-0.02016777, 0.00850096, 0.9997604), (0.01006872, 0.00839168, 0.9999142), (-0.8634786, 0.00437371, 0.5043666), (0.9504184, 0.00268123, 0.3109626), (-0.4163831, -0.7401603, -0.5280037), (-0.8771245, -0.00915689, -0.4801756), (-0.004136, -0.9085671, -0.4177186), (-0.02864319, -0.1155649, -0.9928868), (0.00050473, -0.9191815, -0.3938339), (-0.1179476, -0.00706459, -0.9929947), (-0.8411307, -0.00080609, -0.5408312), (-0.00396571, -0.2155917, -0.9764755), (-0.09408326, -0.0758497, -0.9926708), (-0.1475555, -0.00112972, -0.9890532), (0.00715122, -0.2154645, -0.9764855), (0.00073791, -0.9191701, -0.3938602), (-0.1408664, 0.00332671, -0.990023), (0.1215691, 0.00041217, -0.9925829), (-0.8208474, 0.00187244, -0.5711445), (-0.8928541, 0.07134317, -0.4446591), (-0.3362772, 0.07299439, -0.93893), (0.1090986, 0.00236358, -0.9940281), (0.03181538, -0.1157904, -0.9927641), (0.0035857, -0.9142466, -0.4051424), (0.5148704, -0.7083238, -0.4828932), (0.9129425, -0.0063565, -0.4080385), (0.15148, -0.00596899, -0.9884422), (0.8819733, -0.00078422, -0.4712986), (0.1115851, -0.07859521, -0.990642), (0.16211, -0.00082966, -0.9867724), (0.8691107, 0.00751242, -0.4945605), (0.00714013, -0.1230785, -0.9923712), (0.1549113, 0.00185317, -0.9879265), (-0.151456, 0.00041801, -0.9884639), (0.9480748, 0.08985984, -0.3050895), (-0.1326534, 0.00190166, -0.9911607), (-0.00065684, 0.01100747, -0.9999392), (-0.0037936, -0.1229496, -0.9924057), (-0.0499109, 0.00410831, -0.9987452), (0.00098211, 0.01278598, -0.9999177), (0.00416002, 0.01103236, -0.9999305), (0.00215259, 0.01278745, -0.999916), (0.04459819, 0.00413449, -0.9989964), (0.00087819, 0.00440761, -0.99999), (-0.04907951, 0.00034446, -0.9987948), (0.00224039, 0.00440635, -0.9999878), (0.00087854, 0.00034535, -0.9999996), (0.00223869, 0.00034553, -0.9999975), (0.0007433, -0.00729951, -0.9999731), (-0.03683103, -0.00731967, -0.9992948), (0.04475039, 0.00034514, -0.9989981), (0.03742704, -0.00733251, -0.9992725), (0.00236878, -0.00728252, -0.9999707), (0.00262588, -0.0174111, -0.9998449), (-0.1421905, -0.00090083, -0.9898388), (0.01720077, -0.0084873, -0.9998161), (0.09911434, 0.9846378, -0.1437518), (0.00057632, -0.01759452, -0.999845), (-0.07683115, 0.9805192, -0.1807735), (-0.01026181, -0.00681453, -0.9999242), (-0.2660033, 0.9082877, -0.3228864), (0.1127721, -0.00148245, -0.9936197), (-0.8513061, 0.4841233, -0.2022436), (0.8597238, 0.4555371, 0.2309998), (0.4909437, 0.1285806, 0.8616503), (0.903396, 0.08840554, 0.4195952), (0.9262297, 0.3726197, 0.05703574), (0.9988255, 0.04333177, 0.02168011), (0.9979278, 0.06336973, 0.01115131), (0.9998399, 0.00176066, 0.01780587), (0.8734988, 0.4811974, 0.07381632), (0.8935378, 0.02384383, 0.4483544), (0.8769564, 0.4746186, 0.07539649), (0.9042047, 0.01201038, 0.4269306), (0.9988928, 0.0467165, -0.00555176), (0.9998801, 0.00110372, -0.01544887), (0.9999977, 0.00128743, 0.00168842), (0.999903, -0.00001551, -0.01392949), (0.9999988, 0.0000033, 0.00155926), (0.9998606, 0.00050927, 0.01668689), (0.9999981, -0.00115528, 0.00156987), (0.9998587, -0.00109363, 0.01677057), (0.9238185, -0.00182576, 0.3828264), (0.9076802, -0.4193957, 0.01496395), (0.5195701, -0.7207937, 0.4588064), (0.9173027, -0.39819, 0.0007574), (0.9350725, -0.3542249, -0.01281712), (0.9999053, -0.0011363, -0.01370955), (-0.9130961, -0.407398, -0.01680428), (-0.9998079, -0.00141745, -0.01954859), (-0.8908058, -0.4543761, -0.00271919), (-0.9999979, -0.00134687, -0.00157654), (-0.8790761, -0.4764829, 0.01376563), (-0.9998671, -0.00129094, 0.01625019), (-0.4370479, -0.7753107, 0.4559413), (-0.8922697, -0.00233651, 0.451497), (-0.8869175, 0.01276, 0.4617515), (-0.9999988, 0.00000176, -0.00157374), (-0.9998574, 0.00059504, 0.01687562), (-0.8708856, 0.02667378, 0.4907614), (-0.9998252, 0.00001055, -0.01870146), (-0.9997554, 0.00103788, -0.02208891), (-0.9998587, 0.00195083, 0.01669753), (-0.8909552, 0.09367876, 0.4443235), (-0.9999979, 0.00134414, -0.00156632), (-0.998807, 0.04562368, 0.01741096), (-0.9976654, 0.06755845, 0.00998265), (-0.9989324, 0.0441276, -0.01366383), (-0.9218463, 0.3849252, 0.04507711), (-0.8814936, 0.4662685, 0.07458378), (-0.924103, 0.3797309, 0.04287329), (-0.8191985, 0.492803, 0.2933584), (-0.4926885, 0.1389904, 0.8590341), (0.2257154, 0.8976859, 0.3784345), (0.08811904, 0.1949267, 0.9768514), (0.04173319, 0.9485008, 0.3140138), (0.01237547, 0.3087452, 0.9510642), (-0.0147039, 0.3076749, 0.951378), (-0.04320595, 0.9438183, 0.3276283), (-0.2084904, 0.8989657, 0.3852173), (0.05953104, 0.1548386, 0.9861445), (0.1307808, 0.09272256, 0.9870658), (0.1801025, 0.1219232, 0.9760624), (-0.0663836, 0.1463523, 0.9870026), (0.1195282, 0.07287277, 0.9901528), (0.3739454, 0.05877075, 0.9255868), (0.4157636, 0.05051462, 0.9080688), (-0.09009284, 0.1927488, 0.9771035), (0.3690999, 0.01794813, 0.9292164), (-0.1181662, 0.09496778, 0.9884421), (-0.1511028, 0.1069697, 0.9827133), (-0.3328643, 0.06568475, 0.9406842), (-0.1218357, 0.07645312, 0.9896014), (0.1211126, 0.01338311, 0.9925485), (-0.1198595, 0.01327119, 0.9927021), (0.06837492, -0.1090086, 0.9916864), (-0.3932508, 0.06029658, 0.917452), (-0.3640071, 0.0519362, 0.9299471), (-0.3682505, 0.02725405, 0.9293271), (-0.3326523, 0.01847717, 0.9428685), (-0.07008129, -0.1054054, 0.9919568), (-0.2859637, -0.05575075, 0.9566174), (-0.0505566, -0.6055826, 0.7941749), (0.301989, -0.05179172, 0.9519034), (0.04926947, -0.6065804, 0.793494), (-0.3000693, 0.02532489, 0.9535812), (-0.3109347, -0.1953262, 0.9301437), (-0.1924689, -0.00924377, 0.9812595), (-0.04440114, -0.1044067, 0.993543), (-0.00297689, -0.9433026, 0.3319209), (-0.00052303, -0.9474922, 0.3197783), (-0.01105306, -0.2308988, 0.9729149), (-0.00050208, -0.9477105, 0.3191309), (0.00841168, -0.227768, 0.973679), (0.00331847, -0.9382771, 0.3458686), (0.3436656, -0.1944761, 0.9187345), (0.04622913, -0.1097587, 0.9928826), (0.2337884, -0.00767591, 0.9722572), (0.3206365, 0.02574235, 0.9468524), (0.4227597, 0.02741735, 0.905827), (0.3952654, 0.05943706, 0.916642), (-0.5313216, -0.7553661, -0.3835613), (-0.9966357, -0.08194363, -0.00159743), (-0.3944075, -0.9189352, -0.00093812), (-0.5325558, -0.7555711, 0.3814403), (-0.5313188, -0.755365, -0.3835678), (0.00094752, -0.89259, -0.4508682), (-0.394405, -0.9189363, -0.00093621), (0.00002632, -1, -0.00034573), (0.536248, -0.7567471, -0.3738607), (0.4157036, -0.9095001, 0.00033885), (0.5350346, -0.757067, 0.3749499), (-0.00019798, -0.8929053, 0.4502445), (-0.5325557, -0.7555709, 0.3814407), (0.4280961, -0.7673406, 0.4774119), (0.879126, -0.4762956, 0.01672944), (0.892115, -0.00122727, 0.4518068), (0.9998117, -0.00119874, 0.01936755), (0.8908052, -0.4543856, 0.00009221), (0.9998155, 0.00056554, 0.01919946), (0.8750556, 0.01256187, 0.4838595), (0.9999979, -0.00134794, 0.00156999), (0.9131376, -0.4074129, -0.01394212), (0.99978, 0.00188407, 0.02088934), (0.8812113, 0.02686958, 0.4719583), (0.9999988, 0.00000154, 0.00157183), (0.9998643, -0.00141863, -0.01640943), (0.9987462, 0.04563946, 0.02057302), (0.8893887, 0.09388152, 0.4474082), (0.8786135, -0.00915839, -0.4774457), (0.4166289, -0.7417138, -0.5256245), (0.8495221, -0.00077519, -0.5275526), (0.9998717, 0.00000825, -0.01601872), (0.999998, 0.00131922, 0.00157541), (0.9998243, 0.00102878, -0.01871657), (0.810876, 0.00163646, -0.5852159), (0.8923795, 0.07235497, -0.4454475), (0.9976291, 0.06755763, 0.01311859), (0.9989704, 0.04412916, -0.01052231), (0.9207476, 0.3870012, 0.04953885), (0.8519468, 0.4841188, -0.1995382), (0.3334089, 0.07456609, -0.9398289), (0.8813764, 0.4662624, 0.07599273), (0.924774, 0.3776477, 0.04664156), (0.8182694, 0.4928077, 0.2959318), (0.494916, 0.1385344, 0.8578266), (-0.9966351, -0.08194989, -0.00159278), (0.9982296, -0.05945859, 0.00154501), (0.1343221, 0.00074914, -0.9909374), (0.1486733, -0.00109371, -0.9888858), (0.1210158, -0.00706503, -0.9926254), (0.03197175, -0.1153993, -0.9928045), (0.09856979, -0.07693673, -0.9921516), (0.00533192, -0.9090843, -0.4165781), (0.00678802, -0.2153528, -0.9765127), (0.00061747, -0.9193622, -0.3934114), (0.00062011, -0.9193643, -0.3934068), (0.00095347, -0.2199282, -0.9755156), (-0.0048487, -0.9085155, -0.4178232), (0.00688487, -0.121407, -0.9925789), (-0.1059344, 0.00236846, -0.9943703), (-0.0009912, 0.01089541, -0.9999402), (0.00099933, 0.01275879, -0.9999181), (-0.1187956, 0.00041031, -0.9929187), (-0.04135156, 0.00414036, -0.9991361), (-0.04156441, 0.00034241, -0.9991358), (0.00090241, 0.00440634, -0.9999899), (0.00216943, 0.01280735, -0.9999156), (0.00031829, -0.1221941, -0.9925062), (-0.03794485, -0.1188502, -0.9921869), (-0.9128039, -0.00632432, -0.4083489), (-0.5094669, -0.6948636, -0.5075511), (-0.1484417, -0.00596989, -0.9889031), (-0.8806916, -0.00081524, -0.4736894), (-0.113066, -0.07594765, -0.9906806), (0.00384295, 0.01107979, -0.9999312), (0.00226065, 0.00438515, -0.9999878), (-0.158846, -0.00090898, -0.987303), (0.1358003, 0.00190205, -0.9907345), (-0.1522622, 0.00184104, -0.9883384), (-0.867389, 0.00754233, -0.4975735), (-0.9471107, 0.08986083, -0.3080688), (0.0533729, 0.0040279, -0.9985666), (0.1546102, 0.00034406, -0.9879754), (0.00090536, 0.00034531, -0.9999995), (0.00046492, -0.0073593, -0.9999728), (0.00227118, 0.00034449, -0.9999974), (0.05201427, 0.00034597, -0.9986463), (0.1456741, -0.00070888, -0.9893324), (0.00239074, -0.00729922, -0.9999706), (-0.01433078, -0.01089253, -0.999838), (0.04031652, -0.00731407, -0.9991602), (0.00059783, -0.01633446, -0.9998664), (-0.09855836, 0.9843359, -0.1461814), (0.00061625, -0.01771657, -0.9998429), (0.07739872, 0.9805189, -0.1805327), (0.0215984, -0.01127321, -0.9997031), (0.2664886, 0.9088809, -0.3208105), (-0.03427091, -0.00723682, -0.9993864), (-0.108842, -0.00008956, -0.9940591), (0.2059411, 0.8955179, 0.3945073), (0.03140029, 0.1510864, 0.9880216), (0.04262492, 0.945164, 0.3238026), (0.03584525, 0.285038, 0.9578457), (-0.04390521, 0.9489279, 0.3124232), (-0.0382131, 0.2847326, 0.957845), (-0.2344454, 0.8943968, 0.3809066), (0.1152094, 0.09447084, 0.9888388), (0.1411519, 0.1148896, 0.9832987), (0.06801687, 0.1497511, 0.9863815), (-0.07265545, 0.1504727, 0.9859408), (0.3298876, 0.06602659, 0.9417083), (0.1184182, 0.07659754, 0.9900051), (0.3882802, 0.06070583, 0.9195397), (0.3601195, 0.05203825, 0.9314537), (0.3003432, 0.02385944, 0.9535328), (0.3350407, 0.02590117, 0.9418475), (0.1893946, -0.00924615, 0.9818575), (0.3668531, 0.02715832, 0.9298823), (0.3289991, -0.2023848, 0.9223881), (0.0512521, -0.106347, 0.9930073), (0.3045846, -0.06587785, 0.9502043), (0.1134074, 0.01761534, 0.9933924), (0.05705309, -0.1159903, 0.9916105), (-0.1259061, 0.0764194, 0.9890943), (-0.3727809, 0.06519035, 0.9256266), (-0.1237829, 0.01332731, 0.9922198), (0.02284843, -0.6166513, 0.7869048), (-0.07115031, -0.1087146, 0.9915235), (0.00282067, -0.9386445, 0.3448745), (-0.00059056, -0.2362662, 0.9716883), (-0.00050193, -0.9476908, 0.3191897), (-0.04517451, -0.5982611, 0.8000268), (-0.00250948, -0.2371874, 0.9714606), (-0.00050254, -0.947667, 0.3192599), (-0.00337529, -0.9436783, 0.3308474), (-0.05858261, -0.1067012, 0.9925638), (-0.524915, -0.7329972, 0.4326424), (-0.9239194, -0.00173248, 0.3825833), (-0.2368602, -0.00767645, 0.9715134), (-0.9055305, 0.01201085, 0.4241112), (-0.3523897, -0.1948892, 0.9153358), (-0.331382, 0.03135411, 0.9429756), (-0.8949461, 0.02384325, 0.4455369), (-0.2978598, -0.05734245, 0.9528859), (-0.3718446, 0.01811188, 0.9281183), (-0.423343, 0.03025716, 0.9054641), (-0.3992329, 0.05962963, 0.9149083), (-0.4883575, 0.1292884, 0.863013), (-0.9047009, 0.08840447, 0.4167745), (-0.4199862, 0.05046289, 0.9061264), (-0.1336497, 0.09320536, 0.986636), (-0.1636938, 0.1150398, 0.9797807), (-0.03955997, 0.1476467, 0.9882487), (-0.8604415, 0.4555354, 0.2283153), (0.5350353, -0.7570658, 0.3749515), (0.9982292, -0.0594644, 0.00154793), (0.4157017, -0.9095009, 0.00033963), (0.5362496, -0.7567452, -0.3738621), (-0.00019942, -0.8929053, 0.4502444), (0.00094876, -0.8925903, -0.4508674), (0.00002524, -1, -0.00034419), (-0.8715556, 0.4842308, 0.07688595), (-0.9987801, 0.0488428, -0.00726256), (-0.8749446, 0.4783255, 0.07534245), (-0.9998345, 0.00107705, -0.01815692), (-0.9977411, 0.06644371, 0.00989342), (-0.9998416, -0.00001877, -0.01780132), (-0.9988304, 0.04572538, 0.01571843), (-0.9266534, 0.3737454, 0.04034818), (-0.9999981, 0.00126111, -0.00147393), (-0.9998573, -0.00113021, -0.01685446), (-0.9349729, -0.3543759, -0.01560348), (-0.9172903, -0.3982134, -0.00213641), (-0.9998844, 0.00181262, 0.01510242), (-0.9999988, 1.9e-7, -0.00156769), (-0.9999981, -0.00115612, -0.00157541), (-0.9077277, -0.4193849, 0.01211825), (-0.999911, 0.00049958, 0.01333907), (-0.9999063, -0.00109309, 0.01364395), (0.5236344, -0.7618606, 0.3812812), (0.9966739, -0.08148059, 0.00136009), (0.4011761, -0.9160009, 0.000314), (0.5164801, -0.7662379, -0.3822666), (-0.535035, -0.7568061, -0.3754759), (-0.9982496, -0.05912322, -0.00148305), (-0.4157052, -0.9094989, -0.0009678), (-0.5277801, -0.7618575, 0.3755279), (-0.5350348, -0.756805, -0.3754785), (0.00058083, -0.8937398, -0.4485853), (0.5164796, -0.7662376, -0.3822679), (-0.00056008, -0.8940483, 0.4479702), (0.00058268, -0.8937399, -0.4485852), (-0.9982493, -0.05912914, -0.00148237), (-0.4157044, -0.9094993, -0.00096728), (-0.5277811, -0.7618581, 0.3755252), (0.5236403, -0.761857, 0.3812805), (0.9966738, -0.08148226, 0.0013575), (0.4011775, -0.9160003, 0.00031269), (-0.0005625, -0.894048, 0.4479709), (0.9342887, -0.01440489, 0.3562265), (0.8106426, -0.5366128, 0.234319), (0.805725, -0.592266, 0.00530037), (0.9998624, -0.01492486, 0.00723222), (0.9424571, 0.09911316, 0.3192981), (0.8073178, -0.5901069, -0.00344515), (0.9998174, 0.01786687, 0.00677082), (0.7529919, 0.6328657, 0.1802341), (0.750966, 0.6603301, 0.00376055), (0.9999064, -0.01250552, -0.00555164), (0.9991354, 0.03976711, -0.01212332), (0.6085723, 0.793362, -0.01471308), (0.339454, 0.9401432, -0.03003026), (0.8932536, 0.2557261, -0.3697325), (0.932249, 0.00030924, -0.3618172), (0.8013849, -0.5374013, -0.2626445), (-0.9333311, -0.00162536, -0.3590132), (-0.8069667, -0.5296, -0.2613972), (-0.8065215, -0.5911753, -0.00590247), (-0.9998907, -0.0121762, -0.00838262), (-0.8160256, -0.5780096, 0.00268117), (-0.8943664, 0.252946, -0.368954), (-0.9998877, -0.01450302, 0.00376991), (-0.8180432, -0.5277826, 0.2285842), (-0.9368429, -0.01179029, 0.3495517), (-0.9991093, 0.03988875, -0.01376068), (-0.3449121, 0.9381409, -0.03045485), (-0.6133605, 0.7897049, -0.01245967), (-0.9998413, 0.01760911, 0.00268245), (-0.9441426, 0.09723844, 0.314864), (-0.7511157, 0.6601657, -0.00253054), (-0.7612494, 0.6249143, 0.1731518), (0.1654558, 0.2923921, 0.9418765), (0.09664829, 0.8427911, 0.5294924), (0.00117901, 0.3111223, 0.9503691), (0.0996193, 0.9948427, 0.01907791), (0.1048887, 0.994484, 0.00010188), (0.00003485, 0.8746233, 0.4848032), (0.0151927, 0.988441, 0.1508431), (0.01921252, 0.9990096, 0.0401315), (-0.00155602, 0.8748283, 0.4844306), (-0.00421026, 0.3112233, 0.9503275), (-0.00474119, 0.994126, 0.1081245), (-0.1042419, 0.8436697, 0.5266453), (-0.1710071, 0.2919156, 0.9410324), (0.00438915, 0.9941275, 0.1081258), (-0.01580504, 0.9885512, 0.1500563), (-0.1018992, 0.9946151, 0.01889753), (0.00196329, 0.9997908, 0.02035869), (0.00636087, 0.9993625, -0.03513022), (-0.01814599, 0.9995418, -0.02423011), (-0.1067884, 0.9942818, -0.00026216), (0.0259528, 0.9994048, -0.02272663), (-0.01785381, 0.9997799, -0.01102188), (-0.09805582, 0.9950518, -0.0160328), (0.02673088, 0.9996418, 0.00130929), (-0.03091417, 0.999083, -0.02962148), (0.0968831, 0.995163, -0.01625987), (-0.02572435, 0.9994344, -0.02165591), (-0.02219345, 0.999668, 0.01308824), (-0.02615873, 0.9993306, -0.0255738), (0.02918036, 0.9994338, 0.01674962), (0.01305396, 0.9998078, -0.01463162), (0.01762611, 0.999329, 0.03210787), (-0.00332257, 0.9986283, -0.05225407), (-0.0028967, 0.9989894, 0.0448519), (-0.02047889, 0.9927477, 0.118459), (0.01725761, 0.9925211, 0.1208474), (0.00204329, 0.9837921, 0.1793013), (-0.00055994, 0.984037, 0.177963), (0.05656306, 0.9712781, -0.2311269), (0.119245, 0.3731977, -0.9200565), (0.00355151, 0.3950868, -0.918637), (0.00174847, 0.9788606, -0.2045212), (-0.00050044, 0.3947694, -0.91878), (0.00043345, 0.9786971, -0.2053088), (-0.1140516, 0.376566, -0.9193423), (-0.05826046, 0.9714971, -0.2297807), (-0.1656355, -0.00767077, 0.9861572), (-0.1374872, -0.560262, 0.8168254), (-0.00367007, -0.5910534, 0.8066241), (-0.00452036, -0.00945679, 0.999945), (0.0011451, -0.5917942, 0.8060882), (0.00135654, -0.00904381, 0.9999582), (0.1637711, -0.00982416, 0.9864494), (0.1382361, -0.5567262, 0.8191134), (-0.1154133, -0.3831609, -0.9164429), (-0.1275167, -0.0006212, -0.9918362), (-0.00058678, -0.407229, -0.9133259), (-0.00055128, 0.00039741, -0.9999998), (0.00374809, 0.00028697, -0.999993), (0.00344697, -0.4063255, -0.9137219), (0.13066, 0.00108758, -0.9914267), (0.116252, -0.3858667, -0.9152007), (-0.7992626, 0.5636042, -0.208637), (-0.6997585, 0.3895904, -0.5987965), (-0.785556, 0.04477918, -0.6171682), (-0.9768921, 0.1347174, -0.1659307), (-0.7976971, 0.5990639, 0.06929582), (-0.9888079, -0.011299, -0.1487661), (-0.7757389, -0.06788915, -0.6273915), (-0.9580194, -0.2548049, -0.1314275), (-0.958993, -0.2186926, 0.1802943), (-0.7791828, -0.2322374, -0.5821854), (-0.1047452, -0.8403892, -0.5317654), (-0.1883896, -0.9818009, -0.02400732), (-0.191032, -0.9506987, 0.244292), (-0.9899254, 0.02208684, 0.1398564), (-0.9780034, 0.168275, 0.1232589), (-0.8862944, 0.1913547, 0.4217412), (-0.7487719, 0.5396925, 0.3848019), (-0.2655748, 0.4860728, 0.8325883), (-0.3779025, 0.2189815, 0.8995759), (-0.3926248, 0.07590332, 0.9165612), (-0.8940618, 0.05622464, 0.4444009), (0.9192358, 0.343284, -0.1927731), (0.7684668, 0.1954021, -0.6093249), (0.1441012, 0.7275994, -0.6706967), (0.2311784, 0.9448342, -0.2320448), (0.01469493, 0.6962867, -0.7176133), (0.9195559, 0.3774033, 0.1094703), (0.03102907, 0.9768509, -0.2116592), (0.2415754, 0.9703212, 0.01086405), (-0.03220451, 0.9769446, -0.2110502), (-0.01386136, 0.6958445, -0.7180587), (0.1919541, 0.9121364, 0.3621611), (0.03124903, 0.8990463, 0.4367371), (0.8315926, 0.3556148, 0.4266051), (0.2596897, 0.4630429, 0.8474388), (0.03237272, 0.5106604, 0.8591728), (-0.04535514, 0.4907794, 0.8701026), (0.03546564, 0.9993609, 0.00447965), (-0.03758374, 0.9992869, 0.00363749), (-0.2340943, 0.9722139, 0.00023811), (-0.2264598, 0.9479358, -0.2239057), (-0.1376124, 0.7447478, -0.6530035), (-0.03600954, 0.9006509, 0.4330489), (-0.1652203, 0.9183064, 0.359744), (-0.1052225, 0.04708992, -0.9933332), (0.3753655, 0.1898043, 0.9072349), (0.8969359, 0.09160668, 0.4325668), (0.8943633, 0.03305505, 0.4461185), (0.4131601, 0.04961465, 0.9093058), (0.3107623, -0.2401957, 0.9196373), (0.9884647, 0.06242876, 0.1379855), (0.8502732, -0.1194541, 0.5126074), (0.1503213, -0.7891988, 0.5954567), (0.188499, -0.9511487, 0.2445079), (0.9595833, -0.2149462, 0.1816534), (0.9882515, 0.02910508, -0.1500397), (0.9896091, 0.01367053, 0.1431318), (0.9894006, -0.01952198, -0.1438936), (0.9595803, -0.2508168, -0.1276578), (0.186436, -0.982199, -0.02295182), (0.7888046, -0.03523231, -0.6136335), (0.7869672, -0.07313658, -0.6126447), (0.7899904, -0.2298732, -0.5683956), (0.1045415, -0.840063, -0.5323207), (-0.06846955, 0.259897, 0.9632058), (0.04891577, 0.2596759, 0.9644561), (-0.07721624, 0.05278249, 0.9956162), (-0.03994811, -0.4145509, 0.9091489), (0.03021508, -0.4080065, 0.9124789), (0.06535193, 0.04371472, 0.9969042), (-0.00690597, -0.8409444, 0.5410775), (-0.01061171, -0.8368693, 0.5472999), (-0.00859799, -0.9733838, 0.22902), (0.00793256, -0.9733536, 0.2291719), (0.00879749, -0.999944, -0.00588157), (-0.00888117, -0.9999439, -0.00578376), (0.00921306, -0.8296944, -0.5581418), (-0.00783899, -0.8289346, -0.5592907), (-0.1316141, -0.09016852, -0.9871917), (-0.1156827, -0.1159576, -0.9864945), (-0.1047538, -0.2707184, -0.9569421), (0.00456399, -0.1179042, -0.9930145), (0.00590006, -0.2756465, -0.961241), (0.00480896, -0.1121152, -0.9936836), (-0.00210169, -0.1178964, -0.9930238), (-0.00352234, -0.2757007, -0.961237), (0.1075116, -0.2711045, -0.9565269), (0.1189752, -0.1168872, -0.985993), (-0.00214142, -0.1116393, -0.9937465), (0.1232573, -0.105768, -0.9867222), (-0.00032866, 0.05635054, -0.9984109), (0.1151425, 0.04785702, -0.9921955), (0.00264293, 0.04994936, -0.9987483), (-0.9995953, -0.02823573, 0.00345099), (-0.9999573, -0.00924715, 0.00007576), (-0.9999843, 0.00431539, -0.00358683), (-0.9999833, 0.00533985, -0.00222823), (-0.1334229, 0.9839185, 0.1187545), (-0.1080464, 0.9830294, 0.1482538), (-0.1255378, 0.9811429, 0.1469656), (-0.04003723, 0.9877344, 0.1509233), (-0.04839218, 0.9878091, 0.1479574), (-0.04141799, 0.9914103, 0.1240572), (0.04021921, 0.9877301, 0.1509031), (0.04883373, 0.9878122, 0.1477917), (0.04442004, 0.9916692, 0.1209096), (0.1306474, 0.9802243, 0.148633), (0.1117286, 0.9828143, 0.1469444), (0.1065812, 0.987276, 0.1180106), (-0.1909285, -0.9815461, -0.01066096), (-0.1462596, -0.9892457, -0.00105827), (-0.00221538, -0.9999437, -0.01037819), (-0.00172089, -0.9999985, -0.00044466), (-0.0975794, -0.9952191, 0.00416733), (-0.00110245, -0.9999892, 0.0045211), (0.00001635, -0.9999462, -0.01037228), (-0.00000717, -0.9999896, 0.00456261), (6.9e-7, -0.9999999, -0.00043225), (0.00001629, -0.9999462, -0.01037216), (6.9e-7, -0.9999999, -0.00043226), (-0.00000718, -0.9999896, 0.00456262), (0.00193977, -0.9999448, -0.01032571), (0.00149405, -0.9999988, -0.00045407), (0.152273, -0.988293, -0.00948507), (0.1164992, -0.9931903, -0.00095497), (0.07736884, -0.9969921, 0.00456548), (0.00094335, -0.9999892, 0.00456798), (-0.1130755, 0.9824941, 0.1480516), (-0.1073326, 0.9873324, 0.1168525), (-0.04476029, 0.9917166, 0.1203941), (-0.04924576, 0.9877684, 0.1479475), (-0.1328469, 0.9803191, 0.1460343), (-0.0408289, 0.9877322, 0.1507254), (0.03942815, 0.9876391, 0.1517054), (0.04106225, 0.9913598, 0.1245784), (0.1241889, 0.9807884, 0.1504372), (0.04785779, 0.987919, 0.1473966), (0.1077762, 0.983491, 0.1453605), (0.134013, 0.9834415, 0.1219969), (0.00000861, -1, -0.00034611), (0.00000795, -1, -0.0003456), (-0.00168902, -0.9931197, 0.1170911), (-0.09078413, -0.9898487, 0.1093523), (-0.09406493, -0.995565, 0.00143392), (-0.09425925, -0.9955446, -0.00248523), (-0.00158543, -0.9999975, 0.00159784), (-0.08938175, -0.9875183, -0.1296871), (-0.00156958, -0.9999961, -0.00234357), (0.00157485, -0.9999975, 0.00159327), (0.00130872, -0.9930608, 0.117595), (0.08917728, -0.9898965, 0.1102369), (0.09507504, -0.9954686, 0.00170459), (-0.00132036, -0.9905555, -0.1371062), (0.0017449, -0.990631, -0.1365547), (0.001582, -0.9999961, -0.00233843), (0.09117041, -0.9874734, -0.1287796), (0.09338445, -0.9956276, -0.00220455), (-0.1521836, -0.9883004, -0.01011947), (-0.1164883, -0.9931913, -0.00126474), (-0.00191555, -0.9999441, -0.01039813), (-0.07740458, -0.9969908, 0.00421093), (-0.00096418, -0.9999894, 0.00451803), (0.00001635, -0.9999462, -0.01037216), (6.7e-7, -0.9999999, -0.00043228), (-0.00149432, -0.9999988, -0.0004346), (-0.00000719, -0.9999896, 0.0045626), (0.00001624, -0.9999462, -0.01037228), (-0.0000072, -0.9999896, 0.00456264), (0.00221499, -0.9999441, -0.01034367), (6.7e-7, -0.9999999, -0.00043229), (0.00108305, -0.999989, 0.00456869), (0.00170827, -0.9999985, -0.00044137), (0.09752565, -0.9952225, 0.00458917), (0.1462981, -0.9892403, -0.00060356), (0.191119, -0.981516, -0.00998992)] (
                    interpolation = "faceVarying"
                )
                int[] primvars:normals:indices = [0, 1, 2, 3, 4, 5, 6, 7, 8, 9, 10, 4, 1, 11, 12, 13, 14, 15, 3, 9, 4, 7, 13, 15, 16, 17, 18, 7, 15, 8, 19, 20, 17, 0, 11, 1, 21, 6, 22, 23, 24, 25, 26, 5, 12, 27, 23, 25, 28, 29, 14, 30, 0, 2, 9, 27, 10, 11, 26, 12, 26, 3, 5, 6, 8, 22, 23, 30, 24, 19, 21, 20, 31, 18, 29, 28, 31, 29, 16, 19, 17, 13, 28, 14, 20, 21, 22, 31, 16, 18, 32, 33, 34, 27, 25, 10, 35, 36, 37, 38, 39, 40, 36, 41, 42, 43, 44, 45, 44, 46, 47, 48, 49, 50, 46, 51, 52, 53, 54, 55, 41, 54, 42, 56, 40, 39, 57, 58, 59, 38, 40, 60, 61, 59, 58, 37, 56, 35, 36, 42, 37, 39, 35, 56, 62, 63, 64, 51, 57, 65, 60, 50, 49, 55, 48, 53, 59, 65, 57, 51, 65, 52, 45, 66, 43, 63, 66, 64, 50, 53, 48, 46, 52, 47, 47, 45, 44, 63, 43, 66, 58, 62, 61, 64, 61, 62, 49, 38, 60, 67, 68, 69, 41, 55, 54, 30, 2, 24, 70, 71, 72, 73, 74, 75, 74, 76, 75, 75, 76, 77, 78, 76, 74, 79, 78, 74, 76, 80, 77, 76, 78, 80, 78, 81, 80, 77, 80, 82, 81, 83, 80, 80, 84, 82, 83, 84, 80, 82, 84, 85, 84, 83, 86, 84, 86, 85, 83, 87, 86, 86, 87, 88, 89, 86, 88, 86, 89, 85, 89, 90, 85, 73, 91, 74, 91, 92, 74, 74, 92, 93, 79, 74, 93, 92, 91, 94, 92, 94, 93, 91, 95, 94, 94, 96, 93, 94, 95, 97, 94, 97, 96, 97, 98, 96, 95, 99, 97, 98, 97, 100, 97, 99, 101, 97, 101, 100, 99, 102, 101, 102, 103, 101, 103, 104, 101, 100, 101, 104, 105, 100, 104, 104, 103, 106, 107, 104, 106, 89, 107, 106, 90, 89, 106, 89, 88, 107, 88, 108, 107, 107, 108, 104, 108, 105, 104, 108, 88, 87, 109, 108, 87, 105, 108, 109, 109, 87, 83, 100, 105, 109, 110, 109, 83, 100, 109, 110, 98, 100, 110, 96, 98, 110, 110, 83, 81, 111, 96, 110, 111, 110, 81, 93, 96, 111, 112, 111, 81, 112, 93, 111, 78, 112, 81, 79, 93, 112, 79, 112, 78, 113, 114, 115, 116, 113, 115, 117, 118, 119, 119, 120, 117, 119, 121, 120, 121, 122, 120, 123, 117, 120, 124, 123, 120, 125, 123, 124, 124, 126, 125, 126, 127, 125, 126, 128, 127, 126, 129, 128, 130, 129, 126, 131, 130, 126, 132, 130, 131, 131, 133, 132, 133, 116, 132, 133, 113, 116, 119, 134, 135, 121, 119, 135, 134, 136, 137, 137, 138, 134, 138, 135, 134, 138, 139, 135, 138, 137, 140, 137, 141, 140, 137, 142, 141, 137, 136, 142, 142, 143, 141, 143, 144, 141, 140, 141, 144, 144, 145, 140, 144, 146, 145, 146, 147, 145, 147, 148, 145, 148, 147, 149, 145, 148, 150, 148, 149, 151, 148, 151, 150, 149, 152, 151, 152, 153, 151, 150, 151, 153, 153, 154, 150, 153, 115, 154, 115, 114, 154, 115, 153, 152, 152, 155, 115, 155, 116, 115, 155, 132, 116, 130, 132, 155, 130, 155, 129, 155, 152, 149, 155, 156, 129, 156, 155, 149, 156, 128, 129, 127, 128, 156, 127, 156, 149, 146, 127, 149, 149, 147, 146, 127, 146, 144, 125, 127, 144, 125, 144, 143, 143, 157, 125, 123, 125, 157, 157, 143, 142, 123, 157, 117, 158, 157, 142, 157, 158, 117, 158, 118, 117, 158, 142, 136, 136, 118, 158, 136, 119, 118, 136, 134, 119, 159, 160, 161, 160, 162, 161, 161, 162, 163, 164, 162, 160, 164, 160, 165, 162, 166, 163, 164, 167, 162, 162, 167, 166, 165, 168, 164, 164, 168, 167, 166, 169, 163, 169, 170, 163, 168, 165, 171, 171, 172, 168, 165, 173, 171, 173, 174, 171, 174, 175, 171, 172, 171, 175, 168, 176, 167, 172, 176, 168, 170, 169, 177, 178, 170, 177, 178, 177, 179, 177, 180, 179, 181, 180, 177, 182, 180, 181, 177, 169, 183, 177, 183, 181, 181, 184, 182, 181, 183, 184, 182, 184, 185, 169, 186, 183, 169, 166, 186, 184, 187, 185, 188, 187, 184, 185, 187, 189, 187, 33, 189, 187, 188, 33, 189, 33, 32, 190, 184, 183, 190, 188, 184, 191, 190, 183, 191, 183, 186, 166, 192, 186, 167, 192, 166, 191, 193, 190, 190, 193, 188, 194, 191, 186, 194, 186, 192, 193, 191, 194, 167, 195, 192, 176, 195, 167, 196, 194, 192, 195, 196, 192, 195, 176, 197, 195, 197, 196, 197, 176, 172, 198, 193, 194, 198, 194, 196, 193, 199, 188, 193, 198, 199, 200, 198, 196, 197, 200, 196, 198, 200, 201, 198, 201, 199, 200, 197, 202, 200, 202, 201, 201, 203, 199, 203, 201, 202, 199, 204, 188, 203, 204, 199, 205, 197, 172, 197, 205, 202, 206, 205, 172, 205, 206, 202, 207, 203, 202, 206, 207, 202, 203, 207, 208, 204, 203, 208, 204, 209, 188, 188, 209, 33, 209, 204, 210, 209, 210, 33, 210, 204, 208, 210, 34, 33, 34, 210, 211, 210, 208, 211, 207, 212, 208, 208, 212, 211, 207, 206, 212, 212, 213, 211, 212, 214, 213, 206, 214, 212, 214, 215, 213, 216, 214, 206, 216, 206, 172, 216, 172, 175, 214, 216, 175, 215, 214, 175, 217, 215, 175, 218, 219, 220, 220, 221, 218, 220, 222, 221, 222, 223, 221, 224, 222, 220, 223, 222, 224, 223, 225, 221, 226, 224, 220, 227, 225, 223, 226, 228, 224, 229, 227, 223, 229, 189, 227, 32, 227, 189, 185, 189, 229, 230, 229, 223, 230, 185, 229, 231, 223, 224, 231, 230, 223, 230, 232, 185, 232, 182, 185, 180, 182, 232, 230, 231, 233, 233, 231, 224, 232, 230, 233, 228, 234, 224, 234, 233, 224, 232, 233, 235, 233, 234, 235, 236, 234, 228, 234, 236, 235, 237, 236, 228, 238, 236, 237, 239, 238, 237, 238, 240, 236, 240, 235, 236, 240, 241, 235, 179, 180, 241, 242, 232, 235, 241, 242, 235, 242, 180, 232, 180, 242, 241, 159, 243, 160, 243, 244, 160, 243, 245, 244, 160, 244, 165, 245, 246, 244, 245, 247, 246, 247, 248, 246, 247, 249, 248, 249, 250, 248, 250, 251, 248, 246, 252, 244, 252, 246, 248, 251, 253, 248, 253, 252, 248, 251, 254, 253, 244, 255, 165, 252, 255, 244, 165, 255, 256, 255, 252, 256, 173, 165, 256, 173, 256, 174, 254, 257, 253, 254, 258, 257, 252, 253, 259, 253, 257, 259, 252, 259, 256, 257, 260, 259, 258, 260, 257, 259, 261, 256, 260, 261, 259, 256, 262, 174, 261, 262, 256, 174, 262, 263, 262, 261, 263, 174, 263, 217, 217, 175, 174, 261, 264, 263, 261, 260, 264, 260, 265, 264, 265, 260, 258, 266, 265, 258, 258, 267, 266, 218, 268, 219, 268, 269, 219, 268, 270, 269, 270, 271, 269, 272, 271, 270, 273, 272, 270, 272, 273, 274, 269, 271, 275, 275, 271, 272, 269, 276, 219, 277, 269, 275, 277, 276, 269, 278, 275, 272, 277, 275, 279, 275, 278, 279, 276, 277, 280, 280, 277, 279, 281, 276, 280, 276, 281, 219, 282, 272, 274, 278, 272, 282, 283, 280, 279, 281, 280, 283, 284, 282, 274, 285, 278, 282, 284, 285, 282, 278, 285, 286, 286, 285, 284, 278, 287, 279, 287, 278, 286, 288, 279, 287, 288, 283, 279, 289, 288, 287, 289, 287, 286, 267, 284, 274, 266, 267, 274, 283, 288, 290, 290, 288, 289, 284, 267, 291, 292, 286, 284, 292, 284, 291, 286, 292, 293, 293, 292, 291, 294, 289, 286, 294, 286, 293, 295, 290, 289, 289, 294, 295, 294, 296, 295, 296, 294, 293, 297, 295, 296, 298, 283, 290, 298, 290, 299, 291, 267, 254, 267, 258, 254, 300, 291, 254, 300, 293, 291, 251, 300, 254, 296, 293, 301, 293, 300, 301, 301, 297, 296, 302, 300, 251, 302, 301, 300, 251, 250, 302, 302, 250, 303, 303, 301, 302, 303, 250, 249, 304, 303, 249, 304, 305, 303, 303, 306, 301, 305, 306, 303, 306, 297, 301, 306, 305, 307, 297, 306, 308, 308, 306, 307, 299, 297, 308, 307, 309, 308, 310, 299, 308, 310, 298, 299, 309, 311, 308, 311, 310, 308, 237, 311, 309, 239, 237, 309, 312, 311, 237, 312, 310, 311, 312, 237, 228, 228, 313, 312, 312, 313, 310, 228, 226, 313, 314, 298, 310, 313, 314, 310, 298, 314, 283, 314, 281, 283, 281, 314, 313, 315, 281, 313, 226, 315, 313, 281, 315, 219, 315, 226, 219, 226, 220, 219, 28, 13, 316, 317, 28, 316, 318, 317, 316, 319, 317, 318, 28, 317, 319, 31, 28, 319, 320, 321, 322, 321, 323, 322, 321, 324, 323, 324, 325, 323, 325, 326, 323, 326, 327, 323, 322, 323, 327, 328, 322, 327, 329, 330, 331, 330, 332, 331, 330, 333, 332, 331, 332, 334, 335, 331, 334, 333, 336, 332, 334, 332, 336, 333, 337, 336, 335, 334, 338, 339, 335, 338, 340, 334, 336, 334, 340, 338, 337, 341, 336, 336, 341, 340, 339, 338, 342, 343, 339, 342, 344, 341, 337, 345, 344, 337, 344, 346, 341, 341, 347, 340, 346, 347, 341, 340, 348, 338, 340, 347, 348, 338, 348, 342, 349, 347, 346, 347, 349, 348, 350, 349, 346, 350, 351, 349, 348, 349, 352, 348, 352, 342, 351, 353, 349, 349, 353, 352, 354, 353, 351, 353, 354, 352, 354, 351, 355, 351, 356, 355, 354, 357, 352, 352, 357, 342, 357, 358, 342, 358, 343, 342, 343, 358, 359, 359, 360, 343, 290, 295, 297, 299, 290, 297, 27, 9, 320, 361, 27, 320, 322, 361, 320, 328, 361, 322, 27, 361, 328, 23, 27, 328, 11, 0, 326, 362, 11, 326, 362, 326, 325, 324, 362, 325, 11, 362, 324, 26, 11, 324, 351, 350, 356, 350, 363, 356, 364, 363, 350, 346, 364, 350, 365, 364, 346, 346, 344, 365, 365, 344, 366, 365, 367, 364, 366, 367, 365, 368, 366, 344, 345, 368, 344, 366, 368, 369, 366, 369, 367, 368, 370, 369, 369, 370, 371, 372, 369, 371, 371, 373, 372, 369, 374, 367, 369, 372, 374, 363, 364, 375, 364, 367, 376, 375, 364, 376, 376, 367, 377, 367, 374, 377, 378, 363, 375, 356, 363, 378, 376, 379, 375, 379, 376, 377, 379, 380, 375, 380, 378, 375, 381, 379, 377, 379, 381, 380, 377, 374, 382, 381, 377, 382, 372, 383, 374, 374, 383, 382, 372, 384, 383, 373, 384, 372, 384, 373, 385, 373, 386, 385, 387, 384, 385, 387, 385, 388, 384, 389, 383, 387, 389, 384, 382, 383, 390, 383, 389, 390, 391, 381, 382, 391, 382, 390, 388, 392, 387, 392, 389, 387, 390, 389, 393, 389, 392, 393, 392, 388, 394, 388, 395, 394, 395, 396, 394, 393, 397, 390, 397, 391, 390, 393, 392, 398, 392, 394, 398, 397, 393, 398, 381, 391, 399, 381, 399, 380, 380, 399, 400, 391, 401, 399, 391, 397, 401, 400, 399, 401, 396, 68, 394, 69, 68, 396, 402, 397, 398, 397, 402, 401, 398, 394, 403, 394, 68, 403, 402, 398, 403, 401, 402, 404, 404, 400, 401, 403, 68, 405, 68, 67, 405, 406, 402, 403, 402, 406, 404, 405, 406, 403, 405, 67, 407, 406, 405, 407, 404, 406, 407, 404, 407, 400, 67, 408, 407, 407, 408, 409, 407, 409, 400, 408, 410, 409, 409, 410, 411, 400, 409, 411, 410, 412, 411, 413, 400, 411, 413, 380, 400, 380, 413, 378, 414, 413, 411, 413, 414, 378, 411, 412, 414, 414, 356, 378, 412, 356, 414, 355, 356, 412, 359, 415, 360, 360, 415, 416, 416, 415, 417, 418, 416, 417, 417, 419, 418, 419, 420, 418, 419, 421, 420, 422, 360, 416, 423, 416, 418, 416, 423, 422, 424, 423, 418, 418, 420, 425, 424, 418, 425, 426, 423, 424, 422, 423, 426, 424, 425, 427, 427, 426, 424, 428, 360, 422, 429, 422, 426, 429, 428, 422, 428, 339, 360, 339, 343, 360, 335, 339, 428, 430, 335, 428, 430, 428, 429, 426, 431, 429, 431, 426, 427, 335, 430, 432, 432, 331, 335, 433, 430, 429, 431, 433, 429, 430, 434, 432, 434, 430, 433, 432, 435, 331, 432, 434, 435, 433, 431, 436, 436, 434, 433, 437, 431, 427, 431, 437, 436, 434, 436, 438, 437, 438, 436, 437, 427, 439, 425, 439, 427, 440, 439, 425, 441, 437, 439, 438, 437, 441, 441, 439, 440, 442, 434, 438, 435, 434, 442, 443, 438, 441, 435, 444, 331, 444, 329, 331, 445, 435, 442, 444, 435, 445, 446, 444, 445, 442, 447, 445, 445, 448, 446, 447, 448, 445, 448, 449, 446, 450, 449, 448, 451, 450, 448, 451, 448, 447, 452, 450, 451, 453, 452, 451, 454, 453, 451, 455, 453, 454, 456, 451, 447, 451, 456, 454, 454, 457, 455, 454, 456, 457, 455, 457, 458, 456, 447, 459, 457, 456, 459, 447, 443, 459, 460, 459, 443, 441, 460, 443, 460, 441, 440, 459, 460, 461, 461, 457, 459, 461, 460, 440, 457, 462, 458, 462, 457, 461, 462, 463, 458, 463, 464, 458, 465, 462, 461, 465, 461, 440, 463, 462, 465, 465, 440, 466, 466, 463, 465, 440, 467, 466, 467, 440, 425, 467, 425, 420, 468, 467, 420, 467, 468, 466, 421, 468, 420, 468, 421, 466, 421, 463, 466, 469, 463, 421, 21, 19, 470, 471, 21, 470, 470, 472, 471, 473, 471, 472, 21, 471, 473, 6, 21, 473, 474, 470, 19, 16, 474, 19, 319, 474, 16, 31, 319, 16, 26, 324, 3, 324, 321, 3, 9, 3, 321, 320, 9, 321, 316, 475, 318, 475, 476, 318, 475, 473, 476, 473, 472, 476, 472, 470, 476, 470, 474, 476, 318, 476, 474, 319, 318, 474, 23, 328, 30, 328, 327, 30, 30, 327, 0, 327, 326, 0, 6, 473, 7, 473, 475, 7, 13, 7, 475, 316, 13, 475, 69, 396, 477, 477, 396, 478, 478, 396, 395, 477, 478, 479, 480, 478, 395, 478, 481, 479, 481, 478, 480, 480, 395, 482, 395, 388, 482, 482, 388, 385, 481, 483, 479, 483, 484, 479, 485, 481, 480, 480, 482, 485, 486, 482, 385, 385, 386, 486, 386, 487, 486, 487, 488, 486, 484, 483, 464, 469, 484, 464, 464, 463, 469, 489, 483, 481, 464, 483, 489, 485, 489, 481, 458, 464, 489, 458, 489, 455, 482, 490, 485, 482, 486, 490, 488, 491, 486, 486, 491, 490, 488, 492, 491, 493, 489, 485, 489, 493, 455, 490, 493, 485, 490, 491, 494, 493, 490, 494, 455, 493, 494, 492, 494, 491, 453, 455, 494, 453, 494, 492, 452, 453, 492, 442, 438, 443, 447, 442, 443, 53, 495, 54, 495, 496, 54, 54, 496, 42, 495, 497, 496, 496, 498, 42, 498, 496, 497, 56, 499, 40, 499, 500, 40, 40, 500, 60, 499, 501, 500, 500, 502, 60, 500, 501, 502, 503, 45, 504, 45, 47, 504, 505, 504, 47, 52, 505, 47, 495, 53, 506, 53, 50, 506, 506, 50, 502, 50, 60, 502, 499, 56, 507, 56, 37, 507, 498, 507, 37, 42, 498, 37, 45, 503, 66, 503, 508, 66, 66, 508, 64, 503, 509, 508, 508, 510, 64, 508, 509, 510, 59, 511, 65, 511, 512, 65, 65, 512, 52, 511, 513, 512, 512, 505, 52, 505, 512, 513, 511, 59, 514, 59, 61, 514, 514, 61, 510, 61, 64, 510, 515, 516, 517, 518, 515, 517, 519, 515, 518, 517, 520, 518, 521, 519, 518, 519, 521, 522, 521, 523, 522, 520, 524, 518, 518, 524, 521, 521, 525, 523, 524, 525, 521, 525, 526, 523, 527, 526, 525, 527, 525, 528, 528, 525, 524, 529, 528, 524, 529, 524, 520, 530, 529, 520, 531, 532, 533, 534, 531, 533, 533, 535, 534, 536, 531, 534, 535, 537, 534, 535, 538, 537, 538, 539, 537, 540, 536, 534, 534, 537, 540, 536, 540, 541, 540, 542, 541, 537, 539, 543, 537, 543, 540, 540, 543, 542, 539, 544, 543, 543, 545, 542, 544, 546, 543, 546, 545, 543, 519, 522, 547, 522, 548, 547, 547, 548, 549, 522, 550, 548, 550, 522, 523, 551, 550, 523, 551, 523, 526, 548, 552, 549, 550, 553, 548, 548, 553, 552, 553, 550, 554, 554, 550, 551, 549, 552, 555, 556, 549, 555, 553, 557, 552, 553, 554, 557, 556, 555, 558, 559, 556, 558, 559, 558, 544, 558, 546, 544, 560, 555, 552, 557, 560, 552, 561, 558, 555, 558, 561, 546, 560, 561, 555, 561, 562, 546, 546, 562, 545, 563, 561, 560, 562, 561, 563, 564, 560, 557, 564, 563, 560, 554, 565, 557, 565, 564, 557, 562, 566, 545, 562, 563, 566, 563, 564, 567, 567, 564, 565, 554, 568, 565, 568, 554, 551, 566, 569, 545, 569, 542, 545, 563, 570, 566, 570, 563, 567, 566, 570, 569, 568, 571, 565, 571, 567, 565, 568, 551, 572, 572, 551, 526, 568, 573, 571, 573, 568, 572, 567, 571, 574, 573, 574, 571, 572, 575, 573, 575, 572, 526, 574, 573, 575, 567, 576, 570, 576, 567, 574, 576, 577, 570, 570, 577, 569, 576, 574, 578, 577, 576, 578, 579, 569, 577, 579, 577, 578, 574, 580, 578, 580, 574, 575, 581, 575, 526, 527, 581, 526, 569, 579, 582, 542, 569, 582, 541, 542, 582, 579, 578, 583, 578, 580, 583, 582, 579, 583, 580, 575, 584, 575, 581, 584, 580, 584, 583, 585, 581, 527, 581, 585, 584, 527, 528, 585, 528, 586, 585, 586, 587, 585, 587, 588, 585, 585, 588, 584, 587, 589, 588, 590, 583, 584, 588, 590, 584, 589, 590, 588, 582, 583, 590, 589, 591, 590, 592, 582, 590, 591, 592, 590, 541, 582, 592, 591, 536, 592, 541, 592, 536, 559, 544, 539, 593, 559, 539, 593, 539, 538, 594, 593, 538, 594, 595, 593, 559, 593, 556, 595, 596, 593, 593, 596, 556, 596, 595, 597, 556, 596, 598, 598, 596, 597, 549, 556, 598, 547, 549, 598, 599, 598, 597, 599, 547, 598, 519, 547, 599, 600, 599, 597, 515, 519, 599, 515, 599, 600, 516, 515, 600, 532, 531, 601, 531, 602, 601, 531, 536, 602, 536, 591, 602, 601, 602, 603, 602, 591, 604, 602, 604, 603, 591, 589, 604, 589, 587, 604, 604, 605, 603, 587, 605, 604, 605, 606, 603, 607, 605, 587, 606, 605, 607, 608, 606, 607, 608, 607, 530, 586, 607, 587, 607, 529, 530, 607, 586, 529, 586, 528, 529, 609, 610, 611, 612, 609, 611, 609, 612, 613, 612, 611, 614, 611, 615, 614, 614, 615, 616, 614, 616, 617, 615, 618, 616, 616, 618, 619, 620, 616, 619, 616, 620, 617, 620, 621, 617, 617, 621, 72, 71, 617, 72, 612, 614, 622, 622, 614, 617, 612, 623, 613, 623, 612, 622, 613, 623, 624, 624, 623, 622, 625, 613, 624, 626, 625, 624, 627, 626, 624, 627, 624, 628, 70, 628, 71, 629, 622, 617, 629, 624, 622, 71, 629, 617, 628, 629, 71, 624, 629, 628, 630, 631, 632, 633, 630, 632, 633, 632, 634, 630, 633, 635, 636, 633, 634, 633, 637, 635, 633, 636, 637, 636, 634, 638, 634, 639, 638, 635, 637, 640, 640, 637, 641, 642, 635, 640, 643, 642, 640, 643, 640, 641, 644, 643, 641, 644, 641, 645, 636, 646, 637, 637, 646, 641, 646, 636, 647, 641, 646, 647, 636, 638, 647, 647, 638, 648, 638, 639, 649, 638, 649, 648, 639, 650, 649, 651, 641, 647, 641, 651, 645, 651, 647, 648, 645, 651, 652, 652, 651, 648, 626, 645, 652, 625, 626, 652, 625, 652, 648, 613, 625, 648, 613, 648, 609, 648, 649, 609, 649, 650, 609, 650, 610, 609, 653, 610, 650, 643, 654, 642, 654, 655, 642, 656, 655, 654, 657, 656, 654, 642, 655, 635, 657, 658, 656, 655, 659, 635, 655, 656, 659, 658, 660, 656, 658, 661, 660, 661, 662, 660, 660, 663, 656, 662, 663, 660, 659, 664, 635, 664, 630, 635, 656, 665, 659, 663, 665, 656, 665, 666, 659, 666, 665, 663, 666, 664, 659, 667, 663, 662, 667, 666, 663, 668, 667, 662, 664, 669, 630, 669, 631, 630, 670, 669, 664, 666, 670, 664, 666, 667, 670, 667, 671, 670, 667, 668, 671, 668, 672, 671, 626, 627, 645, 627, 673, 645, 627, 628, 673, 673, 674, 645, 674, 644, 645, 643, 644, 674, 654, 643, 674, 628, 675, 673, 674, 673, 675, 628, 70, 675, 70, 676, 675, 676, 677, 675, 674, 678, 654, 678, 674, 675, 677, 678, 675, 678, 657, 654, 677, 658, 678, 658, 657, 678, 658, 677, 661, 677, 679, 661, 680, 679, 677, 676, 680, 677, 676, 70, 680, 70, 72, 680, 661, 679, 662, 72, 621, 680, 679, 681, 662, 679, 680, 681, 621, 682, 680, 680, 682, 681, 683, 682, 621, 682, 683, 681, 620, 683, 621, 681, 684, 662, 683, 684, 681, 684, 668, 662, 683, 620, 685, 683, 685, 684, 620, 619, 685, 685, 686, 684, 684, 686, 668, 686, 672, 668, 610, 653, 611, 653, 687, 611, 611, 687, 688, 615, 611, 688, 615, 688, 689, 618, 615, 689, 619, 618, 689, 690, 688, 687, 689, 688, 690, 619, 689, 691, 691, 689, 690, 685, 619, 691, 692, 690, 687, 687, 653, 692, 691, 690, 693, 690, 692, 693, 685, 691, 694, 694, 691, 693, 686, 685, 694, 686, 694, 695, 695, 694, 693, 672, 686, 695, 671, 672, 695, 671, 695, 696, 696, 695, 693, 670, 671, 696, 696, 693, 697, 692, 697, 693, 696, 698, 670, 698, 696, 697, 698, 669, 670, 697, 692, 699, 698, 697, 699, 669, 698, 700, 700, 698, 699, 631, 669, 700, 632, 631, 700, 632, 700, 634, 700, 699, 634, 692, 701, 699, 699, 701, 634, 653, 701, 692, 701, 639, 634, 639, 701, 653, 650, 639, 653, 91, 702, 95, 73, 702, 91, 73, 75, 702, 702, 75, 703, 702, 703, 95, 75, 77, 703, 703, 77, 82, 703, 704, 95, 704, 703, 82, 704, 99, 95, 704, 82, 85, 99, 704, 705, 705, 704, 85, 102, 99, 705, 705, 85, 90, 102, 705, 103, 106, 705, 90, 705, 106, 103, 706, 263, 264, 263, 706, 217, 706, 215, 217, 215, 706, 213, 707, 706, 264, 264, 265, 707, 265, 708, 707, 266, 708, 265, 266, 274, 708, 708, 274, 709, 708, 709, 707, 274, 273, 709, 706, 707, 710, 709, 710, 707, 706, 711, 213, 711, 706, 710, 709, 273, 712, 273, 270, 712, 713, 710, 709, 711, 710, 713, 712, 713, 709, 213, 711, 714, 714, 711, 713, 211, 213, 714, 34, 211, 714, 715, 712, 270, 268, 715, 270, 218, 715, 268, 218, 221, 715, 221, 225, 715, 716, 713, 712, 715, 716, 712, 225, 716, 715, 714, 713, 716, 225, 227, 716, 717, 34, 714, 717, 714, 716, 227, 717, 716, 32, 34, 717, 717, 227, 32, 487, 718, 488, 487, 386, 718, 386, 373, 718, 718, 719, 488, 488, 719, 492, 373, 720, 718, 373, 371, 720, 720, 721, 718, 721, 719, 718, 719, 722, 492, 722, 452, 492, 722, 719, 723, 722, 723, 452, 719, 721, 723, 723, 450, 452, 371, 724, 720, 720, 724, 721, 723, 725, 450, 725, 449, 450, 723, 721, 726, 724, 726, 721, 725, 723, 726, 727, 724, 371, 370, 727, 371, 727, 370, 368, 728, 726, 724, 725, 726, 728, 727, 728, 724, 725, 729, 449, 729, 725, 728, 729, 446, 449, 444, 446, 729, 730, 727, 368, 728, 727, 730, 368, 345, 730, 728, 731, 729, 731, 728, 730, 345, 732, 730, 730, 732, 731, 732, 345, 337, 732, 337, 733, 732, 733, 731, 337, 333, 733, 733, 333, 330, 734, 733, 330, 733, 734, 731, 329, 734, 330, 734, 329, 444, 731, 735, 729, 735, 444, 729, 734, 735, 731, 735, 734, 444, 477, 479, 736, 479, 484, 736, 737, 477, 736, 477, 737, 69, 737, 67, 69, 737, 738, 67, 738, 408, 67, 408, 738, 410, 738, 737, 739, 737, 736, 739, 484, 740, 736, 469, 740, 484, 421, 740, 469, 740, 741, 736, 740, 421, 741, 741, 739, 736, 421, 419, 741, 741, 419, 417, 742, 741, 417, 741, 742, 739, 742, 417, 415, 738, 743, 410, 738, 739, 743, 744, 742, 415, 744, 415, 359, 358, 744, 359, 358, 357, 744, 742, 745, 739, 742, 744, 745, 739, 745, 743, 357, 746, 744, 744, 746, 745, 743, 745, 746, 746, 357, 354, 743, 747, 410, 747, 743, 746, 747, 746, 354, 747, 412, 410, 747, 354, 355, 355, 412, 747, 498, 497, 748, 507, 498, 748, 497, 495, 748, 507, 748, 499, 495, 506, 748, 748, 501, 499, 748, 506, 502, 501, 748, 502, 511, 514, 749, 513, 511, 749, 749, 514, 510, 505, 513, 749, 509, 749, 510, 504, 505, 749, 749, 509, 503, 504, 749, 503, 750, 595, 594, 597, 595, 750, 751, 750, 594, 538, 751, 594, 751, 538, 535, 752, 751, 535, 751, 752, 750, 752, 535, 753, 535, 533, 753, 533, 532, 753, 752, 754, 750, 752, 753, 754, 532, 755, 753, 755, 532, 601, 601, 603, 755, 753, 756, 754, 753, 755, 756, 754, 757, 750, 757, 754, 756, 758, 597, 750, 757, 758, 750, 758, 759, 597, 759, 758, 757, 759, 600, 597, 759, 516, 600, 759, 760, 516, 760, 759, 757, 760, 517, 516, 520, 517, 760, 603, 761, 755, 755, 761, 756, 761, 603, 762, 761, 762, 756, 603, 606, 762, 606, 608, 762, 763, 757, 756, 757, 763, 760, 762, 763, 756, 608, 764, 762, 762, 764, 763, 764, 608, 530, 764, 530, 520, 763, 765, 760, 765, 520, 760, 764, 765, 763, 765, 764, 520, 159, 161, 766, 766, 243, 159, 243, 766, 767, 245, 243, 767, 247, 245, 767, 161, 768, 766, 766, 768, 767, 768, 161, 163, 769, 247, 767, 769, 767, 770, 247, 769, 249, 769, 770, 249, 770, 304, 249, 304, 770, 305, 771, 768, 163, 768, 771, 772, 163, 170, 771, 768, 773, 767, 767, 773, 770, 773, 768, 772, 773, 772, 770, 770, 774, 305, 772, 774, 770, 307, 305, 774, 170, 775, 771, 771, 775, 772, 170, 178, 775, 776, 307, 774, 774, 772, 776, 178, 777, 775, 178, 179, 777, 775, 778, 772, 772, 778, 776, 775, 777, 778, 776, 779, 307, 779, 309, 307, 776, 778, 780, 779, 776, 780, 777, 780, 778, 779, 781, 309, 781, 779, 780, 781, 239, 309, 781, 238, 239, 782, 781, 780, 238, 781, 782, 780, 777, 782, 240, 238, 782, 179, 783, 777, 777, 783, 782, 240, 782, 783, 783, 179, 241, 241, 240, 783]
                texCoord2f[] primvars:st = [(0.6155372, 0.3949661), (0.6155372, 0.3861371), (0.6129129, 0.3928246), (0.5500427, 0.7802542), (0.5500427, 0.765398), (0.5496258, 0.772863), (0.3492427, 0.8358666), (0.3497842, 0.8432385), (0.3497843, 0.8325604), (0.5863136, 0.3951521), (0.5863136, 0.3861371), (0.5836, 0.3928072), (0.3520934, 0.5893105), (0.3516715, 0.6067584), (0.3520934, 0.6242077), (0.6082982, 0.395152), (0.6082982, 0.3861371), (0.6055847, 0.3928072), (0.3544323, 0.8093048), (0.3549652, 0.8128126), (0.3549652, 0.8018582), (0.3441297, 0.7862191), (0.3446626, 0.7897269), (0.3446626, 0.7787724), (0.5417078, 0.7886932), (0.5417078, 0.7738369), (0.5412909, 0.7812281), (0.354734, 0.7742375), (0.354734, 0.7593813), (0.3543171, 0.7668463), (0.6372539, 0.3949661), (0.6372539, 0.3861371), (0.6346297, 0.3928246), (0.5496258, 0.7143031), (0.5500435, 0.7317501), (0.5500435, 0.7071718), (0.3492847, 0.7767953), (0.3497014, 0.7839596), (0.3497014, 0.7593813), (0.5716549, 0.395152), (0.5716549, 0.3861371), (0.5689391, 0.388478), (0.5338501, 0.802057), (0.5338501, 0.793228), (0.5312279, 0.7953737), (0.715369, 0.3672863), (0.7159114, 0.3744301), (0.7159115, 0.3498421), (0.3520973, 0.5059115), (0.3520973, 0.4710143), (0.3516715, 0.4884641), (0.1836801, 0.816255), (0.184255, 0.8195634), (0.184255, 0.8088853), (0.3501294, 0.7083219), (0.3506705, 0.7257333), (0.3506705, 0.7011452), (0.3543171, 0.7476823), (0.3547338, 0.7548465), (0.3547338, 0.7302682), (0.6665965, 0.8380971), (0.667138, 0.8454692), (0.667138, 0.8347911), (0.5410869, 0.802057), (0.5410869, 0.793228), (0.5384647, 0.7953737), (0.1836801, 0.7969062), (0.1842463, 0.8043505), (0.1842463, 0.7933961), (0.1900414, 0.7349138), (0.1904591, 0.7523608), (0.1904591, 0.7277824), (0.556994, 0.3951521), (0.556994, 0.3861371), (0.5542783, 0.388478), (0.5496258, 0.6954931), (0.5501683, 0.702637), (0.5501683, 0.6780488), (0.1898842, 0.8243569), (0.1904591, 0.8276654), (0.1904591, 0.8169873), (0.3441289, 0.7083219), (0.3446701, 0.7257333), (0.3446701, 0.7011452), (0.5501683, 0.6386168), (0.5497464, 0.6560648), (0.5501683, 0.673514), (0.1898929, 0.8050081), (0.1904591, 0.8124524), (0.1904591, 0.801498), (0.6418685, 0.3869424), (0.6436929, 0.3937363), (0.6436929, 0.3861371), (0.3520973, 0.5847756), (0.3520973, 0.5498784), (0.3516715, 0.5673282), (0.7175371, 0.3863562), (0.717954, 0.3938213), (0.717954, 0.378965), (0.5497464, 0.616634), (0.5501683, 0.634082), (0.5501683, 0.5991848), (0.5909283, 0.388482), (0.5936418, 0.395152), (0.5936418, 0.3861371), (0.3492847, 0.7951777), (0.3519069, 0.7973233), (0.3519069, 0.7884943), (0.3441297, 0.7667725), (0.3445466, 0.7742376), (0.3445466, 0.7593813), (0.5362595, 0.781302), (0.5366763, 0.7886932), (0.5366763, 0.7738369), (0.5982565, 0.388482), (0.60097, 0.395152), (0.60097, 0.3861371), (0.189918, 0.6766804), (0.1904605, 0.6941246), (0.1904605, 0.6695366), (0.7210673, 0.3744301), (0.7210673, 0.3498421), (0.7205262, 0.3672535), (0.1900425, 0.7640598), (0.1904591, 0.7814739), (0.1904591, 0.7568956), (0.5616087, 0.3928112), (0.5643245, 0.395152), (0.5643245, 0.3861371), (0.3445466, 0.7548465), (0.3445466, 0.7302682), (0.3441289, 0.7477151), (0.1898929, 0.793453), (0.1904591, 0.7969632), (0.1904591, 0.7860087), (0.3544323, 0.8399325), (0.3549738, 0.8432386), (0.3549738, 0.8325604), (0.3446626, 0.8052162), (0.3446626, 0.7942618), (0.3441297, 0.7977695), (0.5474205, 0.7914724), (0.5500427, 0.793618), (0.5500427, 0.7847891), (0.6201518, 0.3882787), (0.6227761, 0.3949661), (0.6227761, 0.3861371), (0.3516715, 0.4490297), (0.3520973, 0.4664795), (0.3520973, 0.4315822), (0.3492427, 0.8206559), (0.3498176, 0.8280256), (0.3498176, 0.8173474), (0.5762696, 0.3928112), (0.5789854, 0.395152), (0.5789854, 0.3861371), (0.7102119, 0.3569859), (0.7107544, 0.3744301), (0.7107544, 0.3498421), (0.1904591, 0.7232476), (0.1904591, 0.6986595), (0.189918, 0.7160709), (0.5496258, 0.7434491), (0.5500425, 0.7608632), (0.5500425, 0.7362849), (0.3497024, 0.7548465), (0.3497024, 0.7302682), (0.3492847, 0.7477151), (0.5474205, 0.8055971), (0.5479867, 0.8091073), (0.5479867, 0.7981529), (0.3498176, 0.8128126), (0.3498176, 0.8018582), (0.3492847, 0.8053659), (0.1898842, 0.8395723), (0.1904258, 0.8428784), (0.1904258, 0.8322002), (0.189918, 0.6475537), (0.1903399, 0.6650017), (0.1903399, 0.6301045), (0.1836801, 0.78147), (0.1840969, 0.7888612), (0.1840969, 0.7740049), (0.1836801, 0.8274068), (0.1842549, 0.8347765), (0.1842549, 0.8240983), (0.6273908, 0.3882787), (0.630015, 0.3949661), (0.630015, 0.3861371), (0.664725, 0.3952492), (0.664725, 0.38765), (0.6629007, 0.3944439), (0.3516715, 0.5278938), (0.3520973, 0.5453435), (0.3520973, 0.5104463), (0.5316448, 0.7886932), (0.5316448, 0.7738369), (0.5312279, 0.7812282), (0.6734602, 0.3692571), (0.6629007, 0.3831152), (0.6749911, 0.3831152), (0.2191831, 0.4263399), (0.1813924, 0.2146559), (0.1824631, 0.4256654), (0.2190869, 0.2146573), (0.2572685, 0.4270474), (0.2191831, 0.00297478), (0.1824631, 0.00364639), (0.2572832, 0.2146574), (0.2572685, 0.00226742), (0.2944162, 0.426913), (0.2944163, 0.00240159), (0.2944281, 0.2146573), (0.3412547, 0.4267422), (0.3412634, 0.2146573), (0.3412547, 0.00257234), (0.3556114, 0.00260128), (0.3556074, 0.2146574), (0.3556114, 0.4267134), (0.00230734, 0.2146583), (0.03961614, 0.00297531), (0.00337496, 0.00364882), (0.0395054, 0.2146579), (0.03962124, 0.4263404), (0.00338007, 0.4256678), (0.07768823, 0.2146574), (0.07768859, 0.00226742), (0.07769372, 0.4270474), (0.1148221, 0.214657), (0.1148305, 0.4269127), (0.1148254, 0.00240127), (0.1616658, 0.4267414), (0.1616542, 0.2146564), (0.1616607, 0.00257149), (0.1767727, 0.00260021), (0.1767778, 0.2146563), (0.1767778, 0.4267123), (0.9900052, 0.588089), (0.9953842, 0.5877871), (0.9953842, 0.3757309), (0.9898114, 0.3757353), (0.9843174, 0.3757397), (0.9846644, 0.5877956), (0.9843175, 0.1636835), (0.9896578, 0.1633816), (0.9950372, 0.163675), (0.6945165, 0.3750805), (0.6938038, 0.3891718), (0.6991454, 0.3892767), (0.7000622, 0.3748024), (0.7045206, 0.3894129), (0.6942981, 0.3291039), (0.7055972, 0.3745886), (0.6998443, 0.3288214), (0.7053789, 0.328612), (0.7041844, 0.2921479), (0.6931037, 0.2926399), (0.6986502, 0.2923536), (0.7046568, 0.2548221), (0.6992993, 0.255141), (0.6939235, 0.2552986), (0.7055972, 0.2192956), (0.1853033, 0.6301175), (0.1571146, 0.6301045), (0.1571147, 0.6975111), (0.1853033, 0.6975241), (0.8458723, 0.4006621), (0.8416069, 0.4056297), (0.8418585, 0.4060998), (0.874073, 0.4061816), (0.8740606, 0.4007444), (0.874072, 0.4057119), (0.8418585, 0.6057538), (0.874073, 0.6058355), (0.841399, 0.6063659), (0.874073, 0.62076), (0.8436633, 0.6134571), (0.8414107, 0.6200696), (0.8418585, 0.6206782), (0.8418585, 0.8207653), (0.874073, 0.8208469), (0.841605, 0.8212369), (0.874072, 0.821319), (0.8458723, 0.8262507), (0.8740606, 0.826333), (0.1853021, 0.7020589), (0.1571146, 0.7020635), (0.1571147, 0.7694701), (0.1853021, 0.7694654), (0.8361034, 0.4060998), (0.8363615, 0.4056297), (0.8321694, 0.4006621), (0.8039134, 0.4061815), (0.8040025, 0.4007444), (0.8039211, 0.4057119), (0.8039134, 0.6058354), (0.8361035, 0.6057537), (0.8367843, 0.4060996), (0.8367843, 0.6057534), (0.8365643, 0.6063658), (0.8039134, 0.6207599), (0.8343215, 0.6134571), (0.8365527, 0.6200695), (0.8361035, 0.6206782), (0.8367843, 0.6206779), (0.8039135, 0.8208468), (0.8361035, 0.8207651), (0.8367843, 0.8207648), (0.8363634, 0.8212367), (0.8039211, 0.8213189), (0.8321694, 0.8262506), (0.8040025, 0.8263328), (0.7268338, 0.8207655), (0.726379, 0.8212373), (0.7285051, 0.8262507), (0.7986289, 0.8207656), (0.7971709, 0.8262509), (0.7991021, 0.8212374), (0.7992988, 0.8207659), (0.7992987, 0.6206789), (0.7268338, 0.6206785), (0.7986289, 0.6206787), (0.7992364, 0.6200702), (0.7987206, 0.6134576), (0.7268547, 0.6134574), (0.7262359, 0.62007), (0.7262326, 0.6063663), (0.799239, 0.6063665), (0.7268338, 0.605754), (0.7986289, 0.6057542), (0.7992987, 0.6057544), (0.7268338, 0.4061001), (0.7992987, 0.4061005), (0.7986289, 0.4061003), (0.7991012, 0.4056304), (0.7263799, 0.4056301), (0.7971709, 0.4006623), (0.728505, 0.4006621), (0.8834037, 0.5883486), (0.8787624, 0.5857357), (0.8787677, 0.5883473), (0.8834125, 0.5866509), (0.8936766, 0.5883479), (0.8807285, 0.5787174), (0.8787012, 0.5504336), (0.8936768, 0.5867357), (0.8838314, 0.5842836), (0.8811212, 0.5497963), (0.9082004, 0.5867347), (0.9082009, 0.588347), (0.8810397, 0.4660553), (0.8825832, 0.4658123), (0.8786877, 0.4735568), (0.878752, 0.4159942), (0.8811195, 0.4099325), (0.8826414, 0.5489284), (0.9176149, 0.5866487), (0.917625, 0.5883463), (0.9211952, 0.5883445), (0.9211985, 0.585733), (0.9195735, 0.5787148), (0.9212312, 0.5501868), (0.9172022, 0.5842814), (0.9190598, 0.549786), (0.9212312, 0.4659881), (0.9081887, 0.585293), (0.9191036, 0.4658099), (0.9175944, 0.46581), (0.9211622, 0.408391), (0.9190423, 0.4096899), (0.91891, 0.4024455), (0.9175739, 0.5489262), (0.9164711, 0.5818166), (0.8936885, 0.5852939), (0.9161156, 0.5485858), (0.9081658, 0.5828236), (0.8845666, 0.5818186), (0.8937109, 0.5828245), (0.8849176, 0.5485878), (0.9081519, 0.5486756), (0.9161009, 0.4657785), (0.8937202, 0.5486766), (0.9081459, 0.465766), (0.893715, 0.465767), (0.9081424, 0.4091664), (0.9161062, 0.4096271), (0.8849185, 0.4657806), (0.8849081, 0.4096291), (0.8937108, 0.4091673), (0.9081536, 0.4022289), (0.9175645, 0.41043), (0.916459, 0.4043063), (0.9170926, 0.4027615), (0.9081281, 0.4006621), (0.8936986, 0.4022299), (0.8937138, 0.400663), (0.8845545, 0.4043084), (0.8839111, 0.4027687), (0.882632, 0.4104323), (0.8813574, 0.4029776), (0.04019379, 0.4388471), (0.03409508, 0.4377342), (0.02894764, 0.4395815), (0.02790071, 0.4450695), (0.04643945, 0.4447102), (0.03457658, 0.5299392), (0.0923394, 0.4412888), (0.01485272, 0.5274632), (0.08588988, 0.4351955), (0.00230734, 0.6147043), (0.1535053, 0.4319065), (0.01623675, 0.6173842), (0.00928072, 0.625401), (0.00309873, 0.624069), (0.06782985, 0.6255697), (0.07463133, 0.6199045), (0.08676721, 0.5307962), (0.1536445, 0.6197161), (0.1534063, 0.6253253), (0.1895323, 0.6252036), (0.1538112, 0.5291427), (0.1537607, 0.4380668), (0.1895518, 0.5289291), (0.189553, 0.4377476), (0.1895249, 0.4316066), (0.1922495, 0.4376278), (0.1921778, 0.4315822), (0.1922495, 0.5287989), (0.1922479, 0.6194669), (0.1921826, 0.624986), (0.189553, 0.6196054), (0.5469331, 0.00330878), (0.5496612, 0.00904368), (0.5495833, 0.00352641), (0.5469667, 0.00890516), (0.5496635, 0.09971166), (0.5110564, 0.00318771), (0.5469661, 0.09958143), (0.5496636, 0.1908828), (0.5469674, 0.1907629), (0.5495793, 0.1969301), (0.5469264, 0.1969058), (0.5109445, 0.1966058), (0.5113055, 0.09936808), (0.511247, 0.190444), (0.4444244, 0.19332), (0.5113416, 0.00879527), (0.440831, 0.00863145), (0.4329216, 0.00296474), (0.3744076, 0.00313362), (0.4519818, 0.1872282), (0.3987339, 0.1896686), (0.4466565, 0.09772143), (0.4060877, 0.1838069), (0.3944655, 0.09857857), (0.3824742, 0.01115197), (0.3602261, 0.01380978), (0.3610207, 0.00444759), (0.3681403, 0.00226742), (0.3723341, 0.1010497), (0.3854085, 0.1834434), (0.3864093, 0.1889337), (0.39152, 0.1907801), (0.6035529, 0.226044), (0.6057994, 0.2201995), (0.6037635, 0.2209442), (0.6068514, 0.2215966), (0.6148122, 0.2192956), (0.6152925, 0.2206984), (0.6283687, 0.2206984), (0.6287476, 0.2192956), (0.6385697, 0.2202003), (0.6155653, 0.2268959), (0.6049239, 0.227039), (0.607421, 0.2276161), (0.6281537, 0.2268959), (0.6155743, 0.2711444), (0.6074337, 0.2714605), (0.6048706, 0.2711503), (0.6375651, 0.2215966), (0.6074215, 0.3419834), (0.6402298, 0.2270391), (0.6370249, 0.2276161), (0.6370161, 0.2714605), (0.6281475, 0.2711444), (0.615566, 0.3421207), (0.6281544, 0.3421207), (0.6416301, 0.2260785), (0.6413136, 0.2210201), (0.6152931, 0.3759192), (0.6417228, 0.2708412), (0.6403074, 0.2711504), (0.6402301, 0.3422439), (0.6370254, 0.3419834), (0.6283693, 0.3759192), (0.6375656, 0.3748792), (0.6287858, 0.3781905), (0.6068519, 0.3748792), (0.6147645, 0.3781905), (0.6439913, 0.2780648), (0.6439224, 0.2330308), (0.6416382, 0.3430129), (0.6439828, 0.3435828), (0.638662, 0.3771766), (0.6419547, 0.3716132), (0.6439217, 0.3789879), (0.6392658, 0.3799103), (0.6439165, 0.3815983), (0.6392804, 0.3816023), (0.6290075, 0.3816023), (0.6290008, 0.3799965), (0.6144832, 0.3816023), (0.6144918, 0.3799966), (0.6050592, 0.3816023), (0.6057025, 0.3771765), (0.6050759, 0.3799103), (0.6014854, 0.3789878), (0.6014889, 0.3815983), (0.6031123, 0.3716132), (0.6014483, 0.3435469), (0.6035454, 0.3430117), (0.6014421, 0.2769514), (0.6049242, 0.3422438), (0.6034859, 0.2708064), (0.6015072, 0.2319118), (0.6554799, 0.8831909), (0.6619818, 0.8839645), (0.6619293, 0.8593852), (0.6554482, 0.8593826), (0.6495469, 0.8593731), (0.6554799, 0.8355598), (0.6619818, 0.8347911), (0.5547851, 0.8591252), (0.5658988, 0.8347911), (0.554783, 0.8355624), (0.5658987, 0.8591176), (0.5767337, 0.8355624), (0.5767323, 0.8591252), (0.5767337, 0.8831565), (0.5658988, 0.8839262), (0.554783, 0.8831565), (0.5469264, 0.2014892), (0.5496635, 0.2075122), (0.5495793, 0.201465), (0.5469674, 0.2076321), (0.5496635, 0.2986833), (0.511247, 0.2079509), (0.5109445, 0.2017891), (0.5469661, 0.2988136), (0.5496612, 0.3893513), (0.4519818, 0.2111665), (0.4444244, 0.2050748), (0.5113055, 0.2990268), (0.5469667, 0.3894899), (0.4060877, 0.2145877), (0.3987339, 0.2087261), (0.546933, 0.3950863), (0.5495833, 0.3948687), (0.5110564, 0.3952073), (0.5113416, 0.3895997), (0.4466565, 0.3006733), (0.440831, 0.3897632), (0.4329216, 0.39543), (0.3744076, 0.395261), (0.3944655, 0.299816), (0.3824742, 0.3872426), (0.3602261, 0.3845848), (0.3610207, 0.3939471), (0.3681403, 0.3961273), (0.3723342, 0.2973451), (0.3854086, 0.2149513), (0.3864093, 0.209461), (0.39152, 0.2076146), (0.7129225, 0.378965), (0.7102119, 0.3793747), (0.7102119, 0.3922246), (0.7129225, 0.3927436), (0.6384303, 0.8831909), (0.6449322, 0.8839645), (0.6448798, 0.8593852), (0.6383986, 0.8593826), (0.6324973, 0.8593732), (0.6384304, 0.8355598), (0.6449322, 0.8347911), (0.8675711, 0.8792725), (0.874073, 0.8800412), (0.874035, 0.8554492), (0.8675534, 0.8554517), (0.8616379, 0.8554592), (0.8675711, 0.8316414), (0.874073, 0.8308678), (0.8565602, 0.3838871), (0.8541284, 0.3202628), (0.8541927, 0.3778253), (0.8564804, 0.3277642), (0.856562, 0.2440232), (0.854142, 0.243386), (0.8561694, 0.2151022), (0.8542032, 0.2080838), (0.8588534, 0.2071687), (0.8592722, 0.209536), (0.8588445, 0.205471), (0.8542084, 0.2054723), (0.8691177, 0.207084), (0.8691174, 0.2054717), (0.8836417, 0.2054727), (0.8836412, 0.2070849), (0.8930658, 0.2054733), (0.8691292, 0.2085256), (0.8580822, 0.2448911), (0.8600074, 0.2120009), (0.8691517, 0.210995), (0.8580239, 0.3280073), (0.8603584, 0.2452318), (0.8603591, 0.328039), (0.8691611, 0.2451431), (0.8836067, 0.210996), (0.8836294, 0.2085266), (0.8930557, 0.2071709), (0.8966393, 0.2080866), (0.896636, 0.2054752), (0.8950143, 0.2151048), (0.8966719, 0.2436329), (0.892643, 0.2095381), (0.8919119, 0.2120031), (0.8835927, 0.245144), (0.8945006, 0.2440336), (0.8930147, 0.2448934), (0.8945443, 0.3280097), (0.8966719, 0.3278315), (0.8966028, 0.3854287), (0.8915564, 0.2452339), (0.8930352, 0.3280096), (0.8691557, 0.3280526), (0.8691515, 0.3846522), (0.8835866, 0.3280536), (0.894483, 0.3841297), (0.8943506, 0.3913741), (0.8915415, 0.3280411), (0.8930052, 0.3833897), (0.8835831, 0.3846532), (0.8918997, 0.3895133), (0.8925333, 0.3910581), (0.8915468, 0.3841925), (0.8835943, 0.3915907), (0.8835688, 0.3931575), (0.8691393, 0.3915897), (0.8691545, 0.3931566), (0.8599952, 0.3895112), (0.8593519, 0.3910509), (0.8603488, 0.3841904), (0.8580726, 0.3833873), (0.856798, 0.390842), (0.5944664, 0.3748195), (0.5914062, 0.3806976), (0.5941505, 0.3798778), (0.5904015, 0.3793012), (0.5815841, 0.3816023), (0.5812051, 0.3801995), (0.5676487, 0.3816023), (0.5681289, 0.3801995), (0.558636, 0.3806983), (0.5930662, 0.3738588), (0.5898612, 0.3732818), (0.5809897, 0.374002), (0.5684012, 0.374002), (0.5898516, 0.3294373), (0.5809824, 0.3297534), (0.5945587, 0.3300567), (0.5931432, 0.3297475), (0.5968274, 0.3228331), (0.5967592, 0.3678671), (0.5968187, 0.2573151), (0.5944739, 0.257885), (0.5898606, 0.2589145), (0.5947907, 0.2292846), (0.5967578, 0.22191), (0.5930657, 0.258654), (0.5914979, 0.2237214), (0.5921018, 0.2209876), (0.590401, 0.2260187), (0.5809889, 0.2587772), (0.5812044, 0.2249787), (0.5684091, 0.3297534), (0.5602692, 0.3294373), (0.5684005, 0.2587772), (0.5816216, 0.2227074), (0.5681282, 0.2249787), (0.5921165, 0.2192956), (0.5967526, 0.2192996), (0.5818369, 0.2209013), (0.5818436, 0.2192956), (0.5676004, 0.2227074), (0.5673279, 0.2209013), (0.5673193, 0.2192956), (0.5578953, 0.2192956), (0.5579119, 0.2209876), (0.554325, 0.2192996), (0.5543215, 0.22191), (0.5559483, 0.2292846), (0.5542842, 0.257351), (0.5585383, 0.2237214), (0.556381, 0.2578861), (0.5542783, 0.3239464), (0.5596874, 0.2260187), (0.5602566, 0.2589145), (0.5577598, 0.258654), (0.5563218, 0.3300914), (0.5563894, 0.3748538), (0.5543439, 0.368986), (0.5577065, 0.3297475), (0.5577603, 0.3738588), (0.5602572, 0.3732818), (0.5596879, 0.3793012), (0.5566003, 0.3799537), (0.8505213, 0.8792725), (0.8570232, 0.8800412), (0.8569853, 0.8554492), (0.8505037, 0.8554517), (0.8445882, 0.8554592), (0.8505213, 0.8316414), (0.8570232, 0.8308678), (0.7167405, 0.3237328), (0.7102496, 0.323734), (0.7102119, 0.3343815), (0.7167221, 0.3343816), (0.7102496, 0.3453049), (0.7167405, 0.3453072), (0.7102119, 0.2299443), (0.716749, 0.2192991), (0.7102275, 0.2192956), (0.7167534, 0.2299465), (0.7102199, 0.2408701), (0.7167413, 0.2408701), (0.1571167, 0.8520089), (0.1682305, 0.8276749), (0.1571146, 0.8284461), (0.1682304, 0.8520014), (0.1790654, 0.8284461), (0.179064, 0.8520089), (0.1790654, 0.8760402), (0.1682305, 0.87681), (0.1571146, 0.8760403), (0.716722, 0.3082723), (0.7102496, 0.3191957), (0.7167405, 0.319198), (0.7102119, 0.3082722), (0.7167405, 0.2976235), (0.7102496, 0.2976246), (0.3441289, 0.6595753), (0.350666, 0.6489301), (0.3441446, 0.6489266), (0.3506705, 0.6595775), (0.344137, 0.6705011), (0.3506584, 0.6705011), (0.3602261, 0.4115274), (0.3671995, 0.4008307), (0.3610175, 0.4021628), (0.3741555, 0.4088474), (0.4257486, 0.4006621), (0.3727715, 0.4987687), (0.4325501, 0.4063273), (0.3924953, 0.4962924), (0.5115633, 0.4065159), (0.5113251, 0.4009068), (0.5474511, 0.4010286), (0.4043582, 0.5815215), (0.3858194, 0.5811623), (0.444686, 0.4954356), (0.5474718, 0.4066267), (0.5501014, 0.4012462), (0.5501667, 0.4067652), (0.5501683, 0.4974332), (0.3981125, 0.5873847), (0.3868664, 0.5866503), (0.3920138, 0.5884976), (0.4502581, 0.5849431), (0.4438086, 0.5910364), (0.5114241, 0.5943255), (0.51173, 0.4970894), (0.5474706, 0.4973031), (0.5501683, 0.5886043), (0.5116795, 0.5881652), (0.5474718, 0.5884845), (0.5474437, 0.5946257), (0.5500966, 0.5946499), (0.3543821, 0.642002), (0.3543821, 0.6291521), (0.3516715, 0.6287425), (0.3516715, 0.6425211), (0.6278301, 0.8593705), (0.6213807, 0.8831958), (0.6278826, 0.8839645), (0.621349, 0.859373), (0.6278826, 0.8347911), (0.6154477, 0.8593825), (0.6213807, 0.8355646), (0.5472467, 0.8408777), (0.5407827, 0.8646855), (0.5472847, 0.865459), (0.5407651, 0.8408752), (0.5472847, 0.8162857), (0.5348496, 0.8408677), (0.5407827, 0.8170543), (0.6861473, 0.3801841), (0.6796155, 0.3908316), (0.686137, 0.3908316), (0.6796058, 0.3801829), (0.6861413, 0.3692606), (0.6796198, 0.3692571), (0.7102119, 0.2824399), (0.7167405, 0.2715142), (0.7102497, 0.2715163), (0.7167221, 0.2824401), (0.7102497, 0.2930873), (0.7167405, 0.2930887), (0.3506705, 0.685963), (0.3441387, 0.6966105), (0.3506601, 0.6966105), (0.3441289, 0.6859617), (0.3506645, 0.6750394), (0.344143, 0.675036), (0.5937454, 0.8593832), (0.5872814, 0.8831909), (0.5937834, 0.8839645), (0.5872638, 0.8593807), (0.5937834, 0.8347911), (0.5813484, 0.8593732), (0.5872815, 0.8355598), (0.6107805, 0.8593705), (0.6043311, 0.8831958), (0.610833, 0.8839645), (0.6042993, 0.859373), (0.610833, 0.8347911), (0.5983981, 0.8593825), (0.6043311, 0.8355646), (0.7102119, 0.2563306), (0.7167405, 0.2454049), (0.7102496, 0.245407), (0.7167221, 0.2563308), (0.7102496, 0.266978), (0.7167405, 0.2669794), (0.9408206, 0.04690666), (0.9407216, 0.00470979), (0.9227973, 0.00226742), (0.9228786, 0.04538032), (0.9055163, 0.00476213), (0.9408947, 0.107829), (0.9055966, 0.04696487), (0.9016228, 0.00792013), (0.9016997, 0.04857172), (0.9229542, 0.1075876), (0.9056572, 0.1078995), (0.9017344, 0.1073192), (0.9010116, 0.1343529), (0.9056088, 0.147167), (0.922974, 0.1476941), (0.9408947, 0.1470844), (0.4446006, 0.8561506), (0.4446006, 0.8168952), (0.4266794, 0.8162857), (0.4266596, 0.8563923), (0.4445274, 0.9170729), (0.4093147, 0.8168129), (0.4265848, 0.9185995), (0.4444296, 0.9592697), (0.4265047, 0.9617124), (0.4093626, 0.8560805), (0.4047207, 0.8296268), (0.4054403, 0.8566608), (0.4093028, 0.9170151), (0.4092237, 0.9592178), (0.4054059, 0.9154084), (0.4053302, 0.9560599), (0.5551466, 0.4189814), (0.5706428, 0.401455), (0.5674075, 0.4006621), (0.5592712, 0.4192406), (0.554783, 0.4716414), (0.5719939, 0.4043097), (0.6120065, 0.4009171), (0.6120603, 0.4038266), (0.6717928, 0.4014277), (0.5589341, 0.471512), (0.562077, 0.4204942), (0.5726119, 0.4210906), (0.5589341, 0.5422582), (0.554783, 0.542129), (0.5617872, 0.4715455), (0.5592712, 0.5949084), (0.5551466, 0.595166), (0.5674075, 0.6131554), (0.5706428, 0.6123627), (0.5617872, 0.5422248), (0.5620769, 0.5936559), (0.5719939, 0.6095192), (0.6120065, 0.6128891), (0.5726119, 0.5930596), (0.5725967, 0.5422051), (0.5725967, 0.4715652), (0.6120603, 0.6099911), (0.6120493, 0.5422045), (0.6120715, 0.4210621), (0.6704105, 0.6095192), (0.6717928, 0.6123894), (0.6120715, 0.593087), (0.6120493, 0.4715658), (0.6704105, 0.4043097), (0.6698145, 0.4210906), (0.6698712, 0.4715652), (0.6987466, 0.4204942), (0.6698712, 0.5422051), (0.6698145, 0.5930596), (0.6996371, 0.5422248), (0.6987466, 0.5936559), (0.6996371, 0.4715455), (0.7023507, 0.419203), (0.6993225, 0.4037525), (0.7023507, 0.5949454), (0.6993225, 0.6101323), (0.7032674, 0.542263), (0.7032674, 0.4715073), (0.712604, 0.4186507), (0.712325, 0.4011444), (0.7213597, 0.4190173), (0.721618, 0.4716408), (0.7126998, 0.4714924), (0.721618, 0.5421296), (0.7126999, 0.5422779), (0.7213597, 0.5951313), (0.712604, 0.5954989), (0.7123251, 0.6126838), (0.9194766, 0.3927617), (0.9368571, 0.3931575), (0.9365755, 0.3751696), (0.9191893, 0.3748285), (0.9015882, 0.3926632), (0.9013139, 0.3751347), (0.9012866, 0.322133), (0.9365659, 0.3221326), (0.9191808, 0.3219893), (0.9012866, 0.2516442), (0.9191808, 0.2517889), (0.9365659, 0.251645), (0.9365755, 0.198985), (0.9191893, 0.1993253), (0.9368572, 0.1806642), (0.9013139, 0.1990207), (0.9194766, 0.1810604), (0.9015882, 0.1811694), (0.9768207, 0.3747374), (0.9589967, 0.3923655), (0.9769542, 0.3922674), (0.9588569, 0.3744308), (0.9416237, 0.3922899), (0.9414932, 0.3747374), (0.9768363, 0.3217357), (0.9588529, 0.3215916), (0.9414718, 0.3217357), (0.9414718, 0.251247), (0.9588529, 0.2513912), (0.9768363, 0.251247), (0.9588569, 0.1989276), (0.9768207, 0.1986234), (0.9769542, 0.1807736), (0.9414932, 0.1986234), (0.9589966, 0.1806642), (0.9416237, 0.1807505), (0.4874181, 0.8526039), (0.4872364, 0.8168883), (0.4784891, 0.8162857), (0.4786475, 0.852437), (0.476803, 0.8162864), (0.4786476, 0.9013457), (0.4874181, 0.9009712), (0.4786342, 0.9386582), (0.4769482, 0.9386589), (0.4873793, 0.9378327), (0.4871999, 0.9499662), (0.4784549, 0.9512643), (0.4767701, 0.951265), (0.4678125, 0.9499747), (0.4679797, 0.9378409), (0.4769615, 0.9013465), (0.4769614, 0.8524377), (0.4678096, 0.8526122), (0.4678368, 0.8168965), (0.4545912, 0.8163188), (0.4493642, 0.8520454), (0.4492153, 0.9003677), (0.4546357, 0.9371976), (0.4678096, 0.9009796), (0.8963969, 0.01873555), (0.8956315, 0.00411199), (0.8870753, 0.00232944), (0.8878465, 0.01750732), (0.8935599, 0.06793197), (0.8854026, 0.00226742), (0.8842053, 0.06720147), (0.886169, 0.01744512), (0.8815296, 0.136074), (0.8909049, 0.136274), (0.8771021, 0.01802006), (0.8725784, 0.06715397), (0.8763859, 0.00339834), (0.8629612, 0.0142624), (0.8570579, 0.06506318), (0.8541284, 0.1405533), (0.8823844, 0.06713395), (0.8797086, 0.1360065), (0.8799396, 0.1780286), (0.8816171, 0.1780908), (0.8902214, 0.1779352), (0.8699235, 0.135496), (0.8709265, 0.1772197), (0.8562439, 0.1875703), (0.8688035, 0.1992087), (0.8777121, 0.2008742), (0.8793848, 0.2009362), (0.8880491, 0.1999223), (0.8963969, 0.1890594), (0.8173099, 0.9647942), (0.7987323, 0.9300568), (0.8040612, 0.9653789), (0.8171758, 0.9295022), (0.8171759, 0.8811718), (0.7985866, 0.8817594), (0.8262783, 0.9653996), (0.8040144, 0.8449309), (0.8263282, 0.9296785), (0.8173535, 0.8443106), (0.8171939, 0.8321564), (0.8261525, 0.8308677), (0.8263226, 0.8434951), (0.8280143, 0.9296795), (0.8279644, 0.9654006), (0.8263283, 0.8808073), (0.8280143, 0.8808084), (0.8280087, 0.8434961), (0.8278373, 0.8308688), (0.8367844, 0.9295145), (0.8367095, 0.9648063), (0.8367844, 0.881184), (0.8367531, 0.8443227), (0.8365813, 0.8321687), (0.7257279, 0.06124431), (0.7626633, 0.00287191), (0.7275002, 0.01433955), (0.7623389, 0.05558569), (0.8116433, 0.00226742), (0.7623389, 0.1383166), (0.725728, 0.1367893), (0.7275003, 0.1877732), (0.7626632, 0.1911541), (0.8104556, 0.05539522), (0.8495138, 0.00229394), (0.8479323, 0.05539621), (0.8479324, 0.1383665), (0.8104557, 0.1383653), (0.8116432, 0.1912624), (0.8495137, 0.1912306), (0.9603686, 0.5869935), (0.9414751, 0.5340891), (0.9482056, 0.5869545), (0.9601008, 0.5341104), (0.9600975, 0.4511093), (0.9414718, 0.4511189), (0.9482056, 0.3980179), (0.9603685, 0.3979863), (0.9691925, 0.5880886), (0.9691924, 0.3969004), (0.9689639, 0.5345812), (0.9689605, 0.4506516), (0.9706048, 0.4506521), (0.9708727, 0.396901), (0.9706082, 0.5345817), (0.9708727, 0.5880891), (0.979276, 0.4511153), (0.9797027, 0.3979925), (0.9792793, 0.5341165), (0.9797027, 0.5869997), (0.2477905, 0.6435472), (0.212982, 0.6202089), (0.2122013, 0.6313734), (0.2486419, 0.6316754), (0.2975796, 0.6322792), (0.2967786, 0.6443918), (0.3348967, 0.6322528), (0.3341596, 0.6440693), (0.3470568, 0.6322878), (0.2970833, 0.5791499), (0.33364, 0.5791497), (0.3458633, 0.5791649), (0.2491089, 0.5789607), (0.2970834, 0.4961799), (0.3336401, 0.4961794), (0.3458634, 0.4961637), (0.3348967, 0.4433161), (0.3470568, 0.4432807), (0.3341593, 0.431906), (0.2975796, 0.4432842), (0.2967783, 0.4315822), (0.249109, 0.4962297), (0.2486419, 0.4433931), (0.2477902, 0.431693), (0.2115972, 0.4977586), (0.2129822, 0.4467752), (0.2122012, 0.4354214), (0.2008801, 0.4500062), (0.1968644, 0.4992728), (0.2115971, 0.5733036), (0.1968642, 0.5676646), (0.2008798, 0.6093214), (0.5423087, 0.6964498), (0.5374236, 0.7334567), (0.5427811, 0.7337756), (0.5437214, 0.7693021), (0.5320478, 0.7332991), (0.5367745, 0.6962441), (0.5312279, 0.6959578), (0.5324224, 0.6594937), (0.5379686, 0.6597763), (0.5435031, 0.6599857), (0.5326406, 0.6135172), (0.5381864, 0.6137953), (0.5437214, 0.6140091), (0.531928, 0.5994259), (0.5426448, 0.5991848), (0.5372697, 0.599321), (0.9607049, 0.8778369), (0.95897, 0.9650988), (0.9648504, 0.9650546), (0.9597228, 0.9744643), (0.9622766, 0.9764276), (0.9720794, 0.976428), (0.967742, 0.8777586), (0.95897, 0.7953944), (0.9648562, 0.7953801), (0.9597231, 0.7899066), (0.9624672, 0.7886069), (0.973249, 0.7953888), (0.9722893, 0.7886258), (0.9743793, 0.8777629), (0.9732426, 0.9650477), (0.9850087, 0.7953888), (0.9862247, 0.7886258), (0.9835766, 0.8777629), (0.9850168, 0.9650477), (0.9864937, 0.976428), (0.9954581, 0.9764276), (0.992712, 0.7953801), (0.9952375, 0.7886069), (0.9972733, 0.789907), (0.9976926, 0.795395), (0.9959531, 0.8778372), (0.9896738, 0.8777586), (0.9976926, 0.9651016), (0.9927187, 0.9650546), (0.9972755, 0.9744673), (0.2424403, 0.7461501), (0.2409923, 0.8366576), (0.242397, 0.8367382), (0.2409923, 0.8422626), (0.237422, 0.8423493), (0.2409967, 0.7461135), (0.2423971, 0.6550601), (0.2374221, 0.8366637), (0.227998, 0.8423493), (0.2374222, 0.7461123), (0.2409925, 0.655071), (0.2409925, 0.6490299), (0.2374222, 0.6550611), (0.2374222, 0.6489266), (0.227998, 0.8366637), (0.2279982, 0.6550611), (0.2279982, 0.6489266), (0.2279981, 0.7461123), (0.2134737, 0.8366637), (0.2134737, 0.8423493), (0.2032008, 0.8423493), (0.2134738, 0.7461123), (0.2134739, 0.6550611), (0.2134739, 0.6489266), (0.2032009, 0.6489266), (0.2032008, 0.8366637), (0.1985647, 0.8422626), (0.2032009, 0.7461123), (0.1985648, 0.8366576), (0.1969144, 0.8367382), (0.1985598, 0.7461135), (0.1968642, 0.7461501), (0.1969146, 0.6550601), (0.1985649, 0.655071), (0.1985649, 0.6490299), (0.2032009, 0.6550611), (0.8867065, 0.8990632), (0.8804272, 0.899142), (0.8786877, 0.9864063), (0.8786877, 0.8166996), (0.8836616, 0.9863592), (0.8791049, 0.9957719), (0.8809223, 0.9977323), (0.8913635, 0.9863524), (0.8898866, 0.9977326), (0.9043009, 0.9977326), (0.8928037, 0.8990675), (0.8836682, 0.8166848), (0.8791071, 0.8112117), (0.8811429, 0.8099116), (0.8913716, 0.8166934), (0.8901556, 0.8099304), (0.904091, 0.8099304), (0.9031312, 0.8166934), (0.9139131, 0.8099115), (0.9031377, 0.9863523), (0.9115241, 0.8166847), (0.9166572, 0.8112112), (0.9174103, 0.816699), (0.9156754, 0.8991414), (0.902001, 0.8990675), (0.9086384, 0.8990632), (0.9174103, 0.9864033), (0.9115299, 0.9863592), (0.9141037, 0.9977322), (0.9166576, 0.9957689), (0.1682306, 0.7988135), (0.157117, 0.798806), (0.1571147, 0.8223687), (0.1682305, 0.82314), (0.1571146, 0.7747747), (0.1790654, 0.8223687), (0.1682305, 0.7740049), (0.1790642, 0.798806), (0.1790654, 0.7747746), (0.7798805, 0.8551121), (0.7798806, 0.8799207), (0.7909965, 0.879151), (0.7909942, 0.8551197), (0.7690457, 0.879151), (0.7909965, 0.8315569), (0.769047, 0.8551197), (0.7798806, 0.8307857), (0.7690458, 0.8315569), (0.5551275, 0.6357508), (0.554783, 0.6887525), (0.569886, 0.6886035), (0.554783, 0.7592412), (0.5698327, 0.6353903), (0.5670869, 0.6182208), (0.6099901, 0.6176903), (0.6118875, 0.6353256), (0.672484, 0.6353256), (0.6719368, 0.6176903), (0.7118553, 0.6182209), (0.6119483, 0.6885987), (0.7115475, 0.6353903), (0.7209113, 0.6357508), (0.7211701, 0.6887525), (0.6725013, 0.6885987), (0.6119483, 0.759395), (0.5698861, 0.7593902), (0.5698327, 0.8122236), (0.5551276, 0.8118647), (0.567087, 0.8297146), (0.6118876, 0.8122894), (0.6099902, 0.8302563), (0.6719368, 0.8302563), (0.7115627, 0.6886035), (0.7115628, 0.7593902), (0.7211701, 0.7592412), (0.7209114, 0.8118647), (0.6725013, 0.759395), (0.7115476, 0.8122236), (0.7118554, 0.8297146), (0.6724841, 0.8122894), (0.2909304, 0.8366576), (0.2862943, 0.8423493), (0.2909304, 0.8422626), (0.2925807, 0.8367382), (0.2909355, 0.7461135), (0.2926311, 0.7461501), (0.2925808, 0.6550601), (0.2862943, 0.8366637), (0.2760214, 0.8423493), (0.2909305, 0.655071), (0.2862945, 0.6550611), (0.2909305, 0.6490299), (0.2862945, 0.6489266), (0.2760215, 0.6489266), (0.2760214, 0.8366637), (0.2760214, 0.7461123), (0.2614971, 0.8423493), (0.2862944, 0.7461123), (0.2760215, 0.6550611), (0.2614972, 0.6489266), (0.2614971, 0.8366637), (0.252073, 0.8423493), (0.2614973, 0.6550611), (0.252073, 0.8366637), (0.2485028, 0.8422626), (0.2614972, 0.7461123), (0.2520733, 0.6550611), (0.2520732, 0.6489266), (0.2520731, 0.7461123), (0.2485029, 0.655071), (0.2485029, 0.6490299), (0.2470983, 0.6550601), (0.2484986, 0.7461135), (0.247055, 0.7461501), (0.2485028, 0.8366576), (0.2470981, 0.8367382)] (
                    interpolation = "faceVarying"
                )
                int[] primvars:st:indices = [2, 1, 0, 5, 4, 3, 8, 7, 6, 11, 10, 9, 14, 13, 12, 17, 16, 15, 20, 19, 18, 23, 22, 21, 26, 25, 24, 29, 28, 27, 32, 31, 30, 35, 34, 33, 38, 37, 36, 41, 40, 39, 44, 43, 42, 47, 46, 45, 50, 49, 48, 53, 52, 51, 56, 55, 54, 59, 58, 57, 62, 61, 60, 65, 64, 63, 68, 67, 66, 71, 70, 69, 74, 73, 72, 77, 76, 75, 80, 79, 78, 83, 82, 81, 86, 85, 84, 89, 88, 87, 92, 91, 90, 95, 94, 93, 98, 97, 96, 101, 100, 99, 104, 103, 102, 107, 106, 105, 110, 109, 108, 113, 112, 111, 116, 115, 114, 119, 118, 117, 122, 121, 120, 125, 124, 123, 128, 127, 126, 131, 130, 129, 134, 133, 132, 137, 136, 135, 140, 139, 138, 143, 142, 141, 146, 145, 144, 149, 148, 147, 152, 151, 150, 155, 154, 153, 158, 157, 156, 161, 160, 159, 164, 163, 162, 167, 166, 165, 170, 169, 168, 173, 172, 171, 176, 175, 174, 179, 178, 177, 182, 181, 180, 185, 184, 183, 188, 187, 186, 191, 190, 189, 194, 193, 192, 197, 196, 195, 200, 199, 198, 203, 202, 201, 202, 204, 201, 201, 204, 205, 206, 204, 202, 207, 206, 202, 204, 208, 205, 204, 206, 208, 206, 209, 208, 205, 208, 210, 209, 211, 208, 208, 212, 210, 211, 212, 208, 210, 212, 213, 212, 211, 214, 212, 214, 213, 211, 215, 214, 214, 215, 216, 217, 214, 216, 214, 217, 213, 217, 218, 213, 221, 220, 219, 220, 222, 219, 219, 222, 223, 224, 219, 223, 222, 220, 225, 222, 225, 223, 220, 226, 225, 225, 227, 223, 225, 226, 228, 225, 228, 227, 228, 229, 227, 226, 230, 228, 229, 228, 231, 228, 230, 232, 228, 232, 231, 230, 233, 232, 233, 234, 232, 234, 235, 232, 231, 232, 235, 236, 231, 235, 239, 238, 237, 240, 239, 237, 241, 240, 237, 242, 241, 237, 241, 243, 240, 243, 244, 240, 240, 244, 239, 244, 245, 239, 248, 247, 246, 249, 248, 246, 250, 248, 249, 249, 246, 251, 252, 250, 249, 253, 249, 251, 252, 249, 253, 254, 252, 253, 255, 254, 253, 253, 251, 256, 257, 255, 253, 257, 253, 256, 258, 255, 257, 259, 257, 256, 259, 258, 257, 260, 259, 256, 261, 258, 259, 261, 259, 260, 264, 263, 262, 265, 264, 262, 268, 267, 266, 266, 269, 268, 266, 270, 269, 270, 271, 269, 272, 268, 269, 273, 272, 269, 274, 272, 273, 273, 275, 274, 275, 276, 274, 275, 277, 276, 275, 278, 277, 279, 278, 275, 280, 279, 275, 281, 279, 280, 280, 282, 281, 282, 283, 281, 282, 284, 283, 287, 286, 285, 288, 287, 285, 291, 290, 289, 289, 292, 291, 292, 293, 291, 292, 294, 293, 292, 289, 295, 289, 296, 295, 289, 297, 296, 289, 290, 297, 297, 298, 296, 298, 299, 296, 295, 296, 299, 299, 300, 295, 299, 301, 300, 301, 302, 300, 302, 303, 300, 303, 302, 304, 300, 303, 305, 303, 304, 306, 303, 306, 305, 304, 307, 306, 307, 308, 306, 305, 306, 308, 308, 309, 305, 308, 310, 309, 310, 311, 309, 314, 313, 312, 312, 315, 314, 315, 316, 314, 315, 317, 316, 318, 317, 315, 318, 315, 319, 315, 312, 320, 315, 321, 319, 321, 315, 320, 321, 322, 319, 323, 322, 321, 323, 321, 320, 324, 323, 320, 320, 325, 324, 323, 324, 326, 327, 323, 326, 327, 326, 328, 328, 329, 327, 330, 327, 329, 329, 328, 331, 330, 329, 332, 333, 329, 331, 329, 333, 332, 333, 334, 332, 333, 331, 335, 335, 334, 333, 335, 336, 334, 335, 337, 336, 340, 339, 338, 339, 341, 338, 338, 341, 342, 343, 341, 339, 343, 339, 344, 341, 345, 342, 343, 346, 341, 341, 346, 345, 344, 347, 343, 343, 347, 346, 345, 348, 342, 348, 349, 342, 347, 344, 350, 350, 351, 347, 344, 352, 350, 352, 353, 350, 353, 354, 350, 351, 350, 354, 347, 355, 346, 351, 355, 347, 349, 348, 356, 357, 349, 356, 357, 356, 358, 356, 359, 358, 360, 359, 356, 361, 359, 360, 356, 348, 362, 356, 362, 360, 360, 363, 361, 360, 362, 363, 361, 363, 364, 348, 365, 362, 348, 345, 365, 363, 366, 364, 367, 366, 363, 364, 366, 368, 366, 369, 368, 366, 367, 369, 368, 369, 370, 371, 363, 362, 371, 367, 363, 372, 371, 362, 372, 362, 365, 345, 373, 365, 346, 373, 345, 372, 374, 371, 371, 374, 367, 375, 372, 365, 375, 365, 373, 374, 372, 375, 346, 376, 373, 355, 376, 346, 377, 375, 373, 376, 377, 373, 376, 355, 378, 376, 378, 377, 378, 355, 351, 379, 374, 375, 379, 375, 377, 374, 380, 367, 374, 379, 380, 381, 379, 377, 378, 381, 377, 379, 381, 382, 379, 382, 380, 381, 378, 383, 381, 383, 382, 382, 384, 380, 384, 382, 383, 380, 385, 367, 384, 385, 380, 386, 378, 351, 378, 386, 383, 387, 386, 351, 386, 387, 383, 388, 384, 383, 387, 388, 383, 384, 388, 389, 385, 384, 389, 385, 390, 367, 367, 390, 369, 390, 385, 391, 390, 391, 369, 391, 385, 389, 391, 392, 369, 392, 391, 393, 391, 389, 393, 388, 394, 389, 389, 394, 393, 388, 387, 394, 394, 395, 393, 394, 396, 395, 387, 396, 394, 396, 397, 395, 398, 396, 387, 398, 387, 351, 398, 351, 354, 396, 398, 354, 397, 396, 354, 399, 397, 354, 402, 401, 400, 400, 403, 402, 400, 404, 403, 404, 405, 403, 406, 404, 400, 405, 404, 406, 405, 407, 403, 408, 406, 400, 409, 407, 405, 408, 410, 406, 411, 409, 405, 411, 412, 409, 413, 409, 412, 414, 412, 411, 415, 411, 405, 415, 414, 411, 416, 405, 406, 416, 415, 405, 415, 417, 414, 417, 418, 414, 419, 418, 417, 415, 416, 420, 420, 416, 406, 417, 415, 420, 410, 421, 406, 421, 420, 406, 417, 420, 422, 420, 421, 422, 423, 421, 410, 421, 423, 422, 424, 423, 410, 425, 423, 424, 426, 425, 424, 425, 427, 423, 427, 422, 423, 427, 428, 422, 429, 419, 428, 430, 417, 422, 428, 430, 422, 430, 419, 417, 419, 430, 428, 433, 432, 431, 432, 434, 431, 432, 435, 434, 431, 434, 436, 435, 437, 434, 435, 438, 437, 438, 439, 437, 438, 440, 439, 440, 441, 439, 441, 442, 439, 437, 443, 434, 443, 437, 439, 442, 444, 439, 444, 443, 439, 442, 445, 444, 434, 446, 436, 443, 446, 434, 436, 446, 447, 446, 443, 447, 448, 436, 447, 448, 447, 449, 445, 450, 444, 445, 451, 450, 443, 444, 452, 444, 450, 452, 443, 452, 447, 450, 453, 452, 451, 453, 450, 452, 454, 447, 453, 454, 452, 447, 455, 449, 454, 455, 447, 449, 455, 456, 455, 454, 456, 449, 456, 457, 457, 458, 449, 454, 459, 456, 454, 453, 459, 453, 460, 459, 460, 453, 451, 461, 460, 451, 451, 462, 461, 465, 464, 463, 464, 466, 463, 464, 467, 466, 467, 468, 466, 469, 468, 467, 470, 469, 467, 469, 470, 471, 466, 468, 472, 472, 468, 469, 466, 473, 463, 474, 466, 472, 474, 473, 466, 475, 472, 469, 474, 472, 476, 472, 475, 476, 473, 474, 477, 477, 474, 476, 478, 473, 477, 473, 478, 463, 479, 469, 471, 475, 469, 479, 480, 477, 476, 478, 477, 480, 481, 479, 471, 482, 475, 479, 481, 482, 479, 475, 482, 483, 483, 482, 481, 475, 484, 476, 484, 475, 483, 485, 476, 484, 485, 480, 476, 486, 485, 484, 486, 484, 483, 487, 481, 471, 488, 487, 471, 480, 485, 489, 489, 485, 486, 481, 487, 490, 491, 483, 481, 491, 481, 490, 483, 491, 492, 492, 491, 490, 493, 486, 483, 493, 483, 492, 494, 489, 486, 486, 493, 494, 493, 495, 494, 495, 493, 492, 496, 494, 495, 497, 480, 489, 497, 489, 498, 490, 487, 499, 487, 500, 499, 501, 490, 499, 501, 492, 490, 502, 501, 499, 495, 492, 503, 492, 501, 503, 503, 496, 495, 504, 501, 502, 504, 503, 501, 502, 505, 504, 504, 505, 506, 506, 503, 504, 506, 505, 507, 508, 506, 507, 508, 509, 506, 506, 510, 503, 509, 510, 506, 510, 496, 503, 510, 509, 511, 496, 510, 512, 512, 510, 511, 498, 496, 512, 511, 513, 512, 514, 498, 512, 514, 497, 498, 513, 515, 512, 515, 514, 512, 516, 515, 513, 517, 516, 513, 518, 515, 516, 518, 514, 515, 518, 516, 519, 519, 520, 518, 518, 520, 514, 519, 521, 520, 522, 497, 514, 520, 522, 514, 497, 522, 480, 522, 478, 480, 478, 522, 520, 523, 478, 520, 521, 523, 520, 478, 523, 463, 523, 521, 463, 521, 524, 463, 527, 526, 525, 528, 527, 525, 529, 528, 525, 530, 528, 529, 527, 528, 530, 531, 527, 530, 534, 533, 532, 533, 535, 532, 533, 536, 535, 536, 537, 535, 537, 538, 535, 538, 539, 535, 532, 535, 539, 540, 532, 539, 543, 542, 541, 542, 544, 541, 542, 545, 544, 541, 544, 546, 547, 541, 546, 545, 548, 544, 546, 544, 548, 545, 549, 548, 547, 546, 550, 551, 547, 550, 552, 546, 548, 546, 552, 550, 549, 553, 548, 548, 553, 552, 551, 550, 554, 555, 551, 554, 556, 553, 549, 557, 556, 549, 556, 558, 553, 553, 559, 552, 558, 559, 553, 552, 560, 550, 552, 559, 560, 550, 560, 554, 561, 559, 558, 559, 561, 560, 562, 561, 558, 562, 563, 561, 560, 561, 564, 560, 564, 554, 563, 565, 561, 561, 565, 564, 566, 565, 563, 565, 566, 564, 566, 563, 567, 563, 568, 567, 566, 569, 564, 564, 569, 554, 569, 570, 554, 570, 555, 554, 555, 570, 571, 571, 572, 555, 575, 574, 573, 576, 575, 573, 579, 578, 577, 580, 579, 577, 581, 580, 577, 582, 580, 581, 579, 580, 582, 583, 579, 582, 586, 585, 584, 587, 586, 584, 587, 584, 588, 589, 587, 588, 586, 587, 589, 590, 586, 589, 593, 592, 591, 592, 594, 591, 595, 594, 592, 596, 595, 592, 597, 595, 596, 596, 598, 597, 597, 598, 599, 597, 600, 595, 599, 600, 597, 601, 599, 598, 602, 601, 598, 599, 601, 603, 599, 603, 600, 601, 604, 603, 603, 604, 605, 606, 603, 605, 605, 607, 606, 603, 608, 600, 603, 606, 608, 594, 595, 609, 595, 600, 610, 609, 595, 610, 610, 600, 611, 600, 608, 611, 612, 594, 609, 591, 594, 612, 610, 613, 609, 613, 610, 611, 613, 614, 609, 614, 612, 609, 615, 613, 611, 613, 615, 614, 611, 608, 616, 615, 611, 616, 606, 617, 608, 608, 617, 616, 606, 618, 617, 607, 618, 606, 618, 607, 619, 607, 620, 619, 621, 618, 619, 621, 619, 622, 618, 623, 617, 621, 623, 618, 616, 617, 624, 617, 623, 624, 625, 615, 616, 625, 616, 624, 622, 626, 621, 626, 623, 621, 624, 623, 627, 623, 626, 627, 626, 622, 628, 622, 629, 628, 629, 630, 628, 627, 631, 624, 631, 625, 624, 627, 626, 632, 626, 628, 632, 631, 627, 632, 615, 625, 633, 615, 633, 614, 614, 633, 634, 625, 635, 633, 625, 631, 635, 634, 633, 635, 630, 636, 628, 637, 636, 630, 638, 631, 632, 631, 638, 635, 632, 628, 639, 628, 636, 639, 638, 632, 639, 635, 638, 640, 640, 634, 635, 639, 636, 641, 636, 642, 641, 643, 638, 639, 638, 643, 640, 641, 643, 639, 641, 642, 644, 643, 641, 644, 640, 643, 644, 640, 644, 634, 642, 645, 644, 644, 645, 646, 644, 646, 634, 645, 647, 646, 646, 647, 648, 634, 646, 648, 647, 649, 648, 650, 634, 648, 650, 614, 634, 614, 650, 612, 651, 650, 648, 650, 651, 612, 648, 649, 651, 651, 591, 612, 649, 591, 651, 652, 591, 649, 655, 654, 653, 653, 654, 656, 656, 654, 657, 658, 656, 657, 657, 659, 658, 659, 660, 658, 659, 661, 660, 662, 653, 656, 663, 656, 658, 656, 663, 662, 664, 663, 658, 658, 660, 665, 664, 658, 665, 666, 663, 664, 662, 663, 666, 664, 665, 667, 667, 666, 664, 668, 653, 662, 669, 662, 666, 669, 668, 662, 668, 670, 653, 670, 671, 653, 672, 670, 668, 673, 672, 668, 673, 668, 669, 666, 674, 669, 674, 666, 667, 672, 673, 675, 675, 676, 672, 677, 673, 669, 674, 677, 669, 673, 678, 675, 678, 673, 677, 675, 679, 676, 675, 678, 679, 677, 674, 680, 680, 678, 677, 681, 674, 667, 674, 681, 680, 678, 680, 682, 681, 682, 680, 681, 667, 683, 665, 683, 667, 684, 683, 665, 685, 681, 683, 682, 681, 685, 685, 683, 684, 686, 678, 682, 679, 678, 686, 687, 682, 685, 679, 688, 676, 688, 689, 676, 690, 679, 686, 688, 679, 690, 691, 688, 690, 686, 692, 690, 690, 693, 691, 692, 693, 690, 693, 694, 691, 695, 694, 693, 696, 695, 693, 696, 693, 692, 697, 695, 696, 698, 697, 696, 699, 698, 696, 700, 698, 699, 701, 696, 692, 696, 701, 699, 699, 702, 700, 699, 701, 702, 700, 702, 703, 701, 692, 704, 702, 701, 704, 692, 687, 704, 705, 704, 687, 685, 705, 687, 705, 685, 684, 704, 705, 706, 706, 702, 704, 706, 705, 684, 702, 707, 703, 707, 702, 706, 707, 708, 703, 708, 709, 703, 710, 707, 706, 710, 706, 684, 708, 707, 710, 710, 684, 711, 711, 708, 710, 684, 712, 711, 712, 684, 665, 712, 665, 660, 713, 712, 660, 712, 713, 711, 661, 713, 660, 713, 661, 711, 661, 708, 711, 714, 708, 661, 717, 716, 715, 718, 717, 715, 715, 719, 718, 720, 718, 719, 717, 718, 720, 721, 717, 720, 724, 723, 722, 725, 724, 722, 726, 724, 725, 727, 726, 725, 730, 729, 728, 729, 731, 728, 732, 728, 731, 733, 732, 731, 736, 735, 734, 735, 737, 734, 735, 738, 737, 738, 739, 737, 739, 740, 737, 740, 741, 737, 734, 737, 741, 742, 734, 741, 745, 744, 743, 744, 746, 743, 743, 746, 747, 746, 748, 747, 751, 750, 749, 750, 752, 749, 753, 749, 752, 754, 753, 752, 757, 756, 755, 755, 756, 758, 758, 756, 759, 755, 758, 760, 761, 758, 759, 758, 762, 760, 762, 758, 761, 761, 759, 763, 759, 764, 763, 763, 764, 765, 762, 766, 760, 766, 767, 760, 768, 762, 761, 761, 763, 768, 769, 763, 765, 765, 770, 769, 770, 771, 769, 771, 772, 769, 767, 766, 773, 774, 767, 773, 773, 775, 774, 776, 766, 762, 773, 766, 776, 768, 776, 762, 777, 773, 776, 777, 776, 778, 763, 779, 768, 763, 769, 779, 772, 780, 769, 769, 780, 779, 772, 781, 780, 782, 776, 768, 776, 782, 778, 779, 782, 768, 779, 780, 783, 782, 779, 783, 778, 782, 783, 781, 783, 780, 784, 778, 783, 784, 783, 781, 785, 784, 781, 788, 787, 786, 789, 788, 786, 792, 791, 790, 791, 793, 790, 790, 793, 794, 791, 795, 793, 793, 796, 794, 796, 793, 795, 799, 798, 797, 798, 800, 797, 797, 800, 801, 798, 802, 800, 800, 803, 801, 800, 802, 803, 806, 805, 804, 805, 807, 804, 808, 804, 807, 809, 808, 807, 812, 811, 810, 811, 813, 810, 810, 813, 814, 813, 815, 814, 818, 817, 816, 817, 819, 816, 820, 816, 819, 821, 820, 819, 824, 823, 822, 823, 825, 822, 822, 825, 826, 823, 827, 825, 825, 828, 826, 825, 827, 828, 831, 830, 829, 830, 832, 829, 829, 832, 833, 830, 834, 832, 832, 835, 833, 835, 832, 834, 838, 837, 836, 837, 839, 836, 836, 839, 840, 839, 841, 840, 844, 843, 842, 845, 844, 842, 846, 844, 845, 842, 847, 845, 848, 846, 845, 846, 848, 849, 848, 850, 849, 847, 851, 845, 845, 851, 848, 848, 852, 850, 851, 852, 848, 852, 853, 850, 854, 853, 852, 854, 852, 855, 855, 852, 851, 856, 855, 851, 856, 851, 847, 857, 856, 847, 860, 859, 858, 861, 860, 858, 858, 862, 861, 863, 860, 861, 862, 864, 861, 862, 865, 864, 865, 866, 864, 867, 863, 861, 861, 864, 867, 863, 867, 868, 867, 869, 868, 864, 866, 870, 864, 870, 867, 867, 870, 869, 866, 871, 870, 870, 872, 869, 871, 873, 870, 873, 872, 870, 876, 875, 874, 875, 877, 874, 874, 877, 878, 875, 879, 877, 879, 875, 880, 881, 879, 880, 881, 880, 882, 877, 883, 878, 879, 884, 877, 877, 884, 883, 884, 879, 885, 885, 879, 881, 878, 883, 886, 887, 878, 886, 884, 888, 883, 884, 885, 888, 887, 886, 889, 890, 887, 889, 890, 889, 891, 889, 892, 891, 893, 886, 883, 888, 893, 883, 894, 889, 886, 889, 894, 892, 893, 894, 886, 894, 895, 892, 892, 895, 896, 897, 894, 893, 895, 894, 897, 898, 893, 888, 898, 897, 893, 885, 899, 888, 899, 898, 888, 895, 900, 896, 895, 897, 900, 897, 898, 901, 901, 898, 899, 885, 902, 899, 902, 885, 881, 900, 903, 896, 903, 904, 896, 897, 905, 900, 905, 897, 901, 900, 905, 903, 902, 906, 899, 906, 901, 899, 902, 881, 907, 907, 881, 882, 902, 908, 906, 908, 902, 907, 901, 906, 909, 908, 909, 906, 907, 910, 908, 910, 907, 882, 909, 908, 910, 901, 911, 905, 911, 901, 909, 911, 912, 905, 905, 912, 903, 911, 909, 913, 912, 911, 913, 914, 903, 912, 914, 912, 913, 909, 915, 913, 915, 909, 910, 916, 910, 882, 917, 916, 882, 903, 914, 918, 904, 903, 918, 919, 904, 918, 914, 913, 920, 913, 915, 920, 918, 914, 920, 915, 910, 921, 910, 916, 921, 915, 921, 920, 922, 916, 917, 916, 922, 921, 917, 923, 922, 923, 924, 922, 924, 925, 922, 925, 926, 922, 922, 926, 921, 925, 927, 926, 928, 920, 921, 926, 928, 921, 927, 928, 926, 918, 920, 928, 927, 929, 928, 930, 918, 928, 929, 930, 928, 919, 918, 930, 929, 931, 930, 919, 930, 931, 934, 933, 932, 935, 934, 932, 935, 932, 936, 937, 935, 936, 937, 938, 935, 934, 935, 939, 938, 940, 935, 935, 940, 939, 940, 938, 941, 939, 940, 942, 942, 940, 941, 943, 939, 942, 944, 943, 942, 945, 942, 941, 945, 944, 942, 946, 944, 945, 947, 945, 941, 948, 946, 945, 948, 945, 947, 949, 948, 947, 952, 951, 950, 951, 953, 950, 951, 954, 953, 954, 955, 953, 950, 953, 956, 953, 955, 957, 953, 957, 956, 955, 958, 957, 958, 959, 957, 957, 960, 956, 959, 960, 957, 960, 961, 956, 962, 960, 959, 961, 960, 962, 963, 961, 962, 963, 962, 964, 965, 962, 959, 962, 966, 964, 962, 965, 966, 965, 967, 966, 970, 969, 968, 971, 970, 968, 970, 971, 972, 971, 968, 973, 968, 974, 973, 973, 974, 975, 973, 975, 976, 974, 977, 975, 975, 977, 978, 979, 975, 978, 975, 979, 976, 979, 980, 976, 976, 980, 981, 982, 976, 981, 971, 973, 983, 983, 973, 976, 971, 984, 972, 984, 971, 983, 972, 984, 985, 985, 984, 983, 986, 972, 985, 987, 986, 985, 988, 987, 985, 988, 985, 989, 990, 989, 982, 991, 983, 976, 991, 985, 983, 982, 991, 976, 989, 991, 982, 985, 991, 989, 994, 993, 992, 995, 994, 992, 995, 992, 996, 994, 995, 997, 998, 995, 996, 995, 999, 997, 995, 998, 999, 998, 996, 1000, 996, 1001, 1000, 997, 999, 1002, 1002, 999, 1003, 1004, 997, 1002, 1005, 1004, 1002, 1005, 1002, 1003, 1006, 1005, 1003, 1006, 1003, 1007, 998, 1008, 999, 999, 1008, 1003, 1008, 998, 1009, 1003, 1008, 1009, 998, 1000, 1009, 1009, 1000, 1010, 1000, 1001, 1011, 1000, 1011, 1010, 1001, 1012, 1011, 1013, 1003, 1009, 1003, 1013, 1007, 1013, 1009, 1010, 1007, 1013, 1014, 1014, 1013, 1010, 1015, 1007, 1014, 1016, 1015, 1014, 1016, 1014, 1010, 1017, 1016, 1010, 1017, 1010, 1018, 1010, 1011, 1018, 1011, 1012, 1018, 1012, 1019, 1018, 1020, 1019, 1012, 1023, 1022, 1021, 1022, 1024, 1021, 1025, 1024, 1022, 1026, 1025, 1022, 1021, 1024, 1027, 1026, 1028, 1025, 1024, 1029, 1027, 1024, 1025, 1029, 1028, 1030, 1025, 1028, 1031, 1030, 1031, 1032, 1030, 1030, 1033, 1025, 1032, 1033, 1030, 1029, 1034, 1027, 1034, 1035, 1027, 1025, 1036, 1029, 1033, 1036, 1025, 1036, 1037, 1029, 1037, 1036, 1033, 1037, 1034, 1029, 1038, 1033, 1032, 1038, 1037, 1033, 1039, 1038, 1032, 1034, 1040, 1035, 1040, 1041, 1035, 1042, 1040, 1034, 1037, 1042, 1034, 1037, 1038, 1042, 1038, 1043, 1042, 1038, 1039, 1043, 1039, 1044, 1043, 1047, 1046, 1045, 1046, 1048, 1045, 1046, 1049, 1048, 1048, 1050, 1045, 1050, 1051, 1045, 1052, 1051, 1050, 1053, 1052, 1050, 1049, 1054, 1048, 1050, 1048, 1054, 1049, 1055, 1054, 1055, 1056, 1054, 1056, 1057, 1054, 1050, 1058, 1053, 1058, 1050, 1054, 1057, 1058, 1054, 1058, 1059, 1053, 1057, 1060, 1058, 1060, 1059, 1058, 1063, 1062, 1061, 1062, 1064, 1061, 1065, 1064, 1062, 1066, 1065, 1062, 1066, 1067, 1065, 1067, 1068, 1065, 1061, 1064, 1069, 1068, 1070, 1065, 1064, 1071, 1069, 1064, 1065, 1071, 1070, 1072, 1065, 1065, 1072, 1071, 1073, 1072, 1070, 1072, 1073, 1071, 1074, 1073, 1070, 1071, 1075, 1069, 1073, 1075, 1071, 1075, 1076, 1069, 1073, 1074, 1077, 1073, 1077, 1075, 1074, 1078, 1077, 1077, 1079, 1075, 1075, 1079, 1076, 1079, 1080, 1076, 1083, 1082, 1081, 1082, 1084, 1081, 1081, 1084, 1085, 1086, 1081, 1085, 1086, 1085, 1087, 1088, 1086, 1087, 1089, 1088, 1087, 1090, 1085, 1084, 1087, 1085, 1090, 1089, 1087, 1091, 1091, 1087, 1090, 1092, 1089, 1091, 1093, 1090, 1084, 1084, 1082, 1093, 1091, 1090, 1094, 1090, 1093, 1094, 1092, 1091, 1095, 1095, 1091, 1094, 1096, 1092, 1095, 1096, 1095, 1097, 1097, 1095, 1094, 1098, 1096, 1097, 1099, 1098, 1097, 1099, 1097, 1100, 1100, 1097, 1094, 1101, 1099, 1100, 1100, 1094, 1102, 1093, 1102, 1094, 1100, 1103, 1101, 1103, 1100, 1102, 1103, 1104, 1101, 1102, 1093, 1105, 1103, 1102, 1105, 1104, 1103, 1106, 1106, 1103, 1105, 1107, 1104, 1106, 1108, 1107, 1106, 1108, 1106, 1109, 1106, 1105, 1109, 1093, 1110, 1105, 1105, 1110, 1109, 1082, 1110, 1093, 1110, 1111, 1109, 1111, 1110, 1082, 1112, 1111, 1082, 1115, 1114, 1113, 1116, 1114, 1115, 1116, 1117, 1114, 1114, 1117, 1118, 1114, 1118, 1113, 1117, 1119, 1118, 1118, 1119, 1120, 1118, 1121, 1113, 1121, 1118, 1120, 1121, 1122, 1113, 1121, 1120, 1123, 1122, 1121, 1124, 1124, 1121, 1123, 1125, 1122, 1124, 1124, 1123, 1126, 1125, 1124, 1127, 1128, 1124, 1126, 1124, 1128, 1127, 1131, 1130, 1129, 1130, 1131, 1132, 1131, 1133, 1132, 1133, 1131, 1134, 1135, 1131, 1129, 1129, 1136, 1135, 1136, 1137, 1135, 1138, 1137, 1136, 1138, 1139, 1137, 1137, 1139, 1140, 1137, 1140, 1135, 1139, 1141, 1140, 1131, 1135, 1142, 1140, 1142, 1135, 1131, 1143, 1134, 1143, 1131, 1142, 1140, 1141, 1144, 1141, 1145, 1144, 1146, 1142, 1140, 1143, 1142, 1146, 1144, 1146, 1140, 1134, 1143, 1147, 1147, 1143, 1146, 1148, 1134, 1147, 1149, 1148, 1147, 1150, 1144, 1145, 1151, 1150, 1145, 1152, 1150, 1151, 1152, 1153, 1150, 1153, 1154, 1150, 1155, 1146, 1144, 1150, 1155, 1144, 1154, 1155, 1150, 1147, 1146, 1155, 1154, 1156, 1155, 1157, 1149, 1147, 1157, 1147, 1155, 1156, 1157, 1155, 1158, 1149, 1157, 1157, 1156, 1158, 1161, 1160, 1159, 1161, 1162, 1160, 1162, 1163, 1160, 1160, 1164, 1159, 1159, 1164, 1165, 1163, 1166, 1160, 1163, 1167, 1166, 1166, 1168, 1160, 1168, 1164, 1160, 1164, 1169, 1165, 1169, 1170, 1165, 1169, 1164, 1171, 1169, 1171, 1170, 1164, 1168, 1171, 1171, 1172, 1170, 1167, 1173, 1166, 1166, 1173, 1168, 1171, 1174, 1172, 1174, 1175, 1172, 1171, 1168, 1176, 1173, 1176, 1168, 1174, 1171, 1176, 1177, 1173, 1167, 1178, 1177, 1167, 1177, 1178, 1179, 1180, 1176, 1173, 1174, 1176, 1180, 1177, 1180, 1173, 1174, 1181, 1175, 1181, 1174, 1180, 1181, 1182, 1175, 1183, 1182, 1181, 1184, 1177, 1179, 1180, 1177, 1184, 1179, 1185, 1184, 1180, 1186, 1181, 1186, 1180, 1184, 1185, 1187, 1184, 1184, 1187, 1186, 1187, 1185, 1188, 1187, 1188, 1189, 1187, 1189, 1186, 1188, 1190, 1189, 1189, 1190, 1191, 1192, 1189, 1191, 1189, 1192, 1186, 1193, 1192, 1191, 1192, 1193, 1183, 1186, 1194, 1181, 1194, 1183, 1181, 1192, 1194, 1186, 1194, 1192, 1183, 1197, 1196, 1195, 1196, 1198, 1195, 1199, 1197, 1195, 1197, 1199, 1200, 1199, 1201, 1200, 1199, 1202, 1201, 1202, 1203, 1201, 1203, 1202, 1204, 1202, 1199, 1205, 1199, 1195, 1205, 1198, 1206, 1195, 1207, 1206, 1198, 1208, 1206, 1207, 1206, 1209, 1195, 1206, 1208, 1209, 1209, 1205, 1195, 1208, 1210, 1209, 1209, 1210, 1211, 1212, 1209, 1211, 1209, 1212, 1205, 1212, 1211, 1213, 1202, 1214, 1204, 1202, 1205, 1214, 1215, 1212, 1213, 1215, 1213, 1216, 1217, 1215, 1216, 1217, 1218, 1215, 1212, 1219, 1205, 1212, 1215, 1219, 1205, 1219, 1214, 1218, 1220, 1215, 1215, 1220, 1219, 1214, 1219, 1220, 1220, 1218, 1221, 1214, 1222, 1204, 1222, 1214, 1220, 1222, 1220, 1221, 1222, 1223, 1204, 1222, 1221, 1224, 1224, 1223, 1222, 1227, 1226, 1225, 1228, 1227, 1225, 1226, 1229, 1225, 1228, 1225, 1230, 1229, 1231, 1225, 1225, 1232, 1230, 1225, 1231, 1233, 1232, 1225, 1233, 1236, 1235, 1234, 1237, 1236, 1234, 1234, 1235, 1238, 1239, 1237, 1234, 1240, 1234, 1238, 1241, 1239, 1234, 1234, 1240, 1242, 1241, 1234, 1242, 1245, 1244, 1243, 1246, 1244, 1245, 1247, 1245, 1243, 1248, 1247, 1243, 1247, 1248, 1249, 1250, 1247, 1249, 1247, 1250, 1245, 1250, 1249, 1251, 1249, 1252, 1251, 1252, 1253, 1251, 1250, 1254, 1245, 1250, 1251, 1254, 1253, 1255, 1251, 1255, 1253, 1256, 1256, 1257, 1255, 1251, 1258, 1254, 1251, 1255, 1258, 1254, 1259, 1245, 1259, 1254, 1258, 1260, 1246, 1245, 1259, 1260, 1245, 1260, 1261, 1246, 1261, 1260, 1259, 1261, 1262, 1246, 1261, 1263, 1262, 1261, 1264, 1263, 1264, 1261, 1259, 1264, 1265, 1263, 1266, 1265, 1264, 1257, 1267, 1255, 1255, 1267, 1258, 1267, 1257, 1268, 1267, 1268, 1258, 1257, 1269, 1268, 1269, 1270, 1268, 1271, 1259, 1258, 1259, 1271, 1264, 1268, 1271, 1258, 1270, 1272, 1268, 1268, 1272, 1271, 1272, 1270, 1273, 1272, 1273, 1266, 1271, 1274, 1264, 1274, 1266, 1264, 1272, 1274, 1271, 1274, 1272, 1266, 1277, 1276, 1275, 1275, 1278, 1277, 1278, 1275, 1279, 1280, 1278, 1279, 1281, 1280, 1279, 1276, 1282, 1275, 1275, 1282, 1279, 1282, 1276, 1283, 1284, 1281, 1279, 1284, 1279, 1285, 1281, 1284, 1286, 1284, 1285, 1286, 1285, 1287, 1286, 1287, 1285, 1288, 1289, 1282, 1283, 1282, 1289, 1290, 1283, 1291, 1289, 1282, 1292, 1279, 1279, 1292, 1285, 1292, 1282, 1290, 1292, 1290, 1285, 1285, 1293, 1288, 1290, 1293, 1285, 1294, 1288, 1293, 1291, 1295, 1289, 1289, 1295, 1290, 1291, 1296, 1295, 1297, 1294, 1293, 1293, 1290, 1297, 1296, 1298, 1295, 1296, 1299, 1298, 1295, 1300, 1290, 1290, 1300, 1297, 1295, 1298, 1300, 1297, 1301, 1294, 1301, 1302, 1294, 1297, 1300, 1303, 1301, 1297, 1303, 1298, 1303, 1300, 1301, 1304, 1302, 1304, 1301, 1303, 1304, 1305, 1302, 1304, 1306, 1305, 1307, 1304, 1303, 1306, 1304, 1307, 1303, 1298, 1307, 1308, 1306, 1307, 1299, 1309, 1298, 1298, 1309, 1307, 1308, 1307, 1309, 1309, 1299, 1310, 1310, 1308, 1309]
                uniform token subdivisionScheme = "none"
                quatf xformOp:orient = (1, 0, 0, 0)
                float3 xformOp:scale = (1, 1, 1)
                double3 xformOp:translate = (-0.00076, -0.47813, 0.01821)
                uniform token[] xformOpOrder = ["xformOp:translate", "xformOp:orient", "xformOp:scale"]
            }

            def Cube "Armchair_219_2_armchair_219_PrimitiveCollider_0" (
                apiSchemas = ["PhysicsCollisionAPI", "PhysicsMassAPI"]
            )
            {
                float3[] extent = [(-0.5, -0.5, -0.5), (0.5, 0.5, 0.5)]
                float physics:density = 38.8637
                uniform token purpose = "guide"
                double size = 1
                quatf xformOp:orient = (6.123234e-17, 1, 0, 0)
                float3 xformOp:scale = (1.04777, 0.41178, 0.707954)
                double3 xformOp:translate = (-0.00076, -0.22713, 0.01821)
                uniform token[] xformOpOrder = ["xformOp:translate", "xformOp:orient", "xformOp:scale"]
            }

            def Cube "Armchair_219_2_armchair_219_PrimitiveCollider_1" (
                apiSchemas = ["PhysicsCollisionAPI", "PhysicsMassAPI"]
            )
            {
                float3[] extent = [(-0.5, -0.5, -0.5), (0.5, 0.5, 0.5)]
                float physics:density = 38.8637
                uniform token purpose = "guide"
                double size = 1
                quatf xformOp:orient = (6.123234e-17, 1, 0, 0)
                float3 xformOp:scale = (0.1571656, 0.1787112, 0.692314)
                double3 xformOp:translate = (0.449309, 0.05629299999999998, 0.01039031)
                uniform token[] xformOpOrder = ["xformOp:translate", "xformOp:orient", "xformOp:scale"]
            }

            def Cube "Armchair_219_2_armchair_219_PrimitiveCollider_2" (
                apiSchemas = ["PhysicsCollisionAPI", "PhysicsMassAPI"]
            )
            {
                float3[] extent = [(-0.5, -0.5, -0.5), (0.5, 0.5, 0.5)]
                float physics:density = 38.8637
                uniform token purpose = "guide"
                double size = 1
                quatf xformOp:orient = (-0.0748554, 0.9971944, 0, 0)
                float3 xformOp:scale = (0.1571656, 0.0998396, 0.68445)
                double3 xformOp:translate = (0.449309, 0.14403899999999997, 0.0055537)
                uniform token[] xformOpOrder = ["xformOp:translate", "xformOp:orient", "xformOp:scale"]
            }

            def Cube "Armchair_219_2_armchair_219_PrimitiveCollider_3" (
                apiSchemas = ["PhysicsCollisionAPI", "PhysicsMassAPI"]
            )
            {
                float3[] extent = [(-0.5, -0.5, -0.5), (0.5, 0.5, 0.5)]
                float physics:density = 38.8637
                uniform token purpose = "guide"
                double size = 1
                quatf xformOp:orient = (6.123234e-17, 1, 0, 0)
                float3 xformOp:scale = (0.1571656, 0.1787112, 0.692314)
                double3 xformOp:translate = (-0.452349, 0.05629299999999998, 0.01039031)
                uniform token[] xformOpOrder = ["xformOp:translate", "xformOp:orient", "xformOp:scale"]
            }

            def Cube "Armchair_219_2_armchair_219_PrimitiveCollider_4" (
                apiSchemas = ["PhysicsCollisionAPI", "PhysicsMassAPI"]
            )
            {
                float3[] extent = [(-0.5, -0.5, -0.5), (0.5, 0.5, 0.5)]
                float physics:density = 38.8637
                uniform token purpose = "guide"
                double size = 1
                quatf xformOp:orient = (-0.0748554, 0.9971944, 0, 0)
                float3 xformOp:scale = (0.1571656, 0.0998396, 0.68445)
                double3 xformOp:translate = (-0.452349, 0.14403899999999997, 0.0055537)
                uniform token[] xformOpOrder = ["xformOp:translate", "xformOp:orient", "xformOp:scale"]
            }

            def Cube "Armchair_219_2_armchair_219_PrimitiveCollider_5" (
                apiSchemas = ["PhysicsCollisionAPI", "PhysicsMassAPI"]
            )
            {
                float3[] extent = [(-0.5, -0.5, -0.5), (0.5, 0.5, 0.5)]
                float physics:density = 38.8637
                uniform token purpose = "guide"
                double size = 1
                quatf xformOp:orient = (6.123234e-17, 1, 0, 0)
                float3 xformOp:scale = (0.0844766, 0.0475818, 0.183896)
                double3 xformOp:translate = (-0.44972999999999996, -0.4559359, 0.24197)
                uniform token[] xformOpOrder = ["xformOp:translate", "xformOp:orient", "xformOp:scale"]
            }

            def Cube "Armchair_219_2_armchair_219_PrimitiveCollider_6" (
                apiSchemas = ["PhysicsCollisionAPI", "PhysicsMassAPI"]
            )
            {
                float3[] extent = [(-0.5, -0.5, -0.5), (0.5, 0.5, 0.5)]
                float physics:density = 38.8637
                uniform token purpose = "guide"
                double size = 1
                quatf xformOp:orient = (6.123234e-17, 1, 0, 0)
                float3 xformOp:scale = (0.0844766, 0.0475818, 0.183896)
                double3 xformOp:translate = (-0.44972999999999996, -0.4559359, -0.21112)
                uniform token[] xformOpOrder = ["xformOp:translate", "xformOp:orient", "xformOp:scale"]
            }

            def Cube "Armchair_219_2_armchair_219_PrimitiveCollider_7" (
                apiSchemas = ["PhysicsCollisionAPI", "PhysicsMassAPI"]
            )
            {
                float3[] extent = [(-0.5, -0.5, -0.5), (0.5, 0.5, 0.5)]
                float physics:density = 38.8637
                uniform token purpose = "guide"
                double size = 1
                quatf xformOp:orient = (6.123234e-17, 1, 0, 0)
                float3 xformOp:scale = (0.0844766, 0.0475818, 0.183896)
                double3 xformOp:translate = (0.44768600000000003, -0.4559359, 0.24197)
                uniform token[] xformOpOrder = ["xformOp:translate", "xformOp:orient", "xformOp:scale"]
            }

            def Cube "Armchair_219_2_armchair_219_PrimitiveCollider_8" (
                apiSchemas = ["PhysicsCollisionAPI", "PhysicsMassAPI"]
            )
            {
                float3[] extent = [(-0.5, -0.5, -0.5), (0.5, 0.5, 0.5)]
                float physics:density = 38.8637
                uniform token purpose = "guide"
                double size = 1
                quatf xformOp:orient = (6.123234e-17, 1, 0, 0)
                float3 xformOp:scale = (0.0844766, 0.0475818, 0.183896)
                double3 xformOp:translate = (0.44768600000000003, -0.4559359, -0.21112)
                uniform token[] xformOpOrder = ["xformOp:translate", "xformOp:orient", "xformOp:scale"]
            }

            def Cube "Armchair_219_2_armchair_219_PrimitiveCollider_9" (
                apiSchemas = ["PhysicsCollisionAPI", "PhysicsMassAPI"]
            )
            {
                float3[] extent = [(-0.5, -0.5, -0.5), (0.5, 0.5, 0.5)]
                float physics:density = 38.8637
                uniform token purpose = "guide"
                double size = 1
                quatf xformOp:orient = (0.0649389, 0.9978892, 0, 0)
                float3 xformOp:scale = (0.759634, 0.524028, 0.2371)
                double3 xformOp:translate = (-0.00076, 0.20153300000000002, -0.221078)
                uniform token[] xformOpOrder = ["xformOp:translate", "xformOp:orient", "xformOp:scale"]
            }
        }
    }

    def Scope "Materials"
    {
        def Material "material_Sofa3_Fabric_AlbedoTransparency2"
        {
            token outputs:displacement.connect = </Armchair_219_2/Materials/material_Sofa3_Fabric_AlbedoTransparency2/PreviewSurface.outputs:displacement>
            token outputs:surface.connect = </Armchair_219_2/Materials/material_Sofa3_Fabric_AlbedoTransparency2/PreviewSurface.outputs:surface>

            def Shader "PreviewSurface"
            {
                uniform token info:id = "UsdPreviewSurface"
                color3f inputs:diffuseColor = (0.283683, 0.31549, 0.389706)
                float inputs:metallic = 0
                float inputs:opacity = 1
                float inputs:roughness = 0.5
                token outputs:displacement
                token outputs:surface
            }
        }
    }

    def Scope "Physics"
    {
    }
}

def PhysicsScene "PhysicsScene"
{
    vector3f physics:gravityDirection = (0, 0, -1)
    float physics:gravityMagnitude = 9.81
}

