mtllib dishwasher_FP1.mtl
v -0.00499 -0.00999 1E-05
v 1E-05 0 1E-05
v 0.00501 -0.00999 1E-05
v 0.2912 -0.13104 0.0168
v 0.28397 -0.13812 0.01681
v 0.28908 -0.13604 0.01681
v 0.28397 -0.13104 0.0168
v 0.2912 0.51188 0.01631
v 0.08746 -0.13104 0.0168
v 0.08746 -0.13812 0.01681
v 0.28397 0.51188 0.01631
v 0.2912 0.69615 0.01611
v 0.28397 0.69615 0.01611
v 0.28397 0.70322 0.01611
v 0.28908 0.70115 0.01611
v 0.08746 0.70322 0.01611
v 1E-05 -0.13104 0.0168
v 1E-05 -0.13812 0.01681
v -0.08745 -0.13812 0.01681
v -0.08745 -0.13104 0.0168
v -0.28396 -0.13812 0.01681
v -0.28396 -0.13104 0.0168
v 1E-05 0.03813 0.01681
v 0.08746 0.03813 0.01681
v -0.08745 0.03813 0.01681
v 0.2719 0.03813 0.01681
v -0.27189 0.03813 0.01681
v 0.2719 0.51188 0.01631
v 0.2719 0.6678 0.01614
v 0.08746 0.6678 0.01614
v -0.27189 0.51188 0.01631
v 0.08746 0.69615 0.01611
v 1E-05 0.6678 0.01614
v 1E-05 0.70322 0.01611
v 1E-05 0.69615 0.01611
v -0.08745 0.69615 0.01611
v -0.08745 0.6678 0.01614
v -0.28396 0.69615 0.01611
v -0.08745 0.70322 0.01611
v -0.27189 0.6678 0.01614
v -0.28396 0.70322 0.01611
v -0.28396 0.51188 0.01631
v -0.29119 0.69615 0.01611
v -0.28907 0.70115 0.01611
v -0.29119 0.51188 0.01631
v -0.29119 -0.13104 0.0168
v -0.28907 -0.13604 0.01681
v 0.28908 -0.13101 0.05088
v 0.28908 -0.13602 0.04589
v 0.28814 -0.13509 0.04997
v 0.2912 -0.13101 0.04588
v 0.28908 0.51191 0.05039
v 0.2912 -0.13102 0.03874
v 0.28908 -0.13602 0.03874
v 0.2912 0.51191 0.04539
v 0.28908 0.69618 0.05019
v 0.28813 -0.13043 0.03596
v 0.28673 -0.13373 0.03596
v 0.28673 -0.13373 0.03177
v 0.2912 0.5119 0.03825
v 0.2912 0.69618 0.04519
v 0.28813 0.5119 0.03547
v 0.28813 -0.13043 0.03177
v 0.28908 0.70118 0.04519
v 0.28814 0.70026 0.04927
v 0.28908 0.70117 0.03804
v 0.2912 0.69617 0.03805
v 0.28673 0.69887 0.03527
v 0.28813 0.69557 0.03527
v 0.28813 0.51189 0.03128
v 0.28813 0.69557 0.03108
v 0.28673 0.69887 0.03108
v 0.28908 0.70116 0.0283
v 0.2912 0.69616 0.02831
v 0.28908 0.70115 0.01611
v 0.2912 0.69615 0.01611
v 0.2912 0.51188 0.01631
v 0.2912 0.51189 0.02851
v 0.2912 -0.13104 0.0168
v 0.2912 -0.13103 0.029
v 0.28908 -0.13603 0.029
v 0.28908 -0.13604 0.01681
v 0.28908 -0.13602 0.04589
v 0.28397 -0.13601 0.05089
v 0.28814 -0.13509 0.04997
v 0.28397 -0.13809 0.04589
v 0.28908 -0.13602 0.03874
v 0.08746 -0.13809 0.04589
v 0.08746 -0.13601 0.05089
v 0.28397 -0.1381 0.03874
v 0.28673 -0.13373 0.03596
v 0.08746 -0.1381 0.03874
v 1E-05 -0.13809 0.04589
v 1E-05 -0.13601 0.05089
v -0.08745 -0.13601 0.05089
v 1E-05 -0.1381 0.03874
v -0.08745 -0.13809 0.04589
v -0.28396 -0.13601 0.05089
v 0.28336 -0.1351 0.03597
v 0.08746 -0.1351 0.03597
v 1E-05 -0.1351 0.03597
v -0.08745 -0.1381 0.03874
v -0.28396 -0.13809 0.04589
v 0.28336 -0.1351 0.03178
v 0.28673 -0.13373 0.03177
v 0.28908 -0.13603 0.029
v 0.08746 -0.1351 0.03178
v 1E-05 -0.1351 0.03178
v -0.28907 -0.13602 0.04589
v -0.28813 -0.13509 0.04997
v -0.28907 -0.13602 0.03874
v -0.28396 -0.1381 0.03874
v -0.28672 -0.13373 0.03596
v -0.08745 -0.1351 0.03597
v -0.28335 -0.1351 0.03597
v -0.08745 -0.1351 0.03178
v -0.28335 -0.1351 0.03178
v -0.28672 -0.13373 0.03177
v -0.28907 -0.13603 0.029
v 1E-05 -0.1381 0.029
v -0.28396 -0.1381 0.029
v -0.28907 -0.13604 0.01681
v -0.28396 -0.13812 0.01681
v -0.08745 -0.13812 0.01681
v -0.08745 -0.1381 0.029
v 1E-05 -0.13812 0.01681
v 0.08746 -0.1381 0.029
v 0.08746 -0.13812 0.01681
v 0.28397 -0.1381 0.029
v 0.28397 -0.13812 0.01681
v 0.28908 -0.13604 0.01681
v 0.28397 -0.13601 0.05089
v 0.28908 -0.13101 0.05088
v 0.28814 -0.13509 0.04997
v 0.28397 -0.13101 0.05296
v 0.08746 -0.13601 0.05089
v 0.28397 0.51191 0.05246
v 0.28908 0.51191 0.05039
v 0.08746 -0.13101 0.05296
v 1E-05 -0.13601 0.05089
v 0.28397 0.69618 0.05227
v 0.28908 0.69618 0.05019
v 0.08746 0.51191 0.05246
v 1E-05 -0.13101 0.05296
v 0.28397 0.70118 0.05019
v 0.28814 0.70026 0.04927
v 0.08746 0.69618 0.05227
v 0.08746 0.70118 0.05019
v 1E-05 0.51191 0.05246
v 1E-05 0.69618 0.05227
v 1E-05 0.70118 0.05019
v -0.08745 0.70118 0.05019
v -0.08745 0.69618 0.05227
v -0.28396 0.70118 0.05019
v -0.08745 -0.13101 0.05296
v -0.08745 -0.13601 0.05089
v -0.08745 0.51191 0.05246
v -0.28396 0.69618 0.05227
v -0.28396 -0.13101 0.05296
v -0.28396 -0.13601 0.05089
v -0.28396 0.51191 0.05246
v -0.28907 -0.13101 0.05088
v -0.28813 -0.13509 0.04997
v -0.28907 0.51191 0.05039
v -0.28907 0.69618 0.05019
v -0.28813 0.70026 0.04927
v 0.28397 0.70118 0.05019
v 0.28908 0.70118 0.04519
v 0.28814 0.70026 0.04927
v 0.28397 0.70325 0.04519
v 0.08746 0.70118 0.05019
v 0.28397 0.70324 0.03804
v 0.28908 0.70117 0.03804
v 0.08746 0.70325 0.04519
v 1E-05 0.70118 0.05019
v 0.28336 0.70024 0.03527
v 0.28673 0.69887 0.03527
v 0.28673 0.69887 0.03108
v 0.08746 0.70324 0.03804
v 1E-05 0.70325 0.04519
v -0.08745 0.70325 0.04519
v -0.08745 0.70118 0.05019
v -0.28396 0.70325 0.04519
v -0.28396 0.70118 0.05019
v -0.28907 0.70118 0.04519
v -0.28813 0.70026 0.04927
v -0.28396 0.70324 0.03804
v -0.28907 0.70117 0.03804
v -0.08745 0.70324 0.03804
v -0.28335 0.70024 0.03527
v -0.28672 0.69887 0.03527
v -0.28672 0.69887 0.03108
v 1E-05 0.70324 0.03804
v -0.08745 0.70024 0.03527
v -0.28335 0.70024 0.03108
v 0.08746 0.70024 0.03527
v -0.28396 0.70323 0.0283
v -0.28907 0.70116 0.0283
v -0.08745 0.70024 0.03108
v 1E-05 0.70024 0.03527
v 0.28336 0.70024 0.03108
v -0.28396 0.70322 0.01611
v -0.28907 0.70115 0.01611
v -0.08745 0.70323 0.0283
v -0.08745 0.70322 0.01611
v 0.08746 0.70024 0.03108
v 0.28397 0.70323 0.0283
v 0.28908 0.70116 0.0283
v 1E-05 0.70024 0.03108
v 1E-05 0.70323 0.0283
v 1E-05 0.70322 0.01611
v 0.08746 0.70322 0.01611
v 0.08746 0.70323 0.0283
v 0.28397 0.70322 0.01611
v 0.28908 0.70115 0.01611
v 0.08746 0.03813 0.01681
v 0.2719 0.03813 0.01681
v 0.2719 0.03812 0.00673
v 0.08746 0.03812 0.00673
v 1E-05 0.03813 0.01681
v 0.08746 0.04008 0.00198
v 0.26993 0.04008 0.00198
v 1E-05 0.04008 0.00198
v 1E-05 0.03812 0.00673
v -0.08745 0.03812 0.00673
v -0.08745 0.03813 0.01681
v -0.08745 0.04008 0.00198
v -0.27189 0.03812 0.00673
v -0.27189 0.03813 0.01681
v -0.26992 0.04008 0.00198
v 0.2719 0.51188 0.01631
v 0.2719 0.6678 0.01614
v 0.2719 0.66779 0.00606
v 0.2719 0.51187 0.00623
v 0.2719 0.03813 0.01681
v 0.2719 0.03812 0.00673
v 0.26993 0.04008 0.00198
v 0.26993 0.51186 0.00148
v 0.26993 0.66581 0.00131
v 0.08746 0.52117 0.02037
v 0.08746 0.51175 0.02475
v 0.08976 0.63788 -0.00025
v 0.08746 0.63042 0.00168
v 0.08976 0.64244 -0.00064
v 0.08495 0.63044 -0.00061
v 0.24049 0.63788 -0.00025
v 0.21398 0.51189 0.02475
v 0.08746 0.51175 0.02475
v 0.08517 0.64244 -0.00064
v 0.08746 0.66106 -0.00065
v 1E-05 0.64244 -0.00063
v 0.08419 0.53382 -0.00051
v 0.24049 0.64244 -0.00064
v 1E-05 0.53379 -0.00051
v 0.08419 0.52974 0.00168
v 0.24555 0.6198 -0.00061
v 0.24143 0.6198 0.00108
v 0.24552 0.64244 -0.00064
v 0.24569 0.51186 -0.00049
v 0.24144 0.51186 0.0012
v 0.21826 0.51158 0.02304
v 0.26518 0.66106 -0.00065
v 0.21407 0.10692 0.02519
v 0.24144 0.07192 0.00167
v 0.21831 0.10555 0.02344
v 0.21508 0.10254 0.02389
v 0.08746 0.10692 0.02519
v 0.23881 0.06789 0.00137
v 0.08746 0.10254 0.02389
v 0.08746 0.66581 0.00131
v 0.26993 0.66581 0.00131
v 1E-05 0.66581 0.00131
v 0.26518 0.51186 -0.00049
v 0.26993 0.51186 0.00148
v 1E-05 0.66106 -0.00065
v -0.08745 0.66106 -0.00065
v -0.08745 0.66581 0.00131
v -0.26517 0.66106 -0.00065
v -0.08975 0.64244 -0.00064
v -0.26992 0.66581 0.00131
v 0.26518 0.04483 1E-05
v 0.26993 0.04008 0.00198
v 0.24569 0.06329 -1E-05
v 0.08746 0.04483 1E-05
v 0.08746 0.04008 0.00198
v 1E-05 0.04483 1E-05
v 1E-05 0.04008 0.00198
v -0.08745 0.04008 0.00198
v 0.24569 0.07192 -2E-05
v 0.23881 0.06329 -1E-05
v 0.08746 0.06336 -1E-05
v -0.08745 0.04483 1E-05
v -0.26992 0.04008 0.00198
v -0.26517 0.04483 1E-05
v -0.26992 0.51186 0.00148
v 0.08746 0.06775 0.00128
v -0.26517 0.51186 -0.00049
v -0.24568 0.51186 -0.00049
v 1E-05 0.06336 -1E-05
v -0.08745 0.06336 -1E-05
v 1E-05 0.06775 0.00128
v 1E-05 0.10254 0.02389
v -0.2388 0.06329 -1E-05
v -0.08745 0.06775 0.00128
v 1E-05 0.10692 0.02519
v -0.2388 0.06789 0.00137
v -0.08745 0.10254 0.02389
v 1E-05 0.51183 0.02475
v 1E-05 0.51586 0.02259
v -0.08745 0.51175 0.02475
v -0.08745 0.10692 0.02519
v 0.08429 0.51583 0.02263
v 0.08746 0.52117 0.02037
v -0.21507 0.10254 0.02389
v -0.21406 0.10692 0.02519
v -0.2183 0.10555 0.02344
v -0.24143 0.07192 0.00167
v -0.21825 0.51158 0.02304
v 1E-05 0.52976 0.00165
v -0.08418 0.52974 0.00168
v -0.08428 0.51583 0.02263
v -0.08418 0.53382 -0.00051
v -0.08745 0.52117 0.02037
v -0.08494 0.63044 -0.00061
v -0.21397 0.51189 0.02475
v -0.08975 0.63788 -0.00025
v -0.08745 0.63042 0.00168
v -0.08516 0.64244 -0.00064
v -0.24048 0.63788 -0.00025
v -0.24142 0.6198 0.00108
v -0.24048 0.64244 -0.00064
v -0.24143 0.51186 0.0012
v -0.24554 0.6198 -0.00061
v -0.24551 0.64244 -0.00064
v -0.24568 0.07192 -2E-05
v -0.24568 0.06329 -1E-05
v 0.08746 0.63042 0.00168
v 0.08495 0.63044 -0.00061
v 0.08419 0.53382 -0.00051
v 0.08746 0.53287 0.0026
v 0.08746 0.52117 0.02037
v 0.08419 0.52974 0.00168
v 0.08429 0.51583 0.02263
v -0.28907 -0.13101 0.05088
v -0.28813 -0.13509 0.04997
v -0.28907 -0.13602 0.04589
v -0.29119 -0.13101 0.04588
v -0.28907 0.51191 0.05039
v -0.29119 -0.13102 0.03874
v -0.28907 -0.13602 0.03874
v -0.29119 0.51191 0.04539
v -0.28907 0.69618 0.05019
v -0.28812 -0.13043 0.03596
v -0.28672 -0.13373 0.03596
v -0.28672 -0.13373 0.03177
v -0.29119 0.5119 0.03825
v -0.29119 0.69618 0.04519
v -0.28812 0.5119 0.03547
v -0.28812 -0.13043 0.03177
v -0.28907 0.70118 0.04519
v -0.28813 0.70026 0.04927
v -0.28907 0.70117 0.03804
v -0.29119 0.69617 0.03805
v -0.28672 0.69887 0.03527
v -0.28812 0.69557 0.03527
v -0.28812 0.51189 0.03128
v -0.28812 0.69557 0.03108
v -0.28672 0.69887 0.03108
v -0.28907 0.70116 0.0283
v -0.29119 0.69616 0.02831
v -0.28907 0.70115 0.01611
v -0.29119 0.69615 0.01611
v -0.29119 0.51188 0.01631
v -0.29119 0.51189 0.02851
v -0.29119 -0.13104 0.0168
v -0.29119 -0.13103 0.029
v -0.28907 -0.13603 0.029
v -0.28907 -0.13604 0.01681
v -0.27189 0.51188 0.01631
v -0.27189 0.66779 0.00606
v -0.27189 0.6678 0.01614
v -0.27189 0.51187 0.00623
v -0.27189 0.03813 0.01681
v -0.27189 0.03812 0.00673
v -0.26992 0.04008 0.00198
v -0.26992 0.51186 0.00148
v -0.26992 0.66581 0.00131
v -0.08745 0.63042 0.00168
v -0.08418 0.53382 -0.00051
v -0.08494 0.63044 -0.00061
v -0.08745 0.53287 0.0026
v -0.08745 0.52117 0.02037
v -0.08418 0.52974 0.00168
v -0.08428 0.51583 0.02263
v 1E-05 0.66779 0.00606
v 1E-05 0.66581 0.00131
v 0.08746 0.66581 0.00131
v -0.08745 0.66581 0.00131
v 0.08746 0.66779 0.00606
v 0.26993 0.66581 0.00131
v 0.2719 0.66779 0.00606
v 0.2719 0.6678 0.01614
v 0.08746 0.6678 0.01614
v 1E-05 0.6678 0.01614
v -0.08745 0.6678 0.01614
v -0.08745 0.66779 0.00606
v -0.26992 0.66581 0.00131
v -0.27189 0.6678 0.01614
v -0.27189 0.66779 0.00606
v -0.2762 0.65266 0.05599
v -0.27686 0.65269 0.05227
v -0.27686 0.65341 0.05227
v -0.2762 0.65201 0.05599
v -0.27686 0.63921 0.05227
v -0.2762 0.63987 0.05599
v -0.27686 0.63832 0.05227
v -0.2762 0.63908 0.05599
v -0.20994 0.65266 0.05599
v -0.2106 0.65269 0.05227
v -0.2106 0.65341 0.05227
v -0.20994 0.65201 0.05599
v -0.2106 0.63921 0.05227
v -0.20994 0.63987 0.05599
v -0.2106 0.63832 0.05227
v -0.20994 0.63908 0.05599
v -0.21126 0.63908 0.05599
v -0.2106 0.63921 0.05227
v -0.2106 0.63832 0.05227
v -0.21126 0.63987 0.05599
v -0.2106 0.65269 0.05227
v -0.21126 0.65201 0.05599
v -0.2106 0.65341 0.05227
v -0.21126 0.65266 0.05599
v -0.22451 0.65266 0.05599
v -0.22482 0.65341 0.05227
v -0.22385 0.65341 0.05227
v -0.22538 0.65266 0.05599
v -0.23616 0.65341 0.05227
v -0.23559 0.65266 0.05599
v -0.2371 0.65341 0.05227
v -0.23644 0.65266 0.05599
v -0.24969 0.63908 0.05599
v -0.24957 0.63832 0.05227
v -0.25036 0.63832 0.05227
v -0.24899 0.63908 0.05599
v -0.23766 0.63832 0.05227
v -0.23827 0.63908 0.05599
v -0.2371 0.63832 0.05227
v -0.23777 0.63908 0.05599
v -0.25102 0.65266 0.05599
v -0.25099 0.65341 0.05227
v -0.25036 0.65341 0.05227
v -0.25159 0.65266 0.05599
v -0.26284 0.65341 0.05227
v -0.26225 0.65266 0.05599
v -0.26361 0.65341 0.05227
v -0.26295 0.65266 0.05599
v -0.2762 0.63908 0.05599
v -0.27615 0.63832 0.05227
v -0.27686 0.63832 0.05227
v -0.27556 0.63908 0.05599
v -0.26413 0.63832 0.05227
v -0.26474 0.63908 0.05599
v -0.26361 0.63832 0.05227
v -0.26427 0.63908 0.05599
v -0.26427 0.65266 0.05599
v -0.26413 0.65341 0.05227
v -0.26361 0.65341 0.05227
v -0.26474 0.65266 0.05599
v -0.27615 0.65341 0.05227
v -0.27556 0.65266 0.05599
v -0.27686 0.65341 0.05227
v -0.2762 0.65266 0.05599
v -0.26427 0.63908 0.05599
v -0.26361 0.63921 0.05227
v -0.26361 0.63832 0.05227
v -0.26427 0.63987 0.05599
v -0.26361 0.65269 0.05227
v -0.26427 0.65201 0.05599
v -0.26361 0.65341 0.05227
v -0.26427 0.65266 0.05599
v -0.25102 0.63908 0.05599
v -0.25036 0.63921 0.05227
v -0.25036 0.63832 0.05227
v -0.25102 0.63987 0.05599
v -0.25036 0.65269 0.05227
v -0.25102 0.65201 0.05599
v -0.25036 0.65341 0.05227
v -0.25102 0.65266 0.05599
v -0.26295 0.65266 0.05599
v -0.26361 0.65269 0.05227
v -0.26361 0.65341 0.05227
v -0.26295 0.65201 0.05599
v -0.26361 0.63921 0.05227
v -0.26295 0.63987 0.05599
v -0.26361 0.63832 0.05227
v -0.26295 0.63908 0.05599
v -0.26295 0.63908 0.05599
v -0.26284 0.63832 0.05227
v -0.26361 0.63832 0.05227
v -0.26225 0.63908 0.05599
v -0.25099 0.63832 0.05227
v -0.25159 0.63908 0.05599
v -0.25036 0.63832 0.05227
v -0.25102 0.63908 0.05599
v -0.24969 0.65266 0.05599
v -0.25036 0.65269 0.05227
v -0.25036 0.65341 0.05227
v -0.24969 0.65201 0.05599
v -0.25036 0.63921 0.05227
v -0.24969 0.63987 0.05599
v -0.25036 0.63832 0.05227
v -0.24969 0.63908 0.05599
v -0.23777 0.65266 0.05599
v -0.23766 0.65341 0.05227
v -0.2371 0.65341 0.05227
v -0.23827 0.65266 0.05599
v -0.24957 0.65341 0.05227
v -0.24899 0.65266 0.05599
v -0.25036 0.65341 0.05227
v -0.24969 0.65266 0.05599
v -0.23777 0.63908 0.05599
v -0.2371 0.63921 0.05227
v -0.2371 0.63832 0.05227
v -0.23777 0.63987 0.05599
v -0.2371 0.65269 0.05227
v -0.23777 0.65201 0.05599
v -0.2371 0.65341 0.05227
v -0.23777 0.65266 0.05599
v -0.22451 0.63908 0.05599
v -0.22385 0.63921 0.05227
v -0.22385 0.63832 0.05227
v -0.22451 0.63987 0.05599
v -0.22385 0.65269 0.05227
v -0.22451 0.65201 0.05599
v -0.22385 0.65341 0.05227
v -0.22451 0.65266 0.05599
v -0.23644 0.63908 0.05599
v -0.23616 0.63832 0.05227
v -0.2371 0.63832 0.05227
v -0.23559 0.63908 0.05599
v -0.22482 0.63832 0.05227
v -0.22538 0.63908 0.05599
v -0.22385 0.63832 0.05227
v -0.22451 0.63908 0.05599
v -0.23644 0.65266 0.05599
v -0.2371 0.65269 0.05227
v -0.2371 0.65341 0.05227
v -0.23644 0.65201 0.05599
v -0.2371 0.63921 0.05227
v -0.23644 0.63987 0.05599
v -0.2371 0.63832 0.05227
v -0.23644 0.63908 0.05599
v -0.22319 0.63908 0.05599
v -0.22319 0.63832 0.05227
v -0.22385 0.63832 0.05227
v -0.22259 0.63908 0.05599
v -0.21115 0.63832 0.05227
v -0.21176 0.63908 0.05599
v -0.2106 0.63832 0.05227
v -0.21126 0.63908 0.05599
v -0.22319 0.65266 0.05599
v -0.22385 0.65269 0.05227
v -0.22385 0.65341 0.05227
v -0.22319 0.65201 0.05599
v -0.22385 0.63921 0.05227
v -0.22319 0.63987 0.05599
v -0.22385 0.63832 0.05227
v -0.22319 0.63908 0.05599
v -0.21126 0.65266 0.05599
v -0.21115 0.65341 0.05227
v -0.2106 0.65341 0.05227
v -0.21176 0.65266 0.05599
v -0.22319 0.65341 0.05227
v -0.22259 0.65266 0.05599
v -0.22385 0.65341 0.05227
v -0.22319 0.65266 0.05599
v -0.19801 0.65266 0.05599
v -0.19771 0.65341 0.05227
v -0.19735 0.65341 0.05227
v -0.19834 0.65266 0.05599
v -0.21 0.65341 0.05227
v -0.2094 0.65266 0.05599
v -0.2106 0.65341 0.05227
v -0.20994 0.65266 0.05599
v -0.19801 0.63908 0.05599
v -0.19735 0.63921 0.05227
v -0.19735 0.63832 0.05227
v -0.19801 0.63987 0.05599
v -0.19735 0.65269 0.05227
v -0.19801 0.65201 0.05599
v -0.19735 0.65341 0.05227
v -0.19801 0.65266 0.05599
v -0.20994 0.63908 0.05599
v -0.21 0.63832 0.05227
v -0.2106 0.63832 0.05227
v -0.2094 0.63908 0.05599
v -0.19771 0.63832 0.05227
v -0.19834 0.63908 0.05599
v -0.19735 0.63832 0.05227
v -0.19801 0.63908 0.05599
v -0.2094 0.63908 0.05599
v -0.20994 0.63908 0.05599
v -0.20994 0.63987 0.05599
v -0.20912 0.64018 0.05638
v -0.19834 0.63908 0.05599
v -0.20994 0.65201 0.05599
v -0.19861 0.64018 0.05638
v -0.19801 0.63908 0.05599
v -0.20912 0.65171 0.05638
v -0.20994 0.65266 0.05599
v -0.2094 0.65266 0.05599
v -0.19861 0.65171 0.05638
v -0.19834 0.65266 0.05599
v -0.19801 0.65201 0.05599
v -0.19801 0.65266 0.05599
v -0.19801 0.63908 0.05599
v -0.19861 0.64018 0.05638
v -0.19801 0.63987 0.05599
v -0.19861 0.65171 0.05638
v -0.19801 0.65201 0.05599
v -0.22259 0.63908 0.05599
v -0.22319 0.63908 0.05599
v -0.22319 0.63987 0.05599
v -0.22232 0.64018 0.05638
v -0.21176 0.63908 0.05599
v -0.22319 0.65201 0.05599
v -0.21203 0.64018 0.05638
v -0.21126 0.63908 0.05599
v -0.21126 0.63987 0.05599
v -0.22232 0.65171 0.05638
v -0.22319 0.65266 0.05599
v -0.22259 0.65266 0.05599
v -0.21203 0.65171 0.05638
v -0.21126 0.65201 0.05599
v -0.21176 0.65266 0.05599
v -0.21126 0.65266 0.05599
v -0.23559 0.63908 0.05599
v -0.23644 0.63908 0.05599
v -0.23644 0.63987 0.05599
v -0.23534 0.64018 0.05638
v -0.22538 0.63908 0.05599
v -0.23644 0.65201 0.05599
v -0.22564 0.64018 0.05638
v -0.22451 0.63908 0.05599
v -0.22451 0.63987 0.05599
v -0.23534 0.65171 0.05638
v -0.23644 0.65266 0.05599
v -0.23559 0.65266 0.05599
v -0.22564 0.65171 0.05638
v -0.22451 0.65201 0.05599
v -0.22538 0.65266 0.05599
v -0.22451 0.65266 0.05599
v -0.24899 0.63908 0.05599
v -0.24969 0.63908 0.05599
v -0.24969 0.63987 0.05599
v -0.24872 0.64018 0.05638
v -0.23827 0.63908 0.05599
v -0.24969 0.65201 0.05599
v -0.23854 0.64018 0.05638
v -0.23777 0.63908 0.05599
v -0.23777 0.63987 0.05599
v -0.24872 0.65171 0.05638
v -0.24969 0.65266 0.05599
v -0.24899 0.65266 0.05599
v -0.23854 0.65171 0.05638
v -0.23777 0.65201 0.05599
v -0.23827 0.65266 0.05599
v -0.23777 0.65266 0.05599
v -0.26225 0.63908 0.05599
v -0.26295 0.63908 0.05599
v -0.26295 0.63987 0.05599
v -0.26199 0.64018 0.05638
v -0.25159 0.63908 0.05599
v -0.26295 0.65201 0.05599
v -0.25185 0.64018 0.05638
v -0.25102 0.63908 0.05599
v -0.25102 0.63987 0.05599
v -0.26199 0.65171 0.05638
v -0.26295 0.65266 0.05599
v -0.26225 0.65266 0.05599
v -0.25185 0.65171 0.05638
v -0.25102 0.65201 0.05599
v -0.25159 0.65266 0.05599
v -0.25102 0.65266 0.05599
v -0.27556 0.63908 0.05599
v -0.2762 0.63908 0.05599
v -0.2762 0.63987 0.05599
v -0.27529 0.64018 0.05638
v -0.26474 0.63908 0.05599
v -0.2762 0.65201 0.05599
v -0.26501 0.64018 0.05638
v -0.26427 0.63908 0.05599
v -0.26427 0.63987 0.05599
v -0.27529 0.65171 0.05638
v -0.2762 0.65266 0.05599
v -0.27556 0.65266 0.05599
v -0.26501 0.65171 0.05638
v -0.26427 0.65201 0.05599
v -0.26474 0.65266 0.05599
v -0.26427 0.65266 0.05599
v 0.25199 0.01939 -0.07234
v 0.25199 0.00314 -0.07489
v 0.25092 0.00314 -0.07597
v 0.25092 0.01967 -0.07338
v 0.25199 0.03745 -0.06486
v 0.25092 0.02371 -0.08847
v 0.25092 0.00314 -0.09159
v 0.25199 0.00314 -0.09266
v 0.25199 0.02399 -0.08951
v 0.25092 0.0458 -0.07932
v 0.25199 0.04634 -0.08025
v 0.25092 0.03799 -0.06579
v 0.25199 0.05296 -0.05295
v 0.25092 0.06477 -0.06476
v 0.25199 0.06553 -0.06552
v 0.25092 0.05373 -0.05372
v 0.25199 0.06487 -0.03744
v 0.25092 0.07933 -0.04579
v 0.25199 0.08026 -0.04633
v 0.25092 0.0658 -0.03798
v 0.25199 0.07235 -0.01938
v 0.25092 0.08848 -0.0237
v 0.25199 0.08952 -0.02398
v 0.25092 0.07339 -0.01966
v 0.25199 0.0749 1E-05
v 0.25092 0.07598 1E-05
v 0.25092 0.0916 1E-05
v 0.25199 0.09267 1E-05
v 0.26411 0.02399 -0.08951
v 0.26411 0.00314 -0.09266
v 0.26518 0.00314 -0.09159
v 0.26518 0.02371 -0.08847
v 0.26411 0.04634 -0.08025
v 0.26518 0.01967 -0.07338
v 0.26518 0.00314 -0.07597
v 0.26411 0.00314 -0.07489
v 0.26411 0.01939 -0.07234
v 0.26518 0.03799 -0.06579
v 0.26411 0.03745 -0.06486
v 0.26518 0.0458 -0.07932
v 0.26411 0.06553 -0.06552
v 0.26518 0.05373 -0.05372
v 0.26411 0.05296 -0.05295
v 0.26518 0.06477 -0.06476
v 0.26411 0.08026 -0.04633
v 0.26518 0.0658 -0.03798
v 0.26411 0.06487 -0.03744
v 0.26518 0.07933 -0.04579
v 0.26411 0.08952 -0.02398
v 0.26518 0.07339 -0.01966
v 0.26411 0.07235 -0.01938
v 0.26518 0.08848 -0.0237
v 0.26411 0.09267 1E-05
v 0.26518 0.0916 1E-05
v 0.26518 0.07598 1E-05
v 0.26411 0.0749 1E-05
v 0.25199 0.08952 -0.02398
v 0.26411 0.09267 1E-05
v 0.25199 0.09267 1E-05
v 0.26411 0.08952 -0.02398
v 0.25199 0.08026 -0.04633
v 0.26411 0.08026 -0.04633
v 0.25199 0.06553 -0.06552
v 0.26411 0.06553 -0.06552
v 0.25199 0.04634 -0.08025
v 0.26411 0.04634 -0.08025
v 0.25199 0.02399 -0.08951
v 0.26411 0.04634 -0.08025
v 0.25199 0.04634 -0.08025
v 0.26411 0.02399 -0.08951
v 0.25199 0.00314 -0.09266
v 0.26411 0.00314 -0.09266
v 0.26411 0.07235 -0.01938
v 0.25199 0.0749 1E-05
v 0.26411 0.0749 1E-05
v 0.25199 0.07235 -0.01938
v 0.26411 0.06487 -0.03744
v 0.25199 0.06487 -0.03744
v 0.26411 0.05296 -0.05295
v 0.25199 0.05296 -0.05295
v 0.26411 0.03745 -0.06486
v 0.25199 0.03745 -0.06486
v 0.26411 0.01939 -0.07234
v 0.25199 0.03745 -0.06486
v 0.26411 0.03745 -0.06486
v 0.25199 0.01939 -0.07234
v 0.26411 0.00314 -0.07489
v 0.25199 0.00314 -0.07489
v -0.2641 0.01939 -0.07234
v -0.2641 0.00314 -0.07489
v -0.26517 0.00314 -0.07597
v -0.26517 0.01967 -0.07338
v -0.2641 0.03745 -0.06486
v -0.26517 0.02371 -0.08847
v -0.26517 0.00314 -0.09159
v -0.2641 0.00314 -0.09266
v -0.2641 0.02399 -0.08951
v -0.26517 0.0458 -0.07932
v -0.2641 0.04634 -0.08025
v -0.26517 0.03799 -0.06579
v -0.2641 0.05296 -0.05295
v -0.26517 0.06477 -0.06476
v -0.2641 0.06553 -0.06552
v -0.26517 0.05373 -0.05372
v -0.2641 0.06487 -0.03744
v -0.26517 0.07933 -0.04579
v -0.2641 0.08026 -0.04633
v -0.26517 0.0658 -0.03798
v -0.2641 0.07235 -0.01938
v -0.26517 0.08848 -0.0237
v -0.2641 0.08952 -0.02398
v -0.26517 0.07339 -0.01966
v -0.2641 0.0749 1E-05
v -0.26517 0.07598 1E-05
v -0.26517 0.0916 1E-05
v -0.2641 0.09267 1E-05
v -0.25198 0.02399 -0.08951
v -0.25198 0.00314 -0.09266
v -0.25091 0.00314 -0.09159
v -0.25091 0.02371 -0.08847
v -0.25198 0.04634 -0.08025
v -0.25091 0.01967 -0.07338
v -0.25091 0.00314 -0.07597
v -0.25198 0.00314 -0.07489
v -0.25198 0.01939 -0.07234
v -0.25091 0.03799 -0.06579
v -0.25198 0.03745 -0.06486
v -0.25091 0.0458 -0.07932
v -0.25198 0.06553 -0.06552
v -0.25091 0.05373 -0.05372
v -0.25198 0.05296 -0.05295
v -0.25091 0.06477 -0.06476
v -0.25198 0.08026 -0.04633
v -0.25091 0.0658 -0.03798
v -0.25198 0.06487 -0.03744
v -0.25091 0.07933 -0.04579
v -0.25198 0.08952 -0.02398
v -0.25091 0.07339 -0.01966
v -0.25198 0.07235 -0.01938
v -0.25091 0.08848 -0.0237
v -0.25198 0.09267 1E-05
v -0.25091 0.0916 1E-05
v -0.25091 0.07598 1E-05
v -0.25198 0.0749 1E-05
v -0.2641 0.08952 -0.02398
v -0.25198 0.09267 1E-05
v -0.2641 0.09267 1E-05
v -0.25198 0.08952 -0.02398
v -0.2641 0.08026 -0.04633
v -0.25198 0.08026 -0.04633
v -0.2641 0.06553 -0.06552
v -0.25198 0.06553 -0.06552
v -0.2641 0.04634 -0.08025
v -0.25198 0.04634 -0.08025
v -0.2641 0.02399 -0.08951
v -0.25198 0.04634 -0.08025
v -0.2641 0.04634 -0.08025
v -0.25198 0.02399 -0.08951
v -0.2641 0.00314 -0.09266
v -0.25198 0.00314 -0.09266
v -0.25198 0.07235 -0.01938
v -0.2641 0.0749 1E-05
v -0.25198 0.0749 1E-05
v -0.2641 0.07235 -0.01938
v -0.25198 0.06487 -0.03744
v -0.2641 0.06487 -0.03744
v -0.25198 0.05296 -0.05295
v -0.2641 0.05296 -0.05295
v -0.25198 0.03745 -0.06486
v -0.2641 0.03745 -0.06486
v -0.25198 0.01939 -0.07234
v -0.2641 0.03745 -0.06486
v -0.25198 0.03745 -0.06486
v -0.2641 0.01939 -0.07234
v -0.25198 0.00314 -0.07489
v -0.2641 0.00314 -0.07489
vt 10.51901 0.965057
vt 10.52682 0.9806905
vt 10.53464 0.965057
vt 10.65437 0.9335654
vt 10.64307 0.9446196
vt 10.65106 0.941382
vt 10.64307 0.933565
vt 10.65437 -0.07099843
vt 10.33603 0.9335651
vt 10.33603 0.9446196
vt 10.64307 -0.07099843
vt 10.65437 -0.3589195
vt 10.64307 -0.3589195
vt 10.64307 -0.3699737
vt 10.65106 -0.3667361
vt 10.33603 -0.3699737
vt 10.19938 0.9335651
vt 10.19938 0.9446196
vt 10.06272 0.9446196
vt 10.06272 0.9335651
vt 9.755684 0.9446196
vt 9.755684 0.933565
vt 10.19938 0.6692337
vt 10.33603 0.6692336
vt 10.06272 0.6692336
vt 10.62421 0.6692334
vt 9.774548 0.6692334
vt 10.62421 -0.07099843
vt 10.62421 -0.3146198
vt 10.33603 -0.3146198
vt 9.774548 -0.07099843
vt 10.33603 -0.3589195
vt 10.19938 -0.31462
vt 10.19938 -0.3699737
vt 10.19938 -0.3589195
vt 10.06272 -0.3589195
vt 10.06272 -0.3146198
vt 9.755684 -0.3589195
vt 10.06272 -0.3699737
vt 9.774548 -0.3146198
vt 9.755684 -0.3699737
vt 9.755684 -0.07099843
vt 9.744391 -0.3589195
vt 9.747699 -0.3667361
vt 9.744391 -0.07099843
vt 9.744391 0.9335654
vt 9.747699 0.941382
vt 10.38608 -0.3897258
vt 10.39424 -0.3979062
vt 10.38758 -0.3963977
vt 10.39425 -0.3897336
vt 10.38688 0.660603
vt 10.40592 -0.3897448
vt 10.40591 -0.3979174
vt 10.39505 0.6605952
vt 10.3872 0.961641
vt 10.41046 -0.3887743
vt 10.41045 -0.3941707
vt 10.4173 -0.3941772
vt 10.40672 0.660584
vt 10.39538 0.9616332
vt 10.41126 0.6605795
vt 10.4173 -0.3887809
vt 10.39538 0.9698057
vt 10.38871 0.96831
vt 10.40705 0.9697944
vt 10.40705 0.9616219
vt 10.41158 0.9660391
vt 10.41158 0.9606425
vt 10.4181 0.660573
vt 10.41842 0.9606359
vt 10.41843 0.9660324
vt 10.42297 0.9697791
vt 10.42296 0.9616065
vt 10.44289 0.9697601
vt 10.44288 0.9615874
vt 10.44256 0.6605495
vt 10.42264 0.6605686
vt 10.44176 -0.3897793
vt 10.42183 -0.3897602
vt 10.42183 -0.3979326
vt 10.44175 -0.3979518
vt 10.57295 0.2980438
vt 10.58111 0.3063815
vt 10.57961 0.2995767
vt 10.57295 0.3063815
vt 10.56129 0.2980438
vt 10.57295 0.6269762
vt 10.58111 0.6269762
vt 10.56129 0.3063815
vt 10.55676 0.301871
vt 10.56129 0.6269762
vt 10.57295 0.7696627
vt 10.58111 0.7696627
vt 10.58111 0.9123495
vt 10.56129 0.7696627
vt 10.57295 0.9123495
vt 10.58111 1.232944
vt 10.55676 0.3073765
vt 10.55676 0.6269762
vt 10.55676 0.7696627
vt 10.56129 0.9123495
vt 10.57295 1.232944
vt 10.54993 0.3073765
vt 10.54992 0.301871
vt 10.5454 0.2980438
vt 10.54993 0.6269762
vt 10.54993 0.7696627
vt 10.57295 1.241281
vt 10.57961 1.239749
vt 10.56129 1.241281
vt 10.56129 1.232944
vt 10.55676 1.237455
vt 10.55676 0.9123495
vt 10.55676 1.231949
vt 10.54993 0.9123495
vt 10.54993 1.231949
vt 10.54992 1.237455
vt 10.5454 1.241281
vt 10.5454 0.7696627
vt 10.5454 1.232944
vt 10.5255 1.241281
vt 10.52551 1.232944
vt 10.52551 0.9123495
vt 10.5454 0.9123495
vt 10.52551 0.7696627
vt 10.5454 0.6269762
vt 10.52551 0.6269762
vt 10.5454 0.3063815
vt 10.52551 0.3063815
vt 10.5255 0.2980438
vt 11.10518 -0.3689156
vt 11.11318 -0.3610899
vt 11.11171 -0.3674787
vt 11.10518 -0.3610867
vt 10.79778 -0.3689156
vt 11.10518 0.6446662
vt 11.11318 0.644663
vt 10.79778 -0.3610867
vt 10.66096 -0.3689156
vt 11.10518 0.9329279
vt 11.11318 0.9329247
vt 10.79778 0.6446662
vt 10.66096 -0.3610867
vt 11.10518 0.9407505
vt 11.11171 0.9393107
vt 10.79778 0.9329279
vt 10.79778 0.9407505
vt 10.66096 0.6446662
vt 10.66096 0.9329279
vt 10.66096 0.9407505
vt 10.52415 0.9407505
vt 10.52415 0.9329279
vt 10.21674 0.9407505
vt 10.52415 -0.3610867
vt 10.52415 -0.3689156
vt 10.52415 0.6446662
vt 10.21674 0.9329279
vt 10.21674 -0.3610867
vt 10.21674 -0.3689156
vt 10.21674 0.6446662
vt 10.20875 -0.3610899
vt 10.21022 -0.3674787
vt 10.20875 0.644663
vt 10.20875 0.9329247
vt 10.21022 0.9393107
vt 10.49663 0.3064101
vt 10.50479 0.298073
vt 10.49812 0.2996057
vt 10.50479 0.3064101
vt 10.49663 0.626985
vt 10.51644 0.3064101
vt 10.51644 0.298073
vt 10.50479 0.626985
vt 10.49663 0.7696627
vt 10.52097 0.3074051
vt 10.52096 0.3019
vt 10.5278 0.3019
vt 10.51644 0.626985
vt 10.50479 0.7696627
vt 10.50479 0.9123406
vt 10.49663 0.9123406
vt 10.50479 1.232915
vt 10.49663 1.232915
vt 10.50479 1.241252
vt 10.49812 1.23972
vt 10.51644 1.232915
vt 10.51644 1.241252
vt 10.51644 0.9123406
vt 10.52097 1.231921
vt 10.52096 1.237426
vt 10.5278 1.237426
vt 10.51644 0.7696627
vt 10.52097 0.9123406
vt 10.5278 1.231921
vt 10.52097 0.626985
vt 10.53233 1.232915
vt 10.53233 1.241252
vt 10.5278 0.9123406
vt 10.52097 0.7696627
vt 10.5278 0.3074051
vt 10.55223 1.232915
vt 10.55223 1.241252
vt 10.53233 0.9123406
vt 10.55223 0.9123406
vt 10.5278 0.626985
vt 10.53233 0.3064101
vt 10.53233 0.298073
vt 10.5278 0.7696627
vt 10.53233 0.7696627
vt 10.55223 0.7696627
vt 10.55223 0.626985
vt 10.53233 0.626985
vt 10.55223 0.3064101
vt 10.55223 0.298073
vt 10.31571 0.6223861
vt 10.31571 0.3304591
vt 10.29975 0.3304591
vt 10.29975 0.6223861
vt 10.31571 0.7608185
vt 10.29222 0.6223861
vt 10.29222 0.3335743
vt 10.29222 0.7608185
vt 10.29975 0.7608185
vt 10.29975 0.8992511
vt 10.31571 0.8992511
vt 10.29222 0.8992511
vt 10.29975 1.191178
vt 10.31571 1.191178
vt 10.29222 1.188063
vt 10.85748 0.4671005
vt 10.85775 0.7139087
vt 10.87371 0.7138934
vt 10.87344 0.4670851
vt 10.85669 -0.2828144
vt 10.87265 -0.2828297
vt 10.88017 -0.2797215
vt 10.88096 0.4670779
vt 10.88123 0.7107706
vt 10.89358 0.516773
vt 10.89358 0.5318352
vt 10.89725 0.3301128
vt 10.89358 0.3420465
vt 10.89725 0.3228252
vt 10.88956 0.3420205
vt 11.13831 0.3301127
vt 11.09591 0.5316142
vt 10.89358 0.5318352
vt 10.88991 0.3228252
vt 10.89358 0.2930447
vt 10.75371 0.3228252
vt 10.88834 0.4965345
vt 11.13831 0.3228251
vt 10.75371 0.4965841
vt 10.88834 0.5030551
vt 11.1464 0.3590281
vt 11.13982 0.3590324
vt 11.14636 0.3228251
vt 11.14662 0.531653
vt 11.13983 0.5316503
vt 11.10276 0.5320989
vt 11.17779 0.2930444
vt 11.09605 1.179262
vt 11.13983 1.235246
vt 11.10283 1.181453
vt 11.09767 1.186276
vt 10.89358 1.179262
vt 11.13562 1.24169
vt 10.89358 1.186276
vt 10.89358 0.2854427
vt 11.18539 0.2854427
vt 10.75371 0.2854424
vt 11.17779 0.5316529
vt 11.18539 0.5316498
vt 10.75371 0.2930441
vt 10.61384 0.2930447
vt 10.61384 0.2854427
vt 10.32962 0.2930444
vt 10.61017 0.3228252
vt 10.32202 0.2854427
vt 11.17779 1.278559
vt 11.18539 1.286155
vt 11.14662 1.249043
vt 10.89358 1.278559
vt 10.89358 1.286155
vt 10.75371 1.278559
vt 10.75371 1.286155
vt 10.61384 1.286155
vt 11.14662 1.235249
vt 11.13562 1.249039
vt 10.89358 1.248923
vt 10.61384 1.278559
vt 10.32202 1.286155
vt 10.32962 1.278559
vt 10.32202 0.5316498
vt 10.89358 1.24191
vt 10.32962 0.5316529
vt 10.36079 0.531653
vt 10.75371 1.248923
vt 10.61384 1.248923
vt 10.75371 1.24191
vt 10.75371 1.186276
vt 10.37179 1.249039
vt 10.61384 1.24191
vt 10.75371 1.179263
vt 10.37179 1.24169
vt 10.61384 1.186276
vt 10.75371 0.5317097
vt 10.75371 0.5252659
vt 10.61384 0.5318352
vt 10.61384 1.179262
vt 10.8885 0.5253093
vt 10.89358 0.516773
vt 10.40974 1.186276
vt 10.41136 1.179262
vt 10.40458 1.181453
vt 10.36759 1.235246
vt 10.40465 0.5320989
vt 10.75371 0.5030277
vt 10.61907 0.5030551
vt 10.61891 0.5253093
vt 10.61907 0.4965345
vt 10.61384 0.516773
vt 10.61785 0.3420205
vt 10.4115 0.5316142
vt 10.61017 0.3301128
vt 10.61384 0.3420465
vt 10.61751 0.3228252
vt 10.3691 0.3301127
vt 10.36759 0.3590324
vt 10.3691 0.3228251
vt 10.36759 0.5316503
vt 10.36101 0.3590281
vt 10.36105 0.3228251
vt 10.36079 1.235249
vt 10.36079 1.249043
vt 10.28499 0.7104754
vt 10.28879 0.7105024
vt 10.28862 0.5499362
vt 10.28345 0.5483491
vt 10.25393 0.5289049
vt 10.28498 0.5431602
vt 10.25017 0.5200343
vt 10.47399 -0.3897233
vt 10.4725 -0.3963952
vt 10.46583 -0.3979037
vt 10.46582 -0.3897312
vt 10.47319 0.6606017
vt 10.45415 -0.3897424
vt 10.45416 -0.3979149
vt 10.46502 0.6605939
vt 10.47287 0.9616385
vt 10.44961 -0.3887718
vt 10.44962 -0.3941682
vt 10.44277 -0.3941747
vt 10.45335 0.6605825
vt 10.46469 0.9616307
vt 10.44881 0.6605781
vt 10.44277 -0.3887784
vt 10.46469 0.9698032
vt 10.47136 0.9683075
vt 10.45302 0.9697919
vt 10.45302 0.9616194
vt 10.44849 0.9660366
vt 10.44849 0.96064
vt 10.44197 0.6605716
vt 10.44165 0.9606334
vt 10.44164 0.9660299
vt 10.4371 0.9697766
vt 10.43711 0.961604
vt 10.41718 0.9697576
vt 10.41719 0.9615849
vt 10.41751 0.6605481
vt 10.43743 0.6605672
vt 10.41831 -0.3897769
vt 10.43824 -0.3897577
vt 10.43824 -0.3979301
vt 10.41832 -0.3979493
vt 10.8969 0.4671011
vt 10.88067 0.7138947
vt 10.89663 0.71391
vt 10.88094 0.4670857
vt 10.89769 -0.2828156
vt 10.88173 -0.282831
vt 10.87421 -0.2797228
vt 10.87342 0.4670785
vt 10.87315 0.7107718
vt 10.23245 0.7104756
vt 10.22881 0.5499361
vt 10.22865 0.7105026
vt 10.23398 0.548349
vt 10.2635 0.5289048
vt 10.23245 0.5431601
vt 10.26727 0.5200341
vt 10.29237 0.7608185
vt 10.29988 0.7608185
vt 10.29988 0.6223677
vt 10.29988 0.8992695
vt 10.29237 0.6223677
vt 10.29988 0.3335177
vt 10.29237 0.3304021
vt 10.27641 0.3304021
vt 10.27641 0.6223677
vt 10.27641 0.7608185
vt 10.27641 0.8992695
vt 10.29237 0.8992695
vt 10.29988 1.18812
vt 10.27641 1.191235
vt 10.29237 1.191235
vt 20.22029 0.6588154
vt 20.21442 0.6588712
vt 20.21442 0.6600039
vt 20.22029 0.6577963
vt 20.21442 0.6376368
vt 20.22029 0.6386853
vt 20.21442 0.6362389
vt 20.22029 0.6374272
vt 20.22944 0.6588155
vt 20.22357 0.6588713
vt 20.22357 0.660004
vt 20.22944 0.6577963
vt 20.22357 0.6376368
vt 20.22944 0.6386852
vt 20.22357 0.6362389
vt 20.22944 0.6374272
vt 20.23272 0.6523072
vt 20.23858 0.6525168
vt 20.23858 0.651119
vt 20.23272 0.6535653
vt 20.23858 0.6737513
vt 20.23272 0.6726763
vt 20.23858 0.6748838
vt 20.23272 0.6736956
vt 20.44858 0.9474283
vt 20.45446 0.9479072
vt 20.45446 0.9463825
vt 20.44858 0.9488004
vt 20.45446 0.9658058
vt 20.44858 0.9649096
vt 20.45446 0.9672987
vt 20.44858 0.9662531
vt 20.41787 0.9662561
vt 20.41199 0.966061
vt 20.41199 0.9673026
vt 20.41787 0.9651389
vt 20.41199 0.9472644
vt 20.41787 0.9482217
vt 20.41199 0.9463788
vt 20.41787 0.9474249
vt 20.45773 0.9474248
vt 20.46361 0.9473775
vt 20.46361 0.946379
vt 20.45773 0.9483242
vt 20.46361 0.966085
vt 20.45773 0.9651604
vt 20.46361 0.9673023
vt 20.45773 0.9662557
vt 20.47276 0.9662596
vt 20.46687 0.966182
vt 20.46687 0.967306
vt 20.47276 0.9652479
vt 20.46687 0.9472002
vt 20.47276 0.9481642
vt 20.46687 0.9463753
vt 20.47276 0.9474216
vt 20.47602 0.9474247
vt 20.4819 0.9472034
vt 20.4819 0.9463788
vt 20.47602 0.9481671
vt 20.4819 0.9661789
vt 20.47602 0.9652451
vt 20.4819 0.9673025
vt 20.47602 0.9662564
vt 20.24187 0.6523088
vt 20.24773 0.6525184
vt 20.24773 0.6511208
vt 20.24187 0.6535668
vt 20.24773 0.6737497
vt 20.24187 0.6726748
vt 20.24773 0.6748821
vt 20.24187 0.6736939
vt 20.25101 0.6523039
vt 20.25688 0.6525136
vt 20.25688 0.6511154
vt 20.25101 0.6535625
vt 20.25688 0.6737546
vt 20.25101 0.6726792
vt 20.25688 0.6748875
vt 20.25101 0.6736988
vt 20.26603 0.6736956
vt 20.26016 0.6737514
vt 20.26016 0.6748839
vt 20.26603 0.6726764
vt 20.26016 0.6525167
vt 20.26603 0.6535653
vt 20.26016 0.6511189
vt 20.26603 0.6523071
vt 20.49105 0.9668304
vt 20.48517 0.9666595
vt 20.48517 0.9678769
vt 20.49105 0.965735
vt 20.48517 0.9479521
vt 20.49105 0.9488987
vt 20.48517 0.9469535
vt 20.49105 0.9479994
vt 20.27517 0.6736956
vt 20.26931 0.6737514
vt 20.26931 0.6748839
vt 20.27517 0.6726763
vt 20.26931 0.6525168
vt 20.27517 0.6535653
vt 20.26931 0.6511189
vt 20.27517 0.6523072
vt 20.42114 0.9474248
vt 20.42702 0.9472643
vt 20.42702 0.9463787
vt 20.42114 0.9482217
vt 20.42702 0.9660611
vt 20.42114 0.9651389
vt 20.42702 0.9673027
vt 20.42114 0.9662561
vt 20.27845 0.9434091
vt 20.28432 0.9436188
vt 20.28432 0.9422211
vt 20.27845 0.944667
vt 20.28432 0.9648501
vt 20.27845 0.9637753
vt 20.28432 0.9659825
vt 20.27845 0.9647945
vt 20.2876 0.9434091
vt 20.29346 0.9436188
vt 20.29346 0.9422211
vt 20.2876 0.944667
vt 20.29346 0.9648501
vt 20.2876 0.9637753
vt 20.29346 0.9659825
vt 20.2876 0.9647945
vt 20.50019 0.9668277
vt 20.49431 0.9663804
vt 20.49431 0.9678733
vt 20.50019 0.9654841
vt 20.49431 0.9484818
vt 20.50019 0.949375
vt 20.49431 0.9469571
vt 20.50019 0.9480029
vt 20.30261 0.9647977
vt 20.29675 0.9648533
vt 20.29675 0.965986
vt 20.30261 0.9637781
vt 20.29675 0.9436157
vt 20.30261 0.9446642
vt 20.29675 0.9422176
vt 20.30261 0.9434059
vt 20.50934 0.9668275
vt 20.50346 0.9668262
vt 20.50346 0.9678734
vt 20.50934 0.965885
vt 20.50346 0.9478241
vt 20.50934 0.9487829
vt 20.50346 0.9469571
vt 20.50934 0.9480026
vt 20.31176 0.9647945
vt 20.30589 0.9648501
vt 20.30589 0.9659825
vt 20.31176 0.9637753
vt 20.30589 0.9436188
vt 20.31176 0.944667
vt 20.30589 0.9422211
vt 20.31176 0.9434091
vt 20.51261 0.9645611
vt 20.51849 0.9643822
vt 20.51849 0.9635149
vt 20.51261 0.9653414
vt 20.51849 0.983391
vt 20.51261 0.9824495
vt 20.51849 0.9844385
vt 20.51261 0.9833924
vt 20.43028 0.9474251
vt 20.43617 0.9469543
vt 20.43617 0.9463787
vt 20.43028 0.9479426
vt 20.43617 0.9663604
vt 20.43028 0.9654086
vt 20.43617 0.9673024
vt 20.43028 0.9662561
vt 20.31538 0.9457973
vt 20.32144 0.9460139
vt 20.32144 0.9445703
vt 20.31538 0.9470966
vt 20.32144 0.9679438
vt 20.31538 0.9668336
vt 20.32144 0.9691133
vt 20.31538 0.9678863
vt 20.44531 0.9662498
vt 20.43943 0.9663539
vt 20.43943 0.9672953
vt 20.44531 0.9654025
vt 20.43943 0.946961
vt 20.44531 0.9479488
vt 20.43943 0.946386
vt 20.44531 0.9474317
vt 20.32135 0.945628
vt 20.3205 0.945628
vt 20.3205 0.946887
vt 20.32179 0.9473651
vt 20.33878 0.945628
vt 20.3205 0.9660119
vt 20.33834 0.9473651
vt 20.3393 0.945628
vt 20.32179 0.9655335
vt 20.3205 0.9670318
vt 20.32135 0.9670318
vt 20.33834 0.9655335
vt 20.33878 0.9670318
vt 20.3393 0.9660119
vt 20.3393 0.9670318
vt 20.31538 0.9457973
vt 20.31476 0.9475904
vt 20.31538 0.9470966
vt 20.31476 0.9663401
vt 20.31538 0.9668336
vt 20.33606 0.9490114
vt 20.33511 0.9490114
vt 20.33511 0.9502742
vt 20.33648 0.9507537
vt 20.35318 0.9490114
vt 20.33511 0.9694552
vt 20.35275 0.9507537
vt 20.35396 0.9490114
vt 20.35396 0.9502742
vt 20.33648 0.968976
vt 20.33511 0.9704784
vt 20.33606 0.9704784
vt 20.35275 0.968976
vt 20.35396 0.9694552
vt 20.35318 0.9704784
vt 20.35396 0.9704784
vt 20.35111 0.9490346
vt 20.34977 0.9490346
vt 20.34977 0.9502947
vt 20.35151 0.9507732
vt 20.3672 0.9490346
vt 20.34977 0.9694342
vt 20.3668 0.9507732
vt 20.36858 0.9490346
vt 20.36858 0.9502947
vt 20.35151 0.968956
vt 20.34977 0.9704551
vt 20.35111 0.9704551
vt 20.3668 0.968956
vt 20.36858 0.9694342
vt 20.3672 0.9704551
vt 20.36858 0.9704551
vt 20.36551 0.9490175
vt 20.36439 0.9490175
vt 20.36439 0.9502796
vt 20.36593 0.9507589
vt 20.38243 0.9490175
vt 20.36439 0.9694497
vt 20.38201 0.9507589
vt 20.38323 0.9490175
vt 20.38323 0.9502796
vt 20.36593 0.9689707
vt 20.36439 0.9704722
vt 20.36551 0.9704722
vt 20.38201 0.9689707
vt 20.38323 0.9694497
vt 20.38243 0.9704722
vt 20.38323 0.9704722
vt 20.38012 0.9490218
vt 20.37903 0.9490218
vt 20.37903 0.9502834
vt 20.38054 0.9507625
vt 20.39696 0.9490218
vt 20.37903 0.9694458
vt 20.39654 0.9507625
vt 20.39786 0.9490218
vt 20.39786 0.9502834
vt 20.38054 0.968967
vt 20.37903 0.9704679
vt 20.38012 0.9704679
vt 20.39654 0.968967
vt 20.39786 0.9694458
vt 20.39696 0.9704679
vt 20.39786 0.9704679
vt 20.39466 0.9490117
vt 20.39365 0.9490117
vt 20.39365 0.9502745
vt 20.39509 0.950754
vt 20.41176 0.9490117
vt 20.39365 0.9694549
vt 20.41133 0.950754
vt 20.4125 0.9490117
vt 20.4125 0.9502745
vt 20.39509 0.9689757
vt 20.39365 0.970478
vt 20.39466 0.970478
vt 20.41133 0.9689757
vt 20.4125 0.9694549
vt 20.41176 0.970478
vt 20.4125 0.970478
vt 30.15829 0.6494772
vt 30.13227 0.6535636
vt 30.13227 0.6552905
vt 30.15873 0.6511451
vt 30.18721 0.6374961
vt 30.16521 0.6752989
vt 30.13227 0.6802964
vt 30.13227 0.6820232
vt 30.16565 0.6769669
vt 30.20058 0.6606474
vt 30.20144 0.6621428
vt 30.18808 0.6389916
vt 30.21205 0.6184369
vt 30.23095 0.6373399
vt 30.23217 0.638561
vt 30.21327 0.619658
vt 30.23111 0.5935986
vt 30.25426 0.6069649
vt 30.25576 0.6078284
vt 30.2326 0.594462
vt 30.24309 0.5646736
vt 30.26891 0.5715926
vt 30.27058 0.5720393
vt 30.24476 0.5651207
vt 30.24718 0.5336334
vt 30.2489 0.5336334
vt 30.27391 0.5336334
vt 30.27564 0.5336334
vt 30.09916 0.538689
vt 30.06578 0.5336328
vt 30.06578 0.5353596
vt 30.09872 0.5403571
vt 30.13495 0.5535132
vt 30.09225 0.564511
vt 30.06578 0.5603657
vt 30.06578 0.5620925
vt 30.0918 0.5661789
vt 30.12159 0.5766646
vt 30.12072 0.5781603
vt 30.13409 0.5550088
vt 30.16569 0.5770953
vt 30.14678 0.5959984
vt 30.14556 0.5972197
vt 30.16446 0.5783165
vt 30.18927 0.6078284
vt 30.16612 0.6211945
vt 30.16462 0.622058
vt 30.18777 0.6086917
vt 30.20409 0.6436175
vt 30.17827 0.6505363
vt 30.1766 0.6509834
vt 30.20243 0.6440642
vt 30.20915 0.6820239
vt 30.20742 0.6820239
vt 30.18242 0.6820239
vt 30.18069 0.6820239
vt 30.06345 0.6425242
vt 30.08425 0.6013731
vt 30.06345 0.6013731
vt 30.08425 0.6425242
vt 30.06345 0.680871
vt 30.08425 0.680871
vt 30.06345 0.7138
vt 30.08425 0.7138
vt 30.06345 0.7390673
vt 30.08425 0.7390673
vt 30.1227 0.6588539
vt 30.14209 0.6231012
vt 30.1227 0.6231012
vt 30.14209 0.6588539
vt 30.1227 0.6922058
vt 30.14209 0.6922058
vt 30.11352 0.6873845
vt 30.09272 0.7206433
vt 30.11352 0.7206433
vt 30.09272 0.6873845
vt 30.11352 0.656392
vt 30.09272 0.656392
vt 30.11352 0.6297787
vt 30.09272 0.6297787
vt 30.11352 0.6093573
vt 30.09272 0.6093573
vt 30.17136 0.653188
vt 30.15196 0.6820979
vt 30.17136 0.6820979
vt 30.15196 0.653188
vt 30.17136 0.6271816
vt 30.15196 0.6271816
vt 30.02531 0.6494778
vt 29.99929 0.6535642
vt 29.99929 0.6552912
vt 30.02576 0.6511457
vt 30.05424 0.6374965
vt 30.03223 0.6752998
vt 29.99929 0.6802974
vt 29.99929 0.6820242
vt 30.03268 0.6769679
vt 30.0676 0.6606482
vt 30.06847 0.6621435
vt 30.0551 0.638992
vt 30.07907 0.618437
vt 30.09798 0.6373403
vt 30.0992 0.6385614
vt 30.08029 0.6196581
vt 30.09813 0.5935984
vt 30.12128 0.6069649
vt 30.12278 0.6078284
vt 30.09963 0.5944619
vt 30.11012 0.564673
vt 30.13594 0.571592
vt 30.13761 0.5720388
vt 30.11178 0.5651201
vt 30.1142 0.5336324
vt 30.11593 0.5336324
vt 30.14093 0.5336324
vt 30.14266 0.5336324
vt 29.99394 0.6052915
vt 29.96055 0.6002352
vt 29.96055 0.601962
vt 29.99349 0.6069596
vt 30.02973 0.6201159
vt 29.98701 0.6311136
vt 29.96055 0.6269681
vt 29.96055 0.6286952
vt 29.98657 0.6327816
vt 30.01636 0.6432672
vt 30.01549 0.6447629
vt 30.02886 0.6216113
vt 30.06046 0.6436979
vt 30.04155 0.6626009
vt 30.04033 0.6638221
vt 30.05924 0.644919
vt 30.08404 0.6744308
vt 30.06089 0.6877972
vt 30.05939 0.6886607
vt 30.08254 0.6752942
vt 30.09886 0.71022
vt 30.07304 0.7171389
vt 30.07137 0.7175857
vt 30.0972 0.7106669
vt 30.10392 0.7486264
vt 30.10219 0.7486264
vt 30.07719 0.7486264
vt 30.07546 0.7486264
vt 30.07809 0.6425243
vt 30.09888 0.6013733
vt 30.07809 0.6013733
vt 30.09888 0.6425243
vt 30.07809 0.680871
vt 30.09888 0.680871
vt 30.07809 0.7137998
vt 30.09888 0.7137998
vt 30.07809 0.7390671
vt 30.09888 0.7390671
vt 30.13733 0.6588539
vt 30.15672 0.6231009
vt 30.13733 0.6231009
vt 30.15672 0.6588539
vt 30.13733 0.6922061
vt 30.15672 0.6922061
vt 30.12815 0.6873846
vt 30.10736 0.7206434
vt 30.12815 0.7206434
vt 30.10736 0.6873846
vt 30.12815 0.656392
vt 30.10736 0.656392
vt 30.12815 0.6297786
vt 30.10736 0.6297786
vt 30.12815 0.6093571
vt 30.10736 0.6093571
vt 30.186 0.653188
vt 30.1666 0.6820977
vt 30.186 0.6820977
vt 30.1666 0.653188
vt 30.186 0.6271818
vt 30.1666 0.6271818
vn -1 0 0
vn 1 0 0
vn 0 0 1
vn -1 0 0
vn -1 0 0
vn -1 0 0
vn -1 0 0
vn -1 0 0
vn -1 0 0
vn 1 0 0
vn 1 0 0
vn 1 0 0
vn 1 0 0
vn 1 0 0
vn 0 0 1
vn 0 0 1
vn 0 0 1
vn 0 0 1
vn 0 0 1
vn 0 0 1
vn -1 0 0
vn 1 0 0
vn 1 0 0
vn -1 0 0
vn 0 0 1
vn 1 0 0
vn 1 0 0
vn 1 0 0
vn 1 0 0
vn -1 0 0
vn -1 0 0
vn -1 0 0
vn -1 0 0
vn -1 0 0
vn -1 0 0
vn -1 0 0
vn -1 0 0
vn 1 0 0
vn 1 0 0
vn 1 0 0
vn 1 0 0
vn 1 0 0
vn -1 0 0
vn 1 0 0
vn -1 0 0
vn 1 0 0
vn -1 0 0
vn 1 0 0
vn 1 0 0
vn -1 0 0
vn -1 0 0
vn -1 0 0
vn -1 0 0
vn 0 0 1
vn 0 0 1
vn 0 0 1
vn 0 0 1
vn 0 0 1
vn 0 0 1
vn 1 0 0
vn 1 0 0
vn 1 0 0
vn 1 0 0
vn -1 0 0
vn -1 0 0
vn -1 0 0
vn -1 0 0
vn 1 0 0
vn 1 0 0
vn 1 0 0
vn 1 0 0
vn -1 0 0
vn -1 0 0
vn -1 0 0
vn -1 0 0
vn 1 0 0
vn 1 0 0
vn 1 0 0
vn 1 0 0
vn 0 0 1
vn 0 0 1
vn 0 0 1
vn 0 0 1
vn 0 0 1
vn 0 0 1
vn 0 0 1
vn 0 0 1
vn 0 0 1
vn 0 0 1
vn 0 0 1
vn 0 0 1
vn 1 0 0
vn 1 0 0
vn 0 0 1
vn 0 0 1
vn 0 0 1
vn 0 0 1
vn 1 0 0
vn 1 0 0
vn -1 0 0
vn -1 0 0
vn -1 0 0
vn -1 0 0
vn 0 0 1
vn 0 0 1
vn 1 0 0
vn 1 0 0
vn 1 0 0
vn 1 0 0
vn 1 0 0
vn 0 0 1
vn 0 0 1
vn 0 0 1
vn 0 0 1
vn 0 0 1
vn 0 0 1
vn 0 0 1
vn 0 0 1
vn -1 0 0
vn -1 0 0
vn -1 0 0
vn -1 0 0
vn 1 0 0
vn 1 0 0
vn 1 0 0
vn 1 0 0
vn 1 0 0
vn 1 0 0
vn 1 0 0
vn 1 0 0
vn 1 0 0
vn 1 0 0
vn 1 0 0
vn 1 0 0
vn -1 0 0
vn -1 0 0
vn -1 0 0
vn -1 0 0
vn -1 0 0
vn 0 0 1
vn 0 0 1
vn 0 0 1
vn -2.56926E-06 -0.0007644672 -0.9999998
vn 0 -0.0009706373 -0.9999995
vn 7.414662E-06 -0.0009757525 -0.9999995
vn -5.540237E-05 -8.625504E-05 -1
vn -2.041915E-06 -0.0008319387 -0.9999996
vn 0 2.254563E-05 -1
vn 0 -0.0009705406 -0.9999995
vn -0.003029954 -0.0008924119 -0.999995
vn 0 -0.001069109 -0.9999994
vn 9.963145E-06 -0.0009889208 -0.9999995
vn 0 -0.0009489145 -0.9999995
vn 2.63777E-06 -0.0009448161 -0.9999996
vn 0 -0.0009489948 -0.9999995
vn 0 2.337555E-05 -1
vn 0 -0.0009705488 -0.9999995
vn 0 -0.0009705406 -0.9999995
vn 0 2.250978E-05 -1
vn 0 -0.0009705901 -0.9999995
vn 5.536633E-05 -8.629942E-05 -1
vn 0 6.494175E-05 -1
vn 0 6.497915E-05 -1
vn 0 6.494174E-05 -1
vn -0.001878474 -0.0002031622 -0.9999982
vn 0.00187845 -0.0002032103 -0.9999982
vn -0.005088249 -0.0009335157 -0.9999866
vn 4.774681E-05 -0.001004098 -0.9999995
vn 0 -0.0009635932 -0.9999995
vn 0.00508829 -0.0009335175 -0.9999866
vn 0 -0.0009606273 -0.9999995
vn 0 -0.0009633704 -0.9999995
vn 0 -0.000949 -0.9999995
vn 0 -0.0009605005 -0.9999995
vn 0 -0.0009604493 -0.9999995
vn 0 -0.0009633675 -0.9999995
vn -9.96957E-06 -0.0009887274 -0.9999995
vn 0 -0.0009490034 -0.9999995
vn -4.774704E-05 -0.001003846 -0.9999995
vn 0 -0.0009489694 -0.9999995
vn 0.003029997 -0.0008924134 -0.999995
vn 0 -0.001069059 -0.9999994
vn -1.318913E-06 -0.0009472884 -0.9999995
vn 2.041963E-06 -0.0008319386 -0.9999996
vn 2.596862E-06 -0.0007644816 -0.9999998
vn -2.637729E-06 -0.0009732912 -0.9999995
vn 0.6995524 -0.001616676 0.7145793
vn 0.6941253 -0.7081671 0.1291877
vn 0.5688052 -0.5810133 0.5821376
vn 0.9852061 -0.00262831 0.1713534
vn 0.699501 0.0005945796 0.7146314
vn 0.9609488 -0.003207889 -0.2767077
vn 0.680023 -0.6936547 -0.2375117
vn 0.9851484 0.0001428293 0.1717049
vn 0.6995363 0.008205928 0.7145498
vn 0.9071 -0.002502936 -0.4209076
vn 0.602011 -0.6173335 -0.5064405
vn 0.602008 -0.6163536 0.5076363
vn 0.9554852 -0.0002454675 -0.2950388
vn 0.9852941 0.009648125 0.1705943
vn 0.9152248 -0.0003352104 -0.4029435
vn 0.9070616 -0.001859318 0.4209939
vn 0.6941252 0.7084144 0.1278253
vn 0.5687999 0.5821279 0.5810282
vn 0.6800274 0.6931906 -0.2388502
vn 0.9610559 0.009974535 -0.2761738
vn 0.6020145 0.6163574 -0.507624
vn 0.9064426 0.007060538 -0.42227
vn 0.915258 0.0003351302 0.4028679
vn 0.9064218 0.007963418 0.4222987
vn 0.6020175 0.6173221 0.5064467
vn 0.6914594 0.705688 0.1545586
vn 0.9826252 0.0108655 0.1852819
vn 0.6995304 0.7146025 -0.0006865831
vn 0.9999375 0.01118343 -1.074164E-05
vn 1 0 0
vn 0.9797006 0.0001667896 0.2004663
vn 0.9999946 -0.003267236 3.139684E-06
vn 0.9825979 -0.00297165 0.1857218
vn 0.6914545 -0.7053952 0.1559115
vn 0.6995257 -0.7146071 0.0006867769
vn 0.6941253 -0.7081671 0.1291877
vn 0.006927022 -0.7064114 0.7077676
vn 0.5688052 -0.5810133 0.5821376
vn 0.008718492 -0.9857276 0.1681224
vn 0.680023 -0.6936547 -0.2375117
vn 0 -0.9855961 0.1691165
vn 2.349712E-07 -0.7064285 0.7077844
vn 0.009488706 -0.9630104 -0.2692972
vn 0.602011 -0.6173335 -0.5064405
vn 0 -0.9575145 -0.2883854
vn 0 -0.9855962 0.1691159
vn 0 -0.7064292 0.7077837
vn 0 -0.7064292 0.7077837
vn 0 -0.9574523 -0.2885915
vn 0 -0.9855962 0.1691158
vn -0.00692686 -0.7064141 0.7077649
vn 0.006881682 -0.9100444 -0.4144537
vn 0 -0.9187123 -0.3949277
vn 0 -0.9188048 -0.3947122
vn 0 -0.9575143 -0.2883855
vn -0.008718661 -0.9857278 0.168121
vn 0.006881803 -0.9092462 0.4162019
vn 0.602008 -0.6163536 0.5076363
vn 0.6914545 -0.7053952 0.1559115
vn 0 -0.9179514 0.3966929
vn 0 -0.9180441 0.3964782
vn -0.6941338 -0.7081597 0.1291824
vn -0.5688235 -0.5810067 0.5821263
vn -0.6800278 -0.6936517 -0.2375069
vn -0.00948841 -0.9630092 -0.2693014
vn -0.6020264 -0.6173259 -0.5064315
vn 0 -0.9187123 -0.3949273
vn -0.006882011 -0.9100472 -0.4144475
vn 0 -0.9179513 0.3966931
vn -0.006882037 -0.9092485 0.4161969
vn -0.6020305 -0.6163473 0.5076172
vn -0.6914588 -0.7053916 0.1559078
vn 0 -0.9803187 0.1974214
vn -0.00983483 -0.983237 0.1820669
vn -0.6995336 -0.7145993 0.000690075
vn -0.01027689 -0.9999467 0.000960922
vn 0 -0.9999995 0.000960932
vn 0 -0.980352 0.1972558
vn 0 -0.9999995 0.0009609617
vn 0 -0.980352 0.1972557
vn 0 -0.9999995 0.0009609318
vn 0.00983494 -0.9832377 0.1820624
vn 0.01027684 -0.9999467 0.0009608719
vn 0.6995257 -0.7146071 0.0006867769
vn 0.006927022 -0.7064114 0.7077676
vn 0.6995524 -0.001616676 0.7145793
vn 0.5688052 -0.5810133 0.5821376
vn 0.01025086 -0.002405234 0.9999446
vn 2.349712E-07 -0.7064285 0.7077844
vn 0.01027681 0.0008319874 0.9999468
vn 0.699501 0.0005945796 0.7146314
vn 0 -0.00243307 0.999997
vn 0 -0.7064292 0.7077837
vn 0.01018505 0.01192123 0.9998771
vn 0.6995363 0.008205928 0.7145498
vn 0 0.0008320027 0.9999996
vn 0 -0.002432969 0.999997
vn 0.006926743 0.7077642 0.7064148
vn 0.5687999 0.5821279 0.5810282
vn 2.92757E-07 0.0120155 0.9999279
vn 1.846203E-07 0.7077823 0.7064306
vn 0 0.0008319389 0.9999996
vn 0 0.01201543 0.9999279
vn 0 0.7077852 0.7064277
vn 0 0.7077848 0.7064281
vn 0 0.01201542 0.9999279
vn -0.006926649 0.7077675 0.7064114
vn 0 -0.002432968 0.999997
vn 0 -0.7064292 0.7077837
vn 0 0.0008319389 0.9999996
vn -0.01018458 0.01192114 0.9998771
vn -0.0102504 -0.002405093 0.9999446
vn -0.00692686 -0.7064141 0.7077649
vn -0.01027635 0.0008318951 0.9999468
vn -0.6995606 -0.001616662 0.7145714
vn -0.5688235 -0.5810067 0.5821263
vn -0.6995102 0.000594525 0.7146223
vn -0.6995491 0.008206133 0.7145373
vn -0.5688147 0.5821214 0.5810203
vn 0.006926743 0.7077642 0.7064148
vn 0.6941252 0.7084144 0.1278253
vn 0.5687999 0.5821279 0.5810282
vn 0.008718517 0.986048 0.1662331
vn 1.846203E-07 0.7077823 0.7064306
vn 0.009488725 0.962492 -0.2711441
vn 0.6800274 0.6931906 -0.2388502
vn 0 0.9859183 0.167228
vn 0 0.7077852 0.7064277
vn 0.006881718 0.9092449 -0.4162047
vn 0.6020145 0.6163574 -0.507624
vn 0.6020175 0.6173221 0.5064467
vn 0 0.9569591 -0.2902227
vn 0 0.9859183 0.1672281
vn 0 0.9859183 0.1672279
vn 0 0.7077848 0.7064281
vn -0.008718496 0.986048 0.166233
vn -0.006926649 0.7077675 0.7064114
vn -0.6941298 0.7084099 0.1278249
vn -0.5688147 0.5821214 0.5810203
vn -0.009488678 0.9624901 -0.2711505
vn -0.6800337 0.6931887 -0.2388381
vn 0 0.9569595 -0.2902214
vn -0.00688189 0.9092494 -0.4161951
vn -0.6020359 0.6163508 -0.5076065
vn -0.6020446 0.6173116 0.5064274
vn 0 0.9568971 -0.2904271
vn 0 0.9179525 -0.3966903
vn -0.006882021 0.9100555 0.4144291
vn 0 0.9179509 -0.3966942
vn -0.009834707 0.9835855 0.180175
vn -0.6914619 0.7056868 0.1545529
vn 0 0.9187208 0.3949078
vn 0 0.9180453 -0.3964756
vn 0.006881913 0.9100552 0.4144297
vn -0.01027674 0.9999467 -0.0009524673
vn -0.6995369 0.7145962 -0.0006807703
vn 0 0.9807298 0.1953687
vn 0 0.9999995 -0.0009516795
vn 1.108943E-07 0.9187209 0.3949076
vn 0.009834901 0.9835855 0.1801746
vn 0.6914594 0.705688 0.1545586
vn 0 0.9188123 0.3946949
vn 0 0.9806964 0.1955369
vn 0 0.9999995 -0.0009498752
vn 0 0.9999995 -0.0009481588
vn 0 0.980729 0.1953728
vn 0.01027665 0.9999467 -0.0009476871
vn 0.6995304 0.7146025 -0.0006865831
vn 5.261176E-07 -0.9999995 0.0009614172
vn 4.65317E-07 -0.9999995 0.0009618429
vn 4.696543E-07 -0.9941536 -0.1079759
vn 5.191912E-07 -0.9914793 -0.1302646
vn 0 -0.9999995 0.0009613839
vn 3.72753E-07 -0.7096123 -0.7045923
vn 0.6860247 -0.2664571 -0.6770309
vn 0 -0.7077889 -0.706424
vn 0 -0.9914373 -0.1305837
vn -5.15165E-07 -0.9914793 -0.1302645
vn -5.261173E-07 -0.9999995 0.0009619735
vn -3.728323E-07 -0.709612 -0.7045926
vn -4.668524E-07 -0.9941533 -0.1079782
vn -4.653421E-07 -0.9999995 0.0009618432
vn -0.6860276 -0.2664499 -0.6770308
vn 1 0 0
vn 1 0 0
vn 0.9940565 -0.0001189149 -0.108865
vn 0.9913474 -0.0001401049 -0.131265
vn 1 0 0
vn 0.9940221 -0.0001156359 -0.1091796
vn 0.6860247 -0.2664571 -0.6770309
vn 0.7086719 -0.000753652 -0.7055378
vn 0.4562785 0.5398006 -0.7074075
vn 0.9140572 -0.1692642 -0.3685772
vn 0.6644422 -0.1426351 -0.7336019
vn 0.002269986 -0.1907105 -0.9816437
vn 0.7269182 -0.07020984 -0.6831255
vn 0.0003809608 -0.009396512 -0.9999558
vn 0.01460682 -0.001543668 -0.9998921
vn -0.004888686 -0.1888356 -0.9819965
vn -0.01199522 -0.05496183 -0.9984164
vn 1.351002E-05 -0.03484464 -0.9993927
vn 4.620847E-05 -0.001106016 -0.9999994
vn -2.851685E-06 0.08438678 -0.996433
vn 0 -0.00114166 -0.9999994
vn 0.03027346 -0.02009221 -0.9993396
vn -0.0004167047 -0.009240905 -0.9999572
vn 0 -0.02034068 -0.9997931
vn 0.03375874 -0.790333 -0.6117467
vn -0.03321914 -0.001775604 -0.9994465
vn -0.4464236 -0.0569357 -0.8930085
vn 6.924957E-05 -0.001030301 -0.9999995
vn -0.06600298 -0.001080139 -0.9978188
vn -0.6466864 -0.0008305883 -0.7627556
vn -0.6464279 -0.004459011 -0.7629621
vn 0.08299918 0.09753212 -0.9917654
vn -0.01542593 0.002441575 -0.999878
vn -0.6123866 0.009345066 -0.7905032
vn -0.665342 0.001975931 -0.7465361
vn -0.01038864 0.5252828 -0.8508643
vn -5.854151E-06 0.00211774 -0.9999977
vn -0.01615733 0.5003805 -0.8656548
vn 0 0.5220301 -0.852927
vn 3.913906E-07 0.7082506 -0.7059611
vn 0.4562785 0.5398006 -0.7074075
vn 0 0.7064255 -0.7077873
vn 0.08334339 -0.001068175 -0.9965203
vn 0.7086719 -0.000753652 -0.7055378
vn 0 0.08378599 -0.9964838
vn 2.8497E-06 0.08438678 -0.996433
vn -3.949764E-07 0.7082515 -0.7059602
vn -0.08299741 0.09753263 -0.9917656
vn -0.0003809557 -0.009396504 -0.9999558
vn -0.4562863 0.5397946 -0.7074071
vn 0.1265299 -0.04958407 -0.9907227
vn 0.6860247 -0.2664571 -0.6770309
vn -5.075685E-05 -0.001035782 -0.9999995
vn 2.341334E-07 -0.08841295 -0.9960839
vn 3.72753E-07 -0.7096123 -0.7045923
vn 0 -0.08519056 -0.9963647
vn 0 -0.7077889 -0.706424
vn -3.728323E-07 -0.709612 -0.7045926
vn -0.03794243 -0.0008276749 -0.9992796
vn -0.0006037055 0.02897644 -0.99958
vn 2.72885E-05 0.05382592 -0.9985504
vn -2.40343E-07 -0.0884131 -0.9960839
vn -0.6860276 -0.2664499 -0.6770308
vn -0.1265273 -0.04958452 -0.9907231
vn -0.7086655 -0.0007536723 -0.7055442
vn 1.493616E-05 0.5194663 -0.854491
vn -0.08334292 -0.001068174 -0.9965204
vn 0.06600273 -0.001080136 -0.9978188
vn 0 0.05574474 -0.9984451
vn -2.730299E-05 0.05382599 -0.9985504
vn 0 0.5208542 -0.8536457
vn 0 0.5208545 -0.8536454
vn 0.0006037643 0.02897594 -0.99958
vn -1.489092E-05 0.5194663 -0.854491
vn 3.890448E-06 0.002110779 -0.9999979
vn 0.01615714 0.5003802 -0.8656551
vn 1.29015E-07 0.5220302 -0.852927
vn 3.9339E-06 -0.006210211 -0.9999807
vn 5.531576E-07 -0.7884537 -0.6150941
vn -0.0001954635 -0.03487679 -0.9993916
vn 5.850203E-06 0.002116045 -0.9999977
vn 0.01368865 -0.7720041 -0.6354702
vn 0.9140572 -0.1692642 -0.3685772
vn 0.01038884 0.5252832 -0.8508641
vn 0.01542076 0.002439986 -0.9998782
vn 0.6653447 0.001975805 -0.7465337
vn 0.6123808 0.009344857 -0.7905077
vn 0.6464313 -0.004458774 -0.7629592
vn 0 -0.7896472 -0.6135612
vn -0.03375912 -0.7903331 -0.6117466
vn -0.01368556 -0.7719904 -0.6354868
vn -0.03027354 -0.02009223 -0.9993396
vn -0.9140294 -0.1692831 -0.3686373
vn -0.01460672 -0.00154366 -0.9998921
vn 0.0119901 -0.05496168 -0.9984165
vn -0.002273889 -0.1907061 -0.9816445
vn -0.7268459 -0.07021546 -0.6832018
vn -4.61894E-05 -0.001106016 -0.9999994
vn 0.004884077 -0.1888313 -0.9819974
vn 0.4464298 -0.05693282 -0.8930056
vn 0.0004166872 -0.009240902 -0.9999572
vn 0.6466841 -0.0008305307 -0.7627576
vn 0.03321948 -0.001775574 -0.9994465
vn -6.915657E-05 -0.001030306 -0.9999995
vn 0.03794242 -0.0008276734 -0.9992796
vn 5.069932E-05 -0.001035781 -0.9999995
vn 0.7269182 -0.07020984 -0.6831255
vn 0.01460682 -0.001543668 -0.9998921
vn 0.03027346 -0.02009221 -0.9993396
vn 0.9814168 -0.03900498 -0.1878819
vn 0.9140572 -0.1692642 -0.3685772
vn 0.03375874 -0.790333 -0.6117467
vn 0.01368865 -0.7720041 -0.6354702
vn -0.6995606 -0.001616662 0.7145714
vn -0.5688235 -0.5810067 0.5821263
vn -0.6941338 -0.7081597 0.1291824
vn -0.9852058 -0.002628228 0.1713552
vn -0.6995102 0.000594525 0.7146223
vn -0.9609526 -0.003207872 -0.2766944
vn -0.6800278 -0.6936517 -0.2375069
vn -0.9851481 0.0001428591 0.1717067
vn -0.6995491 0.008206133 0.7145373
vn -0.9071079 -0.002502833 -0.4208905
vn -0.6020264 -0.6173259 -0.5064315
vn -0.6020305 -0.6163473 0.5076172
vn -0.9554893 -0.0002454276 -0.2950253
vn -0.9852939 0.009648357 0.1705956
vn -0.9152322 -0.0003352074 -0.4029266
vn -0.9070695 -0.001859179 0.4209768
vn -0.6941298 0.7084099 0.1278249
vn -0.5688147 0.5821214 0.5810203
vn -0.6800337 0.6931887 -0.2388381
vn -0.9610597 0.009974889 -0.2761608
vn -0.6020359 0.6163508 -0.5076065
vn -0.9064506 0.007060082 -0.422253
vn -0.9152654 0.0003351309 0.402851
vn -0.9064294 0.007962942 0.4222823
vn -0.6020446 0.6173116 0.5064274
vn -0.6914619 0.7056868 0.1545529
vn -0.9826271 0.01086542 0.1852726
vn -0.6995369 0.7145962 -0.0006807703
vn -0.9999375 0.01118335 -1.138325E-05
vn -1 0 -1.741741E-07
vn -0.9797025 0.0001667383 0.2004565
vn -0.9999946 -0.003267258 3.17602E-06
vn -0.9825997 -0.00297166 0.1857122
vn -0.6914588 -0.7053916 0.1559078
vn -0.6995336 -0.7145993 0.000690075
vn -1 0 0
vn -0.9940572 -0.0001189253 -0.1088589
vn -1 0 0
vn -0.9913482 -0.0001401159 -0.1312583
vn -1 0 0
vn -0.9940227 -0.0001156469 -0.1091735
vn -0.6860276 -0.2664499 -0.6770308
vn -0.7086655 -0.0007536723 -0.7055442
vn -0.4562863 0.5397946 -0.7074071
vn -0.7268459 -0.07021546 -0.6832018
vn -0.03027354 -0.02009223 -0.9993396
vn -0.01460672 -0.00154366 -0.9998921
vn -0.9814187 -0.03900389 -0.1878722
vn -0.9140294 -0.1692831 -0.3686373
vn -0.03375912 -0.7903331 -0.6117466
vn -0.01368556 -0.7719904 -0.6354868
vn 0 0.9911841 -0.1324921
vn 0 0.7064255 -0.7077873
vn 3.913906E-07 0.7082506 -0.7059611
vn -3.949764E-07 0.7082515 -0.7059602
vn 5.546098E-07 0.9912263 -0.132176
vn 0.4562785 0.5398006 -0.7074075
vn 0 0.9939438 -0.1098897
vn 0 0.9999995 -0.0009519804
vn 5.612171E-07 0.9999995 -0.0009530524
vn 0 0.9999995 -0.0009553122
vn -5.612422E-07 0.9999995 -0.0009541885
vn -5.541283E-07 0.9912265 -0.1321743
vn -0.4562863 0.5397946 -0.7074071
vn 0 0.9999995 -0.0009536562
vn 0 0.9939435 -0.1098917
vn -0.677204 0.6618056 0.3215713
vn -0.9845527 0 0.1750879
vn -0.9845525 0 0.1750897
vn -0.9524853 0 0.3045849
vn -0.9845526 0 0.1750884
vn -0.9521362 -0.00154882 0.3056704
vn -0.9845514 0 0.1750961
vn -0.9845514 0 0.1750961
vn -0.7332701 0.6024173 0.3152908
vn -0.9845457 0 0.1751277
vn -0.9845461 0 0.1751255
vn -0.9575571 0 0.2882437
vn -0.9845457 0 0.1751276
vn -0.9572486 -0.001426366 0.2892629
vn -0.9845462 0 0.1751251
vn -0.9845462 0 0.175125
vn 0.810205 -0.4990285 0.3074708
vn 0.9845526 0 0.1750884
vn 0.9845515 0 0.1750955
vn 0.9599105 0 0.2803065
vn 0.9845527 0 0.1750879
vn 0.959751 0.001293892 0.2808496
vn 0.9845526 0 0.175089
vn 0.9845526 0 0.175089
vn 0 0.9800929 0.1985393
vn 0 0.9800963 0.1985226
vn 0 0.9800929 0.1985393
vn 0.001798435 0.9415773 0.3367922
vn 0 0.9800963 0.1985229
vn 0 0.9418455 0.3360464
vn 0 0.9800922 0.1985428
vn -0.01768221 0.9569863 0.289594
vn 0 -0.9800939 0.1985347
vn 0 -0.9800982 0.1985126
vn 0 -0.9800939 0.1985347
vn -0.001736287 -0.9327039 0.3606389
vn 0 -0.9800987 0.1985106
vn 0 -0.9330313 0.3597953
vn 0 -0.9800997 0.198506
vn 0.8052139 -0.5063068 0.3086809
vn 0 0.9800912 0.1985481
vn 0 0.980091 0.1985488
vn 0 0.9800912 0.1985481
vn 0.001496175 0.9419497 0.3357509
vn 0 0.9800913 0.1985474
vn 0 0.9421552 0.3351768
vn 0 0.9800949 0.1985295
vn -0.6501333 0.6874439 0.3236473
vn 0 -0.9801005 0.1985025
vn 0 -0.9800995 0.1985067
vn 0 -0.9801005 0.1985025
vn -0.001652751 -0.9327936 0.3604074
vn 0 -0.9800995 0.1985071
vn 0 -0.9331124 0.3595846
vn 0 -0.980099 0.1985098
vn 0.8218415 -0.4816916 0.3042202
vn 0 0.9800891 0.1985584
vn 0 0.9800924 0.1985416
vn 0 0.9800891 0.1985584
vn 0.001368945 0.9420933 0.3353479
vn 0 0.9800926 0.1985406
vn 0 0.9422696 0.3348551
vn 0 0.9800931 0.1985382
vn -0.677204 0.6618056 0.3215713
vn 0.8218415 -0.4816916 0.3042202
vn 0.9845526 0 0.1750884
vn 0.9845515 0 0.1750955
vn 0.9611138 0 0.2761524
vn 0.9845527 0 0.1750879
vn 0.9609615 0.001263341 0.2766791
vn 0.9845526 0 0.175089
vn 0.9845526 0 0.175089
vn 0.7744321 -0.5481743 0.3158477
vn 0.9845526 0 0.1750884
vn 0.9845515 0 0.1750955
vn 0.9563537 0 0.2922116
vn 0.9845527 0 0.1750879
vn 0.9561689 0.001379071 0.2928121
vn 0.9845526 0 0.175089
vn 0.9845526 0 0.175089
vn -0.6501333 0.6874439 0.3236473
vn -0.9845457 0 0.1751277
vn -0.9845461 0 0.1751255
vn -0.9497811 0 0.3129152
vn -0.9845457 0 0.1751276
vn -0.9494114 -0.001601084 0.3140309
vn -0.9845462 0 0.1751251
vn -0.9845462 0 0.175125
vn 0 -0.9800949 0.1985295
vn 0 -0.9800978 0.1985157
vn 0 -0.9800949 0.1985295
vn -0.001727954 -0.9326693 0.3607283
vn 0 -0.9800978 0.1985154
vn 0 -0.9329823 0.3599223
vn 0 -0.9800951 0.198528
vn 0.7744321 -0.5481743 0.3158477
vn -0.6434497 0.6934674 0.3241532
vn -0.9845457 0 0.1751277
vn -0.9845461 0 0.1751255
vn -0.9489541 0 0.3154142
vn -0.9845457 0 0.1751276
vn -0.9485813 -0.001611994 0.3165294
vn -0.9845462 0 0.1751251
vn -0.9845462 0 0.175125
vn 0 0.9800997 0.198506
vn 0 0.9800955 0.1985268
vn 0 0.9800997 0.198506
vn 0.001419513 0.9420182 0.335559
vn 0 0.9800949 0.1985297
vn 0 0.9421976 0.335058
vn 0 0.9800906 0.1985508
vn -0.6434497 0.6934674 0.3241532
vn 0.8052139 -0.5063068 0.3086809
vn 0.9845457 0 0.1751276
vn 0.9845463 0 0.1751244
vn 0.9595401 0 0.2815722
vn 0.9845457 0 0.1751277
vn 0.9593752 0.001308164 0.2821302
vn 0.9845463 0 0.1751247
vn 0.9845463 0 0.1751247
vn 0.9845463 0 0.1751244
vn 0.9845457 0 0.1751276
vn 0.9845463 0 0.1751244
vn 0.9845457 0 0.1751277
vn 0.9845457 0 0.1751277
vn 0.9845457 0 0.1751277
vn 0.9845463 0 0.1751247
vn 0.9845463 0 0.1751247
vn 0 -0.9800977 0.198516
vn 0 -0.9800934 0.1985366
vn 0 -0.9800977 0.198516
vn -0.001937082 -0.9323123 0.3616489
vn 0 -0.9800935 0.1985364
vn 0 -0.9326201 0.3608598
vn 0 -0.9800982 0.198513
vn 0.01964392 -0.9516952 0.3064153
vn -0.9845525 0 0.1750897
vn -0.9845527 0 0.1750879
vn -0.9845525 0 0.1750897
vn -0.9845527 0 0.1750879
vn -0.9845526 0 0.1750884
vn -0.9845527 0 0.1750882
vn -0.9845514 0 0.1750961
vn -0.9845514 0 0.1750961
vn 0 -0.980097 0.1985193
vn 0 -0.980099 0.1985089
vn 0 -0.980097 0.1985193
vn -0.001600679 -0.932819 0.3603416
vn 0 -0.9800988 0.1985099
vn 0 -0.9331154 0.3595772
vn 0 -0.9800928 0.1985401
vn 0.810205 -0.4990285 0.3074708
vn -0.7001628 0.6385987 0.3193178
vn -0.9845457 0 0.1751277
vn -0.9845461 0 0.1751255
vn -0.9547524 0 0.297402
vn -0.9845457 0 0.1751276
vn -0.9544189 -0.001502396 0.2984667
vn -0.9845462 0 0.1751251
vn -0.9845462 0 0.175125
vn 0 0.9800904 0.1985517
vn 0 0.9800923 0.1985425
vn 0 0.9800904 0.1985517
vn 0.001396195 0.9420958 0.3353411
vn 0 0.9800919 0.1985441
vn 0 0.9422947 0.3347847
vn 0 0.9800853 0.1985766
vn -0.7001628 0.6385987 0.3193178
vn 0 0.9800988 0.19851
vn 0 0.980095 0.1985289
vn 0 0.9800988 0.19851
vn 0.001159143 0.9423325 0.3346762
vn 0 0.9800951 0.1985281
vn 0 0.9424641 0.3343075
vn 0 0.9801002 0.1985033
vn -0.7332701 0.6024173 0.3152908
vn 0.888042 -0.3645786 0.2801139
vn 0.9845457 0 0.1751276
vn 0.9845463 0 0.1751244
vn 0.9673511 0 0.2534399
vn 0.9845457 0 0.1751277
vn 0.9672478 0.001027934 0.2538317
vn 0.9845463 0 0.1751247
vn 0.9845463 0 0.1751247
vn 0 -0.980096 0.1985245
vn 0 -0.9800949 0.1985293
vn 0 -0.980096 0.1985245
vn -0.001504552 -0.9330027 0.3598665
vn 0 -0.9800949 0.1985295
vn 0 -0.9333283 0.3590242
vn 0 -0.9800953 0.1985274
vn 0.888042 -0.3645786 0.2801139
vn -0.001504552 -0.9330027 0.3598665
vn 0 0 1
vn -0.9572486 -0.001426366 0.2892629
vn -0.03782348 -0.0326694 0.9987503
vn 0 -0.9333283 0.3590242
vn -0.9575571 0 0.2882437
vn 0.03984937 -0.03295276 0.9986622
vn 0.888042 -0.3645786 0.2801139
vn -0.03794257 0.03340093 0.9987215
vn -0.7332701 0.6024173 0.3152908
vn 0 0.9424641 0.3343075
vn 0.04032807 0.03405074 0.9986061
vn 0.001159143 0.9423325 0.3346762
vn 0.9672478 0.001027934 0.2538317
vn 0 0 1
vn 0.888042 -0.3645786 0.2801139
vn 0.03984937 -0.03295276 0.9986622
vn 0.9673511 0 0.2534399
vn 0.04032807 0.03405074 0.9986061
vn 0.9672478 0.001027934 0.2538317
vn -0.001600679 -0.932819 0.3603416
vn 0 0 1
vn -0.9544189 -0.001502396 0.2984667
vn -0.03807195 -0.03244844 0.9987481
vn 0 -0.9331154 0.3595772
vn -0.9547524 0 0.297402
vn 0.0388176 -0.03243336 0.9987198
vn 0.810205 -0.4990285 0.3074708
vn 0.9599105 0 0.2803065
vn -0.03816543 0.03314378 0.9987215
vn -0.7001628 0.6385987 0.3193178
vn 0 0.9422947 0.3347847
vn 0.03934151 0.03356724 0.9986619
vn 0.959751 0.001293892 0.2808496
vn 0.001396195 0.9420958 0.3353411
vn 0 0 1
vn -0.001937082 -0.9323123 0.3616489
vn 0 0 1
vn -0.3201784 -0.008960193 0.9473149
vn -0.03826897 -0.03167663 0.9987652
vn 0 -0.9326201 0.3608598
vn -0.3268795 0 0.945066
vn 0.03779521 -0.03130777 0.9987949
vn 0.01964392 -0.9516952 0.3064153
vn 0.3221538 0 0.9466873
vn -0.03826045 0.03223657 0.9987477
vn -0.01768221 0.9569863 0.289594
vn 0 0.9418455 0.3360464
vn 0.03842214 0.03248536 0.9987335
vn 0.3160322 0.008123739 0.9487137
vn 0.001798435 0.9415773 0.3367922
vn 0 0 1
vn -0.001736287 -0.9327039 0.3606389
vn 0 0 1
vn -0.9485813 -0.001611994 0.3165294
vn -0.03757908 -0.0321884 0.9987751
vn 0 -0.9330313 0.3597953
vn -0.9489541 0 0.3154142
vn 0.0391502 -0.03235126 0.9987096
vn 0.8052139 -0.5063068 0.3086809
vn 0.9595401 0 0.2815722
vn -0.03762634 0.03283487 0.9987524
vn -0.6434497 0.6934674 0.3241532
vn 0 0.9421976 0.335058
vn 0.03968181 0.03348178 0.9986513
vn 0.9593752 0.001308164 0.2821302
vn 0.001419513 0.9420182 0.335559
vn 0 0 1
vn -0.001727954 -0.9326693 0.3607283
vn 0 0 1
vn -0.9494114 -0.001601084 0.3140309
vn -0.03786272 -0.03218748 0.9987644
vn 0 -0.9329823 0.3599223
vn -0.9497811 0 0.3129152
vn 0.03869446 -0.03217827 0.9987329
vn 0.7744321 -0.5481743 0.3158477
vn 0.9563537 0 0.2922116
vn -0.03791511 0.03283346 0.9987414
vn -0.6501333 0.6874439 0.3236473
vn 0 0.9421552 0.3351768
vn 0.03924158 0.03332042 0.998674
vn 0.9561689 0.001379071 0.2928121
vn 0.001496175 0.9419497 0.3357509
vn 0 0 1
vn -0.001652751 -0.9327936 0.3604074
vn 0 0 1
vn -0.9521362 -0.00154882 0.3056704
vn -0.03776975 -0.03235868 0.9987624
vn 0 -0.9331124 0.3595846
vn -0.9524853 0 0.3045849
vn 0.03913822 -0.0324825 0.9987057
vn 0.8218415 -0.4816916 0.3042202
vn 0.9611138 0 0.2761524
vn -0.0378442 0.03303436 0.9987375
vn -0.677204 0.6618056 0.3215713
vn 0 0.9422696 0.3348551
vn 0.03965769 0.03360749 0.998648
vn 0.9609615 0.001263341 0.2766791
vn 0.001368945 0.9420933 0.3353479
vn 0 0 1
vn -0.08595673 -0.2796746 0.9562393
vn -0.08660042 -0.1545415 0.9841835
vn -0.9987957 -0.007601121 0.04846939
vn -0.9986997 -0.01426661 0.04894345
vn -0.08644053 -0.4981313 0.8627822
vn -0.996829 0.02202706 -0.07646389
vn -0.9965363 0.01246308 -0.08222023
vn -0.07528331 0.1493269 -0.9859179
vn -0.07683342 0.2753647 -0.9582646
vn -0.9968185 0.0398521 -0.06902558
vn -0.07666606 0.4985261 -0.8634779
vn -0.9987127 -0.02536185 0.04392828
vn -0.08643743 -0.7044592 0.7044614
vn -0.9968185 0.05635913 -0.05635913
vn -0.07666846 0.7050257 -0.7050252
vn -0.9987127 -0.03586742 0.03586768
vn -0.08643525 -0.862784 0.4981292
vn -0.9968185 0.06902581 -0.03985169
vn -0.07666756 0.863477 -0.4985275
vn -0.9987127 -0.04392831 0.02536235
vn -0.08643549 -0.9623113 0.2578488
vn -0.9968185 0.07698814 -0.02062951
vn -0.07666818 0.963083 -0.2580562
vn -0.9987127 -0.04899552 0.01312869
vn -0.0857006 -0.9877974 0.1300446
vn -0.9986904 -0.05072329 0.006677705
vn -0.9967637 0.07969887 -0.01049246
vn -0.07601754 0.9885762 -0.1301473
vn 0.07683881 0.2753641 -0.9582643
vn 0.07528903 0.1493273 -0.9859173
vn 0.9965363 0.01246368 -0.0822207
vn 0.996829 0.0220273 -0.07646358
vn 0.07666884 0.498526 -0.8634778
vn 0.9986997 -0.01426605 0.04894371
vn 0.9987957 -0.007601548 0.0484696
vn 0.08660039 -0.1545422 0.9841834
vn 0.08595672 -0.2796745 0.9562394
vn 0.9987127 -0.02536139 0.04392842
vn 0.0864405 -0.4981313 0.8627823
vn 0.9968185 0.03985271 -0.0690258
vn 0.07666852 0.705026 -0.705025
vn 0.9987127 -0.03586668 0.0358677
vn 0.08643676 -0.704459 0.7044616
vn 0.9968185 0.05636033 -0.05635919
vn 0.07666785 0.8634768 -0.4985277
vn 0.9987127 -0.04392765 0.02536227
vn 0.08643417 -0.862784 0.4981294
vn 0.9968185 0.06902596 -0.03985183
vn 0.07666838 0.963083 -0.2580564
vn 0.9987127 -0.0489959 0.01312865
vn 0.08643529 -0.9623113 0.2578485
vn 0.9968185 0.07698782 -0.02062956
vn 0.07601761 0.9885762 -0.1301473
vn 0.9967637 0.0796992 -0.01049247
vn 0.9986904 -0.05072345 0.006677761
vn 0.08570111 -0.9877974 0.1300446
vn -0.07666818 0.963083 -0.2580562
vn 0.07601761 0.9885762 -0.1301473
vn -0.07601754 0.9885762 -0.1301473
vn 0.07666838 0.963083 -0.2580564
vn -0.07666756 0.863477 -0.4985275
vn 0.07666785 0.8634768 -0.4985277
vn -0.07666846 0.7050257 -0.7050252
vn 0.07666852 0.705026 -0.705025
vn -0.07666606 0.4985261 -0.8634779
vn 0.07666884 0.498526 -0.8634778
vn -0.07683342 0.2753647 -0.9582646
vn 0.07666884 0.498526 -0.8634778
vn -0.07666606 0.4985261 -0.8634779
vn 0.07683881 0.2753641 -0.9582643
vn -0.07528331 0.1493269 -0.9859179
vn 0.07528903 0.1493273 -0.9859173
vn 0.08643529 -0.9623113 0.2578485
vn -0.0857006 -0.9877974 0.1300446
vn 0.08570111 -0.9877974 0.1300446
vn -0.08643549 -0.9623113 0.2578488
vn 0.08643417 -0.862784 0.4981294
vn -0.08643525 -0.862784 0.4981292
vn 0.08643676 -0.704459 0.7044616
vn -0.08643743 -0.7044592 0.7044614
vn 0.0864405 -0.4981313 0.8627823
vn -0.08644053 -0.4981313 0.8627822
vn 0.08595672 -0.2796745 0.9562394
vn -0.08644053 -0.4981313 0.8627822
vn 0.0864405 -0.4981313 0.8627823
vn -0.08595673 -0.2796746 0.9562393
vn 0.08660039 -0.1545422 0.9841834
vn -0.08660042 -0.1545415 0.9841835
vn -0.08595272 -0.2796705 0.9562408
vn -0.08660045 -0.1545433 0.9841833
vn -0.998795 -0.007603691 0.04848406
vn -0.9986988 -0.01427068 0.04895828
vn -0.08643374 -0.4981305 0.8627834
vn -0.9968273 0.02203252 -0.07648441
vn -0.9965345 0.01246633 -0.08224144
vn -0.07528396 0.1493273 -0.9859177
vn -0.07683351 0.2753644 -0.9582646
vn -0.9968168 0.03986274 -0.06904466
vn -0.07666589 0.4985258 -0.8634781
vn -0.9987119 -0.02536983 0.04394157
vn -0.08643396 -0.7044614 0.7044595
vn -0.9968168 0.05637541 -0.05637474
vn -0.07666839 0.705026 -0.7050249
vn -0.9987119 -0.03587823 0.03587831
vn -0.08643422 -0.8627843 0.498129
vn -0.9968168 0.069045 -0.03986284
vn -0.07666738 0.863477 -0.4985275
vn -0.9987119 -0.04394152 0.02536982
vn -0.08643385 -0.9623113 0.2578491
vn -0.9968168 0.07700901 -0.02063525
vn -0.07666788 0.963083 -0.2580564
vn -0.9987119 -0.04901033 0.0131325
vn -0.08569959 -0.9877974 0.1300455
vn -0.9986897 -0.05073796 0.006679718
vn -0.9967619 0.07972085 -0.01049535
vn -0.07601748 0.9885764 -0.1301471
vn 0.07683404 0.2753645 -0.9582646
vn 0.07528422 0.1493274 -0.9859176
vn 0.9965353 0.01246375 -0.08223145
vn 0.9968281 0.02202973 -0.07647445
vn 0.07666631 0.4985258 -0.8634781
vn 0.9986993 -0.0142686 0.0489502
vn 0.9987954 -0.007603844 0.04847603
vn 0.08660182 -0.1545435 0.9841831
vn 0.08595444 -0.2796709 0.9562406
vn 0.9987123 -0.025365 0.04393479
vn 0.0864352 -0.4981307 0.8627832
vn 0.9968177 0.03985825 -0.06903508
vn 0.07666871 0.7050261 -0.7050248
vn 0.9987123 -0.03587324 0.03587307
vn 0.08643422 -0.7044614 0.7044595
vn 0.9968177 0.05636753 -0.05636687
vn 0.07666787 0.863477 -0.4985274
vn 0.9987123 -0.04393565 0.02536604
vn 0.08643436 -0.8627841 0.4981292
vn 0.9968177 0.06903503 -0.03985734
vn 0.07666849 0.963083 -0.2580563
vn 0.9987123 -0.0490031 0.0131306
vn 0.08643527 -0.9623111 0.2578493
vn 0.9968177 0.07699847 -0.0206324
vn 0.07601798 0.9885764 -0.130147
vn 0.9967629 0.07970997 -0.01049384
vn 0.9986901 -0.05073098 0.006678778
vn 0.08570091 -0.9877973 0.1300456
vn -0.07666788 0.963083 -0.2580564
vn 0.07601798 0.9885764 -0.130147
vn -0.07601748 0.9885764 -0.1301471
vn 0.07666849 0.963083 -0.2580563
vn -0.07666738 0.863477 -0.4985275
vn 0.07666787 0.863477 -0.4985274
vn -0.07666839 0.705026 -0.7050249
vn 0.07666871 0.7050261 -0.7050248
vn -0.07666589 0.4985258 -0.8634781
vn 0.07666631 0.4985258 -0.8634781
vn -0.07683351 0.2753644 -0.9582646
vn 0.07666631 0.4985258 -0.8634781
vn -0.07666589 0.4985258 -0.8634781
vn 0.07683404 0.2753645 -0.9582646
vn -0.07528396 0.1493273 -0.9859177
vn 0.07528422 0.1493274 -0.9859176
vn 0.08643527 -0.9623111 0.2578493
vn -0.08569959 -0.9877974 0.1300455
vn 0.08570091 -0.9877973 0.1300456
vn -0.08643385 -0.9623113 0.2578491
vn 0.08643436 -0.8627841 0.4981292
vn -0.08643422 -0.8627843 0.498129
vn 0.08643422 -0.7044614 0.7044595
vn -0.08643396 -0.7044614 0.7044595
vn 0.0864352 -0.4981307 0.8627832
vn -0.08643374 -0.4981305 0.8627834
vn 0.08595444 -0.2796709 0.9562406
vn -0.08643374 -0.4981305 0.8627834
vn 0.0864352 -0.4981307 0.8627832
vn -0.08595272 -0.2796705 0.9562408
vn 0.08660182 -0.1545435 0.9841831
vn -0.08660045 -0.1545433 0.9841833
usemtl FloorKitchen1Texturetest_DefaultMaterial_MetallicSmoothness_mat
f 3/3/142 2/2/141 1/1/140
f 6/6/145 5/5/144 4/4/143
f 5/5/144 7/7/146 4/4/143
f 4/4/143 7/7/146 8/8/147
f 9/9/148 7/7/146 5/5/144
f 10/10/149 9/9/148 5/5/144
f 7/7/146 11/11/150 8/8/147
f 8/8/147 11/11/150 12/12/151
f 11/11/150 13/13/152 12/12/151
f 12/12/151 13/13/152 14/14/153
f 15/15/154 12/12/151 14/14/153
f 16/16/155 14/14/153 13/13/152
f 17/17/156 9/9/148 10/10/149
f 18/18/157 17/17/156 10/10/149
f 17/17/156 18/18/157 19/19/158
f 20/20/159 17/17/156 19/19/158
f 20/20/159 19/19/158 21/21/160
f 22/22/161 20/20/159 21/21/160
f 9/9/148 17/17/156 23/23/162
f 17/17/156 20/20/159 23/23/162
f 24/24/163 9/9/148 23/23/162
f 20/20/159 25/25/164 23/23/162
f 20/20/159 22/22/161 25/25/164
f 7/7/146 9/9/148 24/24/163
f 26/26/165 7/7/146 24/24/163
f 22/22/161 27/27/166 25/25/164
f 26/26/165 28/28/167 7/7/146
f 28/28/167 11/11/150 7/7/146
f 13/13/152 11/11/150 28/28/167
f 29/29/168 13/13/152 28/28/167
f 29/29/168 30/30/169 13/13/152
f 31/31/170 27/27/166 22/22/161
f 30/30/169 32/32/171 13/13/152
f 32/32/171 16/16/155 13/13/152
f 30/30/169 33/33/172 32/32/171
f 34/34/173 16/16/155 32/32/171
f 33/33/172 35/35/174 32/32/171
f 35/35/174 34/34/173 32/32/171
f 35/35/174 33/33/172 36/36/175
f 34/34/173 35/35/174 36/36/175
f 33/33/172 37/37/176 36/36/175
f 36/36/175 37/37/176 38/38/177
f 39/39/178 34/34/173 36/36/175
f 39/39/178 36/36/175 38/38/177
f 37/37/176 40/40/179 38/38/177
f 38/38/177 40/40/179 31/31/170
f 41/41/180 39/39/178 38/38/177
f 42/42/181 38/38/177 31/31/170
f 42/42/181 31/31/170 22/22/161
f 38/38/177 43/43/182 41/41/180
f 38/38/177 42/42/181 43/43/182
f 43/43/182 44/44/183 41/41/180
f 42/42/181 45/45/184 43/43/182
f 42/42/181 22/22/161 45/45/184
f 22/22/161 46/46/185 45/45/184
f 22/22/161 21/21/160 46/46/185
f 21/21/160 47/47/186 46/46/185
f 50/50/189 49/49/188 48/48/187
f 49/49/188 51/51/190 48/48/187
f 52/52/191 48/48/187 51/51/190
f 53/53/192 51/51/190 49/49/188
f 54/54/193 53/53/192 49/49/188
f 55/55/194 52/52/191 51/51/190
f 55/55/194 51/51/190 53/53/192
f 56/56/195 52/52/191 55/55/194
f 57/57/196 53/53/192 54/54/193
f 58/58/197 57/57/196 54/54/193
f 58/58/197 59/59/198 57/57/196
f 60/60/199 55/55/194 53/53/192
f 61/61/200 56/56/195 55/55/194
f 61/61/200 55/55/194 60/60/199
f 57/57/196 62/62/201 53/53/192
f 62/62/201 60/60/199 53/53/192
f 59/59/198 63/63/202 57/57/196
f 57/57/196 63/63/202 62/62/201
f 56/56/195 61/61/200 64/64/203
f 65/65/204 56/56/195 64/64/203
f 66/66/205 64/64/203 61/61/200
f 67/67/206 61/61/200 60/60/199
f 67/67/206 66/66/205 61/61/200
f 67/67/206 60/60/199 62/62/201
f 68/68/207 66/66/205 67/67/206
f 69/69/208 67/67/206 62/62/201
f 69/69/208 68/68/207 67/67/206
f 62/62/201 70/70/209 69/69/208
f 63/63/202 70/70/209 62/62/201
f 69/69/208 71/71/210 68/68/207
f 70/70/209 71/71/210 69/69/208
f 71/71/210 72/72/211 68/68/207
f 72/72/211 71/71/210 73/73/212
f 71/71/210 74/74/213 73/73/212
f 71/71/210 70/70/209 74/74/213
f 75/75/214 73/73/212 74/74/213
f 76/76/215 75/75/214 74/74/213
f 76/76/215 74/74/213 77/77/216
f 70/70/209 78/78/217 74/74/213
f 74/74/213 78/78/217 77/77/216
f 70/70/209 63/63/202 78/78/217
f 77/77/216 78/78/217 79/79/218
f 63/63/202 80/80/219 78/78/217
f 78/78/217 80/80/219 79/79/218
f 63/63/202 59/59/198 80/80/219
f 59/59/198 81/81/220 80/80/219
f 79/79/218 80/80/219 81/81/220
f 82/82/221 79/79/218 81/81/220
f 85/85/224 84/84/223 83/83/222
f 84/84/223 86/86/225 83/83/222
f 87/87/226 83/83/222 86/86/225
f 88/88/227 86/86/225 84/84/223
f 89/89/228 88/88/227 84/84/223
f 90/90/229 87/87/226 86/86/225
f 91/91/230 87/87/226 90/90/229
f 88/88/227 92/92/231 86/86/225
f 92/92/231 90/90/229 86/86/225
f 93/93/232 88/88/227 89/89/228
f 94/94/233 93/93/232 89/89/228
f 93/93/232 94/94/233 95/95/234
f 93/93/232 96/96/235 88/88/227
f 96/96/235 92/92/231 88/88/227
f 97/97/236 93/93/232 95/95/234
f 96/96/235 93/93/232 97/97/236
f 97/97/236 95/95/234 98/98/237
f 99/99/238 91/91/230 90/90/229
f 92/92/231 100/100/239 90/90/229
f 100/100/239 99/99/238 90/90/229
f 96/96/235 101/101/240 92/92/231
f 101/101/240 100/100/239 92/92/231
f 102/102/241 96/96/235 97/97/236
f 101/101/240 96/96/235 102/102/241
f 103/103/242 97/97/236 98/98/237
f 102/102/241 97/97/236 103/103/242
f 99/99/238 104/104/243 91/91/230
f 104/104/243 105/105/244 91/91/230
f 105/105/244 104/104/243 106/106/245
f 100/100/239 107/107/246 99/99/238
f 107/107/246 104/104/243 99/99/238
f 101/101/240 108/108/247 100/100/239
f 108/108/247 107/107/246 100/100/239
f 103/103/242 98/98/237 109/109/248
f 98/98/237 110/110/249 109/109/248
f 109/109/248 111/111/250 103/103/242
f 111/111/250 112/112/251 103/103/242
f 112/112/251 102/102/241 103/103/242
f 111/111/250 113/113/252 112/112/251
f 114/114/253 101/101/240 102/102/241
f 114/114/253 102/102/241 112/112/251
f 108/108/247 101/101/240 114/114/253
f 113/113/252 115/115/254 112/112/251
f 115/115/254 114/114/253 112/112/251
f 116/116/255 108/108/247 114/114/253
f 116/116/255 114/114/253 115/115/254
f 117/117/256 115/115/254 113/113/252
f 117/117/256 116/116/255 115/115/254
f 118/118/257 117/117/256 113/113/252
f 117/117/256 118/118/257 119/119/258
f 120/120/259 108/108/247 116/116/255
f 108/108/247 120/120/259 107/107/246
f 121/121/260 117/117/256 119/119/258
f 119/119/258 122/122/261 121/121/260
f 122/122/261 123/123/262 121/121/260
f 123/123/262 124/124/263 121/121/260
f 125/125/264 116/116/255 117/117/256
f 121/121/260 125/125/264 117/117/256
f 124/124/263 125/125/264 121/121/260
f 125/125/264 120/120/259 116/116/255
f 124/124/263 126/126/265 125/125/264
f 126/126/265 120/120/259 125/125/264
f 120/120/259 127/127/266 107/107/246
f 120/120/259 126/126/265 127/127/266
f 107/107/246 127/127/266 104/104/243
f 126/126/265 128/128/267 127/127/266
f 127/127/266 129/129/268 104/104/243
f 127/127/266 128/128/267 129/129/268
f 104/104/243 129/129/268 106/106/245
f 128/128/267 130/130/269 129/129/268
f 131/131/270 106/106/245 129/129/268
f 130/130/269 131/131/270 129/129/268
f 134/134/273 133/133/272 132/132/271
f 133/133/272 135/135/274 132/132/271
f 136/136/275 132/132/271 135/135/274
f 137/137/276 135/135/274 133/133/272
f 138/138/277 137/137/276 133/133/272
f 139/139/278 136/136/275 135/135/274
f 139/139/278 135/135/274 137/137/276
f 140/140/279 136/136/275 139/139/278
f 141/141/280 137/137/276 138/138/277
f 142/142/281 141/141/280 138/138/277
f 143/143/282 139/139/278 137/137/276
f 143/143/282 137/137/276 141/141/280
f 144/144/283 140/140/279 139/139/278
f 144/144/283 139/139/278 143/143/282
f 145/145/284 141/141/280 142/142/281
f 146/146/285 145/145/284 142/142/281
f 141/141/280 145/145/284 147/147/286
f 147/147/286 143/143/282 141/141/280
f 145/145/284 148/148/287 147/147/286
f 149/149/288 143/143/282 147/147/286
f 149/149/288 144/144/283 143/143/282
f 147/147/286 148/148/287 150/150/289
f 150/150/289 149/149/288 147/147/286
f 148/148/287 151/151/290 150/150/289
f 151/151/290 152/152/291 150/150/289
f 152/152/291 153/153/292 150/150/289
f 149/149/288 150/150/289 153/153/292
f 152/152/291 154/154/293 153/153/292
f 140/140/279 144/144/283 155/155/294
f 156/156/295 140/140/279 155/155/294
f 144/144/283 149/149/288 157/157/296
f 157/157/296 149/149/288 153/153/292
f 155/155/294 144/144/283 157/157/296
f 154/154/293 158/158/297 153/153/292
f 157/157/296 153/153/292 158/158/297
f 156/156/295 155/155/294 159/159/298
f 160/160/299 156/156/295 159/159/298
f 155/155/294 157/157/296 161/161/300
f 159/159/298 155/155/294 161/161/300
f 161/161/300 157/157/296 158/158/297
f 159/159/298 162/162/301 160/160/299
f 159/159/298 161/161/300 162/162/301
f 162/162/301 163/163/302 160/160/299
f 161/161/300 164/164/303 162/162/301
f 161/161/300 158/158/297 164/164/303
f 158/158/297 165/165/304 164/164/303
f 158/158/297 154/154/293 165/165/304
f 154/154/293 166/166/305 165/165/304
f 169/169/308 168/168/307 167/167/306
f 168/168/307 170/170/309 167/167/306
f 171/171/310 167/167/306 170/170/309
f 172/172/311 170/170/309 168/168/307
f 173/173/312 172/172/311 168/168/307
f 174/174/313 171/171/310 170/170/309
f 174/174/313 170/170/309 172/172/311
f 175/175/314 171/171/310 174/174/313
f 176/176/315 172/172/311 173/173/312
f 177/177/316 176/176/315 173/173/312
f 176/176/315 177/177/316 178/178/317
f 179/179/318 174/174/313 172/172/311
f 179/179/318 172/172/311 176/176/315
f 180/180/319 175/175/314 174/174/313
f 180/180/319 174/174/313 179/179/318
f 175/175/314 180/180/319 181/181/320
f 182/182/321 175/175/314 181/181/320
f 182/182/321 181/181/320 183/183/322
f 184/184/323 182/182/321 183/183/322
f 183/183/322 185/185/324 184/184/323
f 185/185/324 186/186/325 184/184/323
f 183/183/322 187/187/326 185/185/324
f 183/183/322 181/181/320 187/187/326
f 187/187/326 188/188/327 185/185/324
f 181/181/320 180/180/319 189/189/328
f 181/181/320 189/189/328 187/187/326
f 187/187/326 190/190/329 188/188/327
f 187/187/326 189/189/328 190/190/329
f 190/190/329 191/191/330 188/188/327
f 191/191/330 190/190/329 192/192/331
f 193/193/332 180/180/319 179/179/318
f 180/180/319 193/193/332 189/189/328
f 189/189/328 194/194/333 190/190/329
f 189/189/328 193/193/332 194/194/333
f 190/190/329 195/195/334 192/192/331
f 190/190/329 194/194/333 195/195/334
f 193/193/332 179/179/318 196/196/335
f 196/196/335 179/179/318 176/176/315
f 192/192/331 195/195/334 197/197/336
f 198/198/337 192/192/331 197/197/336
f 194/194/333 199/199/338 195/195/334
f 195/195/334 199/199/338 197/197/336
f 193/193/332 200/200/339 194/194/333
f 200/200/339 193/193/332 196/196/335
f 194/194/333 200/200/339 199/199/338
f 196/196/335 176/176/315 201/201/340
f 201/201/340 176/176/315 178/178/317
f 197/197/336 202/202/341 198/198/337
f 202/202/341 203/203/342 198/198/337
f 197/197/336 204/204/343 202/202/341
f 199/199/338 204/204/343 197/197/336
f 204/204/343 205/205/344 202/202/341
f 200/200/339 196/196/335 206/206/345
f 206/206/345 196/196/335 201/201/340
f 201/201/340 178/178/317 207/207/346
f 206/206/345 201/201/340 207/207/346
f 178/178/317 208/208/347 207/207/346
f 200/200/339 209/209/348 199/199/338
f 199/199/338 209/209/348 204/204/343
f 209/209/348 200/200/339 206/206/345
f 204/204/343 210/210/349 205/205/344
f 209/209/348 210/210/349 204/204/343
f 210/210/349 211/211/350 205/205/344
f 211/211/350 210/210/349 212/212/351
f 209/209/348 206/206/345 213/213/352
f 210/210/349 209/209/348 213/213/352
f 210/210/349 213/213/352 212/212/351
f 213/213/352 206/206/345 207/207/346
f 212/212/351 213/213/352 214/214/353
f 213/213/352 207/207/346 214/214/353
f 214/214/353 207/207/346 208/208/347
f 215/215/354 214/214/353 208/208/347
f 218/218/357 217/217/356 216/216/355
f 219/219/358 218/218/357 216/216/355
f 219/219/358 216/216/355 220/220/359
f 219/219/358 221/221/360 218/218/357
f 221/221/360 222/222/361 218/218/357
f 223/223/362 221/221/360 219/219/358
f 224/224/363 219/219/358 220/220/359
f 224/224/363 223/223/362 219/219/358
f 225/225/364 224/224/363 220/220/359
f 223/223/362 224/224/363 225/225/364
f 226/226/365 225/225/364 220/220/359
f 227/227/366 223/223/362 225/225/364
f 228/228/367 225/225/364 226/226/365
f 227/227/366 225/225/364 228/228/367
f 229/229/368 228/228/367 226/226/365
f 230/230/369 227/227/366 228/228/367
f 233/233/372 232/232/371 231/231/370
f 234/234/373 233/233/372 231/231/370
f 234/234/373 231/231/370 235/235/374
f 236/236/375 234/234/373 235/235/374
f 236/236/375 237/237/376 234/234/373
f 237/237/376 238/238/377 234/234/373
f 233/233/372 234/234/373 238/238/377
f 239/239/378 233/233/372 238/238/377
f 242/242/381 241/241/380 240/240/379
f 243/243/382 242/242/381 240/240/379
f 244/244/383 242/242/381 243/243/382
f 245/245/384 244/244/383 243/243/382
f 242/242/381 244/244/383 246/246/385
f 246/246/385 247/247/386 242/242/381
f 247/247/386 248/248/387 242/242/381
f 244/244/383 245/245/384 249/249/388
f 244/244/383 249/249/388 250/250/389
f 249/249/388 251/251/390 250/250/389
f 251/251/390 249/249/388 245/245/384
f 245/245/384 252/252/391 251/251/390
f 244/244/383 253/253/392 246/246/385
f 253/253/392 244/244/383 250/250/389
f 252/252/391 254/254/393 251/251/390
f 252/252/391 255/255/394 254/254/393
f 253/253/392 256/256/395 246/246/385
f 246/246/385 257/257/396 247/247/386
f 256/256/395 257/257/396 246/246/385
f 258/258/397 253/253/392 250/250/389
f 256/256/395 253/253/392 258/258/397
f 259/259/398 256/256/395 258/258/397
f 257/257/396 256/256/395 260/260/399
f 256/256/395 259/259/398 260/260/399
f 257/257/396 261/261/400 247/247/386
f 257/257/396 260/260/399 261/261/400
f 250/250/389 262/262/401 258/258/397
f 259/259/398 258/258/397 262/262/401
f 263/263/402 247/247/386 261/261/400
f 248/248/387 247/247/386 263/263/402
f 261/261/400 260/260/399 264/264/403
f 264/264/403 260/260/399 259/259/398
f 265/265/404 263/263/402 261/261/400
f 265/265/404 261/261/400 264/264/403
f 263/263/402 265/265/404 266/266/405
f 267/267/406 248/248/387 263/263/402
f 267/267/406 263/263/402 266/266/405
f 266/266/405 265/265/404 268/268/407
f 265/265/404 264/264/403 268/268/407
f 269/269/408 267/267/406 266/266/405
f 266/266/405 268/268/407 269/269/408
f 250/250/389 270/270/409 262/262/401
f 270/270/409 271/271/410 262/262/401
f 270/270/409 250/250/389 272/272/411
f 262/262/401 271/271/410 273/273/412
f 271/271/410 274/274/413 273/273/412
f 262/262/401 273/273/412 259/259/398
f 250/250/389 275/275/414 272/272/411
f 251/251/390 275/275/414 250/250/389
f 275/275/414 276/276/415 272/272/411
f 275/275/414 251/251/390 276/276/415
f 276/276/415 277/277/416 272/272/411
f 277/277/416 276/276/415 278/278/417
f 279/279/418 278/278/417 276/276/415
f 280/280/419 277/277/416 278/278/417
f 281/281/420 273/273/412 274/274/413
f 282/282/421 281/281/420 274/274/413
f 283/283/422 259/259/398 273/273/412
f 273/273/412 281/281/420 283/283/422
f 284/284/423 281/281/420 282/282/421
f 283/283/422 281/281/420 284/284/423
f 285/285/424 284/284/423 282/282/421
f 286/286/425 284/284/423 285/285/424
f 287/287/426 286/286/425 285/285/424
f 286/286/425 287/287/426 288/288/427
f 283/283/422 289/289/428 259/259/398
f 289/289/428 264/264/403 259/259/398
f 290/290/429 289/289/428 283/283/422
f 289/289/428 290/290/429 264/264/403
f 284/284/423 290/290/429 283/283/422
f 290/290/429 268/268/407 264/264/403
f 284/284/423 291/291/430 290/290/429
f 290/290/429 291/291/430 268/268/407
f 291/291/430 284/284/423 286/286/425
f 292/292/431 286/286/425 288/288/427
f 292/292/431 288/288/427 293/293/432
f 294/294/433 292/292/431 293/293/432
f 294/294/433 293/293/432 295/295/434
f 291/291/430 296/296/435 268/268/407
f 268/268/407 296/296/435 269/269/408
f 297/297/436 294/294/433 295/295/434
f 295/295/434 280/280/419 297/297/436
f 280/280/419 278/278/417 297/297/436
f 294/294/433 297/297/436 298/298/437
f 298/298/437 297/297/436 278/278/417
f 299/299/438 291/291/430 286/286/425
f 292/292/431 300/300/439 286/286/425
f 300/300/439 299/299/438 286/286/425
f 299/299/438 301/301/440 291/291/430
f 301/301/440 296/296/435 291/291/430
f 301/301/440 299/299/438 300/300/439
f 269/269/408 296/296/435 302/302/441
f 296/296/435 301/301/440 302/302/441
f 292/292/431 294/294/433 303/303/442
f 303/303/442 300/300/439 292/292/431
f 304/304/443 301/301/440 300/300/439
f 301/301/440 304/304/443 302/302/441
f 302/302/441 305/305/444 269/269/408
f 305/305/444 267/267/406 269/269/408
f 304/304/443 300/300/439 306/306/445
f 300/300/439 303/303/442 306/306/445
f 304/304/443 307/307/446 302/302/441
f 305/305/444 302/302/441 307/307/446
f 304/304/443 306/306/445 307/307/446
f 305/305/444 308/308/447 267/267/406
f 308/308/447 248/248/387 267/267/406
f 248/248/387 308/308/447 309/309/448
f 308/308/447 310/310/449 309/309/448
f 308/308/447 305/305/444 311/311/450
f 311/311/450 305/305/444 307/307/446
f 310/310/449 308/308/447 311/311/450
f 312/312/451 248/248/387 309/309/448
f 248/248/387 312/312/451 313/313/452
f 255/255/394 312/312/451 309/309/448
f 311/311/450 307/307/446 314/314/453
f 306/306/445 314/314/453 307/307/446
f 315/315/454 311/311/450 314/314/453
f 310/310/449 311/311/450 315/315/454
f 316/316/455 314/314/453 306/306/445
f 316/316/455 315/315/454 314/314/453
f 317/317/456 316/316/455 306/306/445
f 306/306/445 303/303/442 317/317/456
f 315/315/454 316/316/455 318/318/457
f 318/318/457 316/316/455 317/317/456
f 319/319/458 255/255/394 309/309/448
f 255/255/394 319/319/458 254/254/393
f 320/320/459 319/319/458 309/309/448
f 319/319/458 320/320/459 254/254/393
f 321/321/460 320/320/459 309/309/448
f 310/310/449 321/321/460 309/309/448
f 320/320/459 322/322/461 254/254/393
f 251/251/390 254/254/393 322/322/461
f 321/321/460 310/310/449 323/323/462
f 322/322/461 324/324/463 251/251/390
f 325/325/464 310/310/449 315/315/454
f 325/325/464 315/315/454 318/318/457
f 310/310/449 326/326/465 323/323/462
f 310/310/449 325/325/464 326/326/465
f 326/326/465 327/327/466 323/323/462
f 324/324/463 328/328/467 251/251/390
f 251/251/390 328/328/467 276/276/415
f 276/276/415 328/328/467 279/279/418
f 324/324/463 279/279/418 328/328/467
f 279/279/418 324/324/463 327/327/466
f 326/326/465 279/279/418 327/327/466
f 325/325/464 329/329/468 326/326/465
f 279/279/418 326/326/465 329/329/468
f 318/318/457 330/330/469 325/325/464
f 330/330/469 329/329/468 325/325/464
f 331/331/470 279/279/418 329/329/468
f 279/279/418 331/331/470 278/278/417
f 332/332/471 330/330/469 318/318/457
f 332/332/471 318/318/457 317/317/456
f 330/330/469 333/333/472 329/329/468
f 333/333/472 331/331/470 329/329/468
f 333/333/472 330/330/469 332/332/471
f 331/331/470 334/334/473 278/278/417
f 331/331/470 333/333/472 334/334/473
f 278/278/417 334/334/473 333/333/472
f 333/333/472 298/298/437 278/278/417
f 298/298/437 333/333/472 332/332/471
f 332/332/471 317/317/456 298/298/437
f 317/317/456 335/335/474 298/298/437
f 294/294/433 298/298/437 335/335/474
f 303/303/442 335/335/474 317/317/456
f 335/335/474 336/336/475 294/294/433
f 294/294/433 336/336/475 303/303/442
f 335/335/474 303/303/442 336/336/475
f 339/339/478 338/338/477 337/337/476
f 340/340/479 339/339/478 337/337/476
f 337/337/476 341/341/480 340/340/479
f 342/342/481 339/339/478 340/340/479
f 340/340/479 341/341/480 343/343/482
f 342/342/481 340/340/479 343/343/482
f 346/346/485 345/345/484 344/344/483
f 347/347/486 346/346/485 344/344/483
f 344/344/483 348/348/487 347/347/486
f 347/347/486 349/349/488 346/346/485
f 349/349/488 350/350/489 346/346/485
f 348/348/487 351/351/490 347/347/486
f 347/347/486 351/351/490 349/349/488
f 348/348/487 352/352/491 351/351/490
f 349/349/488 353/353/492 350/350/489
f 353/353/492 354/354/493 350/350/489
f 355/355/494 354/354/493 353/353/492
f 351/351/490 356/356/495 349/349/488
f 352/352/491 357/357/496 351/351/490
f 351/351/490 357/357/496 356/356/495
f 358/358/497 353/353/492 349/349/488
f 356/356/495 358/358/497 349/349/488
f 359/359/498 355/355/494 353/353/492
f 359/359/498 353/353/492 358/358/497
f 357/357/496 352/352/491 360/360/499
f 352/352/491 361/361/500 360/360/499
f 360/360/499 362/362/501 357/357/496
f 357/357/496 363/363/502 356/356/495
f 362/362/501 363/363/502 357/357/496
f 356/356/495 363/363/502 358/358/497
f 362/362/501 364/364/503 363/363/502
f 363/363/502 365/365/504 358/358/497
f 364/364/503 365/365/504 363/363/502
f 366/366/505 358/358/497 365/365/504
f 366/366/505 359/359/498 358/358/497
f 367/367/506 365/365/504 364/364/503
f 367/367/506 366/366/505 365/365/504
f 368/368/507 367/367/506 364/364/503
f 367/367/506 368/368/507 369/369/508
f 370/370/509 367/367/506 369/369/508
f 366/366/505 367/367/506 370/370/509
f 369/369/508 371/371/510 370/370/509
f 371/371/510 372/372/511 370/370/509
f 370/370/509 372/372/511 373/373/512
f 374/374/513 366/366/505 370/370/509
f 374/374/513 370/370/509 373/373/512
f 359/359/498 366/366/505 374/374/513
f 374/374/513 373/373/512 375/375/514
f 376/376/515 359/359/498 374/374/513
f 376/376/515 374/374/513 375/375/514
f 355/355/494 359/359/498 376/376/515
f 377/377/516 355/355/494 376/376/515
f 376/376/515 375/375/514 377/377/516
f 375/375/514 378/378/517 377/377/516
f 381/381/520 380/380/519 379/379/518
f 380/380/519 382/382/521 379/379/518
f 379/379/518 382/382/521 383/383/522
f 382/382/521 384/384/523 383/383/522
f 385/385/524 384/384/523 382/382/521
f 386/386/525 385/385/524 382/382/521
f 382/382/521 380/380/519 386/386/525
f 380/380/519 387/387/526 386/386/525
f 390/390/529 389/389/528 388/388/527
f 389/389/528 391/391/530 388/388/527
f 392/392/531 388/388/527 391/391/530
f 389/389/528 393/393/532 391/391/530
f 392/392/531 391/391/530 394/394/533
f 391/391/530 393/393/532 394/394/533
f 397/397/536 396/396/535 395/395/534
f 396/396/535 398/398/537 395/395/534
f 399/399/538 397/397/536 395/395/534
f 397/397/536 399/399/538 400/400/539
f 399/399/538 401/401/540 400/400/539
f 401/401/540 399/399/538 402/402/541
f 399/399/538 403/403/542 402/402/541
f 399/399/538 395/395/534 403/403/542
f 395/395/534 404/404/543 403/403/542
f 404/404/543 395/395/534 405/405/544
f 398/398/537 406/406/545 395/395/534
f 395/395/534 406/406/545 405/405/544
f 406/406/545 398/398/537 407/407/546
f 405/405/544 406/406/545 408/408/547
f 409/409/548 406/406/545 407/407/546
f 406/406/545 409/409/548 408/408/547
f 704/704/843 703/703/842 702/702/841
f 705/705/844 704/704/843 702/702/841
f 705/705/844 702/702/841 706/706/845
f 705/705/844 707/707/846 704/704/843
f 707/707/846 708/708/847 704/704/843
f 709/709/848 708/708/847 707/707/846
f 710/710/849 709/709/848 707/707/846
f 710/710/849 707/707/846 711/711/850
f 711/711/850 707/707/846 705/705/844
f 712/712/851 710/710/849 711/711/850
f 713/713/852 705/705/844 706/706/845
f 713/713/852 711/711/850 705/705/844
f 713/713/852 706/706/845 714/714/853
f 712/712/851 711/711/850 715/715/854
f 715/715/854 711/711/850 713/713/852
f 716/716/855 712/712/851 715/715/854
f 717/717/856 713/713/852 714/714/853
f 717/717/856 715/715/854 713/713/852
f 717/717/856 714/714/853 718/718/857
f 716/716/855 715/715/854 719/719/858
f 719/719/858 715/715/854 717/717/856
f 720/720/859 716/716/855 719/719/858
f 721/721/860 717/717/856 718/718/857
f 721/721/860 719/719/858 717/717/856
f 721/721/860 718/718/857 722/722/861
f 720/720/859 719/719/858 723/723/862
f 723/723/862 719/719/858 721/721/860
f 724/724/863 720/720/859 723/723/862
f 725/725/864 721/721/860 722/722/861
f 725/725/864 723/723/862 721/721/860
f 725/725/864 722/722/861 726/726/865
f 727/727/866 725/725/864 726/726/865
f 727/727/866 728/728/867 725/725/864
f 728/728/867 723/723/862 725/725/864
f 724/724/863 723/723/862 728/728/867
f 729/729/868 724/724/863 728/728/867
f 732/732/871 731/731/870 730/730/869
f 733/733/872 732/732/871 730/730/869
f 733/733/872 730/730/869 734/734/873
f 733/733/872 735/735/874 732/732/871
f 735/735/874 736/736/875 732/732/871
f 737/737/876 736/736/875 735/735/874
f 738/738/877 737/737/876 735/735/874
f 738/738/877 735/735/874 739/739/878
f 739/739/878 735/735/874 733/733/872
f 740/740/879 738/738/877 739/739/878
f 741/741/880 733/733/872 734/734/873
f 741/741/880 739/739/878 733/733/872
f 741/741/880 734/734/873 742/742/881
f 740/740/879 739/739/878 743/743/882
f 743/743/882 739/739/878 741/741/880
f 744/744/883 740/740/879 743/743/882
f 745/745/884 741/741/880 742/742/881
f 745/745/884 743/743/882 741/741/880
f 745/745/884 742/742/881 746/746/885
f 744/744/883 743/743/882 747/747/886
f 747/747/886 743/743/882 745/745/884
f 748/748/887 744/744/883 747/747/886
f 749/749/888 745/745/884 746/746/885
f 749/749/888 747/747/886 745/745/884
f 749/749/888 746/746/885 750/750/889
f 748/748/887 747/747/886 751/751/890
f 751/751/890 747/747/886 749/749/888
f 752/752/891 748/748/887 751/751/890
f 753/753/892 749/749/888 750/750/889
f 753/753/892 751/751/890 749/749/888
f 753/753/892 750/750/889 754/754/893
f 755/755/894 753/753/892 754/754/893
f 755/755/894 756/756/895 753/753/892
f 756/756/895 751/751/890 753/753/892
f 752/752/891 751/751/890 756/756/895
f 757/757/896 752/752/891 756/756/895
f 760/760/899 759/759/898 758/758/897
f 759/759/898 761/761/900 758/758/897
f 758/758/897 761/761/900 762/762/901
f 761/761/900 763/763/902 762/762/901
f 762/762/901 763/763/902 764/764/903
f 763/763/902 765/765/904 764/764/903
f 764/764/903 765/765/904 766/766/905
f 765/765/904 767/767/906 766/766/905
f 770/770/909 769/769/908 768/768/907
f 769/769/908 771/771/910 768/768/907
f 768/768/907 771/771/910 772/772/911
f 771/771/910 773/773/912 772/772/911
f 776/776/915 775/775/914 774/774/913
f 775/775/914 777/777/916 774/774/913
f 774/774/913 777/777/916 778/778/917
f 777/777/916 779/779/918 778/778/917
f 778/778/917 779/779/918 780/780/919
f 779/779/918 781/781/920 780/780/919
f 780/780/919 781/781/920 782/782/921
f 781/781/920 783/783/922 782/782/921
f 786/786/925 785/785/924 784/784/923
f 785/785/924 787/787/926 784/784/923
f 784/784/923 787/787/926 788/788/927
f 787/787/926 789/789/928 788/788/927
f 792/792/931 791/791/930 790/790/929
f 793/793/932 792/792/931 790/790/929
f 793/793/932 790/790/929 794/794/933
f 793/793/932 795/795/934 792/792/931
f 795/795/934 796/796/935 792/792/931
f 797/797/936 796/796/935 795/795/934
f 798/798/937 797/797/936 795/795/934
f 798/798/937 795/795/934 799/799/938
f 799/799/938 795/795/934 793/793/932
f 800/800/939 798/798/937 799/799/938
f 801/801/940 793/793/932 794/794/933
f 801/801/940 799/799/938 793/793/932
f 801/801/940 794/794/933 802/802/941
f 800/800/939 799/799/938 803/803/942
f 803/803/942 799/799/938 801/801/940
f 804/804/943 800/800/939 803/803/942
f 805/805/944 801/801/940 802/802/941
f 805/805/944 803/803/942 801/801/940
f 805/805/944 802/802/941 806/806/945
f 804/804/943 803/803/942 807/807/946
f 807/807/946 803/803/942 805/805/944
f 808/808/947 804/804/943 807/807/946
f 809/809/948 805/805/944 806/806/945
f 809/809/948 807/807/946 805/805/944
f 809/809/948 806/806/945 810/810/949
f 808/808/947 807/807/946 811/811/950
f 811/811/950 807/807/946 809/809/948
f 812/812/951 808/808/947 811/811/950
f 813/813/952 809/809/948 810/810/949
f 813/813/952 811/811/950 809/809/948
f 813/813/952 810/810/949 814/814/953
f 815/815/954 813/813/952 814/814/953
f 815/815/954 816/816/955 813/813/952
f 816/816/955 811/811/950 813/813/952
f 812/812/951 811/811/950 816/816/955
f 817/817/956 812/812/951 816/816/955
f 820/820/959 819/819/958 818/818/957
f 821/821/960 820/820/959 818/818/957
f 821/821/960 818/818/957 822/822/961
f 821/821/960 823/823/962 820/820/959
f 823/823/962 824/824/963 820/820/959
f 825/825/964 824/824/963 823/823/962
f 826/826/965 825/825/964 823/823/962
f 826/826/965 823/823/962 827/827/966
f 827/827/966 823/823/962 821/821/960
f 828/828/967 826/826/965 827/827/966
f 829/829/968 821/821/960 822/822/961
f 829/829/968 827/827/966 821/821/960
f 829/829/968 822/822/961 830/830/969
f 828/828/967 827/827/966 831/831/970
f 831/831/970 827/827/966 829/829/968
f 832/832/971 828/828/967 831/831/970
f 833/833/972 829/829/968 830/830/969
f 833/833/972 831/831/970 829/829/968
f 833/833/972 830/830/969 834/834/973
f 832/832/971 831/831/970 835/835/974
f 835/835/974 831/831/970 833/833/972
f 836/836/975 832/832/971 835/835/974
f 837/837/976 833/833/972 834/834/973
f 837/837/976 835/835/974 833/833/972
f 837/837/976 834/834/973 838/838/977
f 836/836/975 835/835/974 839/839/978
f 839/839/978 835/835/974 837/837/976
f 840/840/979 836/836/975 839/839/978
f 841/841/980 837/837/976 838/838/977
f 841/841/980 839/839/978 837/837/976
f 841/841/980 838/838/977 842/842/981
f 843/843/982 841/841/980 842/842/981
f 843/843/982 844/844/983 841/841/980
f 844/844/983 839/839/978 841/841/980
f 840/840/979 839/839/978 844/844/983
f 845/845/984 840/840/979 844/844/983
f 848/848/987 847/847/986 846/846/985
f 847/847/986 849/849/988 846/846/985
f 846/846/985 849/849/988 850/850/989
f 849/849/988 851/851/990 850/850/989
f 850/850/989 851/851/990 852/852/991
f 851/851/990 853/853/992 852/852/991
f 852/852/991 853/853/992 854/854/993
f 853/853/992 855/855/994 854/854/993
f 858/858/997 857/857/996 856/856/995
f 857/857/996 859/859/998 856/856/995
f 856/856/995 859/859/998 860/860/999
f 859/859/998 861/861/1000 860/860/999
f 864/864/1003 863/863/1002 862/862/1001
f 863/863/1002 865/865/1004 862/862/1001
f 862/862/1001 865/865/1004 866/866/1005
f 865/865/1004 867/867/1006 866/866/1005
f 866/866/1005 867/867/1006 868/868/1007
f 867/867/1006 869/869/1008 868/868/1007
f 868/868/1007 869/869/1008 870/870/1009
f 869/869/1008 871/871/1010 870/870/1009
f 874/874/1013 873/873/1012 872/872/1011
f 873/873/1012 875/875/1014 872/872/1011
f 872/872/1011 875/875/1014 876/876/1015
f 875/875/1014 877/877/1016 876/876/1015
usemtl HammeredMetal_AlbedoTransparency
f 412/412/551 411/411/550 410/410/549
f 411/411/550 413/413/552 410/410/549
f 411/411/550 414/414/553 413/413/552
f 414/414/553 415/415/554 413/413/552
f 414/414/553 416/416/555 415/415/554
f 416/416/555 417/417/556 415/415/554
f 420/420/559 419/419/558 418/418/557
f 419/419/558 421/421/560 418/418/557
f 419/419/558 422/422/561 421/421/560
f 422/422/561 423/423/562 421/421/560
f 422/422/561 424/424/563 423/423/562
f 424/424/563 425/425/564 423/423/562
f 428/428/567 427/427/566 426/426/565
f 427/427/566 429/429/568 426/426/565
f 427/427/566 430/430/569 429/429/568
f 430/430/569 431/431/570 429/429/568
f 430/430/569 432/432/571 431/431/570
f 432/432/571 433/433/572 431/431/570
f 436/436/575 435/435/574 434/434/573
f 435/435/574 437/437/576 434/434/573
f 435/435/574 438/438/577 437/437/576
f 438/438/577 439/439/578 437/437/576
f 438/438/577 440/440/579 439/439/578
f 440/440/579 441/441/580 439/439/578
f 444/444/583 443/443/582 442/442/581
f 443/443/582 445/445/584 442/442/581
f 443/443/582 446/446/585 445/445/584
f 446/446/585 447/447/586 445/445/584
f 446/446/585 448/448/587 447/447/586
f 448/448/587 449/449/588 447/447/586
f 452/452/591 451/451/590 450/450/589
f 451/451/590 453/453/592 450/450/589
f 451/451/590 454/454/593 453/453/592
f 454/454/593 455/455/594 453/453/592
f 454/454/593 456/456/595 455/455/594
f 456/456/595 457/457/596 455/455/594
f 460/460/599 459/459/598 458/458/597
f 459/459/598 461/461/600 458/458/597
f 459/459/598 462/462/601 461/461/600
f 462/462/601 463/463/602 461/461/600
f 462/462/601 464/464/603 463/463/602
f 464/464/603 465/465/604 463/463/602
f 468/468/607 467/467/606 466/466/605
f 467/467/606 469/469/608 466/466/605
f 467/467/606 470/470/609 469/469/608
f 470/470/609 471/471/610 469/469/608
f 470/470/609 472/472/611 471/471/610
f 472/472/611 473/473/612 471/471/610
f 476/476/615 475/475/614 474/474/613
f 475/475/614 477/477/616 474/474/613
f 475/475/614 478/478/617 477/477/616
f 478/478/617 479/479/618 477/477/616
f 478/478/617 480/480/619 479/479/618
f 480/480/619 481/481/620 479/479/618
f 484/484/623 483/483/622 482/482/621
f 483/483/622 485/485/624 482/482/621
f 483/483/622 486/486/625 485/485/624
f 486/486/625 487/487/626 485/485/624
f 486/486/625 488/488/627 487/487/626
f 488/488/627 489/489/628 487/487/626
f 492/492/631 491/491/630 490/490/629
f 491/491/630 493/493/632 490/490/629
f 491/491/630 494/494/633 493/493/632
f 494/494/633 495/495/634 493/493/632
f 494/494/633 496/496/635 495/495/634
f 496/496/635 497/497/636 495/495/634
f 500/500/639 499/499/638 498/498/637
f 499/499/638 501/501/640 498/498/637
f 499/499/638 502/502/641 501/501/640
f 502/502/641 503/503/642 501/501/640
f 502/502/641 504/504/643 503/503/642
f 504/504/643 505/505/644 503/503/642
f 508/508/647 507/507/646 506/506/645
f 507/507/646 509/509/648 506/506/645
f 507/507/646 510/510/649 509/509/648
f 510/510/649 511/511/650 509/509/648
f 510/510/649 512/512/651 511/511/650
f 512/512/651 513/513/652 511/511/650
f 516/516/655 515/515/654 514/514/653
f 515/515/654 517/517/656 514/514/653
f 515/515/654 518/518/657 517/517/656
f 518/518/657 519/519/658 517/517/656
f 518/518/657 520/520/659 519/519/658
f 520/520/659 521/521/660 519/519/658
f 524/524/663 523/523/662 522/522/661
f 523/523/662 525/525/664 522/522/661
f 523/523/662 526/526/665 525/525/664
f 526/526/665 527/527/666 525/525/664
f 526/526/665 528/528/667 527/527/666
f 528/528/667 529/529/668 527/527/666
f 532/532/671 531/531/670 530/530/669
f 531/531/670 533/533/672 530/530/669
f 531/531/670 534/534/673 533/533/672
f 534/534/673 535/535/674 533/533/672
f 534/534/673 536/536/675 535/535/674
f 536/536/675 537/537/676 535/535/674
f 540/540/679 539/539/678 538/538/677
f 539/539/678 541/541/680 538/538/677
f 539/539/678 542/542/681 541/541/680
f 542/542/681 543/543/682 541/541/680
f 542/542/681 544/544/683 543/543/682
f 544/544/683 545/545/684 543/543/682
f 548/548/687 547/547/686 546/546/685
f 547/547/686 549/549/688 546/546/685
f 547/547/686 550/550/689 549/549/688
f 550/550/689 551/551/690 549/549/688
f 550/550/689 552/552/691 551/551/690
f 552/552/691 553/553/692 551/551/690
f 556/556/695 555/555/694 554/554/693
f 555/555/694 557/557/696 554/554/693
f 555/555/694 558/558/697 557/557/696
f 558/558/697 559/559/698 557/557/696
f 558/558/697 560/560/699 559/559/698
f 560/560/699 561/561/700 559/559/698
f 564/564/703 563/563/702 562/562/701
f 563/563/702 565/565/704 562/562/701
f 563/563/702 566/566/705 565/565/704
f 566/566/705 567/567/706 565/565/704
f 566/566/705 568/568/707 567/567/706
f 568/568/707 569/569/708 567/567/706
f 572/572/711 571/571/710 570/570/709
f 571/571/710 573/573/712 570/570/709
f 571/571/710 574/574/713 573/573/712
f 574/574/713 575/575/714 573/573/712
f 574/574/713 576/576/715 575/575/714
f 576/576/715 577/577/716 575/575/714
f 580/580/719 579/579/718 578/578/717
f 579/579/718 581/581/720 578/578/717
f 579/579/718 582/582/721 581/581/720
f 582/582/721 583/583/722 581/581/720
f 582/582/721 584/584/723 583/583/722
f 584/584/723 585/585/724 583/583/722
f 588/588/727 587/587/726 586/586/725
f 587/587/726 589/589/728 586/586/725
f 587/587/726 590/590/729 589/589/728
f 590/590/729 591/591/730 589/589/728
f 590/590/729 592/592/731 591/591/730
f 592/592/731 593/593/732 591/591/730
f 596/596/735 595/595/734 594/594/733
f 595/595/734 597/597/736 594/594/733
f 595/595/734 598/598/737 597/597/736
f 598/598/737 599/599/738 597/597/736
f 598/598/737 600/600/739 599/599/738
f 600/600/739 601/601/740 599/599/738
f 604/604/743 603/603/742 602/602/741
f 605/605/744 604/604/743 602/602/741
f 602/602/741 606/606/745 605/605/744
f 604/604/743 605/605/744 607/607/746
f 606/606/745 608/608/747 605/605/744
f 608/608/747 606/606/745 609/609/748
f 605/605/744 610/610/749 607/607/746
f 605/605/744 608/608/747 610/610/749
f 611/611/750 607/607/746 610/610/749
f 612/612/751 611/611/750 610/610/749
f 608/608/747 613/613/752 610/610/749
f 610/610/749 613/613/752 612/612/751
f 613/613/752 614/614/753 612/612/751
f 614/614/753 613/613/752 615/615/754
f 616/616/755 614/614/753 615/615/754
f 619/619/758 618/618/757 617/617/756
f 618/618/757 619/619/758 620/620/759
f 619/619/758 621/621/760 620/620/759
f 624/624/763 623/623/762 622/622/761
f 625/625/764 624/624/763 622/622/761
f 622/622/761 626/626/765 625/625/764
f 624/624/763 625/625/764 627/627/766
f 626/626/765 628/628/767 625/625/764
f 628/628/767 626/626/765 629/629/768
f 630/630/769 628/628/767 629/629/768
f 625/625/764 631/631/770 627/627/766
f 625/625/764 628/628/767 631/631/770
f 632/632/771 627/627/766 631/631/770
f 633/633/772 632/632/771 631/631/770
f 628/628/767 630/630/769 634/634/773
f 628/628/767 634/634/773 631/631/770
f 631/631/770 634/634/773 633/633/772
f 630/630/769 635/635/774 634/634/773
f 634/634/773 636/636/775 633/633/772
f 636/636/775 634/634/773 635/635/774
f 637/637/776 636/636/775 635/635/774
f 640/640/779 639/639/778 638/638/777
f 641/641/780 640/640/779 638/638/777
f 638/638/777 642/642/781 641/641/780
f 640/640/779 641/641/780 643/643/782
f 642/642/781 644/644/783 641/641/780
f 644/644/783 642/642/781 645/645/784
f 646/646/785 644/644/783 645/645/784
f 641/641/780 647/647/786 643/643/782
f 641/641/780 644/644/783 647/647/786
f 648/648/787 643/643/782 647/647/786
f 649/649/788 648/648/787 647/647/786
f 644/644/783 646/646/785 650/650/789
f 644/644/783 650/650/789 647/647/786
f 647/647/786 650/650/789 649/649/788
f 646/646/785 651/651/790 650/650/789
f 650/650/789 652/652/791 649/649/788
f 652/652/791 650/650/789 651/651/790
f 653/653/792 652/652/791 651/651/790
f 656/656/795 655/655/794 654/654/793
f 657/657/796 656/656/795 654/654/793
f 654/654/793 658/658/797 657/657/796
f 656/656/795 657/657/796 659/659/798
f 658/658/797 660/660/799 657/657/796
f 660/660/799 658/658/797 661/661/800
f 662/662/801 660/660/799 661/661/800
f 657/657/796 663/663/802 659/659/798
f 657/657/796 660/660/799 663/663/802
f 664/664/803 659/659/798 663/663/802
f 665/665/804 664/664/803 663/663/802
f 660/660/799 662/662/801 666/666/805
f 660/660/799 666/666/805 663/663/802
f 663/663/802 666/666/805 665/665/804
f 662/662/801 667/667/806 666/666/805
f 666/666/805 668/668/807 665/665/804
f 668/668/807 666/666/805 667/667/806
f 669/669/808 668/668/807 667/667/806
f 672/672/811 671/671/810 670/670/809
f 673/673/812 672/672/811 670/670/809
f 670/670/809 674/674/813 673/673/812
f 672/672/811 673/673/812 675/675/814
f 674/674/813 676/676/815 673/673/812
f 676/676/815 674/674/813 677/677/816
f 678/678/817 676/676/815 677/677/816
f 673/673/812 679/679/818 675/675/814
f 673/673/812 676/676/815 679/679/818
f 680/680/819 675/675/814 679/679/818
f 681/681/820 680/680/819 679/679/818
f 676/676/815 678/678/817 682/682/821
f 676/676/815 682/682/821 679/679/818
f 679/679/818 682/682/821 681/681/820
f 678/678/817 683/683/822 682/682/821
f 682/682/821 684/684/823 681/681/820
f 684/684/823 682/682/821 683/683/822
f 685/685/824 684/684/823 683/683/822
f 688/688/827 687/687/826 686/686/825
f 689/689/828 688/688/827 686/686/825
f 686/686/825 690/690/829 689/689/828
f 688/688/827 689/689/828 691/691/830
f 690/690/829 692/692/831 689/689/828
f 692/692/831 690/690/829 693/693/832
f 694/694/833 692/692/831 693/693/832
f 689/689/828 695/695/834 691/691/830
f 689/689/828 692/692/831 695/695/834
f 696/696/835 691/691/830 695/695/834
f 697/697/836 696/696/835 695/695/834
f 692/692/831 694/694/833 698/698/837
f 692/692/831 698/698/837 695/695/834
f 695/695/834 698/698/837 697/697/836
f 694/694/833 699/699/838 698/698/837
f 698/698/837 700/700/839 697/697/836
f 700/700/839 698/698/837 699/699/838
f 701/701/840 700/700/839 699/699/838
