mtllib dishwasher_FP1.mtl
v -0.20223 0.82827 0.16737
v -0.20451 0.83258 0.16831
v -0.20223 0.83258 0.16737
v -0.20451 0.82827 0.16831
v -0.22339 0.83258 0.16831
v -0.20451 0.82599 0.16737
v -0.20265 0.8264 0.16695
v -0.22339 0.82599 0.16737
v -0.22339 0.82827 0.16831
v -0.22567 0.83258 0.16737
v -0.22567 0.82827 0.16737
v -0.22526 0.8264 0.16695
v -0.22567 0.82827 0.16737
v -0.22662 0.83258 0.16509
v -0.22567 0.83258 0.16737
v -0.22662 0.82827 0.16509
v -0.22662 0.83258 -0.00686
v -0.22567 0.82599 0.16509
v -0.22526 0.8264 0.16695
v -0.22567 0.82599 -0.00686
v -0.22662 0.82827 -0.00686
v -0.22567 0.83258 -0.00914
v -0.22567 0.82826 -0.00914
v -0.22526 0.8264 -0.00872
v -0.22339 0.83258 -0.01008
v -0.22567 0.83258 -0.00914
v -0.22567 0.82826 -0.00914
v -0.22339 0.82827 -0.01008
v -0.22339 0.82599 -0.00914
v -0.22526 0.8264 -0.00872
v -0.18241 0.82597 -0.00902
v -0.18254 0.82836 -0.01008
v -0.18247 0.83258 -0.01008
v -0.1802 0.83258 -0.00963
v -0.1802 0.82836 -0.00961
v -0.18046 0.8264 -0.00899
v -0.1802 0.82836 -0.00961
v -0.17827 0.83258 -0.00833
v -0.1802 0.83258 -0.00963
v -0.17822 0.82836 -0.00828
v -0.14468 0.83258 0.02556
v -0.17907 0.82597 -0.00763
v -0.18046 0.8264 -0.00899
v -0.14534 0.82598 0.02623
v -0.14468 0.82824 0.02556
v -0.14373 0.83258 0.02784
v -0.14374 0.82825 0.02784
v -0.14433 0.8264 0.02784
v -0.14535 0.82599 0.02947
v -0.14467 0.83258 0.03012
v -0.14468 0.82827 0.03014
v -0.18509 0.82599 0.06991
v -0.18435 0.82827 0.07051
v -0.18435 0.83258 0.07051
v -0.19778 0.82599 0.08918
v -0.19689 0.83258 0.08954
v -0.19689 0.82827 0.08954
v -0.20223 0.82599 0.11182
v -0.20129 0.83258 0.11191
v -0.20129 0.82827 0.11191
v -0.20223 0.82599 0.16509
v -0.20129 0.82827 0.16509
v -0.20129 0.83258 0.16509
v -0.20223 0.83258 0.16737
v -0.20223 0.82827 0.16737
v -0.20265 0.8264 0.16695
v -0.20223 0.82599 0.16509
v -0.20451 0.82599 0.16737
v -0.20265 0.8264 0.16695
v -0.20451 0.82504 0.16509
v -0.20223 0.82599 0.11182
v -0.22339 0.82504 0.16509
v -0.22339 0.82599 0.16737
v -0.20451 0.82504 0.1116
v -0.19778 0.82599 0.08918
v -0.22339 0.82504 -0.00686
v -0.19993 0.82504 0.0883
v -0.18509 0.82599 0.06991
v -0.22567 0.82599 0.16509
v -0.22526 0.8264 0.16695
v -0.22567 0.82599 -0.00686
v -0.18687 0.82504 0.06847
v -0.14535 0.82599 0.02947
v -0.14695 0.82504 0.02785
v -0.22339 0.82599 -0.00914
v -0.22526 0.8264 -0.00872
v -0.18129 0.82504 -0.007
v -0.18241 0.82597 -0.00902
v -0.17907 0.82597 -0.00763
v -0.18046 0.8264 -0.00899
v -0.14534 0.82598 0.02623
v -0.14433 0.8264 0.02784
v -0.20223 0.82827 -0.26629
v -0.20223 0.83258 -0.26629
v -0.20451 0.83258 -0.26724
v -0.20451 0.82827 -0.26724
v -0.22339 0.83258 -0.26724
v -0.20451 0.82599 -0.26629
v -0.20265 0.8264 -0.26587
v -0.22339 0.82599 -0.26629
v -0.22339 0.82827 -0.26724
v -0.22567 0.83258 -0.26629
v -0.22567 0.82827 -0.26629
v -0.22526 0.8264 -0.26587
v -0.22567 0.82827 -0.26629
v -0.22567 0.83258 -0.26629
v -0.22662 0.83258 -0.26401
v -0.22662 0.82827 -0.26401
v -0.22662 0.83258 -0.09207
v -0.22567 0.82599 -0.26401
v -0.22526 0.8264 -0.26587
v -0.22567 0.82599 -0.09207
v -0.22662 0.82827 -0.09207
v -0.22567 0.83258 -0.08979
v -0.22567 0.82826 -0.08979
v -0.22526 0.8264 -0.0902
v -0.22339 0.83258 -0.08884
v -0.22567 0.82826 -0.08979
v -0.22567 0.83258 -0.08979
v -0.22339 0.82827 -0.08884
v -0.22339 0.82599 -0.08979
v -0.22526 0.8264 -0.0902
v -0.18241 0.82597 -0.0899
v -0.18254 0.82836 -0.08884
v -0.18247 0.83258 -0.08884
v -0.1802 0.83258 -0.0893
v -0.1802 0.82836 -0.08931
v -0.18046 0.8264 -0.08993
v -0.1802 0.82836 -0.08931
v -0.1802 0.83258 -0.0893
v -0.17827 0.83258 -0.0906
v -0.17822 0.82836 -0.09064
v -0.14468 0.83258 -0.12449
v -0.17907 0.82597 -0.09129
v -0.18046 0.8264 -0.08993
v -0.14534 0.82598 -0.12515
v -0.14468 0.82824 -0.12449
v -0.14373 0.83258 -0.12676
v -0.14374 0.82825 -0.12677
v -0.14433 0.8264 -0.12677
v -0.14535 0.82599 -0.12839
v -0.14467 0.83258 -0.12905
v -0.14468 0.82827 -0.12906
v -0.18509 0.82599 -0.16883
v -0.18435 0.82827 -0.16943
v -0.18435 0.83258 -0.16943
v -0.19778 0.82599 -0.1881
v -0.19689 0.83258 -0.18847
v -0.19689 0.82827 -0.18847
v -0.20223 0.82599 -0.21075
v -0.20129 0.83258 -0.21084
v -0.20129 0.82827 -0.21084
v -0.20223 0.82599 -0.26401
v -0.20129 0.82827 -0.26401
v -0.20129 0.83258 -0.26401
v -0.20223 0.83258 -0.26629
v -0.20223 0.82827 -0.26629
v -0.20265 0.8264 -0.26587
v -0.20223 0.82599 -0.26401
v -0.20265 0.8264 -0.26587
v -0.20451 0.82599 -0.26629
v -0.20451 0.82504 -0.26401
v -0.20223 0.82599 -0.21075
v -0.22339 0.82504 -0.26401
v -0.22339 0.82599 -0.26629
v -0.20451 0.82504 -0.21052
v -0.19778 0.82599 -0.1881
v -0.22339 0.82504 -0.09207
v -0.19993 0.82504 -0.18722
v -0.18509 0.82599 -0.16883
v -0.22567 0.82599 -0.26401
v -0.22526 0.8264 -0.26587
v -0.22567 0.82599 -0.09207
v -0.18687 0.82504 -0.1674
v -0.14535 0.82599 -0.12839
v -0.14695 0.82504 -0.12677
v -0.22339 0.82599 -0.08979
v -0.22526 0.8264 -0.0902
v -0.18129 0.82504 -0.09192
v -0.18241 0.82597 -0.0899
v -0.17907 0.82597 -0.09129
v -0.18046 0.8264 -0.08993
v -0.14534 0.82598 -0.12515
v -0.14433 0.8264 -0.12677
v -0.22026 0.82656 -0.06048
v -0.2139 0.83258 -0.06219
v -0.22026 0.83258 -0.06048
v -0.2139 0.82656 -0.06219
v -0.21383 0.82549 -0.0617
v -0.22001 0.82549 -0.06005
v -0.09102 0.82549 -0.0617
v -0.09096 0.82656 -0.06219
v -0.09096 0.83258 -0.06219
v -0.08485 0.82549 -0.06005
v -0.0846 0.83258 -0.06048
v -0.0846 0.82656 -0.06048
v -0.22026 0.82656 -0.03844
v -0.22491 0.83258 -0.0431
v -0.22026 0.83258 -0.03844
v -0.22491 0.82656 -0.0431
v -0.22662 0.83258 -0.04946
v -0.22448 0.82549 -0.04335
v -0.22001 0.82549 -0.03887
v -0.22612 0.82549 -0.04946
v -0.22662 0.82656 -0.04946
v -0.22491 0.83258 -0.05583
v -0.22448 0.82549 -0.05558
v -0.22491 0.82656 -0.05583
v -0.22026 0.83258 -0.06048
v -0.22001 0.82549 -0.06005
v -0.22026 0.82656 -0.06048
v -0.0846 0.82656 -0.03844
v -0.09096 0.83258 -0.03674
v -0.0846 0.83258 -0.03844
v -0.09096 0.82656 -0.03674
v -0.09102 0.82549 -0.03722
v -0.08485 0.82549 -0.03887
v -0.21383 0.82549 -0.03722
v -0.2139 0.82656 -0.03674
v -0.2139 0.83258 -0.03674
v -0.22001 0.82549 -0.03887
v -0.22026 0.83258 -0.03844
v -0.22026 0.82656 -0.03844
v -0.0846 0.82656 -0.06048
v -0.07994 0.83258 -0.05583
v -0.0846 0.83258 -0.06048
v -0.07994 0.82656 -0.05583
v -0.07823 0.83258 -0.04946
v -0.08037 0.82549 -0.05558
v -0.08485 0.82549 -0.06005
v -0.07873 0.82549 -0.04946
v -0.07823 0.82656 -0.04946
v -0.07994 0.83258 -0.0431
v -0.08037 0.82549 -0.04335
v -0.07994 0.82656 -0.0431
v -0.0846 0.83258 -0.03844
v -0.08485 0.82549 -0.03887
v -0.0846 0.82656 -0.03844
v -0.17267 0.82549 0.11457
v -0.16986 0.82656 0.1204
v -0.16951 0.82549 0.12005
v -0.17315 0.82656 0.1147
v -0.17267 0.82549 0.10824
v -0.17315 0.82656 0.10811
v -0.16947 0.82549 0.1027
v -0.16986 0.82656 0.10241
v -0.07302 0.82549 0.00625
v -0.07331 0.82656 0.00586
v -0.16986 0.83258 0.10241
v -0.17315 0.83258 0.10811
v -0.07331 0.83258 0.00586
v -0.06761 0.83258 0.00257
v -0.06761 0.82656 0.00257
v -0.17315 0.83258 0.1147
v -0.16986 0.83258 0.1204
v -0.16415 0.82656 0.12369
v -0.16415 0.83258 0.12369
v -0.05532 0.82656 0.00586
v -0.05567 0.82549 0.00621
v -0.05251 0.82549 0.01169
v -0.05202 0.82656 0.01157
v -0.05251 0.82549 0.01802
v -0.05202 0.82656 0.01815
v -0.0557 0.82549 0.02356
v -0.05532 0.82656 0.02386
v -0.15216 0.82549 0.12002
v -0.15186 0.82656 0.1204
v -0.05532 0.83258 0.02386
v -0.15186 0.83258 0.1204
v -0.05202 0.83258 0.01815
v -0.05202 0.83258 0.01157
v -0.05532 0.83258 0.00586
v -0.06102 0.82656 0.00257
v -0.06102 0.83258 0.00257
v -0.15186 0.82656 0.1204
v -0.15757 0.83258 0.12369
v -0.15186 0.83258 0.1204
v -0.15757 0.82656 0.12369
v -0.16415 0.83258 0.12369
v -0.16415 0.82656 0.12369
v -0.1577 0.82549 0.12321
v -0.15216 0.82549 0.12002
v -0.16402 0.82549 0.12321
v -0.16951 0.82549 0.12005
v -0.16986 0.82656 0.1204
v -0.06761 0.82656 0.00257
v -0.06102 0.83258 0.00257
v -0.06761 0.83258 0.00257
v -0.06102 0.82656 0.00257
v -0.06115 0.82549 0.00305
v -0.05567 0.82549 0.00621
v -0.05532 0.82656 0.00586
v -0.06748 0.82549 0.00305
v -0.07331 0.82656 0.00586
v -0.07302 0.82549 0.00625
v -0.16402 0.82549 -0.22214
v -0.16986 0.82656 -0.21933
v -0.16951 0.82549 -0.21897
v -0.16415 0.82656 -0.22262
v -0.1577 0.82549 -0.22214
v -0.15757 0.82656 -0.22262
v -0.15216 0.82549 -0.21894
v -0.15186 0.82656 -0.21933
v -0.15757 0.83258 -0.22262
v -0.16415 0.83258 -0.22262
v -0.05532 0.82656 -0.10479
v -0.05567 0.82549 -0.10514
v -0.06115 0.82549 -0.10197
v -0.06102 0.82656 -0.10149
v -0.06748 0.82549 -0.10197
v -0.06761 0.82656 -0.10149
v -0.07302 0.82549 -0.10517
v -0.07331 0.82656 -0.10478
v -0.07331 0.83258 -0.10478
v -0.06761 0.83258 -0.10149
v -0.06102 0.83258 -0.10149
v -0.16986 0.82656 -0.21933
v -0.16415 0.82656 -0.22262
v -0.16415 0.83258 -0.22262
v -0.16986 0.83258 -0.21933
v -0.17315 0.82656 -0.21362
v -0.16951 0.82549 -0.21897
v -0.17315 0.83258 -0.21362
v -0.17267 0.82549 -0.21349
v -0.17315 0.82656 -0.20703
v -0.17315 0.83258 -0.20703
v -0.17267 0.82549 -0.20716
v -0.16986 0.82656 -0.20133
v -0.16986 0.83258 -0.20133
v -0.07331 0.83258 -0.10478
v -0.16947 0.82549 -0.20163
v -0.07331 0.82656 -0.10478
v -0.07302 0.82549 -0.10517
v -0.15757 0.82656 -0.22262
v -0.15186 0.83258 -0.21933
v -0.15757 0.83258 -0.22262
v -0.15186 0.82656 -0.21933
v -0.05532 0.82656 -0.12278
v -0.05532 0.83258 -0.12278
v -0.05202 0.83258 -0.11708
v -0.0557 0.82549 -0.12248
v -0.15216 0.82549 -0.21894
v -0.05251 0.82549 -0.11695
v -0.05202 0.82656 -0.11708
v -0.05202 0.83258 -0.11049
v -0.05251 0.82549 -0.11062
v -0.05202 0.82656 -0.11049
v -0.05567 0.82549 -0.10514
v -0.05532 0.83258 -0.10479
v -0.05532 0.82656 -0.10479
v -0.06102 0.83258 -0.10149
v -0.06102 0.82656 -0.10149
v 0.00637 0.82656 -0.28798
v 0.01102 0.83258 -0.28332
v 0.00637 0.83258 -0.28798
v 0.01102 0.82656 -0.28332
v 0.01273 0.83258 -0.27696
v 0.01059 0.82549 -0.28307
v 0.00612 0.82549 -0.28755
v 0.01225 0.82549 -0.2769
v 0.01273 0.82656 -0.27696
v 0.01225 0.82549 -0.14049
v 0.01273 0.82656 -0.14042
v 0.01273 0.83258 -0.14042
v 0.01059 0.82549 -0.13431
v 0.01102 0.83258 -0.13406
v 0.01102 0.82656 -0.13406
v 0.00612 0.82549 -0.12984
v 0.00637 0.83258 -0.12941
v 0.00637 0.82656 -0.12941
v -0.00636 0.82656 -0.28798
v 1E-05 0.83258 -0.28968
v -0.00636 0.83258 -0.28798
v 1E-05 0.82656 -0.28968
v 0.00637 0.83258 -0.28798
v 0.00637 0.82656 -0.28798
v 0.00612 0.82549 -0.28755
v 1E-05 0.82549 -0.28919
v -0.00611 0.82549 -0.28755
v -0.00636 0.82656 -0.12941
v -0.01101 0.83258 -0.13406
v -0.00636 0.83258 -0.12941
v -0.01101 0.82656 -0.13406
v -0.01272 0.83258 -0.14042
v -0.01058 0.82549 -0.13431
v -0.00611 0.82549 -0.12984
v -0.01224 0.82549 -0.14049
v -0.01272 0.82656 -0.14042
v -0.01224 0.82549 -0.2769
v -0.01272 0.82656 -0.27696
v -0.01272 0.83258 -0.27696
v -0.01058 0.82549 -0.28307
v -0.01101 0.83258 -0.28332
v -0.01101 0.82656 -0.28332
v -0.00611 0.82549 -0.28755
v -0.00636 0.83258 -0.28798
v -0.00636 0.82656 -0.28798
v 0.00637 0.82656 -0.12941
v 1E-05 0.83258 -0.1277
v 0.00637 0.83258 -0.12941
v 1E-05 0.82656 -0.1277
v -0.00636 0.83258 -0.12941
v -0.00636 0.82656 -0.12941
v -0.00611 0.82549 -0.12984
v 1E-05 0.82549 -0.1282
v 0.00612 0.82549 -0.12984
v -0.30089 0.16019 0.20926
v -0.30089 0.86931 0.04887
v -0.30089 0.86931 0.20926
v -0.30089 0.16019 0.04887
v -0.30089 0.86931 -0.34629
v -0.30089 0.16019 -0.34629
v -0.30089 0.09612 -0.34629
v -0.30089 0.09612 0.04887
v -0.30089 0.03204 0.08084
v -0.30089 0.03204 -0.34629
v -0.30089 0 -0.34629
v -0.30089 0 0.08084
v -0.27189 0.19557 0.09484
v -0.27189 0.83258 -0.30888
v -0.27189 0.19557 -0.30888
v -0.27189 0.19557 0.13738
v -0.27189 0.83258 0.20926
v -0.27189 0.19557 0.20926
v -0.27189 0.19149 0.13738
v -0.27189 0.19149 0.09484
v -0.27189 0.19557 0.09484
v -0.24246 0.19557 0.09707
v -0.24246 0.19149 0.09484
v -0.27189 0.19149 0.09484
v -0.24246 0.19557 0.13738
v -0.27189 0.19557 0.13738
v -0.27189 0.19149 0.13738
v -0.24246 0.19149 0.13738
v -0.24246 0.19557 0.13738
v -0.24246 0.19149 0.13738
v -0.24246 0.19149 0.09484
v -0.24246 0.19557 0.09707
v 0 0.86931 0.20926
v -0.30089 0.86931 0.20926
v -0.30089 0.86931 0.04887
v 0 0.86931 0.04887
v 0.3009 0.86931 0.04887
v 0.3009 0.86931 0.20926
v 0.3009 0.86931 -0.34629
v 0 0.86931 -0.34629
v -0.30089 0.86931 -0.34629
v 0 0.16019 0.20926
v -0.30089 0.16019 0.04887
v -0.30089 0.16019 0.20926
v 0 0.16019 0.04887
v 0.3009 0.16019 0.04887
v 0.3009 0.16019 0.20926
v -0.24246 0.19557 0.13738
v -0.27189 0.19557 0.20926
v -0.27189 0.19557 0.13738
v 0 0.19557 0.20926
v 0 0.19557 -0.30888
v -0.24246 0.19557 0.09707
v -0.27189 0.19557 0.09484
v -0.27189 0.19557 -0.30888
v 0.24247 0.19557 0.13738
v 0.2719 0.19557 0.20926
v 0.2719 0.19557 0.13738
v 0.24247 0.19557 0.09484
v 0.2719 0.19557 0.09484
v 0.2719 0.19557 -0.30888
v 0 0.83258 -0.30888
v -0.27189 0.19557 -0.30888
v -0.27189 0.83258 -0.30888
v 0 0.19557 -0.30888
v 0.2719 0.19557 -0.30888
v 0.2719 0.83258 -0.30888
v -0.27189 0.83258 0.20926
v 0 0.83258 -0.30888
v -0.27189 0.83258 -0.30888
v 0 0.83258 0.20926
v 0.2719 0.83258 0.20926
v 0.2719 0.83258 -0.30888
v -0.08411 0.20054 -0.05884
v -0.08465 0.20119 -0.05909
v 0 0.20119 -0.0591
v 0 0.20055 -0.05884
v -0.08411 0.19818 -0.05884
v -0.08476 0.20054 -0.05857
v -0.08476 0.19818 -0.05857
v -0.08411 0.19754 -0.05857
v -0.08464 0.19766 -0.05845
v 0 0.19818 -0.05884
v 0 0.19754 -0.05857
v 0.08412 0.19754 -0.05857
v 0.08412 0.20054 -0.05884
v 0.08466 0.20119 -0.05909
v 0.08412 0.19818 -0.05884
v 0.08477 0.20054 -0.05857
v 0.08477 0.19818 -0.05857
v 0.08465 0.19766 -0.05845
v -0.08414 0.20025 0.05787
v -0.08478 0.20044 0.05761
v -0.08476 0.19818 0.0576
v -0.08411 0.19818 0.05787
v 0 0.20059 0.05787
v -0.08452 0.20124 0.05811
v 0 0.20123 0.05811
v 0.08453 0.20124 0.05811
v 0.08415 0.20025 0.05787
v -0.08411 0.19754 0.0576
v -0.08464 0.19766 0.05748
v 0 0.19754 0.0576
v 0 0.19818 0.05787
v 0.08412 0.19818 0.05787
v 0.08412 0.19754 0.0576
v 0.08477 0.19818 0.0576
v 0.08479 0.20044 0.05761
v 0.08465 0.19766 0.05748
v -0.08465 0.20119 -0.05909
v -0.08411 0.20054 -0.05884
v -0.08476 0.20054 -0.05857
v -0.08491 0.20107 -0.05872
v -0.08529 0.20119 -0.05845
v -0.08595 0.20147 -0.05971
v 0 0.20147 -0.05974
v 0 0.20119 -0.0591
v -0.08536 0.20122 0.05728
v 0.08466 0.20119 -0.05909
v -0.08617 0.20147 0.05873
v -0.08452 0.20124 0.05811
v -0.08487 0.20119 0.05765
v 0 0.20123 0.05811
v -0.17164 0.20907 -0.22581
v -0.17087 0.20903 0.08925
v 0 0.20852 0.08716
v 0 0.20155 0.05873
v 0.08618 0.20147 0.05873
v 0.08453 0.20124 0.05811
v 0.08537 0.20122 0.05728
v 0.08488 0.20119 0.05765
v 0.08596 0.20147 -0.05971
v 0.0853 0.20119 -0.05845
v 0.17088 0.20903 0.08925
v 0.08492 0.20107 -0.05872
v 0.08477 0.20054 -0.05857
v 0.08412 0.20054 -0.05884
v 0.17165 0.20907 -0.22581
v 0 0.20906 -0.22565
v 0 0.20915 -0.22841
v 0.17441 0.20913 -0.22849
v 0 0.20919 -0.23117
v -0.1744 0.20913 -0.22849
v 0.17415 0.20915 0.09084
v -0.17414 0.20915 0.09084
v -0.17716 0.20919 -0.23117
v 0 0.20902 0.08988
v 0.17717 0.20919 -0.23117
v -0.17695 0.20919 0.09421
v 0.17696 0.20919 0.09421
v 0 0.20919 0.09264
v 0 0.20919 0.1563
v -0.1889 0.20919 0.15578
v 0.18891 0.20919 0.15578
v -0.18884 0.20919 -0.24457
v 0.18885 0.20919 -0.24457
v 0 0.20919 -0.24455
v 0 0.20884 -0.24731
v -0.19159 0.20888 -0.24725
v 0.1916 0.20888 -0.24725
v -0.19158 0.20888 0.1587
v 0.19159 0.20888 0.1587
v 0 0.20782 -0.2499
v 0 0.20868 0.15906
v -0.19428 0.20792 -0.24972
v 0.19429 0.20792 -0.24972
v -0.19449 0.20782 0.1608
v 0 0.19557 -0.27241
v -0.21982 0.19557 -0.27241
v -0.21982 0.19557 0.17475
v 0.21983 0.19557 -0.27241
v 0 0.19557 0.17475
v 0.1945 0.20782 0.1608
v 0.21983 0.19557 0.17475
v 0 0.20724 0.16146
v -0.08476 0.20054 -0.05857
v -0.08529 0.20119 -0.05845
v -0.08491 0.20107 -0.05872
v -0.08502 0.20054 -0.05793
v -0.08476 0.19818 -0.05857
v -0.08502 0.20063 0.05695
v -0.08536 0.20122 0.05728
v -0.08478 0.20044 0.05761
v -0.08487 0.20119 0.05765
v -0.08452 0.20124 0.05811
v -0.08414 0.20025 0.05787
v -0.08502 0.19818 0.05696
v -0.08476 0.19818 0.0576
v -0.08502 0.19818 -0.05793
v -0.08476 0.19754 0.05696
v -0.08464 0.19766 0.05748
v -0.08476 0.19754 -0.05793
v -0.08464 0.19766 -0.05845
v -0.08411 0.19754 -0.05857
v -0.08476 0.19754 -0.05793
v -0.08464 0.19766 -0.05845
v -0.08411 0.19727 -0.05793
v 0 0.19754 -0.05857
v -0.08411 0.19727 0.05696
v 0 0.19727 0.05696
v -0.08476 0.19754 0.05696
v -0.08411 0.19754 0.0576
v -0.08464 0.19766 0.05748
v 0 0.19754 0.0576
v 0.08412 0.19754 0.0576
v 0 0.19727 -0.05793
v 0.08412 0.19727 -0.05793
v 0.08412 0.19754 -0.05857
v 0.08412 0.19727 0.05696
v 0.08477 0.19754 -0.05793
v 0.08465 0.19766 -0.05845
v 0.08477 0.19754 0.05696
v 0.08465 0.19766 0.05748
v -0.1768 0.21107 0.15123
v -0.17473 0.20911 0.15178
v -0.1768 0.20911 0.15123
v -0.17473 0.21107 0.15178
v -0.1747 0.21142 0.15162
v -0.17672 0.21142 0.15109
v -0.11079 0.21142 0.15162
v -0.11077 0.21107 0.15178
v -0.11077 0.20911 0.15178
v -0.10878 0.21142 0.15109
v -0.1087 0.20911 0.15123
v -0.1087 0.21107 0.15123
v -0.1768 0.21107 0.14405
v -0.17831 0.20911 0.14557
v -0.1768 0.20911 0.14405
v -0.17831 0.21107 0.14557
v -0.17887 0.20911 0.14764
v -0.17817 0.21142 0.14565
v -0.17672 0.21142 0.14419
v -0.17871 0.21142 0.14764
v -0.17887 0.21107 0.14764
v -0.17831 0.20911 0.14971
v -0.17817 0.21142 0.14963
v -0.17831 0.21107 0.14971
v -0.1768 0.20911 0.15123
v -0.17672 0.21142 0.15109
v -0.1768 0.21107 0.15123
v -0.1087 0.21107 0.14405
v -0.11077 0.20911 0.1435
v -0.1087 0.20911 0.14405
v -0.11077 0.21107 0.1435
v -0.11079 0.21142 0.14365
v -0.10878 0.21142 0.14419
v -0.1747 0.21142 0.14365
v -0.17473 0.21107 0.1435
v -0.17473 0.20911 0.1435
v -0.17672 0.21142 0.14419
v -0.1768 0.20911 0.14405
v -0.1768 0.21107 0.14405
v -0.1087 0.21107 0.15123
v -0.10718 0.20911 0.14971
v -0.1087 0.20911 0.15123
v -0.10718 0.21107 0.14971
v -0.10662 0.20911 0.14764
v -0.10732 0.21142 0.14963
v -0.10878 0.21142 0.15109
v -0.10679 0.21142 0.14764
v -0.10662 0.21107 0.14764
v -0.10718 0.20911 0.14557
v -0.10732 0.21142 0.14565
v -0.10718 0.21107 0.14557
v -0.1087 0.20911 0.14405
v -0.10878 0.21142 0.14419
v -0.1087 0.21107 0.14405
v -0.1768 0.21107 0.1328
v -0.17473 0.20911 0.13336
v -0.1768 0.20911 0.1328
v -0.17473 0.21107 0.13336
v -0.1747 0.21142 0.1332
v -0.17672 0.21142 0.13266
v -0.11079 0.21142 0.1332
v -0.11077 0.21107 0.13336
v -0.11077 0.20911 0.13336
v -0.10878 0.21142 0.13266
v -0.1087 0.20911 0.1328
v -0.1087 0.21107 0.1328
v -0.1768 0.21107 0.12563
v -0.17831 0.20911 0.12715
v -0.1768 0.20911 0.12563
v -0.17831 0.21107 0.12715
v -0.17887 0.20911 0.12922
v -0.17817 0.21142 0.12723
v -0.17672 0.21142 0.12577
v -0.17871 0.21142 0.12922
v -0.17887 0.21107 0.12922
v -0.17831 0.20911 0.13129
v -0.17817 0.21142 0.13121
v -0.17831 0.21107 0.13129
v -0.1768 0.20911 0.1328
v -0.17672 0.21142 0.13266
v -0.1768 0.21107 0.1328
v -0.1087 0.21107 0.12563
v -0.11077 0.20911 0.12507
v -0.1087 0.20911 0.12563
v -0.11077 0.21107 0.12507
v -0.11079 0.21142 0.12523
v -0.10878 0.21142 0.12577
v -0.1747 0.21142 0.12523
v -0.17473 0.21107 0.12507
v -0.17473 0.20911 0.12507
v -0.17672 0.21142 0.12577
v -0.1768 0.20911 0.12563
v -0.1768 0.21107 0.12563
v -0.1087 0.21107 0.1328
v -0.10718 0.20911 0.13129
v -0.1087 0.20911 0.1328
v -0.10718 0.21107 0.13129
v -0.10662 0.20911 0.12922
v -0.10732 0.21142 0.13121
v -0.10878 0.21142 0.13266
v -0.10679 0.21142 0.12922
v -0.10662 0.21107 0.12922
v -0.10718 0.20911 0.12715
v -0.10732 0.21142 0.12723
v -0.10718 0.21107 0.12715
v -0.1087 0.20911 0.12563
v -0.10878 0.21142 0.12577
v -0.1087 0.21107 0.12563
v -0.1768 0.21107 0.11438
v -0.17473 0.20911 0.11494
v -0.1768 0.20911 0.11438
v -0.17473 0.21107 0.11494
v -0.1747 0.21142 0.11478
v -0.17672 0.21142 0.11424
v -0.11079 0.21142 0.11478
v -0.11077 0.21107 0.11494
v -0.11077 0.20911 0.11494
v -0.10878 0.21142 0.11424
v -0.1087 0.20911 0.11438
v -0.1087 0.21107 0.11438
v -0.1768 0.21107 0.10721
v -0.17831 0.20911 0.10872
v -0.1768 0.20911 0.10721
v -0.17831 0.21107 0.10872
v -0.17887 0.20911 0.1108
v -0.17817 0.21142 0.10881
v -0.17672 0.21142 0.10735
v -0.17871 0.21142 0.1108
v -0.17887 0.21107 0.1108
v -0.17831 0.20911 0.11287
v -0.17817 0.21142 0.11279
v -0.17831 0.21107 0.11287
v -0.1768 0.20911 0.11438
v -0.17672 0.21142 0.11424
v -0.1768 0.21107 0.11438
v -0.1087 0.21107 0.10721
v -0.11077 0.20911 0.10665
v -0.1087 0.20911 0.10721
v -0.11077 0.21107 0.10665
v -0.11079 0.21142 0.10681
v -0.10878 0.21142 0.10735
v -0.1747 0.21142 0.10681
v -0.17473 0.21107 0.10665
v -0.17473 0.20911 0.10665
v -0.17672 0.21142 0.10735
v -0.1768 0.20911 0.10721
v -0.1768 0.21107 0.10721
v -0.1087 0.21107 0.11438
v -0.10718 0.20911 0.11287
v -0.1087 0.20911 0.11438
v -0.10718 0.21107 0.11287
v -0.10662 0.20911 0.1108
v -0.10732 0.21142 0.11279
v -0.10878 0.21142 0.11424
v -0.10679 0.21142 0.1108
v -0.10662 0.21107 0.1108
v -0.10718 0.20911 0.10872
v -0.10732 0.21142 0.10881
v -0.10718 0.21107 0.10872
v -0.1087 0.20911 0.10721
v -0.10878 0.21142 0.10735
v -0.1087 0.21107 0.10721
v -0.26492 0.26716 -0.10628
v -0.26492 0.27398 -0.11309
v -0.26618 0.26842 -0.11184
v -0.2621 0.27398 -0.10628
v -0.26492 0.26716 0.00669
v -0.2621 0.38257 -0.10628
v -0.26492 0.38257 -0.11309
v -0.2621 0.27398 0.00669
v -0.26492 0.38939 -0.10628
v -0.26618 0.38813 -0.11184
v -0.2621 0.38257 0.00669
v -0.26492 0.38939 0.00669
v -0.26492 0.38257 0.0135
v -0.26618 0.38813 0.01225
v -0.26492 0.27398 0.0135
v -0.26618 0.26842 0.01225
v -0.26492 0.27398 -0.11309
v -0.27189 0.26716 -0.11309
v -0.26618 0.26842 -0.11184
v -0.27189 0.27398 -0.11591
v -0.26492 0.38257 -0.11309
v -0.27189 0.38257 -0.11591
v -0.27189 0.38939 -0.11309
v -0.26618 0.38813 -0.11184
v -0.27189 0.26716 -0.11309
v -0.26492 0.26716 -0.10628
v -0.26618 0.26842 -0.11184
v -0.27189 0.26434 -0.10628
v -0.27189 0.26434 0.00669
v -0.26492 0.26716 0.00669
v -0.27189 0.26716 0.0135
v -0.26618 0.26842 0.01225
v -0.27189 0.26716 0.0135
v -0.26492 0.27398 0.0135
v -0.26618 0.26842 0.01225
v -0.27189 0.27398 0.01632
v -0.27189 0.38257 0.01632
v -0.26492 0.38257 0.0135
v -0.27189 0.38939 0.0135
v -0.26618 0.38813 0.01225
v -0.27189 0.38939 0.0135
v -0.26492 0.38939 0.00669
v -0.26618 0.38813 0.01225
v -0.27189 0.39221 0.00669
v -0.26492 0.38939 -0.10628
v -0.27189 0.39221 -0.10628
v -0.27189 0.38939 -0.11309
v -0.26618 0.38813 -0.11184
v -0.26492 0.26716 -0.27594
v -0.26492 0.27398 -0.28275
v -0.26618 0.26842 -0.2815
v -0.2621 0.27398 -0.27594
v -0.26492 0.26716 -0.16298
v -0.2621 0.38257 -0.27594
v -0.26492 0.38257 -0.28275
v -0.2621 0.27398 -0.16298
v -0.26492 0.38939 -0.27594
v -0.26618 0.38813 -0.2815
v -0.2621 0.38257 -0.16298
v -0.26492 0.38939 -0.16298
v -0.26492 0.38257 -0.15616
v -0.26618 0.38813 -0.15742
v -0.26492 0.27398 -0.15616
v -0.26618 0.26842 -0.15742
v -0.26492 0.27398 -0.28275
v -0.27189 0.26716 -0.28275
v -0.26618 0.26842 -0.2815
v -0.27189 0.27398 -0.28557
v -0.26492 0.38257 -0.28275
v -0.27189 0.38257 -0.28557
v -0.27189 0.38939 -0.28275
v -0.26618 0.38813 -0.2815
v -0.27189 0.26716 -0.28275
v -0.26492 0.26716 -0.27594
v -0.26618 0.26842 -0.2815
v -0.27189 0.26434 -0.27594
v -0.27189 0.26434 -0.16298
v -0.26492 0.26716 -0.16298
v -0.27189 0.26716 -0.15616
v -0.26618 0.26842 -0.15742
v -0.27189 0.26716 -0.15616
v -0.26492 0.27398 -0.15616
v -0.26618 0.26842 -0.15742
v -0.27189 0.27398 -0.15334
v -0.27189 0.38257 -0.15334
v -0.26492 0.38257 -0.15616
v -0.27189 0.38939 -0.15616
v -0.26618 0.38813 -0.15742
v -0.27189 0.38939 -0.15616
v -0.26492 0.38939 -0.16298
v -0.26618 0.38813 -0.15742
v -0.27189 0.39221 -0.16298
v -0.27189 0.39221 -0.27594
v -0.26492 0.38939 -0.27594
v -0.27189 0.38939 -0.28275
v -0.26618 0.38813 -0.2815
v -0.25208 0.50328 0.03443
v -0.25795 0.50604 0.03328
v -0.25795 0.50328 0.03443
v -0.25208 0.50604 0.03328
v -0.24931 0.50604 0.03443
v -0.24982 0.50378 0.03494
v -0.24931 0.78075 0.03443
v -0.25208 0.78075 0.03328
v -0.25795 0.78075 0.03328
v -0.25795 0.78352 0.03443
v -0.25208 0.78352 0.03443
v -0.24982 0.78301 0.03494
v -0.25208 0.50328 0.15934
v -0.25795 0.50213 0.15657
v -0.25795 0.50328 0.15934
v -0.25208 0.50213 0.15657
v -0.24931 0.50328 0.15657
v -0.24982 0.50378 0.15883
v -0.24931 0.50328 0.03719
v -0.25208 0.50213 0.03719
v -0.25795 0.50213 0.03719
v -0.25795 0.50328 0.03443
v -0.25208 0.50328 0.03443
v -0.24982 0.50378 0.03494
v -0.25208 0.78352 0.15934
v -0.25795 0.78075 0.16049
v -0.25795 0.78352 0.15934
v -0.25208 0.78075 0.16049
v -0.24931 0.78075 0.15934
v -0.24982 0.78301 0.15883
v -0.24931 0.50604 0.15934
v -0.25208 0.50604 0.16049
v -0.25795 0.50604 0.16049
v -0.25795 0.50328 0.15934
v -0.25208 0.50328 0.15934
v -0.24982 0.50378 0.15883
v -0.25208 0.78352 0.03443
v -0.25795 0.78467 0.03719
v -0.25795 0.78352 0.03443
v -0.25208 0.78467 0.03719
v -0.24931 0.78352 0.03719
v -0.24982 0.78301 0.03494
v -0.24931 0.78352 0.15657
v -0.25208 0.78467 0.15657
v -0.25795 0.78467 0.15657
v -0.25795 0.78352 0.15934
v -0.25208 0.78352 0.15934
v -0.24982 0.78301 0.15883
v -0.25208 0.57494 -0.11225
v -0.25795 0.57771 -0.1134
v -0.25795 0.57494 -0.11225
v -0.25208 0.57771 -0.1134
v -0.24931 0.57771 -0.11225
v -0.24982 0.57545 -0.11174
v -0.24931 0.78075 -0.11225
v -0.25208 0.78075 -0.1134
v -0.25795 0.78075 -0.1134
v -0.25795 0.78352 -0.11225
v -0.25208 0.78352 -0.11225
v -0.24982 0.78301 -0.11174
v -0.25208 0.57494 0.01266
v -0.25795 0.57379 0.00989
v -0.25795 0.57494 0.01266
v -0.25208 0.57379 0.00989
v -0.24931 0.57494 0.00989
v -0.24982 0.57545 0.01215
v -0.24931 0.57494 -0.10949
v -0.25208 0.57379 -0.10949
v -0.25795 0.57379 -0.10949
v -0.25795 0.57494 -0.11225
v -0.25208 0.57494 -0.11225
v -0.24982 0.57545 -0.11174
v -0.25208 0.78352 0.01266
v -0.25795 0.78075 0.01381
v -0.25795 0.78352 0.01266
v -0.25208 0.78075 0.01381
v -0.24931 0.78075 0.01266
v -0.24982 0.78301 0.01215
v -0.24931 0.57771 0.01266
v -0.25208 0.57771 0.01381
v -0.25795 0.57771 0.01381
v -0.25795 0.57494 0.01266
v -0.25208 0.57494 0.01266
v -0.24982 0.57545 0.01215
v -0.25208 0.78352 -0.11225
v -0.25795 0.78467 -0.10949
v -0.25795 0.78352 -0.11225
v -0.25208 0.78467 -0.10949
v -0.24931 0.78352 -0.10949
v -0.24982 0.78301 -0.11174
v -0.24931 0.78352 0.00989
v -0.25208 0.78467 0.00989
v -0.25795 0.78467 0.00989
v -0.25795 0.78352 0.01266
v -0.25208 0.78352 0.01266
v -0.24982 0.78301 0.01215
v -0.25208 0.50328 -0.13402
v -0.25795 0.50213 -0.13679
v -0.25795 0.50328 -0.13402
v -0.25208 0.50213 -0.13679
v -0.25795 0.50213 -0.25618
v -0.24931 0.50328 -0.13679
v -0.24982 0.50378 -0.13453
v -0.24931 0.50328 -0.25618
v -0.25208 0.50213 -0.25618
v -0.25795 0.50328 -0.25895
v -0.25208 0.50328 -0.25895
v -0.24982 0.50378 -0.25844
v -0.25208 0.50328 -0.25895
v -0.25795 0.50604 -0.26009
v -0.25795 0.50328 -0.25895
v -0.25208 0.50604 -0.26009
v -0.25795 0.78075 -0.26009
v -0.24931 0.50604 -0.25895
v -0.24982 0.50378 -0.25844
v -0.24931 0.78075 -0.25895
v -0.25208 0.78075 -0.26009
v -0.25795 0.78352 -0.25895
v -0.25208 0.78352 -0.25895
v -0.24982 0.78301 -0.25844
v -0.25208 0.78352 -0.25895
v -0.25795 0.78467 -0.25618
v -0.25795 0.78352 -0.25895
v -0.25208 0.78467 -0.25618
v -0.25795 0.78467 -0.13679
v -0.24931 0.78352 -0.25618
v -0.24982 0.78301 -0.25844
v -0.24931 0.78352 -0.13679
v -0.25208 0.78467 -0.13679
v -0.25795 0.78352 -0.13402
v -0.25208 0.78352 -0.13402
v -0.24982 0.78301 -0.13453
v -0.25208 0.78352 -0.13402
v -0.25795 0.78075 -0.13288
v -0.25795 0.78352 -0.13402
v -0.25208 0.78075 -0.13288
v -0.25795 0.50604 -0.13288
v -0.24931 0.78075 -0.13402
v -0.24982 0.78301 -0.13453
v -0.24931 0.50604 -0.13402
v -0.25208 0.50604 -0.13288
v -0.25795 0.50328 -0.13402
v -0.25208 0.50328 -0.13402
v -0.24982 0.50378 -0.13453
v -0.25208 0.44651 0.15934
v -0.25795 0.44536 0.15657
v -0.25795 0.44651 0.15934
v -0.25208 0.44536 0.15657
v -0.24931 0.44651 0.15657
v -0.24982 0.44702 0.15883
v -0.24931 0.44651 -0.25865
v -0.25208 0.44536 -0.25865
v -0.25795 0.44536 -0.25865
v -0.25795 0.44651 -0.26142
v -0.25208 0.44651 -0.26142
v -0.24982 0.44702 -0.26091
v -0.25208 0.4825 0.15934
v -0.25795 0.47973 0.16049
v -0.25795 0.4825 0.15934
v -0.25208 0.47973 0.16049
v -0.24931 0.47973 0.15934
v -0.24982 0.48199 0.15883
v -0.24931 0.44927 0.15934
v -0.25208 0.44927 0.16049
v -0.25795 0.44927 0.16049
v -0.25795 0.44651 0.15934
v -0.25208 0.44651 0.15934
v -0.24982 0.44702 0.15883
v -0.25208 0.4825 -0.26142
v -0.25795 0.48364 -0.25865
v -0.25795 0.4825 -0.26142
v -0.25208 0.48364 -0.25865
v -0.24931 0.4825 -0.25865
v -0.24982 0.48199 -0.26091
v -0.24931 0.4825 0.15657
v -0.25208 0.48364 0.15657
v -0.25795 0.48364 0.15657
v -0.25795 0.4825 0.15934
v -0.25208 0.4825 0.15934
v -0.24982 0.48199 0.15883
v -0.25208 0.44651 -0.26142
v -0.25795 0.44927 -0.26257
v -0.25795 0.44651 -0.26142
v -0.25208 0.44927 -0.26257
v -0.24931 0.44927 -0.26142
v -0.24982 0.44702 -0.26091
v -0.24931 0.47973 -0.26142
v -0.25208 0.47973 -0.26257
v -0.25795 0.47973 -0.26257
v -0.25795 0.4825 -0.26142
v -0.25208 0.4825 -0.26142
v -0.24982 0.48199 -0.26091
v -0.24931 0.50328 0.03719
v -0.24931 0.50604 0.03443
v -0.24982 0.50378 0.03494
v -0.24816 0.50604 0.03719
v -0.24931 0.50328 0.15657
v -0.24816 0.78075 0.03719
v -0.24931 0.78075 0.03443
v -0.24816 0.50604 0.15657
v -0.24931 0.78352 0.03719
v -0.24982 0.78301 0.03494
v -0.24816 0.78075 0.15657
v -0.24931 0.78352 0.15657
v -0.24931 0.78075 0.15934
v -0.24982 0.78301 0.15883
v -0.24931 0.50604 0.15934
v -0.24982 0.50378 0.15883
v -0.24931 0.57494 -0.10949
v -0.24931 0.57771 -0.11225
v -0.24982 0.57545 -0.11174
v -0.24816 0.57771 -0.10949
v -0.24931 0.57494 0.00989
v -0.24816 0.78075 -0.10949
v -0.24931 0.78075 -0.11225
v -0.24816 0.57771 0.00989
v -0.24931 0.78352 -0.10949
v -0.24982 0.78301 -0.11174
v -0.24816 0.78075 0.00989
v -0.24931 0.78352 0.00989
v -0.24931 0.78075 0.01266
v -0.24982 0.78301 0.01215
v -0.24931 0.57771 0.01266
v -0.24982 0.57545 0.01215
v -0.24931 0.50604 -0.13402
v -0.24931 0.50328 -0.13679
v -0.24982 0.50378 -0.13453
v -0.24816 0.50604 -0.13679
v -0.24931 0.78075 -0.13402
v -0.24816 0.50604 -0.25618
v -0.24931 0.50328 -0.25618
v -0.24816 0.78075 -0.13679
v -0.24931 0.50604 -0.25895
v -0.24982 0.50378 -0.25844
v -0.24816 0.78075 -0.25618
v -0.24931 0.78075 -0.25895
v -0.24931 0.78352 -0.25618
v -0.24982 0.78301 -0.25844
v -0.24931 0.78352 -0.13679
v -0.24982 0.78301 -0.13453
v -0.24931 0.44927 0.15934
v -0.24931 0.44651 0.15657
v -0.24982 0.44702 0.15883
v -0.24816 0.44927 0.15657
v -0.24931 0.47973 0.15934
v -0.24816 0.44927 -0.25865
v -0.24931 0.44651 -0.25865
v -0.24816 0.47973 0.15657
v -0.24931 0.44927 -0.26142
v -0.24982 0.44702 -0.26091
v -0.24816 0.47973 -0.25865
v -0.24931 0.47973 -0.26142
v -0.24931 0.4825 -0.25865
v -0.24982 0.48199 -0.26091
v -0.24931 0.4825 0.15657
v -0.24982 0.48199 0.15883
v -0.26569 0.4215 0.18438
v -0.27189 0.41924 0.17891
v -0.27189 0.4215 0.18438
v -0.26569 0.41924 0.17891
v -0.26021 0.4215 0.17891
v -0.26122 0.42251 0.18338
v -0.26021 0.4215 -0.27783
v -0.26569 0.41924 -0.27783
v -0.27189 0.41924 -0.27783
v -0.27189 0.4215 -0.28331
v -0.26569 0.4215 -0.28331
v -0.26122 0.42251 -0.2823
v -0.26569 0.8085 0.18438
v -0.27189 0.80303 0.18665
v -0.27189 0.8085 0.18438
v -0.26569 0.80303 0.18665
v -0.26021 0.80303 0.18438
v -0.26122 0.8075 0.18338
v -0.26021 0.42698 0.18438
v -0.26569 0.42698 0.18665
v -0.27189 0.42698 0.18665
v -0.27189 0.4215 0.18438
v -0.26569 0.4215 0.18438
v -0.26122 0.42251 0.18338
v -0.26569 0.8085 -0.28331
v -0.27189 0.81077 -0.27783
v -0.27189 0.8085 -0.28331
v -0.26569 0.81077 -0.27783
v -0.26021 0.8085 -0.27783
v -0.26122 0.8075 -0.2823
v -0.26021 0.8085 0.17891
v -0.26569 0.81077 0.17891
v -0.27189 0.81077 0.17891
v -0.27189 0.8085 0.18438
v -0.26569 0.8085 0.18438
v -0.26122 0.8075 0.18338
v -0.26569 0.4215 -0.28331
v -0.27189 0.42698 -0.28557
v -0.27189 0.4215 -0.28331
v -0.26569 0.42698 -0.28557
v -0.26021 0.42698 -0.28331
v -0.26122 0.42251 -0.2823
v -0.26021 0.80303 -0.28331
v -0.26569 0.80303 -0.28557
v -0.27189 0.80303 -0.28557
v -0.27189 0.8085 -0.28331
v -0.26569 0.8085 -0.28331
v -0.26122 0.8075 -0.2823
v -0.26021 0.42698 0.18438
v -0.26021 0.4215 0.17891
v -0.26122 0.42251 0.18338
v -0.25795 0.42698 0.17891
v -0.26021 0.80303 0.18438
v -0.25795 0.42698 -0.27783
v -0.26021 0.4215 -0.27783
v -0.25795 0.80303 0.17891
v -0.26021 0.42698 -0.28331
v -0.26122 0.42251 -0.2823
v -0.25795 0.80303 -0.27783
v -0.26021 0.80303 -0.28331
v -0.26021 0.8085 -0.27783
v -0.26122 0.8075 -0.2823
v -0.26021 0.8085 0.17891
v -0.26122 0.8075 0.18338
v -0.13264 0.24626 -0.29579
v -0.13117 0.25023 -0.30888
v -0.13264 0.24626 -0.30888
v -0.13117 0.25023 -0.29579
v -0.13264 0.25023 -0.29182
v -0.1333 0.24699 -0.29255
v -0.13264 0.7912 -0.29182
v -0.13117 0.7912 -0.29579
v -0.13117 0.7912 -0.30888
v -0.13264 0.79517 -0.30888
v -0.13264 0.79517 -0.29579
v -0.1333 0.79444 -0.29255
v -0.2115 0.24626 -0.29579
v -0.20794 0.24462 -0.30888
v -0.2115 0.24626 -0.30888
v -0.20794 0.24462 -0.29579
v -0.20794 0.24626 -0.29182
v -0.21085 0.24699 -0.29255
v -0.13621 0.24626 -0.29182
v -0.13621 0.24462 -0.29579
v -0.13621 0.24462 -0.30888
v -0.13264 0.24626 -0.30888
v -0.13264 0.24626 -0.29579
v -0.1333 0.24699 -0.29255
v -0.13264 0.79517 -0.29579
v -0.13621 0.79681 -0.30888
v -0.13264 0.79517 -0.30888
v -0.13621 0.79681 -0.29579
v -0.13621 0.79517 -0.29182
v -0.1333 0.79444 -0.29255
v -0.20794 0.79517 -0.29182
v -0.20794 0.79681 -0.29579
v -0.20794 0.79681 -0.30888
v -0.2115 0.79517 -0.30888
v -0.2115 0.79517 -0.29579
v -0.21085 0.79444 -0.29255
v -0.2115 0.79517 -0.29579
v -0.21298 0.7912 -0.30888
v -0.2115 0.79517 -0.30888
v -0.21298 0.7912 -0.29579
v -0.2115 0.7912 -0.29182
v -0.21085 0.79444 -0.29255
v -0.2115 0.25023 -0.29182
v -0.21298 0.25023 -0.29579
v -0.21298 0.25023 -0.30888
v -0.2115 0.24626 -0.30888
v -0.2115 0.24626 -0.29579
v -0.21085 0.24699 -0.29255
v -0.07294 0.24626 -0.29579
v -0.06938 0.24462 -0.30888
v -0.07294 0.24626 -0.30888
v -0.06938 0.24462 -0.29579
v 0 0.24462 -0.30888
v -0.06938 0.24626 -0.29182
v -0.07229 0.24699 -0.29255
v 0 0.24626 -0.29182
v 0 0.24462 -0.29579
v 0.06939 0.24462 -0.29579
v 0.06939 0.24462 -0.30888
v 0.06939 0.24626 -0.29182
v 0.07295 0.24626 -0.29579
v 0.07295 0.24626 -0.30888
v 0.0723 0.24699 -0.29255
v -0.07294 0.79517 -0.29579
v -0.07442 0.7912 -0.30888
v -0.07294 0.79517 -0.30888
v -0.07442 0.7912 -0.29579
v -0.07294 0.7912 -0.29182
v -0.07229 0.79444 -0.29255
v -0.07294 0.25023 -0.29182
v -0.07442 0.25023 -0.29579
v -0.07442 0.25023 -0.30888
v -0.07294 0.24626 -0.30888
v -0.07294 0.24626 -0.29579
v -0.07229 0.24699 -0.29255
v -0.13621 0.24626 -0.29182
v -0.13264 0.25023 -0.29182
v -0.1333 0.24699 -0.29255
v -0.13621 0.25023 -0.29018
v -0.20794 0.24626 -0.29182
v -0.13621 0.7912 -0.29018
v -0.13264 0.7912 -0.29182
v -0.20794 0.25023 -0.29018
v -0.13621 0.79517 -0.29182
v -0.1333 0.79444 -0.29255
v -0.20794 0.7912 -0.29018
v -0.20794 0.79517 -0.29182
v -0.2115 0.7912 -0.29182
v -0.21085 0.79444 -0.29255
v -0.2115 0.25023 -0.29182
v -0.21085 0.24699 -0.29255
v -0.07294 0.25023 -0.29182
v -0.06938 0.24626 -0.29182
v -0.07229 0.24699 -0.29255
v -0.06938 0.25023 -0.29018
v 0 0.25023 -0.29018
v 0 0.24626 -0.29182
v -0.07294 0.7912 -0.29182
v 0.06939 0.24626 -0.29182
v -0.06938 0.7912 -0.29018
v -0.06938 0.79517 -0.29182
v -0.07229 0.79444 -0.29255
v 0 0.79517 -0.29182
v 0 0.7912 -0.29018
v 0.06939 0.7912 -0.29018
v 0.06939 0.79517 -0.29182
v 0.06939 0.25023 -0.29018
v 0.07295 0.7912 -0.29182
v 0.0723 0.79444 -0.29255
v 0.07295 0.25023 -0.29182
v 0.0723 0.24699 -0.29255
v -0.07294 0.79517 -0.29579
v -0.06938 0.79517 -0.29182
v -0.07229 0.79444 -0.29255
v -0.06938 0.79681 -0.29579
v 0 0.79681 -0.29579
v -0.07294 0.79517 -0.30888
v -0.06938 0.79681 -0.30888
v 0 0.79517 -0.29182
v 0 0.79681 -0.30888
v 0.06939 0.79681 -0.30888
v 0.06939 0.79517 -0.29182
v 0.06939 0.79681 -0.29579
v 0.07295 0.79517 -0.30888
v 0.07295 0.79517 -0.29579
v 0.0723 0.79444 -0.29255
v 0.20224 0.82827 0.16737
v 0.20224 0.83258 0.16737
v 0.20452 0.83258 0.16831
v 0.20452 0.82827 0.16831
v 0.2234 0.83258 0.16831
v 0.20452 0.82599 0.16737
v 0.20266 0.8264 0.16695
v 0.2234 0.82599 0.16737
v 0.2234 0.82827 0.16831
v 0.22568 0.83258 0.16737
v 0.22568 0.82827 0.16737
v 0.22527 0.8264 0.16695
v 0.22568 0.82827 0.16737
v 0.22568 0.83258 0.16737
v 0.22663 0.83258 0.16509
v 0.22663 0.82827 0.16509
v 0.22663 0.83258 -0.00686
v 0.22568 0.82599 0.16509
v 0.22527 0.8264 0.16695
v 0.22568 0.82599 -0.00686
v 0.22663 0.82827 -0.00686
v 0.22568 0.83258 -0.00914
v 0.22568 0.82826 -0.00914
v 0.22527 0.8264 -0.00872
v 0.2234 0.83258 -0.01008
v 0.22568 0.82826 -0.00914
v 0.22568 0.83258 -0.00914
v 0.2234 0.82827 -0.01008
v 0.2234 0.82599 -0.00914
v 0.22527 0.8264 -0.00872
v 0.18242 0.82597 -0.00902
v 0.18255 0.82836 -0.01008
v 0.18248 0.83258 -0.01008
v 0.1802 0.83258 -0.00963
v 0.18021 0.82836 -0.00961
v 0.18047 0.8264 -0.00899
v 0.18021 0.82836 -0.00961
v 0.1802 0.83258 -0.00963
v 0.17828 0.83258 -0.00833
v 0.17823 0.82836 -0.00828
v 0.14469 0.83258 0.02556
v 0.17908 0.82597 -0.00763
v 0.18047 0.8264 -0.00899
v 0.14535 0.82598 0.02623
v 0.14469 0.82824 0.02556
v 0.14374 0.83258 0.02784
v 0.14375 0.82825 0.02784
v 0.14434 0.8264 0.02784
v 0.14536 0.82599 0.02947
v 0.14468 0.83258 0.03012
v 0.14469 0.82827 0.03014
v 0.1851 0.82599 0.06991
v 0.18436 0.82827 0.07051
v 0.18436 0.83258 0.07051
v 0.19779 0.82599 0.08918
v 0.1969 0.83258 0.08954
v 0.1969 0.82827 0.08954
v 0.20224 0.82599 0.11182
v 0.2013 0.83258 0.11191
v 0.2013 0.82827 0.11191
v 0.20224 0.82599 0.16509
v 0.2013 0.82827 0.16509
v 0.2013 0.83258 0.16509
v 0.20224 0.83258 0.16737
v 0.20224 0.82827 0.16737
v 0.20266 0.8264 0.16695
v 0.20224 0.82599 0.16509
v 0.20266 0.8264 0.16695
v 0.20452 0.82599 0.16737
v 0.20452 0.82504 0.16509
v 0.20224 0.82599 0.11182
v 0.2234 0.82504 0.16509
v 0.2234 0.82599 0.16737
v 0.20452 0.82504 0.1116
v 0.19779 0.82599 0.08918
v 0.2234 0.82504 -0.00686
v 0.19994 0.82504 0.0883
v 0.1851 0.82599 0.06991
v 0.22568 0.82599 0.16509
v 0.22527 0.8264 0.16695
v 0.22568 0.82599 -0.00686
v 0.18688 0.82504 0.06847
v 0.14536 0.82599 0.02947
v 0.14696 0.82504 0.02785
v 0.2234 0.82599 -0.00914
v 0.22527 0.8264 -0.00872
v 0.1813 0.82504 -0.007
v 0.18242 0.82597 -0.00902
v 0.17908 0.82597 -0.00763
v 0.18047 0.8264 -0.00899
v 0.14535 0.82598 0.02623
v 0.14434 0.8264 0.02784
v 0.20224 0.82827 -0.26629
v 0.20452 0.83258 -0.26724
v 0.20224 0.83258 -0.26629
v 0.20452 0.82827 -0.26724
v 0.2234 0.83258 -0.26724
v 0.20452 0.82599 -0.26629
v 0.20266 0.8264 -0.26587
v 0.2234 0.82599 -0.26629
v 0.2234 0.82827 -0.26724
v 0.22568 0.83258 -0.26629
v 0.22568 0.82827 -0.26629
v 0.22527 0.8264 -0.26587
v 0.22568 0.82827 -0.26629
v 0.22663 0.83258 -0.26401
v 0.22568 0.83258 -0.26629
v 0.22663 0.82827 -0.26401
v 0.22663 0.83258 -0.09207
v 0.22568 0.82599 -0.26401
v 0.22527 0.8264 -0.26587
v 0.22568 0.82599 -0.09207
v 0.22663 0.82827 -0.09207
v 0.22568 0.83258 -0.08979
v 0.22568 0.82826 -0.08979
v 0.22527 0.8264 -0.0902
v 0.2234 0.83258 -0.08884
v 0.22568 0.83258 -0.08979
v 0.22568 0.82826 -0.08979
v 0.2234 0.82827 -0.08884
v 0.2234 0.82599 -0.08979
v 0.22527 0.8264 -0.0902
v 0.18242 0.82597 -0.0899
v 0.18255 0.82836 -0.08884
v 0.18248 0.83258 -0.08884
v 0.1802 0.83258 -0.0893
v 0.18021 0.82836 -0.08931
v 0.18047 0.8264 -0.08993
v 0.18021 0.82836 -0.08931
v 0.17828 0.83258 -0.0906
v 0.1802 0.83258 -0.0893
v 0.17823 0.82836 -0.09064
v 0.14469 0.83258 -0.12449
v 0.17908 0.82597 -0.09129
v 0.18047 0.8264 -0.08993
v 0.14535 0.82598 -0.12515
v 0.14469 0.82824 -0.12449
v 0.14374 0.83258 -0.12676
v 0.14375 0.82825 -0.12677
v 0.14434 0.8264 -0.12677
v 0.14536 0.82599 -0.12839
v 0.14468 0.83258 -0.12905
v 0.14469 0.82827 -0.12906
v 0.1851 0.82599 -0.16883
v 0.18436 0.82827 -0.16943
v 0.18436 0.83258 -0.16943
v 0.19779 0.82599 -0.1881
v 0.1969 0.83258 -0.18847
v 0.1969 0.82827 -0.18847
v 0.20224 0.82599 -0.21075
v 0.2013 0.83258 -0.21084
v 0.2013 0.82827 -0.21084
v 0.20224 0.82599 -0.26401
v 0.2013 0.82827 -0.26401
v 0.2013 0.83258 -0.26401
v 0.20224 0.83258 -0.26629
v 0.20224 0.82827 -0.26629
v 0.20266 0.8264 -0.26587
v 0.20224 0.82599 -0.26401
v 0.20452 0.82599 -0.26629
v 0.20266 0.8264 -0.26587
v 0.20452 0.82504 -0.26401
v 0.20224 0.82599 -0.21075
v 0.2234 0.82504 -0.26401
v 0.2234 0.82599 -0.26629
v 0.20452 0.82504 -0.21052
v 0.19779 0.82599 -0.1881
v 0.2234 0.82504 -0.09207
v 0.19994 0.82504 -0.18722
v 0.1851 0.82599 -0.16883
v 0.22568 0.82599 -0.26401
v 0.22527 0.8264 -0.26587
v 0.22568 0.82599 -0.09207
v 0.18688 0.82504 -0.1674
v 0.14536 0.82599 -0.12839
v 0.14696 0.82504 -0.12677
v 0.2234 0.82599 -0.08979
v 0.22527 0.8264 -0.0902
v 0.1813 0.82504 -0.09192
v 0.18242 0.82597 -0.0899
v 0.17908 0.82597 -0.09129
v 0.18047 0.8264 -0.08993
v 0.14535 0.82598 -0.12515
v 0.14434 0.8264 -0.12677
v 0.22027 0.82656 -0.06048
v 0.22027 0.83258 -0.06048
v 0.21391 0.83258 -0.06219
v 0.21391 0.82656 -0.06219
v 0.21384 0.82549 -0.0617
v 0.22002 0.82549 -0.06005
v 0.09103 0.82549 -0.0617
v 0.09097 0.82656 -0.06219
v 0.09097 0.83258 -0.06219
v 0.08485 0.82549 -0.06005
v 0.08461 0.83258 -0.06048
v 0.08461 0.82656 -0.06048
v 0.22027 0.82656 -0.03844
v 0.22027 0.83258 -0.03844
v 0.22492 0.83258 -0.0431
v 0.22492 0.82656 -0.0431
v 0.22663 0.83258 -0.04946
v 0.22449 0.82549 -0.04335
v 0.22002 0.82549 -0.03887
v 0.22613 0.82549 -0.04946
v 0.22663 0.82656 -0.04946
v 0.22492 0.83258 -0.05583
v 0.22449 0.82549 -0.05558
v 0.22492 0.82656 -0.05583
v 0.22027 0.83258 -0.06048
v 0.22002 0.82549 -0.06005
v 0.22027 0.82656 -0.06048
v 0.08461 0.82656 -0.03844
v 0.08461 0.83258 -0.03844
v 0.09097 0.83258 -0.03674
v 0.09097 0.82656 -0.03674
v 0.09103 0.82549 -0.03722
v 0.08485 0.82549 -0.03887
v 0.21384 0.82549 -0.03722
v 0.21391 0.82656 -0.03674
v 0.21391 0.83258 -0.03674
v 0.22002 0.82549 -0.03887
v 0.22027 0.83258 -0.03844
v 0.22027 0.82656 -0.03844
v 0.08461 0.82656 -0.06048
v 0.08461 0.83258 -0.06048
v 0.07995 0.83258 -0.05583
v 0.07995 0.82656 -0.05583
v 0.07824 0.83258 -0.04946
v 0.08038 0.82549 -0.05558
v 0.08485 0.82549 -0.06005
v 0.07874 0.82549 -0.04946
v 0.07824 0.82656 -0.04946
v 0.07995 0.83258 -0.0431
v 0.08038 0.82549 -0.04335
v 0.07995 0.82656 -0.0431
v 0.08461 0.83258 -0.03844
v 0.08485 0.82549 -0.03887
v 0.08461 0.82656 -0.03844
v 0.17268 0.82549 0.11457
v 0.16952 0.82549 0.12005
v 0.16987 0.82656 0.1204
v 0.17316 0.82656 0.1147
v 0.17268 0.82549 0.10824
v 0.17316 0.82656 0.10811
v 0.16948 0.82549 0.1027
v 0.16987 0.82656 0.10241
v 0.07303 0.82549 0.00625
v 0.07332 0.82656 0.00586
v 0.16987 0.83258 0.10241
v 0.17316 0.83258 0.10811
v 0.07332 0.83258 0.00586
v 0.06762 0.83258 0.00257
v 0.06762 0.82656 0.00257
v 0.17316 0.83258 0.1147
v 0.16987 0.83258 0.1204
v 0.16416 0.82656 0.12369
v 0.16416 0.83258 0.12369
v 0.05533 0.82656 0.00586
v 0.05252 0.82549 0.01169
v 0.05568 0.82549 0.00621
v 0.05203 0.82656 0.01157
v 0.05252 0.82549 0.01802
v 0.05203 0.82656 0.01815
v 0.05571 0.82549 0.02356
v 0.05533 0.82656 0.02386
v 0.15217 0.82549 0.12002
v 0.15187 0.82656 0.1204
v 0.05533 0.83258 0.02386
v 0.15187 0.83258 0.1204
v 0.05203 0.83258 0.01815
v 0.05203 0.83258 0.01157
v 0.05533 0.83258 0.00586
v 0.06103 0.82656 0.00257
v 0.06103 0.83258 0.00257
v 0.15187 0.82656 0.1204
v 0.15187 0.83258 0.1204
v 0.15758 0.83258 0.12369
v 0.15758 0.82656 0.12369
v 0.16416 0.83258 0.12369
v 0.16416 0.82656 0.12369
v 0.15771 0.82549 0.12321
v 0.15217 0.82549 0.12002
v 0.16403 0.82549 0.12321
v 0.16952 0.82549 0.12005
v 0.16987 0.82656 0.1204
v 0.06762 0.82656 0.00257
v 0.06762 0.83258 0.00257
v 0.06103 0.83258 0.00257
v 0.06103 0.82656 0.00257
v 0.06116 0.82549 0.00305
v 0.05568 0.82549 0.00621
v 0.05533 0.82656 0.00586
v 0.06749 0.82549 0.00305
v 0.07332 0.82656 0.00586
v 0.07303 0.82549 0.00625
v 0.00637 0.82656 0.18906
v 0.00637 0.83258 0.18906
v 0.01102 0.83258 0.1844
v 0.01102 0.82656 0.1844
v 0.01273 0.83258 0.17804
v 0.01059 0.82549 0.18415
v 0.00612 0.82549 0.18862
v 0.01225 0.82549 0.17797
v 0.01273 0.82656 0.17804
v 0.01225 0.82549 0.04156
v 0.01273 0.82656 0.0415
v 0.01273 0.83258 0.0415
v 0.01059 0.82549 0.03539
v 0.01102 0.83258 0.03514
v 0.01102 0.82656 0.03514
v 0.00612 0.82549 0.03091
v 0.00637 0.83258 0.03048
v 0.00637 0.82656 0.03048
v -0.00636 0.82656 0.18906
v -0.00636 0.83258 0.18906
v 1E-05 0.83258 0.19076
v 1E-05 0.82656 0.19076
v 0.00637 0.83258 0.18906
v 0.00637 0.82656 0.18906
v 0.00612 0.82549 0.18862
v 1E-05 0.82549 0.19026
v -0.00611 0.82549 0.18862
v -0.00636 0.82656 0.03048
v -0.00636 0.83258 0.03048
v -0.01101 0.83258 0.03514
v -0.01101 0.82656 0.03514
v -0.01272 0.83258 0.0415
v -0.01058 0.82549 0.03539
v -0.00611 0.82549 0.03091
v -0.01224 0.82549 0.04156
v -0.01272 0.82656 0.0415
v -0.01224 0.82549 0.17797
v -0.01272 0.82656 0.17804
v -0.01272 0.83258 0.17804
v -0.01058 0.82549 0.18415
v -0.01101 0.83258 0.1844
v -0.01101 0.82656 0.1844
v -0.00611 0.82549 0.18862
v -0.00636 0.83258 0.18906
v -0.00636 0.82656 0.18906
v 0.00637 0.82656 0.03048
v 0.00637 0.83258 0.03048
v 1E-05 0.83258 0.02878
v 1E-05 0.82656 0.02878
v -0.00636 0.83258 0.03048
v -0.00636 0.82656 0.03048
v -0.00611 0.82549 0.03091
v 1E-05 0.82549 0.02928
v 0.00612 0.82549 0.03091
v 0.16403 0.82549 -0.22214
v 0.16952 0.82549 -0.21897
v 0.16987 0.82656 -0.21933
v 0.16416 0.82656 -0.22262
v 0.15771 0.82549 -0.22214
v 0.15758 0.82656 -0.22262
v 0.15217 0.82549 -0.21894
v 0.15187 0.82656 -0.21933
v 0.15758 0.83258 -0.22262
v 0.16416 0.83258 -0.22262
v 0.05533 0.82656 -0.10479
v 0.06116 0.82549 -0.10197
v 0.05568 0.82549 -0.10514
v 0.06103 0.82656 -0.10149
v 0.06749 0.82549 -0.10197
v 0.06762 0.82656 -0.10149
v 0.07303 0.82549 -0.10517
v 0.07332 0.82656 -0.10478
v 0.07332 0.83258 -0.10478
v 0.06762 0.83258 -0.10149
v 0.06103 0.83258 -0.10149
v 0.16987 0.82656 -0.21933
v 0.16416 0.83258 -0.22262
v 0.16416 0.82656 -0.22262
v 0.16987 0.83258 -0.21933
v 0.17316 0.82656 -0.21362
v 0.16952 0.82549 -0.21897
v 0.17316 0.83258 -0.21362
v 0.17268 0.82549 -0.21349
v 0.17316 0.82656 -0.20703
v 0.17316 0.83258 -0.20703
v 0.17268 0.82549 -0.20716
v 0.16987 0.82656 -0.20133
v 0.16987 0.83258 -0.20133
v 0.07332 0.83258 -0.10478
v 0.16948 0.82549 -0.20163
v 0.07332 0.82656 -0.10478
v 0.07303 0.82549 -0.10517
v 0.15758 0.82656 -0.22262
v 0.15758 0.83258 -0.22262
v 0.15187 0.83258 -0.21933
v 0.15187 0.82656 -0.21933
v 0.05533 0.82656 -0.12278
v 0.05533 0.83258 -0.12278
v 0.05203 0.83258 -0.11708
v 0.05571 0.82549 -0.12248
v 0.15217 0.82549 -0.21894
v 0.05252 0.82549 -0.11695
v 0.05203 0.82656 -0.11708
v 0.05203 0.83258 -0.11049
v 0.05252 0.82549 -0.11062
v 0.05203 0.82656 -0.11049
v 0.05568 0.82549 -0.10514
v 0.05533 0.83258 -0.10479
v 0.05533 0.82656 -0.10479
v 0.06103 0.83258 -0.10149
v 0.06103 0.82656 -0.10149
v 0.3009 0.16019 0.20926
v 0.3009 0.86931 0.20926
v 0.3009 0.86931 0.04887
v 0.3009 0.16019 0.04887
v 0.3009 0.16019 -0.34629
v 0.3009 0.86931 -0.34629
v 0.3009 0.09612 0.04887
v 0.3009 0.09612 -0.34629
v 0.3009 0.03204 -0.34629
v 0.3009 0.03204 0.08084
v 0.3009 0 0.08084
v 0.3009 0 -0.34629
v 0.2719 0.19557 0.09484
v 0.2719 0.19557 -0.30888
v 0.2719 0.83258 -0.30888
v 0.2719 0.19557 0.13738
v 0.2719 0.83258 0.20926
v 0.2719 0.19557 0.20926
v 0.2719 0.19149 0.13738
v 0.2719 0.19149 0.09484
v 0.2719 0.19557 0.09484
v 0.2719 0.19149 0.09484
v 0.24247 0.19149 0.09484
v 0.24247 0.19557 0.09484
v 0.24247 0.19557 0.13738
v 0.24247 0.19149 0.13738
v 0.2719 0.19149 0.13738
v 0.2719 0.19557 0.13738
v 0.24247 0.19557 0.13738
v 0.24247 0.19557 0.09484
v 0.24247 0.19149 0.09484
v 0.24247 0.19149 0.13738
v 0.08477 0.20054 -0.05857
v 0.08492 0.20107 -0.05872
v 0.0853 0.20119 -0.05845
v 0.08503 0.20054 -0.05793
v 0.08477 0.19818 -0.05857
v 0.08503 0.20063 0.05695
v 0.08537 0.20122 0.05728
v 0.08479 0.20044 0.05761
v 0.08488 0.20119 0.05765
v 0.08453 0.20124 0.05811
v 0.08415 0.20025 0.05787
v 0.08503 0.19818 0.05696
v 0.08477 0.19818 0.0576
v 0.08503 0.19818 -0.05793
v 0.08477 0.19754 0.05696
v 0.08465 0.19766 0.05748
v 0.08477 0.19754 -0.05793
v 0.08465 0.19766 -0.05845
v 0.17681 0.21107 0.15123
v 0.17681 0.20911 0.15123
v 0.17474 0.20911 0.15178
v 0.17474 0.21107 0.15178
v 0.17471 0.21142 0.15162
v 0.17673 0.21142 0.15109
v 0.1108 0.21142 0.15162
v 0.11078 0.21107 0.15178
v 0.11078 0.20911 0.15178
v 0.10879 0.21142 0.15109
v 0.10871 0.20911 0.15123
v 0.10871 0.21107 0.15123
v 0.17681 0.21107 0.14405
v 0.17681 0.20911 0.14405
v 0.17832 0.20911 0.14557
v 0.17832 0.21107 0.14557
v 0.17888 0.20911 0.14764
v 0.17818 0.21142 0.14565
v 0.17673 0.21142 0.14419
v 0.17872 0.21142 0.14764
v 0.17888 0.21107 0.14764
v 0.17832 0.20911 0.14971
v 0.17818 0.21142 0.14963
v 0.17832 0.21107 0.14971
v 0.17681 0.20911 0.15123
v 0.17673 0.21142 0.15109
v 0.17681 0.21107 0.15123
v 0.10871 0.21107 0.14405
v 0.10871 0.20911 0.14405
v 0.11078 0.20911 0.1435
v 0.11078 0.21107 0.1435
v 0.1108 0.21142 0.14365
v 0.10879 0.21142 0.14419
v 0.17471 0.21142 0.14365
v 0.17474 0.21107 0.1435
v 0.17474 0.20911 0.1435
v 0.17673 0.21142 0.14419
v 0.17681 0.20911 0.14405
v 0.17681 0.21107 0.14405
v 0.10871 0.21107 0.15123
v 0.10871 0.20911 0.15123
v 0.10719 0.20911 0.14971
v 0.10719 0.21107 0.14971
v 0.10663 0.20911 0.14764
v 0.10733 0.21142 0.14963
v 0.10879 0.21142 0.15109
v 0.1068 0.21142 0.14764
v 0.10663 0.21107 0.14764
v 0.10719 0.20911 0.14557
v 0.10733 0.21142 0.14565
v 0.10719 0.21107 0.14557
v 0.10871 0.20911 0.14405
v 0.10879 0.21142 0.14419
v 0.10871 0.21107 0.14405
v 0.17681 0.21107 0.1328
v 0.17681 0.20911 0.1328
v 0.17474 0.20911 0.13336
v 0.17474 0.21107 0.13336
v 0.17471 0.21142 0.1332
v 0.17673 0.21142 0.13266
v 0.1108 0.21142 0.1332
v 0.11078 0.21107 0.13336
v 0.11078 0.20911 0.13336
v 0.10879 0.21142 0.13266
v 0.10871 0.20911 0.1328
v 0.10871 0.21107 0.1328
v 0.17681 0.21107 0.12563
v 0.17681 0.20911 0.12563
v 0.17832 0.20911 0.12715
v 0.17832 0.21107 0.12715
v 0.17888 0.20911 0.12922
v 0.17818 0.21142 0.12723
v 0.17673 0.21142 0.12577
v 0.17872 0.21142 0.12922
v 0.17888 0.21107 0.12922
v 0.17832 0.20911 0.13129
v 0.17818 0.21142 0.13121
v 0.17832 0.21107 0.13129
v 0.17681 0.20911 0.1328
v 0.17673 0.21142 0.13266
v 0.17681 0.21107 0.1328
v 0.10871 0.21107 0.12563
v 0.10871 0.20911 0.12563
v 0.11078 0.20911 0.12507
v 0.11078 0.21107 0.12507
v 0.1108 0.21142 0.12523
v 0.10879 0.21142 0.12577
v 0.17471 0.21142 0.12523
v 0.17474 0.21107 0.12507
v 0.17474 0.20911 0.12507
v 0.17673 0.21142 0.12577
v 0.17681 0.20911 0.12563
v 0.17681 0.21107 0.12563
v 0.10871 0.21107 0.1328
v 0.10871 0.20911 0.1328
v 0.10719 0.20911 0.13129
v 0.10719 0.21107 0.13129
v 0.10663 0.20911 0.12922
v 0.10733 0.21142 0.13121
v 0.10879 0.21142 0.13266
v 0.1068 0.21142 0.12922
v 0.10663 0.21107 0.12922
v 0.10719 0.20911 0.12715
v 0.10733 0.21142 0.12723
v 0.10719 0.21107 0.12715
v 0.10871 0.20911 0.12563
v 0.10879 0.21142 0.12577
v 0.10871 0.21107 0.12563
v 0.17681 0.21107 0.11438
v 0.17681 0.20911 0.11438
v 0.17474 0.20911 0.11494
v 0.17474 0.21107 0.11494
v 0.17471 0.21142 0.11478
v 0.17673 0.21142 0.11424
v 0.1108 0.21142 0.11478
v 0.11078 0.21107 0.11494
v 0.11078 0.20911 0.11494
v 0.10879 0.21142 0.11424
v 0.10871 0.20911 0.11438
v 0.10871 0.21107 0.11438
v 0.17681 0.21107 0.10721
v 0.17681 0.20911 0.10721
v 0.17832 0.20911 0.10872
v 0.17832 0.21107 0.10872
v 0.17888 0.20911 0.1108
v 0.17818 0.21142 0.10881
v 0.17673 0.21142 0.10735
v 0.17872 0.21142 0.1108
v 0.17888 0.21107 0.1108
v 0.17832 0.20911 0.11287
v 0.17818 0.21142 0.11279
v 0.17832 0.21107 0.11287
v 0.17681 0.20911 0.11438
v 0.17673 0.21142 0.11424
v 0.17681 0.21107 0.11438
v 0.10871 0.21107 0.10721
v 0.10871 0.20911 0.10721
v 0.11078 0.20911 0.10665
v 0.11078 0.21107 0.10665
v 0.1108 0.21142 0.10681
v 0.10879 0.21142 0.10735
v 0.17471 0.21142 0.10681
v 0.17474 0.21107 0.10665
v 0.17474 0.20911 0.10665
v 0.17673 0.21142 0.10735
v 0.17681 0.20911 0.10721
v 0.17681 0.21107 0.10721
v 0.10871 0.21107 0.11438
v 0.10871 0.20911 0.11438
v 0.10719 0.20911 0.11287
v 0.10719 0.21107 0.11287
v 0.10663 0.20911 0.1108
v 0.10733 0.21142 0.11279
v 0.10879 0.21142 0.11424
v 0.1068 0.21142 0.1108
v 0.10663 0.21107 0.1108
v 0.10719 0.20911 0.10872
v 0.10733 0.21142 0.10881
v 0.10719 0.21107 0.10872
v 0.10871 0.20911 0.10721
v 0.10879 0.21142 0.10735
v 0.10871 0.21107 0.10721
v 0.2719 0.26716 0.05724
v 0.26619 0.2684 0.05849
v 0.26493 0.26716 0.06405
v 0.2719 0.26434 0.06405
v 0.26476 0.26794 0.08718
v 0.2719 0.26434 0.08579
v 0.2719 0.26536 0.0926
v 0.26602 0.26738 0.09193
v 0.26474 0.27058 0.09565
v 0.2719 0.26831 0.09882
v 0.26493 0.29135 0.12142
v 0.2719 0.28896 0.12291
v 0.26493 0.30228 0.13665
v 0.2719 0.29974 0.1379
v 0.26493 0.30993 0.1559
v 0.2719 0.30728 0.15688
v 0.26558 0.31662 0.17663
v 0.2719 0.31469 0.17867
v 0.2719 0.31892 0.18444
v 0.26658 0.31967 0.18217
v 0.26493 0.27399 0.05724
v 0.26619 0.2684 0.05849
v 0.2719 0.26716 0.05724
v 0.2719 0.27398 0.05442
v 0.2719 0.38257 0.05442
v 0.26493 0.38257 0.05724
v 0.2719 0.38939 0.05724
v 0.26619 0.38813 0.05849
v 0.26493 0.38939 0.06405
v 0.26619 0.38813 0.05849
v 0.2719 0.38939 0.05724
v 0.2719 0.39221 0.06405
v 0.2719 0.39221 0.17701
v 0.26493 0.38939 0.17701
v 0.2719 0.38939 0.18383
v 0.26618 0.38813 0.18257
v 0.26493 0.38257 0.18383
v 0.26618 0.38813 0.18257
v 0.2719 0.38939 0.18383
v 0.2719 0.38257 0.18665
v 0.2719 0.32574 0.18665
v 0.26498 0.32523 0.18382
v 0.2719 0.31892 0.18444
v 0.26658 0.31967 0.18217
v 0.2719 0.26716 -0.11309
v 0.26619 0.26842 -0.11184
v 0.26493 0.26716 -0.10628
v 0.2719 0.26434 -0.10628
v 0.26493 0.26716 0.00669
v 0.2719 0.26434 0.00669
v 0.2719 0.26716 0.0135
v 0.26619 0.26842 0.01225
v 0.26493 0.27398 -0.11309
v 0.26619 0.26842 -0.11184
v 0.2719 0.26716 -0.11309
v 0.2719 0.27398 -0.11591
v 0.2719 0.38257 -0.11591
v 0.26493 0.38257 -0.11309
v 0.2719 0.38939 -0.11309
v 0.26619 0.38813 -0.11184
v 0.2719 0.26716 0.0135
v 0.26619 0.26842 0.01225
v 0.26493 0.27398 0.0135
v 0.2719 0.27398 0.01632
v 0.26493 0.38257 0.0135
v 0.2719 0.38257 0.01632
v 0.2719 0.38939 0.0135
v 0.26619 0.38813 0.01225
v 0.2719 0.38939 0.0135
v 0.26619 0.38813 0.01225
v 0.26493 0.38939 0.00669
v 0.2719 0.39221 0.00669
v 0.2719 0.39221 -0.10628
v 0.26493 0.38939 -0.10628
v 0.26619 0.38813 -0.11184
v 0.2719 0.38939 -0.11309
v 0.2719 0.26716 -0.28275
v 0.26619 0.26842 -0.2815
v 0.26493 0.26716 -0.27594
v 0.2719 0.26434 -0.27594
v 0.26493 0.26716 -0.16298
v 0.2719 0.26434 -0.16298
v 0.2719 0.26716 -0.15616
v 0.26619 0.26842 -0.15742
v 0.26493 0.27398 -0.28275
v 0.26619 0.26842 -0.2815
v 0.2719 0.26716 -0.28275
v 0.2719 0.27398 -0.28557
v 0.2719 0.38257 -0.28557
v 0.26493 0.38257 -0.28275
v 0.2719 0.38939 -0.28275
v 0.26619 0.38813 -0.2815
v 0.2719 0.26716 -0.15616
v 0.26619 0.26842 -0.15742
v 0.26493 0.27398 -0.15616
v 0.2719 0.27398 -0.15334
v 0.26493 0.38257 -0.15616
v 0.2719 0.38257 -0.15334
v 0.2719 0.38939 -0.15616
v 0.26619 0.38813 -0.15742
v 0.2719 0.38939 -0.15616
v 0.26619 0.38813 -0.15742
v 0.26493 0.38939 -0.16298
v 0.2719 0.39221 -0.16298
v 0.26493 0.38939 -0.27594
v 0.2719 0.39221 -0.27594
v 0.2719 0.38939 -0.28275
v 0.26619 0.38813 -0.2815
v 0.26493 0.26716 0.06405
v 0.26619 0.2684 0.05849
v 0.26493 0.27399 0.05724
v 0.26211 0.27398 0.06405
v 0.26211 0.38257 0.06405
v 0.26493 0.38257 0.05724
v 0.26476 0.26794 0.08718
v 0.26493 0.38939 0.06405
v 0.26619 0.38813 0.05849
v 0.26211 0.38257 0.17701
v 0.26493 0.38939 0.17701
v 0.26493 0.38257 0.18383
v 0.26618 0.38813 0.18257
v 0.26211 0.32412 0.17725
v 0.26498 0.32523 0.18382
v 0.26558 0.31662 0.17663
v 0.26658 0.31967 0.18217
v 0.26211 0.31633 0.15355
v 0.26493 0.30993 0.1559
v 0.26211 0.30841 0.13365
v 0.26493 0.30228 0.13665
v 0.26211 0.29714 0.11781
v 0.26493 0.29135 0.12142
v 0.26211 0.2735 0.09012
v 0.26474 0.27058 0.09565
v 0.26602 0.26738 0.09193
v 0.26493 0.26716 -0.10628
v 0.26619 0.26842 -0.11184
v 0.26493 0.27398 -0.11309
v 0.26211 0.27398 -0.10628
v 0.26493 0.26716 0.00669
v 0.26211 0.38257 -0.10628
v 0.26493 0.38257 -0.11309
v 0.26211 0.27398 0.00669
v 0.26493 0.38939 -0.10628
v 0.26619 0.38813 -0.11184
v 0.26211 0.38257 0.00669
v 0.26493 0.38939 0.00669
v 0.26493 0.38257 0.0135
v 0.26619 0.38813 0.01225
v 0.26493 0.27398 0.0135
v 0.26619 0.26842 0.01225
v 0.26493 0.26716 -0.27594
v 0.26619 0.26842 -0.2815
v 0.26493 0.27398 -0.28275
v 0.26211 0.27398 -0.27594
v 0.26493 0.26716 -0.16298
v 0.26211 0.38257 -0.27594
v 0.26493 0.38257 -0.28275
v 0.26211 0.27398 -0.16298
v 0.26493 0.38939 -0.27594
v 0.26619 0.38813 -0.2815
v 0.26211 0.38257 -0.16298
v 0.26493 0.38939 -0.16298
v 0.26493 0.38257 -0.15616
v 0.26619 0.38813 -0.15742
v 0.26493 0.27398 -0.15616
v 0.26619 0.26842 -0.15742
v 0.25209 0.50328 0.03443
v 0.25796 0.50328 0.03443
v 0.25796 0.50604 0.03328
v 0.25209 0.50604 0.03328
v 0.24932 0.50604 0.03443
v 0.24983 0.50378 0.03494
v 0.24932 0.78075 0.03443
v 0.25209 0.78075 0.03328
v 0.25796 0.78075 0.03328
v 0.25796 0.78352 0.03443
v 0.25209 0.78352 0.03443
v 0.24983 0.78301 0.03494
v 0.25209 0.50328 0.15934
v 0.25796 0.50328 0.15934
v 0.25796 0.50213 0.15657
v 0.25209 0.50213 0.15657
v 0.24932 0.50328 0.15657
v 0.24983 0.50378 0.15883
v 0.24932 0.50328 0.03719
v 0.25209 0.50213 0.03719
v 0.25796 0.50213 0.03719
v 0.25796 0.50328 0.03443
v 0.25209 0.50328 0.03443
v 0.24983 0.50378 0.03494
v 0.25209 0.78352 0.15934
v 0.25796 0.78352 0.15934
v 0.25796 0.78075 0.16049
v 0.25209 0.78075 0.16049
v 0.24932 0.78075 0.15934
v 0.24983 0.78301 0.15883
v 0.24932 0.50604 0.15934
v 0.25209 0.50604 0.16049
v 0.25796 0.50604 0.16049
v 0.25796 0.50328 0.15934
v 0.25209 0.50328 0.15934
v 0.24983 0.50378 0.15883
v 0.25209 0.78352 0.03443
v 0.25796 0.78352 0.03443
v 0.25796 0.78467 0.03719
v 0.25209 0.78467 0.03719
v 0.24932 0.78352 0.03719
v 0.24983 0.78301 0.03494
v 0.24932 0.78352 0.15657
v 0.25209 0.78467 0.15657
v 0.25796 0.78467 0.15657
v 0.25796 0.78352 0.15934
v 0.25209 0.78352 0.15934
v 0.24983 0.78301 0.15883
v 0.25209 0.57494 -0.11225
v 0.25796 0.57494 -0.11225
v 0.25796 0.57771 -0.1134
v 0.25209 0.57771 -0.1134
v 0.24932 0.57771 -0.11225
v 0.24983 0.57545 -0.11174
v 0.24932 0.78075 -0.11225
v 0.25209 0.78075 -0.1134
v 0.25796 0.78075 -0.1134
v 0.25796 0.78352 -0.11225
v 0.25209 0.78352 -0.11225
v 0.24983 0.78301 -0.11174
v 0.25209 0.57494 0.01266
v 0.25796 0.57494 0.01266
v 0.25796 0.57379 0.00989
v 0.25209 0.57379 0.00989
v 0.24932 0.57494 0.00989
v 0.24983 0.57545 0.01215
v 0.24932 0.57494 -0.10949
v 0.25209 0.57379 -0.10949
v 0.25796 0.57379 -0.10949
v 0.25796 0.57494 -0.11225
v 0.25209 0.57494 -0.11225
v 0.24983 0.57545 -0.11174
v 0.25209 0.78352 0.01266
v 0.25796 0.78352 0.01266
v 0.25796 0.78075 0.01381
v 0.25209 0.78075 0.01381
v 0.24932 0.78075 0.01266
v 0.24983 0.78301 0.01215
v 0.24932 0.57771 0.01266
v 0.25209 0.57771 0.01381
v 0.25796 0.57771 0.01381
v 0.25796 0.57494 0.01266
v 0.25209 0.57494 0.01266
v 0.24983 0.57545 0.01215
v 0.25209 0.78352 -0.11225
v 0.25796 0.78352 -0.11225
v 0.25796 0.78467 -0.10949
v 0.25209 0.78467 -0.10949
v 0.24932 0.78352 -0.10949
v 0.24983 0.78301 -0.11174
v 0.24932 0.78352 0.00989
v 0.25209 0.78467 0.00989
v 0.25796 0.78467 0.00989
v 0.25796 0.78352 0.01266
v 0.25209 0.78352 0.01266
v 0.24983 0.78301 0.01215
v 0.25209 0.50328 -0.13402
v 0.25796 0.50328 -0.13402
v 0.25796 0.50213 -0.13679
v 0.25209 0.50213 -0.13679
v 0.25796 0.50213 -0.25618
v 0.24932 0.50328 -0.13679
v 0.24983 0.50378 -0.13453
v 0.24932 0.50328 -0.25618
v 0.25209 0.50213 -0.25618
v 0.25796 0.50328 -0.25895
v 0.25209 0.50328 -0.25895
v 0.24983 0.50378 -0.25844
v 0.25209 0.50328 -0.25895
v 0.25796 0.50328 -0.25895
v 0.25796 0.50604 -0.26009
v 0.25209 0.50604 -0.26009
v 0.25796 0.78075 -0.26009
v 0.24932 0.50604 -0.25895
v 0.24983 0.50378 -0.25844
v 0.24932 0.78075 -0.25895
v 0.25209 0.78075 -0.26009
v 0.25796 0.78352 -0.25895
v 0.25209 0.78352 -0.25895
v 0.24983 0.78301 -0.25844
v 0.25209 0.78352 -0.25895
v 0.25796 0.78352 -0.25895
v 0.25796 0.78467 -0.25618
v 0.25209 0.78467 -0.25618
v 0.25796 0.78467 -0.13679
v 0.24932 0.78352 -0.25618
v 0.24983 0.78301 -0.25844
v 0.24932 0.78352 -0.13679
v 0.25209 0.78467 -0.13679
v 0.25796 0.78352 -0.13402
v 0.25209 0.78352 -0.13402
v 0.24983 0.78301 -0.13453
v 0.25209 0.78352 -0.13402
v 0.25796 0.78352 -0.13402
v 0.25796 0.78075 -0.13288
v 0.25209 0.78075 -0.13288
v 0.25796 0.50604 -0.13288
v 0.24932 0.78075 -0.13402
v 0.24983 0.78301 -0.13453
v 0.24932 0.50604 -0.13402
v 0.25209 0.50604 -0.13288
v 0.25796 0.50328 -0.13402
v 0.25209 0.50328 -0.13402
v 0.24983 0.50378 -0.13453
v 0.25209 0.44651 0.15934
v 0.25796 0.44651 0.15934
v 0.25796 0.44536 0.15657
v 0.25209 0.44536 0.15657
v 0.24932 0.44651 0.15657
v 0.24983 0.44702 0.15883
v 0.24932 0.44651 -0.25865
v 0.25209 0.44536 -0.25865
v 0.25796 0.44536 -0.25865
v 0.25796 0.44651 -0.26142
v 0.25209 0.44651 -0.26142
v 0.24983 0.44702 -0.26091
v 0.25209 0.4825 0.15934
v 0.25796 0.4825 0.15934
v 0.25796 0.47973 0.16049
v 0.25209 0.47973 0.16049
v 0.24932 0.47973 0.15934
v 0.24983 0.48199 0.15883
v 0.24932 0.44927 0.15934
v 0.25209 0.44927 0.16049
v 0.25796 0.44927 0.16049
v 0.25796 0.44651 0.15934
v 0.25209 0.44651 0.15934
v 0.24983 0.44702 0.15883
v 0.25209 0.4825 -0.26142
v 0.25796 0.4825 -0.26142
v 0.25796 0.48364 -0.25865
v 0.25209 0.48364 -0.25865
v 0.24932 0.4825 -0.25865
v 0.24983 0.48199 -0.26091
v 0.24932 0.4825 0.15657
v 0.25209 0.48364 0.15657
v 0.25796 0.48364 0.15657
v 0.25796 0.4825 0.15934
v 0.25209 0.4825 0.15934
v 0.24983 0.48199 0.15883
v 0.25209 0.44651 -0.26142
v 0.25796 0.44651 -0.26142
v 0.25796 0.44927 -0.26257
v 0.25209 0.44927 -0.26257
v 0.24932 0.44927 -0.26142
v 0.24983 0.44702 -0.26091
v 0.24932 0.47973 -0.26142
v 0.25209 0.47973 -0.26257
v 0.25796 0.47973 -0.26257
v 0.25796 0.4825 -0.26142
v 0.25209 0.4825 -0.26142
v 0.24983 0.48199 -0.26091
v 0.24932 0.50328 0.03719
v 0.24983 0.50378 0.03494
v 0.24932 0.50604 0.03443
v 0.24817 0.50604 0.03719
v 0.24932 0.50328 0.15657
v 0.24817 0.78075 0.03719
v 0.24932 0.78075 0.03443
v 0.24817 0.50604 0.15657
v 0.24932 0.78352 0.03719
v 0.24983 0.78301 0.03494
v 0.24817 0.78075 0.15657
v 0.24932 0.78352 0.15657
v 0.24932 0.78075 0.15934
v 0.24983 0.78301 0.15883
v 0.24932 0.50604 0.15934
v 0.24983 0.50378 0.15883
v 0.24932 0.57494 -0.10949
v 0.24983 0.57545 -0.11174
v 0.24932 0.57771 -0.11225
v 0.24817 0.57771 -0.10949
v 0.24932 0.57494 0.00989
v 0.24817 0.78075 -0.10949
v 0.24932 0.78075 -0.11225
v 0.24817 0.57771 0.00989
v 0.24932 0.78352 -0.10949
v 0.24983 0.78301 -0.11174
v 0.24817 0.78075 0.00989
v 0.24932 0.78352 0.00989
v 0.24932 0.78075 0.01266
v 0.24983 0.78301 0.01215
v 0.24932 0.57771 0.01266
v 0.24983 0.57545 0.01215
v 0.24932 0.50604 -0.13402
v 0.24983 0.50378 -0.13453
v 0.24932 0.50328 -0.13679
v 0.24817 0.50604 -0.13679
v 0.24932 0.78075 -0.13402
v 0.24817 0.50604 -0.25618
v 0.24932 0.50328 -0.25618
v 0.24817 0.78075 -0.13679
v 0.24932 0.50604 -0.25895
v 0.24983 0.50378 -0.25844
v 0.24817 0.78075 -0.25618
v 0.24932 0.78075 -0.25895
v 0.24932 0.78352 -0.25618
v 0.24983 0.78301 -0.25844
v 0.24932 0.78352 -0.13679
v 0.24983 0.78301 -0.13453
v 0.24932 0.44927 0.15934
v 0.24983 0.44702 0.15883
v 0.24932 0.44651 0.15657
v 0.24817 0.44927 0.15657
v 0.24932 0.47973 0.15934
v 0.24817 0.44927 -0.25865
v 0.24932 0.44651 -0.25865
v 0.24817 0.47973 0.15657
v 0.24932 0.44927 -0.26142
v 0.24983 0.44702 -0.26091
v 0.24817 0.47973 -0.25865
v 0.24932 0.47973 -0.26142
v 0.24932 0.4825 -0.25865
v 0.24983 0.48199 -0.26091
v 0.24932 0.4825 0.15657
v 0.24983 0.48199 0.15883
v 0.2657 0.4215 0.18438
v 0.2719 0.4215 0.18438
v 0.2719 0.41924 0.17891
v 0.2657 0.41924 0.17891
v 0.26022 0.4215 0.17891
v 0.26123 0.42251 0.18338
v 0.26022 0.4215 -0.27783
v 0.2657 0.41924 -0.27783
v 0.2719 0.41924 -0.27783
v 0.2719 0.4215 -0.28331
v 0.2657 0.4215 -0.28331
v 0.26123 0.42251 -0.2823
v 0.2657 0.8085 0.18438
v 0.2719 0.8085 0.18438
v 0.2719 0.80303 0.18665
v 0.2657 0.80303 0.18665
v 0.26022 0.80303 0.18438
v 0.26123 0.8075 0.18338
v 0.26022 0.42698 0.18438
v 0.2657 0.42698 0.18665
v 0.2719 0.42698 0.18665
v 0.2719 0.4215 0.18438
v 0.2657 0.4215 0.18438
v 0.26123 0.42251 0.18338
v 0.2657 0.8085 -0.28331
v 0.2719 0.8085 -0.28331
v 0.2719 0.81077 -0.27783
v 0.2657 0.81077 -0.27783
v 0.26022 0.8085 -0.27783
v 0.26123 0.8075 -0.2823
v 0.26022 0.8085 0.17891
v 0.2657 0.81077 0.17891
v 0.2719 0.81077 0.17891
v 0.2719 0.8085 0.18438
v 0.2657 0.8085 0.18438
v 0.26123 0.8075 0.18338
v 0.2657 0.4215 -0.28331
v 0.2719 0.4215 -0.28331
v 0.2719 0.42698 -0.28557
v 0.2657 0.42698 -0.28557
v 0.26022 0.42698 -0.28331
v 0.26123 0.42251 -0.2823
v 0.26022 0.80303 -0.28331
v 0.2657 0.80303 -0.28557
v 0.2719 0.80303 -0.28557
v 0.2719 0.8085 -0.28331
v 0.2657 0.8085 -0.28331
v 0.26123 0.8075 -0.2823
v 0.26022 0.42698 0.18438
v 0.26123 0.42251 0.18338
v 0.26022 0.4215 0.17891
v 0.25796 0.42698 0.17891
v 0.26022 0.80303 0.18438
v 0.25796 0.42698 -0.27783
v 0.26022 0.4215 -0.27783
v 0.25796 0.80303 0.17891
v 0.26022 0.42698 -0.28331
v 0.26123 0.42251 -0.2823
v 0.25796 0.80303 -0.27783
v 0.26022 0.80303 -0.28331
v 0.26022 0.8085 -0.27783
v 0.26123 0.8075 -0.2823
v 0.26022 0.8085 0.17891
v 0.26123 0.8075 0.18338
v 0.13265 0.24626 -0.29579
v 0.13265 0.24626 -0.30888
v 0.13118 0.25023 -0.30888
v 0.13118 0.25023 -0.29579
v 0.13265 0.25023 -0.29182
v 0.13331 0.24699 -0.29255
v 0.13265 0.7912 -0.29182
v 0.13118 0.7912 -0.29579
v 0.13118 0.7912 -0.30888
v 0.13265 0.79517 -0.30888
v 0.13265 0.79517 -0.29579
v 0.13331 0.79444 -0.29255
v 0.21151 0.24626 -0.29579
v 0.21151 0.24626 -0.30888
v 0.20795 0.24462 -0.30888
v 0.20795 0.24462 -0.29579
v 0.20795 0.24626 -0.29182
v 0.21086 0.24699 -0.29255
v 0.13622 0.24626 -0.29182
v 0.13622 0.24462 -0.29579
v 0.13622 0.24462 -0.30888
v 0.13265 0.24626 -0.30888
v 0.13265 0.24626 -0.29579
v 0.13331 0.24699 -0.29255
v 0.13265 0.79517 -0.29579
v 0.13265 0.79517 -0.30888
v 0.13622 0.79681 -0.30888
v 0.13622 0.79681 -0.29579
v 0.13622 0.79517 -0.29182
v 0.13331 0.79444 -0.29255
v 0.20795 0.79517 -0.29182
v 0.20795 0.79681 -0.29579
v 0.20795 0.79681 -0.30888
v 0.21151 0.79517 -0.30888
v 0.21151 0.79517 -0.29579
v 0.21086 0.79444 -0.29255
v 0.21151 0.79517 -0.29579
v 0.21151 0.79517 -0.30888
v 0.21299 0.7912 -0.30888
v 0.21299 0.7912 -0.29579
v 0.21151 0.7912 -0.29182
v 0.21086 0.79444 -0.29255
v 0.21151 0.25023 -0.29182
v 0.21299 0.25023 -0.29579
v 0.21299 0.25023 -0.30888
v 0.21151 0.24626 -0.30888
v 0.21151 0.24626 -0.29579
v 0.21086 0.24699 -0.29255
v 0.07295 0.79517 -0.29579
v 0.07295 0.79517 -0.30888
v 0.07443 0.7912 -0.30888
v 0.07443 0.7912 -0.29579
v 0.07295 0.7912 -0.29182
v 0.0723 0.79444 -0.29255
v 0.07295 0.25023 -0.29182
v 0.07443 0.25023 -0.29579
v 0.07443 0.25023 -0.30888
v 0.07295 0.24626 -0.30888
v 0.07295 0.24626 -0.29579
v 0.0723 0.24699 -0.29255
v 0.13622 0.24626 -0.29182
v 0.13331 0.24699 -0.29255
v 0.13265 0.25023 -0.29182
v 0.13622 0.25023 -0.29018
v 0.20795 0.24626 -0.29182
v 0.13622 0.7912 -0.29018
v 0.13265 0.7912 -0.29182
v 0.20795 0.25023 -0.29018
v 0.13622 0.79517 -0.29182
v 0.13331 0.79444 -0.29255
v 0.20795 0.7912 -0.29018
v 0.20795 0.79517 -0.29182
v 0.21151 0.7912 -0.29182
v 0.21086 0.79444 -0.29255
v 0.21151 0.25023 -0.29182
v 0.21086 0.24699 -0.29255
v -0.27189 0.26716 0.05724
v -0.26492 0.26716 0.06405
v -0.26618 0.2684 0.05849
v -0.27189 0.26434 0.06405
v -0.26475 0.26794 0.08718
v -0.27189 0.26434 0.08579
v -0.27189 0.26536 0.0926
v -0.26601 0.26738 0.09193
v -0.26473 0.27058 0.09565
v -0.27189 0.26831 0.09882
v -0.26492 0.29135 0.12142
v -0.27189 0.28896 0.12291
v -0.26492 0.30228 0.13665
v -0.27189 0.29974 0.1379
v -0.26492 0.30993 0.1559
v -0.27189 0.30728 0.15688
v -0.26557 0.31662 0.17663
v -0.27189 0.31469 0.17867
v -0.27189 0.31892 0.18444
v -0.26657 0.31967 0.18217
v -0.26492 0.27399 0.05724
v -0.27189 0.26716 0.05724
v -0.26618 0.2684 0.05849
v -0.27189 0.27398 0.05442
v -0.27189 0.38257 0.05442
v -0.26492 0.38257 0.05724
v -0.27189 0.38939 0.05724
v -0.26618 0.38813 0.05849
v -0.26492 0.38939 0.06405
v -0.27189 0.38939 0.05724
v -0.26618 0.38813 0.05849
v -0.27189 0.39221 0.06405
v -0.27189 0.39221 0.17701
v -0.26492 0.38939 0.17701
v -0.27189 0.38939 0.18383
v -0.26617 0.38813 0.18257
v -0.26492 0.38257 0.18383
v -0.27189 0.38939 0.18383
v -0.26617 0.38813 0.18257
v -0.27189 0.38257 0.18665
v -0.27189 0.32574 0.18665
v -0.26497 0.32523 0.18382
v -0.27189 0.31892 0.18444
v -0.26657 0.31967 0.18217
v -0.26492 0.26716 0.06405
v -0.26492 0.27399 0.05724
v -0.26618 0.2684 0.05849
v -0.2621 0.27398 0.06405
v -0.2621 0.38257 0.06405
v -0.26492 0.38257 0.05724
v -0.26475 0.26794 0.08718
v -0.26492 0.38939 0.06405
v -0.26618 0.38813 0.05849
v -0.2621 0.38257 0.17701
v -0.26492 0.38939 0.17701
v -0.26492 0.38257 0.18383
v -0.26617 0.38813 0.18257
v -0.2621 0.32412 0.17725
v -0.26497 0.32523 0.18382
v -0.26557 0.31662 0.17663
v -0.26657 0.31967 0.18217
v -0.2621 0.31633 0.15355
v -0.26492 0.30993 0.1559
v -0.2621 0.30841 0.13365
v -0.26492 0.30228 0.13665
v -0.2621 0.29714 0.11781
v -0.26492 0.29135 0.12142
v -0.2621 0.2735 0.09012
v -0.26473 0.27058 0.09565
v -0.26601 0.26738 0.09193
v 0 0 0.08084
v -0.30089 0 -0.34629
v -0.30089 0 0.08084
v 0 0 -0.34629
v 0.3009 0 0.08084
v 0.3009 0 -0.34629
v 0 0.16019 0.04887
v -0.30089 0.09612 0.04887
v -0.30089 0.16019 0.04887
v 0 0.09612 0.04887
v 0.3009 0.09612 0.04887
v 0.3009 0.16019 0.04887
v 0.3009 0.03204 0.08084
v 0 0.03204 0.08084
v -0.30089 0.03204 0.08084
v -0.30089 0 0.08084
v 0 0 0.08084
v 0.3009 0 0.08084
v -0.30089 0.03204 -0.34629
v -0.30089 0 -0.34629
v 0 0 -0.34629
v 0 0.03204 -0.34629
v 0.3009 0 -0.34629
v 0.3009 0.03204 -0.34629
v 0.3009 0.09612 -0.34629
v 0 0.09612 -0.34629
v -0.30089 0.09612 -0.34629
v -0.30089 0.16019 -0.34629
v 0 0.16019 -0.34629
v 0.3009 0.16019 -0.34629
v -0.30089 0.86931 -0.34629
v 0.3009 0.86931 -0.34629
v 0 0.86931 -0.34629
v -0.30089 0.16019 0.20926
v -0.27189 0.83258 0.20926
v -0.27189 0.19557 0.20926
v 0 0.19557 0.20926
v -0.30089 0.86931 0.20926
v 0 0.16019 0.20926
v 0 0.83258 0.20926
v 0 0.86931 0.20926
v 0.3009 0.86931 0.20926
v 0.2719 0.83258 0.20926
v 0.3009 0.16019 0.20926
v 0.2719 0.19557 0.20926
v -0.21368 0.82504 -0.03838
v -0.21383 0.82549 -0.03722
v -0.09102 0.82549 -0.03722
v -0.21941 0.82504 -0.03992
v -0.22001 0.82549 -0.03887
v -0.09117 0.82504 -0.03838
v -0.08485 0.82549 -0.03887
v -0.08545 0.82504 -0.03992
v -0.08037 0.82549 -0.04335
v -0.22344 0.82504 -0.04395
v -0.22448 0.82549 -0.04335
v -0.22491 0.82504 -0.04946
v -0.22612 0.82549 -0.04946
v -0.22344 0.82504 -0.05497
v -0.22448 0.82549 -0.05558
v -0.21941 0.82504 -0.05901
v -0.22001 0.82549 -0.06005
v -0.21368 0.82504 -0.06054
v -0.21383 0.82549 -0.0617
v -0.09117 0.82504 -0.06054
v -0.09102 0.82549 -0.0617
v -0.08545 0.82504 -0.05901
v -0.08485 0.82549 -0.06005
v -0.08141 0.82504 -0.04395
v -0.07873 0.82549 -0.04946
v -0.08141 0.82504 -0.05497
v -0.08037 0.82549 -0.05558
v -0.07994 0.82504 -0.04946
v -0.15287 0.82504 0.11908
v -0.15216 0.82549 0.12002
v -0.0557 0.82549 0.02356
v -0.15801 0.82504 0.12205
v -0.1577 0.82549 0.12321
v -0.05663 0.82504 0.02284
v -0.05251 0.82549 0.01802
v -0.05367 0.82504 0.01771
v -0.05251 0.82549 0.01169
v -0.16371 0.82504 0.12205
v -0.16402 0.82549 0.12321
v -0.16865 0.82504 0.1192
v -0.16951 0.82549 0.12005
v -0.17151 0.82504 0.11426
v -0.17267 0.82549 0.11457
v -0.17151 0.82504 0.10855
v -0.17267 0.82549 0.10824
v -0.16854 0.82504 0.10342
v -0.16947 0.82549 0.1027
v -0.0723 0.82504 0.00718
v -0.07302 0.82549 0.00625
v -0.06717 0.82504 0.00421
v -0.06748 0.82549 0.00305
v -0.05367 0.82504 0.01201
v -0.05567 0.82549 0.00621
v -0.06146 0.82504 0.00421
v -0.06115 0.82549 0.00305
v -0.05652 0.82504 0.00707
v -0.16854 0.82504 -0.20234
v -0.16947 0.82549 -0.20163
v -0.07302 0.82549 -0.10517
v -0.17151 0.82504 -0.20748
v -0.17267 0.82549 -0.20716
v -0.0723 0.82504 -0.1061
v -0.06748 0.82549 -0.10197
v -0.06717 0.82504 -0.10314
v -0.06115 0.82549 -0.10197
v -0.17151 0.82504 -0.21318
v -0.17267 0.82549 -0.21349
v -0.16865 0.82504 -0.21812
v -0.16951 0.82549 -0.21897
v -0.16371 0.82504 -0.22097
v -0.16402 0.82549 -0.22214
v -0.15801 0.82504 -0.22097
v -0.1577 0.82549 -0.22214
v -0.15287 0.82504 -0.21801
v -0.15216 0.82549 -0.21894
v -0.05663 0.82504 -0.12177
v -0.0557 0.82549 -0.12248
v -0.05367 0.82504 -0.11663
v -0.05251 0.82549 -0.11695
v -0.06146 0.82504 -0.10314
v -0.05567 0.82549 -0.10514
v -0.05367 0.82504 -0.11093
v -0.05251 0.82549 -0.11062
v -0.05652 0.82504 -0.10599
v -0.01107 0.82504 -0.27675
v -0.01224 0.82549 -0.2769
v -0.01224 0.82549 -0.14049
v -0.00954 0.82504 -0.28247
v -0.01058 0.82549 -0.28307
v -0.01107 0.82504 -0.14064
v -0.01058 0.82549 -0.13431
v -0.00954 0.82504 -0.13491
v -0.00611 0.82549 -0.12984
v -0.00551 0.82504 -0.2865
v -0.00611 0.82549 -0.28755
v 1E-05 0.82504 -0.28798
v 1E-05 0.82549 -0.28919
v 0.00552 0.82504 -0.2865
v 0.00612 0.82549 -0.28755
v 0.00955 0.82504 -0.28247
v 0.01059 0.82549 -0.28307
v 0.01108 0.82504 -0.27675
v 0.01225 0.82549 -0.2769
v 0.01108 0.82504 -0.14064
v 0.01225 0.82549 -0.14049
v 0.00955 0.82504 -0.13491
v 0.01059 0.82549 -0.13431
v -0.00551 0.82504 -0.13088
v 1E-05 0.82549 -0.1282
v 0.00552 0.82504 -0.13088
v 0.00612 0.82549 -0.12984
v 1E-05 0.82504 -0.12941
v -0.17465 0.21156 0.14403
v -0.1747 0.21142 0.14365
v -0.11079 0.21142 0.14365
v -0.17652 0.21156 0.14453
v -0.17672 0.21142 0.14419
v -0.11084 0.21156 0.14403
v -0.10878 0.21142 0.14419
v -0.10897 0.21156 0.14453
v -0.10732 0.21142 0.14565
v -0.17783 0.21156 0.14584
v -0.17817 0.21142 0.14565
v -0.17831 0.21156 0.14764
v -0.17871 0.21142 0.14764
v -0.17783 0.21156 0.14943
v -0.17817 0.21142 0.14963
v -0.17652 0.21156 0.15075
v -0.17672 0.21142 0.15109
v -0.17465 0.21156 0.15124
v -0.1747 0.21142 0.15162
v -0.11084 0.21156 0.15124
v -0.11079 0.21142 0.15162
v -0.10897 0.21156 0.15075
v -0.10878 0.21142 0.15109
v -0.10766 0.21156 0.14584
v -0.10679 0.21142 0.14764
v -0.10766 0.21156 0.14943
v -0.10732 0.21142 0.14963
v -0.10718 0.21156 0.14764
v -0.17465 0.21156 0.12561
v -0.1747 0.21142 0.12523
v -0.11079 0.21142 0.12523
v -0.17652 0.21156 0.12611
v -0.17672 0.21142 0.12577
v -0.11084 0.21156 0.12561
v -0.10878 0.21142 0.12577
v -0.10897 0.21156 0.12611
v -0.10732 0.21142 0.12723
v -0.17783 0.21156 0.12742
v -0.17817 0.21142 0.12723
v -0.17831 0.21156 0.12922
v -0.17871 0.21142 0.12922
v -0.17783 0.21156 0.13101
v -0.17817 0.21142 0.13121
v -0.17652 0.21156 0.13232
v -0.17672 0.21142 0.13266
v -0.17465 0.21156 0.13282
v -0.1747 0.21142 0.1332
v -0.11084 0.21156 0.13282
v -0.11079 0.21142 0.1332
v -0.10897 0.21156 0.13232
v -0.10878 0.21142 0.13266
v -0.10766 0.21156 0.12742
v -0.10679 0.21142 0.12922
v -0.10766 0.21156 0.13101
v -0.10732 0.21142 0.13121
v -0.10718 0.21156 0.12922
v -0.17465 0.21156 0.10719
v -0.1747 0.21142 0.10681
v -0.11079 0.21142 0.10681
v -0.17652 0.21156 0.10769
v -0.17672 0.21142 0.10735
v -0.11084 0.21156 0.10719
v -0.10878 0.21142 0.10735
v -0.10897 0.21156 0.10769
v -0.10732 0.21142 0.10881
v -0.17783 0.21156 0.109
v -0.17817 0.21142 0.10881
v -0.17831 0.21156 0.1108
v -0.17871 0.21142 0.1108
v -0.17783 0.21156 0.11259
v -0.17817 0.21142 0.11279
v -0.17652 0.21156 0.1139
v -0.17672 0.21142 0.11424
v -0.17465 0.21156 0.1144
v -0.1747 0.21142 0.11478
v -0.11084 0.21156 0.1144
v -0.11079 0.21142 0.11478
v -0.10897 0.21156 0.1139
v -0.10878 0.21142 0.11424
v -0.10766 0.21156 0.109
v -0.10679 0.21142 0.1108
v -0.10766 0.21156 0.11259
v -0.10732 0.21142 0.11279
v -0.10718 0.21156 0.1108
v 0.21369 0.82504 -0.03838
v 0.09118 0.82504 -0.03838
v 0.09103 0.82549 -0.03722
v 0.21384 0.82549 -0.03722
v 0.08485 0.82549 -0.03887
v 0.08546 0.82504 -0.03992
v 0.08038 0.82549 -0.04335
v 0.09118 0.82504 -0.06054
v 0.08142 0.82504 -0.04395
v 0.07874 0.82549 -0.04946
v 0.21941 0.82504 -0.03992
v 0.22002 0.82549 -0.03887
v 0.08546 0.82504 -0.05901
v 0.07995 0.82504 -0.04946
v 0.08038 0.82549 -0.05558
v 0.08142 0.82504 -0.05497
v 0.08485 0.82549 -0.06005
v 0.09103 0.82549 -0.0617
v 0.21384 0.82549 -0.0617
v 0.21369 0.82504 -0.06054
v 0.22002 0.82549 -0.06005
v 0.21941 0.82504 -0.05901
v 0.22449 0.82549 -0.05558
v 0.22345 0.82504 -0.05497
v 0.22613 0.82549 -0.04946
v 0.22345 0.82504 -0.04395
v 0.22449 0.82549 -0.04335
v 0.22492 0.82504 -0.04946
v 0.15288 0.82504 0.11908
v 0.05664 0.82504 0.02284
v 0.05571 0.82549 0.02356
v 0.15217 0.82549 0.12002
v 0.05252 0.82549 0.01802
v 0.05368 0.82504 0.01771
v 0.05252 0.82549 0.01169
v 0.07231 0.82504 0.00718
v 0.05368 0.82504 0.01201
v 0.05568 0.82549 0.00621
v 0.15802 0.82504 0.12205
v 0.15771 0.82549 0.12321
v 0.06718 0.82504 0.00421
v 0.05653 0.82504 0.00707
v 0.06116 0.82549 0.00305
v 0.06147 0.82504 0.00421
v 0.06749 0.82549 0.00305
v 0.07303 0.82549 0.00625
v 0.16948 0.82549 0.1027
v 0.16855 0.82504 0.10342
v 0.17268 0.82549 0.10824
v 0.17152 0.82504 0.10855
v 0.17268 0.82549 0.11457
v 0.17152 0.82504 0.11426
v 0.16952 0.82549 0.12005
v 0.16372 0.82504 0.12205
v 0.16403 0.82549 0.12321
v 0.16866 0.82504 0.1192
v -0.01107 0.82504 0.17782
v -0.01107 0.82504 0.04172
v -0.01224 0.82549 0.04156
v -0.01224 0.82549 0.17797
v -0.01058 0.82549 0.03539
v -0.00954 0.82504 0.03599
v -0.00611 0.82549 0.03091
v 0.01108 0.82504 0.04172
v -0.00551 0.82504 0.03196
v 1E-05 0.82549 0.02928
v -0.00954 0.82504 0.18355
v -0.01058 0.82549 0.18415
v 0.00955 0.82504 0.03599
v 1E-05 0.82504 0.03048
v 0.00612 0.82549 0.03091
v 0.00552 0.82504 0.03196
v 0.01059 0.82549 0.03539
v 0.01225 0.82549 0.04156
v 0.01225 0.82549 0.17797
v 0.01108 0.82504 0.17782
v 0.01059 0.82549 0.18415
v 0.00955 0.82504 0.18355
v 0.00612 0.82549 0.18862
v 0.00552 0.82504 0.18758
v 1E-05 0.82549 0.19026
v -0.00551 0.82504 0.18758
v -0.00611 0.82549 0.18862
v 1E-05 0.82504 0.18906
v 0.16855 0.82504 -0.20234
v 0.07231 0.82504 -0.1061
v 0.07303 0.82549 -0.10517
v 0.16948 0.82549 -0.20163
v 0.06749 0.82549 -0.10197
v 0.06718 0.82504 -0.10314
v 0.06116 0.82549 -0.10197
v 0.05664 0.82504 -0.12177
v 0.06147 0.82504 -0.10314
v 0.05568 0.82549 -0.10514
v 0.17152 0.82504 -0.20748
v 0.17268 0.82549 -0.20716
v 0.05368 0.82504 -0.11663
v 0.05653 0.82504 -0.10599
v 0.05252 0.82549 -0.11062
v 0.05368 0.82504 -0.11093
v 0.05252 0.82549 -0.11695
v 0.05571 0.82549 -0.12248
v 0.15217 0.82549 -0.21894
v 0.15288 0.82504 -0.21801
v 0.15771 0.82549 -0.22214
v 0.15802 0.82504 -0.22097
v 0.16403 0.82549 -0.22214
v 0.16372 0.82504 -0.22097
v 0.16952 0.82549 -0.21897
v 0.17152 0.82504 -0.21318
v 0.17268 0.82549 -0.21349
v 0.16866 0.82504 -0.21812
v 0.17466 0.21156 0.14403
v 0.11085 0.21156 0.14403
v 0.1108 0.21142 0.14365
v 0.17471 0.21142 0.14365
v 0.10879 0.21142 0.14419
v 0.10898 0.21156 0.14453
v 0.10733 0.21142 0.14565
v 0.11085 0.21156 0.15124
v 0.10767 0.21156 0.14584
v 0.1068 0.21142 0.14764
v 0.17653 0.21156 0.14453
v 0.17673 0.21142 0.14419
v 0.10898 0.21156 0.15075
v 0.10719 0.21156 0.14764
v 0.10733 0.21142 0.14963
v 0.10767 0.21156 0.14943
v 0.10879 0.21142 0.15109
v 0.1108 0.21142 0.15162
v 0.17471 0.21142 0.15162
v 0.17466 0.21156 0.15124
v 0.17673 0.21142 0.15109
v 0.17653 0.21156 0.15075
v 0.17818 0.21142 0.14963
v 0.17784 0.21156 0.14943
v 0.17872 0.21142 0.14764
v 0.17784 0.21156 0.14584
v 0.17818 0.21142 0.14565
v 0.17832 0.21156 0.14764
v 0.17466 0.21156 0.12561
v 0.11085 0.21156 0.12561
v 0.1108 0.21142 0.12523
v 0.17471 0.21142 0.12523
v 0.10879 0.21142 0.12577
v 0.10898 0.21156 0.12611
v 0.10733 0.21142 0.12723
v 0.11085 0.21156 0.13282
v 0.10767 0.21156 0.12742
v 0.1068 0.21142 0.12922
v 0.17653 0.21156 0.12611
v 0.17673 0.21142 0.12577
v 0.10898 0.21156 0.13232
v 0.10719 0.21156 0.12922
v 0.10733 0.21142 0.13121
v 0.10767 0.21156 0.13101
v 0.10879 0.21142 0.13266
v 0.1108 0.21142 0.1332
v 0.17471 0.21142 0.1332
v 0.17466 0.21156 0.13282
v 0.17673 0.21142 0.13266
v 0.17653 0.21156 0.13232
v 0.17818 0.21142 0.13121
v 0.17784 0.21156 0.13101
v 0.17872 0.21142 0.12922
v 0.17784 0.21156 0.12742
v 0.17818 0.21142 0.12723
v 0.17832 0.21156 0.12922
v 0.17466 0.21156 0.10719
v 0.11085 0.21156 0.10719
v 0.1108 0.21142 0.10681
v 0.17471 0.21142 0.10681
v 0.10879 0.21142 0.10735
v 0.10898 0.21156 0.10769
v 0.10733 0.21142 0.10881
v 0.11085 0.21156 0.1144
v 0.10767 0.21156 0.109
v 0.1068 0.21142 0.1108
v 0.17653 0.21156 0.10769
v 0.17673 0.21142 0.10735
v 0.10898 0.21156 0.1139
v 0.10719 0.21156 0.1108
v 0.10733 0.21142 0.11279
v 0.10767 0.21156 0.11259
v 0.10879 0.21142 0.11424
v 0.1108 0.21142 0.11478
v 0.17471 0.21142 0.11478
v 0.17466 0.21156 0.1144
v 0.17673 0.21142 0.11424
v 0.17653 0.21156 0.1139
v 0.17818 0.21142 0.11279
v 0.17784 0.21156 0.11259
v 0.17872 0.21142 0.1108
v 0.17784 0.21156 0.109
v 0.17818 0.21142 0.10881
v 0.17832 0.21156 0.1108
v -0.27189 0.19179 0.09976
v -0.26568 0.19388 0.09742
v -0.27189 0.19388 0.09742
v -0.26568 0.19179 0.09976
v -0.25078 0.19388 0.09742
v -0.25215 0.19179 0.09976
v -0.24716 0.19146 0.10052
v -0.2503 0.19064 0.10143
v -0.24716 0.17845 0.11969
v -0.2503 0.17927 0.11877
v -0.25078 0.17603 0.12278
v -0.25215 0.17812 0.12045
v -0.26568 0.17603 0.12278
v -0.26568 0.17812 0.12045
v -0.27189 0.17812 0.12045
v -0.27189 0.17603 0.12278
v 0.0218 0.19754 -0.02179
v 0.0118 0.20174 -0.02847
v 0.0118 0.19754 -0.02847
v 0.0218 0.20174 -0.02179
v 0.02848 0.19754 -0.01179
v 0.02848 0.20174 -0.01179
v 0.03083 0.19754 0
v 0.03083 0.20174 0
v 0.02848 0.19754 0.0118
v 0.02848 0.20174 0.0118
v 0.0218 0.19754 0.0218
v 0.0218 0.20174 0.0218
v 0.0118 0.19754 0.02848
v 0.0118 0.20174 0.02848
v 0.0118 0.19754 -0.02847
v 0.0118 0.20174 -0.02847
v 1E-05 0.20174 -0.03082
v 0 0.19754 -0.03082
v -0.01179 0.20174 -0.02847
v -0.01179 0.19754 -0.02847
v -0.01179 0.19754 -0.02847
v -0.01179 0.20174 -0.02847
v -0.02179 0.20174 -0.02179
v -0.02179 0.19754 -0.02179
v -0.02847 0.20174 -0.01179
v -0.02847 0.19754 -0.01179
v -0.03082 0.20174 0
v -0.03082 0.19754 0
v -0.02847 0.20174 0.0118
v -0.02847 0.19754 0.0118
v -0.02179 0.20174 0.0218
v -0.02179 0.19754 0.0218
v -0.01179 0.20174 0.02848
v -0.01179 0.19754 0.02848
v -0.01179 0.19754 0.02848
v -0.01179 0.20174 0.02848
v 0 0.20174 0.03083
v 0 0.19754 0.03083
v 0.0118 0.20174 0.02848
v 0.0118 0.19754 0.02848
v 0.01371 0.19754 0.01371
v 0.00742 0.20174 0.01791
v 0.00742 0.19754 0.01791
v 0.01371 0.20174 0.01371
v 0.01791 0.19754 0.00742
v 0.01791 0.20174 0.00742
v 0.01939 0.19754 0
v 0.01939 0.20174 0
v 0.01791 0.19754 -0.00741
v 0.01791 0.20174 -0.00741
v 0.01371 0.19754 -0.0137
v 0.01371 0.20174 -0.0137
v 0.00742 0.19754 -0.0179
v 0.00742 0.20174 -0.0179
v 0.00742 0.19754 0.01791
v 0.00742 0.20174 0.01791
v 0 0.20174 0.01939
v 0 0.19754 0.01939
v -0.00741 0.20174 0.01791
v -0.00741 0.19754 0.01791
v -0.00741 0.19754 0.01791
v -0.00741 0.20174 0.01791
v -0.0137 0.20174 0.01371
v -0.0137 0.19754 0.01371
v -0.0179 0.20174 0.00742
v -0.0179 0.19754 0.00742
v -0.01938 0.20174 0
v -0.01938 0.19754 0
v -0.0179 0.20174 -0.00741
v -0.0179 0.19754 -0.00741
v -0.0137 0.20174 -0.0137
v -0.0137 0.19754 -0.0137
v -0.00741 0.20174 -0.0179
v -0.00741 0.19754 -0.0179
v -0.00741 0.19754 -0.0179
v -0.00741 0.20174 -0.0179
v 0 0.20174 -0.01938
v 0 0.19754 -0.01938
v 0.00742 0.20174 -0.0179
v 0.00742 0.19754 -0.0179
v -0.01237 0.20174 0.02143
v -0.01237 0.22345 0.02143
v -0.01019 0.22345 0.02143
v -0.01019 0.20174 0.02143
v -0.01019 0.20174 0.02143
v -0.01019 0.22345 0.02143
v -0.00911 0.22345 0.01955
v -0.00911 0.20174 0.01955
v -0.00911 0.20174 0.01955
v -0.00911 0.22345 0.01955
v -0.01019 0.22345 0.01767
v -0.01019 0.20174 0.01767
v -0.01019 0.20174 0.01767
v -0.01019 0.22345 0.01767
v -0.01237 0.22345 0.01767
v -0.01237 0.20174 0.01767
v -0.01237 0.20174 0.01767
v -0.01237 0.22345 0.01767
v -0.01345 0.22345 0.01955
v -0.01345 0.20174 0.01955
v -0.01345 0.20174 0.01955
v -0.01345 0.22345 0.01955
v -0.01237 0.22345 0.02143
v -0.01237 0.20174 0.02143
v -0.02142 0.20174 0.01238
v -0.02142 0.22345 0.01238
v -0.01954 0.22345 0.01346
v -0.01954 0.20174 0.01346
v -0.01954 0.20174 0.01346
v -0.01954 0.22345 0.01346
v -0.01766 0.22345 0.01238
v -0.01766 0.20174 0.01238
v -0.01766 0.20174 0.01238
v -0.01766 0.22345 0.01238
v -0.01766 0.22345 0.0102
v -0.01766 0.20174 0.0102
v -0.01766 0.20174 0.0102
v -0.01766 0.22345 0.0102
v -0.01954 0.22345 0.00912
v -0.01954 0.20174 0.00912
v -0.02142 0.22345 0.0102
v -0.02142 0.20174 0.0102
v -0.02142 0.20174 0.0102
v -0.02142 0.22345 0.0102
v -0.02142 0.22345 0.01238
v -0.02142 0.20174 0.01238
v 0.00975 0.22909 -0.02353
v 0.00975 0.22345 -0.02353
v 0.01802 0.22345 -0.01801
v 0.01802 0.22909 -0.01801
v 0.02354 0.22345 -0.00974
v 0.02354 0.22909 -0.00974
v 0.02548 0.22345 0
v 0.02548 0.22909 0
v 0.02354 0.22345 0.00975
v 0.02354 0.22909 0.00975
v 0.01802 0.22345 0.01802
v 0.01802 0.22909 0.01802
v 0.00975 0.22345 0.02354
v 0.00975 0.22909 0.02354
v 0 0.22909 -0.02547
v 0.00975 0.22345 -0.02353
v 0.00975 0.22909 -0.02353
v 0 0.22345 -0.02547
v -0.00974 0.22909 -0.02353
v -0.00974 0.22345 -0.02353
v -0.01801 0.22909 -0.01801
v -0.00974 0.22345 -0.02353
v -0.00974 0.22909 -0.02353
v -0.01801 0.22345 -0.01801
v -0.02353 0.22909 -0.00974
v -0.02353 0.22345 -0.00974
v -0.02547 0.22909 0
v -0.02547 0.22345 0
v -0.02353 0.22909 0.00975
v -0.02353 0.22345 0.00975
v -0.01801 0.22909 0.01802
v -0.01801 0.22345 0.01802
v -0.00974 0.22909 0.02354
v -0.00974 0.22345 0.02354
v 0 0.22909 0.02548
v -0.00974 0.22345 0.02354
v -0.00974 0.22909 0.02354
v 0 0.22345 0.02548
v 0.00975 0.22909 0.02354
v 0.00975 0.22345 0.02354
v 0.00868 0.22345 -0.02093
v 0.00868 0.22909 -0.02093
v 0.01603 0.22909 -0.01602
v 0.01603 0.22345 -0.01602
v 0.02094 0.22909 -0.00867
v 0.02094 0.22345 -0.00867
v 0.02267 0.22909 0
v 0.02262 0.22345 0
v 0.02094 0.22909 0.00868
v 0.02094 0.22345 0.00868
v 0.01603 0.22909 0.01603
v 0.01603 0.22345 0.01603
v 0.00868 0.22909 0.02094
v 0.00868 0.22345 0.02094
v 0 0.22345 -0.02261
v 0.00868 0.22909 -0.02093
v 0.00868 0.22345 -0.02093
v 0 0.22909 -0.02266
v -0.00867 0.22345 -0.02093
v -0.00867 0.22909 -0.02093
v -0.01602 0.22345 -0.01602
v -0.00867 0.22909 -0.02093
v -0.00867 0.22345 -0.02093
v -0.01602 0.22909 -0.01602
v -0.02093 0.22345 -0.00867
v -0.02093 0.22909 -0.00867
v -0.02261 0.22345 0
v -0.02266 0.22909 0
v -0.02093 0.22345 0.00868
v -0.02093 0.22909 0.00868
v -0.01602 0.22345 0.01603
v -0.01602 0.22909 0.01603
v -0.00867 0.22345 0.02094
v -0.00867 0.22909 0.02094
v 0 0.22345 0.02262
v -0.00867 0.22909 0.02094
v -0.00867 0.22345 0.02094
v 0 0.22909 0.02267
v 0.00868 0.22345 0.02094
v 0.00868 0.22909 0.02094
v 0.02143 0.20174 -0.01237
v 0.02143 0.22345 -0.01237
v 0.01955 0.22345 -0.01345
v 0.01955 0.20174 -0.01345
v 0.01767 0.22345 -0.01237
v 0.01767 0.20174 -0.01237
v 0.01767 0.20174 -0.01237
v 0.01767 0.22345 -0.01237
v 0.01767 0.22345 -0.01019
v 0.01767 0.20174 -0.01019
v 0.01767 0.20174 -0.01019
v 0.01767 0.22345 -0.01019
v 0.01955 0.22345 -0.00911
v 0.01955 0.20174 -0.00911
v 0.02143 0.22345 -0.01019
v 0.02143 0.20174 -0.01019
v 0.02143 0.20174 -0.01019
v 0.02143 0.22345 -0.01019
v 0.02143 0.22345 -0.01237
v 0.02143 0.20174 -0.01237
v -0.02142 0.20174 -0.01237
v -0.02142 0.22345 -0.01237
v -0.02142 0.22345 -0.01019
v -0.02142 0.20174 -0.01019
v -0.02142 0.20174 -0.01019
v -0.02142 0.22345 -0.01019
v -0.01954 0.22345 -0.00911
v -0.01954 0.20174 -0.00911
v -0.01766 0.22345 -0.01019
v -0.01766 0.20174 -0.01019
v -0.01766 0.20174 -0.01019
v -0.01766 0.22345 -0.01019
v -0.01766 0.22345 -0.01237
v -0.01766 0.20174 -0.01237
v -0.01766 0.20174 -0.01237
v -0.01766 0.22345 -0.01237
v -0.01954 0.22345 -0.01345
v -0.01954 0.20174 -0.01345
v -0.02142 0.22345 -0.01237
v -0.02142 0.20174 -0.01237
v 0 0.20174 -0.02474
v 0 0.22345 -0.02474
v -0.00188 0.22345 -0.02365
v -0.00188 0.20174 -0.02365
v -0.00188 0.20174 -0.02365
v -0.00188 0.22345 -0.02365
v -0.00188 0.22345 -0.02148
v -0.00188 0.20174 -0.02148
v -0.00188 0.20174 -0.02148
v -0.00188 0.22345 -0.02148
v 0 0.22345 -0.02039
v 0 0.20174 -0.02039
v 0 0.20174 -0.02039
v 0 0.22345 -0.02039
v 0.00189 0.22345 -0.02148
v 0.00189 0.20174 -0.02148
v 0.00189 0.20174 -0.02148
v 0.00189 0.22345 -0.02148
v 0.00189 0.22345 -0.02365
v 0.00189 0.20174 -0.02365
v 0.00189 0.20174 -0.02365
v 0.00189 0.22345 -0.02365
v 0 0.22345 -0.02474
v 0 0.20174 -0.02474
v -0.01237 0.20174 -0.02142
v -0.01237 0.22345 -0.02142
v -0.01345 0.22345 -0.01954
v -0.01345 0.20174 -0.01954
v -0.01345 0.20174 -0.01954
v -0.01345 0.22345 -0.01954
v -0.01237 0.22345 -0.01766
v -0.01237 0.20174 -0.01766
v -0.01237 0.20174 -0.01766
v -0.01237 0.22345 -0.01766
v -0.01019 0.22345 -0.01766
v -0.01019 0.20174 -0.01766
v -0.01019 0.20174 -0.01766
v -0.01019 0.22345 -0.01766
v -0.00911 0.22345 -0.01954
v -0.00911 0.20174 -0.01954
v -0.00911 0.20174 -0.01954
v -0.00911 0.22345 -0.01954
v -0.01019 0.22345 -0.02142
v -0.01019 0.20174 -0.02142
v -0.01019 0.20174 -0.02142
v -0.01019 0.22345 -0.02142
v -0.01237 0.22345 -0.02142
v -0.01237 0.20174 -0.02142
v -0.02474 0.20174 0
v -0.02474 0.22345 0
v -0.02365 0.22345 0.00189
v -0.02365 0.20174 0.00189
v -0.02365 0.20174 0.00189
v -0.02365 0.22345 0.00189
v -0.02148 0.22345 0.00189
v -0.02148 0.20174 0.00189
v -0.02148 0.20174 0.00189
v -0.02148 0.22345 0.00189
v -0.02039 0.22345 0
v -0.02039 0.20174 0
v -0.02039 0.20174 0
v -0.02039 0.22345 0
v -0.02148 0.22345 -0.00188
v -0.02148 0.20174 -0.00188
v -0.02148 0.20174 -0.00188
v -0.02148 0.22345 -0.00188
v -0.02365 0.22345 -0.00188
v -0.02365 0.20174 -0.00188
v -0.02365 0.20174 -0.00188
v -0.02365 0.22345 -0.00188
v -0.02474 0.22345 0
v -0.02474 0.20174 0
v 0.01238 0.20174 -0.02142
v 0.01238 0.22345 -0.02142
v 0.0102 0.22345 -0.02142
v 0.0102 0.20174 -0.02142
v 0.0102 0.20174 -0.02142
v 0.0102 0.22345 -0.02142
v 0.00912 0.22345 -0.01954
v 0.00912 0.20174 -0.01954
v 0.00912 0.20174 -0.01954
v 0.00912 0.22345 -0.01954
v 0.0102 0.22345 -0.01766
v 0.0102 0.20174 -0.01766
v 0.0102 0.20174 -0.01766
v 0.0102 0.22345 -0.01766
v 0.01238 0.22345 -0.01766
v 0.01238 0.20174 -0.01766
v 0.01238 0.20174 -0.01766
v 0.01238 0.22345 -0.01766
v 0.01346 0.22345 -0.01954
v 0.01346 0.20174 -0.01954
v 0.01238 0.22345 -0.02142
v 0.01238 0.20174 -0.02142
v 0.02475 0.20174 0
v 0.02475 0.22345 0
v 0.02366 0.22345 -0.00188
v 0.02366 0.20174 -0.00188
v 0.02366 0.20174 -0.00188
v 0.02366 0.22345 -0.00188
v 0.02149 0.22345 -0.00188
v 0.02149 0.20174 -0.00188
v 0.02149 0.20174 -0.00188
v 0.02149 0.22345 -0.00188
v 0.0204 0.22345 0
v 0.0204 0.20174 0
v 0.0204 0.20174 0
v 0.0204 0.22345 0
v 0.02149 0.22345 0.00189
v 0.02149 0.20174 0.00189
v 0.02149 0.20174 0.00189
v 0.02149 0.22345 0.00189
v 0.02366 0.22345 0.00189
v 0.02366 0.20174 0.00189
v 0.02366 0.20174 0.00189
v 0.02366 0.22345 0.00189
v 0.02475 0.22345 0
v 0.02475 0.20174 0
v 0.02143 0.20174 0.01238
v 0.02143 0.22345 0.01238
v 0.02143 0.22345 0.0102
v 0.02143 0.20174 0.0102
v 0.01955 0.22345 0.00912
v 0.01955 0.20174 0.00912
v 0.01955 0.20174 0.00912
v 0.01955 0.22345 0.00912
v 0.01767 0.22345 0.0102
v 0.01767 0.20174 0.0102
v 0.01767 0.20174 0.0102
v 0.01767 0.22345 0.0102
v 0.01767 0.22345 0.01238
v 0.01767 0.20174 0.01238
v 0.01767 0.20174 0.01238
v 0.01767 0.22345 0.01238
v 0.01955 0.22345 0.01346
v 0.01955 0.20174 0.01346
v 0.02143 0.22345 0.01238
v 0.02143 0.20174 0.01238
v 0.01238 0.20174 0.02143
v 0.01238 0.22345 0.02143
v 0.01346 0.22345 0.01955
v 0.01346 0.20174 0.01955
v 0.01346 0.20174 0.01955
v 0.01346 0.22345 0.01955
v 0.01238 0.22345 0.01767
v 0.01238 0.20174 0.01767
v 0.01238 0.20174 0.01767
v 0.01238 0.22345 0.01767
v 0.0102 0.22345 0.01767
v 0.0102 0.20174 0.01767
v 0.0102 0.20174 0.01767
v 0.0102 0.22345 0.01767
v 0.00912 0.22345 0.01955
v 0.00912 0.20174 0.01955
v 0.00912 0.20174 0.01955
v 0.00912 0.22345 0.01955
v 0.0102 0.22345 0.02143
v 0.0102 0.20174 0.02143
v 0.0102 0.20174 0.02143
v 0.0102 0.22345 0.02143
v 0.01238 0.22345 0.02143
v 0.01238 0.20174 0.02143
v 0 0.20174 0.02475
v 0 0.22345 0.02475
v 0.00189 0.22345 0.02366
v 0.00189 0.20174 0.02366
v 0.00189 0.20174 0.02366
v 0.00189 0.22345 0.02366
v 0.00189 0.22345 0.02149
v 0.00189 0.20174 0.02149
v 0 0.22345 0.0204
v 0 0.20174 0.0204
v 0 0.20174 0.0204
v 0 0.22345 0.0204
v -0.00188 0.22345 0.02149
v -0.00188 0.20174 0.02149
v -0.00188 0.22345 0.02366
v -0.00188 0.20174 0.02366
v -0.00188 0.20174 0.02366
v -0.00188 0.22345 0.02366
v 0 0.22345 0.02475
v 0 0.20174 0.02475
v 0.25079 0.19129 0.13183
v 0.25079 0.17603 0.12278
v 0.24717 0.17845 0.11969
v 0.24717 0.19422 0.12932
v 0.25079 0.2047 0.14343
v 0.24717 0.19146 0.10052
v 0.24717 0.20813 0.1415
v 0.25079 0.21739 0.16388
v 0.24717 0.21039 0.11337
v 0.25079 0.19388 0.09742
v 0.25079 0.21332 0.11086
v 0.24717 0.22748 0.12877
v 0.25079 0.2309 0.12684
v 0.24717 0.22104 0.16241
v 0.24717 0.24186 0.15239
v 0.25079 0.24551 0.15091
v 0.25079 0.25567 0.1819
v 0.24717 0.22928 0.18757
v 0.25079 0.22547 0.18854
v 0.25079 0.22512 0.20854
v 0.24717 0.22904 0.20854
v 0.24717 0.25185 0.18287
v 0.24717 0.25209 0.20854
v 0.25079 0.25602 0.20854
v 0.25216 0.19375 0.12999
v 0.25216 0.17812 0.12045
v 0.26518 0.17812 0.12045
v 0.26518 0.19375 0.12999
v 0.25216 0.20753 0.14208
v 0.26518 0.20753 0.14208
v 0.25216 0.22037 0.1629
v 0.26518 0.22037 0.1629
v 0.26518 0.22845 0.18756
v 0.25216 0.22845 0.18756
v 0.25216 0.22823 0.20854
v 0.26518 0.22823 0.20854
v 0.25216 0.21085 0.1127
v 0.25216 0.19179 0.09976
v 0.25031 0.19064 0.10143
v 0.25031 0.20943 0.11409
v 0.25216 0.22807 0.12819
v 0.25031 0.17927 0.11877
v 0.25031 0.22637 0.1293
v 0.25216 0.24253 0.15189
v 0.25031 0.19518 0.1286
v 0.25216 0.17812 0.12045
v 0.25216 0.19375 0.12999
v 0.25031 0.20923 0.14097
v 0.25216 0.20753 0.14208
v 0.25031 0.2407 0.15277
v 0.25216 0.25268 0.18288
v 0.25031 0.2222 0.16203
v 0.25216 0.22037 0.1629
v 0.25031 0.23045 0.18719
v 0.25216 0.22845 0.18756
v 0.25031 0.25069 0.18325
v 0.25216 0.25291 0.20854
v 0.25031 0.25088 0.20854
v 0.25031 0.23026 0.20854
v 0.25216 0.22823 0.20854
v 0.26518 0.21085 0.1127
v 0.26518 0.19179 0.09976
v 0.25216 0.19179 0.09976
v 0.25216 0.21085 0.1127
v 0.26518 0.22807 0.12819
v 0.25216 0.22807 0.12819
v 0.26518 0.24253 0.15189
v 0.25216 0.24253 0.15189
v 0.25216 0.25268 0.18288
v 0.26518 0.25268 0.18288
v 0.26518 0.25291 0.20854
v 0.25216 0.25291 0.20854
v 0.2719 0.21332 0.11086
v 0.2719 0.19388 0.09742
v 0.2719 0.19179 0.09976
v 0.2719 0.21085 0.1127
v 0.2719 0.2309 0.12684
v 0.2719 0.19375 0.12999
v 0.2719 0.17812 0.12045
v 0.2719 0.17603 0.12278
v 0.2719 0.19129 0.13183
v 0.2719 0.20753 0.14208
v 0.2719 0.2047 0.14343
v 0.2719 0.21739 0.16388
v 0.2719 0.22807 0.12819
v 0.2719 0.22037 0.1629
v 0.2719 0.22547 0.18854
v 0.2719 0.24253 0.15189
v 0.2719 0.24551 0.15091
v 0.2719 0.22845 0.18756
v 0.2719 0.25268 0.18288
v 0.2719 0.25567 0.1819
v 0.2719 0.25602 0.20854
v 0.2719 0.25291 0.20854
v 0.2719 0.22823 0.20854
v 0.2719 0.22512 0.20854
v 0.25079 0.21332 0.11086
v 0.25079 0.19388 0.09742
v 0.26518 0.19388 0.09742
v 0.26518 0.21332 0.11086
v 0.25079 0.2309 0.12684
v 0.2719 0.21332 0.11086
v 0.2719 0.19388 0.09742
v 0.2719 0.2309 0.12684
v 0.26518 0.2309 0.12684
v 0.25079 0.24551 0.15091
v 0.2719 0.24551 0.15091
v 0.26518 0.24551 0.15091
v 0.25079 0.25567 0.1819
v 0.26518 0.25567 0.1819
v 0.25079 0.25602 0.20854
v 0.2719 0.25567 0.1819
v 0.26518 0.25602 0.20854
v 0.2719 0.25602 0.20854
v -0.25215 0.19375 0.12999
v -0.25215 0.17812 0.12045
v -0.2503 0.17927 0.11877
v -0.2503 0.19518 0.1286
v -0.2503 0.19064 0.10143
v -0.25215 0.20753 0.14208
v -0.2503 0.20943 0.11409
v -0.25215 0.19179 0.09976
v -0.25215 0.21085 0.1127
v -0.2503 0.20923 0.14097
v -0.2503 0.22637 0.1293
v -0.25215 0.22807 0.12819
v -0.25215 0.24253 0.15189
v -0.2503 0.2407 0.15277
v -0.25215 0.25268 0.18288
v -0.2503 0.2222 0.16203
v -0.25215 0.22037 0.1629
v -0.2503 0.23045 0.18719
v -0.25215 0.22845 0.18756
v -0.25215 0.22823 0.20854
v -0.2503 0.23026 0.20854
v -0.2503 0.25069 0.18325
v -0.2503 0.25088 0.20854
v -0.25215 0.25291 0.20854
v -0.27189 0.19129 0.13183
v -0.27189 0.17603 0.12278
v -0.27189 0.17812 0.12045
v -0.27189 0.19375 0.12999
v -0.27189 0.2047 0.14343
v -0.27189 0.21085 0.1127
v -0.27189 0.19179 0.09976
v -0.27189 0.19388 0.09742
v -0.27189 0.21332 0.11086
v -0.27189 0.22807 0.12819
v -0.27189 0.2309 0.12684
v -0.27189 0.24551 0.15091
v -0.27189 0.20753 0.14208
v -0.27189 0.24253 0.15189
v -0.27189 0.25567 0.1819
v -0.27189 0.22037 0.1629
v -0.27189 0.21739 0.16388
v -0.27189 0.25268 0.18288
v -0.27189 0.22845 0.18756
v -0.27189 0.22547 0.18854
v -0.27189 0.22512 0.20854
v -0.27189 0.22823 0.20854
v -0.27189 0.25291 0.20854
v -0.27189 0.25602 0.20854
v -0.25078 0.21332 0.11086
v -0.25078 0.19388 0.09742
v -0.24716 0.19146 0.10052
v -0.24716 0.21039 0.11337
v -0.24716 0.17845 0.11969
v -0.25078 0.2309 0.12684
v -0.24716 0.19422 0.12932
v -0.25078 0.17603 0.12278
v -0.25078 0.19129 0.13183
v -0.24716 0.22748 0.12877
v -0.24716 0.20813 0.1415
v -0.25078 0.2047 0.14343
v -0.25078 0.21739 0.16388
v -0.24716 0.24186 0.15239
v -0.25078 0.24551 0.15091
v -0.25078 0.25567 0.1819
v -0.24716 0.22104 0.16241
v -0.24716 0.22928 0.18757
v -0.25078 0.22547 0.18854
v -0.24716 0.25185 0.18287
v -0.25078 0.25602 0.20854
v -0.24716 0.25209 0.20854
v -0.24716 0.22904 0.20854
v -0.25078 0.22512 0.20854
v -0.27189 0.21332 0.11086
v -0.27189 0.19388 0.09742
v -0.26568 0.19388 0.09742
v -0.26568 0.21332 0.11086
v -0.27189 0.2309 0.12684
v -0.25078 0.21332 0.11086
v -0.25078 0.19388 0.09742
v -0.25078 0.2309 0.12684
v -0.26568 0.2309 0.12684
v -0.25078 0.24551 0.15091
v -0.26568 0.24551 0.15091
v -0.27189 0.24551 0.15091
v -0.25078 0.25567 0.1819
v -0.26568 0.25567 0.1819
v -0.27189 0.25567 0.1819
v -0.27189 0.25602 0.20854
v -0.26568 0.25602 0.20854
v -0.25078 0.25602 0.20854
v 0.25079 0.22547 0.18854
v 0.25079 0.22512 0.20854
v 0.26518 0.22512 0.20854
v 0.26518 0.22547 0.18854
v 0.25079 0.21739 0.16388
v 0.2719 0.22547 0.18854
v 0.2719 0.22512 0.20854
v 0.26518 0.21739 0.16388
v 0.25079 0.2047 0.14343
v 0.2719 0.21739 0.16388
v 0.26518 0.2047 0.14343
v 0.25079 0.19129 0.13183
v 0.2719 0.2047 0.14343
v 0.26518 0.19129 0.13183
v 0.25079 0.17603 0.12278
v 0.2719 0.19129 0.13183
v 0.26518 0.17603 0.12278
v 0.2719 0.17603 0.12278
v -0.25215 0.21085 0.1127
v -0.25215 0.19179 0.09976
v -0.26568 0.19179 0.09976
v -0.26568 0.21085 0.1127
v -0.25215 0.22807 0.12819
v -0.26568 0.22807 0.12819
v -0.26568 0.24253 0.15189
v -0.25215 0.24253 0.15189
v -0.26568 0.25268 0.18288
v -0.25215 0.25268 0.18288
v -0.26568 0.25291 0.20854
v -0.25215 0.25291 0.20854
v -0.26568 0.17812 0.12045
v -0.25215 0.17812 0.12045
v -0.25215 0.19375 0.12999
v -0.26568 0.19375 0.12999
v -0.25215 0.20753 0.14208
v -0.26568 0.20753 0.14208
v -0.25215 0.22037 0.1629
v -0.26568 0.22037 0.1629
v -0.26568 0.22845 0.18756
v -0.25215 0.22845 0.18756
v -0.25215 0.22823 0.20854
v -0.26568 0.22823 0.20854
v -0.25078 0.19129 0.13183
v -0.25078 0.17603 0.12278
v -0.26568 0.17603 0.12278
v -0.26568 0.19129 0.13183
v -0.27189 0.17603 0.12278
v -0.27189 0.19129 0.13183
v -0.25078 0.2047 0.14343
v -0.26568 0.2047 0.14343
v -0.27189 0.2047 0.14343
v -0.27189 0.21739 0.16388
v -0.26568 0.21739 0.16388
v -0.25078 0.21739 0.16388
v -0.27189 0.22547 0.18854
v -0.26568 0.22547 0.18854
v -0.27189 0.22512 0.20854
v -0.25078 0.22547 0.18854
v -0.26568 0.22512 0.20854
v -0.25078 0.22512 0.20854
v -0.26568 0.22512 0.20854
v -0.27189 0.22512 0.20854
v -0.27189 0.22823 0.20854
v -0.26568 0.22823 0.20854
v -0.25078 0.22512 0.20854
v -0.25215 0.22823 0.20854
v -0.24716 0.22904 0.20854
v -0.2503 0.23026 0.20854
v -0.24716 0.25209 0.20854
v -0.2503 0.25088 0.20854
v -0.25078 0.25602 0.20854
v -0.25215 0.25291 0.20854
v -0.26568 0.25602 0.20854
v -0.26568 0.25291 0.20854
v -0.27189 0.25291 0.20854
v -0.27189 0.25602 0.20854
v -0.26568 0.22823 0.20854
v -0.26568 0.25291 0.20854
v -0.26568 0.25268 0.18288
v -0.26568 0.22845 0.18756
v -0.26568 0.24253 0.15189
v -0.26568 0.22037 0.1629
v -0.26568 0.22807 0.12819
v -0.26568 0.20753 0.14208
v -0.26568 0.21085 0.1127
v -0.26568 0.19375 0.12999
v -0.26568 0.19179 0.09976
v -0.26568 0.17812 0.12045
v 0.2719 0.19179 0.09976
v 0.2719 0.19388 0.09742
v 0.26518 0.19388 0.09742
v 0.26518 0.19179 0.09976
v 0.25079 0.19388 0.09742
v 0.2719 0.17812 0.12045
v 0.25216 0.19179 0.09976
v 0.24717 0.19146 0.10052
v 0.25031 0.19064 0.10143
v 0.24717 0.17845 0.11969
v 0.25031 0.17927 0.11877
v 0.25079 0.17603 0.12278
v 0.25216 0.17812 0.12045
v 0.26518 0.17603 0.12278
v 0.2719 0.17603 0.12278
v 0.26518 0.17812 0.12045
v 0.26518 0.25602 0.20854
v 0.2719 0.25602 0.20854
v 0.2719 0.25291 0.20854
v 0.26518 0.25291 0.20854
v 0.25216 0.25291 0.20854
v 0.25079 0.25602 0.20854
v 0.25031 0.25088 0.20854
v 0.24717 0.25209 0.20854
v 0.25031 0.23026 0.20854
v 0.24717 0.22904 0.20854
v 0.26518 0.22823 0.20854
v 0.25216 0.22823 0.20854
v 0.25079 0.22512 0.20854
v 0.26518 0.22512 0.20854
v 0.2719 0.22823 0.20854
v 0.2719 0.22512 0.20854
v 0.26518 0.17812 0.12045
v 0.26518 0.19179 0.09976
v 0.26518 0.21085 0.1127
v 0.26518 0.19375 0.12999
v 0.26518 0.22807 0.12819
v 0.26518 0.20753 0.14208
v 0.26518 0.24253 0.15189
v 0.26518 0.22037 0.1629
v 0.26518 0.25268 0.18288
v 0.26518 0.22845 0.18756
v 0.26518 0.25291 0.20854
v 0.26518 0.22823 0.20854
v -0.02169 0.83258 -0.10185
v 0 0.82309 -0.0881
v 0 0.83258 -0.10616
v 0.0217 0.83258 -0.10185
v -0.01478 0.82309 -0.08516
v 0.01479 0.82309 -0.08516
v -0.04009 0.83258 -0.08956
v 0.0401 0.83258 -0.08956
v -0.02732 0.82309 -0.07678
v 0.02732 0.82309 -0.07678
v -0.05238 0.83258 -0.07116
v 0.05239 0.83258 -0.07116
v -0.03569 0.82309 -0.06425
v 0.0357 0.82309 -0.06425
v -0.05669 0.83258 -0.04946
v 0.0567 0.83258 -0.04946
v -0.03863 0.82309 -0.04946
v 0.03864 0.82309 -0.04946
v -0.05238 0.83258 -0.02776
v 0.05239 0.83258 -0.02776
v -0.03569 0.82309 -0.03468
v 0.0357 0.82309 -0.03468
v -0.04009 0.83258 -0.00937
v 0.0401 0.83258 -0.00937
v -0.02731 0.82309 -0.02214
v 0.02732 0.82309 -0.02214
v -0.02169 0.83258 0.00292
v 0.0217 0.83258 0.00292
v -0.01478 0.82309 -0.01377
v 0.01479 0.82309 -0.01377
v 0 0.83258 0.00724
v 0 0.82309 -0.01083
v 0 0.22909 -0.02547
v 0.00868 0.22909 -0.02093
v 0 0.22909 -0.02266
v -0.00867 0.22909 -0.02093
v 0.00975 0.22909 -0.02353
v -0.00974 0.22909 -0.02353
v 0.01802 0.22909 -0.01801
v -0.01602 0.22909 -0.01602
v 0.01603 0.22909 -0.01602
v -0.01801 0.22909 -0.01801
v 0.02354 0.22909 -0.00974
v -0.02093 0.22909 -0.00867
v 0.02094 0.22909 -0.00867
v -0.02353 0.22909 -0.00974
v 0.02548 0.22909 0
v -0.02266 0.22909 0
v 0.02267 0.22909 0
v -0.02547 0.22909 0
v 0.02354 0.22909 0.00975
v -0.02093 0.22909 0.00868
v 0.02094 0.22909 0.00868
v -0.02353 0.22909 0.00975
v 0.01802 0.22909 0.01802
v -0.01602 0.22909 0.01603
v 0.01603 0.22909 0.01603
v -0.01801 0.22909 0.01802
v 0.00975 0.22909 0.02354
v -0.00867 0.22909 0.02094
v 0.00868 0.22909 0.02094
v -0.00974 0.22909 0.02354
v 0 0.22909 0.02548
v 0 0.22909 0.02267
v 0 0.82309 -0.04946
v -0.02731 0.82309 -0.02214
v -0.01478 0.82309 -0.01377
v 0 0.82309 -0.01083
v -0.03569 0.82309 -0.03468
v 0.01479 0.82309 -0.01377
v -0.03863 0.82309 -0.04946
v 0.02732 0.82309 -0.02214
v -0.03569 0.82309 -0.06425
v 0.0357 0.82309 -0.03468
v -0.02732 0.82309 -0.07678
v 0.03864 0.82309 -0.04946
v -0.01478 0.82309 -0.08516
v 0.0357 0.82309 -0.06425
v 0 0.82309 -0.0881
v 0.02732 0.82309 -0.07678
v 0.01479 0.82309 -0.08516
v -0.25345 0.53087 -0.0498
v -0.25345 0.53087 -0.02436
v -0.25345 0.5406 -0.02629
v -0.25345 0.54885 -0.03181
v -0.25345 0.52113 -0.02629
v -0.25345 0.55437 -0.04006
v -0.25345 0.51288 -0.03181
v -0.25345 0.5563 -0.0498
v -0.25345 0.50736 -0.04006
v -0.25345 0.55437 -0.05953
v -0.25345 0.50543 -0.0498
v -0.25345 0.54885 -0.06778
v -0.25345 0.50736 -0.05953
v -0.25345 0.5406 -0.0733
v -0.25345 0.51288 -0.06778
v -0.25345 0.53087 -0.07524
v -0.25345 0.52113 -0.0733
v 0.25346 0.53087 -0.0498
v 0.25346 0.54885 -0.03181
v 0.25346 0.5406 -0.02629
v 0.25346 0.53087 -0.02436
v 0.25346 0.55437 -0.04006
v 0.25346 0.52113 -0.02629
v 0.25346 0.5563 -0.0498
v 0.25346 0.51288 -0.03181
v 0.25346 0.55437 -0.05953
v 0.25346 0.50736 -0.04006
v 0.25346 0.54885 -0.06778
v 0.25346 0.50543 -0.0498
v 0.25346 0.5406 -0.0733
v 0.25346 0.50736 -0.05953
v 0.25346 0.53087 -0.07524
v 0.25346 0.51288 -0.06778
v 0.25346 0.52113 -0.0733
v -0.01128 0.22345 0.01955
v -0.01237 0.22345 0.01767
v -0.01019 0.22345 0.01767
v -0.00911 0.22345 0.01955
v -0.01345 0.22345 0.01955
v -0.01019 0.22345 0.02143
v -0.01237 0.22345 0.02143
v -0.01954 0.22345 0.01129
v -0.01954 0.22345 0.00912
v -0.01766 0.22345 0.0102
v -0.01766 0.22345 0.01238
v -0.02142 0.22345 0.0102
v -0.01954 0.22345 0.01346
v -0.02142 0.22345 0.01238
v 0.01955 0.22345 -0.01128
v 0.01955 0.22345 -0.00911
v 0.01767 0.22345 -0.01019
v 0.01767 0.22345 -0.01237
v 0.02143 0.22345 -0.01019
v 0.01955 0.22345 -0.01345
v 0.02143 0.22345 -0.01237
v -0.01954 0.22345 -0.01128
v -0.01766 0.22345 -0.01237
v -0.01766 0.22345 -0.01019
v -0.01954 0.22345 -0.00911
v -0.01954 0.22345 -0.01345
v -0.02142 0.22345 -0.01019
v -0.02142 0.22345 -0.01237
v 0 0.22345 -0.02261
v 0.00189 0.22345 -0.02148
v 0 0.22345 -0.02039
v -0.00188 0.22345 -0.02148
v 0.00189 0.22345 -0.02365
v -0.00188 0.22345 -0.02365
v 0 0.22345 -0.02474
v -0.01128 0.22345 -0.01954
v -0.00911 0.22345 -0.01954
v -0.01019 0.22345 -0.01766
v -0.01237 0.22345 -0.01766
v -0.01019 0.22345 -0.02142
v -0.01345 0.22345 -0.01954
v -0.01237 0.22345 -0.02142
v -0.02261 0.22345 0
v -0.02148 0.22345 -0.00188
v -0.02039 0.22345 0
v -0.02148 0.22345 0.00189
v -0.02365 0.22345 -0.00188
v -0.02365 0.22345 0.00189
v -0.02474 0.22345 0
v 0.01129 0.22345 -0.01954
v 0.01238 0.22345 -0.01766
v 0.0102 0.22345 -0.01766
v 0.00912 0.22345 -0.01954
v 0.01346 0.22345 -0.01954
v 0.0102 0.22345 -0.02142
v 0.01238 0.22345 -0.02142
v 0.02262 0.22345 0
v 0.02149 0.22345 0.00189
v 0.0204 0.22345 0
v 0.02149 0.22345 -0.00188
v 0.02366 0.22345 0.00189
v 0.02366 0.22345 -0.00188
v 0.02475 0.22345 0
v 0.01955 0.22345 0.01129
v 0.01767 0.22345 0.01238
v 0.01767 0.22345 0.0102
v 0.01955 0.22345 0.00912
v 0.01955 0.22345 0.01346
v 0.02143 0.22345 0.0102
v 0.02143 0.22345 0.01238
v 0.01129 0.22345 0.01955
v 0.00912 0.22345 0.01955
v 0.0102 0.22345 0.01767
v 0.01238 0.22345 0.01767
v 0.0102 0.22345 0.02143
v 0.01346 0.22345 0.01955
v 0.01238 0.22345 0.02143
v 0 0.22345 0.02262
v -0.00188 0.22345 0.02149
v 0 0.22345 0.0204
v 0.00189 0.22345 0.02149
v -0.00188 0.22345 0.02366
v 0.00189 0.22345 0.02366
v 0 0.22345 0.02475
v -0.25795 0.5601 -0.03769
v -0.25345 0.55437 -0.04006
v -0.25345 0.54885 -0.03181
v -0.25795 0.55324 -0.02742
v -0.25795 0.56251 -0.0498
v -0.25345 0.5406 -0.02629
v -0.25345 0.5563 -0.0498
v -0.25795 0.54297 -0.02056
v -0.25795 0.5601 -0.0619
v -0.25345 0.53087 -0.02436
v -0.25345 0.55437 -0.05953
v -0.25795 0.53087 -0.01815
v -0.25795 0.55324 -0.07217
v -0.25345 0.52113 -0.02629
v -0.25345 0.54885 -0.06778
v -0.25795 0.51876 -0.02056
v -0.25795 0.54297 -0.07903
v -0.25345 0.51288 -0.03181
v -0.25345 0.5406 -0.0733
v -0.25795 0.50849 -0.02742
v -0.25795 0.53087 -0.08144
v -0.25345 0.50736 -0.04006
v -0.25345 0.53087 -0.07524
v -0.25795 0.50163 -0.03769
v -0.25795 0.51876 -0.07903
v -0.25345 0.50543 -0.0498
v -0.25345 0.52113 -0.0733
v -0.25795 0.49922 -0.0498
v -0.25795 0.50849 -0.07217
v -0.25345 0.50736 -0.05953
v -0.25345 0.51288 -0.06778
v -0.25795 0.50163 -0.0619
v 0.25796 0.5601 -0.03769
v 0.25796 0.55324 -0.02742
v 0.25346 0.54885 -0.03181
v 0.25346 0.55437 -0.04006
v 0.25346 0.5406 -0.02629
v 0.25796 0.56251 -0.0498
v 0.25796 0.54297 -0.02056
v 0.25346 0.5563 -0.0498
v 0.25346 0.53087 -0.02436
v 0.25796 0.5601 -0.0619
v 0.25796 0.53087 -0.01815
v 0.25346 0.55437 -0.05953
v 0.25346 0.52113 -0.02629
v 0.25796 0.55324 -0.07217
v 0.25796 0.51876 -0.02056
v 0.25346 0.54885 -0.06778
v 0.25346 0.51288 -0.03181
v 0.25796 0.54297 -0.07903
v 0.25796 0.50849 -0.02742
v 0.25346 0.5406 -0.0733
v 0.25346 0.50736 -0.04006
v 0.25796 0.53087 -0.08144
v 0.25796 0.50163 -0.03769
v 0.25346 0.53087 -0.07524
v 0.25346 0.50543 -0.0498
v 0.25796 0.51876 -0.07903
v 0.25796 0.49922 -0.0498
v 0.25346 0.52113 -0.0733
v 0.25346 0.50736 -0.05953
v 0.25796 0.50849 -0.07217
v 0.25796 0.50163 -0.0619
v 0.25346 0.51288 -0.06778
v 0.02848 0.20174 -0.01179
v 0.01791 0.20174 -0.00741
v 0.01371 0.20174 -0.0137
v 0.0218 0.20174 -0.02179
v 0.03083 0.20174 0
v 0.00742 0.20174 -0.0179
v 0.01939 0.20174 0
v 0.0118 0.20174 -0.02847
v 0.02848 0.20174 0.0118
v 0 0.20174 -0.01938
v 0.01791 0.20174 0.00742
v 1E-05 0.20174 -0.03082
v 0.0218 0.20174 0.0218
v -0.00741 0.20174 -0.0179
v 0.01371 0.20174 0.01371
v -0.01179 0.20174 -0.02847
v 0.0118 0.20174 0.02848
v -0.0137 0.20174 -0.0137
v 0.00742 0.20174 0.01791
v -0.02179 0.20174 -0.02179
v 0 0.20174 0.03083
v -0.0179 0.20174 -0.00741
v 0 0.20174 0.01939
v -0.02847 0.20174 -0.01179
v -0.01179 0.20174 0.02848
v -0.01938 0.20174 0
v -0.00741 0.20174 0.01791
v -0.03082 0.20174 0
v -0.02179 0.20174 0.0218
v -0.0179 0.20174 0.00742
v -0.0137 0.20174 0.01371
v -0.02847 0.20174 0.0118
v 0.01802 0.22345 -0.01801
v 0.01603 0.22345 -0.01602
v 0.02094 0.22345 -0.00867
v 0.02354 0.22345 -0.00974
v 0.00975 0.22345 -0.02353
v 0.02262 0.22345 0
v 0.00868 0.22345 -0.02093
v 0.02548 0.22345 0
v 0 0.22345 -0.02547
v 0.02094 0.22345 0.00868
v 0 0.22345 -0.02261
v 0.02354 0.22345 0.00975
v -0.00974 0.22345 -0.02353
v 0.01603 0.22345 0.01603
v -0.00867 0.22345 -0.02093
v 0.01802 0.22345 0.01802
v -0.01801 0.22345 -0.01801
v 0.00868 0.22345 0.02094
v -0.01602 0.22345 -0.01602
v 0.00975 0.22345 0.02354
v -0.02353 0.22345 -0.00974
v 0 0.22345 0.02262
v -0.02093 0.22345 -0.00867
v 0 0.22345 0.02548
v -0.02547 0.22345 0
v -0.00867 0.22345 0.02094
v -0.02261 0.22345 0
v -0.00974 0.22345 0.02354
v -0.02353 0.22345 0.00975
v -0.01602 0.22345 0.01603
v -0.02093 0.22345 0.00868
v -0.01801 0.22345 0.01802
v -0.24246 0.19149 0.13738
v -0.27189 0.19149 0.13738
v -0.27189 0.19149 0.09484
v -0.24246 0.19149 0.09484
v 0.24247 0.19149 0.13738
v 0.24247 0.19149 0.09484
v 0.2719 0.19149 0.09484
v 0.2719 0.19149 0.13738
v 0 0.19754 0
v 0.0218 0.19754 -0.02179
v 0.02848 0.19754 -0.01179
v 0.03083 0.19754 0
v 0.0118 0.19754 -0.02847
v 0.02848 0.19754 0.0118
v 0 0.19754 -0.03082
v 0.0218 0.19754 0.0218
v -0.01179 0.19754 -0.02847
v 0.0118 0.19754 0.02848
v -0.02179 0.19754 -0.02179
v 0 0.19754 0.03083
v -0.02847 0.19754 -0.01179
v -0.01179 0.19754 0.02848
v -0.03082 0.19754 0
v -0.02179 0.19754 0.0218
v -0.02847 0.19754 0.0118
vt 10.48993 0.959885
vt 10.49681 0.9635206
vt 10.49681 0.959885
vt 10.48993 0.9635206
vt 10.49681 0.9936385
vt 10.4863 0.9635206
vt 10.48696 0.9605529
vt 10.4863 0.9936385
vt 10.48993 0.9936385
vt 10.49681 0.9972749
vt 10.48993 0.9972749
vt 10.48696 0.9966065
vt 10.13082 0.720431
vt 10.13766 0.7240462
vt 10.13766 0.720431
vt 10.13082 0.7240462
vt 10.13766 0.9967358
vt 10.12721 0.7240462
vt 10.12787 0.7210954
vt 10.12721 0.9967347
vt 10.13082 0.9967358
vt 10.13766 1.000351
vt 10.13082 1.000351
vt 10.12787 0.9996875
vt 10.26365 0.957931
vt 10.26365 0.9615536
vt 10.27051 0.9615536
vt 10.27051 0.957931
vt 10.27413 0.957931
vt 10.27346 0.9608877
vt 10.27415 0.8927994
vt 10.27036 0.8930178
vt 10.26365 0.8929079
vt 10.26365 0.8892855
vt 10.27036 0.889294
vt 10.27347 0.8897089
vt 10.06082 0.6819271
vt 10.06815 0.6841612
vt 10.06815 0.6819052
vt 10.06081 0.6842467
vt 10.06815 0.7430603
vt 10.05667 0.6853752
vt 10.05741 0.6830119
vt 10.05669 0.7442179
vt 10.06062 0.7430603
vt 10.06815 0.7470189
vt 10.06064 0.7470264
vt 10.05742 0.7470261
vt 10.0567 0.749849
vt 10.06815 0.7509847
vt 10.06066 0.7510108
vt 10.0567 0.8201368
vt 10.06066 0.8211731
vt 10.06815 0.8211731
vt 10.0567 0.8536259
vt 10.06815 0.8542596
vt 10.06066 0.8542596
vt 10.0567 0.8929753
vt 10.06815 0.8931354
vt 10.06066 0.8931354
vt 10.0567 0.9855529
vt 10.06066 0.9855529
vt 10.06815 0.9855529
vt 10.06815 0.9895151
vt 10.06066 0.9895151
vt 10.05742 0.988787
vt 10.08416 0.9954942
vt 10.08058 0.9990771
vt 10.0835 0.9984185
vt 10.08058 0.9954942
vt 10.08416 0.911786
vt 10.0509 0.9954942
vt 10.0509 0.9990771
vt 10.08058 0.9114369
vt 10.09116 0.8762068
vt 10.0509 0.7252877
vt 10.08778 0.8748243
vt 10.1111 0.8459256
vt 10.04732 0.9954942
vt 10.04798 0.9984185
vt 10.04732 0.7252888
vt 10.1083 0.8436636
vt 10.17355 0.7823721
vt 10.17103 0.7798243
vt 10.0509 0.7217051
vt 10.04798 0.7223632
vt 10.11707 0.7250622
vt 10.11532 0.7218856
vt 10.12056 0.7240753
vt 10.11837 0.7219385
vt 10.17356 0.7772803
vt 10.17515 0.7798194
vt 10.50215 0.9598851
vt 10.49527 0.9598851
vt 10.49527 0.9635206
vt 10.50215 0.9635206
vt 10.49527 0.993639
vt 10.50579 0.9635206
vt 10.50512 0.9605533
vt 10.50579 0.993639
vt 10.50215 0.993639
vt 10.49527 0.9972754
vt 10.50215 0.9972754
vt 10.50512 0.9966064
vt 10.17392 1.000344
vt 10.18076 1.000344
vt 10.18076 0.9967285
vt 10.17392 0.9967285
vt 10.18076 0.7240534
vt 10.1703 0.9967285
vt 10.17097 0.9996795
vt 10.1703 0.7240545
vt 10.17392 0.7240534
vt 10.18076 0.720438
vt 10.17392 0.720438
vt 10.17097 0.7211021
vt 10.28313 0.9563414
vt 10.27628 0.9599659
vt 10.28313 0.9599659
vt 10.27628 0.9563414
vt 10.27265 0.9563414
vt 10.27332 0.9592996
vt 10.27263 0.8911756
vt 10.27642 0.8913942
vt 10.28313 0.8912845
vt 10.28313 0.8876599
vt 10.27642 0.8876684
vt 10.27331 0.8880836
vt 10.0698 0.989493
vt 10.07713 0.9895152
vt 10.07713 0.9872591
vt 10.06979 0.987174
vt 10.07713 0.9283601
vt 10.06565 0.9860455
vt 10.06639 0.9884087
vt 10.06566 0.9272027
vt 10.0696 0.9283601
vt 10.07713 0.9244018
vt 10.06961 0.924394
vt 10.06639 0.9243945
vt 10.06567 0.9215717
vt 10.07713 0.9204359
vt 10.06964 0.9204099
vt 10.06567 0.8512838
vt 10.06964 0.8502476
vt 10.07713 0.8502476
vt 10.06567 0.8177941
vt 10.07713 0.8171611
vt 10.06964 0.8171611
vt 10.06567 0.7784451
vt 10.07713 0.7782853
vt 10.06964 0.7782853
vt 10.06567 0.6858674
vt 10.06964 0.6858674
vt 10.07713 0.6858674
vt 10.07713 0.6819052
vt 10.06964 0.6819052
vt 10.0664 0.6826336
vt 10.12726 0.725288
vt 10.1266 0.722364
vt 10.12367 0.7217054
vt 10.12367 0.725288
vt 10.12726 0.808996
vt 10.094 0.725288
vt 10.094 0.7217054
vt 10.12367 0.8093448
vt 10.13425 0.8445753
vt 10.094 0.9954939
vt 10.13087 0.8459579
vt 10.1542 0.8748562
vt 10.09042 0.725288
vt 10.09107 0.722364
vt 10.09042 0.9954931
vt 10.1514 0.8771186
vt 10.21665 0.9384096
vt 10.21413 0.9409577
vt 10.094 0.9990768
vt 10.09107 0.9984187
vt 10.16017 0.9957194
vt 10.15841 0.998896
vt 10.16366 0.9967062
vt 10.16147 0.9988434
vt 10.21665 0.9435011
vt 10.21824 0.940962
vt 10.46321 1.011473
vt 10.45373 1.001445
vt 10.45373 1.011473
vt 10.46321 1.001445
vt 10.46491 1.001345
vt 10.46491 1.01108
vt 10.46491 0.8077461
vt 10.46321 0.807646
vt 10.45373 0.807646
vt 10.46491 0.7980118
vt 10.45373 0.7976183
vt 10.46321 0.7976183
vt 10.5233 0.9577977
vt 10.53364 0.9658003
vt 10.53364 0.9577977
vt 10.5233 0.9658003
vt 10.53364 0.9767341
vt 10.52146 0.9662288
vt 10.52146 0.9585407
vt 10.52146 0.9767341
vt 10.5233 0.9767341
vt 10.53364 0.9876679
vt 10.52146 0.9872385
vt 10.5233 0.9876679
vt 10.53364 0.9956705
vt 10.52146 0.9949269
vt 10.5233 0.9956705
vt 10.44645 0.7884954
vt 10.45593 0.7985236
vt 10.45593 0.7884954
vt 10.44645 0.7985236
vt 10.44475 0.7986234
vt 10.44475 0.7888888
vt 10.44475 0.9922222
vt 10.44645 0.9923223
vt 10.45593 0.9923223
vt 10.44475 1.001957
vt 10.45593 1.00235
vt 10.44645 1.00235
vt 10.53228 0.9577981
vt 10.54262 0.9658006
vt 10.54262 0.9577981
vt 10.53228 0.9658006
vt 10.54262 0.9767345
vt 10.53044 0.9662292
vt 10.53044 0.9585411
vt 10.53044 0.9767345
vt 10.53228 0.9767345
vt 10.54262 0.9876677
vt 10.53044 0.9872388
vt 10.53228 0.9876677
vt 10.54262 0.9956703
vt 10.53044 0.9949278
vt 10.53228 0.9956703
vt 10.74577 0.8609973
vt 10.74776 0.8501593
vt 10.74577 0.8508152
vt 10.74776 0.8607567
vt 10.74577 0.8727518
vt 10.74776 0.8729914
vt 10.74577 0.8830371
vt 10.74776 0.8835872
vt 10.74577 1.062226
vt 10.74776 1.062943
vt 10.75894 0.8835872
vt 10.75894 0.8729914
vt 10.75894 1.062943
vt 10.75894 1.069059
vt 10.74776 1.069059
vt 10.75894 0.8607567
vt 10.75894 0.8501593
vt 10.74776 0.8440406
vt 10.75894 0.8440406
vt 10.54287 0.8460903
vt 10.54088 0.8467427
vt 10.54088 0.8568714
vt 10.54287 0.8566329
vt 10.54088 0.868566
vt 10.54287 0.8688045
vt 10.54088 0.8787982
vt 10.54287 0.8793455
vt 10.54088 1.057061
vt 10.54287 1.057774
vt 10.55399 0.8793455
vt 10.55399 1.057774
vt 10.55399 0.8688045
vt 10.55399 0.8566329
vt 10.55399 0.8460903
vt 10.54287 0.8400026
vt 10.55399 0.8400026
vt 10.87184 0.9708121
vt 10.88171 0.9801708
vt 10.88171 0.9708121
vt 10.87184 0.9801708
vt 10.88171 0.9909773
vt 10.87184 0.9909773
vt 10.87008 0.9803825
vt 10.87008 0.9712978
vt 10.87008 0.9907651
vt 10.87008 0.9997578
vt 10.87184 1.000337
vt 10.88884 0.9902885
vt 10.87918 0.979712
vt 10.87918 0.9902885
vt 10.88884 0.979712
vt 10.89057 0.9799192
vt 10.89057 0.9711173
vt 10.88884 0.9705509
vt 10.89057 0.9900813
vt 10.88884 0.9994479
vt 10.89057 0.9989721
vt 10.89957 0.9901006
vt 10.89784 0.9995092
vt 10.89957 0.9989398
vt 10.89784 0.9903092
vt 10.89957 0.9798962
vt 10.89784 0.9796879
vt 10.89957 0.970967
vt 10.89784 0.9704896
vt 10.88813 0.9796879
vt 10.88813 0.9903092
vt 10.89878 0.970256
vt 10.89702 0.9708346
vt 10.89702 0.9798155
vt 10.89878 0.9796039
vt 10.89702 0.9901845
vt 10.89878 0.990396
vt 10.89702 0.9992571
vt 10.89878 0.9997427
vt 10.90864 0.9997427
vt 10.90864 0.990396
vt 10.90864 0.9796039
vt 10.53477 1.05171
vt 10.53477 1.057798
vt 10.54589 1.057798
vt 10.54589 1.05171
vt 10.53477 1.041165
vt 10.53278 1.051057
vt 10.54589 1.041165
vt 10.53278 1.040925
vt 10.53477 1.02899
vt 10.54589 1.02899
vt 10.53278 1.029229
vt 10.53477 1.018447
vt 10.54589 1.018447
vt 10.54589 0.8399782
vt 10.53278 1.018994
vt 10.53477 0.8399782
vt 10.53278 0.8406917
vt 10.76397 0.8440575
vt 10.77515 0.850174
vt 10.77515 0.8440575
vt 10.76397 0.850174
vt 10.76397 1.029502
vt 10.77515 1.029502
vt 10.77515 1.040096
vt 10.76198 1.030052
vt 10.76198 0.8508909
vt 10.76198 1.040336
vt 10.76397 1.040096
vt 10.77515 1.052329
vt 10.76198 1.052089
vt 10.76397 1.052329
vt 10.76198 1.062269
vt 10.77515 1.062925
vt 10.76397 1.062925
vt 10.77515 1.069043
vt 10.76397 1.069043
vt 10.3656 0.7616098
vt 10.37519 0.7690379
vt 10.37519 0.7616098
vt 10.3656 0.7690379
vt 10.37519 0.7791843
vt 10.36388 0.7694359
vt 10.36388 0.7623
vt 10.36388 0.7792856
vt 10.3656 0.7791843
vt 10.36388 0.9968621
vt 10.3656 0.996963
vt 10.37519 0.996963
vt 10.36388 1.006712
vt 10.37519 1.00711
vt 10.3656 1.00711
vt 10.36388 1.013848
vt 10.37519 1.014538
vt 10.3656 1.014538
vt 10.86848 1.005247
vt 10.85887 0.9950802
vt 10.85887 1.005247
vt 10.86848 0.9950802
vt 10.85887 0.9849122
vt 10.86848 0.9849122
vt 10.8702 0.9853113
vt 10.8702 0.9950802
vt 10.8702 1.004848
vt 10.35662 0.7616168
vt 10.36622 0.7690448
vt 10.36622 0.7616168
vt 10.35662 0.7690448
vt 10.36622 0.7791907
vt 10.35491 0.7694426
vt 10.35491 0.7623062
vt 10.35491 0.7792916
vt 10.35662 0.7791907
vt 10.35491 0.9968557
vt 10.35662 0.9969572
vt 10.36622 0.9969572
vt 10.35491 1.006705
vt 10.36622 1.007103
vt 10.35662 1.007103
vt 10.35491 1.013841
vt 10.36622 1.014531
vt 10.35662 1.014531
vt 10.85248 0.9848985
vt 10.8621 0.99508
vt 10.8621 0.9848985
vt 10.85248 0.99508
vt 10.8621 1.005261
vt 10.85248 1.005261
vt 10.85076 1.004862
vt 10.85076 0.99508
vt 10.85076 0.9852976
vt 10.53185 -0.2766584
vt 10.28124 0.8313441
vt 10.53185 0.8313441
vt 10.28124 -0.2766584
vt 9.663804 0.8313441
vt 9.663804 -0.2766584
vt 9.663804 -0.3767744
vt 10.28124 -0.3767744
vt 10.33119 -0.4768904
vt 9.663804 -0.4768904
vt 9.663804 -0.5269484
vt 10.33119 -0.5269484
vt 10.60393 -0.132975
vt 11.23475 0.8623492
vt 11.23475 -0.132975
vt 10.53746 -0.132975
vt 10.42514 0.8623492
vt 10.42514 -0.132975
vt 10.53746 -0.1393542
vt 10.60393 -0.1393542
vt 10.45127 1.002245
vt 10.45127 0.9554071
vt 10.44478 0.9554071
vt 10.44478 1.002245
vt 10.45202 0.9558318
vt 10.45202 1.00182
vt 10.4584 1.00182
vt 10.4584 0.9558318
vt 10.30757 0.8900762
vt 10.30119 0.8900762
vt 10.30119 0.9565344
vt 10.30757 0.9530524
vt 9.826462 0.410064
vt 9.826462 0.880219
vt 10.07708 0.880219
vt 10.07708 0.410064
vt 10.07708 -0.06009009
vt 9.826462 -0.06009009
vt 10.69451 -0.06009009
vt 10.69451 0.410064
vt 10.69451 0.880219
vt 10.25643 0.410064
vt 10.00582 0.880219
vt 10.25643 0.880219
vt 10.00582 0.410064
vt 10.00582 -0.06009009
vt 10.25643 -0.06009009
vt 10.21564 1.004121
vt 10.10332 1.050093
vt 10.21564 1.050093
vt 10.10332 0.6252628
vt 10.91292 0.6252628
vt 10.27863 1.004121
vt 10.28211 1.050093
vt 10.91292 1.050093
vt 10.21564 0.246405
vt 10.10332 0.2004327
vt 10.21564 0.2004327
vt 10.28211 0.246405
vt 10.28211 0.2004327
vt 10.91292 0.2004327
vt 10.45609 0.9138106
vt 10.03126 -0.08151397
vt 10.03126 0.9138106
vt 10.45609 -0.08151397
vt 10.88092 -0.08151397
vt 10.88092 0.9138106
vt 11.09787 1.050093
vt 10.28826 0.6252628
vt 10.28826 1.050093
vt 11.09787 0.6252628
vt 11.09787 0.2004325
vt 10.28826 0.2004325
vt 10.27923 0.9741867
vt 10.28026 0.9750404
vt 10.28026 0.840907
vt 10.27924 0.840907
vt 10.2755 0.9741867
vt 10.27923 0.9752079
vt 10.2755 0.9752079
vt 10.27448 0.9741867
vt 10.27466 0.9750204
vt 10.2755 0.840907
vt 10.27448 0.840907
vt 10.27448 0.7076274
vt 10.27923 0.7076274
vt 10.28026 0.7067736
vt 10.2755 0.7076274
vt 10.27923 0.7066059
vt 10.2755 0.7066059
vt 10.27466 0.7067936
vt 10.26884 0.9739628
vt 10.26854 0.9749781
vt 10.27211 0.9749449
vt 10.27211 0.9739257
vt 10.26831 0.8409141
vt 10.26727 0.9745663
vt 10.26729 0.8409141
vt 10.26727 0.7072621
vt 10.26884 0.7078654
vt 10.27312 0.9739221
vt 10.27294 0.974755
vt 10.27312 0.8409141
vt 10.27211 0.8409141
vt 10.27211 0.7079024
vt 10.27312 0.707906
vt 10.27211 0.7068833
vt 10.26854 0.70685
vt 10.27294 0.7070733
vt 10.40101 0.8164778
vt 10.40187 0.8160751
vt 10.40084 0.8156504
vt 10.40059 0.8158866
vt 10.39999 0.8154564
vt 10.39894 0.8174655
vt 10.53567 0.8175094
vt 10.53567 0.8164932
vt 10.39989 0.6313819
vt 10.67033 0.8164778
vt 10.3986 0.6290762
vt 10.40122 0.6300502
vt 10.40067 0.6307939
vt 10.53567 0.6300502
vt 10.26265 1.081671
vt 10.26387 0.5805246
vt 10.53567 0.5838439
vt 10.53567 0.6290762
vt 10.67274 0.6290762
vt 10.67011 0.6300502
vt 10.67145 0.6313819
vt 10.67067 0.6307939
vt 10.6724 0.8174655
vt 10.67135 0.8154564
vt 10.80747 0.5805246
vt 10.67074 0.8158866
vt 10.67049 0.8156504
vt 10.66947 0.8160751
vt 10.80869 1.081671
vt 10.53567 1.081411
vt 10.53567 1.085799
vt 10.81308 1.085931
vt 10.53567 1.090191
vt 10.25826 1.085931
vt 10.81267 0.577998
vt 10.25866 0.577998
vt 10.25387 1.090191
vt 10.53567 0.5795168
vt 10.81747 1.090191
vt 10.2542 0.5726383
vt 10.81714 0.5726383
vt 10.53567 0.5751262
vt 10.53567 0.4738781
vt 10.2352 0.4747006
vt 10.83614 0.4747006
vt 10.23529 1.111502
vt 10.83604 1.111502
vt 10.53567 1.111475
vt 10.53567 1.115866
vt 10.23092 1.115766
vt 10.84042 1.115766
vt 10.23093 0.4700622
vt 10.84041 0.4700622
vt 10.53567 1.119986
vt 10.53567 0.4694874
vt 10.22663 1.119704
vt 10.84471 1.119704
vt 10.2263 0.4667159
vt 10.53567 1.155797
vt 10.18601 1.155797
vt 10.18601 0.4445306
vt 10.88533 1.155797
vt 10.53567 0.4445306
vt 10.84503 0.4667159
vt 10.88533 0.4445306
vt 10.53567 0.4656608
vt 10.51743 0.8561006
vt 10.51847 0.8562945
vt 10.51828 0.8558643
vt 10.51743 0.8571251
vt 10.51369 0.8561006
vt 10.51758 1.039714
vt 10.51851 1.040235
vt 10.51727 1.040769
vt 10.51847 1.040822
vt 10.51855 1.041565
vt 10.51697 1.041174
vt 10.51369 1.039726
vt 10.51369 1.04075
vt 10.51369 0.8571251
vt 10.51267 1.039727
vt 10.51286 1.040561
vt 10.51267 0.8571251
vt 10.51286 0.856289
vt 10.39482 0.9724429
vt 10.39382 0.9734508
vt 10.39464 0.9732658
vt 10.39382 0.9724429
vt 10.39482 0.840907
vt 10.21417 0.9724429
vt 10.21417 0.840907
vt 10.21417 0.9734508
vt 10.21317 0.9724397
vt 10.21335 0.9732631
vt 10.21317 0.840907
vt 10.21317 0.7093741
vt 10.39382 0.840907
vt 10.39382 0.7093708
vt 10.39482 0.7093708
vt 10.21417 0.7093708
vt 10.39382 0.7083629
vt 10.39464 0.7085482
vt 10.21417 0.7083629
vt 10.21335 0.7085506
vt 10.00527 0.9462999
vt 10.00219 0.9430367
vt 10.00219 0.9462999
vt 10.00527 0.9430367
vt 10.00583 0.9430044
vt 10.00583 0.9461719
vt 10.00583 0.8423004
vt 10.00527 0.8422681
vt 10.00219 0.8422681
vt 10.00583 0.8391324
vt 10.00219 0.8390047
vt 10.00527 0.8390047
vt 10.83431 1.000048
vt 10.83099 0.9974739
vt 10.83099 1.000048
vt 10.83431 0.9974739
vt 10.83099 0.9939569
vt 10.83491 0.997336
vt 10.83491 0.9998086
vt 10.83491 0.9939569
vt 10.83431 0.9939569
vt 10.83099 0.9904402
vt 10.83491 0.9905784
vt 10.83431 0.9904402
vt 10.83099 0.987866
vt 10.83491 0.9881049
vt 10.83431 0.987866
vt 10.00919 0.8390055
vt 10.01228 0.8422688
vt 10.01228 0.8390055
vt 10.00919 0.8422688
vt 10.00864 0.8423014
vt 10.00864 0.8391334
vt 10.00864 0.9430035
vt 10.00919 0.9430358
vt 10.01228 0.9430358
vt 10.00864 0.9461709
vt 10.01228 0.9462988
vt 10.00919 0.9462988
vt 10.82787 1.000093
vt 10.82452 0.9975001
vt 10.82452 1.000093
vt 10.82787 0.9975001
vt 10.82452 0.9939569
vt 10.82847 0.9973605
vt 10.82847 0.9998521
vt 10.82847 0.9939569
vt 10.82787 0.9939569
vt 10.82452 0.9904141
vt 10.82847 0.9905533
vt 10.82787 0.9904141
vt 10.82452 0.9878207
vt 10.82847 0.9880614
vt 10.82787 0.9878207
vt 10.01086 0.9735121
vt 10.00778 0.9702489
vt 10.00778 0.9735121
vt 10.01086 0.9702489
vt 10.01141 0.9702166
vt 10.01141 0.9733841
vt 10.01141 0.8695114
vt 10.01086 0.869479
vt 10.00778 0.869479
vt 10.01141 0.8663433
vt 10.00778 0.8662156
vt 10.01086 0.8662156
vt 10.82141 1.000047
vt 10.81809 0.9974739
vt 10.81809 1.000047
vt 10.82141 0.9974739
vt 10.81809 0.9939569
vt 10.82201 0.997336
vt 10.82201 0.9998085
vt 10.82201 0.9939569
vt 10.82141 0.9939569
vt 10.81809 0.9904402
vt 10.82201 0.9905785
vt 10.82141 0.9904402
vt 10.81809 0.987866
vt 10.82201 0.988105
vt 10.82141 0.987866
vt 10.00097 0.8662166
vt 10.00405 0.86948
vt 10.00405 0.8662166
vt 10.00097 0.86948
vt 10.00042 0.8695126
vt 10.00042 0.8663446
vt 10.00042 0.9702154
vt 10.00097 0.9702477
vt 10.00405 0.9702477
vt 10.00042 0.9733828
vt 10.00405 0.9735108
vt 10.00097 0.9735108
vt 10.81497 1.000093
vt 10.81162 0.9974995
vt 10.81162 1.000093
vt 10.81497 0.9974995
vt 10.81162 0.9939569
vt 10.81557 0.9973605
vt 10.81557 0.9998521
vt 10.81557 0.9939569
vt 10.81497 0.9939569
vt 10.81162 0.9904135
vt 10.81557 0.9905527
vt 10.81497 0.9904135
vt 10.81162 0.9878208
vt 10.81557 0.9880615
vt 10.81497 0.9878208
vt 10.02523 0.9743255
vt 10.02214 0.9710619
vt 10.02214 0.9743255
vt 10.02523 0.9710619
vt 10.02578 0.9710296
vt 10.02578 0.974197
vt 10.02578 0.8703285
vt 10.02523 0.8702961
vt 10.02214 0.8702961
vt 10.02578 0.8671609
vt 10.02214 0.8670326
vt 10.02523 0.8670326
vt 10.80855 1.000235
vt 10.80513 0.9975815
vt 10.80513 1.000235
vt 10.80855 0.9975815
vt 10.80513 0.9939569
vt 10.80917 0.99744
vt 10.80917 0.9999887
vt 10.80917 0.9939569
vt 10.80855 0.9939569
vt 10.80513 0.9903314
vt 10.80917 0.9904745
vt 10.80855 0.9903314
vt 10.80513 0.9876786
vt 10.80917 0.9879248
vt 10.80855 0.9876786
vt 10.01551 0.8670312
vt 10.0186 0.8702946
vt 10.0186 0.8670312
vt 10.01551 0.8702946
vt 10.01496 0.8703272
vt 10.01496 0.8671595
vt 10.01496 0.9710308
vt 10.01551 0.9710632
vt 10.0186 0.9710632
vt 10.01496 0.9741983
vt 10.0186 0.9743268
vt 10.01551 0.9743268
vt 10.8021 1.000235
vt 10.79868 0.9975821
vt 10.79868 1.000235
vt 10.8021 0.9975821
vt 10.79868 0.9939569
vt 10.80272 0.9974394
vt 10.80272 0.9999887
vt 10.80272 0.9939569
vt 10.8021 0.9939569
vt 10.79868 0.990332
vt 10.80272 0.9904739
vt 10.8021 0.990332
vt 10.79868 0.9876785
vt 10.80272 0.9879248
vt 10.8021 0.9876785
vt 10.42779 0.813964
vt 10.43853 0.8032283
vt 10.42976 0.8052015
vt 10.43853 0.813964
vt 10.42779 0.9919916
vt 10.60968 0.813964
vt 10.60968 0.8032283
vt 10.43853 0.9919916
vt 10.62041 0.813964
vt 10.61844 0.8052015
vt 10.60968 0.9919916
vt 10.62041 0.9919916
vt 10.60968 1.002727
vt 10.61844 1.000754
vt 10.43853 1.002727
vt 10.42976 1.000754
vt 10.85483 1.045047
vt 10.84351 1.056125
vt 10.85279 1.054089
vt 10.84351 1.045047
vt 10.85483 0.8684313
vt 10.84351 0.8684313
vt 10.84351 0.857353
vt 10.85279 0.8593889
vt 10.54701 0.8000607
vt 10.55833 0.8111374
vt 10.55629 0.8020966
vt 10.54701 0.8111374
vt 10.54701 0.9948183
vt 10.55833 0.9948183
vt 10.54701 1.005895
vt 10.55629 1.003859
vt 10.83545 0.8573531
vt 10.84677 0.8684314
vt 10.84474 0.8593889
vt 10.83545 0.8684314
vt 10.83545 1.045046
vt 10.84677 1.045046
vt 10.83545 1.056125
vt 10.84474 1.054089
vt 10.55598 0.8000681
vt 10.5673 0.811144
vt 10.56527 0.8021038
vt 10.55598 0.811144
vt 10.5673 0.9948117
vt 10.55598 0.9948117
vt 10.55598 1.005888
vt 10.56527 1.003852
vt 10.49423 0.8139641
vt 10.50496 0.8032284
vt 10.4962 0.8052015
vt 10.50496 0.8139641
vt 10.49423 0.991991
vt 10.67611 0.8139641
vt 10.67611 0.8032284
vt 10.50496 0.991991
vt 10.68685 0.8139641
vt 10.68488 0.8052015
vt 10.67611 0.991991
vt 10.68685 0.991991
vt 10.67611 1.002727
vt 10.68488 1.000754
vt 10.50496 1.002727
vt 10.4962 1.000754
vt 10.83871 1.045047
vt 10.82739 1.056125
vt 10.83668 1.054089
vt 10.82739 1.045047
vt 10.83871 0.8684313
vt 10.82739 0.8684313
vt 10.82739 0.857353
vt 10.83668 0.8593889
vt 10.61344 0.8071452
vt 10.62476 0.8182227
vt 10.62273 0.8091812
vt 10.61344 0.8182227
vt 10.61344 1.001918
vt 10.62476 1.001918
vt 10.61344 1.012996
vt 10.62273 1.01096
vt 10.81933 0.857353
vt 10.83066 0.8684314
vt 10.82862 0.8593889
vt 10.81933 0.8684314
vt 10.81933 1.045046
vt 10.83066 1.045046
vt 10.81933 1.056125
vt 10.82862 1.054089
vt 10.62242 0.8071759
vt 10.63374 0.8182501
vt 10.63171 0.8092113
vt 10.62242 0.8182501
vt 10.62242 1.001891
vt 10.63374 1.001891
vt 10.62242 1.012965
vt 10.63171 1.01093
vt 10.34554 0.981463
vt 10.33624 0.9770803
vt 10.33624 0.981463
vt 10.34554 0.9770803
vt 10.34992 0.9770803
vt 10.34912 0.9806576
vt 10.34992 0.541949
vt 10.34554 0.541949
vt 10.33624 0.541949
vt 10.33624 0.5375663
vt 10.34554 0.5375663
vt 10.34912 0.5383719
vt 10.92044 1.055641
vt 10.91113 1.051254
vt 10.91113 1.055641
vt 10.92044 1.051254
vt 10.92483 1.051254
vt 10.92402 1.054835
vt 10.92483 0.8620038
vt 10.92044 0.8620038
vt 10.91113 0.8620038
vt 10.91113 0.8576175
vt 10.92044 0.8576175
vt 10.92402 0.8584235
vt 10.28808 0.9814678
vt 10.27878 0.9770851
vt 10.27878 0.9814678
vt 10.28808 0.9770851
vt 10.29247 0.9770851
vt 10.29166 0.9806625
vt 10.29247 0.5419443
vt 10.28808 0.5419443
vt 10.27878 0.5419443
vt 10.27878 0.5375615
vt 10.28808 0.5375615
vt 10.29166 0.538367
vt 10.9118 1.055618
vt 10.9025 1.051233
vt 10.9025 1.055618
vt 10.9118 1.051233
vt 10.91619 1.051233
vt 10.91538 1.054812
vt 10.91619 0.8620255
vt 10.9118 0.8620255
vt 10.9025 0.8620255
vt 10.9025 0.8576402
vt 10.9118 0.8576402
vt 10.91538 0.8584461
vt 10.08115 0.9306366
vt 10.07185 0.9262527
vt 10.07185 0.9306366
vt 10.08115 0.9262527
vt 10.08554 0.9262527
vt 10.08473 0.9298308
vt 10.08554 0.6045665
vt 10.08115 0.6045665
vt 10.07185 0.6045665
vt 10.07185 0.6001829
vt 10.08115 0.6001829
vt 10.08473 0.6009885
vt 10.90317 1.055629
vt 10.89386 1.051244
vt 10.89386 1.055629
vt 10.90317 1.051244
vt 10.90755 1.051244
vt 10.90674 1.054823
vt 10.90755 0.8620148
vt 10.90317 0.8620148
vt 10.89386 0.8620148
vt 10.89386 0.8576291
vt 10.90317 0.8576291
vt 10.90674 0.858435
vt 10.0237 0.9306366
vt 10.0144 0.9262527
vt 10.0144 0.9306366
vt 10.0237 0.9262527
vt 10.02808 0.9262527
vt 10.02728 0.9298308
vt 10.02808 0.6045665
vt 10.0237 0.6045665
vt 10.0144 0.6045665
vt 10.0144 0.6001829
vt 10.0237 0.6001829
vt 10.02728 0.6009884
vt 10.89453 1.05563
vt 10.88522 1.051244
vt 10.88522 1.05563
vt 10.89453 1.051244
vt 10.89891 1.051244
vt 10.89811 1.054823
vt 10.89891 0.8620148
vt 10.89453 0.8620148
vt 10.88522 0.8620148
vt 10.88522 0.8576287
vt 10.89453 0.8576287
vt 10.89811 0.8584349
vt 10.8876 1.00878
vt 10.87829 1.004395
vt 10.87829 1.00878
vt 10.8876 1.004395
vt 10.87829 0.8151715
vt 10.89198 1.004395
vt 10.89118 1.007974
vt 10.89198 0.8151715
vt 10.8876 0.8151715
vt 10.87829 0.8107858
vt 10.8876 0.8107858
vt 10.89118 0.8115919
vt 10.22198 0.981468
vt 10.21269 0.9770852
vt 10.21269 0.981468
vt 10.22198 0.9770852
vt 10.21269 0.5419441
vt 10.22637 0.9770852
vt 10.22556 0.9806625
vt 10.22637 0.5419441
vt 10.22198 0.5419441
vt 10.21269 0.5375613
vt 10.22198 0.5375613
vt 10.22556 0.538367
vt 10.89658 1.008815
vt 10.88727 1.004428
vt 10.88727 1.008815
vt 10.89658 1.004428
vt 10.88727 0.8151385
vt 10.90097 1.004428
vt 10.90016 1.008009
vt 10.90097 0.8151385
vt 10.89658 0.8151385
vt 10.88727 0.810751
vt 10.89658 0.810751
vt 10.90016 0.8115574
vt 10.23062 0.9814629
vt 10.22132 0.9770802
vt 10.22132 0.9814629
vt 10.23062 0.9770802
vt 10.22132 0.5419492
vt 10.23501 0.9770802
vt 10.2342 0.9806575
vt 10.23501 0.5419492
vt 10.23062 0.5419492
vt 10.22132 0.5375665
vt 10.23062 0.5375665
vt 10.2342 0.5383719
vt 10.45501 1.128767
vt 10.44572 1.124385
vt 10.44572 1.128767
vt 10.45501 1.124385
vt 10.4594 1.124385
vt 10.45859 1.127962
vt 10.4594 0.4668196
vt 10.45501 0.4668196
vt 10.44572 0.4668196
vt 10.44572 0.4624376
vt 10.45501 0.4624376
vt 10.45859 0.4632431
vt 10.37227 1.007733
vt 10.36294 1.003333
vt 10.36294 1.007733
vt 10.37227 1.003333
vt 10.37668 1.003333
vt 10.37587 1.006924
vt 10.37668 0.9548998
vt 10.37227 0.9548998
vt 10.36294 0.9548998
vt 10.36294 0.9504993
vt 10.37227 0.9504993
vt 10.37587 0.9513082
vt 10.42829 1.128773
vt 10.41899 1.124391
vt 10.41899 1.128773
vt 10.42829 1.124391
vt 10.43267 1.124391
vt 10.43186 1.127967
vt 10.43267 0.4668137
vt 10.42829 0.4668137
vt 10.41899 0.4668137
vt 10.41899 0.4624316
vt 10.42829 0.4624316
vt 10.43186 0.4632372
vt 10.38125 1.007727
vt 10.37192 1.003328
vt 10.37192 1.007727
vt 10.38125 1.003328
vt 10.38565 1.003328
vt 10.38484 1.006918
vt 10.38565 0.954905
vt 10.38125 0.954905
vt 10.37192 0.954905
vt 10.37192 0.9505048
vt 10.38125 0.9505048
vt 10.38484 0.9513136
vt 10.40786 0.5400034
vt 10.4122 0.544338
vt 10.4114 0.5408
vt 10.40786 0.544338
vt 10.22084 0.5400034
vt 10.40786 0.9746914
vt 10.4122 0.9746914
vt 10.22084 0.544338
vt 10.40786 0.979026
vt 10.4114 0.9782294
vt 10.22084 0.9746914
vt 10.22084 0.979026
vt 10.21651 0.9746914
vt 10.21731 0.9782294
vt 10.21651 0.544338
vt 10.21731 0.5408
vt 10.1435 0.6019872
vt 10.14784 0.606323
vt 10.14704 0.602784
vt 10.1435 0.606323
vt 9.956432 0.6019872
vt 10.1435 0.9244963
vt 10.14784 0.9244963
vt 9.956432 0.606323
vt 10.1435 0.9288323
vt 10.14704 0.9280353
vt 9.956432 0.9244963
vt 9.956432 0.9288323
vt 9.952097 0.9244963
vt 9.952893 0.9280353
vt 9.952097 0.606323
vt 9.952893 0.602784
vt 10.15904 0.5443375
vt 10.16338 0.5400029
vt 10.15984 0.5407994
vt 10.16338 0.5443375
vt 10.15904 0.974692
vt 10.35041 0.5443375
vt 10.35041 0.5400029
vt 10.16338 0.974692
vt 10.35474 0.5443375
vt 10.35395 0.5407994
vt 10.35041 0.974692
vt 10.35474 0.974692
vt 10.35041 0.9790266
vt 10.35395 0.97823
vt 10.16338 0.9790266
vt 10.15984 0.97823
vt 10.41524 1.126557
vt 10.41089 1.122204
vt 10.41168 1.125756
vt 10.41524 1.122204
vt 10.46315 1.126557
vt 10.41524 0.4690008
vt 10.41089 0.4690008
vt 10.46315 1.122204
vt 10.41524 0.4646476
vt 10.41168 0.4654481
vt 10.46315 0.4690008
vt 10.46315 0.4646476
vt 10.4675 0.4690008
vt 10.4667 0.4654481
vt 10.4675 1.122204
vt 10.4667 1.125756
vt 10.79108 0.9293566
vt 10.7812 0.9206375
vt 10.7812 0.9293566
vt 10.79108 0.9206375
vt 10.7998 0.9206375
vt 10.7982 0.927754
vt 10.7998 0.1928786
vt 10.79108 0.1928786
vt 10.7812 0.1928786
vt 10.7812 0.1841594
vt 10.79108 0.1841594
vt 10.7982 0.1857619
vt 10.38188 1.098486
vt 10.372 1.089766
vt 10.372 1.098486
vt 10.38188 1.089766
vt 10.3906 1.089766
vt 10.389 1.096884
vt 10.3906 0.49049
vt 10.38188 0.49049
vt 10.372 0.49049
vt 10.372 0.4817697
vt 10.38188 0.4817697
vt 10.389 0.4833724
vt 10.77865 1.176309
vt 10.76877 1.16759
vt 10.76877 1.176309
vt 10.77865 1.16759
vt 10.78737 1.16759
vt 10.78576 1.174706
vt 10.78737 0.4398306
vt 10.77865 0.4398306
vt 10.76877 0.4398306
vt 10.76877 0.4311116
vt 10.77865 0.4311116
vt 10.78576 0.4327141
vt 10.3722 1.098503
vt 10.36232 1.089783
vt 10.36232 1.098503
vt 10.3722 1.089783
vt 10.38092 1.089783
vt 10.37932 1.096901
vt 10.38092 0.4904738
vt 10.3722 0.4904738
vt 10.36232 0.4904738
vt 10.36232 0.4817528
vt 10.3722 0.4817528
vt 10.37932 0.4833556
vt 10.55819 1.169859
vt 10.54963 1.161291
vt 10.5512 1.168285
vt 10.55819 1.161291
vt 11.14702 1.169859
vt 10.55819 0.4461291
vt 10.54963 0.4461291
vt 11.14702 1.161291
vt 10.55819 0.437561
vt 10.5512 0.4391358
vt 11.14702 0.4461291
vt 11.14702 0.437561
vt 11.15558 0.4461291
vt 11.15401 0.4391358
vt 11.15558 1.161291
vt 11.15401 1.168285
vt 10.21325 0.1802396
vt 10.23387 0.1864894
vt 10.23387 0.1802396
vt 10.21325 0.1864894
vt 10.207 0.1864894
vt 10.20814 0.1813883
vt 10.207 1.038651
vt 10.21325 1.038651
vt 10.23387 1.038651
vt 10.23387 1.0449
vt 10.21325 1.0449
vt 10.20814 1.043752
vt 10.12789 0.970624
vt 10.10716 0.9649829
vt 10.10716 0.970624
vt 10.12789 0.9649829
vt 10.13417 0.9649829
vt 10.13302 0.9695873
vt 10.13417 0.8514016
vt 10.12789 0.8514016
vt 10.10716 0.8514016
vt 10.10716 0.8457605
vt 10.12789 0.8457605
vt 10.13302 0.846797
vt 10.10189 0.8457612
vt 10.12262 0.8514022
vt 10.12262 0.8457612
vt 10.10189 0.8514022
vt 10.09561 0.8514022
vt 10.09676 0.8467976
vt 10.09561 0.9649823
vt 10.10189 0.9649823
vt 10.12262 0.9649823
vt 10.12262 0.9706233
vt 10.10189 0.9706233
vt 10.09676 0.9695866
vt 10.27431 1.044898
vt 10.25368 1.038648
vt 10.25368 1.044898
vt 10.27431 1.038648
vt 10.28056 1.038648
vt 10.27941 1.043749
vt 10.28056 0.1864916
vt 10.27431 0.1864916
vt 10.25368 0.1864916
vt 10.25368 0.1802418
vt 10.27431 0.1802418
vt 10.27941 0.1813905
vt 10.43414 1.012495
vt 10.41344 1.006864
vt 10.41344 1.012495
vt 10.43414 1.006864
vt 10.41344 0.8971921
vt 10.44041 1.006864
vt 10.43926 1.01146
vt 10.44041 0.8971921
vt 10.43414 0.8971921
vt 10.43414 0.7875193
vt 10.41344 0.7875193
vt 10.44041 0.7875193
vt 10.43414 0.7818884
vt 10.41344 0.7818884
vt 10.43926 0.7829233
vt 10.34433 1.044897
vt 10.32371 1.038648
vt 10.32371 1.044897
vt 10.34433 1.038648
vt 10.35058 1.038648
vt 10.34944 1.043749
vt 10.35058 0.1864922
vt 10.34433 0.1864922
vt 10.32371 0.1864922
vt 10.32371 0.1802424
vt 10.34433 0.1802424
vt 10.34944 0.1813912
vt 10.30001 0.1815439
vt 10.3056 0.1877748
vt 10.30457 0.1826891
vt 10.30001 0.1877748
vt 10.18735 0.1815439
vt 10.30001 1.037365
vt 10.3056 1.037365
vt 10.18735 0.1877748
vt 10.30001 1.043596
vt 10.30457 1.042451
vt 10.18735 1.037365
vt 10.18735 1.043596
vt 10.18176 1.037365
vt 10.18279 1.042451
vt 10.18176 0.1877748
vt 10.18279 0.1826891
vt 10.18762 0.1886505
vt 10.1932 0.1824324
vt 10.18864 0.1835753
vt 10.1932 0.1886505
vt 10.30195 0.1886505
vt 10.30195 0.1824324
vt 10.18762 1.036489
vt 10.4107 0.1824324
vt 10.1932 1.036489
vt 10.1932 1.042707
vt 10.18864 1.041565
vt 10.30195 1.042707
vt 10.30195 1.036489
vt 10.4107 1.036489
vt 10.4107 1.042707
vt 10.4107 0.1886505
vt 10.41628 1.036489
vt 10.41525 1.041565
vt 10.41628 0.1886505
vt 10.41525 0.1835753
vt 10.43228 1.012493
vt 10.42601 1.006862
vt 10.42716 1.011458
vt 10.43228 1.006862
vt 10.43228 0.8971921
vt 10.45298 1.012493
vt 10.45298 1.006862
vt 10.42601 0.8971921
vt 10.45298 0.8971921
vt 10.45298 0.7875217
vt 10.42601 0.7875217
vt 10.43228 0.7875217
vt 10.45298 0.7818909
vt 10.43228 0.7818909
vt 10.42716 0.782926
vt 10.50789 0.9953099
vt 10.51476 0.9953099
vt 10.51476 0.9916767
vt 10.50789 0.9916767
vt 10.51476 0.9615834
vt 10.50426 0.9916767
vt 10.50492 0.9946423
vt 10.50426 0.9615834
vt 10.50789 0.9615834
vt 10.51476 0.95795
vt 10.50789 0.95795
vt 10.50492 0.9586179
vt 10.21701 0.982074
vt 10.22385 0.982074
vt 10.22385 0.9784585
vt 10.21701 0.9784585
vt 10.22385 0.7057682
vt 10.2134 0.9784585
vt 10.21406 0.9814093
vt 10.2134 0.7057693
vt 10.21701 0.7057682
vt 10.22385 0.7021526
vt 10.21701 0.7021526
vt 10.21406 0.7028168
vt 10.28161 0.8912911
vt 10.28846 0.8876676
vt 10.28161 0.8876676
vt 10.28846 0.8912911
vt 10.29209 0.8912911
vt 10.29142 0.8883335
vt 10.29211 0.9564428
vt 10.28832 0.9562246
vt 10.28161 0.9563343
vt 10.28161 0.9599581
vt 10.28832 0.9599496
vt 10.29143 0.9595345
vt 10.07877 1.014259
vt 10.08611 1.014281
vt 10.08611 1.012025
vt 10.07877 1.01194
vt 10.08611 0.9531257
vt 10.07463 1.010811
vt 10.07537 1.013174
vt 10.07464 0.951968
vt 10.07858 0.9531257
vt 10.08611 0.9491667
vt 10.07859 0.9491592
vt 10.07537 0.9491598
vt 10.07465 0.9463369
vt 10.08611 0.9452009
vt 10.07861 0.9451751
vt 10.07465 0.8760489
vt 10.07861 0.8750123
vt 10.08611 0.8750123
vt 10.07465 0.8425593
vt 10.08611 0.8419256
vt 10.07861 0.8419256
vt 10.07465 0.8032096
vt 10.08611 0.8030502
vt 10.07861 0.8030502
vt 10.07465 0.7106311
vt 10.07861 0.7106311
vt 10.08611 0.7106311
vt 10.08611 0.7066691
vt 10.07861 0.7066691
vt 10.07538 0.7073972
vt 10.2245 0.9954932
vt 10.22516 0.9984174
vt 10.22808 0.9990761
vt 10.22808 0.9954932
vt 10.2245 0.9117857
vt 10.25776 0.9954932
vt 10.25776 0.9990761
vt 10.22808 0.9114366
vt 10.2175 0.8762067
vt 10.25776 0.7252887
vt 10.22088 0.8748242
vt 10.19756 0.8459257
vt 10.26134 0.9954932
vt 10.26068 0.9984174
vt 10.26134 0.7252898
vt 10.20036 0.8436637
vt 10.13511 0.7823727
vt 10.13763 0.7798249
vt 10.25776 0.7217061
vt 10.26068 0.7223642
vt 10.19159 0.7250632
vt 10.19335 0.7218866
vt 10.1881 0.7240763
vt 10.19029 0.7219394
vt 10.13511 0.7772809
vt 10.13351 0.77982
vt 10.52011 0.9956564
vt 10.51323 0.9920232
vt 10.51323 0.9956564
vt 10.52011 0.9920232
vt 10.51323 0.96193
vt 10.52374 0.9920232
vt 10.52307 0.9949884
vt 10.52374 0.96193
vt 10.52011 0.96193
vt 10.51323 0.9582967
vt 10.52011 0.9582967
vt 10.52307 0.9589645
vt 10.26011 0.7021603
vt 10.26694 0.7057756
vt 10.26694 0.7021603
vt 10.26011 0.7057756
vt 10.26694 0.978451
vt 10.25649 0.7057756
vt 10.25716 0.702825
vt 10.25649 0.9784499
vt 10.26011 0.978451
vt 10.26694 0.9820663
vt 10.26011 0.9820663
vt 10.25716 0.9814022
vt 10.30109 0.8912984
vt 10.30109 0.8876753
vt 10.29423 0.8876753
vt 10.29423 0.8912984
vt 10.29061 0.8912984
vt 10.29128 0.8883411
vt 10.29059 0.9564365
vt 10.29438 0.956218
vt 10.30109 0.9563279
vt 10.30109 0.9599507
vt 10.29438 0.9599422
vt 10.29127 0.9595273
vt 10.08775 0.7066913
vt 10.09509 0.7089255
vt 10.09509 0.7066694
vt 10.08775 0.7090106
vt 10.09509 0.7678246
vt 10.0836 0.7101392
vt 10.08435 0.7077762
vt 10.08362 0.7689823
vt 10.08755 0.7678246
vt 10.09509 0.7717833
vt 10.08757 0.7717907
vt 10.08435 0.7717905
vt 10.08363 0.7746133
vt 10.09509 0.7757491
vt 10.08759 0.7757752
vt 10.08363 0.8449016
vt 10.08759 0.8459379
vt 10.09509 0.8459379
vt 10.08363 0.8783913
vt 10.09509 0.8790246
vt 10.08759 0.8790246
vt 10.08363 0.9177406
vt 10.09509 0.9179007
vt 10.08759 0.9179007
vt 10.08363 1.010319
vt 10.08759 1.010319
vt 10.09509 1.010319
vt 10.09509 1.014281
vt 10.08759 1.014281
vt 10.08436 1.013553
vt 10.26759 0.7070115
vt 10.27117 0.7034289
vt 10.26825 0.7040875
vt 10.27117 0.7070115
vt 10.26759 0.7907189
vt 10.30085 0.7070115
vt 10.30085 0.7034289
vt 10.27117 0.7910678
vt 10.2606 0.8262978
vt 10.30085 0.9772152
vt 10.26398 0.8276803
vt 10.24065 0.8565783
vt 10.30443 0.7070115
vt 10.30377 0.7040875
vt 10.30443 0.9772141
vt 10.24345 0.8588406
vt 10.1782 0.9201311
vt 10.18072 0.9226792
vt 10.30085 0.9807978
vt 10.30377 0.9801397
vt 10.23468 0.9774407
vt 10.23644 0.9806169
vt 10.23119 0.9784272
vt 10.23338 0.9805644
vt 10.1782 0.9252226
vt 10.17661 0.9226835
vt 10.48117 0.7976186
vt 10.47169 0.7976186
vt 10.47169 0.8076469
vt 10.48117 0.8076469
vt 10.48286 0.8077469
vt 10.48286 0.7980123
vt 10.48286 1.001345
vt 10.48117 1.001445
vt 10.47169 1.001445
vt 10.48286 1.01108
vt 10.47169 1.011473
vt 10.48117 1.011473
vt 10.54126 0.9956854
vt 10.5516 0.9956854
vt 10.5516 0.9876764
vt 10.54126 0.9876764
vt 10.5516 0.9767345
vt 10.53941 0.9872472
vt 10.53941 0.9949424
vt 10.53941 0.9767345
vt 10.54126 0.9767345
vt 10.5516 0.9657919
vt 10.53941 0.9662208
vt 10.54126 0.9657919
vt 10.5516 0.9577829
vt 10.53941 0.9585266
vt 10.54126 0.9577829
vt 10.4644 1.011466
vt 10.47389 1.011466
vt 10.47389 1.001439
vt 10.4644 1.001439
vt 10.46271 1.001339
vt 10.46271 1.011073
vt 10.46271 0.8077531
vt 10.4644 0.8076527
vt 10.47389 0.8076527
vt 10.46271 0.7980188
vt 10.47389 0.7976251
vt 10.4644 0.7976251
vt 10.55023 0.9965208
vt 10.56059 0.9965208
vt 10.56059 0.9884989
vt 10.55023 0.9884989
vt 10.56059 0.9775388
vt 10.54838 0.9880685
vt 10.54838 0.9957754
vt 10.54838 0.9775388
vt 10.55023 0.9775388
vt 10.56059 0.9665787
vt 10.54838 0.9670092
vt 10.55023 0.9665787
vt 10.56059 0.9585568
vt 10.54838 0.9593017
vt 10.55023 0.9585568
vt 10.73767 1.052089
vt 10.73767 1.062269
vt 10.73966 1.062925
vt 10.73966 1.052329
vt 10.73767 1.040336
vt 10.73966 1.040096
vt 10.73767 1.030053
vt 10.73966 1.029502
vt 10.73767 0.8508898
vt 10.73966 0.8501728
vt 10.75084 1.029502
vt 10.75084 1.040096
vt 10.75084 0.8501728
vt 10.75084 0.844057
vt 10.73966 0.844057
vt 10.75084 1.052329
vt 10.75084 1.062925
vt 10.73966 1.069043
vt 10.75084 1.069043
vt 10.52666 1.05171
vt 10.52468 1.040926
vt 10.52468 1.051057
vt 10.52666 1.041165
vt 10.52468 1.029229
vt 10.52666 1.02899
vt 10.52468 1.018994
vt 10.52666 1.018447
vt 10.52468 0.8406916
vt 10.52666 0.839978
vt 10.53779 1.018447
vt 10.53779 0.839978
vt 10.53779 1.02899
vt 10.53779 1.041165
vt 10.53779 1.05171
vt 10.52666 1.057798
vt 10.53779 1.057798
vt 10.90776 0.9997228
vt 10.91761 0.9997228
vt 10.91761 0.9903887
vt 10.90776 0.9903887
vt 10.91761 0.9796112
vt 10.90776 0.9796112
vt 10.906 0.9901776
vt 10.906 0.9992379
vt 10.906 0.9798228
vt 10.906 0.9708537
vt 10.90776 0.9702759
vt 10.92225 0.9895605
vt 10.91251 0.9895605
vt 10.91251 1.000228
vt 10.92225 1.000228
vt 10.92399 1.000018
vt 10.92399 1.008895
vt 10.92225 1.009467
vt 10.92399 0.98977
vt 10.92225 0.980323
vt 10.92399 0.9808024
vt 10.38355 1.026206
vt 10.39315 1.026206
vt 10.39315 1.018778
vt 10.38355 1.018778
vt 10.39315 1.008631
vt 10.38184 1.01838
vt 10.38184 1.025516
vt 10.38184 1.00853
vt 10.38355 1.008631
vt 10.38184 0.7909537
vt 10.38355 0.7908527
vt 10.39315 0.7908527
vt 10.38184 0.7811043
vt 10.39315 0.7807063
vt 10.38355 0.7807063
vt 10.38184 0.7739676
vt 10.39315 0.7732779
vt 10.38355 0.7732779
vt 10.84436 1.005125
vt 10.85402 1.005125
vt 10.85402 0.9949161
vt 10.84436 0.9949161
vt 10.85402 0.9847063
vt 10.84436 0.9847063
vt 10.84264 0.9851067
vt 10.84264 0.9949161
vt 10.84264 1.004725
vt 10.37458 1.014545
vt 10.38417 1.014545
vt 10.38417 1.007116
vt 10.37458 1.007116
vt 10.38417 0.9969689
vt 10.37286 1.006718
vt 10.37286 1.013855
vt 10.37286 0.9968676
vt 10.37458 0.9969689
vt 10.37286 0.7792795
vt 10.37458 0.7791785
vt 10.38417 0.7791785
vt 10.37286 0.7694293
vt 10.38417 0.7690312
vt 10.37458 0.7690312
vt 10.37286 0.762293
vt 10.38417 0.761603
vt 10.37458 0.761603
vt 10.84418 0.9847202
vt 10.83454 0.9847202
vt 10.83454 0.9949157
vt 10.84418 0.9949157
vt 10.83454 1.005111
vt 10.84418 1.005111
vt 10.84591 1.004712
vt 10.84591 0.9949157
vt 10.84591 0.9851207
vt 10.9159 0.9897607
vt 10.9159 0.9808648
vt 10.91416 0.9802918
vt 10.91416 0.989551
vt 10.9159 1.000031
vt 10.91416 1.000241
vt 10.9159 1.009017
vt 10.91416 1.009498
vt 10.90439 1.000241
vt 10.90439 0.989551
vt 10.89799 1.009638
vt 10.89623 1.000079
vt 10.89623 1.00906
vt 10.89799 1.000291
vt 10.89623 0.98971
vt 10.89799 0.9894984
vt 10.89623 0.9806372
vt 10.89799 0.9801517
vt 10.90785 0.9801517
vt 10.90785 0.9894984
vt 10.90785 1.000291
vt 10.51856 0.8460672
vt 10.52968 0.8399782
vt 10.51856 0.8399782
vt 10.52968 0.8460672
vt 10.51856 0.8566123
vt 10.51657 0.8467199
vt 10.52968 0.8566123
vt 10.51657 0.8568514
vt 10.51856 0.8687862
vt 10.52968 0.8687862
vt 10.51657 0.868548
vt 10.51856 0.8793296
vt 10.52968 0.8793296
vt 10.52968 1.057798
vt 10.51657 0.8787825
vt 10.51856 1.057798
vt 10.51657 1.057085
vt 10.75587 1.069043
vt 10.76705 1.069043
vt 10.76705 1.062926
vt 10.75587 1.062926
vt 10.75587 0.8835984
vt 10.76705 0.8835984
vt 10.76705 0.8730045
vt 10.75387 0.883048
vt 10.75387 1.062209
vt 10.75387 0.8727646
vt 10.75587 0.8730045
vt 10.76705 0.8607713
vt 10.75387 0.8610113
vt 10.75587 0.8607713
vt 10.75387 0.850831
vt 10.76705 0.8501755
vt 10.75587 0.8501755
vt 10.76705 0.8440575
vt 10.75587 0.8440575
vt 10.07517 -0.2766584
vt 10.07517 0.8313441
vt 10.32579 0.8313441
vt 10.32579 -0.2766584
vt 10.94322 -0.2766584
vt 10.94322 0.8313441
vt 10.32578 -0.3767743
vt 10.94322 -0.3767743
vt 10.94322 -0.4768903
vt 10.27584 -0.4768903
vt 10.27584 -0.5269483
vt 10.94322 -0.5269483
vt 10.87124 -0.07761899
vt 10.24043 -0.07761884
vt 10.24043 0.9177055
vt 10.93771 -0.07761899
vt 11.05003 0.9177055
vt 11.05003 -0.07761884
vt 10.93771 -0.08399802
vt 10.87124 -0.08399802
vt 10.46558 0.9566429
vt 10.4592 0.9566429
vt 10.4592 1.002584
vt 10.46558 1.002584
vt 10.46638 1.002584
vt 10.47276 1.002584
vt 10.47276 0.9566429
vt 10.46638 0.9566429
vt 10.31475 0.9565637
vt 10.31475 0.8900466
vt 10.30837 0.8900466
vt 10.30837 0.9565637
vt 10.5105 1.041316
vt 10.51134 1.041552
vt 10.51153 1.041122
vt 10.5105 1.040291
vt 10.50676 1.041316
vt 10.51064 0.85773
vt 10.51158 0.8572087
vt 10.51034 0.8566747
vt 10.51153 0.8566213
vt 10.51162 0.8558782
vt 10.51004 0.8562688
vt 10.50676 0.8577175
vt 10.50676 0.8566931
vt 10.50676 1.040291
vt 10.50574 0.8577166
vt 10.50592 0.8568822
vt 10.50574 1.040291
vt 10.50592 1.041127
vt 10.03959 0.8675377
vt 10.03651 0.8675377
vt 10.03651 0.8708006
vt 10.03959 0.8708006
vt 10.04014 0.8708333
vt 10.04014 0.8676656
vt 10.04014 0.9715325
vt 10.03959 0.9715651
vt 10.03651 0.9715651
vt 10.04014 0.9747003
vt 10.03651 0.9748281
vt 10.03959 0.9748281
vt 10.79564 0.987727
vt 10.79224 0.987727
vt 10.79224 0.99036
vt 10.79564 0.99036
vt 10.79224 0.9939569
vt 10.79625 0.9905013
vt 10.79625 0.9879714
vt 10.79625 0.9939569
vt 10.79564 0.9939569
vt 10.79224 0.9975542
vt 10.79625 0.9974125
vt 10.79564 0.9975542
vt 10.79224 1.000187
vt 10.79625 0.9999422
vt 10.79564 1.000187
vt 10.02988 0.9748306
vt 10.03296 0.9748306
vt 10.03296 0.9715675
vt 10.02988 0.9715675
vt 10.02932 0.9715348
vt 10.02932 0.9747029
vt 10.02932 0.8708308
vt 10.02988 0.8707982
vt 10.03296 0.8707982
vt 10.02932 0.8676631
vt 10.03296 0.8675351
vt 10.02988 0.8675351
vt 10.78916 0.987866
vt 10.78584 0.987866
vt 10.78584 0.9904402
vt 10.78916 0.9904402
vt 10.78584 0.9939569
vt 10.78975 0.9905784
vt 10.78975 0.9881049
vt 10.78975 0.9939569
vt 10.78916 0.9939569
vt 10.78584 0.9974739
vt 10.78975 0.997336
vt 10.78916 0.9974739
vt 10.78584 1.000048
vt 10.78975 0.9998086
vt 10.78916 1.000048
vt 10.05396 0.8675349
vt 10.05087 0.8675349
vt 10.05087 0.8707981
vt 10.05396 0.8707981
vt 10.05451 0.8708307
vt 10.05451 0.8676629
vt 10.05451 0.9715351
vt 10.05396 0.9715677
vt 10.05087 0.9715677
vt 10.05451 0.9747031
vt 10.05087 0.9748308
vt 10.05396 0.9748308
vt 10.78271 0.987866
vt 10.77939 0.987866
vt 10.77939 0.9904397
vt 10.78271 0.9904397
vt 10.77939 0.9939569
vt 10.78331 0.9905778
vt 10.78331 0.9881049
vt 10.78331 0.9939569
vt 10.78271 0.9939569
vt 10.77939 0.9974733
vt 10.78331 0.9973354
vt 10.78271 0.9974733
vt 10.77939 1.000048
vt 10.78331 0.9998086
vt 10.78271 1.000048
vt 10.04424 0.9748253
vt 10.04733 0.9748253
vt 10.04733 0.9715624
vt 10.04424 0.9715624
vt 10.04369 0.9715298
vt 10.04369 0.9746975
vt 10.04369 0.8708359
vt 10.04424 0.8708032
vt 10.04733 0.8708032
vt 10.04369 0.8676684
vt 10.04733 0.8675405
vt 10.04424 0.8675405
vt 10.77628 0.9877744
vt 10.77291 0.9877744
vt 10.77291 0.9903873
vt 10.77628 0.9903873
vt 10.77291 0.9939569
vt 10.77688 0.9905276
vt 10.77688 0.9880169
vt 10.77688 0.9939569
vt 10.77628 0.9939569
vt 10.77291 0.9975268
vt 10.77688 0.9973868
vt 10.77628 0.9975268
vt 10.77291 1.000139
vt 10.77688 0.9998966
vt 10.77628 1.000139
vt 10.06832 0.8566195
vt 10.06524 0.8566195
vt 10.06524 0.8598827
vt 10.06832 0.8598827
vt 10.06887 0.859915
vt 10.06887 0.8567475
vt 10.06887 0.9606216
vt 10.06832 0.9606539
vt 10.06524 0.9606539
vt 10.06887 0.9637894
vt 10.06524 0.9639174
vt 10.06832 0.9639174
vt 10.76984 0.987727
vt 10.76644 0.987727
vt 10.76644 0.99036
vt 10.76984 0.99036
vt 10.76644 0.9939569
vt 10.77045 0.9905007
vt 10.77045 0.9879714
vt 10.77045 0.9939569
vt 10.76984 0.9939569
vt 10.76644 0.9975542
vt 10.77045 0.9974126
vt 10.76984 0.9975542
vt 10.76644 1.000187
vt 10.77045 0.9999422
vt 10.76984 1.000187
vt 10.0586 0.9748361
vt 10.06169 0.9748361
vt 10.06169 0.9715724
vt 10.0586 0.9715724
vt 10.05805 0.97154
vt 10.05805 0.9747081
vt 10.05805 0.8708259
vt 10.0586 0.8707936
vt 10.06169 0.8707936
vt 10.05805 0.8676581
vt 10.06169 0.8675302
vt 10.0586 0.8675302
vt 10.76339 0.9873493
vt 10.75999 0.9873493
vt 10.75999 0.9899819
vt 10.76339 0.9899819
vt 10.75999 0.9935789
vt 10.764 0.9901227
vt 10.764 0.9875934
vt 10.764 0.9935789
vt 10.76339 0.9935789
vt 10.75999 0.9971755
vt 10.764 0.997035
vt 10.76339 0.9971755
vt 10.75999 0.9998084
vt 10.764 0.9995641
vt 10.76339 0.9998084
vt 10.49245 0.7930393
vt 10.48258 0.7952095
vt 10.4804 0.8048256
vt 10.49245 0.8048256
vt 10.48011 0.8448389
vt 10.49245 0.8424417
vt 10.49245 0.8542283
vt 10.48228 0.853065
vt 10.48007 0.8595011
vt 10.49245 0.8649901
vt 10.4804 0.9040794
vt 10.49245 0.9066647
vt 10.4804 0.9304444
vt 10.49245 0.9325972
vt 10.4804 0.9637506
vt 10.49245 0.9654415
vt 10.48152 0.9996111
vt 10.49245 1.003137
vt 10.49245 1.01313
vt 10.48325 1.009201
vt 10.81127 1.045007
vt 10.81332 1.054108
vt 10.8226 1.056113
vt 10.8226 1.045036
vt 10.8226 0.8684418
vt 10.81127 0.8684418
vt 10.8226 0.8573647
vt 10.81331 0.8594004
vt 10.67988 1.001905
vt 10.68192 1.010945
vt 10.6912 1.012981
vt 10.6912 1.001905
vt 10.6912 0.8182362
vt 10.67988 0.818246
vt 10.6912 0.8071603
vt 10.68191 0.8091977
vt 10.02009 0.9393864
vt 10.02213 0.94845
vt 10.03144 0.9504912
vt 10.03144 0.9393864
vt 10.03144 0.846733
vt 10.02016 0.8459075
vt 10.03144 0.8356282
vt 10.02277 0.8368369
vt 10.74866 0.8071303
vt 10.73937 0.8091666
vt 10.73734 0.8182095
vt 10.74866 0.8182095
vt 10.73734 1.001932
vt 10.74866 1.001932
vt 10.74866 1.013011
vt 10.73937 1.010974
vt 10.80321 1.04506
vt 10.80525 1.054104
vt 10.81454 1.05614
vt 10.81454 1.04506
vt 10.81454 0.8684174
vt 10.80321 0.8684174
vt 10.81454 0.8573374
vt 10.80525 0.8593736
vt 10.80648 0.8573672
vt 10.79719 0.8594028
vt 10.79516 0.868444
vt 10.80648 0.868444
vt 10.79516 1.045034
vt 10.80648 1.045034
vt 10.80648 1.056111
vt 10.79719 1.054075
vt 10.75764 0.8071155
vt 10.74835 0.8091521
vt 10.74632 0.8181962
vt 10.75764 0.8181962
vt 10.75764 1.001945
vt 10.74632 1.001945
vt 10.74835 1.010989
vt 10.75764 1.013026
vt 10.81509 0.8071749
vt 10.80581 0.8092102
vt 10.80378 0.8182492
vt 10.81509 0.8182492
vt 10.80378 1.001892
vt 10.81509 1.001892
vt 10.81509 1.012966
vt 10.80581 1.010931
vt 10.7871 1.045021
vt 10.78913 1.05406
vt 10.79842 1.056096
vt 10.79842 1.045021
vt 10.79842 0.8684571
vt 10.7871 0.8684571
vt 10.79842 0.8573821
vt 10.78913 0.8594174
vt 10.79036 0.8573524
vt 10.78108 0.8593883
vt 10.77904 0.8684307
vt 10.79036 0.8684307
vt 10.77904 1.045047
vt 10.79036 1.045047
vt 10.79036 1.056126
vt 10.78108 1.05409
vt 10.82407 0.8071454
vt 10.81479 0.8091814
vt 10.81275 0.8182229
vt 10.82407 0.8182229
vt 10.81275 1.001918
vt 10.82407 1.001918
vt 10.82407 1.012996
vt 10.81479 1.01096
vt 10.56051 0.9992247
vt 10.56246 1.007998
vt 10.57129 1.009977
vt 10.57127 0.9992247
vt 10.74268 0.9992247
vt 10.74268 1.009977
vt 10.56175 0.9627201
vt 10.75344 0.9992247
vt 10.75146 1.008001
vt 10.74268 0.8209164
vt 10.75344 0.8209259
vt 10.74268 0.8101637
vt 10.75146 0.8121417
vt 10.65042 0.8205483
vt 10.65217 0.8101738
vt 10.63859 0.8215213
vt 10.64339 0.8127722
vt 10.63812 0.8579608
vt 10.62802 0.8542367
vt 10.62563 0.8893644
vt 10.61595 0.8846223
vt 10.60782 0.914369
vt 10.59869 0.9086751
vt 10.57051 0.9580714
vt 10.56591 0.949344
vt 10.56086 0.9552158
vt 10.61812 0.9990847
vt 10.6201 1.007847
vt 10.62886 1.00982
vt 10.62886 0.9990847
vt 10.61812 0.8210564
vt 10.80001 0.9990847
vt 10.80001 1.00982
vt 10.62886 0.8210564
vt 10.81074 0.9990847
vt 10.80877 1.007847
vt 10.80001 0.8210564
vt 10.81074 0.8210564
vt 10.80001 0.8103206
vt 10.80877 0.8122938
vt 10.62886 0.8103206
vt 10.6201 0.8122938
vt 10.68456 0.9990838
vt 10.68653 1.007847
vt 10.6953 1.00982
vt 10.6953 0.9990838
vt 10.68456 0.821057
vt 10.86644 0.9990838
vt 10.86644 1.00982
vt 10.6953 0.821057
vt 10.87718 0.9990838
vt 10.87521 1.007847
vt 10.86644 0.821057
vt 10.87718 0.821057
vt 10.86644 0.8103213
vt 10.87521 0.8122945
vt 10.6953 0.8103213
vt 10.68653 0.8122945
vt 10.20843 0.9997412
vt 10.21773 0.9997412
vt 10.21773 0.9953582
vt 10.20843 0.9953582
vt 10.20405 0.9953582
vt 10.20485 0.9989358
vt 10.20405 0.5602264
vt 10.20843 0.5602264
vt 10.21773 0.5602264
vt 10.21773 0.5558437
vt 10.20843 0.5558437
vt 10.20485 0.5566491
vt 10.88097 1.055641
vt 10.89028 1.055641
vt 10.89028 1.051255
vt 10.88097 1.051255
vt 10.87658 1.051255
vt 10.87739 1.054835
vt 10.87658 0.8620036
vt 10.88097 0.8620036
vt 10.89028 0.8620036
vt 10.89028 0.8576173
vt 10.88097 0.8576173
vt 10.87739 0.8584234
vt 10.15097 0.9997419
vt 10.16027 0.9997419
vt 10.16027 0.9953589
vt 10.15097 0.9953589
vt 10.14659 0.9953589
vt 10.1474 0.9989365
vt 10.14659 0.5602258
vt 10.15097 0.5602258
vt 10.16027 0.5602258
vt 10.16027 0.5558431
vt 10.15097 0.5558431
vt 10.1474 0.5566485
vt 10.87233 1.056216
vt 10.88164 1.056216
vt 10.88164 1.05183
vt 10.87233 1.05183
vt 10.86795 1.05183
vt 10.86875 1.055411
vt 10.86795 0.8625787
vt 10.87233 0.8625787
vt 10.88164 0.8625787
vt 10.88164 0.8581923
vt 10.87233 0.8581923
vt 10.86875 0.8589984
vt 10.01014 0.9306374
vt 10.01944 0.9306374
vt 10.01944 0.9262534
vt 10.01014 0.9262534
vt 10.00576 0.9262534
vt 10.00656 0.9298315
vt 10.00576 0.6045659
vt 10.01014 0.6045659
vt 10.01944 0.6045659
vt 10.01944 0.6001822
vt 10.01014 0.6001822
vt 10.00656 0.6009878
vt 10.86369 1.056228
vt 10.873 1.056228
vt 10.873 1.051841
vt 10.86369 1.051841
vt 10.85931 1.051841
vt 10.86011 1.055421
vt 10.85931 0.862568
vt 10.86369 0.862568
vt 10.873 0.862568
vt 10.873 0.8581812
vt 10.86369 0.8581812
vt 10.86011 0.8589874
vt 10.05132 1.006396
vt 10.06063 1.006396
vt 10.06063 1.002012
vt 10.05132 1.002012
vt 10.04694 1.002012
vt 10.04775 1.00559
vt 10.04694 0.6803231
vt 10.05132 0.6803231
vt 10.06063 0.6803231
vt 10.06063 0.6759392
vt 10.05132 0.6759392
vt 10.04775 0.6767451
vt 10.85506 1.056217
vt 10.86436 1.056217
vt 10.86436 1.05183
vt 10.85506 1.05183
vt 10.85067 1.05183
vt 10.85148 1.055411
vt 10.85067 0.8625789
vt 10.85506 0.8625789
vt 10.86436 0.8625789
vt 10.86436 0.8581923
vt 10.85506 0.8581923
vt 10.85148 0.8589987
vt 10.90064 1.008769
vt 10.90994 1.008769
vt 10.90994 1.004384
vt 10.90064 1.004384
vt 10.90994 0.8151822
vt 10.89625 1.004384
vt 10.89706 1.007963
vt 10.89625 0.8151822
vt 10.90064 0.8151822
vt 10.90994 0.810797
vt 10.90064 0.810797
vt 10.89706 0.8116031
vt 10.08488 0.9997419
vt 10.09418 0.9997419
vt 10.09418 0.9953589
vt 10.08488 0.9953589
vt 10.09418 0.5602257
vt 10.08049 0.9953589
vt 10.0813 0.9989365
vt 10.08049 0.5602257
vt 10.08488 0.5602257
vt 10.09418 0.5558431
vt 10.08488 0.5558431
vt 10.0813 0.5566484
vt 10.90961 1.008815
vt 10.91892 1.008815
vt 10.91892 1.004428
vt 10.90961 1.004428
vt 10.91892 0.8151383
vt 10.90523 1.004428
vt 10.90603 1.008009
vt 10.90523 0.8151383
vt 10.90961 0.8151383
vt 10.91892 0.8107508
vt 10.90961 0.8107508
vt 10.90603 0.8115572
vt 10.09351 0.9997426
vt 10.10281 0.9997426
vt 10.10281 0.9953596
vt 10.09351 0.9953596
vt 10.10281 0.5602251
vt 10.08913 0.9953596
vt 10.08994 0.9989372
vt 10.08913 0.5602251
vt 10.09351 0.5602251
vt 10.10281 0.5558423
vt 10.09351 0.5558423
vt 10.08994 0.5566477
vt 10.41473 1.129122
vt 10.42403 1.129122
vt 10.42403 1.12474
vt 10.41473 1.12474
vt 10.41035 1.12474
vt 10.41116 1.128316
vt 10.41035 0.4671845
vt 10.41473 0.4671845
vt 10.42403 0.4671845
vt 10.42403 0.4628026
vt 10.41473 0.4628026
vt 10.41116 0.4636081
vt 10.38529 1.007745
vt 10.39463 1.007745
vt 10.39463 1.003343
vt 10.38529 1.003343
vt 10.38089 1.003343
vt 10.3817 1.006935
vt 10.38089 0.9548899
vt 10.38529 0.9548899
vt 10.39463 0.9548899
vt 10.39463 0.9504876
vt 10.38529 0.9504876
vt 10.3817 0.9512969
vt 10.38801 1.129128
vt 10.3973 1.129128
vt 10.3973 1.124745
vt 10.38801 1.124745
vt 10.38363 1.124745
vt 10.38443 1.128322
vt 10.38363 0.4671787
vt 10.38801 0.4671787
vt 10.3973 0.4671787
vt 10.3973 0.4627966
vt 10.38801 0.4627966
vt 10.38443 0.4636021
vt 10.39427 1.007733
vt 10.40361 1.007733
vt 10.40361 1.003333
vt 10.39427 1.003333
vt 10.38987 1.003333
vt 10.39068 1.006924
vt 10.38987 0.9549
vt 10.39427 0.9549
vt 10.40361 0.9549
vt 10.40361 0.950499
vt 10.39427 0.950499
vt 10.39068 0.9513079
vt 10.08865 0.558281
vt 10.08511 0.5590776
vt 10.08432 0.5626156
vt 10.08865 0.5626156
vt 10.27567 0.558281
vt 10.08865 0.9929691
vt 10.08432 0.9929691
vt 10.27567 0.5626156
vt 10.08865 0.997304
vt 10.08511 0.9965074
vt 10.27567 0.9929691
vt 10.27567 0.997304
vt 10.28 0.9929691
vt 10.27921 0.9965074
vt 10.28 0.5626156
vt 10.27921 0.5590776
vt 9.929884 0.677745
vt 9.926345 0.6785421
vt 9.925549 0.682081
vt 9.929884 0.682081
vt 10.11695 0.677745
vt 9.929884 1.000254
vt 9.925549 1.000254
vt 10.11695 0.682081
vt 9.929884 1.00459
vt 9.926345 1.003793
vt 10.11695 1.000254
vt 10.11695 1.00459
vt 10.12129 1.000254
vt 10.12049 1.003793
vt 10.12129 0.682081
vt 10.12049 0.6785421
vt 10.22255 0.5626158
vt 10.22175 0.5590777
vt 10.21822 0.5582812
vt 10.21822 0.5626158
vt 10.22255 0.9929689
vt 10.03119 0.5626158
vt 10.03119 0.5582812
vt 10.21822 0.9929689
vt 10.02685 0.5626158
vt 10.02765 0.5590777
vt 10.03119 0.9929689
vt 10.02685 0.9929689
vt 10.03119 0.9973038
vt 10.02765 0.9965072
vt 10.21822 0.9973038
vt 10.22175 0.9965072
vt 10.37987 0.4650091
vt 10.37632 0.4658093
vt 10.37552 0.4693623
vt 10.37987 0.4693623
vt 10.42778 0.4650091
vt 10.37987 1.122562
vt 10.37552 1.122562
vt 10.42778 0.4693623
vt 10.37987 1.126915
vt 10.37632 1.126115
vt 10.42778 1.122562
vt 10.42778 1.126915
vt 10.43214 1.122562
vt 10.43134 1.126115
vt 10.43214 0.4693623
vt 10.43134 0.4658093
vt 10.7678 1.176316
vt 10.77768 1.176316
vt 10.77768 1.167597
vt 10.7678 1.167597
vt 10.75908 1.167597
vt 10.76068 1.174714
vt 10.75908 0.4398234
vt 10.7678 0.4398234
vt 10.77768 0.4398234
vt 10.77768 0.4311039
vt 10.7678 0.4311039
vt 10.76068 0.4327067
vt 10.36135 1.098489
vt 10.37123 1.098489
vt 10.37123 1.089769
vt 10.36135 1.089769
vt 10.35263 1.089769
vt 10.35423 1.096887
vt 10.35263 0.4904869
vt 10.36135 0.4904869
vt 10.37123 0.4904869
vt 10.37123 0.4817666
vt 10.36135 0.4817666
vt 10.35423 0.4833694
vt 10.61872 1.176316
vt 10.6286 1.176316
vt 10.6286 1.167597
vt 10.61872 1.167597
vt 10.61 1.167597
vt 10.61161 1.174714
vt 10.61 0.4398234
vt 10.61872 0.4398234
vt 10.6286 0.4398234
vt 10.6286 0.4311042
vt 10.61872 0.4311042
vt 10.61161 0.4327067
vt 10.35166 1.086334
vt 10.36155 1.086334
vt 10.36155 1.077614
vt 10.35166 1.077614
vt 10.34294 1.077614
vt 10.34455 1.084732
vt 10.34294 0.4783068
vt 10.35166 0.4783068
vt 10.36155 0.4783068
vt 10.36155 0.4695861
vt 10.35166 0.4695861
vt 10.34455 0.4711889
vt 10.39943 0.4375607
vt 10.39244 0.4391355
vt 10.39086 0.4461289
vt 10.39943 0.4461289
vt 10.98825 0.4375607
vt 10.39943 1.161291
vt 10.39086 1.161291
vt 10.98825 0.4461289
vt 10.39943 1.169859
vt 10.39244 1.168285
vt 10.98825 1.161291
vt 10.98825 1.169859
vt 10.99682 1.161291
vt 10.99525 1.168285
vt 10.99682 0.4461289
vt 10.99525 0.4391355
vt 10.3569 0.1802416
vt 10.33628 0.1802416
vt 10.33628 0.1864914
vt 10.3569 0.1864914
vt 10.36315 0.1864914
vt 10.36201 0.1813903
vt 10.36315 1.038648
vt 10.3569 1.038648
vt 10.33628 1.038648
vt 10.33628 1.044898
vt 10.3569 1.044898
vt 10.36201 1.04375
vt 10.10479 0.845928
vt 10.08406 0.845928
vt 10.08406 0.8515692
vt 10.10479 0.8515692
vt 10.11108 0.8515692
vt 10.10992 0.8469647
vt 10.11108 0.9651531
vt 10.10479 0.9651531
vt 10.08406 0.9651531
vt 10.08406 0.970794
vt 10.10479 0.970794
vt 10.10992 0.9697576
vt 10.07879 0.9707935
vt 10.09953 0.9707935
vt 10.09953 0.9651523
vt 10.07879 0.9651523
vt 10.07251 0.9651523
vt 10.07366 0.969757
vt 10.07251 0.8515695
vt 10.07879 0.8515695
vt 10.09953 0.8515695
vt 10.09953 0.8459284
vt 10.07879 0.8459284
vt 10.07366 0.8469651
vt 10.38921 1.057065
vt 10.40984 1.057065
vt 10.40984 1.050815
vt 10.38921 1.050815
vt 10.38296 1.050815
vt 10.38411 1.055915
vt 10.38296 0.1986605
vt 10.38921 0.1986605
vt 10.40984 0.1986605
vt 10.40984 0.1924107
vt 10.38921 0.1924107
vt 10.38411 0.1935592
vt 10.40178 1.057066
vt 10.42241 1.057066
vt 10.42241 1.050816
vt 10.40178 1.050816
vt 10.39553 1.050816
vt 10.39668 1.055917
vt 10.39553 0.1986591
vt 10.40178 0.1986591
vt 10.42241 0.1986591
vt 10.42241 0.1924093
vt 10.40178 0.1924093
vt 10.39668 0.1935577
vt 10.31664 0.1937114
vt 10.31207 0.1948564
vt 10.31104 0.1999424
vt 10.31664 0.1999424
vt 10.42929 0.1937114
vt 10.31664 1.049533
vt 10.31104 1.049533
vt 10.42929 0.1999424
vt 10.31664 1.055764
vt 10.31207 1.054618
vt 10.42929 1.049533
vt 10.42929 1.055764
vt 10.43488 1.049533
vt 10.43386 1.054618
vt 10.43488 0.1999424
vt 10.43386 0.1948564
vt 10.48905 0.7930391
vt 10.5011 0.8048254
vt 10.49893 0.7952093
vt 10.48905 0.8048254
vt 10.5014 0.8448389
vt 10.48905 0.8424416
vt 10.48905 0.8542282
vt 10.49922 0.8530649
vt 10.50143 0.8595011
vt 10.48905 0.86499
vt 10.5011 0.9040794
vt 10.48905 0.9066647
vt 10.5011 0.9304444
vt 10.48905 0.9325973
vt 10.5011 0.9637507
vt 10.48905 0.9654416
vt 10.49999 0.9996113
vt 10.48905 1.003137
vt 10.48905 1.01313
vt 10.49826 1.009201
vt 10.7823 1.04502
vt 10.77098 1.056128
vt 10.78026 1.054122
vt 10.77098 1.045049
vt 10.77098 0.8684285
vt 10.7823 0.8684285
vt 10.77098 0.8573499
vt 10.78027 0.8593858
vt 10.88153 1.001919
vt 10.87021 1.012996
vt 10.8795 1.01096
vt 10.87021 1.001919
vt 10.87021 0.8182226
vt 10.88153 0.8182325
vt 10.87021 0.8071451
vt 10.8795 0.8091828
vt 10.02339 0.9393864
vt 10.01204 0.9504913
vt 10.02135 0.94845
vt 10.01204 0.9393864
vt 10.01204 0.846733
vt 10.02332 0.8459074
vt 10.01204 0.8356281
vt 10.02071 0.8368369
vt 10.75085 0.8209172
vt 10.76163 0.8101647
vt 10.75279 0.8121445
vt 10.7616 0.8209172
vt 10.93302 0.8209172
vt 10.93302 0.8101647
vt 10.75208 0.8574212
vt 10.94377 0.8209172
vt 10.94179 0.812141
vt 10.93302 0.9992238
vt 10.94377 0.9992142
vt 10.93302 1.009976
vt 10.94179 1.007999
vt 10.84076 0.9995919
vt 10.8425 1.009966
vt 10.82892 0.9986188
vt 10.83372 1.007368
vt 10.82845 0.96218
vt 10.81835 0.9659038
vt 10.81596 0.9307767
vt 10.80628 0.9355185
vt 10.79816 0.9057721
vt 10.78903 0.9114662
vt 10.76084 0.8620701
vt 10.75625 0.8707974
vt 10.75119 0.864926
vt 10.40933 0.6217082
vt 9.741945 1.091863
vt 10.40933 1.091863
vt 9.741945 0.6217082
vt 10.40933 0.1515543
vt 9.741945 0.1515543
vt 10.31217 0.6217082
vt 10.20972 1.102789
vt 10.31217 1.102789
vt 10.20972 0.6217082
vt 10.20972 0.1406288
vt 10.31217 0.1406288
vt 10.10728 0.1406288
vt 10.10728 0.6217082
vt 10.10728 1.102789
vt 10.05606 1.102789
vt 10.05606 0.6217082
vt 10.05606 0.1406288
vt 9.833358 0.7812862
vt 9.833358 0.8313442
vt 10.30351 0.8313442
vt 10.30351 0.7812862
vt 10.77367 0.8313442
vt 10.77367 0.7812862
vt 10.77367 0.6811701
vt 10.30351 0.6811701
vt 9.833358 0.6811701
vt 9.833358 0.5810542
vt 10.30351 0.5810542
vt 10.77367 0.5810542
vt 9.833358 -0.5269485
vt 10.77367 -0.5269485
vt 10.30351 -0.5269485
vt 10.24634 -0.429482
vt 10.29167 0.6211236
vt 10.29167 -0.3742017
vt 10.7165 -0.3742017
vt 10.24634 0.6785215
vt 10.7165 -0.429482
vt 10.7165 0.6211236
vt 10.7165 0.6785215
vt 11.18665 0.6785215
vt 11.14133 0.6211236
vt 11.18665 -0.429482
vt 11.14133 -0.3742017
vt 10.41685 0.993875
vt 10.41868 0.9941152
vt 10.41868 0.8015022
vt 10.41445 1.002855
vt 10.41608 1.0038
vt 10.41685 0.8017426
vt 10.41608 0.7918171
vt 10.41445 0.7927623
vt 10.40907 0.7847996
vt 10.40812 1.009181
vt 10.40907 1.010817
vt 10.39948 1.011496
vt 10.39948 1.013386
vt 10.39084 1.009181
vt 10.38989 1.010817
vt 10.38451 1.002855
vt 10.38287 1.0038
vt 10.3821 0.993875
vt 10.38028 0.9941152
vt 10.3821 0.8017426
vt 10.38028 0.8015022
vt 10.38451 0.7927623
vt 10.38287 0.7918171
vt 10.40812 0.786437
vt 10.39948 0.7822314
vt 10.39084 0.786437
vt 10.38989 0.7847996
vt 10.39948 0.7841217
vt 10.65343 1.044139
vt 10.65455 1.045601
vt 10.80583 0.8943198
vt 10.64538 1.048788
vt 10.64587 1.050614
vt 10.80437 0.8931987
vt 10.81084 0.8856363
vt 10.80902 0.885147
vt 10.81084 0.875712
vt 10.63643 1.048788
vt 10.63594 1.050613
vt 10.62868 1.044314
vt 10.62735 1.04565
vt 10.62421 1.036565
vt 10.62238 1.037054
vt 10.62421 1.02762
vt 10.62238 1.02713
vt 10.62886 1.019568
vt 10.62739 1.018447
vt 10.7798 0.8686274
vt 10.77868 0.8671663
vt 10.78785 0.8639786
vt 10.78736 0.8621532
vt 10.80902 0.8762017
vt 10.80588 0.8671166
vt 10.79679 0.8639786
vt 10.79728 0.8621529
vt 10.80454 0.8684529
vt 10.60625 1.044142
vt 10.60737 1.045603
vt 10.75865 0.8943176
vt 10.5982 1.048791
vt 10.59868 1.050617
vt 10.75719 0.8931966
vt 10.76367 0.8856339
vt 10.76184 0.8851445
vt 10.76367 0.8757093
vt 10.58925 1.048791
vt 10.58876 1.050616
vt 10.5815 1.044317
vt 10.58016 1.045653
vt 10.57703 1.036568
vt 10.5752 1.037057
vt 10.57703 1.027622
vt 10.5752 1.027133
vt 10.58168 1.01957
vt 10.58021 1.018449
vt 10.73262 0.8686244
vt 10.7315 0.8671633
vt 10.74067 0.8639755
vt 10.74018 0.86215
vt 10.76184 0.8761989
vt 10.7587 0.8671135
vt 10.74962 0.8639755
vt 10.75011 0.8621497
vt 10.75737 0.8684499
vt 10.31746 0.7327015
vt 10.31564 0.7324613
vt 10.31564 0.9464012
vt 10.31987 0.723721
vt 10.31823 0.7227764
vt 10.31746 0.946161
vt 10.31823 0.9560862
vt 10.31987 0.9551414
vt 10.32525 0.9631037
vt 10.32619 0.7173957
vt 10.32525 0.7157592
vt 10.33484 0.7150807
vt 10.33484 0.7131907
vt 10.34348 0.7173957
vt 10.34443 0.7157592
vt 10.34981 0.723721
vt 10.35144 0.7227764
vt 10.35221 0.7327015
vt 10.35404 0.7324613
vt 10.35221 0.946161
vt 10.35404 0.9464012
vt 10.34981 0.9551414
vt 10.35144 0.9560862
vt 10.32619 0.9614666
vt 10.33484 0.965672
vt 10.34348 0.9614666
vt 10.34443 0.9631037
vt 10.33484 0.9637819
vt 10.0817 0.957202
vt 10.08229 0.9572805
vt 10.08229 0.8570447
vt 10.08091 0.9601259
vt 10.08145 0.9604335
vt 10.0817 0.8571228
vt 10.08145 0.8538917
vt 10.08091 0.8541995
vt 10.07916 0.8516069
vt 10.07885 0.9621851
vt 10.07916 0.962718
vt 10.07604 0.9629387
vt 10.07604 0.963554
vt 10.07323 0.9621851
vt 10.07292 0.962718
vt 10.07117 0.9601259
vt 10.07063 0.9604335
vt 10.07038 0.957202
vt 10.06979 0.9572805
vt 10.07038 0.8571228
vt 10.06979 0.8570447
vt 10.07117 0.8541995
vt 10.07063 0.8538917
vt 10.07885 0.85214
vt 10.07604 0.8507708
vt 10.07323 0.85214
vt 10.07292 0.8516069
vt 10.07604 0.8513862
vt 10.07329 0.9324353
vt 10.07388 0.9325134
vt 10.07388 0.8322806
vt 10.0725 0.9353591
vt 10.07304 0.9356666
vt 10.07329 0.8323588
vt 10.07304 0.8291277
vt 10.0725 0.8294352
vt 10.07075 0.8268433
vt 10.07045 0.937418
vt 10.07075 0.9379508
vt 10.06763 0.9381717
vt 10.06763 0.9387871
vt 10.06482 0.937418
vt 10.06451 0.9379508
vt 10.06276 0.9353591
vt 10.06223 0.9356666
vt 10.06198 0.9324353
vt 10.06138 0.9325134
vt 10.06198 0.8323588
vt 10.06138 0.8322806
vt 10.06276 0.8294352
vt 10.06223 0.8291277
vt 10.07045 0.8273761
vt 10.06763 0.826007
vt 10.06482 0.8273761
vt 10.06451 0.8268433
vt 10.06763 0.8266223
vt 10.06488 0.9433492
vt 10.06548 0.9434273
vt 10.06548 0.8431963
vt 10.0641 0.9462727
vt 10.06463 0.9465802
vt 10.06488 0.8432744
vt 10.06463 0.8400434
vt 10.0641 0.8403509
vt 10.06235 0.837759
vt 10.06204 0.9483318
vt 10.06235 0.9488646
vt 10.05923 0.9490856
vt 10.05923 0.9497009
vt 10.05641 0.9483318
vt 10.0561 0.9488646
vt 10.05435 0.9462727
vt 10.05382 0.9465802
vt 10.05357 0.9433492
vt 10.05297 0.9434273
vt 10.05357 0.8432744
vt 10.05297 0.8431963
vt 10.05435 0.8403509
vt 10.05382 0.8400434
vt 10.06204 0.8382918
vt 10.05923 0.8369227
vt 10.05641 0.8382918
vt 10.0561 0.837759
vt 10.05923 0.837538
vt 10.43122 0.8017371
vt 10.43122 0.9938802
vt 10.43304 0.9941204
vt 10.43304 0.8014966
vt 10.43045 1.003806
vt 10.42881 1.002861
vt 10.42343 1.010824
vt 10.39647 0.9938802
vt 10.42249 1.009187
vt 10.41384 1.013393
vt 10.42881 0.792756
vt 10.43045 0.791811
vt 10.39887 1.002861
vt 10.41384 1.011502
vt 10.40425 1.010824
vt 10.4052 1.009187
vt 10.39724 1.003806
vt 10.39464 0.9941204
vt 10.39464 0.8014966
vt 10.39647 0.8017371
vt 10.39724 0.791811
vt 10.39887 0.792756
vt 10.40425 0.7847934
vt 10.4052 0.7864304
vt 10.41384 0.7822248
vt 10.42249 0.7864304
vt 10.42343 0.7847934
vt 10.41384 0.7841152
vt 10.68544 1.044142
vt 10.5345 0.8931966
vt 10.53304 0.8943177
vt 10.68432 1.045604
vt 10.52802 0.8856339
vt 10.52985 0.8851446
vt 10.52802 0.8757094
vt 10.55907 0.8686244
vt 10.52985 0.876199
vt 10.53299 0.8671136
vt 10.69349 1.048791
vt 10.69301 1.050617
vt 10.55102 0.8639755
vt 10.53432 0.86845
vt 10.54158 0.8621498
vt 10.54207 0.8639755
vt 10.55151 0.8621501
vt 10.56019 0.8671634
vt 10.71148 1.018449
vt 10.71002 1.01957
vt 10.71649 1.027132
vt 10.71466 1.027622
vt 10.71649 1.037056
vt 10.71466 1.036568
vt 10.71153 1.045653
vt 10.70244 1.048791
vt 10.70293 1.050616
vt 10.71019 1.044316
vt 10.33183 0.9830525
vt 10.33183 0.7695933
vt 10.33 0.7693529
vt 10.33 0.9832929
vt 10.3326 0.7596679
vt 10.33423 0.760613
vt 10.33961 0.7526503
vt 10.36658 0.7695931
vt 10.34056 0.7542875
vt 10.3492 0.7500819
vt 10.33423 0.9920328
vt 10.3326 0.992978
vt 10.36417 0.760613
vt 10.3492 0.7519722
vt 10.35879 0.7526503
vt 10.35785 0.7542875
vt 10.36581 0.7596679
vt 10.3684 0.7693526
vt 10.3684 0.9832929
vt 10.36658 0.9830525
vt 10.36581 0.992978
vt 10.36417 0.9920328
vt 10.35879 0.9999949
vt 10.35785 0.9983581
vt 10.3492 1.002564
vt 10.34056 0.9983581
vt 10.33961 0.9999949
vt 10.3492 1.000673
vt 10.5119 0.8615369
vt 10.66283 1.012473
vt 10.66429 1.011352
vt 10.51302 0.860076
vt 10.6693 1.020035
vt 10.66748 1.020524
vt 10.66931 1.029959
vt 10.63826 1.037043
vt 10.66748 1.029469
vt 10.66434 1.038554
vt 10.50384 0.8568887
vt 10.50433 0.8550627
vt 10.64631 1.041692
vt 10.66301 1.037217
vt 10.65575 1.043518
vt 10.65526 1.041692
vt 10.64582 1.043517
vt 10.63714 1.038504
vt 10.48586 0.8872288
vt 10.48732 0.8861076
vt 10.48085 0.8785453
vt 10.48268 0.878056
vt 10.48085 0.8686219
vt 10.48268 0.8691113
vt 10.48581 0.8600265
vt 10.4949 0.8568887
vt 10.49441 0.8550633
vt 10.48715 0.8613628
vt 10.05647 0.8432719
vt 10.05647 0.9433515
vt 10.05707 0.9434297
vt 10.05707 0.8431938
vt 10.05622 0.9465827
vt 10.05569 0.9462752
vt 10.05394 0.9488672
vt 10.04516 0.9433515
vt 10.05363 0.9483343
vt 10.05082 0.9497035
vt 10.05569 0.8403483
vt 10.05622 0.8400404
vt 10.04594 0.9462752
vt 10.05082 0.9490882
vt 10.0477 0.9488672
vt 10.048 0.9483343
vt 10.04541 0.9465827
vt 10.04457 0.9434297
vt 10.04457 0.8431938
vt 10.04516 0.8432719
vt 10.04541 0.8400404
vt 10.04594 0.8403483
vt 10.0477 0.8377563
vt 10.048 0.8382891
vt 10.05082 0.8369199
vt 10.05363 0.8382891
vt 10.05394 0.8377563
vt 10.05082 0.8375353
vt 10.04807 0.8432736
vt 10.04807 0.9433501
vt 10.04866 0.9434286
vt 10.04866 0.8431957
vt 10.04782 0.9465812
vt 10.04728 0.9462737
vt 10.04553 0.9488657
vt 10.03675 0.9433501
vt 10.04522 0.9483328
vt 10.04241 0.949702
vt 10.04728 0.8403501
vt 10.04782 0.8400425
vt 10.03754 0.9462737
vt 10.04241 0.9490866
vt 10.03929 0.9488657
vt 10.0396 0.9483328
vt 10.037 0.9465812
vt 10.03616 0.9434286
vt 10.03616 0.8431957
vt 10.03675 0.8432736
vt 10.037 0.8400425
vt 10.03754 0.8403501
vt 10.03929 0.8377584
vt 10.0396 0.8382912
vt 10.04241 0.8369218
vt 10.04522 0.8382912
vt 10.04553 0.8377584
vt 10.04241 0.8375371
vt 10.03966 0.8432739
vt 10.03966 0.9433497
vt 10.04025 0.9434281
vt 10.04025 0.8431957
vt 10.03941 0.946581
vt 10.03888 0.9462732
vt 10.03712 0.9488654
vt 10.02835 0.9433497
vt 10.03682 0.9483323
vt 10.034 0.9497015
vt 10.03888 0.8403501
vt 10.03941 0.8400426
vt 10.02913 0.9462732
vt 10.034 0.9490861
vt 10.03088 0.9488654
vt 10.03119 0.9483323
vt 10.0286 0.946581
vt 10.02775 0.9434281
vt 10.02775 0.8431957
vt 10.02835 0.8432739
vt 10.0286 0.8400426
vt 10.02913 0.8403501
vt 10.03088 0.8377584
vt 10.03119 0.8382913
vt 10.034 0.8369221
vt 10.03682 0.8382913
vt 10.03712 0.8377584
vt 10.034 0.8375375
vt 20.38564 0.8540638
vt 20.39639 0.8500266
vt 20.38564 0.8500266
vt 20.39639 0.8540638
vt 20.42216 0.8500266
vt 20.41978 0.8540638
vt 20.42842 0.8553827
vt 20.42299 0.8569595
vt 20.42842 0.8885449
vt 20.42299 0.8869681
vt 20.42216 0.893901
vt 20.41978 0.8898638
vt 20.39639 0.893901
vt 20.39639 0.8898638
vt 20.38564 0.8898638
vt 20.38564 0.893901
vt 20.18579 0.9073473
vt 20.19317 0.8955956
vt 20.18579 0.8955956
vt 20.19317 0.9073473
vt 20.18579 0.9249346
vt 20.19317 0.9249346
vt 20.18579 0.9456803
vt 20.19317 0.9456803
vt 20.18579 0.966426
vt 20.19317 0.966426
vt 20.18579 0.9840134
vt 20.19317 0.9840134
vt 20.18579 0.995765
vt 20.19317 0.995765
vt 20.48008 0.9600043
vt 20.47347 0.9600043
vt 20.47347 0.9786056
vt 20.48008 0.9786056
vt 20.47347 0.9972071
vt 20.48008 0.9972071
vt 20.19297 0.9957651
vt 20.20035 0.9957651
vt 20.20035 0.9840134
vt 20.19297 0.9840134
vt 20.20035 0.966426
vt 20.19297 0.966426
vt 20.20035 0.9456803
vt 20.19297 0.9456803
vt 20.20035 0.9249346
vt 20.19297 0.9249346
vt 20.20035 0.9073473
vt 20.19297 0.9073473
vt 20.20035 0.8955956
vt 20.19297 0.8955956
vt 20.48064 0.9972305
vt 20.48727 0.9972305
vt 20.48727 0.978606
vt 20.48064 0.978606
vt 20.48727 0.9599813
vt 20.48064 0.9599813
vt 20.40126 0.9510903
vt 20.40864 0.9436929
vt 20.40126 0.9436929
vt 20.40864 0.9510903
vt 20.40126 0.9621612
vt 20.40864 0.9621612
vt 20.40126 0.97522
vt 20.40864 0.97522
vt 20.40126 0.9882792
vt 20.40864 0.9882792
vt 20.40126 0.9993498
vt 20.40864 0.9993498
vt 20.40126 1.006747
vt 20.40864 1.006747
vt 20.88256 0.9831876
vt 20.87592 0.9831876
vt 20.87592 0.9949248
vt 20.88256 0.9949248
vt 20.87592 1.006662
vt 20.88256 1.006662
vt 20.40845 1.006695
vt 20.41582 1.006695
vt 20.41582 0.9993097
vt 20.40845 0.9993097
vt 20.41582 0.9882575
vt 20.40845 0.9882575
vt 20.41582 0.97522
vt 20.40845 0.97522
vt 20.41582 0.9621829
vt 20.40845 0.9621829
vt 20.41582 0.9511303
vt 20.40845 0.9511303
vt 20.41582 0.9437453
vt 20.40845 0.9437453
vt 20.86883 1.007135
vt 20.87544 1.007135
vt 20.87544 0.9954441
vt 20.86883 0.9954441
vt 20.87544 0.9837545
vt 20.86883 0.9837545
vt 20.56091 0.9604639
vt 20.56091 0.9945023
vt 20.56432 0.9945023
vt 20.56432 0.9604639
vt 20.56692 0.9593163
vt 20.56692 0.9956499
vt 20.57007 0.9956499
vt 20.57007 0.9593163
vt 20.57007 0.9593163
vt 20.57007 0.9956499
vt 20.57322 0.9956499
vt 20.57322 0.9593163
vt 20.57867 0.9944125
vt 20.57867 0.9605537
vt 20.57528 0.9605537
vt 20.57528 0.9944125
vt 20.58129 0.9593163
vt 20.58129 0.9956499
vt 20.58443 0.9956499
vt 20.58443 0.9593163
vt 20.58443 0.9593163
vt 20.58443 0.9956499
vt 20.58759 0.9956499
vt 20.58759 0.9593163
vt 20.59251 0.9578306
vt 20.59251 0.9971356
vt 20.59448 0.9971356
vt 20.59448 0.9578306
vt 20.59578 0.9650618
vt 20.59578 1.00409
vt 20.59774 1.00409
vt 20.59774 0.9650618
vt 20.59774 0.9650618
vt 20.59774 1.00409
vt 20.60164 1.00409
vt 20.60164 0.9650618
vt 20.60914 1.002798
vt 20.60914 0.9663542
vt 20.60598 0.9663542
vt 20.60598 1.002798
vt 20.60282 0.9663542
vt 20.60282 1.002798
vt 20.58858 0.9578306
vt 20.58858 0.9971356
vt 20.59251 0.9971356
vt 20.59251 0.9578306
vt 20.25574 0.8842983
vt 20.24582 0.8842983
vt 20.24582 0.8940115
vt 20.25574 0.8940115
vt 20.24582 0.9085478
vt 20.25574 0.9085478
vt 20.24582 0.9256949
vt 20.25574 0.9256949
vt 20.24582 0.9428415
vt 20.25574 0.9428415
vt 20.24582 0.9573781
vt 20.25574 0.9573781
vt 20.24582 0.967091
vt 20.25574 0.967091
vt 20.85325 0.9858345
vt 20.86213 0.9704822
vt 20.85325 0.9704822
vt 20.86213 0.9858345
vt 20.85325 1.001187
vt 20.86213 1.001187
vt 20.26471 0.9573707
vt 20.2548 0.9670812
vt 20.26471 0.9670812
vt 20.2548 0.9573707
vt 20.26471 0.9428374
vt 20.2548 0.9428374
vt 20.26471 0.9256946
vt 20.2548 0.9256946
vt 20.26471 0.9085519
vt 20.2548 0.9085519
vt 20.26471 0.8940189
vt 20.2548 0.8940189
vt 20.26471 0.884308
vt 20.2548 0.884308
vt 20.87111 0.9858345
vt 20.86222 1.001222
vt 20.87111 1.001222
vt 20.86222 0.9858345
vt 20.87111 0.9704474
vt 20.86222 0.9704474
vt 20.34638 1.005274
vt 20.35629 1.005274
vt 20.35629 0.9966373
vt 20.34638 0.9966373
vt 20.35629 0.9837112
vt 20.34638 0.9837112
vt 20.35629 0.9684641
vt 20.34638 0.9684641
vt 20.35629 0.9532168
vt 20.34638 0.9532168
vt 20.35629 0.9402909
vt 20.34638 0.9402909
vt 20.35629 0.9316539
vt 20.34638 0.9316539
vt 20.88976 0.9947826
vt 20.89862 0.9811443
vt 20.88976 0.9811443
vt 20.89862 0.9947826
vt 20.88976 1.008421
vt 20.89862 1.008421
vt 20.35536 0.9402904
vt 20.36526 0.9316536
vt 20.35536 0.9316536
vt 20.36526 0.9402904
vt 20.35536 0.9532163
vt 20.36526 0.9532163
vt 20.35536 0.968464
vt 20.36526 0.968464
vt 20.35536 0.9837107
vt 20.36526 0.9837107
vt 20.35536 0.9966372
vt 20.36526 0.9966372
vt 20.35536 1.005275
vt 20.36526 1.005275
vt 20.89103 0.9947826
vt 20.88215 1.008456
vt 20.89103 1.008456
vt 20.88215 0.9947826
vt 20.89103 0.9811096
vt 20.88215 0.9811096
vt 20.61633 1.002798
vt 20.61633 0.9663542
vt 20.61316 0.9663542
vt 20.61316 1.002798
vt 20.61 0.9663542
vt 20.61 1.002798
vt 20.61838 0.967646
vt 20.61838 1.001506
vt 20.62177 1.001506
vt 20.62177 0.967646
vt 20.62438 0.9664094
vt 20.62438 1.002743
vt 20.62753 1.002743
vt 20.62753 0.9664094
vt 20.63068 1.002743
vt 20.63068 0.9664094
vt 20.63274 0.9676466
vt 20.63274 1.001506
vt 20.63613 1.001506
vt 20.63613 0.9676466
vt 20.63992 0.9675568
vt 20.63992 1.001595
vt 20.64332 1.001595
vt 20.64332 0.9675568
vt 20.64592 0.9663541
vt 20.64592 1.002798
vt 20.64908 1.002798
vt 20.64908 0.9663541
vt 20.65224 1.002798
vt 20.65224 0.9663541
vt 20.65429 0.967646
vt 20.65429 1.001506
vt 20.65768 1.001506
vt 20.65768 0.967646
vt 20.66659 1.002743
vt 20.66659 0.9664095
vt 20.66344 0.9664095
vt 20.66344 1.002743
vt 20.66029 0.9664095
vt 20.66029 1.002743
vt 20.67062 1.002854
vt 20.67062 0.9662985
vt 20.66745 0.9662985
vt 20.66745 1.002854
vt 20.67478 0.9649934
vt 20.67478 1.004159
vt 20.6787 1.004159
vt 20.6787 0.9649934
vt 20.6787 0.9649934
vt 20.6787 1.004159
vt 20.68066 1.004159
vt 20.68066 0.9649934
vt 20.68196 0.9649934
vt 20.68196 1.004159
vt 20.68392 1.004159
vt 20.68392 0.9649934
vt 20.68392 0.9649934
vt 20.68392 1.004159
vt 20.68784 1.004159
vt 20.68784 0.9649934
vt 20.67379 1.002854
vt 20.67379 0.9662985
vt 20.67062 0.9662985
vt 20.67062 1.002854
vt 20.68901 0.9663539
vt 20.68901 1.002798
vt 20.69217 1.002798
vt 20.69217 0.9663539
vt 20.69217 0.9663539
vt 20.69217 1.002798
vt 20.69533 1.002798
vt 20.69533 0.9663539
vt 20.69737 0.967557
vt 20.69737 1.001595
vt 20.70078 1.001595
vt 20.70078 0.967557
vt 20.70338 0.9663539
vt 20.70338 1.002798
vt 20.70654 1.002798
vt 20.70654 0.9663539
vt 20.70654 0.9663539
vt 20.70654 1.002798
vt 20.70969 1.002798
vt 20.70969 0.9663539
vt 20.71514 1.001505
vt 20.71514 0.9676468
vt 20.71175 0.9676468
vt 20.71175 1.001505
vt 20.7209 0.9663541
vt 20.7209 1.002798
vt 20.72406 1.002798
vt 20.72406 0.9663541
vt 20.72504 0.9649242
vt 20.72504 1.004228
vt 20.72898 1.004228
vt 20.72898 0.9649242
vt 20.72898 0.9649242
vt 20.72898 1.004228
vt 20.73095 1.004228
vt 20.73095 0.9649242
vt 20.73812 1.004159
vt 20.73812 0.9649935
vt 20.73616 0.9649935
vt 20.73616 1.004159
vt 20.73616 1.004159
vt 20.73616 0.9649935
vt 20.73224 0.9649935
vt 20.73224 1.004159
vt 20.71774 0.9663541
vt 20.71774 1.002798
vt 20.7209 1.002798
vt 20.7209 0.9663541
vt 20.74388 1.001929
vt 20.74388 0.9678896
vt 20.74047 0.9678896
vt 20.74047 1.001929
vt 20.74647 0.9666871
vt 20.74647 1.003131
vt 20.74963 1.003131
vt 20.74963 0.9666871
vt 20.74963 0.9666871
vt 20.74963 1.003131
vt 20.75279 1.003131
vt 20.75279 0.9666871
vt 20.75483 0.9678897
vt 20.75483 1.001929
vt 20.75824 1.001929
vt 20.75824 0.9678897
vt 20.76085 0.9667426
vt 20.76085 1.003076
vt 20.76399 1.003076
vt 20.76399 0.9667426
vt 20.76714 1.003076
vt 20.76714 0.9667426
vt 20.77543 1.006021
vt 20.77543 0.9645531
vt 20.77335 0.9645531
vt 20.77335 1.006021
vt 20.77335 1.006021
vt 20.77335 0.9645531
vt 20.7692 0.9645531
vt 20.7692 1.006021
vt 20.7692 1.006021
vt 20.7692 0.9645531
vt 20.76713 0.9645531
vt 20.76713 1.006021
vt 20.7743 0.9644983
vt 20.7743 1.006076
vt 20.77638 1.006076
vt 20.77638 0.9644983
vt 20.77638 0.9644983
vt 20.77638 1.006076
vt 20.78054 1.006076
vt 20.78054 0.9644983
vt 20.78054 0.9644983
vt 20.78054 1.006076
vt 20.78262 1.006076
vt 20.78262 0.9644983
vt 20.78251 0.9657044
vt 20.78251 1.00487
vt 20.78643 1.00487
vt 20.78643 0.9657044
vt 20.78839 1.00487
vt 20.78839 0.9657044
vt 20.79398 1.003509
vt 20.79398 0.9670654
vt 20.79082 0.9670654
vt 20.79082 1.003509
vt 20.79792 0.9681766
vt 20.79792 1.002398
vt 20.80134 1.002398
vt 20.80134 0.9681766
vt 20.80393 0.9670654
vt 20.80393 1.003509
vt 20.80709 1.003509
vt 20.80709 0.9670654
vt 20.81025 1.003509
vt 20.81025 0.9670654
vt 20.81111 0.9670653
vt 20.81111 1.003509
vt 20.81427 1.003509
vt 20.81427 0.9670653
vt 20.81427 0.9670653
vt 20.81427 1.003509
vt 20.81743 1.003509
vt 20.81743 0.9670653
vt 20.82288 1.002307
vt 20.82288 0.9682678
vt 20.81947 0.9682678
vt 20.81947 1.002307
vt 20.82547 0.9670095
vt 20.82547 1.003565
vt 20.82864 1.003565
vt 20.82864 0.9670095
vt 20.82864 0.9670095
vt 20.82864 1.003565
vt 20.8318 1.003565
vt 20.8318 0.9670095
vt 20.83385 0.9683576
vt 20.83385 1.002217
vt 20.83724 1.002217
vt 20.83724 0.9683576
vt 20.83894 0.9644983
vt 20.83894 1.006076
vt 20.84102 1.006076
vt 20.84102 0.9644983
vt 20.84102 0.9644983
vt 20.84102 1.006076
vt 20.84518 1.006076
vt 20.84518 0.9644983
vt 20.84726 1.006076
vt 20.84726 0.9644983
vt 20.84611 0.9644431
vt 20.84611 1.006132
vt 20.8482 1.006132
vt 20.8482 0.9644431
vt 20.85237 1.006132
vt 20.85237 0.9644431
vt 20.85237 0.9644431
vt 20.85237 1.006132
vt 20.85446 1.006132
vt 20.85446 0.9644431
vt 20.34287 0.9845744
vt 20.31793 0.9993653
vt 20.3219 1.004423
vt 20.34765 0.9886816
vt 20.36478 0.9656206
vt 20.34314 1.035741
vt 20.37038 0.9687772
vt 20.38551 0.9322148
vt 20.37408 1.014742
vt 20.34711 1.0408
vt 20.37886 1.018849
vt 20.402 0.9895803
vt 20.40759 0.9927368
vt 20.39147 0.9346226
vt 20.4255 0.950995
vt 20.43146 0.953403
vt 20.44805 0.9027697
vt 20.40495 0.8935083
vt 20.39872 0.8919231
vt 20.39814 0.8592392
vt 20.40455 0.8592392
vt 20.44182 0.9011843
vt 20.44222 0.8592392
vt 20.44863 0.8592392
vt 20.13058 0.9694954
vt 20.13058 0.9860078
vt 20.1531 0.9860078
vt 20.1531 0.9694954
vt 20.13058 0.9485746
vt 20.1531 0.9485746
vt 20.13058 0.9125447
vt 20.1531 0.9125447
vt 20.1531 0.8698741
vt 20.13058 0.8698741
vt 20.13058 0.8335699
vt 20.1531 0.8335699
vt 20.21816 0.8467005
vt 20.18749 0.8258825
vt 20.18564 0.8285741
vt 20.21587 0.8489367
vt 20.24585 0.8716161
vt 20.16736 0.8564699
vt 20.24311 0.8733964
vt 20.2691 0.9097285
vt 20.19294 0.8722732
vt 20.16552 0.8591615
vt 20.19065 0.874509
vt 20.21555 0.8921736
vt 20.21281 0.893954
vt 20.26616 0.9111412
vt 20.28543 0.9595686
vt 20.2364 0.9260297
vt 20.23346 0.9274422
vt 20.24967 0.9664997
vt 20.24646 0.9671027
vt 20.28222 0.9601717
vt 20.28579 1.000846
vt 20.28253 1.000846
vt 20.24936 1.000846
vt 20.2461 1.000846
vt 20.35635 0.8573236
vt 20.35635 0.834929
vt 20.33384 0.834929
vt 20.33384 0.8573236
vt 20.35635 0.8841259
vt 20.33384 0.8841259
vt 20.35635 0.9251245
vt 20.33384 0.9251245
vt 20.33384 0.978739
vt 20.35635 0.978739
vt 20.35635 1.023142
vt 20.33384 1.023142
vt 20.28532 0.8272532
vt 20.25495 0.8062621
vt 20.25167 0.8099084
vt 20.28147 0.8301339
vt 20.3128 0.8522255
vt 20.25475 0.857151
vt 20.23033 0.8422403
vt 20.22705 0.8458864
vt 20.2509 0.8600314
vt 20.27628 0.8760424
vt 20.27186 0.8781568
vt 20.29168 0.9101037
vt 20.30837 0.8543403
vt 20.29634 0.908577
vt 20.30431 0.9486352
vt 20.33096 0.8913677
vt 20.33562 0.889841
vt 20.30896 0.9471087
vt 20.34683 0.9397888
vt 20.35148 0.9382624
vt 20.35204 0.979891
vt 20.34718 0.979891
vt 20.30861 0.979891
vt 20.30375 0.979891
vt 20.342 1.010851
vt 20.342 1.033971
vt 20.36676 1.033971
vt 20.36676 1.010851
vt 20.342 0.9833462
vt 20.37833 1.010851
vt 20.37833 1.033971
vt 20.37833 0.9833462
vt 20.36676 0.9833462
vt 20.342 0.9419156
vt 20.37833 0.9419156
vt 20.36676 0.9419156
vt 20.342 0.8885829
vt 20.36676 0.8885829
vt 20.342 0.8427319
vt 20.37833 0.8885829
vt 20.36676 0.8427319
vt 20.37833 0.8427319
vt 20.22215 0.9339409
vt 20.19701 0.9492882
vt 20.19886 0.9519801
vt 20.22444 0.936177
vt 20.21714 0.9798754
vt 20.24431 0.9144961
vt 20.24736 0.9595133
vt 20.21898 0.9825673
vt 20.24965 0.9617494
vt 20.24705 0.9162767
vt 20.27461 0.9350535
vt 20.27734 0.9368338
vt 20.30059 0.8987218
vt 20.29765 0.8973093
vt 20.31693 0.8488824
vt 20.2679 0.8824213
vt 20.26496 0.8810085
vt 20.28116 0.8419511
vt 20.27795 0.8413481
vt 20.27759 0.8076056
vt 20.28086 0.8076056
vt 20.31372 0.8482793
vt 20.31402 0.8076056
vt 20.31729 0.8076056
vt 20.28419 0.9261217
vt 20.26035 0.9402663
vt 20.26362 0.9439126
vt 20.28804 0.9290023
vt 20.30515 0.9079961
vt 20.31476 0.9560187
vt 20.28497 0.9762442
vt 20.28825 0.9798902
vt 20.31861 0.9588993
vt 20.34167 0.9318126
vt 20.34609 0.9339274
vt 20.36891 0.8963122
vt 20.30957 0.9101111
vt 20.36425 0.8947858
vt 20.38478 0.8478913
vt 20.32964 0.8775765
vt 20.32498 0.8760498
vt 20.38012 0.8463646
vt 20.34226 0.8390453
vt 20.3376 0.8375186
vt 20.33705 0.8062628
vt 20.34191 0.8062628
vt 20.38047 0.8062628
vt 20.38534 0.8062628
vt 20.4393 0.8820331
vt 20.40755 0.8600827
vt 20.40358 0.865141
vt 20.43452 0.8861408
vt 20.38234 0.8964595
vt 20.46803 0.9081464
vt 20.40809 0.9122014
vt 20.37837 0.9015178
vt 20.40331 0.9163089
vt 20.46244 0.911303
vt 20.43082 0.9321064
vt 20.42522 0.935263
vt 20.44595 0.9686694
vt 20.48594 0.9498889
vt 20.4919 0.9474811
vt 20.50849 0.9981149
vt 20.45191 0.9662616
vt 20.46539 1.007376
vt 20.45916 1.008961
vt 20.50227 0.9997005
vt 20.50908 1.041646
vt 20.50266 1.041646
vt 20.46499 1.041646
vt 20.45858 1.041646
vt 20.40244 1.018653
vt 20.40244 1.041773
vt 20.41312 1.041773
vt 20.41312 1.018653
vt 20.40244 0.9911478
vt 20.43876 1.018653
vt 20.43876 1.041773
vt 20.43876 0.9911478
vt 20.41312 0.9911478
vt 20.43876 0.9497172
vt 20.41312 0.9497172
vt 20.40244 0.9497172
vt 20.43876 0.8963844
vt 20.41312 0.8963844
vt 20.40244 0.8963844
vt 20.40244 0.8505336
vt 20.41312 0.8505336
vt 20.43876 0.8505336
vt 20.33146 0.988534
vt 20.33146 1.023142
vt 20.35635 1.023142
vt 20.35635 0.988534
vt 20.33146 0.9458698
vt 20.36798 0.988534
vt 20.36798 1.023142
vt 20.35635 0.9458698
vt 20.33146 0.9104971
vt 20.36798 0.9458698
vt 20.35635 0.9104971
vt 20.33146 0.8904276
vt 20.36798 0.9104971
vt 20.35635 0.8904276
vt 20.33146 0.8747656
vt 20.36798 0.8904276
vt 20.35635 0.8747656
vt 20.36798 0.8747656
vt 20.41978 0.876459
vt 20.41978 0.8540638
vt 20.39639 0.8540638
vt 20.39639 0.876459
vt 20.41978 0.9032618
vt 20.39639 0.9032618
vt 20.39639 0.944261
vt 20.41978 0.944261
vt 20.39639 0.9978763
vt 20.41978 0.9978763
vt 20.39639 1.042279
vt 20.41978 1.042279
vt 20.1199 0.9860066
vt 20.1433 0.9860066
vt 20.1433 0.9694945
vt 20.1199 0.9694945
vt 20.1433 0.948574
vt 20.1199 0.948574
vt 20.1433 0.9125447
vt 20.1199 0.9125447
vt 20.1199 0.8698747
vt 20.1433 0.8698747
vt 20.1433 0.8335711
vt 20.1199 0.8335711
vt 20.42216 0.9095632
vt 20.42216 0.893901
vt 20.39639 0.893901
vt 20.39639 0.9095632
vt 20.38564 0.893901
vt 20.38564 0.9095632
vt 20.42216 0.9296333
vt 20.39639 0.9296333
vt 20.38564 0.9296333
vt 20.38564 0.9650063
vt 20.39639 0.9650063
vt 20.42216 0.9650063
vt 20.38564 1.007671
vt 20.39639 1.007671
vt 20.38564 1.042279
vt 20.42216 1.007671
vt 20.39639 1.042279
vt 20.42216 1.042279
vt 20.41325 0.9549333
vt 20.40354 0.9549333
vt 20.40354 0.9597983
vt 20.41325 0.9597983
vt 20.43653 0.9549333
vt 20.43438 0.9597983
vt 20.44218 0.9610697
vt 20.43728 0.9629697
vt 20.44218 0.9970955
vt 20.43728 0.9951954
vt 20.43653 1.003232
vt 20.43438 0.9983669
vt 20.41325 1.003232
vt 20.41325 0.9983669
vt 20.40354 0.9983669
vt 20.40354 1.003232
vt 20.21402 0.9983535
vt 20.25258 0.9983535
vt 20.25223 0.9582521
vt 20.21437 0.9655715
vt 20.23636 0.9098321
vt 20.20174 0.9270411
vt 20.21378 0.8728056
vt 20.18169 0.8945071
vt 20.18687 0.8486
vt 20.16015 0.8756161
vt 20.15708 0.8283751
vt 20.13573 0.8607059
vt 20.36798 0.834929
vt 20.36798 0.8308917
vt 20.35635 0.8308917
vt 20.35635 0.834929
vt 20.33146 0.8308917
vt 20.36798 0.8707283
vt 20.33384 0.834929
vt 20.3252 0.8362477
vt 20.33063 0.8378245
vt 20.3252 0.8694096
vt 20.33063 0.8678328
vt 20.33146 0.8747656
vt 20.33384 0.8707283
vt 20.35635 0.8747656
vt 20.36798 0.8747656
vt 20.35635 0.8707283
vt 20.44604 1.003223
vt 20.45654 1.003223
vt 20.45654 0.9983599
vt 20.44604 0.9983599
vt 20.42571 0.9983599
vt 20.42356 1.003223
vt 20.42282 0.9951896
vt 20.41792 0.9970889
vt 20.42282 0.9629756
vt 20.41792 0.9610763
vt 20.44604 0.9598053
vt 20.42571 0.9598053
vt 20.42356 0.9549421
vt 20.44604 0.9549421
vt 20.45654 0.9598053
vt 20.45654 0.9549421
vt 20.10424 0.9660233
vt 20.12558 0.998355
vt 20.15538 0.9781297
vt 20.12866 0.9511127
vt 20.18228 0.9539233
vt 20.15019 0.9322214
vt 20.20487 0.916896
vt 20.17025 0.8996869
vt 20.22074 0.8684753
vt 20.18287 0.8611554
vt 20.22109 0.8283733
vt 20.18253 0.8283733
vt 20.39805 0.9863596
vt 20.42029 0.9512579
vt 20.39107 0.9512579
vt 20.39805 0.9161566
vt 20.42505 0.9751766
vt 20.42505 0.9273393
vt 20.41793 1.016117
vt 20.41793 0.8863988
vt 20.43859 0.995454
vt 20.43859 0.9070621
vt 20.44769 1.036
vt 20.44769 0.8665156
vt 20.45887 1.009003
vt 20.45887 0.8935131
vt 20.48279 1.042982
vt 20.48279 0.8595337
vt 20.48279 1.01376
vt 20.48279 0.8887554
vt 20.51789 1.036
vt 20.51789 0.8665156
vt 20.50671 1.009003
vt 20.50671 0.8935131
vt 20.54765 1.016117
vt 20.54765 0.8863988
vt 20.52699 0.995454
vt 20.52699 0.9070621
vt 20.56754 0.9863596
vt 20.56754 0.9161566
vt 20.54054 0.9751766
vt 20.54054 0.9273393
vt 20.57452 0.9512579
vt 20.5453 0.9512579
vt 20.25172 0.9446425
vt 20.24463 0.9310951
vt 20.24733 0.9446425
vt 20.24463 0.95819
vt 20.24869 0.9294123
vt 20.24869 0.9598731
vt 20.24007 0.9165004
vt 20.23696 0.9696751
vt 20.23696 0.91961
vt 20.24007 0.9727846
vt 20.22715 0.9078732
vt 20.22547 0.977349
vt 20.22547 0.9119361
vt 20.22715 0.9814119
vt 20.21192 0.9048437
vt 20.21192 0.9800438
vt 20.21192 0.9092413
vt 20.21192 0.9844414
vt 20.19669 0.9078732
vt 20.19838 0.977349
vt 20.19838 0.9119361
vt 20.19669 0.9814119
vt 20.18378 0.9165004
vt 20.18689 0.9696751
vt 20.18689 0.91961
vt 20.18378 0.9727846
vt 20.17516 0.9294123
vt 20.17922 0.95819
vt 20.17922 0.9310951
vt 20.17516 0.9598731
vt 20.17212 0.9446425
vt 20.17652 0.9446425
vt 20.48279 0.9512579
vt 20.52699 0.995454
vt 20.54054 0.9751766
vt 20.5453 0.9512579
vt 20.50671 1.009003
vt 20.54054 0.9273393
vt 20.48279 1.01376
vt 20.52699 0.9070621
vt 20.45887 1.009003
vt 20.50671 0.8935131
vt 20.43859 0.995454
vt 20.48279 0.8887554
vt 20.42505 0.9751766
vt 20.45887 0.8935131
vt 20.42029 0.9512579
vt 20.43859 0.9070621
vt 20.42505 0.9273393
vt 20.08477 0.9365986
vt 20.08477 0.9780223
vt 20.10062 0.9748691
vt 20.11406 0.9658896
vt 20.06892 0.9748691
vt 20.12304 0.9524506
vt 20.05548 0.9658896
vt 20.1262 0.9365986
vt 20.0465 0.9524509
vt 20.12304 0.9207462
vt 20.04335 0.9365986
vt 20.11406 0.907307
vt 20.0465 0.9207462
vt 20.10062 0.8983275
vt 20.05548 0.907307
vt 20.08477 0.8951743
vt 20.06892 0.8983275
vt 20.1135 0.9396229
vt 20.14279 0.9103311
vt 20.12935 0.9013515
vt 20.1135 0.8981982
vt 20.15177 0.9237703
vt 20.09765 0.9013515
vt 20.15493 0.9396229
vt 20.08421 0.9103311
vt 20.15177 0.9554753
vt 20.07523 0.9237703
vt 20.14279 0.9689144
vt 20.07208 0.9396229
vt 20.12935 0.9778941
vt 20.07523 0.9554753
vt 20.1135 0.9810473
vt 20.08421 0.9689144
vt 20.09765 0.9778941
vt 20.75529 0.9930905
vt 20.75824 0.994792
vt 20.75824 0.9913886
vt 20.75529 0.9896867
vt 20.75529 0.9964938
vt 20.75234 0.9913886
vt 20.75234 0.994792
vt 20.74834 0.99309
vt 20.74834 0.9964594
vt 20.75126 0.9947747
vt 20.75126 0.9914056
vt 20.74542 0.9947747
vt 20.74834 0.9897209
vt 20.74542 0.9914056
vt 20.74138 0.99309
vt 20.74138 0.9896867
vt 20.73844 0.991388
vt 20.73844 0.9947919
vt 20.74433 0.9913885
vt 20.74138 0.9964936
vt 20.74433 0.9947919
vt 20.73443 0.9927567
vt 20.73735 0.9944414
vt 20.73735 0.9910717
vt 20.73443 0.9893875
vt 20.73443 0.9961264
vt 20.73151 0.9910722
vt 20.73151 0.9944414
vt 20.72748 0.9928274
vt 20.73037 0.9910883
vt 20.72748 0.9894207
vt 20.72459 0.9910883
vt 20.73037 0.9944248
vt 20.72459 0.9944248
vt 20.72748 0.9960932
vt 20.72052 0.9927567
vt 20.72052 0.989318
vt 20.71754 0.991037
vt 20.71754 0.9944761
vt 20.7235 0.991037
vt 20.72052 0.9961959
vt 20.7235 0.9944761
vt 20.71357 0.992829
vt 20.71652 0.9910548
vt 20.71357 0.9893535
vt 20.71062 0.9910548
vt 20.71652 0.9944587
vt 20.71062 0.9944587
vt 20.71357 0.9961603
vt 20.70662 0.9927567
vt 20.7037 0.9910722
vt 20.7037 0.9944414
vt 20.70662 0.9961264
vt 20.70662 0.9893875
vt 20.70953 0.9944414
vt 20.70953 0.9910722
vt 20.69966 0.9926845
vt 20.69671 0.9944587
vt 20.69966 0.9961603
vt 20.70261 0.9944587
vt 20.69671 0.9910548
vt 20.70261 0.9910548
vt 20.69966 0.9893535
vt 20.69271 0.9927567
vt 20.68976 0.9910552
vt 20.68976 0.9944585
vt 20.69271 0.9961606
vt 20.69271 0.9893534
vt 20.69566 0.9944585
vt 20.69566 0.9910552
vt 20.68575 0.9927567
vt 20.68575 0.9961959
vt 20.68873 0.9944761
vt 20.68873 0.9910375
vt 20.68278 0.9944761
vt 20.68575 0.989318
vt 20.68278 0.9910375
vt 20.6788 0.9926843
vt 20.67585 0.9944585
vt 20.6788 0.9961606
vt 20.68175 0.9944585
vt 20.67585 0.9910552
vt 20.68175 0.9910552
vt 20.6788 0.9893534
vt 20.13237 0.9563155
vt 20.12304 0.9524506
vt 20.11406 0.9658896
vt 20.1212 0.9730309
vt 20.1363 0.9365986
vt 20.10062 0.9748691
vt 20.1262 0.9365986
vt 20.10449 0.9841995
vt 20.13237 0.9168814
vt 20.08477 0.9780223
vt 20.12304 0.9207462
vt 20.08477 0.9881213
vt 20.1212 0.900166
vt 20.06892 0.9748691
vt 20.11406 0.907307
vt 20.06506 0.9841997
vt 20.10449 0.8889971
vt 20.05548 0.9658896
vt 20.10062 0.8983275
vt 20.04834 0.9730309
vt 20.08477 0.8850753
vt 20.0465 0.9524509
vt 20.08477 0.8951743
vt 20.03717 0.9563155
vt 20.06506 0.8889971
vt 20.04335 0.9365986
vt 20.06892 0.8983275
vt 20.03325 0.9365986
vt 20.04834 0.900166
vt 20.0465 0.9207462
vt 20.05548 0.907307
vt 20.03717 0.9168814
vt 20.1611 0.9199057
vt 20.14993 0.90319
vt 20.14279 0.9103311
vt 20.15177 0.9237703
vt 20.12935 0.9013515
vt 20.16503 0.9396229
vt 20.13322 0.892021
vt 20.15493 0.9396229
vt 20.1135 0.8981982
vt 20.1611 0.9593402
vt 20.1135 0.8880991
vt 20.15177 0.9554753
vt 20.09765 0.9013515
vt 20.14993 0.9760556
vt 20.09378 0.892021
vt 20.14279 0.9689144
vt 20.08421 0.9103311
vt 20.13322 0.9872246
vt 20.07707 0.90319
vt 20.12935 0.9778941
vt 20.07523 0.9237703
vt 20.1135 0.9911465
vt 20.0659 0.9199054
vt 20.1135 0.9810473
vt 20.07208 0.9396229
vt 20.09378 0.9872246
vt 20.06198 0.9396229
vt 20.09765 0.9778941
vt 20.07523 0.9554753
vt 20.07707 0.9760556
vt 20.0659 0.9593402
vt 20.08421 0.9689144
vt 20.18644 0.9649214
vt 20.16993 0.9580818
vt 20.16337 0.9679078
vt 20.176 0.9805462
vt 20.19011 0.9464912
vt 20.15354 0.9744733
vt 20.17224 0.9464912
vt 20.16038 0.9909861
vt 20.18644 0.9280607
vt 20.14195 0.9767788
vt 20.16993 0.9349006
vt 20.14195 0.9946525
vt 20.176 0.9124362
vt 20.13036 0.9744733
vt 20.16337 0.9250745
vt 20.12352 0.9909861
vt 20.16038 0.9019963
vt 20.12053 0.9679078
vt 20.15354 0.9185093
vt 20.10789 0.9805462
vt 20.14195 0.8983299
vt 20.11397 0.9580818
vt 20.14195 0.9162039
vt 20.09745 0.9649217
vt 20.12352 0.9019963
vt 20.11166 0.9464912
vt 20.13036 0.9185093
vt 20.09379 0.9464912
vt 20.10789 0.9124362
vt 20.11397 0.9349006
vt 20.12053 0.9250745
vt 20.09745 0.9280607
vt 20.20712 0.9164973
vt 20.21023 0.9196072
vt 20.22172 0.9119325
vt 20.22004 0.9078691
vt 20.19849 0.9294106
vt 20.23527 0.9093095
vt 20.20256 0.9310935
vt 20.23527 0.9048393
vt 20.19547 0.9446425
vt 20.24882 0.9119325
vt 20.19993 0.9446425
vt 20.2505 0.9078691
vt 20.19849 0.9598747
vt 20.2603 0.9196072
vt 20.20256 0.9581916
vt 20.26341 0.9164973
vt 20.20712 0.9727878
vt 20.26798 0.9310935
vt 20.21023 0.9696779
vt 20.27204 0.9294106
vt 20.22004 0.981416
vt 20.2706 0.9446425
vt 20.22172 0.9773526
vt 20.27507 0.9446425
vt 20.23527 0.9844458
vt 20.26798 0.9581916
vt 20.23527 0.9799758
vt 20.27204 0.9598747
vt 20.2505 0.981416
vt 20.2603 0.9696779
vt 20.24882 0.9773526
vt 20.26341 0.9727878
vt 30.34611 0.8900709
vt 30.30013 0.8900709
vt 30.30013 0.9565394
vt 30.34611 0.9565391
vt 30.3163 0.9240114
vt 30.3163 0.9904798
vt 30.36227 0.9904798
vt 30.36227 0.9240114
vt 30.17068 0.9464912
vt 30.20473 0.9805481
vt 30.21518 0.9649224
vt 30.21884 0.9464912
vt 30.18911 0.9909886
vt 30.21518 0.9280597
vt 30.17068 0.9946552
vt 30.20473 0.9124343
vt 30.15225 0.9909886
vt 30.18911 0.9019938
vt 30.13662 0.9805481
vt 30.17068 0.8983272
vt 30.12618 0.9649227
vt 30.15225 0.9019938
vt 30.12251 0.9464912
vt 30.13662 0.9124343
vt 30.12618 0.9280597
vn 0.7032248 -0.1050142 0.7031692
vn 0.04457771 0 0.999006
vn 0.7071371 0 0.7070764
vn 0.03926204 -0.1378335 0.9896769
vn -0.04457762 0 0.999006
vn 0.03070028 -0.7068092 0.7067378
vn 0.5773625 -0.5773664 0.5773219
vn -0.03070003 -0.7068107 0.7067363
vn -0.03926187 -0.1378333 0.989677
vn -0.7071407 0 0.7070728
vn -0.7032303 -0.1050138 0.7031638
vn -0.5773637 -0.577379 0.577308
vn -0.7032303 -0.1050138 0.7031638
vn -0.9999853 0 0.005419312
vn -0.7071407 0 0.7070728
vn -0.989953 -0.1413179 0.004729216
vn -0.9999853 0 -0.005419562
vn -0.7071002 -0.707104 0.003635
vn -0.5773637 -0.577379 0.577308
vn -0.7071 -0.7071042 -0.003633442
vn -0.9899553 -0.1413013 -0.00472996
vn -0.7071412 0 -0.7070723
vn -0.7032446 -0.1050361 -0.703146
vn -0.5773628 -0.5774316 -0.5772565
vn -0.02209164 0 -0.9997559
vn -0.7071412 0 -0.7070723
vn -0.7032446 -0.1050361 -0.703146
vn -0.01851845 -0.1480755 -0.9888026
vn -0.01404526 -0.6963317 -0.7175826
vn -0.5773628 -0.5774316 -0.5772565
vn 0.006892397 -0.7330645 -0.6801242
vn 0.00949133 -0.1505574 -0.9885557
vn 0.0108043 -0.0001770963 -0.9999416
vn 0.384727 -0.003280182 -0.9230246
vn 0.3817825 -0.124752 -0.9157942
vn 0.3169766 -0.5670791 -0.7602283
vn 0.3817825 -0.124752 -0.9157942
vn 0.7036439 -0.0001527882 -0.7105528
vn 0.384727 -0.003280182 -0.9230246
vn 0.6962978 -0.1507345 -0.7017466
vn 0.7234774 -3.210451E-05 -0.6903481
vn 0.4778436 -0.7343135 -0.4821297
vn 0.3169766 -0.5670791 -0.7602283
vn 0.5169976 -0.6979353 -0.4955803
vn 0.7134392 -0.1484788 -0.6848055
vn 0.9999987 -0.0009850337 -0.001294942
vn 0.9944071 -0.1056148 -0.0002253221
vn 0.8158628 -0.5782411 0.002252095
vn 0.5104132 -0.7089679 0.486665
vn 0.724403 -5.284136E-05 0.6893768
vn 0.7158431 -0.1404277 0.6839947
vn 0.5205491 -0.7211864 0.4570764
vn 0.7432982 -0.144693 0.6531247
vn 0.7511522 -2.236618E-06 0.6601291
vn 0.6235572 -0.7389923 0.2550818
vn 0.9255512 0 0.3786226
vn 0.9151686 -0.1493729 0.3743717
vn 0.6915144 -0.7212229 0.04056433
vn 0.9983095 0 0.05812212
vn 0.9877963 -0.1447152 0.05758442
vn 0.7066374 -0.7074827 0.01148091
vn 0.9899844 -0.140389 0.01489239
vn 0.999855 0 0.01702479
vn 0.7071371 0 0.7070764
vn 0.7032248 -0.1050142 0.7031692
vn 0.5773625 -0.5773664 0.5773219
vn 0.7066374 -0.7074827 0.01148091
vn 0.03070028 -0.7068092 0.7067378
vn 0.5773625 -0.5773664 0.5773219
vn 0.0225474 -0.9997107 0.008372325
vn 0.6915144 -0.7212229 0.04056433
vn -0.06365307 -0.9979441 0.007477662
vn -0.03070003 -0.7068107 0.7067363
vn 0.01573897 -0.9998757 0.0009309996
vn 0.6235572 -0.7389923 0.2550818
vn -0.05504263 -0.9983923 -0.01352693
vn 0.02558739 -0.9996178 0.01046635
vn 0.5205491 -0.7211864 0.4570764
vn -0.7071002 -0.707104 0.003635
vn -0.5773637 -0.577379 0.577308
vn -0.7071 -0.7071042 -0.003633442
vn 0.01465399 -0.99981 0.0128552
vn 0.5104132 -0.7089679 0.486665
vn 0.02210564 -0.9997541 0.001769175
vn -0.01404526 -0.6963317 -0.7175826
vn -0.5773628 -0.5774316 -0.5772565
vn 0.005132517 -0.9999223 -0.0113665
vn 0.006892397 -0.7330645 -0.6801242
vn 0.4778436 -0.7343135 -0.4821297
vn 0.3169766 -0.5670791 -0.7602283
vn 0.5169976 -0.6979353 -0.4955803
vn 0.8158628 -0.5782411 0.002252095
vn 0.7032234 -0.1050156 -0.7031703
vn 0.7071383 0 -0.7070752
vn 0.04457615 0 -0.999006
vn 0.03926121 -0.1378286 -0.9896777
vn -0.04457606 0 -0.999006
vn 0.03070031 -0.7068087 -0.7067383
vn 0.577364 -0.5773709 -0.577316
vn -0.03070039 -0.7068101 -0.7067367
vn -0.03926126 -0.1378288 -0.9896775
vn -0.707142 0 -0.7070715
vn -0.7032306 -0.1050174 -0.703163
vn -0.5773643 -0.5773836 -0.5773029
vn -0.7032306 -0.1050174 -0.703163
vn -0.707142 0 -0.7070715
vn -0.9999853 0 -0.005419312
vn -0.9899526 -0.1413206 -0.00472923
vn -0.9999853 0 0.005419561
vn -0.7070968 -0.7071074 -0.003635117
vn -0.5773643 -0.5773836 -0.5773029
vn -0.7070966 -0.7071076 0.003633601
vn -0.9899548 -0.1413047 0.004729948
vn -0.7071449 0 0.7070686
vn -0.7032474 -0.1050368 0.7031432
vn -0.5773585 -0.5774315 0.5772607
vn -0.02209196 0 0.9997559
vn -0.7032474 -0.1050368 0.7031432
vn -0.7071449 0 0.7070686
vn -0.01851871 -0.1480767 0.9888025
vn -0.01404542 -0.6963329 0.7175815
vn -0.5773585 -0.5774315 0.5772607
vn 0.006892426 -0.7330654 0.6801232
vn 0.009492106 -0.1505585 0.9885555
vn 0.01080543 -0.0001771961 0.9999416
vn 0.3847367 -0.003283122 0.9230205
vn 0.3817919 -0.1247504 0.9157906
vn 0.3169828 -0.5670724 0.7602308
vn 0.3817919 -0.1247504 0.9157906
vn 0.3847367 -0.003283122 0.9230205
vn 0.7036428 -0.0001533432 0.7105539
vn 0.6962961 -0.1507312 0.7017491
vn 0.7234761 -3.258181E-05 0.6903494
vn 0.4778434 -0.7343168 0.4821251
vn 0.3169828 -0.5670724 0.7602308
vn 0.5169986 -0.697936 0.4955781
vn 0.7134375 -0.1484751 0.684808
vn 0.9999987 -0.0009874871 0.001294972
vn 0.9944068 -0.1056176 0.0002209108
vn 0.8158647 -0.5782385 -0.002264299
vn 0.5104157 -0.7089674 -0.4866631
vn 0.7244028 -4.993573E-05 -0.689377
vn 0.7158459 -0.1404292 -0.6839914
vn 0.520551 -0.7211862 -0.4570746
vn 0.7433001 -0.1446944 -0.6531221
vn 0.7511522 0 -0.6601291
vn 0.6235559 -0.7389939 -0.2550802
vn 0.925552 0 -0.3786207
vn 0.9151686 -0.1493758 -0.3743703
vn 0.6915101 -0.7212269 -0.04056413
vn 0.9983096 0 -0.05812121
vn 0.9877959 -0.1447183 -0.05758381
vn 0.7066333 -0.7074868 -0.01148151
vn 0.989984 -0.1403911 -0.01489261
vn 0.999855 0 -0.01702512
vn 0.7071383 0 -0.7070752
vn 0.7032234 -0.1050156 -0.7031703
vn 0.577364 -0.5773709 -0.577316
vn 0.7066333 -0.7074868 -0.01148151
vn 0.577364 -0.5773709 -0.577316
vn 0.03070031 -0.7068087 -0.7067383
vn 0.02254741 -0.9997107 -0.008372418
vn 0.6915101 -0.7212269 -0.04056413
vn -0.06365298 -0.9979441 -0.007477709
vn -0.03070039 -0.7068101 -0.7067367
vn 0.015739 -0.9998757 -0.0009310363
vn 0.6235559 -0.7389939 -0.2550802
vn -0.05504285 -0.9983923 0.01352691
vn 0.02558734 -0.9996178 -0.01046744
vn 0.520551 -0.7211862 -0.4570746
vn -0.7070968 -0.7071074 -0.003635117
vn -0.5773643 -0.5773836 -0.5773029
vn -0.7070966 -0.7071076 0.003633601
vn 0.014654 -0.99981 -0.01285494
vn 0.5104157 -0.7089674 -0.4866631
vn 0.02210567 -0.9997541 -0.001769989
vn -0.01404542 -0.6963329 0.7175815
vn -0.5773585 -0.5774315 0.5772607
vn 0.005132509 -0.9999223 0.01136625
vn 0.006892426 -0.7330654 0.6801232
vn 0.4778434 -0.7343168 0.4821251
vn 0.3169828 -0.5670724 0.7602308
vn 0.5169986 -0.697936 0.4955781
vn 0.8158647 -0.5782385 -0.002264299
vn -0.4988559 -0.06509462 -0.864237
vn -0.01318094 0 -0.9999131
vn -0.499996 0 -0.8660278
vn -0.01312634 -0.06590281 -0.9977398
vn -0.008930501 -0.7185549 -0.6954129
vn -0.3541495 -0.7043416 -0.6152081
vn 0.008931537 -0.7185668 -0.6954006
vn 0.01312596 -0.06590783 -0.9977394
vn 0.01318095 0 -0.9999131
vn 0.3541643 -0.704322 -0.615222
vn 0.4999914 0 -0.8660305
vn 0.4988475 -0.06508011 -0.8642429
vn -0.4988764 -0.06508636 0.8642257
vn -0.8660511 0 0.4999554
vn -0.5000174 0 0.8660154
vn -0.8642246 -0.06495331 0.4988956
vn -1 0 0
vn -0.6159467 -0.7029697 0.3555888
vn -0.3541612 -0.7043235 0.6152222
vn -0.7112033 -0.7029864 -3.120672E-06
vn -0.9978877 -0.06496277 0
vn -0.8660545 0 -0.4999496
vn -0.6159426 -0.7029806 -0.3555743
vn -0.8642262 -0.06496204 -0.4988919
vn -0.499996 0 -0.8660278
vn -0.3541495 -0.7043416 -0.6152081
vn -0.4988559 -0.06509462 -0.864237
vn 0.49887 -0.06507365 0.8642305
vn 0.01318334 0 0.9999131
vn 0.5000133 0 0.8660178
vn 0.01312844 -0.06591188 0.9977391
vn 0.008931532 -0.7185633 0.6954043
vn 0.3541791 -0.7043064 0.6152315
vn -0.008931619 -0.7185532 0.6954148
vn -0.01312865 -0.06591006 0.9977392
vn -0.01318332 0 0.9999131
vn -0.3541612 -0.7043235 0.6152222
vn -0.5000174 0 0.8660154
vn -0.4988764 -0.06508636 0.8642257
vn 0.4988475 -0.06508011 -0.8642429
vn 0.866048 0 -0.499961
vn 0.4999914 0 -0.8660305
vn 0.8642196 -0.06493732 -0.4989065
vn 1 0 0
vn 0.6159723 -0.7029553 -0.3555728
vn 0.3541643 -0.704322 -0.615222
vn 0.7112301 -0.7029592 3.044172E-06
vn 0.9978896 -0.06493409 0
vn 0.8660446 0 0.4999667
vn 0.6159804 -0.702938 0.3555928
vn 0.864218 -0.06493001 0.4989101
vn 0.5000133 0 0.8660178
vn 0.3541791 -0.7043064 0.6152315
vn 0.49887 -0.06507365 0.8642305
vn -0.6869662 -0.7029793 0.1841127
vn -0.7056144 -0.0649653 0.7056115
vn -0.5028927 -0.7029825 0.502906
vn -0.9638692 -0.06496279 0.2583334
vn -0.6854391 -0.7043415 -0.1845979
vn -0.9638519 -0.06509846 -0.2583636
vn -0.497435 -0.7185662 -0.4860256
vn -0.7139164 -0.06590671 -0.6971224
vn -0.4860045 -0.7185727 -0.4974464
vn -0.6971196 -0.0659105 -0.7139188
vn -0.7154911 0 -0.6986219
vn -0.9659249 0 -0.2588229
vn -0.6986238 0 -0.7154891
vn -0.2588215 0 -0.9659252
vn -0.2583666 -0.06508102 -0.9638522
vn -0.9659098 0 0.2588788
vn -0.7071089 0 0.7071047
vn -0.2583239 -0.06495726 0.963872
vn -0.2588669 0 0.9659131
vn 0.7056125 -0.06493505 -0.7056164
vn 0.5029143 -0.7029637 -0.5029108
vn 0.6870012 -0.7029411 -0.1841284
vn 0.9638778 -0.06493249 -0.258309
vn 0.6854823 -0.7042988 0.1845998
vn 0.9638568 -0.0650733 0.2583517
vn 0.4974469 -0.7185752 0.4860003
vn 0.7139166 -0.06590241 0.6971226
vn 0.486025 -0.7185683 0.4974328
vn 0.697117 -0.06589939 0.7139224
vn 0.7154889 0 0.6986241
vn 0.6986187 0 0.7154941
vn 0.965929 0 0.2588072
vn 0.9659162 0 -0.2588554
vn 0.7071049 0 -0.7071086
vn 0.2583172 -0.06493676 -0.9638752
vn 0.258865 0 -0.9659135
vn 0.697117 -0.06589939 0.7139224
vn 0.2588073 0 0.965929
vn 0.6986187 0 0.7154941
vn 0.2583466 -0.06508243 0.9638575
vn -0.2588669 0 0.9659131
vn -0.2583239 -0.06495726 0.963872
vn 0.1846025 -0.7043126 0.6854675
vn 0.486025 -0.7185683 0.4974328
vn -0.1841005 -0.7029653 0.686984
vn -0.5028927 -0.7029825 0.502906
vn -0.7056144 -0.0649653 0.7056115
vn -0.2583666 -0.06508102 -0.9638522
vn 0.258865 0 -0.9659135
vn -0.2588215 0 -0.9659252
vn 0.2583172 -0.06493676 -0.9638752
vn 0.1841263 -0.7029529 -0.6869895
vn 0.5029143 -0.7029637 -0.5029108
vn 0.7056125 -0.06493505 -0.7056164
vn -0.1845957 -0.7043265 -0.6854551
vn -0.6971196 -0.0659105 -0.7139188
vn -0.4860045 -0.7185727 -0.4974464
vn -0.1841079 -0.7029818 -0.686965
vn -0.7056142 -0.06496583 -0.7056118
vn -0.5028955 -0.702989 -0.5028942
vn -0.2583289 -0.06496568 -0.9638701
vn 0.1846071 -0.7043355 -0.6854427
vn 0.2583649 -0.0650997 -0.9638514
vn 0.4860057 -0.7185534 -0.4974732
vn 0.6971154 -0.06590556 -0.7139234
vn 0.2588244 0 -0.9659244
vn -0.2588753 0 -0.9659107
vn 0.705617 -0.06493368 0.7056121
vn 0.5029112 -0.70296 0.5029191
vn 0.1841206 -0.7029479 0.6869963
vn 0.2583095 -0.06493082 0.9638777
vn -0.1846074 -0.7043091 0.6854698
vn -0.2583497 -0.06507256 0.9638574
vn -0.4860164 -0.7185718 0.4974359
vn -0.6971173 -0.06590521 0.7139216
vn -0.6986184 0 0.7154944
vn -0.2588054 0 0.9659295
vn 0.258855 0 0.9659162
vn -0.7056142 -0.06496583 -0.7056118
vn -0.2583289 -0.06496568 -0.9638701
vn -0.2588753 0 -0.9659107
vn -0.707108 0 -0.7071055
vn -0.9638726 -0.06495714 -0.2583221
vn -0.5028955 -0.702989 -0.5028942
vn -0.9659132 0 -0.2588658
vn -0.686978 -0.7029709 -0.1841008
vn -0.9638562 -0.06508542 0.2583506
vn -0.9659286 0 0.2588088
vn -0.6854639 -0.7043163 0.1846015
vn -0.7139171 -0.06590298 0.6971219
vn -0.7154888 0 0.6986243
vn -0.6986184 0 0.7154944
vn -0.4974476 -0.7185665 0.4860125
vn -0.6971173 -0.06590521 0.7139216
vn -0.4860164 -0.7185718 0.4974359
vn 0.2583649 -0.0650997 -0.9638514
vn 0.6986238 0 -0.7154891
vn 0.2588244 0 -0.9659244
vn 0.6971154 -0.06590556 -0.7139234
vn 0.7139121 -0.06590919 -0.6971266
vn 0.7154911 0 -0.6986218
vn 0.965925 0 -0.2588221
vn 0.4974271 -0.7185596 -0.4860437
vn 0.4860057 -0.7185534 -0.4974732
vn 0.6854598 -0.7043205 -0.1846009
vn 0.9638515 -0.06508049 -0.2583694
vn 0.9659131 0 0.2588666
vn 0.6869928 -0.7029516 0.1841193
vn 0.9638752 -0.06493607 0.2583174
vn 0.5029112 -0.70296 0.5029191
vn 0.7071071 0 0.7071065
vn 0.705617 -0.06493368 0.7056121
vn 0.258855 0 0.9659162
vn 0.2583095 -0.06493082 0.9638777
vn 0.4988919 -0.06496198 -0.8642261
vn 0.8660269 0 -0.4999975
vn 0.4999474 0 -0.8660558
vn 0.8642373 -0.06509604 -0.4988552
vn 0.999929 0 -0.01192672
vn 0.6152177 -0.7043424 -0.3541312
vn 0.355573 -0.7029851 -0.6159381
vn 0.6954172 -0.7185609 -0.008079128
vn 0.9977556 -0.06590042 -0.0118772
vn 0.6954051 -0.7185726 0.008079639
vn 0.9977552 -0.06590582 0.01187676
vn 0.999929 0 0.01192673
vn 0.6152225 -0.7043144 0.3541785
vn 0.8660291 0 0.4999937
vn 0.864242 -0.06508154 0.4988489
vn 0.3555788 -0.702948 0.6159772
vn 0.49996 0 0.8660485
vn 0.4989082 -0.06493784 0.8642185
vn -0.4988963 -0.06495278 -0.8642243
vn 0 0 -1
vn -0.4999559 0 -0.8660508
vn 2.551558E-07 -0.06496082 -0.9978878
vn 0.4999474 0 -0.8660558
vn 0.4988919 -0.06496198 -0.8642261
vn 0.355573 -0.7029851 -0.6159381
vn 6.448813E-07 -0.7029781 -0.7112115
vn -0.355591 -0.7029632 -0.6159527
vn -0.4989121 -0.06492935 0.8642169
vn -0.8660183 0 0.5000125
vn -0.4999686 0 0.8660436
vn -0.8642308 -0.06507128 0.4988694
vn -0.9999288 0 0.01192895
vn -0.6152407 -0.704301 0.3541737
vn -0.3555933 -0.7029381 0.61598
vn -0.6954088 -0.718569 0.008079499
vn -0.9977551 -0.06590661 0.01187901
vn -0.6954187 -0.7185595 -0.008079674
vn -0.9977552 -0.06590448 -0.01187911
vn -0.9999288 0 -0.01192894
vn -0.615233 -0.7043187 -0.3541521
vn -0.866016 0 -0.5000162
vn -0.8642261 -0.06508528 -0.498876
vn -0.355591 -0.7029632 -0.6159527
vn -0.4999559 0 -0.8660508
vn -0.4988963 -0.06495278 -0.8642243
vn 0.4989082 -0.06493784 0.8642185
vn 0 0 1
vn 0.49996 0 0.8660485
vn 0 -0.0649343 0.9978896
vn -0.4999686 0 0.8660436
vn -0.4989121 -0.06492935 0.8642169
vn -0.3555933 -0.7029381 0.61598
vn -5.502096E-07 -0.7029637 0.7112258
vn 0.3555788 -0.702948 0.6159772
vn -1 0 1.783766E-07
vn -1 0 0
vn -1 0 1.783766E-07
vn -1 0 0
vn -1 0 0
vn -1 0 0
vn -1 0 0
vn -1 0 0
vn -1 -2.654106E-07 0
vn -1 -2.139495E-07 0
vn -1 -6.258365E-07 0
vn -1 -6.258365E-07 0
vn 1 0 0
vn 1 0 0
vn 1 0 0
vn 1 0 0
vn 1 0 0
vn 1 0 5.306705E-07
vn 1 0 -4.483507E-07
vn 1 0 -4.483507E-07
vn -0.03651907 -0.2631699 0.9640581
vn -0.03651907 -0.2631699 0.9640581
vn -0.03651906 -0.2631699 0.9640581
vn -0.03651907 -0.2631699 0.9640581
vn 0 0 -1
vn 0 0 -1
vn 0 0 -1
vn 0 0 -1
vn -1 0 2.302054E-07
vn -1 0 2.302054E-07
vn -1 0 2.302054E-07
vn -1 0 2.302054E-07
vn 0 1 0
vn 0 1 0
vn 0 1 0
vn 0 1 0
vn 0 1 0
vn 0 1 0
vn 0 1 0
vn 0 1 0
vn 0 1 0
vn 0 -1 1.264668E-07
vn 0 -1 1.264666E-07
vn 0 -1 1.264666E-07
vn 0 -1 1.264668E-07
vn 0 -1 1.26467E-07
vn 0 -1 1.26467E-07
vn 0 1 0
vn 0 1 2.817901E-07
vn 0 1 2.8179E-07
vn 1.141359E-07 1 0
vn 0 1 0
vn 0 1 0
vn 0 1 0
vn 0 1 0
vn 1.896205E-07 1 0
vn 0 1 -4.579091E-07
vn 0 1 -4.579092E-07
vn 1.366859E-07 1 0
vn 0 1 1.003479E-07
vn 0 1 1.003479E-07
vn 0 0 1
vn 0 0 1
vn 0 0 1
vn 0 0 1
vn 0 0 1
vn 0 0 1
vn 0 -1 0
vn 0 -1 0
vn 0 -1 0
vn 0 -1 0
vn 0 -1 0
vn 0 -1 0
vn 0.002699007 0.1110975 0.9938059
vn 0.002320566 0.8218999 0.5696272
vn 0 0.6937557 0.7202104
vn 0 0.0857822 0.9963139
vn 0.002900832 0.08837648 0.9960829
vn 0.7019949 0.1178369 0.7023657
vn 0.7056936 0.06307404 0.7057041
vn 0.002109773 0.707122 0.7070884
vn 0.5773473 0.5773697 0.5773339
vn 0 0.08856925 0.99607
vn 0 0.7071236 0.7070898
vn -0.002109786 0.7071221 0.7070882
vn -0.002699084 0.1110992 0.9938056
vn -0.002320568 0.821909 0.5696141
vn -0.002900838 0.08837595 0.9960829
vn -0.7019932 0.1178377 0.7023673
vn -0.7056951 0.06307432 0.7057025
vn -0.5773466 0.5773731 0.5773311
vn 0.003050379 0.0927681 -0.9956831
vn 0.7555534 0.08939175 -0.6489595
vn 0.7207983 0.07050727 -0.6895496
vn 0.002738009 0.09159903 -0.9957922
vn 0 0.08063675 -0.9967436
vn 0.002317429 0.7535579 -0.6573775
vn 0 0.6194293 -0.7850524
vn -0.002317401 0.7535617 -0.6573731
vn -0.003050408 0.09276886 -0.995683
vn 0.002101453 0.7071198 -0.7070907
vn 0.5763195 0.5778845 -0.5778455
vn 0 0.7071213 -0.7070922
vn 0 0.09237978 -0.9957238
vn -0.002737949 0.09159757 -0.9957923
vn -0.002101464 0.7071156 -0.7070948
vn -0.7207973 0.07050924 -0.6895504
vn -0.7555512 0.08939053 -0.648962
vn -0.5763206 0.5778793 -0.5778495
vn 0.002320566 0.8218999 0.5696272
vn 0.002699007 0.1110975 0.9938059
vn 0.7019949 0.1178369 0.7023657
vn 0.4059808 0.8189936 0.4054987
vn 0.4995995 0.8662547 0.001742724
vn 0.04715136 0.998654 0.02160859
vn 0 0.9989094 0.04669171
vn 0 0.6937557 0.7202104
vn 0.5225428 0.8526118 -0.001459591
vn -0.002320568 0.821909 0.5696141
vn 0.06865777 0.9960566 -0.05619158
vn 0.002317429 0.7535579 -0.6573775
vn 0.3665808 0.8549338 -0.3670241
vn 0 0.6194293 -0.7850524
vn 0.02375652 0.9992375 0.03098211
vn 0.07687177 0.9968959 -0.01701167
vn 0 0.9729134 -0.2311702
vn 0 0.9701983 -0.2423124
vn -0.06865779 0.9960566 -0.05619152
vn -0.002317401 0.7535617 -0.6573731
vn -0.5225455 0.8526101 -0.001459664
vn -0.3665746 0.8549339 -0.3670301
vn -0.04715139 0.998654 0.02160876
vn -0.4996024 0.866253 0.0017428
vn -0.07687175 0.9968959 -0.01701169
vn -0.4059769 0.8189888 0.4055122
vn -0.7019932 0.1178377 0.7023673
vn -0.002699084 0.1110992 0.9938056
vn -0.02375651 0.9992375 0.03098236
vn 0 0.9989721 0.0453295
vn 0 0.9997466 0.02250818
vn -0.01352697 0.9998862 0.00668226
vn 0 0.9999963 0.002734268
vn 0.01352687 0.9998862 0.006682671
vn -0.01500089 0.9997922 -0.01380415
vn 0.01500084 0.9997922 -0.01380385
vn 0.0007451046 0.9999996 0.0003588315
vn 0 0.997016 -0.07719693
vn -0.0007450937 0.9999996 0.000359136
vn 0.0003278009 0.9999999 -0.0004591431
vn -0.0003277972 0.9999999 -0.000459463
vn 0 0.9999989 -0.001516252
vn 0 0.9999794 0.006433171
vn -0.01438777 0.9998591 0.008650766
vn 0.01438766 0.9998591 0.008650713
vn -0.03220617 0.9993462 -0.01643016
vn 0.03220583 0.9993462 -0.01642998
vn 0 0.9997805 -0.02095305
vn 0 0.9698893 -0.2435462
vn -0.2007262 0.9749073 -0.09625406
vn 0.2007271 0.9749072 -0.09625407
vn -0.1982961 0.9710888 0.1329107
vn 0.1982974 0.9710885 0.132911
vn 0 0.8836818 -0.4680882
vn 0 0.9504493 0.3108794
vn -0.310386 0.9377048 -0.1561092
vn 0.3103858 0.9377049 -0.1561093
vn -0.3346812 0.9225457 0.1920882
vn 0 0.8783187 -0.4780758
vn -0.327732 0.9343771 -0.1397541
vn -0.3863173 0.9165437 0.1034721
vn 0.3277316 0.9343773 -0.1397541
vn 0 0.7512939 0.6599677
vn 0.3346809 0.9225457 0.1920885
vn 0.3863169 0.916544 0.103472
vn 0 0.7674034 0.6411646
vn 0.7019949 0.1178369 0.7023657
vn 0.4995995 0.8662547 0.001742724
vn 0.4059808 0.8189936 0.4054987
vn 0.9917212 0.1283948 0.001989849
vn 0.7056936 0.06307404 0.7057041
vn 0.9927124 0.1204928 -0.00192012
vn 0.5225428 0.8526118 -0.001459591
vn 0.7555534 0.08939175 -0.6489595
vn 0.3665808 0.8549338 -0.3670241
vn 0.002317429 0.7535579 -0.6573775
vn 0.003050379 0.0927681 -0.9956831
vn 0.9961655 0.08746503 -0.00203083
vn 0.7207983 0.07050727 -0.6895496
vn 0.9961821 0.08727349 0.002100309
vn 0.7070848 0.707127 -0.001553396
vn 0.5763195 0.5778845 -0.5778455
vn 0.7070845 0.7071272 0.001547025
vn 0.5773473 0.5773697 0.5773339
vn 0.002109773 0.707122 0.7070884
vn 0.7070845 0.7071272 0.001547025
vn 0.5773473 0.5773697 0.5773339
vn 0.003143801 0.9999925 0.00230508
vn 0 0.7071236 0.7070898
vn 0.003145513 0.9999925 -0.002301069
vn 0 0.9999974 -0.00231135
vn 0.7070848 0.707127 -0.001553396
vn 0.002101453 0.7071198 -0.7070907
vn 0.5763195 0.5778845 -0.5778455
vn 0 0.7071213 -0.7070922
vn -0.002101464 0.7071156 -0.7070948
vn 0 0.9999974 0.002311063
vn -0.003143788 0.9999925 0.002304923
vn -0.002109786 0.7071221 0.7070882
vn -0.0031455 0.9999925 -0.002300656
vn -0.7070876 0.7071243 0.001547045
vn -0.5773466 0.5773731 0.5773311
vn -0.7070879 0.7071239 -0.001553431
vn -0.5763206 0.5778793 -0.5778495
vn -0.4988494 0.06509499 0.8642407
vn -0.008404089 0 0.9999647
vn -0.4999873 0 0.8660328
vn -0.008368534 0.06589441 0.9977915
vn -0.005689939 0.7185727 0.6954286
vn -0.354136 0.7043295 0.6152297
vn 0.005689457 0.7185872 0.6954136
vn 0.008368541 0.06589431 0.9977915
vn 0.008404101 0 0.9999647
vn 0.3541558 0.7043106 0.61524
vn 0.4999923 0 0.8660298
vn 0.4988492 0.06508103 0.8642418
vn -0.4988629 0.06508297 -0.8642339
vn -0.8660476 0 -0.4999616
vn -0.5000004 0 -0.8660251
vn -0.8642193 0.06495659 -0.4989044
vn -1 0 0
vn -0.6159325 0.7029895 -0.3555743
vn -0.354156 0.70432 -0.6152291
vn -0.7111763 0.7030137 1.38781E-06
vn -0.9978876 0.06496455 -1.269273E-07
vn -0.8660528 0 0.4999527
vn -0.6159408 0.7029856 0.3555675
vn -0.8642235 0.06496571 0.4988959
vn -0.4999873 0 0.8660328
vn -0.354136 0.7043295 0.6152297
vn -0.4988494 0.06509499 0.8642407
vn 0.4988647 0.06507641 -0.8642332
vn 0.00840539 0 -0.9999647
vn 0.5000056 0 -0.8660222
vn 0.00836992 0.06588599 -0.9977921
vn 0.005690206 0.7185744 -0.6954268
vn 0.3541825 0.7043099 -0.6152255
vn -0.005690516 0.7185658 -0.6954356
vn -0.008369916 0.06588598 -0.9977921
vn -0.008405379 0 -0.9999647
vn -0.354156 0.70432 -0.6152291
vn -0.5000004 0 -0.8660251
vn -0.4988629 0.06508297 -0.8642339
vn 0.4988492 0.06508103 0.8642418
vn 0.8660489 0 0.4999592
vn 0.4999923 0 0.8660298
vn 0.864219 0.06493944 0.4989072
vn 1 0 0
vn 0.6159748 0.7029503 0.3555785
vn 0.3541558 0.7043106 0.61524
vn 0.7112293 0.7029601 -4.950846E-06
vn 0.9978895 0.06493638 -1.68296E-06
vn 0.8660437 0 -0.4999681
vn 0.6159757 0.7029433 -0.3555906
vn 0.8642156 0.06493647 -0.4989135
vn 0.5000056 0 -0.8660222
vn 0.3541825 0.7043099 -0.6152255
vn 0.4988647 0.06507641 -0.8642332
vn -0.4988489 0.06509708 0.8642408
vn -0.008404276 0 0.9999647
vn -0.499992 0 0.86603
vn -0.008368775 0.06590196 0.9977911
vn -0.005689535 0.7185923 0.6954082
vn -0.354146 0.704331 0.6152222
vn 0.005689599 0.7186048 0.6953954
vn 0.008368743 0.06590366 0.9977909
vn 0.008404285 0 0.9999647
vn 0.3541591 0.704309 0.61524
vn 0.4999945 0 0.8660287
vn 0.4988508 0.06508497 0.8642407
vn -0.4988736 0.06507283 -0.8642284
vn -0.8660469 0 -0.4999628
vn -0.5000122 0 -0.8660184
vn -0.8642197 0.06494343 -0.4989055
vn -1 0 -5.872682E-06
vn -0.615963 0.7029562 -0.3555874
vn -0.35417 0.7042944 -0.6152503
vn -0.7111911 0.7029988 4.461304E-06
vn -0.9978878 0.06496111 -5.254182E-06
vn -0.8660528 0 0.4999527
vn -0.6159426 0.7029829 0.3555697
vn -0.8642234 0.0649663 0.4988961
vn -0.499992 0 0.86603
vn -0.354146 0.704331 0.6152222
vn -0.4988489 0.06509708 0.8642408
vn 0.49887 0.06506959 -0.8642308
vn 0.008405943 0 -0.9999647
vn 0.5000097 0 -0.8660198
vn 0.008370368 0.06589357 -0.9977915
vn 0.005689947 0.7185695 -0.6954318
vn 0.3541803 0.7042975 -0.6152407
vn -0.005690037 0.7185674 -0.695434
vn -0.008370367 0.06589362 -0.9977915
vn -0.008405934 0 -0.9999647
vn -0.35417 0.7042944 -0.6152503
vn -0.5000122 0 -0.8660184
vn -0.4988736 0.06507283 -0.8642284
vn 0.4988508 0.06508497 0.8642407
vn 0.8660489 0 0.4999592
vn 0.4999945 0 0.8660287
vn 0.8642194 0.06493955 0.4989066
vn 1 0 2.936341E-06
vn 0.6159748 0.7029459 0.3555869
vn 0.3541591 0.704309 0.61524
vn 0.7112234 0.7029661 2.153683E-06
vn 0.9978892 0.06493904 3.105806E-06
vn 0.8660418 0 -0.4999717
vn 0.6159785 0.7029434 -0.3555855
vn 0.8642158 0.06493413 -0.4989136
vn 0.5000097 0 -0.8660198
vn 0.3541803 0.7042975 -0.6152407
vn 0.49887 0.06506959 -0.8642308
vn -0.49885 0.06508822 0.8642408
vn -0.008404092 0 0.9999647
vn -0.4999902 0 0.8660311
vn -0.008368738 0.06588983 0.9977919
vn -0.005689462 0.7185717 0.6954296
vn -0.3541382 0.7043247 0.6152341
vn 0.005689995 0.7185941 0.6954064
vn 0.008368486 0.06589565 0.9977914
vn 0.008404098 0 0.9999647
vn 0.3541587 0.7043066 0.6152428
vn 0.4999877 0 0.8660326
vn 0.4988445 0.06508046 0.8642446
vn -0.4988692 0.06508356 -0.8642301
vn -0.8660514 0 -0.499955
vn -0.5000091 0 -0.8660201
vn -0.8642238 0.06495171 -0.4988973
vn -1 0 -2.921732E-06
vn -0.6159537 0.7029645 -0.3555866
vn -0.3541566 0.7043114 -0.6152388
vn -0.7112049 0.7029849 -7.077594E-06
vn -0.9978881 0.06495582 -3.787461E-06
vn -0.8660566 0 0.499946
vn -0.6159536 0.7029768 0.3555626
vn -0.8642274 0.06495275 0.4988908
vn -0.4999902 0 0.8660311
vn -0.3541382 0.7043247 0.6152341
vn -0.49885 0.06508822 0.8642408
vn 0.4988629 0.06507163 -0.8642346
vn 0.008405204 0 -0.9999647
vn 0.5000078 0 -0.866021
vn 0.008369597 0.06589261 -0.9977916
vn 0.00569055 0.718568 -0.6954334
vn 0.3541701 0.7042854 -0.6152605
vn -0.00568957 0.7185521 -0.6954499
vn -0.008369956 0.06588523 -0.9977921
vn -0.008405197 0 -0.9999647
vn -0.3541566 0.7043114 -0.6152388
vn -0.5000091 0 -0.8660201
vn -0.4988692 0.06508356 -0.8642301
vn 0.4988445 0.06508046 0.8642446
vn 0.8660502 0 0.4999571
vn 0.4999877 0 0.8660326
vn 0.8642214 0.06493942 0.4989032
vn 1 0 -2.936341E-06
vn 0.6159728 0.7029534 0.3555758
vn 0.3541587 0.7043066 0.6152428
vn 0.7112307 0.7029586 -3.972399E-06
vn 0.9978896 0.06493407 -2.985149E-06
vn 0.8660464 0 -0.4999638
vn 0.6159762 0.7029349 -0.3556065
vn 0.8642189 0.06493121 -0.4989085
vn 0.5000078 0 -0.866021
vn 0.3541701 0.7042854 -0.6152605
vn 0.4988629 0.06507163 -0.8642346
vn 0.7015005 -0.7124887 -0.01602742
vn 0.7014929 -0.01664304 -0.7124822
vn 0.5704326 -0.580777 -0.5807794
vn 0.999446 -0.02397591 -0.02308473
vn 0.7015003 -0.7124888 0.01602734
vn 0.999446 0.02397592 -0.02308474
vn 0.701493 0.01664303 -0.712482
vn 0.999446 -0.02397591 0.02308472
vn 0.7014999 0.7124894 -0.01602747
vn 0.5704324 0.5807774 -0.5807794
vn 0.999446 0.02397592 0.02308474
vn 0.7014996 0.7124895 0.01602741
vn 0.7014927 0.01664307 0.7124823
vn 0.570433 0.5807782 0.5807778
vn 0.7014927 -0.01664307 0.7124823
vn 0.5704335 -0.5807771 0.5807785
vn 0.7014929 -0.01664304 -0.7124822
vn 0.347279 -0.6630974 -0.6630983
vn 0.5704326 -0.580777 -0.5807794
vn 0.3738681 -0.01509249 -0.9273592
vn 0.701493 0.01664303 -0.712482
vn 0.3738682 0.01509245 -0.927359
vn 0.3472788 0.6630973 -0.6630983
vn 0.5704324 0.5807774 -0.5807794
vn 0.347279 -0.6630974 -0.6630983
vn 0.7015005 -0.7124887 -0.01602742
vn 0.5704326 -0.580777 -0.5807794
vn 0.3739313 -0.9273424 -0.01453436
vn 0.3739314 -0.9273424 0.01453437
vn 0.7015003 -0.7124888 0.01602734
vn 0.3472796 -0.6630966 0.6630986
vn 0.5704335 -0.5807771 0.5807785
vn 0.3472796 -0.6630966 0.6630986
vn 0.7014927 -0.01664307 0.7124823
vn 0.5704335 -0.5807771 0.5807785
vn 0.3738661 -0.01509256 0.9273599
vn 0.3738662 0.01509256 0.9273599
vn 0.7014927 0.01664307 0.7124823
vn 0.347279 0.6630974 0.663098
vn 0.570433 0.5807782 0.5807778
vn 0.347279 0.6630974 0.663098
vn 0.7014996 0.7124895 0.01602741
vn 0.570433 0.5807782 0.5807778
vn 0.3739313 0.9273425 0.01453437
vn 0.7014999 0.7124894 -0.01602747
vn 0.3739313 0.9273425 -0.01453431
vn 0.3472788 0.6630973 -0.6630983
vn 0.5704324 0.5807774 -0.5807794
vn 0.7014962 -0.712493 -0.01602746
vn 0.701496 -0.01664298 -0.7124791
vn 0.5704328 -0.5807814 -0.5807747
vn 0.999446 -0.02397592 -0.02308475
vn 0.7014965 -0.7124926 0.01602704
vn 0.999446 0.02397593 -0.02308475
vn 0.7014961 0.01664298 -0.712479
vn 0.999446 -0.02397593 0.02308474
vn 0.7015003 0.7124888 -0.01602747
vn 0.5704319 0.5807785 -0.5807786
vn 0.999446 0.02397593 0.02308475
vn 0.7015007 0.7124885 0.01602746
vn 0.7014928 0.01664317 0.7124822
vn 0.5704321 0.5807798 0.580777
vn 0.7014929 -0.01664315 0.7124821
vn 0.5704331 -0.5807785 0.5807774
vn 0.701496 -0.01664298 -0.7124791
vn 0.347278 -0.6631086 -0.6630874
vn 0.5704328 -0.5807814 -0.5807747
vn 0.3738735 -0.01509237 -0.9273569
vn 0.7014961 0.01664298 -0.712479
vn 0.3738735 0.01509238 -0.9273569
vn 0.3472773 0.6631008 -0.6630957
vn 0.5704319 0.5807785 -0.5807786
vn 0.347278 -0.6631086 -0.6630874
vn 0.7014962 -0.712493 -0.01602746
vn 0.5704328 -0.5807814 -0.5807747
vn 0.373926 -0.9273447 -0.01453428
vn 0.3739263 -0.9273446 0.01453369
vn 0.7014965 -0.7124926 0.01602704
vn 0.347278 -0.6630978 0.6630983
vn 0.5704331 -0.5807785 0.5807774
vn 0.347278 -0.6630978 0.6630983
vn 0.7014929 -0.01664315 0.7124821
vn 0.5704331 -0.5807785 0.5807774
vn 0.3738643 -0.01509278 0.9273606
vn 0.3738642 0.01509278 0.9273606
vn 0.7014928 0.01664317 0.7124822
vn 0.347277 0.6630988 0.6630979
vn 0.5704321 0.5807798 0.580777
vn 0.347277 0.6630988 0.6630979
vn 0.7015007 0.7124885 0.01602746
vn 0.5704321 0.5807798 0.580777
vn 0.3739327 0.9273419 0.01453438
vn 0.3739326 0.9273419 -0.01453447
vn 0.7015003 0.7124888 -0.01602747
vn 0.3472773 0.6631008 -0.6630957
vn 0.5704319 0.5807785 -0.5807786
vn 0.09662143 -0.7038017 -0.7037951
vn 0 -0.004130625 -0.9999915
vn 0 -0.7071097 -0.7071038
vn 0.1311975 -0.003644492 -0.9913495
vn 0.7071074 -0.002768228 -0.7071008
vn 0.5773507 -0.5773531 -0.5773469
vn 0.7071074 0.002768216 -0.7071007
vn 0.1311975 0.003644491 -0.9913495
vn 0 0.004130625 -0.9999915
vn 0 0.7071097 -0.7071038
vn 0.09662529 0.7038033 -0.703793
vn 0.5773543 0.5773525 -0.5773441
vn 0.09662125 -0.7038041 0.7037926
vn 0 -0.999956 0.009383027
vn 0 -0.7071118 0.7071017
vn 0.1307584 -0.9913796 0.008287908
vn 0.7070904 -0.707095 0.006309893
vn 0.5773534 -0.5773531 0.5773442
vn 0.7070904 -0.707095 -0.006310034
vn 0.1307584 -0.9913796 -0.008287783
vn 0 -0.999956 -0.009382664
vn 0 -0.7071097 -0.7071038
vn 0.09662143 -0.7038017 -0.7037951
vn 0.5773507 -0.5773531 -0.5773469
vn 0.09662363 0.7037991 0.7037973
vn 0 0.004130582 0.9999915
vn 0 0.7071054 0.7071081
vn 0.131196 0.003644472 0.9913497
vn 0.7071075 0.002768192 0.7071006
vn 0.5773553 0.5773481 0.5773475
vn 0.7071075 -0.002768195 0.7071006
vn 0.131196 -0.003644475 0.9913497
vn 0 -0.004130582 0.9999915
vn 0 -0.7071118 0.7071017
vn 0.09662125 -0.7038041 0.7037926
vn 0.5773534 -0.5773531 0.5773442
vn 0.09662529 0.7038033 -0.703793
vn 0 0.999956 -0.009383729
vn 0 0.7071097 -0.7071038
vn 0.1307712 0.9913779 -0.008288532
vn 0.7070972 0.7070882 -0.006310104
vn 0.5773543 0.5773525 -0.5773441
vn 0.7070972 0.7070882 0.006310207
vn 0.1307712 0.9913779 0.008288151
vn 0 0.999956 0.009383139
vn 0 0.7071054 0.7071081
vn 0.09662363 0.7037991 0.7037973
vn 0.5773553 0.5773481 0.5773475
vn 0.09662051 -0.7038028 -0.7037941
vn -2.565073E-06 -0.005568857 -0.9999845
vn -1.467647E-06 -0.7071123 -0.7071012
vn 0.1310793 -0.004914947 -0.9913597
vn 0.7071015 -0.003735583 -0.7071021
vn 0.5773476 -0.5773529 -0.5773504
vn 0.7071015 0.003735552 -0.7071022
vn 0.1310793 0.004914937 -0.9913597
vn -2.584805E-06 0.005568859 -0.9999845
vn -2.201453E-06 0.7071064 -0.7071071
vn 0.09662406 0.7037995 -0.7037968
vn 0.5773511 0.5773492 -0.5773506
vn 0.0966213 -0.7038058 0.7037908
vn 0 -0.999956 0.009382172
vn 0 -0.7071152 0.7070983
vn 0.1307546 -0.9913802 0.008287357
vn 0.7070853 -0.7071 0.006309757
vn 0.5773528 -0.5773553 0.5773427
vn 0.7070858 -0.7070995 -0.006309849
vn 0.1307548 -0.99138 -0.008287312
vn 0 -0.999956 -0.009382212
vn -1.467647E-06 -0.7071123 -0.7071012
vn 0.09662051 -0.7038028 -0.7037941
vn 0.5773476 -0.5773529 -0.5773504
vn 0.09662579 0.7038021 0.703794
vn 0 0.005568875 0.9999845
vn 0 0.7071093 0.7071042
vn 0.1310789 0.004914968 0.9913598
vn 0.7071053 0.00373558 0.7070984
vn 0.5773554 0.5773498 0.5773456
vn 0.7071053 -0.003735584 0.7070984
vn 0.1310788 -0.004914967 0.9913598
vn 0 -0.005568873 0.9999845
vn 0 -0.7071152 0.7070983
vn 0.0966213 -0.7038058 0.7037908
vn 0.5773528 -0.5773553 0.5773427
vn 0.09662406 0.7037995 -0.7037968
vn 0 0.999956 -0.009383275
vn -2.201453E-06 0.7071064 -0.7071071
vn 0.1307714 0.9913779 -0.008288135
vn 0.7070955 0.7070898 -0.006310104
vn 0.5773511 0.5773492 -0.5773506
vn 0.707095 0.7070904 0.006310082
vn 0.1307712 0.9913779 0.008288174
vn 0 0.999956 0.009383235
vn 0 0.7071093 0.7071042
vn 0.09662579 0.7038021 0.703794
vn 0.5773554 0.5773498 0.5773456
vn 0.09662157 -0.7037989 0.7037978
vn 0 -0.999956 0.009382434
vn 0 -0.7071079 0.7071056
vn 0.1307589 -0.9913796 0.008287435
vn 0 -0.999956 -0.009382434
vn 0.7070915 -0.7070938 0.006309675
vn 0.5773467 -0.5773504 0.5773536
vn 0.7070916 -0.7070938 -0.006309692
vn 0.1307589 -0.9913796 -0.008287426
vn 2.201461E-06 -0.7071041 -0.7071093
vn 0.09662004 -0.7037978 -0.7037992
vn 0.5773458 -0.5773458 -0.5773591
vn 0.09662004 -0.7037978 -0.7037992
vn 3.775949E-06 -0.004130621 -0.9999915
vn 2.201461E-06 -0.7071041 -0.7071093
vn 0.1311972 -0.00364446 -0.9913496
vn 3.775949E-06 0.004130621 -0.9999915
vn 0.7071005 -0.002768182 -0.7071076
vn 0.5773458 -0.5773458 -0.5773591
vn 0.7071005 0.002768173 -0.7071075
vn 0.1311972 0.00364446 -0.9913496
vn 2.201461E-06 0.7071041 -0.7071093
vn 0.09662392 0.7037994 -0.703797
vn 0.5773491 0.5773453 -0.5773565
vn 0.09662392 0.7037994 -0.703797
vn 0 0.999956 -0.009382702
vn 2.201461E-06 0.7071041 -0.7071093
vn 0.1307717 0.9913778 -0.008287646
vn 0 0.999956 0.009382699
vn 0.7070984 0.707087 -0.006309777
vn 0.5773491 0.5773453 -0.5773565
vn 0.7070983 0.7070871 0.006309753
vn 0.1307716 0.9913778 0.008287637
vn 0 0.7071078 0.7071056
vn 0.09662504 0.7038006 0.7037956
vn 0.5773512 0.5773494 0.5773503
vn 0.09662504 0.7038006 0.7037956
vn 3.746678E-06 0.00413068 0.9999915
vn 0 0.7071078 0.7071056
vn 0.1312022 0.003644511 0.9913489
vn 3.746678E-06 -0.00413068 0.9999915
vn 0.7071035 0.002768184 0.7071046
vn 0.5773512 0.5773494 0.5773503
vn 0.7071035 -0.002768188 0.7071046
vn 0.1312022 -0.003644513 0.9913489
vn 0 -0.7071079 0.7071056
vn 0.09662157 -0.7037989 0.7037978
vn 0.5773467 -0.5773504 0.5773536
vn 0.09662186 -0.7038005 0.7037961
vn 0 -0.9999963 0.002742013
vn 0 -0.7071084 0.7071052
vn 0.1313118 -0.9913381 0.00241854
vn 0.7071037 -0.7071074 0.001835924
vn 0.5773547 -0.5773497 0.5773464
vn 0.7071031 -0.707108 -0.001835941
vn 0.1313116 -0.9913383 -0.002418659
vn 0 -0.9999963 -0.002742095
vn -7.338127E-07 -0.7071072 -0.7071064
vn 0.09662236 -0.7037985 -0.703798
vn 0.5773557 -0.5773514 -0.5773436
vn 0.09662218 0.703803 0.7037936
vn 0 0.03447887 0.9994054
vn 0 0.7071109 0.7071025
vn 0.1286292 0.03062232 0.9912199
vn 0.7069131 0.02358172 0.7069072
vn 0.5773547 0.5773512 0.577345
vn 0.7069131 -0.0235818 0.7069072
vn 0.1286291 -0.03062231 0.9912199
vn 0 -0.03447884 0.9994054
vn 0 -0.7071084 0.7071052
vn 0.09662186 -0.7038005 0.7037961
vn 0.5773547 -0.5773497 0.5773464
vn 0.09662257 0.7038007 -0.7037958
vn 0 0.9999963 -0.002742018
vn -7.338156E-07 0.70711 -0.7071034
vn 0.1313116 0.9913383 -0.002418604
vn 0.7071031 0.707108 -0.001835936
vn 0.5773557 0.5773516 -0.5773436
vn 0.7071037 0.7071074 0.001835947
vn 0.1313118 0.9913381 0.002418563
vn 0 0.9999963 0.00274202
vn 0 0.7071109 0.7071025
vn 0.09662218 0.703803 0.7037936
vn 0.5773547 0.5773512 0.577345
vn 0.09662236 -0.7037985 -0.703798
vn 0 -0.0344787 -0.9994054
vn -7.338127E-07 -0.7071072 -0.7071064
vn 0.1286305 -0.03062204 -0.9912197
vn 0.706914 -0.02358166 -0.7069062
vn 0.5773557 -0.5773514 -0.5773436
vn 0.7069142 0.02358167 -0.706906
vn 0.1286305 0.03062204 -0.9912197
vn 0 0.0344787 -0.9994054
vn -7.338156E-07 0.70711 -0.7071034
vn 0.09662257 0.7038007 -0.7037958
vn 0.5773557 0.5773516 -0.5773436
vn 0.7070904 -0.707095 -0.006310034
vn 0.7071074 -0.002768228 -0.7071008
vn 0.5773507 -0.5773531 -0.5773469
vn 0.9999479 -0.004098391 -0.009351129
vn 0.7070904 -0.707095 0.006309893
vn 0.9999479 0.004098392 -0.009351129
vn 0.7071074 0.002768216 -0.7071007
vn 0.9999479 -0.00409839 0.009351283
vn 0.7070972 0.7070882 -0.006310104
vn 0.5773543 0.5773525 -0.5773441
vn 0.9999479 0.00409839 0.009351284
vn 0.7070972 0.7070882 0.006310207
vn 0.7071075 0.002768192 0.7071006
vn 0.5773553 0.5773481 0.5773475
vn 0.7071075 -0.002768195 0.7071006
vn 0.5773534 -0.5773531 0.5773442
vn 0.7070858 -0.7070995 -0.006309849
vn 0.7071015 -0.003735583 -0.7071021
vn 0.5773476 -0.5773529 -0.5773504
vn 0.9999411 -0.00552551 -0.009339994
vn 0.7070853 -0.7071 0.006309757
vn 0.9999411 0.005525512 -0.009339996
vn 0.7071015 0.003735552 -0.7071022
vn 0.9999411 -0.005525509 0.009339985
vn 0.7070955 0.7070898 -0.006310104
vn 0.5773511 0.5773492 -0.5773506
vn 0.9999411 0.005525512 0.009339992
vn 0.707095 0.7070904 0.006310082
vn 0.7071053 0.00373558 0.7070984
vn 0.5773554 0.5773498 0.5773456
vn 0.7071053 -0.003735584 0.7070984
vn 0.5773528 -0.5773553 0.5773427
vn 0.7071035 -0.002768188 0.7071046
vn 0.7070915 -0.7070938 0.006309675
vn 0.5773467 -0.5773504 0.5773536
vn 0.9999479 -0.004098335 0.009350595
vn 0.7071035 0.002768184 0.7071046
vn 0.9999479 -0.004098335 -0.009350593
vn 0.7070916 -0.7070938 -0.006309692
vn 0.9999479 0.004098336 0.009350596
vn 0.7071005 -0.002768182 -0.7071076
vn 0.5773458 -0.5773458 -0.5773591
vn 0.9999479 0.004098336 -0.009350595
vn 0.7071005 0.002768173 -0.7071075
vn 0.7070984 0.707087 -0.006309777
vn 0.5773491 0.5773453 -0.5773565
vn 0.7070983 0.7070871 0.006309753
vn 0.5773512 0.5773494 0.5773503
vn 0.7069131 -0.0235818 0.7069072
vn 0.7071037 -0.7071074 0.001835924
vn 0.5773547 -0.5773497 0.5773464
vn 0.9994044 -0.03440586 0.002661941
vn 0.7069131 0.02358172 0.7069072
vn 0.9994044 -0.03440586 -0.0026619
vn 0.7071031 -0.707108 -0.001835941
vn 0.9994044 0.03440586 0.00266194
vn 0.706914 -0.02358166 -0.7069062
vn 0.5773557 -0.5773514 -0.5773436
vn 0.9994044 0.03440586 -0.0026619
vn 0.7069142 0.02358167 -0.706906
vn 0.7071031 0.707108 -0.001835936
vn 0.5773557 0.5773516 -0.5773436
vn 0.7071037 0.7071074 0.001835947
vn 0.5773547 0.5773512 0.577345
vn 0.1469633 -0.699429 0.699429
vn 0 -0.999988 0.004903579
vn 0 -0.707108 0.7071056
vn 0.1901221 -0.9817522 0.004039838
vn 0.7071017 -0.7071042 0.003287963
vn 0.5773488 -0.5773513 0.5773506
vn 0.7071017 -0.7071041 -0.003287971
vn 0.1901219 -0.9817522 -0.004039844
vn 0 -0.999988 -0.004903578
vn 0 -0.7071085 -0.707105
vn 0.1469632 -0.699432 -0.699426
vn 0.5773529 -0.5773537 -0.5773441
vn 0.1469637 0.6994286 0.6994293
vn 0 0.005940774 0.9999824
vn 0 0.7071058 0.7071077
vn 0.190021 0.004895937 0.9817678
vn 0.7071011 0.003986123 0.7071011
vn 0.5773507 0.5773506 0.5773496
vn 0.7071011 -0.003986123 0.7071011
vn 0.190021 -0.004895926 0.9817678
vn 0 -0.005940746 0.9999824
vn 0 -0.707108 0.7071056
vn 0.1469633 -0.699429 0.699429
vn 0.5773488 -0.5773513 0.5773506
vn 0.1469631 0.6994292 -0.6994289
vn 0 0.999988 -0.004903644
vn 0 0.7071057 -0.7071078
vn 0.1901219 0.9817522 -0.004039785
vn 0.7071035 0.7071025 -0.003287878
vn 0.5773528 0.5773513 -0.5773469
vn 0.7071034 0.7071024 0.003288032
vn 0.1901221 0.9817522 0.004039912
vn 0 0.999988 0.004903646
vn 0 0.7071058 0.7071077
vn 0.1469637 0.6994286 0.6994293
vn 0.5773507 0.5773506 0.5773496
vn 0.1469632 -0.699432 -0.699426
vn 0 -0.005940626 -0.9999824
vn 0 -0.7071085 -0.707105
vn 0.1900194 -0.004895859 -0.9817681
vn 0.7071024 -0.003986087 -0.7070999
vn 0.5773529 -0.5773537 -0.5773441
vn 0.7071024 0.003986096 -0.7070999
vn 0.1900193 0.004895866 -0.9817681
vn 0 0.005940625 -0.9999824
vn 0 0.7071057 -0.7071078
vn 0.1469631 0.6994292 -0.6994289
vn 0.5773528 0.5773513 -0.5773469
vn 0.7071011 -0.003986123 0.7071011
vn 0.7071017 -0.7071042 0.003287963
vn 0.5773488 -0.5773513 0.5773506
vn 0.9999707 -0.00591647 0.004879465
vn 0.7071011 0.003986123 0.7071011
vn 0.9999707 -0.005916457 -0.004879424
vn 0.7071017 -0.7071041 -0.003287971
vn 0.9999707 0.005916469 0.004879465
vn 0.7071024 -0.003986087 -0.7070999
vn 0.5773529 -0.5773537 -0.5773441
vn 0.9999707 0.005916457 -0.004879424
vn 0.7071024 0.003986096 -0.7070999
vn 0.7071035 0.7071025 -0.003287878
vn 0.5773528 0.5773513 -0.5773469
vn 0.7071034 0.7071024 0.003288032
vn 0.5773507 0.5773506 0.5773496
vn 0.7415491 -0.6677427 0.06499617
vn 0.9999963 -0.002707892 0
vn 0.7440687 -0.6681032 0
vn 0.9962925 -0.002489279 0.08599406
vn 0.74404 -0.00191624 0.6681324
vn 0.6200403 -0.5547756 0.5547737
vn 0.74404 0.001916239 0.6681324
vn 0.9962925 0.002489279 0.08599406
vn 0.9999963 0.002707892 0
vn 0.7440755 0.6680955 0
vn 0.7415555 0.6677356 0.06499802
vn 0.6200425 0.5547716 0.5547755
vn -0.7415487 -0.6677433 0.06499616
vn -0.02182146 -0.9997619 0
vn -0.7440681 -0.6681037 0
vn -0.02000444 -0.9953189 0.0945517
vn -0.01465889 -0.7070297 0.707032
vn -0.6200381 -0.5547749 0.554777
vn 0.01465919 -0.7070299 0.7070317
vn 0.02000444 -0.9953189 0.09455162
vn 0.02182137 -0.9997619 0
vn 0.7440687 -0.6681032 0
vn 0.7415491 -0.6677427 0.06499617
vn 0.6200403 -0.5547756 0.5547737
vn 0.7415555 0.6677356 0.06499802
vn 0.02182292 0.9997619 0
vn 0.7440755 0.6680955 0
vn 0.02000574 0.9953181 0.09456001
vn 0.01465938 0.7070194 0.7070423
vn 0.6200425 0.5547716 0.5547755
vn -0.01465908 0.7070193 0.7070423
vn -0.0200057 0.9953181 0.09456003
vn -0.02182296 0.9997619 0
vn -0.7440748 0.6680964 0
vn -0.7415547 0.6677365 0.06499702
vn -0.620041 0.554772 0.5547767
vn -0.7415547 0.6677365 0.06499702
vn -0.9999963 0.00270783 0
vn -0.7440748 0.6680964 0
vn -0.9962928 0.002489232 0.08599122
vn -0.7440373 0.001916226 0.6681353
vn -0.620041 0.554772 0.5547767
vn -0.7440373 -0.001916229 0.6681353
vn -0.9962928 -0.002489233 0.08599123
vn -0.9999963 -0.00270783 0
vn -0.7440681 -0.6681037 0
vn -0.7415487 -0.6677433 0.06499616
vn -0.6200381 -0.5547749 0.554777
vn -0.74155 -0.6677418 0.06499582
vn -0.02252228 -0.9997464 0
vn -0.7440688 -0.668103 0
vn -0.02064902 -0.99531 0.09450774
vn 0 -1 0
vn -0.01513644 -0.7070252 0.7070264
vn -0.6200417 -0.5547745 0.5547734
vn 0 -0.7071061 0.7071074
vn 0 -0.9953932 0.09587736
vn 0.020649 -0.99531 0.09450781
vn 0.02252245 -0.9997464 0
vn 0.01513646 -0.7070251 0.7070265
vn 0.7415501 -0.6677417 0.06499617
vn 0.7440703 -0.6681014 -5.261158E-07
vn 0.6200384 -0.5547741 0.5547775
vn -0.741556 0.667735 0.06499654
vn -0.9999963 0.002707881 0
vn -0.7440755 0.6680955 0
vn -0.9962927 0.002489259 0.08599297
vn -0.7440412 0.001916234 0.6681309
vn -0.6200432 0.5547703 0.554776
vn -0.7440413 -0.001916241 0.6681308
vn -0.9962927 -0.00248926 0.08599297
vn -0.9999963 -0.002707881 0
vn -0.7440688 -0.668103 0
vn -0.74155 -0.6677418 0.06499582
vn -0.6200417 -0.5547745 0.5547734
vn 0.01465919 -0.7070299 0.7070317
vn 0.74404 -0.00191624 0.6681324
vn 0.6200403 -0.5547756 0.5547737
vn 0.02176711 -0.002965044 0.9997587
vn -0.01465889 -0.7070297 0.707032
vn 0.02176711 0.002965044 0.9997587
vn 0.74404 0.001916239 0.6681324
vn -0.02176739 -0.002965043 0.9997587
vn 0.01465938 0.7070194 0.7070423
vn 0.6200425 0.5547716 0.5547755
vn -0.02176739 0.002965043 0.9997587
vn -0.01465908 0.7070193 0.7070423
vn -0.7440373 0.001916226 0.6681353
vn -0.620041 0.554772 0.5547767
vn -0.7440373 -0.001916229 0.6681353
vn -0.6200381 -0.5547749 0.554777
vn -0.7440413 -0.001916241 0.6681308
vn -0.01513644 -0.7070252 0.7070264
vn -0.6200417 -0.5547745 0.5547734
vn -0.02246656 -0.002963426 0.9997432
vn 0 -0.003015751 0.9999955
vn 0 -0.7071061 0.7071074
vn -0.7440412 0.001916234 0.6681309
vn 0.01513646 -0.7070251 0.7070265
vn -0.02246656 0.002963425 0.9997432
vn -0.01513665 0.7070157 0.7070358
vn -0.6200432 0.5547703 0.554776
vn 0 0.7070965 0.7071171
vn 0 0.00301575 0.9999955
vn 0.02246656 0.002963425 0.9997432
vn 0.01513672 0.7070158 0.707036
vn 0.02246656 -0.002963425 0.9997432
vn 0.74404 0.001916235 0.6681323
vn 0.6200423 0.5547708 0.5547765
vn 0.74404 -0.001916234 0.6681323
vn 0.6200384 -0.5547741 0.5547775
vn -0.741556 0.667735 0.06499654
vn -0.01513665 0.7070157 0.7070358
vn -0.6200432 0.5547703 0.554776
vn -0.02065033 0.9953095 0.09451263
vn 0 0.9953927 0.09588244
vn -0.7440755 0.6680955 0
vn -0.02252383 0.9997463 0
vn 0 0.7070965 0.7071171
vn 0 1 0
vn 0.02252399 0.9997463 0
vn 0.01513672 0.7070158 0.707036
vn 0.02065029 0.9953094 0.09451275
vn 0.7440769 0.6680939 -1.582573E-06
vn 0.7415562 0.6677347 0.06499661
vn 0.6200423 0.5547708 0.5547765
vn -0.7032216 -0.1050147 0.7031724
vn -0.707131 0 0.7070825
vn -0.04457866 0 0.9990059
vn -0.03926354 -0.1378345 0.9896768
vn 0.04457866 0 0.9990059
vn -0.03070067 -0.7068095 0.7067376
vn -0.5773603 -0.5773751 0.5773153
vn 0.03070056 -0.7068093 0.7067377
vn 0.03926339 -0.1378345 0.9896768
vn 0.7071396 0 0.707074
vn 0.7032279 -0.1050137 0.7031662
vn 0.5773629 -0.5773717 0.5773162
vn 0.7032279 -0.1050137 0.7031662
vn 0.7071396 0 0.707074
vn 0.9999853 0 0.005419503
vn 0.9899518 -0.1413266 0.004729347
vn 0.9999853 0 -0.005419816
vn 0.7070935 -0.7071107 0.003635231
vn 0.5773629 -0.5773717 0.5773162
vn 0.707094 -0.7071102 -0.003633621
vn 0.9899542 -0.1413091 -0.004730145
vn 0.7071363 0 -0.7070772
vn 0.7032411 -0.1050381 -0.7031494
vn 0.5773599 -0.5774292 -0.5772617
vn 0.0220919 0 -0.9997559
vn 0.7032411 -0.1050381 -0.7031494
vn 0.7071363 0 -0.7070772
vn 0.01851861 -0.1480769 -0.9888024
vn 0.01404509 -0.6963225 -0.7175916
vn 0.5773599 -0.5774292 -0.5772617
vn -0.00689237 -0.7330541 -0.6801354
vn -0.009491501 -0.1505589 -0.9885555
vn -0.01080452 -0.0001771 -0.9999416
vn -0.3847281 -0.003279538 -0.9230241
vn -0.381782 -0.1247507 -0.9157946
vn -0.3169723 -0.56707 -0.7602368
vn -0.381782 -0.1247507 -0.9157946
vn -0.3847281 -0.003279538 -0.9230241
vn -0.70365 -0.0001537318 -0.7105467
vn -0.6963004 -0.1507336 -0.7017443
vn -0.7234834 -3.333108E-05 -0.6903418
vn -0.4778435 -0.7343161 -0.4821259
vn -0.3169723 -0.56707 -0.7602368
vn -0.5169982 -0.6979368 -0.4955775
vn -0.7134418 -0.1484787 -0.6848028
vn -0.9999987 -0.0009918571 -0.001299273
vn -0.9944073 -0.1056133 -0.0002222815
vn -0.8158668 -0.5782353 0.002269734
vn -0.5104138 -0.7089701 0.4866613
vn -0.7244031 -5.318619E-05 0.6893766
vn -0.7158462 -0.1404271 0.6839916
vn -0.5205492 -0.7211872 0.457075
vn -0.7433005 -0.1446931 0.6531219
vn -0.7511535 -2.236619E-06 0.6601276
vn -0.6235575 -0.738992 0.2550818
vn -0.9255532 0 0.3786176
vn -0.9151695 -0.1493721 0.3743701
vn -0.6915112 -0.721226 0.04056264
vn -0.9983096 0 0.0581212
vn -0.9877963 -0.1447157 0.05758332
vn -0.7066332 -0.7074869 0.01148129
vn -0.989984 -0.1403912 0.01489265
vn -0.999855 0 0.01702513
vn -0.707131 0 0.7070825
vn -0.7032216 -0.1050147 0.7031724
vn -0.5773603 -0.5773751 0.5773153
vn -0.7066332 -0.7074869 0.01148129
vn -0.5773603 -0.5773751 0.5773153
vn -0.03070067 -0.7068095 0.7067376
vn -0.02254763 -0.9997106 0.008373054
vn -0.6915112 -0.721226 0.04056264
vn 0.06365368 -0.9979441 0.007478306
vn 0.03070056 -0.7068093 0.7067377
vn -0.01573903 -0.9998757 0.000930963
vn -0.6235575 -0.738992 0.2550818
vn 0.05504279 -0.9983923 -0.01352731
vn -0.02558736 -0.9996178 0.01046551
vn -0.5205492 -0.7211872 0.457075
vn 0.7070935 -0.7071107 0.003635231
vn 0.5773629 -0.5773717 0.5773162
vn 0.707094 -0.7071102 -0.003633621
vn -0.01465402 -0.99981 0.01285561
vn -0.5104138 -0.7089701 0.4866613
vn -0.02210575 -0.999754 0.001770835
vn 0.01404509 -0.6963225 -0.7175916
vn 0.5773599 -0.5774292 -0.5772617
vn -0.005132535 -0.9999223 -0.0113658
vn -0.00689237 -0.7330541 -0.6801354
vn -0.4778435 -0.7343161 -0.4821259
vn -0.3169723 -0.56707 -0.7602368
vn -0.5169982 -0.6979368 -0.4955775
vn -0.8158668 -0.5782353 0.002269734
vn -0.7032157 -0.1050172 -0.7031779
vn -0.04457567 0 -0.9990061
vn -0.7071261 0 -0.7070873
vn -0.03926117 -0.1378273 -0.9896778
vn 0.04457576 0 -0.9990061
vn -0.03070052 -0.7068065 -0.7067405
vn -0.5773647 -0.5773799 -0.5773063
vn 0.03070109 -0.706806 -0.7067409
vn 0.03926162 -0.1378276 -0.9896778
vn 0.707131 0 -0.7070825
vn 0.7032216 -0.1050166 -0.7031721
vn 0.5773694 -0.5773733 -0.5773082
vn 0.7032216 -0.1050166 -0.7031721
vn 0.9999853 0 -0.005419646
vn 0.707131 0 -0.7070825
vn 0.9899519 -0.1413257 -0.004729491
vn 0.9999853 0 0.005419924
vn 0.7070944 -0.7071098 -0.003635341
vn 0.5773694 -0.5773733 -0.5773082
vn 0.7070941 -0.70711 0.003633692
vn 0.9899541 -0.1413098 0.004730145
vn 0.7071401 0 0.7070734
vn 0.7032434 -0.1050337 0.7031476
vn 0.5773582 -0.5774221 0.5772704
vn 0.02209243 0 0.9997559
vn 0.7071401 0 0.7070734
vn 0.7032434 -0.1050337 0.7031476
vn 0.01851904 -0.1480782 0.9888022
vn 0.01404534 -0.6963254 0.7175888
vn 0.5773582 -0.5774221 0.5772704
vn -0.0068923 -0.7330568 0.6801324
vn -0.00949224 -0.1505603 0.9885553
vn -0.01080561 -0.0001772312 0.9999416
vn -0.3847364 -0.00328261 0.9230206
vn -0.381792 -0.1247497 0.9157906
vn -0.3169809 -0.5670669 0.7602356
vn -0.381792 -0.1247497 0.9157906
vn -0.703651 -0.0001546871 0.7105458
vn -0.3847364 -0.00328261 0.9230206
vn -0.6963027 -0.1507321 0.7017424
vn -0.7234841 -3.411139E-05 0.690341
vn -0.4778427 -0.7343145 0.4821291
vn -0.3169809 -0.5670669 0.7602356
vn -0.516999 -0.6979334 0.4955814
vn -0.7134438 -0.1484765 0.6848012
vn -0.9999987 -0.0009934867 0.001299876
vn -0.9944071 -0.1056149 0.0002257793
vn -0.8158661 -0.5782365 -0.002258647
vn -0.5104178 -0.7089718 -0.4866546
vn -0.7243972 -5.33128E-05 -0.6893829
vn -0.7158432 -0.140428 -0.6839945
vn -0.5205514 -0.7211897 -0.4570686
vn -0.7432978 -0.144694 -0.6531249
vn -0.7511488 -2.236609E-06 -0.6601329
vn -0.6235572 -0.7389929 -0.2550803
vn -0.9255525 0 -0.3786193
vn -0.9151683 -0.1493743 -0.3743719
vn -0.6915114 -0.7212259 -0.04056274
vn -0.9983095 0 -0.05812212
vn -0.9877962 -0.1447166 -0.05758392
vn -0.706633 -0.7074872 -0.01148082
vn -0.989984 -0.1403912 -0.01489237
vn -0.999855 0 -0.01702477
vn -0.7071261 0 -0.7070873
vn -0.7032157 -0.1050172 -0.7031779
vn -0.5773647 -0.5773799 -0.5773063
vn -0.706633 -0.7074872 -0.01148082
vn -0.03070052 -0.7068065 -0.7067405
vn -0.5773647 -0.5773799 -0.5773063
vn -0.02254748 -0.9997107 -0.00837236
vn -0.6915114 -0.7212259 -0.04056274
vn 0.06365329 -0.9979441 -0.007477754
vn 0.03070109 -0.706806 -0.7067409
vn -0.01573904 -0.9998757 -0.000930366
vn -0.6235572 -0.7389929 -0.2550803
vn 0.05504309 -0.9983923 0.01352587
vn -0.02558731 -0.9996178 -0.0104671
vn -0.5205514 -0.7211897 -0.4570686
vn 0.7070944 -0.7071098 -0.003635341
vn 0.5773694 -0.5773733 -0.5773082
vn 0.7070941 -0.70711 0.003633692
vn -0.01465396 -0.99981 -0.0128562
vn -0.5104178 -0.7089718 -0.4866546
vn -0.02210574 -0.999754 -0.001771659
vn 0.01404534 -0.6963254 0.7175888
vn 0.5773582 -0.5774221 0.5772704
vn -0.005132498 -0.9999223 0.01136403
vn -0.0068923 -0.7330568 0.6801324
vn -0.4778427 -0.7343145 0.4821291
vn -0.3169809 -0.5670669 0.7602356
vn -0.516999 -0.6979334 0.4955814
vn -0.8158661 -0.5782365 -0.002258647
vn 0.498855 -0.06509575 -0.8642374
vn 0.4999937 0 -0.8660291
vn 0.01318094 0 -0.9999131
vn 0.01312639 -0.06590433 -0.9977397
vn 0.008930578 -0.7185511 -0.6954167
vn 0.3541512 -0.7043468 -0.6152011
vn -0.008931267 -0.7185608 -0.6954068
vn -0.01312589 -0.06590913 -0.9977393
vn -0.01318095 0 -0.9999131
vn -0.3541647 -0.7043199 -0.6152241
vn -0.4999894 0 -0.8660315
vn -0.498846 -0.06507943 -0.8642438
vn 0.498877 -0.06508845 0.8642253
vn 0.5000152 0 0.8660166
vn 0.8660495 0 0.4999583
vn 0.864224 -0.06495572 0.4988965
vn 1 0 0
vn 0.6159488 -0.7029705 0.3555835
vn 0.3541654 -0.7043312 0.6152109
vn 0.7112017 -0.7029881 -3.287521E-06
vn 0.9978877 -0.06496317 -8.771013E-07
vn 0.8660529 0 -0.4999525
vn 0.6159416 -0.7029852 -0.3555667
vn 0.8642249 -0.06496247 -0.498894
vn 0.4999937 0 -0.8660291
vn 0.3541512 -0.7043468 -0.6152011
vn 0.498855 -0.06509575 -0.8642374
vn -0.4988689 -0.06507477 0.8642309
vn -0.5000109 0 0.8660191
vn -0.0131834 0 0.9999131
vn -0.01312853 -0.06591232 0.9977391
vn -0.00893164 -0.7185608 0.6954069
vn -0.3541832 -0.7043149 0.6152192
vn 0.00893148 -0.7185527 0.6954152
vn 0.01312865 -0.06591046 0.9977392
vn 0.01318332 0 0.9999131
vn 0.3541654 -0.7043312 0.6152109
vn 0.5000152 0 0.8660166
vn 0.498877 -0.06508845 0.8642253
vn -0.498846 -0.06507943 -0.8642438
vn -0.4999894 0 -0.8660315
vn -0.8660459 0 -0.4999645
vn -0.8642181 -0.06493805 -0.498909
vn -1 0 0
vn -0.615972 -0.7029568 -0.3555701
vn -0.3541647 -0.7043199 -0.6152241
vn -0.7112281 -0.7029611 0
vn -0.9978895 -0.0649356 0
vn -0.8660423 0 0.4999707
vn -0.615979 -0.7029435 0.3555847
vn -0.864216 -0.06493194 0.4989133
vn -0.5000109 0 0.8660191
vn -0.3541832 -0.7043149 0.6152192
vn -0.4988689 -0.06507477 0.8642309
vn 0.6869662 -0.702981 0.1841066
vn 0.5028913 -0.7029828 0.502907
vn 0.7056126 -0.06496191 0.7056138
vn 0.9638697 -0.06495976 0.2583319
vn 0.6854391 -0.7043409 -0.1846001
vn 0.9638509 -0.06509675 -0.2583677
vn 0.4974307 -0.7185652 -0.4860317
vn 0.7139167 -0.06590711 -0.697122
vn 0.4860008 -0.7185699 -0.497454
vn 0.69712 -0.06591049 -0.7139185
vn 0.7154911 0 -0.6986219
vn 0.9659238 0 -0.2588264
vn 0.6986238 0 -0.7154891
vn 0.2588215 0 -0.9659252
vn 0.258366 -0.06508011 -0.9638525
vn 0.9659103 0 0.2588772
vn 0.7071093 0 0.7071043
vn 0.2583222 -0.0649565 0.9638724
vn 0.2588675 0 0.9659128
vn -0.7056125 -0.06493498 -0.7056164
vn -0.6870036 -0.7029405 -0.1841219
vn -0.5029157 -0.7029661 -0.5029061
vn -0.963878 -0.06493173 -0.2583082
vn -0.6854842 -0.7042985 0.1845941
vn -0.9638573 -0.0650726 0.2583502
vn -0.4974487 -0.7185665 0.4860114
vn -0.7139182 -0.06590444 0.6971208
vn -0.4860277 -0.7185583 0.4974446
vn -0.6971186 -0.06590176 0.7139208
vn -0.7154924 0 0.6986204
vn -0.6986221 0 0.7154908
vn -0.965929 0 0.2588074
vn -0.9659162 0 -0.2588549
vn -0.7071049 0 -0.7071086
vn -0.2583171 -0.06493623 -0.9638754
vn -0.258865 0 -0.9659135
vn -0.6971186 -0.06590176 0.7139208
vn -0.6986221 0 0.7154908
vn -0.2588079 0 0.9659287
vn -0.2583476 -0.06508366 0.9638572
vn 0.2588675 0 0.9659128
vn 0.2583222 -0.0649565 0.9638724
vn -0.1846085 -0.7043153 0.685463
vn -0.4860277 -0.7185583 0.4974446
vn 0.1840995 -0.7029601 0.6869895
vn 0.5028913 -0.7029828 0.502907
vn 0.7056126 -0.06496191 0.7056138
vn 0.258366 -0.06508011 -0.9638525
vn 0.2588215 0 -0.9659252
vn -0.258865 0 -0.9659135
vn -0.2583171 -0.06493623 -0.9638754
vn -0.1841263 -0.7029533 -0.6869891
vn -0.5029157 -0.7029661 -0.5029061
vn -0.7056125 -0.06493498 -0.7056164
vn 0.1845938 -0.7043205 -0.6854617
vn 0.69712 -0.06591049 -0.7139185
vn 0.4860008 -0.7185699 -0.497454
vn 0.4988931 -0.06496271 0.8642254
vn 0.4999479 0 0.8660555
vn 0.8660268 0 0.4999977
vn 0.8642376 -0.06509651 0.4988546
vn 0.999929 0 0.01192676
vn 0.6152339 -0.7043212 0.3541451
vn 0.3555834 -0.702969 0.6159505
vn 0.6954351 -0.7185434 0.008078912
vn 0.9977555 -0.06590062 0.0118772
vn 0.6954252 -0.7185531 -0.008079597
vn 0.9977551 -0.06590625 -0.01187674
vn 0.999929 0 -0.01192678
vn 0.615243 -0.704302 -0.3541679
vn 0.8660293 0 -0.4999932
vn 0.8642436 -0.0650814 -0.498846
vn 0.3555885 -0.7029373 -0.6159837
vn 0.4999594 0 -0.8660489
vn 0.4989077 -0.06493763 -0.8642189
vn -0.498898 -0.06495351 0.8642234
vn -0.4999588 0 0.8660492
vn 0 0 1
vn 2.179458E-07 -0.06496163 0.9978878
vn 0.4999479 0 0.8660555
vn 0.4988931 -0.06496271 0.8642254
vn 0.3555834 -0.702969 0.6159505
vn 6.403509E-07 -0.702961 0.7112283
vn -0.3555997 -0.7029451 0.6159684
vn -0.4989126 -0.06493042 -0.8642166
vn -0.4999702 0 -0.8660426
vn -0.8660191 0 -0.500011
vn -0.8642319 -0.06507276 -0.4988676
vn -0.9999288 0 -0.01192887
vn -0.615252 -0.7042775 -0.3542008
vn -0.3556011 -0.7029121 -0.6160052
vn -0.6954271 -0.7185513 -0.008080437
vn -0.9977551 -0.06590734 -0.011879
vn -0.6954347 -0.7185439 0.008080199
vn -0.9977552 -0.06590539 0.01187926
vn -0.9999288 0 0.01192889
vn -0.6152479 -0.7042994 0.3541642
vn -0.8660166 0 0.5000154
vn -0.8642258 -0.06508538 0.4988764
vn -0.3555997 -0.7029451 0.6159684
vn -0.4999588 0 0.8660492
vn -0.498898 -0.06495351 0.8642234
vn 0.4989077 -0.06493763 -0.8642189
vn 0.4999594 0 -0.8660489
vn 0 0 -1
vn -2.990105E-07 -0.06493445 -0.9978896
vn -0.4999702 0 -0.8660426
vn -0.4989126 -0.06493042 -0.8642166
vn -0.3556011 -0.7029121 -0.6160052
vn -1.407042E-06 -0.7029424 -0.7112467
vn 0.3555885 -0.7029373 -0.6159837
vn 0.1841113 -0.7029818 -0.6869641
vn 0.5028967 -0.7029825 -0.5029021
vn 0.7056134 -0.0649628 -0.7056128
vn 0.2583305 -0.06496307 -0.9638699
vn -0.1845979 -0.7043367 -0.6854439
vn -0.2583644 -0.06509991 -0.9638515
vn -0.4860137 -0.7185667 -0.4974462
vn -0.6971201 -0.0659041 -0.7139189
vn -0.2588246 0 -0.9659243
vn 0.2588777 0 -0.9659101
vn -0.7056174 -0.06493412 0.7056116
vn -0.184123 -0.7029418 0.6870018
vn -0.5029151 -0.7029628 0.5029112
vn -0.2583096 -0.06493085 0.9638777
vn 0.1846027 -0.7042958 0.6854848
vn 0.2583499 -0.06507204 0.9638574
vn 0.4860153 -0.7185613 0.4974524
vn 0.6971185 -0.06590253 0.7139206
vn 0.6986223 0 0.7154907
vn 0.2588072 0 0.965929
vn -0.2588556 0 0.965916
vn 0.7056134 -0.0649628 -0.7056128
vn 0.2588777 0 -0.9659101
vn 0.2583305 -0.06496307 -0.9638699
vn 0.7071068 0 -0.7071068
vn 0.9638724 -0.06495506 -0.2583229
vn 0.5028967 -0.7029825 -0.5029021
vn 0.9659132 0 -0.2588663
vn 0.6869797 -0.7029661 -0.1841132
vn 0.963856 -0.06508119 0.2583522
vn 0.9659276 0 0.2588125
vn 0.6854683 -0.704312 0.1846013
vn 0.7139184 -0.06590007 0.697121
vn 0.7154924 0 0.6986204
vn 0.6986223 0 0.7154907
vn 0.4974466 -0.7185563 0.4860284
vn 0.6971185 -0.06590253 0.7139206
vn 0.4860153 -0.7185613 0.4974524
vn -0.2583644 -0.06509991 -0.9638515
vn -0.2588246 0 -0.9659243
vn -0.6986208 0 -0.7154921
vn -0.6971201 -0.0659041 -0.7139189
vn -0.7139165 -0.06590818 -0.6971222
vn -0.7154875 0 -0.6986254
vn -0.965925 0 -0.2588221
vn -0.4974346 -0.7185737 -0.486015
vn -0.4860137 -0.7185667 -0.4974462
vn -0.6854599 -0.7043213 -0.1845977
vn -0.9638516 -0.06508051 -0.2583692
vn -0.9659131 0 0.2588666
vn -0.6869933 -0.7029518 0.1841164
vn -0.9638754 -0.06493613 0.2583169
vn -0.5029151 -0.7029628 0.5029112
vn -0.7071066 0 0.7071068
vn -0.7056174 -0.06493412 0.7056116
vn -0.2588556 0 0.965916
vn -0.2583096 -0.06493085 0.9638777
vn 1 0 -1.189177E-07
vn 1 0 -1.189177E-07
vn 1 0 0
vn 1 0 0
vn 1 0 0
vn 1 0 0
vn 1 2.054219E-07 0
vn 1 2.362815E-07 0
vn 1 -3.049663E-07 0
vn 1 -3.783196E-07 0
vn 1 -8.92075E-07 0
vn 1 -8.920752E-07 0
vn -1 0 0
vn -1 0 0
vn -1 0 0
vn -1 0 0
vn -1 0 0
vn -1 0 0
vn -1 0 0
vn -1 0 0
vn 5.954536E-07 0 1
vn 5.954536E-07 0 1
vn 5.954536E-07 0 1
vn 5.954536E-07 0 1
vn 3.969691E-07 0 -1
vn 3.969691E-07 0 -1
vn 3.969691E-07 0 -1
vn 3.969691E-07 0 -1
vn 1 0 0
vn 1 0 0
vn 1 0 0
vn 1 0 0
vn -0.7019932 0.1178377 0.7023673
vn -0.4059769 0.8189888 0.4055122
vn -0.4996024 0.866253 0.0017428
vn -0.9917208 0.1283976 0.001989848
vn -0.7056951 0.06307432 0.7057025
vn -0.992712 0.1204958 -0.001920136
vn -0.5225455 0.8526101 -0.001459664
vn -0.7555512 0.08939053 -0.648962
vn -0.3665746 0.8549339 -0.3670301
vn -0.002317401 0.7535617 -0.6573731
vn -0.003050408 0.09276886 -0.995683
vn -0.9961653 0.08746806 -0.002030794
vn -0.7207973 0.07050924 -0.6895504
vn -0.996182 0.08727654 0.002100308
vn -0.7070879 0.7071239 -0.001553431
vn -0.5763206 0.5778793 -0.5778495
vn -0.7070876 0.7071243 0.001547045
vn -0.5773466 0.5773731 0.5773311
vn 0.4988522 0.06509906 0.8642386
vn 0.4999923 0 0.8660298
vn 0.008404278 0 0.9999647
vn 0.008368994 0.06589179 0.9977916
vn 0.005688402 0.7185861 0.6954147
vn 0.3541328 0.7043446 0.6152142
vn -0.005689839 0.718597 0.6954035
vn -0.008368263 0.06590104 0.9977911
vn -0.008403917 0 0.9999647
vn -0.3541554 0.7043205 0.6152287
vn -0.499992 0 0.86603
vn -0.4988486 0.06508323 0.864242
vn 0.4988655 0.06509487 -0.8642313
vn 0.5000055 0 -0.8660222
vn 0.8660514 0 -0.499955
vn 0.864223 0.06496483 -0.498897
vn 1 0 0
vn 0.6159378 0.7029815 -0.3555807
vn 0.3541513 0.7043192 -0.6152328
vn 0.7111898 0.7030001 -5.429122E-06
vn 0.9978872 0.06497075 1.344489E-06
vn 0.8660566 0 0.499946
vn 0.6159369 0.7029921 0.3555611
vn 0.864227 0.06496999 0.4988894
vn 0.4999923 0 0.8660298
vn 0.3541328 0.7043446 0.6152142
vn 0.4988522 0.06509906 0.8642386
vn -0.4988589 0.06507307 -0.8642368
vn -0.5000008 0 -0.8660249
vn -0.008405391 0 -0.9999647
vn -0.008369997 0.06588365 -0.9977922
vn -0.005690142 0.718567 -0.6954346
vn -0.3541787 0.7042978 -0.6152414
vn 0.005689426 0.7185585 -0.6954432
vn 0.008369975 0.06587978 -0.9977925
vn 0.008405201 0 -0.9999647
vn 0.3541513 0.7043192 -0.6152328
vn 0.5000055 0 -0.8660222
vn 0.4988655 0.06509487 -0.8642313
vn -0.4988486 0.06508323 0.864242
vn -0.499992 0 0.86603
vn -0.8660496 0 0.499958
vn -0.8642207 0.06493744 0.4989046
vn -1 0 0
vn -0.6159714 0.7029523 0.3555803
vn -0.3541554 0.7043205 0.6152287
vn -0.7112363 0.702953 -1.010395E-07
vn -0.9978897 0.06493187 5.750896E-07
vn -0.8660437 0 -0.4999681
vn -0.6159775 0.7029376 -0.3555986
vn -0.8642161 0.06493149 -0.4989132
vn -0.5000008 0 -0.8660249
vn -0.3541787 0.7042978 -0.6152414
vn -0.4988589 0.06507307 -0.8642368
vn 0.4988536 0.06510422 0.8642376
vn 0.4999946 0 0.8660285
vn 0.008404464 0 0.9999647
vn 0.008369143 0.06589972 0.9977912
vn 0.005688417 0.7185928 0.6954079
vn 0.3541359 0.7043455 0.6152115
vn -0.005690162 0.718604 0.6953962
vn -0.008368807 0.06590887 0.9977906
vn -0.008404469 0 0.9999647
vn -0.3541615 0.7043111 0.6152362
vn -0.4999942 0 0.8660287
vn -0.4988503 0.06508402 0.8642409
vn 0.4988724 0.06508845 -0.8642279
vn 0.5000122 0 -0.8660184
vn 0.8660507 0 -0.4999563
vn 0.8642239 0.06495838 -0.4988964
vn 1 0 0
vn 0.6159435 0.7029704 -0.355593
vn 0.3541529 0.7043079 -0.6152447
vn 0.7111961 0.7029937 -1.861118E-07
vn 0.9978874 0.06496623 0
vn 0.8660566 0 0.499946
vn 0.6159344 0.7029918 0.3555664
vn 0.8642274 0.06497008 0.4988886
vn 0.4999946 0 0.8660285
vn 0.3541359 0.7043455 0.6152115
vn 0.4988536 0.06510422 0.8642376
vn -0.4988661 0.06506781 -0.864233
vn -0.5000074 0 -0.8660212
vn -0.008406127 0 -0.9999647
vn -0.008370605 0.06589124 -0.9977918
vn -0.005689936 0.7185857 -0.6954152
vn -0.3541807 0.7042895 -0.6152498
vn 0.005689158 0.7185775 -0.6954235
vn 0.00837041 0.06588736 -0.997792
vn 0.008405754 0 -0.9999647
vn 0.3541529 0.7043079 -0.6152447
vn 0.5000122 0 -0.8660184
vn 0.4988724 0.06508845 -0.8642279
vn -0.4988503 0.06508402 0.8642409
vn -0.4999942 0 0.8660287
vn -0.8660482 0 0.4999605
vn -0.8642197 0.06493693 0.4989063
vn -1 0 0
vn -0.6159742 0.7029458 0.3555882
vn -0.3541615 0.7043111 0.6152362
vn -0.7112346 0.7029546 7.17376E-06
vn -0.9978897 0.06493221 -6.440397E-07
vn -0.8660423 0 -0.4999707
vn -0.6159826 0.7029306 -0.3556037
vn -0.8642157 0.06492852 -0.4989143
vn -0.5000074 0 -0.8660212
vn -0.3541807 0.7042895 -0.6152498
vn -0.4988661 0.06506781 -0.864233
vn 0.4988561 0.06509551 0.8642368
vn 0.4999949 0 0.8660284
vn 0.008403913 0 0.9999647
vn 0.008368636 0.06588555 0.9977921
vn 0.005689074 0.7185612 0.6954405
vn 0.3541428 0.7043266 0.6152292
vn -0.00568967 0.718582 0.695419
vn -0.008368322 0.06589196 0.9977916
vn -0.008403913 0 0.9999647
vn -0.3541615 0.7043104 0.6152371
vn -0.499988 0 0.8660324
vn -0.4988462 0.06507721 0.8642438
vn 0.4988718 0.06508873 -0.8642282
vn 0.5000104 0 -0.8660194
vn 0.8660476 0 -0.4999616
vn 0.8642203 0.06496038 -0.4989023
vn 1 0 0
vn 0.6159371 0.7029719 -0.3556008
vn 0.354159 0.7043112 -0.6152375
vn 0.7111949 0.7029949 -1.595239E-07
vn 0.9978873 0.06496844 0
vn 0.8660528 0 0.4999527
vn 0.6159344 0.7029821 0.3555854
vn 0.8642239 0.06496555 0.4988953
vn 0.4999949 0 0.8660284
vn 0.3541428 0.7043266 0.6152292
vn 0.4988561 0.06509551 0.8642368
vn -0.4988642 0.06507043 -0.8642339
vn -0.5000078 0 -0.866021
vn -0.008405387 0 -0.9999647
vn -0.008369821 0.06589106 -0.9977918
vn -0.005690157 0.7185711 -0.6954302
vn -0.3541728 0.7042866 -0.6152578
vn 0.005689819 0.7185592 -0.6954425
vn 0.008370036 0.0658872 -0.997792
vn 0.008405388 0 -0.9999647
vn 0.354159 0.7043112 -0.6152375
vn 0.5000104 0 -0.8660194
vn 0.4988718 0.06508873 -0.8642282
vn -0.4988462 0.06507721 0.8642438
vn -0.499988 0 0.8660324
vn -0.8660522 0 0.4999536
vn -0.8642234 0.06493626 0.4989001
vn -1 0 0
vn -0.615979 0.7029484 0.3555748
vn -0.3541615 0.7043104 0.6152371
vn -0.7112348 0.7029545 4.307418E-06
vn -0.9978896 0.06493407 -2.337968E-06
vn -0.8660457 0 -0.4999651
vn -0.6159832 0.7029362 -0.3555916
vn -0.864218 0.06493314 -0.4989097
vn -0.5000078 0 -0.866021
vn -0.3541728 0.7042866 -0.6152578
vn -0.4988642 0.06507043 -0.8642339
vn -0.3469858 -0.6623632 -0.6639848
vn -0.5704167 -0.580762 -0.58081
vn -0.6990201 -0.7124823 -0.06115421
vn -0.3994312 -0.9154531 -0.04899237
vn -0.7366945 -0.6758332 0.02303756
vn -0.4103212 -0.9116213 0.02414866
vn -0.4016291 -0.875157 0.2698042
vn -0.5645911 -0.7891926 0.2416859
vn -0.7347792 -0.5345135 0.4176061
vn -0.4196656 -0.7099643 0.5655364
vn -0.7117171 -0.5508533 0.435912
vn -0.4056188 -0.7167166 0.567266
vn -0.7210193 -0.6100205 0.328643
vn -0.3769557 -0.8147313 0.4405875
vn -0.7099149 -0.6604998 0.2444602
vn -0.3732724 -0.8709568 0.319534
vn -0.702336 -0.659355 0.268282
vn -0.3729287 -0.8579534 0.353327
vn -0.3855413 -0.5416697 0.7469617
vn -0.5846866 -0.5219008 0.6210968
vn -0.701494 -0.01660952 -0.7124817
vn -0.5704167 -0.580762 -0.58081
vn -0.3469858 -0.6623632 -0.6639848
vn -0.3738601 -0.01514511 -0.9273614
vn -0.373863 0.01509344 -0.9273611
vn -0.7014881 0.01664438 -0.7124868
vn -0.3472726 0.6631003 -0.6630986
vn -0.5704267 0.5807818 -0.5807804
vn -0.7014958 0.7124934 -0.01602769
vn -0.5704267 0.5807818 -0.5807804
vn -0.3472726 0.6631003 -0.6630986
vn -0.3739261 0.9273446 -0.01453455
vn -0.3739288 0.9273434 0.01454891
vn -0.7014955 0.712494 0.01601072
vn -0.3473655 0.6631647 0.6629856
vn -0.5705492 0.5808508 0.5805911
vn -0.6992405 0.03055135 0.7142333
vn -0.5705492 0.5808508 0.5805911
vn -0.3473655 0.6631647 0.6629856
vn -0.3735669 0.02750379 0.9271954
vn -0.3777843 -0.02550046 0.9255424
vn -0.7151555 -0.03124598 0.6982666
vn -0.3855413 -0.5416697 0.7469617
vn -0.5846866 -0.5219008 0.6210968
vn -0.3472737 -0.663098 -0.6631002
vn -0.5704271 -0.5807799 -0.580782
vn -0.7014973 -0.7124918 -0.01602739
vn -0.3739275 -0.9273441 -0.01453435
vn -0.7014973 -0.7124919 0.01602751
vn -0.3739274 -0.9273441 0.01453459
vn -0.3472744 -0.6631004 0.6630976
vn -0.5704281 -0.580781 0.5807799
vn -0.7014886 -0.0166431 -0.7124864
vn -0.5704271 -0.5807799 -0.580782
vn -0.3472737 -0.663098 -0.6631002
vn -0.3738604 -0.01509259 -0.9273622
vn -0.3738604 0.0150926 -0.9273621
vn -0.7014886 0.01664311 -0.7124863
vn -0.3472742 0.6630998 -0.6630983
vn -0.5704275 0.5807813 -0.5807801
vn -0.3472744 -0.6631004 0.6630976
vn -0.5704281 -0.580781 0.5807799
vn -0.7014887 -0.01664308 0.7124863
vn -0.3738609 -0.0150926 0.927362
vn -0.7014884 0.0166431 0.7124864
vn -0.3738607 0.01509264 0.927362
vn -0.3472733 0.6630996 0.6630988
vn -0.5704267 0.5807814 0.5807807
vn -0.3472733 0.6630996 0.6630988
vn -0.5704267 0.5807814 0.5807807
vn -0.7014965 0.7124926 0.0160274
vn -0.3739274 0.9273441 0.0145343
vn -0.3739275 0.9273441 -0.01453424
vn -0.7014966 0.7124925 -0.01602738
vn -0.5704275 0.5807813 -0.5807801
vn -0.3472742 0.6630998 -0.6630983
vn -0.3472722 -0.6631048 -0.6630945
vn -0.5704279 -0.5807812 -0.5807798
vn -0.7014961 -0.7124931 -0.01602734
vn -0.3739258 -0.9273447 -0.01453431
vn -0.7014961 -0.7124931 0.01602763
vn -0.3739261 -0.9273446 0.01453456
vn -0.3472742 -0.6631001 0.663098
vn -0.5704281 -0.5807812 0.5807796
vn -0.7014922 -0.01664305 -0.7124827
vn -0.5704279 -0.5807812 -0.5807798
vn -0.3472722 -0.6631048 -0.6630945
vn -0.3738682 -0.01509258 -0.927359
vn -0.3738682 0.01509257 -0.927359
vn -0.7014921 0.01664308 -0.7124828
vn -0.3472727 0.6631054 -0.6630934
vn -0.5704268 0.5807827 -0.5807794
vn -0.3472742 -0.6631001 0.663098
vn -0.5704281 -0.5807812 0.5807796
vn -0.70149 -0.01664318 0.7124851
vn -0.3738614 -0.01509271 0.9273618
vn -0.70149 0.01664314 0.7124851
vn -0.3738613 0.01509268 0.9273618
vn -0.3472733 0.6631009 0.6630976
vn -0.5704278 0.5807821 0.580779
vn -0.3472733 0.6631009 0.6630976
vn -0.5704278 0.5807821 0.580779
vn -0.7014954 0.7124937 0.01602746
vn -0.373926 0.9273446 0.01453416
vn -0.7014954 0.7124938 -0.01602734
vn -0.3739258 0.9273447 -0.01453416
vn -0.3472727 0.6631054 -0.6630934
vn -0.5704268 0.5807827 -0.5807794
vn -0.6990201 -0.7124823 -0.06115421
vn -0.5704167 -0.580762 -0.58081
vn -0.701494 -0.01660952 -0.7124817
vn -0.9969506 -0.01879198 -0.07573839
vn -0.9953158 0.06964554 -0.06705251
vn -0.7014881 0.01664438 -0.7124868
vn -0.7366945 -0.6758332 0.02303756
vn -0.7014958 0.7124934 -0.01602769
vn -0.5704267 0.5807818 -0.5807804
vn -0.9977878 0.05865405 0.03129276
vn -0.7014955 0.712494 0.01601072
vn -0.6992405 0.03055135 0.7142333
vn -0.5705492 0.5808508 0.5805911
vn -0.9994146 -0.01222536 0.03195291
vn -0.7151555 -0.03124598 0.6982666
vn -0.702336 -0.659355 0.268282
vn -0.5846866 -0.5219008 0.6210968
vn -0.9998314 -0.01718496 0.006469447
vn -0.7099149 -0.6604998 0.2444602
vn -0.9990535 -0.03837645 0.02047863
vn -0.7210193 -0.6100205 0.328643
vn -0.9995638 -0.02317584 0.01830457
vn -0.7117171 -0.5508533 0.435912
vn -0.9996927 -0.02275222 0.009838682
vn -0.7347792 -0.5345135 0.4176061
vn -0.5645911 -0.7891926 0.2416859
vn -0.7014973 -0.7124918 -0.01602739
vn -0.5704271 -0.5807799 -0.580782
vn -0.7014886 -0.0166431 -0.7124864
vn -0.999446 -0.02397592 -0.02308474
vn -0.7014973 -0.7124919 0.01602751
vn -0.999446 0.02397592 -0.02308474
vn -0.7014886 0.01664311 -0.7124863
vn -0.999446 -0.02397591 0.02308473
vn -0.7014966 0.7124925 -0.01602738
vn -0.5704275 0.5807813 -0.5807801
vn -0.999446 0.02397592 0.02308474
vn -0.7014965 0.7124926 0.0160274
vn -0.7014884 0.0166431 0.7124864
vn -0.5704267 0.5807814 0.5807807
vn -0.7014887 -0.01664308 0.7124863
vn -0.5704281 -0.580781 0.5807799
vn -0.7014961 -0.7124931 -0.01602734
vn -0.5704279 -0.5807812 -0.5807798
vn -0.7014922 -0.01664305 -0.7124827
vn -0.999446 -0.02397592 -0.02308474
vn -0.7014961 -0.7124931 0.01602763
vn -0.999446 0.02397593 -0.02308475
vn -0.7014921 0.01664308 -0.7124828
vn -0.999446 -0.02397594 0.02308491
vn -0.7014954 0.7124938 -0.01602734
vn -0.5704268 0.5807827 -0.5807794
vn -0.999446 0.02397594 0.02308492
vn -0.7014954 0.7124937 0.01602746
vn -0.70149 0.01664314 0.7124851
vn -0.5704278 0.5807821 0.580779
vn -0.70149 -0.01664318 0.7124851
vn -0.5704281 -0.5807812 0.5807796
vn -0.09662149 -0.7038019 -0.7037949
vn 0 -0.7071097 -0.7071038
vn 0 -0.004130625 -0.9999915
vn -0.1311972 -0.003644492 -0.9913496
vn -0.7071056 -0.002768228 -0.7071025
vn -0.5773516 -0.5773544 -0.5773448
vn -0.7071056 0.002768211 -0.7071025
vn -0.1311972 0.003644488 -0.9913496
vn 0 0.004130625 -0.9999915
vn 0 0.7071097 -0.7071038
vn -0.09662487 0.7038009 -0.7037953
vn -0.577351 0.5773489 -0.5773509
vn -0.09662278 -0.7038023 0.7037944
vn -2.20144E-06 -0.7071108 0.7071028
vn 0 -0.999956 0.00938299
vn -0.1307588 -0.9913796 0.008287821
vn -0.7070891 -0.7070963 0.00630988
vn -0.5773486 -0.5773554 0.5773468
vn -0.707088 -0.7070974 -0.006309815
vn -0.1307583 -0.9913796 -0.008287873
vn 0 -0.999956 -0.009382954
vn 0 -0.7071097 -0.7071038
vn -0.09662149 -0.7038019 -0.7037949
vn -0.5773516 -0.5773544 -0.5773448
vn -0.09662639 0.7038003 0.7037957
vn -2.201441E-06 0.7071108 0.7071028
vn -3.775949E-06 0.004130621 0.9999915
vn -0.1311994 0.003644513 0.9913492
vn -0.7071037 0.002768263 0.7071044
vn -0.577347 0.5773483 0.5773556
vn -0.7071038 -0.002768265 0.7071043
vn -0.1311994 -0.00364451 0.9913492
vn -3.775949E-06 -0.004130621 0.9999915
vn -2.20144E-06 -0.7071108 0.7071028
vn -0.09662278 -0.7038023 0.7037944
vn -0.5773486 -0.5773554 0.5773468
vn -0.09662487 0.7038009 -0.7037953
vn 0 0.7071097 -0.7071038
vn 0 0.999956 -0.009383235
vn -0.1307712 0.9913779 -0.008288424
vn -0.7070948 0.7070904 -0.006310422
vn -0.577351 0.5773489 -0.5773509
vn -0.707096 0.7070894 0.006310585
vn -0.1307717 0.9913778 0.00828843
vn 0 0.999956 0.009383271
vn -2.201441E-06 0.7071108 0.7071028
vn -0.09662639 0.7038003 0.7037957
vn -0.577347 0.5773483 0.5773556
vn -0.09662055 -0.7038033 -0.7037936
vn 0 -0.707114 -0.7070996
vn 0 -0.00556881 -0.9999845
vn -0.1310776 -0.004914925 -0.9913599
vn -0.7071012 -0.003735579 -0.7071025
vn -0.5773484 -0.5773526 -0.5773498
vn -0.7071012 0.003735557 -0.7071025
vn -0.1310776 0.004914917 -0.9913599
vn 0 0.005568814 -0.9999845
vn 0 0.7071012 -0.7071123
vn -0.09662434 0.7037938 -0.7038025
vn -0.5773487 0.5773483 -0.5773538
vn -0.09662094 -0.7038057 0.7037911
vn 0 -0.7071159 0.7070976
vn 0 -0.999956 0.009382624
vn -0.1307534 -0.9913803 0.008287652
vn -0.7070847 -0.7071006 0.006309743
vn -0.5773495 -0.5773553 0.577346
vn -0.7070847 -0.7071006 -0.006309765
vn -0.1307534 -0.9913803 -0.008286966
vn 0 -0.999956 -0.009381523
vn 0 -0.707114 -0.7070996
vn -0.09662055 -0.7038033 -0.7037936
vn -0.5773484 -0.5773526 -0.5773498
vn -0.09662513 0.7037996 0.7037966
vn 0 0.70711 0.7071035
vn 0 0.005568875 0.9999845
vn -0.1310786 0.004914975 0.9913598
vn -0.7071036 0.003735604 0.7071
vn -0.5773501 0.577346 0.5773547
vn -0.7071036 -0.003735603 0.7071
vn -0.1310786 -0.004914965 0.9913598
vn 0 -0.005568873 0.9999845
vn 0 -0.7071159 0.7070976
vn -0.09662094 -0.7038057 0.7037911
vn -0.5773495 -0.5773553 0.577346
vn -0.09662434 0.7037938 -0.7038025
vn 0 0.7071012 -0.7071123
vn 0 0.999956 -0.009383584
vn -0.1307705 0.9913781 -0.008288723
vn -0.7070948 0.7070904 -0.006310433
vn -0.5773487 0.5773483 -0.5773538
vn -0.7070948 0.7070904 0.006310531
vn -0.1307705 0.9913781 0.0082888
vn 0 0.999956 0.009383689
vn 0 0.70711 0.7071035
vn -0.09662513 0.7037996 0.7037966
vn -0.5773501 0.577346 0.5773547
vn -0.09662158 -0.7038025 0.7037942
vn 0 -0.7071115 0.707102
vn 0 -0.999956 0.00938193
vn -0.130758 -0.9913797 0.00828705
vn 0 -0.999956 -0.009382348
vn -0.7070904 -0.707095 0.006309492
vn -0.5773494 -0.5773537 0.5773478
vn -0.7070904 -0.707095 -0.006309569
vn -0.130758 -0.9913797 -0.00828747
vn 0 -0.7071108 -0.7071028
vn -0.09662018 -0.7038013 -0.7037956
vn -0.5773491 -0.5773481 -0.5773537
vn -0.09662018 -0.7038013 -0.7037956
vn 0 -0.7071108 -0.7071028
vn 0 -0.004130625 -0.9999915
vn -0.1311972 -0.003644467 -0.9913496
vn 0 0.004130626 -0.9999915
vn -0.7071046 -0.002768149 -0.7071036
vn -0.5773491 -0.5773481 -0.5773537
vn -0.7071046 0.002768148 -0.7071035
vn -0.1311972 0.003644478 -0.9913496
vn 0 0.7071016 -0.7071119
vn -0.09662393 0.7037955 -0.7038009
vn -0.5773505 0.5773454 -0.577355
vn -0.09662393 0.7037955 -0.7038009
vn 0 0.7071016 -0.7071119
vn 0 0.999956 -0.009382588
vn -0.1307707 0.9913779 -0.00828797
vn 0 0.999956 0.009383271
vn -0.707097 0.7070883 -0.006310198
vn -0.5773505 0.5773454 -0.577355
vn -0.7070971 0.7070883 0.006310193
vn -0.1307708 0.9913779 0.008288364
vn 0 0.7071093 0.7071041
vn -0.09662442 0.703799 0.7037973
vn -0.5773476 0.5773463 0.5773569
vn -0.09662442 0.703799 0.7037973
vn 0 0.7071093 0.7071041
vn 0 0.004130682 0.9999915
vn -0.1311984 0.003644512 0.9913493
vn 0 -0.004130696 0.9999915
vn -0.7071048 0.002768245 0.7071032
vn -0.5773476 0.5773463 0.5773569
vn -0.7071048 -0.002768247 0.7071033
vn -0.1311984 -0.003644519 0.9913493
vn 0 -0.7071115 0.707102
vn -0.09662158 -0.7038025 0.7037942
vn -0.5773494 -0.5773537 0.5773478
vn -0.0966235 -0.7037994 0.703797
vn -1.834527E-06 -0.7071079 0.7071056
vn 0 -0.9999963 0.002742032
vn -0.131312 -0.9913381 0.002418568
vn -0.7071075 -0.7071036 0.001835959
vn -0.57735 -0.5773536 0.5773472
vn -0.7071064 -0.7071047 -0.001835923
vn -0.1313115 -0.9913383 -0.002418636
vn 0 -0.9999963 -0.002742098
vn 0 -0.707105 -0.7071085
vn -0.09662272 -0.703797 -0.7037995
vn -0.5773551 -0.5773506 -0.577345
vn -0.09662423 0.7038028 0.7037936
vn -1.834534E-06 0.7071108 0.7071028
vn -4.153622E-06 0.03447919 0.9994054
vn -0.1286331 0.03062261 0.9912193
vn -0.7069101 0.02358227 0.7069102
vn -0.5773523 0.5773556 0.5773429
vn -0.70691 -0.02358235 0.7069103
vn -0.1286331 -0.03062263 0.9912193
vn -4.153622E-06 -0.03447919 0.9994054
vn -1.834527E-06 -0.7071079 0.7071056
vn -0.0966235 -0.7037994 0.703797
vn -0.57735 -0.5773536 0.5773472
vn -0.09662344 0.7037988 -0.7037978
vn 0 0.7071052 -0.7071083
vn 0 0.9999963 -0.002742016
vn -0.1313113 0.9913383 -0.00241858
vn -0.7071064 0.7071047 -0.001835932
vn -0.5773566 0.5773539 -0.5773403
vn -0.7071075 0.7071036 0.001835921
vn -0.1313118 0.9913381 0.002418543
vn 0 0.9999963 0.002742026
vn -1.834534E-06 0.7071108 0.7071028
vn -0.09662423 0.7038028 0.7037936
vn -0.5773523 0.5773556 0.5773429
vn -0.09662272 -0.703797 -0.7037995
vn 0 -0.707105 -0.7071085
vn 0 -0.03447777 -0.9994054
vn -0.1286273 -0.03062182 -0.9912202
vn -0.70691 -0.02358195 -0.7069103
vn -0.5773551 -0.5773506 -0.577345
vn -0.7069102 0.02358204 -0.7069101
vn -0.1286274 0.03062175 -0.9912202
vn 0 0.0344777 -0.9994054
vn 0 0.7071052 -0.7071083
vn -0.09662344 0.7037988 -0.7037978
vn -0.5773566 0.5773539 -0.5773403
vn -0.707088 -0.7070974 -0.006309815
vn -0.5773516 -0.5773544 -0.5773448
vn -0.7071056 -0.002768228 -0.7071025
vn -0.9999479 -0.00409839 -0.009351126
vn -0.7070891 -0.7070963 0.00630988
vn -0.9999479 0.00409839 -0.009351126
vn -0.7071056 0.002768211 -0.7071025
vn -0.9999479 -0.004098391 0.009351128
vn -0.7070948 0.7070904 -0.006310422
vn -0.577351 0.5773489 -0.5773509
vn -0.9999479 0.004098391 0.009351127
vn -0.707096 0.7070894 0.006310585
vn -0.7071037 0.002768263 0.7071044
vn -0.577347 0.5773483 0.5773556
vn -0.7071038 -0.002768265 0.7071043
vn -0.5773486 -0.5773554 0.5773468
vn -0.7070847 -0.7071006 -0.006309765
vn -0.5773484 -0.5773526 -0.5773498
vn -0.7071012 -0.003735579 -0.7071025
vn -0.9999411 -0.00552551 -0.009339992
vn -0.7070847 -0.7071006 0.006309743
vn -0.9999411 0.005525511 -0.009339996
vn -0.7071012 0.003735557 -0.7071025
vn -0.9999411 -0.005525512 0.009339989
vn -0.7070948 0.7070904 -0.006310433
vn -0.5773487 0.5773483 -0.5773538
vn -0.9999411 0.005525512 0.009339992
vn -0.7070948 0.7070904 0.006310531
vn -0.7071036 0.003735604 0.7071
vn -0.5773501 0.577346 0.5773547
vn -0.7071036 -0.003735603 0.7071
vn -0.5773495 -0.5773553 0.577346
vn -0.7071048 -0.002768247 0.7071033
vn -0.5773494 -0.5773537 0.5773478
vn -0.7070904 -0.707095 0.006309492
vn -0.9999479 -0.004098338 0.009350594
vn -0.7071048 0.002768245 0.7071032
vn -0.9999479 -0.004098335 -0.00935075
vn -0.7070904 -0.707095 -0.006309569
vn -0.9999479 0.004098338 0.009350595
vn -0.7071046 -0.002768149 -0.7071036
vn -0.5773491 -0.5773481 -0.5773537
vn -0.9999479 0.004098335 -0.009350752
vn -0.7071046 0.002768148 -0.7071035
vn -0.707097 0.7070883 -0.006310198
vn -0.5773505 0.5773454 -0.577355
vn -0.7070971 0.7070883 0.006310193
vn -0.5773476 0.5773463 0.5773569
vn -0.70691 -0.02358235 0.7069103
vn -0.57735 -0.5773536 0.5773472
vn -0.7071075 -0.7071036 0.001835959
vn -0.9994044 -0.03440498 0.002661898
vn -0.7069101 0.02358227 0.7069102
vn -0.9994044 -0.03440497 -0.002661895
vn -0.7071064 -0.7071047 -0.001835923
vn -0.9994044 0.03440498 0.002661898
vn -0.70691 -0.02358195 -0.7069103
vn -0.5773551 -0.5773506 -0.577345
vn -0.9994044 0.03440497 -0.002661897
vn -0.7069102 0.02358204 -0.7069101
vn -0.7071064 0.7071047 -0.001835932
vn -0.5773566 0.5773539 -0.5773403
vn -0.7071075 0.7071036 0.001835921
vn -0.5773523 0.5773556 0.5773429
vn -0.1469628 -0.6994307 0.6994274
vn 0 -0.7071085 0.707105
vn 0 -0.999988 0.004903595
vn -0.190124 -0.9817519 0.0040399
vn -0.7071047 -0.7071012 0.003288038
vn -0.5773507 -0.5773498 0.5773503
vn -0.7071041 -0.7071018 -0.003287968
vn -0.1901238 -0.9817519 -0.004039864
vn 0 -0.999988 -0.004903622
vn 0 -0.7071083 -0.7071052
vn -0.146962 -0.6994308 -0.6994275
vn -0.5773537 -0.5773518 -0.5773453
vn -0.1469636 0.6994289 0.699429
vn 0 0.7071057 0.7071078
vn 0 0.005940826 0.9999824
vn -0.1900239 0.004895978 0.9817672
vn -0.7071011 0.003986098 0.7071011
vn -0.5773515 0.5773489 0.5773504
vn -0.7071011 -0.003986089 0.7071011
vn -0.1900238 -0.004895973 0.9817674
vn 0 -0.005940827 0.9999824
vn 0 -0.7071085 0.707105
vn -0.1469628 -0.6994307 0.6994274
vn -0.5773507 -0.5773498 0.5773503
vn -0.1469628 0.699429 -0.699429
vn 0 0.7071061 -0.7071074
vn 0 0.999988 -0.004903623
vn -0.1901238 0.9817519 -0.004039844
vn -0.7071058 0.7071 -0.003287951
vn -0.5773556 0.577349 -0.5773461
vn -0.7071064 0.7070994 0.003287983
vn -0.190124 0.9817519 0.004039905
vn 0 0.999988 0.004903728
vn 0 0.7071057 0.7071078
vn -0.1469636 0.6994289 0.699429
vn -0.5773515 0.5773489 0.5773504
vn -0.146962 -0.6994308 -0.6994275
vn 0 -0.7071083 -0.7071052
vn 0 -0.005940589 -0.9999824
vn -0.1900199 -0.004895828 -0.981768
vn -0.7071049 -0.003986084 -0.7070973
vn -0.5773537 -0.5773518 -0.5773453
vn -0.7071049 0.003986079 -0.7070973
vn -0.1900199 0.004895806 -0.981768
vn 0 0.00594056 -0.9999824
vn 0 0.7071061 -0.7071074
vn -0.1469628 0.699429 -0.699429
vn -0.5773556 0.577349 -0.5773461
vn -0.7071011 -0.003986089 0.7071011
vn -0.5773507 -0.5773498 0.5773503
vn -0.7071047 -0.7071012 0.003288038
vn -0.9999707 -0.005916525 0.004879423
vn -0.7071011 0.003986098 0.7071011
vn -0.9999707 -0.005916539 -0.004879463
vn -0.7071041 -0.7071018 -0.003287968
vn -0.9999707 0.005916526 0.004879424
vn -0.7071049 -0.003986084 -0.7070973
vn -0.5773537 -0.5773518 -0.5773453
vn -0.9999707 0.005916537 -0.004879463
vn -0.7071049 0.003986079 -0.7070973
vn -0.7071058 0.7071 -0.003287951
vn -0.5773556 0.577349 -0.5773461
vn -0.7071064 0.7070994 0.003287983
vn -0.5773515 0.5773489 0.5773504
vn -0.7415504 -0.6677413 0.06499626
vn -0.7440697 -0.6681021 1.319489E-06
vn -0.9999963 -0.002707873 2.902066E-06
vn -0.9962927 -0.00248925 0.08599287
vn -0.7440431 -0.001916223 0.6681288
vn -0.6200429 -0.5547737 0.5547729
vn -0.7440431 0.001916221 0.6681288
vn -0.9962927 0.00248925 0.08599287
vn -0.9999963 0.002707873 2.899014E-06
vn -0.7440766 0.6680944 2.435436E-06
vn -0.7415566 0.6677341 0.06499907
vn -0.6200435 0.5547683 0.5547777
vn 0.7415538 -0.6677376 0.06499563
vn 0.7440736 -0.6680977 -1.994244E-07
vn 0.02182134 -0.9997619 0
vn 0.02000444 -0.9953191 0.09455039
vn 0.01465914 -0.7070317 0.7070299
vn 0.6200439 -0.554771 0.5547743
vn -0.01465913 -0.7070311 0.7070306
vn -0.0200044 -0.9953191 0.09455026
vn -0.02182149 -0.9997619 0
vn -0.7440697 -0.6681021 1.319489E-06
vn -0.7415504 -0.6677413 0.06499626
vn -0.6200429 -0.5547737 0.5547729
vn -0.7415566 0.6677341 0.06499907
vn -0.7440766 0.6680944 2.435436E-06
vn -0.02182304 0.9997619 -5.995813E-06
vn -0.02000571 0.9953186 0.09455523
vn -0.0146593 0.7070205 0.7070411
vn -0.6200435 0.5547683 0.5547777
vn 0.01465939 0.7070211 0.7070405
vn 0.0200057 0.9953186 0.09455533
vn 0.02182284 0.9997619 -6.127472E-06
vn 0.7440803 0.6680902 5.852092E-07
vn 0.7415597 0.6677307 0.06499812
vn 0.6200444 0.5547654 0.5547795
vn 0.7415597 0.6677307 0.06499812
vn 0.7440803 0.6680902 5.852092E-07
vn 0.9999963 0.002707806 1.445584E-06
vn 0.9962927 0.002489207 0.08599231
vn 0.7440426 0.001916205 0.6681296
vn 0.6200444 0.5547654 0.5547795
vn 0.7440426 -0.001916207 0.6681296
vn 0.9962927 -0.002489209 0.08599231
vn 0.9999963 -0.002707806 1.446619E-06
vn 0.7440736 -0.6680977 -1.994244E-07
vn 0.7415538 -0.6677376 0.06499563
vn 0.6200439 -0.554771 0.5547743
vn 0.7415562 0.6677347 0.06499661
vn 0.7440769 0.6680939 -1.582573E-06
vn 0.9999963 0.002707851 -1.459386E-06
vn 0.9962928 0.002489234 0.08599148
vn 0.74404 0.001916235 0.6681323
vn 0.6200423 0.5547708 0.5547765
vn 0.74404 -0.001916234 0.6681323
vn 0.9962928 -0.002489236 0.08599149
vn 0.9999963 -0.002707851 -1.453302E-06
vn 0.7440703 -0.6681014 -5.261158E-07
vn 0.7415501 -0.6677417 0.06499617
vn 0.6200384 -0.5547741 0.5547775
vn -0.01465913 -0.7070311 0.7070306
vn -0.6200429 -0.5547737 0.5547729
vn -0.7440431 -0.001916223 0.6681288
vn -0.0217674 -0.00296508 0.9997587
vn 0.01465914 -0.7070317 0.7070299
vn -0.0217674 0.002965079 0.9997587
vn -0.7440431 0.001916221 0.6681288
vn 0.0217674 -0.002965094 0.9997587
vn -0.0146593 0.7070205 0.7070411
vn -0.6200435 0.5547683 0.5547777
vn 0.0217674 0.002965094 0.9997587
vn 0.01465939 0.7070211 0.7070405
vn 0.7440426 0.001916205 0.6681296
vn 0.6200444 0.5547654 0.5547795
vn 0.7440426 -0.001916207 0.6681296
vn 0.6200439 -0.554771 0.5547743
vn 0.3469859 -0.6623617 -0.6639861
vn 0.6990209 -0.7124816 -0.06115463
vn 0.5704166 -0.5807603 -0.5808118
vn 0.3994308 -0.9154534 -0.04899222
vn 0.7366955 -0.6758321 0.02303797
vn 0.4103205 -0.9116216 0.02414893
vn 0.4016304 -0.8751556 0.2698069
vn 0.5645933 -0.7891901 0.2416887
vn 0.7347798 -0.5345123 0.4176067
vn 0.4196655 -0.7099633 0.5655378
vn 0.7117181 -0.5508519 0.4359123
vn 0.4056188 -0.7167159 0.5672668
vn 0.7210195 -0.6100199 0.3286435
vn 0.3769559 -0.8147307 0.4405885
vn 0.7099149 -0.6604998 0.2444605
vn 0.3732722 -0.8709566 0.3195347
vn 0.7023355 -0.659355 0.268283
vn 0.3729285 -0.8579535 0.3533271
vn 0.385543 -0.5416705 0.7469603
vn 0.5846868 -0.5219026 0.621095
vn 0.7014927 -0.0166095 -0.7124831
vn 0.3469859 -0.6623617 -0.6639861
vn 0.5704166 -0.5807603 -0.5808118
vn 0.3738611 -0.01514515 -0.9273611
vn 0.373864 0.01509345 -0.9273607
vn 0.7014868 0.01664425 -0.7124881
vn 0.3472729 0.6630997 -0.6630991
vn 0.5704259 0.5807813 -0.5807818
vn 0.7014959 0.7124932 -0.01602779
vn 0.3472729 0.6630997 -0.6630991
vn 0.5704259 0.5807813 -0.5807818
vn 0.3739264 0.9273445 -0.01453457
vn 0.3739292 0.9273431 0.01454881
vn 0.7014958 0.7124938 0.01601084
vn 0.3473677 0.6631657 0.6629832
vn 0.5705484 0.5808518 0.5805908
vn 0.6992402 0.03055168 0.7142336
vn 0.3473677 0.6631657 0.6629832
vn 0.5705484 0.5808518 0.5805908
vn 0.3735695 0.02750391 0.9271944
vn 0.3777867 -0.0255004 0.9255413
vn 0.7151551 -0.03124571 0.698267
vn 0.385543 -0.5416705 0.7469603
vn 0.5846868 -0.5219026 0.621095
vn 0.6990209 -0.7124816 -0.06115463
vn 0.7014927 -0.0166095 -0.7124831
vn 0.5704166 -0.5807603 -0.5808118
vn 0.9969506 -0.01879195 -0.07573877
vn 0.9953157 0.06964552 -0.06705301
vn 0.7014868 0.01664425 -0.7124881
vn 0.7366955 -0.6758321 0.02303797
vn 0.7014959 0.7124932 -0.01602779
vn 0.5704259 0.5807813 -0.5807818
vn 0.9977877 0.0586545 0.03129298
vn 0.7014958 0.7124938 0.01601084
vn 0.6992402 0.03055168 0.7142336
vn 0.5705484 0.5808518 0.5805908
vn 0.9994146 -0.01222486 0.03195311
vn 0.7151551 -0.03124571 0.698267
vn 0.7023355 -0.659355 0.268283
vn 0.5846868 -0.5219026 0.621095
vn 0.9998314 -0.01718486 0.006469446
vn 0.7099149 -0.6604998 0.2444605
vn 0.9990534 -0.03837785 0.02047828
vn 0.7210195 -0.6100199 0.3286435
vn 0.9995638 -0.02317567 0.01830506
vn 0.7117181 -0.5508519 0.4359123
vn 0.9996927 -0.02275221 0.009839092
vn 0.7347798 -0.5345123 0.4176067
vn 0.5645933 -0.7891901 0.2416887
vn 0 -1 0
vn 0 -1 0
vn 0 -1 0
vn 0 -1 0
vn 0 -1 0
vn 0 -1 0
vn 0 7.144272E-06 1
vn 0 0.2420347 0.9702677
vn 0 7.144271E-06 1
vn 0 0.2420346 0.9702677
vn 0 0.2420347 0.9702677
vn 0 7.144272E-06 1
vn 0 0.3156008 0.9488922
vn 0 0.3156007 0.9488922
vn 0 0.3156008 0.9488922
vn 0 5.953559E-06 1
vn 0 5.953558E-06 1
vn 0 5.953559E-06 1
vn 0 0 -1
vn 0 0 -1
vn 0 0 -1
vn 0 0 -1
vn 0 0 -1
vn 0 0 -1
vn 0 0 -1
vn 0 0 -1
vn 0 0 -1
vn 0 0 -1
vn -1.57406E-07 0 -1
vn -3.148124E-07 0 -1
vn 0 1.075893E-07 -1
vn -3.432579E-07 0 -1
vn -1.716287E-07 0 -1
vn 3.748269E-07 0 1
vn 4.202182E-07 0 1
vn 4.232347E-07 0 1
vn 0 1.416038E-07 1
vn 3.619285E-07 0 1
vn 0 1.416038E-07 1
vn 0 -1.363794E-07 1
vn 0 -1.363794E-07 1
vn -6.10755E-07 -1.148696E-07 1
vn -7.091301E-07 0 1
vn -6.325219E-07 1.134275E-07 1
vn -7.142206E-07 0 1
vn -0.0002571553 -0.9997849 0.02074082
vn -0.008931619 -0.7185532 0.6954148
vn 0.008931532 -0.7185633 0.6954043
vn -0.01630214 -0.9994624 0.02844507
vn -0.3541612 -0.7043235 0.6152222
vn 0.0002571605 -0.9997849 0.02074023
vn 0.3541791 -0.7043064 0.6152315
vn 0.01630196 -0.9994624 0.02844655
vn 0.6159804 -0.702938 0.3555928
vn -0.04761463 -0.9984875 0.02748601
vn -0.6159467 -0.7029697 0.3555888
vn -0.1970918 -0.9803851 -3.522443E-06
vn -0.7112033 -0.7029864 -3.120672E-06
vn -0.04761468 -0.9984875 -0.02748849
vn -0.6159426 -0.7029806 -0.3555743
vn -0.01630171 -0.9994624 -0.02844614
vn -0.3541495 -0.7043416 -0.6152081
vn -0.0002571315 -0.9997849 -0.02074265
vn -0.008930501 -0.7185549 -0.6954129
vn 0.0002571287 -0.9997849 -0.02074264
vn 0.008931537 -0.7185668 -0.6954006
vn 0.01630164 -0.9994624 -0.02844431
vn 0.3541643 -0.704322 -0.615222
vn 0.04761173 -0.9984876 0.0274873
vn 0.7112301 -0.7029592 3.044172E-06
vn 0.04761218 -0.9984877 -0.02748574
vn 0.6159723 -0.7029553 -0.3555728
vn 0.1970768 -0.980388 3.643271E-06
vn 0.01448453 -0.9997855 0.01481017
vn 0.486025 -0.7185683 0.4974328
vn 0.4974469 -0.7185752 0.4860003
vn 0.008585528 -0.9994628 0.0316285
vn 0.1846025 -0.7043126 0.6854675
vn 0.01481304 -0.9997854 0.01448207
vn 0.6854823 -0.7042988 0.1845998
vn 0.03164069 -0.9994624 0.008584672
vn 0.6870012 -0.7029411 -0.1841284
vn -0.01423328 -0.9984875 0.05310468
vn -0.1841005 -0.7029653 0.686984
vn -0.1393684 -0.9803827 0.1393783
vn -0.5028927 -0.7029825 0.502906
vn -0.05310406 -0.9984875 0.01423399
vn -0.6869662 -0.7029793 0.1841127
vn -0.03164044 -0.9994624 -0.008594853
vn -0.6854391 -0.7043415 -0.1845979
vn -0.01481313 -0.9997854 -0.01448505
vn -0.497435 -0.7185662 -0.4860256
vn -0.01448491 -0.9997854 -0.01481342
vn -0.4860045 -0.7185727 -0.4974464
vn -0.008586468 -0.9994624 -0.03163951
vn -0.1845957 -0.7043265 -0.6854551
vn 0.05310245 -0.9984876 -0.01423421
vn 0.5029143 -0.7029637 -0.5029108
vn 0.01423185 -0.9984877 -0.05310029
vn 0.1841263 -0.7029529 -0.6869895
vn 0.1393548 -0.9803879 -0.1393547
vn -0.0148131 -0.9997854 0.01448336
vn -0.4974476 -0.7185665 0.4860125
vn -0.4860164 -0.7185718 0.4974359
vn -0.03164002 -0.9994625 0.008576984
vn -0.6854639 -0.7043163 0.1846015
vn -0.01448458 -0.9997854 0.01481225
vn -0.1846074 -0.7043091 0.6854698
vn -0.00858606 -0.9994625 0.03163715
vn 0.1841206 -0.7029479 0.6869963
vn -0.05310332 -0.9984877 -0.01422254
vn -0.686978 -0.7029709 -0.1841008
vn -0.1393667 -0.9803846 -0.1393664
vn -0.5028955 -0.702989 -0.5028942
vn -0.01423367 -0.9984881 -0.05309441
vn -0.1841079 -0.7029818 -0.686965
vn 0.008585983 -0.9994622 -0.03164774
vn 0.1846071 -0.7043355 -0.6854427
vn 0.01448453 -0.9997854 -0.01481317
vn 0.4860057 -0.7185534 -0.4974732
vn 0.01481329 -0.9997854 -0.01448459
vn 0.4974271 -0.7185596 -0.4860437
vn 0.03164044 -0.9994624 -0.008585886
vn 0.6854598 -0.7043205 -0.1846009
vn 0.01423046 -0.9984878 0.05309997
vn 0.5029112 -0.70296 0.5029191
vn 0.0531029 -0.9984876 0.01423145
vn 0.6869928 -0.7029516 0.1841193
vn 0.1393543 -0.9803919 0.139328
vn -0.02071678 -0.9997854 -0.0002322434
vn -0.6954187 -0.7185595 -0.008079674
vn -0.6954088 -0.718569 0.008079499
vn -0.02844398 -0.9994625 -0.01629638
vn -0.615233 -0.7043187 -0.3541521
vn -0.02071628 -0.9997854 0.0002319469
vn -0.6152407 -0.704301 0.3541737
vn -0.02844466 -0.9994627 0.01629091
vn -0.3555933 -0.7029381 0.61598
vn -0.02748567 -0.9984885 -0.04759311
vn -0.355591 -0.7029632 -0.6159527
vn -2.442047E-07 -0.9803841 -0.1970969
vn 6.448813E-07 -0.7029781 -0.7112115
vn 0.0274859 -0.9984887 -0.04759099
vn 0.355573 -0.7029851 -0.6159381
vn 0.02844441 -0.9994625 -0.01629625
vn 0.6152177 -0.7043424 -0.3541312
vn 0.02071671 -0.9997854 -0.0002322092
vn 0.6954172 -0.7185609 -0.008079128
vn 0.02071687 -0.9997854 0.0002319352
vn 0.6954051 -0.7185726 0.008079639
vn 0.02844474 -0.9994625 0.0162954
vn 0.6152225 -0.7043144 0.3541785
vn -0.02748621 -0.9984877 0.04761061
vn -5.502096E-07 -0.7029637 0.7112258
vn 0.02748603 -0.9984875 0.04761682
vn 0.3555788 -0.702948 0.6159772
vn -1.953498E-07 -0.9803876 0.197079
vn -0.0001628687 0.9997869 -0.02064582
vn -0.005690516 0.7185658 -0.6954356
vn 0.005690206 0.7185744 -0.6954268
vn -0.016298 0.9994627 -0.02843753
vn -0.354156 0.70432 -0.6152291
vn 0.0001628736 0.9997869 -0.02064481
vn 0.3541825 0.7043099 -0.6152255
vn 0.01629812 0.9994627 -0.02843751
vn 0.6159757 0.7029433 -0.3555906
vn -0.04760165 0.9984883 -0.0274818
vn -0.6159325 0.7029895 -0.3555743
vn -0.197032 0.980397 2.245958E-06
vn -0.7111763 0.7030137 1.38781E-06
vn -0.04760362 0.9984883 0.02747753
vn -0.6159408 0.7029856 0.3555675
vn -0.016298 0.9994628 0.02843674
vn -0.354136 0.7043295 0.6152297
vn -0.0001628333 0.9997869 0.02064141
vn -0.005689939 0.7185727 0.6954286
vn 0.0001628482 0.999787 0.02063974
vn 0.005689457 0.7185872 0.6954136
vn 0.01629777 0.9994627 0.02843793
vn 0.3541558 0.7043106 0.61524
vn 0.04759948 0.9984884 -0.02747929
vn 0.7112293 0.7029601 -4.950846E-06
vn 0.04760055 0.9984884 0.02747884
vn 0.6159748 0.7029503 0.3555785
vn 0.1970262 0.9803982 -1.061895E-06
vn -0.0001628638 0.9997868 -0.02064648
vn -0.005690037 0.7185674 -0.695434
vn 0.005689947 0.7185695 -0.6954318
vn -0.01629845 0.9994628 -0.02843537
vn -0.35417 0.7042944 -0.6152503
vn 0.0001628658 0.9997868 -0.02064626
vn 0.3541803 0.7042975 -0.6152407
vn 0.01629795 0.9994627 -0.0284398
vn 0.6159785 0.7029434 -0.3555855
vn -0.047602 0.9984884 -0.02747686
vn -0.615963 0.7029562 -0.3555874
vn -0.1970407 0.9803953 3.56833E-06
vn -0.7111911 0.7029988 4.461304E-06
vn -0.04760256 0.9984883 0.02747746
vn -0.6159426 0.7029829 0.3555697
vn -0.0162977 0.9994628 0.02843543
vn -0.354146 0.704331 0.6152222
vn -0.0001628438 0.9997869 0.02064264
vn -0.005689535 0.7185923 0.6954082
vn 0.0001628522 0.9997869 0.0206418
vn 0.005689599 0.7186048 0.6953954
vn 0.01629761 0.9994627 0.02843934
vn 0.3541591 0.704309 0.61524
vn 0.04759987 0.9984883 -0.02748242
vn 0.7112234 0.7029661 2.153683E-06
vn 0.04760013 0.9984884 0.02747867
vn 0.6159748 0.7029459 0.3555869
vn 0.1970263 0.9803982 1.485731E-06
vn -0.0001628636 0.999787 -0.0206402
vn -0.00568957 0.7185521 -0.6954499
vn 0.00569055 0.718568 -0.6954334
vn -0.0162981 0.9994628 -0.02843664
vn -0.3541566 0.7043114 -0.6152388
vn 0.0001628634 0.9997869 -0.02064038
vn 0.3541701 0.7042854 -0.6152605
vn 0.01629842 0.9994627 -0.02843836
vn 0.6159762 0.7029349 -0.3556065
vn -0.04760281 0.9984884 -0.02747596
vn -0.6159537 0.7029645 -0.3555866
vn -0.1970307 0.9803973 1.096462E-06
vn -0.7112049 0.7029849 -7.077594E-06
vn -0.04760212 0.9984883 0.0274798
vn -0.6159536 0.7029768 0.3555626
vn -0.01629813 0.9994628 0.02843597
vn -0.3541382 0.7043247 0.6152341
vn -0.0001628417 0.9997869 0.0206457
vn -0.005689462 0.7185717 0.6954296
vn 0.0001628535 0.9997869 0.0206448
vn 0.005689995 0.7185941 0.6954064
vn 0.0162976 0.9994627 0.02843782
vn 0.3541587 0.7043066 0.6152428
vn 0.04760005 0.9984884 -0.02748077
vn 0.7112307 0.7029586 -3.972399E-06
vn 0.04760101 0.9984883 0.02748197
vn 0.6159728 0.7029534 0.3555758
vn 0.1970267 0.9803981 -3.823749E-06
vn 0.000257155 -0.9997849 0.02074229
vn -0.000257158 -0.9997849 0.02074199
vn -0.00893164 -0.7185608 0.6954069
vn 0.00893148 -0.7185527 0.6954152
vn -0.3541832 -0.7043149 0.6152192
vn -0.01630194 -0.9994624 0.02844567
vn -0.615979 -0.7029435 0.3555847
vn -0.000257127 -0.9997849 -0.02074253
vn -0.04761177 -0.9984877 0.0274854
vn -0.7112281 -0.7029611 0
vn 0.01630201 -0.9994625 0.02844292
vn 0.3541654 -0.7043312 0.6152109
vn -0.01630165 -0.9994624 -0.02844368
vn -0.1970755 -0.9803883 0
vn -0.615972 -0.7029568 -0.3555701
vn -0.04761235 -0.9984877 -0.02748534
vn -0.3541647 -0.7043199 -0.6152241
vn -0.008931267 -0.7185608 -0.6954068
vn 0.008930578 -0.7185511 -0.6954167
vn 0.0002571317 -0.9997849 -0.0207423
vn 0.3541512 -0.7043468 -0.6152011
vn 0.01630176 -0.9994625 -0.02844327
vn 0.6159416 -0.7029852 -0.3555667
vn 0.04761461 -0.9984876 -0.02748536
vn 0.7112017 -0.7029881 -3.287521E-06
vn 0.04761424 -0.9984876 0.02748513
vn 0.6159488 -0.7029705 0.3555835
vn 0.1970923 -0.9803849 0
vn -0.01448472 -0.9997854 0.01481398
vn -0.01481305 -0.9997854 0.01448497
vn -0.4974487 -0.7185665 0.4860114
vn -0.4860277 -0.7185583 0.4974446
vn -0.6854842 -0.7042985 0.1845941
vn -0.03164062 -0.9994625 0.008576544
vn -0.6870036 -0.7029405 -0.1841219
vn 0.01448491 -0.9997854 -0.01481195
vn -0.05310238 -0.9984876 -0.01423701
vn -0.5029157 -0.7029661 -0.5029061
vn -0.008585311 -0.9994624 0.03164058
vn -0.1846085 -0.7043153 0.685463
vn 0.008586479 -0.9994622 -0.03164846
vn -0.1393554 -0.9803917 -0.1393273
vn -0.1841263 -0.7029533 -0.6869891
vn -0.01423187 -0.9984876 -0.0531042
vn 0.1845938 -0.7043205 -0.6854617
vn 0.4860008 -0.7185699 -0.497454
vn 0.4974307 -0.7185652 -0.4860317
vn 0.01481307 -0.9997854 -0.0144828
vn 0.6854391 -0.7043409 -0.1846001
vn 0.03164033 -0.9994624 -0.008584023
vn 0.6869662 -0.702981 0.1841066
vn 0.05310367 -0.9984875 0.01423684
vn 0.5028913 -0.7029828 0.502907
vn 0.01423315 -0.9984872 0.05310945
vn 0.1840995 -0.7029601 0.6869895
vn 0.1393648 -0.9803877 0.1393464
vn -0.02071664 -0.9997854 0.000232432
vn -0.0207163 -0.9997854 -0.0002325393
vn -0.6954271 -0.7185513 -0.008080437
vn -0.6954347 -0.7185439 0.008080199
vn -0.615252 -0.7042775 -0.3542008
vn -0.02844459 -0.9994623 -0.01630872
vn -0.3556011 -0.7029121 -0.6160052
vn 0.02071704 -0.9997854 -0.000232433
vn -0.02748616 -0.9984878 -0.04760835
vn -1.407042E-06 -0.7029424 -0.7112467
vn -0.02844396 -0.9994625 0.01629972
vn -0.6152479 -0.7042994 0.3541642
vn 0.02844471 -0.9994623 -0.016307
vn 0 -0.9803905 -0.1970646
vn 0.3555885 -0.7029373 -0.6159837
vn 0.02748607 -0.9984878 -0.04760835
vn 0.615243 -0.704302 -0.3541679
vn 0.6954252 -0.7185531 -0.008079597
vn 0.6954351 -0.7185434 0.008078912
vn 0.02071655 -0.9997854 0.0002323977
vn 0.6152339 -0.7043212 0.3541451
vn 0.02844429 -0.9994624 0.01630159
vn 0.3555834 -0.702969 0.6159505
vn 0.02748542 -0.9984884 0.04759605
vn 6.403509E-07 -0.702961 0.7112283
vn -0.02748526 -0.9984884 0.04759605
vn -0.3555997 -0.7029451 0.6159684
vn 0 -0.9803847 0.1970935
vn 0.01481308 -0.9997854 0.01448357
vn 0.01448454 -0.9997854 0.01481234
vn 0.4860153 -0.7185613 0.4974524
vn 0.4974466 -0.7185563 0.4860284
vn 0.1846027 -0.7042958 0.6854848
vn 0.008586023 -0.9994623 0.03164466
vn -0.184123 -0.7029418 0.6870018
vn -0.01481325 -0.9997854 -0.01448646
vn -0.01423054 -0.9984876 0.05310355
vn -0.5029151 -0.7029628 0.5029112
vn 0.03163973 -0.9994624 0.008584996
vn 0.6854683 -0.704312 0.1846013
vn -0.03164044 -0.9994625 -0.008578412
vn -0.1393544 -0.9803913 0.1393315
vn -0.6869933 -0.7029518 0.1841164
vn -0.05310282 -0.9984876 0.0142367
vn -0.6854599 -0.7043213 -0.1845977
vn -0.4974346 -0.7185737 -0.486015
vn -0.4860137 -0.7185667 -0.4974462
vn -0.01448448 -0.9997854 -0.01481494
vn -0.1845979 -0.7043367 -0.6854439
vn -0.008585961 -0.9994624 -0.0316399
vn 0.1841113 -0.7029818 -0.6869641
vn 0.01423359 -0.9984876 -0.05310202
vn 0.5028967 -0.7029825 -0.5029021
vn 0.05310335 -0.9984876 -0.01423348
vn 0.6869797 -0.7029661 -0.1841132
vn 0.1393669 -0.9803837 -0.1393722
vn 0.000162882 0.9997869 -0.02064311
vn -0.0001628759 0.9997869 -0.02064321
vn -0.005690142 0.718567 -0.6954346
vn 0.005689426 0.7185585 -0.6954432
vn -0.3541787 0.7042978 -0.6152414
vn -0.01629807 0.9994628 -0.02843608
vn -0.6159775 0.7029376 -0.3555986
vn -0.0001628422 0.9997869 0.02064228
vn -0.04759905 0.9984884 -0.02748096
vn -0.7112363 0.702953 -1.010395E-07
vn 0.01629818 0.9994628 -0.02843635
vn 0.3541513 0.7043192 -0.6152328
vn -0.01629767 0.9994627 0.02843882
vn -0.1970231 0.9803988 5.899164E-06
vn -0.6159714 0.7029523 0.3555803
vn -0.04759986 0.9984883 0.02748212
vn -0.3541554 0.7043205 0.6152287
vn -0.005689839 0.718597 0.6954035
vn 0.005688402 0.7185861 0.6954147
vn 0.0001628634 0.9997869 0.02064085
vn 0.3541328 0.7043446 0.6152142
vn 0.01629829 0.9994628 0.02843486
vn 0.6159369 0.7029921 0.3555611
vn 0.04760335 0.9984882 0.02747971
vn 0.7111898 0.7030001 -5.429122E-06
vn 0.04760218 0.9984883 -0.02747962
vn 0.6159378 0.7029815 -0.3555807
vn 0.197044 0.9803946 1.294664E-06
vn 0.0001628724 0.9997869 -0.02064301
vn -0.0001628663 0.9997869 -0.02064319
vn -0.005689936 0.7185857 -0.6954152
vn 0.005689158 0.7185775 -0.6954235
vn -0.3541807 0.7042895 -0.6152498
vn -0.01629818 0.9994628 -0.02843634
vn -0.6159826 0.7029306 -0.3556037
vn -0.0001628436 0.9997869 0.02064229
vn -0.04759984 0.9984884 -0.02748099
vn -0.7112346 0.7029546 7.17376E-06
vn 0.0162984 0.9994627 -0.02843731
vn 0.3541529 0.7043079 -0.6152447
vn -0.01629745 0.9994627 0.02843903
vn -0.1970276 0.9803979 3.153414E-06
vn -0.6159742 0.7029458 0.3555882
vn -0.04760084 0.9984883 0.02748243
vn -0.3541615 0.7043111 0.6152362
vn -0.005690162 0.718604 0.6953962
vn 0.005688417 0.7185928 0.6954079
vn 0.0001628619 0.9997869 0.02064094
vn 0.3541359 0.7043455 0.6152115
vn 0.01629813 0.9994628 0.02843489
vn 0.6159344 0.7029918 0.3555664
vn 0.04760284 0.9984883 0.02747903
vn 0.7111961 0.7029937 -1.861118E-07
vn 0.04760248 0.9984883 -0.0274785
vn 0.6159435 0.7029704 -0.355593
vn 0.1970426 0.9803949 -3.870135E-07
vn 0.0001628636 0.9997869 -0.02064507
vn -0.0001628654 0.9997869 -0.02064472
vn -0.005690157 0.7185711 -0.6954302
vn 0.005689819 0.7185592 -0.6954425
vn -0.3541728 0.7042866 -0.6152578
vn -0.01629825 0.9994628 -0.028436
vn -0.6159832 0.7029362 -0.3555916
vn -0.0001628505 0.9997869 0.02064051
vn -0.04760122 0.9984883 -0.0274794
vn -0.7112348 0.7029545 4.307418E-06
vn 0.01629835 0.9994627 -0.02843725
vn 0.354159 0.7043112 -0.6152375
vn -0.01629778 0.9994627 0.02843907
vn -0.1970295 0.9803976 2.414024E-06
vn -0.615979 0.7029484 0.3555748
vn -0.04760136 0.9984883 0.0274804
vn -0.3541615 0.7043104 0.6152371
vn -0.00568967 0.718582 0.695419
vn 0.005689074 0.7185612 0.6954405
vn 0.0001628444 0.9997869 0.02064097
vn 0.3541428 0.7043266 0.6152292
vn 0.01629841 0.9994627 0.02843804
vn 0.6159344 0.7029821 0.3555854
vn 0.0476031 0.9984882 0.02748009
vn 0.7111949 0.7029949 -1.595239E-07
vn 0.04760197 0.9984883 -0.02747945
vn 0.6159371 0.7029719 -0.3556008
vn 0.1970394 0.9803956 -3.639684E-07
vn 0 -0.8252427 -0.5647781
vn 0 -0.7438084 -0.6683929
vn 0 -0.7438073 -0.6683941
vn 0 -0.8097224 -0.586813
vn 0.01009546 -0.750709 -0.6605558
vn 0.01008391 -0.7507012 -0.6605649
vn 0.00707858 -0.823355 -0.5674825
vn 0.007101897 -0.8233269 -0.567523
vn -0.007070938 -0.8233565 -0.5674805
vn -0.007094889 -0.8233276 -0.5675221
vn -0.01009529 -0.7507092 -0.6605557
vn -0.01008353 -0.7507012 -0.6605649
vn 0 -0.7438077 -0.6683936
vn 0 -0.8097225 -0.5868129
vn 0 -0.825243 -0.5647779
vn 0 -0.7438087 -0.6683926
vn 0.7071081 0 -0.7071054
vn 0.3826867 0 -0.9238782
vn 0.3826867 0 -0.9238782
vn 0.7071081 0 -0.7071054
vn 0.9238793 0 -0.382684
vn 0.9238793 0 -0.382684
vn 1 0 0
vn 1 0 0
vn 0.9238794 0 0.3826837
vn 0.9238794 0 0.3826837
vn 0.7071075 0 0.7071061
vn 0.7071075 0 0.7071061
vn 0.3826846 0 0.923879
vn 0.3826846 0 0.923879
vn 0.3826867 0 -0.9238782
vn 0.3826867 0 -0.9238782
vn 1.821182E-07 0 -1
vn 0 0 -1
vn -0.3826868 0 -0.9238781
vn -0.3826868 0 -0.9238781
vn -0.3826868 0 -0.9238781
vn -0.3826868 0 -0.9238781
vn -0.7071061 0 -0.7071074
vn -0.7071061 0 -0.7071074
vn -0.9238793 0 -0.382684
vn -0.9238793 0 -0.382684
vn -1 0 0
vn -1 0 0
vn -0.9238794 0 0.3826837
vn -0.9238794 0 0.3826837
vn -0.7071074 0 0.7071061
vn -0.7071074 0 0.7071061
vn -0.3826846 0 0.923879
vn -0.3826846 0 0.923879
vn -0.3826846 0 0.923879
vn -0.3826846 0 0.923879
vn -1.150221E-07 0 1
vn -1.150221E-07 0 1
vn 0.3826846 0 0.923879
vn 0.3826846 0 0.923879
vn -0.7071058 0 -0.7071077
vn -0.3826805 0 -0.9238808
vn -0.3826805 0 -0.9238808
vn -0.7071058 0 -0.7071077
vn -0.9238791 0 -0.3826845
vn -0.9238791 0 -0.3826845
vn -1 0 0
vn -1 0 0
vn -0.9238797 0 0.3826831
vn -0.9238797 0 0.3826831
vn -0.7071071 0 0.7071064
vn -0.7071071 0 0.7071064
vn -0.3826864 0 0.9238783
vn -0.3826864 0 0.9238783
vn -0.3826805 0 -0.9238808
vn -0.3826805 0 -0.9238808
vn 0 0 -1
vn 0 0 -1
vn 0.3826805 0 -0.9238808
vn 0.3826805 0 -0.9238808
vn 0.3826805 0 -0.9238808
vn 0.3826805 0 -0.9238808
vn 0.7071065 0 -0.707107
vn 0.7071065 0 -0.707107
vn 0.9238796 0 -0.3826832
vn 0.9238796 0 -0.3826832
vn 1 0 7.620858E-07
vn 1 0 7.620858E-07
vn 0.9238794 0 0.3826838
vn 0.9238794 0 0.3826838
vn 0.7071071 0 0.7071064
vn 0.7071071 0 0.7071064
vn 0.3826864 0 0.9238783
vn 0.3826864 0 0.9238783
vn 0.3826864 0 0.9238783
vn 0.3826864 0 0.9238783
vn 0 0 1
vn 0 0 1
vn -0.3826864 0 0.9238783
vn -0.3826864 0 0.9238783
vn 0 0 1
vn 0 0 1
vn 0 0 1
vn 0 0 1
vn 0.8660275 0 0.4999965
vn 0.8660275 0 0.4999965
vn 0.8660275 0 0.4999965
vn 0.8660275 0 0.4999965
vn 0.866028 0 -0.4999957
vn 0.866028 0 -0.4999957
vn 0.866028 0 -0.4999957
vn 0.866028 0 -0.4999957
vn 0 0 -1
vn 0 0 -1
vn 0 0 -1
vn 0 0 -1
vn -0.8660277 0 -0.4999961
vn -0.8660277 0 -0.4999961
vn -0.8660277 0 -0.4999961
vn -0.8660277 0 -0.4999961
vn -0.8660233 0 0.5000037
vn -0.8660233 0 0.5000037
vn -0.8660233 0 0.5000037
vn -0.8660233 0 0.5000037
vn -0.500007 0 0.8660213
vn -0.500007 0 0.8660213
vn -0.500007 0 0.8660213
vn -0.500007 0 0.8660213
vn 0.500003 0 0.8660237
vn 0.500003 0 0.8660237
vn 0.500003 0 0.8660237
vn 0.500003 0 0.8660237
vn 1 0 0
vn 1 0 0
vn 1 0 0
vn 1 0 0
vn 0.4999705 0 -0.8660425
vn 0.4999705 0 -0.8660425
vn 0 0 -1
vn 0 0 -1
vn -0.499981 0 -0.8660364
vn -0.499981 0 -0.8660364
vn -1 0 0
vn -1 0 0
vn -1 0 0
vn -1 0 0
vn 0.3826807 0 -0.9238806
vn 0.3826807 0 -0.9238806
vn 0.7071074 -4.339113E-07 -0.7071061
vn 0.7071074 -4.339113E-07 -0.7071061
vn 0.9238799 -8.678234E-07 -0.3826826
vn 0.9238799 -8.678232E-07 -0.3826824
vn 1 -6.508693E-07 7.337557E-07
vn 1 -6.508692E-07 7.337559E-07
vn 0.9238794 -8.678244E-07 0.3826838
vn 0.9238794 -8.678244E-07 0.3826838
vn 0.7071054 -1.553607E-06 0.7071081
vn 0.7071051 -1.553607E-06 0.7071084
vn 0.3826832 -9.095176E-07 0.9238796
vn 0.3826832 -9.095177E-07 0.9238796
vn 0 0 -1
vn 0.3826807 0 -0.9238806
vn 0.3826807 0 -0.9238806
vn 0 0 -1
vn -0.3826807 0 -0.9238806
vn -0.3826807 0 -0.9238806
vn -0.7071053 0 -0.7071082
vn -0.3826807 0 -0.9238806
vn -0.3826807 0 -0.9238806
vn -0.7071053 0 -0.7071082
vn -0.9238796 -2.169558E-07 -0.3826832
vn -0.9238796 -2.169558E-07 -0.3826832
vn -1 -6.508673E-07 -3.021339E-07
vn -1 -6.508674E-07 -2.935014E-07
vn -0.9238794 -6.508686E-07 0.3826836
vn -0.9238794 -6.508685E-07 0.3826837
vn -0.7071062 -2.169559E-07 0.7071072
vn -0.7071062 -2.169559E-07 0.7071072
vn -0.3826824 0 0.92388
vn -0.3826824 0 0.92388
vn -1.122214E-07 0 1
vn -0.3826824 0 0.92388
vn -0.3826824 0 0.92388
vn -1.122214E-07 0 1
vn 0.3826832 -9.095177E-07 0.9238796
vn 0.3826832 -9.095176E-07 0.9238796
vn -0.3815489 0.002045957 0.9243464
vn -0.3815489 0.002045957 0.9243464
vn -0.7071065 0 0.707107
vn -0.7071065 0 0.707107
vn -0.9243468 0.002045241 0.381548
vn -0.9243467 0.002045239 0.3815481
vn -0.9999917 0.004089202 0
vn -0.9999917 0.004089202 0
vn -0.9243468 0.002047696 -0.381548
vn -0.9243476 0.002047719 -0.381546
vn -0.7071069 1.578446E-06 -0.7071066
vn -0.7071069 1.578446E-06 -0.7071066
vn -0.3815473 0.002044897 -0.9243471
vn -0.3815472 0.002044898 -0.9243471
vn -1.163405E-07 0.004089582 0.9999917
vn -0.3815489 0.002045957 0.9243464
vn -0.3815489 0.002045957 0.9243464
vn -4.371529E-07 0.004089583 0.9999917
vn 0.3815495 0.002045598 0.9243462
vn 0.3815494 0.002045598 0.9243462
vn 0.7071044 -1.219532E-07 0.707109
vn 0.3815494 0.002045598 0.9243462
vn 0.3815495 0.002045598 0.9243462
vn 0.7071044 -1.219532E-07 0.707109
vn 0.9243466 0.002045095 0.3815485
vn 0.9243466 0.002045095 0.3815485
vn 0.9999917 0.004088201 4.362771E-07
vn 0.9999917 0.0040882 4.274382E-07
vn 0.9243468 0.002045334 -0.3815479
vn 0.9243468 0.002045334 -0.3815479
vn 0.7071082 1.829297E-07 -0.7071053
vn 0.7071083 1.829297E-07 -0.7071053
vn 0.381548 0.002045126 -0.9243468
vn 0.381548 0.002045126 -0.9243468
vn 0 0.004087918 -0.9999917
vn 0.381548 0.002045126 -0.9243468
vn 0.381548 0.002045126 -0.9243468
vn 0 0.004087918 -0.9999917
vn -0.3815472 0.002044898 -0.9243471
vn -0.3815473 0.002044897 -0.9243471
vn 0.4999926 0 -0.8660297
vn 0.4999926 0 -0.8660297
vn 0 0 -1
vn 0 0 -1
vn -0.4999826 0 -0.8660355
vn -0.4999826 0 -0.8660355
vn -1 0 5.483559E-07
vn -1 0 5.483559E-07
vn -1 0 5.483559E-07
vn -1 0 5.483559E-07
vn -0.4999863 0 0.8660333
vn -0.4999863 0 0.8660333
vn 1.517439E-05 0 1
vn 1.517439E-05 0 1
vn 0.4999972 0 0.8660269
vn 0.4999972 0 0.8660269
vn 1 0 0
vn 1 0 0
vn 1 0 0
vn 1 0 0
vn -1 0 0
vn -1 0 0
vn -1 0 0
vn -1 0 0
vn -0.4999975 0 0.8660269
vn -0.4999975 0 0.8660269
vn -1.512799E-05 0 1
vn -1.512799E-05 0 1
vn 0.4999861 0 0.8660335
vn 0.4999861 0 0.8660335
vn 1 0 0
vn 1 0 0
vn 1 0 0
vn 1 0 0
vn 0.4999838 0 -0.8660347
vn 0.4999838 0 -0.8660347
vn 6.032631E-07 0 -1
vn 6.032631E-07 0 -1
vn -0.4999917 0 -0.8660302
vn -0.4999917 0 -0.8660302
vn -0.4999957 0 -0.866028
vn -0.4999957 0 -0.866028
vn -0.4999957 0 -0.866028
vn -0.4999957 0 -0.866028
vn -1 0 1.096741E-06
vn -1 0 1.096741E-06
vn -1 0 1.096741E-06
vn -1 0 1.096741E-06
vn -0.5000107 0 0.8660192
vn -0.5000107 0 0.8660192
vn -0.5000107 0 0.8660192
vn -0.5000107 0 0.8660192
vn 0.50001 0 0.8660197
vn 0.50001 0 0.8660197
vn 0.50001 0 0.8660197
vn 0.50001 0 0.8660197
vn 1 0 4.112777E-07
vn 1 0 4.112777E-07
vn 1 0 4.112777E-07
vn 1 0 4.112777E-07
vn 0.4999973 0 -0.8660269
vn 0.4999973 0 -0.8660269
vn 0.4999973 0 -0.8660269
vn 0.4999973 0 -0.8660269
vn -0.8660298 0 -0.4999923
vn -0.8660298 0 -0.4999923
vn -0.8660298 0 -0.4999923
vn -0.8660298 0 -0.4999923
vn -0.8660209 0 0.5000079
vn -0.8660209 0 0.5000079
vn -0.8660209 0 0.5000079
vn -0.8660209 0 0.5000079
vn 0 0 1
vn 0 0 1
vn 0 0 1
vn 0 0 1
vn 0.8660218 0 0.5000064
vn 0.8660218 0 0.5000064
vn 0.8660218 0 0.5000064
vn 0.8660218 0 0.5000064
vn 0.8660344 0 -0.4999845
vn 0.8660344 0 -0.4999845
vn 0.8660344 0 -0.4999845
vn 0.8660344 0 -0.4999845
vn 0 0 -1
vn 0 0 -1
vn 0 0 -1
vn 0 0 -1
vn -0.8660259 0 0.4999992
vn -0.8660259 0 0.4999992
vn -0.8660259 0 0.4999992
vn -0.8660259 0 0.4999992
vn 0 0 1
vn 0 0 1
vn 0 0 1
vn 0 0 1
vn 0.8660253 0 0.5000004
vn 0.8660253 0 0.5000004
vn 0.8660253 0 0.5000004
vn 0.8660253 0 0.5000004
vn 0.866023 0 -0.5000041
vn 0.866023 0 -0.5000041
vn 0.866023 0 -0.5000041
vn 0.866023 0 -0.5000041
vn 0 0 -1
vn 0 0 -1
vn 0 0 -1
vn 0 0 -1
vn -0.8660237 0 -0.500003
vn -0.8660237 0 -0.500003
vn -0.8660237 0 -0.500003
vn -0.8660237 0 -0.500003
vn 0 0 -1
vn 0 0 -1
vn 0 0 -1
vn 0 0 -1
vn -0.8660297 0 -0.4999926
vn -0.8660297 0 -0.4999926
vn -0.8660297 0 -0.4999926
vn -0.8660297 0 -0.4999926
vn -0.866024 0 0.5000026
vn -0.866024 0 0.5000026
vn -0.866024 0 0.5000026
vn -0.866024 0 0.5000026
vn 0 0 1
vn 0 0 1
vn 0 0 1
vn 0 0 1
vn 0.866028 0 0.4999957
vn 0.866028 0 0.4999957
vn 1 0 0
vn 1 0 0
vn 0.8660299 0 -0.4999922
vn 0.8660299 0 -0.4999922
vn 0.8660237 0 -0.500003
vn 0.8660237 0 -0.500003
vn 0.8660237 0 -0.500003
vn 0.8660237 0 -0.500003
vn 0 0 -1
vn 0 0 -1
vn 0 0 -1
vn 0 0 -1
vn -0.8660235 0 -0.5000034
vn -0.8660235 0 -0.5000034
vn -0.8660235 0 -0.5000034
vn -0.8660235 0 -0.5000034
vn -0.8660213 0 0.5000072
vn -0.8660213 0 0.5000072
vn -0.8660213 0 0.5000072
vn -0.8660213 0 0.5000072
vn 0 0 1
vn 0 0 1
vn 0 0 1
vn 0 0 1
vn 0.8660215 0 0.5000069
vn 0.8660215 0 0.5000069
vn 0.8660215 0 0.5000069
vn 0.8660215 0 0.5000069
vn 1 0 0
vn 1 0 0
vn 0.8660291 0 -0.4999937
vn 0.8660291 0 -0.4999937
vn 0.5000193 0 -0.8660142
vn 0.5000193 0 -0.8660142
vn -0.4999985 0 -0.8660262
vn -0.4999985 0 -0.8660262
vn -0.4999985 0 -0.8660262
vn -0.4999985 0 -0.8660262
vn -1 0 0
vn -1 0 0
vn -1 0 0
vn -1 0 0
vn -0.4999927 0 0.8660296
vn -0.4999927 0 0.8660296
vn 0 0 1
vn 0 0 1
vn 0.4999934 0 0.8660293
vn 0.4999934 0 0.8660293
vn 0.8660237 0 0.5000029
vn 0.8660237 0 0.5000029
vn 0.8660237 0 0.5000029
vn 0.8660237 0 0.5000029
vn 0.8660277 0 -0.4999961
vn 0.8660277 0 -0.4999961
vn 0.8660277 0 -0.4999961
vn 0.8660277 0 -0.4999961
vn 5.050235E-07 0 -1
vn 5.050235E-07 0 -1
vn 5.050235E-07 0 -1
vn 5.050235E-07 0 -1
vn -0.8660278 0 -0.4999959
vn -0.8660278 0 -0.4999959
vn -0.8660278 0 -0.4999959
vn -0.8660278 0 -0.4999959
vn -0.866028 0 0.4999957
vn -0.866028 0 0.4999957
vn -0.866028 0 0.4999957
vn -0.866028 0 0.4999957
vn -1.010057E-06 0 1
vn -1.010057E-06 0 1
vn -1.010057E-06 0 1
vn -1.010057E-06 0 1
vn 0.5000039 0 0.8660232
vn 0.5000039 0 0.8660232
vn 0.5000039 0 0.8660232
vn 0.5000039 0 0.8660232
vn 1 0 0
vn 1 0 0
vn 0.8660262 0 -0.4999987
vn 0.8660262 0 -0.4999987
vn 0.5000107 0 -0.8660192
vn 0.5000107 0 -0.8660192
vn -0.5000101 0 -0.8660196
vn -0.5000101 0 -0.8660196
vn -0.8660264 0 -0.4999984
vn -0.8660264 0 -0.4999984
vn -1 0 1.713687E-06
vn -1 0 1.713687E-06
vn -0.5000034 0 0.8660235
vn -0.5000034 0 0.8660235
vn -0.5000034 0 0.8660235
vn -0.5000034 0 0.8660235
vn -0.2155876 -0.5699881 0.7928653
vn -0.1990688 -0.5010346 0.8422208
vn -0.9915164 -0.06706429 0.1113448
vn -0.9937685 -0.06644836 0.08949275
vn -0.2221847 -0.7545019 0.6175442
vn -0.989401 0.08206703 -0.1197936
vn -0.994118 -0.0849878 0.0671311
vn -0.2244073 -0.8849819 0.4079809
vn -0.9872835 0.09776573 -0.1253524
vn -0.2097446 0.5552773 -0.8047822
vn -0.1996424 0.6100302 -0.7668155
vn -0.9868794 0.1246097 -0.1026716
vn -0.1996778 0.765132 -0.612129
vn -0.9939797 -0.09968181 0.04547369
vn -0.9875043 0.1435476 -0.06503315
vn -0.2039167 0.8930409 -0.4011183
vn -0.2010857 0.9634664 -0.1769098
vn -0.9946655 -0.1014952 0.0184171
vn -0.2285939 -0.959523 0.1645001
vn -0.2122019 -0.9770822 -0.01676073
vn -0.9925673 -0.1216842 -0.001773527
vn -0.9862542 0.1627232 -0.02870216
vn -0.9888384 0.1489822 -0.001700891
vn -0.2064214 0.9783807 -0.01270532
vn 0.1378359 0.5864288 -0.798187
vn 0.1302338 0.5169445 -0.8460541
vn 0 0.5211069 -0.8534914
vn 0 0.5925494 -0.8055341
vn 0.1426538 0.7689374 -0.6232057
vn 0 0.7775461 -0.628826
vn 0.1427419 0.899265 -0.4134577
vn 0 0.9085099 -0.4178633
vn 0 0.9855041 -0.1696516
vn 0.1456503 0.9750354 -0.1676065
vn 0.1344134 0.9908699 0.01047982
vn 0 0.9999429 0.01069078
vn 0.1278246 -0.6120538 0.7804173
vn 0.1319242 -0.5565537 0.8202706
vn 0.995855 -0.05095356 0.07534167
vn 0.995271 -0.05950595 0.07677623
vn 0.1267764 -0.7720736 0.6227599
vn 0.9969828 0.04062469 -0.06614345
vn 0.9950168 -0.07707389 0.06325565
vn 0.1281871 -0.9043353 0.4071187
vn 0.9976377 0.0411646 -0.05499499
vn 0.1302338 0.5169445 -0.8460541
vn 0.1378359 0.5864288 -0.798187
vn 0.9978188 0.05170307 -0.04104136
vn 0.1426538 0.7689374 -0.6232057
vn 0.9951676 -0.08956196 0.04025076
vn 0.1264787 -0.9756988 0.1789274
vn 0.9977723 0.06059759 -0.02789991
vn 0.1427419 0.899265 -0.4134577
vn 0.9980172 0.06199513 -0.0108723
vn 0.1456503 0.9750354 -0.1676065
vn 0.9946864 -0.1013013 0.01835846
vn 0.1328773 -0.9910953 0.008585691
vn 0.9959578 -0.08982004 0.0007292825
vn 0.9971008 0.0760875 0.0007435619
vn 0.1344134 0.9908699 0.01047982
vn 0 -0.6168084 0.7871134
vn 0 -0.5616383 0.8273829
vn 0.1319242 -0.5565537 0.8202706
vn 0.1278246 -0.6120538 0.7804173
vn 0 -0.7777416 0.6285841
vn 0.1267764 -0.7720736 0.6227599
vn 0 -0.9119142 0.4103811
vn 0.1281871 -0.9043353 0.4071187
vn 0.1264787 -0.9756988 0.1789274
vn 0 -0.9836279 0.1802109
vn 0 -0.9999619 0.008739056
vn 0.1328773 -0.9910953 0.008585691
vn 1 -2.265202E-06 2.438775E-06
vn 1 -5.427482E-06 5.843367E-06
vn 1 -6.195547E-07 6.670286E-07
vn 1 -4.178352E-07 4.498522E-07
vn 1 2.989477E-06 0
vn 1 1.246952E-07 0
vn 1 3.868071E-07 0
vn 1 3.567695E-06 0
vn 1 2.116828E-06 0
vn 1 1.377887E-07 0
vn 1 -1.298899E-06 0
vn 1 -4.29788E-06 0
vn 1 6.156237E-07 0
vn 1 3.564178E-07 0
vn 1 -3.189297E-06 0
vn 1 1.1689E-06 0
vn 1 3.049988E-06 0
vn 1 2.087741E-07 0
vn 1 0 0
vn 1 -2.548259E-06 0
vn 1 -9.555903E-06 0
vn 1 -1.184861E-06 0
vn 1 0 0
vn 1 0 0
vn -0.1996424 0.6100302 -0.7668155
vn -0.2097446 0.5552773 -0.8047822
vn 3.82445E-07 0.568607 -0.8226092
vn 5.732841E-07 0.6221071 -0.7829322
vn -0.1996778 0.765132 -0.612129
vn 1.800901E-06 0.6221078 -0.7829316
vn 1.201404E-06 0.5686076 -0.8226089
vn 1.104738E-06 0.7794764 -0.6264316
vn 5.275104E-07 0.779476 -0.626432
vn -0.2039167 0.8930409 -0.4011183
vn -4.701526E-07 0.9120283 -0.4101274
vn 1.496644E-07 0.9120284 -0.410127
vn -0.2010857 0.9634664 -0.1769098
vn 0 0.98377 -0.1794339
vn -0.2064214 0.9783807 -0.01270532
vn -4.996772E-07 0.98377 -0.1794341
vn 0 0.9999106 -0.01336976
vn 0 0.9999106 -0.01336984
vn -0.1333801 0.5868044 -0.7986678
vn -0.1259823 0.5172198 -0.8465294
vn -0.9969826 0.04062621 -0.06614376
vn -0.9976376 0.04116596 -0.05499587
vn -0.9958552 -0.05095232 0.07534203
vn -0.1380573 0.7694654 -0.623589
vn -0.995271 -0.05950607 0.07677645
vn -0.1276219 -0.5568773 0.8207316
vn -0.1236342 -0.612372 0.7808425
vn -0.9978187 0.05170479 -0.04104196
vn -0.9950166 -0.07707434 0.0632565
vn -0.1226052 -0.7724615 0.6231142
vn -0.1239754 -0.9048253 0.4073346
vn -0.9951674 -0.0895634 0.04025146
vn -0.1223133 -0.9762133 0.1790165
vn -0.9977722 0.06059923 -0.02790011
vn -0.1381395 0.8998563 -0.4137344
vn -0.9980173 0.06199493 -0.01087301
vn -0.1409705 0.9757019 -0.1677295
vn -0.1300384 0.9914535 0.01048919
vn -0.9971009 0.07608663 0.0007425125
vn -0.9946862 -0.1013027 0.01835823
vn -0.9959578 -0.08982013 0.0007280964
vn -0.1285432 -0.9916667 0.008593461
vn -1 0 -2.907881E-07
vn -1 0 8.135418E-07
vn -1 -1.353876E-06 1.215107E-07
vn -1 -7.551655E-07 0
vn -1 1.623627E-07 0
vn -1 -1.027104E-06 4.914077E-07
vn -1 -1.964728E-06 5.588459E-07
vn -1 -5.427512E-06 4.605768E-06
vn -1 -2.265188E-06 3.525792E-06
vn -1 1.208824E-07 0
vn -1 -1.758515E-06 2.226034E-06
vn -1 -1.293687E-05 1.906949E-06
vn -1 3.056892E-07 -1.608613E-07
vn -1 -4.11703E-07 2.614558E-07
vn -1 -1.61326E-05 1.342557E-06
vn -1 1.0758E-06 1.554064E-07
vn -1 -1.96975E-06 1.656352E-06
vn -1 -7.29201E-07 2.050646E-07
vn -1 7.346599E-07 0
vn -1 -1.112015E-05 6.292567E-07
vn -1 -1.836788E-05 0
vn -1 -7.774206E-07 -3.769938E-07
vn -1 -1.595766E-07 -3.001686E-07
vn -1 -9.555903E-06 4.680049E-07
vn 0.1943107 0.6106848 -0.7676637
vn 0.2042298 0.5559583 -0.8057298
vn 0.9894008 0.082067 -0.119796
vn 0.9872832 0.09776668 -0.1253538
vn 0.9915165 -0.06706499 0.1113438
vn 0.1943186 0.7659351 -0.6128488
vn 0.9937685 -0.06644792 0.08949275
vn 0.1937547 -0.5015491 0.8431535
vn 0.2099881 -0.5707188 0.793842
vn 0.9868792 0.124611 -0.1026721
vn 0.994118 -0.08498735 0.06713191
vn 0.2164428 -0.755541 0.6183125
vn 0.2186066 -0.8861838 0.4085211
vn 0.9875043 0.1435475 -0.0650335
vn 0.1984657 0.8940575 -0.4015876
vn 0.1956844 0.9645476 -0.1770746
vn 0.9939797 -0.09968168 0.04547361
vn 0.9946656 -0.1014949 0.01841649
vn 0.222723 -0.9608569 0.1647681
vn 0.9862543 0.1627226 -0.02870262
vn 0.2009476 0.9795193 -0.01272965
vn 0.9888384 0.1489821 -0.00170151
vn 0.9925673 -0.1216839 -0.001774377
vn 0.2066325 -0.9782745 -0.01679715
vn -2.598202E-06 0.6221071 -0.7829321
vn -2.599938E-06 0.568609 -0.8226079
vn -7.648898E-07 0.5686076 -0.8226089
vn -7.64378E-07 0.6221071 -0.7829321
vn -1.195374E-06 0.7794756 -0.6264326
vn 0.1943107 0.6106848 -0.7676637
vn 0.2042298 0.5559583 -0.8057298
vn 0.1943186 0.7659351 -0.6128488
vn -3.516728E-07 0.7794759 -0.6264321
vn 0.1984657 0.8940575 -0.4015876
vn 0 0.9120286 -0.4101265
vn 0 0.9120287 -0.4101264
vn 0.1956844 0.9645476 -0.1770746
vn 0 0.9837701 -0.1794332
vn 0 0.9837701 -0.1794337
vn 0 0.9999106 -0.01336927
vn 0 0.9999106 -0.01336888
vn 0.2009476 0.9795193 -0.01272965
vn -0.2285939 -0.959523 0.1645001
vn -0.2122019 -0.9770822 -0.01676073
vn 0 -0.9998415 -0.01780912
vn 0 -0.9853703 0.1704269
vn -0.2244073 -0.8849819 0.4079809
vn 0 -0.9853703 0.170427
vn 0 -0.9998415 -0.01780843
vn 0 -0.9083403 0.418232
vn -0.2221847 -0.7545019 0.6175442
vn -5.716225E-07 -0.9083406 0.4182312
vn -4.372622E-07 -0.7753756 0.6315004
vn -0.2155876 -0.5699881 0.7928653
vn -2.0604E-06 -0.775376 0.6314998
vn -7.670822E-07 -0.5844284 0.8114452
vn -0.1990688 -0.5010346 0.8422208
vn -1.606463E-06 -0.5844285 0.8114452
vn -5.091943E-07 -0.5101359 0.8600938
vn 0 -0.5101361 0.8600938
vn -0.1236342 -0.612372 0.7808425
vn -0.1276219 -0.5568773 0.8207316
vn 0 -0.5616396 0.827382
vn 0 -0.616809 0.787113
vn -0.1226052 -0.7724615 0.6231142
vn 0 -0.7777413 0.6285845
vn 0 -0.9119139 0.4103816
vn -0.1239754 -0.9048253 0.4073346
vn 0 -0.9836279 0.1802114
vn -0.1223133 -0.9762133 0.1790165
vn 0 -0.9999619 0.008739511
vn -0.1285432 -0.9916667 0.008593461
vn 0 0.5211056 -0.8534921
vn -0.1259823 0.5172198 -0.8465294
vn -0.1333801 0.5868044 -0.7986678
vn 0 0.5925488 -0.8055345
vn -0.1380573 0.7694654 -0.623589
vn 0 0.7775461 -0.628826
vn -0.1381395 0.8998563 -0.4137344
vn 0 0.9085099 -0.4178633
vn 0 0.985504 -0.1696521
vn -0.1409705 0.9757019 -0.1677295
vn -0.1300384 0.9914535 0.01048919
vn 0 0.9999429 0.01068999
vn 0.2099881 -0.5707188 0.793842
vn 0.1937547 -0.5015491 0.8431535
vn 0 -0.5101361 0.8600938
vn 0 -0.5844285 0.8114452
vn 0 -0.5101344 0.8600947
vn 0 -0.5844281 0.8114455
vn 0.2164428 -0.755541 0.6183125
vn 0 -0.7753757 0.6315002
vn 0 -0.7753763 0.6314995
vn 0 -0.9083406 0.4182312
vn 0 -0.9083404 0.4182317
vn 0.2186066 -0.8861838 0.4085211
vn 0 -0.9853703 0.1704275
vn 0 -0.9853703 0.1704275
vn 0 -0.9998415 -0.01780875
vn 0.222723 -0.9608569 0.1647681
vn 0 -0.9998415 -0.0178075
vn 0.2066325 -0.9782745 -0.01679715
vn 0 0 1
vn 0 0 1
vn 0 0 1
vn 0 0 1
vn 0 0 1
vn 0 0 1
vn 0 0 1
vn 0 0 1
vn 0 5.846232E-07 1
vn 0 5.86857E-07 1
vn 0 5.600167E-06 1
vn 0 5.602345E-06 1
vn 0 6.126604E-06 1
vn 0 1.796279E-06 1
vn 0 6.862709E-07 1
vn 0 6.126577E-06 1
vn 1 0 -4.088984E-07
vn 1 0 -4.088984E-07
vn 1 -1.432392E-06 -3.893856E-07
vn 1 -1.380187E-06 -3.900967E-07
vn 1 -1.591044E-06 0
vn 1 -1.625642E-06 0
vn 1 5.687896E-07 2.661469E-07
vn 1 7.542443E-07 2.441958E-07
vn 1 2.280797E-06 0
vn 1 2.280333E-06 0
vn 1 2.277768E-06 0
vn 1 2.277768E-06 0
vn -2.543341E-07 -0.8252423 -0.5647789
vn -2.261879E-06 -0.7438076 -0.6683937
vn -3.721343E-07 -0.7438097 -0.6683913
vn -1.035833E-07 -0.8111238 -0.5848746
vn -0.01038537 -0.7509062 -0.6603271
vn 0 -0.8252428 -0.5647781
vn -0.01037342 -0.7508982 -0.6603365
vn -0.007078425 -0.8233538 -0.5674844
vn -0.007101817 -0.8233256 -0.5675248
vn 0.007071159 -0.8233551 -0.5674825
vn 0.00709515 -0.8233263 -0.5675241
vn 0.0103851 -0.7509098 -0.660323
vn 0.01037327 -0.7509019 -0.6603323
vn 3.721378E-07 -0.743813 -0.6683878
vn 0 -0.7438102 -0.6683908
vn 1.03584E-07 -0.8111246 -0.5848733
vn -7.500355E-07 5.920294E-06 1
vn 0 6.126548E-06 1
vn -2.042626E-06 6.862686E-07 1
vn -1.870679E-06 1.64066E-06 1
vn -1.293397E-06 7.153562E-06 1
vn -1.294122E-06 7.159074E-06 1
vn -1.263268E-05 1.816945E-06 1
vn -1.264021E-05 1.810049E-06 1
vn -1.351441E-05 -1.230104E-06 1
vn -1.351862E-05 -1.225405E-06 1
vn -1.870664E-06 -5.409933E-07 1
vn -1.723704E-06 -4.048251E-06 1
vn -1.730727E-06 -4.052891E-06 1
vn -7.500137E-07 -1.952125E-06 1
vn -2.297947E-06 0 1
vn -2.279337E-06 0 1
vn -1 0 0
vn -1 0 0
vn -1 0 0
vn -1 0 0
vn -1 -3.526821E-07 0
vn -1 -3.145358E-07 0
vn -1 -4.233468E-07 0
vn -1 -4.175344E-07 0
vn -1 -2.232184E-07 0
vn -1 -2.211769E-07 0
vn -1 -1.672016E-07 0
vn -1 -1.672016E-07 0
vn -0.1779125 -0.8853588 -0.4295195
vn 0 -0.8853595 -0.464907
vn 0 -0.8853595 -0.464907
vn 0.1779125 -0.8853593 -0.4295183
vn -0.1779125 -0.8853588 -0.4295195
vn 0.1779126 -0.8853593 -0.4295183
vn -0.3287393 -0.8853595 -0.3287385
vn 0.3287393 -0.8853596 -0.3287384
vn -0.3287395 -0.8853595 -0.3287384
vn 0.3287394 -0.8853595 -0.3287383
vn -0.4295184 -0.8853597 -0.1779107
vn 0.4295185 -0.8853598 -0.1779102
vn -0.4295186 -0.8853596 -0.1779106
vn 0.4295186 -0.8853598 -0.17791
vn -0.4649076 -0.8853592 -2.048868E-06
vn 0.4649076 -0.8853592 2.014482E-06
vn -0.4649076 -0.8853592 -2.047331E-06
vn 0.4649076 -0.8853592 2.061103E-06
vn -0.4295186 -0.8853595 0.1779108
vn 0.4295184 -0.885359 0.1779133
vn -0.4295186 -0.8853595 0.1779107
vn 0.4295184 -0.885359 0.1779132
vn -0.3287391 -0.8853592 0.3287396
vn 0.3287392 -0.8853592 0.3287395
vn -0.328739 -0.8853592 0.3287396
vn 0.3287391 -0.8853592 0.3287396
vn -0.1779122 -0.8853595 0.4295181
vn 0.1779122 -0.8853595 0.4295181
vn -0.1779123 -0.8853595 0.4295181
vn 0.1779123 -0.8853595 0.429518
vn 0 -0.8853596 0.4649068
vn 0 -0.8853596 0.4649068
vn 0 1 -5.057958E-06
vn 0 1 -5.057907E-06
vn 0 1 -5.057957E-06
vn 0 1 -3.218672E-06
vn 0 1 -5.05791E-06
vn 0 1 -3.218672E-06
vn 0 1 4.597651E-07
vn 0 1 -9.195886E-07
vn 0 1 4.598396E-07
vn 0 1 -9.19645E-07
vn 0 1 1.839226E-06
vn 0 1 9.196118E-07
vn 0 1 1.839258E-06
vn 0 1 9.196228E-07
vn 0 1 -9.196232E-07
vn 0 1 0
vn 0 1 -9.196231E-07
vn 0 1 0
vn 0 1 -9.196225E-07
vn 0 1 1.839248E-06
vn 0 1 -9.196219E-07
vn 0 1 1.839245E-06
vn 0 1 2.758873E-06
vn 0 1 -4.59815E-07
vn 0 1 2.758873E-06
vn 0 1 -4.598061E-07
vn 0 1 6.8972E-06
vn 0 1 -4.737032E-07
vn 0 1 6.897208E-06
vn 0 1 -4.737243E-07
vn 0 1 5.963686E-06
vn 0 1 5.963686E-06
vn 0 -1 -3.338875E-07
vn 0 -1 0
vn 0 -1 0
vn 0 -1 -6.677755E-07
vn 0 -1 0
vn 0 -1 -1.335551E-06
vn 0 -1 0
vn 0 -1 -2.003326E-06
vn 0 -1 0
vn 0 -1 -2.6711E-06
vn 0 -1 6.677752E-07
vn 0 -1 -1.33555E-06
vn 0 -1 1.335548E-06
vn 0 -1 0
vn 0 -1 6.67774E-07
vn 0 -1 0
vn 0 -1 0
vn 1 0 0
vn 1 7.701585E-07 0
vn 1 0 0
vn 1 0 0
vn 1 1.540318E-06 0
vn 1 0 0
vn 1 3.850797E-07 0
vn 1 0 0
vn 1 -7.70157E-07 0
vn 1 0 0
vn 1 -3.850788E-07 0
vn 1 0 0
vn 1 0 0
vn 1 0 0
vn 1 0 0
vn 1 0 0
vn 1 0 0
vn -1 0 0
vn -1 3.850813E-07 0
vn -1 1.540314E-06 0
vn -1 7.70158E-07 0
vn -1 -7.701609E-07 0
vn -1 0 0
vn -1 3.850803E-07 4.525234E-07
vn -1 0 0
vn -1 1.54032E-06 9.050461E-07
vn -1 0 0
vn -1 7.701569E-07 1.061732E-07
vn -1 0 0
vn -1 0 -6.926933E-07
vn -1 -7.701581E-07 0
vn -1 -7.701581E-07 -5.052519E-07
vn -1 -1.155238E-06 -1.58905E-07
vn -1 -1.540318E-06 -3.178098E-07
vn 0 1 3.88373E-06
vn 0 1 5.825567E-06
vn 0 1 5.825533E-06
vn 0 1 2.91277E-06
vn 0 1 5.8256E-06
vn 0 1 0
vn 0 1 2.912735E-06
vn 0 1 0
vn 0 1 0
vn 0 1 0
vn 0 1 0
vn 0 1 0
vn 0 1 0
vn 0 1 0
vn 0 1 0
vn 0 1 -5.82548E-06
vn 0 1 -1.165096E-05
vn 0 1 0
vn 0 1 0
vn 0 1 1.165098E-05
vn 0 1 5.825413E-06
vn 0 1 0
vn 0 1 0
vn 0 1 0
vn 0 1 0
vn 0 1 0
vn 0 1 0
vn 0 1 0
vn 0 1 -1.573808E-06
vn 0 1 -2.286582E-06
vn 0 1 0
vn 0 1 0
vn 0 1 -4.730123E-06
vn 0 1 0
vn 0 1 -2.365043E-06
vn 0 1 1.941887E-06
vn 0 1 2.912666E-06
vn 0 1 1.165141E-05
vn 0 1 5.825632E-06
vn 0 1 -5.825389E-06
vn 0 1 0
vn 0 1 -2.912856E-06
vn 0 1 0
vn 0 1 0
vn 0 1 0
vn 0 1 0
vn 0 1 0
vn 0 1 0
vn 0 1 0
vn 0 1 -1.941873E-06
vn 0 1 -2.912737E-06
vn 0 1 0
vn 0 1 0
vn 0 1 -5.825585E-06
vn 0 1 0
vn 0 1 -2.9127E-06
vn 0 1 0
vn 0 1 0
vn 0 1 0
vn 0 1 0
vn 0 1 0
vn 0 1 0
vn 0 1 0
vn 0 1 -1.246869E-07
vn 0 1 0
vn 0 1 0
vn 0 1 -1.870147E-07
vn 0 1 0
vn 0 1 -3.740627E-07
vn 0 1 -1.870246E-07
vn 0 1 1.94185E-06
vn 0 1 2.912768E-06
vn 0 1 1.165106E-05
vn 0 1 5.825651E-06
vn 0 1 -5.825547E-06
vn 0 1 0
vn 0 1 -2.912842E-06
vn 0 1 2.82808E-06
vn 0 1 -1.583835E-06
vn 0 1 0
vn 0 1 5.692744E-06
vn 0 1 -3.276403E-06
vn 0 1 1.17763E-05
vn 0 1 4.249947E-06
vn 0.8096951 0.5421799 0.2245769
vn 0.809695 0.5421795 0.2245781
vn 0.8096938 0.4149688 0.414966
vn 0.8096938 0.4149687 0.4149662
vn 0.8096942 0.586852 -1.015346E-06
vn 0.8096918 0.2245797 0.5421836
vn 0.8096943 0.5868519 -1.189556E-06
vn 0.8096918 0.2245805 0.5421832
vn 0.8096932 0.5421823 -0.2245779
vn 0.8096905 1.143217E-06 0.5868572
vn 0.8096932 0.5421824 -0.2245777
vn 0.8096905 1.021656E-06 0.5868573
vn 0.8096929 0.4149688 -0.4149678
vn 0.809692 -0.2245787 0.5421838
vn 0.8096929 0.414969 -0.4149676
vn 0.809692 -0.2245782 0.5421841
vn 0.809692 0.2245793 -0.5421834
vn 0.8096926 -0.4149678 0.4149693
vn 0.809692 0.2245796 -0.5421833
vn 0.8096927 -0.4149681 0.4149689
vn 0.809692 0 -0.5868551
vn 0.8096916 -0.5421843 0.2245791
vn 0.809692 0 -0.586855
vn 0.8096916 -0.5421841 0.2245797
vn 0.809692 -0.2245802 -0.5421832
vn 0.80969 -0.5868578 0
vn 0.809692 -0.2245806 -0.542183
vn 0.80969 -0.5868578 0
vn 0.8096926 -0.4149688 -0.4149683
vn 0.8096917 -0.5421841 -0.2245792
vn 0.8096926 -0.4149689 -0.4149683
vn 0.8096917 -0.542184 -0.2245796
vn -0.8096925 0.5421836 0.2245774
vn -0.809692 0.4149697 0.4149686
vn -0.809692 0.4149698 0.4149686
vn -0.8096925 0.5421831 0.2245785
vn -0.8096898 0.2245795 0.5421867
vn -0.8096924 0.5868546 -9.964244E-07
vn -0.8096898 0.2245803 0.5421864
vn -0.8096923 0.5868546 -1.163806E-06
vn -0.8096883 1.158663E-06 0.5868602
vn -0.8096908 0.5421855 -0.2245786
vn -0.8096883 1.040572E-06 0.5868602
vn -0.8096909 0.5421857 -0.2245784
vn -0.8096893 -0.2245817 0.5421867
vn -0.8096896 0.4149722 -0.4149708
vn -0.8096893 -0.2245812 0.5421869
vn -0.8096896 0.4149722 -0.4149708
vn -0.8096896 -0.4149719 0.4149712
vn -0.8096887 0.2245803 -0.542188
vn -0.8096896 -0.4149722 0.4149708
vn -0.8096887 0.2245806 -0.5421878
vn -0.8096884 -0.5421885 0.2245805
vn -0.8096887 -5.045197E-07 -0.5868595
vn -0.8096884 -0.5421882 0.2245811
vn -0.8096889 -5.5101E-07 -0.5868595
vn -0.8096882 -0.5868604 0
vn -0.8096891 -0.2245812 -0.5421872
vn -0.8096882 -0.5868603 0
vn -0.809689 -0.2245816 -0.542187
vn -0.8096898 -0.5421861 -0.2245811
vn -0.8096902 -0.4149705 -0.4149714
vn -0.8096898 -0.542186 -0.2245815
vn -0.8096902 -0.4149706 -0.4149713
vn 0 1 8.67744E-07
vn 0 1 8.67751E-07
vn 0 1 8.677442E-07
vn 0 1 8.677442E-07
vn 0 1 -8.677482E-07
vn 0 1 -4.33871E-07
vn 0 1 -8.677479E-07
vn 0 1 -4.338731E-07
vn 0 1 -8.677482E-07
vn 0 1 3.211518E-07
vn 0 1 -8.677441E-07
vn 0 1 3.211512E-07
vn 0 1 -4.33873E-07
vn 0 1 1.622767E-06
vn 0 1 -4.338731E-07
vn 0 1 1.622766E-06
vn 0 1 2.628522E-07
vn 0 1 8.67746E-07
vn 0 1 2.628535E-07
vn 0 1 8.67745E-07
vn 0 1 2.628511E-07
vn 0 1 0
vn 0 1 2.628512E-07
vn 0 1 0
vn 0 1 -4.338724E-07
vn 0 1 0
vn 0 1 -4.33873E-07
vn 0 1 0
vn 0 1 0
vn 0 1 0
vn 0 1 0
vn 0 1 0
vn 0 -1 1.379467E-06
vn 0 -1 1.379391E-06
vn 0 -1 -1.832175E-06
vn 0 -1 -1.832185E-06
vn 0 -1 2.836365E-07
vn 0 -1 0
vn 0 -1 2.774262E-07
vn 0 -1 0
vn 0 -1 2.564017E-06
vn 0 -1 0
vn 0 -1 2.564044E-06
vn 0 -1 0
vn 0 -1 2.748261E-06
vn 0 -1 0
vn 0 -1 2.757514E-06
vn 0 -1 0
vn 0 -1 -3.678459E-06
vn 0 -1 9.147669E-07
vn 0 -1 -3.678459E-06
vn 0 -1 9.161021E-07
vn 0 -1 -1.832187E-06
vn 0 -1 -3.10236E-06
vn 0 -1 -1.829505E-06
vn 0 -1 -3.10236E-06
vn 0 -1 9.125877E-07
vn 0 -1 -4.49091E-06
vn 0 -1 9.125887E-07
vn 0 -1 -4.48841E-06
vn 0 -1 9.160945E-07
vn 0 -1 -1.379439E-06
vn 0 -1 9.174131E-07
vn 0 -1 -1.379435E-06
vn 0 1 0
vn 0 1 0
vn 0 1 0
vn 0 1 0
vn 0 1 0
vn 0 1 0
vn 0 1 0
vn 0 1 0
vn 0 1 -2.226012E-07
vn 0 1 4.65397E-07
vn 0 1 1.049129E-06
vn 0 1 0
vn 0 1 -1.183314E-07
vn 0 1 -1.049127E-06
vn 0 1 -5.837279E-07
vn 0 1 -1.049127E-06
vn 0 1 -1.049125E-06
vn 0 1 -1.049126E-06
vn 0 1 -5.245629E-07
vn 0 1 -3.066737E-07
vn 0 1 0
vn 0 1 4.357793E-07
vn 0 1 0
vn 0 1 2.178897E-07
vn 0 1 0
vn 0 0 1
vn 0 0 1
vn 0 0 1
vn 1 0 0
vn 1 0 0
vn 1 0 0
vn 1 0 0
vn -1 0 0
vn -1 0 0
vn -1 0 0
vn 0 0 1
vn 0 0 1
vn 0 0 1
vn 0 0 1
vn 0 0 1
vn 0 0 1
vn 0 0 1
vn 0 0 1
vn 0 0 1
vn 0 0 1
vn 0 0 1
vn 0 0 1
vn 0 -1 0
vn 0 -1 0
vn 0 -1 0
vn 0 -1 0
vn 0 -1 0
vn 0 -1 0
vn 0 -1 0
vn 0 -1 0
vn 0 -1 0
vn 0 1 0
vn 0 1 0
vn 0 1 0
vn 0 1 0
vn 0 1 0
vn 0 1 0
vn 0 1 0
vn 0 1 0
vn 0 1 0
vn 0 1 0
vn 0 1 0
usemtl HammeredMetal_AlbedoTransparency
f 3/3/3 2/2/2 1/1/1
f 2/2/2 4/4/4 1/1/1
f 2/2/2 5/5/5 4/4/4
f 1/1/1 4/4/4 6/6/6
f 7/7/7 1/1/1 6/6/6
f 8/8/8 6/6/6 4/4/4
f 5/5/5 9/9/9 4/4/4
f 9/9/9 8/8/8 4/4/4
f 5/5/5 10/10/10 9/9/9
f 10/10/10 11/11/11 9/9/9
f 8/8/8 9/9/9 11/11/11
f 12/12/12 8/8/8 11/11/11
f 15/15/15 14/14/14 13/13/13
f 14/14/14 16/16/16 13/13/13
f 14/14/14 17/17/17 16/16/16
f 13/13/13 16/16/16 18/18/18
f 19/19/19 13/13/13 18/18/18
f 20/20/20 18/18/18 16/16/16
f 17/17/17 21/21/21 16/16/16
f 21/21/21 20/20/20 16/16/16
f 21/21/21 17/17/17 22/22/22
f 23/23/23 21/21/21 22/22/22
f 20/20/20 21/21/21 23/23/23
f 24/24/24 20/20/20 23/23/23
f 27/27/27 26/26/26 25/25/25
f 28/28/28 27/27/27 25/25/25
f 27/27/27 28/28/28 29/29/29
f 30/30/30 27/27/27 29/29/29
f 31/31/31 29/29/29 28/28/28
f 32/32/32 28/28/28 25/25/25
f 32/32/32 31/31/31 28/28/28
f 33/33/33 32/32/32 25/25/25
f 33/33/33 34/34/34 32/32/32
f 34/34/34 35/35/35 32/32/32
f 31/31/31 32/32/32 35/35/35
f 36/36/36 31/31/31 35/35/35
f 39/39/39 38/38/38 37/37/37
f 38/38/38 40/40/40 37/37/37
f 38/38/38 41/41/41 40/40/40
f 37/37/37 40/40/40 42/42/42
f 43/43/43 37/37/37 42/42/42
f 44/44/44 42/42/42 40/40/40
f 41/41/41 45/45/45 40/40/40
f 45/45/45 44/44/44 40/40/40
f 41/41/41 46/46/46 45/45/45
f 44/44/44 45/45/45 47/47/47
f 46/46/46 47/47/47 45/45/45
f 48/48/48 44/44/44 47/47/47
f 48/48/48 47/47/47 49/49/49
f 46/46/46 50/50/50 47/47/47
f 47/47/47 51/51/51 49/49/49
f 50/50/50 51/51/51 47/47/47
f 52/52/52 49/49/49 51/51/51
f 51/51/51 50/50/50 53/53/53
f 53/53/53 52/52/52 51/51/51
f 50/50/50 54/54/54 53/53/53
f 55/55/55 52/52/52 53/53/53
f 54/54/54 56/56/56 53/53/53
f 57/57/57 55/55/55 53/53/53
f 56/56/56 57/57/57 53/53/53
f 55/55/55 57/57/57 58/58/58
f 56/56/56 59/59/59 57/57/57
f 57/57/57 60/60/60 58/58/58
f 59/59/59 60/60/60 57/57/57
f 58/58/58 60/60/60 61/61/61
f 62/62/62 60/60/60 59/59/59
f 60/60/60 62/62/62 61/61/61
f 63/63/63 62/62/62 59/59/59
f 63/63/63 64/64/64 62/62/62
f 64/64/64 65/65/65 62/62/62
f 61/61/61 62/62/62 65/65/65
f 66/66/66 61/61/61 65/65/65
f 69/69/69 68/68/68 67/67/67
f 68/68/68 70/70/70 67/67/67
f 71/71/71 67/67/67 70/70/70
f 72/72/72 70/70/70 68/68/68
f 73/73/73 72/72/72 68/68/68
f 74/74/74 71/71/71 70/70/70
f 70/70/70 72/72/72 74/74/74
f 75/75/75 71/71/71 74/74/74
f 72/72/72 76/76/76 74/74/74
f 77/77/77 74/74/74 76/76/76
f 77/77/77 75/75/75 74/74/74
f 75/75/75 77/77/77 78/78/78
f 79/79/79 72/72/72 73/73/73
f 76/76/76 72/72/72 79/79/79
f 80/80/80 79/79/79 73/73/73
f 81/81/81 76/76/76 79/79/79
f 77/77/77 82/82/82 78/78/78
f 82/82/82 77/77/77 76/76/76
f 78/78/78 82/82/82 83/83/83
f 82/82/82 84/84/84 83/83/83
f 84/84/84 82/82/82 76/76/76
f 85/85/85 76/76/76 81/81/81
f 86/86/86 85/85/85 81/81/81
f 87/87/87 76/76/76 85/85/85
f 87/87/87 84/84/84 76/76/76
f 88/88/88 87/87/87 85/85/85
f 89/89/89 87/87/87 88/88/88
f 84/84/84 87/87/87 89/89/89
f 90/90/90 89/89/89 88/88/88
f 91/91/91 84/84/84 89/89/89
f 83/83/83 84/84/84 91/91/91
f 92/92/92 83/83/83 91/91/91
f 95/95/95 94/94/94 93/93/93
f 96/96/96 95/95/95 93/93/93
f 97/97/97 95/95/95 96/96/96
f 96/96/96 93/93/93 98/98/98
f 93/93/93 99/99/99 98/98/98
f 98/98/98 100/100/100 96/96/96
f 101/101/101 97/97/97 96/96/96
f 100/100/100 101/101/101 96/96/96
f 102/102/102 97/97/97 101/101/101
f 103/103/103 102/102/102 101/101/101
f 101/101/101 100/100/100 103/103/103
f 100/100/100 104/104/104 103/103/103
f 107/107/107 106/106/106 105/105/105
f 108/108/108 107/107/107 105/105/105
f 109/109/109 107/107/107 108/108/108
f 108/108/108 105/105/105 110/110/110
f 105/105/105 111/111/111 110/110/110
f 110/110/110 112/112/112 108/108/108
f 113/113/113 109/109/109 108/108/108
f 112/112/112 113/113/113 108/108/108
f 109/109/109 113/113/113 114/114/114
f 113/113/113 115/115/115 114/114/114
f 113/113/113 112/112/112 115/115/115
f 112/112/112 116/116/116 115/115/115
f 119/119/119 118/118/118 117/117/117
f 118/118/118 120/120/120 117/117/117
f 120/120/120 118/118/118 121/121/121
f 118/118/118 122/122/122 121/121/121
f 121/121/121 123/123/123 120/120/120
f 120/120/120 124/124/124 117/117/117
f 123/123/123 124/124/124 120/120/120
f 124/124/124 125/125/125 117/117/117
f 126/126/126 125/125/125 124/124/124
f 127/127/127 126/126/126 124/124/124
f 124/124/124 123/123/123 127/127/127
f 123/123/123 128/128/128 127/127/127
f 131/131/131 130/130/130 129/129/129
f 132/132/132 131/131/131 129/129/129
f 133/133/133 131/131/131 132/132/132
f 132/132/132 129/129/129 134/134/134
f 129/129/129 135/135/135 134/134/134
f 134/134/134 136/136/136 132/132/132
f 137/137/137 133/133/133 132/132/132
f 136/136/136 137/137/137 132/132/132
f 138/138/138 133/133/133 137/137/137
f 137/137/137 136/136/136 139/139/139
f 139/139/139 138/138/138 137/137/137
f 136/136/136 140/140/140 139/139/139
f 139/139/139 140/140/140 141/141/141
f 142/142/142 138/138/138 139/139/139
f 143/143/143 139/139/139 141/141/141
f 143/143/143 142/142/142 139/139/139
f 141/141/141 144/144/144 143/143/143
f 142/142/142 143/143/143 145/145/145
f 144/144/144 145/145/145 143/143/143
f 146/146/146 142/142/142 145/145/145
f 144/144/144 147/147/147 145/145/145
f 148/148/148 146/146/146 145/145/145
f 147/147/147 149/149/149 145/145/145
f 149/149/149 148/148/148 145/145/145
f 149/149/149 147/147/147 150/150/150
f 151/151/151 148/148/148 149/149/149
f 152/152/152 149/149/149 150/150/150
f 152/152/152 151/151/151 149/149/149
f 152/152/152 150/150/150 153/153/153
f 152/152/152 154/154/154 151/151/151
f 154/154/154 152/152/152 153/153/153
f 154/154/154 155/155/155 151/151/151
f 156/156/156 155/155/155 154/154/154
f 157/157/157 156/156/156 154/154/154
f 154/154/154 153/153/153 157/157/157
f 153/153/153 158/158/158 157/157/157
f 161/161/161 160/160/160 159/159/159
f 162/162/162 161/161/161 159/159/159
f 159/159/159 163/163/163 162/162/162
f 162/162/162 164/164/164 161/161/161
f 164/164/164 165/165/165 161/161/161
f 163/163/163 166/166/166 162/162/162
f 164/164/164 162/162/162 166/166/166
f 163/163/163 167/167/167 166/166/166
f 168/168/168 164/164/164 166/166/166
f 166/166/166 169/169/169 168/168/168
f 167/167/167 169/169/169 166/166/166
f 169/169/169 167/167/167 170/170/170
f 164/164/164 171/171/171 165/165/165
f 164/164/164 168/168/168 171/171/171
f 171/171/171 172/172/172 165/165/165
f 168/168/168 173/173/173 171/171/171
f 174/174/174 169/169/169 170/170/170
f 169/169/169 174/174/174 168/168/168
f 174/174/174 170/170/170 175/175/175
f 176/176/176 174/174/174 175/175/175
f 174/174/174 176/176/176 168/168/168
f 168/168/168 177/177/177 173/173/173
f 177/177/177 178/178/178 173/173/173
f 168/168/168 179/179/179 177/177/177
f 176/176/176 179/179/179 168/168/168
f 179/179/179 180/180/180 177/177/177
f 179/179/179 181/181/181 180/180/180
f 179/179/179 176/176/176 181/181/181
f 181/181/181 182/182/182 180/180/180
f 176/176/176 183/183/183 181/181/181
f 176/176/176 175/175/175 183/183/183
f 175/175/175 184/184/184 183/183/183
f 187/187/187 186/186/186 185/185/185
f 186/186/186 188/188/188 185/185/185
f 185/185/185 188/188/188 189/189/189
f 190/190/190 185/185/185 189/189/189
f 191/191/191 189/189/189 188/188/188
f 188/188/188 186/186/186 192/192/192
f 192/192/192 191/191/191 188/188/188
f 186/186/186 193/193/193 192/192/192
f 194/194/194 191/191/191 192/192/192
f 193/193/193 195/195/195 192/192/192
f 196/196/196 194/194/194 192/192/192
f 195/195/195 196/196/196 192/192/192
f 199/199/199 198/198/198 197/197/197
f 198/198/198 200/200/200 197/197/197
f 198/198/198 201/201/201 200/200/200
f 200/200/200 202/202/202 197/197/197
f 202/202/202 203/203/203 197/197/197
f 202/202/202 200/200/200 204/204/204
f 201/201/201 205/205/205 200/200/200
f 200/200/200 205/205/205 204/204/204
f 201/201/201 206/206/206 205/205/205
f 204/204/204 205/205/205 207/207/207
f 206/206/206 208/208/208 205/205/205
f 205/205/205 208/208/208 207/207/207
f 206/206/206 209/209/209 208/208/208
f 210/210/210 207/207/207 208/208/208
f 209/209/209 211/211/211 208/208/208
f 211/211/211 210/210/210 208/208/208
f 214/214/214 213/213/213 212/212/212
f 213/213/213 215/215/215 212/212/212
f 212/212/212 215/215/215 216/216/216
f 217/217/217 212/212/212 216/216/216
f 216/216/216 215/215/215 218/218/218
f 215/215/215 213/213/213 219/219/219
f 215/215/215 219/219/219 218/218/218
f 213/213/213 220/220/220 219/219/219
f 221/221/221 218/218/218 219/219/219
f 220/220/220 222/222/222 219/219/219
f 223/223/223 221/221/221 219/219/219
f 222/222/222 223/223/223 219/219/219
f 226/226/226 225/225/225 224/224/224
f 225/225/225 227/227/227 224/224/224
f 225/225/225 228/228/228 227/227/227
f 227/227/227 229/229/229 224/224/224
f 229/229/229 230/230/230 224/224/224
f 229/229/229 227/227/227 231/231/231
f 228/228/228 232/232/232 227/227/227
f 227/227/227 232/232/232 231/231/231
f 228/228/228 233/233/233 232/232/232
f 234/234/234 231/231/231 232/232/232
f 233/233/233 235/235/235 232/232/232
f 235/235/235 234/234/234 232/232/232
f 233/233/233 236/236/236 235/235/235
f 237/237/237 234/234/234 235/235/235
f 236/236/236 238/238/238 235/235/235
f 238/238/238 237/237/237 235/235/235
f 241/241/241 240/240/240 239/239/239
f 240/240/240 242/242/242 239/239/239
f 243/243/243 239/239/239 242/242/242
f 244/244/244 243/243/243 242/242/242
f 243/243/243 244/244/244 245/245/245
f 244/244/244 246/246/246 245/245/245
f 247/247/247 245/245/245 246/246/246
f 248/248/248 247/247/247 246/246/246
f 249/249/249 246/246/246 244/244/244
f 246/246/246 249/249/249 248/248/248
f 250/250/250 249/249/249 244/244/244
f 250/250/250 244/244/244 242/242/242
f 249/249/249 251/251/251 248/248/248
f 251/251/251 252/252/252 248/248/248
f 252/252/252 253/253/253 248/248/248
f 254/254/254 250/250/250 242/242/242
f 254/254/254 242/242/242 240/240/240
f 255/255/255 254/254/254 240/240/240
f 255/255/255 240/240/240 256/256/256
f 257/257/257 255/255/255 256/256/256
f 260/260/260 259/259/259 258/258/258
f 261/261/261 260/260/260 258/258/258
f 262/262/262 260/260/260 261/261/261
f 263/263/263 262/262/262 261/261/261
f 262/262/262 263/263/263 264/264/264
f 263/263/263 265/265/265 264/264/264
f 264/264/264 265/265/265 266/266/266
f 265/265/265 267/267/267 266/266/266
f 265/265/265 268/268/268 267/267/267
f 268/268/268 265/265/265 263/263/263
f 268/268/268 269/269/269 267/267/267
f 270/270/270 268/268/268 263/263/263
f 270/270/270 263/263/263 261/261/261
f 271/271/271 270/270/270 261/261/261
f 271/271/271 261/261/261 258/258/258
f 272/272/272 271/271/271 258/258/258
f 272/272/272 258/258/258 273/273/273
f 274/274/274 272/272/272 273/273/273
f 277/277/277 276/276/276 275/275/275
f 276/276/276 278/278/278 275/275/275
f 276/276/276 279/279/279 278/278/278
f 279/279/279 280/280/280 278/278/278
f 278/278/278 281/281/281 275/275/275
f 281/281/281 282/282/282 275/275/275
f 283/283/283 281/281/281 278/278/278
f 280/280/280 283/283/283 278/278/278
f 283/283/283 280/280/280 284/284/284
f 280/280/280 285/285/285 284/284/284
f 288/288/288 287/287/287 286/286/286
f 287/287/287 289/289/289 286/286/286
f 289/289/289 290/290/290 286/286/286
f 290/290/290 289/289/289 291/291/291
f 289/289/289 292/292/292 291/291/291
f 290/290/290 293/293/293 286/286/286
f 286/286/286 293/293/293 294/294/294
f 293/293/293 295/295/295 294/294/294
f 298/298/298 297/297/297 296/296/296
f 297/297/297 299/299/299 296/296/296
f 300/300/300 296/296/296 299/299/299
f 301/301/301 300/300/300 299/299/299
f 300/300/300 301/301/301 302/302/302
f 301/301/301 303/303/303 302/302/302
f 304/304/304 301/301/301 299/299/299
f 305/305/305 304/304/304 299/299/299
f 308/308/308 307/307/307 306/306/306
f 309/309/309 308/308/308 306/306/306
f 310/310/310 308/308/308 309/309/309
f 311/311/311 310/310/310 309/309/309
f 310/310/310 311/311/311 312/312/312
f 311/311/311 313/313/313 312/312/312
f 314/314/314 313/313/313 311/311/311
f 315/315/315 314/314/314 311/311/311
f 315/315/315 311/311/311 309/309/309
f 316/316/316 315/315/315 309/309/309
f 319/319/319 318/318/318 317/317/317
f 320/320/320 319/319/319 317/317/317
f 320/320/320 317/317/317 321/321/321
f 321/321/321 317/317/317 322/322/322
f 323/323/323 320/320/320 321/321/321
f 324/324/324 321/321/321 322/322/322
f 323/323/323 321/321/321 325/325/325
f 321/321/321 324/324/324 325/325/325
f 326/326/326 323/323/323 325/325/325
f 324/324/324 327/327/327 325/325/325
f 326/326/326 325/325/325 328/328/328
f 325/325/325 327/327/327 328/328/328
f 329/329/329 326/326/326 328/328/328
f 330/330/330 329/329/329 328/328/328
f 327/327/327 331/331/331 328/328/328
f 332/332/332 330/330/330 328/328/328
f 332/332/332 328/328/328 331/331/331
f 333/333/333 332/332/332 331/331/331
f 336/336/336 335/335/335 334/334/334
f 335/335/335 337/337/337 334/334/334
f 337/337/337 335/335/335 338/338/338
f 335/335/335 339/339/339 338/338/338
f 339/339/339 340/340/340 338/338/338
f 338/338/338 341/341/341 337/337/337
f 341/341/341 342/342/342 337/337/337
f 343/343/343 341/341/341 338/338/338
f 340/340/340 344/344/344 338/338/338
f 344/344/344 343/343/343 338/338/338
f 340/340/340 345/345/345 344/344/344
f 346/346/346 343/343/343 344/344/344
f 345/345/345 347/347/347 344/344/344
f 347/347/347 346/346/346 344/344/344
f 346/346/346 347/347/347 348/348/348
f 345/345/345 349/349/349 347/347/347
f 347/347/347 350/350/350 348/348/348
f 349/349/349 350/350/350 347/347/347
f 349/349/349 351/351/351 350/350/350
f 351/351/351 352/352/352 350/350/350
f 355/355/355 354/354/354 353/353/353
f 354/354/354 356/356/356 353/353/353
f 354/354/354 357/357/357 356/356/356
f 356/356/356 358/358/358 353/353/353
f 358/358/358 359/359/359 353/353/353
f 358/358/358 356/356/356 360/360/360
f 356/356/356 361/361/361 360/360/360
f 357/357/357 361/361/361 356/356/356
f 362/362/362 360/360/360 361/361/361
f 361/361/361 357/357/357 363/363/363
f 363/363/363 362/362/362 361/361/361
f 357/357/357 364/364/364 363/363/363
f 365/365/365 362/362/362 363/363/363
f 364/364/364 366/366/366 363/363/363
f 367/367/367 365/365/365 363/363/363
f 366/366/366 367/367/367 363/363/363
f 368/368/368 365/365/365 367/367/367
f 366/366/366 369/369/369 367/367/367
f 370/370/370 368/368/368 367/367/367
f 369/369/369 370/370/370 367/367/367
f 373/373/373 372/372/372 371/371/371
f 372/372/372 374/374/374 371/371/371
f 372/372/372 375/375/375 374/374/374
f 375/375/375 376/376/376 374/374/374
f 374/374/374 376/376/376 377/377/377
f 378/378/378 374/374/374 377/377/377
f 371/371/371 374/374/374 378/378/378
f 379/379/379 371/371/371 378/378/378
f 382/382/382 381/381/381 380/380/380
f 381/381/381 383/383/383 380/380/380
f 381/381/381 384/384/384 383/383/383
f 383/383/383 385/385/385 380/380/380
f 385/385/385 386/386/386 380/380/380
f 385/385/385 383/383/383 387/387/387
f 383/383/383 388/388/388 387/387/387
f 384/384/384 388/388/388 383/383/383
f 387/387/387 388/388/388 389/389/389
f 388/388/388 384/384/384 390/390/390
f 388/388/388 390/390/390 389/389/389
f 384/384/384 391/391/391 390/390/390
f 392/392/392 389/389/389 390/390/390
f 391/391/391 393/393/393 390/390/390
f 394/394/394 392/392/392 390/390/390
f 393/393/393 394/394/394 390/390/390
f 395/395/395 392/392/392 394/394/394
f 393/393/393 396/396/396 394/394/394
f 397/397/397 395/395/395 394/394/394
f 396/396/396 397/397/397 394/394/394
f 400/400/400 399/399/399 398/398/398
f 399/399/399 401/401/401 398/398/398
f 399/399/399 402/402/402 401/401/401
f 402/402/402 403/403/403 401/401/401
f 403/403/403 404/404/404 401/401/401
f 404/404/404 405/405/405 401/401/401
f 398/398/398 401/401/401 405/405/405
f 406/406/406 398/398/398 405/405/405
f 409/409/409 408/408/408 407/407/407
f 408/408/408 410/410/410 407/407/407
f 408/408/408 411/411/411 410/410/410
f 411/411/411 412/412/412 410/410/410
f 412/412/412 413/413/413 410/410/410
f 413/413/413 414/414/414 410/410/410
f 414/414/414 413/413/413 415/415/415
f 413/413/413 416/416/416 415/415/415
f 416/416/416 417/417/417 415/415/415
f 417/417/417 418/418/418 415/415/415
f 421/421/421 420/420/420 419/419/419
f 419/419/419 420/420/420 422/422/422
f 420/420/420 423/423/423 422/422/422
f 422/422/422 423/423/423 424/424/424
f 419/419/419 422/422/422 425/425/425
f 426/426/426 419/419/419 425/425/425
f 429/429/429 428/428/428 427/427/427
f 430/430/430 429/429/429 427/427/427
f 433/433/433 432/432/432 431/431/431
f 434/434/434 433/433/433 431/431/431
f 437/437/437 436/436/436 435/435/435
f 438/438/438 437/437/437 435/435/435
f 441/441/441 440/440/440 439/439/439
f 442/442/442 441/441/441 439/439/439
f 443/443/443 442/442/442 439/439/439
f 444/444/444 443/443/443 439/439/439
f 443/443/443 445/445/445 442/442/442
f 445/445/445 446/446/446 442/442/442
f 442/442/442 446/446/446 441/441/441
f 446/446/446 447/447/447 441/441/441
f 450/450/450 449/449/449 448/448/448
f 449/449/449 451/451/451 448/448/448
f 451/451/451 452/452/452 448/448/448
f 452/452/452 453/453/453 448/448/448
f 456/456/456 455/455/455 454/454/454
f 455/455/455 457/457/457 454/454/454
f 454/454/454 457/457/457 458/458/458
f 459/459/459 454/454/454 458/458/458
f 460/460/460 459/459/459 458/458/458
f 461/461/461 460/460/460 458/458/458
f 457/457/457 462/462/462 458/458/458
f 457/457/457 463/463/463 462/462/462
f 463/463/463 464/464/464 462/462/462
f 462/462/462 465/465/465 458/458/458
f 465/465/465 466/466/466 458/458/458
f 466/466/466 467/467/467 458/458/458
f 470/470/470 469/469/469 468/468/468
f 469/469/469 471/471/471 468/468/468
f 471/471/471 472/472/472 468/468/468
f 472/472/472 473/473/473 468/468/468
f 476/476/476 475/475/475 474/474/474
f 475/475/475 477/477/477 474/474/474
f 477/477/477 475/475/475 478/478/478
f 475/475/475 479/479/479 478/478/478
f 482/482/482 481/481/481 480/480/480
f 483/483/483 482/482/482 480/480/480
f 483/483/483 480/480/480 484/484/484
f 484/484/484 480/480/480 485/485/485
f 486/486/486 484/484/484 485/485/485
f 487/487/487 484/484/484 486/486/486
f 488/488/488 487/487/487 486/486/486
f 489/489/489 484/484/484 487/487/487
f 489/489/489 483/483/483 484/484/484
f 490/490/490 489/489/489 487/487/487
f 489/489/489 490/490/490 491/491/491
f 482/482/482 483/483/483 492/492/492
f 493/493/493 482/482/482 492/492/492
f 483/483/483 489/489/489 494/494/494
f 492/492/492 483/483/483 494/494/494
f 494/494/494 489/489/489 491/491/491
f 492/492/492 494/494/494 495/495/495
f 494/494/494 496/496/496 495/495/495
f 494/494/494 491/491/491 496/496/496
f 491/491/491 497/497/497 496/496/496
f 500/500/500 499/499/499 498/498/498
f 501/501/501 500/500/500 498/498/498
f 501/501/501 498/498/498 502/502/502
f 498/498/498 503/503/503 502/502/502
f 503/503/503 504/504/504 502/502/502
f 504/504/504 505/505/505 502/502/502
f 505/505/505 506/506/506 502/502/502
f 500/500/500 501/501/501 507/507/507
f 508/508/508 500/500/500 507/507/507
f 509/509/509 507/507/507 501/501/501
f 510/510/510 501/501/501 502/502/502
f 510/510/510 509/509/509 501/501/501
f 511/511/511 510/510/510 502/502/502
f 509/509/509 510/510/510 511/511/511
f 506/506/506 511/511/511 502/502/502
f 512/512/512 509/509/509 511/511/511
f 513/513/513 511/511/511 506/506/506
f 511/511/511 513/513/513 512/512/512
f 514/514/514 513/513/513 506/506/506
f 513/513/513 515/515/515 512/512/512
f 518/518/518 517/517/517 516/516/516
f 519/519/519 518/518/518 516/516/516
f 519/519/519 516/516/516 520/520/520
f 516/516/516 521/521/521 520/520/520
f 522/522/522 521/521/521 516/516/516
f 523/523/523 522/522/522 516/516/516
f 524/524/524 520/520/520 521/521/521
f 522/522/522 523/523/523 525/525/525
f 526/526/526 524/524/524 521/521/521
f 524/524/524 526/526/526 527/527/527
f 528/528/528 524/524/524 527/527/527
f 527/527/527 526/526/526 529/529/529
f 521/521/521 522/522/522 530/530/530
f 526/526/526 521/521/521 531/531/531
f 521/521/521 530/530/530 531/531/531
f 526/526/526 531/531/531 532/532/532
f 526/526/526 533/533/533 529/529/529
f 533/533/533 526/526/526 532/532/532
f 533/533/533 534/534/534 529/529/529
f 534/534/534 533/533/533 532/532/532
f 534/534/534 535/535/535 529/529/529
f 534/534/534 536/536/536 535/535/535
f 536/536/536 537/537/537 535/535/535
f 536/536/536 534/534/534 538/538/538
f 539/539/539 536/536/536 538/538/538
f 540/540/540 534/534/534 532/532/532
f 538/538/538 534/534/534 540/540/540
f 538/538/538 525/525/525 539/539/539
f 538/538/538 522/522/522 525/525/525
f 525/525/525 541/541/541 539/539/539
f 542/542/542 541/541/541 525/525/525
f 543/543/543 542/542/542 525/525/525
f 522/522/522 538/538/538 544/544/544
f 544/544/544 538/538/538 540/540/540
f 545/545/545 522/522/522 544/544/544
f 522/522/522 545/545/545 530/530/530
f 546/546/546 545/545/545 544/544/544
f 545/545/545 546/546/546 530/530/530
f 544/544/544 540/540/540 547/547/547
f 547/547/547 546/546/546 544/544/544
f 548/548/548 546/546/546 547/547/547
f 546/546/546 549/549/549 530/530/530
f 546/546/546 548/548/548 549/549/549
f 531/531/531 530/530/530 549/549/549
f 540/540/540 550/550/550 547/547/547
f 550/550/550 540/540/540 532/532/532
f 551/551/551 531/531/531 549/549/549
f 531/531/531 551/551/551 532/532/532
f 548/548/548 552/552/552 549/549/549
f 551/551/551 549/549/549 552/552/552
f 551/551/551 553/553/553 532/532/532
f 553/553/553 550/550/550 532/532/532
f 547/547/547 550/550/550 554/554/554
f 554/554/554 548/548/548 547/547/547
f 555/555/555 551/551/551 552/552/552
f 551/551/551 555/555/555 553/553/553
f 556/556/556 550/550/550 553/553/553
f 550/550/550 556/556/556 554/554/554
f 555/555/555 557/557/557 553/553/553
f 557/557/557 556/556/556 553/553/553
f 557/557/557 555/555/555 558/558/558
f 556/556/556 557/557/557 558/558/558
f 555/555/555 552/552/552 559/559/559
f 555/555/555 559/559/559 558/558/558
f 554/554/554 556/556/556 560/560/560
f 560/560/560 556/556/556 558/558/558
f 552/552/552 548/548/548 561/561/561
f 552/552/552 561/561/561 559/559/559
f 548/548/548 554/554/554 562/562/562
f 562/562/562 554/554/554 560/560/560
f 548/548/548 563/563/563 561/561/561
f 563/563/563 548/548/548 562/562/562
f 563/563/563 564/564/564 561/561/561
f 564/564/564 563/563/563 562/562/562
f 561/561/561 565/565/565 559/559/559
f 564/564/564 565/565/565 561/561/561
f 566/566/566 562/562/562 560/560/560
f 566/566/566 564/564/564 562/562/562
f 559/559/559 567/567/567 558/558/558
f 565/565/565 567/567/567 559/559/559
f 568/568/568 560/560/560 558/558/558
f 568/568/568 566/566/566 560/560/560
f 564/564/564 569/569/569 565/565/565
f 569/569/569 564/564/564 566/566/566
f 567/567/567 570/570/570 558/558/558
f 570/570/570 568/568/568 558/558/558
f 565/565/565 571/571/571 567/567/567
f 569/569/569 571/571/571 565/565/565
f 572/572/572 569/569/569 566/566/566
f 572/572/572 566/566/566 568/568/568
f 567/567/567 573/573/573 570/570/570
f 571/571/571 573/573/573 567/567/567
f 569/569/569 574/574/574 571/571/571
f 574/574/574 569/569/569 572/572/572
f 574/574/574 575/575/575 571/571/571
f 571/571/571 575/575/575 573/573/573
f 575/575/575 576/576/576 573/573/573
f 577/577/577 574/574/574 572/572/572
f 576/576/576 578/578/578 573/573/573
f 579/579/579 572/572/572 568/568/568
f 577/577/577 572/572/572 579/579/579
f 579/579/579 568/568/568 570/570/570
f 580/580/580 577/577/577 579/579/579
f 578/578/578 580/580/580 579/579/579
f 578/578/578 581/581/581 573/573/573
f 573/573/573 581/581/581 570/570/570
f 581/581/581 578/578/578 579/579/579
f 581/581/581 579/579/579 570/570/570
f 584/584/584 583/583/583 582/582/582
f 583/583/583 585/585/585 582/582/582
f 586/586/586 582/582/582 585/585/585
f 587/587/587 585/585/585 583/583/583
f 588/588/588 587/587/587 583/583/583
f 589/589/589 587/587/587 588/588/588
f 590/590/590 589/589/589 588/588/588
f 590/590/590 591/591/591 589/589/589
f 591/591/591 592/592/592 589/589/589
f 593/593/593 587/587/587 589/589/589
f 585/585/585 587/587/587 593/593/593
f 594/594/594 593/593/593 589/589/589
f 595/595/595 586/586/586 585/585/585
f 595/595/595 585/585/585 593/593/593
f 596/596/596 593/593/593 594/594/594
f 593/593/593 596/596/596 595/595/595
f 597/597/597 596/596/596 594/594/594
f 596/596/596 598/598/598 595/595/595
f 586/586/586 595/595/595 598/598/598
f 599/599/599 586/586/586 598/598/598
f 602/602/602 601/601/601 600/600/600
f 601/601/601 603/603/603 600/600/600
f 604/604/604 600/600/600 603/603/603
f 605/605/605 603/603/603 601/601/601
f 605/605/605 606/606/606 603/603/603
f 607/607/607 605/605/605 601/601/601
f 608/608/608 605/605/605 607/607/607
f 606/606/606 605/605/605 608/608/608
f 609/609/609 608/608/608 607/607/607
f 610/610/610 606/606/606 608/608/608
f 606/606/606 610/610/610 611/611/611
f 612/612/612 604/604/604 603/603/603
f 606/606/606 612/612/612 603/603/603
f 604/604/604 612/612/612 613/613/613
f 612/612/612 606/606/606 613/613/613
f 614/614/614 604/604/604 613/613/613
f 615/615/615 606/606/606 611/611/611
f 606/606/606 615/615/615 613/613/613
f 613/613/613 616/616/616 614/614/614
f 613/613/613 615/615/615 616/616/616
f 616/616/616 617/617/617 614/614/614
f 615/615/615 618/618/618 616/616/616
f 615/615/615 611/611/611 618/618/618
f 611/611/611 619/619/619 618/618/618
f 622/622/622 621/621/621 620/620/620
f 621/621/621 623/623/623 620/620/620
f 620/620/620 623/623/623 624/624/624
f 625/625/625 620/620/620 624/624/624
f 626/626/626 624/624/624 623/623/623
f 623/623/623 621/621/621 627/627/627
f 627/627/627 626/626/626 623/623/623
f 621/621/621 628/628/628 627/627/627
f 629/629/629 626/626/626 627/627/627
f 628/628/628 630/630/630 627/627/627
f 631/631/631 629/629/629 627/627/627
f 630/630/630 631/631/631 627/627/627
f 634/634/634 633/633/633 632/632/632
f 633/633/633 635/635/635 632/632/632
f 633/633/633 636/636/636 635/635/635
f 635/635/635 637/637/637 632/632/632
f 637/637/637 638/638/638 632/632/632
f 637/637/637 635/635/635 639/639/639
f 636/636/636 640/640/640 635/635/635
f 635/635/635 640/640/640 639/639/639
f 636/636/636 641/641/641 640/640/640
f 639/639/639 640/640/640 642/642/642
f 641/641/641 643/643/643 640/640/640
f 640/640/640 643/643/643 642/642/642
f 641/641/641 644/644/644 643/643/643
f 645/645/645 642/642/642 643/643/643
f 644/644/644 646/646/646 643/643/643
f 646/646/646 645/645/645 643/643/643
f 649/649/649 648/648/648 647/647/647
f 648/648/648 650/650/650 647/647/647
f 647/647/647 650/650/650 651/651/651
f 652/652/652 647/647/647 651/651/651
f 651/651/651 650/650/650 653/653/653
f 650/650/650 648/648/648 654/654/654
f 650/650/650 654/654/654 653/653/653
f 648/648/648 655/655/655 654/654/654
f 656/656/656 653/653/653 654/654/654
f 655/655/655 657/657/657 654/654/654
f 658/658/658 656/656/656 654/654/654
f 657/657/657 658/658/658 654/654/654
f 661/661/661 660/660/660 659/659/659
f 660/660/660 662/662/662 659/659/659
f 660/660/660 663/663/663 662/662/662
f 662/662/662 664/664/664 659/659/659
f 664/664/664 665/665/665 659/659/659
f 664/664/664 662/662/662 666/666/666
f 663/663/663 667/667/667 662/662/662
f 662/662/662 667/667/667 666/666/666
f 663/663/663 668/668/668 667/667/667
f 669/669/669 666/666/666 667/667/667
f 668/668/668 670/670/670 667/667/667
f 670/670/670 669/669/669 667/667/667
f 668/668/668 671/671/671 670/670/670
f 672/672/672 669/669/669 670/670/670
f 671/671/671 673/673/673 670/670/670
f 673/673/673 672/672/672 670/670/670
f 676/676/676 675/675/675 674/674/674
f 675/675/675 677/677/677 674/674/674
f 674/674/674 677/677/677 678/678/678
f 679/679/679 674/674/674 678/678/678
f 680/680/680 678/678/678 677/677/677
f 677/677/677 675/675/675 681/681/681
f 681/681/681 680/680/680 677/677/677
f 675/675/675 682/682/682 681/681/681
f 683/683/683 680/680/680 681/681/681
f 682/682/682 684/684/684 681/681/681
f 685/685/685 683/683/683 681/681/681
f 684/684/684 685/685/685 681/681/681
f 688/688/688 687/687/687 686/686/686
f 687/687/687 689/689/689 686/686/686
f 687/687/687 690/690/690 689/689/689
f 689/689/689 691/691/691 686/686/686
f 691/691/691 692/692/692 686/686/686
f 691/691/691 689/689/689 693/693/693
f 690/690/690 694/694/694 689/689/689
f 689/689/689 694/694/694 693/693/693
f 690/690/690 695/695/695 694/694/694
f 693/693/693 694/694/694 696/696/696
f 695/695/695 697/697/697 694/694/694
f 694/694/694 697/697/697 696/696/696
f 695/695/695 698/698/698 697/697/697
f 699/699/699 696/696/696 697/697/697
f 698/698/698 700/700/700 697/697/697
f 700/700/700 699/699/699 697/697/697
f 703/703/703 702/702/702 701/701/701
f 702/702/702 704/704/704 701/701/701
f 701/701/701 704/704/704 705/705/705
f 706/706/706 701/701/701 705/705/705
f 705/705/705 704/704/704 707/707/707
f 704/704/704 702/702/702 708/708/708
f 704/704/704 708/708/708 707/707/707
f 702/702/702 709/709/709 708/708/708
f 710/710/710 707/707/707 708/708/708
f 709/709/709 711/711/711 708/708/708
f 712/712/712 710/710/710 708/708/708
f 711/711/711 712/712/712 708/708/708
f 715/715/715 714/714/714 713/713/713
f 714/714/714 716/716/716 713/713/713
f 714/714/714 717/717/717 716/716/716
f 716/716/716 718/718/718 713/713/713
f 718/718/718 719/719/719 713/713/713
f 718/718/718 716/716/716 720/720/720
f 717/717/717 721/721/721 716/716/716
f 716/716/716 721/721/721 720/720/720
f 717/717/717 722/722/722 721/721/721
f 723/723/723 720/720/720 721/721/721
f 722/722/722 724/724/724 721/721/721
f 724/724/724 723/723/723 721/721/721
f 722/722/722 725/725/725 724/724/724
f 726/726/726 723/723/723 724/724/724
f 725/725/725 727/727/727 724/724/724
f 727/727/727 726/726/726 724/724/724
f 730/730/730 729/729/729 728/728/728
f 729/729/729 731/731/731 728/728/728
f 728/728/728 731/731/731 732/732/732
f 733/733/733 728/728/728 732/732/732
f 734/734/734 732/732/732 731/731/731
f 731/731/731 729/729/729 735/735/735
f 735/735/735 734/734/734 731/731/731
f 729/729/729 736/736/736 735/735/735
f 737/737/737 734/734/734 735/735/735
f 736/736/736 738/738/738 735/735/735
f 739/739/739 737/737/737 735/735/735
f 738/738/738 739/739/739 735/735/735
f 742/742/742 741/741/741 740/740/740
f 741/741/741 743/743/743 740/740/740
f 741/741/741 744/744/744 743/743/743
f 743/743/743 745/745/745 740/740/740
f 745/745/745 746/746/746 740/740/740
f 745/745/745 743/743/743 747/747/747
f 744/744/744 748/748/748 743/743/743
f 743/743/743 748/748/748 747/747/747
f 744/744/744 749/749/749 748/748/748
f 747/747/747 748/748/748 750/750/750
f 749/749/749 751/751/751 748/748/748
f 748/748/748 751/751/751 750/750/750
f 749/749/749 752/752/752 751/751/751
f 753/753/753 750/750/750 751/751/751
f 752/752/752 754/754/754 751/751/751
f 754/754/754 753/753/753 751/751/751
f 757/757/757 756/756/756 755/755/755
f 756/756/756 758/758/758 755/755/755
f 755/755/755 758/758/758 759/759/759
f 760/760/760 755/755/755 759/759/759
f 759/759/759 758/758/758 761/761/761
f 758/758/758 756/756/756 762/762/762
f 758/758/758 762/762/762 761/761/761
f 756/756/756 763/763/763 762/762/762
f 764/764/764 761/761/761 762/762/762
f 763/763/763 765/765/765 762/762/762
f 766/766/766 764/764/764 762/762/762
f 765/765/765 766/766/766 762/762/762
f 769/769/769 768/768/768 767/767/767
f 768/768/768 770/770/770 767/767/767
f 768/768/768 771/771/771 770/770/770
f 770/770/770 772/772/772 767/767/767
f 772/772/772 773/773/773 767/767/767
f 772/772/772 770/770/770 774/774/774
f 771/771/771 775/775/775 770/770/770
f 770/770/770 775/775/775 774/774/774
f 771/771/771 776/776/776 775/775/775
f 777/777/777 774/774/774 775/775/775
f 776/776/776 778/778/778 775/775/775
f 778/778/778 777/777/777 775/775/775
f 776/776/776 779/779/779 778/778/778
f 780/780/780 777/777/777 778/778/778
f 779/779/779 781/781/781 778/778/778
f 781/781/781 780/780/780 778/778/778
f 784/784/784 783/783/783 782/782/782
f 783/783/783 785/785/785 782/782/782
f 782/782/782 785/785/785 786/786/786
f 787/787/787 785/785/785 783/783/783
f 788/788/788 787/787/787 783/783/783
f 785/785/785 789/789/789 786/786/786
f 785/785/785 787/787/787 789/789/789
f 790/790/790 787/787/787 788/788/788
f 791/791/791 790/790/790 788/788/788
f 787/787/787 790/790/790 792/792/792
f 787/787/787 792/792/792 789/789/789
f 790/790/790 793/793/793 792/792/792
f 794/794/794 792/792/792 793/793/793
f 792/792/792 794/794/794 789/789/789
f 795/795/795 794/794/794 793/793/793
f 794/794/794 796/796/796 789/789/789
f 786/786/786 789/789/789 796/796/796
f 797/797/797 786/786/786 796/796/796
f 800/800/800 799/799/799 798/798/798
f 799/799/799 801/801/801 798/798/798
f 802/802/802 798/798/798 801/801/801
f 803/803/803 802/802/802 801/801/801
f 802/802/802 803/803/803 804/804/804
f 805/805/805 802/802/802 804/804/804
f 808/808/808 807/807/807 806/806/806
f 807/807/807 809/809/809 806/806/806
f 809/809/809 807/807/807 810/810/810
f 807/807/807 811/811/811 810/810/810
f 812/812/812 810/810/810 811/811/811
f 813/813/813 812/812/812 811/811/811
f 816/816/816 815/815/815 814/814/814
f 815/815/815 817/817/817 814/814/814
f 818/818/818 817/817/817 815/815/815
f 819/819/819 818/818/818 815/815/815
f 820/820/820 818/818/818 819/819/819
f 821/821/821 820/820/820 819/819/819
f 824/824/824 823/823/823 822/822/822
f 823/823/823 825/825/825 822/822/822
f 825/825/825 823/823/823 826/826/826
f 827/827/827 825/825/825 826/826/826
f 828/828/828 827/827/827 826/826/826
f 829/829/829 828/828/828 826/826/826
f 832/832/832 831/831/831 830/830/830
f 831/831/831 833/833/833 830/830/830
f 834/834/834 830/830/830 833/833/833
f 835/835/835 833/833/833 831/831/831
f 836/836/836 835/835/835 831/831/831
f 837/837/837 834/834/834 833/833/833
f 837/837/837 833/833/833 835/835/835
f 838/838/838 835/835/835 836/836/836
f 839/839/839 838/838/838 836/836/836
f 835/835/835 838/838/838 840/840/840
f 840/840/840 837/837/837 835/835/835
f 838/838/838 841/841/841 840/840/840
f 842/842/842 840/840/840 841/841/841
f 840/840/840 842/842/842 837/837/837
f 843/843/843 842/842/842 841/841/841
f 842/842/842 844/844/844 837/837/837
f 834/834/834 837/837/837 844/844/844
f 845/845/845 834/834/834 844/844/844
f 848/848/848 847/847/847 846/846/846
f 847/847/847 849/849/849 846/846/846
f 850/850/850 846/846/846 849/849/849
f 851/851/851 850/850/850 849/849/849
f 850/850/850 851/851/851 852/852/852
f 853/853/853 850/850/850 852/852/852
f 856/856/856 855/855/855 854/854/854
f 855/855/855 857/857/857 854/854/854
f 858/858/858 857/857/857 855/855/855
f 859/859/859 858/858/858 855/855/855
f 860/860/860 858/858/858 859/859/859
f 861/861/861 860/860/860 859/859/859
f 864/864/864 863/863/863 862/862/862
f 863/863/863 865/865/865 862/862/862
f 866/866/866 865/865/865 863/863/863
f 867/867/867 866/866/866 863/863/863
f 868/868/868 866/866/866 867/867/867
f 869/869/869 868/868/868 867/867/867
f 872/872/872 871/871/871 870/870/870
f 871/871/871 873/873/873 870/870/870
f 874/874/874 873/873/873 871/871/871
f 875/875/875 874/874/874 871/871/871
f 876/876/876 874/874/874 875/875/875
f 877/877/877 876/876/876 875/875/875
f 880/880/880 879/879/879 878/878/878
f 879/879/879 881/881/881 878/878/878
f 878/878/878 881/881/881 882/882/882
f 883/883/883 878/878/878 882/882/882
f 884/884/884 882/882/882 881/881/881
f 881/881/881 879/879/879 885/885/885
f 885/885/885 884/884/884 881/881/881
f 879/879/879 886/886/886 885/885/885
f 886/886/886 887/887/887 885/885/885
f 887/887/887 888/888/888 885/885/885
f 884/884/884 885/885/885 888/888/888
f 889/889/889 884/884/884 888/888/888
f 892/892/892 891/891/891 890/890/890
f 891/891/891 893/893/893 890/890/890
f 890/890/890 893/893/893 894/894/894
f 895/895/895 890/890/890 894/894/894
f 894/894/894 893/893/893 896/896/896
f 893/893/893 891/891/891 897/897/897
f 893/893/893 897/897/897 896/896/896
f 891/891/891 898/898/898 897/897/897
f 898/898/898 899/899/899 897/897/897
f 899/899/899 900/900/900 897/897/897
f 896/896/896 897/897/897 900/900/900
f 901/901/901 896/896/896 900/900/900
f 904/904/904 903/903/903 902/902/902
f 903/903/903 905/905/905 902/902/902
f 902/902/902 905/905/905 906/906/906
f 907/907/907 902/902/902 906/906/906
f 906/906/906 905/905/905 908/908/908
f 905/905/905 903/903/903 909/909/909
f 905/905/905 909/909/909 908/908/908
f 903/903/903 910/910/910 909/909/909
f 910/910/910 911/911/911 909/909/909
f 911/911/911 912/912/912 909/909/909
f 908/908/908 909/909/909 912/912/912
f 913/913/913 908/908/908 912/912/912
f 916/916/916 915/915/915 914/914/914
f 915/915/915 917/917/917 914/914/914
f 914/914/914 917/917/917 918/918/918
f 919/919/919 914/914/914 918/918/918
f 918/918/918 917/917/917 920/920/920
f 917/917/917 915/915/915 921/921/921
f 917/917/917 921/921/921 920/920/920
f 915/915/915 922/922/922 921/921/921
f 922/922/922 923/923/923 921/921/921
f 923/923/923 924/924/924 921/921/921
f 920/920/920 921/921/921 924/924/924
f 925/925/925 920/920/920 924/924/924
f 928/928/928 927/927/927 926/926/926
f 927/927/927 929/929/929 926/926/926
f 926/926/926 929/929/929 930/930/930
f 931/931/931 926/926/926 930/930/930
f 932/932/932 930/930/930 929/929/929
f 929/929/929 927/927/927 933/933/933
f 933/933/933 932/932/932 929/929/929
f 927/927/927 934/934/934 933/933/933
f 934/934/934 935/935/935 933/933/933
f 935/935/935 936/936/936 933/933/933
f 932/932/932 933/933/933 936/936/936
f 937/937/937 932/932/932 936/936/936
f 940/940/940 939/939/939 938/938/938
f 939/939/939 941/941/941 938/938/938
f 938/938/938 941/941/941 942/942/942
f 943/943/943 938/938/938 942/942/942
f 942/942/942 941/941/941 944/944/944
f 941/941/941 939/939/939 945/945/945
f 941/941/941 945/945/945 944/944/944
f 939/939/939 946/946/946 945/945/945
f 946/946/946 947/947/947 945/945/945
f 947/947/947 948/948/948 945/945/945
f 944/944/944 945/945/945 948/948/948
f 949/949/949 944/944/944 948/948/948
f 952/952/952 951/951/951 950/950/950
f 951/951/951 953/953/953 950/950/950
f 950/950/950 953/953/953 954/954/954
f 955/955/955 950/950/950 954/954/954
f 954/954/954 953/953/953 956/956/956
f 953/953/953 951/951/951 957/957/957
f 953/953/953 957/957/957 956/956/956
f 951/951/951 958/958/958 957/957/957
f 958/958/958 959/959/959 957/957/957
f 959/959/959 960/960/960 957/957/957
f 956/956/956 957/957/957 960/960/960
f 961/961/961 956/956/956 960/960/960
f 964/964/964 963/963/963 962/962/962
f 963/963/963 965/965/965 962/962/962
f 962/962/962 965/965/965 966/966/966
f 967/967/967 962/962/962 966/966/966
f 966/966/966 965/965/965 968/968/968
f 965/965/965 963/963/963 969/969/969
f 965/965/965 969/969/969 968/968/968
f 963/963/963 970/970/970 969/969/969
f 970/970/970 971/971/971 969/969/969
f 971/971/971 972/972/972 969/969/969
f 968/968/968 969/969/969 972/972/972
f 973/973/973 968/968/968 972/972/972
f 976/976/976 975/975/975 974/974/974
f 975/975/975 977/977/977 974/974/974
f 975/975/975 978/978/978 977/977/977
f 974/974/974 977/977/977 979/979/979
f 980/980/980 974/974/974 979/979/979
f 981/981/981 979/979/979 977/977/977
f 978/978/978 982/982/982 977/977/977
f 982/982/982 981/981/981 977/977/977
f 978/978/978 983/983/983 982/982/982
f 983/983/983 984/984/984 982/982/982
f 981/981/981 982/982/982 984/984/984
f 985/985/985 981/981/981 984/984/984
f 988/988/988 987/987/987 986/986/986
f 987/987/987 989/989/989 986/986/986
f 987/987/987 990/990/990 989/989/989
f 986/986/986 989/989/989 991/991/991
f 992/992/992 986/986/986 991/991/991
f 993/993/993 991/991/991 989/989/989
f 990/990/990 994/994/994 989/989/989
f 994/994/994 993/993/993 989/989/989
f 990/990/990 995/995/995 994/994/994
f 995/995/995 996/996/996 994/994/994
f 993/993/993 994/994/994 996/996/996
f 997/997/997 993/993/993 996/996/996
f 1000/1000/1000 999/999/999 998/998/998
f 999/999/999 1001/1001/1001 998/998/998
f 999/999/999 1002/1002/1002 1001/1001/1001
f 998/998/998 1001/1001/1001 1003/1003/1003
f 1004/1004/1004 998/998/998 1003/1003/1003
f 1005/1005/1005 1003/1003/1003 1001/1001/1001
f 1002/1002/1002 1006/1006/1006 1001/1001/1001
f 1006/1006/1006 1005/1005/1005 1001/1001/1001
f 1002/1002/1002 1007/1007/1007 1006/1006/1006
f 1007/1007/1007 1008/1008/1008 1006/1006/1006
f 1005/1005/1005 1006/1006/1006 1008/1008/1008
f 1009/1009/1009 1005/1005/1005 1008/1008/1008
f 1012/1012/1012 1011/1011/1011 1010/1010/1010
f 1011/1011/1011 1013/1013/1013 1010/1010/1010
f 1011/1011/1011 1014/1014/1014 1013/1013/1013
f 1010/1010/1010 1013/1013/1013 1015/1015/1015
f 1016/1016/1016 1010/1010/1010 1015/1015/1015
f 1015/1015/1015 1013/1013/1013 1017/1017/1017
f 1014/1014/1014 1018/1018/1018 1013/1013/1013
f 1013/1013/1013 1018/1018/1018 1017/1017/1017
f 1014/1014/1014 1019/1019/1019 1018/1018/1018
f 1019/1019/1019 1020/1020/1020 1018/1018/1018
f 1017/1017/1017 1018/1018/1018 1020/1020/1020
f 1021/1021/1021 1017/1017/1017 1020/1020/1020
f 1024/1024/1024 1023/1023/1023 1022/1022/1022
f 1023/1023/1023 1025/1025/1025 1022/1022/1022
f 1022/1022/1022 1025/1025/1025 1026/1026/1026
f 1027/1027/1027 1022/1022/1022 1026/1026/1026
f 1028/1028/1028 1026/1026/1026 1025/1025/1025
f 1025/1025/1025 1023/1023/1023 1029/1029/1029
f 1029/1029/1029 1028/1028/1028 1025/1025/1025
f 1023/1023/1023 1030/1030/1030 1029/1029/1029
f 1030/1030/1030 1031/1031/1031 1029/1029/1029
f 1031/1031/1031 1032/1032/1032 1029/1029/1029
f 1028/1028/1028 1029/1029/1029 1032/1032/1032
f 1033/1033/1033 1028/1028/1028 1032/1032/1032
f 1036/1036/1036 1035/1035/1035 1034/1034/1034
f 1035/1035/1035 1037/1037/1037 1034/1034/1034
f 1034/1034/1034 1037/1037/1037 1038/1038/1038
f 1039/1039/1039 1034/1034/1034 1038/1038/1038
f 1038/1038/1038 1037/1037/1037 1040/1040/1040
f 1037/1037/1037 1035/1035/1035 1041/1041/1041
f 1037/1037/1037 1041/1041/1041 1040/1040/1040
f 1035/1035/1035 1042/1042/1042 1041/1041/1041
f 1042/1042/1042 1043/1043/1043 1041/1041/1041
f 1043/1043/1043 1044/1044/1044 1041/1041/1041
f 1040/1040/1040 1041/1041/1041 1044/1044/1044
f 1045/1045/1045 1040/1040/1040 1044/1044/1044
f 1048/1048/1048 1047/1047/1047 1046/1046/1046
f 1047/1047/1047 1049/1049/1049 1046/1046/1046
f 1046/1046/1046 1049/1049/1049 1050/1050/1050
f 1051/1051/1051 1046/1046/1046 1050/1050/1050
f 1050/1050/1050 1049/1049/1049 1052/1052/1052
f 1049/1049/1049 1047/1047/1047 1053/1053/1053
f 1049/1049/1049 1053/1053/1053 1052/1052/1052
f 1047/1047/1047 1054/1054/1054 1053/1053/1053
f 1054/1054/1054 1055/1055/1055 1053/1053/1053
f 1055/1055/1055 1056/1056/1056 1053/1053/1053
f 1052/1052/1052 1053/1053/1053 1056/1056/1056
f 1057/1057/1057 1052/1052/1052 1056/1056/1056
f 1060/1060/1060 1059/1059/1059 1058/1058/1058
f 1059/1059/1059 1061/1061/1061 1058/1058/1058
f 1058/1058/1058 1061/1061/1061 1062/1062/1062
f 1063/1063/1063 1058/1058/1058 1062/1062/1062
f 1062/1062/1062 1061/1061/1061 1064/1064/1064
f 1061/1061/1061 1059/1059/1059 1065/1065/1065
f 1061/1061/1061 1065/1065/1065 1064/1064/1064
f 1059/1059/1059 1066/1066/1066 1065/1065/1065
f 1066/1066/1066 1067/1067/1067 1065/1065/1065
f 1067/1067/1067 1068/1068/1068 1065/1065/1065
f 1064/1064/1064 1065/1065/1065 1068/1068/1068
f 1069/1069/1069 1064/1064/1064 1068/1068/1068
f 1072/1072/1072 1071/1071/1071 1070/1070/1070
f 1071/1071/1071 1073/1073/1073 1070/1070/1070
f 1074/1074/1074 1070/1070/1070 1073/1073/1073
f 1075/1075/1075 1073/1073/1073 1071/1071/1071
f 1076/1076/1076 1075/1075/1075 1071/1071/1071
f 1077/1077/1077 1074/1074/1074 1073/1073/1073
f 1077/1077/1077 1073/1073/1073 1075/1075/1075
f 1078/1078/1078 1075/1075/1075 1076/1076/1076
f 1079/1079/1079 1078/1078/1078 1076/1076/1076
f 1075/1075/1075 1078/1078/1078 1080/1080/1080
f 1080/1080/1080 1077/1077/1077 1075/1075/1075
f 1078/1078/1078 1081/1081/1081 1080/1080/1080
f 1082/1082/1082 1080/1080/1080 1081/1081/1081
f 1080/1080/1080 1082/1082/1082 1077/1077/1077
f 1083/1083/1083 1082/1082/1082 1081/1081/1081
f 1082/1082/1082 1084/1084/1084 1077/1077/1077
f 1074/1074/1074 1077/1077/1077 1084/1084/1084
f 1085/1085/1085 1074/1074/1074 1084/1084/1084
f 1088/1088/1088 1087/1087/1087 1086/1086/1086
f 1087/1087/1087 1089/1089/1089 1086/1086/1086
f 1090/1090/1090 1086/1086/1086 1089/1089/1089
f 1091/1091/1091 1089/1089/1089 1087/1087/1087
f 1092/1092/1092 1091/1091/1091 1087/1087/1087
f 1093/1093/1093 1090/1090/1090 1089/1089/1089
f 1093/1093/1093 1089/1089/1089 1091/1091/1091
f 1094/1094/1094 1091/1091/1091 1092/1092/1092
f 1095/1095/1095 1094/1094/1094 1092/1092/1092
f 1091/1091/1091 1094/1094/1094 1096/1096/1096
f 1096/1096/1096 1093/1093/1093 1091/1091/1091
f 1094/1094/1094 1097/1097/1097 1096/1096/1096
f 1098/1098/1098 1096/1096/1096 1097/1097/1097
f 1096/1096/1096 1098/1098/1098 1093/1093/1093
f 1099/1099/1099 1098/1098/1098 1097/1097/1097
f 1098/1098/1098 1100/1100/1100 1093/1093/1093
f 1090/1090/1090 1093/1093/1093 1100/1100/1100
f 1101/1101/1101 1090/1090/1090 1100/1100/1100
f 1104/1104/1104 1103/1103/1103 1102/1102/1102
f 1103/1103/1103 1105/1105/1105 1102/1102/1102
f 1106/1106/1106 1102/1102/1102 1105/1105/1105
f 1107/1107/1107 1105/1105/1105 1103/1103/1103
f 1108/1108/1108 1107/1107/1107 1103/1103/1103
f 1109/1109/1109 1106/1106/1106 1105/1105/1105
f 1105/1105/1105 1107/1107/1107 1109/1109/1109
f 1110/1110/1110 1107/1107/1107 1108/1108/1108
f 1111/1111/1111 1110/1110/1110 1108/1108/1108
f 1112/1112/1112 1107/1107/1107 1110/1110/1110
f 1107/1107/1107 1112/1112/1112 1109/1109/1109
f 1113/1113/1113 1112/1112/1112 1110/1110/1110
f 1114/1114/1114 1112/1112/1112 1113/1113/1113
f 1109/1109/1109 1112/1112/1112 1114/1114/1114
f 1115/1115/1115 1114/1114/1114 1113/1113/1113
f 1116/1116/1116 1109/1109/1109 1114/1114/1114
f 1106/1106/1106 1109/1109/1109 1116/1116/1116
f 1117/1117/1117 1106/1106/1106 1116/1116/1116
f 1120/1120/1120 1119/1119/1119 1118/1118/1118
f 1119/1119/1119 1121/1121/1121 1118/1118/1118
f 1122/1122/1122 1118/1118/1118 1121/1121/1121
f 1123/1123/1123 1121/1121/1121 1119/1119/1119
f 1124/1124/1124 1123/1123/1123 1119/1119/1119
f 1125/1125/1125 1122/1122/1122 1121/1121/1121
f 1125/1125/1125 1121/1121/1121 1123/1123/1123
f 1126/1126/1126 1123/1123/1123 1124/1124/1124
f 1127/1127/1127 1126/1126/1126 1124/1124/1124
f 1123/1123/1123 1126/1126/1126 1128/1128/1128
f 1128/1128/1128 1125/1125/1125 1123/1123/1123
f 1126/1126/1126 1129/1129/1129 1128/1128/1128
f 1130/1130/1130 1128/1128/1128 1129/1129/1129
f 1128/1128/1128 1130/1130/1130 1125/1125/1125
f 1131/1131/1131 1130/1130/1130 1129/1129/1129
f 1130/1130/1130 1132/1132/1132 1125/1125/1125
f 1122/1122/1122 1125/1125/1125 1132/1132/1132
f 1133/1133/1133 1122/1122/1122 1132/1132/1132
f 1136/1136/1136 1135/1135/1135 1134/1134/1134
f 1135/1135/1135 1137/1137/1137 1134/1134/1134
f 1134/1134/1134 1137/1137/1137 1138/1138/1138
f 1139/1139/1139 1134/1134/1134 1138/1138/1138
f 1140/1140/1140 1138/1138/1138 1137/1137/1137
f 1137/1137/1137 1135/1135/1135 1141/1141/1141
f 1141/1141/1141 1140/1140/1140 1137/1137/1137
f 1135/1135/1135 1142/1142/1142 1141/1141/1141
f 1142/1142/1142 1143/1143/1143 1141/1141/1141
f 1143/1143/1143 1144/1144/1144 1141/1141/1141
f 1140/1140/1140 1141/1141/1141 1144/1144/1144
f 1145/1145/1145 1140/1140/1140 1144/1144/1144
f 1148/1148/1148 1147/1147/1147 1146/1146/1146
f 1147/1147/1147 1149/1149/1149 1146/1146/1146
f 1146/1146/1146 1149/1149/1149 1150/1150/1150
f 1151/1151/1151 1146/1146/1146 1150/1150/1150
f 1150/1150/1150 1149/1149/1149 1152/1152/1152
f 1149/1149/1149 1147/1147/1147 1153/1153/1153
f 1149/1149/1149 1153/1153/1153 1152/1152/1152
f 1147/1147/1147 1154/1154/1154 1153/1153/1153
f 1154/1154/1154 1155/1155/1155 1153/1153/1153
f 1155/1155/1155 1156/1156/1156 1153/1153/1153
f 1152/1152/1152 1153/1153/1153 1156/1156/1156
f 1157/1157/1157 1152/1152/1152 1156/1156/1156
f 1160/1160/1160 1159/1159/1159 1158/1158/1158
f 1159/1159/1159 1161/1161/1161 1158/1158/1158
f 1158/1158/1158 1161/1161/1161 1162/1162/1162
f 1163/1163/1163 1158/1158/1158 1162/1162/1162
f 1162/1162/1162 1161/1161/1161 1164/1164/1164
f 1161/1161/1161 1159/1159/1159 1165/1165/1165
f 1161/1161/1161 1165/1165/1165 1164/1164/1164
f 1159/1159/1159 1166/1166/1166 1165/1165/1165
f 1166/1166/1166 1167/1167/1167 1165/1165/1165
f 1167/1167/1167 1168/1168/1168 1165/1165/1165
f 1164/1164/1164 1165/1165/1165 1168/1168/1168
f 1169/1169/1169 1164/1164/1164 1168/1168/1168
f 1172/1172/1172 1171/1171/1171 1170/1170/1170
f 1171/1171/1171 1173/1173/1173 1170/1170/1170
f 1170/1170/1170 1173/1173/1173 1174/1174/1174
f 1175/1175/1175 1170/1170/1170 1174/1174/1174
f 1174/1174/1174 1173/1173/1173 1176/1176/1176
f 1173/1173/1173 1171/1171/1171 1177/1177/1177
f 1173/1173/1173 1177/1177/1177 1176/1176/1176
f 1171/1171/1171 1178/1178/1178 1177/1177/1177
f 1178/1178/1178 1179/1179/1179 1177/1177/1177
f 1179/1179/1179 1180/1180/1180 1177/1177/1177
f 1176/1176/1176 1177/1177/1177 1180/1180/1180
f 1181/1181/1181 1176/1176/1176 1180/1180/1180
f 1184/1184/1184 1183/1183/1183 1182/1182/1182
f 1183/1183/1183 1185/1185/1185 1182/1182/1182
f 1186/1186/1186 1182/1182/1182 1185/1185/1185
f 1187/1187/1187 1185/1185/1185 1183/1183/1183
f 1188/1188/1188 1187/1187/1187 1183/1183/1183
f 1189/1189/1189 1186/1186/1186 1185/1185/1185
f 1189/1189/1189 1185/1185/1185 1187/1187/1187
f 1190/1190/1190 1187/1187/1187 1188/1188/1188
f 1191/1191/1191 1190/1190/1190 1188/1188/1188
f 1187/1187/1187 1190/1190/1190 1192/1192/1192
f 1192/1192/1192 1189/1189/1189 1187/1187/1187
f 1190/1190/1190 1193/1193/1193 1192/1192/1192
f 1194/1194/1194 1192/1192/1192 1193/1193/1193
f 1192/1192/1192 1194/1194/1194 1189/1189/1189
f 1195/1195/1195 1194/1194/1194 1193/1193/1193
f 1194/1194/1194 1196/1196/1196 1189/1189/1189
f 1186/1186/1186 1189/1189/1189 1196/1196/1196
f 1197/1197/1197 1186/1186/1186 1196/1196/1196
f 1200/1200/1200 1199/1199/1199 1198/1198/1198
f 1199/1199/1199 1201/1201/1201 1198/1198/1198
f 1198/1198/1198 1201/1201/1201 1202/1202/1202
f 1203/1203/1203 1198/1198/1198 1202/1202/1202
f 1204/1204/1204 1202/1202/1202 1201/1201/1201
f 1205/1205/1205 1201/1201/1201 1199/1199/1199
f 1205/1205/1205 1204/1204/1204 1201/1201/1201
f 1206/1206/1206 1205/1205/1205 1199/1199/1199
f 1206/1206/1206 1207/1207/1207 1205/1205/1205
f 1207/1207/1207 1208/1208/1208 1205/1205/1205
f 1204/1204/1204 1205/1205/1205 1208/1208/1208
f 1209/1209/1209 1204/1204/1204 1208/1208/1208
f 1212/1212/1212 1211/1211/1211 1210/1210/1210
f 1211/1211/1211 1213/1213/1213 1210/1210/1210
f 1210/1210/1210 1213/1213/1213 1214/1214/1214
f 1215/1215/1215 1210/1210/1210 1214/1214/1214
f 1214/1214/1214 1213/1213/1213 1216/1216/1216
f 1213/1213/1213 1211/1211/1211 1217/1217/1217
f 1213/1213/1213 1217/1217/1217 1216/1216/1216
f 1211/1211/1211 1218/1218/1218 1217/1217/1217
f 1218/1218/1218 1219/1219/1219 1217/1217/1217
f 1219/1219/1219 1220/1220/1220 1217/1217/1217
f 1216/1216/1216 1217/1217/1217 1220/1220/1220
f 1221/1221/1221 1216/1216/1216 1220/1220/1220
f 1224/1224/1224 1223/1223/1223 1222/1222/1222
f 1223/1223/1223 1225/1225/1225 1222/1222/1222
f 1222/1222/1222 1225/1225/1225 1226/1226/1226
f 1227/1227/1227 1222/1222/1222 1226/1226/1226
f 1228/1228/1228 1226/1226/1226 1225/1225/1225
f 1225/1225/1225 1223/1223/1223 1229/1229/1229
f 1229/1229/1229 1228/1228/1228 1225/1225/1225
f 1223/1223/1223 1230/1230/1230 1229/1229/1229
f 1230/1230/1230 1231/1231/1231 1229/1229/1229
f 1231/1231/1231 1232/1232/1232 1229/1229/1229
f 1228/1228/1228 1229/1229/1229 1232/1232/1232
f 1233/1233/1233 1228/1228/1228 1232/1232/1232
f 1236/1236/1236 1235/1235/1235 1234/1234/1234
f 1235/1235/1235 1237/1237/1237 1234/1234/1234
f 1234/1234/1234 1237/1237/1237 1238/1238/1238
f 1239/1239/1239 1234/1234/1234 1238/1238/1238
f 1238/1238/1238 1237/1237/1237 1240/1240/1240
f 1237/1237/1237 1235/1235/1235 1241/1241/1241
f 1237/1237/1237 1241/1241/1241 1240/1240/1240
f 1235/1235/1235 1242/1242/1242 1241/1241/1241
f 1242/1242/1242 1243/1243/1243 1241/1241/1241
f 1243/1243/1243 1244/1244/1244 1241/1241/1241
f 1240/1240/1240 1241/1241/1241 1244/1244/1244
f 1245/1245/1245 1240/1240/1240 1244/1244/1244
f 1248/1248/1248 1247/1247/1247 1246/1246/1246
f 1247/1247/1247 1249/1249/1249 1246/1246/1246
f 1249/1249/1249 1247/1247/1247 1250/1250/1250
f 1246/1246/1246 1249/1249/1249 1251/1251/1251
f 1252/1252/1252 1246/1246/1246 1251/1251/1251
f 1253/1253/1253 1251/1251/1251 1249/1249/1249
f 1254/1254/1254 1249/1249/1249 1250/1250/1250
f 1254/1254/1254 1253/1253/1253 1249/1249/1249
f 1255/1255/1255 1254/1254/1254 1250/1250/1250
f 1253/1253/1253 1254/1254/1254 1255/1255/1255
f 1256/1256/1256 1255/1255/1255 1250/1250/1250
f 1257/1257/1257 1253/1253/1253 1255/1255/1255
f 1255/1255/1255 1256/1256/1256 1258/1258/1258
f 1255/1255/1255 1258/1258/1258 1257/1257/1257
f 1256/1256/1256 1259/1259/1259 1258/1258/1258
f 1258/1258/1258 1260/1260/1260 1257/1257/1257
f 1263/1263/1263 1262/1262/1262 1261/1261/1261
f 1262/1262/1262 1264/1264/1264 1261/1261/1261
f 1261/1261/1261 1264/1264/1264 1265/1265/1265
f 1266/1266/1266 1261/1261/1261 1265/1265/1265
f 1265/1265/1265 1264/1264/1264 1267/1267/1267
f 1264/1264/1264 1262/1262/1262 1268/1268/1268
f 1264/1264/1264 1268/1268/1268 1267/1267/1267
f 1262/1262/1262 1269/1269/1269 1268/1268/1268
f 1269/1269/1269 1270/1270/1270 1268/1268/1268
f 1270/1270/1270 1271/1271/1271 1268/1268/1268
f 1267/1267/1267 1268/1268/1268 1271/1271/1271
f 1272/1272/1272 1267/1267/1267 1271/1271/1271
f 1275/1275/1275 1274/1274/1274 1273/1273/1273
f 1274/1274/1274 1276/1276/1276 1273/1273/1273
f 1277/1277/1277 1273/1273/1273 1276/1276/1276
f 1278/1278/1278 1276/1276/1276 1274/1274/1274
f 1279/1279/1279 1278/1278/1278 1274/1274/1274
f 1280/1280/1280 1277/1277/1277 1276/1276/1276
f 1276/1276/1276 1278/1278/1278 1280/1280/1280
f 1281/1281/1281 1278/1278/1278 1279/1279/1279
f 1282/1282/1282 1281/1281/1281 1279/1279/1279
f 1283/1283/1283 1278/1278/1278 1281/1281/1281
f 1278/1278/1278 1283/1283/1283 1280/1280/1280
f 1284/1284/1284 1283/1283/1283 1281/1281/1281
f 1285/1285/1285 1283/1283/1283 1284/1284/1284
f 1283/1283/1283 1285/1285/1285 1280/1280/1280
f 1286/1286/1286 1285/1285/1285 1284/1284/1284
f 1285/1285/1285 1287/1287/1287 1280/1280/1280
f 1277/1277/1277 1280/1280/1280 1287/1287/1287
f 1288/1288/1288 1277/1277/1277 1287/1287/1287
f 1291/1291/1291 1290/1290/1290 1289/1289/1289
f 1290/1290/1290 1292/1292/1292 1289/1289/1289
f 1293/1293/1293 1292/1292/1292 1290/1290/1290
f 1294/1294/1294 1293/1293/1293 1290/1290/1290
f 1295/1295/1295 1289/1289/1289 1292/1292/1292
f 1293/1293/1293 1294/1294/1294 1296/1296/1296
f 1297/1297/1297 1295/1295/1295 1292/1292/1292
f 1297/1297/1297 1292/1292/1292 1293/1293/1293
f 1295/1295/1295 1297/1297/1297 1298/1298/1298
f 1299/1299/1299 1295/1295/1295 1298/1298/1298
f 1300/1300/1300 1298/1298/1298 1297/1297/1297
f 1301/1301/1301 1300/1300/1300 1297/1297/1297
f 1301/1301/1301 1297/1297/1297 1293/1293/1293
f 1300/1300/1300 1301/1301/1301 1302/1302/1302
f 1302/1302/1302 1301/1301/1301 1293/1293/1293
f 1303/1303/1303 1300/1300/1300 1302/1302/1302
f 1304/1304/1304 1293/1293/1293 1296/1296/1296
f 1304/1304/1304 1302/1302/1302 1293/1293/1293
f 1302/1302/1302 1305/1305/1305 1303/1303/1303
f 1305/1305/1305 1302/1302/1302 1304/1304/1304
f 1305/1305/1305 1306/1306/1306 1303/1303/1303
f 1307/1307/1307 1305/1305/1305 1304/1304/1304
f 1304/1304/1304 1296/1296/1296 1307/1307/1307
f 1296/1296/1296 1308/1308/1308 1307/1307/1307
f 1311/1311/1311 1310/1310/1310 1309/1309/1309
f 1310/1310/1310 1312/1312/1312 1309/1309/1309
f 1313/1313/1313 1312/1312/1312 1310/1310/1310
f 1314/1314/1314 1309/1309/1309 1312/1312/1312
f 1315/1315/1315 1314/1314/1314 1312/1312/1312
f 1315/1315/1315 1312/1312/1312 1313/1313/1313
f 1316/1316/1316 1313/1313/1313 1310/1310/1310
f 1317/1317/1317 1315/1315/1315 1313/1313/1313
f 1318/1318/1318 1317/1317/1317 1313/1313/1313
f 1313/1313/1313 1316/1316/1316 1319/1319/1319
f 1320/1320/1320 1318/1318/1318 1313/1313/1313
f 1320/1320/1320 1313/1313/1313 1319/1319/1319
f 1321/1321/1321 1318/1318/1318 1320/1320/1320
f 1322/1322/1322 1321/1321/1321 1320/1320/1320
f 1320/1320/1320 1319/1319/1319 1322/1322/1322
f 1319/1319/1319 1323/1323/1323 1322/1322/1322
f 1326/1326/1326 1325/1325/1325 1324/1324/1324
f 1327/1327/1327 1326/1326/1326 1324/1324/1324
f 1328/1328/1328 1326/1326/1326 1327/1327/1327
f 1327/1327/1327 1324/1324/1324 1329/1329/1329
f 1324/1324/1324 1330/1330/1330 1329/1329/1329
f 1329/1329/1329 1331/1331/1331 1327/1327/1327
f 1332/1332/1332 1328/1328/1328 1327/1327/1327
f 1331/1331/1331 1332/1332/1332 1327/1327/1327
f 1333/1333/1333 1328/1328/1328 1332/1332/1332
f 1334/1334/1334 1333/1333/1333 1332/1332/1332
f 1332/1332/1332 1331/1331/1331 1334/1334/1334
f 1331/1331/1331 1335/1335/1335 1334/1334/1334
f 1338/1338/1338 1337/1337/1337 1336/1336/1336
f 1339/1339/1339 1338/1338/1338 1336/1336/1336
f 1340/1340/1340 1338/1338/1338 1339/1339/1339
f 1339/1339/1339 1336/1336/1336 1341/1341/1341
f 1336/1336/1336 1342/1342/1342 1341/1341/1341
f 1341/1341/1341 1343/1343/1343 1339/1339/1339
f 1344/1344/1344 1340/1340/1340 1339/1339/1339
f 1343/1343/1343 1344/1344/1344 1339/1339/1339
f 1340/1340/1340 1344/1344/1344 1345/1345/1345
f 1344/1344/1344 1346/1346/1346 1345/1345/1345
f 1344/1344/1344 1343/1343/1343 1346/1346/1346
f 1343/1343/1343 1347/1347/1347 1346/1346/1346
f 1350/1350/1350 1349/1349/1349 1348/1348/1348
f 1349/1349/1349 1351/1351/1351 1348/1348/1348
f 1351/1351/1351 1349/1349/1349 1352/1352/1352
f 1349/1349/1349 1353/1353/1353 1352/1352/1352
f 1352/1352/1352 1354/1354/1354 1351/1351/1351
f 1351/1351/1351 1355/1355/1355 1348/1348/1348
f 1354/1354/1354 1355/1355/1355 1351/1351/1351
f 1355/1355/1355 1356/1356/1356 1348/1348/1348
f 1357/1357/1357 1356/1356/1356 1355/1355/1355
f 1358/1358/1358 1357/1357/1357 1355/1355/1355
f 1355/1355/1355 1354/1354/1354 1358/1358/1358
f 1354/1354/1354 1359/1359/1359 1358/1358/1358
f 1362/1362/1362 1361/1361/1361 1360/1360/1360
f 1363/1363/1363 1362/1362/1362 1360/1360/1360
f 1364/1364/1364 1362/1362/1362 1363/1363/1363
f 1363/1363/1363 1360/1360/1360 1365/1365/1365
f 1360/1360/1360 1366/1366/1366 1365/1365/1365
f 1365/1365/1365 1367/1367/1367 1363/1363/1363
f 1368/1368/1368 1364/1364/1364 1363/1363/1363
f 1367/1367/1367 1368/1368/1368 1363/1363/1363
f 1369/1369/1369 1364/1364/1364 1368/1368/1368
f 1368/1368/1368 1367/1367/1367 1370/1370/1370
f 1370/1370/1370 1369/1369/1369 1368/1368/1368
f 1367/1367/1367 1371/1371/1371 1370/1370/1370
f 1370/1370/1370 1371/1371/1371 1372/1372/1372
f 1373/1373/1373 1369/1369/1369 1370/1370/1370
f 1374/1374/1374 1370/1370/1370 1372/1372/1372
f 1374/1374/1374 1373/1373/1373 1370/1370/1370
f 1372/1372/1372 1375/1375/1375 1374/1374/1374
f 1373/1373/1373 1374/1374/1374 1376/1376/1376
f 1375/1375/1375 1376/1376/1376 1374/1374/1374
f 1377/1377/1377 1373/1373/1373 1376/1376/1376
f 1375/1375/1375 1378/1378/1378 1376/1376/1376
f 1379/1379/1379 1377/1377/1377 1376/1376/1376
f 1378/1378/1378 1380/1380/1380 1376/1376/1376
f 1380/1380/1380 1379/1379/1379 1376/1376/1376
f 1380/1380/1380 1378/1378/1378 1381/1381/1381
f 1382/1382/1382 1379/1379/1379 1380/1380/1380
f 1383/1383/1383 1380/1380/1380 1381/1381/1381
f 1383/1383/1383 1382/1382/1382 1380/1380/1380
f 1383/1383/1383 1381/1381/1381 1384/1384/1384
f 1383/1383/1383 1385/1385/1385 1382/1382/1382
f 1385/1385/1385 1383/1383/1383 1384/1384/1384
f 1385/1385/1385 1386/1386/1386 1382/1382/1382
f 1387/1387/1387 1386/1386/1386 1385/1385/1385
f 1388/1388/1388 1387/1387/1387 1385/1385/1385
f 1385/1385/1385 1384/1384/1384 1388/1388/1388
f 1384/1384/1384 1389/1389/1389 1388/1388/1388
f 1392/1392/1392 1391/1391/1391 1390/1390/1390
f 1393/1393/1393 1392/1392/1392 1390/1390/1390
f 1390/1390/1390 1394/1394/1394 1393/1393/1393
f 1393/1393/1393 1395/1395/1395 1392/1392/1392
f 1395/1395/1395 1396/1396/1396 1392/1392/1392
f 1394/1394/1394 1397/1397/1397 1393/1393/1393
f 1395/1395/1395 1393/1393/1393 1397/1397/1397
f 1394/1394/1394 1398/1398/1398 1397/1397/1397
f 1399/1399/1399 1395/1395/1395 1397/1397/1397
f 1397/1397/1397 1400/1400/1400 1399/1399/1399
f 1398/1398/1398 1400/1400/1400 1397/1397/1397
f 1400/1400/1400 1398/1398/1398 1401/1401/1401
f 1395/1395/1395 1402/1402/1402 1396/1396/1396
f 1395/1395/1395 1399/1399/1399 1402/1402/1402
f 1402/1402/1402 1403/1403/1403 1396/1396/1396
f 1399/1399/1399 1404/1404/1404 1402/1402/1402
f 1405/1405/1405 1400/1400/1400 1401/1401/1401
f 1400/1400/1400 1405/1405/1405 1399/1399/1399
f 1405/1405/1405 1401/1401/1401 1406/1406/1406
f 1407/1407/1407 1405/1405/1405 1406/1406/1406
f 1405/1405/1405 1407/1407/1407 1399/1399/1399
f 1399/1399/1399 1408/1408/1408 1404/1404/1404
f 1408/1408/1408 1409/1409/1409 1404/1404/1404
f 1399/1399/1399 1410/1410/1410 1408/1408/1408
f 1407/1407/1407 1410/1410/1410 1399/1399/1399
f 1410/1410/1410 1411/1411/1411 1408/1408/1408
f 1410/1410/1410 1412/1412/1412 1411/1411/1411
f 1410/1410/1410 1407/1407/1407 1412/1412/1412
f 1412/1412/1412 1413/1413/1413 1411/1411/1411
f 1407/1407/1407 1414/1414/1414 1412/1412/1412
f 1407/1407/1407 1406/1406/1406 1414/1414/1414
f 1406/1406/1406 1415/1415/1415 1414/1414/1414
f 1418/1418/1418 1417/1417/1417 1416/1416/1416
f 1417/1417/1417 1419/1419/1419 1416/1416/1416
f 1417/1417/1417 1420/1420/1420 1419/1419/1419
f 1416/1416/1416 1419/1419/1419 1421/1421/1421
f 1422/1422/1422 1416/1416/1416 1421/1421/1421
f 1423/1423/1423 1421/1421/1421 1419/1419/1419
f 1420/1420/1420 1424/1424/1424 1419/1419/1419
f 1424/1424/1424 1423/1423/1423 1419/1419/1419
f 1420/1420/1420 1425/1425/1425 1424/1424/1424
f 1425/1425/1425 1426/1426/1426 1424/1424/1424
f 1423/1423/1423 1424/1424/1424 1426/1426/1426
f 1427/1427/1427 1423/1423/1423 1426/1426/1426
f 1430/1430/1430 1429/1429/1429 1428/1428/1428
f 1429/1429/1429 1431/1431/1431 1428/1428/1428
f 1429/1429/1429 1432/1432/1432 1431/1431/1431
f 1428/1428/1428 1431/1431/1431 1433/1433/1433
f 1434/1434/1434 1428/1428/1428 1433/1433/1433
f 1435/1435/1435 1433/1433/1433 1431/1431/1431
f 1432/1432/1432 1436/1436/1436 1431/1431/1431
f 1436/1436/1436 1435/1435/1435 1431/1431/1431
f 1436/1436/1436 1432/1432/1432 1437/1437/1437
f 1438/1438/1438 1436/1436/1436 1437/1437/1437
f 1435/1435/1435 1436/1436/1436 1438/1438/1438
f 1439/1439/1439 1435/1435/1435 1438/1438/1438
f 1442/1442/1442 1441/1441/1441 1440/1440/1440
f 1443/1443/1443 1442/1442/1442 1440/1440/1440
f 1442/1442/1442 1443/1443/1443 1444/1444/1444
f 1445/1445/1445 1442/1442/1442 1444/1444/1444
f 1446/1446/1446 1444/1444/1444 1443/1443/1443
f 1447/1447/1447 1443/1443/1443 1440/1440/1440
f 1447/1447/1447 1446/1446/1446 1443/1443/1443
f 1448/1448/1448 1447/1447/1447 1440/1440/1440
f 1448/1448/1448 1449/1449/1449 1447/1447/1447
f 1449/1449/1449 1450/1450/1450 1447/1447/1447
f 1446/1446/1446 1447/1447/1447 1450/1450/1450
f 1451/1451/1451 1446/1446/1446 1450/1450/1450
f 1454/1454/1454 1453/1453/1453 1452/1452/1452
f 1453/1453/1453 1455/1455/1455 1452/1452/1452
f 1453/1453/1453 1456/1456/1456 1455/1455/1455
f 1452/1452/1452 1455/1455/1455 1457/1457/1457
f 1458/1458/1458 1452/1452/1452 1457/1457/1457
f 1459/1459/1459 1457/1457/1457 1455/1455/1455
f 1456/1456/1456 1460/1460/1460 1455/1455/1455
f 1460/1460/1460 1459/1459/1459 1455/1455/1455
f 1456/1456/1456 1461/1461/1461 1460/1460/1460
f 1459/1459/1459 1460/1460/1460 1462/1462/1462
f 1461/1461/1461 1462/1462/1462 1460/1460/1460
f 1463/1463/1463 1459/1459/1459 1462/1462/1462
f 1463/1463/1463 1462/1462/1462 1464/1464/1464
f 1461/1461/1461 1465/1465/1465 1462/1462/1462
f 1462/1462/1462 1466/1466/1466 1464/1464/1464
f 1465/1465/1465 1466/1466/1466 1462/1462/1462
f 1467/1467/1467 1464/1464/1464 1466/1466/1466
f 1466/1466/1466 1465/1465/1465 1468/1468/1468
f 1468/1468/1468 1467/1467/1467 1466/1466/1466
f 1465/1465/1465 1469/1469/1469 1468/1468/1468
f 1470/1470/1470 1467/1467/1467 1468/1468/1468
f 1469/1469/1469 1471/1471/1471 1468/1468/1468
f 1472/1472/1472 1470/1470/1470 1468/1468/1468
f 1471/1471/1471 1472/1472/1472 1468/1468/1468
f 1470/1470/1470 1472/1472/1472 1473/1473/1473
f 1471/1471/1471 1474/1474/1474 1472/1472/1472
f 1472/1472/1472 1475/1475/1475 1473/1473/1473
f 1474/1474/1474 1475/1475/1475 1472/1472/1472
f 1473/1473/1473 1475/1475/1475 1476/1476/1476
f 1477/1477/1477 1475/1475/1475 1474/1474/1474
f 1475/1475/1475 1477/1477/1477 1476/1476/1476
f 1478/1478/1478 1477/1477/1477 1474/1474/1474
f 1478/1478/1478 1479/1479/1479 1477/1477/1477
f 1479/1479/1479 1480/1480/1480 1477/1477/1477
f 1476/1476/1476 1477/1477/1477 1480/1480/1480
f 1481/1481/1481 1476/1476/1476 1480/1480/1480
f 1484/1484/1484 1483/1483/1483 1482/1482/1482
f 1483/1483/1483 1485/1485/1485 1482/1482/1482
f 1486/1486/1486 1482/1482/1482 1485/1485/1485
f 1487/1487/1487 1485/1485/1485 1483/1483/1483
f 1488/1488/1488 1487/1487/1487 1483/1483/1483
f 1489/1489/1489 1486/1486/1486 1485/1485/1485
f 1485/1485/1485 1487/1487/1487 1489/1489/1489
f 1490/1490/1490 1486/1486/1486 1489/1489/1489
f 1487/1487/1487 1491/1491/1491 1489/1489/1489
f 1492/1492/1492 1489/1489/1489 1491/1491/1491
f 1492/1492/1492 1490/1490/1490 1489/1489/1489
f 1490/1490/1490 1492/1492/1492 1493/1493/1493
f 1494/1494/1494 1487/1487/1487 1488/1488/1488
f 1491/1491/1491 1487/1487/1487 1494/1494/1494
f 1495/1495/1495 1494/1494/1494 1488/1488/1488
f 1496/1496/1496 1491/1491/1491 1494/1494/1494
f 1492/1492/1492 1497/1497/1497 1493/1493/1493
f 1497/1497/1497 1492/1492/1492 1491/1491/1491
f 1493/1493/1493 1497/1497/1497 1498/1498/1498
f 1497/1497/1497 1499/1499/1499 1498/1498/1498
f 1499/1499/1499 1497/1497/1497 1491/1491/1491
f 1500/1500/1500 1491/1491/1491 1496/1496/1496
f 1501/1501/1501 1500/1500/1500 1496/1496/1496
f 1502/1502/1502 1491/1491/1491 1500/1500/1500
f 1502/1502/1502 1499/1499/1499 1491/1491/1491
f 1503/1503/1503 1502/1502/1502 1500/1500/1500
f 1504/1504/1504 1502/1502/1502 1503/1503/1503
f 1499/1499/1499 1502/1502/1502 1504/1504/1504
f 1505/1505/1505 1504/1504/1504 1503/1503/1503
f 1506/1506/1506 1499/1499/1499 1504/1504/1504
f 1498/1498/1498 1499/1499/1499 1506/1506/1506
f 1507/1507/1507 1498/1498/1498 1506/1506/1506
f 1510/1510/1510 1509/1509/1509 1508/1508/1508
f 1511/1511/1511 1510/1510/1510 1508/1508/1508
f 1511/1511/1511 1508/1508/1508 1512/1512/1512
f 1508/1508/1508 1513/1513/1513 1512/1512/1512
f 1512/1512/1512 1514/1514/1514 1511/1511/1511
f 1510/1510/1510 1511/1511/1511 1515/1515/1515
f 1514/1514/1514 1515/1515/1515 1511/1511/1511
f 1516/1516/1516 1510/1510/1510 1515/1515/1515
f 1514/1514/1514 1517/1517/1517 1515/1515/1515
f 1518/1518/1518 1516/1516/1516 1515/1515/1515
f 1517/1517/1517 1519/1519/1519 1515/1515/1515
f 1519/1519/1519 1518/1518/1518 1515/1515/1515
f 1522/1522/1522 1521/1521/1521 1520/1520/1520
f 1523/1523/1523 1522/1522/1522 1520/1520/1520
f 1524/1524/1524 1522/1522/1522 1523/1523/1523
f 1525/1525/1525 1523/1523/1523 1520/1520/1520
f 1526/1526/1526 1525/1525/1525 1520/1520/1520
f 1523/1523/1523 1525/1525/1525 1527/1527/1527
f 1528/1528/1528 1524/1524/1524 1523/1523/1523
f 1528/1528/1528 1523/1523/1523 1527/1527/1527
f 1529/1529/1529 1524/1524/1524 1528/1528/1528
f 1528/1528/1528 1527/1527/1527 1530/1530/1530
f 1531/1531/1531 1529/1529/1529 1528/1528/1528
f 1531/1531/1531 1528/1528/1528 1530/1530/1530
f 1532/1532/1532 1529/1529/1529 1531/1531/1531
f 1530/1530/1530 1533/1533/1533 1531/1531/1531
f 1534/1534/1534 1532/1532/1532 1531/1531/1531
f 1533/1533/1533 1534/1534/1534 1531/1531/1531
f 1537/1537/1537 1536/1536/1536 1535/1535/1535
f 1538/1538/1538 1537/1537/1537 1535/1535/1535
f 1538/1538/1538 1535/1535/1535 1539/1539/1539
f 1535/1535/1535 1540/1540/1540 1539/1539/1539
f 1538/1538/1538 1539/1539/1539 1541/1541/1541
f 1537/1537/1537 1538/1538/1538 1542/1542/1542
f 1542/1542/1542 1538/1538/1538 1541/1541/1541
f 1543/1543/1543 1537/1537/1537 1542/1542/1542
f 1541/1541/1541 1544/1544/1544 1542/1542/1542
f 1545/1545/1545 1543/1543/1543 1542/1542/1542
f 1544/1544/1544 1546/1546/1546 1542/1542/1542
f 1546/1546/1546 1545/1545/1545 1542/1542/1542
f 1549/1549/1549 1548/1548/1548 1547/1547/1547
f 1550/1550/1550 1549/1549/1549 1547/1547/1547
f 1551/1551/1551 1549/1549/1549 1550/1550/1550
f 1552/1552/1552 1550/1550/1550 1547/1547/1547
f 1553/1553/1553 1552/1552/1552 1547/1547/1547
f 1550/1550/1550 1552/1552/1552 1554/1554/1554
f 1555/1555/1555 1551/1551/1551 1550/1550/1550
f 1555/1555/1555 1550/1550/1550 1554/1554/1554
f 1556/1556/1556 1551/1551/1551 1555/1555/1555
f 1554/1554/1554 1557/1557/1557 1555/1555/1555
f 1558/1558/1558 1556/1556/1556 1555/1555/1555
f 1557/1557/1557 1558/1558/1558 1555/1555/1555
f 1559/1559/1559 1556/1556/1556 1558/1558/1558
f 1557/1557/1557 1560/1560/1560 1558/1558/1558
f 1561/1561/1561 1559/1559/1559 1558/1558/1558
f 1560/1560/1560 1561/1561/1561 1558/1558/1558
f 1564/1564/1564 1563/1563/1563 1562/1562/1562
f 1565/1565/1565 1564/1564/1564 1562/1562/1562
f 1562/1562/1562 1566/1566/1566 1565/1565/1565
f 1566/1566/1566 1567/1567/1567 1565/1565/1565
f 1567/1567/1567 1566/1566/1566 1568/1568/1568
f 1569/1569/1569 1567/1567/1567 1568/1568/1568
f 1568/1568/1568 1570/1570/1570 1569/1569/1569
f 1570/1570/1570 1571/1571/1571 1569/1569/1569
f 1569/1569/1569 1572/1572/1572 1567/1567/1567
f 1572/1572/1572 1569/1569/1569 1571/1571/1571
f 1572/1572/1572 1573/1573/1573 1567/1567/1567
f 1567/1567/1567 1573/1573/1573 1565/1565/1565
f 1574/1574/1574 1572/1572/1572 1571/1571/1571
f 1575/1575/1575 1574/1574/1574 1571/1571/1571
f 1576/1576/1576 1575/1575/1575 1571/1571/1571
f 1573/1573/1573 1577/1577/1577 1565/1565/1565
f 1565/1565/1565 1577/1577/1577 1564/1564/1564
f 1577/1577/1577 1578/1578/1578 1564/1564/1564
f 1564/1564/1564 1578/1578/1578 1579/1579/1579
f 1578/1578/1578 1580/1580/1580 1579/1579/1579
f 1583/1583/1583 1582/1582/1582 1581/1581/1581
f 1582/1582/1582 1584/1584/1584 1581/1581/1581
f 1582/1582/1582 1585/1585/1585 1584/1584/1584
f 1585/1585/1585 1586/1586/1586 1584/1584/1584
f 1586/1586/1586 1585/1585/1585 1587/1587/1587
f 1588/1588/1588 1586/1586/1586 1587/1587/1587
f 1588/1588/1588 1587/1587/1587 1589/1589/1589
f 1590/1590/1590 1588/1588/1588 1589/1589/1589
f 1591/1591/1591 1588/1588/1588 1590/1590/1590
f 1588/1588/1588 1591/1591/1591 1586/1586/1586
f 1592/1592/1592 1591/1591/1591 1590/1590/1590
f 1591/1591/1591 1593/1593/1593 1586/1586/1586
f 1586/1586/1586 1593/1593/1593 1584/1584/1584
f 1593/1593/1593 1594/1594/1594 1584/1584/1584
f 1584/1584/1584 1594/1594/1594 1581/1581/1581
f 1594/1594/1594 1595/1595/1595 1581/1581/1581
f 1581/1581/1581 1595/1595/1595 1596/1596/1596
f 1595/1595/1595 1597/1597/1597 1596/1596/1596
f 1600/1600/1600 1599/1599/1599 1598/1598/1598
f 1601/1601/1601 1600/1600/1600 1598/1598/1598
f 1602/1602/1602 1600/1600/1600 1601/1601/1601
f 1603/1603/1603 1602/1602/1602 1601/1601/1601
f 1604/1604/1604 1601/1601/1601 1598/1598/1598
f 1605/1605/1605 1604/1604/1604 1598/1598/1598
f 1604/1604/1604 1606/1606/1606 1601/1601/1601
f 1606/1606/1606 1603/1603/1603 1601/1601/1601
f 1603/1603/1603 1606/1606/1606 1607/1607/1607
f 1608/1608/1608 1603/1603/1603 1607/1607/1607
f 1611/1611/1611 1610/1610/1610 1609/1609/1609
f 1612/1612/1612 1611/1611/1611 1609/1609/1609
f 1613/1613/1613 1612/1612/1612 1609/1609/1609
f 1612/1612/1612 1613/1613/1613 1614/1614/1614
f 1615/1615/1615 1612/1612/1612 1614/1614/1614
f 1616/1616/1616 1613/1613/1613 1609/1609/1609
f 1616/1616/1616 1609/1609/1609 1617/1617/1617
f 1618/1618/1618 1616/1616/1616 1617/1617/1617
f 1621/1621/1621 1620/1620/1620 1619/1619/1619
f 1622/1622/1622 1621/1621/1621 1619/1619/1619
f 1623/1623/1623 1621/1621/1621 1622/1622/1622
f 1624/1624/1624 1622/1622/1622 1619/1619/1619
f 1625/1625/1625 1624/1624/1624 1619/1619/1619
f 1622/1622/1622 1624/1624/1624 1626/1626/1626
f 1627/1627/1627 1622/1622/1622 1626/1626/1626
f 1627/1627/1627 1623/1623/1623 1622/1622/1622
f 1626/1626/1626 1628/1628/1628 1627/1627/1627
f 1623/1623/1623 1627/1627/1627 1629/1629/1629
f 1628/1628/1628 1629/1629/1629 1627/1627/1627
f 1630/1630/1630 1623/1623/1623 1629/1629/1629
f 1628/1628/1628 1631/1631/1631 1629/1629/1629
f 1632/1632/1632 1630/1630/1630 1629/1629/1629
f 1631/1631/1631 1633/1633/1633 1629/1629/1629
f 1633/1633/1633 1632/1632/1632 1629/1629/1629
f 1631/1631/1631 1634/1634/1634 1633/1633/1633
f 1635/1635/1635 1632/1632/1632 1633/1633/1633
f 1634/1634/1634 1636/1636/1636 1633/1633/1633
f 1636/1636/1636 1635/1635/1635 1633/1633/1633
f 1639/1639/1639 1638/1638/1638 1637/1637/1637
f 1640/1640/1640 1639/1639/1639 1637/1637/1637
f 1641/1641/1641 1639/1639/1639 1640/1640/1640
f 1642/1642/1642 1641/1641/1641 1640/1640/1640
f 1642/1642/1642 1640/1640/1640 1643/1643/1643
f 1640/1640/1640 1644/1644/1644 1643/1643/1643
f 1640/1640/1640 1637/1637/1637 1644/1644/1644
f 1637/1637/1637 1645/1645/1645 1644/1644/1644
f 1648/1648/1648 1647/1647/1647 1646/1646/1646
f 1649/1649/1649 1648/1648/1648 1646/1646/1646
f 1650/1650/1650 1648/1648/1648 1649/1649/1649
f 1651/1651/1651 1649/1649/1649 1646/1646/1646
f 1652/1652/1652 1651/1651/1651 1646/1646/1646
f 1649/1649/1649 1651/1651/1651 1653/1653/1653
f 1654/1654/1654 1649/1649/1649 1653/1653/1653
f 1654/1654/1654 1650/1650/1650 1649/1649/1649
f 1654/1654/1654 1653/1653/1653 1655/1655/1655
f 1650/1650/1650 1654/1654/1654 1656/1656/1656
f 1656/1656/1656 1654/1654/1654 1655/1655/1655
f 1657/1657/1657 1650/1650/1650 1656/1656/1656
f 1655/1655/1655 1658/1658/1658 1656/1656/1656
f 1659/1659/1659 1657/1657/1657 1656/1656/1656
f 1658/1658/1658 1660/1660/1660 1656/1656/1656
f 1660/1660/1660 1659/1659/1659 1656/1656/1656
f 1658/1658/1658 1661/1661/1661 1660/1660/1660
f 1662/1662/1662 1659/1659/1659 1660/1660/1660
f 1661/1661/1661 1663/1663/1663 1660/1660/1660
f 1663/1663/1663 1662/1662/1662 1660/1660/1660
f 1666/1666/1666 1665/1665/1665 1664/1664/1664
f 1667/1667/1667 1666/1666/1666 1664/1664/1664
f 1668/1668/1668 1666/1666/1666 1667/1667/1667
f 1669/1669/1669 1668/1668/1668 1667/1667/1667
f 1670/1670/1670 1669/1669/1669 1667/1667/1667
f 1671/1671/1671 1670/1670/1670 1667/1667/1667
f 1667/1667/1667 1664/1664/1664 1671/1671/1671
f 1664/1664/1664 1672/1672/1672 1671/1671/1671
f 1675/1675/1675 1674/1674/1674 1673/1673/1673
f 1676/1676/1676 1675/1675/1675 1673/1673/1673
f 1673/1673/1673 1677/1677/1677 1676/1676/1676
f 1677/1677/1677 1678/1678/1678 1676/1676/1676
f 1678/1678/1678 1677/1677/1677 1679/1679/1679
f 1680/1680/1680 1678/1678/1678 1679/1679/1679
f 1678/1678/1678 1681/1681/1681 1676/1676/1676
f 1681/1681/1681 1682/1682/1682 1676/1676/1676
f 1685/1685/1685 1684/1684/1684 1683/1683/1683
f 1684/1684/1684 1686/1686/1686 1683/1683/1683
f 1684/1684/1684 1687/1687/1687 1686/1686/1686
f 1687/1687/1687 1688/1688/1688 1686/1686/1686
f 1688/1688/1688 1687/1687/1687 1689/1689/1689
f 1690/1690/1690 1688/1688/1688 1689/1689/1689
f 1690/1690/1690 1691/1691/1691 1688/1688/1688
f 1691/1691/1691 1692/1692/1692 1688/1688/1688
f 1688/1688/1688 1692/1692/1692 1686/1686/1686
f 1692/1692/1692 1693/1693/1693 1686/1686/1686
f 1696/1696/1696 1695/1695/1695 1694/1694/1694
f 1695/1695/1695 1697/1697/1697 1694/1694/1694
f 1694/1694/1694 1697/1697/1697 1698/1698/1698
f 1694/1694/1694 1698/1698/1698 1699/1699/1699
f 1697/1697/1697 1700/1700/1700 1698/1698/1698
f 1698/1698/1698 1701/1701/1701 1699/1699/1699
f 1698/1698/1698 1700/1700/1700 1702/1702/1702
f 1701/1701/1701 1698/1698/1698 1702/1702/1702
f 1700/1700/1700 1703/1703/1703 1702/1702/1702
f 1704/1704/1704 1701/1701/1701 1702/1702/1702
f 1702/1702/1702 1703/1703/1703 1705/1705/1705
f 1704/1704/1704 1702/1702/1702 1705/1705/1705
f 1703/1703/1703 1706/1706/1706 1705/1705/1705
f 1706/1706/1706 1707/1707/1707 1705/1705/1705
f 1708/1708/1708 1704/1704/1704 1705/1705/1705
f 1707/1707/1707 1709/1709/1709 1705/1705/1705
f 1705/1705/1705 1709/1709/1709 1708/1708/1708
f 1709/1709/1709 1710/1710/1710 1708/1708/1708
f 1713/1713/1713 1712/1712/1712 1711/1711/1711
f 1714/1714/1714 1713/1713/1713 1711/1711/1711
f 1713/1713/1713 1714/1714/1714 1715/1715/1715
f 1716/1716/1716 1713/1713/1713 1715/1715/1715
f 1717/1717/1717 1716/1716/1716 1715/1715/1715
f 1718/1718/1718 1715/1715/1715 1714/1714/1714
f 1719/1719/1719 1718/1718/1718 1714/1714/1714
f 1718/1718/1718 1720/1720/1720 1715/1715/1715
f 1721/1721/1721 1717/1717/1717 1715/1715/1715
f 1720/1720/1720 1721/1721/1721 1715/1715/1715
f 1722/1722/1722 1717/1717/1717 1721/1721/1721
f 1720/1720/1720 1723/1723/1723 1721/1721/1721
f 1724/1724/1724 1722/1722/1722 1721/1721/1721
f 1723/1723/1723 1724/1724/1724 1721/1721/1721
f 1724/1724/1724 1723/1723/1723 1725/1725/1725
f 1726/1726/1726 1722/1722/1722 1724/1724/1724
f 1727/1727/1727 1724/1724/1724 1725/1725/1725
f 1727/1727/1727 1726/1726/1726 1724/1724/1724
f 1728/1728/1728 1726/1726/1726 1727/1727/1727
f 1729/1729/1729 1728/1728/1728 1727/1727/1727
f 1732/1732/1732 1731/1731/1731 1730/1730/1730
f 1733/1733/1733 1732/1732/1732 1730/1730/1730
f 1733/1733/1733 1734/1734/1734 1732/1732/1732
f 1734/1734/1734 1735/1735/1735 1732/1732/1732
f 1733/1733/1733 1736/1736/1736 1734/1734/1734
f 1736/1736/1736 1737/1737/1737 1734/1734/1734
f 1737/1737/1737 1736/1736/1736 1738/1738/1738
f 1736/1736/1736 1739/1739/1739 1738/1738/1738
f 1739/1739/1739 1740/1740/1740 1738/1738/1738
f 1740/1740/1740 1741/1741/1741 1738/1738/1738
f 1744/1744/1744 1743/1743/1743 1742/1742/1742
f 1744/1744/1744 1742/1742/1742 1745/1745/1745
f 1746/1746/1746 1744/1744/1744 1745/1745/1745
f 1746/1746/1746 1745/1745/1745 1747/1747/1747
f 1745/1745/1745 1742/1742/1742 1748/1748/1748
f 1742/1742/1742 1749/1749/1749 1748/1748/1748
f 1752/1752/1752 1751/1751/1751 1750/1750/1750
f 1753/1753/1753 1752/1752/1752 1750/1750/1750
f 1756/1756/1756 1755/1755/1755 1754/1754/1754
f 1757/1757/1757 1756/1756/1756 1754/1754/1754
f 1760/1760/1760 1759/1759/1759 1758/1758/1758
f 1761/1761/1761 1760/1760/1760 1758/1758/1758
f 1764/1764/1764 1763/1763/1763 1762/1762/1762
f 1765/1765/1765 1764/1764/1764 1762/1762/1762
f 1762/1762/1762 1766/1766/1766 1765/1765/1765
f 1765/1765/1765 1767/1767/1767 1764/1764/1764
f 1767/1767/1767 1768/1768/1768 1764/1764/1764
f 1767/1767/1767 1769/1769/1769 1768/1768/1768
f 1769/1769/1769 1770/1770/1770 1768/1768/1768
f 1771/1771/1771 1770/1770/1770 1769/1769/1769
f 1772/1772/1772 1771/1771/1771 1769/1769/1769
f 1767/1767/1767 1773/1773/1773 1769/1769/1769
f 1767/1767/1767 1765/1765/1765 1773/1773/1773
f 1773/1773/1773 1774/1774/1774 1769/1769/1769
f 1766/1766/1766 1775/1775/1775 1765/1765/1765
f 1765/1765/1765 1775/1775/1775 1773/1773/1773
f 1773/1773/1773 1776/1776/1776 1774/1774/1774
f 1776/1776/1776 1773/1773/1773 1775/1775/1775
f 1776/1776/1776 1777/1777/1777 1774/1774/1774
f 1778/1778/1778 1776/1776/1776 1775/1775/1775
f 1775/1775/1775 1766/1766/1766 1778/1778/1778
f 1766/1766/1766 1779/1779/1779 1778/1778/1778
f 1782/1782/1782 1781/1781/1781 1780/1780/1780
f 1783/1783/1783 1782/1782/1782 1780/1780/1780
f 1783/1783/1783 1780/1780/1780 1784/1784/1784
f 1780/1780/1780 1785/1785/1785 1784/1784/1784
f 1784/1784/1784 1786/1786/1786 1783/1783/1783
f 1782/1782/1782 1783/1783/1783 1787/1787/1787
f 1786/1786/1786 1787/1787/1787 1783/1783/1783
f 1788/1788/1788 1782/1782/1782 1787/1787/1787
f 1786/1786/1786 1789/1789/1789 1787/1787/1787
f 1790/1790/1790 1788/1788/1788 1787/1787/1787
f 1789/1789/1789 1791/1791/1791 1787/1787/1787
f 1791/1791/1791 1790/1790/1790 1787/1787/1787
f 1794/1794/1794 1793/1793/1793 1792/1792/1792
f 1795/1795/1795 1794/1794/1794 1792/1792/1792
f 1796/1796/1796 1794/1794/1794 1795/1795/1795
f 1797/1797/1797 1795/1795/1795 1792/1792/1792
f 1798/1798/1798 1797/1797/1797 1792/1792/1792
f 1795/1795/1795 1797/1797/1797 1799/1799/1799
f 1800/1800/1800 1796/1796/1796 1795/1795/1795
f 1800/1800/1800 1795/1795/1795 1799/1799/1799
f 1801/1801/1801 1796/1796/1796 1800/1800/1800
f 1800/1800/1800 1799/1799/1799 1802/1802/1802
f 1803/1803/1803 1801/1801/1801 1800/1800/1800
f 1803/1803/1803 1800/1800/1800 1802/1802/1802
f 1804/1804/1804 1801/1801/1801 1803/1803/1803
f 1802/1802/1802 1805/1805/1805 1803/1803/1803
f 1806/1806/1806 1804/1804/1804 1803/1803/1803
f 1805/1805/1805 1806/1806/1806 1803/1803/1803
f 1809/1809/1809 1808/1808/1808 1807/1807/1807
f 1810/1810/1810 1809/1809/1809 1807/1807/1807
f 1810/1810/1810 1807/1807/1807 1811/1811/1811
f 1807/1807/1807 1812/1812/1812 1811/1811/1811
f 1810/1810/1810 1811/1811/1811 1813/1813/1813
f 1809/1809/1809 1810/1810/1810 1814/1814/1814
f 1814/1814/1814 1810/1810/1810 1813/1813/1813
f 1815/1815/1815 1809/1809/1809 1814/1814/1814
f 1813/1813/1813 1816/1816/1816 1814/1814/1814
f 1817/1817/1817 1815/1815/1815 1814/1814/1814
f 1816/1816/1816 1818/1818/1818 1814/1814/1814
f 1818/1818/1818 1817/1817/1817 1814/1814/1814
f 1821/1821/1821 1820/1820/1820 1819/1819/1819
f 1822/1822/1822 1821/1821/1821 1819/1819/1819
f 1823/1823/1823 1821/1821/1821 1822/1822/1822
f 1824/1824/1824 1822/1822/1822 1819/1819/1819
f 1825/1825/1825 1824/1824/1824 1819/1819/1819
f 1822/1822/1822 1824/1824/1824 1826/1826/1826
f 1827/1827/1827 1823/1823/1823 1822/1822/1822
f 1827/1827/1827 1822/1822/1822 1826/1826/1826
f 1828/1828/1828 1823/1823/1823 1827/1827/1827
f 1826/1826/1826 1829/1829/1829 1827/1827/1827
f 1830/1830/1830 1828/1828/1828 1827/1827/1827
f 1829/1829/1829 1830/1830/1830 1827/1827/1827
f 1831/1831/1831 1828/1828/1828 1830/1830/1830
f 1829/1829/1829 1832/1832/1832 1830/1830/1830
f 1833/1833/1833 1831/1831/1831 1830/1830/1830
f 1832/1832/1832 1833/1833/1833 1830/1830/1830
f 1836/1836/1836 1835/1835/1835 1834/1834/1834
f 1837/1837/1837 1836/1836/1836 1834/1834/1834
f 1837/1837/1837 1834/1834/1834 1838/1838/1838
f 1834/1834/1834 1839/1839/1839 1838/1838/1838
f 1838/1838/1838 1840/1840/1840 1837/1837/1837
f 1836/1836/1836 1837/1837/1837 1841/1841/1841
f 1840/1840/1840 1841/1841/1841 1837/1837/1837
f 1842/1842/1842 1836/1836/1836 1841/1841/1841
f 1840/1840/1840 1843/1843/1843 1841/1841/1841
f 1844/1844/1844 1842/1842/1842 1841/1841/1841
f 1843/1843/1843 1845/1845/1845 1841/1841/1841
f 1845/1845/1845 1844/1844/1844 1841/1841/1841
f 1848/1848/1848 1847/1847/1847 1846/1846/1846
f 1849/1849/1849 1848/1848/1848 1846/1846/1846
f 1850/1850/1850 1848/1848/1848 1849/1849/1849
f 1851/1851/1851 1849/1849/1849 1846/1846/1846
f 1852/1852/1852 1851/1851/1851 1846/1846/1846
f 1849/1849/1849 1851/1851/1851 1853/1853/1853
f 1854/1854/1854 1850/1850/1850 1849/1849/1849
f 1854/1854/1854 1849/1849/1849 1853/1853/1853
f 1855/1855/1855 1850/1850/1850 1854/1854/1854
f 1854/1854/1854 1853/1853/1853 1856/1856/1856
f 1857/1857/1857 1855/1855/1855 1854/1854/1854
f 1857/1857/1857 1854/1854/1854 1856/1856/1856
f 1858/1858/1858 1855/1855/1855 1857/1857/1857
f 1856/1856/1856 1859/1859/1859 1857/1857/1857
f 1860/1860/1860 1858/1858/1858 1857/1857/1857
f 1859/1859/1859 1860/1860/1860 1857/1857/1857
f 1863/1863/1863 1862/1862/1862 1861/1861/1861
f 1864/1864/1864 1863/1863/1863 1861/1861/1861
f 1864/1864/1864 1861/1861/1861 1865/1865/1865
f 1861/1861/1861 1866/1866/1866 1865/1865/1865
f 1864/1864/1864 1865/1865/1865 1867/1867/1867
f 1863/1863/1863 1864/1864/1864 1868/1868/1868
f 1868/1868/1868 1864/1864/1864 1867/1867/1867
f 1869/1869/1869 1863/1863/1863 1868/1868/1868
f 1867/1867/1867 1870/1870/1870 1868/1868/1868
f 1871/1871/1871 1869/1869/1869 1868/1868/1868
f 1870/1870/1870 1872/1872/1872 1868/1868/1868
f 1872/1872/1872 1871/1871/1871 1868/1868/1868
f 1875/1875/1875 1874/1874/1874 1873/1873/1873
f 1876/1876/1876 1875/1875/1875 1873/1873/1873
f 1877/1877/1877 1875/1875/1875 1876/1876/1876
f 1878/1878/1878 1876/1876/1876 1873/1873/1873
f 1879/1879/1879 1878/1878/1878 1873/1873/1873
f 1876/1876/1876 1878/1878/1878 1880/1880/1880
f 1881/1881/1881 1877/1877/1877 1876/1876/1876
f 1881/1881/1881 1876/1876/1876 1880/1880/1880
f 1882/1882/1882 1877/1877/1877 1881/1881/1881
f 1880/1880/1880 1883/1883/1883 1881/1881/1881
f 1884/1884/1884 1882/1882/1882 1881/1881/1881
f 1883/1883/1883 1884/1884/1884 1881/1881/1881
f 1885/1885/1885 1882/1882/1882 1884/1884/1884
f 1883/1883/1883 1886/1886/1886 1884/1884/1884
f 1887/1887/1887 1885/1885/1885 1884/1884/1884
f 1886/1886/1886 1887/1887/1887 1884/1884/1884
f 1890/1890/1890 1889/1889/1889 1888/1888/1888
f 1891/1891/1891 1890/1890/1890 1888/1888/1888
f 1891/1891/1891 1888/1888/1888 1892/1892/1892
f 1888/1888/1888 1893/1893/1893 1892/1892/1892
f 1892/1892/1892 1894/1894/1894 1891/1891/1891
f 1890/1890/1890 1891/1891/1891 1895/1895/1895
f 1894/1894/1894 1895/1895/1895 1891/1891/1891
f 1896/1896/1896 1890/1890/1890 1895/1895/1895
f 1894/1894/1894 1897/1897/1897 1895/1895/1895
f 1898/1898/1898 1896/1896/1896 1895/1895/1895
f 1897/1897/1897 1899/1899/1899 1895/1895/1895
f 1899/1899/1899 1898/1898/1898 1895/1895/1895
f 1902/1902/1902 1901/1901/1901 1900/1900/1900
f 1903/1903/1903 1902/1902/1902 1900/1900/1900
f 1904/1904/1904 1902/1902/1902 1903/1903/1903
f 1905/1905/1905 1903/1903/1903 1900/1900/1900
f 1906/1906/1906 1905/1905/1905 1900/1900/1900
f 1903/1903/1903 1905/1905/1905 1907/1907/1907
f 1908/1908/1908 1904/1904/1904 1903/1903/1903
f 1908/1908/1908 1903/1903/1903 1907/1907/1907
f 1909/1909/1909 1904/1904/1904 1908/1908/1908
f 1908/1908/1908 1907/1907/1907 1910/1910/1910
f 1911/1911/1911 1909/1909/1909 1908/1908/1908
f 1911/1911/1911 1908/1908/1908 1910/1910/1910
f 1912/1912/1912 1909/1909/1909 1911/1911/1911
f 1910/1910/1910 1913/1913/1913 1911/1911/1911
f 1914/1914/1914 1912/1912/1912 1911/1911/1911
f 1913/1913/1913 1914/1914/1914 1911/1911/1911
f 1917/1917/1917 1916/1916/1916 1915/1915/1915
f 1918/1918/1918 1917/1917/1917 1915/1915/1915
f 1918/1918/1918 1915/1915/1915 1919/1919/1919
f 1915/1915/1915 1920/1920/1920 1919/1919/1919
f 1918/1918/1918 1919/1919/1919 1921/1921/1921
f 1917/1917/1917 1918/1918/1918 1922/1922/1922
f 1922/1922/1922 1918/1918/1918 1921/1921/1921
f 1923/1923/1923 1917/1917/1917 1922/1922/1922
f 1921/1921/1921 1924/1924/1924 1922/1922/1922
f 1925/1925/1925 1923/1923/1923 1922/1922/1922
f 1924/1924/1924 1926/1926/1926 1922/1922/1922
f 1926/1926/1926 1925/1925/1925 1922/1922/1922
f 1929/1929/1929 1928/1928/1928 1927/1927/1927
f 1930/1930/1930 1929/1929/1929 1927/1927/1927
f 1931/1931/1931 1929/1929/1929 1930/1930/1930
f 1932/1932/1932 1930/1930/1930 1927/1927/1927
f 1933/1933/1933 1932/1932/1932 1927/1927/1927
f 1930/1930/1930 1932/1932/1932 1934/1934/1934
f 1935/1935/1935 1931/1931/1931 1930/1930/1930
f 1935/1935/1935 1930/1930/1930 1934/1934/1934
f 1936/1936/1936 1931/1931/1931 1935/1935/1935
f 1934/1934/1934 1937/1937/1937 1935/1935/1935
f 1938/1938/1938 1936/1936/1936 1935/1935/1935
f 1937/1937/1937 1938/1938/1938 1935/1935/1935
f 1939/1939/1939 1936/1936/1936 1938/1938/1938
f 1937/1937/1937 1940/1940/1940 1938/1938/1938
f 1941/1941/1941 1939/1939/1939 1938/1938/1938
f 1940/1940/1940 1941/1941/1941 1938/1938/1938
f 1944/1944/1944 1943/1943/1943 1942/1942/1942
f 1945/1945/1945 1944/1944/1944 1942/1942/1942
f 1944/1944/1944 1945/1945/1945 1946/1946/1946
f 1945/1945/1945 1947/1947/1947 1946/1946/1946
f 1947/1947/1947 1948/1948/1948 1946/1946/1946
f 1948/1948/1948 1949/1949/1949 1946/1946/1946
f 1950/1950/1950 1949/1949/1949 1948/1948/1948
f 1951/1951/1951 1950/1950/1950 1948/1948/1948
f 1950/1950/1950 1951/1951/1951 1952/1952/1952
f 1951/1951/1951 1953/1953/1953 1952/1952/1952
f 1952/1952/1952 1953/1953/1953 1954/1954/1954
f 1953/1953/1953 1955/1955/1955 1954/1954/1954
f 1954/1954/1954 1955/1955/1955 1956/1956/1956
f 1955/1955/1955 1957/1957/1957 1956/1956/1956
f 1956/1956/1956 1957/1957/1957 1958/1958/1958
f 1957/1957/1957 1959/1959/1959 1958/1958/1958
f 1959/1959/1959 1960/1960/1960 1958/1958/1958
f 1960/1960/1960 1961/1961/1961 1958/1958/1958
f 1964/1964/1964 1963/1963/1963 1962/1962/1962
f 1965/1965/1965 1964/1964/1964 1962/1962/1962
f 1966/1966/1966 1965/1965/1965 1962/1962/1962
f 1967/1967/1967 1966/1966/1966 1962/1962/1962
f 1966/1966/1966 1967/1967/1967 1968/1968/1968
f 1967/1967/1967 1969/1969/1969 1968/1968/1968
f 1972/1972/1972 1971/1971/1971 1970/1970/1970
f 1973/1973/1973 1972/1972/1972 1970/1970/1970
f 1974/1974/1974 1973/1973/1973 1970/1970/1970
f 1975/1975/1975 1974/1974/1974 1970/1970/1970
f 1974/1974/1974 1975/1975/1975 1976/1976/1976
f 1975/1975/1975 1977/1977/1977 1976/1976/1976
f 1980/1980/1980 1979/1979/1979 1978/1978/1978
f 1981/1981/1981 1980/1980/1980 1978/1978/1978
f 1982/1982/1982 1981/1981/1981 1978/1978/1978
f 1983/1983/1983 1982/1982/1982 1978/1978/1978
f 1982/1982/1982 1983/1983/1983 1984/1984/1984
f 1983/1983/1983 1985/1985/1985 1984/1984/1984
f 1988/1988/1988 1987/1987/1987 1986/1986/1986
f 1989/1989/1989 1988/1988/1988 1986/1986/1986
f 1988/1988/1988 1989/1989/1989 1990/1990/1990
f 1989/1989/1989 1991/1991/1991 1990/1990/1990
f 1991/1991/1991 1992/1992/1992 1990/1990/1990
f 1992/1992/1992 1993/1993/1993 1990/1990/1990
f 1996/1996/1996 1995/1995/1995 1994/1994/1994
f 1997/1997/1997 1996/1996/1996 1994/1994/1994
f 1998/1998/1998 1997/1997/1997 1994/1994/1994
f 1999/1999/1999 1998/1998/1998 1994/1994/1994
f 1998/1998/1998 1999/1999/1999 2000/2000/2000
f 1999/1999/1999 2001/2001/2001 2000/2000/2000
f 2004/2004/2004 2003/2003/2003 2002/2002/2002
f 2005/2005/2005 2004/2004/2004 2002/2002/2002
f 2004/2004/2004 2005/2005/2005 2006/2006/2006
f 2005/2005/2005 2007/2007/2007 2006/2006/2006
f 2007/2007/2007 2008/2008/2008 2006/2006/2006
f 2008/2008/2008 2009/2009/2009 2006/2006/2006
f 2012/2012/2012 2011/2011/2011 2010/2010/2010
f 2013/2013/2013 2012/2012/2012 2010/2010/2010
f 2012/2012/2012 2013/2013/2013 2014/2014/2014
f 2015/2015/2015 2012/2012/2012 2014/2014/2014
f 2016/2016/2016 2015/2015/2015 2014/2014/2014
f 2017/2017/2017 2016/2016/2016 2014/2014/2014
f 2020/2020/2020 2019/2019/2019 2018/2018/2018
f 2021/2021/2021 2020/2020/2020 2018/2018/2018
f 2020/2020/2020 2021/2021/2021 2022/2022/2022
f 2021/2021/2021 2023/2023/2023 2022/2022/2022
f 2023/2023/2023 2024/2024/2024 2022/2022/2022
f 2024/2024/2024 2025/2025/2025 2022/2022/2022
f 2028/2028/2028 2027/2027/2027 2026/2026/2026
f 2029/2029/2029 2028/2028/2028 2026/2026/2026
f 2030/2030/2030 2029/2029/2029 2026/2026/2026
f 2031/2031/2031 2030/2030/2030 2026/2026/2026
f 2030/2030/2030 2031/2031/2031 2032/2032/2032
f 2031/2031/2031 2033/2033/2033 2032/2032/2032
f 2036/2036/2036 2035/2035/2035 2034/2034/2034
f 2037/2037/2037 2036/2036/2036 2034/2034/2034
f 2036/2036/2036 2037/2037/2037 2038/2038/2038
f 2037/2037/2037 2039/2039/2039 2038/2038/2038
f 2039/2039/2039 2040/2040/2040 2038/2038/2038
f 2040/2040/2040 2041/2041/2041 2038/2038/2038
f 2044/2044/2044 2043/2043/2043 2042/2042/2042
f 2045/2045/2045 2044/2044/2044 2042/2042/2042
f 2044/2044/2044 2045/2045/2045 2046/2046/2046
f 2045/2045/2045 2047/2047/2047 2046/2046/2046
f 2047/2047/2047 2048/2048/2048 2046/2046/2046
f 2048/2048/2048 2049/2049/2049 2046/2046/2046
f 2052/2052/2052 2051/2051/2051 2050/2050/2050
f 2053/2053/2053 2052/2052/2052 2050/2050/2050
f 2053/2053/2053 2054/2054/2054 2052/2052/2052
f 2054/2054/2054 2055/2055/2055 2052/2052/2052
f 2050/2050/2050 2056/2056/2056 2053/2053/2053
f 2054/2054/2054 2057/2057/2057 2055/2055/2055
f 2057/2057/2057 2058/2058/2058 2055/2055/2055
f 2054/2054/2054 2059/2059/2059 2057/2057/2057
f 2059/2059/2059 2060/2060/2060 2057/2057/2057
f 2059/2059/2059 2061/2061/2061 2060/2060/2060
f 2061/2061/2061 2062/2062/2062 2060/2060/2060
f 2059/2059/2059 2063/2063/2063 2061/2061/2061
f 2059/2059/2059 2054/2054/2054 2063/2063/2063
f 2063/2063/2063 2064/2064/2064 2061/2061/2061
f 2063/2063/2063 2065/2065/2065 2064/2064/2064
f 2065/2065/2065 2066/2066/2066 2064/2064/2064
f 2063/2063/2063 2067/2067/2067 2065/2065/2065
f 2054/2054/2054 2067/2067/2067 2063/2063/2063
f 2067/2067/2067 2068/2068/2068 2065/2065/2065
f 2067/2067/2067 2069/2069/2069 2068/2068/2068
f 2054/2054/2054 2069/2069/2069 2067/2067/2067
f 2069/2069/2069 2070/2070/2070 2068/2068/2068
f 2054/2054/2054 2071/2071/2071 2069/2069/2069
f 2070/2070/2070 2069/2069/2069 2071/2071/2071
f 2054/2054/2054 2053/2053/2053 2071/2071/2071
f 2072/2072/2072 2070/2070/2070 2071/2071/2071
f 2053/2053/2053 2073/2073/2073 2071/2071/2071
f 2072/2072/2072 2071/2071/2071 2073/2073/2073
f 2056/2056/2056 2073/2073/2073 2053/2053/2053
f 2074/2074/2074 2072/2072/2072 2073/2073/2073
f 2073/2073/2073 2056/2056/2056 2074/2074/2074
f 2056/2056/2056 2075/2075/2075 2074/2074/2074
f 2078/2078/2078 2077/2077/2077 2076/2076/2076
f 2079/2079/2079 2078/2078/2078 2076/2076/2076
f 2079/2079/2079 2076/2076/2076 2080/2080/2080
f 2079/2079/2079 2081/2081/2081 2078/2078/2078
f 2081/2081/2081 2082/2082/2082 2078/2078/2078
f 2083/2083/2083 2079/2079/2079 2080/2080/2080
f 2081/2081/2081 2079/2079/2079 2083/2083/2083
f 2081/2081/2081 2084/2084/2084 2082/2082/2082
f 2084/2084/2084 2085/2085/2085 2082/2082/2082
f 2084/2084/2084 2081/2081/2081 2086/2086/2086
f 2086/2086/2086 2081/2081/2081 2083/2083/2083
f 2087/2087/2087 2084/2084/2084 2086/2086/2086
f 2086/2086/2086 2088/2088/2088 2087/2087/2087
f 2088/2088/2088 2086/2086/2086 2083/2083/2083
f 2088/2088/2088 2089/2089/2089 2087/2087/2087
f 2090/2090/2090 2088/2088/2088 2083/2083/2083
f 2083/2083/2083 2080/2080/2080 2090/2090/2090
f 2080/2080/2080 2091/2091/2091 2090/2090/2090
f 2094/2094/2094 2093/2093/2093 2092/2092/2092
f 2095/2095/2095 2094/2094/2094 2092/2092/2092
f 2092/2092/2092 2096/2096/2096 2095/2095/2095
f 2095/2095/2095 2097/2097/2097 2094/2094/2094
f 2097/2097/2097 2098/2098/2098 2094/2094/2094
f 2096/2096/2096 2099/2099/2099 2095/2095/2095
f 2095/2095/2095 2099/2099/2099 2097/2097/2097
f 2097/2097/2097 2100/2100/2100 2098/2098/2098
f 2100/2100/2100 2101/2101/2101 2098/2098/2098
f 2100/2100/2100 2097/2097/2097 2102/2102/2102
f 2099/2099/2099 2102/2102/2102 2097/2097/2097
f 2103/2103/2103 2100/2100/2100 2102/2102/2102
f 2102/2102/2102 2104/2104/2104 2103/2103/2103
f 2104/2104/2104 2102/2102/2102 2099/2099/2099
f 2104/2104/2104 2105/2105/2105 2103/2103/2103
f 2106/2106/2106 2104/2104/2104 2099/2099/2099
f 2099/2099/2099 2096/2096/2096 2106/2106/2106
f 2096/2096/2096 2107/2107/2107 2106/2106/2106
f 2110/2110/2110 2109/2109/2109 2108/2108/2108
f 2111/2111/2111 2110/2110/2110 2108/2108/2108
f 2111/2111/2111 2108/2108/2108 2112/2112/2112
f 2108/2108/2108 2113/2113/2113 2112/2112/2112
f 2112/2112/2112 2114/2114/2114 2111/2111/2111
f 2110/2110/2110 2111/2111/2111 2115/2115/2115
f 2114/2114/2114 2115/2115/2115 2111/2111/2111
f 2116/2116/2116 2110/2110/2110 2115/2115/2115
f 2117/2117/2117 2116/2116/2116 2115/2115/2115
f 2118/2118/2118 2117/2117/2117 2115/2115/2115
f 2115/2115/2115 2114/2114/2114 2118/2118/2118
f 2114/2114/2114 2119/2119/2119 2118/2118/2118
f 2122/2122/2122 2121/2121/2121 2120/2120/2120
f 2123/2123/2123 2122/2122/2122 2120/2120/2120
f 2123/2123/2123 2120/2120/2120 2124/2124/2124
f 2120/2120/2120 2125/2125/2125 2124/2124/2124
f 2123/2123/2123 2124/2124/2124 2126/2126/2126
f 2122/2122/2122 2123/2123/2123 2127/2127/2127
f 2127/2127/2127 2123/2123/2123 2126/2126/2126
f 2128/2128/2128 2122/2122/2122 2127/2127/2127
f 2129/2129/2129 2128/2128/2128 2127/2127/2127
f 2130/2130/2130 2129/2129/2129 2127/2127/2127
f 2127/2127/2127 2126/2126/2126 2130/2130/2130
f 2126/2126/2126 2131/2131/2131 2130/2130/2130
f 2134/2134/2134 2133/2133/2133 2132/2132/2132
f 2135/2135/2135 2134/2134/2134 2132/2132/2132
f 2135/2135/2135 2132/2132/2132 2136/2136/2136
f 2132/2132/2132 2137/2137/2137 2136/2136/2136
f 2135/2135/2135 2136/2136/2136 2138/2138/2138
f 2134/2134/2134 2135/2135/2135 2139/2139/2139
f 2139/2139/2139 2135/2135/2135 2138/2138/2138
f 2140/2140/2140 2134/2134/2134 2139/2139/2139
f 2141/2141/2141 2140/2140/2140 2139/2139/2139
f 2142/2142/2142 2141/2141/2141 2139/2139/2139
f 2139/2139/2139 2138/2138/2138 2142/2142/2142
f 2138/2138/2138 2143/2143/2143 2142/2142/2142
f 2146/2146/2146 2145/2145/2145 2144/2144/2144
f 2147/2147/2147 2146/2146/2146 2144/2144/2144
f 2147/2147/2147 2144/2144/2144 2148/2148/2148
f 2144/2144/2144 2149/2149/2149 2148/2148/2148
f 2147/2147/2147 2148/2148/2148 2150/2150/2150
f 2146/2146/2146 2147/2147/2147 2151/2151/2151
f 2151/2151/2151 2147/2147/2147 2150/2150/2150
f 2152/2152/2152 2146/2146/2146 2151/2151/2151
f 2153/2153/2153 2152/2152/2152 2151/2151/2151
f 2154/2154/2154 2153/2153/2153 2151/2151/2151
f 2151/2151/2151 2150/2150/2150 2154/2154/2154
f 2150/2150/2150 2155/2155/2155 2154/2154/2154
f 2158/2158/2158 2157/2157/2157 2156/2156/2156
f 2159/2159/2159 2158/2158/2158 2156/2156/2156
f 2159/2159/2159 2156/2156/2156 2160/2160/2160
f 2156/2156/2156 2161/2161/2161 2160/2160/2160
f 2160/2160/2160 2162/2162/2162 2159/2159/2159
f 2158/2158/2158 2159/2159/2159 2163/2163/2163
f 2162/2162/2162 2163/2163/2163 2159/2159/2159
f 2164/2164/2164 2158/2158/2158 2163/2163/2163
f 2165/2165/2165 2164/2164/2164 2163/2163/2163
f 2166/2166/2166 2165/2165/2165 2163/2163/2163
f 2163/2163/2163 2162/2162/2162 2166/2166/2166
f 2162/2162/2162 2167/2167/2167 2166/2166/2166
f 2170/2170/2170 2169/2169/2169 2168/2168/2168
f 2171/2171/2171 2170/2170/2170 2168/2168/2168
f 2171/2171/2171 2168/2168/2168 2172/2172/2172
f 2168/2168/2168 2173/2173/2173 2172/2172/2172
f 2171/2171/2171 2172/2172/2172 2174/2174/2174
f 2170/2170/2170 2171/2171/2171 2175/2175/2175
f 2175/2175/2175 2171/2171/2171 2174/2174/2174
f 2176/2176/2176 2170/2170/2170 2175/2175/2175
f 2177/2177/2177 2176/2176/2176 2175/2175/2175
f 2178/2178/2178 2177/2177/2177 2175/2175/2175
f 2175/2175/2175 2174/2174/2174 2178/2178/2178
f 2174/2174/2174 2179/2179/2179 2178/2178/2178
f 2182/2182/2182 2181/2181/2181 2180/2180/2180
f 2183/2183/2183 2182/2182/2182 2180/2180/2180
f 2183/2183/2183 2180/2180/2180 2184/2184/2184
f 2180/2180/2180 2185/2185/2185 2184/2184/2184
f 2183/2183/2183 2184/2184/2184 2186/2186/2186
f 2182/2182/2182 2183/2183/2183 2187/2187/2187
f 2187/2187/2187 2183/2183/2183 2186/2186/2186
f 2188/2188/2188 2182/2182/2182 2187/2187/2187
f 2189/2189/2189 2188/2188/2188 2187/2187/2187
f 2190/2190/2190 2189/2189/2189 2187/2187/2187
f 2187/2187/2187 2186/2186/2186 2190/2190/2190
f 2186/2186/2186 2191/2191/2191 2190/2190/2190
f 2194/2194/2194 2193/2193/2193 2192/2192/2192
f 2195/2195/2195 2194/2194/2194 2192/2192/2192
f 2195/2195/2195 2192/2192/2192 2196/2196/2196
f 2192/2192/2192 2197/2197/2197 2196/2196/2196
f 2195/2195/2195 2196/2196/2196 2198/2198/2198
f 2194/2194/2194 2195/2195/2195 2199/2199/2199
f 2199/2199/2199 2195/2195/2195 2198/2198/2198
f 2200/2200/2200 2194/2194/2194 2199/2199/2199
f 2201/2201/2201 2200/2200/2200 2199/2199/2199
f 2202/2202/2202 2201/2201/2201 2199/2199/2199
f 2199/2199/2199 2198/2198/2198 2202/2202/2202
f 2198/2198/2198 2203/2203/2203 2202/2202/2202
f 2206/2206/2206 2205/2205/2205 2204/2204/2204
f 2207/2207/2207 2206/2206/2206 2204/2204/2204
f 2208/2208/2208 2206/2206/2206 2207/2207/2207
f 2207/2207/2207 2204/2204/2204 2209/2209/2209
f 2204/2204/2204 2210/2210/2210 2209/2209/2209
f 2209/2209/2209 2211/2211/2211 2207/2207/2207
f 2212/2212/2212 2208/2208/2208 2207/2207/2207
f 2211/2211/2211 2212/2212/2212 2207/2207/2207
f 2213/2213/2213 2208/2208/2208 2212/2212/2212
f 2214/2214/2214 2213/2213/2213 2212/2212/2212
f 2212/2212/2212 2211/2211/2211 2214/2214/2214
f 2211/2211/2211 2215/2215/2215 2214/2214/2214
f 2218/2218/2218 2217/2217/2217 2216/2216/2216
f 2219/2219/2219 2218/2218/2218 2216/2216/2216
f 2220/2220/2220 2218/2218/2218 2219/2219/2219
f 2219/2219/2219 2216/2216/2216 2221/2221/2221
f 2216/2216/2216 2222/2222/2222 2221/2221/2221
f 2221/2221/2221 2223/2223/2223 2219/2219/2219
f 2224/2224/2224 2220/2220/2220 2219/2219/2219
f 2223/2223/2223 2224/2224/2224 2219/2219/2219
f 2225/2225/2225 2220/2220/2220 2224/2224/2224
f 2226/2226/2226 2225/2225/2225 2224/2224/2224
f 2224/2224/2224 2223/2223/2223 2226/2226/2226
f 2223/2223/2223 2227/2227/2227 2226/2226/2226
f 2230/2230/2230 2229/2229/2229 2228/2228/2228
f 2231/2231/2231 2230/2230/2230 2228/2228/2228
f 2232/2232/2232 2230/2230/2230 2231/2231/2231
f 2231/2231/2231 2228/2228/2228 2233/2233/2233
f 2228/2228/2228 2234/2234/2234 2233/2233/2233
f 2233/2233/2233 2235/2235/2235 2231/2231/2231
f 2236/2236/2236 2232/2232/2232 2231/2231/2231
f 2235/2235/2235 2236/2236/2236 2231/2231/2231
f 2237/2237/2237 2232/2232/2232 2236/2236/2236
f 2238/2238/2238 2237/2237/2237 2236/2236/2236
f 2236/2236/2236 2235/2235/2235 2238/2238/2238
f 2235/2235/2235 2239/2239/2239 2238/2238/2238
f 2242/2242/2242 2241/2241/2241 2240/2240/2240
f 2243/2243/2243 2242/2242/2242 2240/2240/2240
f 2244/2244/2244 2242/2242/2242 2243/2243/2243
f 2243/2243/2243 2240/2240/2240 2245/2245/2245
f 2240/2240/2240 2246/2246/2246 2245/2245/2245
f 2243/2243/2243 2245/2245/2245 2247/2247/2247
f 2248/2248/2248 2244/2244/2244 2243/2243/2243
f 2248/2248/2248 2243/2243/2243 2247/2247/2247
f 2249/2249/2249 2244/2244/2244 2248/2248/2248
f 2250/2250/2250 2249/2249/2249 2248/2248/2248
f 2248/2248/2248 2247/2247/2247 2250/2250/2250
f 2247/2247/2247 2251/2251/2251 2250/2250/2250
f 2254/2254/2254 2253/2253/2253 2252/2252/2252
f 2255/2255/2255 2254/2254/2254 2252/2252/2252
f 2255/2255/2255 2252/2252/2252 2256/2256/2256
f 2252/2252/2252 2257/2257/2257 2256/2256/2256
f 2256/2256/2256 2258/2258/2258 2255/2255/2255
f 2254/2254/2254 2255/2255/2255 2259/2259/2259
f 2258/2258/2258 2259/2259/2259 2255/2255/2255
f 2260/2260/2260 2254/2254/2254 2259/2259/2259
f 2261/2261/2261 2260/2260/2260 2259/2259/2259
f 2262/2262/2262 2261/2261/2261 2259/2259/2259
f 2259/2259/2259 2258/2258/2258 2262/2262/2262
f 2258/2258/2258 2263/2263/2263 2262/2262/2262
f 2266/2266/2266 2265/2265/2265 2264/2264/2264
f 2267/2267/2267 2266/2266/2266 2264/2264/2264
f 2267/2267/2267 2264/2264/2264 2268/2268/2268
f 2264/2264/2264 2269/2269/2269 2268/2268/2268
f 2267/2267/2267 2268/2268/2268 2270/2270/2270
f 2266/2266/2266 2267/2267/2267 2271/2271/2271
f 2271/2271/2271 2267/2267/2267 2270/2270/2270
f 2272/2272/2272 2266/2266/2266 2271/2271/2271
f 2273/2273/2273 2272/2272/2272 2271/2271/2271
f 2274/2274/2274 2273/2273/2273 2271/2271/2271
f 2271/2271/2271 2270/2270/2270 2274/2274/2274
f 2270/2270/2270 2275/2275/2275 2274/2274/2274
f 2278/2278/2278 2277/2277/2277 2276/2276/2276
f 2279/2279/2279 2278/2278/2278 2276/2276/2276
f 2279/2279/2279 2276/2276/2276 2280/2280/2280
f 2276/2276/2276 2281/2281/2281 2280/2280/2280
f 2279/2279/2279 2280/2280/2280 2282/2282/2282
f 2278/2278/2278 2279/2279/2279 2283/2283/2283
f 2283/2283/2283 2279/2279/2279 2282/2282/2282
f 2284/2284/2284 2278/2278/2278 2283/2283/2283
f 2285/2285/2285 2284/2284/2284 2283/2283/2283
f 2286/2286/2286 2285/2285/2285 2283/2283/2283
f 2283/2283/2283 2282/2282/2282 2286/2286/2286
f 2282/2282/2282 2287/2287/2287 2286/2286/2286
f 2290/2290/2290 2289/2289/2289 2288/2288/2288
f 2291/2291/2291 2290/2290/2290 2288/2288/2288
f 2291/2291/2291 2288/2288/2288 2292/2292/2292
f 2288/2288/2288 2293/2293/2293 2292/2292/2292
f 2291/2291/2291 2292/2292/2292 2294/2294/2294
f 2290/2290/2290 2291/2291/2291 2295/2295/2295
f 2295/2295/2295 2291/2291/2291 2294/2294/2294
f 2296/2296/2296 2290/2290/2290 2295/2295/2295
f 2297/2297/2297 2296/2296/2296 2295/2295/2295
f 2298/2298/2298 2297/2297/2297 2295/2295/2295
f 2295/2295/2295 2294/2294/2294 2298/2298/2298
f 2294/2294/2294 2299/2299/2299 2298/2298/2298
f 2302/2302/2302 2301/2301/2301 2300/2300/2300
f 2303/2303/2303 2302/2302/2302 2300/2300/2300
f 2300/2300/2300 2304/2304/2304 2303/2303/2303
f 2303/2303/2303 2305/2305/2305 2302/2302/2302
f 2305/2305/2305 2306/2306/2306 2302/2302/2302
f 2304/2304/2304 2307/2307/2307 2303/2303/2303
f 2303/2303/2303 2307/2307/2307 2305/2305/2305
f 2305/2305/2305 2308/2308/2308 2306/2306/2306
f 2308/2308/2308 2309/2309/2309 2306/2306/2306
f 2308/2308/2308 2305/2305/2305 2310/2310/2310
f 2307/2307/2307 2310/2310/2310 2305/2305/2305
f 2311/2311/2311 2308/2308/2308 2310/2310/2310
f 2310/2310/2310 2312/2312/2312 2311/2311/2311
f 2312/2312/2312 2310/2310/2310 2307/2307/2307
f 2312/2312/2312 2313/2313/2313 2311/2311/2311
f 2314/2314/2314 2312/2312/2312 2307/2307/2307
f 2307/2307/2307 2304/2304/2304 2314/2314/2314
f 2304/2304/2304 2315/2315/2315 2314/2314/2314
f 2318/2318/2318 2317/2317/2317 2316/2316/2316
f 2319/2319/2319 2318/2318/2318 2316/2316/2316
f 2316/2316/2316 2320/2320/2320 2319/2319/2319
f 2319/2319/2319 2321/2321/2321 2318/2318/2318
f 2321/2321/2321 2322/2322/2322 2318/2318/2318
f 2320/2320/2320 2323/2323/2323 2319/2319/2319
f 2319/2319/2319 2323/2323/2323 2321/2321/2321
f 2321/2321/2321 2324/2324/2324 2322/2322/2322
f 2324/2324/2324 2325/2325/2325 2322/2322/2322
f 2324/2324/2324 2321/2321/2321 2326/2326/2326
f 2323/2323/2323 2326/2326/2326 2321/2321/2321
f 2327/2327/2327 2324/2324/2324 2326/2326/2326
f 2326/2326/2326 2328/2328/2328 2327/2327/2327
f 2328/2328/2328 2326/2326/2326 2323/2323/2323
f 2328/2328/2328 2329/2329/2329 2327/2327/2327
f 2330/2330/2330 2328/2328/2328 2323/2323/2323
f 2323/2323/2323 2320/2320/2320 2330/2330/2330
f 2320/2320/2320 2331/2331/2331 2330/2330/2330
f 2334/2334/2334 2333/2333/2333 2332/2332/2332
f 2335/2335/2335 2334/2334/2334 2332/2332/2332
f 2332/2332/2332 2336/2336/2336 2335/2335/2335
f 2335/2335/2335 2337/2337/2337 2334/2334/2334
f 2337/2337/2337 2338/2338/2338 2334/2334/2334
f 2336/2336/2336 2339/2339/2339 2335/2335/2335
f 2337/2337/2337 2335/2335/2335 2339/2339/2339
f 2337/2337/2337 2340/2340/2340 2338/2338/2338
f 2340/2340/2340 2341/2341/2341 2338/2338/2338
f 2337/2337/2337 2342/2342/2342 2340/2340/2340
f 2342/2342/2342 2337/2337/2337 2339/2339/2339
f 2342/2342/2342 2343/2343/2343 2340/2340/2340
f 2342/2342/2342 2344/2344/2344 2343/2343/2343
f 2342/2342/2342 2339/2339/2339 2344/2344/2344
f 2344/2344/2344 2345/2345/2345 2343/2343/2343
f 2339/2339/2339 2346/2346/2346 2344/2344/2344
f 2339/2339/2339 2336/2336/2336 2346/2346/2346
f 2336/2336/2336 2347/2347/2347 2346/2346/2346
f 2350/2350/2350 2349/2349/2349 2348/2348/2348
f 2351/2351/2351 2350/2350/2350 2348/2348/2348
f 2348/2348/2348 2352/2352/2352 2351/2351/2351
f 2351/2351/2351 2353/2353/2353 2350/2350/2350
f 2353/2353/2353 2354/2354/2354 2350/2350/2350
f 2352/2352/2352 2355/2355/2355 2351/2351/2351
f 2351/2351/2351 2355/2355/2355 2353/2353/2353
f 2353/2353/2353 2356/2356/2356 2354/2354/2354
f 2356/2356/2356 2357/2357/2357 2354/2354/2354
f 2356/2356/2356 2353/2353/2353 2358/2358/2358
f 2355/2355/2355 2358/2358/2358 2353/2353/2353
f 2359/2359/2359 2356/2356/2356 2358/2358/2358
f 2358/2358/2358 2360/2360/2360 2359/2359/2359
f 2360/2360/2360 2358/2358/2358 2355/2355/2355
f 2360/2360/2360 2361/2361/2361 2359/2359/2359
f 2362/2362/2362 2360/2360/2360 2355/2355/2355
f 2355/2355/2355 2352/2352/2352 2362/2362/2362
f 2352/2352/2352 2363/2363/2363 2362/2362/2362
f 2366/2366/2366 2365/2365/2365 2364/2364/2364
f 2367/2367/2367 2366/2366/2366 2364/2364/2364
f 2367/2367/2367 2364/2364/2364 2368/2368/2368
f 2364/2364/2364 2369/2369/2369 2368/2368/2368
f 2368/2368/2368 2370/2370/2370 2367/2367/2367
f 2366/2366/2366 2367/2367/2367 2371/2371/2371
f 2370/2370/2370 2371/2371/2371 2367/2367/2367
f 2372/2372/2372 2366/2366/2366 2371/2371/2371
f 2373/2373/2373 2372/2372/2372 2371/2371/2371
f 2374/2374/2374 2373/2373/2373 2371/2371/2371
f 2371/2371/2371 2370/2370/2370 2374/2374/2374
f 2370/2370/2370 2375/2375/2375 2374/2374/2374
f 2378/2378/2378 2377/2377/2377 2376/2376/2376
f 2379/2379/2379 2378/2378/2378 2376/2376/2376
f 2379/2379/2379 2376/2376/2376 2380/2380/2380
f 2376/2376/2376 2381/2381/2381 2380/2380/2380
f 2379/2379/2379 2380/2380/2380 2382/2382/2382
f 2378/2378/2378 2379/2379/2379 2383/2383/2383
f 2383/2383/2383 2379/2379/2379 2382/2382/2382
f 2384/2384/2384 2378/2378/2378 2383/2383/2383
f 2385/2385/2385 2384/2384/2384 2383/2383/2383
f 2386/2386/2386 2385/2385/2385 2383/2383/2383
f 2383/2383/2383 2382/2382/2382 2386/2386/2386
f 2382/2382/2382 2387/2387/2387 2386/2386/2386
f 2390/2390/2390 2389/2389/2389 2388/2388/2388
f 2391/2391/2391 2390/2390/2390 2388/2388/2388
f 2391/2391/2391 2388/2388/2388 2392/2392/2392
f 2388/2388/2388 2393/2393/2393 2392/2392/2392
f 2391/2391/2391 2392/2392/2392 2394/2394/2394
f 2390/2390/2390 2391/2391/2391 2395/2395/2395
f 2395/2395/2395 2391/2391/2391 2394/2394/2394
f 2396/2396/2396 2390/2390/2390 2395/2395/2395
f 2397/2397/2397 2396/2396/2396 2395/2395/2395
f 2398/2398/2398 2397/2397/2397 2395/2395/2395
f 2395/2395/2395 2394/2394/2394 2398/2398/2398
f 2394/2394/2394 2399/2399/2399 2398/2398/2398
f 2402/2402/2402 2401/2401/2401 2400/2400/2400
f 2403/2403/2403 2402/2402/2402 2400/2400/2400
f 2403/2403/2403 2400/2400/2400 2404/2404/2404
f 2400/2400/2400 2405/2405/2405 2404/2404/2404
f 2403/2403/2403 2404/2404/2404 2406/2406/2406
f 2402/2402/2402 2403/2403/2403 2407/2407/2407
f 2407/2407/2407 2403/2403/2403 2406/2406/2406
f 2408/2408/2408 2402/2402/2402 2407/2407/2407
f 2409/2409/2409 2408/2408/2408 2407/2407/2407
f 2410/2410/2410 2409/2409/2409 2407/2407/2407
f 2407/2407/2407 2406/2406/2406 2410/2410/2410
f 2406/2406/2406 2411/2411/2411 2410/2410/2410
f 2414/2414/2414 2413/2413/2413 2412/2412/2412
f 2415/2415/2415 2414/2414/2414 2412/2412/2412
f 2412/2412/2412 2416/2416/2416 2415/2415/2415
f 2415/2415/2415 2417/2417/2417 2414/2414/2414
f 2417/2417/2417 2418/2418/2418 2414/2414/2414
f 2416/2416/2416 2419/2419/2419 2415/2415/2415
f 2415/2415/2415 2419/2419/2419 2417/2417/2417
f 2417/2417/2417 2420/2420/2420 2418/2418/2418
f 2420/2420/2420 2421/2421/2421 2418/2418/2418
f 2420/2420/2420 2417/2417/2417 2422/2422/2422
f 2419/2419/2419 2422/2422/2422 2417/2417/2417
f 2423/2423/2423 2420/2420/2420 2422/2422/2422
f 2422/2422/2422 2424/2424/2424 2423/2423/2423
f 2424/2424/2424 2422/2422/2422 2419/2419/2419
f 2424/2424/2424 2425/2425/2425 2423/2423/2423
f 2426/2426/2426 2424/2424/2424 2419/2419/2419
f 2419/2419/2419 2416/2416/2416 2426/2426/2426
f 2416/2416/2416 2427/2427/2427 2426/2426/2426
f 2430/2430/2430 2429/2429/2429 2428/2428/2428
f 2431/2431/2431 2430/2430/2430 2428/2428/2428
f 2431/2431/2431 2428/2428/2428 2432/2432/2432
f 2428/2428/2428 2433/2433/2433 2432/2432/2432
f 2432/2432/2432 2434/2434/2434 2431/2431/2431
f 2431/2431/2431 2435/2435/2435 2430/2430/2430
f 2434/2434/2434 2435/2435/2435 2431/2431/2431
f 2435/2435/2435 2436/2436/2436 2430/2430/2430
f 2437/2437/2437 2436/2436/2436 2435/2435/2435
f 2438/2438/2438 2437/2437/2437 2435/2435/2435
f 2435/2435/2435 2434/2434/2434 2438/2438/2438
f 2434/2434/2434 2439/2439/2439 2438/2438/2438
f 2442/2442/2442 2441/2441/2441 2440/2440/2440
f 2443/2443/2443 2442/2442/2442 2440/2440/2440
f 2443/2443/2443 2440/2440/2440 2444/2444/2444
f 2440/2440/2440 2445/2445/2445 2444/2444/2444
f 2443/2443/2443 2444/2444/2444 2446/2446/2446
f 2442/2442/2442 2443/2443/2443 2447/2447/2447
f 2447/2447/2447 2443/2443/2443 2446/2446/2446
f 2448/2448/2448 2442/2442/2442 2447/2447/2447
f 2449/2449/2449 2448/2448/2448 2447/2447/2447
f 2450/2450/2450 2449/2449/2449 2447/2447/2447
f 2447/2447/2447 2446/2446/2446 2450/2450/2450
f 2446/2446/2446 2451/2451/2451 2450/2450/2450
f 2454/2454/2454 2453/2453/2453 2452/2452/2452
f 2455/2455/2455 2454/2454/2454 2452/2452/2452
f 2455/2455/2455 2452/2452/2452 2456/2456/2456
f 2452/2452/2452 2457/2457/2457 2456/2456/2456
f 2456/2456/2456 2458/2458/2458 2455/2455/2455
f 2454/2454/2454 2455/2455/2455 2459/2459/2459
f 2458/2458/2458 2459/2459/2459 2455/2455/2455
f 2460/2460/2460 2454/2454/2454 2459/2459/2459
f 2461/2461/2461 2460/2460/2460 2459/2459/2459
f 2462/2462/2462 2461/2461/2461 2459/2459/2459
f 2459/2459/2459 2458/2458/2458 2462/2462/2462
f 2458/2458/2458 2463/2463/2463 2462/2462/2462
f 2466/2466/2466 2465/2465/2465 2464/2464/2464
f 2467/2467/2467 2466/2466/2466 2464/2464/2464
f 2467/2467/2467 2464/2464/2464 2468/2468/2468
f 2464/2464/2464 2469/2469/2469 2468/2468/2468
f 2467/2467/2467 2468/2468/2468 2470/2470/2470
f 2466/2466/2466 2467/2467/2467 2471/2471/2471
f 2471/2471/2471 2467/2467/2467 2470/2470/2470
f 2472/2472/2472 2466/2466/2466 2471/2471/2471
f 2473/2473/2473 2472/2472/2472 2471/2471/2471
f 2474/2474/2474 2473/2473/2473 2471/2471/2471
f 2471/2471/2471 2470/2470/2470 2474/2474/2474
f 2470/2470/2470 2475/2475/2475 2474/2474/2474
f 2478/2478/2478 2477/2477/2477 2476/2476/2476
f 2479/2479/2479 2478/2478/2478 2476/2476/2476
f 2479/2479/2479 2476/2476/2476 2480/2480/2480
f 2476/2476/2476 2481/2481/2481 2480/2480/2480
f 2479/2479/2479 2480/2480/2480 2482/2482/2482
f 2478/2478/2478 2479/2479/2479 2483/2483/2483
f 2483/2483/2483 2479/2479/2479 2482/2482/2482
f 2484/2484/2484 2478/2478/2478 2483/2483/2483
f 2485/2485/2485 2484/2484/2484 2483/2483/2483
f 2486/2486/2486 2485/2485/2485 2483/2483/2483
f 2483/2483/2483 2482/2482/2482 2486/2486/2486
f 2482/2482/2482 2487/2487/2487 2486/2486/2486
f 2490/2490/2490 2489/2489/2489 2488/2488/2488
f 2491/2491/2491 2490/2490/2490 2488/2488/2488
f 2488/2488/2488 2492/2492/2492 2491/2491/2491
f 2491/2491/2491 2493/2493/2493 2490/2490/2490
f 2493/2493/2493 2494/2494/2494 2490/2490/2490
f 2492/2492/2492 2495/2495/2495 2491/2491/2491
f 2493/2493/2493 2491/2491/2491 2495/2495/2495
f 2493/2493/2493 2496/2496/2496 2494/2494/2494
f 2496/2496/2496 2497/2497/2497 2494/2494/2494
f 2493/2493/2493 2498/2498/2498 2496/2496/2496
f 2498/2498/2498 2493/2493/2493 2495/2495/2495
f 2498/2498/2498 2499/2499/2499 2496/2496/2496
f 2498/2498/2498 2500/2500/2500 2499/2499/2499
f 2500/2500/2500 2498/2498/2498 2495/2495/2495
f 2500/2500/2500 2501/2501/2501 2499/2499/2499
f 2502/2502/2502 2500/2500/2500 2495/2495/2495
f 2495/2495/2495 2492/2492/2492 2502/2502/2502
f 2492/2492/2492 2503/2503/2503 2502/2502/2502
f 2506/2506/2506 2505/2505/2505 2504/2504/2504
f 2505/2505/2505 2507/2507/2507 2504/2504/2504
f 2507/2507/2507 2505/2505/2505 2508/2508/2508
f 2509/2509/2509 2507/2507/2507 2508/2508/2508
f 2510/2510/2510 2509/2509/2509 2508/2508/2508
f 2511/2511/2511 2510/2510/2510 2508/2508/2508
f 2511/2511/2511 2512/2512/2512 2510/2510/2510
f 2512/2512/2512 2513/2513/2513 2510/2510/2510
f 2513/2513/2513 2512/2512/2512 2514/2514/2514
f 2515/2515/2515 2513/2513/2513 2514/2514/2514
f 2515/2515/2515 2514/2514/2514 2516/2516/2516
f 2517/2517/2517 2515/2515/2515 2516/2516/2516
f 2517/2517/2517 2516/2516/2516 2518/2518/2518
f 2519/2519/2519 2517/2517/2517 2518/2518/2518
f 2519/2519/2519 2518/2518/2518 2520/2520/2520
f 2521/2521/2521 2519/2519/2519 2520/2520/2520
f 2522/2522/2522 2521/2521/2521 2520/2520/2520
f 2523/2523/2523 2522/2522/2522 2520/2520/2520
f 2526/2526/2526 2525/2525/2525 2524/2524/2524
f 2525/2525/2525 2527/2527/2527 2524/2524/2524
f 2527/2527/2527 2528/2528/2528 2524/2524/2524
f 2528/2528/2528 2529/2529/2529 2524/2524/2524
f 2529/2529/2529 2528/2528/2528 2530/2530/2530
f 2531/2531/2531 2529/2529/2529 2530/2530/2530
f 2534/2534/2534 2533/2533/2533 2532/2532/2532
f 2533/2533/2533 2535/2535/2535 2532/2532/2532
f 2535/2535/2535 2536/2536/2536 2532/2532/2532
f 2536/2536/2536 2537/2537/2537 2532/2532/2532
f 2537/2537/2537 2536/2536/2536 2538/2538/2538
f 2539/2539/2539 2537/2537/2537 2538/2538/2538
f 2542/2542/2542 2541/2541/2541 2540/2540/2540
f 2541/2541/2541 2543/2543/2543 2540/2540/2540
f 2543/2543/2543 2544/2544/2544 2540/2540/2540
f 2544/2544/2544 2545/2545/2545 2540/2540/2540
f 2545/2545/2545 2544/2544/2544 2546/2546/2546
f 2547/2547/2547 2545/2545/2545 2546/2546/2546
f 2550/2550/2550 2549/2549/2549 2548/2548/2548
f 2549/2549/2549 2551/2551/2551 2548/2548/2548
f 2552/2552/2552 2551/2551/2551 2549/2549/2549
f 2553/2553/2553 2552/2552/2552 2549/2549/2549
f 2554/2554/2554 2548/2548/2548 2551/2551/2551
f 2555/2555/2555 2552/2552/2552 2553/2553/2553
f 2556/2556/2556 2555/2555/2555 2553/2553/2553
f 2557/2557/2557 2552/2552/2552 2555/2555/2555
f 2558/2558/2558 2557/2557/2557 2555/2555/2555
f 2559/2559/2559 2557/2557/2557 2558/2558/2558
f 2560/2560/2560 2559/2559/2559 2558/2558/2558
f 2561/2561/2561 2557/2557/2557 2559/2559/2559
f 2552/2552/2552 2557/2557/2557 2561/2561/2561
f 2562/2562/2562 2561/2561/2561 2559/2559/2559
f 2563/2563/2563 2561/2561/2561 2562/2562/2562
f 2564/2564/2564 2563/2563/2563 2562/2562/2562
f 2565/2565/2565 2561/2561/2561 2563/2563/2563
f 2565/2565/2565 2552/2552/2552 2561/2561/2561
f 2566/2566/2566 2565/2565/2565 2563/2563/2563
f 2567/2567/2567 2565/2565/2565 2566/2566/2566
f 2567/2567/2567 2552/2552/2552 2565/2565/2565
f 2568/2568/2568 2567/2567/2567 2566/2566/2566
f 2569/2569/2569 2552/2552/2552 2567/2567/2567
f 2567/2567/2567 2568/2568/2568 2569/2569/2569
f 2551/2551/2551 2552/2552/2552 2569/2569/2569
f 2568/2568/2568 2570/2570/2570 2569/2569/2569
f 2571/2571/2571 2551/2551/2551 2569/2569/2569
f 2569/2569/2569 2570/2570/2570 2571/2571/2571
f 2571/2571/2571 2554/2554/2554 2551/2551/2551
f 2570/2570/2570 2572/2572/2572 2571/2571/2571
f 2554/2554/2554 2571/2571/2571 2572/2572/2572
f 2573/2573/2573 2554/2554/2554 2572/2572/2572
f 2576/2576/2576 2575/2575/2575 2574/2574/2574
f 2575/2575/2575 2577/2577/2577 2574/2574/2574
f 2574/2574/2574 2577/2577/2577 2578/2578/2578
f 2577/2577/2577 2579/2579/2579 2578/2578/2578
f 2582/2582/2582 2581/2581/2581 2580/2580/2580
f 2581/2581/2581 2583/2583/2583 2580/2580/2580
f 2580/2580/2580 2583/2583/2583 2584/2584/2584
f 2585/2585/2585 2580/2580/2580 2584/2584/2584
f 2584/2584/2584 2583/2583/2583 2586/2586/2586
f 2583/2583/2583 2581/2581/2581 2587/2587/2587
f 2583/2583/2583 2587/2587/2587 2586/2586/2586
f 2581/2581/2581 2588/2588/2588 2587/2587/2587
f 2588/2588/2588 2589/2589/2589 2587/2587/2587
f 2589/2589/2589 2590/2590/2590 2587/2587/2587
f 2587/2587/2587 2590/2590/2590 2586/2586/2586
f 2590/2590/2590 2591/2591/2591 2586/2586/2586
f 2594/2594/2594 2593/2593/2593 2592/2592/2592
f 2595/2595/2595 2594/2594/2594 2592/2592/2592
f 2596/2596/2596 2594/2594/2594 2595/2595/2595
f 2597/2597/2597 2596/2596/2596 2595/2595/2595
f 2598/2598/2598 2597/2597/2597 2595/2595/2595
f 2599/2599/2599 2595/2595/2595 2592/2592/2592
f 2599/2599/2599 2598/2598/2598 2595/2595/2595
f 2600/2600/2600 2599/2599/2599 2592/2592/2592
f 2599/2599/2599 2600/2600/2600 2601/2601/2601
f 2598/2598/2598 2599/2599/2599 2602/2602/2602
f 2602/2602/2602 2599/2599/2599 2601/2601/2601
f 2603/2603/2603 2598/2598/2598 2602/2602/2602
f 2601/2601/2601 2604/2604/2604 2602/2602/2602
f 2605/2605/2605 2603/2603/2603 2602/2602/2602
f 2604/2604/2604 2606/2606/2606 2602/2602/2602
f 2606/2606/2606 2605/2605/2605 2602/2602/2602
f 2609/2609/2609 2608/2608/2608 2607/2607/2607
f 2609/2609/2609 2607/2607/2607 2610/2610/2610
f 2608/2608/2608 2611/2611/2611 2607/2607/2607
f 2607/2607/2607 2612/2612/2612 2610/2610/2610
f 2608/2608/2608 2613/2613/2613 2611/2611/2611
f 2613/2613/2613 2614/2614/2614 2611/2611/2611
f 2614/2614/2614 2613/2613/2613 2615/2615/2615
f 2613/2613/2613 2616/2616/2616 2615/2615/2615
f 2612/2612/2612 2617/2617/2617 2610/2610/2610
f 2615/2615/2615 2616/2616/2616 2617/2617/2617
f 2617/2617/2617 2618/2618/2618 2610/2610/2610
f 2616/2616/2616 2618/2618/2618 2617/2617/2617
f 2621/2621/2621 2620/2620/2620 2619/2619/2619
f 2622/2622/2622 2619/2619/2619 2620/2620/2620
f 2623/2623/2623 2622/2622/2622 2620/2620/2620
f 2624/2624/2624 2621/2621/2621 2619/2619/2619
f 2625/2625/2625 2621/2621/2621 2624/2624/2624
f 2626/2626/2626 2625/2625/2625 2624/2624/2624
f 2625/2625/2625 2626/2626/2626 2627/2627/2627
f 2628/2628/2628 2622/2622/2622 2623/2623/2623
f 2629/2629/2629 2628/2628/2628 2623/2623/2623
f 2628/2628/2628 2629/2629/2629 2630/2630/2630
f 2629/2629/2629 2631/2631/2631 2630/2630/2630
f 2630/2630/2630 2632/2632/2632 2628/2628/2628
f 2630/2630/2630 2631/2631/2631 2632/2632/2632
f 2628/2628/2628 2632/2632/2632 2622/2622/2622
f 2631/2631/2631 2633/2633/2633 2632/2632/2632
f 2632/2632/2632 2634/2634/2634 2622/2622/2622
f 2634/2634/2634 2632/2632/2632 2633/2633/2633
f 2622/2622/2622 2634/2634/2634 2619/2619/2619
f 2635/2635/2635 2634/2634/2634 2633/2633/2633
f 2634/2634/2634 2635/2635/2635 2636/2636/2636
f 2634/2634/2634 2636/2636/2636 2619/2619/2619
f 2635/2635/2635 2637/2637/2637 2636/2636/2636
f 2619/2619/2619 2636/2636/2636 2638/2638/2638
f 2638/2638/2638 2636/2636/2636 2637/2637/2637
f 2624/2624/2624 2619/2619/2619 2638/2638/2638
f 2639/2639/2639 2638/2638/2638 2637/2637/2637
f 2626/2626/2626 2624/2624/2624 2638/2638/2638
f 2640/2640/2640 2638/2638/2638 2639/2639/2639
f 2640/2640/2640 2626/2626/2626 2638/2638/2638
f 2641/2641/2641 2640/2640/2640 2639/2639/2639
f 2642/2642/2642 2626/2626/2626 2640/2640/2640
f 2626/2626/2626 2642/2642/2642 2627/2627/2627
f 2627/2627/2627 2642/2642/2642 2643/2643/2643
f 2644/2644/2644 2640/2640/2640 2641/2641/2641
f 2644/2644/2644 2642/2642/2642 2640/2640/2640
f 2645/2645/2645 2644/2644/2644 2641/2641/2641
f 2642/2642/2642 2646/2646/2646 2643/2643/2643
f 2646/2646/2646 2642/2642/2642 2644/2644/2644
f 2645/2645/2645 2643/2643/2643 2646/2646/2646
f 2644/2644/2644 2645/2645/2645 2646/2646/2646
f 2649/2649/2649 2648/2648/2648 2647/2647/2647
f 2650/2650/2650 2647/2647/2647 2648/2648/2648
f 2651/2651/2651 2650/2650/2650 2648/2648/2648
f 2652/2652/2652 2649/2649/2649 2647/2647/2647
f 2653/2653/2653 2649/2649/2649 2652/2652/2652
f 2654/2654/2654 2653/2653/2653 2652/2652/2652
f 2653/2653/2653 2654/2654/2654 2655/2655/2655
f 2656/2656/2656 2650/2650/2650 2651/2651/2651
f 2657/2657/2657 2656/2656/2656 2651/2651/2651
f 2656/2656/2656 2657/2657/2657 2658/2658/2658
f 2657/2657/2657 2659/2659/2659 2658/2658/2658
f 2658/2658/2658 2660/2660/2660 2656/2656/2656
f 2658/2658/2658 2659/2659/2659 2660/2660/2660
f 2656/2656/2656 2660/2660/2660 2650/2650/2650
f 2659/2659/2659 2661/2661/2661 2660/2660/2660
f 2660/2660/2660 2662/2662/2662 2650/2650/2650
f 2662/2662/2662 2660/2660/2660 2661/2661/2661
f 2650/2650/2650 2662/2662/2662 2647/2647/2647
f 2663/2663/2663 2662/2662/2662 2661/2661/2661
f 2662/2662/2662 2663/2663/2663 2664/2664/2664
f 2662/2662/2662 2664/2664/2664 2647/2647/2647
f 2663/2663/2663 2665/2665/2665 2664/2664/2664
f 2647/2647/2647 2664/2664/2664 2666/2666/2666
f 2666/2666/2666 2664/2664/2664 2665/2665/2665
f 2652/2652/2652 2647/2647/2647 2666/2666/2666
f 2667/2667/2667 2666/2666/2666 2665/2665/2665
f 2654/2654/2654 2652/2652/2652 2666/2666/2666
f 2668/2668/2668 2666/2666/2666 2667/2667/2667
f 2668/2668/2668 2654/2654/2654 2666/2666/2666
f 2669/2669/2669 2668/2668/2668 2667/2667/2667
f 2670/2670/2670 2654/2654/2654 2668/2668/2668
f 2654/2654/2654 2670/2670/2670 2655/2655/2655
f 2655/2655/2655 2670/2670/2670 2671/2671/2671
f 2672/2672/2672 2668/2668/2668 2669/2669/2669
f 2672/2672/2672 2670/2670/2670 2668/2668/2668
f 2673/2673/2673 2672/2672/2672 2669/2669/2669
f 2670/2670/2670 2674/2674/2674 2671/2671/2671
f 2674/2674/2674 2670/2670/2670 2672/2672/2672
f 2673/2673/2673 2671/2671/2671 2674/2674/2674
f 2672/2672/2672 2673/2673/2673 2674/2674/2674
f 2677/2677/2677 2676/2676/2676 2675/2675/2675
f 2678/2678/2678 2675/2675/2675 2676/2676/2676
f 2679/2679/2679 2678/2678/2678 2676/2676/2676
f 2680/2680/2680 2677/2677/2677 2675/2675/2675
f 2681/2681/2681 2677/2677/2677 2680/2680/2680
f 2682/2682/2682 2681/2681/2681 2680/2680/2680
f 2681/2681/2681 2682/2682/2682 2683/2683/2683
f 2684/2684/2684 2678/2678/2678 2679/2679/2679
f 2685/2685/2685 2684/2684/2684 2679/2679/2679
f 2684/2684/2684 2685/2685/2685 2686/2686/2686
f 2685/2685/2685 2687/2687/2687 2686/2686/2686
f 2686/2686/2686 2688/2688/2688 2684/2684/2684
f 2686/2686/2686 2687/2687/2687 2688/2688/2688
f 2684/2684/2684 2688/2688/2688 2678/2678/2678
f 2687/2687/2687 2689/2689/2689 2688/2688/2688
f 2688/2688/2688 2690/2690/2690 2678/2678/2678
f 2690/2690/2690 2688/2688/2688 2689/2689/2689
f 2678/2678/2678 2690/2690/2690 2675/2675/2675
f 2691/2691/2691 2690/2690/2690 2689/2689/2689
f 2690/2690/2690 2691/2691/2691 2692/2692/2692
f 2690/2690/2690 2692/2692/2692 2675/2675/2675
f 2691/2691/2691 2693/2693/2693 2692/2692/2692
f 2675/2675/2675 2692/2692/2692 2694/2694/2694
f 2694/2694/2694 2692/2692/2692 2693/2693/2693
f 2680/2680/2680 2675/2675/2675 2694/2694/2694
f 2695/2695/2695 2694/2694/2694 2693/2693/2693
f 2682/2682/2682 2680/2680/2680 2694/2694/2694
f 2696/2696/2696 2694/2694/2694 2695/2695/2695
f 2696/2696/2696 2682/2682/2682 2694/2694/2694
f 2697/2697/2697 2696/2696/2696 2695/2695/2695
f 2698/2698/2698 2682/2682/2682 2696/2696/2696
f 2682/2682/2682 2698/2698/2698 2683/2683/2683
f 2683/2683/2683 2698/2698/2698 2699/2699/2699
f 2700/2700/2700 2696/2696/2696 2697/2697/2697
f 2700/2700/2700 2698/2698/2698 2696/2696/2696
f 2701/2701/2701 2700/2700/2700 2697/2697/2697
f 2698/2698/2698 2702/2702/2702 2699/2699/2699
f 2702/2702/2702 2698/2698/2698 2700/2700/2700
f 2701/2701/2701 2699/2699/2699 2702/2702/2702
f 2700/2700/2700 2701/2701/2701 2702/2702/2702
f 2705/2705/2705 2704/2704/2704 2703/2703/2703
f 2706/2706/2706 2703/2703/2703 2704/2704/2704
f 2707/2707/2707 2706/2706/2706 2704/2704/2704
f 2708/2708/2708 2705/2705/2705 2703/2703/2703
f 2709/2709/2709 2705/2705/2705 2708/2708/2708
f 2710/2710/2710 2709/2709/2709 2708/2708/2708
f 2709/2709/2709 2710/2710/2710 2711/2711/2711
f 2712/2712/2712 2706/2706/2706 2707/2707/2707
f 2713/2713/2713 2712/2712/2712 2707/2707/2707
f 2712/2712/2712 2713/2713/2713 2714/2714/2714
f 2713/2713/2713 2715/2715/2715 2714/2714/2714
f 2714/2714/2714 2716/2716/2716 2712/2712/2712
f 2714/2714/2714 2715/2715/2715 2716/2716/2716
f 2712/2712/2712 2716/2716/2716 2706/2706/2706
f 2715/2715/2715 2717/2717/2717 2716/2716/2716
f 2716/2716/2716 2718/2718/2718 2706/2706/2706
f 2718/2718/2718 2716/2716/2716 2717/2717/2717
f 2706/2706/2706 2718/2718/2718 2703/2703/2703
f 2719/2719/2719 2718/2718/2718 2717/2717/2717
f 2718/2718/2718 2719/2719/2719 2720/2720/2720
f 2718/2718/2718 2720/2720/2720 2703/2703/2703
f 2719/2719/2719 2721/2721/2721 2720/2720/2720
f 2703/2703/2703 2720/2720/2720 2722/2722/2722
f 2722/2722/2722 2720/2720/2720 2721/2721/2721
f 2708/2708/2708 2703/2703/2703 2722/2722/2722
f 2723/2723/2723 2722/2722/2722 2721/2721/2721
f 2710/2710/2710 2708/2708/2708 2722/2722/2722
f 2724/2724/2724 2722/2722/2722 2723/2723/2723
f 2724/2724/2724 2710/2710/2710 2722/2722/2722
f 2725/2725/2725 2724/2724/2724 2723/2723/2723
f 2726/2726/2726 2710/2710/2710 2724/2724/2724
f 2710/2710/2710 2726/2726/2726 2711/2711/2711
f 2711/2711/2711 2726/2726/2726 2727/2727/2727
f 2728/2728/2728 2724/2724/2724 2725/2725/2725
f 2728/2728/2728 2726/2726/2726 2724/2724/2724
f 2729/2729/2729 2728/2728/2728 2725/2725/2725
f 2726/2726/2726 2730/2730/2730 2727/2727/2727
f 2730/2730/2730 2726/2726/2726 2728/2728/2728
f 2729/2729/2729 2727/2727/2727 2730/2730/2730
f 2728/2728/2728 2729/2729/2729 2730/2730/2730
f 2733/2733/2733 2732/2732/2732 2731/2731/2731
f 2734/2734/2734 2731/2731/2731 2732/2732/2732
f 2735/2735/2735 2734/2734/2734 2732/2732/2732
f 2736/2736/2736 2733/2733/2733 2731/2731/2731
f 2737/2737/2737 2733/2733/2733 2736/2736/2736
f 2738/2738/2738 2737/2737/2737 2736/2736/2736
f 2737/2737/2737 2738/2738/2738 2739/2739/2739
f 2740/2740/2740 2734/2734/2734 2735/2735/2735
f 2741/2741/2741 2740/2740/2740 2735/2735/2735
f 2740/2740/2740 2741/2741/2741 2742/2742/2742
f 2741/2741/2741 2743/2743/2743 2742/2742/2742
f 2742/2742/2742 2744/2744/2744 2740/2740/2740
f 2742/2742/2742 2743/2743/2743 2744/2744/2744
f 2740/2740/2740 2744/2744/2744 2734/2734/2734
f 2743/2743/2743 2745/2745/2745 2744/2744/2744
f 2744/2744/2744 2746/2746/2746 2734/2734/2734
f 2746/2746/2746 2744/2744/2744 2745/2745/2745
f 2734/2734/2734 2746/2746/2746 2731/2731/2731
f 2747/2747/2747 2746/2746/2746 2745/2745/2745
f 2746/2746/2746 2747/2747/2747 2748/2748/2748
f 2746/2746/2746 2748/2748/2748 2731/2731/2731
f 2747/2747/2747 2749/2749/2749 2748/2748/2748
f 2731/2731/2731 2748/2748/2748 2750/2750/2750
f 2750/2750/2750 2748/2748/2748 2749/2749/2749
f 2736/2736/2736 2731/2731/2731 2750/2750/2750
f 2751/2751/2751 2750/2750/2750 2749/2749/2749
f 2738/2738/2738 2736/2736/2736 2750/2750/2750
f 2752/2752/2752 2750/2750/2750 2751/2751/2751
f 2752/2752/2752 2738/2738/2738 2750/2750/2750
f 2753/2753/2753 2752/2752/2752 2751/2751/2751
f 2754/2754/2754 2738/2738/2738 2752/2752/2752
f 2738/2738/2738 2754/2754/2754 2739/2739/2739
f 2739/2739/2739 2754/2754/2754 2755/2755/2755
f 2756/2756/2756 2752/2752/2752 2753/2753/2753
f 2756/2756/2756 2754/2754/2754 2752/2752/2752
f 2757/2757/2757 2756/2756/2756 2753/2753/2753
f 2754/2754/2754 2758/2758/2758 2755/2755/2755
f 2758/2758/2758 2754/2754/2754 2756/2756/2756
f 2757/2757/2757 2755/2755/2755 2758/2758/2758
f 2756/2756/2756 2757/2757/2757 2758/2758/2758
f 2761/2761/2761 2760/2760/2760 2759/2759/2759
f 2762/2762/2762 2759/2759/2759 2760/2760/2760
f 2763/2763/2763 2762/2762/2762 2760/2760/2760
f 2764/2764/2764 2761/2761/2761 2759/2759/2759
f 2765/2765/2765 2761/2761/2761 2764/2764/2764
f 2766/2766/2766 2765/2765/2765 2764/2764/2764
f 2765/2765/2765 2766/2766/2766 2767/2767/2767
f 2768/2768/2768 2762/2762/2762 2763/2763/2763
f 2769/2769/2769 2768/2768/2768 2763/2763/2763
f 2768/2768/2768 2769/2769/2769 2770/2770/2770
f 2769/2769/2769 2771/2771/2771 2770/2770/2770
f 2770/2770/2770 2772/2772/2772 2768/2768/2768
f 2770/2770/2770 2771/2771/2771 2772/2772/2772
f 2768/2768/2768 2772/2772/2772 2762/2762/2762
f 2771/2771/2771 2773/2773/2773 2772/2772/2772
f 2772/2772/2772 2774/2774/2774 2762/2762/2762
f 2774/2774/2774 2772/2772/2772 2773/2773/2773
f 2762/2762/2762 2774/2774/2774 2759/2759/2759
f 2775/2775/2775 2774/2774/2774 2773/2773/2773
f 2774/2774/2774 2775/2775/2775 2776/2776/2776
f 2774/2774/2774 2776/2776/2776 2759/2759/2759
f 2775/2775/2775 2777/2777/2777 2776/2776/2776
f 2759/2759/2759 2776/2776/2776 2778/2778/2778
f 2778/2778/2778 2776/2776/2776 2777/2777/2777
f 2764/2764/2764 2759/2759/2759 2778/2778/2778
f 2779/2779/2779 2778/2778/2778 2777/2777/2777
f 2766/2766/2766 2764/2764/2764 2778/2778/2778
f 2780/2780/2780 2778/2778/2778 2779/2779/2779
f 2780/2780/2780 2766/2766/2766 2778/2778/2778
f 2781/2781/2781 2780/2780/2780 2779/2779/2779
f 2782/2782/2782 2766/2766/2766 2780/2780/2780
f 2766/2766/2766 2782/2782/2782 2767/2767/2767
f 2767/2767/2767 2782/2782/2782 2783/2783/2783
f 2784/2784/2784 2780/2780/2780 2781/2781/2781
f 2784/2784/2784 2782/2782/2782 2780/2780/2780
f 2785/2785/2785 2784/2784/2784 2781/2781/2781
f 2782/2782/2782 2786/2786/2786 2783/2783/2783
f 2786/2786/2786 2782/2782/2782 2784/2784/2784
f 2785/2785/2785 2783/2783/2783 2786/2786/2786
f 2784/2784/2784 2785/2785/2785 2786/2786/2786
f 2789/2789/2789 2788/2788/2788 2787/2787/2787
f 2790/2790/2790 2787/2787/2787 2788/2788/2788
f 2791/2791/2791 2790/2790/2790 2788/2788/2788
f 2792/2792/2792 2789/2789/2789 2787/2787/2787
f 2793/2793/2793 2789/2789/2789 2792/2792/2792
f 2794/2794/2794 2793/2793/2793 2792/2792/2792
f 2793/2793/2793 2794/2794/2794 2795/2795/2795
f 2796/2796/2796 2790/2790/2790 2791/2791/2791
f 2797/2797/2797 2796/2796/2796 2791/2791/2791
f 2796/2796/2796 2797/2797/2797 2798/2798/2798
f 2797/2797/2797 2799/2799/2799 2798/2798/2798
f 2798/2798/2798 2800/2800/2800 2796/2796/2796
f 2798/2798/2798 2799/2799/2799 2800/2800/2800
f 2796/2796/2796 2800/2800/2800 2790/2790/2790
f 2799/2799/2799 2801/2801/2801 2800/2800/2800
f 2800/2800/2800 2802/2802/2802 2790/2790/2790
f 2802/2802/2802 2800/2800/2800 2801/2801/2801
f 2790/2790/2790 2802/2802/2802 2787/2787/2787
f 2803/2803/2803 2802/2802/2802 2801/2801/2801
f 2802/2802/2802 2803/2803/2803 2804/2804/2804
f 2802/2802/2802 2804/2804/2804 2787/2787/2787
f 2803/2803/2803 2805/2805/2805 2804/2804/2804
f 2787/2787/2787 2804/2804/2804 2806/2806/2806
f 2806/2806/2806 2804/2804/2804 2805/2805/2805
f 2792/2792/2792 2787/2787/2787 2806/2806/2806
f 2807/2807/2807 2806/2806/2806 2805/2805/2805
f 2794/2794/2794 2792/2792/2792 2806/2806/2806
f 2808/2808/2808 2806/2806/2806 2807/2807/2807
f 2808/2808/2808 2794/2794/2794 2806/2806/2806
f 2809/2809/2809 2808/2808/2808 2807/2807/2807
f 2810/2810/2810 2794/2794/2794 2808/2808/2808
f 2794/2794/2794 2810/2810/2810 2795/2795/2795
f 2795/2795/2795 2810/2810/2810 2811/2811/2811
f 2812/2812/2812 2808/2808/2808 2809/2809/2809
f 2812/2812/2812 2810/2810/2810 2808/2808/2808
f 2813/2813/2813 2812/2812/2812 2809/2809/2809
f 2810/2810/2810 2814/2814/2814 2811/2811/2811
f 2814/2814/2814 2810/2810/2810 2812/2812/2812
f 2813/2813/2813 2811/2811/2811 2814/2814/2814
f 2812/2812/2812 2813/2813/2813 2814/2814/2814
f 2817/2817/2817 2816/2816/2816 2815/2815/2815
f 2818/2818/2818 2817/2817/2817 2815/2815/2815
f 2817/2817/2817 2819/2819/2819 2816/2816/2816
f 2819/2819/2819 2820/2820/2820 2816/2816/2816
f 2820/2820/2820 2819/2819/2819 2821/2821/2821
f 2815/2815/2815 2816/2816/2816 2822/2822/2822
f 2816/2816/2816 2820/2820/2820 2822/2822/2822
f 2823/2823/2823 2820/2820/2820 2821/2821/2821
f 2823/2823/2823 2821/2821/2821 2824/2824/2824
f 2815/2815/2815 2825/2825/2825 2818/2818/2818
f 2825/2825/2825 2826/2826/2826 2818/2818/2818
f 2820/2820/2820 2827/2827/2827 2822/2822/2822
f 2820/2820/2820 2823/2823/2823 2827/2827/2827
f 2828/2828/2828 2823/2823/2823 2824/2824/2824
f 2824/2824/2824 2829/2829/2829 2828/2828/2828
f 2823/2823/2823 2828/2828/2828 2830/2830/2830
f 2829/2829/2829 2830/2830/2830 2828/2828/2828
f 2823/2823/2823 2830/2830/2830 2827/2827/2827
f 2830/2830/2830 2829/2829/2829 2831/2831/2831
f 2827/2827/2827 2830/2830/2830 2831/2831/2831
f 2827/2827/2827 2831/2831/2831 2832/2832/2832
f 2822/2822/2822 2827/2827/2827 2832/2832/2832
f 2822/2822/2822 2832/2832/2832 2833/2833/2833
f 2834/2834/2834 2822/2822/2822 2833/2833/2833
f 2834/2834/2834 2815/2815/2815 2822/2822/2822
f 2833/2833/2833 2835/2835/2835 2834/2834/2834
f 2834/2834/2834 2836/2836/2836 2815/2815/2815
f 2835/2835/2835 2836/2836/2836 2834/2834/2834
f 2836/2836/2836 2825/2825/2825 2815/2815/2815
f 2836/2836/2836 2835/2835/2835 2837/2837/2837
f 2838/2838/2838 2836/2836/2836 2837/2837/2837
f 2836/2836/2836 2838/2838/2838 2825/2825/2825
f 2837/2837/2837 2839/2839/2839 2838/2838/2838
f 2838/2838/2838 2840/2840/2840 2825/2825/2825
f 2825/2825/2825 2840/2840/2840 2826/2826/2826
f 2840/2840/2840 2841/2841/2841 2826/2826/2826
f 2839/2839/2839 2842/2842/2842 2838/2838/2838
f 2839/2839/2839 2841/2841/2841 2842/2842/2842
f 2838/2838/2838 2842/2842/2842 2840/2840/2840
f 2841/2841/2841 2840/2840/2840 2842/2842/2842
f 2845/2845/2845 2844/2844/2844 2843/2843/2843
f 2846/2846/2846 2845/2845/2845 2843/2843/2843
f 2845/2845/2845 2847/2847/2847 2844/2844/2844
f 2847/2847/2847 2848/2848/2848 2844/2844/2844
f 2848/2848/2848 2847/2847/2847 2849/2849/2849
f 2843/2843/2843 2844/2844/2844 2850/2850/2850
f 2844/2844/2844 2848/2848/2848 2850/2850/2850
f 2851/2851/2851 2848/2848/2848 2849/2849/2849
f 2851/2851/2851 2849/2849/2849 2852/2852/2852
f 2843/2843/2843 2853/2853/2853 2846/2846/2846
f 2853/2853/2853 2854/2854/2854 2846/2846/2846
f 2848/2848/2848 2855/2855/2855 2850/2850/2850
f 2848/2848/2848 2851/2851/2851 2855/2855/2855
f 2856/2856/2856 2851/2851/2851 2852/2852/2852
f 2852/2852/2852 2857/2857/2857 2856/2856/2856
f 2851/2851/2851 2856/2856/2856 2858/2858/2858
f 2857/2857/2857 2858/2858/2858 2856/2856/2856
f 2851/2851/2851 2858/2858/2858 2855/2855/2855
f 2858/2858/2858 2857/2857/2857 2859/2859/2859
f 2855/2855/2855 2858/2858/2858 2859/2859/2859
f 2855/2855/2855 2859/2859/2859 2860/2860/2860
f 2850/2850/2850 2855/2855/2855 2860/2860/2860
f 2850/2850/2850 2860/2860/2860 2861/2861/2861
f 2862/2862/2862 2850/2850/2850 2861/2861/2861
f 2862/2862/2862 2843/2843/2843 2850/2850/2850
f 2861/2861/2861 2863/2863/2863 2862/2862/2862
f 2862/2862/2862 2864/2864/2864 2843/2843/2843
f 2863/2863/2863 2864/2864/2864 2862/2862/2862
f 2864/2864/2864 2853/2853/2853 2843/2843/2843
f 2864/2864/2864 2863/2863/2863 2865/2865/2865
f 2866/2866/2866 2864/2864/2864 2865/2865/2865
f 2864/2864/2864 2866/2866/2866 2853/2853/2853
f 2865/2865/2865 2867/2867/2867 2866/2866/2866
f 2866/2866/2866 2868/2868/2868 2853/2853/2853
f 2853/2853/2853 2868/2868/2868 2854/2854/2854
f 2868/2868/2868 2869/2869/2869 2854/2854/2854
f 2867/2867/2867 2870/2870/2870 2866/2866/2866
f 2867/2867/2867 2869/2869/2869 2870/2870/2870
f 2866/2866/2866 2870/2870/2870 2868/2868/2868
f 2869/2869/2869 2868/2868/2868 2870/2870/2870
f 2873/2873/2873 2872/2872/2872 2871/2871/2871
f 2874/2874/2874 2873/2873/2873 2871/2871/2871
f 2873/2873/2873 2875/2875/2875 2872/2872/2872
f 2875/2875/2875 2876/2876/2876 2872/2872/2872
f 2876/2876/2876 2875/2875/2875 2877/2877/2877
f 2871/2871/2871 2872/2872/2872 2878/2878/2878
f 2872/2872/2872 2876/2876/2876 2878/2878/2878
f 2879/2879/2879 2876/2876/2876 2877/2877/2877
f 2879/2879/2879 2877/2877/2877 2880/2880/2880
f 2871/2871/2871 2881/2881/2881 2874/2874/2874
f 2881/2881/2881 2882/2882/2882 2874/2874/2874
f 2876/2876/2876 2883/2883/2883 2878/2878/2878
f 2876/2876/2876 2879/2879/2879 2883/2883/2883
f 2884/2884/2884 2879/2879/2879 2880/2880/2880
f 2880/2880/2880 2885/2885/2885 2884/2884/2884
f 2879/2879/2879 2884/2884/2884 2886/2886/2886
f 2885/2885/2885 2886/2886/2886 2884/2884/2884
f 2879/2879/2879 2886/2886/2886 2883/2883/2883
f 2886/2886/2886 2885/2885/2885 2887/2887/2887
f 2883/2883/2883 2886/2886/2886 2887/2887/2887
f 2883/2883/2883 2887/2887/2887 2888/2888/2888
f 2878/2878/2878 2883/2883/2883 2888/2888/2888
f 2878/2878/2878 2888/2888/2888 2889/2889/2889
f 2890/2890/2890 2878/2878/2878 2889/2889/2889
f 2890/2890/2890 2871/2871/2871 2878/2878/2878
f 2889/2889/2889 2891/2891/2891 2890/2890/2890
f 2890/2890/2890 2892/2892/2892 2871/2871/2871
f 2891/2891/2891 2892/2892/2892 2890/2890/2890
f 2892/2892/2892 2881/2881/2881 2871/2871/2871
f 2892/2892/2892 2891/2891/2891 2893/2893/2893
f 2894/2894/2894 2892/2892/2892 2893/2893/2893
f 2892/2892/2892 2894/2894/2894 2881/2881/2881
f 2893/2893/2893 2895/2895/2895 2894/2894/2894
f 2894/2894/2894 2896/2896/2896 2881/2881/2881
f 2881/2881/2881 2896/2896/2896 2882/2882/2882
f 2896/2896/2896 2897/2897/2897 2882/2882/2882
f 2895/2895/2895 2898/2898/2898 2894/2894/2894
f 2895/2895/2895 2897/2897/2897 2898/2898/2898
f 2894/2894/2894 2898/2898/2898 2896/2896/2896
f 2897/2897/2897 2896/2896/2896 2898/2898/2898
f 2901/2901/2901 2900/2900/2900 2899/2899/2899
f 2902/2902/2902 2901/2901/2901 2899/2899/2899
f 2901/2901/2901 2903/2903/2903 2900/2900/2900
f 2903/2903/2903 2904/2904/2904 2900/2900/2900
f 2904/2904/2904 2903/2903/2903 2905/2905/2905
f 2899/2899/2899 2900/2900/2900 2906/2906/2906
f 2900/2900/2900 2904/2904/2904 2906/2906/2906
f 2907/2907/2907 2904/2904/2904 2905/2905/2905
f 2907/2907/2907 2905/2905/2905 2908/2908/2908
f 2899/2899/2899 2909/2909/2909 2902/2902/2902
f 2909/2909/2909 2910/2910/2910 2902/2902/2902
f 2904/2904/2904 2911/2911/2911 2906/2906/2906
f 2904/2904/2904 2907/2907/2907 2911/2911/2911
f 2912/2912/2912 2907/2907/2907 2908/2908/2908
f 2908/2908/2908 2913/2913/2913 2912/2912/2912
f 2907/2907/2907 2912/2912/2912 2914/2914/2914
f 2913/2913/2913 2914/2914/2914 2912/2912/2912
f 2907/2907/2907 2914/2914/2914 2911/2911/2911
f 2914/2914/2914 2913/2913/2913 2915/2915/2915
f 2911/2911/2911 2914/2914/2914 2915/2915/2915
f 2911/2911/2911 2915/2915/2915 2916/2916/2916
f 2906/2906/2906 2911/2911/2911 2916/2916/2916
f 2906/2906/2906 2916/2916/2916 2917/2917/2917
f 2918/2918/2918 2906/2906/2906 2917/2917/2917
f 2918/2918/2918 2899/2899/2899 2906/2906/2906
f 2917/2917/2917 2919/2919/2919 2918/2918/2918
f 2918/2918/2918 2920/2920/2920 2899/2899/2899
f 2919/2919/2919 2920/2920/2920 2918/2918/2918
f 2920/2920/2920 2909/2909/2909 2899/2899/2899
f 2920/2920/2920 2919/2919/2919 2921/2921/2921
f 2922/2922/2922 2920/2920/2920 2921/2921/2921
f 2920/2920/2920 2922/2922/2922 2909/2909/2909
f 2921/2921/2921 2923/2923/2923 2922/2922/2922
f 2922/2922/2922 2924/2924/2924 2909/2909/2909
f 2909/2909/2909 2924/2924/2924 2910/2910/2910
f 2924/2924/2924 2925/2925/2925 2910/2910/2910
f 2923/2923/2923 2926/2926/2926 2922/2922/2922
f 2923/2923/2923 2925/2925/2925 2926/2926/2926
f 2922/2922/2922 2926/2926/2926 2924/2924/2924
f 2925/2925/2925 2924/2924/2924 2926/2926/2926
f 2929/2929/2929 2928/2928/2928 2927/2927/2927
f 2930/2930/2930 2929/2929/2929 2927/2927/2927
f 2929/2929/2929 2931/2931/2931 2928/2928/2928
f 2931/2931/2931 2932/2932/2932 2928/2928/2928
f 2932/2932/2932 2931/2931/2931 2933/2933/2933
f 2927/2927/2927 2928/2928/2928 2934/2934/2934
f 2928/2928/2928 2932/2932/2932 2934/2934/2934
f 2935/2935/2935 2932/2932/2932 2933/2933/2933
f 2935/2935/2935 2933/2933/2933 2936/2936/2936
f 2927/2927/2927 2937/2937/2937 2930/2930/2930
f 2937/2937/2937 2938/2938/2938 2930/2930/2930
f 2932/2932/2932 2939/2939/2939 2934/2934/2934
f 2932/2932/2932 2935/2935/2935 2939/2939/2939
f 2940/2940/2940 2935/2935/2935 2936/2936/2936
f 2936/2936/2936 2941/2941/2941 2940/2940/2940
f 2935/2935/2935 2940/2940/2940 2942/2942/2942
f 2941/2941/2941 2942/2942/2942 2940/2940/2940
f 2935/2935/2935 2942/2942/2942 2939/2939/2939
f 2942/2942/2942 2941/2941/2941 2943/2943/2943
f 2939/2939/2939 2942/2942/2942 2943/2943/2943
f 2939/2939/2939 2943/2943/2943 2944/2944/2944
f 2934/2934/2934 2939/2939/2939 2944/2944/2944
f 2934/2934/2934 2944/2944/2944 2945/2945/2945
f 2946/2946/2946 2934/2934/2934 2945/2945/2945
f 2946/2946/2946 2927/2927/2927 2934/2934/2934
f 2945/2945/2945 2947/2947/2947 2946/2946/2946
f 2946/2946/2946 2948/2948/2948 2927/2927/2927
f 2947/2947/2947 2948/2948/2948 2946/2946/2946
f 2948/2948/2948 2937/2937/2937 2927/2927/2927
f 2948/2948/2948 2947/2947/2947 2949/2949/2949
f 2950/2950/2950 2948/2948/2948 2949/2949/2949
f 2948/2948/2948 2950/2950/2950 2937/2937/2937
f 2949/2949/2949 2951/2951/2951 2950/2950/2950
f 2950/2950/2950 2952/2952/2952 2937/2937/2937
f 2937/2937/2937 2952/2952/2952 2938/2938/2938
f 2952/2952/2952 2953/2953/2953 2938/2938/2938
f 2951/2951/2951 2954/2954/2954 2950/2950/2950
f 2951/2951/2951 2953/2953/2953 2954/2954/2954
f 2950/2950/2950 2954/2954/2954 2952/2952/2952
f 2953/2953/2953 2952/2952/2952 2954/2954/2954
f 2957/2957/2957 2956/2956/2956 2955/2955/2955
f 2958/2958/2958 2957/2957/2957 2955/2955/2955
f 2957/2957/2957 2959/2959/2959 2956/2956/2956
f 2959/2959/2959 2960/2960/2960 2956/2956/2956
f 2960/2960/2960 2959/2959/2959 2961/2961/2961
f 2955/2955/2955 2956/2956/2956 2962/2962/2962
f 2956/2956/2956 2960/2960/2960 2962/2962/2962
f 2963/2963/2963 2960/2960/2960 2961/2961/2961
f 2963/2963/2963 2961/2961/2961 2964/2964/2964
f 2955/2955/2955 2965/2965/2965 2958/2958/2958
f 2965/2965/2965 2966/2966/2966 2958/2958/2958
f 2960/2960/2960 2967/2967/2967 2962/2962/2962
f 2960/2960/2960 2963/2963/2963 2967/2967/2967
f 2968/2968/2968 2963/2963/2963 2964/2964/2964
f 2964/2964/2964 2969/2969/2969 2968/2968/2968
f 2963/2963/2963 2968/2968/2968 2970/2970/2970
f 2969/2969/2969 2970/2970/2970 2968/2968/2968
f 2963/2963/2963 2970/2970/2970 2967/2967/2967
f 2970/2970/2970 2969/2969/2969 2971/2971/2971
f 2967/2967/2967 2970/2970/2970 2971/2971/2971
f 2967/2967/2967 2971/2971/2971 2972/2972/2972
f 2962/2962/2962 2967/2967/2967 2972/2972/2972
f 2962/2962/2962 2972/2972/2972 2973/2973/2973
f 2974/2974/2974 2962/2962/2962 2973/2973/2973
f 2974/2974/2974 2955/2955/2955 2962/2962/2962
f 2973/2973/2973 2975/2975/2975 2974/2974/2974
f 2974/2974/2974 2976/2976/2976 2955/2955/2955
f 2975/2975/2975 2976/2976/2976 2974/2974/2974
f 2976/2976/2976 2965/2965/2965 2955/2955/2955
f 2976/2976/2976 2975/2975/2975 2977/2977/2977
f 2978/2978/2978 2976/2976/2976 2977/2977/2977
f 2976/2976/2976 2978/2978/2978 2965/2965/2965
f 2977/2977/2977 2979/2979/2979 2978/2978/2978
f 2978/2978/2978 2980/2980/2980 2965/2965/2965
f 2965/2965/2965 2980/2980/2980 2966/2966/2966
f 2980/2980/2980 2981/2981/2981 2966/2966/2966
f 2979/2979/2979 2982/2982/2982 2978/2978/2978
f 2979/2979/2979 2981/2981/2981 2982/2982/2982
f 2978/2978/2978 2982/2982/2982 2980/2980/2980
f 2981/2981/2981 2980/2980/2980 2982/2982/2982
f 2985/2985/2985 2984/2984/2984 2983/2983/2983
f 2986/2986/2986 2985/2985/2985 2983/2983/2983
f 2985/2985/2985 2987/2987/2987 2984/2984/2984
f 2987/2987/2987 2988/2988/2988 2984/2984/2984
f 2988/2988/2988 2987/2987/2987 2989/2989/2989
f 2983/2983/2983 2984/2984/2984 2990/2990/2990
f 2984/2984/2984 2988/2988/2988 2990/2990/2990
f 2991/2991/2991 2988/2988/2988 2989/2989/2989
f 2991/2991/2991 2989/2989/2989 2992/2992/2992
f 2983/2983/2983 2993/2993/2993 2986/2986/2986
f 2993/2993/2993 2994/2994/2994 2986/2986/2986
f 2988/2988/2988 2995/2995/2995 2990/2990/2990
f 2988/2988/2988 2991/2991/2991 2995/2995/2995
f 2996/2996/2996 2991/2991/2991 2992/2992/2992
f 2992/2992/2992 2997/2997/2997 2996/2996/2996
f 2991/2991/2991 2996/2996/2996 2998/2998/2998
f 2997/2997/2997 2998/2998/2998 2996/2996/2996
f 2991/2991/2991 2998/2998/2998 2995/2995/2995
f 2998/2998/2998 2997/2997/2997 2999/2999/2999
f 2995/2995/2995 2998/2998/2998 2999/2999/2999
f 2995/2995/2995 2999/2999/2999 3000/3000/3000
f 2990/2990/2990 2995/2995/2995 3000/3000/3000
f 2990/2990/2990 3000/3000/3000 3001/3001/3001
f 3002/3002/3002 2990/2990/2990 3001/3001/3001
f 3002/3002/3002 2983/2983/2983 2990/2990/2990
f 3001/3001/3001 3003/3003/3003 3002/3002/3002
f 3002/3002/3002 3004/3004/3004 2983/2983/2983
f 3003/3003/3003 3004/3004/3004 3002/3002/3002
f 3004/3004/3004 2993/2993/2993 2983/2983/2983
f 3004/3004/3004 3003/3003/3003 3005/3005/3005
f 3006/3006/3006 3004/3004/3004 3005/3005/3005
f 3004/3004/3004 3006/3006/3006 2993/2993/2993
f 3005/3005/3005 3007/3007/3007 3006/3006/3006
f 3006/3006/3006 3008/3008/3008 2993/2993/2993
f 2993/2993/2993 3008/3008/3008 2994/2994/2994
f 3008/3008/3008 3009/3009/3009 2994/2994/2994
f 3007/3007/3007 3010/3010/3010 3006/3006/3006
f 3007/3007/3007 3009/3009/3009 3010/3010/3010
f 3006/3006/3006 3010/3010/3010 3008/3008/3008
f 3009/3009/3009 3008/3008/3008 3010/3010/3010
usemtl FloorKitchen1Texturetest_DefaultMaterial_MetallicSmoothness_mat
f 3013/3013/3013 3012/3012/3012 3011/3011/3011
f 3012/3012/3012 3014/3014/3014 3011/3011/3011
f 3012/3012/3012 3015/3015/3015 3014/3014/3014
f 3015/3015/3015 3016/3016/3016 3014/3014/3014
f 3015/3015/3015 3017/3017/3017 3016/3016/3016
f 3017/3017/3017 3018/3018/3018 3016/3016/3016
f 3017/3017/3017 3019/3019/3019 3018/3018/3018
f 3019/3019/3019 3020/3020/3020 3018/3018/3018
f 3019/3019/3019 3021/3021/3021 3020/3020/3020
f 3021/3021/3021 3022/3022/3022 3020/3020/3020
f 3021/3021/3021 3023/3023/3023 3022/3022/3022
f 3011/3011/3011 3014/3014/3014 3024/3024/3024
f 3023/3023/3023 3024/3024/3024 3022/3022/3022
f 3025/3025/3025 3011/3011/3011 3024/3024/3024
f 3023/3023/3023 3026/3026/3026 3024/3024/3024
f 3026/3026/3026 3025/3025/3025 3024/3024/3024
f 3029/3029/3029 3028/3028/3028 3027/3027/3027
f 3028/3028/3028 3030/3030/3030 3027/3027/3027
f 3027/3027/3027 3030/3030/3030 3031/3031/3031
f 3030/3030/3030 3032/3032/3032 3031/3031/3031
f 3031/3031/3031 3032/3032/3032 3033/3033/3033
f 3032/3032/3032 3034/3034/3034 3033/3033/3033
f 3033/3033/3033 3034/3034/3034 3035/3035/3035
f 3034/3034/3034 3036/3036/3036 3035/3035/3035
f 3035/3035/3035 3036/3036/3036 3037/3037/3037
f 3036/3036/3036 3038/3038/3038 3037/3037/3037
f 3037/3037/3037 3038/3038/3038 3039/3039/3039
f 3038/3038/3038 3040/3040/3040 3039/3039/3039
f 3043/3043/3043 3042/3042/3042 3041/3041/3041
f 3044/3044/3044 3043/3043/3043 3041/3041/3041
f 3045/3045/3045 3043/3043/3043 3044/3044/3044
f 3046/3046/3046 3045/3045/3045 3044/3044/3044
f 3049/3049/3049 3048/3048/3048 3047/3047/3047
f 3050/3050/3050 3049/3049/3049 3047/3047/3047
f 3051/3051/3051 3049/3049/3049 3050/3050/3050
f 3052/3052/3052 3051/3051/3051 3050/3050/3050
f 3053/3053/3053 3051/3051/3051 3052/3052/3052
f 3054/3054/3054 3053/3053/3053 3052/3052/3052
f 3055/3055/3055 3053/3053/3053 3054/3054/3054
f 3056/3056/3056 3055/3055/3055 3054/3054/3054
f 3057/3057/3057 3055/3055/3055 3056/3056/3056
f 3058/3058/3058 3057/3057/3057 3056/3056/3056
f 3059/3059/3059 3057/3057/3057 3058/3058/3058
f 3060/3060/3060 3059/3059/3059 3058/3058/3058
f 3063/3063/3063 3062/3062/3062 3061/3061/3061
f 3064/3064/3064 3063/3063/3063 3061/3061/3061
f 3065/3065/3065 3063/3063/3063 3064/3064/3064
f 3066/3066/3066 3065/3065/3065 3064/3064/3064
f 3069/3069/3069 3068/3068/3068 3067/3067/3067
f 3068/3068/3068 3070/3070/3070 3067/3067/3067
f 3067/3067/3067 3070/3070/3070 3071/3071/3071
f 3070/3070/3070 3072/3072/3072 3071/3071/3071
f 3071/3071/3071 3072/3072/3072 3073/3073/3073
f 3072/3072/3072 3074/3074/3074 3073/3073/3073
f 3073/3073/3073 3074/3074/3074 3075/3075/3075
f 3074/3074/3074 3076/3076/3076 3075/3075/3075
f 3075/3075/3075 3076/3076/3076 3077/3077/3077
f 3076/3076/3076 3078/3078/3078 3077/3077/3077
f 3077/3077/3077 3078/3078/3078 3079/3079/3079
f 3078/3078/3078 3080/3080/3080 3079/3079/3079
f 3083/3083/3083 3082/3082/3082 3081/3081/3081
f 3084/3084/3084 3083/3083/3083 3081/3081/3081
f 3085/3085/3085 3083/3083/3083 3084/3084/3084
f 3086/3086/3086 3085/3085/3085 3084/3084/3084
f 3089/3089/3089 3088/3088/3088 3087/3087/3087
f 3090/3090/3090 3089/3089/3089 3087/3087/3087
f 3091/3091/3091 3089/3089/3089 3090/3090/3090
f 3092/3092/3092 3091/3091/3091 3090/3090/3090
f 3093/3093/3093 3091/3091/3091 3092/3092/3092
f 3094/3094/3094 3093/3093/3093 3092/3092/3092
f 3095/3095/3095 3093/3093/3093 3094/3094/3094
f 3096/3096/3096 3095/3095/3095 3094/3094/3094
f 3097/3097/3097 3095/3095/3095 3096/3096/3096
f 3098/3098/3098 3097/3097/3097 3096/3096/3096
f 3099/3099/3099 3097/3097/3097 3098/3098/3098
f 3100/3100/3100 3099/3099/3099 3098/3098/3098
f 3103/3103/3103 3102/3102/3102 3101/3101/3101
f 3104/3104/3104 3103/3103/3103 3101/3101/3101
f 3105/3105/3105 3103/3103/3103 3104/3104/3104
f 3106/3106/3106 3105/3105/3105 3104/3104/3104
f 3109/3109/3109 3108/3108/3108 3107/3107/3107
f 3110/3110/3110 3109/3109/3109 3107/3107/3107
f 3113/3113/3113 3112/3112/3112 3111/3111/3111
f 3114/3114/3114 3113/3113/3113 3111/3111/3111
f 3117/3117/3117 3116/3116/3116 3115/3115/3115
f 3118/3118/3118 3117/3117/3117 3115/3115/3115
f 3121/3121/3121 3120/3120/3120 3119/3119/3119
f 3122/3122/3122 3121/3121/3121 3119/3119/3119
f 3125/3125/3125 3124/3124/3124 3123/3123/3123
f 3126/3126/3126 3125/3125/3125 3123/3123/3123
f 3129/3129/3129 3128/3128/3128 3127/3127/3127
f 3130/3130/3130 3129/3129/3129 3127/3127/3127
f 3133/3133/3133 3132/3132/3132 3131/3131/3131
f 3134/3134/3134 3133/3133/3133 3131/3131/3131
f 3137/3137/3137 3136/3136/3136 3135/3135/3135
f 3138/3138/3138 3137/3137/3137 3135/3135/3135
f 3141/3141/3141 3140/3140/3140 3139/3139/3139
f 3142/3142/3142 3141/3141/3141 3139/3139/3139
f 3145/3145/3145 3144/3144/3144 3143/3143/3143
f 3146/3146/3146 3145/3145/3145 3143/3143/3143
f 3147/3147/3147 3145/3145/3145 3146/3146/3146
f 3148/3148/3148 3147/3147/3147 3146/3146/3146
f 3151/3151/3151 3150/3150/3150 3149/3149/3149
f 3152/3152/3152 3151/3151/3151 3149/3149/3149
f 3155/3155/3155 3154/3154/3154 3153/3153/3153
f 3156/3156/3156 3155/3155/3155 3153/3153/3153
f 3157/3157/3157 3155/3155/3155 3156/3156/3156
f 3158/3158/3158 3157/3157/3157 3156/3156/3156
f 3159/3159/3159 3157/3157/3157 3158/3158/3158
f 3160/3160/3160 3159/3159/3159 3158/3158/3158
f 3161/3161/3161 3159/3159/3159 3160/3160/3160
f 3162/3162/3162 3161/3161/3161 3160/3160/3160
f 3163/3163/3163 3161/3161/3161 3162/3162/3162
f 3164/3164/3164 3163/3163/3163 3162/3162/3162
f 3165/3165/3165 3163/3163/3163 3164/3164/3164
f 3166/3166/3166 3165/3165/3165 3164/3164/3164
f 3169/3169/3169 3168/3168/3168 3167/3167/3167
f 3168/3168/3168 3170/3170/3170 3167/3167/3167
f 3167/3167/3167 3170/3170/3170 3171/3171/3171
f 3170/3170/3170 3172/3172/3172 3171/3171/3171
f 3175/3175/3175 3174/3174/3174 3173/3173/3173
f 3174/3174/3174 3176/3176/3176 3173/3173/3173
f 3173/3173/3173 3176/3176/3176 3177/3177/3177
f 3176/3176/3176 3178/3178/3178 3177/3177/3177
f 3177/3177/3177 3178/3178/3178 3179/3179/3179
f 3178/3178/3178 3180/3180/3180 3179/3179/3179
f 3179/3179/3179 3180/3180/3180 3181/3181/3181
f 3180/3180/3180 3182/3182/3182 3181/3181/3181
f 3181/3181/3181 3182/3182/3182 3183/3183/3183
f 3182/3182/3182 3184/3184/3184 3183/3183/3183
f 3183/3183/3183 3184/3184/3184 3185/3185/3185
f 3184/3184/3184 3186/3186/3186 3185/3185/3185
f 3189/3189/3189 3188/3188/3188 3187/3187/3187
f 3188/3188/3188 3190/3190/3190 3187/3187/3187
f 3187/3187/3187 3190/3190/3190 3191/3191/3191
f 3190/3190/3190 3192/3192/3192 3191/3191/3191
f 3195/3195/3195 3194/3194/3194 3193/3193/3193
f 3196/3196/3196 3195/3195/3195 3193/3193/3193
f 3197/3197/3197 3195/3195/3195 3196/3196/3196
f 3198/3198/3198 3197/3197/3197 3196/3196/3196
f 3199/3199/3199 3197/3197/3197 3198/3198/3198
f 3200/3200/3200 3199/3199/3199 3198/3198/3198
f 3201/3201/3201 3199/3199/3199 3200/3200/3200
f 3202/3202/3202 3201/3201/3201 3200/3200/3200
f 3203/3203/3203 3201/3201/3201 3202/3202/3202
f 3204/3204/3204 3203/3203/3203 3202/3202/3202
f 3205/3205/3205 3203/3203/3203 3204/3204/3204
f 3206/3206/3206 3205/3205/3205 3204/3204/3204
f 3209/3209/3209 3208/3208/3208 3207/3207/3207
f 3208/3208/3208 3210/3210/3210 3207/3207/3207
f 3207/3207/3207 3210/3210/3210 3211/3211/3211
f 3210/3210/3210 3212/3212/3212 3211/3211/3211
f 3215/3215/3215 3214/3214/3214 3213/3213/3213
f 3214/3214/3214 3216/3216/3216 3213/3213/3213
f 3213/3213/3213 3216/3216/3216 3217/3217/3217
f 3216/3216/3216 3218/3218/3218 3217/3217/3217
f 3217/3217/3217 3218/3218/3218 3219/3219/3219
f 3218/3218/3218 3220/3220/3220 3219/3219/3219
f 3219/3219/3219 3220/3220/3220 3221/3221/3221
f 3220/3220/3220 3222/3222/3222 3221/3221/3221
f 3221/3221/3221 3222/3222/3222 3223/3223/3223
f 3222/3222/3222 3224/3224/3224 3223/3223/3223
f 3223/3223/3223 3224/3224/3224 3225/3225/3225
f 3224/3224/3224 3226/3226/3226 3225/3225/3225
f 3229/3229/3229 3228/3228/3228 3227/3227/3227
f 3228/3228/3228 3230/3230/3230 3227/3227/3227
f 3227/3227/3227 3230/3230/3230 3231/3231/3231
f 3230/3230/3230 3232/3232/3232 3231/3231/3231
f 3235/3235/3235 3234/3234/3234 3233/3233/3233
f 3236/3236/3236 3235/3235/3235 3233/3233/3233
f 3237/3237/3237 3235/3235/3235 3236/3236/3236
f 3238/3238/3238 3237/3237/3237 3236/3236/3236
f 3241/3241/3241 3240/3240/3240 3239/3239/3239
f 3242/3242/3242 3241/3241/3241 3239/3239/3239
f 3245/3245/3245 3244/3244/3244 3243/3243/3243
f 3246/3246/3246 3245/3245/3245 3243/3243/3243
f 3247/3247/3247 3245/3245/3245 3246/3246/3246
f 3248/3248/3248 3247/3247/3247 3246/3246/3246
f 3251/3251/3251 3250/3250/3250 3249/3249/3249
f 3252/3252/3252 3251/3251/3251 3249/3249/3249
f 3255/3255/3255 3254/3254/3254 3253/3253/3253
f 3256/3256/3256 3255/3255/3255 3253/3253/3253
f 3259/3259/3259 3258/3258/3258 3257/3257/3257
f 3260/3260/3260 3259/3259/3259 3257/3257/3257
f 3261/3261/3261 3259/3259/3259 3260/3260/3260
f 3262/3262/3262 3261/3261/3261 3260/3260/3260
f 3265/3265/3265 3264/3264/3264 3263/3263/3263
f 3266/3266/3266 3265/3265/3265 3263/3263/3263
f 3269/3269/3269 3268/3268/3268 3267/3267/3267
f 3270/3270/3270 3269/3269/3269 3267/3267/3267
f 3271/3271/3271 3269/3269/3269 3270/3270/3270
f 3272/3272/3272 3271/3271/3271 3270/3270/3270
f 3275/3275/3275 3274/3274/3274 3273/3273/3273
f 3276/3276/3276 3275/3275/3275 3273/3273/3273
f 3279/3279/3279 3278/3278/3278 3277/3277/3277
f 3280/3280/3280 3279/3279/3279 3277/3277/3277
f 3283/3283/3283 3282/3282/3282 3281/3281/3281
f 3284/3284/3284 3283/3283/3283 3281/3281/3281
f 3287/3287/3287 3286/3286/3286 3285/3285/3285
f 3288/3288/3288 3287/3287/3287 3285/3285/3285
f 3291/3291/3291 3290/3290/3290 3289/3289/3289
f 3292/3292/3292 3291/3291/3291 3289/3289/3289
f 3295/3295/3295 3294/3294/3294 3293/3293/3293
f 3296/3296/3296 3295/3295/3295 3293/3293/3293
f 3299/3299/3299 3298/3298/3298 3297/3297/3297
f 3300/3300/3300 3299/3299/3299 3297/3297/3297
f 3303/3303/3303 3302/3302/3302 3301/3301/3301
f 3304/3304/3304 3303/3303/3303 3301/3301/3301
f 3307/3307/3307 3306/3306/3306 3305/3305/3305
f 3308/3308/3308 3307/3307/3307 3305/3305/3305
f 3311/3311/3311 3310/3310/3310 3309/3309/3309
f 3312/3312/3312 3311/3311/3311 3309/3309/3309
f 3315/3315/3315 3314/3314/3314 3313/3313/3313
f 3316/3316/3316 3315/3315/3315 3313/3313/3313
f 3319/3319/3319 3318/3318/3318 3317/3317/3317
f 3320/3320/3320 3319/3319/3319 3317/3317/3317
f 3323/3323/3323 3322/3322/3322 3321/3321/3321
f 3324/3324/3324 3323/3323/3323 3321/3321/3321
f 3327/3327/3327 3326/3326/3326 3325/3325/3325
f 3328/3328/3328 3327/3327/3327 3325/3325/3325
f 3331/3331/3331 3330/3330/3330 3329/3329/3329
f 3332/3332/3332 3331/3331/3331 3329/3329/3329
f 3335/3335/3335 3334/3334/3334 3333/3333/3333
f 3336/3336/3336 3335/3335/3335 3333/3333/3333
f 3339/3339/3339 3338/3338/3338 3337/3337/3337
f 3340/3340/3340 3339/3339/3339 3337/3337/3337
f 3343/3343/3343 3342/3342/3342 3341/3341/3341
f 3344/3344/3344 3343/3343/3343 3341/3341/3341
f 3347/3347/3347 3346/3346/3346 3345/3345/3345
f 3348/3348/3348 3347/3347/3347 3345/3345/3345
f 3351/3351/3351 3350/3350/3350 3349/3349/3349
f 3352/3352/3352 3351/3351/3351 3349/3349/3349
f 3355/3355/3355 3354/3354/3354 3353/3353/3353
f 3356/3356/3356 3355/3355/3355 3353/3353/3353
f 3359/3359/3359 3358/3358/3358 3357/3357/3357
f 3360/3360/3360 3359/3359/3359 3357/3357/3357
f 3363/3363/3363 3362/3362/3362 3361/3361/3361
f 3364/3364/3364 3363/3363/3363 3361/3361/3361
f 3365/3365/3365 3363/3363/3363 3364/3364/3364
f 3366/3366/3366 3365/3365/3365 3364/3364/3364
f 3369/3369/3369 3368/3368/3368 3367/3367/3367
f 3370/3370/3370 3369/3369/3369 3367/3367/3367
f 3373/3373/3373 3372/3372/3372 3371/3371/3371
f 3374/3374/3374 3373/3373/3373 3371/3371/3371
f 3377/3377/3377 3376/3376/3376 3375/3375/3375
f 3378/3378/3378 3377/3377/3377 3375/3375/3375
f 3381/3381/3381 3380/3380/3380 3379/3379/3379
f 3382/3382/3382 3381/3381/3381 3379/3379/3379
f 3385/3385/3385 3384/3384/3384 3383/3383/3383
f 3386/3386/3386 3385/3385/3385 3383/3383/3383
f 3389/3389/3389 3388/3388/3388 3387/3387/3387
f 3390/3390/3390 3389/3389/3389 3387/3387/3387
f 3393/3393/3393 3392/3392/3392 3391/3391/3391
f 3394/3394/3394 3393/3393/3393 3391/3391/3391
f 3395/3395/3395 3393/3393/3393 3394/3394/3394
f 3396/3396/3396 3395/3395/3395 3394/3394/3394
f 3399/3399/3399 3398/3398/3398 3397/3397/3397
f 3400/3400/3400 3399/3399/3399 3397/3397/3397
f 3403/3403/3403 3402/3402/3402 3401/3401/3401
f 3404/3404/3404 3403/3403/3403 3401/3401/3401
f 3407/3407/3407 3406/3406/3406 3405/3405/3405
f 3408/3408/3408 3407/3407/3407 3405/3405/3405
f 3409/3409/3409 3407/3407/3407 3408/3408/3408
f 3410/3410/3410 3409/3409/3409 3408/3408/3408
f 3413/3413/3413 3412/3412/3412 3411/3411/3411
f 3414/3414/3414 3413/3413/3413 3411/3411/3411
f 3417/3417/3417 3416/3416/3416 3415/3415/3415
f 3418/3418/3418 3417/3417/3417 3415/3415/3415
f 3421/3421/3421 3420/3420/3420 3419/3419/3419
f 3422/3422/3422 3421/3421/3421 3419/3419/3419
f 3425/3425/3425 3424/3424/3424 3423/3423/3423
f 3426/3426/3426 3425/3425/3425 3423/3423/3423
f 3429/3429/3429 3428/3428/3428 3427/3427/3427
f 3430/3430/3430 3429/3429/3429 3427/3427/3427
f 3433/3433/3433 3432/3432/3432 3431/3431/3431
f 3434/3434/3434 3433/3433/3433 3431/3431/3431
f 3437/3437/3437 3436/3436/3436 3435/3435/3435
f 3438/3438/3438 3437/3437/3437 3435/3435/3435
f 3441/3441/3441 3440/3440/3440 3439/3439/3439
f 3442/3442/3442 3441/3441/3441 3439/3439/3439
f 3443/3443/3443 3441/3441/3441 3442/3442/3442
f 3444/3444/3444 3443/3443/3443 3442/3442/3442
f 3447/3447/3447 3446/3446/3446 3445/3445/3445
f 3448/3448/3448 3447/3447/3447 3445/3445/3445
f 3449/3449/3449 3447/3447/3447 3448/3448/3448
f 3450/3450/3450 3449/3449/3449 3448/3448/3448
f 3453/3453/3453 3452/3452/3452 3451/3451/3451
f 3454/3454/3454 3453/3453/3453 3451/3451/3451
f 3457/3457/3457 3456/3456/3456 3455/3455/3455
f 3458/3458/3458 3457/3457/3457 3455/3455/3455
f 3458/3458/3458 3455/3455/3455 3459/3459/3459
f 3460/3460/3460 3457/3457/3457 3458/3458/3458
f 3461/3461/3461 3458/3458/3458 3459/3459/3459
f 3461/3461/3461 3459/3459/3459 3462/3462/3462
f 3463/3463/3463 3460/3460/3460 3458/3458/3458
f 3463/3463/3463 3458/3458/3458 3461/3461/3461
f 3464/3464/3464 3460/3460/3460 3463/3463/3463
f 3465/3465/3465 3464/3464/3464 3463/3463/3463
f 3465/3465/3465 3463/3463/3463 3466/3466/3466
f 3466/3466/3466 3463/3463/3463 3461/3461/3461
f 3467/3467/3467 3465/3465/3465 3466/3466/3466
f 3468/3468/3468 3461/3461/3461 3462/3462/3462
f 3466/3466/3466 3461/3461/3461 3468/3468/3468
f 3467/3467/3467 3466/3466/3466 3469/3469/3469
f 3469/3469/3469 3466/3466/3466 3468/3468/3468
f 3470/3470/3470 3467/3467/3467 3469/3469/3469
f 3471/3471/3471 3470/3470/3470 3469/3469/3469
f 3472/3472/3472 3468/3468/3468 3462/3462/3462
f 3469/3469/3469 3468/3468/3468 3472/3472/3472
f 3473/3473/3473 3472/3472/3472 3462/3462/3462
f 3473/3473/3473 3474/3474/3474 3472/3472/3472
f 3474/3474/3474 3475/3475/3475 3472/3472/3472
f 3476/3476/3476 3469/3469/3469 3472/3472/3472
f 3472/3472/3472 3475/3475/3475 3476/3476/3476
f 3476/3476/3476 3471/3471/3471 3469/3469/3469
f 3475/3475/3475 3477/3477/3477 3476/3476/3476
f 3476/3476/3476 3477/3477/3477 3471/3471/3471
f 3477/3477/3477 3478/3478/3478 3471/3471/3471
f 3481/3481/3481 3480/3480/3480 3479/3479/3479
f 3482/3482/3482 3481/3481/3481 3479/3479/3479
f 3482/3482/3482 3479/3479/3479 3483/3483/3483
f 3484/3484/3484 3482/3482/3482 3483/3483/3483
f 3484/3484/3484 3483/3483/3483 3485/3485/3485
f 3486/3486/3486 3484/3484/3484 3485/3485/3485
f 3486/3486/3486 3485/3485/3485 3487/3487/3487
f 3485/3485/3485 3488/3488/3488 3487/3487/3487
f 3488/3488/3488 3489/3489/3489 3487/3487/3487
f 3489/3489/3489 3490/3490/3490 3487/3487/3487
f 3493/3493/3493 3492/3492/3492 3491/3491/3491
f 3494/3494/3494 3493/3493/3493 3491/3491/3491
f 3494/3494/3494 3491/3491/3491 3495/3495/3495
f 3496/3496/3496 3493/3493/3493 3494/3494/3494
f 3497/3497/3497 3494/3494/3494 3495/3495/3495
f 3497/3497/3497 3495/3495/3495 3498/3498/3498
f 3499/3499/3499 3496/3496/3496 3494/3494/3494
f 3499/3499/3499 3494/3494/3494 3497/3497/3497
f 3500/3500/3500 3496/3496/3496 3499/3499/3499
f 3501/3501/3501 3500/3500/3500 3499/3499/3499
f 3501/3501/3501 3499/3499/3499 3502/3502/3502
f 3502/3502/3502 3499/3499/3499 3497/3497/3497
f 3503/3503/3503 3501/3501/3501 3502/3502/3502
f 3504/3504/3504 3497/3497/3497 3498/3498/3498
f 3502/3502/3502 3497/3497/3497 3504/3504/3504
f 3498/3498/3498 3505/3505/3505 3504/3504/3504
f 3503/3503/3503 3502/3502/3502 3506/3506/3506
f 3506/3506/3506 3502/3502/3502 3504/3504/3504
f 3507/3507/3507 3503/3503/3503 3506/3506/3506
f 3506/3506/3506 3508/3508/3508 3507/3507/3507
f 3506/3506/3506 3504/3504/3504 3508/3508/3508
f 3508/3508/3508 3509/3509/3509 3507/3507/3507
f 3505/3505/3505 3510/3510/3510 3504/3504/3504
f 3504/3504/3504 3510/3510/3510 3508/3508/3508
f 3505/3505/3505 3511/3511/3511 3510/3510/3510
f 3511/3511/3511 3512/3512/3512 3510/3510/3510
f 3510/3510/3510 3512/3512/3512 3508/3508/3508
f 3512/3512/3512 3513/3513/3513 3508/3508/3508
f 3508/3508/3508 3513/3513/3513 3509/3509/3509
f 3513/3513/3513 3514/3514/3514 3509/3509/3509
f 3517/3517/3517 3516/3516/3516 3515/3515/3515
f 3518/3518/3518 3517/3517/3517 3515/3515/3515
f 3518/3518/3518 3515/3515/3515 3519/3519/3519
f 3520/3520/3520 3518/3518/3518 3519/3519/3519
f 3520/3520/3520 3519/3519/3519 3521/3521/3521
f 3522/3522/3522 3520/3520/3520 3521/3521/3521
f 3523/3523/3523 3522/3522/3522 3521/3521/3521
f 3524/3524/3524 3523/3523/3523 3521/3521/3521
f 3524/3524/3524 3525/3525/3525 3523/3523/3523
f 3525/3525/3525 3526/3526/3526 3523/3523/3523
f 3529/3529/3529 3528/3528/3528 3527/3527/3527
f 3530/3530/3530 3529/3529/3529 3527/3527/3527
f 3530/3530/3530 3527/3527/3527 3531/3531/3531
f 3529/3529/3529 3530/3530/3530 3532/3532/3532
f 3533/3533/3533 3529/3529/3529 3532/3532/3532
f 3534/3534/3534 3533/3533/3533 3532/3532/3532
f 3535/3535/3535 3534/3534/3534 3532/3532/3532
f 3535/3535/3535 3532/3532/3532 3536/3536/3536
f 3532/3532/3532 3530/3530/3530 3536/3536/3536
f 3537/3537/3537 3535/3535/3535 3536/3536/3536
f 3537/3537/3537 3536/3536/3536 3538/3538/3538
f 3539/3539/3539 3530/3530/3530 3531/3531/3531
f 3530/3530/3530 3539/3539/3539 3536/3536/3536
f 3536/3536/3536 3540/3540/3540 3538/3538/3538
f 3536/3536/3536 3539/3539/3539 3540/3540/3540
f 3538/3538/3538 3540/3540/3540 3541/3541/3541
f 3542/3542/3542 3539/3539/3539 3531/3531/3531
f 3539/3539/3539 3542/3542/3542 3540/3540/3540
f 3543/3543/3543 3542/3542/3542 3531/3531/3531
f 3540/3540/3540 3544/3544/3544 3541/3541/3541
f 3540/3540/3540 3542/3542/3542 3544/3544/3544
f 3545/3545/3545 3542/3542/3542 3543/3543/3543
f 3542/3542/3542 3545/3545/3545 3544/3544/3544
f 3546/3546/3546 3545/3545/3545 3543/3543/3543
f 3546/3546/3546 3547/3547/3547 3545/3545/3545
f 3547/3547/3547 3548/3548/3548 3545/3545/3545
f 3545/3545/3545 3548/3548/3548 3549/3549/3549
f 3544/3544/3544 3545/3545/3545 3549/3549/3549
f 3544/3544/3544 3549/3549/3549 3541/3541/3541
f 3549/3549/3549 3550/3550/3550 3541/3541/3541
f 3553/3553/3553 3552/3552/3552 3551/3551/3551
f 3554/3554/3554 3553/3553/3553 3551/3551/3551
f 3554/3554/3554 3551/3551/3551 3555/3555/3555
f 3554/3554/3554 3556/3556/3556 3553/3553/3553
f 3556/3556/3556 3557/3557/3557 3553/3553/3553
f 3558/3558/3558 3556/3556/3556 3554/3554/3554
f 3559/3559/3559 3554/3554/3554 3555/3555/3555
f 3559/3559/3559 3558/3558/3558 3554/3554/3554
f 3559/3559/3559 3555/3555/3555 3560/3560/3560
f 3561/3561/3561 3558/3558/3558 3559/3559/3559
f 3562/3562/3562 3559/3559/3559 3560/3560/3560
f 3562/3562/3562 3561/3561/3561 3559/3559/3559
f 3560/3560/3560 3563/3563/3563 3562/3562/3562
f 3562/3562/3562 3564/3564/3564 3561/3561/3561
f 3563/3563/3563 3564/3564/3564 3562/3562/3562
f 3563/3563/3563 3565/3565/3565 3564/3564/3564
f 3564/3564/3564 3566/3566/3566 3561/3561/3561
f 3565/3565/3565 3567/3567/3567 3564/3564/3564
f 3564/3564/3564 3567/3567/3567 3566/3566/3566
f 3567/3567/3567 3568/3568/3568 3566/3566/3566
f 3571/3571/3571 3570/3570/3570 3569/3569/3569
f 3572/3572/3572 3571/3571/3571 3569/3569/3569
f 3573/3573/3573 3571/3571/3571 3572/3572/3572
f 3572/3572/3572 3569/3569/3569 3574/3574/3574
f 3575/3575/3575 3573/3573/3573 3572/3572/3572
f 3576/3576/3576 3573/3573/3573 3575/3575/3575
f 3577/3577/3577 3576/3576/3576 3575/3575/3575
f 3578/3578/3578 3572/3572/3572 3574/3574/3574
f 3575/3575/3575 3572/3572/3572 3578/3578/3578
f 3577/3577/3577 3575/3575/3575 3579/3579/3579
f 3579/3579/3579 3575/3575/3575 3578/3578/3578
f 3580/3580/3580 3577/3577/3577 3579/3579/3579
f 3580/3580/3580 3579/3579/3579 3581/3581/3581
f 3579/3579/3579 3582/3582/3582 3581/3581/3581
f 3579/3579/3579 3578/3578/3578 3582/3582/3582
f 3583/3583/3583 3581/3581/3581 3582/3582/3582
f 3578/3578/3578 3574/3574/3574 3584/3584/3584
f 3578/3578/3578 3584/3584/3584 3582/3582/3582
f 3574/3574/3574 3585/3585/3585 3584/3584/3584
f 3586/3586/3586 3584/3584/3584 3585/3585/3585
f 3582/3582/3582 3584/3584/3584 3586/3586/3586
f 3587/3587/3587 3586/3586/3586 3585/3585/3585
f 3587/3587/3587 3588/3588/3588 3586/3586/3586
f 3588/3588/3588 3589/3589/3589 3586/3586/3586
f 3590/3590/3590 3582/3582/3582 3586/3586/3586
f 3586/3586/3586 3589/3589/3589 3590/3590/3590
f 3590/3590/3590 3583/3583/3583 3582/3582/3582
f 3589/3589/3589 3591/3591/3591 3590/3590/3590
f 3590/3590/3590 3591/3591/3591 3583/3583/3583
f 3591/3591/3591 3592/3592/3592 3583/3583/3583
f 3595/3595/3595 3594/3594/3594 3593/3593/3593
f 3596/3596/3596 3595/3595/3595 3593/3593/3593
f 3596/3596/3596 3593/3593/3593 3597/3597/3597
f 3596/3596/3596 3598/3598/3598 3595/3595/3595
f 3598/3598/3598 3599/3599/3599 3595/3595/3595
f 3600/3600/3600 3599/3599/3599 3598/3598/3598
f 3601/3601/3601 3600/3600/3600 3598/3598/3598
f 3601/3601/3601 3598/3598/3598 3602/3602/3602
f 3602/3602/3602 3598/3598/3598 3596/3596/3596
f 3603/3603/3603 3601/3601/3601 3602/3602/3602
f 3603/3603/3603 3602/3602/3602 3604/3604/3604
f 3605/3605/3605 3596/3596/3596 3597/3597/3597
f 3605/3605/3605 3602/3602/3602 3596/3596/3596
f 3602/3602/3602 3606/3606/3606 3604/3604/3604
f 3606/3606/3606 3602/3602/3602 3605/3605/3605
f 3604/3604/3604 3606/3606/3606 3607/3607/3607
f 3608/3608/3608 3605/3605/3605 3597/3597/3597
f 3608/3608/3608 3606/3606/3606 3605/3605/3605
f 3609/3609/3609 3608/3608/3608 3597/3597/3597
f 3606/3606/3606 3610/3610/3610 3607/3607/3607
f 3610/3610/3610 3606/3606/3606 3608/3608/3608
f 3611/3611/3611 3608/3608/3608 3609/3609/3609
f 3611/3611/3611 3610/3610/3610 3608/3608/3608
f 3612/3612/3612 3611/3611/3611 3609/3609/3609
f 3612/3612/3612 3613/3613/3613 3611/3611/3611
f 3613/3613/3613 3614/3614/3614 3611/3611/3611
f 3614/3614/3614 3615/3615/3615 3611/3611/3611
f 3615/3615/3615 3610/3610/3610 3611/3611/3611
f 3610/3610/3610 3615/3615/3615 3607/3607/3607
f 3615/3615/3615 3616/3616/3616 3607/3607/3607
f 3619/3619/3619 3618/3618/3618 3617/3617/3617
f 3620/3620/3620 3619/3619/3619 3617/3617/3617
f 3621/3621/3621 3619/3619/3619 3620/3620/3620
f 3620/3620/3620 3617/3617/3617 3622/3622/3622
f 3623/3623/3623 3621/3621/3621 3620/3620/3620
f 3624/3624/3624 3621/3621/3621 3623/3623/3623
f 3625/3625/3625 3624/3624/3624 3623/3623/3623
f 3626/3626/3626 3620/3620/3620 3622/3622/3622
f 3623/3623/3623 3620/3620/3620 3626/3626/3626
f 3625/3625/3625 3623/3623/3623 3627/3627/3627
f 3627/3627/3627 3623/3623/3623 3626/3626/3626
f 3628/3628/3628 3625/3625/3625 3627/3627/3627
f 3628/3628/3628 3627/3627/3627 3629/3629/3629
f 3626/3626/3626 3622/3622/3622 3630/3630/3630
f 3622/3622/3622 3631/3631/3631 3630/3630/3630
f 3631/3631/3631 3632/3632/3632 3630/3630/3630
f 3627/3627/3627 3626/3626/3626 3633/3633/3633
f 3627/3627/3627 3633/3633/3633 3629/3629/3629
f 3626/3626/3626 3630/3630/3630 3633/3633/3633
f 3633/3633/3633 3634/3634/3634 3629/3629/3629
f 3633/3633/3633 3630/3630/3630 3634/3634/3634
f 3634/3634/3634 3635/3635/3635 3629/3629/3629
f 3632/3632/3632 3636/3636/3636 3630/3630/3630
f 3630/3630/3630 3636/3636/3636 3634/3634/3634
f 3632/3632/3632 3637/3637/3637 3636/3636/3636
f 3637/3637/3637 3638/3638/3638 3636/3636/3636
f 3636/3636/3636 3638/3638/3638 3634/3634/3634
f 3638/3638/3638 3639/3639/3639 3634/3634/3634
f 3634/3634/3634 3639/3639/3639 3635/3635/3635
f 3639/3639/3639 3640/3640/3640 3635/3635/3635
f 3643/3643/3643 3642/3642/3642 3641/3641/3641
f 3644/3644/3644 3643/3643/3643 3641/3641/3641
f 3644/3644/3644 3641/3641/3641 3645/3645/3645
f 3644/3644/3644 3646/3646/3646 3643/3643/3643
f 3646/3646/3646 3647/3647/3647 3643/3643/3643
f 3648/3648/3648 3646/3646/3646 3644/3644/3644
f 3649/3649/3649 3648/3648/3648 3644/3644/3644
f 3649/3649/3649 3644/3644/3644 3645/3645/3645
f 3648/3648/3648 3649/3649/3649 3650/3650/3650
f 3649/3649/3649 3645/3645/3645 3651/3651/3651
f 3649/3649/3649 3651/3651/3651 3650/3650/3650
f 3645/3645/3645 3652/3652/3652 3651/3651/3651
f 3653/3653/3653 3650/3650/3650 3651/3651/3651
f 3654/3654/3654 3651/3651/3651 3652/3652/3652
f 3654/3654/3654 3653/3653/3653 3651/3651/3651
f 3655/3655/3655 3654/3654/3654 3652/3652/3652
f 3655/3655/3655 3656/3656/3656 3654/3654/3654
f 3656/3656/3656 3657/3657/3657 3654/3654/3654
f 3654/3654/3654 3657/3657/3657 3653/3653/3653
f 3657/3657/3657 3658/3658/3658 3653/3653/3653
f 3661/3661/3661 3660/3660/3660 3659/3659/3659
f 3662/3662/3662 3661/3661/3661 3659/3659/3659
f 3659/3659/3659 3663/3663/3663 3662/3662/3662
f 3662/3662/3662 3664/3664/3664 3661/3661/3661
f 3664/3664/3664 3665/3665/3665 3661/3661/3661
f 3663/3663/3663 3666/3666/3666 3662/3662/3662
f 3662/3662/3662 3666/3666/3666 3664/3664/3664
f 3663/3663/3663 3667/3667/3667 3666/3666/3666
f 3666/3666/3666 3668/3668/3668 3664/3664/3664
f 3667/3667/3667 3669/3669/3669 3666/3666/3666
f 3666/3666/3666 3669/3669/3669 3668/3668/3668
f 3667/3667/3667 3670/3670/3670 3669/3669/3669
f 3669/3669/3669 3671/3671/3671 3668/3668/3668
f 3670/3670/3670 3672/3672/3672 3669/3669/3669
f 3669/3669/3669 3672/3672/3672 3671/3671/3671
f 3670/3670/3670 3673/3673/3673 3672/3672/3672
f 3672/3672/3672 3674/3674/3674 3671/3671/3671
f 3673/3673/3673 3675/3675/3675 3672/3672/3672
f 3672/3672/3672 3675/3675/3675 3674/3674/3674
f 3675/3675/3675 3676/3676/3676 3674/3674/3674
f 3679/3679/3679 3678/3678/3678 3677/3677/3677
f 3680/3680/3680 3679/3679/3679 3677/3677/3677
f 3680/3680/3680 3677/3677/3677 3681/3681/3681
f 3682/3682/3682 3680/3680/3680 3681/3681/3681
f 3682/3682/3682 3681/3681/3681 3683/3683/3683
f 3681/3681/3681 3684/3684/3684 3683/3683/3683
f 3683/3683/3683 3684/3684/3684 3685/3685/3685
f 3684/3684/3684 3686/3686/3686 3685/3685/3685
f 3685/3685/3685 3686/3686/3686 3687/3687/3687
f 3686/3686/3686 3688/3688/3688 3687/3687/3687
f 3691/3691/3691 3690/3690/3690 3689/3689/3689
f 3692/3692/3692 3691/3691/3691 3689/3689/3689
f 3693/3693/3693 3691/3691/3691 3692/3692/3692
f 3694/3694/3694 3693/3693/3693 3692/3692/3692
f 3693/3693/3693 3694/3694/3694 3695/3695/3695
f 3694/3694/3694 3696/3696/3696 3695/3695/3695
f 3695/3695/3695 3696/3696/3696 3697/3697/3697
f 3698/3698/3698 3695/3695/3695 3697/3697/3697
f 3698/3698/3698 3697/3697/3697 3699/3699/3699
f 3697/3697/3697 3700/3700/3700 3699/3699/3699
f 3703/3703/3703 3702/3702/3702 3701/3701/3701
f 3704/3704/3704 3703/3703/3703 3701/3701/3701
f 3705/3705/3705 3703/3703/3703 3704/3704/3704
f 3706/3706/3706 3705/3705/3705 3704/3704/3704
f 3704/3704/3704 3701/3701/3701 3707/3707/3707
f 3706/3706/3706 3704/3704/3704 3708/3708/3708
f 3708/3708/3708 3704/3704/3704 3707/3707/3707
f 3709/3709/3709 3706/3706/3706 3708/3708/3708
f 3709/3709/3709 3708/3708/3708 3710/3710/3710
f 3708/3708/3708 3707/3707/3707 3711/3711/3711
f 3708/3708/3708 3711/3711/3711 3710/3710/3710
f 3707/3707/3707 3712/3712/3712 3711/3711/3711
f 3710/3710/3710 3711/3711/3711 3713/3713/3713
f 3711/3711/3711 3712/3712/3712 3714/3714/3714
f 3711/3711/3711 3714/3714/3714 3713/3713/3713
f 3715/3715/3715 3713/3713/3713 3714/3714/3714
f 3712/3712/3712 3716/3716/3716 3714/3714/3714
f 3717/3717/3717 3715/3715/3715 3714/3714/3714
f 3717/3717/3717 3714/3714/3714 3716/3716/3716
f 3718/3718/3718 3717/3717/3717 3716/3716/3716
f 3721/3721/3721 3720/3720/3720 3719/3719/3719
f 3722/3722/3722 3721/3721/3721 3719/3719/3719
f 3722/3722/3722 3719/3719/3719 3723/3723/3723
f 3724/3724/3724 3722/3722/3722 3723/3723/3723
f 3723/3723/3723 3725/3725/3725 3724/3724/3724
f 3725/3725/3725 3726/3726/3726 3724/3724/3724
f 3725/3725/3725 3727/3727/3727 3726/3726/3726
f 3727/3727/3727 3728/3728/3728 3726/3726/3726
f 3727/3727/3727 3729/3729/3729 3728/3728/3728
f 3729/3729/3729 3730/3730/3730 3728/3728/3728
f 3729/3729/3729 3731/3731/3731 3730/3730/3730
f 3722/3722/3722 3732/3732/3732 3721/3721/3721
f 3731/3731/3731 3732/3732/3732 3730/3730/3730
f 3732/3732/3732 3733/3733/3733 3721/3721/3721
f 3731/3731/3731 3734/3734/3734 3732/3732/3732
f 3734/3734/3734 3733/3733/3733 3732/3732/3732
f 3737/3737/3737 3736/3736/3736 3735/3735/3735
f 3738/3738/3738 3737/3737/3737 3735/3735/3735
f 3739/3739/3739 3737/3737/3737 3738/3738/3738
f 3740/3740/3740 3739/3739/3739 3738/3738/3738
f 3741/3741/3741 3739/3739/3739 3740/3740/3740
f 3742/3742/3742 3741/3741/3741 3740/3740/3740
f 3743/3743/3743 3741/3741/3741 3742/3742/3742
f 3744/3744/3744 3743/3743/3743 3742/3742/3742
f 3745/3745/3745 3743/3743/3743 3744/3744/3744
f 3746/3746/3746 3745/3745/3745 3744/3744/3744
f 3749/3749/3749 3748/3748/3748 3747/3747/3747
f 3750/3750/3750 3749/3749/3749 3747/3747/3747
f 3751/3751/3751 3749/3749/3749 3750/3750/3750
f 3750/3750/3750 3747/3747/3747 3752/3752/3752
f 3753/3753/3753 3751/3751/3751 3750/3750/3750
f 3754/3754/3754 3751/3751/3751 3753/3753/3753
f 3755/3755/3755 3754/3754/3754 3753/3753/3753
f 3756/3756/3756 3754/3754/3754 3755/3755/3755
f 3757/3757/3757 3756/3756/3756 3755/3755/3755
f 3758/3758/3758 3756/3756/3756 3757/3757/3757
f 3759/3759/3759 3758/3758/3758 3757/3757/3757
f 3760/3760/3760 3758/3758/3758 3759/3759/3759
f 3752/3752/3752 3761/3761/3761 3760/3760/3760
f 3762/3762/3762 3750/3750/3750 3752/3752/3752
f 3762/3762/3762 3760/3760/3760 3759/3759/3759
f 3762/3762/3762 3752/3752/3752 3760/3760/3760
f 3765/3765/3765 3764/3764/3764 3763/3763/3763
f 3766/3766/3766 3765/3765/3765 3763/3763/3763
f 3766/3766/3766 3763/3763/3763 3767/3767/3767
f 3763/3763/3763 3768/3768/3768 3767/3767/3767
f 3767/3767/3767 3768/3768/3768 3769/3769/3769
f 3768/3768/3768 3770/3770/3770 3769/3769/3769
f 3769/3769/3769 3770/3770/3770 3771/3771/3771
f 3770/3770/3770 3772/3772/3772 3771/3771/3771
f 3765/3765/3765 3766/3766/3766 3773/3773/3773
f 3771/3771/3771 3772/3772/3772 3774/3774/3774
f 3772/3772/3772 3775/3775/3775 3774/3774/3774
f 3774/3774/3774 3775/3775/3775 3776/3776/3776
f 3773/3773/3773 3774/3774/3774 3776/3776/3776
f 3777/3777/3777 3765/3765/3765 3773/3773/3773
f 3773/3773/3773 3776/3776/3776 3777/3777/3777
f 3776/3776/3776 3778/3778/3778 3777/3777/3777
f 3781/3781/3781 3780/3780/3780 3779/3779/3779
f 3782/3782/3782 3781/3781/3781 3779/3779/3779
f 3783/3783/3783 3781/3781/3781 3782/3782/3782
f 3784/3784/3784 3783/3783/3783 3782/3782/3782
f 3785/3785/3785 3783/3783/3783 3784/3784/3784
f 3786/3786/3786 3785/3785/3785 3784/3784/3784
f 3787/3787/3787 3785/3785/3785 3786/3786/3786
f 3788/3788/3788 3787/3787/3787 3786/3786/3786
f 3789/3789/3789 3787/3787/3787 3788/3788/3788
f 3790/3790/3790 3789/3789/3789 3788/3788/3788
f 3793/3793/3793 3792/3792/3792 3791/3791/3791
f 3792/3792/3792 3793/3793/3793 3794/3794/3794
f 3792/3792/3792 3795/3795/3795 3791/3791/3791
f 3796/3796/3796 3792/3792/3792 3794/3794/3794
f 3791/3791/3791 3795/3795/3795 3797/3797/3797
f 3796/3796/3796 3794/3794/3794 3798/3798/3798
f 3795/3795/3795 3799/3799/3799 3797/3797/3797
f 3800/3800/3800 3796/3796/3796 3798/3798/3798
f 3797/3797/3797 3799/3799/3799 3801/3801/3801
f 3800/3800/3800 3798/3798/3798 3802/3802/3802
f 3799/3799/3799 3803/3803/3803 3801/3801/3801
f 3804/3804/3804 3800/3800/3800 3802/3802/3802
f 3801/3801/3801 3803/3803/3803 3805/3805/3805
f 3804/3804/3804 3802/3802/3802 3806/3806/3806
f 3803/3803/3803 3807/3807/3807 3805/3805/3805
f 3808/3808/3808 3804/3804/3804 3806/3806/3806
f 3805/3805/3805 3807/3807/3807 3809/3809/3809
f 3808/3808/3808 3806/3806/3806 3810/3810/3810
f 3807/3807/3807 3811/3811/3811 3809/3809/3809
f 3812/3812/3812 3808/3808/3808 3810/3810/3810
f 3809/3809/3809 3811/3811/3811 3813/3813/3813
f 3812/3812/3812 3810/3810/3810 3814/3814/3814
f 3811/3811/3811 3815/3815/3815 3813/3813/3813
f 3816/3816/3816 3812/3812/3812 3814/3814/3814
f 3813/3813/3813 3815/3815/3815 3817/3817/3817
f 3816/3816/3816 3814/3814/3814 3818/3818/3818
f 3815/3815/3815 3819/3819/3819 3817/3817/3817
f 3820/3820/3820 3816/3816/3816 3818/3818/3818
f 3817/3817/3817 3819/3819/3819 3821/3821/3821
f 3820/3820/3820 3818/3818/3818 3821/3821/3821
f 3819/3819/3819 3822/3822/3822 3821/3821/3821
f 3822/3822/3822 3820/3820/3820 3821/3821/3821
f 3825/3825/3825 3824/3824/3824 3823/3823/3823
f 3825/3825/3825 3823/3823/3823 3826/3826/3826
f 3824/3824/3824 3827/3827/3827 3823/3823/3823
f 3823/3823/3823 3828/3828/3828 3826/3826/3826
f 3829/3829/3829 3827/3827/3827 3824/3824/3824
f 3826/3826/3826 3828/3828/3828 3830/3830/3830
f 3831/3831/3831 3829/3829/3829 3824/3824/3824
f 3828/3828/3828 3832/3832/3832 3830/3830/3830
f 3833/3833/3833 3829/3829/3829 3831/3831/3831
f 3830/3830/3830 3832/3832/3832 3834/3834/3834
f 3835/3835/3835 3833/3833/3833 3831/3831/3831
f 3832/3832/3832 3836/3836/3836 3834/3834/3834
f 3837/3837/3837 3833/3833/3833 3835/3835/3835
f 3834/3834/3834 3836/3836/3836 3838/3838/3838
f 3839/3839/3839 3837/3837/3837 3835/3835/3835
f 3836/3836/3836 3840/3840/3840 3838/3838/3838
f 3841/3841/3841 3837/3837/3837 3839/3839/3839
f 3838/3838/3838 3840/3840/3840 3842/3842/3842
f 3843/3843/3843 3841/3841/3841 3839/3839/3839
f 3840/3840/3840 3844/3844/3844 3842/3842/3842
f 3845/3845/3845 3841/3841/3841 3843/3843/3843
f 3842/3842/3842 3844/3844/3844 3846/3846/3846
f 3847/3847/3847 3845/3845/3845 3843/3843/3843
f 3844/3844/3844 3848/3848/3848 3846/3846/3846
f 3849/3849/3849 3845/3845/3845 3847/3847/3847
f 3846/3846/3846 3848/3848/3848 3850/3850/3850
f 3851/3851/3851 3849/3849/3849 3847/3847/3847
f 3848/3848/3848 3852/3852/3852 3850/3850/3850
f 3853/3853/3853 3849/3849/3849 3851/3851/3851
f 3850/3850/3850 3852/3852/3852 3854/3854/3854
f 3854/3854/3854 3853/3853/3853 3851/3851/3851
f 3852/3852/3852 3853/3853/3853 3854/3854/3854
f 3857/3857/3857 3856/3856/3856 3855/3855/3855
f 3858/3858/3858 3857/3857/3857 3855/3855/3855
f 3856/3856/3856 3859/3859/3859 3855/3855/3855
f 3860/3860/3860 3858/3858/3858 3855/3855/3855
f 3859/3859/3859 3861/3861/3861 3855/3855/3855
f 3862/3862/3862 3860/3860/3860 3855/3855/3855
f 3861/3861/3861 3863/3863/3863 3855/3855/3855
f 3864/3864/3864 3862/3862/3862 3855/3855/3855
f 3863/3863/3863 3865/3865/3865 3855/3855/3855
f 3866/3866/3866 3864/3864/3864 3855/3855/3855
f 3865/3865/3865 3867/3867/3867 3855/3855/3855
f 3868/3868/3868 3866/3866/3866 3855/3855/3855
f 3867/3867/3867 3869/3869/3869 3855/3855/3855
f 3870/3870/3870 3868/3868/3868 3855/3855/3855
f 3869/3869/3869 3871/3871/3871 3855/3855/3855
f 3871/3871/3871 3870/3870/3870 3855/3855/3855
f 3874/3874/3874 3873/3873/3873 3872/3872/3872
f 3875/3875/3875 3874/3874/3874 3872/3872/3872
f 3873/3873/3873 3876/3876/3876 3872/3872/3872
f 3877/3877/3877 3875/3875/3875 3872/3872/3872
f 3876/3876/3876 3878/3878/3878 3872/3872/3872
f 3879/3879/3879 3877/3877/3877 3872/3872/3872
f 3878/3878/3878 3880/3880/3880 3872/3872/3872
f 3881/3881/3881 3879/3879/3879 3872/3872/3872
f 3880/3880/3880 3882/3882/3882 3872/3872/3872
f 3883/3883/3883 3881/3881/3881 3872/3872/3872
f 3882/3882/3882 3884/3884/3884 3872/3872/3872
f 3885/3885/3885 3883/3883/3883 3872/3872/3872
f 3884/3884/3884 3886/3886/3886 3872/3872/3872
f 3887/3887/3887 3885/3885/3885 3872/3872/3872
f 3886/3886/3886 3888/3888/3888 3872/3872/3872
f 3888/3888/3888 3887/3887/3887 3872/3872/3872
f 3891/3891/3891 3890/3890/3890 3889/3889/3889
f 3892/3892/3892 3891/3891/3891 3889/3889/3889
f 3890/3890/3890 3893/3893/3893 3889/3889/3889
f 3894/3894/3894 3892/3892/3892 3889/3889/3889
f 3893/3893/3893 3895/3895/3895 3889/3889/3889
f 3896/3896/3896 3894/3894/3894 3889/3889/3889
f 3895/3895/3895 3897/3897/3897 3889/3889/3889
f 3898/3898/3898 3896/3896/3896 3889/3889/3889
f 3897/3897/3897 3899/3899/3899 3889/3889/3889
f 3900/3900/3900 3898/3898/3898 3889/3889/3889
f 3899/3899/3899 3901/3901/3901 3889/3889/3889
f 3902/3902/3902 3900/3900/3900 3889/3889/3889
f 3901/3901/3901 3903/3903/3903 3889/3889/3889
f 3904/3904/3904 3902/3902/3902 3889/3889/3889
f 3903/3903/3903 3905/3905/3905 3889/3889/3889
f 3905/3905/3905 3904/3904/3904 3889/3889/3889
f 3908/3908/3908 3907/3907/3907 3906/3906/3906
f 3909/3909/3909 3908/3908/3908 3906/3906/3906
f 3907/3907/3907 3910/3910/3910 3906/3906/3906
f 3911/3911/3911 3909/3909/3909 3906/3906/3906
f 3910/3910/3910 3912/3912/3912 3906/3906/3906
f 3912/3912/3912 3911/3911/3911 3906/3906/3906
f 3915/3915/3915 3914/3914/3914 3913/3913/3913
f 3916/3916/3916 3915/3915/3915 3913/3913/3913
f 3914/3914/3914 3917/3917/3917 3913/3913/3913
f 3918/3918/3918 3916/3916/3916 3913/3913/3913
f 3917/3917/3917 3919/3919/3919 3913/3913/3913
f 3919/3919/3919 3918/3918/3918 3913/3913/3913
f 3922/3922/3922 3921/3921/3921 3920/3920/3920
f 3923/3923/3923 3922/3922/3922 3920/3920/3920
f 3921/3921/3921 3924/3924/3924 3920/3920/3920
f 3925/3925/3925 3923/3923/3923 3920/3920/3920
f 3924/3924/3924 3926/3926/3926 3920/3920/3920
f 3926/3926/3926 3925/3925/3925 3920/3920/3920
f 3929/3929/3929 3928/3928/3928 3927/3927/3927
f 3930/3930/3930 3929/3929/3929 3927/3927/3927
f 3928/3928/3928 3931/3931/3931 3927/3927/3927
f 3932/3932/3932 3930/3930/3930 3927/3927/3927
f 3931/3931/3931 3933/3933/3933 3927/3927/3927
f 3933/3933/3933 3932/3932/3932 3927/3927/3927
f 3936/3936/3936 3935/3935/3935 3934/3934/3934
f 3937/3937/3937 3936/3936/3936 3934/3934/3934
f 3935/3935/3935 3938/3938/3938 3934/3934/3934
f 3939/3939/3939 3937/3937/3937 3934/3934/3934
f 3938/3938/3938 3940/3940/3940 3934/3934/3934
f 3940/3940/3940 3939/3939/3939 3934/3934/3934
f 3943/3943/3943 3942/3942/3942 3941/3941/3941
f 3944/3944/3944 3943/3943/3943 3941/3941/3941
f 3942/3942/3942 3945/3945/3945 3941/3941/3941
f 3946/3946/3946 3944/3944/3944 3941/3941/3941
f 3945/3945/3945 3947/3947/3947 3941/3941/3941
f 3947/3947/3947 3946/3946/3946 3941/3941/3941
f 3950/3950/3950 3949/3949/3949 3948/3948/3948
f 3951/3951/3951 3950/3950/3950 3948/3948/3948
f 3949/3949/3949 3952/3952/3952 3948/3948/3948
f 3953/3953/3953 3951/3951/3951 3948/3948/3948
f 3952/3952/3952 3954/3954/3954 3948/3948/3948
f 3954/3954/3954 3953/3953/3953 3948/3948/3948
f 3957/3957/3957 3956/3956/3956 3955/3955/3955
f 3958/3958/3958 3957/3957/3957 3955/3955/3955
f 3956/3956/3956 3959/3959/3959 3955/3955/3955
f 3960/3960/3960 3958/3958/3958 3955/3955/3955
f 3959/3959/3959 3961/3961/3961 3955/3955/3955
f 3961/3961/3961 3960/3960/3960 3955/3955/3955
f 3964/3964/3964 3963/3963/3963 3962/3962/3962
f 3965/3965/3965 3964/3964/3964 3962/3962/3962
f 3963/3963/3963 3966/3966/3966 3962/3962/3962
f 3967/3967/3967 3965/3965/3965 3962/3962/3962
f 3966/3966/3966 3968/3968/3968 3962/3962/3962
f 3968/3968/3968 3967/3967/3967 3962/3962/3962
f 3971/3971/3971 3970/3970/3970 3969/3969/3969
f 3972/3972/3972 3971/3971/3971 3969/3969/3969
f 3970/3970/3970 3973/3973/3973 3969/3969/3969
f 3974/3974/3974 3972/3972/3972 3969/3969/3969
f 3973/3973/3973 3975/3975/3975 3969/3969/3969
f 3975/3975/3975 3974/3974/3974 3969/3969/3969
f 3978/3978/3978 3977/3977/3977 3976/3976/3976
f 3979/3979/3979 3978/3978/3978 3976/3976/3976
f 3977/3977/3977 3980/3980/3980 3976/3976/3976
f 3981/3981/3981 3979/3979/3979 3976/3976/3976
f 3980/3980/3980 3982/3982/3982 3976/3976/3976
f 3982/3982/3982 3981/3981/3981 3976/3976/3976
f 3985/3985/3985 3984/3984/3984 3983/3983/3983
f 3986/3986/3986 3985/3985/3985 3983/3983/3983
f 3984/3984/3984 3987/3987/3987 3983/3983/3983
f 3988/3988/3988 3986/3986/3986 3983/3983/3983
f 3987/3987/3987 3989/3989/3989 3983/3983/3983
f 3989/3989/3989 3988/3988/3988 3983/3983/3983
f 3992/3992/3992 3991/3991/3991 3990/3990/3990
f 3993/3993/3993 3992/3992/3992 3990/3990/3990
f 3990/3990/3990 3991/3991/3991 3994/3994/3994
f 3995/3995/3995 3992/3992/3992 3993/3993/3993
f 3991/3991/3991 3996/3996/3996 3994/3994/3994
f 3997/3997/3997 3995/3995/3995 3993/3993/3993
f 3994/3994/3994 3996/3996/3996 3998/3998/3998
f 3999/3999/3999 3995/3995/3995 3997/3997/3997
f 3996/3996/3996 4000/4000/4000 3998/3998/3998
f 4001/4001/4001 3999/3999/3999 3997/3997/3997
f 3998/3998/3998 4000/4000/4000 4002/4002/4002
f 4003/4003/4003 3999/3999/3999 4001/4001/4001
f 4000/4000/4000 4004/4004/4004 4002/4002/4002
f 4005/4005/4005 4003/4003/4003 4001/4001/4001
f 4002/4002/4002 4004/4004/4004 4006/4006/4006
f 4007/4007/4007 4003/4003/4003 4005/4005/4005
f 4004/4004/4004 4008/4008/4008 4006/4006/4006
f 4009/4009/4009 4007/4007/4007 4005/4005/4005
f 4006/4006/4006 4008/4008/4008 4010/4010/4010
f 4011/4011/4011 4007/4007/4007 4009/4009/4009
f 4008/4008/4008 4012/4012/4012 4010/4010/4010
f 4013/4013/4013 4011/4011/4011 4009/4009/4009
f 4010/4010/4010 4012/4012/4012 4014/4014/4014
f 4015/4015/4015 4011/4011/4011 4013/4013/4013
f 4012/4012/4012 4016/4016/4016 4014/4014/4014
f 4017/4017/4017 4015/4015/4015 4013/4013/4013
f 4014/4014/4014 4016/4016/4016 4018/4018/4018
f 4019/4019/4019 4015/4015/4015 4017/4017/4017
f 4016/4016/4016 4020/4020/4020 4018/4018/4018
f 4021/4021/4021 4019/4019/4019 4017/4017/4017
f 4018/4018/4018 4020/4020/4020 4021/4021/4021
f 4020/4020/4020 4019/4019/4019 4021/4021/4021
f 4024/4024/4024 4023/4023/4023 4022/4022/4022
f 4025/4025/4025 4024/4024/4024 4022/4022/4022
f 4024/4024/4024 4026/4026/4026 4023/4023/4023
f 4025/4025/4025 4022/4022/4022 4027/4027/4027
f 4026/4026/4026 4028/4028/4028 4023/4023/4023
f 4029/4029/4029 4025/4025/4025 4027/4027/4027
f 4026/4026/4026 4030/4030/4030 4028/4028/4028
f 4029/4029/4029 4027/4027/4027 4031/4031/4031
f 4030/4030/4030 4032/4032/4032 4028/4028/4028
f 4033/4033/4033 4029/4029/4029 4031/4031/4031
f 4030/4030/4030 4034/4034/4034 4032/4032/4032
f 4033/4033/4033 4031/4031/4031 4035/4035/4035
f 4034/4034/4034 4036/4036/4036 4032/4032/4032
f 4037/4037/4037 4033/4033/4033 4035/4035/4035
f 4034/4034/4034 4038/4038/4038 4036/4036/4036
f 4037/4037/4037 4035/4035/4035 4039/4039/4039
f 4038/4038/4038 4040/4040/4040 4036/4036/4036
f 4041/4041/4041 4037/4037/4037 4039/4039/4039
f 4038/4038/4038 4042/4042/4042 4040/4040/4040
f 4041/4041/4041 4039/4039/4039 4043/4043/4043
f 4042/4042/4042 4044/4044/4044 4040/4040/4040
f 4045/4045/4045 4041/4041/4041 4043/4043/4043
f 4042/4042/4042 4046/4046/4046 4044/4044/4044
f 4045/4045/4045 4043/4043/4043 4047/4047/4047
f 4046/4046/4046 4048/4048/4048 4044/4044/4044
f 4049/4049/4049 4045/4045/4045 4047/4047/4047
f 4046/4046/4046 4050/4050/4050 4048/4048/4048
f 4049/4049/4049 4047/4047/4047 4051/4051/4051
f 4050/4050/4050 4052/4052/4052 4048/4048/4048
f 4053/4053/4053 4049/4049/4049 4051/4051/4051
f 4053/4053/4053 4051/4051/4051 4052/4052/4052
f 4050/4050/4050 4053/4053/4053 4052/4052/4052
f 4056/4056/4056 4055/4055/4055 4054/4054/4054
f 4057/4057/4057 4056/4056/4056 4054/4054/4054
f 4054/4054/4054 4055/4055/4055 4058/4058/4058
f 4059/4059/4059 4056/4056/4056 4057/4057/4057
f 4055/4055/4055 4060/4060/4060 4058/4058/4058
f 4061/4061/4061 4059/4059/4059 4057/4057/4057
f 4058/4058/4058 4060/4060/4060 4062/4062/4062
f 4063/4063/4063 4059/4059/4059 4061/4061/4061
f 4060/4060/4060 4064/4064/4064 4062/4062/4062
f 4065/4065/4065 4063/4063/4063 4061/4061/4061
f 4062/4062/4062 4064/4064/4064 4066/4066/4066
f 4067/4067/4067 4063/4063/4063 4065/4065/4065
f 4064/4064/4064 4068/4068/4068 4066/4066/4066
f 4069/4069/4069 4067/4067/4067 4065/4065/4065
f 4066/4066/4066 4068/4068/4068 4070/4070/4070
f 4071/4071/4071 4067/4067/4067 4069/4069/4069
f 4068/4068/4068 4072/4072/4072 4070/4070/4070
f 4073/4073/4073 4071/4071/4071 4069/4069/4069
f 4070/4070/4070 4072/4072/4072 4074/4074/4074
f 4075/4075/4075 4071/4071/4071 4073/4073/4073
f 4072/4072/4072 4076/4076/4076 4074/4074/4074
f 4077/4077/4077 4075/4075/4075 4073/4073/4073
f 4074/4074/4074 4076/4076/4076 4078/4078/4078
f 4079/4079/4079 4075/4075/4075 4077/4077/4077
f 4076/4076/4076 4080/4080/4080 4078/4078/4078
f 4081/4081/4081 4079/4079/4079 4077/4077/4077
f 4078/4078/4078 4080/4080/4080 4082/4082/4082
f 4083/4083/4083 4079/4079/4079 4081/4081/4081
f 4080/4080/4080 4084/4084/4084 4082/4082/4082
f 4085/4085/4085 4083/4083/4083 4081/4081/4081
f 4082/4082/4082 4084/4084/4084 4085/4085/4085
f 4084/4084/4084 4083/4083/4083 4085/4085/4085
f 4088/4088/4088 4087/4087/4087 4086/4086/4086
f 4089/4089/4089 4088/4088/4088 4086/4086/4086
f 4086/4086/4086 4087/4087/4087 4090/4090/4090
f 4091/4091/4091 4088/4088/4088 4089/4089/4089
f 4087/4087/4087 4092/4092/4092 4090/4090/4090
f 4093/4093/4093 4091/4091/4091 4089/4089/4089
f 4090/4090/4090 4092/4092/4092 4094/4094/4094
f 4095/4095/4095 4091/4091/4091 4093/4093/4093
f 4092/4092/4092 4096/4096/4096 4094/4094/4094
f 4097/4097/4097 4095/4095/4095 4093/4093/4093
f 4094/4094/4094 4096/4096/4096 4098/4098/4098
f 4099/4099/4099 4095/4095/4095 4097/4097/4097
f 4096/4096/4096 4100/4100/4100 4098/4098/4098
f 4101/4101/4101 4099/4099/4099 4097/4097/4097
f 4098/4098/4098 4100/4100/4100 4102/4102/4102
f 4103/4103/4103 4099/4099/4099 4101/4101/4101
f 4100/4100/4100 4104/4104/4104 4102/4102/4102
f 4105/4105/4105 4103/4103/4103 4101/4101/4101
f 4102/4102/4102 4104/4104/4104 4106/4106/4106
f 4107/4107/4107 4103/4103/4103 4105/4105/4105
f 4104/4104/4104 4108/4108/4108 4106/4106/4106
f 4109/4109/4109 4107/4107/4107 4105/4105/4105
f 4106/4106/4106 4108/4108/4108 4110/4110/4110
f 4111/4111/4111 4107/4107/4107 4109/4109/4109
f 4108/4108/4108 4112/4112/4112 4110/4110/4110
f 4113/4113/4113 4111/4111/4111 4109/4109/4109
f 4110/4110/4110 4112/4112/4112 4114/4114/4114
f 4115/4115/4115 4111/4111/4111 4113/4113/4113
f 4112/4112/4112 4116/4116/4116 4114/4114/4114
f 4117/4117/4117 4115/4115/4115 4113/4113/4113
f 4114/4114/4114 4116/4116/4116 4117/4117/4117
f 4116/4116/4116 4115/4115/4115 4117/4117/4117
f 4120/4120/4120 4119/4119/4119 4118/4118/4118
f 4121/4121/4121 4120/4120/4120 4118/4118/4118
f 4124/4124/4124 4123/4123/4123 4122/4122/4122
f 4125/4125/4125 4124/4124/4124 4122/4122/4122
f 4128/4128/4128 4127/4127/4127 4126/4126/4126
f 4129/4129/4129 4128/4128/4128 4126/4126/4126
f 4127/4127/4127 4130/4130/4130 4126/4126/4126
f 4131/4131/4131 4129/4129/4129 4126/4126/4126
f 4130/4130/4130 4132/4132/4132 4126/4126/4126
f 4133/4133/4133 4131/4131/4131 4126/4126/4126
f 4132/4132/4132 4134/4134/4134 4126/4126/4126
f 4135/4135/4135 4133/4133/4133 4126/4126/4126
f 4134/4134/4134 4136/4136/4136 4126/4126/4126
f 4137/4137/4137 4135/4135/4135 4126/4126/4126
f 4136/4136/4136 4138/4138/4138 4126/4126/4126
f 4139/4139/4139 4137/4137/4137 4126/4126/4126
f 4138/4138/4138 4140/4140/4140 4126/4126/4126
f 4141/4141/4141 4139/4139/4139 4126/4126/4126
f 4140/4140/4140 4142/4142/4142 4126/4126/4126
f 4142/4142/4142 4141/4141/4141 4126/4126/4126
