# Blender 3.6.0
# www.blender.org
o Faucet_1000141d_Tap_6910a943
v 2.154320 0.971680 -1.464130
v 2.154630 0.971680 -1.462970
v 2.154320 0.971680 -1.461800
v 2.153470 0.971680 -1.464990
v 2.153470 0.971680 -1.460950
v 2.152310 0.971680 -1.465300
v 2.152310 0.971680 -1.460640
v 2.151140 0.971680 -1.460950
v 2.151140 0.971680 -1.464990
v 2.150290 0.971680 -1.461800
v 2.150290 0.971680 -1.464130
v 2.149980 0.971680 -1.462970
v 2.155270 0.970930 -1.462970
v 2.154630 0.971680 -1.462970
v 2.154320 0.971680 -1.464130
v 2.154870 0.970930 -1.464450
v 2.153470 0.971680 -1.464990
v 2.154870 0.970210 -1.464450
v 2.155270 0.970210 -1.462970
v 2.153790 0.970930 -1.465540
v 2.152310 0.971680 -1.465300
v 2.153790 0.970210 -1.465540
v 2.154870 0.947580 -1.464450
v 2.155270 0.947580 -1.462970
v 2.152310 0.970930 -1.465930
v 2.151140 0.971680 -1.464990
v 2.154870 0.943010 -1.464450
v 2.155270 0.943010 -1.462970
v 2.153790 0.943010 -1.465540
v 2.153790 0.947580 -1.465540
v 2.152310 0.943010 -1.465930
v 2.152310 0.947580 -1.465930
v 2.150820 0.943010 -1.465540
v 2.152310 0.970210 -1.465930
v 2.150820 0.947580 -1.465540
v 2.149740 0.943010 -1.464450
v 2.150820 0.970210 -1.465540
v 2.149740 0.947580 -1.464450
v 2.149340 0.943010 -1.462970
v 2.150820 0.970930 -1.465540
v 2.150290 0.971680 -1.464130
v 2.149340 0.947580 -1.462970
v 2.149740 0.943010 -1.461490
v 2.149740 0.970210 -1.464450
v 2.149740 0.970930 -1.464450
v 2.149980 0.971680 -1.462970
v 2.149740 0.947580 -1.461490
v 2.150820 0.943010 -1.460400
v 2.149340 0.970210 -1.462970
v 2.149340 0.970930 -1.462970
v 2.150290 0.971680 -1.461800
v 2.150820 0.947580 -1.460400
v 2.152310 0.943010 -1.460010
v 2.149740 0.970210 -1.461490
v 2.149740 0.970930 -1.461490
v 2.151140 0.971680 -1.460950
v 2.152310 0.947580 -1.460010
v 2.153790 0.943010 -1.460400
v 2.150820 0.970210 -1.460400
v 2.150820 0.970930 -1.460400
v 2.152310 0.971680 -1.460640
v 2.153790 0.947580 -1.460400
v 2.154870 0.943010 -1.461490
v 2.152310 0.970210 -1.460010
v 2.152310 0.970930 -1.460010
v 2.153470 0.971680 -1.460950
v 2.154870 0.947580 -1.461490
v 2.155270 0.943010 -1.462970
v 2.155270 0.947580 -1.462970
v 2.153790 0.970210 -1.460400
v 2.153790 0.970930 -1.460400
v 2.154320 0.971680 -1.461800
v 2.154870 0.970210 -1.461490
v 2.155270 0.970210 -1.462970
v 2.154870 0.970930 -1.461490
v 2.154630 0.971680 -1.462970
v 2.155270 0.970930 -1.462970
v 2.162520 0.935260 -1.498880
v 2.161740 0.932830 -1.494980
v 2.162520 0.936740 -1.498880
v 2.161740 0.931540 -1.494980
v 2.162520 0.907030 -1.498880
v 2.159530 0.929520 -1.491660
v 2.161740 0.906910 -1.494980
v 2.162520 0.906100 -1.498880
v 2.161740 0.906100 -1.494980
v 2.159530 0.928390 -1.491660
v 2.156220 0.927300 -1.489450
v 2.159530 0.906810 -1.491660
v 2.159530 0.906100 -1.491660
v 2.156220 0.926280 -1.489450
v 2.152310 0.926530 -1.488670
v 2.156220 0.906750 -1.489450
v 2.156220 0.906100 -1.489450
v 2.152310 0.925540 -1.488670
v 2.148400 0.927300 -1.489450
v 2.152310 0.906720 -1.488670
v 2.152310 0.906100 -1.488670
v 2.148400 0.926280 -1.489450
v 2.145090 0.929520 -1.491660
v 2.148400 0.906750 -1.489450
v 2.148400 0.906100 -1.489450
v 2.145090 0.928390 -1.491660
v 2.142870 0.932830 -1.494980
v 2.145090 0.906810 -1.491660
v 2.145090 0.906100 -1.491660
v 2.142870 0.931540 -1.494980
v 2.142100 0.936740 -1.498880
v 2.142870 0.906910 -1.494980
v 2.142870 0.906100 -1.494980
v 2.142100 0.935260 -1.498880
v 2.142100 0.907030 -1.498880
v 2.142100 0.906100 -1.498880
v 2.142870 0.907030 -1.502790
v 2.142870 0.906100 -1.502790
v 2.142870 0.935260 -1.502790
v 2.145090 0.907030 -1.506100
v 2.145090 0.906100 -1.506100
v 2.142870 0.936740 -1.502790
v 2.145090 0.935260 -1.506100
v 2.148400 0.907030 -1.508320
v 2.148400 0.906100 -1.508320
v 2.145090 0.936740 -1.506100
v 2.148400 0.935260 -1.508320
v 2.152310 0.907030 -1.509100
v 2.152310 0.906100 -1.509100
v 2.148400 0.936740 -1.508320
v 2.152310 0.935260 -1.509100
v 2.156220 0.907030 -1.508320
v 2.156220 0.906100 -1.508320
v 2.152310 0.936740 -1.509100
v 2.156220 0.935260 -1.508320
v 2.159530 0.907030 -1.506100
v 2.159530 0.906100 -1.506100
v 2.156220 0.936740 -1.508320
v 2.159530 0.935260 -1.506100
v 2.161740 0.907030 -1.502790
v 2.161740 0.906100 -1.502790
v 2.162520 0.907030 -1.498880
v 2.162520 0.906100 -1.498880
v 2.162520 0.935260 -1.498880
v 2.161740 0.935260 -1.502790
v 2.162520 0.936740 -1.498880
v 2.161740 0.936740 -1.502790
v 2.162520 0.937720 -1.498880
v 2.159530 0.936740 -1.506100
v 2.161740 0.937720 -1.502790
v 2.162520 0.966170 -1.498880
v 2.159530 0.937720 -1.506100
v 2.161740 0.966170 -1.502790
v 2.162520 0.967370 -1.498880
v 2.156220 0.937720 -1.508320
v 2.159530 0.966170 -1.506100
v 2.161740 0.967370 -1.502790
v 2.152310 0.937720 -1.509100
v 2.161250 0.968620 -1.502600
v 2.161990 0.968620 -1.498890
v 2.159160 0.968620 -1.505740
v 2.159530 0.967370 -1.506100
v 2.156010 0.968620 -1.507840
v 2.156220 0.966170 -1.508320
v 2.156220 0.967370 -1.508320
v 2.152310 0.968620 -1.508570
v 2.148400 0.937720 -1.508320
v 2.152310 0.966170 -1.509100
v 2.152310 0.967370 -1.509100
v 2.148600 0.968620 -1.507840
v 2.145090 0.937720 -1.506100
v 2.148400 0.966170 -1.508320
v 2.148400 0.967370 -1.508320
v 2.145460 0.968620 -1.505740
v 2.142870 0.937720 -1.502790
v 2.145090 0.966170 -1.506100
v 2.145090 0.967370 -1.506100
v 2.143360 0.968620 -1.502600
v 2.142100 0.937720 -1.498880
v 2.142870 0.940650 -1.494980
v 2.142870 0.966170 -1.502790
v 2.142870 0.967370 -1.502790
v 2.142620 0.968620 -1.498890
v 2.142870 0.941500 -1.494980
v 2.145090 0.943960 -1.491660
v 2.142100 0.966170 -1.498880
v 2.142100 0.967370 -1.498880
v 2.143360 0.968620 -1.495180
v 2.145090 0.944710 -1.491660
v 2.148400 0.946170 -1.489450
v 2.142870 0.966330 -1.494980
v 2.142870 0.967370 -1.494980
v 2.145460 0.968620 -1.492040
v 2.148400 0.946850 -1.489450
v 2.152310 0.946950 -1.488670
v 2.145090 0.966460 -1.491660
v 2.145090 0.967370 -1.491660
v 2.148600 0.968620 -1.489940
v 2.152310 0.947600 -1.488670
v 2.156220 0.946170 -1.489450
v 2.148400 0.966540 -1.489450
v 2.148400 0.967370 -1.489450
v 2.152310 0.968620 -1.489210
v 2.156220 0.946850 -1.489450
v 2.159530 0.943960 -1.491660
v 2.152310 0.966570 -1.488670
v 2.152310 0.967370 -1.488670
v 2.156010 0.968620 -1.489940
v 2.159530 0.944710 -1.491660
v 2.161740 0.940650 -1.494980
v 2.156220 0.966540 -1.489450
v 2.156220 0.967370 -1.489450
v 2.159160 0.968620 -1.492040
v 2.161740 0.941500 -1.494980
v 2.162520 0.936740 -1.498880
v 2.162520 0.937720 -1.498880
v 2.159530 0.966460 -1.491660
v 2.159530 0.967370 -1.491660
v 2.161250 0.968620 -1.495180
v 2.161740 0.966330 -1.494980
v 2.162520 0.966170 -1.498880
v 2.161740 0.967370 -1.494980
v 2.161990 0.968620 -1.498890
v 2.162520 0.967370 -1.498880
v 1.984270 1.106100 -1.498890
v 1.984270 1.105720 -1.498890
v 1.984830 1.105720 -1.501730
v 1.984830 1.106100 -1.501730
v 1.986440 1.105720 -1.504130
v 1.984270 1.135410 -1.498890
v 1.986440 1.106100 -1.504130
v 1.988840 1.105720 -1.505740
v 1.984830 1.135410 -1.501730
v 1.988840 1.106100 -1.505740
v 1.991680 1.105720 -1.506300
v 1.985580 1.146780 -1.501730
v 1.985020 1.146860 -1.498890
v 1.986440 1.135410 -1.504130
v 1.991680 1.106100 -1.506300
v 1.994510 1.105720 -1.505740
v 1.987800 1.157970 -1.501730
v 1.987260 1.158110 -1.498890
v 1.987170 1.146570 -1.504130
v 1.988840 1.135410 -1.505740
v 1.994510 1.106100 -1.505740
v 1.996920 1.105720 -1.504130
v 1.991470 1.168760 -1.501730
v 1.990950 1.168980 -1.498890
v 1.989350 1.157550 -1.504130
v 1.989550 1.146260 -1.505740
v 1.991680 1.135410 -1.506300
v 1.996920 1.106100 -1.504130
v 1.998520 1.105720 -1.501730
v 1.996510 1.178990 -1.501730
v 1.996020 1.179270 -1.498890
v 1.991680 1.156930 -1.505740
v 1.992370 1.145890 -1.506300
v 1.994510 1.135410 -1.505740
v 1.998520 1.106100 -1.501730
v 1.999090 1.105720 -1.498890
v 2.002840 1.188470 -1.501730
v 2.002400 1.188810 -1.498890
v 1.994410 1.156190 -1.506300
v 1.995180 1.145520 -1.505740
v 1.996920 1.135410 -1.504130
v 1.999090 1.106100 -1.498890
v 1.998520 1.105720 -1.496060
v 2.010360 1.197040 -1.501730
v 2.009960 1.197440 -1.498890
v 1.997150 1.155460 -1.505740
v 1.997560 1.145210 -1.504130
v 1.998520 1.135410 -1.501730
v 1.998520 1.106100 -1.496060
v 1.996920 1.105720 -1.493660
v 2.018930 1.204560 -1.501730
v 2.018590 1.205000 -1.498890
v 1.999470 1.154840 -1.504130
v 1.999150 1.145000 -1.501730
v 1.999090 1.135410 -1.498890
v 1.996920 1.106100 -1.493660
v 1.994510 1.105720 -1.492050
v 2.028410 1.210890 -1.501730
v 2.028130 1.211380 -1.498890
v 2.001030 1.154420 -1.501730
v 1.999710 1.144920 -1.498890
v 1.998520 1.135410 -1.496060
v 1.994510 1.106100 -1.492050
v 1.991680 1.105720 -1.491490
v 2.038640 1.215930 -1.501730
v 2.038420 1.216450 -1.498890
v 2.001570 1.154280 -1.498890
v 1.999150 1.145000 -1.496060
v 1.996920 1.135410 -1.493660
v 1.991680 1.106100 -1.491490
v 1.988840 1.105720 -1.492050
v 2.049430 1.219600 -1.501730
v 2.049290 1.220140 -1.498890
v 2.001030 1.154420 -1.496060
v 1.997560 1.145210 -1.493660
v 1.994510 1.135410 -1.492050
v 1.988840 1.106100 -1.492050
v 1.986440 1.105720 -1.493660
v 2.060620 1.221820 -1.501730
v 2.060540 1.222380 -1.498890
v 1.999470 1.154840 -1.493660
v 1.995180 1.145520 -1.492050
v 1.991680 1.135410 -1.491490
v 1.986440 1.106100 -1.493660
v 1.984830 1.105720 -1.496060
v 2.071990 1.222570 -1.501730
v 2.071990 1.223130 -1.498890
v 1.997150 1.155460 -1.492050
v 1.992370 1.145890 -1.491490
v 1.988840 1.135410 -1.492050
v 1.984830 1.106100 -1.496060
v 1.984270 1.105720 -1.498890
v 1.984270 1.106100 -1.498890
v 1.986440 1.135410 -1.493660
v 1.984830 1.135410 -1.496060
v 1.984270 1.135410 -1.498890
v 1.985020 1.146860 -1.498890
v 1.985580 1.146780 -1.496060
v 1.987260 1.158110 -1.498890
v 1.989550 1.146260 -1.492050
v 1.987170 1.146570 -1.493660
v 1.987800 1.157970 -1.496060
v 1.990950 1.168980 -1.498890
v 1.989350 1.157550 -1.493660
v 1.991470 1.168760 -1.496060
v 1.996020 1.179270 -1.498890
v 1.991680 1.156930 -1.492050
v 1.996510 1.178990 -1.496060
v 2.002400 1.188810 -1.498890
v 1.992950 1.168150 -1.493660
v 1.994410 1.156190 -1.491490
v 2.002840 1.188470 -1.496060
v 2.009960 1.197440 -1.498890
v 1.997900 1.178180 -1.493660
v 1.995170 1.167230 -1.492050
v 1.997790 1.166140 -1.491490
v 2.010360 1.197040 -1.496060
v 2.018590 1.205000 -1.498890
v 2.004120 1.187490 -1.493660
v 1.999980 1.176980 -1.492050
v 2.000410 1.165060 -1.492050
v 2.018930 1.204560 -1.496060
v 2.028130 1.211380 -1.498890
v 2.011500 1.195900 -1.493660
v 2.006030 1.186030 -1.492050
v 2.002440 1.175560 -1.491490
v 2.002630 1.164140 -1.493660
v 2.028410 1.210890 -1.496060
v 2.038420 1.216450 -1.498890
v 2.019910 1.203280 -1.493660
v 2.013200 1.194200 -1.492050
v 2.008270 1.184300 -1.491490
v 2.004890 1.174150 -1.492050
v 2.004120 1.163520 -1.496060
v 2.038640 1.215930 -1.496060
v 2.049290 1.220140 -1.498890
v 2.029220 1.209500 -1.493660
v 2.021370 1.201370 -1.492050
v 2.015200 1.192200 -1.491490
v 2.010520 1.182570 -1.492050
v 2.006980 1.172950 -1.493660
v 2.049430 1.219600 -1.496060
v 2.060540 1.222380 -1.498890
v 2.039250 1.214450 -1.493660
v 2.030420 1.207420 -1.492050
v 2.023100 1.199120 -1.491490
v 2.017210 1.190190 -1.492050
v 2.012430 1.181110 -1.493660
v 2.008370 1.172140 -1.496060
v 2.060620 1.221820 -1.496060
v 2.071990 1.223130 -1.498890
v 2.049850 1.218050 -1.493660
v 2.040170 1.212230 -1.492050
v 2.031830 1.204960 -1.491490
v 2.024830 1.196880 -1.492050
v 2.018910 1.188490 -1.493660
v 2.071990 1.222570 -1.496060
v 2.083440 1.222380 -1.498890
v 2.060820 1.220230 -1.493660
v 2.050470 1.215720 -1.492050
v 2.041260 1.209610 -1.491490
v 2.033250 1.202510 -1.492050
v 2.083370 1.221820 -1.496060
v 2.094700 1.220140 -1.498890
v 2.071990 1.220960 -1.493660
v 2.061140 1.217850 -1.492050
v 2.051200 1.212980 -1.491490
v 2.094550 1.219600 -1.496060
v 2.105560 1.216450 -1.498890
v 2.083160 1.220230 -1.493660
v 2.071990 1.218560 -1.492050
v 2.105350 1.215930 -1.496060
v 2.115850 1.211380 -1.498890
v 2.094130 1.218050 -1.493660
v 2.115570 1.210890 -1.496060
v 2.125390 1.205000 -1.498890
v 2.042340 1.206990 -1.492050
v 2.061510 1.215030 -1.491490
v 2.082840 1.217850 -1.492050
v 2.104730 1.214450 -1.493660
v 2.125050 1.204560 -1.496060
v 2.134020 1.197440 -1.498890
v 2.051940 1.210250 -1.492050
v 2.071990 1.215720 -1.491490
v 2.093510 1.215720 -1.492050
v 2.114770 1.209500 -1.493660
v 2.133620 1.197040 -1.496060
v 2.141590 1.188810 -1.498890
v 2.061880 1.212220 -1.492050
v 2.082470 1.215030 -1.491490
v 2.103810 1.212230 -1.492050
v 2.124070 1.203280 -1.493660
v 2.141140 1.188470 -1.496060
v 2.147960 1.179270 -1.498890
v 2.071990 1.212890 -1.492050
v 2.092780 1.212980 -1.491490
v 2.113570 1.207420 -1.492050
v 2.132490 1.195900 -1.493660
v 2.147470 1.178990 -1.496060
v 2.153040 1.168980 -1.498890
v 2.082100 1.212220 -1.492050
v 2.102730 1.209610 -1.491490
v 2.122610 1.201370 -1.492050
v 2.139860 1.187490 -1.493660
v 2.152520 1.168760 -1.496060
v 2.156730 1.158110 -1.498890
v 2.092040 1.210250 -1.492050
v 2.112150 1.204960 -1.491490
v 2.130790 1.194200 -1.492050
v 2.146080 1.178180 -1.493660
v 2.156180 1.157970 -1.496060
v 2.158960 1.146860 -1.498890
v 2.101640 1.206990 -1.492050
v 2.120880 1.199120 -1.491490
v 2.137960 1.186030 -1.492050
v 2.151030 1.168150 -1.493660
v 2.158400 1.146780 -1.496060
v 2.159710 1.135410 -1.498890
v 2.159150 1.135410 -1.496060
v 2.154630 1.157550 -1.493660
v 2.156810 1.146570 -1.493660
v 2.157540 1.135410 -1.493660
v 2.144000 1.176980 -1.492050
v 2.128780 1.192200 -1.491490
v 2.148810 1.167230 -1.492050
v 2.154430 1.146260 -1.492050
v 2.155140 1.135410 -1.492050
v 2.152310 1.156930 -1.492050
v 2.135710 1.184300 -1.491490
v 2.151620 1.145890 -1.491490
v 2.152310 1.135410 -1.491490
v 2.141550 1.175560 -1.491490
v 2.149570 1.156190 -1.491490
v 2.146190 1.166140 -1.491490
v 2.148810 1.145520 -1.492050
v 2.149470 1.135410 -1.492050
v 2.146830 1.155460 -1.492050
v 2.143570 1.165060 -1.492050
v 2.139090 1.174150 -1.492050
v 2.133460 1.182570 -1.492050
v 2.146420 1.145210 -1.493660
v 2.147070 1.135410 -1.493660
v 2.144510 1.154840 -1.493660
v 2.141350 1.164140 -1.493660
v 2.137010 1.172950 -1.493660
v 2.144830 1.145000 -1.496060
v 2.145460 1.135410 -1.496060
v 2.142960 1.154420 -1.496060
v 2.139870 1.163520 -1.496060
v 2.144270 1.144920 -1.498890
v 2.144900 1.135410 -1.498890
v 2.142410 1.154280 -1.498890
v 2.144830 1.145000 -1.501730
v 2.145460 1.135410 -1.501730
v 2.131550 1.181110 -1.493660
v 2.135620 1.172140 -1.496060
v 2.139350 1.163310 -1.498890
v 2.142960 1.154420 -1.501730
v 2.146420 1.145210 -1.504130
v 2.147070 1.135410 -1.504130
v 2.130280 1.180130 -1.496060
v 2.135130 1.171860 -1.498890
v 2.139870 1.163520 -1.501730
v 2.144510 1.154840 -1.504130
v 2.148810 1.145520 -1.505740
v 2.149470 1.135410 -1.505740
v 2.129830 1.179790 -1.498890
v 2.135620 1.172140 -1.501730
v 2.141350 1.164140 -1.504130
v 2.146830 1.155460 -1.505740
v 2.151620 1.145890 -1.506300
v 2.152310 1.135410 -1.506300
v 2.130280 1.180130 -1.501730
v 2.137010 1.172950 -1.504130
v 2.143570 1.165060 -1.505740
v 2.149570 1.156190 -1.506300
v 2.154430 1.146260 -1.505740
v 2.155140 1.135410 -1.505740
v 2.131550 1.181110 -1.504130
v 2.139090 1.174150 -1.505740
v 2.146190 1.166140 -1.506300
v 2.152310 1.156930 -1.505740
v 2.156810 1.146570 -1.504130
v 2.157540 1.135410 -1.504130
v 2.133460 1.182570 -1.505740
v 2.141550 1.175560 -1.506300
v 2.148810 1.167230 -1.505740
v 2.154630 1.157550 -1.504130
v 2.158400 1.146780 -1.501730
v 2.159150 1.135410 -1.501730
v 2.159710 1.135410 -1.498890
v 2.158960 1.146860 -1.498890
v 2.156730 1.158110 -1.498890
v 2.156180 1.157970 -1.501730
v 2.153040 1.168980 -1.498890
v 2.152520 1.168760 -1.501730
v 2.147960 1.179270 -1.498890
v 2.151030 1.168150 -1.504130
v 2.147470 1.178990 -1.501730
v 2.141590 1.188810 -1.498890
v 2.146080 1.178180 -1.504130
v 2.141140 1.188470 -1.501730
v 2.134020 1.197440 -1.498890
v 2.144000 1.176980 -1.505740
v 2.139860 1.187490 -1.504130
v 2.133620 1.197040 -1.501730
v 2.125390 1.205000 -1.498890
v 2.137960 1.186030 -1.505740
v 2.132490 1.195900 -1.504130
v 2.125050 1.204560 -1.501730
v 2.115850 1.211380 -1.498890
v 2.135710 1.184300 -1.506300
v 2.130790 1.194200 -1.505740
v 2.124070 1.203280 -1.504130
v 2.115570 1.210890 -1.501730
v 2.105560 1.216450 -1.498890
v 2.128780 1.192200 -1.506300
v 2.122610 1.201370 -1.505740
v 2.114770 1.209500 -1.504130
v 2.105350 1.215930 -1.501730
v 2.094700 1.220140 -1.498890
v 2.126780 1.190190 -1.505740
v 2.120880 1.199120 -1.506300
v 2.113570 1.207420 -1.505740
v 2.104730 1.214450 -1.504130
v 2.094550 1.219600 -1.501730
v 2.083440 1.222380 -1.498890
v 2.125080 1.188490 -1.504130
v 2.119160 1.196880 -1.505740
v 2.112150 1.204960 -1.506300
v 2.103810 1.212230 -1.505740
v 2.094130 1.218050 -1.504130
v 2.083370 1.221820 -1.501730
v 2.123940 1.187360 -1.501730
v 2.117690 1.194970 -1.504130
v 2.110730 1.202510 -1.505740
v 2.102730 1.209610 -1.506300
v 2.093510 1.215720 -1.505740
v 2.083160 1.220230 -1.504130
v 2.123540 1.186960 -1.498890
v 2.116720 1.193690 -1.501730
v 2.109530 1.200420 -1.504130
v 2.101640 1.206990 -1.505740
v 2.071990 1.220960 -1.504130
v 2.092780 1.212980 -1.506300
v 2.082840 1.217850 -1.505740
v 2.060820 1.220230 -1.504130
v 2.071990 1.218560 -1.505740
v 2.082470 1.215030 -1.506300
v 2.092040 1.210250 -1.505740
v 2.100720 1.204770 -1.504130
v 2.049850 1.218050 -1.504130
v 2.061140 1.217850 -1.505740
v 2.071990 1.215720 -1.506300
v 2.082100 1.212220 -1.505740
v 2.039250 1.214450 -1.504130
v 2.050470 1.215720 -1.505740
v 2.061510 1.215030 -1.506300
v 2.029220 1.209500 -1.504130
v 2.040170 1.212230 -1.505740
v 2.019910 1.203280 -1.504130
v 2.091420 1.207920 -1.504130
v 2.071990 1.212890 -1.505740
v 2.051200 1.212980 -1.506300
v 2.030420 1.207420 -1.505740
v 2.011500 1.195900 -1.504130
v 2.081790 1.209840 -1.504130
v 2.061880 1.212220 -1.505740
v 2.041260 1.209610 -1.506300
v 2.021370 1.201370 -1.505740
v 2.004120 1.187490 -1.504130
v 2.071990 1.210480 -1.504130
v 2.051940 1.210250 -1.505740
v 2.031830 1.204960 -1.506300
v 2.013200 1.194200 -1.505740
v 1.997900 1.178180 -1.504130
v 2.062190 1.209840 -1.504130
v 2.042340 1.206990 -1.505740
v 2.023100 1.199120 -1.506300
v 2.006030 1.186030 -1.505740
v 1.992950 1.168150 -1.504130
v 1.999980 1.176980 -1.505740
v 1.995170 1.167230 -1.505740
v 2.015200 1.192200 -1.506300
v 2.033250 1.202510 -1.505740
v 2.008270 1.184300 -1.506300
v 2.002440 1.175560 -1.506300
v 1.997790 1.166140 -1.506300
v 2.024830 1.196880 -1.505740
v 2.017210 1.190190 -1.505740
v 2.010520 1.182570 -1.505740
v 2.004890 1.174150 -1.505740
v 2.000410 1.165060 -1.505740
v 2.002630 1.164140 -1.504130
v 2.006970 1.172950 -1.504130
v 2.012430 1.181110 -1.504130
v 2.018910 1.188490 -1.504130
v 2.026290 1.194970 -1.504130
v 2.004120 1.163520 -1.501730
v 2.008370 1.172140 -1.501730
v 2.013710 1.180130 -1.501730
v 2.020040 1.187360 -1.501730
v 2.004640 1.163310 -1.498890
v 2.008850 1.171860 -1.498890
v 2.014150 1.179790 -1.498890
v 2.013710 1.180130 -1.496060
v 2.020440 1.186960 -1.498890
v 2.020040 1.187360 -1.496060
v 2.026290 1.194970 -1.493660
v 2.027270 1.193690 -1.496060
v 2.034450 1.200420 -1.493660
v 2.027610 1.193250 -1.498890
v 2.043260 1.204770 -1.493660
v 2.035260 1.199030 -1.496060
v 2.027270 1.193690 -1.501730
v 2.052560 1.207920 -1.493660
v 2.043880 1.203280 -1.496060
v 2.035540 1.198550 -1.498890
v 2.035260 1.199030 -1.501730
v 2.062190 1.209840 -1.493660
v 2.052980 1.206370 -1.496060
v 2.044090 1.202760 -1.498890
v 2.034450 1.200420 -1.504130
v 2.071990 1.210480 -1.493660
v 2.062400 1.208250 -1.496060
v 2.053120 1.205830 -1.498890
v 2.043880 1.203280 -1.501730
v 2.043260 1.204770 -1.504130
v 2.081790 1.209840 -1.493660
v 2.071990 1.208880 -1.496060
v 2.062480 1.207690 -1.498890
v 2.052980 1.206370 -1.501730
v 2.052560 1.207920 -1.504130
v 2.062400 1.208250 -1.501730
v 2.091420 1.207920 -1.493660
v 2.081580 1.208250 -1.496060
v 2.071990 1.208310 -1.498890
v 2.071990 1.208880 -1.501730
v 2.081510 1.207690 -1.498890
v 2.081580 1.208250 -1.501730
v 2.091010 1.206370 -1.496060
v 2.100720 1.204770 -1.493660
v 2.090860 1.205830 -1.498890
v 2.091010 1.206370 -1.501730
v 2.100110 1.203280 -1.496060
v 2.110730 1.202510 -1.492050
v 2.099890 1.202760 -1.498890
v 2.100110 1.203280 -1.501730
v 2.109530 1.200420 -1.493660
v 2.119160 1.196880 -1.492050
v 2.108730 1.199030 -1.496060
v 2.108440 1.198550 -1.498890
v 2.108730 1.199030 -1.501730
v 2.116370 1.193250 -1.498890
v 2.126780 1.190190 -1.492050
v 2.116720 1.193690 -1.496060
v 2.123940 1.187360 -1.496060
v 2.125080 1.188490 -1.493660
v 2.117690 1.194970 -1.493660
v 2.159150 1.135410 -1.501730
v 2.159710 1.073570 -1.498890
v 2.159710 1.135410 -1.498890
v 2.159150 1.073570 -1.501730
v 2.157540 1.135410 -1.504130
v 2.159710 0.970780 -1.498890
v 2.157540 1.073570 -1.504130
v 2.155140 1.135410 -1.505740
v 2.159150 0.970780 -1.501730
v 2.159710 0.968840 -1.498890
v 2.155140 1.073570 -1.505740
v 2.152310 1.135410 -1.506300
v 2.159150 0.968840 -1.501730
v 2.161990 0.968620 -1.498890
v 2.161250 0.968620 -1.502600
v 2.157540 0.970780 -1.504130
v 2.157540 0.968840 -1.504130
v 2.159160 0.968620 -1.505740
v 2.152310 1.073570 -1.506300
v 2.149470 1.135410 -1.505740
v 2.155140 0.970780 -1.505740
v 2.155140 0.968830 -1.505740
v 2.156010 0.968620 -1.507840
v 2.149470 1.073570 -1.505740
v 2.147070 1.135410 -1.504130
v 2.152310 0.970780 -1.506300
v 2.152310 0.968830 -1.506300
v 2.152310 0.968620 -1.508570
v 2.147070 1.073570 -1.504130
v 2.145460 1.135410 -1.501730
v 2.149470 0.970780 -1.505740
v 2.149470 0.968830 -1.505740
v 2.148600 0.968620 -1.507840
v 2.145460 1.073570 -1.501730
v 2.144900 1.135410 -1.498890
v 2.147070 0.970780 -1.504130
v 2.147070 0.968840 -1.504130
v 2.145460 0.968620 -1.505740
v 2.144900 1.073570 -1.498890
v 2.145460 1.135410 -1.496060
v 2.145470 0.970780 -1.501730
v 2.145470 0.968830 -1.501730
v 2.143360 0.968620 -1.502600
v 2.145460 1.073570 -1.496060
v 2.147070 1.135410 -1.493660
v 2.144900 0.970780 -1.498890
v 2.144900 0.968840 -1.498890
v 2.142620 0.968620 -1.498890
v 2.147070 1.073570 -1.493660
v 2.149470 1.135410 -1.492050
v 2.145470 0.970780 -1.496060
v 2.145470 0.968840 -1.496060
v 2.143360 0.968620 -1.495180
v 2.149470 1.073570 -1.492050
v 2.152310 1.135410 -1.491490
v 2.147070 0.970780 -1.493660
v 2.147070 0.968840 -1.493660
v 2.145460 0.968620 -1.492040
v 2.152310 1.073570 -1.491490
v 2.155140 1.135410 -1.492050
v 2.149470 0.970780 -1.492050
v 2.149470 0.968840 -1.492050
v 2.148600 0.968620 -1.489940
v 2.155140 1.073570 -1.492050
v 2.157540 1.135410 -1.493660
v 2.152310 0.970780 -1.491490
v 2.152310 0.968840 -1.491490
v 2.152310 0.968620 -1.489210
v 2.157540 1.073570 -1.493660
v 2.159150 1.135410 -1.496060
v 2.155140 0.970780 -1.492050
v 2.155140 0.968840 -1.492050
v 2.156010 0.968620 -1.489940
v 2.159150 1.073570 -1.496060
v 2.159710 1.135410 -1.498890
v 2.159710 1.073570 -1.498890
v 2.157540 0.970780 -1.493660
v 2.157540 0.968840 -1.493660
v 2.159160 0.968620 -1.492040
v 2.159150 0.970780 -1.496060
v 2.159710 0.970780 -1.498890
v 2.159150 0.968840 -1.496060
v 2.161250 0.968620 -1.495180
v 2.159710 0.968840 -1.498890
v 2.161990 0.968620 -1.498890
v 1.984830 1.105720 -1.496060
v 1.983510 1.105610 -1.498890
v 1.984270 1.105720 -1.498890
v 1.984130 1.105610 -1.495770
v 1.986440 1.105720 -1.493660
v 1.983160 1.105050 -1.498890
v 1.985900 1.105610 -1.493120
v 1.988840 1.105720 -1.492050
v 1.983810 1.105050 -1.495630
v 1.983160 1.103710 -1.498890
v 1.988550 1.105610 -1.491350
v 1.991680 1.105720 -1.491490
v 1.985650 1.105050 -1.492870
v 1.983810 1.103710 -1.495630
v 1.983160 1.066300 -1.498890
v 1.991680 1.105610 -1.490730
v 1.994510 1.105720 -1.492050
v 1.988420 1.105050 -1.491020
v 1.983810 1.066300 -1.495630
v 1.983160 1.065350 -1.498890
v 1.985650 1.103710 -1.492870
v 1.994800 1.105610 -1.491350
v 1.996920 1.105720 -1.493660
v 1.983810 1.065350 -1.495630
v 1.983660 1.064550 -1.498890
v 1.991680 1.105050 -1.490370
v 1.985650 1.066300 -1.492870
v 1.988420 1.103710 -1.491020
v 1.997450 1.105610 -1.493120
v 1.998520 1.105720 -1.496060
v 1.984270 1.064550 -1.495820
v 1.985850 1.064550 -1.498890
v 1.994940 1.105050 -1.491020
v 1.991680 1.103710 -1.490370
v 1.985650 1.065350 -1.492870
v 1.988420 1.066300 -1.491020
v 1.999220 1.105610 -1.495770
v 1.999090 1.105720 -1.498890
v 1.986300 1.064550 -1.496670
v 1.986230 1.064210 -1.498890
v 1.997700 1.105050 -1.492870
v 1.994940 1.103710 -1.491020
v 1.991680 1.066300 -1.490370
v 1.986010 1.064550 -1.493220
v 1.988420 1.065350 -1.491020
v 1.986650 1.064210 -1.496810
v 1.986230 1.060510 -1.498890
v 1.987560 1.064550 -1.494780
v 1.988610 1.064550 -1.491480
v 1.991680 1.065350 -1.490370
v 1.994940 1.066300 -1.491020
v 1.986650 1.060510 -1.496810
v 1.986640 1.059970 -1.498890
v 1.987830 1.064210 -1.495040
v 1.989450 1.064550 -1.493510
v 1.991680 1.064550 -1.490870
v 1.987020 1.059970 -1.496970
v 1.986790 1.059760 -1.498890
v 1.987830 1.060510 -1.495040
v 1.989590 1.064210 -1.493860
v 1.987160 1.059760 -1.497020
v 1.987230 1.060280 -1.498890
v 1.988110 1.059970 -1.495330
v 1.987570 1.060280 -1.497190
v 1.987600 1.060280 -1.498890
v 1.987910 1.060280 -1.497330
v 1.988220 1.059760 -1.495440
v 1.988530 1.060280 -1.495750
v 1.988790 1.060280 -1.496010
v 1.989590 1.060510 -1.493860
v 1.991680 1.064550 -1.493070
v 1.989750 1.059970 -1.494240
v 1.989810 1.059760 -1.494380
v 1.989970 1.060280 -1.494780
v 1.990120 1.060280 -1.495130
v 1.991680 1.064210 -1.493450
v 1.991680 1.060510 -1.493450
v 1.991680 1.059970 -1.493850
v 1.991680 1.059760 -1.494010
v 1.991680 1.060280 -1.494440
v 1.991680 1.060280 -1.494820
v 1.993380 1.060280 -1.494780
v 1.993240 1.060280 -1.495130
v 1.993550 1.059760 -1.494380
v 1.993610 1.059970 -1.494240
v 1.993760 1.060510 -1.493860
v 1.993760 1.064210 -1.493860
v 1.994830 1.060280 -1.495750
v 1.994560 1.060280 -1.496010
v 1.995130 1.059760 -1.495440
v 1.995240 1.059970 -1.495330
v 1.995530 1.060510 -1.495040
v 1.995790 1.060280 -1.497190
v 1.995450 1.060280 -1.497330
v 1.996190 1.059760 -1.497020
v 1.996340 1.059970 -1.496970
v 1.996130 1.060280 -1.498890
v 1.995760 1.060280 -1.498890
v 1.996570 1.059760 -1.498890
v 1.995790 1.060280 -1.500600
v 1.995450 1.060280 -1.500460
v 1.995530 1.064210 -1.495040
v 1.996710 1.060510 -1.496810
v 1.996720 1.059970 -1.498890
v 1.996190 1.059760 -1.500770
v 1.994830 1.060280 -1.502040
v 1.994560 1.060280 -1.501780
v 1.996710 1.064210 -1.496810
v 1.997120 1.060510 -1.498890
v 1.996340 1.059970 -1.500820
v 1.995130 1.059760 -1.502350
v 1.993380 1.060280 -1.503010
v 1.993240 1.060280 -1.502660
v 1.997120 1.064210 -1.498890
v 1.996710 1.060510 -1.500980
v 1.995240 1.059970 -1.502460
v 1.993550 1.059760 -1.503410
v 1.991680 1.060280 -1.503350
v 1.991680 1.060280 -1.502970
v 1.996710 1.064210 -1.500980
v 1.995530 1.060510 -1.502750
v 1.993610 1.059970 -1.503550
v 1.991680 1.059760 -1.503780
v 1.989970 1.060280 -1.503010
v 1.990120 1.060280 -1.502660
v 1.995530 1.064210 -1.502750
v 1.993760 1.060510 -1.503930
v 1.991680 1.059970 -1.503940
v 1.989810 1.059760 -1.503410
v 1.988530 1.060280 -1.502040
v 1.988790 1.060280 -1.501780
v 1.993760 1.064210 -1.503930
v 1.991680 1.060510 -1.504340
v 1.989750 1.059970 -1.503550
v 1.988220 1.059760 -1.502350
v 1.987570 1.060280 -1.500600
v 1.987910 1.060280 -1.500460
v 1.987230 1.060280 -1.498890
v 1.987600 1.060280 -1.498890
v 1.986790 1.059760 -1.498890
v 1.987160 1.059760 -1.500770
v 1.986640 1.059970 -1.498890
v 1.987020 1.059970 -1.500820
v 1.986230 1.060510 -1.498890
v 1.988110 1.059970 -1.502460
v 1.986650 1.060510 -1.500980
v 1.986230 1.064210 -1.498890
v 1.987830 1.060510 -1.502750
v 1.986650 1.064210 -1.500980
v 1.985850 1.064550 -1.498890
v 1.989590 1.060510 -1.503930
v 1.986300 1.064550 -1.501120
v 1.983660 1.064550 -1.498890
v 1.987830 1.064210 -1.502750
v 1.989590 1.064210 -1.503930
v 1.984270 1.064550 -1.501960
v 1.983160 1.065350 -1.498890
v 1.987560 1.064550 -1.503010
v 1.991680 1.064210 -1.504340
v 1.983800 1.065350 -1.502160
v 1.983160 1.066300 -1.498890
v 1.989450 1.064550 -1.504270
v 1.986010 1.064550 -1.504570
v 1.991680 1.064550 -1.504720
v 1.983800 1.066300 -1.502160
v 1.983160 1.103710 -1.498890
v 1.985650 1.065350 -1.504920
v 1.988610 1.064550 -1.506310
v 1.993910 1.064550 -1.504270
v 1.983800 1.103710 -1.502160
v 1.983160 1.105050 -1.498890
v 1.985650 1.066300 -1.504920
v 1.988420 1.065350 -1.506770
v 1.991680 1.064550 -1.506920
v 1.995800 1.064550 -1.503010
v 1.983800 1.105050 -1.502160
v 1.983510 1.105610 -1.498890
v 1.985650 1.103710 -1.504920
v 1.988420 1.066300 -1.506770
v 1.991680 1.065350 -1.507420
v 1.994750 1.064550 -1.506310
v 1.997060 1.064550 -1.501120
v 1.984130 1.105610 -1.502020
v 1.984270 1.105720 -1.498890
v 1.984830 1.105720 -1.501730
v 1.997350 1.064550 -1.504570
v 1.994940 1.065350 -1.506770
v 1.997500 1.064550 -1.498890
v 1.985650 1.105050 -1.504920
v 1.985900 1.105610 -1.504670
v 1.986440 1.105720 -1.504130
v 1.999090 1.064550 -1.501960
v 1.997060 1.064550 -1.496670
v 1.988420 1.103710 -1.506770
v 1.988550 1.105610 -1.506440
v 1.988840 1.105720 -1.505740
v 1.988420 1.105050 -1.506770
v 1.991680 1.066300 -1.507420
v 1.991680 1.105610 -1.507060
v 1.991680 1.105720 -1.506300
v 1.991680 1.105050 -1.507420
v 1.991680 1.103710 -1.507420
v 1.994940 1.066300 -1.506770
v 1.994800 1.105610 -1.506440
v 1.994510 1.105720 -1.505740
v 1.994940 1.105050 -1.506770
v 1.994940 1.103710 -1.506770
v 1.997700 1.065350 -1.504920
v 1.997450 1.105610 -1.504670
v 1.996920 1.105720 -1.504130
v 1.997700 1.066300 -1.504920
v 1.997700 1.105050 -1.504920
v 1.997700 1.103710 -1.504920
v 1.999550 1.065350 -1.502160
v 1.999220 1.105610 -1.502020
v 1.998520 1.105720 -1.501730
v 1.999550 1.066300 -1.502160
v 1.999550 1.105050 -1.502160
v 1.999550 1.103710 -1.502160
v 1.999700 1.064550 -1.498890
v 1.999840 1.105610 -1.498890
v 2.000200 1.065350 -1.498890
v 2.000200 1.066300 -1.498890
v 2.000200 1.105050 -1.498890
v 1.999550 1.105050 -1.495630
v 2.000200 1.103710 -1.498890
v 1.999090 1.064550 -1.495820
v 1.997700 1.103710 -1.492870
v 1.999550 1.103710 -1.495630
v 1.999550 1.065350 -1.495630
v 1.999550 1.066300 -1.495630
v 1.997700 1.066300 -1.492870
v 1.995800 1.064550 -1.494780
v 1.997350 1.064550 -1.493220
v 1.997700 1.065350 -1.492870
v 1.994940 1.065350 -1.491020
v 1.993910 1.064550 -1.493510
v 1.994750 1.064550 -1.491480
v 2.162520 0.936740 -1.468250
v 2.161440 0.936740 -1.468060
v 2.160740 0.940230 -1.468060
v 2.161740 0.940650 -1.468250
v 2.158760 0.943190 -1.468060
v 2.161740 0.940650 -1.469040
v 2.162520 0.936740 -1.469150
v 2.159530 0.943960 -1.468250
v 2.155800 0.945170 -1.468060
v 2.159530 0.943960 -1.468940
v 2.161740 0.940650 -1.493860
v 2.162520 0.936740 -1.497600
v 2.156220 0.946170 -1.468250
v 2.152310 0.945870 -1.468060
v 2.161740 0.940650 -1.494980
v 2.162520 0.936740 -1.498880
v 2.159530 0.943960 -1.491660
v 2.159530 0.943960 -1.490680
v 2.156220 0.946170 -1.489450
v 2.156220 0.946170 -1.488560
v 2.152310 0.946950 -1.488670
v 2.156220 0.946170 -1.468880
v 2.152310 0.946950 -1.487820
v 2.148400 0.946170 -1.489450
v 2.152310 0.946950 -1.468850
v 2.148400 0.946170 -1.488560
v 2.145090 0.943960 -1.491660
v 2.152310 0.946950 -1.468250
v 2.148810 0.945170 -1.468060
v 2.145090 0.943960 -1.490680
v 2.142870 0.940650 -1.494980
v 2.148400 0.946170 -1.468880
v 2.148400 0.946170 -1.468250
v 2.145850 0.943190 -1.468060
v 2.142870 0.940650 -1.493860
v 2.142100 0.936740 -1.498880
v 2.145090 0.943960 -1.468940
v 2.145090 0.943960 -1.468250
v 2.143870 0.940230 -1.468060
v 2.142100 0.936740 -1.497600
v 2.142870 0.932830 -1.494980
v 2.142870 0.940650 -1.469040
v 2.142870 0.940650 -1.468250
v 2.143180 0.936740 -1.468060
v 2.142870 0.932830 -1.493860
v 2.145090 0.929520 -1.491660
v 2.142100 0.936740 -1.469150
v 2.142100 0.936740 -1.468250
v 2.143870 0.933240 -1.468060
v 2.145090 0.929520 -1.490680
v 2.148400 0.927300 -1.489450
v 2.142870 0.932830 -1.469040
v 2.142870 0.932830 -1.468250
v 2.145850 0.930280 -1.468060
v 2.148400 0.927300 -1.488560
v 2.152310 0.926530 -1.488670
v 2.145090 0.929520 -1.468940
v 2.145090 0.929520 -1.468250
v 2.148810 0.928300 -1.468060
v 2.152310 0.926530 -1.487820
v 2.156220 0.927300 -1.489450
v 2.148400 0.927300 -1.468880
v 2.148400 0.927300 -1.468250
v 2.152310 0.927610 -1.468060
v 2.156220 0.927300 -1.488560
v 2.159530 0.929520 -1.491660
v 2.152310 0.926530 -1.468850
v 2.152310 0.926530 -1.468250
v 2.155800 0.928300 -1.468060
v 2.159530 0.929520 -1.490680
v 2.161740 0.932830 -1.494980
v 2.156220 0.927300 -1.468880
v 2.156220 0.927300 -1.468250
v 2.158760 0.930280 -1.468060
v 2.161740 0.932830 -1.493860
v 2.162520 0.936740 -1.498880
v 2.162520 0.936740 -1.497600
v 2.159530 0.929520 -1.468940
v 2.159530 0.929520 -1.468250
v 2.160740 0.933240 -1.468060
v 2.161740 0.932830 -1.469040
v 2.162520 0.936740 -1.469150
v 2.161740 0.932830 -1.468250
v 2.161440 0.936740 -1.468060
v 2.162520 0.936740 -1.468250
v 2.160740 0.933240 -1.468060
v 2.162530 0.936740 -1.467810
v 2.161440 0.936740 -1.468060
v 2.161750 0.932830 -1.467810
v 2.158760 0.930280 -1.468060
v 2.162530 0.936740 -1.467130
v 2.159540 0.929510 -1.467810
v 2.155800 0.928300 -1.468060
v 2.161750 0.932830 -1.467130
v 2.162530 0.936740 -1.456340
v 2.156220 0.927290 -1.467810
v 2.152310 0.927610 -1.468060
v 2.159540 0.929510 -1.467130
v 2.161750 0.932830 -1.456340
v 2.162530 0.936740 -1.455700
v 2.152310 0.926520 -1.467810
v 2.148810 0.928300 -1.468060
v 2.156220 0.927290 -1.467130
v 2.161750 0.932830 -1.455700
v 2.161590 0.936740 -1.454890
v 2.159540 0.929510 -1.456340
v 2.148400 0.927290 -1.467810
v 2.145850 0.930280 -1.468060
v 2.160880 0.933190 -1.454890
v 2.160410 0.936740 -1.454890
v 2.159790 0.933640 -1.454890
v 2.152310 0.926520 -1.467130
v 2.159540 0.929510 -1.455700
v 2.158870 0.930170 -1.454890
v 2.158030 0.931010 -1.454890
v 2.156220 0.927290 -1.456340
v 2.145080 0.929510 -1.467810
v 2.143870 0.933240 -1.468060
v 2.156220 0.927290 -1.455700
v 2.155860 0.928160 -1.454890
v 2.155410 0.929260 -1.454890
v 2.148400 0.927290 -1.467130
v 2.152310 0.926520 -1.456340
v 2.142860 0.932830 -1.467810
v 2.143180 0.936740 -1.468060
v 2.152310 0.926520 -1.455700
v 2.152310 0.927460 -1.454890
v 2.152310 0.928640 -1.454890
v 2.145080 0.929510 -1.467130
v 2.148400 0.927290 -1.456340
v 2.142090 0.936740 -1.467810
v 2.143870 0.940230 -1.468060
v 2.148400 0.927290 -1.455700
v 2.148760 0.928160 -1.454890
v 2.149210 0.929260 -1.454890
v 2.142860 0.932830 -1.467130
v 2.145080 0.929510 -1.456340
v 2.142860 0.940650 -1.467810
v 2.145850 0.943190 -1.468060
v 2.145080 0.929510 -1.455700
v 2.145740 0.930170 -1.454890
v 2.146580 0.931010 -1.454890
v 2.142090 0.936740 -1.467130
v 2.142860 0.932830 -1.456340
v 2.145080 0.943970 -1.467810
v 2.148810 0.945170 -1.468060
v 2.142860 0.932830 -1.455700
v 2.143730 0.933190 -1.454890
v 2.144830 0.933640 -1.454890
v 2.142860 0.940650 -1.467130
v 2.142090 0.936740 -1.456340
v 2.148400 0.946180 -1.467810
v 2.152310 0.945870 -1.468060
v 2.142090 0.936740 -1.455700
v 2.143030 0.936740 -1.454890
v 2.144210 0.936740 -1.454890
v 2.145080 0.943970 -1.467130
v 2.142860 0.940650 -1.456340
v 2.152310 0.946960 -1.467810
v 2.155800 0.945170 -1.468060
v 2.142860 0.940650 -1.455700
v 2.143730 0.940290 -1.454890
v 2.144830 0.939840 -1.454890
v 2.148400 0.946180 -1.467130
v 2.145080 0.943970 -1.456340
v 2.156220 0.946180 -1.467810
v 2.158760 0.943190 -1.468060
v 2.145080 0.943970 -1.455700
v 2.145740 0.943300 -1.454890
v 2.146580 0.942460 -1.454890
v 2.152310 0.946960 -1.467130
v 2.148400 0.946180 -1.456340
v 2.159540 0.943970 -1.467810
v 2.160740 0.940230 -1.468060
v 2.148400 0.946180 -1.455700
v 2.148760 0.945310 -1.454890
v 2.149210 0.944220 -1.454890
v 2.156220 0.946180 -1.467130
v 2.152310 0.946960 -1.456340
v 2.161750 0.940650 -1.467810
v 2.161440 0.936740 -1.468060
v 2.162530 0.936740 -1.467810
v 2.152310 0.946960 -1.455700
v 2.152310 0.946020 -1.454890
v 2.152310 0.944840 -1.454890
v 2.159540 0.943970 -1.467130
v 2.161750 0.940650 -1.467130
v 2.162530 0.936740 -1.467130
v 2.156220 0.946180 -1.456340
v 2.156220 0.946180 -1.455700
v 2.155860 0.945310 -1.454890
v 2.155410 0.944220 -1.454890
v 2.159540 0.943970 -1.456340
v 2.161750 0.940650 -1.456340
v 2.162530 0.936740 -1.456340
v 2.159540 0.943970 -1.455700
v 2.158870 0.943300 -1.454890
v 2.158030 0.942460 -1.454890
v 2.161750 0.940650 -1.455700
v 2.162530 0.936740 -1.455700
v 2.160880 0.940290 -1.454890
v 2.159790 0.939840 -1.454890
v 2.161590 0.936740 -1.454890
v 2.160410 0.936740 -1.454890
v 2.155410 0.929260 -1.454890
v 2.152310 0.928640 -1.454890
v 2.149210 0.929260 -1.454890
v 2.158030 0.931010 -1.454890
v 2.146580 0.931010 -1.454890
v 2.159790 0.933640 -1.454890
v 2.144830 0.933640 -1.454890
v 2.160410 0.936740 -1.454890
v 2.144210 0.936740 -1.454890
v 2.159790 0.939840 -1.454890
v 2.144830 0.939840 -1.454890
v 2.158030 0.942460 -1.454890
v 2.146580 0.942460 -1.454890
v 2.155410 0.944220 -1.454890
v 2.149210 0.944220 -1.454890
v 2.152310 0.944840 -1.454890
v 1.995450 1.060280 -1.497330
v 1.995760 1.060280 -1.498890
v 1.995450 1.060280 -1.500460
v 1.994560 1.060280 -1.496010
v 1.994560 1.060280 -1.501780
v 1.993240 1.060280 -1.495130
v 1.993240 1.060280 -1.502660
v 1.991680 1.060280 -1.494820
v 1.991680 1.060280 -1.502970
v 1.990120 1.060280 -1.495130
v 1.990120 1.060280 -1.502660
v 1.988790 1.060280 -1.496010
v 1.988790 1.060280 -1.501780
v 1.987910 1.060280 -1.497330
v 1.987910 1.060280 -1.500460
v 1.987600 1.060280 -1.498890
vn -0.0000 1.0000 -0.0000
vn 0.6611 0.6474 -0.3791
vn 0.7452 0.6364 -0.1991
vn 0.9154 0.3180 -0.2468
vn 0.8188 0.3275 -0.4715
vn 0.3825 0.6472 -0.6594
vn 0.8666 -0.0000 -0.4990
vn 0.9654 -0.0000 -0.2609
vn 0.4731 0.3269 -0.8181
vn -0.0000 0.6439 -0.7651
vn 0.5002 -0.0000 -0.8659
vn 0.9653 -0.0000 -0.2610
vn 0.0004 0.3259 -0.9454
vn -0.3817 0.6463 -0.6608
vn 0.8666 -0.0000 -0.4989
vn 0.5001 -0.0000 -0.8660
vn 0.0007 -0.0000 -1.0000
vn 0.0008 -0.0000 -1.0000
vn -0.4995 -0.0000 -0.8663
vn 0.0009 -0.0000 -1.0000
vn -0.8666 -0.0000 -0.4990
vn -0.4994 -0.0000 -0.8663
vn -1.0000 -0.0000 -0.0000
vn -0.4722 0.3272 -0.8185
vn -0.6618 0.6469 -0.3789
vn -0.8666 -0.0000 0.4989
vn -0.8188 0.3280 -0.4712
vn -0.7611 0.6486 -0.0017
vn -0.8666 -0.0000 0.4990
vn -0.4995 -0.0000 0.8663
vn -0.9447 0.3281 -0.0005
vn -0.6613 0.6448 0.3833
vn 0.0009 -0.0000 1.0000
vn -0.8191 0.3265 0.4717
vn -0.3815 0.6461 0.6610
vn 0.0008 -0.0000 1.0000
vn 0.5002 -0.0000 0.8659
vn -0.4724 0.3269 0.8185
vn 0.0017 0.6436 0.7654
vn 0.8666 -0.0000 0.4990
vn 0.0011 0.3259 0.9454
vn 0.3801 0.6464 0.6616
vn 0.9653 -0.0000 0.2610
vn 0.9654 -0.0000 0.2609
vn 0.5001 -0.0000 0.8659
vn 0.4724 0.3268 0.8185
vn 0.6629 0.6447 0.3808
vn 0.8196 0.3264 0.4709
vn 0.7465 0.6345 0.2003
vn 0.9151 0.3186 0.2473
vn 0.9806 -0.0000 0.1961
vn 0.9546 -0.0000 0.2980
vn 0.9240 -0.0000 0.3823
vn 0.7567 -0.0000 0.6538
vn 0.9240 -0.0000 0.3824
vn 0.7076 -0.0000 0.7066
vn 0.4195 -0.0000 0.9078
vn 0.3828 -0.0000 0.9238
vn -0.0000 -0.0000 1.0000
vn -0.4195 -0.0000 0.9078
vn -0.3828 -0.0000 0.9238
vn -0.7557 -0.0000 0.6549
vn -0.7068 -0.0000 0.7074
vn -0.9549 -0.0000 0.2969
vn -0.9241 -0.0000 0.3822
vn -0.9979 -0.0000 -0.0644
vn -1.0000 -0.0000 0.0002
vn -0.9239 -0.0000 -0.3826
vn -0.7071 -0.0000 -0.7071
vn -0.3837 -0.0000 -0.9234
vn -0.0000 -0.0000 -1.0000
vn 0.3837 -0.0000 -0.9235
vn 0.3837 -0.0000 -0.9234
vn 0.7078 -0.0000 -0.7064
vn 0.9239 -0.0000 -0.3828
vn 0.9239 -0.0000 -0.3827
vn 0.9807 -0.0000 -0.1956
vn 0.9238 -0.0000 -0.3828
vn 0.9629 0.1897 -0.1920
vn 0.9068 0.1928 -0.3749
vn 0.8516 0.3874 -0.3532
vn 0.9061 0.3826 -0.1807
vn 0.6528 0.3821 -0.6541
vn 0.6947 0.1905 -0.6936
vn 0.3520 0.3858 -0.8528
vn 0.3766 0.1928 -0.9061
vn 0.0011 0.3898 -0.9209
vn 0.0004 0.1941 -0.9810
vn -0.3533 0.3847 -0.8527
vn -0.3837 -0.0000 -0.9235
vn -0.3765 0.1911 -0.9065
vn -0.6534 0.3819 -0.6536
vn -0.6945 0.1903 -0.6938
vn -0.8511 0.3871 -0.3547
vn -1.0000 -0.0000 0.0003
vn -0.9066 0.1927 -0.3754
vn -0.9230 0.3849 -0.0000
vn -0.9815 0.1917 0.0009
vn -0.8510 0.3893 0.3524
vn -0.7069 -0.0000 0.7073
vn -0.4196 -0.0000 0.9077
vn -0.9065 0.1942 0.3748
vn -0.6514 0.3904 0.6505
vn -0.6932 0.1945 0.6940
vn -0.3516 0.3901 0.8510
vn 0.4198 -0.0000 0.9076
vn -0.3749 0.1947 0.9064
vn -0.0008 0.3959 0.9183
vn 0.7565 -0.0000 0.6540
vn -0.0004 0.1974 0.9803
vn 0.3510 0.3929 0.8500
vn 0.7075 -0.0000 0.7067
vn 0.3755 0.1954 0.9060
vn 0.6518 0.3908 0.6500
vn 0.6938 0.1946 0.6933
vn 0.8510 0.3897 0.3521
vn 0.9065 0.1943 0.3749
vn 0.9051 0.3848 0.1809
vn 0.9624 0.1920 0.1924
vn -0.9238 -0.0000 -0.3828
vn -0.9811 -0.0000 -0.1935
vn -0.9806 0.0321 -0.1935
vn -0.3827 -0.0000 -0.9239
vn -0.9240 0.0303 -0.3811
vn -0.3828 -0.0000 -0.9238
vn 0.0002 -0.0000 -1.0000
vn -0.9171 0.1206 -0.3799
vn -0.9724 0.1279 -0.1951
vn -0.7089 0.0232 -0.7049
vn 0.0003 -0.0000 -1.0000
vn 0.3821 -0.0000 -0.9241
vn -0.8938 0.2397 -0.3790
vn -0.9477 0.2542 -0.1929
vn -0.7055 0.0929 -0.7026
vn -0.3861 0.0127 -0.9224
vn 0.3822 -0.0000 -0.9241
vn 0.7075 -0.0000 -0.7067
vn -0.8548 0.3541 -0.3794
vn -0.9062 0.3752 -0.1950
vn -0.6867 0.1838 -0.7033
vn -0.3863 0.0509 -0.9210
vn -0.0037 0.0002 -1.0000
vn 0.9238 -0.0000 -0.3829
vn -0.8010 0.4622 -0.3805
vn -0.8496 0.4902 -0.1947
vn -0.3758 0.1006 -0.9212
vn -0.0076 0.0010 -1.0000
vn 0.3787 -0.0123 -0.9254
vn 1.0000 -0.0000 0.0003
vn -0.7339 0.5633 -0.3796
vn -0.7783 0.5976 -0.1924
vn -0.0080 0.0022 -1.0000
vn 0.3727 -0.0491 -0.9266
vn 0.7052 -0.0231 -0.7087
vn 0.9236 -0.0000 0.3833
vn -0.6539 0.6536 -0.3810
vn -0.6938 0.6933 -0.1951
vn 0.3629 -0.0971 -0.9267
vn 0.6975 -0.0919 -0.7107
vn 0.9228 -0.0303 -0.3842
vn 0.7074 -0.0000 0.7068
vn -0.5631 0.7341 -0.3796
vn -0.5971 0.7787 -0.1924
vn 0.6785 -0.1817 -0.7118
vn 0.9148 -0.1206 -0.3856
vn 0.9995 -0.0328 0.0003
vn 0.3823 -0.0000 0.9240
vn -0.4625 0.8010 -0.3802
vn -0.4904 0.8494 -0.1949
vn 0.8910 -0.2389 -0.3860
vn 0.9915 -0.1304 0.0001
vn 0.9226 -0.0303 0.3846
vn 0.3822 -0.0000 0.9241
vn 0.0004 -0.0000 1.0000
vn -0.3540 0.8548 -0.3795
vn -0.3755 0.9061 -0.1948
vn 0.9658 -0.2591 0.0003
vn 0.9145 -0.1205 0.3862
vn 0.7053 -0.0231 0.7086
vn -0.3827 -0.0000 0.9239
vn -0.2395 0.8939 -0.3790
vn -0.2537 0.9478 -0.1929
vn 0.8908 -0.2389 0.3865
vn 0.6977 -0.0916 0.7105
vn 0.3786 -0.0124 0.9255
vn -0.7070 -0.0000 0.7072
vn -0.1206 0.9171 -0.3799
vn -0.1283 0.9723 -0.1953
vn 0.6785 -0.1819 0.7117
vn 0.3727 -0.0489 0.9267
vn -0.0037 0.0002 1.0000
vn -0.7071 -0.0000 0.7071
vn -0.9237 -0.0000 0.3830
vn -0.0000 0.9250 -0.3799
vn 0.0002 0.9811 -0.1936
vn 0.3630 -0.0972 0.9267
vn -0.0077 0.0011 1.0000
vn -0.3862 0.0127 0.9223
vn -0.9810 -0.0000 0.1941
vn -0.7089 0.0233 0.7049
vn -0.9239 0.0302 0.3815
vn -0.9805 0.0319 0.1940
vn -0.9722 0.1283 0.1958
vn -0.9170 0.1207 0.3803
vn -0.9477 0.2537 0.1936
vn -0.3862 0.0509 0.9210
vn -0.7056 0.0927 0.7025
vn -0.8937 0.2395 0.3794
vn -0.9060 0.3754 0.1955
vn -0.6867 0.1841 0.7033
vn -0.8547 0.3540 0.3798
vn -0.8493 0.4903 0.1956
vn -0.3757 0.1008 0.9212
vn -0.8009 0.4624 0.3806
vn -0.7786 0.5971 0.1931
vn -0.6576 0.2723 0.7025
vn -0.0081 0.0021 1.0000
vn -0.7340 0.5630 0.3799
vn -0.6932 0.6937 0.1958
vn -0.6158 0.3555 0.7031
vn -0.3599 0.1491 0.9210
vn -0.0073 0.0030 1.0000
vn -0.6536 0.6538 0.3813
vn -0.5975 0.7783 0.1930
vn -0.5637 0.4327 0.7036
vn -0.3374 0.1948 0.9210
vn 0.3471 -0.1438 0.9267
vn -0.5632 0.7338 0.3799
vn -0.4901 0.8495 0.1953
vn -0.5024 0.5025 0.7036
vn -0.3090 0.2373 0.9210
vn -0.0065 0.0039 1.0000
vn 0.6488 -0.2689 0.7118
vn -0.4621 0.8009 0.3808
vn -0.3752 0.9061 0.1956
vn -0.4326 0.5638 0.7036
vn -0.2755 0.2755 0.9210
vn -0.0067 0.0051 1.0000
vn 0.3250 -0.1877 0.9269
vn 0.8520 -0.3530 0.3865
vn -0.3540 0.8547 0.3797
vn -0.2542 0.9476 0.1936
vn -0.3555 0.6159 0.7030
vn -0.2371 0.3089 0.9210
vn -0.0061 0.0060 1.0000
vn 0.2977 -0.2286 0.9269
vn 0.6083 -0.3513 0.7117
vn -0.2396 0.8937 0.3794
vn -0.1279 0.9723 0.1957
vn -0.2726 0.6575 0.7024
vn -0.1950 0.3375 0.9209
vn -0.0047 0.0062 1.0000
vn 0.2654 -0.2655 0.9269
vn 0.5572 -0.4278 0.7117
vn 0.7993 -0.4612 0.3853
vn -0.1205 0.9171 0.3801
vn -0.0002 0.9809 0.1943
vn -0.1838 0.6867 0.7034
vn -0.1491 0.3598 0.9210
vn -0.0040 0.0069 1.0000
vn 0.2288 -0.2979 0.9268
vn 0.4979 -0.4975 0.7104
vn -0.0000 0.9249 0.3802
vn 0.1281 0.9723 0.1955
vn -0.0930 0.7056 0.7025
vn -0.1006 0.3756 0.9213
vn -0.0030 0.0074 1.0000
vn 0.1875 -0.3249 0.9270
vn 0.1207 0.9170 0.3802
vn 0.2540 0.9475 0.1943
vn 0.0001 0.7111 0.7031
vn -0.0509 0.3862 0.9210
vn -0.0020 0.0076 1.0000
vn 0.2394 0.8936 0.3797
vn 0.3753 0.9063 0.1944
vn 0.0928 0.7055 0.7026
vn -0.0000 0.3897 0.9210
vn 0.3541 0.8546 0.3797
vn 0.4905 0.8493 0.1954
vn 0.1841 0.6866 0.7033
vn 0.4625 0.8011 0.3800
vn 0.5970 0.7786 0.1930
vn 0.1438 -0.3470 0.9268
vn -0.0010 0.0076 1.0000
vn 0.0508 0.3861 0.9211
vn 0.2722 0.6573 0.7028
vn 0.5631 0.7339 0.3799
vn 0.6934 0.6934 0.1958
vn 0.0969 -0.3624 0.9270
vn -0.0000 0.0078 1.0000
vn 0.1007 0.3755 0.9213
vn 0.3558 0.6162 0.7026
vn 0.6538 0.6540 0.3806
vn 0.7781 0.5969 0.1955
vn 0.0492 -0.3727 0.9267
vn 0.0010 0.0077 1.0000
vn 0.1490 0.3600 0.9210
vn 0.4328 0.5637 0.7036
vn 0.7336 0.5627 0.3810
vn 0.8493 0.4904 0.1956
vn -0.0001 -0.3752 0.9270
vn 0.0020 0.0076 1.0000
vn 0.1949 0.3374 0.9210
vn 0.5029 0.5030 0.7029
vn 0.8007 0.4625 0.3808
vn 0.9059 0.3755 0.1956
vn -0.0490 -0.3727 0.9267
vn 0.0031 0.0076 1.0000
vn 0.2371 0.3088 0.9211
vn 0.5642 0.4328 0.7031
vn 0.8542 0.3539 0.3809
vn 0.9472 0.2533 0.1966
vn -0.0970 -0.3624 0.9270
vn 0.0039 0.0068 1.0000
vn 0.2754 0.2754 0.9210
vn 0.6159 0.3556 0.7030
vn 0.8932 0.2391 0.3809
vn 0.9722 0.1278 0.1961
vn -0.1436 -0.3469 0.9268
vn 0.0046 0.0060 1.0000
vn 0.3095 0.2375 0.9208
vn 0.6568 0.2722 0.7033
vn 0.9170 0.1206 0.3803
vn 0.9789 0.0645 0.1940
vn 0.9233 0.0607 0.3794
vn 0.6872 0.1840 0.7027
vn 0.7056 0.0928 0.7025
vn 0.7103 0.0465 0.7024
vn 0.3376 0.1949 0.9209
vn 0.0057 0.0057 1.0000
vn 0.3598 0.1491 0.9210
vn 0.3865 0.0508 0.9209
vn 0.3898 0.0255 0.9205
vn 0.3764 0.1009 0.9209
vn 0.0064 0.0049 1.0000
vn 0.0080 0.0010 1.0000
vn 0.0084 0.0006 1.0000
vn 0.0071 0.0041 1.0000
vn 0.0078 0.0021 1.0000
vn 0.0073 0.0030 1.0000
vn -0.3719 -0.0489 0.9270
vn -0.3754 -0.0248 0.9265
vn -0.3629 -0.0973 0.9267
vn -0.3471 -0.1437 0.9267
vn -0.3253 -0.1879 0.9267
vn -0.2979 -0.2286 0.9268
vn -0.6970 -0.0918 0.7112
vn -0.7023 -0.0464 0.7104
vn -0.6793 -0.1820 0.7109
vn -0.6498 -0.2692 0.7108
vn -0.6088 -0.3516 0.7111
vn -0.9145 -0.1205 0.3861
vn -0.9207 -0.0607 0.3854
vn -0.8910 -0.2384 0.3865
vn -0.8525 -0.3532 0.3855
vn -0.9914 -0.1305 0.0002
vn -0.9978 -0.0659 0.0002
vn -0.9660 -0.2587 0.0004
vn -0.9147 -0.1204 -0.3857
vn -0.9210 -0.0607 -0.3848
vn -0.5579 -0.4283 0.7108
vn -0.7988 -0.4610 0.3865
vn -0.9239 -0.3827 0.0004
vn -0.8910 -0.2386 -0.3862
vn -0.6970 -0.0919 -0.7112
vn -0.7021 -0.0463 -0.7106
vn -0.7318 -0.5617 0.3859
vn -0.8659 -0.5001 0.0003
vn -0.8527 -0.3529 -0.3852
vn -0.6794 -0.1820 -0.7109
vn -0.3719 -0.0490 -0.9270
vn -0.3756 -0.0246 -0.9265
vn -0.7933 -0.6089 0.0003
vn -0.7988 -0.4613 -0.3861
vn -0.6498 -0.2692 -0.7108
vn -0.3629 -0.0972 -0.9268
vn 0.0080 0.0011 -1.0000
vn 0.0085 0.0005 -1.0000
vn -0.7321 -0.5617 -0.3855
vn -0.6088 -0.3517 -0.7112
vn -0.3471 -0.1438 -0.9267
vn 0.0077 0.0021 -1.0000
vn 0.3865 0.0508 -0.9209
vn 0.3898 0.0255 -0.9205
vn -0.5579 -0.4282 -0.7109
vn -0.3254 -0.1878 -0.9267
vn 0.0073 0.0031 -1.0000
vn 0.3764 0.1009 -0.9210
vn 0.7056 0.0927 -0.7025
vn 0.7104 0.0467 -0.7022
vn -0.2979 -0.2286 -0.9268
vn 0.0071 0.0041 -1.0000
vn 0.3598 0.1492 -0.9210
vn 0.6872 0.1840 -0.7027
vn 0.9171 0.1204 -0.3800
vn 0.9233 0.0609 -0.3792
vn 0.9790 0.0645 -0.1934
vn 0.9724 0.1278 -0.1954
vn 0.9473 0.2535 -0.1959
vn 0.8933 0.2392 -0.3805
vn 0.9061 0.3755 -0.1951
vn 0.8543 0.3540 -0.3806
vn 0.8494 0.4904 -0.1949
vn 0.6567 0.2723 -0.7033
vn 0.8009 0.4625 -0.3804
vn 0.7782 0.5970 -0.1948
vn 0.6159 0.3555 -0.7031
vn 0.7336 0.5629 -0.3808
vn 0.6932 0.6938 -0.1954
vn 0.3376 0.1949 -0.9209
vn 0.5642 0.4329 -0.7030
vn 0.6539 0.6541 -0.3802
vn 0.5976 0.7784 -0.1924
vn 0.3096 0.2374 -0.9208
vn 0.5031 0.5029 -0.7029
vn 0.5632 0.7340 -0.3796
vn 0.4902 0.8496 -0.1946
vn 0.0064 0.0049 -1.0000
vn 0.2753 0.2755 -0.9210
vn 0.4326 0.5638 -0.7035
vn 0.4624 0.8012 -0.3798
vn 0.3755 0.9063 -0.1938
vn 0.0057 0.0057 -1.0000
vn 0.2371 0.3089 -0.9211
vn 0.3560 0.6162 -0.7026
vn 0.3543 0.8548 -0.3793
vn 0.2541 0.9476 -0.1937
vn -0.2656 -0.2655 -0.9268
vn 0.0046 0.0060 -1.0000
vn 0.1949 0.3374 -0.9210
vn 0.2723 0.6573 -0.7027
vn 0.2395 0.8937 -0.3795
vn 0.1278 0.9725 -0.1948
vn -0.4973 -0.4971 -0.7110
vn -0.2285 -0.2978 -0.9269
vn 0.0039 0.0067 -1.0000
vn 0.1490 0.3599 -0.9210
vn 0.1838 0.6867 -0.7033
vn 0.1207 0.9172 -0.3797
vn -0.6522 -0.6524 -0.3859
vn -0.4276 -0.5576 -0.7115
vn -0.1875 -0.3249 -0.9270
vn 0.0032 0.0076 -1.0000
vn 0.1006 0.3756 -0.9213
vn 0.0930 0.7055 -0.7026
vn -0.7071 -0.7071 0.0003
vn -0.5618 -0.7320 -0.3855
vn -0.3516 -0.6088 -0.7112
vn -0.1437 -0.3469 -0.9268
vn -0.0001 0.7111 -0.7031
vn 0.0020 0.0075 -1.0000
vn 0.0509 0.3862 -0.9210
vn -0.0928 0.7057 -0.7024
vn -0.0000 0.3897 -0.9210
vn 0.0010 0.0076 -1.0000
vn -0.0969 -0.3624 -0.9270
vn -0.2689 -0.6493 -0.7114
vn -0.1841 0.6867 -0.7033
vn -0.0508 0.3861 -0.9211
vn -0.0000 0.0078 -1.0000
vn -0.0492 -0.3727 -0.9267
vn -0.2723 0.6576 -0.7024
vn -0.1007 0.3755 -0.9213
vn -0.0010 0.0076 -1.0000
vn -0.3555 0.6158 -0.7031
vn -0.1490 0.3599 -0.9210
vn -0.4327 0.5637 -0.7036
vn -0.1818 -0.6790 -0.7112
vn 0.0001 -0.3752 -0.9270
vn -0.0020 0.0076 -1.0000
vn -0.1949 0.3375 -0.9209
vn -0.5025 0.5024 -0.7036
vn -0.0920 -0.6975 -0.7106
vn 0.0490 -0.3727 -0.9267
vn -0.0030 0.0073 -1.0000
vn -0.2372 0.3089 -0.9211
vn -0.5638 0.4326 -0.7035
vn 0.0001 -0.7034 -0.7108
vn 0.0971 -0.3624 -0.9270
vn -0.0040 0.0069 -1.0000
vn -0.2755 0.2755 -0.9210
vn -0.6159 0.3555 -0.7030
vn 0.0918 -0.6976 -0.7106
vn 0.1437 -0.3470 -0.9268
vn -0.0048 0.0061 -1.0000
vn -0.3091 0.2373 -0.9210
vn -0.6576 0.2726 -0.7024
vn -0.3374 0.1948 -0.9210
vn -0.3598 0.1491 -0.9210
vn -0.0060 0.0061 -1.0000
vn 0.1877 -0.3249 -0.9270
vn -0.0067 0.0051 -1.0000
vn -0.0066 0.0038 -1.0000
vn -0.0073 0.0030 -1.0000
vn 0.2287 -0.2980 -0.9268
vn 0.2654 -0.2654 -0.9269
vn 0.2978 -0.2286 -0.9268
vn 0.3255 -0.1880 -0.9266
vn 0.3471 -0.1437 -0.9267
vn 0.6490 -0.2688 -0.7117
vn 0.6081 -0.3511 -0.7120
vn 0.5574 -0.4279 -0.7115
vn 0.4975 -0.4979 -0.7103
vn 0.4279 -0.5572 -0.7116
vn 0.8522 -0.3529 -0.3863
vn 0.7989 -0.4612 -0.3860
vn 0.7320 -0.5617 -0.3856
vn 0.6525 -0.6526 -0.3850
vn 0.9239 -0.3827 0.0003
vn 0.8661 -0.4999 0.0002
vn 0.7934 -0.6087 0.0005
vn 0.7321 -0.5617 0.3855
vn 0.7071 -0.7071 0.0003
vn 0.6526 -0.6524 0.3853
vn 0.4277 -0.5574 0.7116
vn 0.5615 -0.7321 0.3857
vn 0.3513 -0.6083 0.7117
vn 0.6087 -0.7934 0.0002
vn 0.2687 -0.6490 0.7118
vn 0.4615 -0.7991 0.3852
vn 0.5618 -0.7322 -0.3852
vn 0.1818 -0.6787 0.7115
vn 0.3527 -0.8522 0.3864
vn 0.4998 -0.8661 0.0004
vn 0.4613 -0.7994 -0.3850
vn 0.0921 -0.6975 0.7107
vn 0.2392 -0.8913 0.3851
vn 0.3827 -0.9239 0.0003
vn 0.3513 -0.6083 -0.7117
vn -0.0001 -0.7034 0.7108
vn 0.1206 -0.9146 0.3859
vn 0.2591 -0.9658 0.0004
vn 0.3531 -0.8522 -0.3862
vn 0.2688 -0.6490 -0.7118
vn -0.0918 -0.6976 0.7106
vn -0.0000 -0.9224 0.3862
vn 0.1304 -0.9915 0.0006
vn 0.2389 -0.8915 -0.3850
vn 0.1820 -0.6788 -0.7114
vn 0.1207 -0.9146 -0.3858
vn -0.1819 -0.6790 0.7112
vn -0.1205 -0.9146 0.3859
vn -0.0000 -1.0000 0.0003
vn -0.0000 -0.9226 -0.3858
vn -0.1306 -0.9914 0.0002
vn -0.1205 -0.9148 -0.3855
vn -0.2389 -0.8913 0.3853
vn -0.2689 -0.6493 0.7114
vn -0.2590 -0.9659 0.0003
vn -0.2393 -0.8914 -0.3849
vn -0.3532 -0.8520 0.3866
vn -0.1876 -0.3249 0.9269
vn -0.3826 -0.9239 0.0003
vn -0.3528 -0.8523 -0.3862
vn -0.3515 -0.6087 0.7113
vn -0.2285 -0.2977 0.9269
vn -0.4613 -0.7992 0.3854
vn -0.4997 -0.8662 0.0003
vn -0.4616 -0.7991 -0.3850
vn -0.6087 -0.7934 0.0004
vn -0.2656 -0.2655 0.9268
vn -0.5617 -0.7318 0.3858
vn -0.6522 -0.6523 0.3862
vn -0.4973 -0.4972 0.7110
vn -0.4278 -0.5576 0.7114
vn 0.9811 -0.0000 -0.1935
vn 0.7071 -0.0000 -0.7071
vn 0.3831 -0.0000 -0.9237
vn 0.6912 0.7097 -0.1363
vn 0.3830 -0.0000 -0.9237
vn 0.0004 -0.0000 -1.0000
vn 0.6439 0.7170 -0.2668
vn 0.0961 0.9952 -0.0190
vn 0.0889 0.9954 -0.0369
vn 0.4928 0.7159 -0.4946
vn 0.0667 0.9955 -0.0677
vn 0.2659 0.7187 -0.6425
vn 0.0351 0.9958 -0.0850
vn 0.0002 0.7180 -0.6961
vn -0.0000 0.9958 -0.0921
vn -0.9239 -0.0000 -0.3827
vn -0.2647 0.7191 -0.6425
vn -0.0348 0.9957 -0.0861
vn -0.7081 -0.0000 -0.7061
vn -0.4949 0.7162 -0.4921
vn -0.0679 0.9955 -0.0667
vn -0.9238 -0.0000 -0.3830
vn -0.6421 0.7185 -0.2673
vn -0.0852 0.9957 -0.0362
vn -0.6968 0.7172 -0.0002
vn -0.0960 0.9954 -0.0000
vn -0.9236 -0.0000 0.3833
vn -0.6444 0.7164 0.2674
vn -0.0885 0.9954 0.0367
vn -0.3828 -0.0000 0.9239
vn 0.0003 -0.0000 1.0000
vn -0.7081 -0.0000 0.7061
vn -0.4938 0.7167 0.4924
vn -0.0678 0.9954 0.0679
vn 0.3831 -0.0000 0.9237
vn -0.2667 0.7172 0.6438
vn -0.0367 0.9954 0.0887
vn 0.7071 -0.0000 0.7071
vn 0.0002 0.7164 0.6977
vn -0.0000 0.9954 0.0960
vn 0.9237 -0.0000 0.3831
vn 0.3830 -0.0000 0.9237
vn 0.2670 0.7171 0.6438
vn 0.0366 0.9954 0.0886
vn 0.9810 -0.0000 0.1941
vn 0.4932 0.7165 0.4934
vn 0.0676 0.9954 0.0677
vn 0.9237 -0.0000 0.3830
vn 0.6439 0.7170 0.2669
vn 0.0888 0.9954 0.0367
vn 0.6911 0.7097 0.1368
vn 0.0960 0.9952 0.0191
vn -0.1432 0.9893 0.0284
vn -0.5774 0.8084 0.1147
vn -0.1327 0.9896 0.0551
vn -0.5375 0.8135 0.2220
vn -0.1010 0.9898 0.1008
vn -0.9465 0.2620 0.1885
vn -0.4097 0.8153 0.4093
vn -0.0548 0.9896 0.1327
vn -0.8903 0.2667 0.3692
vn -0.9807 -0.0000 0.1955
vn -0.2218 0.8155 0.5346
vn -0.0000 0.9897 0.1433
vn -0.6813 0.2690 0.6807
vn -0.9240 -0.0000 0.3824
vn -0.0001 0.8177 0.5757
vn 0.0550 0.9896 0.1328
vn -0.3680 0.2698 0.8898
vn -0.9464 -0.2622 0.1887
vn -0.7074 -0.0000 0.7068
vn 0.2203 0.8171 0.5327
vn 0.1019 0.9896 0.1015
vn -0.8907 -0.2662 0.3685
vn -0.5256 -0.8442 0.1047
vn -0.0001 0.2727 0.9621
vn 0.4098 0.8152 0.4093
vn 0.1327 0.9896 0.0552
vn -0.4891 -0.8485 0.2023
vn -0.3153 -0.9468 0.0639
vn 0.3690 0.2717 0.8888
vn -0.6817 -0.2676 0.6810
vn 0.5330 0.8168 0.2208
vn 0.1450 0.9894 -0.0001
vn -0.2947 -0.9478 0.1221
vn -0.8888 -0.4216 0.1797
vn 0.6812 0.2693 0.6808
vn 0.3836 -0.0000 0.9235
vn -0.3725 -0.8495 0.3736
vn -0.3691 -0.2661 0.8905
vn -0.8353 -0.4261 0.3475
vn -0.9344 -0.3020 0.1887
vn -0.2268 -0.9475 0.2255
vn -0.2029 -0.8484 0.4890
vn 0.0001 -0.2669 0.9637
vn 0.3835 -0.0000 0.9235
vn -0.8797 -0.3046 0.3652
vn -0.7950 -0.5855 0.1587
vn -0.6405 -0.4251 0.6396
vn -0.1215 -0.9480 0.2941
vn 0.0001 -0.8490 0.5284
vn -0.7482 -0.5882 0.3068
vn -0.1377 -0.9901 0.0272
vn -0.6743 -0.3041 0.6730
vn -0.3463 -0.4267 0.8355
vn -0.1315 -0.9898 0.0555
vn 0.4598 -0.8833 -0.0912
vn -0.5678 -0.5968 0.5669
vn 0.4249 -0.8878 -0.1766
vn -0.0000 -1.0000 -0.0000
vn -0.0895 -0.9918 0.0917
vn 0.3277 -0.8863 -0.3273
vn -0.3632 -0.3083 0.8792
vn 0.0001 -0.9484 0.3172
vn -0.3065 -0.5971 0.7413
vn -0.0497 -0.9915 0.1199
vn 0.1801 -0.8839 -0.4316
vn 0.0005 -0.4281 0.9037
vn -0.0004 -0.3031 0.9530
vn -0.0003 -0.6003 0.7998
vn 0.0016 -0.9932 0.1166
vn 0.0001 -0.8841 -0.4673
vn -0.1782 -0.8853 -0.4296
vn 0.0486 -0.9913 0.1226
vn 0.3085 -0.5962 0.7412
vn 0.3634 -0.3063 0.8799
vn 0.3447 -0.4285 0.8352
vn -0.3302 -0.8845 -0.3296
vn 0.0879 -0.9924 0.0865
vn 0.5658 -0.6001 0.5655
vn 0.6730 -0.3075 0.6727
vn -0.4290 -0.8856 -0.1779
vn 0.1117 -0.9925 0.0499
vn 0.7405 -0.5992 0.3043
vn -0.4625 -0.8866 0.0004
vn 0.1386 -0.9904 0.0026
vn -0.4299 -0.8852 0.1780
vn 0.6395 -0.4250 0.6406
vn 0.8803 -0.3042 0.3641
vn 0.8078 -0.5895 0.0014
vn 0.1114 -0.9925 -0.0512
vn -0.3310 -0.8844 0.3290
vn 0.8359 -0.4265 0.3456
vn 0.9531 -0.3026 0.0005
vn 0.7406 -0.5991 -0.3043
vn 0.0873 -0.9923 -0.0880
vn -0.1777 -0.8852 0.4299
vn 0.9038 -0.4280 0.0002
vn 0.8807 -0.3038 -0.3635
vn 0.5649 -0.6002 -0.5662
vn 0.0509 -0.9914 -0.1209
vn -0.0004 -0.8840 0.4675
vn 0.8362 -0.4264 -0.3450
vn 0.6726 -0.3073 -0.6732
vn 0.3090 -0.5955 -0.7416
vn -0.0018 -0.9931 -0.1169
vn 0.1791 -0.8843 0.4312
vn 0.6395 -0.4250 -0.6407
vn 0.3628 -0.3068 -0.8799
vn 0.0004 -0.6004 -0.7997
vn -0.0484 -0.9916 -0.1197
vn 0.3274 -0.8866 0.3266
vn 0.3454 -0.4233 -0.8376
vn 0.0011 -0.3031 -0.9530
vn -0.3072 -0.5977 -0.7405
vn -0.0905 -0.9918 -0.0901
vn 0.4253 -0.8879 0.1754
vn -0.0000 -1.0000 -0.0001
vn 0.4601 -0.8831 0.0916
vn -0.0000 -1.0000 0.0001
vn -0.1372 -0.9902 -0.0262
vn -0.1308 -0.9897 -0.0577
vn -0.7946 -0.5866 -0.1565
vn -0.7471 -0.5894 -0.3071
vn -0.9351 -0.3012 -0.1866
vn -0.5679 -0.5967 -0.5670
vn -0.8799 -0.3039 -0.3652
vn -0.8889 -0.4217 -0.1787
vn -0.6736 -0.3044 -0.6735
vn -0.8353 -0.4264 -0.3472
vn -0.3157 -0.9467 -0.0635
vn -0.3646 -0.3080 -0.8788
vn -0.2946 -0.9478 -0.1220
vn -0.5256 -0.8443 -0.1044
vn -0.6404 -0.4249 -0.6398
vn -0.3463 -0.4207 -0.8385
vn -0.4850 -0.8515 -0.1993
vn -0.9466 -0.2630 -0.1863
vn -0.2267 -0.9475 -0.2255
vn -0.0005 -0.4276 -0.9040
vn -0.8897 -0.2710 -0.3675
vn -0.9814 -0.0000 -0.1921
vn -0.1234 -0.9462 -0.2992
vn -0.3724 -0.8497 -0.3733
vn -0.0005 -0.9485 -0.3167
vn -0.9242 -0.0000 -0.3819
vn -0.6811 -0.2678 -0.6815
vn -0.2025 -0.8484 -0.4891
vn 0.1240 -0.9467 -0.2972
vn -0.9470 0.2625 -0.1854
vn -0.7065 -0.0000 -0.7077
vn -0.3688 -0.2662 -0.8906
vn -0.0002 -0.8490 -0.5284
vn 0.2263 -0.9476 -0.2257
vn -0.8892 0.2715 -0.3681
vn -0.5768 0.8090 -0.1132
vn -0.0001 -0.2669 -0.9637
vn 0.2029 -0.8484 -0.4890
vn 0.2945 -0.9479 -0.1211
vn -0.5331 0.8168 -0.2205
vn -0.1433 0.9893 -0.0283
vn -0.1328 0.9896 -0.0548
vn 0.3755 -0.8478 -0.3745
vn 0.3696 -0.2659 -0.8903
vn 0.3172 -0.9484 -0.0000
vn -0.6806 0.2693 -0.6813
vn -0.4094 0.8153 -0.4094
vn -0.1008 0.9898 -0.1009
vn 0.4880 -0.8492 -0.2017
vn 0.2945 -0.9479 0.1214
vn -0.2221 0.8156 -0.5343
vn -0.0551 0.9896 -0.1327
vn -0.3682 0.2697 -0.8898
vn 0.0003 0.8177 -0.5757
vn 0.0001 0.9897 -0.1433
vn 0.0002 0.2725 -0.9621
vn 0.3836 -0.0000 -0.9235
vn 0.2207 0.8169 -0.5329
vn 0.0549 0.9896 -0.1328
vn 0.3692 0.2719 -0.8887
vn 0.6821 -0.2654 -0.6814
vn 0.4093 0.8152 -0.4099
vn 0.1019 0.9896 -0.1016
vn 0.6808 0.2694 -0.6811
vn 0.8898 -0.2676 -0.3697
vn 0.5330 0.8169 -0.2203
vn 0.1329 0.9896 -0.0550
vn 0.9236 -0.0000 -0.3833
vn 0.8889 0.2716 -0.3688
vn 0.5283 -0.8491 -0.0000
vn 0.5763 0.8173 0.0002
vn 0.9637 -0.2670 0.0002
vn 0.9621 0.2727 0.0004
vn 0.8887 0.2719 0.3692
vn 0.4889 -0.8484 0.2029
vn 0.9235 -0.0000 0.3836
vn 0.8903 -0.2659 0.3696
vn 0.2263 -0.9476 0.2256
vn 0.3748 -0.8479 0.3750
vn 0.6817 -0.2651 0.6819
vn 0.3696 -0.2661 0.8903
vn 0.1213 -0.9488 0.2917
vn 0.2030 -0.8483 0.4891
vn 0.1595 0.0660 0.9850
vn 0.1732 0.0347 0.9843
vn 0.7856 0.1568 0.5986
vn 0.7346 0.3043 0.6065
vn 0.1217 0.1215 0.9851
vn 0.9239 0.3827 -0.0000
vn 0.9807 0.1956 -0.0000
vn 0.5622 0.5622 0.6065
vn 0.0660 0.1594 0.9850
vn 0.7071 0.7071 -0.0000
vn 0.9238 0.3828 -0.0000
vn 0.3044 0.7346 0.6064
vn -0.0000 0.1732 0.9849
vn 0.9546 0.2980 -0.0000
vn 0.7561 0.6545 -0.0000
vn 0.4196 0.9077 -0.0000
vn 0.3828 0.9238 -0.0000
vn 0.0001 1.0000 -0.0000
vn -0.4198 0.9076 -0.0000
vn -0.3828 0.9238 -0.0000
vn -0.7549 0.6558 -0.0000
vn -0.0000 0.7954 0.6060
vn -0.0665 0.1599 0.9849
vn -0.7063 0.7079 -0.0000
vn -0.9550 0.2967 -0.0000
vn -0.3827 0.9239 -0.0000
vn -0.3044 0.7347 0.6063
vn -0.1224 0.1223 0.9849
vn -0.9240 0.3825 -0.0000
vn -1.0000 -0.0001 -0.0000
vn -0.7064 0.7078 -0.0000
vn -0.5617 0.5629 0.6064
vn -0.1594 0.0660 0.9850
vn -0.9549 -0.2968 -0.0000
vn -0.9239 0.3826 -0.0000
vn -0.7349 0.3044 0.6061
vn -0.1733 -0.0000 0.9849
vn -0.9239 -0.3826 -0.0000
vn -0.7555 -0.6552 -0.0000
vn -0.7951 -0.0000 0.6064
vn -0.1600 -0.0662 0.9849
vn -0.7071 -0.7071 -0.0000
vn -0.4198 -0.9076 -0.0000
vn -0.9239 -0.3825 -0.0000
vn -0.7351 -0.3042 0.6058
vn -0.1230 -0.1231 0.9847
vn -0.3826 -0.9239 -0.0000
vn -0.0001 -1.0000 -0.0000
vn -0.5623 -0.5625 0.6062
vn -0.0664 -0.1600 0.9849
vn 0.4200 -0.9075 -0.0000
vn -0.3044 -0.7351 0.6058
vn 0.0001 -0.1733 0.9849
vn 0.3826 -0.9239 -0.0000
vn 0.7564 -0.6542 -0.0000
vn 0.0001 -0.7951 0.6065
vn 0.0658 -0.1596 0.9850
vn 0.7078 -0.7064 -0.0000
vn 0.9546 -0.2979 -0.0000
vn 0.3043 -0.7349 0.6060
vn 0.1224 -0.1223 0.9849
vn 0.9239 -0.3828 -0.0000
vn 0.9807 -0.1956 -0.0000
vn 0.7079 -0.7064 -0.0000
vn 0.5630 -0.5617 0.6063
vn 0.1598 -0.0664 0.9849
vn 0.9239 -0.3827 -0.0000
vn 0.7347 -0.3044 0.6063
vn 0.1732 -0.0345 0.9843
vn 0.7856 -0.1568 0.5985
vn 0.2232 -0.0447 -0.9738
vn 0.7987 -0.1594 -0.5803
vn 0.2064 -0.0859 -0.9747
vn 0.7474 -0.3091 -0.5880
vn 0.1574 -0.1573 -0.9749
vn 0.9807 -0.1957 -0.0000
vn 0.5726 -0.5712 -0.5881
vn 0.0851 -0.2059 -0.9749
vn 0.9241 -0.3821 -0.0000
vn 0.3091 -0.7476 -0.5879
vn -0.0000 -0.2235 -0.9747
vn 0.9023 -0.1800 0.3916
vn -0.0000 -0.8088 -0.5881
vn -0.0856 -0.2065 -0.9747
vn 0.3820 -0.9242 -0.0000
vn 0.8475 -0.3505 0.3987
vn 0.3842 -0.0767 0.9200
vn -0.3090 -0.7478 -0.5876
vn -0.1581 -0.1583 -0.9747
vn 0.3554 -0.1471 0.9231
vn 0.0001 -0.0000 1.0000
vn 0.6494 -0.6478 0.3982
vn 0.2725 -0.2723 0.9228
vn -0.0001 -0.0000 1.0000
vn -0.5720 -0.5721 -0.5878
vn -0.2064 -0.0856 -0.9747
vn 0.3503 -0.8477 0.3984
vn 0.1469 -0.3558 0.9229
vn -0.3820 -0.9242 -0.0000
vn -0.7478 -0.3090 -0.5876
vn -0.2236 0.0001 -0.9747
vn -0.0000 -0.9172 0.3984
vn 0.0001 -0.3849 0.9229
vn -0.8088 -0.0000 -0.5881
vn -0.2059 0.0851 -0.9749
vn -0.3504 -0.8476 0.3984
vn -0.1470 -0.3558 0.9229
vn -0.9242 -0.3820 -0.0000
vn -0.7476 0.3090 -0.5879
vn -0.1574 0.1571 -0.9750
vn -0.6488 -0.6492 0.3970
vn -0.2734 -0.2740 0.9220
vn -0.9242 -0.3819 -0.0000
vn -0.5714 0.5725 -0.5880
vn -0.0857 0.2063 -0.9747
vn -0.8478 -0.3501 0.3983
vn -0.3558 -0.1466 0.9230
vn -0.9242 0.3819 -0.0000
vn -0.3090 0.7475 -0.5880
vn 0.0001 0.2235 -0.9747
vn -0.9172 -0.0001 0.3984
vn -0.3850 -0.0001 0.9229
vn -0.9242 0.3820 -0.0000
vn 0.0001 0.8091 -0.5877
vn 0.0853 0.2058 -0.9749
vn -0.8476 0.3504 0.3985
vn -0.3558 0.1471 0.9229
vn -0.3821 0.9241 -0.0000
vn 0.3091 0.7472 -0.5884
vn 0.1561 0.1566 -0.9752
vn -0.6479 0.6493 0.3983
vn -0.2725 0.2724 0.9228
vn 0.5716 0.5718 -0.5884
vn 0.2058 0.0852 -0.9749
vn -0.3504 0.8475 0.3986
vn -0.1470 0.3555 0.9231
vn 0.3821 0.9241 -0.0000
vn 0.7473 0.3091 -0.5882
vn 0.2233 0.0446 -0.9737
vn 0.7987 0.1594 -0.5802
vn -0.0001 0.9173 0.3982
vn -0.0001 0.3854 0.9228
vn 0.9241 0.3821 -0.0000
vn 0.3505 0.8475 0.3986
vn 0.1471 0.3553 0.9231
vn 0.7071 0.7072 -0.0000
vn 0.9807 0.1957 -0.0000
vn 0.6483 0.6481 0.3996
vn 0.2713 0.2709 0.9236
vn 0.8474 0.3505 0.3988
vn 0.9023 0.1802 0.3917
vn 0.3554 0.1473 0.9230
vn 0.3844 0.0769 0.9200
vt 0.616900 0.512548
vt 0.622429 0.515740
vt 0.625622 0.521270
vt 0.625622 0.527655
vt 0.610515 0.512548
vt 0.622429 0.533184
vt 0.604986 0.515740
vt 0.601793 0.521270
vt 0.616900 0.536376
vt 0.601793 0.527655
vt 0.610515 0.536376
vt 0.604986 0.533184
vt 0.583592 0.718135
vt 0.576241 0.720069
vt 0.573874 0.714175
vt 0.582490 0.712412
vt 0.591094 0.717076
vt 0.581931 0.708478
vt 0.573204 0.709794
vt 0.590501 0.711380
vt 0.598710 0.716468
vt 0.590169 0.707596
vt 0.579884 0.587802
vt 0.571650 0.587869
vt 0.598380 0.710756
vt 0.606412 0.716091
vt 0.579745 0.563265
vt 0.571510 0.563310
vt 0.587978 0.563226
vt 0.588103 0.587739
vt 0.596207 0.563196
vt 0.596309 0.587685
vt 0.604430 0.563175
vt 0.598187 0.707026
vt 0.604504 0.587641
vt 0.612647 0.563165
vt 0.606108 0.706649
vt 0.612689 0.587610
vt 0.620857 0.563167
vt 0.606221 0.710357
vt 0.614164 0.715827
vt 0.620866 0.587593
vt 0.629060 0.563179
vt 0.613981 0.706390
vt 0.614047 0.710086
vt 0.621926 0.715612
vt 0.629037 0.587590
vt 0.637257 0.563200
vt 0.621819 0.706213
vt 0.621851 0.709892
vt 0.629645 0.715419
vt 0.637203 0.587600
vt 0.645449 0.563229
vt 0.629614 0.706113
vt 0.629609 0.709764
vt 0.637252 0.715255
vt 0.645368 0.587624
vt 0.653636 0.563264
vt 0.637354 0.706115
vt 0.637285 0.709731
vt 0.644647 0.715186
vt 0.653533 0.587659
vt 0.661822 0.563303
vt 0.645037 0.706279
vt 0.644871 0.709903
vt 0.652058 0.715910
vt 0.661705 0.587704
vt 0.670007 0.563343
vt 0.669887 0.587754
vt 0.652820 0.706592
vt 0.652512 0.710210
vt 0.659416 0.716341
vt 0.660730 0.707330
vt 0.668955 0.708489
vt 0.660204 0.710989
vt 0.666256 0.717791
vt 0.668354 0.712493
vt 0.556811 0.388141
vt 0.535821 0.367142
vt 0.556889 0.380283
vt 0.535889 0.360286
vt 0.558378 0.230122
vt 0.514799 0.349308
vt 0.537187 0.229280
vt 0.558427 0.225168
vt 0.537230 0.224958
vt 0.514859 0.343302
vt 0.493720 0.337322
vt 0.515996 0.228534
vt 0.516034 0.224747
vt 0.493773 0.331883
vt 0.472564 0.332976
vt 0.494803 0.227966
vt 0.494837 0.224537
vt 0.472616 0.327737
vt 0.451327 0.336901
vt 0.473608 0.227630
vt 0.473641 0.224327
vt 0.451381 0.331463
vt 0.430015 0.348464
vt 0.452410 0.227546
vt 0.452444 0.224117
vt 0.430075 0.342458
vt 0.408644 0.365869
vt 0.431210 0.227694
vt 0.431248 0.223907
vt 0.408715 0.359015
vt 0.387231 0.386429
vt 0.410009 0.228020
vt 0.410052 0.223698
vt 0.387322 0.378569
vt 0.388807 0.228442
vt 0.388855 0.223488
vt 0.367611 0.228234
vt 0.367659 0.223280
vt 0.366153 0.378303
vt 0.346415 0.228028
vt 0.346462 0.223074
vt 0.366057 0.386146
vt 0.344998 0.378060
vt 0.325218 0.227826
vt 0.325264 0.222871
vt 0.344912 0.385899
vt 0.323851 0.377847
vt 0.304019 0.227629
vt 0.304065 0.222674
vt 0.323778 0.385684
vt 0.302705 0.377664
vt 0.282818 0.227437
vt 0.282862 0.222482
vt 0.302643 0.385502
vt 0.281550 0.377507
vt 0.261614 0.227251
vt 0.261657 0.222295
vt 0.281498 0.385351
vt 0.260375 0.377374
vt 0.240407 0.227069
vt 0.240450 0.222112
vt 0.219198 0.226890
vt 0.219240 0.221933
vt 0.217949 0.377150
vt 0.239176 0.377259
vt 0.217909 0.385027
vt 0.239138 0.385123
vt 0.217885 0.390251
vt 0.260332 0.385227
vt 0.239114 0.390336
vt 0.218033 0.542215
vt 0.260305 0.390433
vt 0.239534 0.541127
vt 0.218386 0.548879
vt 0.281465 0.390551
vt 0.260507 0.540556
vt 0.239796 0.547526
vt 0.302603 0.390698
vt 0.240222 0.554854
vt 0.219487 0.556385
vt 0.260844 0.554118
vt 0.260628 0.546858
vt 0.281372 0.553730
vt 0.281227 0.540292
vt 0.281263 0.546534
vt 0.301721 0.553525
vt 0.323729 0.390878
vt 0.301744 0.540260
vt 0.301720 0.546480
vt 0.322070 0.553727
vt 0.344855 0.391094
vt 0.322231 0.540318
vt 0.322159 0.546541
vt 0.342587 0.554009
vt 0.365991 0.391345
vt 0.342824 0.540534
vt 0.342716 0.546781
vt 0.363153 0.554350
vt 0.387145 0.391633
vt 0.407987 0.407550
vt 0.363455 0.540869
vt 0.363316 0.547115
vt 0.383678 0.554765
vt 0.407897 0.412082
vt 0.428752 0.425579
vt 0.384054 0.541333
vt 0.383896 0.547522
vt 0.404202 0.555408
vt 0.428660 0.429556
vt 0.449661 0.437886
vt 0.404628 0.542686
vt 0.404472 0.548149
vt 0.424833 0.556159
vt 0.449562 0.441498
vt 0.470811 0.442691
vt 0.425292 0.544039
vt 0.425134 0.548854
vt 0.445601 0.557022
vt 0.470689 0.446176
vt 0.492262 0.439377
vt 0.446079 0.545239
vt 0.445926 0.549638
vt 0.466658 0.558006
vt 0.492110 0.442994
vt 0.514043 0.428516
vt 0.467109 0.546140
vt 0.466945 0.550442
vt 0.487704 0.558612
vt 0.513859 0.432509
vt 0.536137 0.411848
vt 0.488149 0.546852
vt 0.487955 0.551245
vt 0.508368 0.559401
vt 0.535918 0.416409
vt 0.558425 0.392013
vt 0.558171 0.397243
vt 0.508968 0.547355
vt 0.508699 0.552153
vt 0.528702 0.560552
vt 0.529694 0.548002
vt 0.550730 0.549154
vt 0.529242 0.553428
vt 0.548831 0.562677
vt 0.550110 0.555525
vt -0.041908 -0.011614
vt -0.042145 -0.026337
vt -0.040203 -0.026368
vt -0.039967 -0.011645
vt -0.041677 0.003108
vt 0.108556 -0.028809
vt -0.039736 0.003078
vt -0.041461 0.017827
vt 0.109014 -0.014271
vt -0.039520 0.017800
vt -0.041271 0.032542
vt 0.165743 -0.016152
vt 0.165406 -0.030488
vt 0.109718 0.000415
vt -0.039330 0.032519
vt -0.041118 0.047255
vt 0.222161 -0.016995
vt 0.222020 -0.031308
vt 0.166106 -0.001667
vt 0.110615 0.015253
vt -0.039177 0.047238
vt -0.041014 0.061968
vt 0.278538 -0.017170
vt 0.278504 -0.031469
vt 0.222310 -0.002518
vt 0.166466 0.013058
vt 0.111618 0.030204
vt -0.039073 0.061958
vt -0.040968 0.076681
vt 0.334874 -0.017171
vt 0.334880 -0.031460
vt 0.222440 0.012224
vt 0.166838 0.028112
vt 0.112603 0.045438
vt -0.039027 0.076679
vt -0.040984 0.091398
vt 0.391241 -0.017032
vt 0.391270 -0.031327
vt 0.222568 0.027470
vt 0.167129 0.043588
vt 0.113429 0.060796
vt -0.039043 0.091404
vt -0.041064 0.106118
vt 0.447630 -0.016842
vt 0.447673 -0.031142
vt 0.222636 0.043068
vt 0.167405 0.059535
vt 0.113992 0.076361
vt -0.039122 0.106133
vt -0.041203 0.120842
vt 0.504065 -0.016571
vt 0.504105 -0.030898
vt 0.222664 0.059141
vt 0.167520 0.075724
vt 0.114153 0.091974
vt -0.039260 0.120864
vt -0.041392 0.135570
vt 0.560614 -0.016429
vt 0.560679 -0.030770
vt 0.222678 0.075516
vt 0.167570 0.092112
vt 0.113935 0.107575
vt -0.039450 0.135597
vt -0.041622 0.150299
vt 0.617218 -0.015952
vt 0.617337 -0.030291
vt 0.222606 0.092186
vt 0.167412 0.108474
vt 0.113332 0.123057
vt -0.039680 0.150332
vt -0.041880 0.165029
vt 0.673709 -0.015392
vt 0.673845 -0.029696
vt 0.222498 0.108870
vt 0.167121 0.124637
vt 0.112433 0.138355
vt -0.039938 0.165064
vt -0.042156 0.179755
vt 0.730067 -0.014797
vt 0.730199 -0.029079
vt 0.222304 0.125297
vt 0.166724 0.140459
vt 0.111367 0.153440
vt -0.040215 0.179792
vt -0.042440 0.194471
vt 0.786349 -0.014262
vt 0.786499 -0.028548
vt 0.222094 0.141439
vt 0.166265 0.155859
vt 0.110272 0.168317
vt -0.040502 0.194508
vt -0.042725 0.209154
vt -0.040789 0.209192
vt 0.109276 0.183019
vt 0.108471 0.197597
vt 0.107910 0.212107
vt 0.164437 0.214175
vt 0.164870 0.199893
vt 0.220753 0.215566
vt 0.165784 0.170845
vt 0.165314 0.185486
vt 0.221011 0.201308
vt 0.277082 0.216334
vt 0.221284 0.186823
vt 0.277245 0.202063
vt 0.333390 0.216940
vt 0.221552 0.172118
vt 0.333513 0.202668
vt 0.389719 0.217414
vt 0.277418 0.187660
vt 0.221827 0.157011
vt 0.389820 0.203133
vt 0.446070 0.217845
vt 0.333633 0.188197
vt 0.277595 0.172909
vt 0.277767 0.157625
vt 0.446163 0.203557
vt 0.502452 0.218256
vt 0.389919 0.188647
vt 0.333771 0.173418
vt 0.277968 0.141965
vt 0.502541 0.203962
vt 0.558845 0.218659
vt 0.446254 0.189063
vt 0.390036 0.173848
vt 0.333878 0.158207
vt 0.278113 0.125913
vt 0.558942 0.204348
vt 0.615345 0.219138
vt 0.502629 0.189461
vt 0.446359 0.174152
vt 0.390123 0.158624
vt 0.334042 0.142501
vt 0.278289 0.109329
vt 0.615418 0.204827
vt 0.671825 0.219340
vt 0.559034 0.189821
vt 0.502729 0.174646
vt 0.446462 0.159029
vt 0.390271 0.142887
vt 0.334200 0.126298
vt 0.671878 0.205036
vt 0.728182 0.219615
vt 0.615506 0.190256
vt 0.559136 0.175083
vt 0.502855 0.159402
vt 0.446605 0.143260
vt 0.390418 0.126641
vt 0.334347 0.109680
vt 0.728229 0.205341
vt 0.784472 0.219791
vt 0.671952 0.190584
vt 0.615600 0.175442
vt 0.559264 0.159810
vt 0.502997 0.143639
vt 0.446753 0.126979
vt 0.784497 0.205554
vt 0.840527 0.219864
vt 0.728294 0.190794
vt 0.672038 0.175767
vt 0.615717 0.160192
vt 0.559406 0.144023
vt 0.840585 0.205652
vt 0.896496 0.220311
vt 0.784565 0.191117
vt 0.728372 0.175987
vt 0.672153 0.160519
vt 0.896594 0.206103
vt 0.952623 0.220779
vt 0.840662 0.191284
vt 0.784629 0.176277
vt 0.952706 0.206552
vt 1.008799 0.221084
vt 0.896685 0.191689
vt 1.008840 0.206871
vt 1.064810 0.221169
vt 0.615817 0.144309
vt 0.728481 0.160738
vt 0.840746 0.176629
vt 0.952787 0.192123
vt 1.064845 0.206967
vt 1.120799 0.221445
vt 0.672221 0.144771
vt 0.784728 0.161102
vt 0.896792 0.176962
vt 1.008901 0.192396
vt 1.120820 0.207259
vt 1.176803 0.221445
vt 0.728572 0.145107
vt 0.840864 0.161435
vt 0.952886 0.177395
vt 1.064898 0.192616
vt 1.176768 0.207260
vt 1.232758 0.221242
vt 0.784851 0.145421
vt 0.896918 0.161789
vt 1.008978 0.177674
vt 1.120839 0.192886
vt 1.232637 0.207068
vt 1.288751 0.220584
vt 0.841005 0.145729
vt 0.952985 0.162124
vt 1.064962 0.177887
vt 1.176735 0.192880
vt 1.288458 0.206419
vt 1.344748 0.219017
vt 0.897062 0.146110
vt 1.009039 0.162522
vt 1.120878 0.178121
vt 1.232527 0.192651
vt 1.344149 0.204867
vt 1.400771 0.215940
vt 0.953124 0.146472
vt 1.065027 0.162851
vt 1.176719 0.178205
vt 1.288199 0.192105
vt 1.399647 0.201861
vt 1.456787 0.210216
vt 1.455165 0.196123
vt 1.343576 0.190656
vt 1.398509 0.187743
vt 1.453176 0.181981
vt 1.232429 0.178105
vt 1.120943 0.163037
vt 1.287941 0.177545
vt 1.397391 0.173495
vt 1.450905 0.167893
vt 1.343020 0.176201
vt 1.176744 0.163108
vt 1.396331 0.159019
vt 1.448518 0.153860
vt 1.232362 0.163065
vt 1.342523 0.161417
vt 1.287724 0.162610
vt 1.395383 0.144253
vt 1.446233 0.139874
vt 1.342087 0.146338
vt 1.287510 0.147119
vt 1.232327 0.147550
vt 1.176760 0.147640
vt 1.394525 0.129201
vt 1.444414 0.125901
vt 1.341692 0.130666
vt 1.287396 0.131285
vt 1.232327 0.131557
vt 1.393995 0.113885
vt 1.443059 0.111903
vt 1.341488 0.114770
vt 1.287349 0.115074
vt 1.393767 0.098455
vt 1.442423 0.097946
vt 1.341427 0.098700
vt 1.393867 0.083062
vt 1.442579 0.084050
vt 1.176834 0.131556
vt 1.232362 0.115176
vt 1.287375 0.098652
vt 1.341520 0.082659
vt 1.394280 0.067854
vt 1.443488 0.070230
vt 1.176924 0.115084
vt 1.232435 0.098581
vt 1.287485 0.082233
vt 1.341744 0.066765
vt 1.394947 0.052946
vt 1.445019 0.056483
vt 1.177034 0.098398
vt 1.232548 0.081997
vt 1.287613 0.066126
vt 1.342108 0.051295
vt 1.395794 0.038378
vt 1.446969 0.042780
vt 1.177166 0.081730
vt 1.232703 0.065648
vt 1.287866 0.050337
vt 1.342564 0.036259
vt 1.396745 0.024131
vt 1.449105 0.029080
vt 1.177322 0.065311
vt 1.232896 0.049698
vt 1.288163 0.035022
vt 1.343076 0.021647
vt 1.397744 0.010128
vt 1.451200 0.015342
vt 1.177463 0.049186
vt 1.233113 0.034240
vt 1.288485 0.020173
vt 1.343631 0.007302
vt 1.398760 -0.003732
vt 1.453070 0.001539
vt 1.454595 -0.012245
vt 1.399811 -0.017600
vt 1.344773 -0.020691
vt 1.344189 -0.006750
vt 1.289489 -0.022404
vt 1.289140 -0.008388
vt 1.234056 -0.023598
vt 1.288804 0.005801
vt 1.233795 -0.009549
vt 1.178359 -0.024507
vt 1.233567 0.004717
vt 1.178157 -0.010382
vt 1.122526 -0.025123
vt 1.233340 0.019268
vt 1.177992 0.003933
vt 1.122377 -0.010946
vt 1.066698 -0.025690
vt 1.177817 0.018539
vt 1.122243 0.003408
vt 1.066550 -0.011544
vt 1.010751 -0.026314
vt 1.177649 0.033674
vt 1.122089 0.018077
vt 1.066422 0.002836
vt 1.010603 -0.012125
vt 0.954698 -0.026778
vt 1.121945 0.033059
vt 1.066281 0.017528
vt 1.010487 0.002262
vt 0.954580 -0.012554
vt 0.898729 -0.027225
vt 1.121763 0.048666
vt 1.066125 0.032648
vt 1.010357 0.017050
vt 0.954473 0.001850
vt 0.898592 -0.013048
vt 0.842725 -0.027867
vt 1.121670 0.064769
vt 1.065956 0.048283
vt 1.010209 0.032177
vt 0.954348 0.016467
vt 0.898470 0.001370
vt 0.842552 -0.013641
vt 1.121503 0.081280
vt 1.065833 0.064311
vt 1.010048 0.047809
vt 0.954218 0.031722
vt 0.898328 0.016107
vt 0.842415 0.000793
vt 1.121354 0.098021
vt 1.065668 0.080887
vt 1.009886 0.063943
vt 0.954052 0.047360
vt 0.786217 0.000193
vt 0.898193 0.031167
vt 0.842266 0.015541
vt 0.729940 -0.000304
vt 0.786070 0.014952
vt 0.842103 0.030726
vt 0.898016 0.046865
vt 0.953880 0.063509
vt 0.673581 -0.000882
vt 0.729793 0.014509
vt 0.785925 0.030257
vt 0.841928 0.046424
vt 0.617107 -0.001409
vt 0.673441 0.013938
vt 0.729657 0.029640
vt 0.560531 -0.001833
vt 0.616982 0.013440
vt 0.504001 -0.002097
vt 0.897834 0.063068
vt 0.785748 0.045950
vt 0.673285 0.029188
vt 0.560440 0.013006
vt 0.447587 -0.002340
vt 0.841749 0.062633
vt 0.729481 0.045406
vt 0.616839 0.028725
vt 0.503925 0.012754
vt 0.391212 -0.002533
vt 0.785567 0.062156
vt 0.673117 0.044954
vt 0.560347 0.028390
vt 0.447524 0.012576
vt 0.334868 -0.002682
vt 0.729306 0.061675
vt 0.616682 0.044513
vt 0.503844 0.027911
vt 0.391170 0.012280
vt 0.278575 -0.002675
vt 0.334847 0.012108
vt 0.278595 0.012020
vt 0.447429 0.027833
vt 0.560215 0.044166
vt 0.391096 0.027517
vt 0.334792 0.027329
vt 0.278585 0.027234
vt 0.503753 0.043803
vt 0.447351 0.043486
vt 0.391006 0.043254
vt 0.334714 0.043054
vt 0.278545 0.042932
vt 0.278478 0.059118
vt 0.334619 0.059283
vt 0.390906 0.059502
vt 0.447265 0.059680
vt 0.503654 0.060171
vt 0.278473 0.075704
vt 0.334557 0.075994
vt 0.390797 0.076175
vt 0.447130 0.076404
vt 0.278354 0.092516
vt 0.334439 0.092855
vt 0.390682 0.093078
vt 0.390557 0.109977
vt 0.447036 0.093326
vt 0.446897 0.110275
vt 0.503147 0.127365
vt 0.503296 0.110675
vt 0.559556 0.127734
vt 0.503441 0.093754
vt 0.615964 0.128045
vt 0.559706 0.111031
vt 0.503512 0.076839
vt 0.672333 0.128411
vt 0.616117 0.111362
vt 0.559854 0.094095
vt 0.559924 0.077159
vt 0.728672 0.128925
vt 0.672489 0.111755
vt 0.616273 0.094436
vt 0.560071 0.060457
vt 0.784949 0.129121
vt 0.728824 0.112215
vt 0.672647 0.094857
vt 0.616356 0.077505
vt 0.616519 0.060803
vt 0.841116 0.129625
vt 0.785101 0.112509
vt 0.728978 0.095284
vt 0.672773 0.077918
vt 0.672943 0.061228
vt 0.729137 0.078359
vt 0.897213 0.129927
vt 0.841279 0.112981
vt 0.785225 0.095630
vt 0.785391 0.078778
vt 0.841405 0.096135
vt 0.841574 0.079260
vt 0.897371 0.113319
vt 0.953274 0.130313
vt 0.897532 0.096469
vt 0.897701 0.079608
vt 0.953429 0.113738
vt 1.009169 0.146866
vt 0.953586 0.096936
vt 0.953748 0.080145
vt 1.009312 0.130709
vt 1.065140 0.147178
vt 1.009420 0.114074
vt 1.009570 0.097290
vt 1.009725 0.080501
vt 1.065513 0.097696
vt 1.120997 0.147332
vt 1.065367 0.114513
vt 1.121222 0.114758
vt 1.121104 0.131253
vt 1.065271 0.131011
vt -0.031137 1.119258
vt -0.032275 0.792714
vt -0.015872 1.119205
vt -0.017018 0.792642
vt -0.000607 1.119152
vt -0.035591 0.250926
vt -0.001756 0.792572
vt 0.014658 1.119099
vt -0.021027 0.248615
vt -0.037349 0.242084
vt 0.013509 0.792504
vt 0.029924 1.119046
vt -0.022590 0.238367
vt -0.042725 0.231986
vt -0.024628 0.226562
vt -0.005673 0.246914
vt -0.006508 0.236314
vt -0.006947 0.224758
vt 0.028779 0.792438
vt 0.045189 1.118994
vt 0.009819 0.245811
vt 0.009420 0.235357
vt 0.009589 0.224394
vt 0.044051 0.792376
vt 0.060455 1.118941
vt 0.025118 0.245053
vt 0.025013 0.234523
vt 0.024839 0.224437
vt 0.059322 0.792317
vt 0.075721 1.118889
vt 0.040406 0.244886
vt 0.040391 0.234643
vt 0.039667 0.224117
vt 0.074596 0.792261
vt 0.090987 1.118837
vt 0.055789 0.244707
vt 0.055752 0.234392
vt 0.054933 0.223664
vt 0.089871 0.792208
vt 0.106252 1.118786
vt 0.071299 0.244506
vt 0.071256 0.234056
vt 0.070412 0.223181
vt 0.105148 0.792159
vt 0.121518 1.118735
vt 0.087002 0.244314
vt 0.086876 0.233659
vt 0.086115 0.222728
vt 0.120424 0.792112
vt 0.136784 1.118683
vt 0.102824 0.244219
vt 0.102610 0.233588
vt 0.101883 0.222488
vt 0.135699 0.792068
vt 0.152050 1.118633
vt 0.118662 0.244206
vt 0.118496 0.233503
vt 0.117794 0.222217
vt 0.150974 0.792027
vt 0.167315 1.118582
vt 0.134595 0.244372
vt 0.134578 0.233557
vt 0.134059 0.221933
vt 0.166247 0.791988
vt 0.182581 1.118531
vt 0.150625 0.244807
vt 0.150798 0.234111
vt 0.151130 0.221933
vt 0.181515 0.791950
vt 0.197846 1.118480
vt 0.166616 0.245235
vt 0.167058 0.234427
vt 0.168354 0.222761
vt 0.196776 0.791913
vt 0.213111 1.118430
vt 0.212033 0.791880
vt 0.182247 0.246181
vt 0.183190 0.235649
vt 0.185141 0.224411
vt 0.197298 0.247760
vt 0.211419 0.249826
vt 0.198789 0.237832
vt 0.201675 0.227303
vt 0.212872 0.241232
vt 0.217397 0.232493
vt 0.562613 0.512060
vt 0.560925 0.507718
vt 0.579532 0.508875
vt 0.579024 0.504642
vt 0.596476 0.508018
vt 0.559885 0.503830
vt 0.596313 0.503671
vt 0.613779 0.508046
vt 0.578612 0.500988
vt 0.558915 0.495775
vt 0.613772 0.503541
vt 0.631049 0.507940
vt 0.596196 0.500038
vt 0.577893 0.493705
vt 0.571004 0.283139
vt 0.631110 0.503695
vt 0.648396 0.508557
vt 0.613769 0.499911
vt 0.590927 0.290921
vt 0.573539 0.276864
vt 0.595952 0.492847
vt 0.648480 0.504008
vt 0.665979 0.508628
vt 0.592957 0.285607
vt 0.576943 0.271163
vt 0.631158 0.500110
vt 0.608773 0.296775
vt 0.613731 0.492774
vt 0.666052 0.504198
vt 0.683483 0.508615
vt 0.595136 0.280439
vt 0.587495 0.258654
vt 0.648537 0.500369
vt 0.631209 0.493003
vt 0.610247 0.291880
vt 0.625356 0.301041
vt 0.683520 0.504217
vt 0.700845 0.508390
vt 0.601912 0.267471
vt 0.589941 0.255736
vt 0.666074 0.500551
vt 0.648598 0.493252
vt 0.641036 0.304262
vt 0.611839 0.287015
vt 0.626459 0.296416
vt 0.603607 0.264164
vt 0.605706 0.231157
vt 0.616732 0.273842
vt 0.627647 0.291786
vt 0.641868 0.299812
vt 0.656258 0.306809
vt 0.617121 0.240902
vt 0.609481 0.227849
vt 0.618016 0.270734
vt 0.631065 0.279213
vt 0.642751 0.295312
vt 0.619775 0.237273
vt 0.610906 0.226637
vt 0.628669 0.248063
vt 0.632172 0.276053
vt 0.620846 0.235881
vt 0.614845 0.223458
vt 0.630747 0.244199
vt 0.623724 0.232215
vt 0.617100 0.221933
vt 0.625404 0.230139
vt 0.631553 0.242740
vt 0.633766 0.238816
vt 0.635032 0.236556
vt 0.640497 0.253366
vt 0.645461 0.283495
vt 0.642041 0.249484
vt 0.642655 0.247981
vt 0.644320 0.243872
vt 0.645270 0.241552
vt 0.646241 0.280234
vt 0.652479 0.257327
vt 0.653607 0.253471
vt 0.654064 0.251933
vt 0.655303 0.247702
vt 0.656049 0.245192
vt 0.666605 0.250547
vt 0.667112 0.248042
vt 0.665703 0.254827
vt 0.665377 0.256384
vt 0.664545 0.260364
vt 0.660239 0.283020
vt 0.678002 0.252467
vt 0.678312 0.249979
vt 0.677449 0.256796
vt 0.677240 0.258376
vt 0.676703 0.262407
vt 0.689653 0.253538
vt 0.689830 0.250899
vt 0.689358 0.257946
vt 0.689253 0.259530
vt 0.701347 0.254045
vt 0.701370 0.251527
vt 0.701315 0.258430
vt 0.712967 0.253699
vt 0.712836 0.251120
vt 0.673949 0.284957
vt 0.688978 0.263663
vt 0.701305 0.260014
vt 0.713226 0.258117
vt 0.724691 0.252668
vt 0.724409 0.250080
vt 0.687526 0.285917
vt 0.701285 0.263973
vt 0.713316 0.259707
vt 0.725215 0.257040
vt 0.736370 0.250899
vt 0.735916 0.248335
vt 0.701148 0.286708
vt 0.713530 0.263761
vt 0.725402 0.258631
vt 0.737185 0.255264
vt 0.747904 0.248333
vt 0.747228 0.245775
vt 0.714841 0.286319
vt 0.725886 0.262788
vt 0.737476 0.256848
vt 0.749036 0.252637
vt 0.759067 0.244830
vt 0.758187 0.242476
vt 0.728481 0.285177
vt 0.738239 0.260891
vt 0.749451 0.254200
vt 0.760612 0.248996
vt 0.769770 0.240118
vt 0.768573 0.237823
vt 0.742260 0.283602
vt 0.750492 0.258105
vt 0.761177 0.250521
vt 0.771863 0.244108
vt 0.779981 0.233825
vt 0.778365 0.231706
vt 0.789087 0.225354
vt 0.786884 0.223767
vt 0.792927 0.228638
vt 0.782741 0.237561
vt 0.794306 0.229891
vt 0.783772 0.238978
vt 0.797985 0.233303
vt 0.772626 0.245592
vt 0.786363 0.242744
vt 0.812709 0.257175
vt 0.774560 0.249432
vt 0.799140 0.265385
vt 0.815089 0.260091
vt 0.762613 0.254442
vt 0.800830 0.268644
vt 0.825887 0.273013
vt 0.784872 0.272186
vt 0.770580 0.277252
vt 0.807302 0.282225
vt 0.829127 0.278953
vt 0.786171 0.275349
vt 0.756354 0.281159
vt 0.809475 0.287392
vt 0.831378 0.285177
vt 0.771624 0.280454
vt 0.790565 0.288470
vt 0.757070 0.284459
vt 0.811452 0.292632
vt 0.840751 0.495949
vt 0.792136 0.293283
vt 0.774740 0.293061
vt 0.742649 0.286742
vt 0.821805 0.493676
vt 0.839540 0.504109
vt 0.793628 0.298179
vt 0.775889 0.297734
vt 0.759485 0.296393
vt 0.728772 0.288146
vt 0.821137 0.501005
vt 0.838432 0.507905
vt 0.803881 0.492765
vt 0.776992 0.302367
vt 0.760332 0.300912
vt 0.744608 0.298873
vt 0.715065 0.289388
vt 0.820709 0.504631
vt 0.836752 0.512060
vt 0.820144 0.508865
vt 0.729849 0.300548
vt 0.745198 0.303303
vt 0.701103 0.289890
vt 0.803689 0.499897
vt 0.803540 0.503496
vt 0.803333 0.507801
vt 0.715265 0.301381
vt 0.687274 0.288935
vt 0.786301 0.492578
vt 0.786285 0.503221
vt 0.786246 0.507668
vt 0.786313 0.499636
vt 0.761141 0.305400
vt 0.769182 0.503276
vt 0.769221 0.507459
vt 0.769151 0.499740
vt 0.769038 0.492729
vt 0.745770 0.307700
vt 0.752069 0.503525
vt 0.752137 0.507995
vt 0.752019 0.499946
vt 0.751879 0.492947
vt 0.730225 0.304910
vt 0.734820 0.503699
vt 0.734889 0.508021
vt 0.730585 0.309248
vt 0.734788 0.500133
vt 0.734685 0.493158
vt 0.715438 0.305706
vt 0.717844 0.503844
vt 0.717889 0.508004
vt 0.715600 0.309995
vt 0.717801 0.500298
vt 0.717688 0.493352
vt 0.700891 0.301509
vt 0.700836 0.504051
vt 0.700859 0.305833
vt 0.700834 0.310102
vt 0.700791 0.500476
vt 0.683508 0.500561
vt 0.700684 0.493484
vt 0.686498 0.301133
vt 0.666069 0.493437
vt 0.683451 0.493501
vt 0.686278 0.305433
vt 0.686069 0.309700
vt 0.671215 0.308542
vt 0.673634 0.287932
vt 0.672045 0.299919
vt 0.671607 0.304233
vt 0.656849 0.302467
vt 0.659781 0.286124
vt 0.657499 0.298035
vt 0.536930 0.567666
vt 0.557470 0.563165
vt 0.560053 0.569435
vt 0.537915 0.573834
vt 0.516411 0.570142
vt 0.538601 0.578083
vt 0.561000 0.574629
vt 0.516947 0.576261
vt 0.495781 0.571736
vt 0.517329 0.579996
vt 0.547081 0.713881
vt 0.570601 0.733522
vt 0.496110 0.577868
vt 0.475032 0.572867
vt 0.547441 0.720129
vt 0.571022 0.740688
vt 0.524104 0.702858
vt 0.523816 0.697398
vt 0.501293 0.691586
vt 0.501091 0.686670
vt 0.479049 0.688002
vt 0.496353 0.581241
vt 0.478941 0.683299
vt 0.457192 0.692537
vt 0.475437 0.582319
vt 0.457167 0.687701
vt 0.435527 0.704526
vt 0.475271 0.578990
vt 0.454434 0.573885
vt 0.435557 0.699234
vt 0.413864 0.722172
vt 0.454724 0.583272
vt 0.454619 0.579951
vt 0.434161 0.574635
vt 0.413944 0.716154
vt 0.391971 0.742931
vt 0.434345 0.584246
vt 0.434271 0.580626
vt 0.414072 0.575123
vt 0.392122 0.735969
vt 0.370690 0.721129
vt 0.414142 0.585144
vt 0.414108 0.581055
vt 0.394199 0.575360
vt 0.370853 0.715043
vt 0.349591 0.702427
vt 0.394106 0.585795
vt 0.394120 0.581256
vt 0.374365 0.575066
vt 0.349791 0.697129
vt 0.328589 0.689493
vt 0.374108 0.585015
vt 0.374165 0.580946
vt 0.354438 0.574507
vt 0.328842 0.684733
vt 0.307459 0.683979
vt 0.354062 0.583977
vt 0.354160 0.580402
vt 0.334502 0.573700
vt 0.307790 0.679430
vt 0.285928 0.686340
vt 0.334018 0.582851
vt 0.334148 0.579605
vt 0.314484 0.572627
vt 0.286348 0.681657
vt 0.263817 0.695995
vt 0.313890 0.581731
vt 0.314076 0.578522
vt 0.294633 0.571465
vt 0.264328 0.690848
vt 0.241067 0.711271
vt 0.293888 0.580481
vt 0.294152 0.577285
vt 0.275248 0.569902
vt 0.241680 0.705391
vt 0.217885 0.729647
vt 0.218599 0.722897
vt 0.274188 0.579035
vt 0.274597 0.575573
vt 0.256454 0.567576
vt 0.254725 0.576855
vt 0.234644 0.573072
vt 0.255445 0.573005
vt 0.238114 0.563165
vt 0.235695 0.568448
vt 0.218940 0.838334
vt 0.217885 0.831122
vt 0.241093 0.838930
vt 0.241578 0.832290
vt 0.262543 0.840998
vt 0.218135 0.827020
vt 0.263280 0.834560
vt 0.283796 0.843260
vt 0.241859 0.828485
vt 0.230842 0.762870
vt 0.284524 0.836884
vt 0.304956 0.845248
vt 0.263658 0.830835
vt 0.251780 0.770420
vt 0.232180 0.759296
vt 0.305579 0.838895
vt 0.326088 0.846799
vt 0.284879 0.833215
vt 0.252774 0.767117
vt 0.235978 0.752938
vt 0.271614 0.775185
vt 0.326570 0.840451
vt 0.347223 0.847853
vt 0.254772 0.760851
vt 0.239932 0.747226
vt 0.256952 0.754606
vt 0.305866 0.835249
vt 0.272259 0.771977
vt 0.273589 0.765622
vt 0.275054 0.759157
vt 0.291197 0.778423
vt 0.347551 0.841501
vt 0.368368 0.848384
vt 0.291637 0.775235
vt 0.292571 0.768849
vt 0.293634 0.762281
vt 0.326774 0.836812
vt 0.310692 0.780720
vt 0.368538 0.842027
vt 0.389522 0.848384
vt 0.310997 0.777535
vt 0.311663 0.771128
vt 0.312454 0.764501
vt 0.347666 0.837863
vt 0.330167 0.782327
vt 0.389533 0.842024
vt 0.410675 0.847851
vt 0.330368 0.779140
vt 0.330826 0.772717
vt 0.331401 0.766056
vt 0.368562 0.838389
vt 0.349650 0.783354
vt 0.410526 0.841491
vt 0.431815 0.846791
vt 0.349760 0.780164
vt 0.350035 0.773728
vt 0.350420 0.767046
vt 0.389464 0.838386
vt 0.369149 0.783848
vt 0.431509 0.840435
vt 0.452925 0.845221
vt 0.369173 0.780656
vt 0.369275 0.774211
vt 0.369481 0.767514
vt 0.410366 0.837854
vt 0.388661 0.783829
vt 0.452472 0.838872
vt 0.473990 0.843184
vt 0.388602 0.780635
vt 0.388535 0.774185
vt 0.388565 0.767478
vt 0.431260 0.836801
vt 0.408184 0.783305
vt 0.473411 0.836847
vt 0.494994 0.840784
vt 0.408043 0.780110
vt 0.407808 0.773655
vt 0.407662 0.766942
vt 0.452138 0.835242
vt 0.427718 0.782280
vt 0.494339 0.834461
vt 0.515918 0.838268
vt 0.427494 0.779083
vt 0.427090 0.772623
vt 0.426765 0.765904
vt 0.473005 0.833220
vt 0.447275 0.780749
vt 0.515305 0.831958
vt 0.536750 0.836190
vt 0.446965 0.777547
vt 0.446384 0.771078
vt 0.445873 0.764351
vt 0.493890 0.830829
vt 0.466890 0.778693
vt 0.536454 0.829961
vt 0.557790 0.836093
vt 0.559017 0.829591
vt 0.466488 0.775477
vt 0.465712 0.768988
vt 0.464991 0.762249
vt 0.514883 0.828300
vt 0.536202 0.826168
vt 0.558929 0.825458
vt 0.486649 0.776049
vt 0.486132 0.772802
vt 0.485111 0.766271
vt 0.484127 0.759511
vt 0.506730 0.772632
vt 0.527469 0.767936
vt 0.549977 0.760757
vt 0.506042 0.769316
vt 0.504651 0.762708
vt 0.503270 0.755928
vt 0.526505 0.764526
vt 0.548779 0.757044
vt 0.524447 0.757775
vt 0.522322 0.750995
vt 0.545038 0.749833
vt 0.540935 0.743419
vt 0.688737 0.569571
vt 0.704201 0.563165
vt 0.720939 0.563165
vt 0.736404 0.569571
vt 0.676901 0.581407
vt 0.748239 0.581407
vt 0.670495 0.596871
vt 0.754645 0.596871
vt 0.670495 0.613609
vt 0.754645 0.613609
vt 0.676901 0.629074
vt 0.748239 0.629074
vt 0.688737 0.640909
vt 0.736404 0.640909
vt 0.704201 0.647315
vt 0.720939 0.647315
vt 0.598078 0.545749
vt 0.592116 0.551711
vt 0.584326 0.554938
vt 0.575894 0.554938
vt 0.601305 0.537959
vt 0.568104 0.551711
vt 0.601305 0.529527
vt 0.562141 0.545749
vt 0.598078 0.521737
vt 0.558915 0.537959
vt 0.592116 0.515775
vt 0.558915 0.529527
vt 0.584326 0.512548
vt 0.562141 0.521737
vt 0.575894 0.512548
vt 0.568104 0.515775
s 1
f 3/1/1 2/2/1 1/3/1
f 1/3/1 4/4/1 3/1/1
f 4/4/1 5/5/1 3/1/1
f 4/4/1 6/6/1 5/5/1
f 6/6/1 7/7/1 5/5/1
f 6/6/1 8/8/1 7/7/1
f 6/6/1 9/9/1 8/8/1
f 9/9/1 10/10/1 8/8/1
f 9/9/1 11/11/1 10/10/1
f 11/11/1 12/12/1 10/10/1
f 15/13/2 14/14/3 13/15/4
f 16/16/5 15/13/2 13/15/4
f 17/17/6 15/13/2 16/16/5
f 16/16/5 13/15/4 18/18/7
f 13/15/4 19/19/8 18/18/7
f 20/20/9 17/17/6 16/16/5
f 21/21/10 17/17/6 20/20/9
f 16/16/5 18/18/7 22/22/11
f 20/20/9 16/16/5 22/22/11
f 18/18/7 19/19/8 23/23/7
f 19/19/8 24/24/12 23/23/7
f 25/25/13 21/21/10 20/20/9
f 26/26/14 21/21/10 25/25/13
f 23/23/7 24/24/12 27/27/15
f 24/24/12 28/28/8 27/27/15
f 23/23/7 27/27/15 29/29/16
f 18/18/7 23/23/7 30/30/11
f 30/30/11 23/23/7 29/29/16
f 22/22/11 18/18/7 30/30/11
f 30/30/11 29/29/16 31/31/17
f 32/32/18 30/30/11 31/31/17
f 22/22/11 30/30/11 32/32/18
f 32/32/18 31/31/17 33/33/19
f 20/20/9 22/22/11 34/34/20
f 34/34/20 22/22/11 32/32/18
f 25/25/13 20/20/9 34/34/20
f 35/35/19 32/32/18 33/33/19
f 34/34/20 32/32/18 35/35/19
f 35/35/19 33/33/19 36/36/21
f 25/25/13 34/34/20 37/37/22
f 37/37/22 34/34/20 35/35/19
f 38/38/21 35/35/19 36/36/21
f 37/37/22 35/35/19 38/38/21
f 38/38/21 36/36/21 39/39/23
f 40/40/24 25/25/13 37/37/22
f 40/40/24 26/26/14 25/25/13
f 41/41/25 26/26/14 40/40/24
f 42/42/23 38/38/21 39/39/23
f 42/42/23 39/39/23 43/43/26
f 44/44/21 37/37/22 38/38/21
f 40/40/24 37/37/22 44/44/21
f 44/44/21 38/38/21 42/42/23
f 45/45/27 41/41/25 40/40/24
f 45/45/27 40/40/24 44/44/21
f 46/46/28 41/41/25 45/45/27
f 47/47/29 42/42/23 43/43/26
f 47/47/29 43/43/26 48/48/30
f 49/49/23 44/44/21 42/42/23
f 45/45/27 44/44/21 49/49/23
f 49/49/23 42/42/23 47/47/29
f 50/50/31 46/46/28 45/45/27
f 50/50/31 45/45/27 49/49/23
f 51/51/32 46/46/28 50/50/31
f 52/52/30 47/47/29 48/48/30
f 52/52/30 48/48/30 53/53/33
f 54/54/29 49/49/23 47/47/29
f 50/50/31 49/49/23 54/54/29
f 54/54/29 47/47/29 52/52/30
f 55/55/34 51/51/32 50/50/31
f 55/55/34 50/50/31 54/54/29
f 56/56/35 51/51/32 55/55/34
f 57/57/36 52/52/30 53/53/33
f 57/57/36 53/53/33 58/58/37
f 59/59/30 54/54/29 52/52/30
f 55/55/34 54/54/29 59/59/30
f 59/59/30 52/52/30 57/57/36
f 60/60/38 56/56/35 55/55/34
f 60/60/38 55/55/34 59/59/30
f 61/61/39 56/56/35 60/60/38
f 62/62/37 57/57/36 58/58/37
f 62/62/37 58/58/37 63/63/40
f 64/64/36 59/59/30 57/57/36
f 60/60/38 59/59/30 64/64/36
f 64/64/36 57/57/36 62/62/37
f 65/65/41 61/61/39 60/60/38
f 65/65/41 60/60/38 64/64/36
f 66/66/42 61/61/39 65/65/41
f 67/67/40 62/62/37 63/63/40
f 67/67/40 63/63/40 68/68/43
f 69/69/44 67/67/40 68/68/43
f 70/70/45 64/64/36 62/62/37
f 65/65/41 64/64/36 70/70/45
f 70/70/45 62/62/37 67/67/40
f 71/71/46 66/66/42 65/65/41
f 71/71/46 65/65/41 70/70/45
f 72/72/47 66/66/42 71/71/46
f 73/73/40 67/67/40 69/69/44
f 73/73/40 70/70/45 67/67/40
f 71/71/46 70/70/45 73/73/40
f 74/74/44 73/73/40 69/69/44
f 75/75/48 72/72/47 71/71/46
f 75/75/48 71/71/46 73/73/40
f 75/75/48 73/73/40 74/74/44
f 76/76/49 72/72/47 75/75/48
f 77/77/50 75/75/48 74/74/44
f 77/77/50 76/76/49 75/75/48
f 80/78/51 79/79/52 78/80/51
f 79/79/52 81/81/53 78/80/51
f 78/80/51 81/81/53 82/82/51
f 79/79/52 83/83/54 81/81/53
f 81/81/53 84/84/55 82/82/51
f 82/82/51 84/84/55 85/85/51
f 84/84/55 86/86/53 85/85/51
f 83/83/54 87/87/56 81/81/53
f 81/81/53 87/87/56 84/84/55
f 83/83/54 88/88/57 87/87/56
f 84/84/55 89/89/56 86/86/53
f 87/87/56 89/89/56 84/84/55
f 89/89/56 90/90/56 86/86/53
f 88/88/57 91/91/58 87/87/56
f 87/87/56 91/91/58 89/89/56
f 88/88/57 92/92/59 91/91/58
f 89/89/56 93/93/58 90/90/56
f 91/91/58 93/93/58 89/89/56
f 93/93/58 94/94/58 90/90/56
f 92/92/59 95/95/59 91/91/58
f 91/91/58 95/95/59 93/93/58
f 92/92/59 96/96/60 95/95/59
f 93/93/58 97/97/59 94/94/58
f 95/95/59 97/97/59 93/93/58
f 97/97/59 98/98/59 94/94/58
f 96/96/60 99/99/61 95/95/59
f 95/95/59 99/99/61 97/97/59
f 96/96/60 100/100/62 99/99/61
f 97/97/59 101/101/61 98/98/59
f 99/99/61 101/101/61 97/97/59
f 101/101/61 102/102/61 98/98/59
f 100/100/62 103/103/63 99/99/61
f 99/99/61 103/103/63 101/101/61
f 100/100/62 104/104/64 103/103/63
f 101/101/61 105/105/63 102/102/61
f 103/103/63 105/105/63 101/101/61
f 105/105/63 106/106/63 102/102/61
f 104/104/64 107/107/65 103/103/63
f 103/103/63 107/107/65 105/105/63
f 107/107/65 104/104/64 108/108/66
f 105/105/63 109/109/65 106/106/63
f 107/107/65 109/109/65 105/105/63
f 109/109/65 110/110/65 106/106/63
f 109/109/65 107/107/65 111/111/67
f 111/111/67 107/107/65 108/108/66
f 110/110/65 109/109/65 112/112/67
f 112/112/67 109/109/65 111/111/67
f 113/113/67 110/110/65 112/112/67
f 112/112/67 114/114/68 113/113/67
f 114/114/68 115/115/68 113/113/67
f 111/111/67 116/116/68 112/112/67
f 116/116/68 114/114/68 112/112/67
f 114/114/68 117/117/69 115/115/68
f 117/117/69 118/118/69 115/115/68
f 108/108/66 119/119/68 111/111/67
f 119/119/68 116/116/68 111/111/67
f 116/116/68 120/120/69 114/114/68
f 120/120/69 117/117/69 114/114/68
f 117/117/69 121/121/70 118/118/69
f 121/121/70 122/122/70 118/118/69
f 119/119/68 123/123/69 116/116/68
f 123/123/69 120/120/69 116/116/68
f 120/120/69 124/124/70 117/117/69
f 124/124/70 121/121/70 117/117/69
f 121/121/70 125/125/71 122/122/70
f 125/125/71 126/126/71 122/122/70
f 123/123/69 127/127/70 120/120/69
f 127/127/70 124/124/70 120/120/69
f 124/124/70 128/128/71 121/121/70
f 128/128/71 125/125/71 121/121/70
f 125/125/71 129/129/72 126/126/71
f 129/129/72 130/130/72 126/126/71
f 127/127/70 131/131/71 124/124/70
f 131/131/71 128/128/71 124/124/70
f 128/128/71 132/132/73 125/125/71
f 132/132/73 129/129/72 125/125/71
f 129/129/72 133/133/74 130/130/72
f 133/133/74 134/134/74 130/130/72
f 131/131/71 135/135/73 128/128/71
f 135/135/73 132/132/73 128/128/71
f 132/132/73 136/136/74 129/129/72
f 136/136/74 133/133/74 129/129/72
f 133/133/74 137/137/75 134/134/74
f 137/137/75 138/138/76 134/134/74
f 137/137/75 139/139/77 138/138/76
f 139/139/77 140/140/77 138/138/76
f 141/141/77 139/139/77 137/137/75
f 142/142/78 137/137/75 133/133/74
f 142/142/78 141/141/77 137/137/75
f 136/136/74 142/142/78 133/133/74
f 143/143/77 141/141/77 142/142/78
f 144/144/75 143/143/77 142/142/78
f 144/144/75 142/142/78 136/136/74
f 145/145/77 143/143/77 144/144/75
f 146/146/74 136/136/74 132/132/73
f 146/146/74 144/144/75 136/136/74
f 135/135/73 146/146/74 132/132/73
f 147/147/78 145/145/77 144/144/75
f 147/147/78 144/144/75 146/146/74
f 148/148/77 145/145/77 147/147/78
f 149/149/74 146/146/74 135/135/73
f 149/149/74 147/147/78 146/146/74
f 150/150/78 148/148/77 147/147/78
f 150/150/78 147/147/78 149/149/74
f 151/151/79 148/148/77 150/150/78
f 152/152/72 149/149/74 135/135/73
f 152/152/72 135/135/73 131/131/71
f 153/153/74 150/150/78 149/149/74
f 153/153/74 149/149/74 152/152/72
f 154/154/80 151/151/79 150/150/78
f 154/154/80 150/150/78 153/153/74
f 155/155/71 152/152/72 131/131/71
f 155/155/71 131/131/71 127/127/70
f 154/154/80 156/156/81 151/151/79
f 156/156/81 157/157/82 151/151/79
f 158/158/83 156/156/81 154/154/80
f 159/159/84 158/158/83 154/154/80
f 159/159/84 154/154/80 153/153/74
f 160/160/85 158/158/83 159/159/84
f 161/161/73 153/153/74 152/152/72
f 159/159/84 153/153/74 161/161/73
f 161/161/73 152/152/72 155/155/71
f 162/162/86 160/160/85 159/159/84
f 162/162/86 159/159/84 161/161/73
f 163/163/87 160/160/85 162/162/86
f 164/164/70 155/155/71 127/127/70
f 164/164/70 127/127/70 123/123/69
f 165/165/71 161/161/73 155/155/71
f 162/162/86 161/161/73 165/165/71
f 165/165/71 155/155/71 164/164/70
f 166/166/88 163/163/87 162/162/86
f 166/166/88 162/162/86 165/165/71
f 167/167/89 163/163/87 166/166/88
f 168/168/69 164/164/70 123/123/69
f 168/168/69 123/123/69 119/119/68
f 169/169/90 165/165/71 164/164/70
f 166/166/88 165/165/71 169/169/90
f 169/169/90 164/164/70 168/168/69
f 170/170/91 167/167/89 166/166/88
f 170/170/91 166/166/88 169/169/90
f 171/171/92 167/167/89 170/170/91
f 172/172/68 168/168/69 119/119/68
f 172/172/68 119/119/68 108/108/66
f 173/173/69 169/169/90 168/168/69
f 170/170/91 169/169/90 173/173/69
f 173/173/69 168/168/69 172/172/68
f 174/174/93 171/171/92 170/170/91
f 174/174/93 170/170/91 173/173/69
f 175/175/94 171/171/92 174/174/93
f 176/176/95 172/172/68 108/108/66
f 108/108/66 177/177/64 176/176/95
f 178/178/68 173/173/69 172/172/68
f 174/174/93 173/173/69 178/178/68
f 178/178/68 172/172/68 176/176/95
f 179/179/96 175/175/94 174/174/93
f 179/179/96 174/174/93 178/178/68
f 180/180/97 175/175/94 179/179/96
f 177/177/64 181/181/65 176/176/95
f 181/181/65 177/177/64 182/182/62
f 183/183/67 178/178/68 176/176/95
f 179/179/96 178/178/68 183/183/67
f 176/176/95 181/181/65 183/183/67
f 184/184/98 180/180/97 179/179/96
f 184/184/98 179/179/96 183/183/67
f 185/185/99 180/180/97 184/184/98
f 186/186/100 181/181/65 182/182/62
f 186/186/100 182/182/62 187/187/101
f 181/181/65 188/188/65 183/183/67
f 183/183/67 188/188/65 184/184/98
f 188/188/65 181/181/65 186/186/100
f 189/189/102 185/185/99 184/184/98
f 188/188/65 189/189/102 184/184/98
f 190/190/103 185/185/99 189/189/102
f 191/191/61 186/186/100 187/187/101
f 191/191/61 187/187/101 192/192/59
f 193/193/63 188/188/65 186/186/100
f 189/189/102 188/188/65 193/193/63
f 193/193/63 186/186/100 191/191/61
f 194/194/104 190/190/103 189/189/102
f 194/194/104 189/189/102 193/193/63
f 195/195/105 190/190/103 194/194/104
f 196/196/59 191/191/61 192/192/59
f 196/196/59 192/192/59 197/197/106
f 198/198/61 193/193/63 191/191/61
f 194/194/104 193/193/63 198/198/61
f 198/198/61 191/191/61 196/196/59
f 199/199/107 195/195/105 194/194/104
f 199/199/107 194/194/104 198/198/61
f 200/200/108 195/195/105 199/199/107
f 201/201/58 196/196/59 197/197/106
f 201/201/58 197/197/106 202/202/109
f 203/203/59 198/198/61 196/196/59
f 199/199/107 198/198/61 203/203/59
f 203/203/59 196/196/59 201/201/58
f 204/204/110 200/200/108 199/199/107
f 204/204/110 199/199/107 203/203/59
f 205/205/111 200/200/108 204/204/110
f 206/206/112 201/201/58 202/202/109
f 206/206/112 202/202/109 207/207/52
f 208/208/58 203/203/59 201/201/58
f 204/204/110 203/203/59 208/208/58
f 208/208/58 201/201/58 206/206/112
f 209/209/113 205/205/111 204/204/110
f 209/209/113 204/204/110 208/208/58
f 210/210/114 205/205/111 209/209/113
f 211/211/53 206/206/112 207/207/52
f 211/211/53 207/207/52 212/212/51
f 213/213/51 211/211/53 212/212/51
f 214/214/56 208/208/58 206/206/112
f 209/209/113 208/208/58 214/214/56
f 214/214/56 206/206/112 211/211/53
f 215/215/115 210/210/114 209/209/113
f 215/215/115 209/209/113 214/214/56
f 216/216/116 210/210/114 215/215/115
f 217/217/55 211/211/53 213/213/51
f 217/217/55 214/214/56 211/211/53
f 215/215/115 214/214/56 217/217/55
f 218/218/51 217/217/55 213/213/51
f 219/219/117 216/216/116 215/215/115
f 219/219/117 215/215/115 217/217/55
f 219/219/117 217/217/55 218/218/51
f 220/220/118 216/216/116 219/219/117
f 221/221/119 219/219/117 218/218/51
f 221/221/119 220/220/118 219/219/117
f 224/222/120 223/223/121 222/224/121
f 225/225/120 224/222/120 222/224/121
f 226/226/69 224/222/120 225/225/120
f 225/225/120 222/224/121 227/227/122
f 228/228/69 226/226/69 225/225/120
f 229/229/123 226/226/69 228/228/69
f 230/230/124 225/225/120 227/227/122
f 228/228/69 225/225/120 230/230/124
f 231/231/125 229/229/123 228/228/69
f 232/232/126 229/229/123 231/231/125
f 230/230/124 227/227/122 233/233/127
f 227/227/122 234/234/128 233/233/127
f 235/235/129 228/228/69 230/230/124
f 231/231/125 228/228/69 235/235/129
f 236/236/130 232/232/126 231/231/125
f 237/237/131 232/232/126 236/236/130
f 233/233/127 234/234/128 238/238/132
f 234/234/128 239/239/133 238/238/132
f 230/230/124 233/233/127 240/240/134
f 235/235/129 230/230/124 240/240/134
f 241/241/135 231/231/125 235/235/129
f 236/236/130 231/231/125 241/241/135
f 242/242/136 237/237/131 236/236/130
f 243/243/137 237/237/131 242/242/136
f 238/238/132 239/239/133 244/244/138
f 239/239/133 245/245/139 244/244/138
f 233/233/127 238/238/132 246/246/140
f 240/240/134 233/233/127 246/246/140
f 235/235/129 240/240/134 247/247/141
f 241/241/135 235/235/129 247/247/141
f 248/248/142 236/236/130 241/241/135
f 242/242/136 236/236/130 248/248/142
f 249/249/137 243/243/137 242/242/136
f 250/250/143 243/243/137 249/249/137
f 244/244/138 245/245/139 251/251/144
f 245/245/139 252/252/145 251/251/144
f 240/240/134 246/246/140 253/253/146
f 247/247/141 240/240/134 253/253/146
f 241/241/135 247/247/141 254/254/147
f 248/248/142 241/241/135 254/254/147
f 255/255/148 242/242/136 248/248/142
f 249/249/137 242/242/136 255/255/148
f 256/256/143 250/250/143 249/249/137
f 257/257/149 250/250/143 256/256/143
f 251/251/144 252/252/145 258/258/150
f 252/252/145 259/259/151 258/258/150
f 247/247/141 253/253/146 260/260/152
f 254/254/147 247/247/141 260/260/152
f 248/248/142 254/254/147 261/261/153
f 255/255/148 248/248/142 261/261/153
f 262/262/154 249/249/137 255/255/148
f 256/256/143 249/249/137 262/262/154
f 263/263/149 257/257/149 256/256/143
f 264/264/155 257/257/149 263/263/149
f 258/258/150 259/259/151 265/265/156
f 259/259/151 266/266/157 265/265/156
f 254/254/147 260/260/152 267/267/158
f 261/261/153 254/254/147 267/267/158
f 255/255/148 261/261/153 268/268/159
f 262/262/154 255/255/148 268/268/159
f 269/269/160 256/256/143 262/262/154
f 263/263/149 256/256/143 269/269/160
f 270/270/155 264/264/155 263/263/149
f 271/271/161 264/264/155 270/270/155
f 265/265/156 266/266/157 272/272/162
f 266/266/157 273/273/163 272/272/162
f 261/261/153 267/267/158 274/274/164
f 268/268/159 261/261/153 274/274/164
f 262/262/154 268/268/159 275/275/165
f 269/269/160 262/262/154 275/275/165
f 276/276/166 263/263/149 269/269/160
f 270/270/155 263/263/149 276/276/166
f 277/277/161 271/271/161 270/270/155
f 278/278/167 271/271/161 277/277/161
f 272/272/162 273/273/163 279/279/168
f 273/273/163 280/280/169 279/279/168
f 268/268/159 274/274/164 281/281/170
f 275/275/165 268/268/159 281/281/170
f 269/269/160 275/275/165 282/282/171
f 276/276/166 269/269/160 282/282/171
f 283/283/172 270/270/155 276/276/166
f 277/277/161 270/270/155 283/283/172
f 284/284/173 278/278/167 277/277/161
f 285/285/174 278/278/167 284/284/173
f 279/279/168 280/280/169 286/286/175
f 280/280/169 287/287/176 286/286/175
f 275/275/165 281/281/170 288/288/177
f 282/282/171 275/275/165 288/288/177
f 276/276/166 282/282/171 289/289/178
f 283/283/172 276/276/166 289/289/178
f 290/290/179 277/277/161 283/283/172
f 284/284/173 277/277/161 290/290/179
f 291/291/174 285/285/174 284/284/173
f 292/292/180 285/285/174 291/291/174
f 286/286/175 287/287/176 293/293/181
f 287/287/176 294/294/182 293/293/181
f 282/282/171 288/288/177 295/295/183
f 289/289/178 282/282/171 295/295/183
f 283/283/172 289/289/178 296/296/184
f 290/290/179 283/283/172 296/296/184
f 297/297/185 284/284/173 290/290/179
f 291/291/174 284/284/173 297/297/185
f 298/298/180 292/292/180 291/291/174
f 299/299/186 292/292/180 298/298/180
f 293/293/181 294/294/182 300/300/187
f 294/294/182 301/301/188 300/300/187
f 289/289/178 295/295/183 302/302/189
f 296/296/184 289/289/178 302/302/189
f 290/290/179 296/296/184 303/303/190
f 297/297/185 290/290/179 303/303/190
f 304/304/191 291/291/174 297/297/185
f 298/298/180 291/291/174 304/304/191
f 305/305/192 299/299/186 298/298/180
f 306/306/193 299/299/186 305/305/192
f 300/300/187 301/301/188 307/307/194
f 301/301/188 308/308/195 307/307/194
f 296/296/184 302/302/189 309/309/196
f 303/303/190 296/296/184 309/309/196
f 297/297/185 303/303/190 310/310/197
f 304/304/191 297/297/185 310/310/197
f 311/311/198 298/298/180 304/304/191
f 305/305/192 298/298/180 311/311/198
f 312/312/193 306/306/193 305/305/192
f 313/313/199 306/306/193 312/312/193
f 314/314/199 313/313/199 312/312/193
f 312/312/193 305/305/192 315/315/200
f 315/315/200 305/305/192 311/311/198
f 314/314/199 312/312/193 316/316/201
f 316/316/201 312/312/193 315/315/200
f 317/317/202 314/314/199 316/316/201
f 317/317/202 316/316/201 318/318/203
f 316/316/201 319/319/204 318/318/203
f 316/316/201 315/315/200 319/319/204
f 318/318/203 319/319/204 320/320/205
f 311/311/198 304/304/191 321/321/206
f 304/304/191 310/310/197 321/321/206
f 315/315/200 311/311/198 322/322/207
f 315/315/200 322/322/207 319/319/204
f 311/311/198 321/321/206 322/322/207
f 319/319/204 323/323/208 320/320/205
f 319/319/204 322/322/207 323/323/208
f 320/320/205 323/323/208 324/324/209
f 322/322/207 321/321/206 325/325/210
f 322/322/207 325/325/210 323/323/208
f 323/323/208 326/326/211 324/324/209
f 323/323/208 325/325/210 326/326/211
f 324/324/209 326/326/211 327/327/212
f 321/321/206 310/310/197 328/328/213
f 321/321/206 328/328/213 325/325/210
f 326/326/211 329/329/214 327/327/212
f 327/327/212 329/329/214 330/330/215
f 325/325/210 331/331/216 326/326/211
f 325/325/210 328/328/213 331/331/216
f 326/326/211 331/331/216 329/329/214
f 310/310/197 332/332/217 328/328/213
f 310/310/197 303/303/190 332/332/217
f 303/303/190 309/309/196 332/332/217
f 329/329/214 333/333/218 330/330/215
f 330/330/215 333/333/218 334/334/219
f 331/331/216 335/335/220 329/329/214
f 329/329/214 335/335/220 333/333/218
f 328/328/213 336/336/221 331/331/216
f 328/328/213 332/332/217 336/336/221
f 331/331/216 336/336/221 335/335/220
f 332/332/217 309/309/196 337/337/222
f 332/332/217 337/337/222 336/336/221
f 333/333/218 338/338/223 334/334/219
f 334/334/219 338/338/223 339/339/224
f 335/335/220 340/340/225 333/333/218
f 333/333/218 340/340/225 338/338/223
f 336/336/221 341/341/226 335/335/220
f 336/336/221 337/337/222 341/341/226
f 335/335/220 341/341/226 340/340/225
f 309/309/196 342/342/227 337/337/222
f 309/309/196 302/302/189 342/342/227
f 338/338/223 343/343/228 339/339/224
f 339/339/224 343/343/228 344/344/229
f 340/340/225 345/345/230 338/338/223
f 338/338/223 345/345/230 343/343/228
f 341/341/226 346/346/231 340/340/225
f 340/340/225 346/346/231 345/345/230
f 337/337/222 347/347/232 341/341/226
f 337/337/222 342/342/227 347/347/232
f 341/341/226 347/347/232 346/346/231
f 302/302/189 348/348/233 342/342/227
f 302/302/189 295/295/183 348/348/233
f 343/343/228 349/349/234 344/344/229
f 344/344/229 349/349/234 350/350/235
f 345/345/230 351/351/236 343/343/228
f 343/343/228 351/351/236 349/349/234
f 346/346/231 352/352/237 345/345/230
f 345/345/230 352/352/237 351/351/236
f 347/347/232 353/353/238 346/346/231
f 346/346/231 353/353/238 352/352/237
f 342/342/227 354/354/239 347/347/232
f 342/342/227 348/348/233 354/354/239
f 347/347/232 354/354/239 353/353/238
f 295/295/183 355/355/240 348/348/233
f 295/295/183 288/288/177 355/355/240
f 349/349/234 356/356/241 350/350/235
f 350/350/235 356/356/241 357/357/242
f 351/351/236 358/358/243 349/349/234
f 349/349/234 358/358/243 356/356/241
f 352/352/237 359/359/244 351/351/236
f 351/351/236 359/359/244 358/358/243
f 353/353/238 360/360/245 352/352/237
f 352/352/237 360/360/245 359/359/244
f 354/354/239 361/361/246 353/353/238
f 353/353/238 361/361/246 360/360/245
f 348/348/233 362/362/247 354/354/239
f 354/354/239 362/362/247 361/361/246
f 348/348/233 355/355/240 362/362/247
f 356/356/241 363/363/248 357/357/242
f 357/357/242 363/363/248 364/364/249
f 358/358/243 365/365/250 356/356/241
f 356/356/241 365/365/250 363/363/248
f 359/359/244 366/366/251 358/358/243
f 358/358/243 366/366/251 365/365/250
f 360/360/245 367/367/252 359/359/244
f 359/359/244 367/367/252 366/366/251
f 361/361/246 368/368/253 360/360/245
f 360/360/245 368/368/253 367/367/252
f 362/362/247 369/369/254 361/361/246
f 361/361/246 369/369/254 368/368/253
f 355/355/240 370/370/255 362/362/247
f 362/362/247 370/370/255 369/369/254
f 363/363/248 371/371/256 364/364/249
f 364/364/249 371/371/256 372/372/257
f 365/365/250 373/373/258 363/363/248
f 363/363/248 373/373/258 371/371/256
f 366/366/251 374/374/259 365/365/250
f 365/365/250 374/374/259 373/373/258
f 367/367/252 375/375/260 366/366/251
f 366/366/251 375/375/260 374/374/259
f 368/368/253 376/376/261 367/367/252
f 367/367/252 376/376/261 375/375/260
f 369/369/254 377/377/262 368/368/253
f 368/368/253 377/377/262 376/376/261
f 371/371/256 378/378/263 372/372/257
f 372/372/257 378/378/263 379/379/264
f 373/373/258 380/380/265 371/371/256
f 371/371/256 380/380/265 378/378/263
f 374/374/259 381/381/266 373/373/258
f 373/373/258 381/381/266 380/380/265
f 375/375/260 382/382/267 374/374/259
f 374/374/259 382/382/267 381/381/266
f 376/376/261 383/383/268 375/375/260
f 375/375/260 383/383/268 382/382/267
f 378/378/263 384/384/269 379/379/264
f 379/379/264 384/384/269 385/385/270
f 380/380/265 386/386/271 378/378/263
f 378/378/263 386/386/271 384/384/269
f 381/381/266 387/387/272 380/380/265
f 380/380/265 387/387/272 386/386/271
f 382/382/267 388/388/273 381/381/266
f 381/381/266 388/388/273 387/387/272
f 384/384/269 389/389/274 385/385/270
f 385/385/270 389/389/274 390/390/275
f 386/386/271 391/391/276 384/384/269
f 384/384/269 391/391/276 389/389/274
f 387/387/272 392/392/277 386/386/271
f 386/386/271 392/392/277 391/391/276
f 389/389/274 393/393/278 390/390/275
f 390/390/275 393/393/278 394/394/279
f 391/391/276 395/395/280 389/389/274
f 389/389/274 395/395/280 393/393/278
f 393/393/278 396/396/281 394/394/279
f 394/394/279 396/396/281 397/397/282
f 382/382/267 398/398/283 388/388/273
f 383/383/268 398/398/283 382/382/267
f 388/388/273 399/399/284 387/387/272
f 387/387/272 399/399/284 392/392/277
f 392/392/277 400/400/285 391/391/276
f 391/391/276 400/400/285 395/395/280
f 395/395/280 401/401/286 393/393/278
f 393/393/278 401/401/286 396/396/281
f 396/396/281 402/402/287 397/397/282
f 397/397/282 402/402/287 403/403/288
f 398/398/283 404/404/289 388/388/273
f 388/388/273 404/404/289 399/399/284
f 399/399/284 405/405/290 392/392/277
f 392/392/277 405/405/290 400/400/285
f 400/400/285 406/406/291 395/395/280
f 395/395/280 406/406/291 401/401/286
f 401/401/286 407/407/292 396/396/281
f 396/396/281 407/407/292 402/402/287
f 402/402/287 408/408/293 403/403/288
f 403/403/288 408/408/293 409/409/294
f 404/404/289 410/410/295 399/399/284
f 399/399/284 410/410/295 405/405/290
f 405/405/290 411/411/296 400/400/285
f 400/400/285 411/411/296 406/406/291
f 406/406/291 412/412/297 401/401/286
f 401/401/286 412/412/297 407/407/292
f 407/407/292 413/413/298 402/402/287
f 402/402/287 413/413/298 408/408/293
f 408/408/293 414/414/299 409/409/294
f 409/409/294 414/414/299 415/415/300
f 410/410/295 416/416/301 405/405/290
f 405/405/290 416/416/301 411/411/296
f 411/411/296 417/417/302 406/406/291
f 406/406/291 417/417/302 412/412/297
f 412/412/297 418/418/303 407/407/292
f 407/407/292 418/418/303 413/413/298
f 413/413/298 419/419/304 408/408/293
f 408/408/293 419/419/304 414/414/299
f 414/414/299 420/420/305 415/415/300
f 415/415/300 420/420/305 421/421/306
f 416/416/301 422/422/307 411/411/296
f 411/411/296 422/422/307 417/417/302
f 417/417/302 423/423/308 412/412/297
f 412/412/297 423/423/308 418/418/303
f 418/418/303 424/424/309 413/413/298
f 413/413/298 424/424/309 419/419/304
f 419/419/304 425/425/310 414/414/299
f 414/414/299 425/425/310 420/420/305
f 420/420/305 426/426/311 421/421/306
f 421/421/306 426/426/311 427/427/312
f 422/422/307 428/428/313 417/417/302
f 417/417/302 428/428/313 423/423/308
f 423/423/308 429/429/314 418/418/303
f 418/418/303 429/429/314 424/424/309
f 424/424/309 430/430/315 419/419/304
f 419/419/304 430/430/315 425/425/310
f 425/425/310 431/431/316 420/420/305
f 420/420/305 431/431/316 426/426/311
f 426/426/311 432/432/317 427/427/312
f 427/427/312 432/432/317 433/433/318
f 428/428/313 434/434/319 423/423/308
f 423/423/308 434/434/319 429/429/314
f 429/429/314 435/435/320 424/424/309
f 424/424/309 435/435/320 430/430/315
f 430/430/315 436/436/321 425/425/310
f 425/425/310 436/436/321 431/431/316
f 431/431/316 437/437/322 426/426/311
f 426/426/311 437/437/322 432/432/317
f 432/432/317 438/438/323 433/433/318
f 433/433/318 438/438/323 439/439/324
f 438/438/323 440/440/325 439/439/324
f 432/432/317 441/441/326 438/438/323
f 437/437/322 441/441/326 432/432/317
f 438/438/323 442/442/327 440/440/325
f 441/441/326 442/442/327 438/438/323
f 442/442/327 443/443/328 440/440/325
f 431/431/316 444/444/329 437/437/322
f 436/436/321 444/444/329 431/431/316
f 430/430/315 445/445/330 436/436/321
f 435/435/320 445/445/330 430/430/315
f 437/437/322 446/446/331 441/441/326
f 444/444/329 446/446/331 437/437/322
f 442/442/327 447/447/332 443/443/328
f 447/447/332 448/448/333 443/443/328
f 441/441/326 449/449/334 442/442/327
f 446/446/331 449/449/334 441/441/326
f 449/449/334 447/447/332 442/442/327
f 436/436/321 450/450/335 444/444/329
f 445/445/330 450/450/335 436/436/321
f 447/447/332 451/451/336 448/448/333
f 451/451/336 452/452/337 448/448/333
f 444/444/329 453/453/338 446/446/331
f 450/450/335 453/453/338 444/444/329
f 449/449/334 454/454/339 447/447/332
f 454/454/339 451/451/336 447/447/332
f 446/446/331 455/455/340 449/449/334
f 453/453/338 455/455/340 446/446/331
f 455/455/340 454/454/339 449/449/334
f 451/451/336 456/456/341 452/452/337
f 456/456/341 457/457/342 452/452/337
f 454/454/339 458/458/343 451/451/336
f 458/458/343 456/456/341 451/451/336
f 455/455/340 459/459/344 454/454/339
f 459/459/344 458/458/343 454/454/339
f 453/453/338 460/460/345 455/455/340
f 460/460/345 459/459/344 455/455/340
f 450/450/335 461/461/346 453/453/338
f 461/461/346 460/460/345 453/453/338
f 456/456/341 462/462/347 457/457/342
f 462/462/347 463/463/348 457/457/342
f 458/458/343 464/464/349 456/456/341
f 464/464/349 462/462/347 456/456/341
f 459/459/344 465/465/350 458/458/343
f 465/465/350 464/464/349 458/458/343
f 460/460/345 466/466/351 459/459/344
f 466/466/351 465/465/350 459/459/344
f 462/462/347 467/467/352 463/463/348
f 467/467/352 468/468/353 463/463/348
f 464/464/349 469/469/354 462/462/347
f 469/469/354 467/467/352 462/462/347
f 465/465/350 470/470/355 464/464/349
f 470/470/355 469/469/354 464/464/349
f 467/467/352 471/471/356 468/468/353
f 471/471/356 472/472/357 468/468/353
f 469/469/354 473/473/358 467/467/352
f 473/473/358 471/471/356 467/467/352
f 471/471/356 474/474/359 472/472/357
f 474/474/359 475/475/360 472/472/357
f 476/476/361 466/466/351 460/460/345
f 461/461/346 476/476/361 460/460/345
f 466/466/351 477/477/362 465/465/350
f 477/477/362 470/470/355 465/465/350
f 470/470/355 478/478/363 469/469/354
f 478/478/363 473/473/358 469/469/354
f 473/473/358 479/479/364 471/471/356
f 479/479/364 474/474/359 471/471/356
f 474/474/359 480/480/365 475/475/360
f 480/480/365 481/481/366 475/475/360
f 476/476/361 482/482/367 466/466/351
f 482/482/367 477/477/362 466/466/351
f 477/477/362 483/483/368 470/470/355
f 483/483/368 478/478/363 470/470/355
f 478/478/363 484/484/369 473/473/358
f 484/484/369 479/479/364 473/473/358
f 479/479/364 485/485/370 474/474/359
f 485/485/370 480/480/365 474/474/359
f 480/480/365 486/486/371 481/481/366
f 486/486/371 487/487/372 481/481/366
f 482/482/367 488/488/373 477/477/362
f 488/488/373 483/483/368 477/477/362
f 483/483/368 489/489/374 478/478/363
f 489/489/374 484/484/369 478/478/363
f 484/484/369 490/490/375 479/479/364
f 490/490/375 485/485/370 479/479/364
f 485/485/370 491/491/376 480/480/365
f 491/491/376 486/486/371 480/480/365
f 486/486/371 492/492/377 487/487/372
f 492/492/377 493/493/378 487/487/372
f 488/488/373 494/494/379 483/483/368
f 494/494/379 489/489/374 483/483/368
f 489/489/374 495/495/380 484/484/369
f 495/495/380 490/490/375 484/484/369
f 490/490/375 496/496/381 485/485/370
f 496/496/381 491/491/376 485/485/370
f 491/491/376 497/497/382 486/486/371
f 497/497/382 492/492/377 486/486/371
f 492/492/377 498/498/383 493/493/378
f 498/498/383 499/499/384 493/493/378
f 494/494/379 500/500/385 489/489/374
f 500/500/385 495/495/380 489/489/374
f 495/495/380 501/501/386 490/490/375
f 501/501/386 496/496/381 490/490/375
f 496/496/381 502/502/387 491/491/376
f 502/502/387 497/497/382 491/491/376
f 497/497/382 503/503/388 492/492/377
f 503/503/388 498/498/383 492/492/377
f 498/498/383 504/504/389 499/499/384
f 504/504/389 505/505/390 499/499/384
f 500/500/385 506/506/391 495/495/380
f 506/506/391 501/501/386 495/495/380
f 501/501/386 507/507/392 496/496/381
f 507/507/392 502/502/387 496/496/381
f 502/502/387 508/508/393 497/497/382
f 508/508/393 503/503/388 497/497/382
f 503/503/388 509/509/394 498/498/383
f 509/509/394 504/504/389 498/498/383
f 504/504/389 510/510/395 505/505/390
f 510/510/395 511/511/396 505/505/390
f 511/511/396 510/510/395 512/512/397
f 510/510/395 513/513/398 512/512/397
f 514/514/399 513/513/398 510/510/395
f 515/515/400 510/510/395 504/504/389
f 515/515/400 514/514/399 510/510/395
f 509/509/394 515/515/400 504/504/389
f 516/516/401 514/514/399 515/515/400
f 517/517/402 516/516/401 515/515/400
f 517/517/402 515/515/400 509/509/394
f 518/518/403 516/516/401 517/517/402
f 519/519/404 509/509/394 503/503/388
f 519/519/404 517/517/402 509/509/394
f 508/508/393 519/519/404 503/503/388
f 520/520/405 518/518/403 517/517/402
f 520/520/405 517/517/402 519/519/404
f 521/521/406 518/518/403 520/520/405
f 522/522/407 519/519/404 508/508/393
f 522/522/407 520/520/405 519/519/404
f 523/523/408 521/521/406 520/520/405
f 523/523/408 520/520/405 522/522/407
f 524/524/409 521/521/406 523/523/408
f 525/525/410 522/522/407 508/508/393
f 525/525/410 508/508/393 502/502/387
f 507/507/392 525/525/410 502/502/387
f 526/526/411 523/523/408 522/522/407
f 526/526/411 522/522/407 525/525/410
f 527/527/412 524/524/409 523/523/408
f 527/527/412 523/523/408 526/526/411
f 528/528/413 524/524/409 527/527/412
f 529/529/414 525/525/410 507/507/392
f 529/529/414 526/526/411 525/525/410
f 530/530/415 527/527/412 526/526/411
f 530/530/415 526/526/411 529/529/414
f 531/531/416 528/528/413 527/527/412
f 531/531/416 527/527/412 530/530/415
f 532/532/417 528/528/413 531/531/416
f 533/533/418 529/529/414 507/507/392
f 533/533/418 507/507/392 501/501/386
f 506/506/391 533/533/418 501/501/386
f 534/534/419 530/530/415 529/529/414
f 534/534/419 529/529/414 533/533/418
f 535/535/420 531/531/416 530/530/415
f 535/535/420 530/530/415 534/534/419
f 536/536/421 532/532/417 531/531/416
f 536/536/421 531/531/416 535/535/420
f 537/537/422 532/532/417 536/536/421
f 538/538/423 533/533/418 506/506/391
f 538/538/423 534/534/419 533/533/418
f 539/539/424 535/535/420 534/534/419
f 539/539/424 534/534/419 538/538/423
f 540/540/425 536/536/421 535/535/420
f 540/540/425 535/535/420 539/539/424
f 541/541/426 537/537/422 536/536/421
f 541/541/426 536/536/421 540/540/425
f 542/542/427 537/537/422 541/541/426
f 543/543/428 538/538/423 506/506/391
f 543/543/428 506/506/391 500/500/385
f 544/544/429 539/539/424 538/538/423
f 544/544/429 538/538/423 543/543/428
f 545/545/430 540/540/425 539/539/424
f 545/545/430 539/539/424 544/544/429
f 546/546/431 541/541/426 540/540/425
f 546/546/431 540/540/425 545/545/430
f 547/547/432 542/542/427 541/541/426
f 547/547/432 541/541/426 546/546/431
f 548/548/433 542/542/427 547/547/432
f 549/549/434 543/543/428 500/500/385
f 549/549/434 500/500/385 494/494/379
f 550/550/435 544/544/429 543/543/428
f 550/550/435 543/543/428 549/549/434
f 551/551/436 545/545/430 544/544/429
f 551/551/436 544/544/429 550/550/435
f 552/552/437 546/546/431 545/545/430
f 552/552/437 545/545/430 551/551/436
f 553/553/438 547/547/432 546/546/431
f 553/553/438 546/546/431 552/552/437
f 554/554/439 548/548/433 547/547/432
f 554/554/439 547/547/432 553/553/438
f 308/308/195 548/548/433 554/554/439
f 307/307/194 308/308/195 554/554/439
f 555/555/440 549/549/434 494/494/379
f 555/555/440 494/494/379 488/488/373
f 556/556/441 550/550/435 549/549/434
f 556/556/441 549/549/434 555/555/440
f 557/557/442 551/551/436 550/550/435
f 557/557/442 550/550/435 556/556/441
f 558/558/443 552/552/437 551/551/436
f 558/558/443 551/551/436 557/557/442
f 559/559/444 553/553/438 552/552/437
f 559/559/444 552/552/437 558/558/443
f 560/560/445 554/554/439 553/553/438
f 307/307/194 554/554/439 560/560/445
f 560/560/445 553/553/438 559/559/444
f 561/561/446 555/555/440 488/488/373
f 561/561/446 488/488/373 482/482/367
f 562/562/447 556/556/441 555/555/440
f 562/562/447 555/555/440 561/561/446
f 563/563/448 557/557/442 556/556/441
f 563/563/448 556/556/441 562/562/447
f 564/564/449 558/558/443 557/557/442
f 564/564/449 557/557/442 563/563/448
f 565/565/450 307/307/194 560/560/445
f 300/300/187 307/307/194 565/565/450
f 566/566/451 559/559/444 558/558/443
f 566/566/451 558/558/443 564/564/449
f 567/567/452 560/560/445 559/559/444
f 565/565/450 560/560/445 567/567/452
f 567/567/452 559/559/444 566/566/451
f 568/568/453 300/300/187 565/565/450
f 293/293/181 300/300/187 568/568/453
f 569/569/454 565/565/450 567/567/452
f 568/568/453 565/565/450 569/569/454
f 570/570/455 567/567/452 566/566/451
f 569/569/454 567/567/452 570/570/455
f 571/571/456 566/566/451 564/564/449
f 570/570/455 566/566/451 571/571/456
f 572/572/457 564/564/449 563/563/448
f 571/571/456 564/564/449 572/572/457
f 573/573/458 293/293/181 568/568/453
f 286/286/175 293/293/181 573/573/458
f 574/574/459 568/568/453 569/569/454
f 573/573/458 568/568/453 574/574/459
f 575/575/460 569/569/454 570/570/455
f 574/574/459 569/569/454 575/575/460
f 576/576/461 570/570/455 571/571/456
f 575/575/460 570/570/455 576/576/461
f 577/577/462 286/286/175 573/573/458
f 279/279/168 286/286/175 577/577/462
f 578/578/463 573/573/458 574/574/459
f 577/577/462 573/573/458 578/578/463
f 579/579/464 574/574/459 575/575/460
f 578/578/463 574/574/459 579/579/464
f 580/580/465 279/279/168 577/577/462
f 272/272/162 279/279/168 580/580/465
f 581/581/466 577/577/462 578/578/463
f 580/580/465 577/577/462 581/581/466
f 582/582/467 272/272/162 580/580/465
f 265/265/156 272/272/162 582/582/467
f 576/576/461 571/571/456 583/583/468
f 583/583/468 571/571/456 572/572/457
f 584/584/469 575/575/460 576/576/461
f 579/579/464 575/575/460 584/584/469
f 585/585/470 578/578/463 579/579/464
f 581/581/466 578/578/463 585/585/470
f 586/586/471 580/580/465 581/581/466
f 582/582/467 580/580/465 586/586/471
f 587/587/472 265/265/156 582/582/467
f 258/258/150 265/265/156 587/587/472
f 588/588/473 576/576/461 583/583/468
f 584/584/469 576/576/461 588/588/473
f 589/589/474 579/579/464 584/584/469
f 585/585/470 579/579/464 589/589/474
f 590/590/475 581/581/466 585/585/470
f 586/586/471 581/581/466 590/590/475
f 591/591/476 582/582/467 586/586/471
f 587/587/472 582/582/467 591/591/476
f 592/592/477 258/258/150 587/587/472
f 251/251/144 258/258/150 592/592/477
f 593/593/478 584/584/469 588/588/473
f 589/589/474 584/584/469 593/593/478
f 594/594/479 585/585/470 589/589/474
f 590/590/475 585/585/470 594/594/479
f 595/595/480 586/586/471 590/590/475
f 591/591/476 586/586/471 595/595/480
f 596/596/481 587/587/472 591/591/476
f 592/592/477 587/587/472 596/596/481
f 597/597/482 251/251/144 592/592/477
f 244/244/138 251/251/144 597/597/482
f 598/598/483 589/589/474 593/593/478
f 594/594/479 589/589/474 598/598/483
f 599/599/484 590/590/475 594/594/479
f 595/595/480 590/590/475 599/599/484
f 600/600/485 591/591/476 595/595/480
f 596/596/481 591/591/476 600/600/485
f 601/601/486 592/592/477 596/596/481
f 597/597/482 592/592/477 601/601/486
f 602/602/487 244/244/138 597/597/482
f 238/238/132 244/244/138 602/602/487
f 246/246/140 238/238/132 602/602/487
f 602/602/487 597/597/482 603/603/488
f 603/603/488 597/597/482 601/601/486
f 246/246/140 602/602/487 604/604/489
f 604/604/489 602/602/487 603/603/488
f 253/253/146 246/246/140 604/604/489
f 601/601/486 596/596/481 605/605/490
f 605/605/490 596/596/481 600/600/485
f 600/600/485 595/595/480 606/606/491
f 606/606/491 595/595/480 599/599/484
f 603/603/488 601/601/486 607/607/492
f 607/607/492 601/601/486 605/605/490
f 604/604/489 603/603/488 608/608/493
f 608/608/493 603/603/488 607/607/492
f 253/253/146 604/604/489 609/609/494
f 609/609/494 604/604/489 608/608/493
f 260/260/152 253/253/146 609/609/494
f 605/605/490 600/600/485 610/610/495
f 610/610/495 600/600/485 606/606/491
f 607/607/492 605/605/490 611/611/496
f 611/611/496 605/605/490 610/610/495
f 608/608/493 607/607/492 612/612/497
f 612/612/497 607/607/492 611/611/496
f 609/609/494 608/608/493 613/613/498
f 613/613/498 608/608/493 612/612/497
f 260/260/152 609/609/494 614/614/499
f 614/614/499 609/609/494 613/613/498
f 267/267/158 260/260/152 614/614/499
f 267/267/158 614/614/499 615/615/500
f 274/274/164 267/267/158 615/615/500
f 614/614/499 613/613/498 616/616/501
f 615/615/500 614/614/499 616/616/501
f 613/613/498 612/612/497 617/617/502
f 616/616/501 613/613/498 617/617/502
f 612/612/497 611/611/496 618/618/503
f 617/617/502 612/612/497 618/618/503
f 611/611/496 610/610/495 619/619/504
f 618/618/503 611/611/496 619/619/504
f 274/274/164 615/615/500 620/620/505
f 281/281/170 274/274/164 620/620/505
f 615/615/500 616/616/501 621/621/506
f 620/620/505 615/615/500 621/621/506
f 616/616/501 617/617/502 622/622/507
f 621/621/506 616/616/501 622/622/507
f 617/617/502 618/618/503 623/623/508
f 622/622/507 617/617/502 623/623/508
f 281/281/170 620/620/505 624/624/509
f 288/288/177 281/281/170 624/624/509
f 288/288/177 624/624/509 355/355/240
f 355/355/240 624/624/509 370/370/255
f 624/624/509 620/620/505 625/625/510
f 620/620/505 621/621/506 625/625/510
f 624/624/509 625/625/510 370/370/255
f 621/621/506 622/622/507 626/626/511
f 625/625/510 621/621/506 626/626/511
f 370/370/255 625/625/510 627/627/512
f 625/625/510 626/626/511 627/627/512
f 370/370/255 627/627/512 369/369/254
f 369/369/254 627/627/512 377/377/262
f 626/626/511 622/622/507 628/628/513
f 622/622/507 623/623/508 628/628/513
f 627/627/512 626/626/511 629/629/514
f 627/627/512 629/629/514 377/377/262
f 626/626/511 628/628/513 629/629/514
f 377/377/262 629/629/514 630/630/515
f 377/377/262 630/630/515 376/376/261
f 376/376/261 630/630/515 383/383/268
f 629/629/514 628/628/513 631/631/516
f 629/629/514 631/631/516 630/630/515
f 630/630/515 632/632/517 383/383/268
f 630/630/515 631/631/516 632/632/517
f 383/383/268 632/632/517 398/398/283
f 628/628/513 623/623/508 633/633/518
f 628/628/513 633/633/518 631/631/516
f 632/632/517 634/634/519 398/398/283
f 398/398/283 634/634/519 404/404/289
f 631/631/516 635/635/520 632/632/517
f 631/631/516 633/633/518 635/635/520
f 632/632/517 635/635/520 634/634/519
f 623/623/508 636/636/521 633/633/518
f 623/623/508 618/618/503 636/636/521
f 618/618/503 619/619/504 636/636/521
f 634/634/519 637/637/522 404/404/289
f 404/404/289 637/637/522 410/410/295
f 635/635/520 638/638/523 634/634/519
f 634/634/519 638/638/523 637/637/522
f 633/633/518 639/639/524 635/635/520
f 633/633/518 636/636/521 639/639/524
f 635/635/520 639/639/524 638/638/523
f 636/636/521 619/619/504 640/640/525
f 636/636/521 640/640/525 639/639/524
f 637/637/522 641/641/526 410/410/295
f 410/410/295 641/641/526 416/416/301
f 638/638/523 642/642/527 637/637/522
f 637/637/522 642/642/527 641/641/526
f 639/639/524 643/643/528 638/638/523
f 639/639/524 640/640/525 643/643/528
f 638/638/523 643/643/528 642/642/527
f 619/619/504 644/644/529 640/640/525
f 619/619/504 610/610/495 644/644/529
f 610/610/495 606/606/491 644/644/529
f 641/641/526 645/645/530 416/416/301
f 416/416/301 645/645/530 422/422/307
f 642/642/527 646/646/531 641/641/526
f 641/641/526 646/646/531 645/645/530
f 643/643/528 647/647/532 642/642/527
f 642/642/527 647/647/532 646/646/531
f 640/640/525 648/648/533 643/643/528
f 640/640/525 644/644/529 648/648/533
f 643/643/528 648/648/533 647/647/532
f 644/644/529 606/606/491 649/649/534
f 644/644/529 649/649/534 648/648/533
f 606/606/491 599/599/484 649/649/534
f 645/645/530 650/650/535 422/422/307
f 422/422/307 650/650/535 428/428/313
f 646/646/531 651/651/536 645/645/530
f 645/645/530 651/651/536 650/650/535
f 647/647/532 652/652/537 646/646/531
f 646/646/531 652/652/537 651/651/536
f 648/648/533 653/653/538 647/647/532
f 648/648/533 649/649/534 653/653/538
f 647/647/532 653/653/538 652/652/537
f 649/649/534 599/599/484 654/654/539
f 649/649/534 654/654/539 653/653/538
f 599/599/484 594/594/479 654/654/539
f 654/654/539 594/594/479 598/598/483
f 653/653/538 654/654/539 655/655/540
f 653/653/538 655/655/540 652/652/537
f 654/654/539 598/598/483 655/655/540
f 650/650/535 656/656/541 428/428/313
f 428/428/313 656/656/541 434/434/319
f 651/651/536 657/657/542 650/650/535
f 650/650/535 657/657/542 656/656/541
f 652/652/537 658/658/543 651/651/536
f 652/652/537 655/655/540 658/658/543
f 651/651/536 658/658/543 657/657/542
f 655/655/540 598/598/483 659/659/544
f 655/655/540 659/659/544 658/658/543
f 598/598/483 593/593/478 659/659/544
f 658/658/543 660/660/545 657/657/542
f 658/658/543 659/659/544 660/660/545
f 659/659/544 593/593/478 661/661/546
f 659/659/544 661/661/546 660/660/545
f 593/593/478 588/588/473 661/661/546
f 657/657/542 662/662/547 656/656/541
f 657/657/542 660/660/545 662/662/547
f 656/656/541 663/663/548 434/434/319
f 656/656/541 662/662/547 663/663/548
f 660/660/545 661/661/546 664/664/549
f 660/660/545 664/664/549 662/662/547
f 661/661/546 588/588/473 665/665/550
f 661/661/546 665/665/550 664/664/549
f 588/588/473 583/583/468 665/665/550
f 662/662/547 664/664/549 666/666/551
f 662/662/547 666/666/551 663/663/548
f 434/434/319 663/663/548 667/667/552
f 434/434/319 667/667/552 429/429/314
f 429/429/314 667/667/552 435/435/320
f 664/664/549 665/665/550 668/668/553
f 664/664/549 668/668/553 666/666/551
f 665/665/550 583/583/468 669/669/554
f 665/665/550 669/669/554 668/668/553
f 583/583/468 572/572/457 669/669/554
f 663/663/548 670/670/555 667/667/552
f 663/663/548 666/666/551 670/670/555
f 667/667/552 671/671/556 435/435/320
f 667/667/552 670/670/555 671/671/556
f 435/435/320 671/671/556 445/445/330
f 666/666/551 668/668/553 672/672/557
f 666/666/551 672/672/557 670/670/555
f 668/668/553 669/669/554 673/673/558
f 668/668/553 673/673/558 672/672/557
f 669/669/554 572/572/457 674/674/559
f 669/669/554 674/674/559 673/673/558
f 572/572/457 563/563/448 674/674/559
f 674/674/559 563/563/448 562/562/447
f 674/674/559 562/562/447 675/675/560
f 673/673/558 674/674/559 675/675/560
f 675/675/560 562/562/447 561/561/446
f 671/671/556 676/676/561 445/445/330
f 445/445/330 676/676/561 450/450/335
f 676/676/561 461/461/346 450/450/335
f 672/672/557 673/673/558 677/677/562
f 673/673/558 675/675/560 677/677/562
f 675/675/560 561/561/446 678/678/563
f 677/677/562 675/675/560 678/678/563
f 678/678/563 561/561/446 482/482/367
f 678/678/563 482/482/367 476/476/361
f 679/679/564 476/476/361 461/461/346
f 679/679/564 678/678/563 476/476/361
f 676/676/561 679/679/564 461/461/346
f 677/677/562 678/678/563 679/679/564
f 671/671/556 680/680/565 676/676/561
f 680/680/565 679/679/564 676/676/561
f 680/680/565 677/677/562 679/679/564
f 672/672/557 677/677/562 680/680/565
f 670/670/555 680/680/565 671/671/556
f 670/670/555 672/672/557 680/680/565
f 683/681/566 682/682/566 681/683/78
f 682/682/566 684/684/76 681/683/78
f 681/683/78 684/684/76 685/685/567
f 684/684/76 682/682/566 686/686/566
f 684/684/76 687/687/567 685/685/567
f 685/685/567 687/687/567 688/688/568
f 689/689/76 684/684/76 686/686/566
f 687/687/567 684/684/76 689/689/76
f 689/689/76 686/686/566 690/690/569
f 687/687/567 691/691/570 688/688/568
f 688/688/568 691/691/570 692/692/571
f 693/693/572 689/689/76 690/690/569
f 693/693/572 690/690/569 694/694/573
f 695/695/574 693/693/572 694/694/573
f 696/696/567 687/687/567 689/689/76
f 696/696/567 689/689/76 693/693/572
f 691/691/570 687/687/567 696/696/567
f 697/697/575 693/693/572 695/695/574
f 697/697/575 696/696/567 693/693/572
f 698/698/576 697/697/575 695/695/574
f 691/691/570 699/699/130 692/692/571
f 692/692/571 699/699/130 700/700/123
f 701/701/568 691/691/570 696/696/567
f 701/701/568 696/696/567 697/697/575
f 699/699/130 691/691/570 701/701/568
f 702/702/577 697/697/575 698/698/576
f 702/702/577 701/701/568 697/697/575
f 703/703/578 702/702/577 698/698/576
f 699/699/130 704/704/125 700/700/123
f 700/700/123 704/704/125 705/705/69
f 706/706/130 699/699/130 701/701/568
f 706/706/130 701/701/568 702/702/577
f 704/704/125 699/699/130 706/706/130
f 707/707/579 702/702/577 703/703/578
f 707/707/579 706/706/130 702/702/577
f 708/708/580 707/707/579 703/703/578
f 704/704/125 709/709/69 705/705/69
f 705/705/69 709/709/69 710/710/581
f 711/711/123 704/704/125 706/706/130
f 711/711/123 706/706/130 707/707/579
f 709/709/69 704/704/125 711/711/123
f 712/712/582 707/707/579 708/708/580
f 712/712/582 711/711/123 707/707/579
f 713/713/583 712/712/582 708/708/580
f 709/709/69 714/714/581 710/710/581
f 710/710/581 714/714/581 715/715/95
f 716/716/584 709/709/69 711/711/123
f 716/716/584 711/711/123 712/712/582
f 714/714/581 709/709/69 716/716/584
f 717/717/585 712/712/582 713/713/583
f 717/717/585 716/716/584 712/712/582
f 718/718/586 717/717/585 713/713/583
f 714/714/581 719/719/95 715/715/95
f 715/715/95 719/719/95 720/720/193
f 721/721/587 714/714/581 716/716/584
f 721/721/587 716/716/584 717/717/585
f 719/719/95 714/714/581 721/721/587
f 722/722/588 717/717/585 718/718/586
f 722/722/588 721/721/587 717/717/585
f 723/723/589 722/722/588 718/718/586
f 719/719/95 724/724/193 720/720/193
f 720/720/193 724/724/193 725/725/192
f 726/726/95 719/719/95 721/721/587
f 726/726/95 721/721/587 722/722/588
f 724/724/193 719/719/95 726/726/95
f 727/727/590 722/722/588 723/723/589
f 727/727/590 726/726/95 722/722/588
f 728/728/591 727/727/590 723/723/589
f 724/724/193 729/729/192 725/725/192
f 725/725/192 729/729/192 730/730/180
f 731/731/592 724/724/193 726/726/95
f 731/731/592 726/726/95 727/727/590
f 729/729/192 724/724/193 731/731/592
f 732/732/593 727/727/590 728/728/591
f 732/732/593 731/731/592 727/727/590
f 733/733/594 732/732/593 728/728/591
f 729/729/192 734/734/595 730/730/180
f 730/730/180 734/734/595 735/735/596
f 736/736/597 729/729/192 731/731/592
f 736/736/597 731/731/592 732/732/593
f 734/734/595 729/729/192 736/736/597
f 737/737/598 732/732/593 733/733/594
f 737/737/598 736/736/597 732/732/593
f 738/738/599 737/737/598 733/733/594
f 734/734/595 739/739/174 735/735/596
f 735/735/596 739/739/174 740/740/600
f 741/741/61 734/734/595 736/736/597
f 741/741/61 736/736/597 737/737/598
f 739/739/174 734/734/595 741/741/61
f 742/742/601 737/737/598 738/738/599
f 742/742/601 741/741/61 737/737/598
f 743/743/602 742/742/601 738/738/599
f 739/739/174 744/744/600 740/740/600
f 740/740/600 744/744/600 745/745/603
f 746/746/596 739/739/174 741/741/61
f 746/746/596 741/741/61 742/742/601
f 744/744/600 739/739/174 746/746/596
f 747/747/604 742/742/601 743/743/602
f 747/747/604 746/746/596 742/742/601
f 748/748/605 747/747/604 743/743/602
f 744/744/600 749/749/603 745/745/603
f 745/745/603 749/749/603 750/750/606
f 751/751/607 744/744/600 746/746/596
f 751/751/607 746/746/596 747/747/604
f 749/749/603 744/744/600 751/751/607
f 752/752/608 747/747/604 748/748/605
f 752/752/608 751/751/607 747/747/604
f 753/753/609 752/752/608 748/748/605
f 749/749/603 754/754/606 750/750/606
f 750/750/606 754/754/606 755/755/610
f 754/754/606 756/756/610 755/755/610
f 757/757/603 749/749/603 751/751/607
f 757/757/603 751/751/607 752/752/608
f 754/754/606 749/749/603 757/757/603
f 758/758/611 752/752/608 753/753/609
f 758/758/611 757/757/603 752/752/608
f 759/759/612 758/758/611 753/753/609
f 756/756/610 754/754/606 760/760/613
f 760/760/613 754/754/606 757/757/603
f 760/760/613 757/757/603 758/758/611
f 761/761/610 756/756/610 760/760/613
f 762/762/614 758/758/611 759/759/612
f 762/762/614 760/760/613 758/758/611
f 761/761/610 760/760/613 762/762/614
f 763/763/615 762/762/614 759/759/612
f 764/764/616 761/761/610 762/762/614
f 764/764/616 762/762/614 763/763/615
f 765/765/617 764/764/616 763/763/615
f 768/766/618 767/767/619 766/768/620
f 767/767/619 769/769/621 766/768/620
f 766/768/620 769/769/621 770/770/622
f 767/767/619 771/771/623 769/769/621
f 769/769/621 772/772/624 770/770/622
f 770/770/622 772/772/624 773/773/625
f 771/771/623 774/774/626 769/769/621
f 769/769/621 774/774/626 772/772/624
f 771/771/623 775/775/627 774/774/626
f 772/772/624 776/776/628 773/773/625
f 773/773/625 776/776/628 777/777/629
f 774/774/626 778/778/630 772/772/624
f 772/772/624 778/778/630 776/776/628
f 775/775/627 779/779/631 774/774/626
f 774/774/626 779/779/631 778/778/630
f 775/775/627 780/780/627 779/779/631
f 776/776/628 781/781/632 777/777/629
f 777/777/629 781/781/632 782/782/633
f 778/778/630 783/783/634 776/776/628
f 776/776/628 783/783/634 781/781/632
f 780/780/627 784/784/631 779/779/631
f 780/780/627 785/785/635 784/784/631
f 779/779/631 786/786/636 778/778/630
f 778/778/630 786/786/636 783/783/634
f 779/779/631 784/784/631 786/786/636
f 781/781/632 787/787/637 782/782/633
f 782/782/633 787/787/637 788/788/638
f 785/785/635 789/789/639 784/784/631
f 785/785/635 790/790/640 789/789/639
f 783/783/634 791/791/641 781/781/632
f 781/781/632 791/791/641 787/787/637
f 784/784/631 792/792/636 786/786/636
f 784/784/631 789/789/639 792/792/636
f 786/786/636 793/793/61 783/783/634
f 783/783/634 793/793/61 791/791/641
f 786/786/636 792/792/636 793/793/61
f 787/787/637 794/794/642 788/788/638
f 788/788/638 794/794/642 795/795/643
f 790/790/640 796/796/644 789/789/639
f 790/790/640 797/797/645 796/796/644
f 791/791/641 798/798/646 787/787/637
f 787/787/637 798/798/646 794/794/642
f 793/793/61 799/799/59 791/791/641
f 791/791/641 799/799/59 798/798/646
f 789/789/639 800/800/647 792/792/636
f 789/789/639 796/796/644 800/800/647
f 792/792/636 801/801/61 793/793/61
f 793/793/61 801/801/61 799/799/59
f 792/792/636 800/800/647 801/801/61
f 794/794/642 802/802/648 795/795/643
f 795/795/643 802/802/648 803/803/649
f 797/797/645 804/804/650 796/796/644
f 797/797/645 805/805/651 804/804/650
f 798/798/646 806/806/652 794/794/642
f 794/794/642 806/806/652 802/802/648
f 799/799/59 807/807/653 798/798/646
f 798/798/646 807/807/653 806/806/652
f 801/801/61 808/808/59 799/799/59
f 799/799/59 808/808/59 807/807/653
f 796/796/644 809/809/654 800/800/647
f 796/796/644 804/804/650 809/809/654
f 800/800/647 810/810/655 801/801/61
f 801/801/61 810/810/655 808/808/59
f 800/800/647 809/809/654 810/810/655
f 805/805/651 811/811/656 804/804/650
f 805/805/651 812/812/657 811/811/656
f 804/804/650 813/813/658 809/809/654
f 804/804/650 811/811/656 813/813/658
f 809/809/654 814/814/659 810/810/655
f 809/809/654 813/813/658 814/814/659
f 810/810/655 815/815/660 808/808/59
f 810/810/655 814/814/659 815/815/660
f 808/808/59 816/816/661 807/807/653
f 808/808/59 815/815/660 816/816/661
f 812/812/657 817/817/662 811/811/656
f 812/812/657 818/818/663 817/817/662
f 811/811/656 819/819/664 813/813/658
f 811/811/656 817/817/662 819/819/664
f 813/813/658 820/820/665 814/814/659
f 813/813/658 819/819/664 820/820/665
f 814/814/659 821/821/666 815/815/660
f 814/814/659 820/820/665 821/821/666
f 818/818/663 822/822/667 817/817/662
f 818/818/663 823/823/668 822/822/667
f 817/817/662 824/824/669 819/819/664
f 817/817/662 822/822/667 824/824/669
f 819/819/664 825/825/670 820/820/665
f 819/819/664 824/824/669 825/825/670
f 823/823/668 826/826/671 822/822/667
f 823/823/668 827/827/672 826/826/671
f 822/822/667 828/828/673 824/824/669
f 822/822/667 826/826/671 828/828/673
f 827/827/672 829/829/674 826/826/671
f 827/827/672 830/830/675 829/829/674
f 830/830/675 831/831/675 829/829/674
f 826/826/671 829/829/674 832/832/676
f 826/826/671 832/832/676 828/828/673
f 829/829/674 831/831/675 833/833/677
f 829/829/674 833/833/677 832/832/676
f 831/831/675 834/834/675 833/833/677
f 824/824/669 828/828/673 835/835/678
f 824/824/669 835/835/678 825/825/670
f 820/820/665 825/825/670 836/836/679
f 820/820/665 836/836/679 821/821/666
f 828/828/673 832/832/676 837/837/680
f 828/828/673 837/837/680 835/835/678
f 832/832/676 833/833/677 838/838/681
f 832/832/676 838/838/681 837/837/680
f 833/833/677 834/834/675 839/839/682
f 833/833/677 839/839/682 838/838/681
f 834/834/675 840/840/675 839/839/682
f 825/825/670 835/835/678 841/841/683
f 825/825/670 841/841/683 836/836/679
f 835/835/678 837/837/680 842/842/684
f 835/835/678 842/842/684 841/841/683
f 837/837/680 838/838/681 843/843/685
f 837/837/680 843/843/685 842/842/684
f 838/838/681 839/839/682 844/844/686
f 838/838/681 844/844/686 843/843/685
f 839/839/682 840/840/675 845/845/687
f 839/839/682 845/845/687 844/844/686
f 840/840/675 846/846/675 845/845/687
f 845/845/687 846/846/675 847/847/688
f 846/846/675 848/848/675 847/847/688
f 844/844/686 845/845/687 849/849/689
f 845/845/687 847/847/688 849/849/689
f 843/843/685 844/844/686 850/850/690
f 844/844/686 849/849/689 850/850/690
f 842/842/684 843/843/685 851/851/691
f 843/843/685 850/850/690 851/851/691
f 841/841/683 842/842/684 852/852/692
f 842/842/684 851/851/691 852/852/692
f 847/847/688 848/848/675 853/853/693
f 848/848/675 854/854/675 853/853/693
f 849/849/689 847/847/688 855/855/694
f 847/847/688 853/853/693 855/855/694
f 850/850/690 849/849/689 856/856/695
f 849/849/689 855/855/694 856/856/695
f 851/851/691 850/850/690 857/857/696
f 850/850/690 856/856/695 857/857/696
f 853/853/693 854/854/675 858/858/697
f 854/854/675 859/859/675 858/858/697
f 855/855/694 853/853/693 860/860/698
f 853/853/693 858/858/697 860/860/698
f 856/856/695 855/855/694 861/861/699
f 855/855/694 860/860/698 861/861/699
f 858/858/697 859/859/675 862/862/700
f 859/859/675 863/863/675 862/862/700
f 860/860/698 858/858/697 864/864/701
f 858/858/697 862/862/700 864/864/701
f 862/862/700 863/863/675 865/865/702
f 863/863/675 866/866/675 865/865/702
f 851/851/691 857/857/696 867/867/703
f 852/852/692 851/851/691 867/867/703
f 857/857/696 856/856/695 868/868/704
f 856/856/695 861/861/699 868/868/704
f 861/861/699 860/860/698 869/869/705
f 860/860/698 864/864/701 869/869/705
f 864/864/701 862/862/700 870/870/706
f 862/862/700 865/865/702 870/870/706
f 865/865/702 866/866/675 871/871/707
f 866/866/675 872/872/675 871/871/707
f 867/867/703 857/857/696 873/873/708
f 857/857/696 868/868/704 873/873/708
f 868/868/704 861/861/699 874/874/709
f 861/861/699 869/869/705 874/874/709
f 869/869/705 864/864/701 875/875/710
f 864/864/701 870/870/706 875/875/710
f 870/870/706 865/865/702 876/876/711
f 865/865/702 871/871/707 876/876/711
f 871/871/707 872/872/675 877/877/712
f 872/872/675 878/878/675 877/877/712
f 873/873/708 868/868/704 879/879/713
f 868/868/704 874/874/709 879/879/713
f 874/874/709 869/869/705 880/880/714
f 869/869/705 875/875/710 880/880/714
f 875/875/710 870/870/706 881/881/715
f 870/870/706 876/876/711 881/881/715
f 876/876/711 871/871/707 882/882/716
f 871/871/707 877/877/712 882/882/716
f 877/877/712 878/878/675 883/883/717
f 878/878/675 884/884/675 883/883/717
f 879/879/713 874/874/709 885/885/718
f 874/874/709 880/880/714 885/885/718
f 880/880/714 875/875/710 886/886/719
f 875/875/710 881/881/715 886/886/719
f 881/881/715 876/876/711 887/887/720
f 876/876/711 882/882/716 887/887/720
f 882/882/716 877/877/712 888/888/721
f 877/877/712 883/883/717 888/888/721
f 883/883/717 884/884/675 889/889/722
f 884/884/675 890/890/675 889/889/722
f 885/885/718 880/880/714 891/891/723
f 880/880/714 886/886/719 891/891/723
f 886/886/719 881/881/715 892/892/724
f 881/881/715 887/887/720 892/892/724
f 887/887/720 882/882/716 893/893/725
f 882/882/716 888/888/721 893/893/725
f 888/888/721 883/883/717 894/894/726
f 883/883/717 889/889/722 894/894/726
f 889/889/722 890/890/675 895/895/727
f 890/890/675 896/896/675 895/895/727
f 891/891/723 886/886/719 897/897/728
f 886/886/719 892/892/724 897/897/728
f 892/892/724 887/887/720 898/898/729
f 887/887/720 893/893/725 898/898/729
f 893/893/725 888/888/721 899/899/730
f 888/888/721 894/894/726 899/899/730
f 894/894/726 889/889/722 900/900/731
f 889/889/722 895/895/727 900/900/731
f 895/895/727 896/896/675 901/901/732
f 896/896/675 902/902/733 901/901/732
f 901/901/732 902/902/733 903/903/734
f 902/902/733 904/904/735 903/903/734
f 901/901/732 903/903/734 905/905/736
f 895/895/727 901/901/732 906/906/737
f 906/906/737 901/901/732 905/905/736
f 900/900/731 895/895/727 906/906/737
f 906/906/737 905/905/736 907/907/738
f 908/908/739 906/906/737 907/907/738
f 900/900/731 906/906/737 908/908/739
f 908/908/739 907/907/738 909/909/740
f 894/894/726 900/900/731 910/910/741
f 910/910/741 900/900/731 908/908/739
f 899/899/730 894/894/726 910/910/741
f 911/911/742 908/908/739 909/909/740
f 910/910/741 908/908/739 911/911/742
f 911/911/742 909/909/740 912/912/743
f 899/899/730 910/910/741 913/913/744
f 913/913/744 910/910/741 911/911/742
f 914/914/745 911/911/742 912/912/743
f 913/913/744 911/911/742 914/914/745
f 914/914/745 912/912/743 915/915/746
f 916/916/747 899/899/730 913/913/744
f 893/893/725 899/899/730 916/916/747
f 898/898/729 893/893/725 916/916/747
f 917/917/748 914/914/745 915/915/746
f 917/917/748 915/915/746 918/918/749
f 919/919/750 913/913/744 914/914/745
f 916/916/747 913/913/744 919/919/750
f 919/919/750 914/914/745 917/917/748
f 898/898/729 916/916/747 920/920/751
f 920/920/751 916/916/747 919/919/750
f 921/921/752 917/917/748 918/918/749
f 921/921/752 918/918/749 922/922/753
f 923/923/754 919/919/750 917/917/748
f 920/920/751 919/919/750 923/923/754
f 923/923/754 917/917/748 921/921/752
f 924/924/755 898/898/729 920/920/751
f 892/892/724 898/898/729 924/924/755
f 897/897/728 892/892/724 924/924/755
f 925/925/756 921/921/752 922/922/753
f 925/925/756 922/922/753 926/926/757
f 927/927/758 920/920/751 923/923/754
f 924/924/755 920/920/751 927/927/758
f 928/928/759 923/923/754 921/921/752
f 928/928/759 921/921/752 925/925/756
f 927/927/758 923/923/754 928/928/759
f 897/897/728 924/924/755 929/929/760
f 929/929/760 924/924/755 927/927/758
f 930/930/761 925/925/756 926/926/757
f 930/930/761 926/926/757 931/931/757
f 932/932/762 928/928/759 925/925/756
f 932/932/762 925/925/756 930/930/761
f 933/933/763 927/927/758 928/928/759
f 929/929/760 927/927/758 933/933/763
f 933/933/763 928/928/759 932/932/762
f 934/934/764 897/897/728 929/929/760
f 891/891/723 897/897/728 934/934/764
f 935/935/761 930/930/761 931/931/757
f 935/935/761 931/931/757 936/936/765
f 937/937/766 932/932/762 930/930/761
f 937/937/766 930/930/761 935/935/761
f 938/938/767 933/933/763 932/932/762
f 938/938/767 932/932/762 937/937/766
f 939/939/768 929/929/760 933/933/763
f 934/934/764 929/929/760 939/939/768
f 939/939/768 933/933/763 938/938/767
f 940/940/769 891/891/723 934/934/764
f 885/885/718 891/891/723 940/940/769
f 941/941/770 935/935/761 936/936/765
f 941/941/770 936/936/765 942/942/771
f 943/943/766 937/937/766 935/935/761
f 943/943/766 935/935/761 941/941/770
f 944/944/125 938/938/767 937/937/766
f 944/944/125 937/937/766 943/943/766
f 945/945/772 939/939/768 938/938/767
f 945/945/772 938/938/767 944/944/125
f 946/946/773 934/934/764 939/939/768
f 940/940/769 934/934/764 946/946/773
f 946/946/773 939/939/768 945/945/772
f 947/947/774 885/885/718 940/940/769
f 879/879/713 885/885/718 947/947/774
f 948/948/775 941/941/770 942/942/771
f 948/948/775 942/942/771 949/949/776
f 950/950/777 948/948/775 949/949/776
f 951/951/778 940/940/769 946/946/773
f 947/947/774 940/940/769 951/951/778
f 952/952/779 946/946/773 945/945/772
f 951/951/778 946/946/773 952/952/779
f 953/953/780 879/879/713 947/947/774
f 873/873/708 879/879/713 953/953/780
f 954/954/781 941/941/770 948/948/775
f 954/954/781 943/943/766 941/941/770
f 955/955/782 948/948/775 950/950/777
f 955/955/782 954/954/781 948/948/775
f 956/956/783 955/955/782 950/950/777
f 957/957/784 947/947/774 951/951/778
f 953/953/780 947/947/774 957/957/784
f 958/958/785 873/873/708 953/953/780
f 867/867/703 873/873/708 958/958/785
f 959/959/125 943/943/766 954/954/781
f 959/959/125 944/944/125 943/943/766
f 960/960/786 955/955/782 956/956/783
f 961/961/787 960/960/786 956/956/783
f 962/962/788 954/954/781 955/955/782
f 962/962/788 959/959/125 954/954/781
f 960/960/786 962/962/788 955/955/782
f 963/963/71 944/944/125 959/959/125
f 963/963/71 945/945/772 944/944/125
f 952/952/779 945/945/772 963/963/71
f 964/964/789 960/960/786 961/961/787
f 965/965/790 964/964/789 961/961/787
f 966/966/791 962/962/788 960/960/786
f 964/964/789 966/966/791 960/960/786
f 967/967/71 959/959/125 962/962/788
f 967/967/71 963/963/71 959/959/125
f 966/966/791 967/967/71 962/962/788
f 968/968/792 952/952/779 963/963/71
f 968/968/792 963/963/71 967/967/71
f 969/969/793 964/964/789 965/965/790
f 970/970/794 969/969/793 965/965/790
f 971/971/795 966/966/791 964/964/789
f 969/969/793 971/971/795 964/964/789
f 972/972/792 967/967/71 966/966/791
f 972/972/792 968/968/792 967/967/71
f 971/971/795 972/972/792 966/966/791
f 973/973/796 952/952/779 968/968/792
f 973/973/796 951/951/778 952/952/779
f 957/957/784 951/951/778 973/973/796
f 974/974/797 969/969/793 970/970/794
f 975/975/798 974/974/797 970/970/794
f 976/976/567 968/968/792 972/972/792
f 976/976/567 973/973/796 968/968/792
f 977/977/799 971/971/795 969/969/793
f 974/974/797 977/977/799 969/969/793
f 978/978/567 972/972/792 971/971/795
f 978/978/567 976/976/567 972/972/792
f 977/977/799 978/978/567 971/971/795
f 979/979/800 957/957/784 973/973/796
f 979/979/800 973/973/796 976/976/567
f 980/980/801 974/974/797 975/975/798
f 981/981/802 980/980/801 975/975/798
f 982/982/803 976/976/567 978/978/567
f 982/982/803 979/979/800 976/976/567
f 983/983/804 977/977/799 974/974/797
f 980/980/801 983/983/804 974/974/797
f 984/984/803 978/978/567 977/977/799
f 984/984/803 982/982/803 978/978/567
f 983/983/804 984/984/803 977/977/799
f 985/985/805 957/957/784 979/979/800
f 985/985/805 953/953/780 957/957/784
f 958/958/785 953/953/780 985/985/805
f 986/986/806 980/980/801 981/981/802
f 803/803/649 986/986/806 981/981/802
f 802/802/648 986/986/806 803/803/649
f 987/987/807 979/979/800 982/982/803
f 987/987/807 985/985/805 979/979/800
f 988/988/149 982/982/803 984/984/803
f 988/988/149 987/987/807 982/982/803
f 989/989/808 983/983/804 980/980/801
f 986/986/806 989/989/808 980/980/801
f 802/802/648 990/990/809 986/986/806
f 990/990/809 989/989/808 986/986/806
f 806/806/652 990/990/809 802/802/648
f 991/991/149 984/984/803 983/983/804
f 989/989/808 991/991/149 983/983/804
f 991/991/149 988/988/149 984/984/803
f 992/992/810 985/985/805 987/987/807
f 992/992/810 958/958/785 985/985/805
f 806/806/652 993/993/603 990/990/809
f 807/807/653 993/993/603 806/806/652
f 807/807/653 816/816/661 993/993/603
f 990/990/809 994/994/811 989/989/808
f 994/994/811 991/991/149 989/989/808
f 993/993/603 994/994/811 990/990/809
f 995/995/812 987/987/807 988/988/149
f 995/995/812 992/992/810 987/987/807
f 996/996/811 988/988/149 991/991/149
f 994/994/811 996/996/811 991/991/149
f 996/996/811 995/995/812 988/988/149
f 993/993/603 997/997/603 994/994/811
f 816/816/661 997/997/603 993/993/603
f 997/997/603 996/996/811 994/994/811
f 998/998/813 958/958/785 992/992/810
f 998/998/813 867/867/703 958/958/785
f 852/852/692 867/867/703 998/998/813
f 999/999/814 992/992/810 995/995/812
f 999/999/814 998/998/813 992/992/810
f 1000/1000/815 995/995/812 996/996/811
f 997/997/603 1000/1000/815 996/996/811
f 1000/1000/815 999/999/814 995/995/812
f 816/816/661 1001/1001/816 997/997/603
f 1001/1001/816 1000/1000/815 997/997/603
f 815/815/660 1001/1001/816 816/816/661
f 815/815/660 821/821/666 1001/1001/816
f 1002/1002/817 852/852/692 998/998/813
f 1002/1002/817 998/998/813 999/999/814
f 841/841/683 852/852/692 1002/1002/817
f 836/836/679 841/841/683 1002/1002/817
f 1003/1003/818 999/999/814 1000/1000/815
f 1001/1001/816 1003/1003/818 1000/1000/815
f 821/821/666 1003/1003/818 1001/1001/816
f 1003/1003/818 1002/1002/817 999/999/814
f 836/836/679 1002/1002/817 1003/1003/818
f 821/821/666 836/836/679 1003/1003/818
f 1006/1004/819 1005/1005/820 1004/1006/821
f 1007/1007/822 1006/1004/819 1004/1006/821
f 1008/1008/823 1006/1004/819 1007/1007/822
f 1007/1007/822 1004/1006/821 1009/1009/824
f 1004/1006/821 1010/1010/825 1009/1009/824
f 1011/1011/826 1008/1008/823 1007/1007/822
f 1012/1012/827 1008/1008/823 1011/1011/826
f 1007/1007/822 1009/1009/824 1013/1013/828
f 1011/1011/826 1007/1007/822 1013/1013/828
f 1009/1009/824 1010/1010/825 1014/1014/829
f 1010/1010/825 1015/1015/825 1014/1014/829
f 1016/1016/830 1012/1012/827 1011/1011/826
f 1017/1017/831 1012/1012/827 1016/1016/830
f 1014/1014/829 1015/1015/825 1018/1018/832
f 1015/1015/825 1019/1019/825 1018/1018/832
f 1014/1014/829 1018/1018/832 1020/1020/833
f 1009/1009/824 1014/1014/829 1021/1021/828
f 1021/1021/828 1014/1014/829 1020/1020/833
f 1013/1013/828 1009/1009/824 1021/1021/828
f 1021/1021/828 1020/1020/833 1022/1022/834
f 1023/1023/835 1021/1021/828 1022/1022/834
f 1013/1013/828 1021/1021/828 1023/1023/835
f 1023/1023/835 1022/1022/834 1024/1024/836
f 1011/1011/826 1013/1013/828 1025/1025/835
f 1025/1025/835 1013/1013/828 1023/1023/835
f 1016/1016/830 1011/1011/826 1025/1025/835
f 1026/1026/1 1023/1023/835 1024/1024/836
f 1025/1025/835 1023/1023/835 1026/1026/1
f 1026/1026/1 1024/1024/836 1027/1027/837
f 1016/1016/830 1025/1025/835 1028/1028/1
f 1028/1028/1 1025/1025/835 1026/1026/1
f 1029/1029/838 1026/1026/1 1027/1027/837
f 1028/1028/1 1026/1026/1 1029/1029/838
f 1029/1029/838 1027/1027/837 1030/1030/839
f 1031/1031/840 1016/1016/830 1028/1028/1
f 1031/1031/840 1017/1017/831 1016/1016/830
f 1032/1032/841 1017/1017/831 1031/1031/840
f 1033/1033/842 1029/1029/838 1030/1030/839
f 1033/1033/842 1030/1030/839 1034/1034/843
f 1035/1035/844 1028/1028/1 1029/1029/838
f 1031/1031/840 1028/1028/1 1035/1035/844
f 1035/1035/844 1029/1029/838 1033/1033/842
f 1036/1036/845 1032/1032/841 1031/1031/840
f 1036/1036/845 1031/1031/840 1035/1035/844
f 1037/1037/846 1032/1032/841 1036/1036/845
f 1038/1038/847 1033/1033/842 1034/1034/843
f 1038/1038/847 1034/1034/843 1039/1039/848
f 1040/1040/849 1035/1035/844 1033/1033/842
f 1036/1036/845 1035/1035/844 1040/1040/849
f 1040/1040/849 1033/1033/842 1038/1038/847
f 1041/1041/850 1037/1037/846 1036/1036/845
f 1041/1041/850 1036/1036/845 1040/1040/849
f 1042/1042/851 1037/1037/846 1041/1041/850
f 1043/1043/848 1038/1038/847 1039/1039/848
f 1039/1039/848 1044/1044/852 1043/1043/848
f 1045/1045/853 1040/1040/849 1038/1038/847
f 1041/1041/850 1040/1040/849 1045/1045/853
f 1045/1045/853 1038/1038/847 1043/1043/848
f 1046/1046/854 1042/1042/851 1041/1041/850
f 1046/1046/854 1041/1041/850 1045/1045/853
f 1047/1047/855 1042/1042/851 1046/1046/854
f 1044/1044/852 1048/1048/856 1043/1043/848
f 1048/1048/856 1044/1044/852 1049/1049/857
f 1050/1050/23 1045/1045/853 1043/1043/848
f 1046/1046/854 1045/1045/853 1050/1050/23
f 1043/1043/848 1048/1048/856 1050/1050/23
f 1051/1051/858 1047/1047/855 1046/1046/854
f 1051/1051/858 1046/1046/854 1050/1050/23
f 1052/1052/859 1047/1047/855 1051/1051/858
f 1053/1053/860 1048/1048/856 1049/1049/857
f 1053/1053/860 1049/1049/857 1054/1054/861
f 1048/1048/856 1055/1055/862 1050/1050/23
f 1050/1050/23 1055/1055/862 1051/1051/858
f 1055/1055/862 1048/1048/856 1053/1053/860
f 1056/1056/863 1052/1052/859 1051/1051/858
f 1055/1055/862 1056/1056/863 1051/1051/858
f 1057/1057/864 1052/1052/859 1056/1056/863
f 1058/1058/865 1053/1053/860 1054/1054/861
f 1058/1058/865 1054/1054/861 1059/1059/866
f 1060/1060/860 1055/1055/862 1053/1053/860
f 1056/1056/863 1055/1055/862 1060/1060/860
f 1060/1060/860 1053/1053/860 1058/1058/865
f 1061/1061/867 1057/1057/864 1056/1056/863
f 1061/1061/867 1056/1056/863 1060/1060/860
f 1062/1062/868 1057/1057/864 1061/1061/867
f 1063/1063/675 1058/1058/865 1059/1059/866
f 1063/1063/675 1059/1059/866 1064/1064/869
f 1065/1065/865 1060/1060/860 1058/1058/865
f 1061/1061/867 1060/1060/860 1065/1065/865
f 1065/1065/865 1058/1058/865 1063/1063/675
f 1066/1066/870 1062/1062/868 1061/1061/867
f 1066/1066/870 1061/1061/867 1065/1065/865
f 1067/1067/871 1062/1062/868 1066/1066/870
f 1068/1068/872 1063/1063/675 1064/1064/869
f 1068/1068/872 1064/1064/869 1069/1069/873
f 1070/1070/675 1065/1065/865 1063/1063/675
f 1066/1066/870 1065/1065/865 1070/1070/675
f 1070/1070/675 1063/1063/675 1068/1068/872
f 1071/1071/874 1067/1067/871 1066/1066/870
f 1071/1071/874 1066/1066/870 1070/1070/675
f 1072/1072/875 1067/1067/871 1071/1071/874
f 1073/1073/876 1068/1068/872 1069/1069/873
f 1073/1073/876 1069/1069/873 1074/1074/877
f 1075/1075/872 1070/1070/675 1068/1068/872
f 1071/1071/874 1070/1070/675 1075/1075/872
f 1075/1075/872 1068/1068/872 1073/1073/876
f 1076/1076/878 1072/1072/875 1071/1071/874
f 1076/1076/878 1071/1071/874 1075/1075/872
f 1077/1077/879 1072/1072/875 1076/1076/878
f 1078/1078/880 1073/1073/876 1074/1074/877
f 1078/1078/880 1074/1074/877 1079/1079/881
f 1080/1080/881 1078/1078/880 1079/1079/881
f 1081/1081/882 1075/1075/872 1073/1073/876
f 1076/1076/878 1075/1075/872 1081/1081/882
f 1081/1081/882 1073/1073/876 1078/1078/880
f 1082/1082/883 1077/1077/879 1076/1076/878
f 1082/1082/883 1076/1076/878 1081/1081/882
f 1083/1083/884 1077/1077/879 1082/1082/883
f 1084/1084/885 1078/1078/880 1080/1080/881
f 1084/1084/885 1081/1081/882 1078/1078/880
f 1082/1082/883 1081/1081/882 1084/1084/885
f 1085/1085/881 1084/1084/885 1080/1080/881
f 1086/1086/886 1083/1083/884 1082/1082/883
f 1086/1086/886 1082/1082/883 1084/1084/885
f 1086/1086/886 1084/1084/885 1085/1085/881
f 1087/1087/887 1083/1083/884 1086/1086/886
f 1088/1088/888 1086/1086/886 1085/1085/881
f 1088/1088/888 1087/1087/887 1086/1086/886
f 1091/1089/889 1090/1090/890 1089/1091/891
f 1090/1090/890 1092/1092/892 1089/1091/891
f 1089/1091/891 1092/1092/892 1093/1093/893
f 1090/1090/890 1094/1094/894 1092/1092/892
f 1092/1092/892 1095/1095/895 1093/1093/893
f 1093/1093/893 1095/1095/895 1096/1096/896
f 1094/1094/894 1097/1097/897 1092/1092/892
f 1092/1092/892 1097/1097/897 1095/1095/895
f 1094/1094/894 1098/1098/881 1097/1097/897
f 1095/1095/895 1099/1099/898 1096/1096/896
f 1096/1096/896 1099/1099/898 1100/1100/899
f 1097/1097/897 1101/1101/876 1095/1095/895
f 1095/1095/895 1101/1101/876 1099/1099/898
f 1098/1098/881 1102/1102/897 1097/1097/897
f 1097/1097/897 1102/1102/897 1101/1101/876
f 1098/1098/881 1103/1103/900 1102/1102/897
f 1099/1099/898 1104/1104/901 1100/1100/899
f 1100/1100/899 1104/1104/901 1105/1105/902
f 1101/1101/876 1106/1106/903 1099/1099/898
f 1099/1099/898 1106/1106/903 1104/1104/901
f 1103/1103/900 1107/1107/904 1102/1102/897
f 1103/1103/900 1108/1108/905 1107/1107/904
f 1102/1102/897 1109/1109/876 1101/1101/876
f 1101/1101/876 1109/1109/876 1106/1106/903
f 1102/1102/897 1107/1107/904 1109/1109/876
f 1104/1104/901 1110/1110/906 1105/1105/902
f 1105/1105/902 1110/1110/906 1111/1111/907
f 1108/1108/905 1112/1112/908 1107/1107/904
f 1108/1108/905 1113/1113/59 1112/1112/908
f 1113/1113/59 1114/1114/909 1112/1112/908
f 1106/1106/903 1115/1115/675 1104/1104/901
f 1104/1104/901 1115/1115/675 1110/1110/906
f 1107/1107/904 1116/1116/910 1109/1109/876
f 1107/1107/904 1112/1112/908 1116/1116/910
f 1112/1112/908 1114/1114/909 1117/1117/911
f 1112/1112/908 1117/1117/911 1116/1116/910
f 1114/1114/909 1118/1118/912 1117/1117/911
f 1109/1109/876 1119/1119/903 1106/1106/903
f 1109/1109/876 1116/1116/910 1119/1119/903
f 1106/1106/903 1119/1119/903 1115/1115/675
f 1110/1110/906 1120/1120/913 1111/1111/907
f 1111/1111/907 1120/1120/913 1121/1121/914
f 1116/1116/910 1117/1117/911 1122/1122/915
f 1116/1116/910 1122/1122/915 1119/1119/903
f 1117/1117/911 1118/1118/912 1123/1123/916
f 1117/1117/911 1123/1123/916 1122/1122/915
f 1118/1118/912 1124/1124/59 1123/1123/916
f 1115/1115/675 1125/1125/917 1110/1110/906
f 1110/1110/906 1125/1125/917 1120/1120/913
f 1119/1119/903 1126/1126/675 1115/1115/675
f 1119/1119/903 1122/1122/915 1126/1126/675
f 1115/1115/675 1126/1126/675 1125/1125/917
f 1120/1120/913 1127/1127/918 1121/1121/914
f 1121/1121/914 1127/1127/918 1128/1128/919
f 1122/1122/915 1123/1123/916 1129/1129/920
f 1122/1122/915 1129/1129/920 1126/1126/675
f 1123/1123/916 1124/1124/59 1130/1130/921
f 1123/1123/916 1130/1130/921 1129/1129/920
f 1124/1124/59 1131/1131/59 1130/1130/921
f 1125/1125/917 1132/1132/860 1120/1120/913
f 1120/1120/913 1132/1132/860 1127/1127/918
f 1126/1126/675 1133/1133/917 1125/1125/917
f 1126/1126/675 1129/1129/920 1133/1133/917
f 1125/1125/917 1133/1133/917 1132/1132/860
f 1127/1127/918 1134/1134/922 1128/1128/919
f 1128/1128/919 1134/1134/922 1135/1135/923
f 1129/1129/920 1130/1130/921 1136/1136/924
f 1129/1129/920 1136/1136/924 1133/1133/917
f 1130/1130/921 1131/1131/59 1137/1137/925
f 1130/1130/921 1137/1137/925 1136/1136/924
f 1131/1131/59 1138/1138/59 1137/1137/925
f 1132/1132/860 1139/1139/926 1127/1127/918
f 1127/1127/918 1139/1139/926 1134/1134/922
f 1133/1133/917 1140/1140/860 1132/1132/860
f 1133/1133/917 1136/1136/924 1140/1140/860
f 1132/1132/860 1140/1140/860 1139/1139/926
f 1134/1134/922 1141/1141/927 1135/1135/923
f 1135/1135/923 1141/1141/927 1142/1142/928
f 1136/1136/924 1137/1137/925 1143/1143/929
f 1136/1136/924 1143/1143/929 1140/1140/860
f 1137/1137/925 1138/1138/59 1144/1144/930
f 1137/1137/925 1144/1144/930 1143/1143/929
f 1138/1138/59 1145/1145/59 1144/1144/930
f 1139/1139/926 1146/1146/23 1134/1134/922
f 1134/1134/922 1146/1146/23 1141/1141/927
f 1140/1140/860 1147/1147/931 1139/1139/926
f 1140/1140/860 1143/1143/929 1147/1147/931
f 1139/1139/926 1147/1147/931 1146/1146/23
f 1141/1141/927 1148/1148/932 1142/1142/928
f 1142/1142/928 1148/1148/932 1149/1149/933
f 1143/1143/929 1144/1144/930 1150/1150/934
f 1143/1143/929 1150/1150/934 1147/1147/931
f 1144/1144/930 1145/1145/59 1151/1151/935
f 1144/1144/930 1151/1151/935 1150/1150/934
f 1145/1145/59 1152/1152/59 1151/1151/935
f 1146/1146/23 1153/1153/936 1141/1141/927
f 1141/1141/927 1153/1153/936 1148/1148/932
f 1147/1147/931 1154/1154/23 1146/1146/23
f 1147/1147/931 1150/1150/934 1154/1154/23
f 1146/1146/23 1154/1154/23 1153/1153/936
f 1148/1148/932 1155/1155/937 1149/1149/933
f 1149/1149/933 1155/1155/937 1156/1156/938
f 1150/1150/934 1151/1151/935 1157/1157/939
f 1150/1150/934 1157/1157/939 1154/1154/23
f 1151/1151/935 1152/1152/59 1158/1158/940
f 1151/1151/935 1158/1158/940 1157/1157/939
f 1152/1152/59 1159/1159/59 1158/1158/940
f 1153/1153/936 1160/1160/849 1148/1148/932
f 1148/1148/932 1160/1160/849 1155/1155/937
f 1154/1154/23 1161/1161/941 1153/1153/936
f 1154/1154/23 1157/1157/939 1161/1161/941
f 1153/1153/936 1161/1161/941 1160/1160/849
f 1155/1155/937 1162/1162/942 1156/1156/938
f 1156/1156/938 1162/1162/942 1163/1163/943
f 1157/1157/939 1158/1158/940 1164/1164/944
f 1157/1157/939 1164/1164/944 1161/1161/941
f 1158/1158/940 1159/1159/59 1165/1165/945
f 1158/1158/940 1165/1165/945 1164/1164/944
f 1159/1159/59 1166/1166/59 1165/1165/945
f 1160/1160/849 1167/1167/946 1155/1155/937
f 1155/1155/937 1167/1167/946 1162/1162/942
f 1161/1161/941 1168/1168/849 1160/1160/849
f 1161/1161/941 1164/1164/944 1168/1168/849
f 1160/1160/849 1168/1168/849 1167/1167/946
f 1162/1162/942 1169/1169/947 1163/1163/943
f 1163/1163/943 1169/1169/947 1170/1170/948
f 1164/1164/944 1165/1165/945 1171/1171/949
f 1164/1164/944 1171/1171/949 1168/1168/849
f 1165/1165/945 1166/1166/59 1172/1172/950
f 1165/1165/945 1172/1172/950 1171/1171/949
f 1166/1166/59 1173/1173/912 1172/1172/950
f 1167/1167/946 1174/1174/1 1162/1162/942
f 1162/1162/942 1174/1174/1 1169/1169/947
f 1168/1168/849 1175/1175/946 1167/1167/946
f 1168/1168/849 1171/1171/949 1175/1175/946
f 1167/1167/946 1175/1175/946 1174/1174/1
f 1169/1169/947 1176/1176/951 1170/1170/948
f 1170/1170/948 1176/1176/951 1177/1177/952
f 1171/1171/949 1172/1172/950 1178/1178/953
f 1171/1171/949 1178/1178/953 1175/1175/946
f 1172/1172/950 1173/1173/912 1179/1179/954
f 1172/1172/950 1179/1179/954 1178/1178/953
f 1173/1173/912 1180/1180/59 1179/1179/954
f 1174/1174/1 1181/1181/955 1169/1169/947
f 1169/1169/947 1181/1181/955 1176/1176/951
f 1175/1175/946 1182/1182/1 1174/1174/1
f 1175/1175/946 1178/1178/953 1182/1182/1
f 1174/1174/1 1182/1182/1 1181/1181/955
f 1176/1176/951 1183/1183/956 1177/1177/952
f 1177/1177/952 1183/1183/956 1184/1184/957
f 1183/1183/956 1185/1185/958 1184/1184/957
f 1178/1178/953 1179/1179/954 1186/1186/959
f 1178/1178/953 1186/1186/959 1182/1182/1
f 1179/1179/954 1180/1180/59 1187/1187/960
f 1179/1179/954 1187/1187/960 1186/1186/959
f 1180/1180/59 1188/1188/59 1187/1187/960
f 1181/1181/955 1189/1189/828 1176/1176/951
f 1176/1176/951 1189/1189/828 1183/1183/956
f 1183/1183/956 1190/1190/961 1185/1185/958
f 1189/1189/828 1190/1190/961 1183/1183/956
f 1190/1190/961 1191/1191/825 1185/1185/958
f 1182/1182/1 1192/1192/955 1181/1181/955
f 1182/1182/1 1186/1186/959 1192/1192/955
f 1181/1181/955 1192/1192/955 1189/1189/828
f 1186/1186/959 1187/1187/960 1193/1193/962
f 1186/1186/959 1193/1193/962 1192/1192/955
f 1187/1187/960 1188/1188/59 1194/1194/963
f 1187/1187/960 1194/1194/963 1193/1193/962
f 1188/1188/59 1195/1195/59 1194/1194/963
f 1192/1192/955 1196/1196/964 1189/1189/828
f 1189/1189/828 1196/1196/964 1190/1190/961
f 1192/1192/955 1193/1193/962 1196/1196/964
f 1190/1190/961 1197/1197/961 1191/1191/825
f 1196/1196/964 1197/1197/961 1190/1190/961
f 1197/1197/961 1198/1198/965 1191/1191/825
f 1193/1193/962 1199/1199/966 1196/1196/964
f 1193/1193/962 1194/1194/963 1199/1199/966
f 1196/1196/964 1199/1199/966 1197/1197/961
f 1194/1194/963 1195/1195/59 1200/1200/967
f 1194/1194/963 1200/1200/967 1199/1199/966
f 1195/1195/59 1201/1201/59 1200/1200/967
f 1197/1197/961 1202/1202/968 1198/1198/965
f 1199/1199/966 1202/1202/968 1197/1197/961
f 1199/1199/966 1200/1200/967 1202/1202/968
f 1202/1202/968 1203/1203/969 1198/1198/965
f 1200/1200/967 1201/1201/59 1204/1204/970
f 1200/1200/967 1204/1204/970 1202/1202/968
f 1202/1202/968 1204/1204/970 1203/1203/969
f 1201/1201/59 1205/1205/59 1204/1204/970
f 1204/1204/970 1206/1206/971 1203/1203/969
f 1204/1204/970 1205/1205/59 1206/1206/971
f 1205/1205/59 1207/1207/59 1206/1206/971
f 1210/1208/59 1209/1209/59 1208/1210/59
f 1208/1210/59 1211/1211/59 1210/1208/59
f 1211/1211/59 1212/1212/59 1210/1208/59
f 1211/1211/59 1213/1213/59 1212/1212/59
f 1213/1213/59 1214/1214/59 1212/1212/59
f 1213/1213/59 1215/1215/59 1214/1214/59
f 1215/1215/59 1216/1216/59 1214/1214/59
f 1215/1215/59 1217/1217/59 1216/1216/59
f 1217/1217/59 1218/1218/59 1216/1216/59
f 1217/1217/59 1219/1219/59 1218/1218/59
f 1219/1219/59 1220/1220/59 1218/1218/59
f 1219/1219/59 1221/1221/59 1220/1220/59
f 1221/1221/59 1222/1222/59 1220/1220/59
f 1221/1221/59 1223/1223/59 1222/1222/59
f 1226/1224/675 1225/1225/675 1224/1226/675
f 1224/1226/675 1227/1227/675 1226/1224/675
f 1227/1227/675 1228/1228/675 1226/1224/675
f 1227/1227/675 1229/1229/675 1228/1228/675
f 1229/1229/675 1230/1230/675 1228/1228/675
f 1229/1229/675 1231/1231/675 1230/1230/675
f 1231/1231/675 1232/1232/675 1230/1230/675
f 1231/1231/675 1233/1233/675 1232/1232/675
f 1233/1233/675 1234/1234/675 1232/1232/675
f 1233/1233/675 1235/1235/675 1234/1234/675
f 1235/1235/675 1236/1236/675 1234/1234/675
f 1235/1235/675 1237/1237/675 1236/1236/675
f 1237/1237/675 1238/1238/675 1236/1236/675
f 1237/1237/675 1239/1239/675 1238/1238/675
