# Blender 3.6.0
# www.blender.org
o Mesh_fcbaba30_Mesh_fcbaba30
v 0.434640 0.938480 -2.584070
v 0.430720 0.939890 -2.590430
v 0.434840 0.939890 -2.584270
v 0.430460 0.938480 -2.590320
v 0.433770 0.932370 -2.583200
v 0.429280 0.939890 -2.597690
v 0.429320 0.932370 -2.589850
v 0.433590 0.931120 -2.583020
v 0.429090 0.931120 -2.589750
v 0.428990 0.938480 -2.597690
v 0.430720 0.939890 -2.604960
v 0.427760 0.932370 -2.597690
v 0.427510 0.931120 -2.597690
v 0.430460 0.938480 -2.605070
v 0.434840 0.939890 -2.611120
v 0.429320 0.932370 -2.605540
v 0.429090 0.931120 -2.605640
v 0.434640 0.938480 -2.611320
v 0.441000 0.939890 -2.615230
v 0.440890 0.938480 -2.615500
v 0.433770 0.932370 -2.612190
v 0.433590 0.931120 -2.612370
v 0.440420 0.932370 -2.616630
v 0.440320 0.931120 -2.616870
v 0.440890 0.938480 -2.615500
v 0.448260 0.939890 -2.616680
v 0.441000 0.939890 -2.615230
v 0.448260 0.938480 -2.616960
v 0.440420 0.932370 -2.616630
v 0.455530 0.939890 -2.615230
v 0.448260 0.932370 -2.618190
v 0.440320 0.931120 -2.616870
v 0.448260 0.931120 -2.618440
v 0.455640 0.938480 -2.615500
v 0.461690 0.939890 -2.611120
v 0.456110 0.932370 -2.616630
v 0.456200 0.931120 -2.616870
v 0.461890 0.938480 -2.611320
v 0.465800 0.939890 -2.604960
v 0.466060 0.938480 -2.605070
v 0.462760 0.932370 -2.612190
v 0.462930 0.931120 -2.612370
v 0.467200 0.932370 -2.605540
v 0.467430 0.931120 -2.605640
v 0.466060 0.938480 -2.605070
v 0.467250 0.939890 -2.597690
v 0.465800 0.939890 -2.604960
v 0.467530 0.938480 -2.597690
v 0.467200 0.932370 -2.605540
v 0.465800 0.939890 -2.590430
v 0.468760 0.932370 -2.597690
v 0.467430 0.931120 -2.605640
v 0.469010 0.931120 -2.597690
v 0.466060 0.938480 -2.590320
v 0.461690 0.939890 -2.584270
v 0.467200 0.932370 -2.589850
v 0.467430 0.931120 -2.589750
v 0.461890 0.938480 -2.584070
v 0.455530 0.939890 -2.580160
v 0.455640 0.938480 -2.579890
v 0.462760 0.932370 -2.583200
v 0.462930 0.931120 -2.583020
v 0.456110 0.932370 -2.578760
v 0.456200 0.931120 -2.578520
v 0.455640 0.938480 -2.579890
v 0.448260 0.939890 -2.578710
v 0.455530 0.939890 -2.580160
v 0.448260 0.938480 -2.578430
v 0.456110 0.932370 -2.578760
v 0.441000 0.939890 -2.580160
v 0.448260 0.932370 -2.577200
v 0.456200 0.931120 -2.578520
v 0.448260 0.931120 -2.576940
v 0.440890 0.938480 -2.579890
v 0.434840 0.939890 -2.584270
v 0.434640 0.938480 -2.584070
v 0.440420 0.932370 -2.578760
v 0.440320 0.931120 -2.578520
v 0.433770 0.932370 -2.583200
v 0.433590 0.931120 -2.583020
v 0.429090 0.931120 -2.605640
v 0.427510 0.931120 -2.597690
v 0.429090 0.931120 -2.589750
v 0.433590 0.931120 -2.612370
v 0.433590 0.931120 -2.583020
v 0.440320 0.931120 -2.616870
v 0.440320 0.931120 -2.578520
v 0.448260 0.931120 -2.618440
v 0.448260 0.931120 -2.576940
v 0.456200 0.931120 -2.616870
v 0.456200 0.931120 -2.578520
v 0.462930 0.931120 -2.583020
v 0.462930 0.931120 -2.612370
v 0.467430 0.931120 -2.589750
v 0.467430 0.931120 -2.605640
v 0.469010 0.931120 -2.597690
v 0.433950 0.931120 -2.591770
v 0.432770 0.931120 -2.597690
v 0.433950 0.931120 -2.603620
v 0.437310 0.931120 -2.586740
v 0.437310 0.931120 -2.608650
v 0.442330 0.931120 -2.583380
v 0.442330 0.931120 -2.612010
v 0.448260 0.931120 -2.582200
v 0.448260 0.931120 -2.613190
v 0.454190 0.931120 -2.612010
v 0.454190 0.931120 -2.583380
v 0.459220 0.931120 -2.586740
v 0.459220 0.931120 -2.608650
v 0.462580 0.931120 -2.591770
v 0.462580 0.931120 -2.603620
v 0.463760 0.931120 -2.597690
v 0.437310 0.931120 -2.608650
v 0.442330 0.924730 -2.612010
v 0.442330 0.931120 -2.612010
v 0.437310 0.924730 -2.608650
v 0.433950 0.931120 -2.603620
v 0.433950 0.924730 -2.603620
v 0.432770 0.931120 -2.597690
v 0.432770 0.924730 -2.597690
v 0.433950 0.931120 -2.591770
v 0.433950 0.924730 -2.591770
v 0.437310 0.931120 -2.586740
v 0.437310 0.924730 -2.586740
v 0.459220 0.931120 -2.586740
v 0.454190 0.924730 -2.583380
v 0.454190 0.931120 -2.583380
v 0.459220 0.924730 -2.586740
v 0.462580 0.931120 -2.591770
v 0.462580 0.924730 -2.591770
v 0.463760 0.931120 -2.597690
v 0.463760 0.924730 -2.597690
v 0.462580 0.931120 -2.603620
v 0.462580 0.924730 -2.603620
v 0.442330 0.931120 -2.612010
v 0.442330 0.924730 -2.612010
v 0.448260 0.924730 -2.613190
v 0.448260 0.931120 -2.613190
v 0.454190 0.924730 -2.612010
v 0.454190 0.931120 -2.612010
v 0.459220 0.924730 -2.608650
v 0.459220 0.931120 -2.608650
v 0.462580 0.924730 -2.603620
v 0.462580 0.931120 -2.603620
v 0.454190 0.931120 -2.583380
v 0.454190 0.924730 -2.583380
v 0.448260 0.924730 -2.582200
v 0.448260 0.931120 -2.582200
v 0.442330 0.924730 -2.583380
v 0.442330 0.931120 -2.583380
v 0.437310 0.924730 -2.586740
v 0.437310 0.931120 -2.586740
v 0.402630 0.916330 -2.616600
v 0.398870 0.916330 -2.597690
v 0.402630 0.916330 -2.578790
v 0.413330 0.916330 -2.632620
v 0.413330 0.916330 -2.562770
v 0.429360 0.916330 -2.643330
v 0.429360 0.916330 -2.552060
v 0.448260 0.916330 -2.647090
v 0.448260 0.916330 -2.548300
v 0.467160 0.916330 -2.643330
v 0.467160 0.916330 -2.552060
v 0.483190 0.916330 -2.562770
v 0.483190 0.916330 -2.632620
v 0.493900 0.916330 -2.616600
v 0.493900 0.916330 -2.578790
v 0.497660 0.916330 -2.597690
v 0.429360 0.917150 -2.643330
v 0.429360 0.916330 -2.643330
v 0.448260 0.916330 -2.647090
v 0.448260 0.917150 -2.647090
v 0.429360 0.922980 -2.643330
v 0.467160 0.916330 -2.643330
v 0.448260 0.922980 -2.647090
v 0.429360 0.924110 -2.643330
v 0.448260 0.924110 -2.647090
v 0.467160 0.917150 -2.643330
v 0.483190 0.916330 -2.632620
v 0.467160 0.922980 -2.643330
v 0.467160 0.924110 -2.643330
v 0.483190 0.917150 -2.632620
v 0.493900 0.916330 -2.616600
v 0.493900 0.917150 -2.616600
v 0.483190 0.922980 -2.632620
v 0.483190 0.924110 -2.632620
v 0.493900 0.922980 -2.616600
v 0.493900 0.924110 -2.616600
v 0.467160 0.917150 -2.552060
v 0.467160 0.916330 -2.552060
v 0.448260 0.916330 -2.548300
v 0.448260 0.917150 -2.548300
v 0.467160 0.922980 -2.552060
v 0.429360 0.916330 -2.552060
v 0.448260 0.922980 -2.548300
v 0.467160 0.924110 -2.552060
v 0.448260 0.924110 -2.548300
v 0.429360 0.917150 -2.552060
v 0.413330 0.916330 -2.562770
v 0.413330 0.917150 -2.562770
v 0.429360 0.922980 -2.552060
v 0.429360 0.924110 -2.552060
v 0.413330 0.922980 -2.562770
v 0.413330 0.924110 -2.562770
v 0.413330 0.917150 -2.562770
v 0.413330 0.916330 -2.562770
v 0.402630 0.916330 -2.578790
v 0.402630 0.917150 -2.578790
v 0.413330 0.922980 -2.562770
v 0.398870 0.916330 -2.597690
v 0.402630 0.922980 -2.578790
v 0.413330 0.924110 -2.562770
v 0.402630 0.924110 -2.578790
v 0.398870 0.917150 -2.597690
v 0.402630 0.916330 -2.616600
v 0.398870 0.922980 -2.597690
v 0.398870 0.924110 -2.597690
v 0.402630 0.917150 -2.616600
v 0.413330 0.916330 -2.632620
v 0.402630 0.922980 -2.616600
v 0.402630 0.924110 -2.616600
v 0.413330 0.917150 -2.632620
v 0.429360 0.916330 -2.643330
v 0.429360 0.917150 -2.643330
v 0.413330 0.922980 -2.632620
v 0.413330 0.924110 -2.632620
v 0.429360 0.922980 -2.643330
v 0.429360 0.924110 -2.643330
v 0.493900 0.917150 -2.616600
v 0.493900 0.916330 -2.616600
v 0.497660 0.916330 -2.597690
v 0.497660 0.917150 -2.597690
v 0.493900 0.922980 -2.616600
v 0.493900 0.916330 -2.578790
v 0.497660 0.922980 -2.597690
v 0.493900 0.924110 -2.616600
v 0.497660 0.924110 -2.597690
v 0.493900 0.917150 -2.578790
v 0.483190 0.916330 -2.562770
v 0.493900 0.922980 -2.578790
v 0.493900 0.924110 -2.578790
v 0.483190 0.917150 -2.562770
v 0.467160 0.916330 -2.552060
v 0.467160 0.917150 -2.552060
v 0.483190 0.922980 -2.562770
v 0.483190 0.924110 -2.562770
v 0.467160 0.922980 -2.552060
v 0.467160 0.924110 -2.552060
v 0.541320 0.916470 -2.698990
v 0.549560 0.916470 -2.690760
v 0.549560 0.921000 -2.690760
v 0.541320 0.921000 -2.698990
v 0.355200 0.921000 -2.698990
v 0.355200 0.916470 -2.698990
v 0.541970 0.922560 -2.697420
v 0.547990 0.922560 -2.691410
v 0.541320 0.921000 -2.496400
v 0.549560 0.916470 -2.504630
v 0.541320 0.916470 -2.496400
v 0.549560 0.921000 -2.504630
v 0.547990 0.922560 -2.503980
v 0.541970 0.922560 -2.497970
v 0.549560 0.921000 -2.690760
v 0.549560 0.916470 -2.690760
v 0.355200 0.921000 -2.698990
v 0.346960 0.916470 -2.690760
v 0.355200 0.916470 -2.698990
v 0.346960 0.921000 -2.690760
v 0.348540 0.922560 -2.691410
v 0.354550 0.922560 -2.697420
v 0.346960 0.921000 -2.504630
v 0.346960 0.916470 -2.504630
v 0.355200 0.916470 -2.496400
v 0.346960 0.916470 -2.504630
v 0.346960 0.921000 -2.504630
v 0.355200 0.921000 -2.496400
v 0.541320 0.921000 -2.496400
v 0.541320 0.916470 -2.496400
v 0.354550 0.922560 -2.497970
v 0.348540 0.922560 -2.503980
v 0.528990 0.920240 -2.508730
v 0.537230 0.920920 -2.516970
v 0.528990 0.920920 -2.508730
v 0.537230 0.920240 -2.516970
v 0.528990 0.917640 -2.508730
v 0.537230 0.917640 -2.516970
v 0.528990 0.916540 -2.508730
v 0.537230 0.916540 -2.516970
v 0.537230 0.916540 -2.678420
v 0.537230 0.917640 -2.678420
v 0.537230 0.920240 -2.678420
v 0.537230 0.920920 -2.678420
v 0.537880 0.922490 -2.515390
v 0.537880 0.922490 -2.680000
v 0.367530 0.920240 -2.686660
v 0.359290 0.920920 -2.678420
v 0.367530 0.920920 -2.686660
v 0.359290 0.920240 -2.678420
v 0.367530 0.917640 -2.686660
v 0.359290 0.917640 -2.678420
v 0.367530 0.916540 -2.686660
v 0.359290 0.916540 -2.678420
v 0.359290 0.916540 -2.516970
v 0.359290 0.917640 -2.516970
v 0.359290 0.920240 -2.516970
v 0.359290 0.920920 -2.516970
v 0.358640 0.922490 -2.680000
v 0.358640 0.922490 -2.515390
v 0.351780 0.924290 -2.590030
v 0.354370 0.918730 -2.591300
v 0.351780 0.918730 -2.590030
v 0.354370 0.923520 -2.591290
v 0.351780 0.940200 -2.590030
v 0.354390 0.937210 -2.591260
v 0.351780 0.942540 -2.590030
v 0.354390 0.939230 -2.591250
v 0.426950 0.947670 -2.600770
v 0.429460 0.944580 -2.597690
v 0.429330 0.947670 -2.597690
v 0.427090 0.944580 -2.600760
v 0.426600 0.947670 -2.601220
v 0.426740 0.944580 -2.601210
v 0.425310 0.947580 -2.601290
v 0.425490 0.944480 -2.601260
v 0.353600 0.942660 -2.605260
v 0.356150 0.939360 -2.604060
v 0.351780 0.942540 -2.605360
v 0.354390 0.939230 -2.604140
v 0.351780 0.940200 -2.605360
v 0.354390 0.937210 -2.604130
v 0.351780 0.924290 -2.605360
v 0.354370 0.923520 -2.604100
v 0.351780 0.918730 -2.605360
v 0.354370 0.918730 -2.604090
v 0.351300 0.918730 -2.604380
v 0.354370 0.918730 -2.604090
v 0.351780 0.918730 -2.605360
v 0.353970 0.918730 -2.603270
v 0.348020 0.918730 -2.597690
v 0.351230 0.918730 -2.597690
v 0.351270 0.918730 -2.591060
v 0.353940 0.918730 -2.592160
v 0.351780 0.918730 -2.590030
v 0.354370 0.918730 -2.591300
v 0.353600 0.942660 -2.590130
v 0.354390 0.939230 -2.591250
v 0.351780 0.942540 -2.590030
v 0.356150 0.939360 -2.591320
v 0.425310 0.947580 -2.594100
v 0.425490 0.944480 -2.594130
v 0.426600 0.947670 -2.594170
v 0.426740 0.944580 -2.594180
v 0.426970 0.947670 -2.594640
v 0.426740 0.944580 -2.594180
v 0.426600 0.947670 -2.594170
v 0.427100 0.944580 -2.594650
v 0.429330 0.947670 -2.597690
v 0.429460 0.944580 -2.597690
v 0.468780 0.947670 -2.594650
v 0.466290 0.944580 -2.597690
v 0.466430 0.947670 -2.597690
v 0.468650 0.944580 -2.594660
v 0.469150 0.947670 -2.594170
v 0.469020 0.944580 -2.594180
v 0.471750 0.947490 -2.594030
v 0.471530 0.944390 -2.594080
v 0.542990 0.942600 -2.590090
v 0.540410 0.939300 -2.591290
v 0.543980 0.942540 -2.590030
v 0.541370 0.939230 -2.591250
v 0.543980 0.940830 -2.590030
v 0.541370 0.937760 -2.591260
v 0.543980 0.924190 -2.590030
v 0.541390 0.923430 -2.591290
v 0.543980 0.918730 -2.590030
v 0.541390 0.918730 -2.591300
v 0.544500 0.918730 -2.591080
v 0.541390 0.918730 -2.591300
v 0.543980 0.918730 -2.590030
v 0.541820 0.918730 -2.592180
v 0.547740 0.918730 -2.597690
v 0.544530 0.918730 -2.597690
v 0.544480 0.918730 -2.604340
v 0.541810 0.918730 -2.603230
v 0.543980 0.918730 -2.605360
v 0.541390 0.918730 -2.604090
v 0.468790 0.947670 -2.600750
v 0.469020 0.944580 -2.601210
v 0.469150 0.947670 -2.601220
v 0.468660 0.944580 -2.600740
v 0.466430 0.947670 -2.597690
v 0.466290 0.944580 -2.597690
v 0.440220 0.924130 -2.693800
v 0.441490 0.918730 -2.691210
v 0.440220 0.918730 -2.693800
v 0.441480 0.923380 -2.691200
v 0.440220 0.940780 -2.693800
v 0.441440 0.937720 -2.691190
v 0.440220 0.942540 -2.693800
v 0.441440 0.939230 -2.691180
v 0.440340 0.942690 -2.691500
v 0.441530 0.939390 -2.688970
v 0.444250 0.947540 -2.620920
v 0.444290 0.944440 -2.620720
v 0.444350 0.947670 -2.618970
v 0.444360 0.944580 -2.618830
v 0.450730 0.947670 -2.618450
v 0.447880 0.944580 -2.616110
v 0.447880 0.947670 -2.616250
v 0.450720 0.944580 -2.618310
v 0.451400 0.947670 -2.618970
v 0.451390 0.944580 -2.618830
v 0.451510 0.947540 -2.620920
v 0.451470 0.944440 -2.620720
v 0.455410 0.942690 -2.691500
v 0.454230 0.939390 -2.688970
v 0.455540 0.942540 -2.693800
v 0.454320 0.939230 -2.691180
v 0.455540 0.940780 -2.693800
v 0.454320 0.937720 -2.691190
v 0.455540 0.924130 -2.693800
v 0.454280 0.923380 -2.691200
v 0.455540 0.918730 -2.693800
v 0.454270 0.918730 -2.691210
v 0.454070 0.918730 -2.694520
v 0.454270 0.918730 -2.691210
v 0.455540 0.918730 -2.693800
v 0.453040 0.918730 -2.691810
v 0.447880 0.918730 -2.697560
v 0.447880 0.918730 -2.694340
v 0.441460 0.918730 -2.694410
v 0.442530 0.918730 -2.691720
v 0.440220 0.918730 -2.693800
v 0.441490 0.918730 -2.691210
v 0.444930 0.947670 -2.618530
v 0.444360 0.944580 -2.618830
v 0.444350 0.947670 -2.618970
v 0.444930 0.944580 -2.618390
v 0.447880 0.947670 -2.616250
v 0.447880 0.944580 -2.616110
v 0.455540 0.923900 -2.501590
v 0.454270 0.918730 -2.504180
v 0.455540 0.918730 -2.501590
v 0.454280 0.923180 -2.504190
v 0.455540 0.940960 -2.501590
v 0.453540 0.918730 -2.503820
v 0.454320 0.937870 -2.504200
v 0.455540 0.942540 -2.501590
v 0.454320 0.939230 -2.504210
v 0.453550 0.923190 -2.503830
v 0.447880 0.918730 -2.501040
v 0.453580 0.937910 -2.503870
v 0.453590 0.939260 -2.503870
v 0.447880 0.923260 -2.501090
v 0.442430 0.918730 -2.503720
v 0.447880 0.938180 -2.501240
v 0.447880 0.939550 -2.501260
v 0.442420 0.923200 -2.503730
v 0.441490 0.918730 -2.504180
v 0.441480 0.923180 -2.504190
v 0.442390 0.937920 -2.503770
v 0.442390 0.939270 -2.503770
v 0.441440 0.937870 -2.504200
v 0.441440 0.939230 -2.504210
v 0.444880 0.947670 -2.576820
v 0.447880 0.944580 -2.579280
v 0.447880 0.947670 -2.579140
v 0.444880 0.944580 -2.576960
v 0.444350 0.947670 -2.576420
v 0.444360 0.944580 -2.576550
v 0.444330 0.947640 -2.575090
v 0.444350 0.944550 -2.575230
v 0.440310 0.942650 -2.503310
v 0.441500 0.939350 -2.505860
v 0.440220 0.942540 -2.501590
v 0.441440 0.939230 -2.504210
v 0.440220 0.940960 -2.501590
v 0.441440 0.937870 -2.504200
v 0.440220 0.923900 -2.501590
v 0.441480 0.923180 -2.504190
v 0.440220 0.918730 -2.501590
v 0.441490 0.918730 -2.504180
v 0.441350 0.918730 -2.501040
v 0.441490 0.918730 -2.504180
v 0.440220 0.918730 -2.501590
v 0.442430 0.918730 -2.503720
v 0.447880 0.918730 -2.497830
v 0.447880 0.918730 -2.501040
v 0.454670 0.918730 -2.501160
v 0.453540 0.918730 -2.503820
v 0.455540 0.918730 -2.501590
v 0.454270 0.918730 -2.504180
v 0.455450 0.942650 -2.503310
v 0.454320 0.939230 -2.504210
v 0.455540 0.942540 -2.501590
v 0.454250 0.939350 -2.505860
v 0.451430 0.947640 -2.575090
v 0.451410 0.944550 -2.575230
v 0.451400 0.947670 -2.576420
v 0.451390 0.944580 -2.576550
v 0.451000 0.947670 -2.576730
v 0.451390 0.944580 -2.576550
v 0.451400 0.947670 -2.576420
v 0.450990 0.944580 -2.576870
v 0.447880 0.947670 -2.579140
v 0.447880 0.944580 -2.579280
v 0.349970 0.924860 -2.684770
v 0.352700 0.918730 -2.683840
v 0.349970 0.918730 -2.684770
v 0.352690 0.924010 -2.683820
v 0.349970 0.939970 -2.684770
v 0.352680 0.937010 -2.683790
v 0.349970 0.942540 -2.684770
v 0.352680 0.939230 -2.683790
v 0.351830 0.942770 -2.683040
v 0.354440 0.939400 -2.682090
v 0.396010 0.948210 -2.642060
v 0.396250 0.943670 -2.641900
v 0.397700 0.948410 -2.640490
v 0.397850 0.943830 -2.640360
v 0.398290 0.948410 -2.640570
v 0.398440 0.943830 -2.640430
v 0.404250 0.948410 -2.641330
v 0.404390 0.943830 -2.641190
v 0.404960 0.948410 -2.646870
v 0.404390 0.943830 -2.641190
v 0.404250 0.948410 -2.641330
v 0.405090 0.943830 -2.646730
v 0.405080 0.948410 -2.647870
v 0.405220 0.943830 -2.647720
v 0.359570 0.918730 -2.695190
v 0.361740 0.918730 -2.692880
v 0.360800 0.918730 -2.695610
v 0.360710 0.918730 -2.692530
v 0.352730 0.918730 -2.692850
v 0.355000 0.918730 -2.690580
v 0.350220 0.918730 -2.685500
v 0.352900 0.918730 -2.684450
v 0.349970 0.918730 -2.684770
v 0.352700 0.918730 -2.683840
v 0.403510 0.948210 -2.649560
v 0.405220 0.943830 -2.647720
v 0.405080 0.948410 -2.647870
v 0.403680 0.943670 -2.649320
v 0.362530 0.942770 -2.693740
v 0.363480 0.939400 -2.691130
v 0.360800 0.942540 -2.695610
v 0.361790 0.939230 -2.692890
v 0.360800 0.939970 -2.695610
v 0.361780 0.937010 -2.692890
v 0.359570 0.942540 -2.695190
v 0.360800 0.924860 -2.695610
v 0.361750 0.924010 -2.692880
v 0.359570 0.939970 -2.695190
v 0.352730 0.942540 -2.692850
v 0.352730 0.939970 -2.692850
v 0.359570 0.924860 -2.695190
v 0.352730 0.924860 -2.692850
v 0.360800 0.918730 -2.695610
v 0.361740 0.918730 -2.692880
v 0.359570 0.918730 -2.695190
v 0.352730 0.918730 -2.692850
v 0.546090 0.924080 -2.510320
v 0.543360 0.918730 -2.511260
v 0.546090 0.918730 -2.510320
v 0.543360 0.923340 -2.511270
v 0.546090 0.940040 -2.510320
v 0.543370 0.937070 -2.511300
v 0.546090 0.942540 -2.510320
v 0.543370 0.939230 -2.511310
v 0.544770 0.942700 -2.511540
v 0.542130 0.939350 -2.512500
v 0.499490 0.948280 -2.553550
v 0.499280 0.943730 -2.553700
v 0.498400 0.948410 -2.554560
v 0.498250 0.943830 -2.554690
v 0.497640 0.948410 -2.554460
v 0.497500 0.943830 -2.554590
v 0.491850 0.948410 -2.553720
v 0.491710 0.943830 -2.553860
v 0.491160 0.948410 -2.548320
v 0.491710 0.943830 -2.553860
v 0.491850 0.948410 -2.553720
v 0.491030 0.943830 -2.548470
v 0.491020 0.948410 -2.547180
v 0.490880 0.943830 -2.547330
v 0.536660 0.918730 -2.499970
v 0.534320 0.918730 -2.502220
v 0.535250 0.918730 -2.499490
v 0.535500 0.918730 -2.502620
v 0.543330 0.918730 -2.502250
v 0.541050 0.918730 -2.504520
v 0.545770 0.918730 -2.509400
v 0.543090 0.918730 -2.510480
v 0.546090 0.918730 -2.510320
v 0.543360 0.918730 -2.511260
v 0.492030 0.948280 -2.546090
v 0.490880 0.943830 -2.547330
v 0.491020 0.948410 -2.547180
v 0.491880 0.943730 -2.546290
v 0.534030 0.942700 -2.500800
v 0.533070 0.939350 -2.503440
v 0.535250 0.942540 -2.499490
v 0.534270 0.939230 -2.502200
v 0.535250 0.940040 -2.499490
v 0.534270 0.939230 -2.502200
v 0.535250 0.942540 -2.499490
v 0.534270 0.937070 -2.502200
v 0.535250 0.924080 -2.499490
v 0.534310 0.923340 -2.502210
v 0.535250 0.918730 -2.499490
v 0.534320 0.918730 -2.502220
v 0.535250 0.924950 -2.695900
v 0.534320 0.918730 -2.693170
v 0.535250 0.918730 -2.695900
v 0.534300 0.924090 -2.693180
v 0.535250 0.940980 -2.695900
v 0.534270 0.937890 -2.693190
v 0.535250 0.942540 -2.695900
v 0.534260 0.939230 -2.693190
v 0.534430 0.942640 -2.695020
v 0.533460 0.939310 -2.692350
v 0.492400 0.948230 -2.649750
v 0.492240 0.943690 -2.649520
v 0.491020 0.948410 -2.648260
v 0.490880 0.943830 -2.648110
v 0.491170 0.948410 -2.647100
v 0.491030 0.943830 -2.646950
v 0.491850 0.948410 -2.641720
v 0.491710 0.943830 -2.641580
v 0.497530 0.948410 -2.640990
v 0.491710 0.943830 -2.641580
v 0.491850 0.948410 -2.641720
v 0.497380 0.943830 -2.640860
v 0.498400 0.948410 -2.640880
v 0.498250 0.943830 -2.640750
v 0.545720 0.918730 -2.686130
v 0.543360 0.918730 -2.684130
v 0.546090 0.918730 -2.685070
v 0.543050 0.918730 -2.685020
v 0.543330 0.918730 -2.693140
v 0.541050 0.918730 -2.690870
v 0.536690 0.918730 -2.695410
v 0.535510 0.918730 -2.692760
v 0.535250 0.918730 -2.695900
v 0.534320 0.918730 -2.693170
v 0.499890 0.948230 -2.642270
v 0.498250 0.943830 -2.640750
v 0.498400 0.948410 -2.640880
v 0.499660 0.943690 -2.642110
v 0.545200 0.942640 -2.684240
v 0.542530 0.939310 -2.683270
v 0.546090 0.942540 -2.685070
v 0.543370 0.939230 -2.684080
v 0.546090 0.940980 -2.685070
v 0.543370 0.937890 -2.684080
v 0.546090 0.924950 -2.685070
v 0.543360 0.924090 -2.684120
v 0.546090 0.918730 -2.685070
v 0.543360 0.918730 -2.684130
v 0.360510 0.923490 -2.499490
v 0.361440 0.918730 -2.502220
v 0.360510 0.918730 -2.499490
v 0.361450 0.922830 -2.502210
v 0.360510 0.941320 -2.499490
v 0.361490 0.938180 -2.502200
v 0.360510 0.942540 -2.499490
v 0.361490 0.939230 -2.502200
v 0.361090 0.942610 -2.500110
v 0.362060 0.939290 -2.502790
v 0.404110 0.948340 -2.546550
v 0.404250 0.943770 -2.546730
v 0.404690 0.948410 -2.547180
v 0.404830 0.943830 -2.547330
v 0.404610 0.948410 -2.547810
v 0.404750 0.943830 -2.547960
v 0.403860 0.948410 -2.553720
v 0.404000 0.943830 -2.553860
v 0.398040 0.948410 -2.554460
v 0.404000 0.943830 -2.553860
v 0.403860 0.948410 -2.553720
v 0.398190 0.943830 -2.554600
v 0.397310 0.948410 -2.554560
v 0.397460 0.943830 -2.554690
v 0.349980 0.918730 -2.509430
v 0.352400 0.918730 -2.511260
v 0.349670 0.918730 -2.510320
v 0.352660 0.918730 -2.510510
v 0.352430 0.918730 -2.502250
v 0.354700 0.918730 -2.504520
v 0.359730 0.918730 -2.499750
v 0.360790 0.918730 -2.502440
v 0.360510 0.918730 -2.499490
v 0.361440 0.918730 -2.502220
v 0.396680 0.948340 -2.553970
v 0.397460 0.943830 -2.554690
v 0.397310 0.948410 -2.554560
v 0.396870 0.943770 -2.554110
v 0.350300 0.942610 -2.510900
v 0.352970 0.939290 -2.511880
v 0.349670 0.942540 -2.510320
v 0.352380 0.939230 -2.511310
v 0.349670 0.941320 -2.510320
v 0.352380 0.939230 -2.511310
v 0.349670 0.942540 -2.510320
v 0.352380 0.938180 -2.511310
v 0.349670 0.923490 -2.510320
v 0.352660 0.939260 -2.510570
v 0.352400 0.922830 -2.511270
v 0.349670 0.918730 -2.510320
v 0.352400 0.918730 -2.511260
v 0.352660 0.938210 -2.510570
v 0.354850 0.939550 -2.504670
v 0.352660 0.922840 -2.510520
v 0.352660 0.918730 -2.510510
v 0.354840 0.938490 -2.504660
v 0.360850 0.939260 -2.502440
v 0.354730 0.922890 -2.504550
v 0.354700 0.918730 -2.504520
v 0.360850 0.938210 -2.502440
v 0.361490 0.939230 -2.502200
v 0.361490 0.938180 -2.502200
v 0.360800 0.922840 -2.502440
v 0.360790 0.918730 -2.502440
v 0.361450 0.922830 -2.502210
v 0.361440 0.918730 -2.502220
v 0.441480 0.923380 -2.691200
v 0.442530 0.918730 -2.691720
v 0.441490 0.918730 -2.691210
v 0.442520 0.923390 -2.691710
v 0.447880 0.918730 -2.694340
v 0.441440 0.937720 -2.691190
v 0.447880 0.923450 -2.694300
v 0.442490 0.937760 -2.691670
v 0.441440 0.939230 -2.691180
v 0.447880 0.938020 -2.694150
v 0.442480 0.939280 -2.691660
v 0.447880 0.939550 -2.694130
v 0.441530 0.939390 -2.688970
v 0.442480 0.939280 -2.691660
v 0.441440 0.939230 -2.691180
v 0.442560 0.939440 -2.689420
v 0.444290 0.944440 -2.620720
v 0.447880 0.939550 -2.694130
v 0.444870 0.944440 -2.620300
v 0.444360 0.944580 -2.618830
v 0.444930 0.944580 -2.618390
v 0.447880 0.939700 -2.691740
v 0.453080 0.939290 -2.691750
v 0.447880 0.944450 -2.618150
v 0.447880 0.944580 -2.616110
v 0.453010 0.939450 -2.689500
v 0.454320 0.939230 -2.691180
v 0.454230 0.939390 -2.688970
v 0.450780 0.944440 -2.620230
v 0.450720 0.944580 -2.618310
v 0.451470 0.944440 -2.620720
v 0.451390 0.944580 -2.618830
v 0.440220 0.924130 -2.693800
v 0.440220 0.918730 -2.693800
v 0.441460 0.918730 -2.694410
v 0.441460 0.924130 -2.694410
v 0.440220 0.940780 -2.693800
v 0.447880 0.918730 -2.697560
v 0.441460 0.940780 -2.694410
v 0.440220 0.942540 -2.693800
v 0.441460 0.942540 -2.694410
v 0.447880 0.924130 -2.697560
v 0.454070 0.918730 -2.694520
v 0.447880 0.940780 -2.697560
v 0.447880 0.942540 -2.697560
v 0.454070 0.924130 -2.694520
v 0.455540 0.918730 -2.693800
v 0.455540 0.924130 -2.693800
v 0.454070 0.940780 -2.694520
v 0.454070 0.942540 -2.694520
v 0.455540 0.940780 -2.693800
v 0.455540 0.942540 -2.693800
v 0.440340 0.942690 -2.691500
v 0.440220 0.942540 -2.693800
v 0.441460 0.942540 -2.694410
v 0.441570 0.942690 -2.692080
v 0.444250 0.947540 -2.620920
v 0.447880 0.942540 -2.697560
v 0.444840 0.947540 -2.620510
v 0.444350 0.947670 -2.618970
v 0.444930 0.947670 -2.618530
v 0.447880 0.942690 -2.695070
v 0.454070 0.942540 -2.694520
v 0.447880 0.947540 -2.618370
v 0.447880 0.947670 -2.616250
v 0.453970 0.942690 -2.692190
v 0.455540 0.942540 -2.693800
v 0.455410 0.942690 -2.691500
v 0.450810 0.947540 -2.620430
v 0.450730 0.947670 -2.618450
v 0.451510 0.947540 -2.620920
v 0.451400 0.947670 -2.618970
v 0.447880 0.923450 -2.694300
v 0.453040 0.918730 -2.691810
v 0.447880 0.918730 -2.694340
v 0.453050 0.923390 -2.691800
v 0.454270 0.918730 -2.691210
v 0.447880 0.938020 -2.694150
v 0.454280 0.923380 -2.691200
v 0.453080 0.937770 -2.691750
v 0.447880 0.939550 -2.694130
v 0.454320 0.937720 -2.691190
v 0.453080 0.939290 -2.691750
v 0.454320 0.939230 -2.691180
v 0.352690 0.924010 -2.683820
v 0.352900 0.918730 -2.684450
v 0.352700 0.918730 -2.683840
v 0.352900 0.924020 -2.684430
v 0.352680 0.937010 -2.683790
v 0.355000 0.918730 -2.690580
v 0.352900 0.937040 -2.684390
v 0.352680 0.939230 -2.683790
v 0.352900 0.939250 -2.684380
v 0.355040 0.924090 -2.690540
v 0.360710 0.918730 -2.692530
v 0.355130 0.937300 -2.690440
v 0.355150 0.939550 -2.690430
v 0.360730 0.924020 -2.692520
v 0.361740 0.918730 -2.692880
v 0.361750 0.924010 -2.692880
v 0.360770 0.937060 -2.692520
v 0.360780 0.939270 -2.692520
v 0.361780 0.937010 -2.692890
v 0.361790 0.939230 -2.692890
v 0.354440 0.939400 -2.682090
v 0.352900 0.939250 -2.684380
v 0.352680 0.939230 -2.683790
v 0.354680 0.939430 -2.682670
v 0.396250 0.943670 -2.641900
v 0.355150 0.939550 -2.690430
v 0.396830 0.943670 -2.641990
v 0.397850 0.943830 -2.640360
v 0.398440 0.943830 -2.640430
v 0.357070 0.939720 -2.688500
v 0.360780 0.939270 -2.692520
v 0.402640 0.943680 -2.642930
v 0.404390 0.943830 -2.641190
v 0.362510 0.939450 -2.690730
v 0.361790 0.939230 -2.692890
v 0.363480 0.939400 -2.691130
v 0.403520 0.943670 -2.648350
v 0.405090 0.943830 -2.646730
v 0.403680 0.943670 -2.649320
v 0.405220 0.943830 -2.647720
v 0.349970 0.924860 -2.684770
v 0.349970 0.918730 -2.684770
v 0.350220 0.918730 -2.685500
v 0.350220 0.924860 -2.685500
v 0.352730 0.918730 -2.692850
v 0.349970 0.939970 -2.684770
v 0.352730 0.924860 -2.692850
v 0.350220 0.939970 -2.685500
v 0.349970 0.942540 -2.684770
v 0.352730 0.939970 -2.692850
v 0.350220 0.942540 -2.685500
v 0.352730 0.942540 -2.692850
v 0.351830 0.942770 -2.683040
v 0.349970 0.942540 -2.684770
v 0.350220 0.942540 -2.685500
v 0.352090 0.942770 -2.683750
v 0.396010 0.948210 -2.642060
v 0.352730 0.942540 -2.692850
v 0.396590 0.948210 -2.642160
v 0.397700 0.948410 -2.640490
v 0.398290 0.948410 -2.640570
v 0.354740 0.942770 -2.690840
v 0.359570 0.942540 -2.695190
v 0.402420 0.948210 -2.643150
v 0.404250 0.948410 -2.641330
v 0.361340 0.942770 -2.693300
v 0.360800 0.942540 -2.695610
v 0.362530 0.942770 -2.693740
v 0.403350 0.948210 -2.648590
v 0.404960 0.948410 -2.646870
v 0.403510 0.948210 -2.649560
v 0.405080 0.948410 -2.647870
v 0.534300 0.924090 -2.693180
v 0.535510 0.918730 -2.692760
v 0.534320 0.918730 -2.693170
v 0.535500 0.924100 -2.692760
v 0.541050 0.918730 -2.690870
v 0.534270 0.937890 -2.693190
v 0.541020 0.924170 -2.690830
v 0.535450 0.937940 -2.692750
v 0.534260 0.939230 -2.693190
v 0.540920 0.938190 -2.690730
v 0.535450 0.939280 -2.692750
v 0.540910 0.939550 -2.690720
v 0.533460 0.939310 -2.692350
v 0.535450 0.939280 -2.692750
v 0.534260 0.939230 -2.693190
v 0.534620 0.939370 -2.691900
v 0.492240 0.943690 -2.649520
v 0.540910 0.939550 -2.690720
v 0.492420 0.943690 -2.648390
v 0.490880 0.943830 -2.648110
v 0.491030 0.943830 -2.646950
v 0.539990 0.939630 -2.689810
v 0.543050 0.939270 -2.684960
v 0.493260 0.943700 -2.643120
v 0.491710 0.943830 -2.641580
v 0.542200 0.939350 -2.684140
v 0.543370 0.939230 -2.684080
v 0.542530 0.939310 -2.683270
v 0.498810 0.943690 -2.642240
v 0.497380 0.943830 -2.640860
v 0.499660 0.943690 -2.642110
v 0.498250 0.943830 -2.640750
v 0.535250 0.924950 -2.695900
v 0.535250 0.918730 -2.695900
v 0.536690 0.918730 -2.695410
v 0.536690 0.924950 -2.695410
v 0.535250 0.940980 -2.695900
v 0.543330 0.918730 -2.693140
v 0.536690 0.940980 -2.695410
v 0.535250 0.942540 -2.695900
v 0.536690 0.942540 -2.695410
v 0.543330 0.924950 -2.693140
v 0.545720 0.918730 -2.686130
v 0.543330 0.940980 -2.693140
v 0.543330 0.942540 -2.693140
v 0.545720 0.924950 -2.686130
v 0.546090 0.918730 -2.685070
v 0.546090 0.924950 -2.685070
v 0.545720 0.940980 -2.686130
v 0.545720 0.942540 -2.686130
v 0.546090 0.940980 -2.685070
v 0.546090 0.942540 -2.685070
v 0.534430 0.942640 -2.695020
v 0.535250 0.942540 -2.695900
v 0.536690 0.942540 -2.695410
v 0.535840 0.942640 -2.694510
v 0.492400 0.948230 -2.649750
v 0.543330 0.942540 -2.693140
v 0.492590 0.948230 -2.648610
v 0.491020 0.948410 -2.648260
v 0.491170 0.948410 -2.647100
v 0.542370 0.942640 -2.692190
v 0.545720 0.942540 -2.686130
v 0.493470 0.948230 -2.643330
v 0.491850 0.948410 -2.641720
v 0.544820 0.942640 -2.685290
v 0.546090 0.942540 -2.685070
v 0.545200 0.942640 -2.684240
v 0.499040 0.948230 -2.642410
v 0.497530 0.948410 -2.640990
v 0.499890 0.948230 -2.642270
v 0.498400 0.948410 -2.640880
v 0.541020 0.924170 -2.690830
v 0.543050 0.918730 -2.685020
v 0.541050 0.918730 -2.690870
v 0.543050 0.924100 -2.685010
v 0.543360 0.918730 -2.684130
v 0.540920 0.938190 -2.690730
v 0.543360 0.924090 -2.684120
v 0.543050 0.937930 -2.684960
v 0.540910 0.939550 -2.690720
v 0.543370 0.937890 -2.684080
v 0.543050 0.939270 -2.684960
v 0.543370 0.939230 -2.684080
v 0.541390 0.923430 -2.604100
v 0.541810 0.918730 -2.603230
v 0.541390 0.918730 -2.604090
v 0.541800 0.923440 -2.603240
v 0.541370 0.937760 -2.604130
v 0.544530 0.918730 -2.597690
v 0.541760 0.937800 -2.603270
v 0.541370 0.939230 -2.604140
v 0.541760 0.939270 -2.603280
v 0.544480 0.923500 -2.597690
v 0.541820 0.918730 -2.592180
v 0.544330 0.938060 -2.597690
v 0.544320 0.939550 -2.597690
v 0.541810 0.923440 -2.592170
v 0.541390 0.918730 -2.591300
v 0.541390 0.923430 -2.591290
v 0.541770 0.937800 -2.592140
v 0.541770 0.939270 -2.592130
v 0.541370 0.937760 -2.591260
v 0.541370 0.939230 -2.591250
v 0.540410 0.939300 -2.604100
v 0.541760 0.939270 -2.603280
v 0.541370 0.939230 -2.604140
v 0.540790 0.939340 -2.603240
v 0.471530 0.944390 -2.601310
v 0.544320 0.939550 -2.597690
v 0.471190 0.944390 -2.600830
v 0.469020 0.944580 -2.601210
v 0.468660 0.944580 -2.600740
v 0.543290 0.939620 -2.597690
v 0.541770 0.939270 -2.592130
v 0.469000 0.944400 -2.597690
v 0.466290 0.944580 -2.597690
v 0.540800 0.939340 -2.592170
v 0.541370 0.939230 -2.591250
v 0.540410 0.939300 -2.591290
v 0.471180 0.944390 -2.594570
v 0.468650 0.944580 -2.594660
v 0.471530 0.944390 -2.594080
v 0.469020 0.944580 -2.594180
v 0.542990 0.942600 -2.605300
v 0.543980 0.942540 -2.605360
v 0.544480 0.942540 -2.604340
v 0.543480 0.942600 -2.604290
v 0.471750 0.947490 -2.601360
v 0.547740 0.942540 -2.597690
v 0.471410 0.947490 -2.600870
v 0.469150 0.947670 -2.601220
v 0.468790 0.947670 -2.600750
v 0.546670 0.942600 -2.597690
v 0.544500 0.942540 -2.591080
v 0.469250 0.947490 -2.597690
v 0.466430 0.947670 -2.597690
v 0.543490 0.942600 -2.591130
v 0.543980 0.942540 -2.590030
v 0.542990 0.942600 -2.590090
v 0.471410 0.947490 -2.594530
v 0.468780 0.947670 -2.594650
v 0.471750 0.947490 -2.594030
v 0.469150 0.947670 -2.594170
v 0.547740 0.924190 -2.597690
v 0.547740 0.918730 -2.597690
v 0.544500 0.918730 -2.591080
v 0.544500 0.924190 -2.591080
v 0.543980 0.918730 -2.590030
v 0.547740 0.940830 -2.597690
v 0.543980 0.924190 -2.590030
v 0.544500 0.940830 -2.591080
v 0.547740 0.942540 -2.597690
v 0.543980 0.940830 -2.590030
v 0.544500 0.942540 -2.591080
v 0.543980 0.942540 -2.590030
v 0.544480 0.942540 -2.604340
v 0.547740 0.940830 -2.597690
v 0.547740 0.942540 -2.597690
v 0.544480 0.940830 -2.604340
v 0.547740 0.924190 -2.597690
v 0.543980 0.942540 -2.605360
v 0.544480 0.924190 -2.604340
v 0.547740 0.918730 -2.597690
v 0.544480 0.918730 -2.604340
v 0.543980 0.940830 -2.605360
v 0.543980 0.924190 -2.605360
v 0.543980 0.918730 -2.605360
v 0.541390 0.918730 -2.604090
v 0.541390 0.923430 -2.604100
v 0.541370 0.937760 -2.604130
v 0.541370 0.939230 -2.604140
v 0.542990 0.942600 -2.605300
v 0.540410 0.939300 -2.604100
v 0.471750 0.947490 -2.601360
v 0.471530 0.944390 -2.601310
v 0.469150 0.947670 -2.601220
v 0.469020 0.944580 -2.601210
v 0.543360 0.923340 -2.511270
v 0.543090 0.918730 -2.510480
v 0.543360 0.918730 -2.511260
v 0.543090 0.923350 -2.510500
v 0.541050 0.918730 -2.504520
v 0.543370 0.937070 -2.511300
v 0.541020 0.923410 -2.504550
v 0.543090 0.937110 -2.510540
v 0.543370 0.939230 -2.511310
v 0.540920 0.937360 -2.504650
v 0.543090 0.939260 -2.510550
v 0.540910 0.939550 -2.504670
v 0.542130 0.939350 -2.512500
v 0.543090 0.939260 -2.510550
v 0.543370 0.939230 -2.511310
v 0.541830 0.939390 -2.511760
v 0.499280 0.943730 -2.553700
v 0.540910 0.939550 -2.504670
v 0.498540 0.943730 -2.553590
v 0.498250 0.943830 -2.554690
v 0.497500 0.943830 -2.554590
v 0.539550 0.939670 -2.506020
v 0.535430 0.939280 -2.502630
v 0.492840 0.943730 -2.552730
v 0.491710 0.943830 -2.553860
v 0.534200 0.939410 -2.503900
v 0.534270 0.939230 -2.502200
v 0.533070 0.939350 -2.503440
v 0.492050 0.943730 -2.547420
v 0.491030 0.943830 -2.548470
v 0.491880 0.943730 -2.546290
v 0.490880 0.943830 -2.547330
v 0.546090 0.924080 -2.510320
v 0.546090 0.918730 -2.510320
v 0.545770 0.918730 -2.509400
v 0.545770 0.924080 -2.509400
v 0.546090 0.940040 -2.510320
v 0.543330 0.918730 -2.502250
v 0.545770 0.940040 -2.509400
v 0.546090 0.942540 -2.510320
v 0.545770 0.942540 -2.509400
v 0.543330 0.924080 -2.502250
v 0.536660 0.918730 -2.499970
v 0.543330 0.940040 -2.502250
v 0.543330 0.942540 -2.502250
v 0.536660 0.924080 -2.499970
v 0.535250 0.918730 -2.499490
v 0.535250 0.924080 -2.499490
v 0.536660 0.940040 -2.499970
v 0.536660 0.942540 -2.499970
v 0.535250 0.940040 -2.499490
v 0.535250 0.942540 -2.499490
v 0.544770 0.942700 -2.511540
v 0.546090 0.942540 -2.510320
v 0.545770 0.942540 -2.509400
v 0.544440 0.942700 -2.510640
v 0.499490 0.948280 -2.553550
v 0.543330 0.942540 -2.502250
v 0.498750 0.948280 -2.553430
v 0.498400 0.948410 -2.554560
v 0.497640 0.948410 -2.554460
v 0.541910 0.942700 -2.503670
v 0.536660 0.942540 -2.499970
v 0.493030 0.948280 -2.552540
v 0.491850 0.948410 -2.553720
v 0.535410 0.942700 -2.501300
v 0.535250 0.942540 -2.499490
v 0.534030 0.942700 -2.500800
v 0.492200 0.948280 -2.547220
v 0.491160 0.948410 -2.548320
v 0.492030 0.948280 -2.546090
v 0.491020 0.948410 -2.547180
v 0.541020 0.923410 -2.504550
v 0.535500 0.918730 -2.502620
v 0.541050 0.918730 -2.504520
v 0.535480 0.923350 -2.502620
v 0.534320 0.918730 -2.502220
v 0.540920 0.937360 -2.504650
v 0.534310 0.923340 -2.502210
v 0.535430 0.937120 -2.502630
v 0.540910 0.939550 -2.504670
v 0.534270 0.937070 -2.502200
v 0.535430 0.939280 -2.502630
v 0.534270 0.939230 -2.502200
v 0.444880 0.947670 -2.576820
v 0.444330 0.947640 -2.575090
v 0.444350 0.947670 -2.576420
v 0.444860 0.947640 -2.575480
v 0.447880 0.947670 -2.579140
v 0.440310 0.942650 -2.503310
v 0.447880 0.947640 -2.577770
v 0.451000 0.947670 -2.576730
v 0.441430 0.942650 -2.502770
v 0.440220 0.942540 -2.501590
v 0.441350 0.942540 -2.501040
v 0.447880 0.942650 -2.499700
v 0.447880 0.942540 -2.497830
v 0.451020 0.947640 -2.575390
v 0.451400 0.947670 -2.576420
v 0.451430 0.947640 -2.575090
v 0.454580 0.942650 -2.502890
v 0.454670 0.942540 -2.501160
v 0.455450 0.942650 -2.503310
v 0.455540 0.942540 -2.501590
v 0.444880 0.944580 -2.576960
v 0.444360 0.944580 -2.576550
v 0.444350 0.944550 -2.575230
v 0.444870 0.944550 -2.575630
v 0.447880 0.944580 -2.579280
v 0.441500 0.939350 -2.505860
v 0.447880 0.944550 -2.577930
v 0.450990 0.944580 -2.576870
v 0.442450 0.939390 -2.505450
v 0.441440 0.939230 -2.504210
v 0.442390 0.939270 -2.503770
v 0.447880 0.939660 -2.503040
v 0.447880 0.939550 -2.501260
v 0.451010 0.944550 -2.575540
v 0.451390 0.944580 -2.576550
v 0.451410 0.944550 -2.575230
v 0.453530 0.939380 -2.505540
v 0.453590 0.939260 -2.503870
v 0.454250 0.939350 -2.505860
v 0.454320 0.939230 -2.504210
v 0.441350 0.942540 -2.501040
v 0.440220 0.940960 -2.501590
v 0.440220 0.942540 -2.501590
v 0.441350 0.940960 -2.501040
v 0.447880 0.942540 -2.497830
v 0.440220 0.923900 -2.501590
v 0.447880 0.940960 -2.497830
v 0.441350 0.923900 -2.501040
v 0.440220 0.918730 -2.501590
v 0.447880 0.923900 -2.497830
v 0.441350 0.918730 -2.501040
v 0.447880 0.918730 -2.497830
v 0.454670 0.942540 -2.501160
v 0.447880 0.940960 -2.497830
v 0.447880 0.942540 -2.497830
v 0.454670 0.940960 -2.501160
v 0.455540 0.942540 -2.501590
v 0.447880 0.923900 -2.497830
v 0.455540 0.940960 -2.501590
v 0.454670 0.923900 -2.501160
v 0.447880 0.918730 -2.497830
v 0.455540 0.923900 -2.501590
v 0.454670 0.918730 -2.501160
v 0.455540 0.918730 -2.501590
v 0.354010 0.939270 -2.603310
v 0.354390 0.939230 -2.604140
v 0.354390 0.937210 -2.604130
v 0.354010 0.937250 -2.603310
v 0.351440 0.939550 -2.597690
v 0.354370 0.923520 -2.604100
v 0.351420 0.937510 -2.597690
v 0.353980 0.923530 -2.603280
v 0.354370 0.918730 -2.604090
v 0.351280 0.923600 -2.597690
v 0.353970 0.918730 -2.603270
v 0.351230 0.918730 -2.597690
v 0.353990 0.939270 -2.592120
v 0.351440 0.939550 -2.597690
v 0.351420 0.937510 -2.597690
v 0.353990 0.937250 -2.592120
v 0.354390 0.939230 -2.591250
v 0.351280 0.923600 -2.597690
v 0.354390 0.937210 -2.591260
v 0.353950 0.923530 -2.592150
v 0.351230 0.918730 -2.597690
v 0.354370 0.923520 -2.591290
v 0.353940 0.918730 -2.592160
v 0.354370 0.918730 -2.591300
v 0.351300 0.942540 -2.604380
v 0.351780 0.940200 -2.605360
v 0.351780 0.942540 -2.605360
v 0.351300 0.940200 -2.604380
v 0.348020 0.942540 -2.597690
v 0.351780 0.924290 -2.605360
v 0.348020 0.940200 -2.597690
v 0.351270 0.942540 -2.591060
v 0.351300 0.924290 -2.604380
v 0.351780 0.918730 -2.605360
v 0.351300 0.918730 -2.604380
v 0.348020 0.924290 -2.597690
v 0.348020 0.918730 -2.597690
v 0.351270 0.940200 -2.591060
v 0.351780 0.942540 -2.590030
v 0.351780 0.940200 -2.590030
v 0.351270 0.924290 -2.591060
v 0.351270 0.918730 -2.591060
v 0.351780 0.924290 -2.590030
v 0.351780 0.918730 -2.590030
v 0.356150 0.939360 -2.591320
v 0.353990 0.939270 -2.592120
v 0.354390 0.939230 -2.591250
v 0.355770 0.939400 -2.592180
v 0.425490 0.944480 -2.594130
v 0.351440 0.939550 -2.597690
v 0.425840 0.944480 -2.594610
v 0.426740 0.944580 -2.594180
v 0.427100 0.944580 -2.594650
v 0.353340 0.939670 -2.597690
v 0.354010 0.939270 -2.603310
v 0.428110 0.944490 -2.597690
v 0.429460 0.944580 -2.597690
v 0.355790 0.939400 -2.603250
v 0.354390 0.939230 -2.604140
v 0.356150 0.939360 -2.604060
v 0.425820 0.944480 -2.600810
v 0.427090 0.944580 -2.600760
v 0.425490 0.944480 -2.601260
v 0.426740 0.944580 -2.601210
v 0.353600 0.942660 -2.590130
v 0.351780 0.942540 -2.590030
v 0.351270 0.942540 -2.591060
v 0.353110 0.942660 -2.591150
v 0.425310 0.947580 -2.594100
v 0.348020 0.942540 -2.597690
v 0.425660 0.947580 -2.594580
v 0.426600 0.947670 -2.594170
v 0.426970 0.947670 -2.594640
v 0.349990 0.942660 -2.597690
v 0.351300 0.942540 -2.604380
v 0.427920 0.947580 -2.597690
v 0.429330 0.947670 -2.597690
v 0.353140 0.942660 -2.604290
v 0.351780 0.942540 -2.605360
v 0.353600 0.942660 -2.605260
v 0.425640 0.947580 -2.600830
v 0.426950 0.947670 -2.600770
v 0.425310 0.947580 -2.601290
v 0.426600 0.947670 -2.601220
v 0.398190 0.943830 -2.554600
v 0.397460 0.943830 -2.554690
v 0.396870 0.943770 -2.554110
v 0.397580 0.943770 -2.554010
v 0.404000 0.943830 -2.553860
v 0.352970 0.939290 -2.511880
v 0.403340 0.943780 -2.553210
v 0.404750 0.943830 -2.547960
v 0.353250 0.939320 -2.511150
v 0.352380 0.939230 -2.511310
v 0.352660 0.939260 -2.510570
v 0.355500 0.939610 -2.505310
v 0.354850 0.939550 -2.504670
v 0.404160 0.943770 -2.547350
v 0.404830 0.943830 -2.547330
v 0.404250 0.943770 -2.546730
v 0.361430 0.939320 -2.503030
v 0.360850 0.939260 -2.502440
v 0.362060 0.939290 -2.502790
v 0.361490 0.939230 -2.502200
v 0.398040 0.948410 -2.554460
v 0.396680 0.948340 -2.553970
v 0.397310 0.948410 -2.554560
v 0.397400 0.948340 -2.553870
v 0.403860 0.948410 -2.553720
v 0.350300 0.942610 -2.510900
v 0.403170 0.948340 -2.553040
v 0.404610 0.948410 -2.547810
v 0.350610 0.942610 -2.510020
v 0.349670 0.942540 -2.510320
v 0.349980 0.942540 -2.509430
v 0.353110 0.942610 -2.502920
v 0.352430 0.942540 -2.502250
v 0.404020 0.948340 -2.547170
v 0.404690 0.948410 -2.547180
v 0.404110 0.948340 -2.546550
v 0.360320 0.942610 -2.500380
v 0.359730 0.942540 -2.499750
v 0.361090 0.942610 -2.500110
v 0.360510 0.942540 -2.499490
v 0.349980 0.942540 -2.509430
v 0.349670 0.941320 -2.510320
v 0.349670 0.942540 -2.510320
v 0.349980 0.941320 -2.509430
v 0.352430 0.942540 -2.502250
v 0.349670 0.923490 -2.510320
v 0.352430 0.941320 -2.502250
v 0.349980 0.923490 -2.509430
v 0.349670 0.918730 -2.510320
v 0.352430 0.923490 -2.502250
v 0.349980 0.918730 -2.509430
v 0.352430 0.918730 -2.502250
v 0.359730 0.942540 -2.499750
v 0.352430 0.941320 -2.502250
v 0.352430 0.942540 -2.502250
v 0.359730 0.941320 -2.499750
v 0.360510 0.942540 -2.499490
v 0.352430 0.923490 -2.502250
v 0.360510 0.941320 -2.499490
v 0.359730 0.923490 -2.499750
v 0.352430 0.918730 -2.502250
v 0.360510 0.923490 -2.499490
v 0.359730 0.918730 -2.499750
v 0.360510 0.918730 -2.499490
v 0.528990 0.920920 -2.686660
v 0.537880 0.922490 -2.680000
v 0.537230 0.920920 -2.678420
v 0.530560 0.922490 -2.687310
v 0.543060 0.922530 -2.692490
v 0.541970 0.922560 -2.697420
v 0.365960 0.922490 -2.687310
v 0.543060 0.922530 -2.502900
v 0.537880 0.922490 -2.515390
v 0.530560 0.922490 -2.508080
v 0.537230 0.920920 -2.516970
v 0.528990 0.920920 -2.508730
v 0.541970 0.922560 -2.497970
v 0.365960 0.922490 -2.508080
v 0.543740 0.922530 -2.502220
v 0.543740 0.922530 -2.693170
v 0.547990 0.922560 -2.503980
v 0.547990 0.922560 -2.691410
v 0.549560 0.921000 -2.504630
v 0.549560 0.921000 -2.690760
v 0.354550 0.922560 -2.497970
v 0.355200 0.921000 -2.496400
v 0.541320 0.921000 -2.496400
v 0.353470 0.922530 -2.502900
v 0.358640 0.922490 -2.515390
v 0.367530 0.920920 -2.508730
v 0.359290 0.920920 -2.516970
v 0.352790 0.922530 -2.502220
v 0.348540 0.922560 -2.503980
v 0.353470 0.922530 -2.692490
v 0.358640 0.922490 -2.680000
v 0.352790 0.922530 -2.693170
v 0.348540 0.922560 -2.691410
v 0.346960 0.921000 -2.690760
v 0.346960 0.921000 -2.504630
v 0.354550 0.922560 -2.697420
v 0.359290 0.920920 -2.678420
v 0.367530 0.920920 -2.686660
v 0.541320 0.921000 -2.698990
v 0.355200 0.921000 -2.698990
v 0.367530 0.920920 -2.686660
v 0.365960 0.922490 -2.687310
v 0.530560 0.922490 -2.687310
v 0.528990 0.920920 -2.686660
v 0.367530 0.920240 -2.686660
v 0.528990 0.920240 -2.686660
v 0.367530 0.917640 -2.686660
v 0.537230 0.920240 -2.678420
v 0.537230 0.920920 -2.678420
v 0.537230 0.917640 -2.678420
v 0.528990 0.917640 -2.686660
v 0.367530 0.916540 -2.686660
v 0.537230 0.916540 -2.678420
v 0.528990 0.916540 -2.686660
v 0.528990 0.920920 -2.508730
v 0.530560 0.922490 -2.508080
v 0.365960 0.922490 -2.508080
v 0.367530 0.920920 -2.508730
v 0.528990 0.920240 -2.508730
v 0.367530 0.920240 -2.508730
v 0.528990 0.917640 -2.508730
v 0.359290 0.920240 -2.516970
v 0.359290 0.920920 -2.516970
v 0.359290 0.917640 -2.516970
v 0.367530 0.917640 -2.508730
v 0.528990 0.916540 -2.508730
v 0.359290 0.916540 -2.516970
v 0.367530 0.916540 -2.508730
v 0.352790 0.916500 -2.693170
v 0.346960 0.916470 -2.690760
v 0.346960 0.916470 -2.504630
v 0.355200 0.916470 -2.698990
v 0.352790 0.916500 -2.502220
v 0.355200 0.916470 -2.496400
v 0.353470 0.916510 -2.692490
v 0.353470 0.916510 -2.502900
v 0.367530 0.916540 -2.686660
v 0.541320 0.916470 -2.698990
v 0.359290 0.916540 -2.678420
v 0.359290 0.916540 -2.516970
v 0.367530 0.916540 -2.508730
v 0.541320 0.916470 -2.496400
v 0.528990 0.916540 -2.686660
v 0.528990 0.916540 -2.508730
v 0.543060 0.916510 -2.692490
v 0.537230 0.916540 -2.678420
v 0.537230 0.916540 -2.516970
v 0.543060 0.916510 -2.502900
v 0.543740 0.916500 -2.693170
v 0.549560 0.916470 -2.690760
v 0.543740 0.916500 -2.502220
v 0.549560 0.916470 -2.504630
v 0.448260 0.924440 -2.550230
v 0.448260 0.924110 -2.548300
v 0.429360 0.924110 -2.552060
v 0.430100 0.924440 -2.553840
v 0.413330 0.924110 -2.562770
v 0.466430 0.924440 -2.553840
v 0.467160 0.924110 -2.552060
v 0.414700 0.924440 -2.564130
v 0.402630 0.924110 -2.578790
v 0.481830 0.924440 -2.564130
v 0.483190 0.924110 -2.562770
v 0.404410 0.924440 -2.579530
v 0.398870 0.924110 -2.597690
v 0.492110 0.924440 -2.579530
v 0.493900 0.924110 -2.578790
v 0.400800 0.924440 -2.597690
v 0.402630 0.924110 -2.616600
v 0.495730 0.924440 -2.597690
v 0.497660 0.924110 -2.597690
v 0.404410 0.924440 -2.615860
v 0.413330 0.924110 -2.632620
v 0.492110 0.924440 -2.615860
v 0.493900 0.924110 -2.616600
v 0.414700 0.924440 -2.631260
v 0.429360 0.924110 -2.643330
v 0.481830 0.924440 -2.631260
v 0.483190 0.924110 -2.632620
v 0.430100 0.924440 -2.641550
v 0.448260 0.924110 -2.647090
v 0.466430 0.924440 -2.641550
v 0.467160 0.924110 -2.643330
v 0.448260 0.924440 -2.645160
v 0.480560 0.926580 -2.611070
v 0.472980 0.926580 -2.622420
v 0.461640 0.926580 -2.629990
v 0.448260 0.926580 -2.632650
v 0.434880 0.926580 -2.629990
v 0.423540 0.926580 -2.622420
v 0.483220 0.926580 -2.597690
v 0.415960 0.926580 -2.611070
v 0.480560 0.926580 -2.584320
v 0.413300 0.926580 -2.597690
v 0.472980 0.926580 -2.572970
v 0.415960 0.926580 -2.584320
v 0.461640 0.926580 -2.565400
v 0.423540 0.926580 -2.572970
v 0.448260 0.926580 -2.562730
v 0.434880 0.926580 -2.565400
v 0.464210 0.924900 -2.591090
v 0.460470 0.924900 -2.585490
v 0.454870 0.924900 -2.581740
v 0.448260 0.924900 -2.580430
v 0.441650 0.924900 -2.581740
v 0.436050 0.924900 -2.585490
v 0.465530 0.924900 -2.597690
v 0.432310 0.924900 -2.591090
v 0.464210 0.924900 -2.604300
v 0.431000 0.924900 -2.597690
v 0.460470 0.924900 -2.609900
v 0.432310 0.924900 -2.604300
v 0.454870 0.924900 -2.613650
v 0.436050 0.924900 -2.609900
v 0.448260 0.924900 -2.614960
v 0.441650 0.924900 -2.613650
v 0.459220 0.924730 -2.608650
v 0.462580 0.924730 -2.603620
v 0.454190 0.924730 -2.612010
v 0.448260 0.924730 -2.613190
v 0.463760 0.924730 -2.597690
v 0.442330 0.924730 -2.612010
v 0.437310 0.924730 -2.608650
v 0.462580 0.924730 -2.591770
v 0.433950 0.924730 -2.603620
v 0.459220 0.924730 -2.586740
v 0.432770 0.924730 -2.597690
v 0.454190 0.924730 -2.583380
v 0.433950 0.924730 -2.591770
v 0.448260 0.924730 -2.582200
v 0.437310 0.924730 -2.586740
v 0.442330 0.924730 -2.583380
v 0.430720 0.939890 -2.590430
v 0.432520 0.940490 -2.591180
v 0.436210 0.940490 -2.585650
v 0.434840 0.939890 -2.584270
v 0.429280 0.939890 -2.597690
v 0.431220 0.940490 -2.597690
v 0.430720 0.939890 -2.604960
v 0.432520 0.940490 -2.604210
v 0.434840 0.939890 -2.611120
v 0.436210 0.940490 -2.609740
v 0.441000 0.939890 -2.615230
v 0.441740 0.940490 -2.581950
v 0.441000 0.939890 -2.580160
v 0.441740 0.940490 -2.613440
v 0.448260 0.939890 -2.616680
v 0.448260 0.940490 -2.614730
v 0.455530 0.939890 -2.615230
v 0.448260 0.940490 -2.580660
v 0.448260 0.939890 -2.578710
v 0.454780 0.940490 -2.613440
v 0.461690 0.939890 -2.611120
v 0.454780 0.940490 -2.581950
v 0.455530 0.939890 -2.580160
v 0.460310 0.940490 -2.585650
v 0.461690 0.939890 -2.584270
v 0.460310 0.940490 -2.609740
v 0.465800 0.939890 -2.604960
v 0.464000 0.940490 -2.591180
v 0.465800 0.939890 -2.590430
v 0.464000 0.940490 -2.604210
v 0.467250 0.939890 -2.597690
v 0.465300 0.940490 -2.597690
vn -0.8156 0.1930 0.5455
vn -0.9060 0.1963 0.3750
vn -0.8155 0.1934 0.5454
vn -0.9056 0.1972 0.3755
vn -0.8152 0.1949 0.5454
vn -0.9796 0.2011 0.0006
vn -0.9057 0.1972 0.3752
vn -0.8150 0.1957 0.5454
vn -0.9056 0.1967 0.3757
vn -0.9799 0.1993 0.0003
vn -0.9058 0.1967 -0.3753
vn -0.9804 0.1968 0.0001
vn -0.9806 0.1961 0.0001
vn -0.9056 0.1971 -0.3756
vn -0.6929 0.1967 -0.6937
vn -0.9057 0.1972 -0.3751
vn -0.9056 0.1968 -0.3758
vn -0.6930 0.1973 -0.6934
vn -0.5449 0.1978 -0.8149
vn -0.5450 0.1958 -0.8153
vn -0.6928 0.1983 -0.6933
vn -0.6927 0.1998 -0.6931
vn -0.5447 0.1963 -0.8153
vn -0.5446 0.1999 -0.8145
vn -0.1919 0.1989 -0.9610
vn 0.0006 0.1953 -0.9807
vn -0.1912 0.1953 -0.9619
vn -0.0000 0.1963 -0.9806
vn -0.1911 0.1965 -0.9617
vn 0.3742 0.2019 -0.9051
vn -0.0000 0.1967 -0.9805
vn -0.1911 0.1990 -0.9612
vn 0.0004 0.1963 -0.9805
vn 0.3746 0.1993 -0.9055
vn 0.6936 0.1970 -0.6929
vn 0.3751 0.1985 -0.9055
vn 0.3735 0.2005 -0.9057
vn 0.6936 0.1970 -0.6930
vn 0.8162 0.1930 -0.5446
vn 0.8161 0.1935 -0.5446
vn 0.6938 0.1959 -0.6930
vn 0.6934 0.1944 -0.6939
vn 0.8158 0.1937 -0.5450
vn 0.8156 0.1936 -0.5453
vn 0.9623 0.1925 -0.1919
vn 0.9808 0.1949 0.0002
vn 0.9622 0.1933 -0.1918
vn 0.9806 0.1962 0.0002
vn 0.9623 0.1932 -0.1914
vn 0.9060 0.1963 0.3750
vn 0.9805 0.1968 0.0002
vn 0.9625 0.1924 -0.1913
vn 0.9806 0.1961 0.0001
vn 0.9058 0.1970 0.3751
vn 0.6933 0.1967 0.6933
vn 0.9059 0.1972 0.3748
vn 0.9058 0.1964 0.3755
vn 0.6934 0.1973 0.6930
vn 0.5448 0.1978 0.8149
vn 0.5450 0.1958 0.8153
vn 0.6936 0.1958 0.6932
vn 0.6929 0.1944 0.6943
vn 0.5450 0.1941 0.8157
vn 0.5451 0.1957 0.8152
vn 0.1917 0.1989 0.9611
vn -0.0008 0.1953 0.9807
vn 0.1910 0.1953 0.9620
vn -0.0003 0.1963 0.9806
vn 0.1909 0.1957 0.9619
vn -0.3743 0.2020 0.9050
vn -0.0000 0.2004 0.9797
vn 0.1911 0.1984 0.9613
vn -0.0000 0.2035 0.9791
vn -0.3747 0.1993 0.9055
vn -0.5453 0.1937 0.8156
vn -0.5452 0.1932 0.8157
vn -0.3749 0.2002 0.9052
vn -0.3747 0.2033 0.9046
vn -0.5448 0.1950 0.8155
vn -0.5450 0.1959 0.8152
vn -0.0000 -1.0000 -0.0000
vn -0.0000 1.0000 -0.0000
vn -0.5562 -0.0000 -0.8310
vn -0.7074 -0.0000 -0.7068
vn -0.7075 -0.0000 -0.7068
vn -0.9239 -0.0000 -0.3827
vn -1.0000 -0.0000 0.0002
vn -0.9238 -0.0000 0.3828
vn -0.8315 -0.0000 0.5555
vn 0.5555 -0.0000 0.8315
vn 0.7071 -0.0000 0.7071
vn 0.9238 -0.0000 0.3828
vn 1.0000 -0.0000 0.0002
vn 0.9808 -0.0000 -0.1952
vn -0.0000 -0.0000 -1.0000
vn -0.1951 -0.0000 -0.9808
vn 0.3826 -0.0000 -0.9239
vn 0.7071 -0.0000 -0.7071
vn 0.8315 -0.0000 -0.5555
vn 0.0001 -0.0000 1.0000
vn 0.1952 -0.0000 0.9808
vn -0.0000 -0.0000 1.0000
vn -0.3831 -0.0000 0.9237
vn -0.5562 -0.0000 0.8310
vn -0.1952 -0.0000 -0.9808
vn 0.3827 -0.0000 -0.9239
vn 0.7070 -0.0000 -0.7072
vn 0.8313 -0.0000 -0.5558
vn 0.1951 -0.0000 0.9808
vn -0.3827 -0.0000 0.9239
vn -0.5556 -0.0000 0.8315
vn -0.5555 -0.0000 0.8315
vn -0.9239 -0.0000 0.3826
vn -0.8316 -0.0000 0.5554
vn -1.0000 -0.0000 0.0001
vn -0.9239 -0.0000 -0.3826
vn -0.7072 -0.0000 -0.7071
vn -0.5555 -0.0000 -0.8315
vn -0.7072 -0.0000 -0.7070
vn 1.0000 -0.0000 -0.0000
vn 0.9808 -0.0000 -0.1950
vn 1.0000 -0.0000 0.0001
vn 0.7070 -0.0000 0.7072
vn 0.5556 -0.0000 0.8315
vn 0.7002 0.1344 -0.7011
vn 0.7067 -0.0000 -0.7075
vn 0.3824 -0.0000 -0.9240
vn 0.4536 0.0873 -0.8869
vn 0.6521 0.3854 -0.6529
vn 0.6523 0.3841 -0.6534
vn 0.7067 -0.0000 0.7075
vn 0.9238 -0.0000 0.3830
vn 0.7002 0.1348 0.7011
vn 0.8866 0.0871 0.4543
vn 0.6523 0.3845 0.6532
vn 0.6519 0.3855 0.6530
vn -0.7067 -0.0000 -0.7075
vn -0.9238 -0.0000 -0.3830
vn -0.7003 0.1349 -0.7009
vn -0.8867 0.0878 -0.4540
vn -0.6514 0.3877 -0.6521
vn -0.6526 0.3850 -0.6526
vn -1.0000 -0.0000 -0.0000
vn -0.7003 0.1355 0.7009
vn -0.7067 -0.0000 0.7075
vn -0.3824 -0.0000 0.9240
vn -0.4536 0.0873 0.8869
vn -0.6521 0.3856 0.6528
vn -0.6515 0.3884 0.6517
vn -0.7071 -0.0000 -0.7071
vn -0.9592 0.1764 -0.2208
vn -0.9726 0.2324 -0.0000
vn -0.9240 0.3825 -0.0000
vn -0.9239 0.3826 -0.0000
vn 0.7072 -0.0000 0.7070
vn 0.9592 0.1764 0.2208
vn 0.9239 -0.0000 0.3827
vn 0.9726 0.2324 -0.0000
vn 0.9239 0.3825 -0.0000
vn 0.9240 0.3825 -0.0000
vn 0.4403 -0.0000 0.8979
vn 0.4393 -0.0006 0.8983
vn 0.4378 -0.0005 0.8991
vn 0.4365 -0.0012 0.8997
vn 0.4264 -0.0005 0.9045
vn 0.4234 -0.0027 0.9060
vn 0.4241 -0.0014 0.9056
vn 0.4192 -0.0045 0.9079
vn 0.7908 0.0333 -0.6111
vn 0.7909 0.0335 -0.6110
vn 0.7896 0.0337 -0.6127
vn 0.7901 0.0338 -0.6121
vn 0.4625 0.0181 -0.8864
vn 0.4584 0.0155 -0.8886
vn 0.0535 -0.0044 -0.9986
vn 0.0481 -0.0116 -0.9988
vn 0.0682 -0.2901 -0.9545
vn 0.0626 -0.2987 -0.9523
vn 0.2253 -0.1741 -0.9586
vn 0.2617 -0.1465 -0.9540
vn 0.4239 -0.0007 -0.9057
vn 0.4261 -0.0013 -0.9047
vn 0.4363 -0.0013 -0.8998
vn 0.4376 -0.0014 -0.8991
vn 0.4393 -0.0012 -0.8983
vn 0.4403 -0.0019 -0.8979
vn -0.0000 -1.0000 0.0001
vn 0.0720 -0.2946 0.9529
vn 0.0620 -0.2968 0.9529
vn 0.0706 -0.2929 0.9535
vn 0.0681 -0.2873 0.9554
vn 0.0484 -0.0116 0.9988
vn 0.0425 -0.0050 0.9991
vn 0.0511 -0.0052 0.9987
vn 0.0403 -0.0014 0.9992
vn 0.7854 0.0336 0.6181
vn 0.7926 0.0316 0.6089
vn 0.7884 0.0323 0.6143
vn 0.7918 0.0318 0.6100
vn 0.7899 0.0324 0.6123
vn 0.7895 0.0332 0.6128
vn -0.7907 0.0358 0.6111
vn -0.7898 0.0338 0.6125
vn -0.7905 0.0322 0.6116
vn -0.7901 0.0313 0.6121
vn -0.4650 0.0167 0.8852
vn -0.4615 0.0129 0.8870
vn -0.0522 -0.0092 0.9986
vn -0.0486 -0.0174 0.9987
vn -0.0711 -0.2877 0.9551
vn -0.0617 -0.2991 0.9522
vn -0.2279 -0.1716 0.9584
vn -0.2594 -0.1488 0.9542
vn -0.4238 -0.0006 0.9058
vn -0.4256 -0.0016 0.9049
vn -0.4365 -0.0013 0.8997
vn -0.4378 -0.0014 0.8991
vn -0.4393 -0.0012 0.8983
vn -0.4402 -0.0019 0.8979
vn -0.0000 -1.0000 -0.0001
vn -0.7932 0.0315 -0.6081
vn -0.7935 0.0314 -0.6077
vn -0.7924 0.0314 -0.6092
vn -0.7920 0.0323 -0.6097
vn -0.7901 0.0339 -0.6120
vn -0.7891 0.0358 -0.6132
vn -0.8979 -0.0000 0.4402
vn -0.8986 -0.0009 0.4387
vn -0.8997 -0.0008 0.4366
vn -0.9004 -0.0018 0.4350
vn -0.9058 -0.0005 0.4237
vn -0.9072 -0.0026 0.4207
vn -0.9584 -0.1758 0.2247
vn -0.9550 -0.1455 0.2583
vn -0.9533 -0.2941 0.0687
vn -0.9553 -0.2875 0.0684
vn -0.9988 -0.0146 0.0471
vn -0.9991 -0.0073 0.0418
vn -0.9989 -0.0068 0.0467
vn -0.9993 -0.0015 0.0371
vn 0.6106 0.0358 0.7911
vn 0.6113 0.0349 0.7907
vn 0.6120 0.0342 0.7901
vn 0.6125 0.0338 0.7898
vn 0.8858 0.0181 0.4637
vn 0.8872 0.0149 0.4611
vn 0.9985 -0.0066 0.0537
vn 0.9987 -0.0144 0.0496
vn 0.9561 -0.2849 0.0688
vn 0.9534 -0.2955 0.0617
vn 0.9591 -0.1724 0.2245
vn 0.9546 -0.1480 0.2585
vn 0.9064 -0.0003 0.4224
vn 0.9058 -0.0009 0.4236
vn 0.9004 -0.0014 0.4350
vn 0.8997 -0.0017 0.4366
vn 0.8986 -0.0019 0.4388
vn 0.8979 -0.0029 0.4403
vn -0.6041 0.0341 0.7962
vn -0.6093 0.0356 0.7922
vn -0.6080 0.0351 0.7931
vn -0.6107 0.0358 0.7911
vn -0.6111 0.0358 0.7907
vn -0.6111 0.0358 0.7908
vn 0.8978 -0.0000 -0.4403
vn 0.3227 -0.0014 -0.9465
vn 0.8997 -0.0008 -0.4366
vn 0.3252 -0.0015 -0.9456
vn 0.9058 -0.0005 -0.4236
vn -0.4415 -0.0010 -0.8972
vn 0.3515 -0.0047 -0.9362
vn 0.9064 -0.0007 -0.4224
vn 0.5253 -0.0027 -0.8509
vn -0.4392 -0.0017 -0.8984
vn 0.0022 -0.0091 -1.0000
vn -0.4156 -0.0024 -0.9095
vn -0.4202 0.0020 -0.9074
vn 0.0022 -0.0080 -1.0000
vn 0.4385 -0.0029 -0.8987
vn 0.0017 -0.0103 -0.9999
vn 0.0013 -0.0136 -0.9999
vn 0.4364 -0.0027 -0.8997
vn 0.4393 -0.0010 -0.8983
vn 0.4390 -0.0012 -0.8985
vn 0.4151 -0.0008 -0.9098
vn 0.4164 -0.0019 -0.9092
vn 0.4138 -0.0011 -0.9104
vn 0.4206 -0.0067 -0.9072
vn -0.6113 0.0358 -0.7906
vn -0.6061 0.0360 -0.7945
vn -0.6141 0.0338 -0.7885
vn -0.8954 0.0180 -0.4449
vn -0.8945 0.0146 -0.4468
vn -0.9994 -0.0037 -0.0347
vn -0.9994 -0.0097 -0.0321
vn -0.9551 -0.2889 -0.0662
vn -0.9526 -0.2980 -0.0609
vn -0.9592 -0.1745 -0.2226
vn -0.9549 -0.1496 -0.2565
vn -0.9065 -0.0003 -0.4223
vn -0.9059 -0.0009 -0.4235
vn -0.9004 -0.0014 -0.4350
vn -0.8996 -0.0017 -0.4366
vn -0.8986 -0.0019 -0.4388
vn -0.8979 -0.0030 -0.4403
vn 0.9525 -0.2966 -0.0688
vn 0.9525 -0.2980 -0.0633
vn 0.9530 -0.2948 -0.0695
vn 0.9548 -0.2888 -0.0695
vn 0.9994 -0.0098 -0.0325
vn 0.9996 -0.0040 -0.0292
vn 0.9998 -0.0047 -0.0208
vn 0.9999 -0.0026 -0.0152
vn 0.6121 0.0312 -0.7902
vn 0.6225 0.0331 -0.7819
vn 0.6121 0.0326 -0.7901
vn 0.6175 0.0340 -0.7858
vn 0.6116 0.0350 -0.7904
vn 0.6121 0.0358 -0.7899
vn -0.3224 -0.0000 0.9466
vn -0.3248 -0.0012 0.9458
vn -0.3290 -0.0011 0.9443
vn -0.3312 -0.0026 0.9436
vn -0.3401 -0.0005 0.9404
vn -0.3419 -0.0018 0.9397
vn -0.5234 -0.1820 0.8324
vn -0.4966 -0.1469 0.8555
vn -0.6333 -0.2977 0.7143
vn -0.6391 -0.2857 0.7141
vn -0.6854 -0.0163 0.7279
vn -0.6909 -0.0079 0.7229
vn -0.3025 0.0138 0.9531
vn -0.3175 0.0176 0.9481
vn 0.1296 0.0335 0.9910
vn 0.1225 0.0343 0.9919
vn 0.1265 0.0343 0.9914
vn 0.1266 0.0342 0.9914
vn 0.9913 0.0342 0.1270
vn 0.9914 0.0332 0.1263
vn 0.9919 0.0324 0.1225
vn 0.9914 0.0331 0.1269
vn 0.9922 0.0322 0.1206
vn 0.9909 0.0346 0.1301
vn 0.7326 0.0001 -0.6807
vn 0.7243 -0.0067 -0.6894
vn 0.7314 -0.0055 -0.6819
vn 0.7273 -0.0148 -0.6861
vn 0.7162 -0.2843 -0.6374
vn 0.7040 -0.3028 -0.6424
vn 0.3471 -0.1170 -0.9305
vn 0.8529 -0.1558 -0.4983
vn 0.4319 -0.0005 -0.9019
vn 0.9407 -0.0012 -0.3392
vn -0.3234 -0.0000 -0.9463
vn 0.4375 -0.0009 -0.8992
vn 0.9445 -0.0013 -0.3284
vn -0.3237 -0.0000 -0.9462
vn 0.4391 -0.0009 -0.8984
vn 0.9455 -0.0018 -0.3255
vn 0.3256 -0.0000 -0.9455
vn 0.3267 -0.0007 -0.9451
vn 0.3284 -0.0005 -0.9445
vn 0.3297 -0.0013 -0.9441
vn 0.3388 -0.0004 -0.9409
vn 0.3418 -0.0024 -0.9398
vn 0.5222 -0.1807 -0.8335
vn 0.4998 -0.1502 -0.8530
vn 0.6306 -0.2984 -0.7164
vn 0.6373 -0.2895 -0.7141
vn 0.6851 -0.0133 -0.7283
vn 0.6914 -0.0057 -0.7225
vn 0.3026 0.0146 -0.9530
vn 0.3110 0.0166 -0.9503
vn -0.1287 0.0322 -0.9912
vn -0.1290 0.0325 -0.9911
vn -0.1257 0.0332 -0.9915
vn -0.1250 0.0341 -0.9916
vn -0.9914 0.0342 -0.1267
vn -0.9915 0.0333 -0.1260
vn -0.9918 0.0326 -0.1237
vn -0.9913 0.0332 -0.1270
vn -0.9919 0.0325 -0.1231
vn -0.9909 0.0346 -0.1304
vn -0.7334 0.0002 0.6798
vn -0.7238 -0.0053 0.6900
vn -0.7323 -0.0034 0.6809
vn -0.7276 -0.0119 0.6859
vn -0.7139 -0.2903 0.6373
vn -0.7019 -0.3080 0.6423
vn -0.7119 -0.2999 0.6350
vn -0.6959 -0.3201 0.6428
vn -0.9404 -0.0000 0.3401
vn -0.9407 -0.0002 0.3392
vn -0.9447 -0.0015 0.3280
vn -0.9453 -0.0017 0.3262
vn -0.9461 -0.0018 0.3240
vn -0.9466 -0.0027 0.3225
vn -0.9466 -0.0000 -0.3225
vn -0.9458 -0.0011 -0.3248
vn -0.9443 -0.0011 -0.3291
vn -0.9436 -0.0026 -0.3311
vn -0.9405 -0.0004 -0.3399
vn -0.9391 -0.0030 -0.3437
vn -0.8313 -0.1822 -0.5251
vn -0.8519 -0.1530 -0.5009
vn -0.7145 -0.3012 -0.6315
vn -0.7141 -0.2934 -0.6356
vn -0.7282 -0.0148 -0.6852
vn -0.7223 -0.0063 -0.6915
vn -0.9524 0.0156 -0.3046
vn -0.9493 0.0187 -0.3137
vn -0.9913 0.0344 0.1268
vn -0.9915 0.0343 0.1255
vn -0.9915 0.0341 0.1256
vn -0.1275 0.0342 0.9912
vn -0.1268 0.0334 0.9914
vn -0.1259 0.0327 0.9915
vn -0.1257 0.0323 0.9915
vn -0.1252 0.0322 0.9916
vn -0.1256 0.0323 0.9916
vn 0.6821 -0.0016 0.7313
vn 0.6906 -0.0076 0.7232
vn 0.6821 -0.0060 0.7312
vn 0.6862 -0.0149 0.7273
vn 0.6373 -0.2959 0.7116
vn 0.6413 -0.3117 0.7011
vn 0.5271 -0.1812 0.8303
vn 0.4990 -0.1549 0.8526
vn 0.3420 -0.0000 0.9397
vn 0.3411 -0.0002 0.9400
vn 0.3300 -0.0016 0.9440
vn 0.3285 -0.0015 0.9445
vn 0.3266 -0.0012 0.9452
vn 0.3257 -0.0018 0.9455
vn 0.9466 -0.0000 0.3225
vn 0.9460 -0.0011 0.3242
vn 0.9453 -0.0008 0.3261
vn 0.9447 -0.0019 0.3278
vn 0.9404 -0.0005 0.3399
vn 0.9396 -0.0020 0.3422
vn 0.8309 -0.1838 0.5251
vn 0.8542 -0.1521 0.4972
vn 0.7133 -0.3041 0.6314
vn 0.7130 -0.2965 0.6354
vn 0.7297 -0.0103 0.6837
vn 0.7213 -0.0032 0.6926
vn 0.9525 0.0170 0.3039
vn 0.9488 0.0187 0.3154
vn 0.9915 0.0344 -0.1259
vn 0.9914 0.0344 -0.1259
vn 0.9914 0.0343 -0.1259
vn 0.9914 0.0342 -0.1260
vn 0.1261 0.0341 -0.9914
vn 0.1262 0.0343 -0.9914
vn 0.1308 0.0345 -0.9908
vn 0.1249 0.0334 -0.9916
vn 0.1338 0.0344 -0.9904
vn 0.1221 0.0321 -0.9920
vn -0.0000 -1.0000 0.0002
vn -0.6836 -0.0017 -0.7299
vn -0.6987 -0.0066 -0.7153
vn -0.6829 -0.0040 -0.7305
vn -0.6902 -0.0122 -0.7235
vn -0.6353 -0.2925 -0.7148
vn -0.6418 -0.3111 -0.7010
vn -0.6314 -0.2972 -0.7163
vn -0.6419 -0.3169 -0.6982
vn -0.3434 -0.0000 -0.9392
vn 0.2300 -0.0000 -0.9732
vn 0.4162 -0.0000 -0.9093
vn -0.3299 -0.0015 -0.9440
vn 0.9364 -0.0000 -0.3509
vn 0.4362 -0.0018 -0.8998
vn -0.3268 -0.0014 -0.9451
vn 0.4379 -0.0022 -0.8990
vn 0.9367 -0.0005 -0.3502
vn 0.7077 -0.0126 -0.7064
vn 0.9445 -0.0024 -0.3286
vn 0.9452 -0.0023 -0.3266
vn 0.7083 -0.0098 -0.7058
vn 0.3491 -0.0006 -0.9371
vn 0.7088 -0.0076 -0.7053
vn 0.7086 -0.0085 -0.7056
vn 0.3477 -0.0021 -0.9376
vn 0.3515 -0.0000 -0.9362
vn 0.3509 -0.0006 -0.9364
vn 0.3302 -0.0015 -0.9439
vn 0.3228 0.0002 -0.9465
vn 0.3328 -0.0004 -0.9430
vn 0.3210 0.0015 -0.9471
vn 0.4405 -0.0010 0.8977
vn 0.4401 -0.0010 0.8979
vn 0.4404 -0.0002 0.8978
vn 0.4381 -0.0015 0.8989
vn 0.4371 -0.0048 0.8994
vn 0.4161 -0.0037 0.9093
vn 0.4331 -0.0056 0.9013
vn 0.4183 -0.0043 0.9083
vn 0.4179 -0.0044 0.9085
vn 0.4175 -0.0100 0.9086
vn 0.4186 -0.0039 0.9082
vn 0.4164 -0.0119 0.9091
vn 0.0795 -0.9945 0.0687
vn 0.0802 -0.9944 0.0683
vn 0.0788 -0.9945 0.0696
vn 0.0786 -0.9945 0.0687
vn -0.0532 -0.9958 0.0744
vn -0.0006 -0.9980 0.0634
vn -0.0483 -0.9963 0.0713
vn -0.0572 -0.9955 0.0750
vn -0.0520 -0.9960 0.0726
vn -0.0012 -0.9979 0.0646
vn -0.0787 -0.9946 0.0675
vn -0.0030 -0.9978 0.0660
vn -0.0010 -0.9979 0.0654
vn -0.0773 -0.9947 0.0673
vn -0.0793 -0.9945 0.0684
vn -0.0785 -0.9945 0.0690
vn 0.0512 -0.9960 0.0736
vn 0.0575 -0.9955 0.0748
vn 0.0541 -0.9957 0.0755
vn 0.0591 -0.9953 0.0763
vn -0.4410 -0.0000 -0.8975
vn -0.4415 -0.0000 -0.8972
vn -0.4415 -0.0000 -0.8973
vn -0.4416 -0.0000 -0.8972
vn 0.0002 -0.0000 -1.0000
vn -0.4414 -0.0000 -0.8973
vn -0.4409 -0.0000 -0.8976
vn 0.4403 -0.0000 -0.8978
vn 0.4398 -0.0000 -0.8981
vn 0.4404 -0.0000 -0.8978
vn 0.4399 -0.0000 -0.8980
vn 0.4400 -0.0000 -0.8980
vn -0.0307 0.9975 -0.0630
vn -0.0312 0.9975 -0.0634
vn -0.0310 0.9974 -0.0654
vn -0.0305 0.9975 -0.0645
vn 0.0478 0.9964 -0.0695
vn 0.0002 0.9982 -0.0605
vn 0.0458 0.9967 -0.0668
vn 0.0508 0.9964 -0.0679
vn 0.0486 0.9966 -0.0664
vn 0.0006 0.9981 -0.0619
vn 0.0301 0.9976 -0.0626
vn 0.0019 0.9980 -0.0633
vn 0.0006 0.9981 -0.0623
vn 0.0299 0.9975 -0.0637
vn 0.0307 0.9975 -0.0631
vn 0.0309 0.9974 -0.0650
vn -0.0481 0.9965 -0.0683
vn -0.0521 0.9963 -0.0679
vn -0.0496 0.9963 -0.0702
vn -0.0539 0.9961 -0.0693
vn -0.4403 -0.0076 0.8978
vn -0.4379 -0.0024 0.8990
vn -0.4367 -0.0070 0.8996
vn -0.4360 -0.0029 0.9000
vn -0.4384 -0.0010 0.8988
vn -0.4213 -0.0080 0.9069
vn -0.4377 -0.0015 0.8991
vn -0.4152 -0.0010 0.9097
vn -0.4189 -0.0099 0.9080
vn -0.4130 -0.0011 0.9108
vn -0.4155 -0.0016 0.9096
vn -0.4178 -0.0060 0.9085
vn 0.9502 0.0006 0.3116
vn 0.9480 -0.0004 0.3184
vn 0.9457 -0.0006 0.3251
vn 0.9449 -0.0018 0.3273
vn 0.9391 -0.0005 0.3438
vn 0.7054 -0.0085 0.7087
vn 0.9390 -0.0024 0.3440
vn 0.9374 -0.0013 0.3484
vn 0.9376 -0.0025 0.3477
vn 0.7049 -0.0080 0.7092
vn 0.3239 -0.0045 0.9461
vn 0.7063 -0.0077 0.7079
vn 0.7058 -0.0087 0.7084
vn 0.3315 -0.0030 0.9435
vn 0.3231 -0.0027 0.9463
vn 0.3330 -0.0008 0.9429
vn 0.3452 -0.0014 0.9385
vn 0.3460 -0.0016 0.9382
vn 0.3440 -0.0008 0.9390
vn 0.3440 -0.0015 0.9390
vn 0.0946 -0.9955 0.0016
vn 0.1045 -0.9945 -0.0055
vn 0.1069 -0.9943 -0.0064
vn 0.1066 -0.9943 -0.0070
vn 0.0142 -0.9959 0.0891
vn 0.0441 -0.9980 0.0456
vn 0.0153 -0.9965 0.0820
vn 0.0111 -0.9958 0.0908
vn 0.0135 -0.9962 0.0862
vn 0.0441 -0.9979 0.0467
vn -0.0055 -0.9946 0.1035
vn 0.0426 -0.9980 0.0465
vn 0.0434 -0.9981 0.0445
vn -0.0067 -0.9948 0.1014
vn -0.0034 -0.9947 0.1025
vn -0.0074 -0.9944 0.1050
vn 0.0865 -0.9961 0.0149
vn 0.0898 -0.9959 0.0117
vn 0.0896 -0.9959 0.0145
vn 0.0911 -0.9958 0.0118
vn -0.9462 -0.0000 -0.3237
vn -0.9460 -0.0000 -0.3243
vn -0.9461 -0.0000 -0.3239
vn -0.9462 -0.0000 -0.3235
vn -0.9463 -0.0000 -0.3232
vn -0.9460 -0.0000 -0.3241
vn -0.9462 -0.0000 -0.3236
vn -0.0928 0.9952 -0.0319
vn -0.0933 0.9951 -0.0318
vn -0.0915 0.9952 -0.0334
vn -0.0907 0.9953 -0.0333
vn -0.0190 0.9939 -0.1086
vn -0.0572 0.9967 -0.0581
vn -0.0189 0.9945 -0.1027
vn -0.0151 0.9939 -0.1088
vn -0.0163 0.9943 -0.1055
vn -0.0571 0.9966 -0.0592
vn -0.0321 0.9954 -0.0899
vn -0.0549 0.9968 -0.0585
vn -0.0551 0.9969 -0.0561
vn -0.0333 0.9956 -0.0874
vn -0.0320 0.9953 -0.0916
vn -0.0337 0.9954 -0.0901
vn -0.1070 0.9941 -0.0178
vn -0.1090 0.9939 -0.0141
vn -0.1105 0.9937 -0.0179
vn -0.1121 0.9936 -0.0133
vn -0.3258 0.0006 0.9454
vn -0.3247 -0.0001 0.9458
vn -0.3301 -0.0002 0.9439
vn -0.3295 -0.0018 0.9441
vn -0.3266 -0.0049 0.9451
vn -0.3489 -0.0022 0.9372
vn -0.3320 -0.0062 0.9433
vn -0.3465 -0.0027 0.9381
vn -0.3481 -0.0013 0.9375
vn -0.3470 -0.0086 0.9378
vn -0.3468 -0.0007 0.9380
vn -0.3481 -0.0095 0.9374
vn 0.0050 -0.9950 0.0994
vn 0.0070 -0.9939 0.1101
vn 0.0078 -0.9941 0.1084
vn 0.0075 -0.9940 0.1092
vn -0.0871 -0.9961 0.0146
vn -0.0446 -0.9980 0.0439
vn -0.0812 -0.9966 0.0150
vn -0.0883 -0.9960 0.0121
vn -0.0843 -0.9963 0.0135
vn -0.0456 -0.9980 0.0438
vn -0.1018 -0.9948 -0.0090
vn -0.0457 -0.9981 0.0423
vn -0.0436 -0.9982 0.0424
vn -0.1003 -0.9949 -0.0075
vn -0.1016 -0.9948 -0.0078
vn -0.1035 -0.9946 -0.0059
vn -0.0142 -0.9961 0.0871
vn -0.0115 -0.9959 0.0894
vn -0.0136 -0.9958 0.0905
vn -0.0115 -0.9958 0.0908
vn 0.3228 -0.0000 -0.9465
vn 0.3221 -0.0000 -0.9467
vn 0.3222 -0.0000 -0.9467
vn 0.7074 -0.0000 -0.7068
vn 0.3220 -0.0000 -0.9467
vn 0.3227 -0.0000 -0.9465
vn 0.9453 -0.0000 -0.3261
vn 0.9453 -0.0000 -0.3262
vn 0.9441 -0.0000 -0.3296
vn 0.0290 0.9961 -0.0838
vn 0.0292 0.9959 -0.0859
vn 0.0319 0.9955 -0.0892
vn 0.0312 0.9957 -0.0868
vn 0.1088 0.9939 -0.0188
vn 0.0528 0.9972 -0.0522
vn 0.1041 0.9944 -0.0183
vn 0.1105 0.9938 -0.0154
vn 0.1069 0.9941 -0.0161
vn 0.0554 0.9970 -0.0543
vn 0.0829 0.9961 -0.0292
vn 0.0589 0.9967 -0.0559
vn 0.0570 0.9968 -0.0558
vn 0.0843 0.9960 -0.0312
vn 0.0835 0.9961 -0.0297
vn 0.0879 0.9956 -0.0321
vn 0.0177 0.9939 -0.1087
vn 0.0145 0.9937 -0.1109
vn 0.0179 0.9936 -0.1114
vn 0.0144 0.9935 -0.1129
vn -0.9462 -0.0076 0.3235
vn -0.9448 -0.0022 0.3278
vn -0.9448 -0.0068 0.3277
vn -0.9439 -0.0023 0.3302
vn -0.9444 -0.0006 0.3289
vn -0.9390 -0.0065 0.3438
vn -0.9443 -0.0009 0.3292
vn -0.9389 -0.0007 0.3443
vn -0.9381 -0.0081 0.3462
vn -0.9398 -0.0002 0.3418
vn -0.9386 -0.0000 0.3451
vn -0.9398 -0.0000 0.3418
vn -0.8987 0.0009 0.4387
vn -0.8984 -0.0001 0.4392
vn -0.9024 -0.0006 0.4310
vn -0.9012 -0.0019 0.4333
vn -0.9105 0.0005 0.4134
vn -1.0000 -0.0085 -0.0022
vn -0.9090 -0.0009 0.4168
vn -0.9107 0.0028 0.4130
vn -0.9095 0.0022 0.4156
vn -1.0000 -0.0078 -0.0024
vn -0.8988 -0.0028 -0.4384
vn -1.0000 -0.0066 -0.0018
vn -1.0000 -0.0060 -0.0011
vn -0.9017 -0.0023 -0.4324
vn -0.8990 -0.0007 -0.4378
vn -0.9026 -0.0003 -0.4304
vn -0.9093 0.0006 -0.4161
vn -0.9097 0.0029 -0.4153
vn -0.9104 0.0012 -0.4138
vn -0.9104 0.0028 -0.4137
vn -0.0692 -0.9946 0.0779
vn -0.0686 -0.9945 0.0797
vn -0.0698 -0.9946 0.0772
vn -0.0691 -0.9945 0.0789
vn -0.0750 -0.9958 -0.0526
vn -0.0679 -0.9977 -0.0002
vn -0.0722 -0.9962 -0.0477
vn -0.0769 -0.9953 -0.0586
vn -0.0741 -0.9958 -0.0530
vn -0.0675 -0.9977 -0.0007
vn -0.0684 -0.9945 -0.0794
vn -0.0682 -0.9977 -0.0033
vn -0.0683 -0.9977 -0.0011
vn -0.0675 -0.9947 -0.0772
vn -0.0690 -0.9947 -0.0762
vn -0.0695 -0.9947 -0.0757
vn -0.0750 -0.9958 0.0519
vn -0.0771 -0.9952 0.0596
vn -0.0761 -0.9956 0.0546
vn -0.0777 -0.9952 0.0599
vn 0.0585 0.9979 -0.0287
vn 0.0588 0.9979 -0.0287
vn 0.0636 0.9975 -0.0310
vn 0.0624 0.9976 -0.0302
vn 0.0704 0.9963 0.0486
vn 0.0561 0.9984 0.0001
vn 0.0682 0.9966 0.0459
vn 0.0710 0.9960 0.0538
vn 0.0689 0.9964 0.0500
vn 0.0591 0.9983 0.0003
vn 0.0578 0.9979 0.0283
vn 0.0653 0.9979 0.0021
vn 0.0650 0.9979 0.0007
vn 0.0612 0.9977 0.0292
vn 0.0584 0.9979 0.0285
vn 0.0634 0.9975 0.0304
vn 0.0699 0.9964 -0.0479
vn 0.0709 0.9960 -0.0544
vn 0.0709 0.9963 -0.0486
vn 0.0719 0.9959 -0.0554
vn 0.8970 -0.0000 0.4420
vn 0.8979 -0.0000 0.4401
vn 0.8961 -0.0000 0.4438
vn 0.8979 -0.0000 -0.4402
vn 0.4121 -0.1135 -0.9040
vn 0.3309 -0.0003 -0.9437
vn 0.3249 -0.0004 -0.9457
vn 0.3236 -0.0000 -0.9462
vn -0.4393 -0.0006 -0.8983
vn -0.4364 -0.0012 -0.8997
vn -0.4229 -0.0030 -0.9062
vn -0.2573 -0.1471 -0.9551
vn -0.0737 -0.2918 -0.9536
vn -0.0687 -0.2889 -0.9549
vn -0.0485 -0.0174 -0.9987
vn -0.0440 -0.0097 -0.9990
vn -0.0482 -0.0076 -0.9988
vn -0.0402 -0.0015 -0.9992
vn -0.9450 -0.0007 -0.3272
vn -0.9455 -0.0011 -0.3257
vn -0.9437 -0.0007 -0.3307
vn -0.9443 -0.0017 -0.3292
vn -0.9451 -0.0054 -0.3266
vn -0.9385 -0.0013 -0.3454
vn -0.9437 -0.0057 -0.3308
vn -0.9388 -0.0028 -0.3444
vn -0.9384 -0.0016 -0.3455
vn -0.9381 -0.0077 -0.3462
vn -0.9383 -0.0022 -0.3457
vn -0.9377 -0.0075 -0.3473
vn -0.0990 -0.9951 0.0026
vn -0.1075 -0.9942 0.0067
vn -0.1092 -0.9940 0.0084
vn -0.1085 -0.9941 0.0079
vn -0.0136 -0.9960 -0.0885
vn -0.0445 -0.9980 -0.0454
vn -0.0137 -0.9965 -0.0820
vn -0.0120 -0.9961 -0.0874
vn -0.0124 -0.9962 -0.0859
vn -0.0440 -0.9979 -0.0467
vn 0.0057 -0.9944 -0.1059
vn -0.0442 -0.9980 -0.0461
vn -0.0444 -0.9980 -0.0449
vn 0.0072 -0.9947 -0.1026
vn 0.0059 -0.9944 -0.1055
vn 0.0088 -0.9943 -0.1063
vn -0.0867 -0.9962 -0.0131
vn -0.0864 -0.9962 -0.0112
vn -0.0899 -0.9959 -0.0133
vn -0.0876 -0.9961 -0.0115
vn 0.9454 -0.0000 0.3258
vn 0.9445 -0.0000 0.3286
vn 0.9445 -0.0000 0.3285
vn 0.7073 -0.0000 0.7069
vn 0.9455 -0.0000 0.3257
vn 0.9445 -0.0000 0.3284
vn 0.3227 -0.0000 0.9465
vn 0.3228 -0.0000 0.9465
vn 0.3220 -0.0000 0.9467
vn 0.3222 -0.0000 0.9467
vn 0.3229 -0.0000 0.9464
vn 0.3224 -0.0000 0.9466
vn 0.0908 0.9954 0.0315
vn 0.0913 0.9953 0.0319
vn 0.0909 0.9953 0.0331
vn 0.0900 0.9954 0.0327
vn 0.0182 0.9938 0.1096
vn 0.0563 0.9968 0.0570
vn 0.0177 0.9944 0.1041
vn 0.0152 0.9939 0.1096
vn 0.0157 0.9941 0.1072
vn 0.0567 0.9967 0.0583
vn 0.0316 0.9955 0.0892
vn 0.0554 0.9968 0.0580
vn 0.0552 0.9969 0.0560
vn 0.0326 0.9956 0.0874
vn 0.0318 0.9954 0.0908
vn 0.0331 0.9954 0.0901
vn 0.1087 0.9939 0.0166
vn 0.1097 0.9939 0.0142
vn 0.1124 0.9935 0.0166
vn 0.1129 0.9935 0.0138
vn -0.3240 -0.0082 -0.9460
vn -0.3240 -0.0029 -0.9460
vn -0.3275 -0.0072 -0.9448
vn -0.3304 -0.0024 -0.9438
vn -0.3228 -0.0009 -0.9465
vn -0.3430 -0.0070 -0.9393
vn -0.3311 -0.0002 -0.9436
vn -0.3468 -0.0012 -0.9379
vn -0.3458 -0.0078 -0.9383
vn -0.3476 -0.0002 -0.9376
vn -0.3483 -0.0000 -0.9374
vn -0.3478 -0.0000 -0.9376
vn 0.0172 0.9996 0.0229
vn 0.0426 0.9974 0.0579
vn 0.0174 0.9996 0.0227
vn 0.0351 0.9983 0.0470
vn -0.0000 0.9998 0.0220
vn -0.0312 0.9974 0.0652
vn -0.0005 0.9994 0.0352
vn -0.0172 0.9996 0.0225
vn -0.0299 0.9975 0.0636
vn -0.0301 0.9976 0.0621
vn -0.0297 0.9976 0.0618
vn -0.0006 0.9981 0.0612
vn -0.0002 0.9983 0.0590
vn -0.0321 0.9985 0.0445
vn -0.0174 0.9996 0.0227
vn -0.0415 0.9975 0.0572
vn 0.0309 0.9974 0.0645
vn 0.0304 0.9976 0.0620
vn 0.0317 0.9974 0.0655
vn 0.0308 0.9976 0.0622
vn -0.0474 -0.9970 -0.0616
vn -0.0181 -0.9996 -0.0229
vn -0.0176 -0.9996 -0.0228
vn -0.0374 -0.9981 -0.0492
vn -0.0000 -0.9998 -0.0223
vn 0.0719 -0.9949 -0.0703
vn 0.0006 -0.9993 -0.0362
vn 0.0177 -0.9996 -0.0228
vn 0.0748 -0.9949 -0.0681
vn 0.0730 -0.9949 -0.0689
vn 0.0773 -0.9947 -0.0677
vn 0.0013 -0.9979 -0.0643
vn 0.0006 -0.9981 -0.0624
vn 0.0333 -0.9984 -0.0455
vn 0.0182 -0.9996 -0.0229
vn 0.0467 -0.9971 -0.0607
vn -0.0765 -0.9946 -0.0696
vn -0.0784 -0.9945 -0.0688
vn -0.0729 -0.9948 -0.0706
vn -0.0730 -0.9949 -0.0693
vn -0.4376 -0.0000 0.8992
vn -0.4374 -0.0000 0.8993
vn -0.4394 -0.0000 0.8983
vn -0.4393 -0.0000 0.8983
vn -0.4412 -0.0000 0.8974
vn -0.4376 -0.0000 0.8991
vn -0.4379 -0.0000 0.8990
vn -0.4396 -0.0000 0.8982
vn 0.4404 -0.0000 0.8978
vn 0.4403 -0.0000 0.8978
vn 0.4416 -0.0000 0.8972
vn 0.4418 -0.0000 0.8971
vn 0.4430 -0.0000 0.8965
vn 0.4433 -0.0000 0.8964
vn 0.4417 -0.0000 0.8972
vn 0.4431 -0.0000 0.8965
vn 0.4432 -0.0000 0.8964
vn 0.9075 0.0001 0.4200
vn 0.9092 0.0021 0.4164
vn 0.9091 0.0007 0.4166
vn 0.9079 -0.0008 0.4191
vn 0.9083 -0.0071 0.4183
vn 0.9032 -0.0000 0.4293
vn 0.9071 -0.0062 0.4209
vn 0.9022 -0.0021 0.4314
vn 0.8993 -0.0007 0.4374
vn 0.8996 -0.0074 0.4367
vn 0.8990 -0.0027 0.4379
vn 0.8976 -0.0092 0.4407
vn 0.9084 -0.0081 -0.4181
vn 0.9091 -0.0089 -0.4166
vn 0.9084 -0.0009 -0.4181
vn 0.9070 -0.0019 -0.4211
vn 0.9081 0.0006 -0.4188
vn 0.9017 -0.0064 -0.4322
vn 0.9065 0.0002 -0.4221
vn 0.8993 -0.0019 -0.4372
vn 0.8996 -0.0057 -0.4367
vn 0.8983 -0.0005 -0.4395
vn 0.8965 -0.0001 -0.4431
vn 0.8944 0.0009 -0.4473
vn -0.8981 -0.0000 -0.4398
vn -0.8980 -0.0000 -0.4400
vn -1.0000 -0.0000 -0.0001
vn -0.8970 -0.0000 0.4419
vn -0.8981 -0.0000 -0.4399
vn -0.8980 -0.0000 -0.4401
vn -0.8971 -0.0000 0.4419
vn -0.8962 -0.0000 0.4437
vn -0.8970 -0.0000 0.4420
vn -0.8961 -0.0000 0.4438
vn 0.0703 -0.9945 -0.0778
vn 0.0700 -0.9943 -0.0804
vn 0.0702 -0.9945 -0.0773
vn 0.0695 -0.9945 -0.0784
vn 0.0764 -0.9956 0.0550
vn 0.0638 -0.9980 0.0004
vn 0.0744 -0.9959 0.0515
vn 0.0811 -0.9948 0.0614
vn 0.0793 -0.9952 0.0574
vn 0.0648 -0.9979 0.0010
vn 0.0692 -0.9944 0.0793
vn 0.0679 -0.9977 0.0029
vn 0.0682 -0.9977 0.0011
vn 0.0681 -0.9946 0.0779
vn 0.0699 -0.9944 0.0799
vn 0.0696 -0.9944 0.0798
vn 0.0771 -0.9955 -0.0555
vn 0.0810 -0.9948 -0.0624
vn 0.0773 -0.9954 -0.0572
vn 0.0821 -0.9946 -0.0636
vn -0.0636 0.9975 0.0312
vn -0.0640 0.9974 0.0316
vn -0.0656 0.9973 0.0317
vn -0.0649 0.9974 0.0311
vn -0.0706 0.9962 -0.0509
vn -0.0610 0.9981 -0.0002
vn -0.0684 0.9965 -0.0489
vn -0.0713 0.9959 -0.0552
vn -0.0700 0.9962 -0.0524
vn -0.0622 0.9981 -0.0005
vn -0.0633 0.9975 -0.0306
vn -0.0648 0.9979 -0.0016
vn -0.0645 0.9979 -0.0006
vn -0.0640 0.9975 -0.0300
vn -0.0637 0.9975 -0.0309
vn -0.0654 0.9974 -0.0307
vn -0.0703 0.9962 0.0509
vn -0.0712 0.9959 0.0549
vn -0.0712 0.9962 0.0512
vn -0.0726 0.9957 0.0567
vn 0.0127 -0.9957 -0.0915
vn 0.0113 -0.9957 -0.0915
vn 0.0115 -0.9959 -0.0898
vn 0.0131 -0.9960 -0.0887
vn 0.0393 -0.9985 -0.0383
vn 0.1018 -0.9948 0.0015
vn 0.0421 -0.9983 -0.0399
vn 0.0869 -0.9961 -0.0129
vn 0.1013 -0.9948 0.0047
vn 0.1026 -0.9947 0.0015
vn 0.1061 -0.9943 0.0055
vn 0.0473 -0.9978 -0.0459
vn 0.0473 -0.9978 -0.0460
vn 0.0828 -0.9965 -0.0141
vn 0.0896 -0.9959 -0.0120
vn 0.0897 -0.9959 -0.0135
vn -0.0069 -0.9942 -0.1074
vn -0.0072 -0.9941 -0.1083
vn -0.0064 -0.9942 -0.1076
vn -0.0064 -0.9942 -0.1075
vn -0.0141 0.9946 0.1028
vn -0.0155 0.9936 0.1115
vn -0.0135 0.9945 0.1035
vn -0.0152 0.9941 0.1076
vn -0.0517 0.9974 0.0510
vn -0.0884 0.9956 0.0314
vn -0.0546 0.9971 0.0532
vn -0.1019 0.9947 0.0142
vn -0.0845 0.9959 0.0308
vn -0.0836 0.9961 0.0293
vn -0.0831 0.9961 0.0291
vn -0.0551 0.9970 0.0541
vn -0.0522 0.9973 0.0517
vn -0.1021 0.9946 0.0160
vn -0.1037 0.9945 0.0140
vn -0.1099 0.9938 0.0162
vn -0.0308 0.9957 0.0876
vn -0.0288 0.9960 0.0841
vn -0.0312 0.9955 0.0896
vn -0.0286 0.9959 0.0855
vn -0.9444 -0.0000 0.3288
vn -0.9444 -0.0000 0.3289
vn -0.9454 -0.0000 0.3259
vn -0.9454 -0.0000 0.3260
vn -0.9464 -0.0000 0.3230
vn -0.9443 -0.0000 0.3289
vn -0.9464 -0.0000 0.3229
vn -0.9443 -0.0000 0.3290
vn -0.3240 -0.0000 0.9460
vn -0.3240 -0.0000 0.9461
vn -0.3201 -0.0000 0.9474
vn -0.3162 -0.0000 0.9487
vn -0.3161 -0.0000 0.9487
vn -0.3200 -0.0000 0.9474
vn -0.3160 -0.0000 0.9487
vn -0.4989 0.7086 0.4989
vn -0.1758 0.9693 0.1719
vn -0.4996 0.7072 0.5002
vn -0.1722 0.9692 0.1759
vn -0.0001 1.0000 0.0028
vn -0.0013 0.9650 -0.2623
vn 0.1722 0.9693 0.1757
vn -0.0001 1.0000 -0.0028
vn -0.1756 0.9693 -0.1719
vn -0.1722 0.9693 -0.1757
vn -0.4987 0.7085 -0.4993
vn -0.5000 0.7070 -0.5000
vn -0.0013 0.9650 0.2623
vn 0.1722 0.9692 -0.1759
vn -0.0043 1.0000 -0.0061
vn -0.0043 1.0000 0.0061
vn 0.2621 0.9650 -0.0014
vn 0.2621 0.9650 0.0014
vn 0.7049 0.7094 -0.0000
vn 0.7048 0.7094 -0.0000
vn 0.0013 0.9650 0.2624
vn -0.0000 0.7093 0.7049
vn -0.0000 0.7094 0.7048
vn 0.0001 1.0000 -0.0028
vn 0.1758 0.9693 -0.1719
vn 0.4996 0.7072 -0.5002
vn 0.4989 0.7086 -0.4989
vn 0.0043 1.0000 -0.0061
vn -0.2611 0.9653 -0.0014
vn 0.0001 1.0000 0.0028
vn 0.1756 0.9693 0.1719
vn 0.0043 1.0000 0.0061
vn -0.2611 0.9653 0.0014
vn -0.7026 0.7116 -0.0000
vn 0.0013 0.9650 -0.2624
vn 0.4987 0.7085 0.4993
vn 0.5000 0.7070 0.5000
vn -0.0000 0.7094 -0.7048
vn -0.0000 0.3825 0.9239
vn -0.0000 0.3825 0.9240
vn -0.0000 0.2322 0.9727
vn -0.2210 0.1763 0.9592
vn -0.7071 -0.0000 0.7071
vn -0.0000 0.3825 -0.9240
vn -0.0000 0.3825 -0.9239
vn -0.0000 0.2322 -0.9727
vn 0.2209 0.1763 -0.9592
vn 0.7072 -0.0000 -0.7071
vn 0.0057 -1.0000 -0.0015
vn 0.0057 -1.0000 0.0015
vn 0.0082 -0.9999 0.0058
vn 0.0017 -1.0000 0.0065
vn 0.0082 -0.9999 -0.0058
vn 0.0017 -1.0000 -0.0065
vn 0.0071 -1.0000 0.0032
vn 0.0071 -1.0000 -0.0032
vn 0.0004 -1.0000 0.0045
vn -0.0017 -1.0000 0.0065
vn 0.0041 -1.0000 0.0005
vn 0.0041 -1.0000 -0.0005
vn 0.0004 -1.0000 -0.0045
vn -0.0017 -1.0000 -0.0065
vn -0.0004 -1.0000 0.0045
vn -0.0004 -1.0000 -0.0045
vn -0.0071 -1.0000 0.0032
vn -0.0041 -1.0000 0.0005
vn -0.0041 -1.0000 -0.0005
vn -0.0071 -1.0000 -0.0032
vn -0.0082 -0.9999 0.0058
vn -0.0058 -1.0000 0.0015
vn -0.0082 -0.9999 -0.0058
vn -0.0058 -1.0000 -0.0015
vn -0.0646 0.9857 0.1559
vn -0.0000 0.9857 0.1686
vn -0.0645 0.9857 0.1559
vn -0.1192 0.9857 0.1191
vn 0.0647 0.9856 0.1560
vn 0.0646 0.9856 0.1562
vn -0.1192 0.9857 0.1192
vn -0.1559 0.9857 0.0646
vn 0.1195 0.9856 0.1194
vn 0.1196 0.9856 0.1195
vn -0.1559 0.9857 0.0645
vn -0.1686 0.9857 -0.0000
vn 0.1555 0.9857 0.0644
vn 0.1552 0.9858 0.0643
vn -0.1559 0.9857 -0.0646
vn 0.1686 0.9857 -0.0000
vn 0.1685 0.9857 -0.0000
vn -0.1559 0.9857 -0.0645
vn -0.1192 0.9857 -0.1191
vn 0.1555 0.9857 -0.0644
vn 0.1552 0.9858 -0.0642
vn -0.1192 0.9857 -0.1193
vn -0.0646 0.9857 -0.1559
vn 0.1194 0.9856 -0.1194
vn 0.1196 0.9856 -0.1196
vn -0.0645 0.9857 -0.1559
vn -0.0000 0.9857 -0.1686
vn 0.0646 0.9856 -0.1560
vn 0.0646 0.9856 -0.1562
vn 0.0497 0.9986 -0.0206
vn 0.0381 0.9986 -0.0381
vn 0.0206 0.9986 -0.0496
vn -0.0000 0.9986 -0.0538
vn -0.0206 0.9986 -0.0497
vn -0.0381 0.9985 -0.0381
vn 0.0538 0.9986 -0.0000
vn -0.0497 0.9985 -0.0206
vn 0.0497 0.9986 0.0206
vn -0.0539 0.9985 -0.0000
vn 0.0381 0.9986 0.0381
vn -0.0497 0.9986 0.0206
vn 0.0205 0.9986 0.0496
vn -0.0381 0.9985 0.0381
vn -0.0000 0.9985 0.0539
vn -0.0206 0.9986 0.0496
vn -0.0878 0.9955 -0.0364
vn -0.0672 0.9955 -0.0672
vn -0.0363 0.9955 -0.0876
vn -0.0000 0.9955 -0.0950
vn 0.0363 0.9955 -0.0877
vn 0.0671 0.9955 -0.0670
vn -0.0950 0.9955 -0.0000
vn 0.0876 0.9955 -0.0363
vn -0.0878 0.9955 0.0364
vn 0.0950 0.9955 -0.0000
vn -0.0672 0.9955 0.0672
vn 0.0877 0.9955 0.0363
vn -0.0363 0.9955 0.0877
vn 0.0671 0.9955 0.0670
vn -0.0000 0.9955 0.0950
vn 0.0363 0.9955 0.0876
vn -0.0677 0.9954 0.0677
vn -0.0885 0.9954 0.0366
vn -0.0365 0.9954 0.0881
vn -0.0000 0.9954 0.0956
vn -0.0956 0.9954 -0.0001
vn 0.0365 0.9954 0.0880
vn 0.0674 0.9954 0.0674
vn -0.0885 0.9954 -0.0366
vn 0.0881 0.9954 0.0365
vn -0.0677 0.9954 -0.0676
vn 0.0956 0.9954 -0.0000
vn -0.0364 0.9954 -0.0881
vn 0.0881 0.9954 -0.0364
vn -0.0000 0.9954 -0.0956
vn 0.0674 0.9954 -0.0674
vn 0.0365 0.9954 -0.0881
vn -0.1183 0.9859 0.1181
vn -0.1541 0.9860 0.0637
vn -0.2718 0.9557 0.1125
vn -0.2085 0.9555 0.2086
vn -0.2953 0.9554 0.0002
vn -0.1676 0.9859 0.0001
vn -0.2717 0.9557 -0.1127
vn -0.1541 0.9860 -0.0638
vn -0.2083 0.9556 -0.2085
vn -0.1183 0.9859 -0.1182
vn -0.1133 0.9553 -0.2732
vn -0.0641 0.9858 0.1551
vn -0.1130 0.9553 0.2733
vn -0.0643 0.9858 -0.1550
vn 0.0001 0.9557 -0.2943
vn 0.0001 0.9860 -0.1667
vn 0.1129 0.9554 -0.2728
vn -0.0001 0.9860 0.1667
vn -0.0002 0.9557 0.2942
vn 0.0639 0.9859 -0.1548
vn 0.2080 0.9558 -0.2078
vn 0.0641 0.9859 0.1548
vn 0.1132 0.9554 0.2727
vn 0.1179 0.9860 0.1179
vn 0.2078 0.9558 0.2078
vn 0.1179 0.9860 -0.1178
vn 0.2717 0.9558 -0.1126
vn 0.1540 0.9860 0.0638
vn 0.2716 0.9558 0.1126
vn 0.1540 0.9860 -0.0637
vn 0.2941 0.9558 -0.0000
vn 0.1668 0.9860 -0.0000
vt 0.510548 0.809952
vt 0.510427 0.824714
vt 0.507761 0.809466
vt 0.507639 0.824449
vt 0.495687 0.807359
vt 0.510361 0.842125
vt 0.495556 0.823299
vt 0.493210 0.806927
vt 0.493078 0.823063
vt 0.507572 0.842120
vt 0.510361 0.859532
vt 0.495486 0.842098
vt 0.493006 0.842093
vt 0.507572 0.859788
vt 0.510427 0.874287
vt 0.495486 0.860894
vt 0.493006 0.861121
vt 0.507639 0.874763
vt 0.510548 0.884143
vt 0.507761 0.884766
vt 0.495556 0.876825
vt 0.493078 0.877248
vt 0.495687 0.887467
vt 0.493210 0.888021
vt 0.017530 0.818426
vt 0.017409 0.832387
vt 0.014741 0.817912
vt 0.014619 0.832083
vt 0.002658 0.815686
vt 0.017366 0.849481
vt 0.002527 0.830761
vt 0.000179 0.815229
vt 0.000046 0.830490
vt 0.014575 0.849432
vt 0.017409 0.867104
vt 0.002481 0.849218
vt 0.000000 0.849174
vt 0.014619 0.867318
vt 0.017530 0.882573
vt 0.014741 0.883018
vt 0.002527 0.868246
vt 0.000046 0.868436
vt 0.002658 0.884949
vt 0.000179 0.885345
vt 0.035162 0.818754
vt 0.034983 0.830867
vt 0.032371 0.818188
vt 0.032189 0.830481
vt 0.020276 0.815733
vt 0.034920 0.847023
vt 0.020082 0.828811
vt 0.017795 0.815229
vt 0.017599 0.828469
vt 0.032125 0.846879
vt 0.034983 0.864762
vt 0.020014 0.846256
vt 0.017530 0.846128
vt 0.032189 0.864884
vt 0.035162 0.881385
vt 0.032371 0.881755
vt 0.020082 0.865410
vt 0.017599 0.865518
vt 0.020276 0.883358
vt 0.017795 0.883687
vt 0.748037 0.547914
vt 0.748121 0.532447
vt 0.750827 0.548353
vt 0.750912 0.532655
vt 0.762915 0.550254
vt 0.748121 0.514825
vt 0.763006 0.533554
vt 0.765395 0.550644
vt 0.765486 0.533738
vt 0.750912 0.514769
vt 0.748037 0.497730
vt 0.750827 0.497419
vt 0.763006 0.514526
vt 0.765486 0.514477
vt 0.762915 0.496068
vt 0.765395 0.495791
vt 0.075807 0.807805
vt 0.058020 0.815229
vt 0.038768 0.815229
vt 0.020981 0.807805
vt 0.089420 0.794086
vt 0.007368 0.794086
vt 0.096787 0.776161
vt 0.000000 0.776161
vt 0.096787 0.756759
vt 0.000000 0.756759
vt 0.089420 0.738835
vt 0.075807 0.725116
vt 0.007367 0.738835
vt 0.058020 0.717691
vt 0.020981 0.725116
vt 0.038768 0.717691
vt 0.743031 0.812693
vt 0.729750 0.818237
vt 0.715375 0.818237
vt 0.702093 0.812693
vt 0.753196 0.802449
vt 0.691928 0.802449
vt 0.758698 0.789065
vt 0.686427 0.789065
vt 0.758698 0.774578
vt 0.753196 0.761194
vt 0.686427 0.774578
vt 0.691928 0.761194
vt 0.743031 0.750950
vt 0.702093 0.750950
vt 0.729750 0.745406
vt 0.715375 0.745406
vt 0.062070 0.815229
vt 0.074682 0.815253
vt 0.062169 0.823273
vt 0.074780 0.823297
vt 0.062222 0.835316
vt 0.074834 0.835340
vt 0.062222 0.849523
vt 0.074834 0.849547
vt 0.062169 0.863733
vt 0.074780 0.863757
vt 0.062070 0.875781
vt 0.074682 0.875806
vt 0.869560 0.546908
vt 0.856951 0.546961
vt 0.869414 0.533342
vt 0.856804 0.533395
vt 0.869363 0.518863
vt 0.856753 0.518916
vt 0.869414 0.505677
vt 0.856804 0.505731
vt 0.869560 0.495791
vt 0.856951 0.495845
vt 0.844043 0.507199
vt 0.844142 0.495803
vt 0.856753 0.495791
vt 0.856654 0.507186
vt 0.844008 0.521150
vt 0.856619 0.521137
vt 0.844043 0.535533
vt 0.856654 0.535521
vt 0.844142 0.548158
vt 0.856753 0.548146
vt 0.599009 0.858160
vt 0.599077 0.845536
vt 0.611688 0.845518
vt 0.611620 0.858141
vt 0.599009 0.872543
vt 0.611620 0.872524
vt 0.599077 0.886495
vt 0.611688 0.886476
vt 0.322689 0.485501
vt 0.368519 0.485501
vt 0.410860 0.503175
vt 0.443267 0.535833
vt 0.280348 0.503175
vt 0.460805 0.578503
vt 0.247941 0.535833
vt 0.460805 0.624689
vt 0.230403 0.578503
vt 0.443267 0.667358
vt 0.230403 0.624689
vt 0.247941 0.667358
vt 0.410860 0.700016
vt 0.368519 0.717691
vt 0.280348 0.700016
vt 0.322689 0.717691
vt 0.445788 0.843270
vt 0.446103 0.806942
vt 0.447730 0.806940
vt 0.447415 0.843268
vt 0.459218 0.806929
vt 0.445677 0.887746
vt 0.458903 0.843257
vt 0.461455 0.806927
vt 0.461140 0.843255
vt 0.447305 0.887745
vt 0.445788 0.933600
vt 0.458792 0.887734
vt 0.461030 0.887732
vt 0.447415 0.933599
vt 0.446103 0.973852
vt 0.447730 0.973850
vt 0.458903 0.933588
vt 0.461140 0.933586
vt 0.459218 0.973839
vt 0.461455 0.973837
vt 0.477436 0.847194
vt 0.477654 0.806950
vt 0.479281 0.806948
vt 0.479063 0.847192
vt 0.490769 0.806930
vt 0.477436 0.893047
vt 0.490551 0.847175
vt 0.493006 0.806927
vt 0.492788 0.847171
vt 0.479063 0.893045
vt 0.477654 0.937527
vt 0.479281 0.937525
vt 0.490551 0.893027
vt 0.492788 0.893024
vt 0.490769 0.937508
vt 0.493006 0.937504
vt 0.430010 0.845339
vt 0.430325 0.806927
vt 0.431952 0.806930
vt 0.431637 0.845342
vt 0.443440 0.806952
vt 0.429839 0.890640
vt 0.443125 0.845364
vt 0.445677 0.806956
vt 0.445363 0.845368
vt 0.431467 0.890643
vt 0.429839 0.935935
vt 0.442955 0.890665
vt 0.445192 0.890670
vt 0.431467 0.935938
vt 0.430010 0.974326
vt 0.442955 0.935960
vt 0.445192 0.935964
vt 0.431637 0.974330
vt 0.430325 0.999971
vt 0.431952 0.999974
vt 0.443125 0.974352
vt 0.445363 0.974356
vt 0.443440 0.999996
vt 0.445677 1.000000
vt 0.461619 0.838508
vt 0.462085 0.806992
vt 0.463712 0.806985
vt 0.463246 0.838502
vt 0.475199 0.806936
vt 0.461455 0.880546
vt 0.474733 0.838453
vt 0.477436 0.806927
vt 0.476970 0.838444
vt 0.463082 0.880539
vt 0.461619 0.926704
vt 0.474569 0.880490
vt 0.476806 0.880481
vt 0.463246 0.926697
vt 0.462085 0.969955
vt 0.463712 0.969948
vt 0.474733 0.926648
vt 0.476970 0.926639
vt 0.475199 0.969900
vt 0.477436 0.969890
vt 0.908021 0.975204
vt 0.899080 0.975189
vt 0.899019 0.948651
vt 0.907960 0.948667
vt 0.911110 0.550864
vt 0.902169 0.550848
vt 0.911066 0.951769
vt 0.911110 0.971142
vt 0.975806 0.855504
vt 0.975624 0.827948
vt 0.984746 0.855470
vt 0.984564 0.827914
vt 0.987693 0.831370
vt 0.987826 0.851487
vt 0.987826 0.465803
vt 0.978885 0.465836
vt 0.963573 0.465739
vt 0.963525 0.446003
vt 0.972514 0.465803
vt 0.972466 0.446067
vt 0.975569 0.447649
vt 0.975604 0.462057
vt 0.975604 0.000064
vt 0.966664 0.000000
vt 0.972535 0.914596
vt 0.963594 0.914565
vt 0.963525 0.889657
vt 0.972466 0.889689
vt 0.975624 0.465834
vt 0.966683 0.465803
vt 0.975573 0.892356
vt 0.975624 0.910540
vt 0.945038 0.961268
vt 0.944860 0.941533
vt 0.946372 0.961269
vt 0.946194 0.941533
vt 0.951517 0.961271
vt 0.951339 0.941536
vt 0.953676 0.961272
vt 0.953499 0.941537
vt 0.953676 0.554622
vt 0.951517 0.554621
vt 0.946372 0.554618
vt 0.945038 0.554618
vt 0.941738 0.945301
vt 0.941919 0.550848
vt 0.991363 0.811433
vt 0.990968 0.783880
vt 0.992697 0.811418
vt 0.992301 0.783865
vt 0.997841 0.811358
vt 0.997445 0.783805
vt 1.000000 0.811333
vt 0.999605 0.783780
vt 1.000000 0.469637
vt 0.997841 0.469662
vt 0.992697 0.469722
vt 0.991363 0.469738
vt 0.987826 0.786065
vt 0.988229 0.465803
vt 0.095980 0.903982
vt 0.089932 0.904040
vt 0.095980 0.892911
vt 0.089947 0.894509
vt 0.095980 0.861284
vt 0.089988 0.867281
vt 0.095980 0.856636
vt 0.089994 0.863280
vt 0.333640 0.894684
vt 0.327525 0.894622
vt 0.334064 0.886283
vt 0.327949 0.886229
vt 0.334125 0.885055
vt 0.328011 0.885002
vt 0.334125 0.882206
vt 0.327997 0.882266
vt 0.334125 0.724379
vt 0.327231 0.730744
vt 0.334125 0.720371
vt 0.327212 0.726897
vt 0.329520 0.720108
vt 0.323247 0.726670
vt 0.298185 0.718318
vt 0.296270 0.725130
vt 0.287215 0.717691
vt 0.286826 0.724591
vt 0.592852 0.845518
vt 0.599009 0.848562
vt 0.591712 0.847859
vt 0.598058 0.850515
vt 0.583911 0.863879
vt 0.591550 0.863879
vt 0.591649 0.879772
vt 0.598006 0.877136
vt 0.592852 0.882241
vt 0.599009 0.879196
vt 0.960467 0.718535
vt 0.953676 0.713933
vt 0.960467 0.714455
vt 0.953693 0.709967
vt 0.960467 0.553750
vt 0.954344 0.553774
vt 0.960467 0.550848
vt 0.954355 0.550954
vt 0.503104 0.497041
vt 0.496994 0.496833
vt 0.503104 0.495607
vt 0.496994 0.495401
vt 0.503104 0.486374
vt 0.496994 0.486182
vt 0.190889 0.902905
vt 0.184774 0.902869
vt 0.191246 0.895290
vt 0.185131 0.895258
vt 0.191302 0.894083
vt 0.185187 0.894053
vt 0.191302 0.888059
vt 0.185160 0.888255
vt 0.191302 0.722616
vt 0.184421 0.729018
vt 0.191302 0.720318
vt 0.184411 0.726805
vt 0.187946 0.720130
vt 0.181522 0.726642
vt 0.155143 0.718293
vt 0.153282 0.725048
vt 0.144389 0.717691
vt 0.144024 0.724526
vt 0.878501 0.495791
vt 0.884659 0.498836
vt 0.877279 0.498303
vt 0.883638 0.500931
vt 0.869560 0.514153
vt 0.877200 0.514153
vt 0.877309 0.530066
vt 0.883664 0.527427
vt 0.878501 0.532514
vt 0.884659 0.529469
vt 0.521433 0.494670
vt 0.515324 0.494605
vt 0.521433 0.493544
vt 0.515324 0.493482
vt 0.521433 0.486227
vt 0.515323 0.486182
vt 0.191627 0.900025
vt 0.191302 0.893827
vt 0.202276 0.899408
vt 0.200470 0.893283
vt 0.235082 0.897508
vt 0.228711 0.891606
vt 0.238537 0.897308
vt 0.231685 0.891430
vt 0.238537 0.891802
vt 0.231707 0.886106
vt 0.238537 0.722374
vt 0.232403 0.722252
vt 0.238537 0.717691
vt 0.232422 0.717723
vt 0.554946 0.715323
vt 0.548832 0.715239
vt 0.555362 0.707066
vt 0.549248 0.706991
vt 0.555461 0.705106
vt 0.549346 0.705033
vt 0.555461 0.701154
vt 0.549325 0.701250
vt 0.555461 0.558146
vt 0.548563 0.564360
vt 0.555461 0.553500
vt 0.548538 0.559912
vt 0.552006 0.553304
vt 0.545564 0.559746
vt 0.519201 0.551450
vt 0.517321 0.558165
vt 0.508553 0.550848
vt 0.508154 0.557652
vt 0.712133 0.859639
vt 0.718290 0.862684
vt 0.710418 0.863162
vt 0.716860 0.865622
vt 0.703192 0.878001
vt 0.710832 0.878001
vt 0.710681 0.893380
vt 0.717079 0.890830
vt 0.712133 0.896362
vt 0.718290 0.893318
vt 0.515323 0.496366
vt 0.509214 0.496220
vt 0.515323 0.494733
vt 0.509214 0.494590
vt 0.515323 0.486309
vt 0.509214 0.486182
vt 0.601651 0.503342
vt 0.607130 0.503291
vt 0.601651 0.513639
vt 0.607113 0.512155
vt 0.601651 0.547567
vt 0.608292 0.503310
vt 0.607056 0.541365
vt 0.601651 0.550692
vt 0.607050 0.544056
vt 0.608282 0.512190
vt 0.617313 0.503459
vt 0.608250 0.541453
vt 0.608247 0.544148
vt 0.617362 0.512463
vt 0.631737 0.503461
vt 0.617525 0.542132
vt 0.617540 0.544865
vt 0.631769 0.512347
vt 0.634242 0.503462
vt 0.634270 0.512326
vt 0.631873 0.541625
vt 0.631883 0.544322
vt 0.634365 0.541537
vt 0.634373 0.544228
vt 0.143602 0.906569
vt 0.137487 0.906532
vt 0.143855 0.901015
vt 0.137740 0.900978
vt 0.143899 0.900051
vt 0.137784 0.900014
vt 0.144024 0.896855
vt 0.137905 0.896853
vt 0.144021 0.724557
vt 0.137182 0.730292
vt 0.144024 0.720442
vt 0.137168 0.726313
vt 0.140928 0.720260
vt 0.134503 0.726152
vt 0.107317 0.718289
vt 0.105568 0.724414
vt 0.097116 0.717691
vt 0.096787 0.723886
vt 0.745768 0.859648
vt 0.751925 0.862693
vt 0.744445 0.862365
vt 0.750821 0.864959
vt 0.736827 0.878010
vt 0.744467 0.878010
vt 0.744748 0.894276
vt 0.751074 0.891579
vt 0.745768 0.896371
vt 0.751925 0.893327
vt 0.517244 0.947248
vt 0.510548 0.944455
vt 0.517241 0.944034
vt 0.510558 0.941311
vt 0.517244 0.809488
vt 0.511140 0.809762
vt 0.517112 0.806927
vt 0.511011 0.807220
vt 0.509214 0.496826
vt 0.503104 0.496648
vt 0.509214 0.495629
vt 0.503104 0.495454
vt 0.509214 0.486342
vt 0.503104 0.486182
vt 0.555987 0.710870
vt 0.555461 0.703979
vt 0.568063 0.709935
vt 0.565857 0.703175
vt 0.597783 0.707635
vt 0.591444 0.701195
vt 0.602835 0.707244
vt 0.595793 0.700859
vt 0.602835 0.701695
vt 0.595714 0.695570
vt 0.602835 0.570125
vt 0.593855 0.570151
vt 0.602835 0.565086
vt 0.593784 0.565348
vt 0.602744 0.563801
vt 0.593693 0.564064
vt 0.601833 0.550848
vt 0.592782 0.551123
vt 0.496994 0.500082
vt 0.487945 0.500247
vt 0.496994 0.488299
vt 0.487945 0.488488
vt 0.487945 0.486375
vt 0.728826 0.859648
vt 0.734983 0.862693
vt 0.727464 0.862445
vt 0.733847 0.865026
vt 0.719885 0.878010
vt 0.727525 0.878010
vt 0.728019 0.894714
vt 0.734310 0.891944
vt 0.728826 0.896371
vt 0.734983 0.893327
vt 0.429839 0.882378
vt 0.420792 0.882131
vt 0.429795 0.877171
vt 0.420826 0.877094
vt 0.428639 0.741222
vt 0.421717 0.745571
vt 0.428590 0.735488
vt 0.421755 0.740024
vt 0.423538 0.735103
vt 0.417406 0.739682
vt 0.428780 0.733323
vt 0.393816 0.732832
vt 0.391822 0.737668
vt 0.423729 0.732937
vt 0.429839 0.721270
vt 0.424788 0.720884
vt 0.394006 0.730667
vt 0.395065 0.718614
vt 0.381739 0.731909
vt 0.381426 0.736850
vt 0.381929 0.729744
vt 0.382988 0.717691
vt 0.461298 0.717691
vt 0.460805 0.710865
vt 0.471840 0.716900
vt 0.469881 0.710179
vt 0.503236 0.714543
vt 0.496909 0.708138
vt 0.508154 0.714174
vt 0.501143 0.707818
vt 0.508154 0.710031
vt 0.501086 0.703857
vt 0.508154 0.567333
vt 0.499148 0.567399
vt 0.508154 0.563895
vt 0.499101 0.564112
vt 0.508055 0.562397
vt 0.499003 0.562614
vt 0.507298 0.550848
vt 0.498246 0.551074
vt 0.469851 0.501177
vt 0.460805 0.501502
vt 0.469851 0.488244
vt 0.460805 0.488586
vt 0.469851 0.485501
vt 0.460805 0.485847
vt 0.695368 0.859643
vt 0.701525 0.862688
vt 0.693803 0.862857
vt 0.700220 0.865369
vt 0.686427 0.878005
vt 0.694067 0.878005
vt 0.694341 0.894257
vt 0.700669 0.891562
vt 0.695368 0.896366
vt 0.701525 0.893322
vt 0.613628 0.844698
vt 0.604590 0.844268
vt 0.613628 0.841567
vt 0.604641 0.841230
vt 0.613628 0.711585
vt 0.606738 0.715119
vt 0.613628 0.707812
vt 0.606799 0.711458
vt 0.758416 0.865610
vt 0.751967 0.859003
vt 0.758416 0.860641
vt 0.751963 0.854725
vt 0.758416 0.828913
vt 0.751935 0.827410
vt 0.758416 0.818259
vt 0.751925 0.818237
vt 0.556087 0.845518
vt 0.555461 0.839008
vt 0.568315 0.844364
vt 0.565989 0.838027
vt 0.599820 0.841393
vt 0.593116 0.835497
vt 0.602869 0.841105
vt 0.595741 0.835252
vt 0.602869 0.838972
vt 0.595705 0.833237
vt 0.602869 0.730074
vt 0.593890 0.730369
vt 0.602869 0.726481
vt 0.593830 0.726975
vt 0.602615 0.723706
vt 0.593576 0.724204
vt 0.601438 0.710870
vt 0.592401 0.711384
vt 0.478898 0.501024
vt 0.469851 0.501260
vt 0.478898 0.487555
vt 0.469851 0.487814
vt 0.478898 0.485501
vt 0.469851 0.485763
vt 0.053114 0.862747
vt 0.059271 0.865792
vt 0.051931 0.865177
vt 0.058285 0.867819
vt 0.044173 0.881109
vt 0.051813 0.881109
vt 0.051525 0.896207
vt 0.057946 0.893704
vt 0.053114 0.899471
vt 0.059271 0.896426
vt 0.650042 0.707812
vt 0.640995 0.707547
vt 0.650042 0.703010
vt 0.641062 0.702916
vt 0.650042 0.557483
vt 0.643106 0.562553
vt 0.650042 0.554632
vt 0.643146 0.559803
vt 0.646990 0.554386
vt 0.640519 0.559586
vt 0.615452 0.551837
vt 0.613371 0.557341
vt 0.603211 0.550848
vt 0.602835 0.556469
vt 0.334571 0.887715
vt 0.334125 0.881115
vt 0.343948 0.887021
vt 0.342198 0.880510
vt 0.379038 0.884425
vt 0.372404 0.878247
vt 0.381426 0.884249
vt 0.374461 0.878093
vt 0.381426 0.882214
vt 0.374433 0.876141
vt 0.381426 0.731284
vt 0.372402 0.731394
vt 0.381426 0.729229
vt 0.372374 0.729423
vt 0.381364 0.728119
vt 0.372311 0.728313
vt 0.380777 0.717691
vt 0.371724 0.717889
vt 0.487945 0.501072
vt 0.478898 0.501260
vt 0.487945 0.487829
vt 0.478898 0.488041
vt 0.487945 0.486182
vt 0.478898 0.486398
vt 0.083775 0.856636
vt 0.089932 0.859681
vt 0.082786 0.858666
vt 0.089107 0.861375
vt 0.074834 0.874998
vt 0.082474 0.874998
vt 0.082914 0.891592
vt 0.089214 0.888840
vt 0.083775 0.893359
vt 0.089932 0.890314
vt 0.044173 0.921950
vt 0.035162 0.921173
vt 0.044173 0.920535
vt 0.035192 0.919789
vt 0.044173 0.816630
vt 0.037437 0.818159
vt 0.044173 0.815229
vt 0.037468 0.816789
vt 0.601651 0.550702
vt 0.596959 0.544056
vt 0.601651 0.548288
vt 0.596954 0.541978
vt 0.601651 0.512829
vt 0.595590 0.544143
vt 0.596883 0.511450
vt 0.601651 0.503352
vt 0.596865 0.503291
vt 0.595587 0.542061
vt 0.584582 0.544843
vt 0.595537 0.511480
vt 0.595523 0.503307
vt 0.584590 0.542733
vt 0.569454 0.544239
vt 0.584707 0.511725
vt 0.584738 0.503438
vt 0.569461 0.542157
vt 0.567843 0.544174
vt 0.567850 0.542096
vt 0.569560 0.511582
vt 0.569587 0.503411
vt 0.567948 0.511567
vt 0.567974 0.503408
vt 0.555461 0.845810
vt 0.557885 0.845763
vt 0.555525 0.855064
vt 0.557940 0.855040
vt 0.570388 0.845518
vt 0.555725 0.883572
vt 0.570388 0.854917
vt 0.558107 0.883621
vt 0.555746 0.886573
vt 0.570388 0.883874
vt 0.558124 0.886630
vt 0.570388 0.886923
vt 0.868410 0.558534
vt 0.870850 0.557285
vt 0.868836 0.563835
vt 0.871244 0.562656
vt 0.881950 0.726987
vt 0.883431 0.550848
vt 0.883376 0.727932
vt 0.882312 0.731496
vt 0.883712 0.732500
vt 0.883661 0.556575
vt 0.896029 0.556051
vt 0.890732 0.732807
vt 0.890927 0.737678
vt 0.896073 0.561448
vt 0.899019 0.557286
vt 0.899019 0.562605
vt 0.897430 0.727541
vt 0.897467 0.732132
vt 0.899019 0.726291
vt 0.899019 0.730815
vt 0.664892 0.503463
vt 0.666875 0.503496
vt 0.666875 0.514245
vt 0.664892 0.514212
vt 0.666875 0.547359
vt 0.654667 0.503294
vt 0.664892 0.547326
vt 0.666875 0.550846
vt 0.664892 0.550813
vt 0.654667 0.514043
vt 0.638267 0.503291
vt 0.654667 0.547158
vt 0.654667 0.550644
vt 0.638267 0.514041
vt 0.634373 0.503291
vt 0.634373 0.514040
vt 0.638267 0.547155
vt 0.638267 0.550642
vt 0.634373 0.547154
vt 0.634373 0.550641
vt 0.683392 0.557535
vt 0.686427 0.558831
vt 0.686427 0.564336
vt 0.683445 0.563114
vt 0.686427 0.733747
vt 0.667741 0.550848
vt 0.685081 0.734818
vt 0.686427 0.738429
vt 0.685126 0.739563
vt 0.668068 0.556812
vt 0.653437 0.558938
vt 0.678139 0.740340
vt 0.678418 0.745413
vt 0.653987 0.564504
vt 0.650042 0.560859
vt 0.650645 0.566330
vt 0.670899 0.735788
vt 0.671367 0.740522
vt 0.669181 0.734708
vt 0.669693 0.739361
vt 0.703192 0.859643
vt 0.689643 0.859615
vt 0.703192 0.850244
vt 0.689647 0.850333
vt 0.686427 0.859608
vt 0.703192 0.821286
vt 0.686432 0.850354
vt 0.689661 0.821737
vt 0.703192 0.818237
vt 0.686449 0.821844
vt 0.689662 0.818726
vt 0.686450 0.818842
vt 0.697743 0.503299
vt 0.699205 0.503310
vt 0.697683 0.513806
vt 0.699146 0.513832
vt 0.697535 0.539665
vt 0.713945 0.503430
vt 0.699000 0.539728
vt 0.697509 0.544060
vt 0.698976 0.544129
vt 0.713896 0.514102
vt 0.725641 0.503312
vt 0.713775 0.540365
vt 0.713755 0.544829
vt 0.725634 0.513844
vt 0.727743 0.503291
vt 0.727743 0.513798
vt 0.725616 0.539765
vt 0.725613 0.544171
vt 0.727743 0.539657
vt 0.727743 0.544052
vt 0.759196 0.752770
vt 0.760566 0.752105
vt 0.759426 0.758627
vt 0.760786 0.758021
vt 0.764861 0.897507
vt 0.774371 0.745399
vt 0.766003 0.898303
vt 0.765069 0.902826
vt 0.766203 0.903676
vt 0.774499 0.751911
vt 0.787471 0.751130
vt 0.777520 0.906330
vt 0.777636 0.912243
vt 0.787490 0.757091
vt 0.789824 0.752160
vt 0.789824 0.758022
vt 0.787949 0.898430
vt 0.787967 0.903843
vt 0.789823 0.897010
vt 0.789823 0.902333
vt 0.842275 0.495797
vt 0.844009 0.495791
vt 0.844009 0.507997
vt 0.842275 0.508003
vt 0.824805 0.495854
vt 0.844009 0.538037
vt 0.824805 0.508061
vt 0.842275 0.538043
vt 0.844009 0.543143
vt 0.824805 0.538100
vt 0.842275 0.543149
vt 0.824805 0.543206
vt 0.797194 0.716511
vt 0.795581 0.715637
vt 0.796034 0.709563
vt 0.797629 0.710372
vt 0.806785 0.565553
vt 0.813452 0.725330
vt 0.807953 0.564784
vt 0.807197 0.560037
vt 0.808348 0.559208
vt 0.813706 0.718520
vt 0.829171 0.718283
vt 0.819726 0.557033
vt 0.819956 0.550848
vt 0.829210 0.712082
vt 0.831996 0.717016
vt 0.831996 0.710926
vt 0.830127 0.565065
vt 0.830162 0.559434
vt 0.831996 0.566508
vt 0.831996 0.560977
vt 0.074834 0.815326
vt 0.077842 0.815309
vt 0.074858 0.825982
vt 0.077862 0.825994
vt 0.091762 0.815229
vt 0.074920 0.853436
vt 0.091762 0.826052
vt 0.077913 0.853525
vt 0.074926 0.856093
vt 0.091762 0.853938
vt 0.077918 0.856189
vt 0.091762 0.856636
vt 0.911110 0.558227
vt 0.913806 0.556916
vt 0.911219 0.561015
vt 0.913907 0.559759
vt 0.916799 0.703344
vt 0.926283 0.550848
vt 0.919048 0.704924
vt 0.916983 0.708040
vt 0.919217 0.709713
vt 0.926344 0.553949
vt 0.939693 0.556709
vt 0.929452 0.712230
vt 0.929554 0.717452
vt 0.939701 0.559540
vt 0.941738 0.557603
vt 0.941738 0.560392
vt 0.940112 0.704079
vt 0.940125 0.708848
vt 0.941737 0.702836
vt 0.941737 0.707536
vt 0.564272 0.503320
vt 0.567843 0.503326
vt 0.567843 0.515702
vt 0.564272 0.515696
vt 0.567843 0.547590
vt 0.547746 0.503291
vt 0.564272 0.547584
vt 0.567843 0.550676
vt 0.564272 0.550670
vt 0.547746 0.515667
vt 0.535133 0.503444
vt 0.547746 0.547555
vt 0.547746 0.550641
vt 0.535133 0.515820
vt 0.533209 0.503467
vt 0.533209 0.515843
vt 0.535133 0.547708
vt 0.535133 0.550794
vt 0.533209 0.547731
vt 0.533209 0.550817
vt 0.616804 0.874074
vt 0.613628 0.872350
vt 0.613845 0.869459
vt 0.617003 0.871121
vt 0.624880 0.721864
vt 0.631495 0.882052
vt 0.627177 0.720338
vt 0.625244 0.716995
vt 0.627512 0.715362
vt 0.631616 0.878810
vt 0.647588 0.874847
vt 0.637804 0.713274
vt 0.638008 0.707812
vt 0.647604 0.871902
vt 0.650042 0.873748
vt 0.650042 0.870848
vt 0.648423 0.721566
vt 0.648450 0.716605
vt 0.650042 0.722830
vt 0.650042 0.717947
vt 0.735907 0.859648
vt 0.722005 0.859482
vt 0.735907 0.848824
vt 0.722056 0.848804
vt 0.719885 0.859456
vt 0.735907 0.820936
vt 0.719944 0.848800
vt 0.722188 0.821292
vt 0.735907 0.818237
vt 0.720095 0.821346
vt 0.722200 0.818629
vt 0.720110 0.818689
vt 0.697391 0.544771
vt 0.695364 0.544761
vt 0.697418 0.535426
vt 0.695387 0.535397
vt 0.697501 0.506921
vt 0.682189 0.544699
vt 0.695459 0.506832
vt 0.697509 0.504004
vt 0.695467 0.503909
vt 0.682189 0.535207
vt 0.669072 0.544761
vt 0.682189 0.506253
vt 0.682189 0.503291
vt 0.669048 0.535396
vt 0.666993 0.544771
vt 0.666966 0.535426
vt 0.668977 0.506829
vt 0.668970 0.503906
vt 0.666884 0.506921
vt 0.666875 0.504004
vt 0.826190 0.905711
vt 0.824112 0.906569
vt 0.826190 0.903416
vt 0.824125 0.904250
vt 0.826190 0.738209
vt 0.810601 0.912148
vt 0.825077 0.737355
vt 0.826190 0.732194
vt 0.825111 0.731279
vt 0.810700 0.909677
vt 0.797635 0.905513
vt 0.817839 0.731807
vt 0.818099 0.725330
vt 0.797808 0.903200
vt 0.795581 0.904461
vt 0.795765 0.902174
vt 0.810210 0.736728
vt 0.810661 0.730666
vt 0.809001 0.737507
vt 0.809483 0.731512
vt 0.756705 0.557766
vt 0.759196 0.558830
vt 0.759196 0.561206
vt 0.756724 0.560168
vt 0.759196 0.732195
vt 0.740510 0.550848
vt 0.758079 0.733058
vt 0.759196 0.738421
vt 0.758129 0.739353
vt 0.740651 0.553422
vt 0.725232 0.559490
vt 0.750817 0.738661
vt 0.751187 0.745406
vt 0.725476 0.561880
vt 0.722812 0.560860
vt 0.723072 0.563221
vt 0.743017 0.733918
vt 0.743656 0.740182
vt 0.741781 0.733167
vt 0.742463 0.739355
vt 0.788322 0.495800
vt 0.805597 0.495852
vt 0.805597 0.506705
vt 0.788322 0.506653
vt 0.785584 0.495791
vt 0.805597 0.539811
vt 0.785584 0.506645
vt 0.788322 0.539759
vt 0.805597 0.543198
vt 0.785584 0.539750
vt 0.788322 0.543146
vt 0.785584 0.543138
vt 0.286826 0.889845
vt 0.283471 0.890064
vt 0.285784 0.875722
vt 0.282429 0.875942
vt 0.250687 0.892213
vt 0.285623 0.873550
vt 0.249645 0.878090
vt 0.239939 0.892917
vt 0.238897 0.878795
vt 0.282269 0.873769
vt 0.249485 0.875918
vt 0.238737 0.876622
vt 0.238537 0.872469
vt 0.247788 0.871838
vt 0.276008 0.869915
vt 0.278896 0.869718
vt 0.285639 0.871488
vt 0.278920 0.867709
vt 0.286784 0.723094
vt 0.280653 0.723079
vt 0.286826 0.717691
vt 0.280716 0.717813
vt 0.735907 0.818430
vt 0.737747 0.818407
vt 0.735958 0.827602
vt 0.737792 0.827597
vt 0.736109 0.854918
vt 0.751925 0.827555
vt 0.737926 0.854963
vt 0.736133 0.859197
vt 0.751925 0.855302
vt 0.737947 0.859249
vt 0.751925 0.859648
vt 0.680670 0.905321
vt 0.678895 0.906097
vt 0.680670 0.901186
vt 0.678906 0.901910
vt 0.680670 0.758755
vt 0.665217 0.912083
vt 0.679262 0.757660
vt 0.680670 0.755324
vt 0.679271 0.754185
vt 0.665307 0.907488
vt 0.652698 0.906000
vt 0.668408 0.749225
vt 0.668483 0.745413
vt 0.652847 0.901788
vt 0.650042 0.904710
vt 0.650204 0.900578
vt 0.657991 0.756678
vt 0.658115 0.753182
vt 0.655782 0.758258
vt 0.655916 0.754830
vt 0.530978 0.503384
vt 0.533209 0.503397
vt 0.533209 0.514049
vt 0.530978 0.514037
vt 0.533209 0.545774
vt 0.513786 0.503291
vt 0.530978 0.545762
vt 0.533209 0.550743
vt 0.530978 0.550731
vt 0.513786 0.513944
vt 0.500140 0.503465
vt 0.513786 0.545668
vt 0.513786 0.550637
vt 0.500140 0.514118
vt 0.497245 0.503502
vt 0.497245 0.514155
vt 0.500140 0.545843
vt 0.500140 0.550811
vt 0.497245 0.545879
vt 0.497245 0.550848
vt 0.866280 0.558207
vt 0.868410 0.559162
vt 0.868410 0.563458
vt 0.866301 0.562562
vt 0.868410 0.711463
vt 0.849867 0.550848
vt 0.867010 0.712578
vt 0.868410 0.715029
vt 0.867027 0.716192
vt 0.850046 0.555653
vt 0.835123 0.558846
vt 0.856223 0.721171
vt 0.856371 0.725158
vt 0.835419 0.563222
vt 0.831996 0.560543
vt 0.832316 0.564827
vt 0.845599 0.713947
vt 0.845844 0.717578
vt 0.843346 0.712414
vt 0.843611 0.715970
vt 0.896470 0.537204
vt 0.886726 0.536965
vt 0.896470 0.527886
vt 0.886796 0.527768
vt 0.884659 0.536915
vt 0.896470 0.500138
vt 0.884744 0.527743
vt 0.887005 0.500377
vt 0.896470 0.495791
vt 0.884997 0.500427
vt 0.887038 0.496087
vt 0.885037 0.496149
vt 0.795581 0.557832
vt 0.795462 0.561028
vt 0.794396 0.556799
vt 0.794268 0.560007
vt 0.787572 0.550848
vt 0.795581 0.733302
vt 0.787392 0.554130
vt 0.779843 0.556209
vt 0.792853 0.734432
vt 0.795581 0.737416
vt 0.792816 0.738597
vt 0.777139 0.740941
vt 0.776895 0.745399
vt 0.779617 0.559409
vt 0.778847 0.556900
vt 0.778615 0.560089
vt 0.761643 0.732399
vt 0.761216 0.736530
vt 0.759646 0.731299
vt 0.759196 0.735388
vt 0.882145 0.747019
vt 0.882312 0.743860
vt 0.883587 0.742945
vt 0.883425 0.746116
vt 0.868729 0.912835
vt 0.890797 0.740917
vt 0.898096 0.743758
vt 0.870929 0.913926
vt 0.868410 0.916798
vt 0.870633 0.917935
vt 0.883603 0.920205
vt 0.883431 0.924484
vt 0.898004 0.746929
vt 0.899019 0.744541
vt 0.898932 0.747703
vt 0.897260 0.914770
vt 0.897241 0.918780
vt 0.899019 0.914070
vt 0.899019 0.918045
vt 0.765486 0.543177
vt 0.765486 0.540052
vt 0.768460 0.543172
vt 0.768460 0.540047
vt 0.785584 0.543141
vt 0.765486 0.506123
vt 0.785584 0.540016
vt 0.768460 0.506118
vt 0.765486 0.495827
vt 0.785584 0.506088
vt 0.768460 0.495821
vt 0.062070 0.818354
vt 0.046216 0.815382
vt 0.046216 0.818506
vt 0.044173 0.815401
vt 0.062070 0.852280
vt 0.044173 0.818526
vt 0.046216 0.852432
vt 0.062070 0.862576
vt 0.044173 0.852452
vt 0.046216 0.862728
vt 0.044173 0.862747
vt 0.703336 0.822707
vt 0.703351 0.818706
vt 0.705459 0.818646
vt 0.705446 0.822656
vt 0.719885 0.818237
vt 0.703229 0.849937
vt 0.719885 0.822302
vt 0.705353 0.849939
vt 0.703192 0.859469
vt 0.719885 0.849958
vt 0.705321 0.859490
vt 0.719885 0.859639
vt 0.583911 0.882863
vt 0.583911 0.886929
vt 0.572497 0.886608
vt 0.572468 0.882598
vt 0.570724 0.886559
vt 0.583911 0.855201
vt 0.570691 0.882556
vt 0.572274 0.855309
vt 0.583911 0.845518
vt 0.570466 0.855326
vt 0.572206 0.845756
vt 0.570388 0.845793
vt 0.497245 0.503411
vt 0.497245 0.508060
vt 0.494923 0.503422
vt 0.494923 0.508070
vt 0.479029 0.503497
vt 0.497245 0.539690
vt 0.479029 0.508145
vt 0.463255 0.503422
vt 0.494923 0.539701
vt 0.497245 0.550762
vt 0.494923 0.550773
vt 0.479029 0.539776
vt 0.479029 0.550848
vt 0.463255 0.508071
vt 0.460805 0.503411
vt 0.460805 0.508060
vt 0.463255 0.539701
vt 0.463255 0.550774
vt 0.460805 0.539690
vt 0.460805 0.550762
vt 0.831996 0.732845
vt 0.834015 0.731812
vt 0.832334 0.737054
vt 0.834333 0.736066
vt 0.845657 0.902803
vt 0.847015 0.725158
vt 0.846830 0.903602
vt 0.845898 0.905795
vt 0.847056 0.906626
vt 0.847198 0.729704
vt 0.860617 0.730775
vt 0.854384 0.908744
vt 0.854513 0.911977
vt 0.860640 0.735039
vt 0.862605 0.731596
vt 0.862605 0.735818
vt 0.861556 0.902957
vt 0.861573 0.905988
vt 0.862605 0.902111
vt 0.862605 0.905113
vt 0.688807 0.736741
vt 0.686427 0.735395
vt 0.686905 0.731051
vt 0.689255 0.732345
vt 0.705738 0.559988
vt 0.704125 0.745406
vt 0.706932 0.559212
vt 0.706078 0.556899
vt 0.707251 0.556086
vt 0.704385 0.740672
vt 0.720429 0.738442
vt 0.714618 0.554215
vt 0.714803 0.550848
vt 0.720462 0.734025
vt 0.722812 0.737424
vt 0.722812 0.733054
vt 0.721767 0.560083
vt 0.721790 0.556942
vt 0.722812 0.560940
vt 0.722812 0.557833
vt 0.916906 0.728849
vt 0.916984 0.726864
vt 0.918374 0.725823
vt 0.918300 0.727833
vt 0.929555 0.717452
vt 0.911187 0.874696
vt 0.929511 0.719661
vt 0.940565 0.726414
vt 0.912861 0.875487
vt 0.911110 0.876662
vt 0.912788 0.877478
vt 0.926326 0.881855
vt 0.926283 0.884042
vt 0.940561 0.728423
vt 0.941738 0.727368
vt 0.941738 0.729356
vt 0.940255 0.875948
vt 0.940251 0.877937
vt 0.941738 0.875319
vt 0.941738 0.877287
vt 0.530662 0.880370
vt 0.530508 0.878310
vt 0.532074 0.881385
vt 0.531927 0.879298
vt 0.543427 0.889553
vt 0.519199 0.727065
vt 0.543340 0.887243
vt 0.554303 0.880393
vt 0.521168 0.726020
vt 0.519047 0.725026
vt 0.521023 0.723953
vt 0.536999 0.717610
vt 0.536913 0.715323
vt 0.554294 0.878304
vt 0.555461 0.879418
vt 0.555461 0.877352
vt 0.553684 0.724897
vt 0.553676 0.722829
vt 0.555461 0.725673
vt 0.555461 0.723628
vt 0.805597 0.543143
vt 0.805597 0.540729
vt 0.807721 0.543150
vt 0.807721 0.540736
vt 0.805597 0.505268
vt 0.824805 0.540792
vt 0.807721 0.505275
vt 0.805597 0.495791
vt 0.824805 0.505331
vt 0.807721 0.495798
vt 0.748037 0.503291
vt 0.748037 0.505705
vt 0.729696 0.503294
vt 0.729696 0.505708
vt 0.727743 0.503294
vt 0.748037 0.541164
vt 0.727743 0.505708
vt 0.729696 0.541167
vt 0.748037 0.550641
vt 0.727743 0.541168
vt 0.729696 0.550644
vt 0.727743 0.550644
vt 0.029322 0.049293
vt 0.027773 0.045526
vt 0.048913 0.029549
vt 0.045174 0.027991
vt 0.015469 0.015591
vt 0.018042 0.003771
vt 0.436589 0.027991
vt 0.015469 0.469914
vt 0.027773 0.439979
vt 0.045174 0.457514
vt 0.029322 0.436208
vt 0.048913 0.455951
vt 0.018042 0.481734
vt 0.436589 0.457514
vt 0.013853 0.471542
vt 0.013853 0.013963
vt 0.003740 0.467321
vt 0.003740 0.018184
vt 0.000000 0.465757
vt 0.000000 0.019743
vt 0.463721 0.481734
vt 0.462172 0.485501
vt 0.019591 0.485501
vt 0.466294 0.469914
vt 0.453990 0.439979
vt 0.432850 0.455951
vt 0.452441 0.436208
vt 0.467910 0.471542
vt 0.478023 0.467321
vt 0.466294 0.015591
vt 0.453990 0.045526
vt 0.467910 0.013963
vt 0.478023 0.018184
vt 0.481763 0.019743
vt 0.481763 0.465757
vt 0.463721 0.003771
vt 0.452441 0.049293
vt 0.432850 0.029549
vt 0.019591 0.000000
vt 0.462172 0.000000
vt 0.975604 0.374865
vt 0.975847 0.000000
vt 0.978971 0.004057
vt 0.978732 0.371759
vt 0.980304 0.004052
vt 0.980066 0.371754
vt 0.985449 0.004034
vt 0.980304 0.396661
vt 0.978971 0.396665
vt 0.985449 0.396643
vt 0.985211 0.371737
vt 0.987609 0.004027
vt 0.987609 0.396636
vt 0.987370 0.371729
vt 0.987609 0.351826
vt 0.987865 0.000000
vt 0.990989 0.004050
vt 0.990738 0.349153
vt 0.992323 0.004042
vt 0.992072 0.349145
vt 0.997468 0.004014
vt 0.992323 0.375682
vt 0.990990 0.375689
vt 0.997468 0.375653
vt 0.997217 0.349117
vt 0.999628 0.004002
vt 0.999628 0.375641
vt 0.999376 0.349105
vt 0.501354 0.000000
vt 0.943934 0.000000
vt 0.949672 0.013961
vt 0.963525 0.019743
vt 0.495616 0.013961
vt 0.948057 0.015589
vt 0.497232 0.015589
vt 0.934203 0.049293
vt 0.963526 0.465757
vt 0.914612 0.029550
vt 0.530676 0.029550
vt 0.511085 0.049293
vt 0.934203 0.436208
vt 0.511085 0.436208
vt 0.948057 0.469912
vt 0.914612 0.455951
vt 0.530676 0.455951
vt 0.497232 0.469912
vt 0.949673 0.471540
vt 0.943934 0.485501
vt 0.495616 0.471540
vt 0.501354 0.485501
vt 0.000000 0.624689
vt 0.000000 0.578503
vt 0.004500 0.579405
vt 0.004500 0.623786
vt 0.017538 0.667359
vt 0.021353 0.538402
vt 0.017538 0.535833
vt 0.021353 0.664789
vt 0.049945 0.700017
vt 0.052494 0.507020
vt 0.049945 0.503175
vt 0.052494 0.696172
vt 0.092286 0.717691
vt 0.093181 0.490036
vt 0.092286 0.485501
vt 0.093181 0.713155
vt 0.138116 0.717691
vt 0.137221 0.490036
vt 0.138116 0.485501
vt 0.137221 0.713155
vt 0.180458 0.700016
vt 0.177908 0.507020
vt 0.180458 0.503175
vt 0.177908 0.696172
vt 0.212864 0.667358
vt 0.209048 0.538402
vt 0.212864 0.535833
vt 0.209048 0.664789
vt 0.225902 0.579405
vt 0.225902 0.623786
vt 0.161384 0.531937
vt 0.184320 0.555051
vt 0.196733 0.585251
vt 0.196733 0.617939
vt 0.184320 0.648139
vt 0.161384 0.671253
vt 0.131416 0.519428
vt 0.131416 0.683763
vt 0.098980 0.519428
vt 0.098980 0.683763
vt 0.069012 0.531937
vt 0.069012 0.671253
vt 0.046076 0.555051
vt 0.046076 0.648139
vt 0.033663 0.585251
vt 0.033663 0.617939
vt 0.107190 0.561015
vt 0.092390 0.567193
vt 0.081063 0.578609
vt 0.074932 0.593524
vt 0.074932 0.609667
vt 0.081063 0.624583
vt 0.123210 0.561015
vt 0.092390 0.635998
vt 0.138010 0.567193
vt 0.107190 0.642176
vt 0.149338 0.578609
vt 0.123210 0.642176
vt 0.155468 0.593524
vt 0.138010 0.635998
vt 0.155468 0.609667
vt 0.149338 0.624582
vt 0.145835 0.580968
vt 0.135669 0.570724
vt 0.151336 0.594352
vt 0.151336 0.608839
vt 0.122388 0.565180
vt 0.145835 0.622223
vt 0.135669 0.632467
vt 0.108013 0.565180
vt 0.122388 0.638011
vt 0.094731 0.570724
vt 0.108013 0.638011
vt 0.084566 0.580968
vt 0.094731 0.632467
vt 0.079065 0.594352
vt 0.084566 0.622223
vt 0.079065 0.608839
vt 0.496622 0.796257
vt 0.507799 0.784992
vt 0.511648 0.787583
vt 0.499193 0.800134
vt 0.518388 0.771184
vt 0.513848 0.770275
vt 0.518388 0.753434
vt 0.513848 0.754345
vt 0.511648 0.737035
vt 0.507799 0.739627
vt 0.499193 0.724484
vt 0.482017 0.802353
vt 0.482921 0.806927
vt 0.496622 0.728363
vt 0.482921 0.717691
vt 0.482017 0.722267
vt 0.465307 0.717691
vt 0.466210 0.802353
vt 0.465307 0.806927
vt 0.466210 0.722267
vt 0.449034 0.724484
vt 0.451606 0.796257
vt 0.449034 0.800134
vt 0.440428 0.784992
vt 0.436580 0.787583
vt 0.451606 0.728363
vt 0.436580 0.737035
vt 0.434379 0.770275
vt 0.429839 0.771184
vt 0.440428 0.739627
vt 0.429839 0.753434
vt 0.434379 0.754345
s 1
f 3/1/1 2/2/2 1/3/3
f 2/2/2 4/4/4 1/3/3
f 1/3/3 4/4/4 5/5/5
f 2/2/2 6/6/6 4/4/4
f 4/4/4 7/7/7 5/5/5
f 5/5/5 7/7/7 8/8/8
f 7/7/7 9/9/9 8/8/8
f 6/6/6 10/10/10 4/4/4
f 4/4/4 10/10/10 7/7/7
f 6/6/6 11/11/11 10/10/10
f 7/7/7 12/12/12 9/9/9
f 10/10/10 12/12/12 7/7/7
f 12/12/12 13/13/13 9/9/9
f 11/11/11 14/14/14 10/10/10
f 10/10/10 14/14/14 12/12/12
f 11/11/11 15/15/15 14/14/14
f 12/12/12 16/16/16 13/13/13
f 14/14/14 16/16/16 12/12/12
f 16/16/16 17/17/17 13/13/13
f 15/15/15 18/18/18 14/14/14
f 14/14/14 18/18/18 16/16/16
f 15/15/15 19/19/19 18/18/18
f 19/19/19 20/20/20 18/18/18
f 16/16/16 21/21/21 17/17/17
f 18/18/18 21/21/21 16/16/16
f 18/18/18 20/20/20 21/21/21
f 21/21/21 22/22/22 17/17/17
f 20/20/20 23/23/23 21/21/21
f 21/21/21 23/23/23 22/22/22
f 23/23/23 24/24/24 22/22/22
f 27/25/25 26/26/26 25/27/27
f 26/26/26 28/28/28 25/27/27
f 25/27/27 28/28/28 29/29/29
f 26/26/26 30/30/30 28/28/28
f 28/28/28 31/31/31 29/29/29
f 29/29/29 31/31/31 32/32/32
f 31/31/31 33/33/33 32/32/32
f 30/30/30 34/34/34 28/28/28
f 28/28/28 34/34/34 31/31/31
f 30/30/30 35/35/35 34/34/34
f 31/31/31 36/36/36 33/33/33
f 34/34/34 36/36/36 31/31/31
f 36/36/36 37/37/37 33/33/33
f 35/35/35 38/38/38 34/34/34
f 34/34/34 38/38/38 36/36/36
f 35/35/35 39/39/39 38/38/38
f 39/39/39 40/40/40 38/38/38
f 36/36/36 41/41/41 37/37/37
f 38/38/38 41/41/41 36/36/36
f 38/38/38 40/40/40 41/41/41
f 41/41/41 42/42/42 37/37/37
f 40/40/40 43/43/43 41/41/41
f 41/41/41 43/43/43 42/42/42
f 43/43/43 44/44/44 42/42/42
f 47/45/45 46/46/46 45/47/47
f 46/46/46 48/48/48 45/47/47
f 45/47/47 48/48/48 49/49/49
f 46/46/46 50/50/50 48/48/48
f 48/48/48 51/51/51 49/49/49
f 49/49/49 51/51/51 52/52/52
f 51/51/51 53/53/53 52/52/52
f 50/50/50 54/54/54 48/48/48
f 48/48/48 54/54/54 51/51/51
f 50/50/50 55/55/55 54/54/54
f 51/51/51 56/56/56 53/53/53
f 54/54/54 56/56/56 51/51/51
f 56/56/56 57/57/57 53/53/53
f 55/55/55 58/58/58 54/54/54
f 54/54/54 58/58/58 56/56/56
f 55/55/55 59/59/59 58/58/58
f 59/59/59 60/60/60 58/58/58
f 56/56/56 61/61/61 57/57/57
f 58/58/58 61/61/61 56/56/56
f 58/58/58 60/60/60 61/61/61
f 61/61/61 62/62/62 57/57/57
f 60/60/60 63/63/63 61/61/61
f 61/61/61 63/63/63 62/62/62
f 63/63/63 64/64/64 62/62/62
f 67/65/65 66/66/66 65/67/67
f 66/66/66 68/68/68 65/67/67
f 65/67/67 68/68/68 69/69/69
f 66/66/66 70/70/70 68/68/68
f 68/68/68 71/71/71 69/69/69
f 69/69/69 71/71/71 72/72/72
f 71/71/71 73/73/73 72/72/72
f 70/70/70 74/74/74 68/68/68
f 68/68/68 74/74/74 71/71/71
f 70/70/70 75/75/75 74/74/74
f 75/75/75 76/76/76 74/74/74
f 71/71/71 77/77/77 73/73/73
f 74/74/74 77/77/77 71/71/71
f 74/74/74 76/76/76 77/77/77
f 77/77/77 78/78/78 73/73/73
f 76/76/76 79/79/79 77/77/77
f 77/77/77 79/79/79 78/78/78
f 79/79/79 80/80/80 78/78/78
f 83/81/81 82/82/81 81/83/81
f 81/83/81 84/84/81 83/81/81
f 84/84/81 85/85/81 83/81/81
f 84/84/81 86/86/81 85/85/81
f 86/86/81 87/87/81 85/85/81
f 86/86/81 88/88/81 87/87/81
f 88/88/81 89/89/81 87/87/81
f 88/88/81 90/90/81 89/89/81
f 90/90/81 91/91/81 89/89/81
f 90/90/81 92/92/81 91/91/81
f 90/90/81 93/93/81 92/92/81
f 93/93/81 94/94/81 92/92/81
f 93/93/81 95/95/81 94/94/81
f 95/95/81 96/96/81 94/94/81
f 99/97/82 98/98/82 97/99/82
f 97/99/82 100/100/82 99/97/82
f 100/100/82 101/101/82 99/97/82
f 100/100/82 102/102/82 101/101/82
f 102/102/82 103/103/82 101/101/82
f 102/102/82 104/104/82 103/103/82
f 104/104/82 105/105/82 103/103/82
f 104/104/82 106/106/82 105/105/82
f 104/104/82 107/107/82 106/106/82
f 107/107/82 108/108/82 106/106/82
f 108/108/82 109/109/82 106/106/82
f 108/108/82 110/110/82 109/109/82
f 110/110/82 111/111/82 109/109/82
f 110/110/82 112/112/82 111/111/82
f 115/113/83 114/114/83 113/115/84
f 114/114/83 116/116/85 113/115/84
f 113/115/84 116/116/85 117/117/86
f 116/116/85 118/118/86 117/117/86
f 117/117/86 118/118/86 119/119/87
f 118/118/86 120/120/87 119/119/87
f 119/119/87 120/120/87 121/121/88
f 120/120/87 122/122/88 121/121/88
f 121/121/88 122/122/88 123/123/89
f 122/122/88 124/124/89 123/123/89
f 127/125/90 126/126/90 125/127/91
f 126/126/90 128/128/91 125/127/91
f 125/127/91 128/128/91 129/129/92
f 128/128/91 130/130/92 129/129/92
f 129/129/92 130/130/92 131/131/93
f 130/130/92 132/132/93 131/131/93
f 131/131/93 132/132/93 133/133/94
f 132/132/93 134/134/94 133/133/94
f 137/135/95 136/136/96 135/137/96
f 138/138/95 137/135/95 135/137/96
f 139/139/97 137/135/95 138/138/95
f 140/140/97 139/139/97 138/138/95
f 141/141/98 139/139/97 140/140/97
f 142/142/98 141/141/98 140/140/97
f 143/143/99 141/141/98 142/142/98
f 144/144/99 143/143/99 142/142/98
f 147/145/100 146/146/101 145/147/101
f 148/148/102 147/145/100 145/147/101
f 149/149/103 147/145/100 148/148/102
f 150/150/103 149/149/103 148/148/102
f 151/151/104 149/149/103 150/150/103
f 152/152/104 151/151/104 150/150/103
f 155/153/81 154/154/81 153/155/81
f 153/155/81 156/156/81 155/153/81
f 156/156/81 157/157/81 155/153/81
f 156/156/81 158/158/81 157/157/81
f 158/158/81 159/159/81 157/157/81
f 158/158/81 160/160/81 159/159/81
f 160/160/81 161/161/81 159/159/81
f 160/160/81 162/162/81 161/161/81
f 162/162/81 163/163/81 161/161/81
f 162/162/81 164/164/81 163/163/81
f 162/162/81 165/165/81 164/164/81
f 165/165/81 166/166/81 164/164/81
f 166/166/81 167/167/81 164/164/81
f 166/166/81 168/168/81 167/167/81
f 171/169/95 170/170/105 169/171/96
f 172/172/95 171/169/95 169/171/96
f 172/172/95 169/171/96 173/173/96
f 174/174/106 171/169/95 172/172/95
f 175/175/95 172/172/95 173/173/96
f 175/175/95 173/173/96 176/176/96
f 177/177/95 175/175/95 176/176/96
f 178/178/106 174/174/106 172/172/95
f 178/178/106 172/172/95 175/175/95
f 179/179/107 174/174/106 178/178/106
f 180/180/106 175/175/95 177/177/95
f 180/180/106 178/178/106 175/175/95
f 181/181/106 180/180/106 177/177/95
f 182/182/107 179/179/107 178/178/106
f 182/182/107 178/178/106 180/180/106
f 183/183/108 179/179/107 182/182/107
f 184/184/108 183/183/108 182/182/107
f 185/185/107 180/180/106 181/181/106
f 185/185/107 182/182/107 180/180/106
f 184/184/108 182/182/107 185/185/107
f 186/186/107 185/185/107 181/181/106
f 187/187/108 184/184/108 185/185/107
f 187/187/108 185/185/107 186/186/107
f 188/188/108 187/187/108 186/186/107
f 191/189/102 190/190/109 189/191/109
f 192/192/102 191/189/102 189/191/109
f 192/192/102 189/191/109 193/193/109
f 194/194/110 191/189/102 192/192/102
f 195/195/102 192/192/102 193/193/109
f 195/195/102 193/193/109 196/196/109
f 197/197/102 195/195/102 196/196/109
f 198/198/110 194/194/110 192/192/102
f 198/198/110 192/192/102 195/195/102
f 199/199/111 194/194/110 198/198/110
f 200/200/112 199/199/111 198/198/110
f 201/201/110 195/195/102 197/197/102
f 201/201/110 198/198/110 195/195/102
f 200/200/112 198/198/110 201/201/110
f 202/202/110 201/201/110 197/197/102
f 203/203/112 200/200/112 201/201/110
f 203/203/112 201/201/110 202/202/110
f 204/204/112 203/203/112 202/202/110
f 207/205/113 206/206/114 205/207/114
f 208/208/113 207/205/113 205/207/114
f 208/208/113 205/207/114 209/209/114
f 210/210/115 207/205/113 208/208/113
f 211/211/113 208/208/113 209/209/114
f 211/211/113 209/209/114 212/212/89
f 213/213/113 211/211/113 212/212/89
f 214/214/115 210/210/115 208/208/113
f 214/214/115 208/208/113 211/211/113
f 215/215/116 210/210/115 214/214/115
f 216/216/115 211/211/113 213/213/113
f 216/216/115 214/214/115 211/211/113
f 217/217/115 216/216/115 213/213/113
f 218/218/116 215/215/116 214/214/115
f 218/218/116 214/214/115 216/216/115
f 219/219/117 215/215/116 218/218/116
f 220/220/116 216/216/115 217/217/115
f 220/220/116 218/218/116 216/216/115
f 221/221/116 220/220/116 217/217/115
f 222/222/117 219/219/117 218/218/116
f 222/222/117 218/218/116 220/220/116
f 223/223/118 219/219/117 222/222/117
f 224/224/118 223/223/118 222/222/117
f 225/225/119 220/220/116 221/221/116
f 225/225/119 222/222/117 220/220/116
f 224/224/118 222/222/117 225/225/119
f 226/226/119 225/225/119 221/221/116
f 227/227/118 224/224/118 225/225/119
f 227/227/118 225/225/119 226/226/119
f 228/228/118 227/227/118 226/226/119
f 231/229/120 230/230/121 229/231/121
f 232/232/120 231/229/120 229/231/121
f 232/232/120 229/231/121 233/233/121
f 234/234/92 231/229/120 232/232/120
f 235/235/122 232/232/120 233/233/121
f 235/235/122 233/233/121 236/236/121
f 237/237/122 235/235/122 236/236/121
f 238/238/92 234/234/92 232/232/120
f 238/238/92 232/232/120 235/235/122
f 239/239/123 234/234/92 238/238/92
f 240/240/92 235/235/122 237/237/122
f 240/240/92 238/238/92 235/235/122
f 241/241/92 240/240/92 237/237/122
f 242/242/123 239/239/123 238/238/92
f 242/242/123 238/238/92 240/240/92
f 243/243/124 239/239/123 242/242/123
f 244/244/124 243/243/124 242/242/123
f 245/245/123 240/240/92 241/241/92
f 245/245/123 242/242/123 240/240/92
f 244/244/124 242/242/123 245/245/123
f 246/246/123 245/245/123 241/241/92
f 247/247/90 244/244/124 245/245/123
f 247/247/90 245/245/123 246/246/123
f 248/248/90 247/247/90 246/246/123
f 251/249/125 250/250/126 249/251/127
f 252/252/128 251/249/125 249/251/127
f 252/252/128 249/251/127 253/253/95
f 249/251/127 254/254/95 253/253/95
f 252/252/128 255/255/129 251/249/125
f 255/255/129 256/256/130 251/249/125
f 259/257/131 258/258/132 257/259/133
f 258/258/132 260/260/134 257/259/133
f 260/260/134 261/261/135 257/259/133
f 261/261/135 262/262/136 257/259/133
f 260/260/134 258/258/132 263/263/120
f 258/258/132 264/264/120 263/263/120
f 267/265/137 266/266/138 265/267/139
f 266/266/138 268/268/140 265/267/139
f 268/268/140 269/269/141 265/267/139
f 269/269/141 270/270/142 265/267/139
f 268/268/140 266/266/138 271/271/143
f 266/266/138 272/272/143 271/271/143
f 275/273/144 274/274/145 273/275/146
f 276/276/147 275/273/144 273/275/146
f 276/276/147 273/275/146 277/277/102
f 273/275/146 278/278/102 277/277/102
f 276/276/147 279/279/148 275/273/144
f 279/279/148 280/280/149 275/273/144
f 283/281/150 282/282/151 281/283/150
f 282/282/151 284/284/86 281/283/150
f 281/283/150 284/284/86 285/285/150
f 284/284/86 286/286/86 285/285/150
f 285/285/150 286/286/86 287/287/150
f 286/286/86 288/288/86 287/287/150
f 289/289/143 288/288/86 286/286/86
f 290/290/143 289/289/143 286/286/86
f 290/290/143 286/286/86 284/284/86
f 291/291/143 290/290/143 284/284/86
f 291/291/143 284/284/86 282/282/151
f 292/292/152 291/291/143 282/282/151
f 282/282/151 293/293/153 292/292/152
f 293/293/153 294/294/154 292/292/152
f 297/295/155 296/296/156 295/297/91
f 296/296/156 298/298/157 295/297/91
f 295/297/91 298/298/157 299/299/91
f 298/298/157 300/300/157 299/299/91
f 299/299/91 300/300/157 301/301/91
f 300/300/157 302/302/157 301/301/91
f 303/303/120 302/302/157 300/300/157
f 304/304/120 303/303/120 300/300/157
f 304/304/120 300/300/157 298/298/157
f 305/305/120 304/304/120 298/298/157
f 305/305/120 298/298/157 296/296/156
f 306/306/158 305/305/120 296/296/156
f 296/296/156 307/307/159 306/306/158
f 307/307/159 308/308/160 306/306/158
f 311/309/161 310/310/162 309/311/163
f 310/310/162 312/312/164 309/311/163
f 309/311/163 312/312/164 313/313/165
f 312/312/164 314/314/166 313/313/165
f 313/313/165 314/314/166 315/315/167
f 314/314/166 316/316/168 315/315/167
f 319/317/169 318/318/170 317/319/171
f 318/318/170 320/320/172 317/319/171
f 317/319/171 320/320/172 321/321/173
f 320/320/172 322/322/174 321/321/173
f 321/321/173 322/322/174 323/323/175
f 322/322/174 324/324/176 323/323/175
f 323/323/175 324/324/176 325/325/177
f 324/324/176 326/326/178 325/325/177
f 325/325/177 326/326/178 327/327/179
f 326/326/178 328/328/180 327/327/179
f 327/327/179 328/328/180 329/329/181
f 328/328/180 330/330/182 329/329/181
f 329/329/181 330/330/182 331/331/183
f 330/330/182 332/332/184 331/331/183
f 331/331/183 332/332/184 333/333/185
f 332/332/184 334/334/186 333/333/185
f 337/335/187 336/336/81 335/337/187
f 336/336/81 338/338/81 335/337/187
f 335/337/187 338/338/81 339/339/81
f 338/338/81 340/340/81 339/339/81
f 339/339/81 340/340/81 341/341/81
f 340/340/81 342/342/81 341/341/81
f 341/341/81 342/342/81 343/343/81
f 342/342/81 344/344/81 343/343/81
f 347/345/188 346/346/189 345/347/190
f 346/346/189 348/348/191 345/347/190
f 345/347/190 348/348/191 349/349/192
f 348/348/191 350/350/193 349/349/192
f 349/349/192 350/350/193 351/351/194
f 350/350/193 352/352/195 351/351/194
f 355/353/196 354/354/197 353/355/198
f 354/354/197 356/356/199 353/355/198
f 353/355/198 356/356/199 357/357/200
f 356/356/199 358/358/201 357/357/200
f 361/359/202 360/360/203 359/361/204
f 360/360/203 362/362/205 359/361/204
f 359/361/204 362/362/205 363/363/206
f 362/362/205 364/364/207 363/363/206
f 363/363/206 364/364/207 365/365/208
f 364/364/207 366/366/209 365/365/208
f 365/365/208 366/366/209 367/367/210
f 366/366/209 368/368/211 367/367/210
f 367/367/210 368/368/211 369/369/212
f 368/368/211 370/370/213 369/369/212
f 369/369/212 370/370/213 371/371/214
f 370/370/213 372/372/215 371/371/214
f 371/371/214 372/372/215 373/373/216
f 372/372/215 374/374/217 373/373/216
f 373/373/216 374/374/217 375/375/218
f 374/374/217 376/376/219 375/375/218
f 379/377/220 378/378/81 377/379/220
f 378/378/81 380/380/81 377/379/220
f 377/379/220 380/380/81 381/381/81
f 380/380/81 382/382/81 381/381/81
f 381/381/81 382/382/81 383/383/81
f 382/382/81 384/384/81 383/383/81
f 383/383/81 384/384/81 385/385/81
f 384/384/81 386/386/81 385/385/81
f 389/387/221 388/388/222 387/389/223
f 388/388/222 390/390/224 387/389/223
f 387/389/223 390/390/224 391/391/225
f 390/390/224 392/392/226 391/391/225
f 395/393/227 394/394/228 393/395/229
f 394/394/228 396/396/230 393/395/229
f 393/395/229 396/396/230 397/397/231
f 396/396/230 398/398/232 397/397/231
f 397/397/231 398/398/232 399/399/233
f 398/398/232 400/400/234 399/399/233
f 399/399/233 400/400/234 401/401/235
f 400/400/234 402/402/236 401/401/235
f 401/401/235 402/402/236 403/403/237
f 402/402/236 404/404/238 403/403/237
f 403/403/237 404/404/238 405/405/239
f 404/404/238 406/406/240 405/405/239
f 409/407/241 408/408/242 407/409/243
f 408/408/242 410/410/244 407/409/243
f 407/409/243 410/410/244 411/411/245
f 410/410/244 412/412/246 411/411/245
f 411/411/245 412/412/246 413/413/247
f 412/412/246 414/414/248 413/413/247
f 413/413/247 414/414/248 415/415/249
f 414/414/248 416/416/250 415/415/249
f 415/415/249 416/416/250 417/417/251
f 416/416/250 418/418/252 417/417/251
f 417/417/251 418/418/252 419/419/253
f 418/418/252 420/420/254 419/419/253
f 419/419/253 420/420/254 421/421/255
f 420/420/254 422/422/256 421/421/255
f 421/421/255 422/422/256 423/423/257
f 422/422/256 424/424/258 423/423/257
f 427/425/81 426/426/81 425/427/81
f 426/426/81 428/428/81 425/427/81
f 425/427/81 428/428/81 429/429/81
f 428/428/81 430/430/81 429/429/81
f 429/429/81 430/430/81 431/431/220
f 430/430/81 432/432/81 431/431/220
f 431/431/220 432/432/81 433/433/220
f 432/432/81 434/434/187 433/433/220
f 437/435/259 436/436/260 435/437/261
f 436/436/260 438/438/262 435/437/261
f 435/437/261 438/438/262 439/439/263
f 438/438/262 440/440/264 439/439/263
f 443/441/265 442/442/266 441/443/267
f 442/442/266 444/444/268 441/443/267
f 441/443/267 444/444/268 445/445/269
f 442/442/266 446/446/270 444/444/268
f 444/444/268 447/447/271 445/445/269
f 445/445/269 447/447/271 448/448/272
f 447/447/271 449/449/273 448/448/272
f 446/446/270 450/450/274 444/444/268
f 444/444/268 450/450/274 447/447/271
f 446/446/270 451/451/275 450/450/274
f 447/447/271 452/452/276 449/449/273
f 450/450/274 452/452/276 447/447/271
f 452/452/276 453/453/277 449/449/273
f 451/451/275 454/454/278 450/450/274
f 450/450/274 454/454/278 452/452/276
f 451/451/275 455/455/279 454/454/278
f 452/452/276 456/456/280 453/453/277
f 454/454/278 456/456/280 452/452/276
f 456/456/280 457/457/281 453/453/277
f 455/455/279 458/458/282 454/454/278
f 454/454/278 458/458/282 456/456/280
f 455/455/279 459/459/283 458/458/282
f 459/459/283 460/460/284 458/458/282
f 456/456/280 461/461/285 457/457/281
f 458/458/282 461/461/285 456/456/280
f 458/458/282 460/460/284 461/461/285
f 461/461/285 462/462/286 457/457/281
f 460/460/284 463/463/287 461/461/285
f 461/461/285 463/463/287 462/462/286
f 463/463/287 464/464/288 462/462/286
f 467/465/289 466/466/289 465/467/290
f 466/466/289 468/468/291 465/467/290
f 465/467/290 468/468/291 469/469/292
f 468/468/291 470/470/293 469/469/292
f 469/469/292 470/470/293 471/471/294
f 470/470/293 472/472/295 471/471/294
f 471/471/294 472/472/295 473/473/296
f 472/472/295 474/474/297 473/473/296
f 473/473/296 474/474/297 475/475/298
f 474/474/297 476/476/299 475/475/298
f 475/475/298 476/476/299 477/477/300
f 476/476/299 478/478/301 477/477/300
f 477/477/300 478/478/301 479/479/302
f 478/478/301 480/480/303 479/479/302
f 479/479/302 480/480/303 481/481/304
f 480/480/303 482/482/305 481/481/304
f 485/483/81 484/484/81 483/485/81
f 484/484/81 486/486/81 483/485/81
f 483/485/81 486/486/81 487/487/81
f 486/486/81 488/488/81 487/487/81
f 487/487/81 488/488/81 489/489/81
f 488/488/81 490/490/81 489/489/81
f 489/489/81 490/490/81 491/491/220
f 490/490/81 492/492/187 491/491/220
f 495/493/306 494/494/307 493/495/308
f 494/494/307 496/496/309 493/495/308
f 493/495/308 496/496/309 497/497/310
f 496/496/309 498/498/311 497/497/310
f 497/497/310 498/498/311 499/499/312
f 498/498/311 500/500/313 499/499/312
f 503/501/314 502/502/315 501/503/316
f 502/502/315 504/504/317 501/503/316
f 501/503/316 504/504/317 505/505/318
f 504/504/317 506/506/319 505/505/318
f 509/507/320 508/508/321 507/509/322
f 508/508/321 510/510/323 507/509/322
f 507/509/322 510/510/323 511/511/324
f 510/510/323 512/512/325 511/511/324
f 511/511/324 512/512/325 513/513/326
f 512/512/325 514/514/327 513/513/326
f 513/513/326 514/514/327 515/515/328
f 514/514/327 516/516/329 515/515/328
f 515/515/328 516/516/329 517/517/330
f 516/516/329 518/518/331 517/517/330
f 517/517/330 518/518/331 519/519/332
f 518/518/331 520/520/333 519/519/332
f 519/519/332 520/520/333 521/521/334
f 520/520/333 522/522/335 521/521/334
f 521/521/334 522/522/335 523/523/336
f 522/522/335 524/524/337 523/523/336
f 527/525/338 526/526/339 525/527/340
f 526/526/339 528/528/341 525/527/340
f 525/527/340 528/528/341 529/358/342
f 528/528/341 530/529/343 529/358/342
f 533/530/187 532/531/81 531/532/81
f 532/531/81 534/533/81 531/532/81
f 531/532/81 534/533/81 535/534/81
f 534/533/81 536/535/81 535/534/81
f 535/534/81 536/535/81 537/536/81
f 536/535/81 538/537/81 537/536/81
f 537/536/81 538/537/81 539/538/81
f 538/537/81 540/539/81 539/538/81
f 543/540/344 542/541/345 541/542/346
f 542/541/345 544/543/347 541/542/346
f 541/542/346 544/543/347 545/544/348
f 544/543/347 546/545/349 545/544/348
f 545/544/348 546/545/349 547/546/350
f 546/545/349 548/547/351 547/546/350
f 547/546/350 548/547/351 549/548/352
f 548/547/351 550/549/353 549/548/352
f 547/546/350 549/548/352 551/550/354
f 549/548/352 550/549/353 552/551/355
f 550/549/353 553/552/356 552/551/355
f 549/548/352 554/553/354 551/550/354
f 549/548/352 552/551/355 554/553/354
f 551/550/354 554/553/354 555/554/357
f 554/553/354 556/555/357 555/554/357
f 554/553/354 557/556/354 556/555/357
f 552/551/355 557/556/354 554/553/354
f 557/556/354 558/557/357 556/555/357
f 552/551/355 553/552/356 559/558/358
f 552/551/355 559/558/358 557/556/354
f 553/552/356 560/559/359 559/558/358
f 559/558/358 561/560/354 557/556/354
f 557/556/354 561/560/354 558/557/357
f 561/560/354 562/561/357 558/557/357
f 565/562/360 564/563/361 563/564/362
f 564/563/361 566/565/363 563/564/362
f 563/564/362 566/565/363 567/566/364
f 566/565/363 568/567/365 567/566/364
f 567/566/364 568/567/365 569/568/366
f 568/567/365 570/569/367 569/568/366
f 569/568/366 570/569/367 571/570/368
f 570/569/367 572/571/369 571/570/368
f 571/570/368 572/571/369 573/572/370
f 572/571/369 574/573/371 573/572/370
f 573/572/370 574/573/371 575/574/372
f 574/573/371 576/575/373 575/574/372
f 575/574/372 576/575/373 577/576/374
f 576/575/373 578/577/375 577/576/374
f 577/576/374 578/577/375 579/578/376
f 578/577/375 580/579/377 579/578/376
f 583/580/378 582/581/379 581/582/380
f 582/581/379 584/583/381 581/582/380
f 581/582/380 584/583/381 585/584/382
f 584/583/381 586/585/383 585/584/382
f 589/586/81 588/587/81 587/588/81
f 588/587/81 590/589/81 587/588/81
f 587/588/81 590/589/81 591/590/81
f 590/589/81 592/591/81 591/590/81
f 591/590/81 592/591/81 593/592/81
f 592/591/81 594/593/81 593/592/81
f 593/592/81 594/593/81 595/594/81
f 594/593/81 596/595/81 595/594/81
f 599/596/384 598/597/385 597/598/386
f 598/597/385 600/599/387 597/598/386
f 597/598/386 600/599/387 601/600/388
f 600/599/387 602/601/389 601/600/388
f 601/600/388 602/601/389 603/602/390
f 602/601/389 604/603/391 603/602/390
f 607/604/392 606/605/392 605/606/392
f 606/605/392 608/607/393 605/606/392
f 605/606/392 608/607/393 609/608/394
f 608/607/393 610/609/395 609/608/394
f 609/608/394 610/609/395 611/610/396
f 610/609/395 612/611/397 611/610/396
f 615/612/398 614/613/399 613/614/400
f 614/613/399 616/615/401 613/614/400
f 613/614/400 616/615/401 617/616/402
f 616/615/401 618/617/403 617/616/402
f 617/616/402 618/617/403 619/618/404
f 618/617/403 620/619/405 619/618/404
f 619/618/404 620/619/405 621/620/406
f 620/619/405 622/621/407 621/620/406
f 621/620/406 622/621/407 623/622/408
f 622/621/407 624/623/409 623/622/408
f 623/622/408 624/623/409 625/624/410
f 624/623/409 626/625/411 625/624/410
f 625/624/410 626/625/411 627/626/412
f 626/625/411 628/627/412 627/626/412
f 627/626/412 628/627/412 629/628/413
f 628/627/412 630/629/414 629/628/413
f 633/630/415 632/631/416 631/632/417
f 632/631/416 634/633/418 631/632/417
f 631/632/417 634/633/418 635/634/419
f 634/633/418 636/635/420 635/634/419
f 639/636/81 638/637/81 637/638/81
f 638/637/81 640/639/81 637/638/81
f 637/638/81 640/639/81 641/640/81
f 640/639/81 642/641/81 641/640/81
f 641/640/81 642/641/81 643/642/81
f 642/641/81 644/643/81 643/642/81
f 643/642/81 644/643/81 645/644/81
f 644/643/81 646/645/81 645/644/81
f 649/646/421 648/647/422 647/648/423
f 648/647/422 650/649/424 647/648/423
f 647/648/423 650/649/424 651/650/425
f 650/649/424 652/651/426 651/650/425
f 651/650/425 652/651/426 653/652/427
f 652/651/426 654/653/428 653/652/427
f 653/652/427 654/653/428 655/654/429
f 654/653/428 656/655/430 655/654/429
f 655/654/429 656/655/430 657/656/431
f 656/655/430 658/657/432 657/656/431
f 657/656/431 658/657/432 659/658/433
f 658/657/432 660/659/434 659/658/433
f 663/660/435 662/661/436 661/662/437
f 662/661/436 664/663/438 661/662/437
f 661/662/437 664/663/438 665/664/439
f 664/663/438 666/665/440 665/664/439
f 665/664/439 666/665/440 667/666/441
f 666/665/440 668/667/442 667/666/441
f 667/666/441 668/667/442 669/668/443
f 668/667/442 670/669/444 669/668/443
f 669/668/443 670/669/444 671/670/445
f 670/669/444 672/671/446 671/670/445
f 671/670/445 672/671/446 673/672/447
f 672/671/446 674/673/448 673/672/447
f 673/672/447 674/673/448 675/674/449
f 674/673/448 676/675/450 675/674/449
f 675/674/449 676/675/450 677/676/451
f 676/675/450 678/677/452 677/676/451
f 681/678/453 680/679/454 679/680/455
f 680/679/454 682/681/456 679/680/455
f 679/680/455 682/681/456 683/682/457
f 682/681/456 684/683/458 683/682/457
f 687/684/459 686/685/81 685/686/187
f 686/685/81 688/687/81 685/686/187
f 685/686/187 688/687/81 689/688/81
f 688/687/81 690/689/81 689/688/81
f 689/688/81 690/689/81 691/690/81
f 690/689/81 692/691/81 691/690/81
f 691/690/81 692/691/81 693/692/81
f 692/691/81 694/693/220 693/692/81
f 697/694/460 696/695/461 695/696/462
f 696/695/461 698/697/463 695/696/462
f 695/696/462 698/697/463 699/698/464
f 698/697/463 700/699/465 699/698/464
f 699/698/464 700/699/465 701/700/466
f 700/699/465 702/701/467 701/700/466
f 705/702/468 704/703/469 703/704/468
f 704/703/469 706/705/470 703/704/468
f 703/704/468 706/705/470 707/706/471
f 706/705/470 704/703/469 708/707/472
f 706/705/470 709/708/473 707/706/471
f 707/706/471 709/708/473 710/709/474
f 709/708/473 711/710/475 710/709/474
f 712/711/476 706/705/470 708/707/472
f 709/708/473 706/705/470 712/711/476
f 712/711/476 708/707/472 713/712/477
f 711/710/475 709/708/473 714/713/478
f 714/713/478 709/708/473 712/711/476
f 715/714/479 711/710/475 714/713/478
f 716/715/480 712/711/476 713/712/477
f 714/713/478 712/711/476 716/715/480
f 716/715/480 713/712/477 717/716/481
f 715/714/479 714/713/478 718/717/482
f 718/717/482 714/713/478 716/715/480
f 719/718/483 715/714/479 718/717/482
f 720/719/484 716/715/480 717/716/481
f 718/717/482 716/715/480 720/719/484
f 720/719/484 717/716/481 721/720/485
f 722/721/486 720/719/484 721/720/485
f 719/718/483 718/717/482 723/722/487
f 723/722/487 718/717/482 720/719/484
f 723/722/487 720/719/484 722/721/486
f 724/723/488 719/718/483 723/722/487
f 725/724/489 723/722/487 722/721/486
f 724/723/488 723/722/487 725/724/489
f 726/725/490 724/723/488 725/724/489
f 729/726/491 728/727/492 727/728/493
f 728/727/492 730/729/494 727/728/493
f 728/727/492 731/730/495 730/729/494
f 727/728/493 730/729/494 732/731/496
f 731/730/495 733/732/497 730/729/494
f 730/729/494 734/733/498 732/731/496
f 730/729/494 733/732/497 734/733/498
f 732/731/496 734/733/498 735/734/499
f 733/732/497 736/735/500 734/733/498
f 734/733/498 737/736/501 735/734/499
f 734/733/498 736/735/500 737/736/501
f 736/735/500 738/737/502 737/736/501
f 741/738/503 740/739/504 739/740/505
f 740/739/504 742/741/506 739/740/505
f 739/740/505 742/741/506 743/742/507
f 740/739/504 744/743/508 742/741/506
f 742/741/506 745/744/509 743/742/507
f 743/742/507 745/744/509 746/745/510
f 745/744/509 747/746/511 746/745/510
f 744/743/508 748/747/512 742/741/506
f 742/741/506 748/747/512 745/744/509
f 744/743/508 749/748/513 748/747/512
f 745/744/509 750/749/514 747/746/511
f 748/747/512 750/749/514 745/744/509
f 750/749/514 751/750/515 747/746/511
f 749/748/513 752/751/516 748/747/512
f 748/747/512 752/751/516 750/749/514
f 749/748/513 753/752/517 752/751/516
f 753/752/517 754/753/518 752/751/516
f 750/749/514 755/754/519 751/750/515
f 752/751/516 755/754/519 750/749/514
f 752/751/516 754/753/518 755/754/519
f 755/754/519 756/755/520 751/750/515
f 754/753/518 757/756/521 755/754/519
f 755/754/519 757/756/521 756/755/520
f 757/756/521 758/757/522 756/755/520
f 761/758/523 760/759/524 759/760/525
f 762/761/523 761/758/523 759/760/525
f 762/761/523 759/760/525 763/762/526
f 764/763/527 761/758/523 762/761/523
f 765/764/523 762/761/523 763/762/526
f 765/764/523 763/762/526 766/765/528
f 767/766/529 765/764/523 766/765/528
f 768/767/527 764/763/527 762/761/523
f 768/767/527 762/761/523 765/764/523
f 769/768/530 764/763/527 768/767/527
f 770/769/527 765/764/523 767/766/529
f 770/769/527 768/767/527 765/764/523
f 771/770/527 770/769/527 767/766/529
f 772/771/530 769/768/530 768/767/527
f 772/771/530 768/767/527 770/769/527
f 773/772/531 769/768/530 772/771/530
f 774/773/531 773/772/531 772/771/530
f 775/774/532 770/769/527 771/770/527
f 775/774/532 772/771/530 770/769/527
f 774/773/531 772/771/530 775/774/532
f 776/775/532 775/774/532 771/770/527
f 777/776/533 774/773/531 775/774/532
f 777/776/533 775/774/532 776/775/532
f 778/777/534 777/776/533 776/775/532
f 781/778/535 780/779/536 779/780/537
f 782/781/538 781/778/535 779/780/537
f 782/781/538 779/780/537 783/782/539
f 784/783/540 781/778/535 782/781/538
f 785/784/541 782/781/538 783/782/539
f 785/784/541 783/782/539 786/785/542
f 787/786/543 785/784/541 786/785/542
f 788/787/544 784/783/540 782/781/538
f 788/787/544 782/781/538 785/784/541
f 789/788/545 784/783/540 788/787/544
f 790/789/546 785/784/541 787/786/543
f 790/789/546 788/787/544 785/784/541
f 791/790/547 790/789/546 787/786/543
f 792/791/548 789/788/545 788/787/544
f 792/791/548 788/787/544 790/789/546
f 793/792/549 789/788/545 792/791/548
f 794/793/550 793/792/549 792/791/548
f 795/794/551 790/789/546 791/790/547
f 795/794/551 792/791/548 790/789/546
f 794/793/550 792/791/548 795/794/551
f 796/795/552 795/794/551 791/790/547
f 797/796/553 794/793/550 795/794/551
f 797/796/553 795/794/551 796/795/552
f 798/797/554 797/796/553 796/795/552
f 801/798/555 800/799/556 799/800/557
f 800/799/556 802/801/558 799/800/557
f 800/799/556 803/802/559 802/801/558
f 799/800/557 802/801/558 804/803/560
f 803/802/559 805/804/561 802/801/558
f 802/801/558 806/805/562 804/803/560
f 802/801/558 805/804/561 806/805/562
f 804/803/560 806/805/562 807/806/563
f 805/804/561 808/807/564 806/805/562
f 806/805/562 809/808/565 807/806/563
f 806/805/562 808/807/564 809/808/565
f 808/807/564 810/809/566 809/808/565
f 813/810/567 812/811/568 811/812/569
f 812/811/568 814/813/570 811/812/569
f 811/812/569 814/813/570 815/814/571
f 812/811/568 816/815/572 814/813/570
f 814/813/570 817/816/573 815/814/571
f 815/814/571 817/816/573 818/817/574
f 817/816/573 819/818/575 818/817/574
f 816/815/572 820/819/576 814/813/570
f 814/813/570 820/819/576 817/816/573
f 816/815/572 821/820/577 820/819/576
f 817/816/573 822/821/578 819/818/575
f 820/819/576 822/821/578 817/816/573
f 822/821/578 823/822/579 819/818/575
f 821/820/577 824/823/580 820/819/576
f 820/819/576 824/823/580 822/821/578
f 821/820/577 825/824/581 824/823/580
f 825/824/581 826/825/582 824/823/580
f 822/821/578 827/826/583 823/822/579
f 824/823/580 827/826/583 822/821/578
f 824/823/580 826/825/582 827/826/583
f 827/826/583 828/827/584 823/822/579
f 826/825/582 829/828/585 827/826/583
f 827/826/583 829/828/585 828/827/584
f 829/828/585 830/829/586 828/827/584
f 833/830/587 832/831/588 831/832/589
f 832/831/588 834/833/590 831/832/589
f 831/832/589 834/833/590 835/834/591
f 832/831/588 836/835/592 834/833/590
f 834/833/590 837/836/593 835/834/591
f 835/834/591 837/836/593 838/837/594
f 837/836/593 839/838/595 838/837/594
f 836/835/592 840/839/596 834/833/590
f 834/833/590 840/839/596 837/836/593
f 836/835/592 841/840/597 840/839/596
f 837/836/593 842/841/598 839/838/595
f 840/839/596 842/841/598 837/836/593
f 842/841/598 843/842/599 839/838/595
f 841/840/597 844/843/600 840/839/596
f 840/839/596 844/843/600 842/841/598
f 841/840/597 845/844/601 844/843/600
f 845/844/601 846/845/602 844/843/600
f 842/841/598 847/846/603 843/842/599
f 844/843/600 847/846/603 842/841/598
f 844/843/600 846/845/602 847/846/603
f 847/846/603 848/847/604 843/842/599
f 846/845/602 849/848/605 847/846/603
f 847/846/603 849/848/605 848/847/604
f 849/848/605 850/849/606 848/847/604
f 853/850/607 852/851/608 851/852/609
f 854/853/610 853/850/607 851/852/609
f 855/854/611 853/850/607 854/853/610
f 854/853/610 851/852/609 856/855/612
f 857/856/611 855/854/611 854/853/610
f 858/857/613 854/853/610 856/855/612
f 857/856/611 854/853/610 858/857/613
f 858/857/613 856/855/612 859/858/609
f 860/859/611 857/856/611 858/857/613
f 861/860/610 858/857/613 859/858/609
f 860/859/611 858/857/613 861/860/610
f 862/861/611 860/859/611 861/860/610
f 865/862/614 864/863/615 863/864/616
f 866/865/617 865/862/614 863/864/616
f 866/865/617 863/864/616 867/866/618
f 868/867/619 865/862/614 866/865/617
f 869/868/620 866/865/617 867/866/618
f 869/868/620 867/866/618 870/869/621
f 871/870/622 869/868/620 870/869/621
f 872/871/623 868/867/619 866/865/617
f 872/871/623 866/865/617 869/868/620
f 873/872/624 868/867/619 872/871/623
f 874/873/625 869/868/620 871/870/622
f 874/873/625 872/871/623 869/868/620
f 875/874/626 874/873/625 871/870/622
f 876/875/627 873/872/624 872/871/623
f 876/875/627 872/871/623 874/873/625
f 877/876/628 873/872/624 876/875/627
f 878/877/629 877/876/628 876/875/627
f 879/878/630 874/873/625 875/874/626
f 879/878/630 876/875/627 874/873/625
f 878/877/629 876/875/627 879/878/630
f 880/879/631 879/878/630 875/874/626
f 881/880/632 878/877/629 879/878/630
f 881/880/632 879/878/630 880/879/631
f 882/881/633 881/880/632 880/879/631
f 885/882/634 884/883/635 883/884/636
f 884/883/635 886/885/637 883/884/636
f 884/883/635 887/886/638 886/885/637
f 883/884/636 886/885/637 888/887/639
f 887/886/638 889/888/640 886/885/637
f 886/885/637 890/889/641 888/887/639
f 886/885/637 889/888/640 890/889/641
f 888/887/639 890/889/641 891/890/642
f 889/888/640 892/891/643 890/889/641
f 890/889/641 893/892/644 891/890/642
f 890/889/641 892/891/643 893/892/644
f 892/891/643 894/893/645 893/892/644
f 897/894/646 896/895/647 895/896/648
f 896/895/647 898/897/649 895/896/648
f 895/896/648 898/897/649 899/898/650
f 896/895/647 900/899/651 898/897/649
f 898/897/649 901/900/652 899/898/650
f 899/898/650 901/900/652 902/901/653
f 901/900/652 903/902/654 902/901/653
f 900/899/651 904/903/655 898/897/649
f 898/897/649 904/903/655 901/900/652
f 900/899/651 905/904/656 904/903/655
f 901/900/652 906/905/657 903/902/654
f 904/903/655 906/905/657 901/900/652
f 906/905/657 907/906/658 903/902/654
f 905/904/656 908/907/659 904/903/655
f 904/903/655 908/907/659 906/905/657
f 905/904/656 909/908/660 908/907/659
f 909/908/660 910/909/661 908/907/659
f 906/905/657 911/910/662 907/906/658
f 908/907/659 911/910/662 906/905/657
f 908/907/659 910/909/661 911/910/662
f 911/910/662 912/911/663 907/906/658
f 910/909/661 913/912/664 911/910/662
f 911/910/662 913/912/664 912/911/663
f 913/912/664 914/913/665 912/911/663
f 917/914/666 916/915/667 915/916/667
f 918/917/666 917/914/666 915/916/667
f 918/917/666 915/916/667 919/918/668
f 920/919/669 917/914/666 918/917/666
f 921/920/666 918/917/666 919/918/668
f 921/920/666 919/918/668 922/921/670
f 923/922/671 921/920/666 922/921/670
f 924/923/669 920/919/669 918/917/666
f 924/923/669 918/917/666 921/920/666
f 925/924/672 920/919/669 924/923/669
f 926/925/669 921/920/666 923/922/671
f 926/925/669 924/923/669 921/920/666
f 927/926/669 926/925/669 923/922/671
f 928/927/673 925/924/672 924/923/669
f 928/927/673 924/923/669 926/925/669
f 929/928/674 925/924/672 928/927/673
f 930/929/674 929/928/674 928/927/673
f 931/930/672 926/925/669 927/926/669
f 931/930/672 928/927/673 926/925/669
f 930/929/674 928/927/673 931/930/672
f 932/931/673 931/930/672 927/926/669
f 933/932/674 930/929/674 931/930/672
f 933/932/674 931/930/672 932/931/673
f 934/933/674 933/932/674 932/931/673
f 937/934/675 936/935/676 935/936/677
f 938/937/678 937/934/675 935/936/677
f 938/937/678 935/936/677 939/938/679
f 940/939/680 937/934/675 938/937/678
f 941/940/681 938/937/678 939/938/679
f 941/940/681 939/938/679 942/941/682
f 943/942/683 941/940/681 942/941/682
f 944/943/684 940/939/680 938/937/678
f 944/943/684 938/937/678 941/940/681
f 945/944/685 940/939/680 944/943/684
f 946/945/686 941/940/681 943/942/683
f 946/945/686 944/943/684 941/940/681
f 947/946/687 946/945/686 943/942/683
f 948/947/688 945/944/685 944/943/684
f 948/947/688 944/943/684 946/945/686
f 949/948/689 945/944/685 948/947/688
f 950/949/690 949/948/689 948/947/688
f 951/950/691 946/945/686 947/946/687
f 951/950/691 948/947/688 946/945/686
f 950/949/690 948/947/688 951/950/691
f 952/951/692 951/950/691 947/946/687
f 953/952/693 950/949/690 951/950/691
f 953/952/693 951/950/691 952/951/692
f 954/953/694 953/952/693 952/951/692
f 957/954/695 956/955/696 955/956/697
f 956/955/696 958/957/698 955/956/697
f 956/955/696 959/958/699 958/957/698
f 955/956/697 958/957/698 960/959/700
f 959/958/699 961/960/701 958/957/698
f 958/957/698 962/961/702 960/959/700
f 958/957/698 961/960/701 962/961/702
f 960/959/700 962/961/702 963/962/703
f 961/960/701 964/963/704 962/961/702
f 962/961/702 965/964/705 963/962/703
f 962/961/702 964/963/704 965/964/705
f 964/963/704 966/965/706 965/964/705
f 969/966/707 968/967/708 967/968/709
f 968/967/708 970/969/710 967/968/709
f 967/968/709 970/969/710 971/970/711
f 968/967/708 972/971/712 970/969/710
f 970/969/710 973/972/713 971/970/711
f 971/970/711 973/972/713 974/973/714
f 973/972/713 975/974/715 974/973/714
f 972/971/712 976/975/716 970/969/710
f 970/969/710 976/975/716 973/972/713
f 972/971/712 977/976/717 976/975/716
f 973/972/713 978/977/718 975/974/715
f 976/975/716 978/977/718 973/972/713
f 978/977/718 979/978/719 975/974/715
f 977/976/717 980/979/720 976/975/716
f 976/975/716 980/979/720 978/977/718
f 977/976/717 981/980/721 980/979/720
f 981/980/721 982/981/722 980/979/720
f 978/977/718 983/982/723 979/978/719
f 980/979/720 983/982/723 978/977/718
f 980/979/720 982/981/722 983/982/723
f 983/982/723 984/983/724 979/978/719
f 982/981/722 985/984/725 983/982/723
f 983/982/723 985/984/725 984/983/724
f 985/984/725 986/985/726 984/983/724
f 989/986/727 988/987/728 987/988/729
f 988/987/728 990/989/730 987/988/729
f 987/988/729 990/989/730 991/990/731
f 988/987/728 992/991/732 990/989/730
f 990/989/730 993/992/733 991/990/731
f 991/990/731 993/992/733 994/993/734
f 993/992/733 995/994/735 994/993/734
f 992/991/732 996/995/736 990/989/730
f 990/989/730 996/995/736 993/992/733
f 992/991/732 997/996/737 996/995/736
f 993/992/733 998/997/738 995/994/735
f 996/995/736 998/997/738 993/992/733
f 998/997/738 999/998/739 995/994/735
f 997/996/737 1000/999/740 996/995/736
f 996/995/736 1000/999/740 998/997/738
f 997/996/737 1001/1000/741 1000/999/740
f 1001/1000/741 1002/1001/742 1000/999/740
f 998/997/738 1003/1002/743 999/998/739
f 1000/999/740 1003/1002/743 998/997/738
f 1000/999/740 1002/1001/742 1003/1002/743
f 1003/1002/743 1004/1003/744 999/998/739
f 1002/1001/742 1005/1004/745 1003/1002/743
f 1003/1002/743 1005/1004/745 1004/1003/744
f 1005/1004/745 1006/1005/746 1004/1003/744
f 1009/1006/747 1008/1007/748 1007/1008/749
f 1010/1009/750 1009/1006/747 1007/1008/749
f 1010/1009/750 1007/1008/749 1011/1010/751
f 1012/1011/752 1009/1006/747 1010/1009/750
f 1013/1012/753 1010/1009/750 1011/1010/751
f 1013/1012/753 1011/1010/751 1014/1013/754
f 1015/1014/755 1013/1012/753 1014/1013/754
f 1016/1015/756 1012/1011/752 1010/1009/750
f 1016/1015/756 1010/1009/750 1013/1012/753
f 1017/1016/757 1012/1011/752 1016/1015/756
f 1018/1017/758 1013/1012/753 1015/1014/755
f 1018/1017/758 1016/1015/756 1013/1012/753
f 1019/1018/759 1018/1017/758 1015/1014/755
f 1020/1019/760 1017/1016/757 1016/1015/756
f 1020/1019/760 1016/1015/756 1018/1017/758
f 1021/1020/761 1017/1016/757 1020/1019/760
f 1022/1021/762 1021/1020/761 1020/1019/760
f 1023/1022/763 1018/1017/758 1019/1018/759
f 1023/1022/763 1020/1019/760 1018/1017/758
f 1022/1021/762 1020/1019/760 1023/1022/763
f 1024/1023/764 1023/1022/763 1019/1018/759
f 1025/1024/765 1022/1021/762 1023/1022/763
f 1025/1024/765 1023/1022/763 1024/1023/764
f 1026/1025/766 1025/1024/765 1024/1023/764
f 1029/1026/767 1028/1027/768 1027/1028/768
f 1030/1029/767 1029/1026/767 1027/1028/768
f 1031/1030/769 1029/1026/767 1030/1029/767
f 1030/1029/767 1027/1028/768 1032/1031/768
f 1033/1032/769 1031/1030/769 1030/1029/767
f 1034/1033/767 1030/1029/767 1032/1031/768
f 1033/1032/769 1030/1029/767 1034/1033/767
f 1034/1033/767 1032/1031/768 1035/1034/768
f 1036/1035/769 1033/1032/769 1034/1033/767
f 1037/1036/767 1034/1033/767 1035/1034/768
f 1036/1035/769 1034/1033/767 1037/1036/767
f 1038/1037/769 1036/1035/769 1037/1036/767
f 1041/1038/770 1040/1039/770 1039/1040/770
f 1040/1039/770 1042/1041/770 1039/1040/770
f 1040/1039/770 1043/1042/770 1042/1041/770
f 1039/1040/770 1042/1041/770 1044/1043/771
f 1043/1042/770 1045/1044/770 1042/1041/770
f 1043/1042/770 1046/1045/770 1045/1044/770
f 1046/1045/770 1047/1046/770 1045/1044/770
f 1042/1041/770 1045/1044/770 1048/1047/772
f 1042/1041/770 1048/1047/772 1044/1043/771
f 1045/1044/770 1047/1046/770 1049/1048/773
f 1045/1044/770 1049/1048/773 1048/1047/772
f 1047/1046/770 1050/1049/774 1049/1048/773
f 1050/1049/774 1051/1050/775 1049/1048/773
f 1051/1050/775 1052/1051/776 1049/1048/773
f 1049/1048/773 1052/1051/776 1048/1047/772
f 1052/1051/776 1053/1052/777 1048/1047/772
f 1048/1047/772 1053/1052/777 1044/1043/771
f 1053/1052/777 1054/1053/778 1044/1043/771
f 1044/1043/771 1054/1053/778 1055/1054/779
f 1054/1053/778 1056/1055/780 1055/1054/779
f 1055/1054/779 1056/1055/780 1057/1056/781
f 1056/1055/780 1058/1057/782 1057/1056/781
f 1057/1056/781 1058/1057/782 1059/1058/783
f 1058/1057/782 1060/1059/784 1059/1058/783
f 1063/1060/785 1062/1061/786 1061/1062/787
f 1062/1061/786 1064/1063/788 1061/1062/787
f 1062/1061/786 1065/611/789 1064/1063/788
f 1061/1062/787 1064/1063/788 1066/1064/790
f 1065/611/789 1067/1065/791 1064/1063/788
f 1064/1063/788 1068/1066/792 1066/1064/790
f 1064/1063/788 1067/1065/791 1068/1066/792
f 1066/1064/790 1068/1066/792 1069/1067/793
f 1067/1065/791 1070/1068/794 1068/1066/792
f 1068/1066/792 1071/1069/795 1069/1067/793
f 1068/1066/792 1070/1068/794 1071/1069/795
f 1070/1068/794 1072/1070/796 1071/1069/795
f 1075/1071/797 1074/1072/798 1073/1073/799
f 1074/1072/798 1076/1074/800 1073/1073/799
f 1073/1073/799 1076/1074/800 1077/1075/801
f 1074/1072/798 1078/1076/802 1076/1074/800
f 1076/1074/800 1079/1077/803 1077/1075/801
f 1077/1075/801 1079/1077/803 1080/1078/804
f 1079/1077/803 1081/1079/805 1080/1078/804
f 1078/1076/802 1082/1080/806 1076/1074/800
f 1076/1074/800 1082/1080/806 1079/1077/803
f 1078/1076/802 1083/1081/807 1082/1080/806
f 1079/1077/803 1084/1082/808 1081/1079/805
f 1082/1080/806 1084/1082/808 1079/1077/803
f 1084/1082/808 1085/1083/809 1081/1079/805
f 1083/1081/807 1086/1084/810 1082/1080/806
f 1082/1080/806 1086/1084/810 1084/1082/808
f 1083/1081/807 1087/1085/811 1086/1084/810
f 1087/1085/811 1088/1086/812 1086/1084/810
f 1084/1082/808 1089/1087/813 1085/1083/809
f 1086/1084/810 1089/1087/813 1084/1082/808
f 1086/1084/810 1088/1086/812 1089/1087/813
f 1089/1087/813 1090/1088/814 1085/1083/809
f 1088/1086/812 1091/1089/815 1089/1087/813
f 1089/1087/813 1091/1089/815 1090/1088/814
f 1091/1089/815 1092/1090/816 1090/1088/814
f 1095/1091/817 1094/1092/818 1093/1093/818
f 1096/1094/817 1095/1091/817 1093/1093/818
f 1096/1094/817 1093/1093/818 1097/1095/819
f 1098/1096/820 1095/1091/817 1096/1094/817
f 1099/1097/821 1096/1094/817 1097/1095/819
f 1099/1097/821 1097/1095/819 1100/1098/822
f 1101/1099/821 1099/1097/821 1100/1098/822
f 1102/1100/820 1098/1096/820 1096/1094/817
f 1102/1100/820 1096/1094/817 1099/1097/821
f 1103/1101/823 1098/1096/820 1102/1100/820
f 1104/1102/820 1099/1097/821 1101/1099/821
f 1104/1102/820 1102/1100/820 1099/1097/821
f 1105/1103/820 1104/1102/820 1101/1099/821
f 1106/1104/824 1103/1101/823 1102/1100/820
f 1106/1104/824 1102/1100/820 1104/1102/820
f 1107/1105/825 1103/1101/823 1106/1104/824
f 1108/1106/826 1107/1105/825 1106/1104/824
f 1109/1107/827 1104/1102/820 1105/1103/820
f 1109/1107/827 1106/1104/824 1104/1102/820
f 1108/1106/826 1106/1104/824 1109/1107/827
f 1110/1108/827 1109/1107/827 1105/1103/820
f 1111/1109/828 1108/1106/826 1109/1107/827
f 1111/1109/828 1109/1107/827 1110/1108/827
f 1112/1110/828 1111/1109/828 1110/1108/827
f 1115/1111/829 1114/1112/830 1113/1113/831
f 1116/1114/832 1115/1111/829 1113/1113/831
f 1116/1114/832 1113/1113/831 1117/1115/833
f 1118/1116/834 1115/1111/829 1116/1114/832
f 1119/1117/835 1116/1114/832 1117/1115/833
f 1119/1117/835 1117/1115/833 1120/1118/836
f 1121/1119/837 1119/1117/835 1120/1118/836
f 1122/1120/838 1118/1116/834 1116/1114/832
f 1122/1120/838 1116/1114/832 1119/1117/835
f 1123/1121/839 1118/1116/834 1122/1120/838
f 1124/1122/840 1119/1117/835 1121/1119/837
f 1124/1122/840 1122/1120/838 1119/1117/835
f 1125/1123/841 1124/1122/840 1121/1119/837
f 1126/1124/842 1123/1121/839 1122/1120/838
f 1126/1124/842 1122/1120/838 1124/1122/840
f 1127/1125/843 1123/1121/839 1126/1124/842
f 1128/1126/844 1127/1125/843 1126/1124/842
f 1129/1127/845 1124/1122/840 1125/1123/841
f 1129/1127/845 1126/1124/842 1124/1122/840
f 1128/1126/844 1126/1124/842 1129/1127/845
f 1130/1128/846 1129/1127/845 1125/1123/841
f 1131/1129/847 1128/1126/844 1129/1127/845
f 1131/1129/847 1129/1127/845 1130/1128/846
f 1132/1130/848 1131/1129/847 1130/1128/846
f 1135/1131/849 1134/1132/850 1133/1133/851
f 1134/1132/850 1136/1134/852 1133/1133/851
f 1134/1132/850 1137/1135/853 1136/1134/852
f 1133/1133/851 1136/1134/852 1138/1136/854
f 1137/1135/853 1139/1137/855 1136/1134/852
f 1136/1134/852 1140/1138/856 1138/1136/854
f 1136/1134/852 1139/1137/855 1140/1138/856
f 1138/1136/854 1140/1138/856 1141/1139/857
f 1139/1137/855 1142/1140/858 1140/1138/856
f 1140/1138/856 1143/1141/859 1141/1139/857
f 1140/1138/856 1142/1140/858 1143/1141/859
f 1142/1140/858 1144/1142/860 1143/1141/859
f 1147/1143/861 1146/1144/862 1145/1145/863
f 1146/1144/862 1148/1146/864 1145/1145/863
f 1145/1145/863 1148/1146/864 1149/1147/865
f 1146/1144/862 1150/1148/866 1148/1146/864
f 1148/1146/864 1151/1149/867 1149/1147/865
f 1149/1147/865 1151/1149/867 1152/1150/868
f 1150/1148/866 1153/1151/869 1148/1146/864
f 1148/1146/864 1153/1151/869 1151/1149/867
f 1150/1148/866 1154/1152/870 1153/1151/869
f 1154/1152/870 1155/1153/871 1153/1151/869
f 1153/1151/869 1155/1153/871 1156/1154/872
f 1153/1151/869 1156/1154/872 1151/1149/867
f 1155/1153/871 1157/1155/873 1156/1154/872
f 1151/1149/867 1158/1156/874 1152/1150/868
f 1151/1149/867 1156/1154/872 1158/1156/874
f 1152/1150/868 1158/1156/874 1159/1157/875
f 1158/1156/874 1160/1158/876 1159/1157/875
f 1156/1154/872 1157/1155/873 1161/1159/877
f 1156/1154/872 1161/1159/877 1158/1156/874
f 1158/1156/874 1161/1159/877 1160/1158/876
f 1157/1155/873 1162/1160/878 1161/1159/877
f 1161/1159/877 1163/1161/879 1160/1158/876
f 1161/1159/877 1162/1160/878 1163/1161/879
f 1162/1160/878 1164/1162/880 1163/1161/879
f 1167/1163/881 1166/1164/882 1165/1165/883
f 1168/1166/884 1167/1163/881 1165/1165/883
f 1168/1166/884 1165/1165/883 1169/750/885
f 1170/1167/886 1167/1163/881 1168/1166/884
f 1171/1168/887 1168/1166/884 1169/750/885
f 1171/1168/887 1169/750/885 1172/1169/888
f 1173/1170/889 1170/1167/886 1168/1166/884
f 1173/1170/889 1168/1166/884 1171/1168/887
f 1174/1171/890 1170/1167/886 1173/1170/889
f 1175/1172/891 1174/1171/890 1173/1170/889
f 1175/1172/891 1173/1170/889 1176/1173/892
f 1176/1173/892 1173/1170/889 1171/1168/887
f 1177/1174/893 1175/1172/891 1176/1173/892
f 1178/1175/894 1171/1168/887 1172/1169/888
f 1176/1173/892 1171/1168/887 1178/1175/894
f 1178/1175/894 1172/1169/888 1179/1176/895
f 1180/1177/896 1178/1175/894 1179/1176/895
f 1177/1174/893 1176/1173/892 1181/1178/897
f 1181/1178/897 1176/1173/892 1178/1175/894
f 1181/1178/897 1178/1175/894 1180/1177/896
f 1182/1179/898 1177/1174/893 1181/1178/897
f 1183/1180/899 1181/1178/897 1180/1177/896
f 1182/1179/898 1181/1178/897 1183/1180/899
f 1184/1181/900 1182/1179/898 1183/1180/899
f 1187/1182/901 1186/1183/902 1185/1184/903
f 1186/1183/902 1188/1185/904 1185/1184/903
f 1185/1184/903 1188/1185/904 1189/1186/905
f 1186/1183/902 1190/1187/906 1188/1185/904
f 1188/1185/904 1191/1188/905 1189/1186/905
f 1190/1187/906 1192/1189/903 1188/1185/904
f 1188/1185/904 1192/1189/903 1191/1188/905
f 1190/1187/906 1193/1190/907 1192/1189/903
f 1192/1189/903 1194/1191/905 1191/1188/905
f 1193/1190/907 1195/1192/908 1192/1189/903
f 1192/1189/903 1195/1192/908 1194/1191/905
f 1195/1192/908 1196/1030/905 1194/1191/905
f 1199/113/909 1198/1193/910 1197/1194/911
f 1198/1193/910 1200/1195/912 1197/1194/911
f 1197/1194/911 1200/1195/912 1201/1196/913
f 1198/1193/910 1202/1197/910 1200/1195/912
f 1200/1195/912 1203/1198/914 1201/1196/913
f 1202/1197/910 1204/1199/915 1200/1195/912
f 1200/1195/912 1204/1199/915 1203/1198/914
f 1202/1197/910 1205/1200/910 1204/1199/915
f 1204/1199/915 1206/1201/916 1203/1198/914
f 1205/1200/910 1207/1202/912 1204/1199/915
f 1204/1199/915 1207/1202/912 1206/1201/916
f 1207/1202/912 1208/1203/917 1206/1201/916
f 1211/1204/918 1210/1205/919 1209/1206/920
f 1212/1207/921 1211/1204/918 1209/1206/920
f 1212/1207/921 1209/1206/920 1213/1208/922
f 1214/1209/923 1211/1204/918 1212/1207/921
f 1215/1210/924 1212/1207/921 1213/1208/922
f 1216/1211/925 1214/1209/923 1212/1207/921
f 1216/1211/925 1212/1207/921 1215/1210/924
f 1217/1212/926 1214/1209/923 1216/1211/925
f 1218/1213/927 1216/1211/925 1215/1210/924
f 1219/1214/928 1217/1212/926 1216/1211/925
f 1219/1214/928 1216/1211/925 1218/1213/927
f 1220/1215/929 1219/1214/928 1218/1213/927
f 1223/1216/930 1222/1217/931 1221/1218/932
f 1224/1219/933 1223/1216/930 1221/1218/932
f 1224/1219/933 1221/1218/932 1225/1220/934
f 1226/1221/935 1223/1216/930 1224/1219/933
f 1227/1222/936 1224/1219/933 1225/1220/934
f 1228/1223/937 1226/1221/935 1224/1219/933
f 1228/1223/937 1224/1219/933 1227/1222/936
f 1229/1224/938 1226/1221/935 1228/1223/937
f 1230/1225/939 1228/1223/937 1227/1222/936
f 1231/1226/940 1229/1224/938 1228/1223/937
f 1231/1226/940 1228/1223/937 1230/1225/939
f 1232/1227/941 1231/1226/940 1230/1225/939
f 1235/1228/942 1234/1229/942 1233/1230/943
f 1234/1229/942 1236/1231/943 1233/1230/943
f 1233/1230/943 1236/1231/943 1237/1232/944
f 1234/1229/942 1238/1233/942 1236/1231/943
f 1236/1231/943 1239/1234/944 1237/1232/944
f 1237/1232/944 1239/1234/944 1240/1235/945
f 1238/1233/942 1241/1236/943 1236/1231/943
f 1236/1231/943 1241/1236/943 1239/1234/944
f 1238/1233/942 1242/1237/946 1241/1236/943
f 1242/1237/946 1243/1238/947 1241/1236/943
f 1241/1236/943 1243/1238/947 1244/1239/143
f 1241/1236/943 1244/1239/143 1239/1234/944
f 1243/1238/947 1245/1240/143 1244/1239/143
f 1239/1234/944 1246/1241/948 1240/1235/945
f 1239/1234/944 1244/1239/143 1246/1241/948
f 1240/1235/945 1246/1241/948 1247/1242/949
f 1246/1241/948 1248/1243/949 1247/1242/949
f 1244/1239/143 1245/1240/143 1249/1244/950
f 1244/1239/143 1249/1244/950 1246/1241/948
f 1246/1241/948 1249/1244/950 1248/1243/949
f 1245/1240/143 1250/1245/948 1249/1244/950
f 1249/1244/950 1251/1246/951 1248/1243/949
f 1249/1244/950 1250/1245/948 1251/1246/951
f 1250/1245/948 1252/1247/949 1251/1246/951
f 1255/1248/952 1254/1249/953 1253/1250/954
f 1254/1249/953 1256/1251/955 1253/1250/954
f 1253/1250/954 1256/1251/955 1257/1252/956
f 1254/1249/953 1258/1253/957 1256/1251/955
f 1256/1251/955 1259/1254/958 1257/1252/956
f 1257/1252/956 1259/1254/958 1260/1255/959
f 1259/1254/958 1261/1256/960 1260/1255/959
f 1258/1253/957 1262/1257/961 1256/1251/955
f 1256/1251/955 1262/1257/961 1259/1254/958
f 1258/1253/957 1263/1258/962 1262/1257/961
f 1259/1254/958 1264/1259/963 1261/1256/960
f 1262/1257/961 1264/1259/963 1259/1254/958
f 1264/1259/963 1265/1260/964 1261/1256/960
f 1263/1258/962 1266/1261/965 1262/1257/961
f 1262/1257/961 1266/1261/965 1264/1259/963
f 1263/1258/962 1267/1262/966 1266/1261/965
f 1267/1262/966 1268/1263/967 1266/1261/965
f 1264/1259/963 1269/1264/968 1265/1260/964
f 1266/1261/965 1269/1264/968 1264/1259/963
f 1266/1261/965 1268/1263/967 1269/1264/968
f 1269/1264/968 1270/1265/969 1265/1260/964
f 1268/1263/967 1271/1266/970 1269/1264/968
f 1269/1264/968 1271/1266/970 1270/1265/969
f 1271/1266/970 1272/1267/971 1270/1265/969
f 1275/1268/972 1274/1269/973 1273/1270/974
f 1276/1271/975 1275/1268/972 1273/1270/974
f 1276/1271/975 1273/1270/974 1277/1272/976
f 1278/1273/977 1275/1268/972 1276/1271/975
f 1279/1274/978 1276/1271/975 1277/1272/976
f 1279/1274/978 1277/1272/976 1280/1275/979
f 1281/1276/980 1279/1274/978 1280/1275/979
f 1282/1277/981 1278/1273/977 1276/1271/975
f 1282/1277/981 1276/1271/975 1279/1274/978
f 1283/1278/982 1278/1273/977 1282/1277/981
f 1284/1279/983 1279/1274/978 1281/1276/980
f 1284/1279/983 1282/1277/981 1279/1274/978
f 1285/1280/984 1284/1279/983 1281/1276/980
f 1286/1281/985 1283/1278/982 1282/1277/981
f 1286/1281/985 1282/1277/981 1284/1279/983
f 1287/1282/986 1283/1278/982 1286/1281/985
f 1288/1283/987 1287/1282/986 1286/1281/985
f 1289/1284/988 1284/1279/983 1285/1280/984
f 1289/1284/988 1286/1281/985 1284/1279/983
f 1288/1283/987 1286/1281/985 1289/1284/988
f 1290/1285/989 1289/1284/988 1285/1280/984
f 1291/1286/990 1288/1283/987 1289/1284/988
f 1291/1286/990 1289/1284/988 1290/1285/989
f 1292/1287/991 1291/1286/990 1290/1285/989
f 1295/1288/992 1294/1289/993 1293/1290/994
f 1296/1291/995 1295/1288/992 1293/1290/994
f 1296/1291/995 1293/1290/994 1297/1292/996
f 1298/1293/997 1295/1288/992 1296/1291/995
f 1299/1294/998 1296/1291/995 1297/1292/996
f 1299/1294/998 1297/1292/996 1300/1295/999
f 1301/1296/1000 1298/1293/997 1296/1291/995
f 1301/1296/1000 1296/1291/995 1299/1294/998
f 1302/1297/1001 1298/1293/997 1301/1296/1000
f 1303/1298/1002 1302/1297/1001 1301/1296/1000
f 1303/1298/1002 1301/1296/1000 1304/1299/1003
f 1304/1299/1003 1301/1296/1000 1299/1294/998
f 1305/1300/1004 1303/1298/1002 1304/1299/1003
f 1306/1301/1005 1299/1294/998 1300/1295/999
f 1304/1299/1003 1299/1294/998 1306/1301/1005
f 1306/1301/1005 1300/1295/999 1307/1302/1006
f 1308/1303/1007 1306/1301/1005 1307/1302/1006
f 1305/1300/1004 1304/1299/1003 1309/1304/1008
f 1309/1304/1008 1304/1299/1003 1306/1301/1005
f 1309/1304/1008 1306/1301/1005 1308/1303/1007
f 1310/1305/1009 1305/1300/1004 1309/1304/1008
f 1311/1306/1010 1309/1304/1008 1308/1303/1007
f 1310/1305/1009 1309/1304/1008 1311/1306/1010
f 1312/1307/1011 1310/1305/1009 1311/1306/1010
f 1315/1308/1012 1314/1309/1013 1313/1310/1014
f 1314/1309/1013 1316/1311/1015 1313/1310/1014
f 1313/1310/1014 1316/1311/1015 1317/1312/1016
f 1314/1309/1013 1318/1313/1017 1316/1311/1015
f 1316/1311/1015 1319/1314/1018 1317/1312/1016
f 1317/1312/1016 1319/1314/1018 1320/1315/1019
f 1318/1313/1017 1321/1316/1020 1316/1311/1015
f 1316/1311/1015 1321/1316/1020 1319/1314/1018
f 1318/1313/1017 1322/1317/1021 1321/1316/1020
f 1322/1317/1021 1323/1318/1022 1321/1316/1020
f 1321/1316/1020 1323/1318/1022 1324/1319/1023
f 1321/1316/1020 1324/1319/1023 1319/1314/1018
f 1323/1318/1022 1325/1320/1024 1324/1319/1023
f 1319/1314/1018 1326/1321/1025 1320/1315/1019
f 1319/1314/1018 1324/1319/1023 1326/1321/1025
f 1320/1315/1019 1326/1321/1025 1327/1322/1026
f 1326/1321/1025 1328/1323/1027 1327/1322/1026
f 1324/1319/1023 1325/1320/1024 1329/1324/1028
f 1324/1319/1023 1329/1324/1028 1326/1321/1025
f 1326/1321/1025 1329/1324/1028 1328/1323/1027
f 1325/1320/1024 1330/1325/1029 1329/1324/1028
f 1329/1324/1028 1331/1326/1030 1328/1323/1027
f 1329/1324/1028 1330/1325/1029 1331/1326/1030
f 1330/1325/1029 1332/1327/1031 1331/1326/1030
f 1335/1328/1032 1334/1329/1033 1333/1330/1034
f 1334/1329/1033 1336/1331/1035 1333/1330/1034
f 1333/1330/1034 1336/1331/1035 1337/861/1036
f 1334/1329/1033 1338/1332/1037 1336/1331/1035
f 1336/1331/1035 1339/1333/1038 1337/861/1036
f 1338/1332/1037 1340/1334/1034 1336/1331/1035
f 1336/1331/1035 1340/1334/1034 1339/1333/1038
f 1338/1332/1037 1341/1335/1039 1340/1334/1034
f 1340/1334/1034 1342/1336/1038 1339/1333/1038
f 1341/1335/1039 1343/1337/1035 1340/1334/1034
f 1340/1334/1034 1343/1337/1035 1342/1336/1038
f 1343/1337/1035 1344/854/1036 1342/1336/1038
f 1347/1338/1040 1346/1339/1041 1345/1340/1042
f 1346/1339/1041 1348/1341/1042 1345/1340/1042
f 1345/1340/1042 1348/1341/1042 1349/1342/1043
f 1346/1339/1041 1350/1343/1041 1348/1341/1042
f 1348/1341/1042 1351/1344/1044 1349/1342/1043
f 1350/1343/1041 1352/1345/1045 1348/1341/1042
f 1348/1341/1042 1352/1345/1045 1351/1344/1044
f 1350/1343/1041 1353/1346/1041 1352/1345/1045
f 1352/1345/1045 1354/1347/1044 1351/1344/1044
f 1353/1346/1041 1355/1348/1045 1352/1345/1045
f 1352/1345/1045 1355/1348/1045 1354/1347/1044
f 1355/1348/1045 1356/1349/1046 1354/1347/1044
f 1359/1350/1047 1358/1351/1048 1357/1352/1049
f 1358/1351/1048 1360/1353/1050 1357/1352/1049
f 1358/1351/1048 1361/1354/1051 1360/1353/1050
f 1360/1353/1050 1361/1354/1051 1362/1355/1052
f 1363/1356/1053 1360/1353/1050 1362/1355/1052
f 1364/1357/1054 1361/1354/1051 1358/1351/1048
f 1358/1351/1048 1365/1358/1055 1364/1357/1054
f 1366/1359/1056 1364/1357/1054 1365/1358/1055
f 1366/1359/1056 1365/1358/1055 1367/1360/1057
f 1368/1361/1058 1366/1359/1056 1367/1360/1057
f 1369/1362/1059 1364/1357/1054 1366/1359/1056
f 1369/1362/1059 1366/1359/1056 1370/1363/1060
f 1364/1357/1054 1371/1364/1061 1361/1354/1051
f 1369/1362/1059 1371/1364/1061 1364/1357/1054
f 1371/1364/1061 1372/1365/1062 1361/1354/1051
f 1361/1354/1051 1372/1365/1062 1362/1355/1052
f 1371/1364/1061 1373/1366/1063 1372/1365/1062
f 1373/1366/1063 1371/1364/1061 1369/1362/1059
f 1373/1366/1063 1374/1367/1064 1372/1365/1062
f 1362/1355/1052 1372/1365/1062 1374/1367/1064
f 1373/1366/1063 1375/1368/1065 1374/1367/1064
f 1375/1368/1065 1376/1369/1066 1374/1367/1064
f 1377/1370/1067 1369/1362/1059 1370/1363/1060
f 1377/1370/1067 1378/1371/1068 1369/1362/1059
f 1378/1371/1068 1379/1372/1069 1369/1362/1059
f 1377/1370/1067 1370/1363/1060 1380/1373/1070
f 1381/1374/1071 1380/1373/1070 1370/1363/1060
f 1381/1374/1071 1370/1363/1060 1382/1375/1072
f 1383/1376/1073 1381/1374/1071 1382/1375/1072
f 1380/1373/1070 1384/1377/1074 1377/1370/1067
f 1377/1370/1067 1384/1377/1074 1385/1378/1075
f 1380/1373/1070 1381/1374/1071 1386/1379/1076
f 1381/1374/1071 1387/1380/1077 1386/1379/1076
f 1384/1377/1074 1380/1373/1070 1388/1381/1078
f 1380/1373/1070 1386/1379/1076 1388/1381/1078
f 1389/1382/1079 1385/1378/1075 1384/1377/1074
f 1384/1377/1074 1388/1381/1078 1389/1382/1079
f 1385/1378/1075 1389/1382/1079 1390/1383/1080
f 1391/1384/1080 1385/1378/1075 1390/1383/1080
f 1389/1382/1079 1388/1381/1078 1392/1385/1081
f 1392/1385/1081 1388/1381/1078 1386/1379/1076
f 1363/1356/1053 1386/1379/1076 1387/1380/1077
f 1386/1379/1076 1363/1356/1053 1392/1385/1081
f 1363/1356/1053 1387/1380/1077 1393/1386/1082
f 1394/1387/1083 1363/1356/1053 1393/1386/1082
f 1363/1356/1053 1362/1355/1052 1392/1385/1081
f 1392/1385/1081 1362/1355/1052 1395/1388/1084
f 1396/1389/1084 1392/1385/1081 1395/1388/1084
f 1399/1390/1085 1398/1391/1086 1397/1392/1087
f 1400/1393/1088 1399/1390/1085 1397/1392/1087
f 1397/1392/1087 1401/1394/102 1400/1393/1088
f 1401/1394/102 1402/1395/110 1400/1393/1088
f 1401/1394/102 1403/1396/102 1402/1395/110
f 1402/1395/110 1404/1397/1089 1400/1393/1088
f 1404/1397/1089 1405/1398/1089 1400/1393/1088
f 1406/1399/1089 1404/1397/1089 1402/1395/110
f 1403/1396/102 1407/1400/110 1402/1395/110
f 1407/1400/110 1406/1399/1089 1402/1395/110
f 1403/1396/102 1408/1401/102 1407/1400/110
f 1409/1402/1089 1406/1399/1089 1407/1400/110
f 1408/1401/102 1410/1403/110 1407/1400/110
f 1410/1403/110 1409/1402/1089 1407/1400/110
f 1413/1404/1090 1412/1405/1091 1411/1406/1092
f 1414/1407/1093 1413/1404/1090 1411/1406/1092
f 1411/1406/1092 1415/1408/95 1414/1407/1093
f 1415/1408/95 1416/1409/106 1414/1407/1093
f 1415/1408/95 1417/1410/95 1416/1409/106
f 1416/1409/106 1418/1411/98 1414/1407/1093
f 1418/1411/98 1419/1412/1094 1414/1407/1093
f 1420/1413/98 1418/1411/98 1416/1409/106
f 1417/1410/95 1421/1414/106 1416/1409/106
f 1421/1414/106 1420/1413/98 1416/1409/106
f 1417/1410/95 1422/1415/95 1421/1414/106
f 1423/1416/98 1420/1413/98 1421/1414/106
f 1422/1415/95 1424/1417/106 1421/1414/106
f 1424/1417/106 1423/1416/98 1421/1414/106
f 1427/1418/1095 1426/1419/1096 1425/1420/1097
f 1428/1421/1098 1425/1420/1097 1426/1419/1096
f 1425/1420/1097 1429/1422/1099 1427/1418/1095
f 1427/1418/1095 1429/1422/1099 1430/1383/1100
f 1431/1423/1101 1425/1420/1097 1428/1421/1098
f 1425/1420/1097 1431/1423/1101 1429/1422/1099
f 1430/1383/1100 1429/1422/1099 1432/1424/1102
f 1431/1423/1101 1432/1424/1102 1429/1422/1099
f 1428/1421/1098 1433/1425/1103 1431/1423/1101
f 1428/1421/1098 1434/1426/1104 1433/1425/1103
f 1435/1427/1105 1431/1423/1101 1433/1425/1103
f 1431/1423/1101 1435/1427/1105 1432/1424/1102
f 1435/1427/1105 1436/1428/1106 1432/1424/1102
f 1437/1429/1107 1432/1424/1102 1436/1428/1106
f 1432/1424/1102 1437/1429/1107 1430/1383/1100
f 1437/1429/1107 1438/1384/1108 1430/1383/1100
f 1434/1426/1104 1439/1430/1109 1433/1425/1103
f 1437/1429/1107 1440/1431/1110 1438/1384/1108
f 1434/1426/1104 1441/1432/1111 1439/1430/1109
f 1439/1430/1109 1441/1432/1111 1442/1433/1112
f 1443/1434/1113 1442/1433/1112 1441/1432/1111
f 1443/1434/1113 1444/1435/1114 1440/1431/1110
f 1440/1431/1110 1444/1435/1114 1438/1384/1108
f 1441/1432/1111 1444/1435/1114 1443/1434/1113
f 1434/1426/1104 1445/1436/1115 1441/1432/1111
f 1441/1432/1111 1445/1436/1115 1444/1435/1114
f 1446/1437/1116 1445/1436/1115 1434/1426/1104
f 1444/1435/1114 1447/1438/1117 1438/1384/1108
f 1445/1436/1115 1447/1438/1117 1444/1435/1114
f 1445/1436/1115 1446/1437/1116 1447/1438/1117
f 1438/1384/1108 1447/1438/1117 1448/1439/1118
f 1446/1437/1116 1448/1439/1118 1447/1438/1117
f 1451/1440/1119 1450/1441/1120 1449/1442/1120
f 1452/1443/1121 1451/1440/1119 1449/1442/1120
f 1453/1444/1122 1451/1440/1119 1452/1443/1121
f 1449/1442/1120 1450/1441/1120 1454/1445/1123
f 1450/1441/1120 1455/1446/1124 1454/1445/1123
f 1456/1447/1125 1453/1444/1122 1452/1443/1121
f 1457/1448/1126 1453/1444/1122 1456/1447/1125
f 1454/1445/1123 1455/1446/1124 1458/1449/1127
f 1455/1446/1124 1459/1450/1128 1458/1449/1127
f 1460/1451/1129 1457/1448/1126 1456/1447/1125
f 1461/1452/1130 1457/1448/1126 1460/1451/1129
f 1458/1449/1127 1459/1450/1128 1462/1453/1131
f 1459/1450/1128 1463/1454/1132 1462/1453/1131
f 1464/1455/1130 1461/1452/1130 1460/1451/1129
f 1465/1456/1133 1461/1452/1130 1464/1455/1130
f 1462/1453/1131 1463/1454/1132 1466/1457/1134
f 1463/1454/1132 1467/1458/1135 1466/1457/1134
f 1468/1459/1136 1465/1456/1133 1464/1455/1130
f 1469/1460/1137 1465/1456/1133 1468/1459/1136
f 1466/1457/1134 1467/1458/1135 1470/1461/1138
f 1467/1458/1135 1471/1462/1139 1470/1461/1138
f 1472/1463/1140 1469/1460/1137 1468/1459/1136
f 1473/1464/1141 1469/1460/1137 1472/1463/1140
f 1470/1461/1138 1471/1462/1139 1474/1465/1142
f 1471/1462/1139 1475/1466/1143 1474/1465/1142
f 1476/1467/1144 1473/1464/1141 1472/1463/1140
f 1477/163/1145 1473/1464/1141 1476/1467/1144
f 1474/1465/1142 1475/1466/1143 1478/1468/1146
f 1475/1466/1143 1479/161/1147 1478/1468/1146
f 1479/161/1147 1477/163/1145 1480/1469/1145
f 1480/1469/1145 1477/163/1145 1476/1467/1144
f 1478/1468/1146 1479/161/1147 1480/1469/1145
f 1466/1457/1134 1470/1461/1138 1481/1470/1148
f 1470/1461/1138 1474/1465/1142 1482/1471/1149
f 1481/1470/1148 1470/1461/1138 1482/1471/1149
f 1474/1465/1142 1478/1468/1146 1483/1472/1150
f 1482/1471/1149 1474/1465/1142 1483/1472/1150
f 1478/1468/1146 1480/1469/1145 1484/1473/1151
f 1483/1472/1150 1478/1468/1146 1484/1473/1151
f 1480/1469/1145 1476/1467/1144 1485/1474/1152
f 1484/1473/1151 1480/1469/1145 1485/1474/1152
f 1476/1467/1144 1472/1463/1140 1486/1475/1153
f 1485/1474/1152 1476/1467/1144 1486/1475/1153
f 1487/1476/1154 1466/1457/1134 1481/1470/1148
f 1462/1453/1131 1466/1457/1134 1487/1476/1154
f 1486/1475/1153 1472/1463/1140 1488/1477/1155
f 1472/1463/1140 1468/1459/1136 1488/1477/1155
f 1489/1478/1156 1462/1453/1131 1487/1476/1154
f 1458/1449/1127 1462/1453/1131 1489/1478/1156
f 1488/1477/1155 1468/1459/1136 1490/1479/1157
f 1468/1459/1136 1464/1455/1130 1490/1479/1157
f 1491/1480/1158 1458/1449/1127 1489/1478/1156
f 1454/1445/1123 1458/1449/1127 1491/1480/1158
f 1490/1479/1157 1464/1455/1130 1492/1481/1159
f 1464/1455/1130 1460/1451/1129 1492/1481/1159
f 1493/1482/1160 1454/1445/1123 1491/1480/1158
f 1449/1442/1120 1454/1445/1123 1493/1482/1160
f 1492/1481/1159 1460/1451/1129 1494/1483/1161
f 1460/1451/1129 1456/1447/1125 1494/1483/1161
f 1495/1484/1162 1449/1442/1120 1493/1482/1160
f 1452/1443/1121 1449/1442/1120 1495/1484/1162
f 1456/1447/1125 1452/1443/1121 1496/1485/1163
f 1494/1483/1161 1456/1447/1125 1496/1485/1163
f 1496/1485/1163 1452/1443/1121 1495/1484/1162
f 1491/1480/1158 1489/1478/1156 1497/1486/1164
f 1493/1482/1160 1491/1480/1158 1498/1487/1165
f 1498/1487/1165 1491/1480/1158 1497/1486/1164
f 1495/1484/1162 1493/1482/1160 1499/1488/1166
f 1499/1488/1166 1493/1482/1160 1498/1487/1165
f 1496/1485/1163 1495/1484/1162 1500/1489/1167
f 1500/1489/1167 1495/1484/1162 1499/1488/1166
f 1494/1483/1161 1496/1485/1163 1501/1490/1168
f 1501/1490/1168 1496/1485/1163 1500/1489/1167
f 1492/1481/1159 1494/1483/1161 1502/1491/1169
f 1502/1491/1169 1494/1483/1161 1501/1490/1168
f 1497/1486/1164 1489/1478/1156 1503/1492/1170
f 1489/1478/1156 1487/1476/1154 1503/1492/1170
f 1504/1493/1171 1492/1481/1159 1502/1491/1169
f 1490/1479/1157 1492/1481/1159 1504/1493/1171
f 1503/1492/1170 1487/1476/1154 1505/1494/1172
f 1487/1476/1154 1481/1470/1148 1505/1494/1172
f 1506/1495/1173 1490/1479/1157 1504/1493/1171
f 1488/1477/1155 1490/1479/1157 1506/1495/1173
f 1505/1494/1172 1481/1470/1148 1507/1496/1174
f 1481/1470/1148 1482/1471/1149 1507/1496/1174
f 1508/1497/1175 1488/1477/1155 1506/1495/1173
f 1486/1475/1153 1488/1477/1155 1508/1497/1175
f 1507/1496/1174 1482/1471/1149 1509/1498/1176
f 1482/1471/1149 1483/1472/1150 1509/1498/1176
f 1510/1499/1177 1486/1475/1153 1508/1497/1175
f 1485/1474/1152 1486/1475/1153 1510/1499/1177
f 1509/1498/1176 1483/1472/1150 1511/1500/1178
f 1483/1472/1150 1484/1473/1151 1511/1500/1178
f 1484/1473/1151 1485/1474/1152 1512/1501/1179
f 1512/1501/1179 1485/1474/1152 1510/1499/1177
f 1511/1500/1178 1484/1473/1151 1512/1501/1179
f 1505/1494/1172 1507/1496/1174 1513/1502/1180
f 1514/1503/1181 1505/1494/1172 1513/1502/1180
f 1513/1502/1180 1507/1496/1174 1515/1504/1182
f 1507/1496/1174 1509/1498/1176 1515/1504/1182
f 1503/1492/1170 1505/1494/1172 1514/1503/1181
f 1515/1504/1182 1509/1498/1176 1516/1505/1183
f 1509/1498/1176 1511/1500/1178 1516/1505/1183
f 1517/1506/1184 1503/1492/1170 1514/1503/1181
f 1516/1505/1183 1511/1500/1178 1518/1507/1185
f 1511/1500/1178 1512/1501/1179 1518/1507/1185
f 1497/1486/1164 1503/1492/1170 1517/1506/1184
f 1518/1507/1185 1512/1501/1179 1519/1508/1186
f 1520/1509/1187 1497/1486/1164 1517/1506/1184
f 1512/1501/1179 1510/1499/1177 1519/1508/1186
f 1498/1487/1165 1497/1486/1164 1520/1509/1187
f 1519/1508/1186 1510/1499/1177 1521/1510/1188
f 1522/1511/1189 1498/1487/1165 1520/1509/1187
f 1510/1499/1177 1508/1497/1175 1521/1510/1188
f 1499/1488/1166 1498/1487/1165 1522/1511/1189
f 1521/1510/1188 1508/1497/1175 1523/1512/1190
f 1524/1513/1191 1499/1488/1166 1522/1511/1189
f 1508/1497/1175 1506/1495/1173 1523/1512/1190
f 1500/1489/1167 1499/1488/1166 1524/1513/1191
f 1523/1512/1190 1506/1495/1173 1525/1514/1192
f 1526/1515/1193 1500/1489/1167 1524/1513/1191
f 1506/1495/1173 1504/1493/1171 1525/1514/1192
f 1501/1490/1168 1500/1489/1167 1526/1515/1193
f 1525/1514/1192 1504/1493/1171 1527/1516/1194
f 1528/1517/1195 1501/1490/1168 1526/1515/1193
f 1504/1493/1171 1502/1491/1169 1527/1516/1194
f 1502/1491/1169 1501/1490/1168 1528/1517/1195
f 1527/1516/1194 1502/1491/1169 1528/1517/1195
f 1531/1518/1196 1530/1519/1197 1529/1520/1198
f 1532/1521/1199 1531/1518/1196 1529/1520/1198
f 1529/1520/1198 1530/1519/1197 1533/1522/1200
f 1530/1519/1197 1534/1523/1201 1533/1522/1200
f 1533/1522/1200 1534/1523/1201 1535/1524/1202
f 1536/1525/1203 1534/1523/1201 1530/1519/1197
f 1534/1523/1201 1536/1525/1203 1535/1524/1202
f 1530/1519/1197 1531/1518/1196 1536/1525/1203
f 1535/1524/1202 1536/1525/1203 1537/1526/1204
f 1536/1525/1203 1538/1527/1205 1537/1526/1204
f 1531/1518/1196 1538/1527/1205 1536/1525/1203
f 1537/1526/1204 1538/1527/1205 1539/1528/1206
f 1540/1529/1207 1531/1518/1196 1532/1521/1199
f 1531/1518/1196 1540/1529/1207 1538/1527/1205
f 1541/1530/1208 1540/1529/1207 1532/1521/1199
f 1538/1527/1205 1542/1531/1209 1539/1528/1206
f 1540/1529/1207 1542/1531/1209 1538/1527/1205
f 1539/1528/1206 1542/1531/1209 1543/1532/1210
f 1542/1531/1209 1544/1533/1211 1543/1532/1210
f 1540/1529/1207 1544/1533/1211 1542/1531/1209
f 1543/1532/1210 1544/1533/1211 1545/1534/1212
f 1546/1535/1213 1540/1529/1207 1541/1530/1208
f 1540/1529/1207 1546/1535/1213 1544/1533/1211
f 1547/1536/1214 1546/1535/1213 1541/1530/1208
f 1544/1533/1211 1548/1537/1215 1545/1534/1212
f 1546/1535/1213 1548/1537/1215 1544/1533/1211
f 1545/1534/1212 1548/1537/1215 1549/1538/1216
f 1550/1539/1217 1546/1535/1213 1547/1536/1214
f 1546/1535/1213 1550/1539/1217 1548/1537/1215
f 1551/1540/1218 1550/1539/1217 1547/1536/1214
f 1552/1541/1219 1550/1539/1217 1551/1540/1218
f 1550/1539/1217 1552/1541/1219 1548/1537/1215
f 1553/1542/1220 1552/1541/1219 1551/1540/1218
f 1548/1537/1215 1554/1543/1221 1549/1538/1216
f 1552/1541/1219 1554/1543/1221 1548/1537/1215
f 1549/1538/1216 1554/1543/1221 1555/1544/1222
f 1556/1545/1223 1552/1541/1219 1553/1542/1220
f 1552/1541/1219 1556/1545/1223 1554/1543/1221
f 1557/1546/1224 1556/1545/1223 1553/1542/1220
f 1554/1543/1221 1558/1547/1225 1555/1544/1222
f 1556/1545/1223 1558/1547/1225 1554/1543/1221
f 1555/1544/1222 1558/1547/1225 1559/1548/1226
f 1560/1549/1227 1556/1545/1223 1557/1546/1224
f 1559/1548/1226 1560/1549/1227 1557/1546/1224
f 1556/1545/1223 1560/1549/1227 1558/1547/1225
f 1558/1547/1225 1560/1549/1227 1559/1548/1226
f 3/1/1 2/2/2 1/3/3
f 2/2/2 4/4/4 1/3/3
f 1/3/3 4/4/4 5/5/5
f 2/2/2 6/6/6 4/4/4
f 4/4/4 7/7/7 5/5/5
f 5/5/5 7/7/7 8/8/8
f 7/7/7 9/9/9 8/8/8
f 6/6/6 10/10/10 4/4/4
f 4/4/4 10/10/10 7/7/7
f 6/6/6 11/11/11 10/10/10
f 7/7/7 12/12/12 9/9/9
f 10/10/10 12/12/12 7/7/7
f 12/12/12 13/13/13 9/9/9
f 11/11/11 14/14/14 10/10/10
f 10/10/10 14/14/14 12/12/12
f 11/11/11 15/15/15 14/14/14
f 12/12/12 16/16/16 13/13/13
f 14/14/14 16/16/16 12/12/12
f 16/16/16 17/17/17 13/13/13
f 15/15/15 18/18/18 14/14/14
f 14/14/14 18/18/18 16/16/16
f 15/15/15 19/19/19 18/18/18
f 19/19/19 20/20/20 18/18/18
f 16/16/16 21/21/21 17/17/17
f 18/18/18 21/21/21 16/16/16
f 18/18/18 20/20/20 21/21/21
f 21/21/21 22/22/22 17/17/17
f 20/20/20 23/23/23 21/21/21
f 21/21/21 23/23/23 22/22/22
f 23/23/23 24/24/24 22/22/22
f 27/25/25 26/26/26 25/27/27
f 26/26/26 28/28/28 25/27/27
f 25/27/27 28/28/28 29/29/29
f 26/26/26 30/30/30 28/28/28
f 28/28/28 31/31/31 29/29/29
f 29/29/29 31/31/31 32/32/32
f 31/31/31 33/33/33 32/32/32
f 30/30/30 34/34/34 28/28/28
f 28/28/28 34/34/34 31/31/31
f 30/30/30 35/35/35 34/34/34
f 31/31/31 36/36/36 33/33/33
f 34/34/34 36/36/36 31/31/31
f 36/36/36 37/37/37 33/33/33
f 35/35/35 38/38/38 34/34/34
f 34/34/34 38/38/38 36/36/36
f 35/35/35 39/39/39 38/38/38
f 39/39/39 40/40/40 38/38/38
f 36/36/36 41/41/41 37/37/37
f 38/38/38 41/41/41 36/36/36
f 38/38/38 40/40/40 41/41/41
f 41/41/41 42/42/42 37/37/37
f 40/40/40 43/43/43 41/41/41
f 41/41/41 43/43/43 42/42/42
f 43/43/43 44/44/44 42/42/42
f 47/45/45 46/46/46 45/47/47
f 46/46/46 48/48/48 45/47/47
f 45/47/47 48/48/48 49/49/49
f 46/46/46 50/50/50 48/48/48
f 48/48/48 51/51/51 49/49/49
f 49/49/49 51/51/51 52/52/52
f 51/51/51 53/53/53 52/52/52
f 50/50/50 54/54/54 48/48/48
f 48/48/48 54/54/54 51/51/51
f 50/50/50 55/55/55 54/54/54
f 51/51/51 56/56/56 53/53/53
f 54/54/54 56/56/56 51/51/51
f 56/56/56 57/57/57 53/53/53
f 55/55/55 58/58/58 54/54/54
f 54/54/54 58/58/58 56/56/56
f 55/55/55 59/59/59 58/58/58
f 59/59/59 60/60/60 58/58/58
f 56/56/56 61/61/61 57/57/57
f 58/58/58 61/61/61 56/56/56
f 58/58/58 60/60/60 61/61/61
f 61/61/61 62/62/62 57/57/57
f 60/60/60 63/63/63 61/61/61
f 61/61/61 63/63/63 62/62/62
f 63/63/63 64/64/64 62/62/62
f 67/65/65 66/66/66 65/67/67
f 66/66/66 68/68/68 65/67/67
f 65/67/67 68/68/68 69/69/69
f 66/66/66 70/70/70 68/68/68
f 68/68/68 71/71/71 69/69/69
f 69/69/69 71/71/71 72/72/72
f 71/71/71 73/73/73 72/72/72
f 70/70/70 74/74/74 68/68/68
f 68/68/68 74/74/74 71/71/71
f 70/70/70 75/75/75 74/74/74
f 75/75/75 76/76/76 74/74/74
f 71/71/71 77/77/77 73/73/73
f 74/74/74 77/77/77 71/71/71
f 74/74/74 76/76/76 77/77/77
f 77/77/77 78/78/78 73/73/73
f 76/76/76 79/79/79 77/77/77
f 77/77/77 79/79/79 78/78/78
f 79/79/79 80/80/80 78/78/78
f 83/81/81 82/82/81 81/83/81
f 81/83/81 84/84/81 83/81/81
f 84/84/81 85/85/81 83/81/81
f 84/84/81 86/86/81 85/85/81
f 86/86/81 87/87/81 85/85/81
f 86/86/81 88/88/81 87/87/81
f 88/88/81 89/89/81 87/87/81
f 88/88/81 90/90/81 89/89/81
f 90/90/81 91/91/81 89/89/81
f 90/90/81 92/92/81 91/91/81
f 90/90/81 93/93/81 92/92/81
f 93/93/81 94/94/81 92/92/81
f 93/93/81 95/95/81 94/94/81
f 95/95/81 96/96/81 94/94/81
f 99/97/82 98/98/82 97/99/82
f 97/99/82 100/100/82 99/97/82
f 100/100/82 101/101/82 99/97/82
f 100/100/82 102/102/82 101/101/82
f 102/102/82 103/103/82 101/101/82
f 102/102/82 104/104/82 103/103/82
f 104/104/82 105/105/82 103/103/82
f 104/104/82 106/106/82 105/105/82
f 104/104/82 107/107/82 106/106/82
f 107/107/82 108/108/82 106/106/82
f 108/108/82 109/109/82 106/106/82
f 108/108/82 110/110/82 109/109/82
f 110/110/82 111/111/82 109/109/82
f 110/110/82 112/112/82 111/111/82
f 115/113/83 114/114/83 113/115/84
f 114/114/83 116/116/85 113/115/84
f 113/115/84 116/116/85 117/117/86
f 116/116/85 118/118/86 117/117/86
f 117/117/86 118/118/86 119/119/87
f 118/118/86 120/120/87 119/119/87
f 119/119/87 120/120/87 121/121/88
f 120/120/87 122/122/88 121/121/88
f 121/121/88 122/122/88 123/123/89
f 122/122/88 124/124/89 123/123/89
f 127/125/90 126/126/90 125/127/91
f 126/126/90 128/128/91 125/127/91
f 125/127/91 128/128/91 129/129/92
f 128/128/91 130/130/92 129/129/92
f 129/129/92 130/130/92 131/131/93
f 130/130/92 132/132/93 131/131/93
f 131/131/93 132/132/93 133/133/94
f 132/132/93 134/134/94 133/133/94
f 137/135/95 136/136/96 135/137/96
f 138/138/95 137/135/95 135/137/96
f 139/139/97 137/135/95 138/138/95
f 140/140/97 139/139/97 138/138/95
f 141/141/98 139/139/97 140/140/97
f 142/142/98 141/141/98 140/140/97
f 143/143/99 141/141/98 142/142/98
f 144/144/99 143/143/99 142/142/98
f 147/145/100 146/146/101 145/147/101
f 148/148/102 147/145/100 145/147/101
f 149/149/103 147/145/100 148/148/102
f 150/150/103 149/149/103 148/148/102
f 151/151/104 149/149/103 150/150/103
f 152/152/104 151/151/104 150/150/103
f 155/153/81 154/154/81 153/155/81
f 153/155/81 156/156/81 155/153/81
f 156/156/81 157/157/81 155/153/81
f 156/156/81 158/158/81 157/157/81
f 158/158/81 159/159/81 157/157/81
f 158/158/81 160/160/81 159/159/81
f 160/160/81 161/161/81 159/159/81
f 160/160/81 162/162/81 161/161/81
f 162/162/81 163/163/81 161/161/81
f 162/162/81 164/164/81 163/163/81
f 162/162/81 165/165/81 164/164/81
f 165/165/81 166/166/81 164/164/81
f 166/166/81 167/167/81 164/164/81
f 166/166/81 168/168/81 167/167/81
f 171/169/95 170/170/105 169/171/96
f 172/172/95 171/169/95 169/171/96
f 172/172/95 169/171/96 173/173/96
f 174/174/106 171/169/95 172/172/95
f 175/175/95 172/172/95 173/173/96
f 175/175/95 173/173/96 176/176/96
f 177/177/95 175/175/95 176/176/96
f 178/178/106 174/174/106 172/172/95
f 178/178/106 172/172/95 175/175/95
f 179/179/107 174/174/106 178/178/106
f 180/180/106 175/175/95 177/177/95
f 180/180/106 178/178/106 175/175/95
f 181/181/106 180/180/106 177/177/95
f 182/182/107 179/179/107 178/178/106
f 182/182/107 178/178/106 180/180/106
f 183/183/108 179/179/107 182/182/107
f 184/184/108 183/183/108 182/182/107
f 185/185/107 180/180/106 181/181/106
f 185/185/107 182/182/107 180/180/106
f 184/184/108 182/182/107 185/185/107
f 186/186/107 185/185/107 181/181/106
f 187/187/108 184/184/108 185/185/107
f 187/187/108 185/185/107 186/186/107
f 188/188/108 187/187/108 186/186/107
f 191/189/102 190/190/109 189/191/109
f 192/192/102 191/189/102 189/191/109
f 192/192/102 189/191/109 193/193/109
f 194/194/110 191/189/102 192/192/102
f 195/195/102 192/192/102 193/193/109
f 195/195/102 193/193/109 196/196/109
f 197/197/102 195/195/102 196/196/109
f 198/198/110 194/194/110 192/192/102
f 198/198/110 192/192/102 195/195/102
f 199/199/111 194/194/110 198/198/110
f 200/200/112 199/199/111 198/198/110
f 201/201/110 195/195/102 197/197/102
f 201/201/110 198/198/110 195/195/102
f 200/200/112 198/198/110 201/201/110
f 202/202/110 201/201/110 197/197/102
f 203/203/112 200/200/112 201/201/110
f 203/203/112 201/201/110 202/202/110
f 204/204/112 203/203/112 202/202/110
f 207/205/113 206/206/114 205/207/114
f 208/208/113 207/205/113 205/207/114
f 208/208/113 205/207/114 209/209/114
f 210/210/115 207/205/113 208/208/113
f 211/211/113 208/208/113 209/209/114
f 211/211/113 209/209/114 212/212/89
f 213/213/113 211/211/113 212/212/89
f 214/214/115 210/210/115 208/208/113
f 214/214/115 208/208/113 211/211/113
f 215/215/116 210/210/115 214/214/115
f 216/216/115 211/211/113 213/213/113
f 216/216/115 214/214/115 211/211/113
f 217/217/115 216/216/115 213/213/113
f 218/218/116 215/215/116 214/214/115
f 218/218/116 214/214/115 216/216/115
f 219/219/117 215/215/116 218/218/116
f 220/220/116 216/216/115 217/217/115
f 220/220/116 218/218/116 216/216/115
f 221/221/116 220/220/116 217/217/115
f 222/222/117 219/219/117 218/218/116
f 222/222/117 218/218/116 220/220/116
f 223/223/118 219/219/117 222/222/117
f 224/224/118 223/223/118 222/222/117
f 225/225/119 220/220/116 221/221/116
f 225/225/119 222/222/117 220/220/116
f 224/224/118 222/222/117 225/225/119
f 226/226/119 225/225/119 221/221/116
f 227/227/118 224/224/118 225/225/119
f 227/227/118 225/225/119 226/226/119
f 228/228/118 227/227/118 226/226/119
f 231/229/120 230/230/121 229/231/121
f 232/232/120 231/229/120 229/231/121
f 232/232/120 229/231/121 233/233/121
f 234/234/92 231/229/120 232/232/120
f 235/235/122 232/232/120 233/233/121
f 235/235/122 233/233/121 236/236/121
f 237/237/122 235/235/122 236/236/121
f 238/238/92 234/234/92 232/232/120
f 238/238/92 232/232/120 235/235/122
f 239/239/123 234/234/92 238/238/92
f 240/240/92 235/235/122 237/237/122
f 240/240/92 238/238/92 235/235/122
f 241/241/92 240/240/92 237/237/122
f 242/242/123 239/239/123 238/238/92
f 242/242/123 238/238/92 240/240/92
f 243/243/124 239/239/123 242/242/123
f 244/244/124 243/243/124 242/242/123
f 245/245/123 240/240/92 241/241/92
f 245/245/123 242/242/123 240/240/92
f 244/244/124 242/242/123 245/245/123
f 246/246/123 245/245/123 241/241/92
f 247/247/90 244/244/124 245/245/123
f 247/247/90 245/245/123 246/246/123
f 248/248/90 247/247/90 246/246/123
f 251/249/125 250/250/126 249/251/127
f 252/252/128 251/249/125 249/251/127
f 252/252/128 249/251/127 253/253/95
f 249/251/127 254/254/95 253/253/95
f 252/252/128 255/255/129 251/249/125
f 255/255/129 256/256/130 251/249/125
f 259/257/131 258/258/132 257/259/133
f 258/258/132 260/260/134 257/259/133
f 260/260/134 261/261/135 257/259/133
f 261/261/135 262/262/136 257/259/133
f 260/260/134 258/258/132 263/263/120
f 258/258/132 264/264/120 263/263/120
f 267/265/137 266/266/138 265/267/139
f 266/266/138 268/268/140 265/267/139
f 268/268/140 269/269/141 265/267/139
f 269/269/141 270/270/142 265/267/139
f 268/268/140 266/266/138 271/271/143
f 266/266/138 272/272/143 271/271/143
f 275/273/144 274/274/145 273/275/146
f 276/276/147 275/273/144 273/275/146
f 276/276/147 273/275/146 277/277/102
f 273/275/146 278/278/102 277/277/102
f 276/276/147 279/279/148 275/273/144
f 279/279/148 280/280/149 275/273/144
f 283/281/150 282/282/151 281/283/150
f 282/282/151 284/284/86 281/283/150
f 281/283/150 284/284/86 285/285/150
f 284/284/86 286/286/86 285/285/150
f 285/285/150 286/286/86 287/287/150
f 286/286/86 288/288/86 287/287/150
f 289/289/143 288/288/86 286/286/86
f 290/290/143 289/289/143 286/286/86
f 290/290/143 286/286/86 284/284/86
f 291/291/143 290/290/143 284/284/86
f 291/291/143 284/284/86 282/282/151
f 292/292/152 291/291/143 282/282/151
f 282/282/151 293/293/153 292/292/152
f 293/293/153 294/294/154 292/292/152
f 297/295/155 296/296/156 295/297/91
f 296/296/156 298/298/157 295/297/91
f 295/297/91 298/298/157 299/299/91
f 298/298/157 300/300/157 299/299/91
f 299/299/91 300/300/157 301/301/91
f 300/300/157 302/302/157 301/301/91
f 303/303/120 302/302/157 300/300/157
f 304/304/120 303/303/120 300/300/157
f 304/304/120 300/300/157 298/298/157
f 305/305/120 304/304/120 298/298/157
f 305/305/120 298/298/157 296/296/156
f 306/306/158 305/305/120 296/296/156
f 296/296/156 307/307/159 306/306/158
f 307/307/159 308/308/160 306/306/158
f 311/309/161 310/310/162 309/311/163
f 310/310/162 312/312/164 309/311/163
f 309/311/163 312/312/164 313/313/165
f 312/312/164 314/314/166 313/313/165
f 313/313/165 314/314/166 315/315/167
f 314/314/166 316/316/168 315/315/167
f 319/317/169 318/318/170 317/319/171
f 318/318/170 320/320/172 317/319/171
f 317/319/171 320/320/172 321/321/173
f 320/320/172 322/322/174 321/321/173
f 321/321/173 322/322/174 323/323/175
f 322/322/174 324/324/176 323/323/175
f 323/323/175 324/324/176 325/325/177
f 324/324/176 326/326/178 325/325/177
f 325/325/177 326/326/178 327/327/179
f 326/326/178 328/328/180 327/327/179
f 327/327/179 328/328/180 329/329/181
f 328/328/180 330/330/182 329/329/181
f 329/329/181 330/330/182 331/331/183
f 330/330/182 332/332/184 331/331/183
f 331/331/183 332/332/184 333/333/185
f 332/332/184 334/334/186 333/333/185
f 337/335/187 336/336/81 335/337/187
f 336/336/81 338/338/81 335/337/187
f 335/337/187 338/338/81 339/339/81
f 338/338/81 340/340/81 339/339/81
f 339/339/81 340/340/81 341/341/81
f 340/340/81 342/342/81 341/341/81
f 341/341/81 342/342/81 343/343/81
f 342/342/81 344/344/81 343/343/81
f 347/345/188 346/346/189 345/347/190
f 346/346/189 348/348/191 345/347/190
f 345/347/190 348/348/191 349/349/192
f 348/348/191 350/350/193 349/349/192
f 349/349/192 350/350/193 351/351/194
f 350/350/193 352/352/195 351/351/194
f 355/353/196 354/354/197 353/355/198
f 354/354/197 356/356/199 353/355/198
f 353/355/198 356/356/199 357/357/200
f 356/356/199 358/358/201 357/357/200
f 361/359/202 360/360/203 359/361/204
f 360/360/203 362/362/205 359/361/204
f 359/361/204 362/362/205 363/363/206
f 362/362/205 364/364/207 363/363/206
f 363/363/206 364/364/207 365/365/208
f 364/364/207 366/366/209 365/365/208
f 365/365/208 366/366/209 367/367/210
f 366/366/209 368/368/211 367/367/210
f 367/367/210 368/368/211 369/369/212
f 368/368/211 370/370/213 369/369/212
f 369/369/212 370/370/213 371/371/214
f 370/370/213 372/372/215 371/371/214
f 371/371/214 372/372/215 373/373/216
f 372/372/215 374/374/217 373/373/216
f 373/373/216 374/374/217 375/375/218
f 374/374/217 376/376/219 375/375/218
f 379/377/220 378/378/81 377/379/220
f 378/378/81 380/380/81 377/379/220
f 377/379/220 380/380/81 381/381/81
f 380/380/81 382/382/81 381/381/81
f 381/381/81 382/382/81 383/383/81
f 382/382/81 384/384/81 383/383/81
f 383/383/81 384/384/81 385/385/81
f 384/384/81 386/386/81 385/385/81
f 389/387/221 388/388/222 387/389/223
f 388/388/222 390/390/224 387/389/223
f 387/389/223 390/390/224 391/391/225
f 390/390/224 392/392/226 391/391/225
f 395/393/227 394/394/228 393/395/229
f 394/394/228 396/396/230 393/395/229
f 393/395/229 396/396/230 397/397/231
f 396/396/230 398/398/232 397/397/231
f 397/397/231 398/398/232 399/399/233
f 398/398/232 400/400/234 399/399/233
f 399/399/233 400/400/234 401/401/235
f 400/400/234 402/402/236 401/401/235
f 401/401/235 402/402/236 403/403/237
f 402/402/236 404/404/238 403/403/237
f 403/403/237 404/404/238 405/405/239
f 404/404/238 406/406/240 405/405/239
f 409/407/241 408/408/242 407/409/243
f 408/408/242 410/410/244 407/409/243
f 407/409/243 410/410/244 411/411/245
f 410/410/244 412/412/246 411/411/245
f 411/411/245 412/412/246 413/413/247
f 412/412/246 414/414/248 413/413/247
f 413/413/247 414/414/248 415/415/249
f 414/414/248 416/416/250 415/415/249
f 415/415/249 416/416/250 417/417/251
f 416/416/250 418/418/252 417/417/251
f 417/417/251 418/418/252 419/419/253
f 418/418/252 420/420/254 419/419/253
f 419/419/253 420/420/254 421/421/255
f 420/420/254 422/422/256 421/421/255
f 421/421/255 422/422/256 423/423/257
f 422/422/256 424/424/258 423/423/257
f 427/425/81 426/426/81 425/427/81
f 426/426/81 428/428/81 425/427/81
f 425/427/81 428/428/81 429/429/81
f 428/428/81 430/430/81 429/429/81
f 429/429/81 430/430/81 431/431/220
f 430/430/81 432/432/81 431/431/220
f 431/431/220 432/432/81 433/433/220
f 432/432/81 434/434/187 433/433/220
f 437/435/259 436/436/260 435/437/261
f 436/436/260 438/438/262 435/437/261
f 435/437/261 438/438/262 439/439/263
f 438/438/262 440/440/264 439/439/263
f 443/441/265 442/442/266 441/443/267
f 442/442/266 444/444/268 441/443/267
f 441/443/267 444/444/268 445/445/269
f 442/442/266 446/446/270 444/444/268
f 444/444/268 447/447/271 445/445/269
f 445/445/269 447/447/271 448/448/272
f 447/447/271 449/449/273 448/448/272
f 446/446/270 450/450/274 444/444/268
f 444/444/268 450/450/274 447/447/271
f 446/446/270 451/451/275 450/450/274
f 447/447/271 452/452/276 449/449/273
f 450/450/274 452/452/276 447/447/271
f 452/452/276 453/453/277 449/449/273
f 451/451/275 454/454/278 450/450/274
f 450/450/274 454/454/278 452/452/276
f 451/451/275 455/455/279 454/454/278
f 452/452/276 456/456/280 453/453/277
f 454/454/278 456/456/280 452/452/276
f 456/456/280 457/457/281 453/453/277
f 455/455/279 458/458/282 454/454/278
f 454/454/278 458/458/282 456/456/280
f 455/455/279 459/459/283 458/458/282
f 459/459/283 460/460/284 458/458/282
f 456/456/280 461/461/285 457/457/281
f 458/458/282 461/461/285 456/456/280
f 458/458/282 460/460/284 461/461/285
f 461/461/285 462/462/286 457/457/281
f 460/460/284 463/463/287 461/461/285
f 461/461/285 463/463/287 462/462/286
f 463/463/287 464/464/288 462/462/286
f 467/465/289 466/466/289 465/467/290
f 466/466/289 468/468/291 465/467/290
f 465/467/290 468/468/291 469/469/292
f 468/468/291 470/470/293 469/469/292
f 469/469/292 470/470/293 471/471/294
f 470/470/293 472/472/295 471/471/294
f 471/471/294 472/472/295 473/473/296
f 472/472/295 474/474/297 473/473/296
f 473/473/296 474/474/297 475/475/298
f 474/474/297 476/476/299 475/475/298
f 475/475/298 476/476/299 477/477/300
f 476/476/299 478/478/301 477/477/300
f 477/477/300 478/478/301 479/479/302
f 478/478/301 480/480/303 479/479/302
f 479/479/302 480/480/303 481/481/304
f 480/480/303 482/482/305 481/481/304
f 485/483/81 484/484/81 483/485/81
f 484/484/81 486/486/81 483/485/81
f 483/485/81 486/486/81 487/487/81
f 486/486/81 488/488/81 487/487/81
f 487/487/81 488/488/81 489/489/81
f 488/488/81 490/490/81 489/489/81
f 489/489/81 490/490/81 491/491/220
f 490/490/81 492/492/187 491/491/220
f 495/493/306 494/494/307 493/495/308
f 494/494/307 496/496/309 493/495/308
f 493/495/308 496/496/309 497/497/310
f 496/496/309 498/498/311 497/497/310
f 497/497/310 498/498/311 499/499/312
f 498/498/311 500/500/313 499/499/312
f 503/501/314 502/502/315 501/503/316
f 502/502/315 504/504/317 501/503/316
f 501/503/316 504/504/317 505/505/318
f 504/504/317 506/506/319 505/505/318
f 509/507/320 508/508/321 507/509/322
f 508/508/321 510/510/323 507/509/322
f 507/509/322 510/510/323 511/511/324
f 510/510/323 512/512/325 511/511/324
f 511/511/324 512/512/325 513/513/326
f 512/512/325 514/514/327 513/513/326
f 513/513/326 514/514/327 515/515/328
f 514/514/327 516/516/329 515/515/328
f 515/515/328 516/516/329 517/517/330
f 516/516/329 518/518/331 517/517/330
f 517/517/330 518/518/331 519/519/332
f 518/518/331 520/520/333 519/519/332
f 519/519/332 520/520/333 521/521/334
f 520/520/333 522/522/335 521/521/334
f 521/521/334 522/522/335 523/523/336
f 522/522/335 524/524/337 523/523/336
f 527/525/338 526/526/339 525/527/340
f 526/526/339 528/528/341 525/527/340
f 525/527/340 528/528/341 529/358/342
f 528/528/341 530/529/343 529/358/342
f 533/530/187 532/531/81 531/532/81
f 532/531/81 534/533/81 531/532/81
f 531/532/81 534/533/81 535/534/81
f 534/533/81 536/535/81 535/534/81
f 535/534/81 536/535/81 537/536/81
f 536/535/81 538/537/81 537/536/81
f 537/536/81 538/537/81 539/538/81
f 538/537/81 540/539/81 539/538/81
f 543/540/344 542/541/345 541/542/346
f 542/541/345 544/543/347 541/542/346
f 541/542/346 544/543/347 545/544/348
f 544/543/347 546/545/349 545/544/348
f 545/544/348 546/545/349 547/546/350
f 546/545/349 548/547/351 547/546/350
f 547/546/350 548/547/351 549/548/352
f 548/547/351 550/549/353 549/548/352
f 547/546/350 549/548/352 551/550/354
f 549/548/352 550/549/353 552/551/355
f 550/549/353 553/552/356 552/551/355
f 549/548/352 554/553/354 551/550/354
f 549/548/352 552/551/355 554/553/354
f 551/550/354 554/553/354 555/554/357
f 554/553/354 556/555/357 555/554/357
f 554/553/354 557/556/354 556/555/357
f 552/551/355 557/556/354 554/553/354
f 557/556/354 558/557/357 556/555/357
f 552/551/355 553/552/356 559/558/358
f 552/551/355 559/558/358 557/556/354
f 553/552/356 560/559/359 559/558/358
f 559/558/358 561/560/354 557/556/354
f 557/556/354 561/560/354 558/557/357
f 561/560/354 562/561/357 558/557/357
f 565/562/360 564/563/361 563/564/362
f 564/563/361 566/565/363 563/564/362
f 563/564/362 566/565/363 567/566/364
f 566/565/363 568/567/365 567/566/364
f 567/566/364 568/567/365 569/568/366
f 568/567/365 570/569/367 569/568/366
f 569/568/366 570/569/367 571/570/368
f 570/569/367 572/571/369 571/570/368
f 571/570/368 572/571/369 573/572/370
f 572/571/369 574/573/371 573/572/370
f 573/572/370 574/573/371 575/574/372
f 574/573/371 576/575/373 575/574/372
f 575/574/372 576/575/373 577/576/374
f 576/575/373 578/577/375 577/576/374
f 577/576/374 578/577/375 579/578/376
f 578/577/375 580/579/377 579/578/376
f 583/580/378 582/581/379 581/582/380
f 582/581/379 584/583/381 581/582/380
f 581/582/380 584/583/381 585/584/382
f 584/583/381 586/585/383 585/584/382
f 589/586/81 588/587/81 587/588/81
f 588/587/81 590/589/81 587/588/81
f 587/588/81 590/589/81 591/590/81
f 590/589/81 592/591/81 591/590/81
f 591/590/81 592/591/81 593/592/81
f 592/591/81 594/593/81 593/592/81
f 593/592/81 594/593/81 595/594/81
f 594/593/81 596/595/81 595/594/81
f 599/596/384 598/597/385 597/598/386
f 598/597/385 600/599/387 597/598/386
f 597/598/386 600/599/387 601/600/388
f 600/599/387 602/601/389 601/600/388
f 601/600/388 602/601/389 603/602/390
f 602/601/389 604/603/391 603/602/390
f 607/604/392 606/605/392 605/606/392
f 606/605/392 608/607/393 605/606/392
f 605/606/392 608/607/393 609/608/394
f 608/607/393 610/609/395 609/608/394
f 609/608/394 610/609/395 611/610/396
f 610/609/395 612/611/397 611/610/396
f 615/612/398 614/613/399 613/614/400
f 614/613/399 616/615/401 613/614/400
f 613/614/400 616/615/401 617/616/402
f 616/615/401 618/617/403 617/616/402
f 617/616/402 618/617/403 619/618/404
f 618/617/403 620/619/405 619/618/404
f 619/618/404 620/619/405 621/620/406
f 620/619/405 622/621/407 621/620/406
f 621/620/406 622/621/407 623/622/408
f 622/621/407 624/623/409 623/622/408
f 623/622/408 624/623/409 625/624/410
f 624/623/409 626/625/411 625/624/410
f 625/624/410 626/625/411 627/626/412
f 626/625/411 628/627/412 627/626/412
f 627/626/412 628/627/412 629/628/413
f 628/627/412 630/629/414 629/628/413
f 633/630/415 632/631/416 631/632/417
f 632/631/416 634/633/418 631/632/417
f 631/632/417 634/633/418 635/634/419
f 634/633/418 636/635/420 635/634/419
f 639/636/81 638/637/81 637/638/81
f 638/637/81 640/639/81 637/638/81
f 637/638/81 640/639/81 641/640/81
f 640/639/81 642/641/81 641/640/81
f 641/640/81 642/641/81 643/642/81
f 642/641/81 644/643/81 643/642/81
f 643/642/81 644/643/81 645/644/81
f 644/643/81 646/645/81 645/644/81
f 649/646/421 648/647/422 647/648/423
f 648/647/422 650/649/424 647/648/423
f 647/648/423 650/649/424 651/650/425
f 650/649/424 652/651/426 651/650/425
f 651/650/425 652/651/426 653/652/427
f 652/651/426 654/653/428 653/652/427
f 653/652/427 654/653/428 655/654/429
f 654/653/428 656/655/430 655/654/429
f 655/654/429 656/655/430 657/656/431
f 656/655/430 658/657/432 657/656/431
f 657/656/431 658/657/432 659/658/433
f 658/657/432 660/659/434 659/658/433
f 663/660/435 662/661/436 661/662/437
f 662/661/436 664/663/438 661/662/437
f 661/662/437 664/663/438 665/664/439
f 664/663/438 666/665/440 665/664/439
f 665/664/439 666/665/440 667/666/441
f 666/665/440 668/667/442 667/666/441
f 667/666/441 668/667/442 669/668/443
f 668/667/442 670/669/444 669/668/443
f 669/668/443 670/669/444 671/670/445
f 670/669/444 672/671/446 671/670/445
f 671/670/445 672/671/446 673/672/447
f 672/671/446 674/673/448 673/672/447
f 673/672/447 674/673/448 675/674/449
f 674/673/448 676/675/450 675/674/449
f 675/674/449 676/675/450 677/676/451
f 676/675/450 678/677/452 677/676/451
f 681/678/453 680/679/454 679/680/455
f 680/679/454 682/681/456 679/680/455
f 679/680/455 682/681/456 683/682/457
f 682/681/456 684/683/458 683/682/457
f 687/684/459 686/685/81 685/686/187
f 686/685/81 688/687/81 685/686/187
f 685/686/187 688/687/81 689/688/81
f 688/687/81 690/689/81 689/688/81
f 689/688/81 690/689/81 691/690/81
f 690/689/81 692/691/81 691/690/81
f 691/690/81 692/691/81 693/692/81
f 692/691/81 694/693/220 693/692/81
f 697/694/460 696/695/461 695/696/462
f 696/695/461 698/697/463 695/696/462
f 695/696/462 698/697/463 699/698/464
f 698/697/463 700/699/465 699/698/464
f 699/698/464 700/699/465 701/700/466
f 700/699/465 702/701/467 701/700/466
f 705/702/468 704/703/469 703/704/468
f 704/703/469 706/705/470 703/704/468
f 703/704/468 706/705/470 707/706/471
f 706/705/470 704/703/469 708/707/472
f 706/705/470 709/708/473 707/706/471
f 707/706/471 709/708/473 710/709/474
f 709/708/473 711/710/475 710/709/474
f 712/711/476 706/705/470 708/707/472
f 709/708/473 706/705/470 712/711/476
f 712/711/476 708/707/472 713/712/477
f 711/710/475 709/708/473 714/713/478
f 714/713/478 709/708/473 712/711/476
f 715/714/479 711/710/475 714/713/478
f 716/715/480 712/711/476 713/712/477
f 714/713/478 712/711/476 716/715/480
f 716/715/480 713/712/477 717/716/481
f 715/714/479 714/713/478 718/717/482
f 718/717/482 714/713/478 716/715/480
f 719/718/483 715/714/479 718/717/482
f 720/719/484 716/715/480 717/716/481
f 718/717/482 716/715/480 720/719/484
f 720/719/484 717/716/481 721/720/485
f 722/721/486 720/719/484 721/720/485
f 719/718/483 718/717/482 723/722/487
f 723/722/487 718/717/482 720/719/484
f 723/722/487 720/719/484 722/721/486
f 724/723/488 719/718/483 723/722/487
f 725/724/489 723/722/487 722/721/486
f 724/723/488 723/722/487 725/724/489
f 726/725/490 724/723/488 725/724/489
f 729/726/491 728/727/492 727/728/493
f 728/727/492 730/729/494 727/728/493
f 728/727/492 731/730/495 730/729/494
f 727/728/493 730/729/494 732/731/496
f 731/730/495 733/732/497 730/729/494
f 730/729/494 734/733/498 732/731/496
f 730/729/494 733/732/497 734/733/498
f 732/731/496 734/733/498 735/734/499
f 733/732/497 736/735/500 734/733/498
f 734/733/498 737/736/501 735/734/499
f 734/733/498 736/735/500 737/736/501
f 736/735/500 738/737/502 737/736/501
f 741/738/503 740/739/504 739/740/505
f 740/739/504 742/741/506 739/740/505
f 739/740/505 742/741/506 743/742/507
f 740/739/504 744/743/508 742/741/506
f 742/741/506 745/744/509 743/742/507
f 743/742/507 745/744/509 746/745/510
f 745/744/509 747/746/511 746/745/510
f 744/743/508 748/747/512 742/741/506
f 742/741/506 748/747/512 745/744/509
f 744/743/508 749/748/513 748/747/512
f 745/744/509 750/749/514 747/746/511
f 748/747/512 750/749/514 745/744/509
f 750/749/514 751/750/515 747/746/511
f 749/748/513 752/751/516 748/747/512
f 748/747/512 752/751/516 750/749/514
f 749/748/513 753/752/517 752/751/516
f 753/752/517 754/753/518 752/751/516
f 750/749/514 755/754/519 751/750/515
f 752/751/516 755/754/519 750/749/514
f 752/751/516 754/753/518 755/754/519
f 755/754/519 756/755/520 751/750/515
f 754/753/518 757/756/521 755/754/519
f 755/754/519 757/756/521 756/755/520
f 757/756/521 758/757/522 756/755/520
f 761/758/523 760/759/524 759/760/525
f 762/761/523 761/758/523 759/760/525
f 762/761/523 759/760/525 763/762/526
f 764/763/527 761/758/523 762/761/523
f 765/764/523 762/761/523 763/762/526
f 765/764/523 763/762/526 766/765/528
f 767/766/529 765/764/523 766/765/528
f 768/767/527 764/763/527 762/761/523
f 768/767/527 762/761/523 765/764/523
f 769/768/530 764/763/527 768/767/527
f 770/769/527 765/764/523 767/766/529
f 770/769/527 768/767/527 765/764/523
f 771/770/527 770/769/527 767/766/529
f 772/771/530 769/768/530 768/767/527
f 772/771/530 768/767/527 770/769/527
f 773/772/531 769/768/530 772/771/530
f 774/773/531 773/772/531 772/771/530
f 775/774/532 770/769/527 771/770/527
f 775/774/532 772/771/530 770/769/527
f 774/773/531 772/771/530 775/774/532
f 776/775/532 775/774/532 771/770/527
f 777/776/533 774/773/531 775/774/532
f 777/776/533 775/774/532 776/775/532
f 778/777/534 777/776/533 776/775/532
f 781/778/535 780/779/536 779/780/537
f 782/781/538 781/778/535 779/780/537
f 782/781/538 779/780/537 783/782/539
f 784/783/540 781/778/535 782/781/538
f 785/784/541 782/781/538 783/782/539
f 785/784/541 783/782/539 786/785/542
f 787/786/543 785/784/541 786/785/542
f 788/787/544 784/783/540 782/781/538
f 788/787/544 782/781/538 785/784/541
f 789/788/545 784/783/540 788/787/544
f 790/789/546 785/784/541 787/786/543
f 790/789/546 788/787/544 785/784/541
f 791/790/547 790/789/546 787/786/543
f 792/791/548 789/788/545 788/787/544
f 792/791/548 788/787/544 790/789/546
f 793/792/549 789/788/545 792/791/548
f 794/793/550 793/792/549 792/791/548
f 795/794/551 790/789/546 791/790/547
f 795/794/551 792/791/548 790/789/546
f 794/793/550 792/791/548 795/794/551
f 796/795/552 795/794/551 791/790/547
f 797/796/553 794/793/550 795/794/551
f 797/796/553 795/794/551 796/795/552
f 798/797/554 797/796/553 796/795/552
f 801/798/555 800/799/556 799/800/557
f 800/799/556 802/801/558 799/800/557
f 800/799/556 803/802/559 802/801/558
f 799/800/557 802/801/558 804/803/560
f 803/802/559 805/804/561 802/801/558
f 802/801/558 806/805/562 804/803/560
f 802/801/558 805/804/561 806/805/562
f 804/803/560 806/805/562 807/806/563
f 805/804/561 808/807/564 806/805/562
f 806/805/562 809/808/565 807/806/563
f 806/805/562 808/807/564 809/808/565
f 808/807/564 810/809/566 809/808/565
f 813/810/567 812/811/568 811/812/569
f 812/811/568 814/813/570 811/812/569
f 811/812/569 814/813/570 815/814/571
f 812/811/568 816/815/572 814/813/570
f 814/813/570 817/816/573 815/814/571
f 815/814/571 817/816/573 818/817/574
f 817/816/573 819/818/575 818/817/574
f 816/815/572 820/819/576 814/813/570
f 814/813/570 820/819/576 817/816/573
f 816/815/572 821/820/577 820/819/576
f 817/816/573 822/821/578 819/818/575
f 820/819/576 822/821/578 817/816/573
f 822/821/578 823/822/579 819/818/575
f 821/820/577 824/823/580 820/819/576
f 820/819/576 824/823/580 822/821/578
f 821/820/577 825/824/581 824/823/580
f 825/824/581 826/825/582 824/823/580
f 822/821/578 827/826/583 823/822/579
f 824/823/580 827/826/583 822/821/578
f 824/823/580 826/825/582 827/826/583
f 827/826/583 828/827/584 823/822/579
f 826/825/582 829/828/585 827/826/583
f 827/826/583 829/828/585 828/827/584
f 829/828/585 830/829/586 828/827/584
f 833/830/587 832/831/588 831/832/589
f 832/831/588 834/833/590 831/832/589
f 831/832/589 834/833/590 835/834/591
f 832/831/588 836/835/592 834/833/590
f 834/833/590 837/836/593 835/834/591
f 835/834/591 837/836/593 838/837/594
f 837/836/593 839/838/595 838/837/594
f 836/835/592 840/839/596 834/833/590
f 834/833/590 840/839/596 837/836/593
f 836/835/592 841/840/597 840/839/596
f 837/836/593 842/841/598 839/838/595
f 840/839/596 842/841/598 837/836/593
f 842/841/598 843/842/599 839/838/595
f 841/840/597 844/843/600 840/839/596
f 840/839/596 844/843/600 842/841/598
f 841/840/597 845/844/601 844/843/600
f 845/844/601 846/845/602 844/843/600
f 842/841/598 847/846/603 843/842/599
f 844/843/600 847/846/603 842/841/598
f 844/843/600 846/845/602 847/846/603
f 847/846/603 848/847/604 843/842/599
f 846/845/602 849/848/605 847/846/603
f 847/846/603 849/848/605 848/847/604
f 849/848/605 850/849/606 848/847/604
f 853/850/607 852/851/608 851/852/609
f 854/853/610 853/850/607 851/852/609
f 855/854/611 853/850/607 854/853/610
f 854/853/610 851/852/609 856/855/612
f 857/856/611 855/854/611 854/853/610
f 858/857/613 854/853/610 856/855/612
f 857/856/611 854/853/610 858/857/613
f 858/857/613 856/855/612 859/858/609
f 860/859/611 857/856/611 858/857/613
f 861/860/610 858/857/613 859/858/609
f 860/859/611 858/857/613 861/860/610
f 862/861/611 860/859/611 861/860/610
f 865/862/614 864/863/615 863/864/616
f 866/865/617 865/862/614 863/864/616
f 866/865/617 863/864/616 867/866/618
f 868/867/619 865/862/614 866/865/617
f 869/868/620 866/865/617 867/866/618
f 869/868/620 867/866/618 870/869/621
f 871/870/622 869/868/620 870/869/621
f 872/871/623 868/867/619 866/865/617
f 872/871/623 866/865/617 869/868/620
f 873/872/624 868/867/619 872/871/623
f 874/873/625 869/868/620 871/870/622
f 874/873/625 872/871/623 869/868/620
f 875/874/626 874/873/625 871/870/622
f 876/875/627 873/872/624 872/871/623
f 876/875/627 872/871/623 874/873/625
f 877/876/628 873/872/624 876/875/627
f 878/877/629 877/876/628 876/875/627
f 879/878/630 874/873/625 875/874/626
f 879/878/630 876/875/627 874/873/625
f 878/877/629 876/875/627 879/878/630
f 880/879/631 879/878/630 875/874/626
f 881/880/632 878/877/629 879/878/630
f 881/880/632 879/878/630 880/879/631
f 882/881/633 881/880/632 880/879/631
f 885/882/634 884/883/635 883/884/636
f 884/883/635 886/885/637 883/884/636
f 884/883/635 887/886/638 886/885/637
f 883/884/636 886/885/637 888/887/639
f 887/886/638 889/888/640 886/885/637
f 886/885/637 890/889/641 888/887/639
f 886/885/637 889/888/640 890/889/641
f 888/887/639 890/889/641 891/890/642
f 889/888/640 892/891/643 890/889/641
f 890/889/641 893/892/644 891/890/642
f 890/889/641 892/891/643 893/892/644
f 892/891/643 894/893/645 893/892/644
f 897/894/646 896/895/647 895/896/648
f 896/895/647 898/897/649 895/896/648
f 895/896/648 898/897/649 899/898/650
f 896/895/647 900/899/651 898/897/649
f 898/897/649 901/900/652 899/898/650
f 899/898/650 901/900/652 902/901/653
f 901/900/652 903/902/654 902/901/653
f 900/899/651 904/903/655 898/897/649
f 898/897/649 904/903/655 901/900/652
f 900/899/651 905/904/656 904/903/655
f 901/900/652 906/905/657 903/902/654
f 904/903/655 906/905/657 901/900/652
f 906/905/657 907/906/658 903/902/654
f 905/904/656 908/907/659 904/903/655
f 904/903/655 908/907/659 906/905/657
f 905/904/656 909/908/660 908/907/659
f 909/908/660 910/909/661 908/907/659
f 906/905/657 911/910/662 907/906/658
f 908/907/659 911/910/662 906/905/657
f 908/907/659 910/909/661 911/910/662
f 911/910/662 912/911/663 907/906/658
f 910/909/661 913/912/664 911/910/662
f 911/910/662 913/912/664 912/911/663
f 913/912/664 914/913/665 912/911/663
f 917/914/666 916/915/667 915/916/667
f 918/917/666 917/914/666 915/916/667
f 918/917/666 915/916/667 919/918/668
f 920/919/669 917/914/666 918/917/666
f 921/920/666 918/917/666 919/918/668
f 921/920/666 919/918/668 922/921/670
f 923/922/671 921/920/666 922/921/670
f 924/923/669 920/919/669 918/917/666
f 924/923/669 918/917/666 921/920/666
f 925/924/672 920/919/669 924/923/669
f 926/925/669 921/920/666 923/922/671
f 926/925/669 924/923/669 921/920/666
f 927/926/669 926/925/669 923/922/671
f 928/927/673 925/924/672 924/923/669
f 928/927/673 924/923/669 926/925/669
f 929/928/674 925/924/672 928/927/673
f 930/929/674 929/928/674 928/927/673
f 931/930/672 926/925/669 927/926/669
f 931/930/672 928/927/673 926/925/669
f 930/929/674 928/927/673 931/930/672
f 932/931/673 931/930/672 927/926/669
f 933/932/674 930/929/674 931/930/672
f 933/932/674 931/930/672 932/931/673
f 934/933/674 933/932/674 932/931/673
f 937/934/675 936/935/676 935/936/677
f 938/937/678 937/934/675 935/936/677
f 938/937/678 935/936/677 939/938/679
f 940/939/680 937/934/675 938/937/678
f 941/940/681 938/937/678 939/938/679
f 941/940/681 939/938/679 942/941/682
f 943/942/683 941/940/681 942/941/682
f 944/943/684 940/939/680 938/937/678
f 944/943/684 938/937/678 941/940/681
f 945/944/685 940/939/680 944/943/684
f 946/945/686 941/940/681 943/942/683
f 946/945/686 944/943/684 941/940/681
f 947/946/687 946/945/686 943/942/683
f 948/947/688 945/944/685 944/943/684
f 948/947/688 944/943/684 946/945/686
f 949/948/689 945/944/685 948/947/688
f 950/949/690 949/948/689 948/947/688
f 951/950/691 946/945/686 947/946/687
f 951/950/691 948/947/688 946/945/686
f 950/949/690 948/947/688 951/950/691
f 952/951/692 951/950/691 947/946/687
f 953/952/693 950/949/690 951/950/691
f 953/952/693 951/950/691 952/951/692
f 954/953/694 953/952/693 952/951/692
f 957/954/695 956/955/696 955/956/697
f 956/955/696 958/957/698 955/956/697
f 956/955/696 959/958/699 958/957/698
f 955/956/697 958/957/698 960/959/700
f 959/958/699 961/960/701 958/957/698
f 958/957/698 962/961/702 960/959/700
f 958/957/698 961/960/701 962/961/702
f 960/959/700 962/961/702 963/962/703
f 961/960/701 964/963/704 962/961/702
f 962/961/702 965/964/705 963/962/703
f 962/961/702 964/963/704 965/964/705
f 964/963/704 966/965/706 965/964/705
f 969/966/707 968/967/708 967/968/709
f 968/967/708 970/969/710 967/968/709
f 967/968/709 970/969/710 971/970/711
f 968/967/708 972/971/712 970/969/710
f 970/969/710 973/972/713 971/970/711
f 971/970/711 973/972/713 974/973/714
f 973/972/713 975/974/715 974/973/714
f 972/971/712 976/975/716 970/969/710
f 970/969/710 976/975/716 973/972/713
f 972/971/712 977/976/717 976/975/716
f 973/972/713 978/977/718 975/974/715
f 976/975/716 978/977/718 973/972/713
f 978/977/718 979/978/719 975/974/715
f 977/976/717 980/979/720 976/975/716
f 976/975/716 980/979/720 978/977/718
f 977/976/717 981/980/721 980/979/720
f 981/980/721 982/981/722 980/979/720
f 978/977/718 983/982/723 979/978/719
f 980/979/720 983/982/723 978/977/718
f 980/979/720 982/981/722 983/982/723
f 983/982/723 984/983/724 979/978/719
f 982/981/722 985/984/725 983/982/723
f 983/982/723 985/984/725 984/983/724
f 985/984/725 986/985/726 984/983/724
f 989/986/727 988/987/728 987/988/729
f 988/987/728 990/989/730 987/988/729
f 987/988/729 990/989/730 991/990/731
f 988/987/728 992/991/732 990/989/730
f 990/989/730 993/992/733 991/990/731
f 991/990/731 993/992/733 994/993/734
f 993/992/733 995/994/735 994/993/734
f 992/991/732 996/995/736 990/989/730
f 990/989/730 996/995/736 993/992/733
f 992/991/732 997/996/737 996/995/736
f 993/992/733 998/997/738 995/994/735
f 996/995/736 998/997/738 993/992/733
f 998/997/738 999/998/739 995/994/735
f 997/996/737 1000/999/740 996/995/736
f 996/995/736 1000/999/740 998/997/738
f 997/996/737 1001/1000/741 1000/999/740
f 1001/1000/741 1002/1001/742 1000/999/740
f 998/997/738 1003/1002/743 999/998/739
f 1000/999/740 1003/1002/743 998/997/738
f 1000/999/740 1002/1001/742 1003/1002/743
f 1003/1002/743 1004/1003/744 999/998/739
f 1002/1001/742 1005/1004/745 1003/1002/743
f 1003/1002/743 1005/1004/745 1004/1003/744
f 1005/1004/745 1006/1005/746 1004/1003/744
f 1009/1006/747 1008/1007/748 1007/1008/749
f 1010/1009/750 1009/1006/747 1007/1008/749
f 1010/1009/750 1007/1008/749 1011/1010/751
f 1012/1011/752 1009/1006/747 1010/1009/750
f 1013/1012/753 1010/1009/750 1011/1010/751
f 1013/1012/753 1011/1010/751 1014/1013/754
f 1015/1014/755 1013/1012/753 1014/1013/754
f 1016/1015/756 1012/1011/752 1010/1009/750
f 1016/1015/756 1010/1009/750 1013/1012/753
f 1017/1016/757 1012/1011/752 1016/1015/756
f 1018/1017/758 1013/1012/753 1015/1014/755
f 1018/1017/758 1016/1015/756 1013/1012/753
f 1019/1018/759 1018/1017/758 1015/1014/755
f 1020/1019/760 1017/1016/757 1016/1015/756
f 1020/1019/760 1016/1015/756 1018/1017/758
f 1021/1020/761 1017/1016/757 1020/1019/760
f 1022/1021/762 1021/1020/761 1020/1019/760
f 1023/1022/763 1018/1017/758 1019/1018/759
f 1023/1022/763 1020/1019/760 1018/1017/758
f 1022/1021/762 1020/1019/760 1023/1022/763
f 1024/1023/764 1023/1022/763 1019/1018/759
f 1025/1024/765 1022/1021/762 1023/1022/763
f 1025/1024/765 1023/1022/763 1024/1023/764
f 1026/1025/766 1025/1024/765 1024/1023/764
f 1029/1026/767 1028/1027/768 1027/1028/768
f 1030/1029/767 1029/1026/767 1027/1028/768
f 1031/1030/769 1029/1026/767 1030/1029/767
f 1030/1029/767 1027/1028/768 1032/1031/768
f 1033/1032/769 1031/1030/769 1030/1029/767
f 1034/1033/767 1030/1029/767 1032/1031/768
f 1033/1032/769 1030/1029/767 1034/1033/767
f 1034/1033/767 1032/1031/768 1035/1034/768
f 1036/1035/769 1033/1032/769 1034/1033/767
f 1037/1036/767 1034/1033/767 1035/1034/768
f 1036/1035/769 1034/1033/767 1037/1036/767
f 1038/1037/769 1036/1035/769 1037/1036/767
f 1041/1038/770 1040/1039/770 1039/1040/770
f 1040/1039/770 1042/1041/770 1039/1040/770
f 1040/1039/770 1043/1042/770 1042/1041/770
f 1039/1040/770 1042/1041/770 1044/1043/771
f 1043/1042/770 1045/1044/770 1042/1041/770
f 1043/1042/770 1046/1045/770 1045/1044/770
f 1046/1045/770 1047/1046/770 1045/1044/770
f 1042/1041/770 1045/1044/770 1048/1047/772
f 1042/1041/770 1048/1047/772 1044/1043/771
f 1045/1044/770 1047/1046/770 1049/1048/773
f 1045/1044/770 1049/1048/773 1048/1047/772
f 1047/1046/770 1050/1049/774 1049/1048/773
f 1050/1049/774 1051/1050/775 1049/1048/773
f 1051/1050/775 1052/1051/776 1049/1048/773
f 1049/1048/773 1052/1051/776 1048/1047/772
f 1052/1051/776 1053/1052/777 1048/1047/772
f 1048/1047/772 1053/1052/777 1044/1043/771
f 1053/1052/777 1054/1053/778 1044/1043/771
f 1044/1043/771 1054/1053/778 1055/1054/779
f 1054/1053/778 1056/1055/780 1055/1054/779
f 1055/1054/779 1056/1055/780 1057/1056/781
f 1056/1055/780 1058/1057/782 1057/1056/781
f 1057/1056/781 1058/1057/782 1059/1058/783
f 1058/1057/782 1060/1059/784 1059/1058/783
f 1063/1060/785 1062/1061/786 1061/1062/787
f 1062/1061/786 1064/1063/788 1061/1062/787
f 1062/1061/786 1065/611/789 1064/1063/788
f 1061/1062/787 1064/1063/788 1066/1064/790
f 1065/611/789 1067/1065/791 1064/1063/788
f 1064/1063/788 1068/1066/792 1066/1064/790
f 1064/1063/788 1067/1065/791 1068/1066/792
f 1066/1064/790 1068/1066/792 1069/1067/793
f 1067/1065/791 1070/1068/794 1068/1066/792
f 1068/1066/792 1071/1069/795 1069/1067/793
f 1068/1066/792 1070/1068/794 1071/1069/795
f 1070/1068/794 1072/1070/796 1071/1069/795
f 1075/1071/797 1074/1072/798 1073/1073/799
f 1074/1072/798 1076/1074/800 1073/1073/799
f 1073/1073/799 1076/1074/800 1077/1075/801
f 1074/1072/798 1078/1076/802 1076/1074/800
f 1076/1074/800 1079/1077/803 1077/1075/801
f 1077/1075/801 1079/1077/803 1080/1078/804
f 1079/1077/803 1081/1079/805 1080/1078/804
f 1078/1076/802 1082/1080/806 1076/1074/800
f 1076/1074/800 1082/1080/806 1079/1077/803
f 1078/1076/802 1083/1081/807 1082/1080/806
f 1079/1077/803 1084/1082/808 1081/1079/805
f 1082/1080/806 1084/1082/808 1079/1077/803
f 1084/1082/808 1085/1083/809 1081/1079/805
f 1083/1081/807 1086/1084/810 1082/1080/806
f 1082/1080/806 1086/1084/810 1084/1082/808
f 1083/1081/807 1087/1085/811 1086/1084/810
f 1087/1085/811 1088/1086/812 1086/1084/810
f 1084/1082/808 1089/1087/813 1085/1083/809
f 1086/1084/810 1089/1087/813 1084/1082/808
f 1086/1084/810 1088/1086/812 1089/1087/813
f 1089/1087/813 1090/1088/814 1085/1083/809
f 1088/1086/812 1091/1089/815 1089/1087/813
f 1089/1087/813 1091/1089/815 1090/1088/814
f 1091/1089/815 1092/1090/816 1090/1088/814
f 1095/1091/817 1094/1092/818 1093/1093/818
f 1096/1094/817 1095/1091/817 1093/1093/818
f 1096/1094/817 1093/1093/818 1097/1095/819
f 1098/1096/820 1095/1091/817 1096/1094/817
f 1099/1097/821 1096/1094/817 1097/1095/819
f 1099/1097/821 1097/1095/819 1100/1098/822
f 1101/1099/821 1099/1097/821 1100/1098/822
f 1102/1100/820 1098/1096/820 1096/1094/817
f 1102/1100/820 1096/1094/817 1099/1097/821
f 1103/1101/823 1098/1096/820 1102/1100/820
f 1104/1102/820 1099/1097/821 1101/1099/821
f 1104/1102/820 1102/1100/820 1099/1097/821
f 1105/1103/820 1104/1102/820 1101/1099/821
f 1106/1104/824 1103/1101/823 1102/1100/820
f 1106/1104/824 1102/1100/820 1104/1102/820
f 1107/1105/825 1103/1101/823 1106/1104/824
f 1108/1106/826 1107/1105/825 1106/1104/824
f 1109/1107/827 1104/1102/820 1105/1103/820
f 1109/1107/827 1106/1104/824 1104/1102/820
f 1108/1106/826 1106/1104/824 1109/1107/827
f 1110/1108/827 1109/1107/827 1105/1103/820
f 1111/1109/828 1108/1106/826 1109/1107/827
f 1111/1109/828 1109/1107/827 1110/1108/827
f 1112/1110/828 1111/1109/828 1110/1108/827
f 1115/1111/829 1114/1112/830 1113/1113/831
f 1116/1114/832 1115/1111/829 1113/1113/831
f 1116/1114/832 1113/1113/831 1117/1115/833
f 1118/1116/834 1115/1111/829 1116/1114/832
f 1119/1117/835 1116/1114/832 1117/1115/833
f 1119/1117/835 1117/1115/833 1120/1118/836
f 1121/1119/837 1119/1117/835 1120/1118/836
f 1122/1120/838 1118/1116/834 1116/1114/832
f 1122/1120/838 1116/1114/832 1119/1117/835
f 1123/1121/839 1118/1116/834 1122/1120/838
f 1124/1122/840 1119/1117/835 1121/1119/837
f 1124/1122/840 1122/1120/838 1119/1117/835
f 1125/1123/841 1124/1122/840 1121/1119/837
f 1126/1124/842 1123/1121/839 1122/1120/838
f 1126/1124/842 1122/1120/838 1124/1122/840
f 1127/1125/843 1123/1121/839 1126/1124/842
f 1128/1126/844 1127/1125/843 1126/1124/842
f 1129/1127/845 1124/1122/840 1125/1123/841
f 1129/1127/845 1126/1124/842 1124/1122/840
f 1128/1126/844 1126/1124/842 1129/1127/845
f 1130/1128/846 1129/1127/845 1125/1123/841
f 1131/1129/847 1128/1126/844 1129/1127/845
f 1131/1129/847 1129/1127/845 1130/1128/846
f 1132/1130/848 1131/1129/847 1130/1128/846
f 1135/1131/849 1134/1132/850 1133/1133/851
f 1134/1132/850 1136/1134/852 1133/1133/851
f 1134/1132/850 1137/1135/853 1136/1134/852
f 1133/1133/851 1136/1134/852 1138/1136/854
f 1137/1135/853 1139/1137/855 1136/1134/852
f 1136/1134/852 1140/1138/856 1138/1136/854
f 1136/1134/852 1139/1137/855 1140/1138/856
f 1138/1136/854 1140/1138/856 1141/1139/857
f 1139/1137/855 1142/1140/858 1140/1138/856
f 1140/1138/856 1143/1141/859 1141/1139/857
f 1140/1138/856 1142/1140/858 1143/1141/859
f 1142/1140/858 1144/1142/860 1143/1141/859
f 1147/1143/861 1146/1144/862 1145/1145/863
f 1146/1144/862 1148/1146/864 1145/1145/863
f 1145/1145/863 1148/1146/864 1149/1147/865
f 1146/1144/862 1150/1148/866 1148/1146/864
f 1148/1146/864 1151/1149/867 1149/1147/865
f 1149/1147/865 1151/1149/867 1152/1150/868
f 1150/1148/866 1153/1151/869 1148/1146/864
f 1148/1146/864 1153/1151/869 1151/1149/867
f 1150/1148/866 1154/1152/870 1153/1151/869
f 1154/1152/870 1155/1153/871 1153/1151/869
f 1153/1151/869 1155/1153/871 1156/1154/872
f 1153/1151/869 1156/1154/872 1151/1149/867
f 1155/1153/871 1157/1155/873 1156/1154/872
f 1151/1149/867 1158/1156/874 1152/1150/868
f 1151/1149/867 1156/1154/872 1158/1156/874
f 1152/1150/868 1158/1156/874 1159/1157/875
f 1158/1156/874 1160/1158/876 1159/1157/875
f 1156/1154/872 1157/1155/873 1161/1159/877
f 1156/1154/872 1161/1159/877 1158/1156/874
f 1158/1156/874 1161/1159/877 1160/1158/876
f 1157/1155/873 1162/1160/878 1161/1159/877
f 1161/1159/877 1163/1161/879 1160/1158/876
f 1161/1159/877 1162/1160/878 1163/1161/879
f 1162/1160/878 1164/1162/880 1163/1161/879
f 1167/1163/881 1166/1164/882 1165/1165/883
f 1168/1166/884 1167/1163/881 1165/1165/883
f 1168/1166/884 1165/1165/883 1169/750/885
f 1170/1167/886 1167/1163/881 1168/1166/884
f 1171/1168/887 1168/1166/884 1169/750/885
f 1171/1168/887 1169/750/885 1172/1169/888
f 1173/1170/889 1170/1167/886 1168/1166/884
f 1173/1170/889 1168/1166/884 1171/1168/887
f 1174/1171/890 1170/1167/886 1173/1170/889
f 1175/1172/891 1174/1171/890 1173/1170/889
f 1175/1172/891 1173/1170/889 1176/1173/892
f 1176/1173/892 1173/1170/889 1171/1168/887
f 1177/1174/893 1175/1172/891 1176/1173/892
f 1178/1175/894 1171/1168/887 1172/1169/888
f 1176/1173/892 1171/1168/887 1178/1175/894
f 1178/1175/894 1172/1169/888 1179/1176/895
f 1180/1177/896 1178/1175/894 1179/1176/895
f 1177/1174/893 1176/1173/892 1181/1178/897
f 1181/1178/897 1176/1173/892 1178/1175/894
f 1181/1178/897 1178/1175/894 1180/1177/896
f 1182/1179/898 1177/1174/893 1181/1178/897
f 1183/1180/899 1181/1178/897 1180/1177/896
f 1182/1179/898 1181/1178/897 1183/1180/899
f 1184/1181/900 1182/1179/898 1183/1180/899
f 1187/1182/901 1186/1183/902 1185/1184/903
f 1186/1183/902 1188/1185/904 1185/1184/903
f 1185/1184/903 1188/1185/904 1189/1186/905
f 1186/1183/902 1190/1187/906 1188/1185/904
f 1188/1185/904 1191/1188/905 1189/1186/905
f 1190/1187/906 1192/1189/903 1188/1185/904
f 1188/1185/904 1192/1189/903 1191/1188/905
f 1190/1187/906 1193/1190/907 1192/1189/903
f 1192/1189/903 1194/1191/905 1191/1188/905
f 1193/1190/907 1195/1192/908 1192/1189/903
f 1192/1189/903 1195/1192/908 1194/1191/905
f 1195/1192/908 1196/1030/905 1194/1191/905
f 1199/113/909 1198/1193/910 1197/1194/911
f 1198/1193/910 1200/1195/912 1197/1194/911
f 1197/1194/911 1200/1195/912 1201/1196/913
f 1198/1193/910 1202/1197/910 1200/1195/912
f 1200/1195/912 1203/1198/914 1201/1196/913
f 1202/1197/910 1204/1199/915 1200/1195/912
f 1200/1195/912 1204/1199/915 1203/1198/914
f 1202/1197/910 1205/1200/910 1204/1199/915
f 1204/1199/915 1206/1201/916 1203/1198/914
f 1205/1200/910 1207/1202/912 1204/1199/915
f 1204/1199/915 1207/1202/912 1206/1201/916
f 1207/1202/912 1208/1203/917 1206/1201/916
f 1211/1204/918 1210/1205/919 1209/1206/920
f 1212/1207/921 1211/1204/918 1209/1206/920
f 1212/1207/921 1209/1206/920 1213/1208/922
f 1214/1209/923 1211/1204/918 1212/1207/921
f 1215/1210/924 1212/1207/921 1213/1208/922
f 1216/1211/925 1214/1209/923 1212/1207/921
f 1216/1211/925 1212/1207/921 1215/1210/924
f 1217/1212/926 1214/1209/923 1216/1211/925
f 1218/1213/927 1216/1211/925 1215/1210/924
f 1219/1214/928 1217/1212/926 1216/1211/925
f 1219/1214/928 1216/1211/925 1218/1213/927
f 1220/1215/929 1219/1214/928 1218/1213/927
f 1223/1216/930 1222/1217/931 1221/1218/932
f 1224/1219/933 1223/1216/930 1221/1218/932
f 1224/1219/933 1221/1218/932 1225/1220/934
f 1226/1221/935 1223/1216/930 1224/1219/933
f 1227/1222/936 1224/1219/933 1225/1220/934
f 1228/1223/937 1226/1221/935 1224/1219/933
f 1228/1223/937 1224/1219/933 1227/1222/936
f 1229/1224/938 1226/1221/935 1228/1223/937
f 1230/1225/939 1228/1223/937 1227/1222/936
f 1231/1226/940 1229/1224/938 1228/1223/937
f 1231/1226/940 1228/1223/937 1230/1225/939
f 1232/1227/941 1231/1226/940 1230/1225/939
f 1235/1228/942 1234/1229/942 1233/1230/943
f 1234/1229/942 1236/1231/943 1233/1230/943
f 1233/1230/943 1236/1231/943 1237/1232/944
f 1234/1229/942 1238/1233/942 1236/1231/943
f 1236/1231/943 1239/1234/944 1237/1232/944
f 1237/1232/944 1239/1234/944 1240/1235/945
f 1238/1233/942 1241/1236/943 1236/1231/943
f 1236/1231/943 1241/1236/943 1239/1234/944
f 1238/1233/942 1242/1237/946 1241/1236/943
f 1242/1237/946 1243/1238/947 1241/1236/943
f 1241/1236/943 1243/1238/947 1244/1239/143
f 1241/1236/943 1244/1239/143 1239/1234/944
f 1243/1238/947 1245/1240/143 1244/1239/143
f 1239/1234/944 1246/1241/948 1240/1235/945
f 1239/1234/944 1244/1239/143 1246/1241/948
f 1240/1235/945 1246/1241/948 1247/1242/949
f 1246/1241/948 1248/1243/949 1247/1242/949
f 1244/1239/143 1245/1240/143 1249/1244/950
f 1244/1239/143 1249/1244/950 1246/1241/948
f 1246/1241/948 1249/1244/950 1248/1243/949
f 1245/1240/143 1250/1245/948 1249/1244/950
f 1249/1244/950 1251/1246/951 1248/1243/949
f 1249/1244/950 1250/1245/948 1251/1246/951
f 1250/1245/948 1252/1247/949 1251/1246/951
f 1255/1248/952 1254/1249/953 1253/1250/954
f 1254/1249/953 1256/1251/955 1253/1250/954
f 1253/1250/954 1256/1251/955 1257/1252/956
f 1254/1249/953 1258/1253/957 1256/1251/955
f 1256/1251/955 1259/1254/958 1257/1252/956
f 1257/1252/956 1259/1254/958 1260/1255/959
f 1259/1254/958 1261/1256/960 1260/1255/959
f 1258/1253/957 1262/1257/961 1256/1251/955
f 1256/1251/955 1262/1257/961 1259/1254/958
f 1258/1253/957 1263/1258/962 1262/1257/961
f 1259/1254/958 1264/1259/963 1261/1256/960
f 1262/1257/961 1264/1259/963 1259/1254/958
f 1264/1259/963 1265/1260/964 1261/1256/960
f 1263/1258/962 1266/1261/965 1262/1257/961
f 1262/1257/961 1266/1261/965 1264/1259/963
f 1263/1258/962 1267/1262/966 1266/1261/965
f 1267/1262/966 1268/1263/967 1266/1261/965
f 1264/1259/963 1269/1264/968 1265/1260/964
f 1266/1261/965 1269/1264/968 1264/1259/963
f 1266/1261/965 1268/1263/967 1269/1264/968
f 1269/1264/968 1270/1265/969 1265/1260/964
f 1268/1263/967 1271/1266/970 1269/1264/968
f 1269/1264/968 1271/1266/970 1270/1265/969
f 1271/1266/970 1272/1267/971 1270/1265/969
f 1275/1268/972 1274/1269/973 1273/1270/974
f 1276/1271/975 1275/1268/972 1273/1270/974
f 1276/1271/975 1273/1270/974 1277/1272/976
f 1278/1273/977 1275/1268/972 1276/1271/975
f 1279/1274/978 1276/1271/975 1277/1272/976
f 1279/1274/978 1277/1272/976 1280/1275/979
f 1281/1276/980 1279/1274/978 1280/1275/979
f 1282/1277/981 1278/1273/977 1276/1271/975
f 1282/1277/981 1276/1271/975 1279/1274/978
f 1283/1278/982 1278/1273/977 1282/1277/981
f 1284/1279/983 1279/1274/978 1281/1276/980
f 1284/1279/983 1282/1277/981 1279/1274/978
f 1285/1280/984 1284/1279/983 1281/1276/980
f 1286/1281/985 1283/1278/982 1282/1277/981
f 1286/1281/985 1282/1277/981 1284/1279/983
f 1287/1282/986 1283/1278/982 1286/1281/985
f 1288/1283/987 1287/1282/986 1286/1281/985
f 1289/1284/988 1284/1279/983 1285/1280/984
f 1289/1284/988 1286/1281/985 1284/1279/983
f 1288/1283/987 1286/1281/985 1289/1284/988
f 1290/1285/989 1289/1284/988 1285/1280/984
f 1291/1286/990 1288/1283/987 1289/1284/988
f 1291/1286/990 1289/1284/988 1290/1285/989
f 1292/1287/991 1291/1286/990 1290/1285/989
f 1295/1288/992 1294/1289/993 1293/1290/994
f 1296/1291/995 1295/1288/992 1293/1290/994
f 1296/1291/995 1293/1290/994 1297/1292/996
f 1298/1293/997 1295/1288/992 1296/1291/995
f 1299/1294/998 1296/1291/995 1297/1292/996
f 1299/1294/998 1297/1292/996 1300/1295/999
f 1301/1296/1000 1298/1293/997 1296/1291/995
f 1301/1296/1000 1296/1291/995 1299/1294/998
f 1302/1297/1001 1298/1293/997 1301/1296/1000
f 1303/1298/1002 1302/1297/1001 1301/1296/1000
f 1303/1298/1002 1301/1296/1000 1304/1299/1003
f 1304/1299/1003 1301/1296/1000 1299/1294/998
f 1305/1300/1004 1303/1298/1002 1304/1299/1003
f 1306/1301/1005 1299/1294/998 1300/1295/999
f 1304/1299/1003 1299/1294/998 1306/1301/1005
f 1306/1301/1005 1300/1295/999 1307/1302/1006
f 1308/1303/1007 1306/1301/1005 1307/1302/1006
f 1305/1300/1004 1304/1299/1003 1309/1304/1008
f 1309/1304/1008 1304/1299/1003 1306/1301/1005
f 1309/1304/1008 1306/1301/1005 1308/1303/1007
f 1310/1305/1009 1305/1300/1004 1309/1304/1008
f 1311/1306/1010 1309/1304/1008 1308/1303/1007
f 1310/1305/1009 1309/1304/1008 1311/1306/1010
f 1312/1307/1011 1310/1305/1009 1311/1306/1010
f 1315/1308/1012 1314/1309/1013 1313/1310/1014
f 1314/1309/1013 1316/1311/1015 1313/1310/1014
f 1313/1310/1014 1316/1311/1015 1317/1312/1016
f 1314/1309/1013 1318/1313/1017 1316/1311/1015
f 1316/1311/1015 1319/1314/1018 1317/1312/1016
f 1317/1312/1016 1319/1314/1018 1320/1315/1019
f 1318/1313/1017 1321/1316/1020 1316/1311/1015
f 1316/1311/1015 1321/1316/1020 1319/1314/1018
f 1318/1313/1017 1322/1317/1021 1321/1316/1020
f 1322/1317/1021 1323/1318/1022 1321/1316/1020
f 1321/1316/1020 1323/1318/1022 1324/1319/1023
f 1321/1316/1020 1324/1319/1023 1319/1314/1018
f 1323/1318/1022 1325/1320/1024 1324/1319/1023
f 1319/1314/1018 1326/1321/1025 1320/1315/1019
f 1319/1314/1018 1324/1319/1023 1326/1321/1025
f 1320/1315/1019 1326/1321/1025 1327/1322/1026
f 1326/1321/1025 1328/1323/1027 1327/1322/1026
f 1324/1319/1023 1325/1320/1024 1329/1324/1028
f 1324/1319/1023 1329/1324/1028 1326/1321/1025
f 1326/1321/1025 1329/1324/1028 1328/1323/1027
f 1325/1320/1024 1330/1325/1029 1329/1324/1028
f 1329/1324/1028 1331/1326/1030 1328/1323/1027
f 1329/1324/1028 1330/1325/1029 1331/1326/1030
f 1330/1325/1029 1332/1327/1031 1331/1326/1030
f 1335/1328/1032 1334/1329/1033 1333/1330/1034
f 1334/1329/1033 1336/1331/1035 1333/1330/1034
f 1333/1330/1034 1336/1331/1035 1337/861/1036
f 1334/1329/1033 1338/1332/1037 1336/1331/1035
f 1336/1331/1035 1339/1333/1038 1337/861/1036
f 1338/1332/1037 1340/1334/1034 1336/1331/1035
f 1336/1331/1035 1340/1334/1034 1339/1333/1038
f 1338/1332/1037 1341/1335/1039 1340/1334/1034
f 1340/1334/1034 1342/1336/1038 1339/1333/1038
f 1341/1335/1039 1343/1337/1035 1340/1334/1034
f 1340/1334/1034 1343/1337/1035 1342/1336/1038
f 1343/1337/1035 1344/854/1036 1342/1336/1038
f 1347/1338/1040 1346/1339/1041 1345/1340/1042
f 1346/1339/1041 1348/1341/1042 1345/1340/1042
f 1345/1340/1042 1348/1341/1042 1349/1342/1043
f 1346/1339/1041 1350/1343/1041 1348/1341/1042
f 1348/1341/1042 1351/1344/1044 1349/1342/1043
f 1350/1343/1041 1352/1345/1045 1348/1341/1042
f 1348/1341/1042 1352/1345/1045 1351/1344/1044
f 1350/1343/1041 1353/1346/1041 1352/1345/1045
f 1352/1345/1045 1354/1347/1044 1351/1344/1044
f 1353/1346/1041 1355/1348/1045 1352/1345/1045
f 1352/1345/1045 1355/1348/1045 1354/1347/1044
f 1355/1348/1045 1356/1349/1046 1354/1347/1044
f 1359/1350/1047 1358/1351/1048 1357/1352/1049
f 1358/1351/1048 1360/1353/1050 1357/1352/1049
f 1358/1351/1048 1361/1354/1051 1360/1353/1050
f 1360/1353/1050 1361/1354/1051 1362/1355/1052
f 1363/1356/1053 1360/1353/1050 1362/1355/1052
f 1364/1357/1054 1361/1354/1051 1358/1351/1048
f 1358/1351/1048 1365/1358/1055 1364/1357/1054
f 1366/1359/1056 1364/1357/1054 1365/1358/1055
f 1366/1359/1056 1365/1358/1055 1367/1360/1057
f 1368/1361/1058 1366/1359/1056 1367/1360/1057
f 1369/1362/1059 1364/1357/1054 1366/1359/1056
f 1369/1362/1059 1366/1359/1056 1370/1363/1060
f 1364/1357/1054 1371/1364/1061 1361/1354/1051
f 1369/1362/1059 1371/1364/1061 1364/1357/1054
f 1371/1364/1061 1372/1365/1062 1361/1354/1051
f 1361/1354/1051 1372/1365/1062 1362/1355/1052
f 1371/1364/1061 1373/1366/1063 1372/1365/1062
f 1373/1366/1063 1371/1364/1061 1369/1362/1059
f 1373/1366/1063 1374/1367/1064 1372/1365/1062
f 1362/1355/1052 1372/1365/1062 1374/1367/1064
f 1373/1366/1063 1375/1368/1065 1374/1367/1064
f 1375/1368/1065 1376/1369/1066 1374/1367/1064
f 1377/1370/1067 1369/1362/1059 1370/1363/1060
f 1377/1370/1067 1378/1371/1068 1369/1362/1059
f 1378/1371/1068 1379/1372/1069 1369/1362/1059
f 1377/1370/1067 1370/1363/1060 1380/1373/1070
f 1381/1374/1071 1380/1373/1070 1370/1363/1060
f 1381/1374/1071 1370/1363/1060 1382/1375/1072
f 1383/1376/1073 1381/1374/1071 1382/1375/1072
f 1380/1373/1070 1384/1377/1074 1377/1370/1067
f 1377/1370/1067 1384/1377/1074 1385/1378/1075
f 1380/1373/1070 1381/1374/1071 1386/1379/1076
f 1381/1374/1071 1387/1380/1077 1386/1379/1076
f 1384/1377/1074 1380/1373/1070 1388/1381/1078
f 1380/1373/1070 1386/1379/1076 1388/1381/1078
f 1389/1382/1079 1385/1378/1075 1384/1377/1074
f 1384/1377/1074 1388/1381/1078 1389/1382/1079
f 1385/1378/1075 1389/1382/1079 1390/1383/1080
f 1391/1384/1080 1385/1378/1075 1390/1383/1080
f 1389/1382/1079 1388/1381/1078 1392/1385/1081
f 1392/1385/1081 1388/1381/1078 1386/1379/1076
f 1363/1356/1053 1386/1379/1076 1387/1380/1077
f 1386/1379/1076 1363/1356/1053 1392/1385/1081
f 1363/1356/1053 1387/1380/1077 1393/1386/1082
f 1394/1387/1083 1363/1356/1053 1393/1386/1082
f 1363/1356/1053 1362/1355/1052 1392/1385/1081
f 1392/1385/1081 1362/1355/1052 1395/1388/1084
f 1396/1389/1084 1392/1385/1081 1395/1388/1084
f 1399/1390/1085 1398/1391/1086 1397/1392/1087
f 1400/1393/1088 1399/1390/1085 1397/1392/1087
f 1397/1392/1087 1401/1394/102 1400/1393/1088
f 1401/1394/102 1402/1395/110 1400/1393/1088
f 1401/1394/102 1403/1396/102 1402/1395/110
f 1402/1395/110 1404/1397/1089 1400/1393/1088
f 1404/1397/1089 1405/1398/1089 1400/1393/1088
f 1406/1399/1089 1404/1397/1089 1402/1395/110
f 1403/1396/102 1407/1400/110 1402/1395/110
f 1407/1400/110 1406/1399/1089 1402/1395/110
f 1403/1396/102 1408/1401/102 1407/1400/110
f 1409/1402/1089 1406/1399/1089 1407/1400/110
f 1408/1401/102 1410/1403/110 1407/1400/110
f 1410/1403/110 1409/1402/1089 1407/1400/110
f 1413/1404/1090 1412/1405/1091 1411/1406/1092
f 1414/1407/1093 1413/1404/1090 1411/1406/1092
f 1411/1406/1092 1415/1408/95 1414/1407/1093
f 1415/1408/95 1416/1409/106 1414/1407/1093
f 1415/1408/95 1417/1410/95 1416/1409/106
f 1416/1409/106 1418/1411/98 1414/1407/1093
f 1418/1411/98 1419/1412/1094 1414/1407/1093
f 1420/1413/98 1418/1411/98 1416/1409/106
f 1417/1410/95 1421/1414/106 1416/1409/106
f 1421/1414/106 1420/1413/98 1416/1409/106
f 1417/1410/95 1422/1415/95 1421/1414/106
f 1423/1416/98 1420/1413/98 1421/1414/106
f 1422/1415/95 1424/1417/106 1421/1414/106
f 1424/1417/106 1423/1416/98 1421/1414/106
f 1427/1418/1095 1426/1419/1096 1425/1420/1097
f 1428/1421/1098 1425/1420/1097 1426/1419/1096
f 1425/1420/1097 1429/1422/1099 1427/1418/1095
f 1427/1418/1095 1429/1422/1099 1430/1383/1100
f 1431/1423/1101 1425/1420/1097 1428/1421/1098
f 1425/1420/1097 1431/1423/1101 1429/1422/1099
f 1430/1383/1100 1429/1422/1099 1432/1424/1102
f 1431/1423/1101 1432/1424/1102 1429/1422/1099
f 1428/1421/1098 1433/1425/1103 1431/1423/1101
f 1428/1421/1098 1434/1426/1104 1433/1425/1103
f 1435/1427/1105 1431/1423/1101 1433/1425/1103
f 1431/1423/1101 1435/1427/1105 1432/1424/1102
f 1435/1427/1105 1436/1428/1106 1432/1424/1102
f 1437/1429/1107 1432/1424/1102 1436/1428/1106
f 1432/1424/1102 1437/1429/1107 1430/1383/1100
f 1437/1429/1107 1438/1384/1108 1430/1383/1100
f 1434/1426/1104 1439/1430/1109 1433/1425/1103
f 1437/1429/1107 1440/1431/1110 1438/1384/1108
f 1434/1426/1104 1441/1432/1111 1439/1430/1109
f 1439/1430/1109 1441/1432/1111 1442/1433/1112
f 1443/1434/1113 1442/1433/1112 1441/1432/1111
f 1443/1434/1113 1444/1435/1114 1440/1431/1110
f 1440/1431/1110 1444/1435/1114 1438/1384/1108
f 1441/1432/1111 1444/1435/1114 1443/1434/1113
f 1434/1426/1104 1445/1436/1115 1441/1432/1111
f 1441/1432/1111 1445/1436/1115 1444/1435/1114
f 1446/1437/1116 1445/1436/1115 1434/1426/1104
f 1444/1435/1114 1447/1438/1117 1438/1384/1108
f 1445/1436/1115 1447/1438/1117 1444/1435/1114
f 1445/1436/1115 1446/1437/1116 1447/1438/1117
f 1438/1384/1108 1447/1438/1117 1448/1439/1118
f 1446/1437/1116 1448/1439/1118 1447/1438/1117
f 1451/1440/1119 1450/1441/1120 1449/1442/1120
f 1452/1443/1121 1451/1440/1119 1449/1442/1120
f 1453/1444/1122 1451/1440/1119 1452/1443/1121
f 1449/1442/1120 1450/1441/1120 1454/1445/1123
f 1450/1441/1120 1455/1446/1124 1454/1445/1123
f 1456/1447/1125 1453/1444/1122 1452/1443/1121
f 1457/1448/1126 1453/1444/1122 1456/1447/1125
f 1454/1445/1123 1455/1446/1124 1458/1449/1127
f 1455/1446/1124 1459/1450/1128 1458/1449/1127
f 1460/1451/1129 1457/1448/1126 1456/1447/1125
f 1461/1452/1130 1457/1448/1126 1460/1451/1129
f 1458/1449/1127 1459/1450/1128 1462/1453/1131
f 1459/1450/1128 1463/1454/1132 1462/1453/1131
f 1464/1455/1130 1461/1452/1130 1460/1451/1129
f 1465/1456/1133 1461/1452/1130 1464/1455/1130
f 1462/1453/1131 1463/1454/1132 1466/1457/1134
f 1463/1454/1132 1467/1458/1135 1466/1457/1134
f 1468/1459/1136 1465/1456/1133 1464/1455/1130
f 1469/1460/1137 1465/1456/1133 1468/1459/1136
f 1466/1457/1134 1467/1458/1135 1470/1461/1138
f 1467/1458/1135 1471/1462/1139 1470/1461/1138
f 1472/1463/1140 1469/1460/1137 1468/1459/1136
f 1473/1464/1141 1469/1460/1137 1472/1463/1140
f 1470/1461/1138 1471/1462/1139 1474/1465/1142
f 1471/1462/1139 1475/1466/1143 1474/1465/1142
f 1476/1467/1144 1473/1464/1141 1472/1463/1140
f 1477/163/1145 1473/1464/1141 1476/1467/1144
f 1474/1465/1142 1475/1466/1143 1478/1468/1146
f 1475/1466/1143 1479/161/1147 1478/1468/1146
f 1479/161/1147 1477/163/1145 1480/1469/1145
f 1480/1469/1145 1477/163/1145 1476/1467/1144
f 1478/1468/1146 1479/161/1147 1480/1469/1145
f 1466/1457/1134 1470/1461/1138 1481/1470/1148
f 1470/1461/1138 1474/1465/1142 1482/1471/1149
f 1481/1470/1148 1470/1461/1138 1482/1471/1149
f 1474/1465/1142 1478/1468/1146 1483/1472/1150
f 1482/1471/1149 1474/1465/1142 1483/1472/1150
f 1478/1468/1146 1480/1469/1145 1484/1473/1151
f 1483/1472/1150 1478/1468/1146 1484/1473/1151
f 1480/1469/1145 1476/1467/1144 1485/1474/1152
f 1484/1473/1151 1480/1469/1145 1485/1474/1152
f 1476/1467/1144 1472/1463/1140 1486/1475/1153
f 1485/1474/1152 1476/1467/1144 1486/1475/1153
f 1487/1476/1154 1466/1457/1134 1481/1470/1148
f 1462/1453/1131 1466/1457/1134 1487/1476/1154
f 1486/1475/1153 1472/1463/1140 1488/1477/1155
f 1472/1463/1140 1468/1459/1136 1488/1477/1155
f 1489/1478/1156 1462/1453/1131 1487/1476/1154
f 1458/1449/1127 1462/1453/1131 1489/1478/1156
f 1488/1477/1155 1468/1459/1136 1490/1479/1157
f 1468/1459/1136 1464/1455/1130 1490/1479/1157
f 1491/1480/1158 1458/1449/1127 1489/1478/1156
f 1454/1445/1123 1458/1449/1127 1491/1480/1158
f 1490/1479/1157 1464/1455/1130 1492/1481/1159
f 1464/1455/1130 1460/1451/1129 1492/1481/1159
f 1493/1482/1160 1454/1445/1123 1491/1480/1158
f 1449/1442/1120 1454/1445/1123 1493/1482/1160
f 1492/1481/1159 1460/1451/1129 1494/1483/1161
f 1460/1451/1129 1456/1447/1125 1494/1483/1161
f 1495/1484/1162 1449/1442/1120 1493/1482/1160
f 1452/1443/1121 1449/1442/1120 1495/1484/1162
f 1456/1447/1125 1452/1443/1121 1496/1485/1163
f 1494/1483/1161 1456/1447/1125 1496/1485/1163
f 1496/1485/1163 1452/1443/1121 1495/1484/1162
f 1491/1480/1158 1489/1478/1156 1497/1486/1164
f 1493/1482/1160 1491/1480/1158 1498/1487/1165
f 1498/1487/1165 1491/1480/1158 1497/1486/1164
f 1495/1484/1162 1493/1482/1160 1499/1488/1166
f 1499/1488/1166 1493/1482/1160 1498/1487/1165
f 1496/1485/1163 1495/1484/1162 1500/1489/1167
f 1500/1489/1167 1495/1484/1162 1499/1488/1166
f 1494/1483/1161 1496/1485/1163 1501/1490/1168
f 1501/1490/1168 1496/1485/1163 1500/1489/1167
f 1492/1481/1159 1494/1483/1161 1502/1491/1169
f 1502/1491/1169 1494/1483/1161 1501/1490/1168
f 1497/1486/1164 1489/1478/1156 1503/1492/1170
f 1489/1478/1156 1487/1476/1154 1503/1492/1170
f 1504/1493/1171 1492/1481/1159 1502/1491/1169
f 1490/1479/1157 1492/1481/1159 1504/1493/1171
f 1503/1492/1170 1487/1476/1154 1505/1494/1172
f 1487/1476/1154 1481/1470/1148 1505/1494/1172
f 1506/1495/1173 1490/1479/1157 1504/1493/1171
f 1488/1477/1155 1490/1479/1157 1506/1495/1173
f 1505/1494/1172 1481/1470/1148 1507/1496/1174
f 1481/1470/1148 1482/1471/1149 1507/1496/1174
f 1508/1497/1175 1488/1477/1155 1506/1495/1173
f 1486/1475/1153 1488/1477/1155 1508/1497/1175
f 1507/1496/1174 1482/1471/1149 1509/1498/1176
f 1482/1471/1149 1483/1472/1150 1509/1498/1176
f 1510/1499/1177 1486/1475/1153 1508/1497/1175
f 1485/1474/1152 1486/1475/1153 1510/1499/1177
f 1509/1498/1176 1483/1472/1150 1511/1500/1178
f 1483/1472/1150 1484/1473/1151 1511/1500/1178
f 1484/1473/1151 1485/1474/1152 1512/1501/1179
f 1512/1501/1179 1485/1474/1152 1510/1499/1177
f 1511/1500/1178 1484/1473/1151 1512/1501/1179
f 1505/1494/1172 1507/1496/1174 1513/1502/1180
f 1514/1503/1181 1505/1494/1172 1513/1502/1180
f 1513/1502/1180 1507/1496/1174 1515/1504/1182
f 1507/1496/1174 1509/1498/1176 1515/1504/1182
f 1503/1492/1170 1505/1494/1172 1514/1503/1181
f 1515/1504/1182 1509/1498/1176 1516/1505/1183
f 1509/1498/1176 1511/1500/1178 1516/1505/1183
f 1517/1506/1184 1503/1492/1170 1514/1503/1181
f 1516/1505/1183 1511/1500/1178 1518/1507/1185
f 1511/1500/1178 1512/1501/1179 1518/1507/1185
f 1497/1486/1164 1503/1492/1170 1517/1506/1184
f 1518/1507/1185 1512/1501/1179 1519/1508/1186
f 1520/1509/1187 1497/1486/1164 1517/1506/1184
f 1512/1501/1179 1510/1499/1177 1519/1508/1186
f 1498/1487/1165 1497/1486/1164 1520/1509/1187
f 1519/1508/1186 1510/1499/1177 1521/1510/1188
f 1522/1511/1189 1498/1487/1165 1520/1509/1187
f 1510/1499/1177 1508/1497/1175 1521/1510/1188
f 1499/1488/1166 1498/1487/1165 1522/1511/1189
f 1521/1510/1188 1508/1497/1175 1523/1512/1190
f 1524/1513/1191 1499/1488/1166 1522/1511/1189
f 1508/1497/1175 1506/1495/1173 1523/1512/1190
f 1500/1489/1167 1499/1488/1166 1524/1513/1191
f 1523/1512/1190 1506/1495/1173 1525/1514/1192
f 1526/1515/1193 1500/1489/1167 1524/1513/1191
f 1506/1495/1173 1504/1493/1171 1525/1514/1192
f 1501/1490/1168 1500/1489/1167 1526/1515/1193
f 1525/1514/1192 1504/1493/1171 1527/1516/1194
f 1528/1517/1195 1501/1490/1168 1526/1515/1193
f 1504/1493/1171 1502/1491/1169 1527/1516/1194
f 1502/1491/1169 1501/1490/1168 1528/1517/1195
f 1527/1516/1194 1502/1491/1169 1528/1517/1195
f 1531/1518/1196 1530/1519/1197 1529/1520/1198
f 1532/1521/1199 1531/1518/1196 1529/1520/1198
f 1529/1520/1198 1530/1519/1197 1533/1522/1200
f 1530/1519/1197 1534/1523/1201 1533/1522/1200
f 1533/1522/1200 1534/1523/1201 1535/1524/1202
f 1536/1525/1203 1534/1523/1201 1530/1519/1197
f 1534/1523/1201 1536/1525/1203 1535/1524/1202
f 1530/1519/1197 1531/1518/1196 1536/1525/1203
f 1535/1524/1202 1536/1525/1203 1537/1526/1204
f 1536/1525/1203 1538/1527/1205 1537/1526/1204
f 1531/1518/1196 1538/1527/1205 1536/1525/1203
f 1537/1526/1204 1538/1527/1205 1539/1528/1206
f 1540/1529/1207 1531/1518/1196 1532/1521/1199
f 1531/1518/1196 1540/1529/1207 1538/1527/1205
f 1541/1530/1208 1540/1529/1207 1532/1521/1199
f 1538/1527/1205 1542/1531/1209 1539/1528/1206
f 1540/1529/1207 1542/1531/1209 1538/1527/1205
f 1539/1528/1206 1542/1531/1209 1543/1532/1210
f 1542/1531/1209 1544/1533/1211 1543/1532/1210
f 1540/1529/1207 1544/1533/1211 1542/1531/1209
f 1543/1532/1210 1544/1533/1211 1545/1534/1212
f 1546/1535/1213 1540/1529/1207 1541/1530/1208
f 1540/1529/1207 1546/1535/1213 1544/1533/1211
f 1547/1536/1214 1546/1535/1213 1541/1530/1208
f 1544/1533/1211 1548/1537/1215 1545/1534/1212
f 1546/1535/1213 1548/1537/1215 1544/1533/1211
f 1545/1534/1212 1548/1537/1215 1549/1538/1216
f 1550/1539/1217 1546/1535/1213 1547/1536/1214
f 1546/1535/1213 1550/1539/1217 1548/1537/1215
f 1551/1540/1218 1550/1539/1217 1547/1536/1214
f 1552/1541/1219 1550/1539/1217 1551/1540/1218
f 1550/1539/1217 1552/1541/1219 1548/1537/1215
f 1553/1542/1220 1552/1541/1219 1551/1540/1218
f 1548/1537/1215 1554/1543/1221 1549/1538/1216
f 1552/1541/1219 1554/1543/1221 1548/1537/1215
f 1549/1538/1216 1554/1543/1221 1555/1544/1222
f 1556/1545/1223 1552/1541/1219 1553/1542/1220
f 1552/1541/1219 1556/1545/1223 1554/1543/1221
f 1557/1546/1224 1556/1545/1223 1553/1542/1220
f 1554/1543/1221 1558/1547/1225 1555/1544/1222
f 1556/1545/1223 1558/1547/1225 1554/1543/1221
f 1555/1544/1222 1558/1547/1225 1559/1548/1226
f 1560/1549/1227 1556/1545/1223 1557/1546/1224
f 1559/1548/1226 1560/1549/1227 1557/1546/1224
f 1556/1545/1223 1560/1549/1227 1558/1547/1225
f 1558/1547/1225 1560/1549/1227 1559/1548/1226
