mtllib oven_FP1.mtl
v -0.29757 0.12344 -0.01623
v -0.30361 0.12594 -0.01623
v -0.30731 0.12286 -0.01987
v -0.29733 0.11969 -0.01987
v -0.42308 0.01037 -0.01987
v -0.31059 0.13198 -0.01987
v 0 0.0103 -0.01987
v 0 0.12109 -0.01987
v -0.4231 0.51489 -0.01987
v 0.29656 0.11969 -0.01987
v -0.31059 0.4308 -0.01987
v 0.42145 0.01037 -0.01987
v -0.30731 0.43992 -0.01987
v 0.30654 0.12286 -0.01987
v 0.29681 0.12344 -0.01623
v 0.30284 0.12594 -0.01623
v 0.30982 0.13198 -0.01987
v 0.30982 0.4308 -0.01987
v 0.42147 0.51489 -0.01987
v 0.30654 0.43992 -0.01987
v -0.29733 0.44308 -0.01987
v -0.29757 0.43934 -0.01623
v -0.30361 0.43684 -0.01623
v 0 0.51489 -0.01987
v 0 0.44169 -0.01987
v 0.29656 0.44308 -0.01987
v 0.29681 0.43934 -0.01623
v 0.30284 0.43684 -0.01623
v 0 0.51717 -0.01795
v -0.42296 0.51717 -0.01795
v 0.42133 0.51717 -0.01795
v 0 0.51953 -0.01795
v -0.42296 0.51953 -0.01795
v 0.42133 0.51953 -0.01795
v -0.30361 0.12594 -0.01623
v -0.30611 0.13198 -0.01623
v -0.31059 0.13198 -0.01987
v -0.30731 0.12286 -0.01987
v 0 0.0103 -0.01987
v -0.42308 0.01037 -0.01987
v -0.42474 0.00697 -0.01516
v 0 0.00697 -0.01516
v 0.4231 0.00697 -0.01516
v 0.42145 0.01037 -0.01987
v -0.42474 0.00697 -0.01516
v 0 0.00697 -0.00205
v -0.42474 0.00697 -0.00205
v 0.4231 0.00697 -0.01516
v 0.4231 0.00697 -0.00205
v 0 0.0103 0.00457
v -0.42474 0.00697 -0.00205
v -0.42308 0.01037 0.00457
v 0.4231 0.00697 -0.00205
v 0.42145 0.01037 0.00457
v -0.30611 0.4308 -0.01623
v -0.31059 0.4308 -0.01987
v -0.31059 0.13198 -0.01987
v -0.30611 0.13198 -0.01623
v -0.30361 0.43684 -0.01623
v -0.30731 0.43992 -0.01987
v -0.31059 0.4308 -0.01987
v -0.30611 0.4308 -0.01623
v -0.42474 0.55506 -0.01795
v -0.42314 0.52164 -0.01989
v -0.42308 0.55461 -0.01987
v -0.42474 0.52164 -0.01795
v -0.42474 0.52164 -0.00432
v -0.42474 0.55506 -0.00432
v -0.42389 0.55711 -0.01795
v -0.42389 0.55711 -0.00432
v -0.42308 0.55461 -0.01987
v -0.42389 0.55711 -0.01795
v -0.42474 0.55506 -0.01795
v -0.42183 0.55796 -0.01795
v 0 0.55796 -0.01795
v 0 0.55461 -0.01987
v 0.42145 0.55461 -0.01987
v 0.4202 0.55796 -0.01795
v 0.42225 0.55711 -0.01795
v 0.4231 0.55506 -0.01795
v 0 0.52487 -0.01987
v -0.42314 0.52164 -0.01989
v 0.42151 0.52164 -0.01989
v -0.29757 0.12344 0.00071
v -0.30731 0.12286 0.00457
v -0.30361 0.12594 0.00071
v -0.29733 0.11969 0.00457
v 0 0.12109 0.00457
v 0 0.12344 0.00071
v 0.29681 0.12344 0.00071
v 0.29656 0.11969 0.00457
v 0.30654 0.12286 0.00457
v 0.30284 0.12594 0.00071
v -0.42308 0.01037 0.00457
v -0.31059 0.13198 0.00457
v -0.31059 0.4308 0.00457
v -0.29733 0.11969 0.00457
v -0.42308 0.51292 0.00457
v 0 0.0103 0.00457
v 0 0.12109 0.00457
v 0.29656 0.11969 0.00457
v 0.42145 0.01037 0.00457
v 0.30982 0.13198 0.00457
v 0.30982 0.4308 0.00457
v 0.42145 0.51292 0.00457
v -0.30731 0.43992 0.00457
v 0.30654 0.43992 0.00457
v -0.29733 0.44308 0.00457
v 0 0.51292 0.00457
v 0 0.44169 0.00457
v 0.29656 0.44308 0.00457
v -0.29757 0.43934 0.00071
v -0.30361 0.43684 0.00071
v -0.29733 0.44308 0.00457
v 0 0.44169 0.00457
v 0 0.43934 0.00071
v 0.29681 0.43934 0.00071
v 0.30284 0.43684 0.00071
v 0.29656 0.44308 0.00457
v -0.30361 0.12594 0.00071
v -0.30731 0.12286 0.00457
v -0.31059 0.13198 0.00457
v -0.30611 0.13198 0.00071
v -0.42205 0.55461 -0.00205
v 0 0.55264 0.00457
v -0.4196 0.55264 0.00457
v 0 0.55461 -0.00205
v 0 0.55796 -0.00432
v -0.42183 0.55796 -0.00432
v 0.42042 0.55461 -0.00205
v 0.41797 0.55264 0.00457
v 0.4202 0.55796 -0.00432
v -0.42243 0.52164 -0.00205
v -0.4196 0.55264 0.00457
v -0.4196 0.52489 0.00457
v -0.42205 0.55461 -0.00205
v -0.42474 0.55506 -0.00432
v -0.42474 0.52164 -0.00432
v -0.31453 0.53739 0.00216
v -0.41439 0.53739 0.00216
v -0.41439 0.54184 0.00216
v -0.31453 0.54184 0.00216
v -0.31453 0.53739 0.00457
v -0.41439 0.53739 0.00457
v -0.41439 0.53739 0.00216
v -0.31453 0.53739 0.00216
v -0.41439 0.53739 0.00457
v -0.41439 0.54184 0.00457
v -0.41439 0.54184 0.00216
v -0.41439 0.53739 0.00216
v -0.41439 0.54184 0.00457
v -0.31453 0.54184 0.00457
v -0.31453 0.54184 0.00216
v -0.41439 0.54184 0.00216
v -0.31453 0.54184 0.00457
v -0.31453 0.53739 0.00457
v -0.31453 0.53739 0.00216
v -0.31453 0.54184 0.00216
v -0.31059 0.13198 0.00457
v -0.31059 0.4308 0.00457
v -0.30611 0.4308 0.00071
v -0.30611 0.13198 0.00071
v -0.30361 0.43684 0.00071
v -0.30611 0.4308 0.00071
v -0.31059 0.4308 0.00457
v -0.30731 0.43992 0.00457
v 0 0.51292 0.00457
v -0.42308 0.51292 0.00457
v -0.42474 0.51489 -0.00205
v 0 0.51489 -0.00205
v -0.42334 0.51717 -0.00345
v 0 0.51717 -0.00345
v 0.42171 0.51717 -0.00345
v 0.4231 0.51489 -0.00205
v 0.42145 0.51292 0.00457
v -0.42474 0.00697 -0.00205
v -0.42308 0.51292 0.00457
v -0.42308 0.01037 0.00457
v -0.42474 0.51489 -0.00205
v -0.42474 0.00697 -0.01516
v -0.42474 0.51489 -0.01516
v -0.42308 0.01037 -0.01987
v -0.4231 0.51489 -0.01987
v -0.42296 0.51717 -0.01795
v -0.42334 0.51717 -0.01747
v -0.42334 0.51717 -0.00345
v -0.42334 0.51953 -0.01747
v -0.42296 0.51953 -0.01795
v -0.42334 0.51953 -0.00496
v -0.42334 0.52164 -0.00496
v -0.4218 0.52164 -0.00345
v -0.42334 0.52164 -0.01747
v -0.42296 0.51953 -0.01795
v -0.42296 0.52164 -0.01795
v 0 0.51717 -0.00345
v -0.42334 0.51717 -0.00345
v -0.4218 0.52164 -0.00345
v 0 0.52164 -0.00345
v 0.42017 0.52164 -0.00345
v 0.42171 0.51717 -0.00345
v -0.42183 0.55796 -0.01795
v -0.42389 0.55711 -0.00432
v -0.42389 0.55711 -0.01795
v -0.42183 0.55796 -0.00432
v 0 0.55796 -0.01795
v 0 0.55796 -0.00432
v 0.4202 0.55796 -0.00432
v 0.4202 0.55796 -0.01795
v 0.42225 0.55711 -0.00432
v 0.42225 0.55711 -0.01795
v -0.42205 0.55461 -0.00205
v -0.42474 0.55506 -0.00432
v -0.42389 0.55711 -0.00432
v -0.42183 0.55796 -0.00432
v -0.42314 0.52164 -0.01989
v -0.42474 0.52164 -0.01795
v -0.42334 0.52164 -0.01747
v -0.42296 0.52164 -0.01795
v 0 0.52487 -0.01987
v 0 0.52487 -0.01795
v 0.42133 0.52164 -0.01795
v 0.42151 0.52164 -0.01989
v 0.42171 0.52164 -0.01747
v 0.4231 0.52164 -0.01795
v -0.42474 0.52164 -0.01795
v -0.42334 0.52164 -0.00496
v -0.42474 0.52164 -0.00432
v -0.4218 0.52164 -0.00345
v -0.42243 0.52164 -0.00205
v 0 0.52164 -0.00345
v 0 0.52164 -0.00205
v -0.4196 0.52489 0.00457
v 0 0.52489 0.00457
v 0.41797 0.52489 0.00457
v 0.4208 0.52164 -0.00205
v 0.42017 0.52164 -0.00345
v 0.4231 0.52164 -0.00432
v 0.42171 0.52164 -0.00496
v 0.4231 0.52164 -0.01795
v -0.29733 0.44308 -0.01987
v -0.29757 0.43934 -0.01623
v 0 0.43934 -0.01606
v 0 0.44169 -0.01987
v 0.29656 0.44308 -0.01987
v 0.29681 0.43934 -0.01623
v 0 0.12109 -0.01987
v -0.29757 0.12344 -0.01623
v -0.29733 0.11969 -0.01987
v 0 0.12344 -0.01606
v 0.29681 0.12344 -0.01623
v 0.29656 0.11969 -0.01987
v -0.42296 0.51953 -0.01795
v 0 0.52487 -0.01795
v -0.42296 0.52164 -0.01795
v 0 0.51953 -0.01795
v 0.42133 0.51953 -0.01795
v 0.42133 0.52164 -0.01795
v 0.30284 0.12594 -0.01623
v 0.30654 0.12286 -0.01987
v 0.30982 0.13198 -0.01987
v 0.30534 0.13198 -0.01623
v 0.30534 0.4308 -0.01623
v 0.30534 0.13198 -0.01623
v 0.30982 0.13198 -0.01987
v 0.30982 0.4308 -0.01987
v 0.30284 0.43684 -0.01623
v 0.30534 0.4308 -0.01623
v 0.30982 0.4308 -0.01987
v 0.30654 0.43992 -0.01987
v 0.4231 0.00697 -0.01516
v 0.42147 0.51489 -0.01987
v 0.42145 0.01037 -0.01987
v 0.4231 0.51489 -0.01516
v 0.42133 0.51717 -0.01795
v 0.4231 0.51489 -0.00205
v 0.4231 0.00697 -0.00205
v 0.42145 0.51292 0.00457
v 0.42145 0.01037 0.00457
v 0.42171 0.51717 -0.01747
v 0.42171 0.51717 -0.00345
v 0.42171 0.51953 -0.01747
v 0.42133 0.51953 -0.01795
v 0.42171 0.51953 -0.00496
v 0.42171 0.52164 -0.00496
v 0.42017 0.52164 -0.00345
v 0.42171 0.52164 -0.01747
v 0.42133 0.51953 -0.01795
v 0.42133 0.52164 -0.01795
v 0.4231 0.55506 -0.01795
v 0.42145 0.55461 -0.01987
v 0.42151 0.52164 -0.01989
v 0.4231 0.52164 -0.01795
v 0.4231 0.52164 -0.00432
v 0.4231 0.55506 -0.00432
v 0.42225 0.55711 -0.01795
v 0.42225 0.55711 -0.00432
v 0.30284 0.12594 0.00071
v 0.30534 0.13198 0.00071
v 0.30982 0.13198 0.00457
v 0.30654 0.12286 0.00457
v 0.26602 0.53739 0.00216
v 0.26602 0.54184 0.00216
v 0.41276 0.54184 0.00216
v 0.41276 0.53739 0.00216
v 0.26602 0.53739 0.00457
v 0.26602 0.53739 0.00216
v 0.41276 0.53739 0.00216
v 0.41276 0.53739 0.00457
v 0.41276 0.53739 0.00457
v 0.41276 0.53739 0.00216
v 0.41276 0.54184 0.00216
v 0.41276 0.54184 0.00457
v 0.41276 0.54184 0.00457
v 0.41276 0.54184 0.00216
v 0.26602 0.54184 0.00216
v 0.26602 0.54184 0.00457
v 0.26602 0.54184 0.00457
v 0.26602 0.54184 0.00216
v 0.26602 0.53739 0.00216
v 0.26602 0.53739 0.00457
v 0.4208 0.52164 -0.00205
v 0.41797 0.52489 0.00457
v 0.41797 0.55264 0.00457
v 0.42042 0.55461 -0.00205
v 0.4231 0.55506 -0.00432
v 0.4231 0.52164 -0.00432
v 0.30534 0.4308 0.00071
v 0.30982 0.4308 0.00457
v 0.30982 0.13198 0.00457
v 0.30534 0.13198 0.00071
v 0.30284 0.43684 0.00071
v 0.30654 0.43992 0.00457
v 0.30982 0.4308 0.00457
v 0.30534 0.4308 0.00071
v 0.42042 0.55461 -0.00205
v 0.4202 0.55796 -0.00432
v 0.42225 0.55711 -0.00432
v 0.4231 0.55506 -0.00432
v -0.4196 0.55264 0.00457
v -0.31453 0.54184 0.00457
v -0.41439 0.54184 0.00457
v -0.4196 0.52489 0.00457
v -0.41439 0.53739 0.00457
v 0 0.55264 0.00457
v 0 0.52489 0.00457
v -0.31453 0.53739 0.00457
v 0.26602 0.53739 0.00457
v 0.26602 0.54184 0.00457
v 0.41276 0.53739 0.00457
v 0.41797 0.55264 0.00457
v 0.41797 0.52489 0.00457
v 0.41276 0.54184 0.00457
v -0.27275 0.39997 0.00071
v -0.27025 0.40601 0.00071
v -0.27025 0.40601 -0.01622
v -0.27275 0.39997 -0.01622
v -0.27275 0.16551 0.00071
v -0.27275 0.16551 -0.01622
v -0.27025 0.15947 0.00071
v -0.27025 0.15947 -0.01622
v -0.27025 0.40601 0.00071
v -0.26421 0.40851 -0.01622
v -0.27025 0.40601 -0.01622
v -0.26421 0.40851 0.00071
v 0 0.40851 0.00071
v 0 0.40851 -0.01622
v 0.26344 0.40851 -0.01622
v 0.26344 0.40851 0.00071
v 0.26948 0.40601 0.00071
v 0.26948 0.40601 -0.01622
v -0.26421 0.15697 0.00071
v -0.27025 0.15947 0.00071
v -0.27025 0.15947 -0.01622
v -0.26421 0.15697 -0.01622
v 0 0.15697 0.00071
v 0 0.15697 -0.01622
v 0.26344 0.15697 -0.01622
v 0.26344 0.15697 0.00071
v 0.26948 0.15947 -0.01622
v 0.26948 0.15947 0.00071
v 0.27198 0.39997 0.00071
v 0.26948 0.40601 -0.01622
v 0.26948 0.40601 0.00071
v 0.27198 0.39997 -0.01622
v 0.27198 0.16551 0.00071
v 0.27198 0.16551 -0.01622
v 0.26948 0.15947 0.00071
v 0.26948 0.15947 -0.01622
v -0.38797 0.00445 -0.0498
v -0.38797 -0.00886 -0.05906
v -0.38797 -0.00886 -0.0498
v -0.38797 0.00418 -0.05906
v -0.38797 0.01365 -0.04798
v -0.38797 0.01744 -0.05642
v -0.38797 0.02608 -0.04283
v -0.38797 0.02936 -0.05148
v -0.38797 0.03426 -0.03727
v -0.38797 0.04021 -0.04432
v -0.38797 -0.00886 -0.0498
v -0.39951 -0.00886 -0.0498
v -0.39951 0.00445 -0.0498
v -0.38797 0.00445 -0.0498
v -0.39951 0.01365 -0.04798
v -0.38797 0.01365 -0.04798
v -0.39951 0.02608 -0.04283
v -0.38797 0.02608 -0.04283
v -0.39951 0.03426 -0.03727
v -0.38797 0.03426 -0.03727
v -0.39951 -0.00886 -0.0498
v -0.39951 -0.00886 -0.05906
v -0.39951 0.00418 -0.05906
v -0.39951 0.00445 -0.0498
v -0.39951 0.01365 -0.04798
v -0.39951 0.01744 -0.05642
v -0.39951 0.02936 -0.05148
v -0.39951 0.02608 -0.04283
v -0.39951 0.03426 -0.03727
v -0.39951 0.04021 -0.04432
v -0.38717 0.04228 -0.0272
v -0.38717 0.0411 -0.04538
v -0.38717 0.03337 -0.03621
v -0.38717 0.0508 -0.03572
v -0.38717 0.06392 -0.01593
v -0.38717 0.0528 -0.01132
v -0.38717 0.03337 -0.03621
v -0.40031 0.03337 -0.03621
v -0.40031 0.04228 -0.0272
v -0.38717 0.04228 -0.0272
v -0.40031 0.0528 -0.01132
v -0.38717 0.0528 -0.01132
v -0.40031 0.03337 -0.03621
v -0.40031 0.0411 -0.04538
v -0.40031 0.0508 -0.03572
v -0.40031 0.04228 -0.0272
v -0.40031 0.0528 -0.01132
v -0.40031 0.06392 -0.01593
v -0.38797 0.00418 -0.05906
v -0.39951 -0.00886 -0.05906
v -0.38797 -0.00886 -0.05906
v -0.39951 0.00418 -0.05906
v -0.38797 0.01744 -0.05642
v -0.39951 0.01744 -0.05642
v -0.38797 0.02936 -0.05148
v -0.39951 0.02936 -0.05148
v -0.38797 0.04021 -0.04432
v -0.39951 0.04021 -0.04432
v -0.38717 0.0508 -0.03572
v -0.40031 0.0411 -0.04538
v -0.38717 0.0411 -0.04538
v -0.40031 0.0508 -0.03572
v -0.38717 0.06392 -0.01593
v -0.40031 0.06392 -0.01593
v -0.38717 -0.02978 -0.04127
v -0.38717 -0.05914 -0.03415
v -0.38717 -0.05063 -0.02563
v -0.38717 -0.03441 -0.05244
v -0.38717 -0.01774 -0.04664
v -0.38717 -0.02236 -0.05777
v -0.38717 -0.00886 -0.04841
v -0.38717 -0.00886 -0.06045
v -0.40031 -0.02978 -0.04127
v -0.38717 -0.05063 -0.02563
v -0.40031 -0.05063 -0.02563
v -0.38717 -0.02978 -0.04127
v -0.40031 -0.01774 -0.04664
v -0.38717 -0.01774 -0.04664
v -0.40031 -0.00886 -0.04841
v -0.38717 -0.00886 -0.04841
v -0.40031 -0.02978 -0.04127
v -0.40031 -0.05063 -0.02563
v -0.40031 -0.05914 -0.03415
v -0.40031 -0.03441 -0.05244
v -0.40031 -0.02236 -0.05777
v -0.40031 -0.01774 -0.04664
v -0.40031 -0.00886 -0.04841
v -0.40031 -0.00886 -0.06045
v -0.38717 -0.00886 -0.06045
v -0.40031 -0.00886 -0.06045
v -0.40031 -0.02236 -0.05777
v -0.38717 -0.02236 -0.05777
v -0.40031 -0.03441 -0.05244
v -0.38717 -0.03441 -0.05244
v -0.40031 -0.05914 -0.03415
v -0.38717 -0.05914 -0.03415
v -0.38717 0.0411 -0.04538
v -0.38797 0.03426 -0.03727
v -0.38717 0.03337 -0.03621
v -0.38797 0.04021 -0.04432
v -0.40031 0.0411 -0.04538
v -0.39951 0.04021 -0.04432
v -0.40031 0.03337 -0.03621
v -0.39951 0.03426 -0.03727
v -0.38717 0.03337 -0.03621
v -0.38797 0.03426 -0.03727
v -0.39951 0.03426 -0.03727
v -0.40031 0.03337 -0.03621
v 0.38633 0.00445 -0.0498
v 0.38633 -0.00886 -0.0498
v 0.38633 -0.00886 -0.05906
v 0.38633 0.00418 -0.05906
v 0.38633 0.01365 -0.04798
v 0.38633 0.01744 -0.05642
v 0.38633 0.02608 -0.04283
v 0.38633 0.02936 -0.05148
v 0.38633 0.03426 -0.03727
v 0.38633 0.04021 -0.04432
v 0.38633 -0.00886 -0.0498
v 0.39788 0.00445 -0.0498
v 0.39788 -0.00886 -0.0498
v 0.38633 0.00445 -0.0498
v 0.39788 0.01365 -0.04798
v 0.38633 0.01365 -0.04798
v 0.39788 0.02608 -0.04283
v 0.38633 0.02608 -0.04283
v 0.39788 0.03426 -0.03727
v 0.38633 0.03426 -0.03727
v 0.39788 -0.00886 -0.0498
v 0.39788 0.00418 -0.05906
v 0.39788 -0.00886 -0.05906
v 0.39788 0.00445 -0.0498
v 0.39788 0.01365 -0.04798
v 0.39788 0.01744 -0.05642
v 0.39788 0.02936 -0.05148
v 0.39788 0.02608 -0.04283
v 0.39788 0.03426 -0.03727
v 0.39788 0.04021 -0.04432
v 0.38554 0.04228 -0.0272
v 0.38554 0.03337 -0.03621
v 0.38554 0.0411 -0.04538
v 0.38554 0.0508 -0.03572
v 0.38554 0.06392 -0.01593
v 0.38554 0.0528 -0.01132
v 0.38554 0.03337 -0.03621
v 0.39867 0.04228 -0.0272
v 0.39867 0.03337 -0.03621
v 0.38554 0.04228 -0.0272
v 0.39867 0.0528 -0.01132
v 0.38554 0.0528 -0.01132
v 0.39867 0.03337 -0.03621
v 0.39867 0.0508 -0.03572
v 0.39867 0.0411 -0.04538
v 0.39867 0.04228 -0.0272
v 0.39867 0.0528 -0.01132
v 0.39867 0.06392 -0.01593
v 0.38633 0.00418 -0.05906
v 0.38633 -0.00886 -0.05906
v 0.39788 -0.00886 -0.05906
v 0.39788 0.00418 -0.05906
v 0.38633 0.01744 -0.05642
v 0.39788 0.01744 -0.05642
v 0.38633 0.02936 -0.05148
v 0.39788 0.02936 -0.05148
v 0.38633 0.04021 -0.04432
v 0.39788 0.04021 -0.04432
v 0.38554 0.0508 -0.03572
v 0.38554 0.0411 -0.04538
v 0.39867 0.0411 -0.04538
v 0.39867 0.0508 -0.03572
v 0.38554 0.06392 -0.01593
v 0.39867 0.06392 -0.01593
v 0.38554 -0.02978 -0.04127
v 0.38554 -0.05063 -0.02563
v 0.38554 -0.05914 -0.03415
v 0.38554 -0.03441 -0.05244
v 0.38554 -0.01774 -0.04664
v 0.38554 -0.02236 -0.05777
v 0.38554 -0.00886 -0.04841
v 0.38554 -0.00886 -0.06045
v 0.39867 -0.02978 -0.04127
v 0.39867 -0.05063 -0.02563
v 0.38554 -0.05063 -0.02563
v 0.38554 -0.02978 -0.04127
v 0.39867 -0.01774 -0.04664
v 0.38554 -0.01774 -0.04664
v 0.39867 -0.00886 -0.04841
v 0.38554 -0.00886 -0.04841
v 0.39867 -0.02978 -0.04127
v 0.39867 -0.05914 -0.03415
v 0.39867 -0.05063 -0.02563
v 0.39867 -0.03441 -0.05244
v 0.39867 -0.02236 -0.05777
v 0.39867 -0.01774 -0.04664
v 0.39867 -0.00886 -0.04841
v 0.39867 -0.00886 -0.06045
v 0.38554 -0.00886 -0.06045
v 0.39867 -0.02236 -0.05777
v 0.39867 -0.00886 -0.06045
v 0.38554 -0.02236 -0.05777
v 0.39867 -0.03441 -0.05244
v 0.38554 -0.03441 -0.05244
v 0.39867 -0.05914 -0.03415
v 0.38554 -0.05914 -0.03415
v 0.38554 0.0411 -0.04538
v 0.38554 0.03337 -0.03621
v 0.38633 0.03426 -0.03727
v 0.38633 0.04021 -0.04432
v 0.39867 0.0411 -0.04538
v 0.39788 0.04021 -0.04432
v 0.39867 0.03337 -0.03621
v 0.39788 0.03426 -0.03727
v 0.38554 0.03337 -0.03621
v 0.39867 0.03337 -0.03621
v 0.39788 0.03426 -0.03727
v 0.38633 0.03426 -0.03727
v 0.35387 0.46049 -0.02238
v 0.34814 0.4634 -0.01761
v 0.35454 0.46212 -0.01761
v 0.34844 0.46157 -0.02238
v 0.35454 0.46212 -0.02715
v 0.34814 0.4634 -0.02715
v 5E-05 0.4634 -0.02715
v 5E-05 0.46157 -0.02238
v 5E-05 0.4634 -0.01761
v -0.33077 0.4634 -0.01761
v -0.33108 0.46157 -0.02238
v -0.33077 0.4634 -0.02715
v -0.33718 0.46212 -0.02715
v -0.33651 0.46049 -0.02238
v -0.33718 0.46212 -0.01761
v 0.35387 0.05217 -0.02238
v 0.36062 0.0546 -0.01761
v 0.35454 0.05054 -0.01761
v 0.35937 0.05585 -0.02238
v 0.35454 0.05054 -0.02715
v 0.36468 0.06067 -0.01761
v 0.36062 0.0546 -0.02715
v 0.36305 0.06135 -0.02238
v 0.36468 0.06067 -0.02715
v 0.36599 0.06746 -0.01765
v 0.36424 0.06738 -0.02238
v 0.36599 0.06746 -0.02711
v 0.36599 0.4452 -0.02711
v 0.36424 0.44528 -0.02238
v 0.36599 0.4452 -0.01765
v 0.36468 0.45199 -0.01761
v 0.36305 0.45131 -0.02238
v 0.36468 0.45199 -0.02715
v 0.36062 0.45806 -0.01761
v 0.35937 0.45681 -0.02238
v 0.35454 0.46212 -0.01761
v 0.36062 0.45806 -0.02715
v 0.35387 0.46049 -0.02238
v 0.35454 0.46212 -0.02715
v 0.36646 0.46391 -0.01761
v 0.35771 0.46976 -0.01761
v 0.35838 0.47139 -0.02238
v 0.36771 0.46516 -0.02238
v 0.35771 0.46976 -0.02715
v 0.37232 0.45515 -0.01761
v 0.36646 0.46391 -0.02715
v 0.37395 0.45583 -0.02238
v 0.37232 0.45515 -0.02715
v 0.37448 0.44445 -0.01765
v 0.37623 0.44437 -0.02238
v 0.37448 0.44445 -0.02711
v 0.37448 0.06822 -0.02711
v 0.37623 0.0683 -0.02238
v 0.37448 0.06822 -0.01765
v 0.37232 0.05751 -0.01761
v 0.37395 0.05683 -0.02238
v 0.37232 0.05751 -0.02715
v 0.36646 0.04875 -0.01761
v 0.36771 0.0475 -0.02238
v 0.35771 0.0429 -0.01761
v 0.36646 0.04875 -0.02715
v 0.35838 0.04127 -0.02238
v 0.35771 0.0429 -0.02715
v 0.34663 0.0407 -0.01761
v 0.35771 0.0429 -0.01761
v 0.35838 0.04127 -0.02238
v 0.34632 0.03887 -0.02238
v 0.35771 0.0429 -0.02715
v 0.34663 0.0407 -0.02715
v 5E-05 0.0407 -0.02715
v 5E-05 0.03887 -0.02238
v 5E-05 0.0407 -0.01761
v -0.32926 0.0407 -0.01761
v -0.32896 0.03887 -0.02238
v -0.32926 0.0407 -0.02715
v -0.34035 0.0429 -0.02715
v -0.34102 0.04127 -0.02238
v -0.34035 0.0429 -0.01761
v 0.35838 0.47139 -0.02238
v 0.34663 0.47196 -0.02715
v 0.35771 0.46976 -0.02715
v 0.34632 0.47379 -0.02238
v 0.35771 0.46976 -0.01761
v 0.34663 0.47196 -0.01761
v 5E-05 0.47196 -0.01761
v 5E-05 0.47379 -0.02238
v 5E-05 0.47196 -0.02715
v -0.32926 0.47196 -0.02715
v -0.32896 0.47379 -0.02238
v -0.32926 0.47196 -0.01761
v -0.34035 0.46976 -0.01761
v -0.34102 0.47139 -0.02238
v -0.34035 0.46976 -0.02715
v 0.34814 0.04927 -0.02715
v 0.35454 0.05054 -0.02715
v 0.35387 0.05217 -0.02238
v 0.34844 0.05109 -0.02238
v 0.35454 0.05054 -0.01761
v 0.34814 0.04927 -0.01761
v 5E-05 0.04927 -0.01761
v 5E-05 0.05109 -0.02238
v 5E-05 0.04927 -0.02715
v -0.33077 0.04927 -0.02715
v -0.33108 0.05109 -0.02238
v -0.33077 0.04927 -0.01761
v -0.33718 0.05054 -0.01761
v -0.33651 0.05217 -0.02238
v -0.33718 0.05054 -0.02715
v -0.33651 0.05217 -0.02238
v -0.33718 0.05054 -0.01761
v -0.34326 0.0546 -0.01761
v -0.34201 0.05585 -0.02238
v -0.33718 0.05054 -0.02715
v -0.34732 0.06067 -0.01761
v -0.34326 0.0546 -0.02715
v -0.34568 0.06135 -0.02238
v -0.34732 0.06067 -0.02715
v -0.34863 0.06746 -0.01765
v -0.34688 0.06738 -0.02238
v -0.34863 0.06746 -0.02711
v -0.34863 0.4452 -0.02711
v -0.34688 0.44528 -0.02238
v -0.34863 0.4452 -0.01765
v -0.34732 0.45199 -0.01761
v -0.34568 0.45131 -0.02238
v -0.34732 0.45199 -0.02715
v -0.34326 0.45806 -0.01761
v -0.34201 0.45681 -0.02238
v -0.33718 0.46212 -0.01761
v -0.34326 0.45806 -0.02715
v -0.33651 0.46049 -0.02238
v -0.33718 0.46212 -0.02715
v -0.3491 0.46391 -0.01761
v -0.34102 0.47139 -0.02238
v -0.34035 0.46976 -0.01761
v -0.35035 0.46516 -0.02238
v -0.34035 0.46976 -0.02715
v -0.35495 0.45515 -0.01761
v -0.3491 0.46391 -0.02715
v -0.35659 0.45583 -0.02238
v -0.35495 0.45515 -0.02715
v -0.35712 0.44445 -0.01765
v -0.35887 0.44437 -0.02238
v -0.35712 0.44445 -0.02711
v -0.35712 0.06822 -0.02711
v -0.35887 0.0683 -0.02238
v -0.35712 0.06822 -0.01765
v -0.35495 0.05751 -0.01761
v -0.35659 0.05683 -0.02238
v -0.35495 0.05751 -0.02715
v -0.3491 0.04875 -0.01761
v -0.35035 0.0475 -0.02238
v -0.34035 0.0429 -0.01761
v -0.3491 0.04875 -0.02715
v -0.34102 0.04127 -0.02238
v -0.34035 0.0429 -0.02715
v -0.29757 0.12344 -0.01623
v 0 0.12344 -0.01606
v 0 0.15697 -0.01622
v 0.29681 0.12344 -0.01623
v -0.26421 0.15697 -0.01622
v 0.26344 0.15697 -0.01622
v -0.30361 0.12594 -0.01623
v 0.30284 0.12594 -0.01623
v -0.27025 0.15947 -0.01622
v 0.26948 0.15947 -0.01622
v -0.30611 0.13198 -0.01623
v 0.30534 0.13198 -0.01623
v -0.27275 0.16551 -0.01622
v 0.27198 0.16551 -0.01622
v -0.30611 0.4308 -0.01623
v 0.30534 0.4308 -0.01623
v -0.27275 0.39997 -0.01622
v 0.27198 0.39997 -0.01622
v -0.30361 0.43684 -0.01623
v 0.30284 0.43684 -0.01623
v -0.27025 0.40601 -0.01622
v 0.26948 0.40601 -0.01622
v -0.29757 0.43934 -0.01623
v -0.26421 0.40851 -0.01622
v 0.29681 0.43934 -0.01623
v 0.26344 0.40851 -0.01622
v 0 0.40851 -0.01622
v 0 0.43934 -0.01606
v -0.26421 0.15697 0.00071
v 0 0.15697 0.00071
v 0 0.12344 0.00071
v 0.26344 0.15697 0.00071
v -0.29757 0.12344 0.00071
v 0.29681 0.12344 0.00071
v -0.27025 0.15947 0.00071
v 0.26948 0.15947 0.00071
v -0.30361 0.12594 0.00071
v 0.30284 0.12594 0.00071
v -0.27275 0.16551 0.00071
v 0.27198 0.16551 0.00071
v -0.30611 0.13198 0.00071
v 0.30534 0.13198 0.00071
v -0.27275 0.39997 0.00071
v 0.27198 0.39997 0.00071
v -0.30611 0.4308 0.00071
v 0.30534 0.4308 0.00071
v -0.27025 0.40601 0.00071
v 0.26948 0.40601 0.00071
v -0.30361 0.43684 0.00071
v 0.30284 0.43684 0.00071
v -0.26421 0.40851 0.00071
v 0.26344 0.40851 0.00071
v -0.29757 0.43934 0.00071
v 0.29681 0.43934 0.00071
v 0 0.40851 0.00071
v 0 0.43934 0.00071
v 0.34738 0.46768 -0.01569
v 5E-05 0.4634 -0.01761
v 5E-05 0.46768 -0.01569
v -0.33002 0.46768 -0.01569
v 0.34814 0.4634 -0.01761
v -0.33077 0.4634 -0.01761
v 0.35454 0.46212 -0.01761
v -0.33718 0.46212 -0.01761
v 0.35613 0.46594 -0.01569
v -0.33877 0.46594 -0.01569
v 0.36062 0.45806 -0.01761
v -0.34326 0.45806 -0.01761
v 0.36354 0.46099 -0.01569
v -0.34618 0.46099 -0.01569
v 0.36468 0.45199 -0.01761
v -0.34732 0.45199 -0.01761
v 0.3685 0.45357 -0.01569
v -0.35114 0.45357 -0.01569
v 0.36599 0.4452 -0.01765
v 0.37024 0.44482 -0.01569
v -0.34863 0.4452 -0.01765
v -0.35288 0.44482 -0.01569
v 0.37024 0.06784 -0.01569
v 0.36599 0.06746 -0.01765
v 0.36468 0.06067 -0.01761
v 0.3685 0.05909 -0.01569
v 0.36062 0.0546 -0.01761
v 0.36354 0.05168 -0.01569
v 0.35454 0.05054 -0.01761
v 0.35613 0.04672 -0.01569
v -0.35288 0.06784 -0.01569
v -0.34863 0.06746 -0.01765
v -0.34732 0.06067 -0.01761
v -0.35114 0.05909 -0.01569
v -0.34326 0.0546 -0.01761
v -0.34618 0.05168 -0.01569
v -0.33718 0.05054 -0.01761
v -0.33877 0.04672 -0.01569
v 0.34814 0.04927 -0.01761
v 0.34738 0.04498 -0.01569
v -0.33077 0.04927 -0.01761
v -0.33002 0.04498 -0.01569
v 5E-05 0.04498 -0.01569
v 5E-05 0.04927 -0.01761
v 0.34663 0.47196 -0.01761
v 5E-05 0.46768 -0.01569
v 5E-05 0.47196 -0.01761
v -0.32926 0.47196 -0.01761
v 0.34738 0.46768 -0.01569
v -0.33002 0.46768 -0.01569
v 0.35613 0.46594 -0.01569
v -0.33877 0.46594 -0.01569
v 0.35771 0.46976 -0.01761
v -0.34035 0.46976 -0.01761
v 0.36354 0.46099 -0.01569
v -0.34618 0.46099 -0.01569
v 0.36646 0.46391 -0.01761
v -0.3491 0.46391 -0.01761
v 0.3685 0.45357 -0.01569
v -0.35114 0.45357 -0.01569
v 0.37232 0.45515 -0.01761
v -0.35495 0.45515 -0.01761
v 0.37024 0.44482 -0.01569
v 0.37448 0.44445 -0.01765
v -0.35288 0.44482 -0.01569
v -0.35712 0.44445 -0.01765
v 0.37448 0.06822 -0.01765
v 0.37024 0.06784 -0.01569
v 0.3685 0.05909 -0.01569
v 0.37232 0.05751 -0.01761
v 0.36354 0.05168 -0.01569
v 0.36646 0.04875 -0.01761
v 0.35613 0.04672 -0.01569
v 0.35771 0.0429 -0.01761
v -0.35712 0.06822 -0.01765
v -0.35288 0.06784 -0.01569
v -0.35114 0.05909 -0.01569
v -0.35495 0.05751 -0.01761
v -0.34618 0.05168 -0.01569
v -0.3491 0.04875 -0.01761
v -0.33877 0.04672 -0.01569
v -0.34035 0.0429 -0.01761
v 0.34738 0.04498 -0.01569
v 0.34663 0.0407 -0.01761
v -0.33002 0.04498 -0.01569
v -0.32926 0.0407 -0.01761
v 5E-05 0.0407 -0.01761
v 5E-05 0.04498 -0.01569
v 0.34738 0.46768 -0.02907
v 5E-05 0.47196 -0.02715
v 5E-05 0.46768 -0.02907
v -0.33002 0.46768 -0.02907
v 0.34663 0.47196 -0.02715
v -0.32926 0.47196 -0.02715
v 0.35771 0.46976 -0.02715
v -0.34035 0.46976 -0.02715
v 0.35613 0.46594 -0.02907
v -0.33877 0.46594 -0.02907
v 0.36646 0.46391 -0.02715
v -0.3491 0.46391 -0.02715
v 0.36354 0.46099 -0.02907
v -0.34618 0.46099 -0.02907
v 0.37232 0.45515 -0.02715
v -0.35495 0.45515 -0.02715
v 0.3685 0.45357 -0.02907
v -0.35114 0.45357 -0.02907
v 0.37448 0.44445 -0.02711
v 0.37024 0.44482 -0.02907
v -0.35712 0.44445 -0.02711
v -0.35288 0.44482 -0.02907
v 0.37024 0.06784 -0.02907
v 0.37448 0.06822 -0.02711
v 0.37232 0.05751 -0.02715
v 0.3685 0.05909 -0.02907
v 0.36646 0.04875 -0.02715
v 0.36354 0.05168 -0.02907
v 0.35771 0.0429 -0.02715
v 0.35613 0.04672 -0.02907
v -0.35288 0.06784 -0.02907
v -0.35712 0.06822 -0.02711
v -0.35495 0.05751 -0.02715
v -0.35114 0.05909 -0.02907
v -0.3491 0.04875 -0.02715
v -0.34618 0.05168 -0.02907
v -0.34035 0.0429 -0.02715
v -0.33877 0.04672 -0.02907
v 0.34663 0.0407 -0.02715
v 0.34738 0.04498 -0.02907
v -0.32926 0.0407 -0.02715
v -0.33002 0.04498 -0.02907
v 5E-05 0.04498 -0.02907
v 5E-05 0.0407 -0.02715
v 0.34814 0.4634 -0.02715
v 5E-05 0.46768 -0.02907
v 5E-05 0.4634 -0.02715
v -0.33077 0.4634 -0.02715
v 0.34738 0.46768 -0.02907
v -0.33002 0.46768 -0.02907
v 0.35613 0.46594 -0.02907
v -0.33877 0.46594 -0.02907
v 0.35454 0.46212 -0.02715
v -0.33718 0.46212 -0.02715
v 0.36354 0.46099 -0.02907
v -0.34618 0.46099 -0.02907
v 0.36062 0.45806 -0.02715
v -0.34326 0.45806 -0.02715
v 0.3685 0.45357 -0.02907
v -0.35114 0.45357 -0.02907
v 0.36468 0.45199 -0.02715
v -0.34732 0.45199 -0.02715
v 0.37024 0.44482 -0.02907
v 0.36599 0.4452 -0.02711
v -0.35288 0.44482 -0.02907
v -0.34863 0.4452 -0.02711
v 0.36599 0.06746 -0.02711
v 0.37024 0.06784 -0.02907
v 0.3685 0.05909 -0.02907
v 0.36468 0.06067 -0.02715
v 0.36354 0.05168 -0.02907
v 0.36062 0.0546 -0.02715
v 0.35613 0.04672 -0.02907
v 0.35454 0.05054 -0.02715
v -0.34863 0.06746 -0.02711
v -0.35288 0.06784 -0.02907
v -0.35114 0.05909 -0.02907
v -0.34732 0.06067 -0.02715
v -0.34618 0.05168 -0.02907
v -0.34326 0.0546 -0.02715
v -0.33877 0.04672 -0.02907
v -0.33718 0.05054 -0.02715
v 0.34738 0.04498 -0.02907
v 0.34814 0.04927 -0.02715
v -0.33002 0.04498 -0.02907
v -0.33077 0.04927 -0.02715
v 5E-05 0.04927 -0.02715
v 5E-05 0.04498 -0.02907
v -0.38717 -0.00886 -0.04841
v -0.38797 -0.00886 -0.0498
v -0.38797 -0.00886 -0.05906
v -0.38717 -0.00886 -0.06045
v -0.40031 -0.00886 -0.04841
v -0.39951 -0.00886 -0.05906
v -0.39951 -0.00886 -0.0498
v -0.40031 -0.00886 -0.06045
v 0.38554 -0.00886 -0.04841
v 0.38554 -0.00886 -0.06045
v 0.38633 -0.00886 -0.05906
v 0.38633 -0.00886 -0.0498
v 0.39788 -0.00886 -0.05906
v 0.39867 -0.00886 -0.04841
v 0.39867 -0.00886 -0.06045
v 0.39788 -0.00886 -0.0498
v -0.27955 0.15091 -0.00221
v -0.27955 0.15091 -0.01425
v -0.27955 0.41457 -0.01425
v -0.27955 0.41457 -0.00221
v 0 0.41457 -0.00221
v -0.27955 0.41457 -0.00221
v -0.27955 0.41457 -0.01425
v 0 0.41457 -0.01425
v 0.27878 0.41457 -0.01425
v 0.27878 0.41457 -0.00221
v 0 0.15091 -0.01425
v -0.27955 0.41457 -0.01425
v -0.27955 0.15091 -0.01425
v 0 0.41457 -0.01425
v 0.27878 0.41457 -0.01425
v 0.27878 0.15091 -0.01425
v 0 0.15091 -0.00221
v -0.27955 0.15091 -0.01425
v -0.27955 0.15091 -0.00221
v 0 0.15091 -0.01425
v 0.27878 0.15091 -0.01425
v 0.27878 0.15091 -0.00221
v 0 0.41457 -0.00221
v -0.27955 0.15091 -0.00221
v -0.27955 0.41457 -0.00221
v 0 0.15091 -0.00221
v 0.27878 0.15091 -0.00221
v 0.27878 0.41457 -0.00221
v 0.27878 0.15091 -0.00221
v 0.27878 0.41457 -0.00221
v 0.27878 0.41457 -0.01425
v 0.27878 0.15091 -0.01425
vt 10.42223 0.5307478
vt 10.42026 0.5354998
vt 10.42268 0.5384062
vt 10.42518 0.5305529
vt 10.51122 0.6295283
vt 10.41551 0.5409911
vt 10.51128 0.2965414
vt 10.42408 0.2965414
vt 10.11414 0.6295406
vt 10.42518 0.06314296
vt 10.18032 0.5409911
vt 10.51122 -0.03515249
vt 10.17315 0.5384062
vt 10.42268 0.05528973
vt 10.42223 0.06294814
vt 10.42026 0.05819619
vt 10.41551 0.05270474
vt 10.18032 0.05270474
vt 10.11414 -0.03516474
vt 10.17315 0.05528973
vt 10.17066 0.5305529
vt 10.1736 0.5307479
vt 10.17557 0.5354998
vt 10.11414 0.2965414
vt 10.17176 0.2965414
vt 10.17066 0.06314296
vt 10.1736 0.06294803
vt 10.17557 0.05819619
vt 10.11235 0.2965414
vt 10.11235 0.6294335
vt 10.11235 -0.03505763
vt 10.11049 0.2965414
vt 10.11049 0.6294335
vt 10.11049 -0.03505763
vt 10.42026 0.5354998
vt 10.41551 0.537468
vt 10.41551 0.5409911
vt 10.42268 0.5384062
vt 10.03396 0.2976676
vt 10.03396 0.6406931
vt 10.03778 0.6420341
vt 10.03778 0.2976676
vt 10.03778 -0.04536685
vt 10.03396 -0.04402584
vt 10.03778 0.6420341
vt 10.04841 0.2976676
vt 10.04841 0.6420341
vt 10.03778 -0.04536685
vt 10.04841 -0.04536685
vt 10.05378 0.2976676
vt 10.04841 0.6420341
vt 10.05378 0.6406931
vt 10.04841 -0.04536685
vt 10.05378 -0.04402584
vt 10.18032 0.537468
vt 10.18032 0.5409911
vt 10.41551 0.5409911
vt 10.41551 0.537468
vt 10.17557 0.5354998
vt 10.17315 0.5384062
vt 10.18032 0.5409911
vt 10.18032 0.537468
vt 10.79137 0.621636
vt 10.78978 0.5943849
vt 10.7898 0.621274
vt 10.79137 0.5943849
vt 10.80248 0.5943849
vt 10.80248 0.621636
vt 10.79137 0.6233101
vt 10.80248 0.6233101
vt 10.00303 0.6306779
vt 10.00107 0.6313105
vt 10.00268 0.6319797
vt 10.0004 0.6296948
vt 10.0004 0.2976871
vt 10.00303 0.2976871
vt 10.00303 -0.0340108
vt 10.0004 -0.03302759
vt 10.00107 -0.03464329
vt 10.00268 -0.0353125
vt 10.02644 0.2976871
vt 10.02898 0.6307229
vt 10.02898 -0.03405568
vt 10.56232 0.5306129
vt 10.56186 0.5382673
vt 10.56429 0.5353624
vt 10.55937 0.5304182
vt 10.56047 0.2965308
vt 10.56232 0.2965308
vt 10.56232 0.06306148
vt 10.55937 0.0632562
vt 10.56186 0.0554072
vt 10.56429 0.05831209
vt 10.47337 0.629341
vt 10.56903 0.5408509
vt 10.8041 0.5408509
vt 10.55937 0.5304182
vt 10.86869 0.629341
vt 10.47332 0.2965308
vt 10.56047 0.2965308
vt 10.55937 0.0632562
vt 10.47337 -0.03498703
vt 10.56903 0.05282356
vt 10.8041 0.05282356
vt 10.86869 -0.03498703
vt 10.81127 0.5382673
vt 10.81127 0.0554072
vt 10.81376 0.5304182
vt 10.86869 0.2965308
vt 10.81266 0.2965308
vt 10.81376 0.06325626
vt 10.81081 0.5306129
vt 10.80885 0.5353624
vt 10.81376 0.5304182
vt 10.81266 0.2965308
vt 10.81081 0.2965308
vt 10.81081 0.06306145
vt 10.80885 0.05831209
vt 10.81376 0.06325626
vt 10.56429 0.5353624
vt 10.56186 0.5382673
vt 10.56903 0.5408509
vt 10.56903 0.5373296
vt 10.09983 0.6415749
vt 10.09442 0.2970685
vt 10.09442 0.6395715
vt 10.09983 0.2970685
vt 10.10168 0.2970685
vt 10.10168 0.641396
vt 10.09983 -0.04609692
vt 10.09442 -0.04409355
vt 10.10168 -0.04591799
vt 10.80433 0.5943849
vt 10.80974 0.6196615
vt 10.80974 0.5970321
vt 10.80433 0.621274
vt 10.80248 0.621636
vt 10.80248 0.5943849
vt 10.82992 0.5923139
vt 10.82992 0.6704066
vt 10.8334 0.6704066
vt 10.8334 0.5923139
vt 10.82218 0.5923789
vt 10.82218 0.6703417
vt 10.82407 0.6703417
vt 10.82407 0.5923789
vt 10.73035 0.5962741
vt 10.73035 0.5997322
vt 10.73223 0.5997322
vt 10.73223 0.5962741
vt 10.81624 0.6704049
vt 10.81624 0.5923156
vt 10.81435 0.5923156
vt 10.81435 0.6704049
vt 10.72441 0.5997322
vt 10.72441 0.5962741
vt 10.72253 0.5962741
vt 10.72253 0.5997322
vt 10.56903 0.5408509
vt 10.8041 0.5408509
vt 10.8041 0.5373296
vt 10.56903 0.5373296
vt 10.80885 0.5353624
vt 10.8041 0.5373296
vt 10.8041 0.5408509
vt 10.81127 0.5382673
vt 10.08147 0.2976322
vt 10.08147 0.6589352
vt 10.08713 0.6603476
vt 10.08713 0.2976322
vt 10.08832 0.6591564
vt 10.08832 0.2976322
vt 10.08832 -0.06248912
vt 10.08713 -0.06368047
vt 10.08147 -0.06226799
vt 10.90045 0.4379943
vt 10.90568 0.8372456
vt 10.90568 0.4406773
vt 10.90045 0.838802
vt 10.89011 0.4379943
vt 10.89011 0.838802
vt 10.88639 0.4406773
vt 10.88639 0.838802
vt 10.88791 0.8405979
vt 10.88829 0.840598
vt 10.89935 0.840598
vt 10.88829 0.842464
vt 10.88791 0.8424639
vt 10.89815 0.842464
vt 10.89815 0.8441273
vt 10.89935 0.8441273
vt 10.88829 0.8441272
vt 10.88791 0.8424639
vt 10.88791 0.8441273
vt 10.11894 0.2967163
vt 10.11894 0.6274934
vt 10.12243 0.6262891
vt 10.12243 0.2967163
vt 10.12243 -0.03157294
vt 10.11894 -0.03277722
vt 10.1128 0.641396
vt 10.10168 0.6430717
vt 10.1128 0.6430717
vt 10.10168 0.641396
vt 10.1128 0.2970685
vt 10.10168 0.2970685
vt 10.10168 -0.04591799
vt 10.1128 -0.04591799
vt 10.10168 -0.04759365
vt 10.1128 -0.04759365
vt 10.70089 0.5961624
vt 10.69856 0.5965481
vt 10.6993 0.5983318
vt 10.70108 0.5990705
vt 10.05735 0.6404124
vt 10.05893 0.641706
vt 10.05932 0.6405759
vt 10.05893 0.6402686
vt 10.05737 0.2976682
vt 10.05893 0.2976682
vt 10.05893 -0.04360145
vt 10.05735 -0.04374537
vt 10.05932 -0.04390883
vt 10.05893 -0.04503882
vt 10.05893 0.641706
vt 10.06945 0.6405759
vt 10.06997 0.641706
vt 10.07067 0.6393276
vt 10.07181 0.6398398
vt 10.07067 0.2976682
vt 10.07181 0.2976682
vt 10.07717 0.637544
vt 10.07717 0.2976682
vt 10.07717 -0.04087687
vt 10.07181 -0.04317263
vt 10.07067 -0.04266042
vt 10.06997 -0.04503882
vt 10.06945 -0.04390883
vt 10.05893 -0.04503882
vt 10.17066 0.5305529
vt 10.1736 0.5307479
vt 10.1736 0.2965414
vt 10.17176 0.2965414
vt 10.17066 0.06314296
vt 10.1736 0.06294803
vt 10.42408 0.2965414
vt 10.42223 0.5307478
vt 10.42518 0.5305529
vt 10.42223 0.2965414
vt 10.42223 0.06294814
vt 10.42518 0.06314296
vt 10.11049 0.6294335
vt 10.10629 0.2965414
vt 10.10883 0.6294335
vt 10.11049 0.2965414
vt 10.11049 -0.03505763
vt 10.10883 -0.03505763
vt 10.42026 0.05819619
vt 10.42268 0.05528973
vt 10.41551 0.05270474
vt 10.41551 0.05622783
vt 10.18032 0.05622783
vt 10.41551 0.05622783
vt 10.41551 0.05270474
vt 10.18032 0.05270474
vt 10.17557 0.05819619
vt 10.18032 0.05622783
vt 10.18032 0.05270474
vt 10.17315 0.05528973
vt 10.87873 0.5684652
vt 10.88245 0.9692505
vt 10.88245 0.571148
vt 10.87873 0.9692505
vt 10.88093 0.9710463
vt 10.86838 0.9692505
vt 10.86838 0.5684652
vt 10.86316 0.9676942
vt 10.86316 0.571148
vt 10.88055 0.9710465
vt 10.86948 0.9710465
vt 10.88055 0.9729124
vt 10.88093 0.9729122
vt 10.87068 0.9729124
vt 10.87068 0.9745755
vt 10.86948 0.9745755
vt 10.88055 0.9745754
vt 10.88093 0.9729122
vt 10.88093 0.9745755
vt 10.78491 0.621639
vt 10.78648 0.6212769
vt 10.78649 0.5943815
vt 10.78491 0.5943815
vt 10.77379 0.5943815
vt 10.77379 0.621639
vt 10.78491 0.6233135
vt 10.77379 0.6233135
vt 10.56429 0.05831209
vt 10.56903 0.05634479
vt 10.56903 0.05282356
vt 10.56186 0.0554072
vt 10.85482 0.7001823
vt 10.8583 0.7001823
vt 10.8583 0.5855764
vt 10.85482 0.5855764
vt 10.84708 0.70509
vt 10.84897 0.70509
vt 10.84897 0.5904145
vt 10.84708 0.5904145
vt 10.71658 0.5962741
vt 10.7147 0.5962741
vt 10.7147 0.5997322
vt 10.71658 0.5997322
vt 10.84114 0.5903514
vt 10.83925 0.5903514
vt 10.83925 0.7051531
vt 10.84114 0.7051531
vt 10.70688 0.5997322
vt 10.70875 0.5997322
vt 10.70875 0.5962741
vt 10.70688 0.5962741
vt 10.77194 0.5943815
vt 10.76653 0.5970292
vt 10.76653 0.6196641
vt 10.77194 0.6212769
vt 10.77379 0.621639
vt 10.77379 0.5943815
vt 10.8041 0.05634479
vt 10.8041 0.05282356
vt 10.56903 0.05282356
vt 10.56903 0.05634479
vt 10.80885 0.05831209
vt 10.81127 0.0554072
vt 10.8041 0.05282356
vt 10.8041 0.05634479
vt 10.69058 0.5961624
vt 10.69039 0.5990705
vt 10.69217 0.5983318
vt 10.69291 0.5965481
vt 10.87442 0.6219144
vt 10.86599 0.5398312
vt 10.86599 0.6178458
vt 10.85274 0.6219144
vt 10.86251 0.6178458
vt 10.87442 0.2940989
vt 10.85274 0.2940989
vt 10.86251 0.5398312
vt 10.86251 0.08627746
vt 10.86599 0.08627746
vt 10.86251 -0.02836466
vt 10.87442 -0.03243336
vt 10.85274 -0.03243336
vt 10.86599 -0.02836466
vt 20.63802 0.7671347
vt 20.63802 0.7718613
vt 20.65128 0.7718613
vt 20.65128 0.7671348
vt 20.63802 0.5835954
vt 20.65128 0.5835954
vt 20.63802 0.5788689
vt 20.65128 0.5788689
vt 20.74449 0.969987
vt 20.73124 0.9652652
vt 20.73124 0.969987
vt 20.74449 0.9652653
vt 20.74449 0.7586386
vt 20.73124 0.7586386
vt 20.73124 0.5526212
vt 20.74449 0.5526212
vt 20.74449 0.5478994
vt 20.73124 0.5478994
vt 20.71185 0.9712616
vt 20.71185 0.9759829
vt 20.72509 0.9759829
vt 20.72509 0.9712616
vt 20.71185 0.7646527
vt 20.72509 0.7646527
vt 20.72509 0.5586528
vt 20.71185 0.5586528
vt 20.72509 0.5539314
vt 20.71185 0.5539314
vt 20.63188 0.7671522
vt 20.61863 0.7718797
vt 20.63188 0.7718797
vt 20.61863 0.7671523
vt 20.63188 0.5835779
vt 20.61863 0.5835779
vt 20.63188 0.5788506
vt 20.61863 0.5788505
vt 20.40595 0.589286
vt 20.41317 0.5788842
vt 20.40595 0.5788842
vt 20.41317 0.5890715
vt 20.40452 0.5964679
vt 20.41111 0.5994325
vt 20.4005 0.6061771
vt 20.40726 0.6087449
vt 20.39615 0.6125739
vt 20.40166 0.6172171
vt 20.32053 0.5783388
vt 20.31123 0.5783388
vt 20.31123 0.589074
vt 20.32053 0.589074
vt 20.31123 0.5964861
vt 20.32053 0.5964861
vt 20.31123 0.6065065
vt 20.32053 0.6065065
vt 20.31123 0.6131083
vt 20.32053 0.6131083
vt 20.38018 0.5788838
vt 20.37295 0.5788838
vt 20.37295 0.5890713
vt 20.38018 0.5892857
vt 20.38161 0.5964678
vt 20.37501 0.5994325
vt 20.37887 0.6087452
vt 20.38563 0.6061773
vt 20.38997 0.6125742
vt 20.38446 0.6172175
vt 20.24028 0.593074
vt 20.23936 0.5788882
vt 20.23333 0.5860482
vt 20.24693 0.5864285
vt 20.25716 0.6018692
vt 20.24848 0.6054646
vt 20.13762 0.5784807
vt 20.12603 0.5784807
vt 20.12603 0.5864311
vt 20.13762 0.5864311
vt 20.12603 0.6004518
vt 20.13762 0.6004518
vt 20.20326 0.5983105
vt 20.2093 0.6054771
vt 20.21687 0.5979298
vt 20.21021 0.591278
vt 20.21843 0.5788758
vt 20.22712 0.5824747
vt 20.61244 0.6279266
vt 20.60226 0.6394254
vt 20.61244 0.6394254
vt 20.60226 0.6279266
vt 20.61244 0.6162318
vt 20.60226 0.6162318
vt 20.61244 0.6057205
vt 20.60226 0.6057205
vt 20.61244 0.5961576
vt 20.60226 0.5961576
vt 20.61314 0.5868211
vt 20.60156 0.5953701
vt 20.61314 0.5953701
vt 20.60156 0.5868213
vt 20.61314 0.5752466
vt 20.60156 0.5752466
vt 20.56463 0.6018238
vt 20.55906 0.5788786
vt 20.55241 0.5855334
vt 20.57336 0.5982055
vt 20.56883 0.6112304
vt 20.57753 0.607623
vt 20.57021 0.6181722
vt 20.57962 0.6181722
vt 20.2794 0.5951601
vt 20.29041 0.577677
vt 20.2794 0.577677
vt 20.29041 0.5951601
vt 20.2794 0.6052555
vt 20.29041 0.6052555
vt 20.2794 0.6127053
vt 20.29041 0.6127053
vt 20.534 0.6018258
vt 20.54623 0.5855255
vt 20.53957 0.5788666
vt 20.52527 0.5982053
vt 20.5211 0.6076285
vt 20.52979 0.6112382
vt 20.52841 0.6181841
vt 20.519 0.6181841
vt 20.51319 0.5774919
vt 20.50221 0.5774919
vt 20.50221 0.5887856
vt 20.51319 0.5887856
vt 20.50221 0.5988678
vt 20.51319 0.5988678
vt 20.50221 0.6195588
vt 20.51319 0.6195588
vt 20.61314 0.5953701
vt 20.61244 0.6013986
vt 20.61314 0.6021863
vt 20.61244 0.5961576
vt 20.60156 0.5953701
vt 20.60226 0.5961576
vt 20.60156 0.6021863
vt 20.60226 0.6013986
vt 20.13762 0.5784807
vt 20.13692 0.5775446
vt 20.12673 0.5775446
vt 20.12603 0.5784807
vt 20.35698 0.5892859
vt 20.35698 0.5788839
vt 20.34975 0.5788839
vt 20.34975 0.5890714
vt 20.35841 0.5964679
vt 20.35181 0.5994325
vt 20.36243 0.6061772
vt 20.35567 0.608745
vt 20.36678 0.612574
vt 20.36126 0.6172174
vt 20.29605 0.5783116
vt 20.30536 0.5890636
vt 20.30536 0.5783116
vt 20.29605 0.5890636
vt 20.30536 0.5964873
vt 20.29605 0.5964873
vt 20.30536 0.6065234
vt 20.29605 0.6065234
vt 20.30536 0.6131355
vt 20.29605 0.6131355
vt 20.33635 0.5789009
vt 20.34357 0.5890793
vt 20.34357 0.5789009
vt 20.33635 0.5892937
vt 20.33492 0.5964693
vt 20.34151 0.5994314
vt 20.33766 0.6087358
vt 20.3309 0.6061701
vt 20.32656 0.6125614
vt 20.33207 0.6172006
vt 20.18015 0.5912771
vt 20.17319 0.5983163
vt 20.17923 0.6054899
vt 20.18681 0.5979353
vt 20.19707 0.5824654
vt 20.18837 0.578863
vt 20.10961 0.5784807
vt 20.12121 0.5864311
vt 20.12121 0.5784807
vt 20.10961 0.5864311
vt 20.12121 0.6004518
vt 20.10961 0.6004518
vt 20.14314 0.5860425
vt 20.15675 0.5864231
vt 20.14918 0.5788758
vt 20.15009 0.5930749
vt 20.15831 0.6054771
vt 20.167 0.6018782
vt 20.58584 0.6279338
vt 20.58584 0.6394365
vt 20.59602 0.6394365
vt 20.59602 0.6279338
vt 20.58584 0.6162349
vt 20.59602 0.6162349
vt 20.58584 0.6057199
vt 20.59602 0.6057199
vt 20.58584 0.5961537
vt 20.59602 0.5961537
vt 20.58514 0.586814
vt 20.58514 0.5953659
vt 20.59672 0.5953659
vt 20.59672 0.586814
vt 20.58514 0.5752354
vt 20.59672 0.5752354
vt 20.48417 0.6018237
vt 20.4964 0.5855336
vt 20.48974 0.5788788
vt 20.47545 0.5982055
vt 20.47997 0.6112304
vt 20.47128 0.6076229
vt 20.47859 0.618172
vt 20.46918 0.618172
vt 20.274 0.59516
vt 20.274 0.5776521
vt 20.26297 0.5776521
vt 20.26297 0.59516
vt 20.274 0.6052698
vt 20.26297 0.6052698
vt 20.274 0.6127303
vt 20.26297 0.6127303
vt 20.448 0.6018238
vt 20.44243 0.5788788
vt 20.43578 0.5855336
vt 20.45672 0.5982055
vt 20.46089 0.6076229
vt 20.4522 0.6112304
vt 20.45358 0.618172
vt 20.46299 0.618172
vt 20.41897 0.5774702
vt 20.42997 0.5887756
vt 20.42997 0.5774702
vt 20.41897 0.5887756
vt 20.42997 0.5988681
vt 20.41897 0.5988681
vt 20.42997 0.6195805
vt 20.41897 0.6195805
vt 20.58514 0.5953659
vt 20.58514 0.6021845
vt 20.58584 0.6013966
vt 20.58584 0.5961537
vt 20.59672 0.5953659
vt 20.59602 0.5961537
vt 20.59672 0.6021845
vt 20.59602 0.6013966
vt 20.10961 0.5784807
vt 20.12121 0.5784807
vt 20.12051 0.5775446
vt 20.11031 0.5775446
vt 20.72314 -0.006281823
vt 20.72699 -0.001646429
vt 20.72699 -0.00682807
vt 20.72314 -0.001891106
vt 20.71928 -0.00682795
vt 20.71928 -0.001646429
vt 20.71928 0.2797682
vt 20.72314 0.2797682
vt 20.72699 0.2797682
vt 20.72699 0.5472237
vt 20.72314 0.5474684
vt 20.71928 0.5472237
vt 20.71928 0.5524052
vt 20.72314 0.5518591
vt 20.72699 0.5524054
vt 20.67476 0.5735534
vt 20.67864 0.5755321
vt 20.67864 0.5722237
vt 20.67476 0.57655
vt 20.67087 0.5722237
vt 20.67864 0.5804834
vt 20.67087 0.5755321
vt 20.67476 0.5810342
vt 20.67087 0.5804834
vt 20.67862 0.5860147
vt 20.67476 0.5859507
vt 20.6709 0.5860147
vt 20.6709 0.8939617
vt 20.67476 0.8940253
vt 20.67862 0.8939617
vt 20.67864 0.8994927
vt 20.67476 0.898942
vt 20.67087 0.8994929
vt 20.67864 0.9044443
vt 20.67476 0.9034263
vt 20.67864 0.9077525
vt 20.67087 0.9044443
vt 20.67476 0.9064228
vt 20.67087 0.9077526
vt 20.69806 0.8921272
vt 20.69806 0.8969212
vt 20.70197 0.8982577
vt 20.70197 0.8931502
vt 20.70588 0.8969209
vt 20.69806 0.884953
vt 20.70588 0.8921273
vt 20.70197 0.8855065
vt 20.70588 0.8849528
vt 20.69809 0.8761791
vt 20.70197 0.8761149
vt 20.70585 0.8761791
vt 20.70585 0.5679076
vt 20.70197 0.5679718
vt 20.69809 0.5679076
vt 20.69806 0.5591339
vt 20.70197 0.5585803
vt 20.70588 0.5591339
vt 20.69806 0.5519593
vt 20.70197 0.5509365
vt 20.69806 0.5471656
vt 20.70588 0.5519594
vt 20.70197 0.5458289
vt 20.70588 0.5471656
vt 20.71335 0.002556562
vt 20.71335 -0.006405205
vt 20.70949 -0.006951302
vt 20.70949 0.00280121
vt 20.70564 -0.006404996
vt 20.70564 0.002556562
vt 20.70564 0.2827758
vt 20.70949 0.2827758
vt 20.71335 0.2827758
vt 20.71335 0.5490347
vt 20.70949 0.54879
vt 20.70564 0.5490347
vt 20.70564 0.5579962
vt 20.70949 0.5585425
vt 20.71335 0.5579965
vt 20.69585 -0.006982148
vt 20.69971 0.0025267
vt 20.69971 -0.006435782
vt 20.69585 0.002771407
vt 20.69199 -0.006435633
vt 20.69199 0.0025267
vt 20.69199 0.2827765
vt 20.69585 0.2827765
vt 20.69971 0.2827765
vt 20.69971 0.5490645
vt 20.69585 0.5488197
vt 20.69199 0.5490645
vt 20.69199 0.5580267
vt 20.69585 0.5585734
vt 20.69971 0.558027
vt 20.74063 -0.001641899
vt 20.74063 -0.006823301
vt 20.73678 -0.006277233
vt 20.73678 -0.001886487
vt 20.73292 -0.006823301
vt 20.73292 -0.001641899
vt 20.73292 0.279768
vt 20.73678 0.279768
vt 20.74063 0.279768
vt 20.74063 0.547219
vt 20.73678 0.5474635
vt 20.73292 0.547219
vt 20.73292 0.5524005
vt 20.73678 0.5518543
vt 20.74063 0.5524005
vt 20.66115 0.5735471
vt 20.65726 0.5722173
vt 20.65726 0.5755258
vt 20.66115 0.5765437
vt 20.66504 0.5722173
vt 20.65726 0.5804774
vt 20.66504 0.5755258
vt 20.66115 0.581028
vt 20.66504 0.5804774
vt 20.6573 0.5860088
vt 20.66115 0.5859449
vt 20.66501 0.5860088
vt 20.66501 0.8939676
vt 20.66115 0.8940312
vt 20.6573 0.8939676
vt 20.65726 0.8994988
vt 20.66115 0.8989481
vt 20.66504 0.8994989
vt 20.65726 0.9044506
vt 20.66115 0.9034325
vt 20.65726 0.9077589
vt 20.66504 0.9044507
vt 20.66115 0.9064292
vt 20.66504 0.907759
vt 20.69227 0.917361
vt 20.68836 0.9234927
vt 20.69227 0.9221559
vt 20.68836 0.9183843
vt 20.68445 0.9221556
vt 20.69227 0.9101856
vt 20.68445 0.9173613
vt 20.68836 0.9107392
vt 20.68445 0.9101855
vt 20.69224 0.9014102
vt 20.68836 0.9013459
vt 20.68448 0.9014102
vt 20.68448 0.5930848
vt 20.68836 0.593149
vt 20.69224 0.5930848
vt 20.69227 0.5843095
vt 20.68836 0.5837557
vt 20.68445 0.5843095
vt 20.69227 0.5771335
vt 20.68836 0.5761105
vt 20.69227 0.5723391
vt 20.68445 0.5771337
vt 20.68836 0.5710022
vt 20.68445 0.5723391
vt 20.99377 0.4735406
vt 20.99377 0.241055
vt 20.96758 0.241055
vt 20.99377 0.009177953
vt 20.96758 0.4474726
vt 20.96758 0.03524585
vt 20.99182 0.4782575
vt 20.99182 0.00446099
vt 20.96562 0.4521896
vt 20.96562 0.03052887
vt 20.9871 0.4802114
vt 20.9871 0.002507046
vt 20.96091 0.4541435
vt 20.96091 0.02857505
vt 20.75364 0.4802114
vt 20.75364 0.002507046
vt 20.77773 0.4541435
vt 20.77773 0.02857505
vt 20.74893 0.4782575
vt 20.74893 0.00446099
vt 20.77302 0.4521896
vt 20.77302 0.03052887
vt 20.74698 0.4735406
vt 20.77106 0.4474726
vt 20.74698 0.009177908
vt 20.77106 0.03524591
vt 20.77106 0.241055
vt 20.74698 0.241055
vt 20.77712 0.9302799
vt 20.77712 0.7238676
vt 20.75092 0.7238676
vt 20.77712 0.5180639
vt 20.75092 0.956347
vt 20.75092 0.4919966
vt 20.77908 0.9349967
vt 20.77908 0.513347
vt 20.75287 0.961064
vt 20.75287 0.4872798
vt 20.78379 0.9369506
vt 20.78379 0.5113931
vt 20.75759 0.9630177
vt 20.75759 0.4853259
vt 20.96696 0.9369506
vt 20.96696 0.5113931
vt 20.99105 0.9630177
vt 20.99105 0.4853259
vt 20.97168 0.9349967
vt 20.97168 0.513347
vt 20.99576 0.961064
vt 20.99576 0.4872798
vt 20.97363 0.9302799
vt 20.97363 0.5180639
vt 20.99772 0.956347
vt 20.99772 0.4919966
vt 20.97363 0.7238676
vt 20.99772 0.7238676
vt 20.34389 0.01108226
vt 20.34039 0.2954662
vt 20.34389 0.2954662
vt 20.34389 0.5657131
vt 20.34039 0.01046404
vt 20.34039 0.5663314
vt 20.33934 0.00521636
vt 20.33934 0.571579
vt 20.34247 0.003921062
vt 20.34247 0.5728743
vt 20.33602 0.0002434552
vt 20.33602 0.576552
vt 20.33842 -0.002150148
vt 20.33842 0.5789455
vt 20.33105 -0.003079355
vt 20.33105 0.5798748
vt 20.33234 -0.006206453
vt 20.33234 0.5830019
vt 20.32549 -0.004158169
vt 20.32518 -0.007631004
vt 20.32549 0.5809535
vt 20.32518 0.5844264
vt 20.01652 -0.007631004
vt 20.01621 -0.004158169
vt 20.01065 -0.003079355
vt 20.00936 -0.006206512
vt 20.00568 0.0002434254
vt 20.00329 -0.002150059
vt 20.00236 0.00521639
vt 19.99923 0.003920853
vt 20.01652 0.5844264
vt 20.01621 0.5809535
vt 20.01065 0.5798748
vt 20.00936 0.583002
vt 20.00568 0.576552
vt 20.00329 0.5789455
vt 20.00236 0.571579
vt 19.99923 0.5728745
vt 20.00131 0.01046401
vt 19.9978 0.01108229
vt 20.00131 0.5663314
vt 19.9978 0.5657131
vt 19.9978 0.2954662
vt 20.00131 0.2954662
vt 20.3474 0.01170051
vt 20.34389 0.2954662
vt 20.3474 0.2954662
vt 20.3474 0.5650949
vt 20.34389 0.01108226
vt 20.34389 0.5657131
vt 20.34247 0.003921062
vt 20.34247 0.5728743
vt 20.3456 0.002625763
vt 20.3456 0.5741696
vt 20.33842 -0.002150148
vt 20.33842 0.5789455
vt 20.34081 -0.004543692
vt 20.34081 0.5813391
vt 20.33234 -0.006206453
vt 20.33234 0.5830019
vt 20.33364 -0.00933367
vt 20.33364 0.5861291
vt 20.32518 -0.007631004
vt 20.32487 -0.01110399
vt 20.32518 0.5844264
vt 20.32487 0.5878994
vt 20.01683 -0.01110393
vt 20.01652 -0.007631004
vt 20.00936 -0.006206512
vt 20.00806 -0.00933373
vt 20.00329 -0.002150059
vt 20.00089 -0.004543394
vt 19.99923 0.003920853
vt 19.9961 0.002625346
vt 20.01683 0.5878993
vt 20.01652 0.5844264
vt 20.00936 0.583002
vt 20.00806 0.5861292
vt 20.00329 0.5789455
vt 20.00089 0.5813388
vt 19.99923 0.5728745
vt 19.9961 0.5741701
vt 19.9978 0.01108229
vt 19.9943 0.01170051
vt 19.9978 0.5657131
vt 19.9943 0.5650949
vt 19.9943 0.2954662
vt 19.9978 0.2954662
vt 20.34297 0.01109392
vt 20.33946 0.2954659
vt 20.34297 0.2954659
vt 20.34297 0.5657015
vt 20.33946 0.01171213
vt 20.33946 0.5650833
vt 20.34127 0.002637565
vt 20.34127 0.5741576
vt 20.3444 0.003932923
vt 20.3444 0.5728624
vt 20.34606 -0.004531294
vt 20.34606 0.5813267
vt 20.34845 -0.002137989
vt 20.34845 0.5789332
vt 20.35323 -0.009321243
vt 20.35323 0.5861166
vt 20.35452 -0.006194174
vt 20.35452 0.5829895
vt 20.362 -0.01109135
vt 20.36169 -0.007618576
vt 20.362 0.5878866
vt 20.36169 0.5844139
vt 20.67033 -0.007618576
vt 20.67002 -0.01109135
vt 20.67879 -0.009321302
vt 20.6775 -0.006194174
vt 20.68596 -0.004531205
vt 20.68357 -0.00213787
vt 20.69075 0.002637565
vt 20.68762 0.003932983
vt 20.67033 0.5844139
vt 20.67002 0.5878866
vt 20.67879 0.5861166
vt 20.6775 0.5829895
vt 20.68596 0.5813265
vt 20.68357 0.5789332
vt 20.69075 0.5741576
vt 20.68762 0.5728623
vt 20.69255 0.01171213
vt 20.68905 0.01109392
vt 20.69255 0.5650833
vt 20.68905 0.5657015
vt 20.68905 0.2954659
vt 20.69255 0.2954659
vt 20.34648 0.0104757
vt 20.34297 0.2954659
vt 20.34648 0.2954659
vt 20.34648 0.5663195
vt 20.34297 0.01109392
vt 20.34297 0.5657015
vt 20.3444 0.003932923
vt 20.3444 0.5728624
vt 20.34752 0.005228311
vt 20.34752 0.5715671
vt 20.34845 -0.002137989
vt 20.34845 0.5789332
vt 20.35085 0.0002555251
vt 20.35085 0.5765398
vt 20.35452 -0.006194174
vt 20.35452 0.5829895
vt 20.35582 -0.003067106
vt 20.35582 0.5798625
vt 20.36169 -0.007618576
vt 20.36137 -0.00414589
vt 20.36169 0.5844139
vt 20.36137 0.5809412
vt 20.67064 -0.00414589
vt 20.67033 -0.007618576
vt 20.6775 -0.006194174
vt 20.6762 -0.003067195
vt 20.68357 -0.00213787
vt 20.68117 0.0002554357
vt 20.68762 0.003932983
vt 20.6845 0.005228281
vt 20.67064 0.5809412
vt 20.67033 0.5844139
vt 20.6775 0.5829895
vt 20.6762 0.5798625
vt 20.68357 0.5789332
vt 20.68117 0.5765399
vt 20.68762 0.5728623
vt 20.6845 0.5715671
vt 20.68905 0.01109392
vt 20.68554 0.0104757
vt 20.68905 0.5657015
vt 20.68554 0.5663196
vt 20.68554 0.2954659
vt 20.68905 0.2954659
vt 20.09472 0.5788599
vt 20.09581 0.5794795
vt 20.10303 0.5794795
vt 20.10411 0.5788599
vt 20.09472 0.5891007
vt 20.10303 0.588481
vt 20.09581 0.588481
vt 20.10411 0.5891007
vt 20.07908 0.5891799
vt 20.08862 0.5891799
vt 20.08751 0.5885508
vt 20.08019 0.5885508
vt 20.08751 0.5794098
vt 20.07908 0.5787807
vt 20.08862 0.5787807
vt 20.08019 0.5794098
vt 30.9648 0.1185817
vt 30.95539 0.1185817
vt 30.95539 0.3245376
vt 30.9648 0.3245376
vt 30.00732 0.4667902
vt 30.00732 0.6851923
vt 30.01673 0.6851923
vt 30.01673 0.4667902
vt 30.01673 0.2489966
vt 30.00732 0.2489966
vt 30.35276 0.4667903
vt 30.14677 0.6851907
vt 30.35276 0.6851907
vt 30.14677 0.4667903
vt 30.14677 0.2489983
vt 30.35276 0.2489983
vt 30.49086 0.4667903
vt 30.48146 0.6851417
vt 30.49086 0.6851417
vt 30.48146 0.4667903
vt 30.48146 0.2490473
vt 30.49086 0.2490473
vt 30.8267 0.4667902
vt 30.62071 0.6851907
vt 30.8267 0.6851907
vt 30.62071 0.4667902
vt 30.62071 0.2489982
vt 30.8267 0.2489982
vt 30.98327 0.1185592
vt 30.98327 0.3245601
vt 30.99268 0.3245601
vt 30.99268 0.1185592
vn -1 0 0
vn -1 0 0
vn -1 0 0
vn -1 0 0
vn 0 0 1
vn 0 0 1
vn 0 0 1
vn 0 0 1
vn 0 0 1
vn 0 0 1
vn 0 1 0
vn 0 1 0
vn 0 1 0
vn 0 1 0
vn 0 1 0
vn 0 1 0
vn 0 1 0
vn 0 1 0
vn 0 1 0
vn 0 1 0
vn 1 0 0
vn 1 0 0
vn 1 0 0
vn 1 0 0
vn 0 0 -1
vn 0 0 -1
vn 0 0 -1
vn 0 0 -1
vn 0 0 -1
vn 0 0 -1
vn 0 -1 0
vn 0 -1 0
vn 0 -1 0
vn 0 -1 0
vn 0 -1 0
vn 0 -1 0
vn 0 1 0
vn 0 1 0
vn 0 1 0
vn 0 1 0
vn 0 1 0
vn 0 1 0
vn 0 1 0
vn 0 1 0
vn 0 1 0
vn 0 1 0
vn 0 1 0
vn 0 1 0
vn 0 1 0
vn 1 0 0
vn 1 0 0
vn 1 0 0
vn 1 0 0
vn -1 0 0
vn -1 0 0
vn -1 0 0
vn -1 0 0
vn 1 0 0
vn 1 0 0
vn 1 0 0
vn 1 0 0
vn 0 0 1
vn 0 0 1
vn 0 0 1
vn 0 0 1
vn 0 0 1
vn 0 0 1
vn 0 -1 0
vn 0 -1 0
vn 0 -1 0
vn 0 -1 0
vn 0 -1 0
vn 0 -1 0
vn 0 1 0
vn 0 1 0
vn 0 1 0
vn 0 1 0
vn 0 1 0
vn 0 1 0
vn 0 0 -1
vn 0 0 -1
vn 0 0 -1
vn 0 0 -1
vn 0 0 -1
vn 0 0 -1
vn -1 0 0
vn -1 0 0
vn -1 0 0
vn -1 0 0
vn 0 0 -1
vn 0 0 -1
vn 0 0 -1
vn 0 0 -1
vn 1 0 0
vn 1 0 0
vn 1 0 0
vn 1 0 0
vn 1 0 0
vn 1 0 0
vn -1 0 0
vn -1 0 0
vn -1 0 0
vn -1 0 0
vn 1 0 0
vn 1 0 0
vn 0 -1 0
vn 0 -1 0
vn 0 -1 0
vn 0 -1 0
vn 0 -1 0
vn 0 -1 0
vn 0 -1 0
vn 0 -1 0
vn 0 -1 0
vn 0 -1 0
vn 0 -1 0
vn 0 0 -1
vn 0 0 -1
vn 0 1 0
vn 0 1 0
vn 0 1 0
vn 0 1 0
vn 0 1 0
vn 0 1 0
vn 0 1 0
vn 0 1 0
vn 0 1 0
vn 0 1 0
vn 0 1 0
vn 0 1 0
vn 0 1 0
vn 0 1 0
vn 0 1 0
vn 0 1 0
vn 0 1 0
vn 0 1 0
vn -1 0 0
vn -1 0 0
vn 1 0 0
vn 1 0 0
vn 1 0 0
vn 1 0 0
vn 1 0 0
vn 1 0 0
vn 1 0 0
vn 1 0 0
vn 1 0 0
vn 1 0 0
vn 1 0 0
vn 1 0 0
vn 0 0 1
vn 0 0 1
vn 0 0 1
vn 0 0 1
vn 0 1 0
vn 0 1 0
vn 0 1 0
vn 0 1 0
vn 0 0 1
vn 0 0 1
vn 0 0 1
vn 0 0 1
vn 0 0 1
vn 0 0 1
vn 0 0 1
vn 0 0 1
vn 0 0 1
vn 0 0 1
vn 0 0 1
vn 0 0 1
vn 0 0 1
vn 0 0 1
vn 0 0 1
vn 0 0 1
vn 0 0 1
vn 0 0 1
vn 0 0 1
vn 0 0 1
vn 0 1 0
vn 0 1 0
vn 0 1 0
vn 0 1 0
vn 0 1 0
vn 0 1 0
vn 0 1 0
vn 0 -1 0
vn 0 -1 0
vn 0 -1 0
vn 0 -1 0
vn 0 -1 0
vn 0 -1 0
vn 0 -1 0
vn 0 0 1
vn 0 0 1
vn 0 0 1
vn 0 0 1
vn 0 0 1
vn 0 0 1
vn 0 -1 0
vn 0 -1 0
vn 0 -1 0
vn 0 -1 0
vn 0 0 1
vn 0 0 1
vn 0 0 1
vn 0 0 1
vn 0 0 1
vn 0 0 1
vn 0 0 1
vn 0 0 1
vn 0 0 1
vn 0 0 1
vn 0 0 1
vn 0 0 1
vn 0 0 1
vn 0 0 1
vn 0 0 1
vn 0 0 1
vn -1 0 0
vn -1 0 0
vn -1 0 0
vn -1 0 0
vn -1 0 0
vn -1 0 0
vn -1 0 0
vn -1 0 0
vn 0 0 1
vn 0 0 1
vn 0 0 1
vn 0 0 1
vn 0 0 1
vn 0 0 1
vn 0 0 1
vn 0 0 1
vn 0 0 1
vn 0 -1 0
vn 0 -1 0
vn 0 -1 0
vn 0 -1 0
vn 0 -1 0
vn 0 -1 0
vn -1 0 0
vn -1 0 0
vn -1 0 0
vn -1 0 0
vn 0 1 0
vn 0 1 0
vn 0 1 0
vn 0 1 0
vn 0 1 0
vn 0 1 0
vn 0 1 0
vn 0 0 1
vn 0 0 1
vn 0 0 1
vn 0 0 1
vn 0 0 1
vn 0 -1 0
vn 0 -1 0
vn -1 0 0
vn -1 0 0
vn -1 0 0
vn -1 0 0
vn -1 0 0
vn -1 0 0
vn -1 0 0
vn -1 0 0
vn -1 0 0
vn -1 0 0
vn 0 1 0
vn 0 1 0
vn 0 0 1
vn 0 0 1
vn 0 0 1
vn 0 0 1
vn 0 1 0
vn 0 1 0
vn 0 1 0
vn 0 1 0
vn 0 0 1
vn 0 0 1
vn 0 0 1
vn 0 0 1
vn 0 0 1
vn 0 0 1
vn 0 0 1
vn 0 0 1
vn 0 0 1
vn 0 0 1
vn 0 0 1
vn 0 0 1
vn 0 0 1
vn 0 0 1
vn 0 0 1
vn 0 -1 0
vn 0 -1 0
vn 0 -1 0
vn 0 -1 0
vn 0 0 1
vn 0 0 1
vn 0 0 1
vn 0 0 1
vn 0 0 1
vn 0 0 1
vn 0 0 1
vn 0 0 1
vn 0 0 1
vn 0 0 1
vn 0 0 1
vn 0 0 1
vn 0 0 1
vn 1 0 0
vn 1 0 0
vn 1 0 0
vn 1 0 0
vn 1 0 0
vn 1 0 0
vn 1 0 0
vn 1 0 0
vn 0 0 1
vn 0 0 1
vn 0 0 1
vn 0 0 1
vn 0 0 1
vn 0 0 1
vn 0 0 1
vn 0 0 1
vn 1 0 0
vn 1 0 0
vn 1 0 0
vn 1 0 0
vn 0 0 1
vn 0 0 1
vn 0 0 1
vn 0 0 1
vn 0 1 0
vn 0 1 0
vn 0 0 1
vn 0 0 1
vn 0 0 1
vn 0 0 1
vn 0 0 1
vn 0 0 1
vn 0 0 1
vn 0 0 1
vn 0 0 1
vn 0 0 1
vn 0 0 1
vn 0 0 1
vn 1 0 0
vn 1 0 0
vn 1 0 0
vn 1 0 0
vn 1 0 0
vn 1 0 0
vn 1 0 0
vn 1 0 0
vn 1 0 0
vn 1 0 0
vn 0 0 -1
vn 0 0 -1
vn 0 -1 0
vn 0 -1 0
vn 0 -1 0
vn 0 -1 0
vn 0 -1 0
vn 0 -1 0
vn 0 0 -1
vn 0 0 -1
vn 0 -1 0
vn 0 -1 0
vn 0 -1 0
vn 0 -1 0
vn 0 -1 0
vn 0 -1 0
vn -1 0 0
vn -1 0 0
vn -1 0 0
vn -1 0 0
vn -1 0 0
vn -1 0 0
vn -1 0 0
vn -1 0 0
vn -1 0 0
vn -1 0 0
vn 0 1 0
vn 0 1 0
vn 0 1 0
vn 0 1 0
vn 0 1 0
vn 0 1 0
vn 0 1 0
vn 0 1 0
vn 0 1 0
vn 0 1 0
vn 0 1 0
vn 0 1 0
vn 0 1 0
vn 0 1 0
vn 0 1 0
vn 0 1 0
vn 0 1 0
vn 0 1 0
vn 0 1 0
vn 0 1 0
vn 0 -1 0
vn 0 1 0
vn 0 0 -1
vn 0 0 -1
vn 0 0 -1
vn 0 0 -1
vn -1 0 0
vn -1 0 0
vn -1 0 0
vn -1 0 0
vn -1 0 0
vn -1 0 0
vn 1 0 0
vn 1 0 0
vn 1 0 0
vn 1 0 0
vn -1 0 0
vn -1 0 0
vn -1 0 0
vn -1 0 0
vn -1 0 0
vn -1 0 0
vn 1 0 0
vn 1 0 0
vn 1 0 0
vn 1 0 0
vn 0.001892969 0.1803185 -0.9836065
vn 0.08707194 0.09436218 -0.9917229
vn 0.01560894 0.01532997 -0.9997607
vn 9.833821E-05 0.01857108 -0.9998275
vn 0 0 -1
vn 0.01573324 0.0001239155 -0.9998763
vn 0 0 -1
vn 0 0 -1
vn 0 0.02180364 -0.9997622
vn -9.884272E-05 0.01861019 -0.9998268
vn 0.01698493 -0.0001337761 -0.9998558
vn 0 0 -1
vn 0.0188814 -0.01854536 -0.9996498
vn -0.01566552 0.01538475 -0.9997589
vn -0.001897865 0.1803252 -0.9836052
vn -0.08707166 0.09436238 -0.9917229
vn -0.01582802 0.0001246625 -0.9998747
vn -0.01708598 -0.0001345724 -0.999854
vn 0 0.02189604 -0.9997602
vn -0.01895444 -0.0186184 -0.999647
vn 0.0001375041 -0.02595964 -0.999663
vn 0.002072676 -0.2006041 -0.9796702
vn 0.09004243 -0.0975799 -0.991146
vn 0 0.03014909 -0.9995454
vn 0 0 -1
vn -0.0001381417 -0.02600717 -0.9996617
vn -0.002077956 -0.2006087 -0.9796693
vn -0.09004159 -0.09757987 -0.9911461
vn 0 0.383734 -0.9234437
vn 0 0.388488 -0.9214537
vn 0 0.3884916 -0.9214523
vn 0 -0.0003633632 -1
vn 1.649181E-06 -0.000363361 -1
vn -1.635643E-06 -0.0003633636 -1
vn 0.08707194 0.09436218 -0.9917229
vn 0.1791397 0.002006252 -0.9838216
vn 0.01573324 0.0001239155 -0.9998763
vn 0.01560894 0.01532997 -0.9997607
vn 0 -0.8138223 -0.5811138
vn -6.780709E-05 -0.8138233 -0.5811123
vn -1.875112E-05 -0.9870035 -0.1606987
vn 0 -0.982693 -0.1852421
vn 1.882153E-05 -0.9870036 -0.1606983
vn 6.806217E-05 -0.8138214 -0.5811152
vn -1.875112E-05 -0.9870035 -0.1606987
vn 0 -0.9858138 0.1678425
vn -2.493173E-05 -0.9883875 0.1519543
vn 1.882153E-05 -0.9870036 -0.1606983
vn 2.502804E-05 -0.9883875 0.1519541
vn 0 -0.8916008 0.4528221
vn -2.493173E-05 -0.9883875 0.1519543
vn -7.429611E-05 -0.8916015 0.4528209
vn 2.502804E-05 -0.9883875 0.1519541
vn 7.458361E-05 -0.8916002 0.4528234
vn 0.1731177 -0.001938753 -0.9848992
vn 0.01698493 -0.0001337761 -0.9998558
vn 0.01573324 0.0001239155 -0.9998763
vn 0.1791397 0.002006252 -0.9838216
vn 0.09004243 -0.0975799 -0.991146
vn 0.0188814 -0.01854536 -0.9996498
vn 0.01698493 -0.0001337761 -0.9998558
vn 0.1731177 -0.001938753 -0.9848992
vn -0.9950128 0.02618233 -0.0962496
vn -0.7658514 0.0008511936 -0.643017
vn -0.005056501 0.04541711 -0.9989554
vn -0.9946513 0.00013673 -0.10329
vn -1 0 0
vn -0.9997128 0.02396601 0
vn -0.9238774 0.3826888 0
vn -0.9238774 0.3826888 0
vn -0.005056501 0.04541711 -0.9989554
vn -0.4501094 0.4501247 -0.7712258
vn -0.9950128 0.02618233 -0.0962496
vn -0.0008423659 0.4988188 -0.8667059
vn 0 0.4988093 -0.8667117
vn 0 0.05562955 -0.9984515
vn 0.00507606 0.04541712 -0.9989552
vn 0.0008456451 0.4988174 -0.8667067
vn 0.4501041 0.4501195 -0.771232
vn 0.9950126 0.02618209 -0.09625184
vn 0 0.0003162911 -1
vn 2.219728E-05 0.0003162913 -1
vn -2.234151E-05 0.000316291 -1
vn 0.007134713 0.782511 0.6225959
vn 0.01662526 0.01636205 0.9997279
vn 0.09186315 0.09948777 0.9907892
vn 0.004146138 0.7835582 0.6213045
vn 0 0.7856296 0.6186972
vn 0 0.7856295 0.6186972
vn -0.007152664 0.7824985 0.6226114
vn -0.004156775 0.7835484 0.6213169
vn -0.01668445 0.01642033 0.999726
vn -0.0918614 0.09948725 0.9907895
vn 0 0 1
vn 0.01670868 0.0001322286 0.9998604
vn 0.01812706 -0.000143453 0.9998357
vn 0 0 1
vn 0 0 1
vn 0 0 1
vn 0 0 1
vn 0 0 1
vn 0 0 1
vn -0.01680928 0.0001330253 0.9998587
vn -0.01823493 -0.0001443079 0.9998337
vn 0 0 1
vn 0.02034733 -0.02002727 0.9995924
vn -0.02042845 -0.02010635 0.9995891
vn 0 0 1
vn 0 0 1
vn 0 0 1
vn 0 0 1
vn 0.007134658 -0.7825076 0.6226002
vn 0.09498972 -0.1028753 0.9901484
vn 0.004146011 -0.7835549 0.6213087
vn 0 -0.7856297 0.6186971
vn 0 -0.7856297 0.618697
vn -0.007152676 -0.7825021 0.6226068
vn -0.09498964 -0.1028747 0.9901484
vn -0.004156535 -0.7835521 0.6213123
vn 0.09186315 0.09948777 0.9907892
vn 0.01662526 0.01636205 0.9997279
vn 0.01670868 0.0001322286 0.9998604
vn 0.1893212 0.002111612 0.981913
vn -0.06573257 0.8178736 0.5716311
vn 0 0.9582359 0.285979
vn 0 0.9582345 0.2859839
vn 0 0.8578475 0.5139043
vn 0 0.5615152 0.8274664
vn -0.00141731 0.5612333 0.8276563
vn 0.06598227 0.8177826 0.5717325
vn 0 0.9582373 0.2859741
vn 0.001422806 0.5612243 0.8276626
vn -0.8432755 0.0051241 0.537457
vn -0.9289319 0.005813576 0.3702049
vn -0.9289319 0.005813576 0.3702049
vn -0.06573257 0.8178736 0.5716311
vn -0.6619703 0.03046134 0.7489108
vn -0.6731398 0.003853772 0.7395052
vn 0 0 1
vn 0 0 1
vn 0 0 1
vn 0 0 1
vn 0 1 0
vn 0 1 0
vn 0 1 0
vn 0 1 0
vn 1 0 0
vn 1 0 0
vn 1 0 0
vn 1 0 0
vn 0 -1 0
vn 0 -1 0
vn 0 -1 0
vn 0 -1 0
vn -1 0 0
vn -1 0 0
vn -1 0 0
vn -1 0 0
vn 0.01670868 0.0001322286 0.9998604
vn 0.01812706 -0.000143453 0.9998357
vn 0.1829766 -0.002040868 0.9831151
vn 0.1893212 0.002111612 0.981913
vn 0.09498972 -0.1028753 0.9901484
vn 0.1829766 -0.002040868 0.9831151
vn 0.01812706 -0.000143453 0.9998357
vn 0.02034733 -0.02002727 0.9995924
vn 0 0.9584327 0.2853187
vn -1.700659E-07 0.9584323 0.2853198
vn -1.358168E-07 0.8968573 0.44232
vn 0 0.8836612 0.4681272
vn 0 0.270407 0.9627461
vn 0 0.2028744 0.9792047
vn 0 0.2704102 0.9627452
vn 1.304597E-07 0.89686 0.4423144
vn 1.633574E-07 0.958433 0.2853176
vn -0.9978698 0 0.06523646
vn -0.9702238 0 0.2422101
vn -0.9702238 0 0.2422101
vn -0.9973628 0.001388271 0.07256408
vn -0.9979938 -2.753174E-06 -0.06331123
vn -0.9958112 0.003100071 -0.09138077
vn -0.9440497 -1.434195E-05 -0.3298036
vn -0.9440324 0.0004074386 -0.3298523
vn -0.8893503 0.2361215 -0.3915388
vn -0.9730892 0.2182135 -0.07402901
vn -0.9269348 0.3746224 0.02121508
vn -0.9995982 -7.583316E-06 -0.02834376
vn -0.7833869 -0.0001663303 -0.6215342
vn -0.9970428 0.02469476 0.07277118
vn -0.9933275 0.03707322 0.1092063
vn -0.8081146 0.189289 0.5577818
vn -0.9995729 -2.65454E-06 -0.02922172
vn -0.7833869 -0.0001663303 -0.6215342
vn -0.7837818 -0.0003525551 -0.6210362
vn 0 0.2028744 0.9792047
vn 0 0.270407 0.9627461
vn 0 0 1
vn 0 0 1
vn 0 0 1
vn 0 0.2704102 0.9627452
vn -0.002005921 0.999998 0
vn -0.3826753 0.9238829 0
vn -0.3826753 0.9238829 0
vn -0.002005921 0.999998 0
vn 0 1 0
vn 0 1 0
vn 0.002013725 0.999998 0
vn 0.002013725 0.999998 0
vn 0.3826753 0.9238829 0
vn 0.3826753 0.9238829 0
vn -0.06573257 0.8178736 0.5716311
vn -0.6619703 0.03046134 0.7489108
vn -0.4212471 0.4212563 0.8031775
vn -0.00141731 0.5612333 0.8276563
vn 0.00763154 -0.9999709 -0.0003274355
vn 2.911959E-05 -1 4.689305E-06
vn 2.915371E-05 -1 4.677774E-06
vn 0.007613516 -0.999971 -0.0003266578
vn 0 -1 -0.0003434689
vn 0 -1 -0.0003434689
vn -0.007643081 -0.9999708 -0.0003577587
vn -0.007661247 -0.9999707 -0.0003586005
vn -2.915438E-05 -1 4.091215E-06
vn -2.912029E-05 -1 4.114936E-06
vn 2.911959E-05 -1 4.689305E-06
vn 2.917672E-05 -1 4.340346E-06
vn 2.931073E-05 -1 4.268491E-06
vn 1.451399E-07 -1 -8.239938E-05
vn 0 -0.9260564 0.3773851
vn 0 -1 -8.592353E-05
vn 0 -0.9270244 0.3750013
vn 0 -0.8980137 0.4399675
vn 0 -0.8980131 0.4399688
vn 0 -0.8980125 0.4399702
vn 0 -0.9260562 0.3773856
vn -1.45695E-07 -1 -8.852954E-05
vn -2.931129E-05 -1 -2.601057E-07
vn -2.91773E-05 -1 1.494636E-07
vn -2.912029E-05 -1 4.114936E-06
vn 0.0001375041 -0.02595964 -0.999663
vn 0.002072676 -0.2006041 -0.9796702
vn 0 -0.7747742 -0.6322381
vn 0 -0.7747742 -0.6322381
vn -0.0001381417 -0.02600717 -0.9996617
vn -0.002077956 -0.2006087 -0.9796693
vn 0 0.7747748 -0.6322374
vn 0.001892969 0.1803185 -0.9836065
vn 9.833821E-05 0.01857108 -0.9998275
vn 0 0.7747748 -0.6322374
vn -0.001897865 0.1803252 -0.9836052
vn -9.884272E-05 0.01861019 -0.9998268
vn 1.649181E-06 -0.000363361 -1
vn 0 -0.0005940673 -0.9999999
vn 2.714943E-06 -0.0005940656 -0.9999999
vn 0 -0.0003633632 -1
vn -1.635643E-06 -0.0003633636 -1
vn -2.704528E-06 -0.0005940692 -0.9999999
vn -0.08707166 0.09436238 -0.9917229
vn -0.01566552 0.01538475 -0.9997589
vn -0.01582802 0.0001246625 -0.9998747
vn -0.1791394 0.002006261 -0.9838216
vn -0.1731175 -0.001938757 -0.9848993
vn -0.1791394 0.002006261 -0.9838216
vn -0.01582802 0.0001246625 -0.9998747
vn -0.01708598 -0.0001345724 -0.999854
vn -0.09004159 -0.09757987 -0.9911461
vn -0.1731175 -0.001938757 -0.9848993
vn -0.01708598 -0.0001345724 -0.999854
vn -0.01895444 -0.0186184 -0.999647
vn 0.9979938 -2.782158E-06 -0.06331131
vn 0.9440324 0.0004073022 -0.3298524
vn 0.9440495 -1.449292E-05 -0.3298036
vn 0.9958112 0.003100047 -0.09138078
vn 0.8893513 0.2361278 -0.3915327
vn 0.9973627 0.001388278 0.07256562
vn 0.9978697 0 0.06523785
vn 0.9702225 0 0.242215
vn 0.9702225 0 0.2422151
vn 0.9730902 0.2182091 -0.07402794
vn 0.9269359 0.3746197 0.02121567
vn 0.9995983 -1.393427E-05 -0.028343
vn 0.7833949 -0.0001659208 -0.6215242
vn 0.997043 0.02468812 0.07277298
vn 0.9933273 0.03707331 0.1092089
vn 0.8081091 0.1892877 0.5577901
vn 0.9995731 -2.613569E-06 -0.02922005
vn 0.7833949 -0.0001659208 -0.6215242
vn 0.7837976 -0.0003516933 -0.6210163
vn 0.9950126 0.02618209 -0.09625184
vn 0.00507606 0.04541712 -0.9989552
vn 0.7658437 0.0008500498 -0.6430262
vn 0.994651 0.0001365476 -0.1032924
vn 1 0 0
vn 0.9997128 0.02396601 0
vn 0.9238774 0.3826888 0
vn 0.9238774 0.3826888 0
vn -0.0918614 0.09948725 0.9907895
vn -0.1893205 0.002111612 0.9819131
vn -0.01680928 0.0001330253 0.9998587
vn -0.01668445 0.01642033 0.999726
vn 0 0 1
vn 0 0 1
vn 0 0 1
vn 0 0 1
vn 0 1 0
vn 0 1 0
vn 0 1 0
vn 0 1 0
vn -1 0 0
vn -1 0 0
vn -1 0 0
vn -1 0 0
vn 0 -1 0
vn 0 -1 0
vn 0 -1 0
vn 0 -1 0
vn 1 0 0
vn 1 0 0
vn 1 0 0
vn 1 0 0
vn 0.8432757 0.005123736 0.5374568
vn 0.9289318 0.005813581 0.3702053
vn 0.9289318 0.00581358 0.3702053
vn 0.06598227 0.8177826 0.5717325
vn 0.661971 0.03046061 0.7489102
vn 0.6731405 0.003852916 0.7395045
vn -0.1829763 -0.002040882 0.9831153
vn -0.01823493 -0.0001443079 0.9998337
vn -0.01680928 0.0001330253 0.9998587
vn -0.1893205 0.002111612 0.9819131
vn -0.09498964 -0.1028747 0.9901484
vn -0.02042845 -0.02010635 0.9995891
vn -0.01823493 -0.0001443079 0.9998337
vn -0.1829763 -0.002040882 0.9831153
vn 0.06598227 0.8177826 0.5717325
vn 0.001422806 0.5612243 0.8276626
vn 0.4212446 0.4212569 0.8031785
vn 0.661971 0.03046061 0.7489102
vn 1.07823E-07 0 1
vn 0 0 1
vn 3.487246E-07 0 1
vn 0 0 1
vn 3.169093E-07 0 1
vn 0 0 1
vn 0 0 1
vn 0 0 1
vn 0 0 1
vn 0 0 1
vn -1.461684E-07 0 1
vn 0 0 1
vn 0 0 1
vn -1.608875E-07 0 1
vn 0.999946 -0.01039862 1.051161E-06
vn 0.9238791 -0.3826845 -1.723478E-06
vn 0.9238791 -0.3826845 -1.723478E-06
vn 0.999946 -0.01039873 1.05116E-06
vn 0.999946 0.01039857 1.051161E-06
vn 0.999946 0.01039858 1.051161E-06
vn 0.9238779 0.3826875 -1.723476E-06
vn 0.9238779 0.3826875 -1.723476E-06
vn 0.3826837 -0.9238794 -6.893928E-06
vn 0.00925361 -0.9999572 -6.204711E-06
vn 0.3826836 -0.9238794 -6.893927E-06
vn 0.009253704 -0.9999572 -6.204711E-06
vn 0 -1 -5.825008E-06
vn 0 -1 -5.825008E-06
vn -0.009280377 -0.999957 -5.433466E-06
vn -0.009280423 -0.999957 -5.433466E-06
vn -0.3826824 -0.9238799 -3.446953E-06
vn -0.3826824 -0.9238799 -3.446953E-06
vn 0.009253761 0.9999572 -1.250258E-07
vn 0.3826837 0.9238794 -5.170446E-06
vn 0.3826836 0.9238794 -5.170446E-06
vn 0.009253835 0.9999572 -1.250268E-07
vn 0 1 4.168083E-07
vn 0 1 4.168083E-07
vn -0.009280553 0.999957 7.105298E-07
vn -0.009280529 0.999957 7.105302E-07
vn -0.3826824 0.9238799 -4.353576E-06
vn -0.3826824 0.9238799 -4.353575E-06
vn -0.999946 -0.01039853 1.051161E-06
vn -0.9238801 -0.3826819 -1.723482E-06
vn -0.9238801 -0.3826819 -1.723482E-06
vn -0.999946 -0.01039864 1.05116E-06
vn -0.999946 0.01039847 1.05116E-06
vn -0.999946 0.01039848 1.05116E-06
vn -0.9238792 0.3826843 -1.723477E-06
vn -0.9238792 0.3826842 -1.723477E-06
vn 1 0 0
vn 1 0 0
vn 1 0 0
vn 1 0 0
vn 1 0 0
vn 1 0 0
vn 1 0 0
vn 1 0 0
vn 1 0 0
vn 1 0 0
vn 0 0 1
vn 0 0 1
vn 0 -0.08097451 0.9967163
vn 0 -0.08097451 0.9967163
vn 0 -0.3070816 0.9516832
vn 0 -0.3070816 0.9516832
vn 0 -0.4609291 0.887437
vn 0 -0.4609291 0.887437
vn 0 -0.5617612 0.8272995
vn 0 -0.5617612 0.8272995
vn -1 0 0
vn -1 0 0
vn -1 -5.758928E-07 0
vn -1 -6.881912E-07 0
vn -1 -6.882007E-07 0
vn -1 -5.758753E-07 0
vn -1 7.671721E-07 0
vn -1 9.158866E-07 0
vn -1 1.832146E-06 0
vn -1 1.832146E-06 0
vn 1 0 0
vn 1 0 0
vn 1 0 0
vn 1 0 0
vn 1 0 0
vn 1 0 0
vn -1.651885E-06 -0.7110333 0.7031582
vn -1.651885E-06 -0.7110335 0.7031581
vn -6.627016E-07 -0.7883107 0.6152775
vn -6.627016E-07 -0.7883107 0.6152775
vn 0 -0.8337197 0.5521877
vn 0 -0.8337197 0.5521877
vn -1 -2.412234E-06 0
vn -1 -2.412234E-06 0
vn -1 7.522652E-07 0
vn -1 1.084698E-06 0
vn -1 3.01783E-06 0
vn -1 3.01783E-06 0
vn 0 0.09979432 -0.9950081
vn 0 0 -1
vn 0 0 -1
vn 0 0.09979432 -0.9950081
vn 0 0.288072 -0.9576088
vn 0 0.288072 -0.9576088
vn 0 0.4691836 -0.8831006
vn 0 0.4691836 -0.8831006
vn 0 0.5508319 -0.8346162
vn 0 0.5508319 -0.8346162
vn -6.457736E-07 0.7905145 -0.6124432
vn 3.639986E-07 0.7060111 -0.7082008
vn 3.639986E-07 0.7060111 -0.7082008
vn -6.457719E-07 0.7905143 -0.6124434
vn -1.223059E-06 0.8333728 -0.5527112
vn -1.223059E-06 0.8333728 -0.5527112
vn 1 -1.057754E-06 -4.023276E-07
vn 1 -3.408143E-06 -9.210886E-07
vn 1 -3.408143E-06 -9.210887E-07
vn 1 -4.323814E-07 -2.643E-07
vn 1 1.10597E-06 1.383999E-06
vn 1 1.522747E-06 1.328262E-06
vn 1 -2.830448E-06 1.910431E-06
vn 1 -2.830448E-06 1.910431E-06
vn 0 0.5384679 0.8426459
vn 0 0.6000825 0.7999381
vn 0 0.6000825 0.7999381
vn 0 0.5384681 0.8426459
vn 0 0.3230935 0.9463671
vn 0 0.3230935 0.9463671
vn 0 0.1950991 0.9807835
vn 0 0.1950991 0.9807835
vn -1 6.871396E-07 0
vn -1 0 0
vn -1 0 0
vn -1 8.699682E-07 0
vn -1 7.61371E-07 0
vn -1 5.52983E-07 0
vn -1 -1.415224E-06 0
vn -1 -1.415224E-06 0
vn 0 -0.195086 -0.9807861
vn 0 -0.195086 -0.9807861
vn 0 -0.2993885 -0.9541313
vn 0 -0.2993885 -0.9541313
vn 0 -0.5403705 -0.8414273
vn 0 -0.5403705 -0.8414273
vn 0 -0.5946026 -0.8040197
vn 0 -0.5946026 -0.8040197
vn -6.114387E-06 -0.7648534 -0.6442043
vn -1.057911E-05 -0.7648706 -0.6441839
vn -6.11452E-06 -0.7648743 -0.6441795
vn -1.057879E-05 -0.7648545 -0.6442031
vn -3.339768E-06 -0.7648527 -0.6442051
vn -5.180299E-06 -0.7648532 -0.6442046
vn -3.339903E-06 -0.7648737 -0.6441802
vn -5.180415E-06 -0.7648693 -0.6441855
vn -6.11452E-06 -0.7648743 -0.6441795
vn -1.057911E-05 -0.7648706 -0.6441839
vn -5.180415E-06 -0.7648693 -0.6441855
vn -3.339903E-06 -0.7648737 -0.6441802
vn -1 -6.881912E-07 0
vn -1 0 0
vn -1 0 0
vn -1 -5.758928E-07 0
vn -1 -2.262205E-06 0
vn -1 -2.403589E-06 0
vn -1 -2.480426E-06 0
vn -1 -2.585646E-06 0
vn -1 -1.832146E-06 0
vn -1 -1.832146E-06 0
vn 0 0 1
vn 0 -0.08097427 0.9967163
vn 0 0 1
vn 0 -0.08097427 0.9967163
vn 0 -0.3070804 0.9516836
vn 0 -0.3070804 0.9516836
vn 0 -0.4609284 0.8874373
vn 0 -0.4609284 0.8874373
vn 0 -0.5617623 0.8272987
vn 0 -0.5617623 0.8272987
vn 1 0 0
vn 1 1.535716E-06 0
vn 1 0 0
vn 1 1.835178E-06 0
vn 1 1.048203E-06 0
vn 1 6.218137E-07 0
vn 1 6.251076E-07 0
vn 1 1.049504E-06 0
vn 1 3.664293E-06 0
vn 1 3.664293E-06 0
vn -1 -1.129619E-07 0
vn -1 2.412222E-06 0
vn -1 2.412222E-06 0
vn -1 1.270856E-07 0
vn -1 -1.508915E-06 0
vn -1 -1.508915E-06 0
vn 1.146652E-06 -0.7110346 0.703157
vn 4.600133E-07 -0.788311 0.615277
vn 1.146652E-06 -0.7110345 0.703157
vn 4.600133E-07 -0.788311 0.615277
vn 0 -0.8337197 0.5521877
vn 0 -0.8337197 0.5521877
vn 1 0 0
vn 1 -8.793561E-07 0
vn 1 0 0
vn 1 -9.717332E-07 0
vn 1 -1.508915E-06 0
vn 1 -1.508915E-06 0
vn 0 0.09979425 -0.9950081
vn 0 0 -1
vn 0 0 -1
vn 0 0.09979425 -0.9950081
vn 0 0.2880722 -0.9576087
vn 0 0.2880722 -0.9576087
vn 0 0.469184 -0.8831005
vn 0 0.469184 -0.8831005
vn 0 0.5508314 -0.8346166
vn 0 0.5508314 -0.8346166
vn 7.794999E-07 0.7905145 -0.6124432
vn 0 0.7060111 -0.7082008
vn 0 0.7060111 -0.7082008
vn 7.794987E-07 0.7905143 -0.6124434
vn 1.223059E-06 0.8333728 -0.5527112
vn 1.223059E-06 0.8333728 -0.5527112
vn -1 1.15425E-06 0
vn -1 1.13605E-06 0
vn -1 1.13605E-06 0
vn -1 1.159092E-06 0
vn -1 1.303961E-06 0
vn -1 1.292182E-06 0
vn -1 1.415224E-06 0
vn -1 1.415224E-06 0
vn 0 0.5384679 0.8426459
vn 0 0.6000825 0.7999381
vn 0 0.6000825 0.7999381
vn 0 0.5384679 0.8426459
vn 0 0.3230938 0.946367
vn 0 0.3230938 0.946367
vn 0 0.1950995 0.9807835
vn 0 0.1950995 0.9807835
vn 1 6.871398E-07 0
vn 1 0 0
vn 1 0 0
vn 1 8.699683E-07 0
vn 1 1.537084E-07 0
vn 1 -1.319962E-07 0
vn 1 -2.830448E-06 0
vn 1 -2.830448E-06 0
vn 0 -0.195086 -0.9807861
vn 0 -0.2993885 -0.9541313
vn 0 -0.195086 -0.9807861
vn 0 -0.2993885 -0.9541313
vn 0 -0.540372 -0.8414263
vn 0 -0.540372 -0.8414263
vn 0 -0.5946046 -0.8040183
vn 0 -0.5946046 -0.8040183
vn 5.793769E-06 -0.7648562 -0.6442011
vn 6.091665E-06 -0.7648739 -0.6441801
vn 9.908995E-06 -0.7648669 -0.6441884
vn 9.679754E-06 -0.7648533 -0.6442046
vn 5.793666E-06 -0.764861 -0.6441953
vn 9.679168E-06 -0.7648628 -0.6441932
vn 6.091675E-06 -0.7648787 -0.6441743
vn 9.908343E-06 -0.7648764 -0.6441771
vn 6.091665E-06 -0.7648739 -0.6441801
vn 6.091675E-06 -0.7648787 -0.6441743
vn 9.908343E-06 -0.7648764 -0.6441771
vn 9.908995E-06 -0.7648669 -0.6441884
vn -0.3957095 -0.9183757 -1.536816E-05
vn -0.002771677 -0.7563669 0.6541418
vn -0.2750166 -0.6442476 0.7136602
vn -0.003729017 -0.9999931 -4.659037E-07
vn -0.2750137 -0.6442577 -0.7136522
vn -0.002771502 -0.7563822 -0.654124
vn 0 -0.7383806 -0.6743842
vn 0 -1 0
vn 0 -0.7383652 0.6744012
vn 0.002913318 -0.7562948 0.6542244
vn 0.00391973 -0.9999924 -3.721954E-07
vn 0.002913112 -0.7563109 -0.6542059
vn 0.2750147 -0.6442569 -0.7136526
vn 0.3957102 -0.9183755 -1.422403E-05
vn 0.2750187 -0.6442466 0.7136603
vn -0.3957133 0.9183741 1.196537E-07
vn -0.4998709 0.4998727 0.707288
vn -0.2750143 0.6442515 0.7136575
vn -0.7071068 0.7071068 -4.329293E-06
vn -0.2750185 0.6442585 -0.7136497
vn -0.6489062 0.2723961 0.7104372
vn -0.4998764 0.4998787 -0.7072799
vn -0.9215522 0.3882546 -4.331468E-06
vn -0.6489111 0.2724016 -0.7104307
vn -0.752794 0.002717359 0.6582506
vn -0.9999939 0.003510174 1.919479E-06
vn -0.7527956 0.002717513 -0.6582487
vn -0.7527928 -0.002717688 -0.658252
vn -0.9999939 -0.003509939 2.020438E-07
vn -0.752791 -0.002717487 0.658254
vn -0.6489108 -0.272398 0.7104324
vn -0.921554 -0.3882499 -7.608873E-06
vn -0.6489088 -0.2724063 -0.710431
vn -0.4998649 -0.4998723 0.7072926
vn -0.7071089 -0.7071046 -1.515237E-05
vn -0.2750166 -0.6442476 0.7136602
vn -0.4998666 -0.4998792 -0.7072864
vn -0.3957095 -0.9183757 -1.536816E-05
vn -0.2750137 -0.6442577 -0.7136522
vn 0.5553139 0.5553154 0.6190729
vn 0.2963637 0.7301635 0.6156539
vn 0.3751866 0.9269494 8.888537E-06
vn 0.7071021 0.7071115 -6.070541E-06
vn 0.2963651 0.7301636 -0.6156532
vn 0.7273448 0.298639 0.617887
vn 0.5553111 0.5553164 -0.6190745
vn 0.9250493 0.379847 -4.891691E-06
vn 0.7273495 0.2986275 -0.617887
vn 0.7382405 0.004018123 0.6745256
vn 0.9999855 0.005393323 -4.02429E-06
vn 0.7382422 0.004017849 -0.6745237
vn 0.7382421 -0.004017836 -0.6745238
vn 0.9999855 -0.005393307 -3.991441E-06
vn 0.7382404 -0.004018126 0.6745257
vn 0.7273442 -0.2986377 0.6178883
vn 0.9250476 -0.3798513 4.087537E-06
vn 0.7273496 -0.2986308 -0.6178851
vn 0.5553138 -0.555312 0.619076
vn 0.7071118 -0.7071017 -6.509033E-06
vn 0.2963662 -0.7301583 0.615659
vn 0.5553113 -0.5553113 -0.6190789
vn 0.3751763 -0.9269536 -3.215227E-06
vn 0.2963621 -0.7301608 -0.615658
vn 0.004466877 -0.7214782 0.6924227
vn 0.2963662 -0.7301583 0.615659
vn 0.3751763 -0.9269536 -3.215227E-06
vn 0.005712979 -0.9999837 1.375716E-07
vn 0.2963621 -0.7301608 -0.615658
vn 0.004466957 -0.7214895 -0.6924111
vn 0 -0.7379489 -0.6748567
vn 0 -1 0
vn 0 -0.7379372 0.6748694
vn -0.004694222 -0.7216011 0.6922932
vn -0.006003602 -0.999982 1.626413E-07
vn -0.004694284 -0.7216125 -0.6922813
vn -0.2963622 -0.7301618 -0.6156567
vn -0.3751772 -0.926953 -3.392812E-06
vn -0.2963664 -0.730158 0.6156593
vn 0.3751866 0.9269494 8.888537E-06
vn 0.004467133 0.7214828 -0.692418
vn 0.2963651 0.7301636 -0.6156532
vn 0.005713136 0.9999837 7.480479E-06
vn 0.2963637 0.7301635 0.6156539
vn 0.004466833 0.721482 0.6924188
vn 0 0.737942 0.6748641
vn 0 1 7.583885E-06
vn 0 0.7379419 -0.6748642
vn -0.004694486 0.7216069 -0.6922871
vn -0.006003752 0.999982 7.752576E-06
vn -0.004694179 0.721607 0.6922871
vn -0.2963632 0.7301627 0.6156552
vn -0.3751874 0.926949 6.561254E-06
vn -0.2963651 0.7301627 -0.6156543
vn -0.00277153 0.7563703 -0.6541378
vn -0.2750185 0.6442585 -0.7136497
vn -0.3957133 0.9183741 1.196537E-07
vn -0.003728701 0.9999931 1.07157E-05
vn -0.2750143 0.6442515 0.7136575
vn -0.002771595 0.7563667 0.654142
vn 0 0.7383651 0.6744013
vn 0 1 9.408163E-06
vn 0 0.7383688 -0.6743972
vn 0.002913038 0.7562985 -0.6542202
vn 0.003919439 0.9999924 7.561403E-06
vn 0.002913119 0.7562952 0.654224
vn 0.2750138 0.6442506 0.7136586
vn 0.3957131 0.9183742 1.46576E-06
vn 0.275018 0.6442578 -0.7136505
vn 0.3957131 0.9183742 1.46576E-06
vn 0.2750138 0.6442506 0.7136586
vn 0.4998699 0.4998729 0.7072886
vn 0.7071052 0.7071083 -3.512306E-06
vn 0.275018 0.6442578 -0.7136505
vn 0.6489055 0.2723956 0.710438
vn 0.4998753 0.4998796 -0.70728
vn 0.9215524 0.388254 -3.76838E-06
vn 0.6489099 0.2724014 -0.710432
vn 0.7527938 0.002717356 0.6582508
vn 0.9999939 0.003510145 1.532217E-06
vn 0.7527953 0.002717484 -0.6582491
vn 0.7527925 -0.002717656 -0.6582524
vn 0.9999939 -0.003509911 -2.020441E-07
vn 0.7527909 -0.002717496 0.6582542
vn 0.6489089 -0.272399 0.7104337
vn 0.9215531 -0.3882523 -4.714034E-06
vn 0.6489099 -0.2724079 -0.7104294
vn 0.4998633 -0.4998727 0.7072933
vn 0.7071089 -0.7071046 -1.143762E-05
vn 0.2750187 -0.6442466 0.7136603
vn 0.4998685 -0.4998801 -0.7072844
vn 0.3957102 -0.9183755 -1.422403E-05
vn 0.2750147 -0.6442569 -0.7136526
vn -0.5553128 0.5553133 0.6190758
vn -0.3751874 0.926949 6.561254E-06
vn -0.2963632 0.7301627 0.6156552
vn -0.7071033 0.7071103 -5.875665E-06
vn -0.2963651 0.7301627 -0.6156543
vn -0.7273439 0.2986394 0.6178879
vn -0.5553131 0.555316 -0.6190732
vn -0.9250496 0.3798461 -4.547078E-06
vn -0.7273505 0.2986271 -0.6178859
vn -0.7382428 0.004018143 0.6745231
vn -0.9999855 0.005393334 -3.794325E-06
vn -0.7382445 0.004017858 -0.6745212
vn -0.7382445 -0.004017846 -0.6745211
vn -0.9999855 -0.005393329 -3.761475E-06
vn -0.7382427 -0.004018133 0.6745232
vn -0.7273447 -0.298637 0.6178881
vn -0.9250485 -0.379849 3.264286E-06
vn -0.7273518 -0.2986287 -0.6178836
vn -0.5553135 -0.5553113 0.619077
vn -0.7071136 -0.7070999 -7.288564E-06
vn -0.2963664 -0.730158 0.6156593
vn -0.5553131 -0.55531 -0.6190786
vn -0.3751772 -0.926953 -3.392812E-06
vn -0.2963622 -0.7301618 -0.6156567
vn 0.001892969 0.1803185 -0.9836065
vn 0 -0.002530557 -0.9999968
vn 0 -0.002530557 -0.9999968
vn -0.001897865 0.1803252 -0.9836052
vn 0.0002850057 -0.002492024 -0.9999969
vn -0.000285779 -0.002492312 -0.9999969
vn 0.08707194 0.09436218 -0.9917229
vn -0.08707166 0.09436238 -0.9917229
vn 1.704067E-05 1.823628E-05 -1
vn -1.737406E-05 1.823627E-05 -1
vn 0.1791397 0.002006252 -0.9838216
vn -0.1791394 0.002006261 -0.9838216
vn 3.620798E-05 1.683274E-07 -1
vn -3.612356E-05 1.683275E-07 -1
vn 0.1731177 -0.001938753 -0.9848992
vn -0.1731175 -0.001938757 -0.9848993
vn 3.620301E-05 -1.774108E-07 -1
vn -3.612972E-05 -1.774109E-07 -1
vn 0.09004243 -0.0975799 -0.991146
vn -0.09004159 -0.09757987 -0.9911461
vn 1.915962E-05 -1.917818E-05 -1
vn -1.932308E-05 -1.917826E-05 -1
vn 0.002072676 -0.2006041 -0.9796702
vn 0.0002852299 0.002711557 -0.9999963
vn -0.002077956 -0.2006087 -0.9796693
vn -0.0002860064 0.002711875 -0.9999963
vn 0 0.002752299 -0.9999962
vn 0 0.002752299 -0.9999962
vn -1.538595E-07 -3.624053E-05 1
vn 0 -3.639986E-05 1
vn 0 -3.639985E-05 1
vn 1.203787E-07 -3.62401E-05 1
vn -6.50258E-07 -3.565371E-05 1
vn 5.636807E-07 -3.565181E-05 1
vn -1.72056E-05 -1.823632E-05 1
vn 1.871133E-05 -1.823626E-05 1
vn 0.09186315 0.09948777 0.9907892
vn -0.0918614 0.09948725 0.9907895
vn -3.686221E-05 -1.683286E-07 1
vn 3.726291E-05 -1.683275E-07 1
vn 0.1893212 0.002111612 0.981913
vn -0.1893205 0.002111612 0.9819131
vn -3.687797E-05 1.774102E-07 1
vn 3.722649E-05 1.77413E-07 1
vn 0.1829766 -0.002040868 0.9831151
vn -0.1829763 -0.002040882 0.9831153
vn -1.915951E-05 1.91781E-05 1
vn 1.932308E-05 1.917816E-05 1
vn 0.09498972 -0.1028753 0.9901484
vn -0.09498964 -0.1028747 0.9901484
vn -1.701905E-07 3.941062E-05 1
vn 1.654852E-07 3.941015E-05 1
vn -9.003533E-07 3.864413E-05 1
vn 8.753106E-07 3.864173E-05 1
vn 0 3.958929E-05 1
vn 0 3.958929E-05 1
vn -0.001242188 -0.4084162 0.912795
vn 0 -0.7383652 0.6744012
vn 0 -0.4082366 0.9128762
vn 0.001306164 -0.4084308 0.9127883
vn -0.002771677 -0.7563669 0.6541418
vn 0.002913318 -0.7562948 0.6542244
vn -0.2750166 -0.6442476 0.7136602
vn 0.2750187 -0.6442466 0.7136603
vn -0.1627889 -0.387706 0.9072948
vn 0.1627915 -0.3877062 0.9072942
vn -0.4998649 -0.4998723 0.7072926
vn 0.4998633 -0.4998727 0.7072933
vn -0.297335 -0.2973339 0.9072952
vn 0.2973344 -0.2973348 0.907295
vn -0.6489108 -0.272398 0.7104324
vn 0.6489089 -0.272399 0.7104337
vn -0.3894539 -0.1622454 0.9066434
vn 0.3894533 -0.1622462 0.9066434
vn -0.752791 -0.002717487 0.658254
vn -0.4196349 -0.001337291 0.907692
vn 0.7527909 -0.002717496 0.6582542
vn 0.4196342 -0.0013373 0.9076923
vn -0.4196348 0.001337272 0.9076921
vn -0.752794 0.002717359 0.6582506
vn -0.6489062 0.2723961 0.7104372
vn -0.3894519 0.1622439 0.9066443
vn -0.4998709 0.4998727 0.707288
vn -0.2973357 0.297337 0.9072939
vn -0.2750143 0.6442515 0.7136575
vn -0.1627987 0.3877109 0.9072909
vn 0.4196341 0.001337272 0.9076924
vn 0.7527938 0.002717356 0.6582508
vn 0.6489055 0.2723956 0.710438
vn 0.3894518 0.1622437 0.9066445
vn 0.4998699 0.4998729 0.7072886
vn 0.2973351 0.2973365 0.9072943
vn 0.2750138 0.6442506 0.7136586
vn 0.1627977 0.3877114 0.9072909
vn -0.002771595 0.7563667 0.654142
vn -0.001242183 0.4084338 0.9127871
vn 0.002913119 0.7562952 0.654224
vn 0.001306068 0.4084426 0.9127831
vn 0 0.4082513 0.9128695
vn 0 0.7383651 0.6744013
vn 0.004466833 0.721482 0.6924188
vn 0 0.4082627 0.9128646
vn 0 0.737942 0.6748641
vn -0.004694179 0.721607 0.6922871
vn 0.003025451 0.4087079 0.9126602
vn -0.00317785 0.4087246 0.9126522
vn 0.1594243 0.3891224 0.9072859
vn -0.1594251 0.38912 0.9072867
vn 0.2963637 0.7301635 0.6156539
vn -0.2963632 0.7301627 0.6156552
vn 0.2973359 0.2973424 0.907292
vn -0.2973355 0.2973424 0.9072921
vn 0.5553139 0.5553154 0.6190729
vn -0.5553128 0.5553133 0.6190758
vn 0.3903005 0.1599322 0.9066903
vn -0.3902988 0.1599343 0.9066906
vn 0.7273448 0.298639 0.617887
vn -0.7273439 0.2986394 0.6178879
vn 0.4196772 0.002522101 0.90767
vn 0.7382405 0.004018123 0.6745256
vn -0.4196776 0.002522118 0.9076697
vn -0.7382428 0.004018143 0.6745231
vn 0.7382404 -0.004018126 0.6745257
vn 0.4196773 -0.00252206 0.9076699
vn 0.3903034 -0.1599372 0.9066882
vn 0.7273442 -0.2986377 0.6178883
vn 0.2973437 -0.2973365 0.9072915
vn 0.5553138 -0.555312 0.619076
vn 0.1594159 -0.3891114 0.907292
vn 0.2963662 -0.7301583 0.615659
vn -0.7382427 -0.004018133 0.6745232
vn -0.4196778 -0.002522041 0.9076697
vn -0.3903032 -0.1599368 0.9066883
vn -0.7273447 -0.298637 0.6178881
vn -0.2973426 -0.2973369 0.9072917
vn -0.5553135 -0.5553113 0.619077
vn -0.1594156 -0.3891118 0.9072919
vn -0.2963664 -0.730158 0.6156593
vn 0.003025477 -0.4086908 0.9126679
vn 0.004466877 -0.7214782 0.6924227
vn -0.003177922 -0.4087099 0.9126589
vn -0.004694222 -0.7216011 0.6922932
vn 0 -0.7379372 0.6748694
vn 0 -0.4082468 0.9128716
vn 0.003025477 0.4086956 -0.9126658
vn 0 0.7379419 -0.6748642
vn 0 0.4082494 -0.9128705
vn -0.003177874 0.4087106 -0.9126586
vn 0.004467133 0.7214828 -0.692418
vn -0.004694486 0.7216069 -0.6922871
vn 0.2963651 0.7301636 -0.6156532
vn -0.2963651 0.7301627 -0.6156543
vn 0.1594198 0.3891175 -0.9072887
vn -0.159422 0.3891181 -0.9072881
vn 0.5553111 0.5553164 -0.6190745
vn -0.5553131 0.555316 -0.6190732
vn 0.2973409 0.2973405 -0.9072911
vn -0.2973461 0.2973429 -0.9072886
vn 0.7273495 0.2986275 -0.617887
vn -0.7273505 0.2986271 -0.6178859
vn 0.3903054 0.1599301 -0.9066885
vn -0.3903078 0.1599312 -0.9066873
vn 0.7382422 0.004017849 -0.6745237
vn 0.4196803 0.002521584 -0.9076685
vn -0.7382445 0.004017858 -0.6745212
vn -0.4196808 0.002521578 -0.9076682
vn 0.4196802 -0.002521578 -0.9076685
vn 0.7382421 -0.004017836 -0.6745238
vn 0.7273496 -0.2986308 -0.6178851
vn 0.3903071 -0.1599333 -0.9066871
vn 0.5553113 -0.5553113 -0.6190789
vn 0.2973432 -0.2973424 -0.9072897
vn 0.2963621 -0.7301608 -0.615658
vn 0.1594198 -0.3891163 -0.9072893
vn -0.4196809 -0.002521565 -0.9076682
vn -0.7382445 -0.004017846 -0.6745211
vn -0.7273518 -0.2986287 -0.6178836
vn -0.3903101 -0.159933 -0.906686
vn -0.5553131 -0.55531 -0.6190786
vn -0.2973468 -0.2973425 -0.9072884
vn -0.2963622 -0.7301618 -0.6156567
vn -0.1594208 -0.3891171 -0.9072887
vn 0.004466957 -0.7214895 -0.6924111
vn 0.003025639 -0.4087 -0.9126638
vn -0.004694284 -0.7216125 -0.6922813
vn -0.003178011 -0.4087192 -0.9126547
vn 0 -0.408256 -0.9128674
vn 0 -0.7379489 -0.6748567
vn -0.002771502 -0.7563822 -0.654124
vn 0 -0.4082509 -0.9128697
vn 0 -0.7383806 -0.6743842
vn 0.002913112 -0.7563109 -0.6542059
vn -0.001242106 -0.4084298 -0.9127889
vn 0.001306052 -0.408446 -0.9127816
vn -0.1627968 -0.3877192 -0.9072877
vn 0.1627971 -0.3877157 -0.9072892
vn -0.2750137 -0.6442577 -0.7136522
vn 0.2750147 -0.6442569 -0.7136526
vn -0.2973446 -0.297342 -0.9072893
vn 0.2973453 -0.2973396 -0.9072899
vn -0.4998666 -0.4998792 -0.7072864
vn 0.4998685 -0.4998801 -0.7072844
vn -0.3894534 -0.162253 -0.9066422
vn 0.3894563 -0.1622538 -0.9066408
vn -0.6489088 -0.2724063 -0.710431
vn 0.6489099 -0.2724079 -0.7104294
vn -0.4196405 -0.001337515 -0.9076895
vn -0.7527928 -0.002717688 -0.658252
vn 0.4196397 -0.001337509 -0.9076898
vn 0.7527925 -0.002717656 -0.6582524
vn -0.7527956 0.002717513 -0.6582487
vn -0.4196405 0.001337538 -0.9076895
vn -0.3894553 0.1622521 -0.9066415
vn -0.6489111 0.2724016 -0.7104307
vn -0.297341 0.2973441 -0.9072899
vn -0.4998764 0.4998787 -0.7072799
vn -0.1627989 0.3877164 -0.9072885
vn -0.2750185 0.6442585 -0.7136497
vn 0.7527953 0.002717484 -0.6582491
vn 0.4196396 0.00133753 -0.9076898
vn 0.389453 0.1622524 -0.9066425
vn 0.6489099 0.2724014 -0.710432
vn 0.2973406 0.2973442 -0.9072899
vn 0.4998753 0.4998796 -0.70728
vn 0.1627972 0.3877157 -0.9072892
vn 0.275018 0.6442578 -0.7136505
vn -0.001242181 0.4084234 -0.9127918
vn -0.00277153 0.7563703 -0.6541378
vn 0.001306039 0.4084344 -0.9127868
vn 0.002913038 0.7562985 -0.6542202
vn 0 0.7383688 -0.6743972
vn 0 0.4082419 -0.9128738
vn 0 1 -1.11557E-05
vn 0 1 -8.56366E-06
vn 0 1 8.56366E-06
vn 0 1 1.11557E-05
vn 0 1 -1.11557E-05
vn 0 1 8.56366E-06
vn 0 1 -8.56366E-06
vn 0 1 1.11557E-05
vn 0 1 0
vn 0 1 0
vn 0 1 0
vn 0 1 0
vn 0 1 0
vn 0 1 0
vn 0 1 0
vn 0 1 0
vn -1 0 0
vn -1 0 0
vn -1 0 0
vn -1 0 0
vn 0 1 0
vn 0 1 0
vn 0 1 0
vn 0 1 0
vn 0 1 0
vn 0 1 0
vn 0 0 -1
vn 0 0 -1
vn 0 0 -1
vn 0 0 -1
vn 0 0 -1
vn 0 0 -1
vn 0 -1 -7.263387E-06
vn 0 -1 -7.253268E-06
vn 0 -1 -7.253268E-06
vn 0 -1 -7.263387E-06
vn 0 -1 -7.273533E-06
vn 0 -1 -7.273533E-06
vn 0 0 1
vn 0 0 1
vn 0 0 1
vn 0 0 1
vn 0 0 1
vn 0 0 1
vn 1 0 0
vn 1 0 0
vn 1 0 0
vn 1 0 0
vn 1 0 0
vn 1 0 0
vn 0 -1 0
vn 0 -1 0
vn 0 -1 0
vn 0 -1 0
vn 0 -1 0
vn 0 -1 0
vn 0 -1 0
vn 0 0 -1
vn 0 0 -1
vn 0 1 0
vn 0 1 0
vn 0 1 0
vn 0 1 0
vn 0 1 0
vn 0 1 0
vn 0 1 0
vn 0 1 0
vn 0 1 0
vn 0 1 0
vn 0 1 0
vn 0 1 0
vn 0 1 0
vn 0 1 0
vn 0 1 0
vn 0 1 0
vn -1 0 0
vn -1 0 0
usemtl BrushedIron_AlbedoTransparency
f 3/3/434 2/2/433 1/1/432
f 4/4/435 3/3/434 1/1/432
f 5/5/436 3/3/434 4/4/435
f 6/6/437 3/3/434 5/5/436
f 7/7/438 5/5/436 4/4/435
f 8/8/439 7/7/438 4/4/435
f 5/5/436 9/9/440 6/6/437
f 7/7/438 8/8/439 10/10/441
f 9/9/440 11/11/442 6/6/437
f 12/12/443 7/7/438 10/10/441
f 13/13/444 11/11/442 9/9/440
f 14/14/445 12/12/443 10/10/441
f 14/14/445 10/10/441 15/15/446
f 16/16/447 14/14/445 15/15/446
f 14/14/445 17/17/448 12/12/443
f 17/17/448 18/18/449 12/12/443
f 18/18/449 19/19/450 12/12/443
f 18/18/449 20/20/451 19/19/450
f 13/13/444 9/9/440 21/21/452
f 13/13/444 21/21/452 22/22/453
f 23/23/454 13/13/444 22/22/453
f 9/9/440 24/24/455 21/21/452
f 24/24/455 25/25/456 21/21/452
f 25/25/456 24/24/455 26/26/457
f 19/19/450 20/20/451 26/26/457
f 24/24/455 19/19/450 26/26/457
f 26/26/457 20/20/451 27/27/458
f 20/20/451 28/28/459 27/27/458
f 29/29/460 24/24/455 9/9/440
f 24/24/455 29/29/460 19/19/450
f 30/30/461 29/29/460 9/9/440
f 29/29/460 31/31/462 19/19/450
f 32/32/463 29/29/460 30/30/461
f 29/29/460 32/32/463 31/31/462
f 33/33/464 32/32/463 30/30/461
f 32/32/463 34/34/465 31/31/462
f 37/37/468 36/36/467 35/35/466
f 38/38/469 37/37/468 35/35/466
f 41/41/472 40/40/471 39/39/470
f 42/42/473 41/41/472 39/39/470
f 43/43/474 42/42/473 39/39/470
f 44/44/475 43/43/474 39/39/470
f 42/42/473 46/46/477 45/45/476
f 46/46/477 47/47/478 45/45/476
f 46/46/477 42/42/473 48/48/479
f 49/49/480 46/46/477 48/48/479
f 51/51/482 46/46/477 50/50/481
f 52/52/483 51/51/482 50/50/481
f 46/46/477 53/53/484 50/50/481
f 53/53/484 54/54/485 50/50/481
f 57/57/488 56/56/487 55/55/486
f 58/58/489 57/57/488 55/55/486
f 61/61/492 60/60/491 59/59/490
f 62/62/493 61/61/492 59/59/490
f 65/65/496 64/64/495 63/63/494
f 64/64/495 66/66/497 63/63/494
f 66/66/497 67/67/498 63/63/494
f 67/67/498 68/68/499 63/63/494
f 63/63/494 68/68/499 69/69/500
f 68/68/499 70/70/501 69/69/500
f 73/73/504 72/72/503 71/71/502
f 72/72/503 74/74/505 71/71/502
f 71/71/502 74/74/505 75/75/506
f 76/76/507 71/71/502 75/75/506
f 77/77/508 76/76/507 75/75/506
f 78/78/509 77/77/508 75/75/506
f 78/78/509 79/79/510 77/77/508
f 79/79/510 80/80/511 77/77/508
f 76/76/507 81/81/512 71/71/502
f 81/81/512 76/76/507 77/77/508
f 81/81/512 82/82/513 71/71/502
f 83/83/514 81/81/512 77/77/508
f 86/86/517 85/85/516 84/84/515
f 85/85/516 87/87/518 84/84/515
f 87/87/518 88/88/519 84/84/515
f 88/88/519 89/89/520 84/84/515
f 89/89/520 88/88/519 90/90/521
f 88/88/519 91/91/522 90/90/521
f 91/91/522 92/92/523 90/90/521
f 92/92/523 93/93/524 90/90/521
f 85/85/516 95/95/526 94/94/525
f 95/95/526 96/96/527 94/94/525
f 85/85/516 94/94/525 97/97/528
f 96/96/527 98/98/529 94/94/525
f 94/94/525 99/99/530 97/97/528
f 99/99/530 100/100/531 97/97/528
f 100/100/531 99/99/530 101/101/532
f 99/99/530 102/102/533 101/101/532
f 102/102/533 92/92/523 101/101/532
f 103/103/534 92/92/523 102/102/533
f 104/104/535 103/103/534 102/102/533
f 105/105/536 104/104/535 102/102/533
f 96/96/527 106/106/537 98/98/529
f 107/107/538 104/104/535 105/105/536
f 98/98/529 106/106/537 108/108/539
f 109/109/540 98/98/529 108/108/539
f 110/110/541 109/109/540 108/108/539
f 109/109/540 110/110/541 111/111/542
f 105/105/536 109/109/540 111/111/542
f 107/107/538 105/105/536 111/111/542
f 106/106/537 113/113/544 112/112/543
f 114/114/545 106/106/537 112/112/543
f 115/115/546 114/114/545 112/112/543
f 116/116/547 115/115/546 112/112/543
f 115/115/546 116/116/547 117/117/548
f 118/118/549 107/107/538 117/117/548
f 119/119/550 115/115/546 117/117/548
f 107/107/538 119/119/550 117/117/548
f 122/122/553 121/121/552 120/120/551
f 123/123/554 122/122/553 120/120/551
f 126/126/557 125/125/556 124/124/555
f 125/125/556 127/127/558 124/124/555
f 124/124/555 127/127/558 128/128/559
f 129/129/560 124/124/555 128/128/559
f 127/127/558 125/125/556 130/130/561
f 127/127/558 130/130/561 128/128/559
f 125/125/556 131/131/562 130/130/561
f 130/130/561 132/132/563 128/128/559
f 135/135/566 134/134/565 133/133/564
f 134/134/565 136/136/567 133/133/564
f 133/133/564 136/136/567 137/137/568
f 138/138/569 133/133/564 137/137/568
f 141/141/572 140/140/571 139/139/570
f 142/142/573 141/141/572 139/139/570
f 145/145/576 144/144/575 143/143/574
f 146/146/577 145/145/576 143/143/574
f 149/149/580 148/148/579 147/147/578
f 150/150/581 149/149/580 147/147/578
f 153/153/584 152/152/583 151/151/582
f 154/154/585 153/153/584 151/151/582
f 157/157/588 156/156/587 155/155/586
f 158/158/589 157/157/588 155/155/586
f 161/161/592 160/160/591 159/159/590
f 162/162/593 161/161/592 159/159/590
f 165/165/596 164/164/595 163/163/594
f 166/166/597 165/165/596 163/163/594
f 169/169/600 168/168/599 167/167/598
f 170/170/601 169/169/600 167/167/598
f 171/171/602 169/169/600 170/170/601
f 172/172/603 171/171/602 170/170/601
f 173/173/604 172/172/603 170/170/601
f 174/174/605 173/173/604 170/170/601
f 174/174/605 170/170/601 167/167/598
f 175/175/606 174/174/605 167/167/598
f 178/178/609 177/177/608 176/176/607
f 177/177/608 179/179/610 176/176/607
f 176/176/607 179/179/610 180/180/611
f 179/179/610 181/181/612 180/180/611
f 180/180/611 181/181/612 182/182/613
f 181/181/612 183/183/614 182/182/613
f 183/183/614 181/181/612 184/184/615
f 181/181/612 179/179/610 185/185/616
f 181/181/612 185/185/616 184/184/615
f 179/179/610 186/186/617 185/185/616
f 185/185/616 187/187/618 184/184/615
f 185/185/616 186/186/617 187/187/618
f 187/187/618 188/188/619 184/184/615
f 186/186/617 189/189/620 187/187/618
f 189/189/620 186/186/617 190/190/621
f 187/187/618 189/189/620 190/190/621
f 186/186/617 191/191/622 190/190/621
f 192/192/623 187/187/618 190/190/621
f 187/187/618 192/192/623 193/193/624
f 192/192/623 194/194/625 193/193/624
f 197/197/628 196/196/627 195/195/626
f 198/198/629 197/197/628 195/195/626
f 199/199/630 198/198/629 195/195/626
f 200/200/631 199/199/630 195/195/626
f 203/203/634 202/202/633 201/201/632
f 202/202/633 204/204/635 201/201/632
f 201/201/632 204/204/635 205/205/636
f 204/204/635 206/206/637 205/205/636
f 206/206/637 207/207/638 205/205/636
f 207/207/638 208/208/639 205/205/636
f 207/207/638 209/209/640 208/208/639
f 209/209/640 210/210/641 208/208/639
f 213/213/644 212/212/643 211/211/642
f 214/214/645 213/213/644 211/211/642
f 217/217/648 216/216/647 215/215/646
f 218/218/649 217/217/648 215/215/646
f 218/218/649 215/215/646 219/219/650
f 220/220/651 218/218/649 219/219/650
f 221/221/652 220/220/651 219/219/650
f 222/222/653 221/221/652 219/219/650
f 223/223/654 221/221/652 222/222/653
f 224/224/655 223/223/654 222/222/653
f 217/217/648 226/226/657 225/225/656
f 226/226/657 227/227/658 225/225/656
f 226/226/657 228/228/659 227/227/658
f 228/228/659 229/229/660 227/227/658
f 228/228/659 230/230/661 229/229/660
f 230/230/661 231/231/662 229/229/660
f 232/232/663 229/229/660 231/231/662
f 233/233/664 232/232/663 231/231/662
f 234/234/665 233/233/664 231/231/662
f 235/235/666 234/234/665 231/231/662
f 231/231/662 230/230/661 235/235/666
f 230/230/661 236/236/667 235/235/666
f 235/235/666 236/236/667 237/237/668
f 236/236/667 238/238/669 237/237/668
f 237/237/668 238/238/669 239/239/670
f 238/238/669 223/223/654 239/239/670
f 242/242/673 241/241/672 240/240/671
f 243/243/674 242/242/673 240/240/671
f 242/242/673 243/243/674 244/244/675
f 245/245/676 242/242/673 244/244/675
f 248/248/679 247/247/678 246/246/677
f 247/247/678 249/249/680 246/246/677
f 249/249/680 250/250/681 246/246/677
f 250/250/681 251/251/682 246/246/677
f 254/254/685 253/253/684 252/252/683
f 253/253/684 255/255/686 252/252/683
f 255/255/686 253/253/684 256/256/687
f 253/253/684 257/257/688 256/256/687
f 260/260/691 259/259/690 258/258/689
f 261/261/692 260/260/691 258/258/689
f 264/264/695 263/263/694 262/262/693
f 265/265/696 264/264/695 262/262/693
f 268/268/699 267/267/698 266/266/697
f 269/269/700 268/268/699 266/266/697
f 272/272/703 271/271/702 270/270/701
f 271/271/702 273/273/704 270/270/701
f 273/273/704 271/271/702 274/274/705
f 273/273/704 275/275/706 270/270/701
f 275/275/706 276/276/707 270/270/701
f 275/275/706 277/277/708 276/276/707
f 277/277/708 278/278/709 276/276/707
f 275/275/706 273/273/704 279/279/710
f 279/279/710 273/273/704 274/274/705
f 280/280/711 275/275/706 279/279/710
f 281/281/712 279/279/710 274/274/705
f 280/280/711 279/279/710 281/281/712
f 282/282/713 281/281/712 274/274/705
f 283/283/714 280/280/711 281/281/712
f 280/280/711 283/283/714 284/284/715
f 283/283/714 281/281/712 284/284/715
f 285/285/716 280/280/711 284/284/715
f 281/281/712 286/286/717 284/284/715
f 286/286/717 281/281/712 287/287/718
f 288/288/719 286/286/717 287/287/718
f 291/291/722 290/290/721 289/289/720
f 292/292/723 291/291/722 289/289/720
f 293/293/724 292/292/723 289/289/720
f 294/294/725 293/293/724 289/289/720
f 294/294/725 289/289/720 295/295/726
f 296/296/727 294/294/725 295/295/726
f 299/299/730 298/298/729 297/297/728
f 300/300/731 299/299/730 297/297/728
f 303/303/734 302/302/733 301/301/732
f 304/304/735 303/303/734 301/301/732
f 307/307/738 306/306/737 305/305/736
f 308/308/739 307/307/738 305/305/736
f 311/311/742 310/310/741 309/309/740
f 312/312/743 311/311/742 309/309/740
f 315/315/746 314/314/745 313/313/744
f 316/316/747 315/315/746 313/313/744
f 319/319/750 318/318/749 317/317/748
f 320/320/751 319/319/750 317/317/748
f 323/323/754 322/322/753 321/321/752
f 324/324/755 323/323/754 321/321/752
f 324/324/755 321/321/752 325/325/756
f 321/321/752 326/326/757 325/325/756
f 329/329/760 328/328/759 327/327/758
f 330/330/761 329/329/760 327/327/758
f 333/333/764 332/332/763 331/331/762
f 334/334/765 333/333/764 331/331/762
f 337/337/768 336/336/767 335/335/766
f 338/338/769 337/337/768 335/335/766
f 341/341/772 340/340/771 339/339/770
f 341/341/772 339/339/770 342/342/773
f 343/343/774 341/341/772 342/342/773
f 340/340/771 344/344/775 339/339/770
f 343/343/774 342/342/773 345/345/776
f 340/340/771 346/346/777 344/344/775
f 346/346/777 343/343/774 345/345/776
f 346/346/777 345/345/776 344/344/775
f 345/345/776 347/347/778 344/344/775
f 347/347/778 348/348/779 344/344/775
f 349/349/780 347/347/778 345/345/776
f 344/344/775 348/348/779 350/350/781
f 351/351/782 349/349/780 345/345/776
f 348/348/779 352/352/783 350/350/781
f 352/352/783 349/349/780 351/351/782
f 350/350/781 352/352/783 351/351/782
usemtl StoveDarkMat
f 355/355/786 354/354/785 353/353/784
f 356/356/787 355/355/786 353/353/784
f 356/356/787 353/353/784 357/357/788
f 358/358/789 356/356/787 357/357/788
f 358/358/789 357/357/788 359/359/790
f 360/360/791 358/358/789 359/359/790
f 363/363/794 362/362/793 361/361/792
f 362/362/793 364/364/795 361/361/792
f 365/365/796 364/364/795 362/362/793
f 366/366/797 365/365/796 362/362/793
f 365/365/796 366/366/797 367/367/798
f 368/368/799 365/365/796 367/367/798
f 368/368/799 367/367/798 369/369/800
f 367/367/798 370/370/801 369/369/800
f 373/373/804 372/372/803 371/371/802
f 374/374/805 373/373/804 371/371/802
f 371/371/802 375/375/806 374/374/805
f 375/375/806 376/376/807 374/374/805
f 376/376/807 375/375/806 377/377/808
f 375/375/806 378/378/809 377/377/808
f 379/379/810 377/377/808 378/378/809
f 380/380/811 379/379/810 378/378/809
f 383/383/814 382/382/813 381/381/812
f 382/382/813 384/384/815 381/381/812
f 385/385/816 381/381/812 384/384/815
f 386/386/817 385/385/816 384/384/815
f 385/385/816 386/386/817 387/387/818
f 386/386/817 388/388/819 387/387/818
f 391/391/822 390/390/821 389/389/820
f 390/390/821 392/392/823 389/389/820
f 389/389/820 392/392/823 393/393/824
f 392/392/823 394/394/825 393/393/824
f 393/393/824 394/394/825 395/395/826
f 394/394/825 396/396/827 395/395/826
f 395/395/826 396/396/827 397/397/828
f 396/396/827 398/398/829 397/397/828
f 401/401/832 400/400/831 399/399/830
f 402/402/833 401/401/832 399/399/830
f 401/401/832 402/402/833 403/403/834
f 402/402/833 404/404/835 403/403/834
f 405/405/836 403/403/834 404/404/835
f 406/406/837 405/405/836 404/404/835
f 405/405/836 406/406/837 407/407/838
f 406/406/837 408/408/839 407/407/838
f 411/411/842 410/410/841 409/409/840
f 412/412/843 411/411/842 409/409/840
f 411/411/842 412/412/843 413/413/844
f 414/414/845 411/411/842 413/413/844
f 415/415/846 414/414/845 413/413/844
f 416/416/847 415/415/846 413/413/844
f 415/415/846 416/416/847 417/417/848
f 418/418/849 415/415/846 417/417/848
f 421/421/852 420/420/851 419/419/850
f 420/420/851 422/422/853 419/419/850
f 419/419/850 422/422/853 423/423/854
f 424/424/855 419/419/850 423/423/854
f 427/427/858 426/426/857 425/425/856
f 428/428/859 427/427/858 425/425/856
f 427/427/858 428/428/859 429/429/860
f 428/428/859 430/430/861 429/429/860
f 433/433/864 432/432/863 431/431/862
f 434/434/865 433/433/864 431/431/862
f 433/433/864 434/434/865 435/435/866
f 436/436/867 433/433/864 435/435/866
f 439/439/870 438/438/869 437/437/868
f 438/438/869 440/440/871 437/437/868
f 437/437/868 440/440/871 441/441/872
f 440/440/871 442/442/873 441/441/872
f 441/441/872 442/442/873 443/443/874
f 442/442/873 444/444/875 443/443/874
f 443/443/874 444/444/875 445/445/876
f 444/444/875 446/446/877 445/445/876
f 449/449/880 448/448/879 447/447/878
f 448/448/879 450/450/881 447/447/878
f 447/447/878 450/450/881 451/451/882
f 450/450/881 452/452/883 451/451/882
f 455/455/886 454/454/885 453/453/884
f 454/454/885 456/456/887 453/453/884
f 453/453/884 456/456/887 457/457/888
f 456/456/887 458/458/889 457/457/888
f 457/457/888 458/458/889 459/459/890
f 458/458/889 460/460/891 459/459/890
f 463/463/894 462/462/893 461/461/892
f 462/462/893 464/464/895 461/461/892
f 465/465/896 461/461/892 464/464/895
f 466/466/897 465/465/896 464/464/895
f 465/465/896 466/466/897 467/467/898
f 466/466/897 468/468/899 467/467/898
f 471/471/902 470/470/901 469/469/900
f 472/472/903 471/471/902 469/469/900
f 473/473/904 472/472/903 469/469/900
f 474/474/905 473/473/904 469/469/900
f 473/473/904 474/474/905 475/475/906
f 476/476/907 473/473/904 475/475/906
f 479/479/910 478/478/909 477/477/908
f 480/480/911 479/479/910 477/477/908
f 481/481/912 479/479/910 480/480/911
f 482/482/913 481/481/912 480/480/911
f 483/483/914 481/481/912 482/482/913
f 484/484/915 483/483/914 482/482/913
f 487/487/918 486/486/917 485/485/916
f 486/486/917 488/488/919 485/485/916
f 485/485/916 488/488/919 489/489/920
f 488/488/919 490/490/921 489/489/920
f 489/489/920 490/490/921 491/491/922
f 490/490/921 492/492/923 491/491/922
f 495/495/926 494/494/925 493/493/924
f 496/496/927 495/495/926 493/493/924
f 499/499/930 498/498/929 497/497/928
f 500/500/931 499/499/930 497/497/928
f 500/500/931 497/497/928 501/501/932
f 502/502/933 500/500/931 501/501/932
f 502/502/933 501/501/932 503/503/934
f 504/504/935 502/502/933 503/503/934
f 504/504/935 503/503/934 505/505/936
f 506/506/937 504/504/935 505/505/936
f 509/509/940 508/508/939 507/507/938
f 508/508/939 510/510/941 507/507/938
f 510/510/941 508/508/939 511/511/942
f 512/512/943 510/510/941 511/511/942
f 511/511/942 513/513/944 512/512/943
f 513/513/944 514/514/945 512/512/943
f 514/514/945 513/513/944 515/515/946
f 516/516/947 514/514/945 515/515/946
f 519/519/950 518/518/949 517/517/948
f 518/518/949 520/520/951 517/517/948
f 520/520/951 518/518/949 521/521/952
f 518/518/949 522/522/953 521/521/952
f 522/522/953 523/523/954 521/521/952
f 523/523/954 524/524/955 521/521/952
f 524/524/955 523/523/954 525/525/956
f 523/523/954 526/526/957 525/525/956
f 529/529/960 528/528/959 527/527/958
f 530/530/961 529/529/960 527/527/958
f 530/530/961 527/527/958 531/531/962
f 527/527/958 532/532/963 531/531/962
f 535/535/966 534/534/965 533/533/964
f 534/534/965 536/536/967 533/533/964
f 536/536/967 534/534/965 537/537/968
f 538/538/969 536/536/967 537/537/968
f 541/541/972 540/540/971 539/539/970
f 540/540/971 542/542/973 539/539/970
f 542/542/973 540/540/971 543/543/974
f 540/540/971 544/544/975 543/543/974
f 547/547/978 546/546/977 545/545/976
f 548/548/979 547/547/978 545/545/976
f 548/548/979 545/545/976 549/549/980
f 550/550/981 548/548/979 549/549/980
f 550/550/981 549/549/980 551/551/982
f 552/552/983 550/550/981 551/551/982
f 552/552/983 551/551/982 553/553/984
f 554/554/985 552/552/983 553/553/984
f 557/557/988 556/556/987 555/555/986
f 558/558/989 557/557/988 555/555/986
f 558/558/989 555/555/986 559/559/990
f 560/560/991 558/558/989 559/559/990
f 563/563/994 562/562/993 561/561/992
f 564/564/995 563/563/994 561/561/992
f 564/564/995 561/561/992 565/565/996
f 566/566/997 564/564/995 565/565/996
f 566/566/997 565/565/996 567/567/998
f 568/568/999 566/566/997 567/567/998
f 571/571/1002 570/570/1001 569/569/1000
f 572/572/1003 571/571/1002 569/569/1000
f 569/569/1000 573/573/1004 572/572/1003
f 573/573/1004 574/574/1005 572/572/1003
f 574/574/1005 573/573/1004 575/575/1006
f 576/576/1007 574/574/1005 575/575/1006
f 579/579/1010 578/578/1009 577/577/1008
f 578/578/1009 580/580/1011 577/577/1008
f 580/580/1011 581/581/1012 577/577/1008
f 581/581/1012 582/582/1013 577/577/1008
f 582/582/1013 581/581/1012 583/583/1014
f 581/581/1012 584/584/1015 583/583/1014
f 587/587/1018 586/586/1017 585/585/1016
f 586/586/1017 588/588/1019 585/585/1016
f 586/586/1017 589/589/1020 588/588/1019
f 589/589/1020 590/590/1021 588/588/1019
f 589/589/1020 591/591/1022 590/590/1021
f 591/591/1022 592/592/1023 590/590/1021
f 595/595/1026 594/594/1025 593/593/1024
f 596/596/1027 595/595/1026 593/593/1024
f 596/596/1027 593/593/1024 597/597/1028
f 598/598/1029 596/596/1027 597/597/1028
f 598/598/1029 597/597/1028 599/599/1030
f 600/600/1031 598/598/1029 599/599/1030
f 603/603/1034 602/602/1033 601/601/1032
f 604/604/1035 603/603/1034 601/601/1032
f 607/607/1038 606/606/1037 605/605/1036
f 606/606/1037 608/608/1039 605/605/1036
f 605/605/1036 608/608/1039 609/609/1040
f 608/608/1039 610/610/1041 609/609/1040
f 611/611/1042 610/610/1041 608/608/1039
f 612/612/1043 608/608/1039 606/606/1037
f 612/612/1043 611/611/1042 608/608/1039
f 613/613/1044 612/612/1043 606/606/1037
f 612/612/1043 613/613/1044 614/614/1045
f 611/611/1042 612/612/1043 615/615/1046
f 615/615/1046 612/612/1043 614/614/1045
f 616/616/1047 611/611/1042 615/615/1046
f 616/616/1047 615/615/1046 617/617/1048
f 615/615/1046 618/618/1049 617/617/1048
f 615/615/1046 614/614/1045 618/618/1049
f 614/614/1045 619/619/1050 618/618/1049
f 622/622/1053 621/621/1052 620/620/1051
f 621/621/1052 623/623/1054 620/620/1051
f 620/620/1051 623/623/1054 624/624/1055
f 621/621/1052 625/625/1056 623/623/1054
f 623/623/1054 626/626/1057 624/624/1055
f 625/625/1056 627/627/1058 623/623/1054
f 623/623/1054 627/627/1058 626/626/1057
f 627/627/1058 628/628/1059 626/626/1057
f 625/625/1056 629/629/1060 627/627/1058
f 627/627/1058 630/630/1061 628/628/1059
f 629/629/1060 630/630/1061 627/627/1058
f 630/630/1061 631/631/1062 628/628/1059
f 631/631/1062 630/630/1061 632/632/1063
f 630/630/1061 629/629/1060 633/633/1064
f 630/630/1061 633/633/1064 632/632/1063
f 629/629/1060 634/634/1065 633/633/1064
f 634/634/1065 635/635/1066 633/633/1064
f 633/633/1064 636/636/1067 632/632/1063
f 635/635/1066 636/636/1067 633/633/1064
f 636/636/1067 637/637/1068 632/632/1063
f 635/635/1066 638/638/1069 636/636/1067
f 636/636/1067 639/639/1070 637/637/1068
f 638/638/1069 639/639/1070 636/636/1067
f 638/638/1069 640/640/1071 639/639/1070
f 639/639/1070 641/641/1072 637/637/1068
f 640/640/1071 642/642/1073 639/639/1070
f 639/639/1070 642/642/1073 641/641/1072
f 642/642/1073 643/643/1074 641/641/1072
f 646/646/1077 645/645/1076 644/644/1075
f 647/647/1078 646/646/1077 644/644/1075
f 648/648/1079 646/646/1077 647/647/1078
f 647/647/1078 644/644/1075 649/649/1080
f 650/650/1081 648/648/1079 647/647/1078
f 651/651/1082 647/647/1078 649/649/1080
f 650/650/1081 647/647/1078 651/651/1082
f 652/652/1083 650/650/1081 651/651/1082
f 651/651/1082 649/649/1080 653/653/1084
f 652/652/1083 651/651/1082 654/654/1085
f 654/654/1085 651/651/1082 653/653/1084
f 655/655/1086 652/652/1083 654/654/1085
f 656/656/1087 655/655/1086 654/654/1085
f 657/657/1088 654/654/1085 653/653/1084
f 657/657/1088 656/656/1087 654/654/1085
f 658/658/1089 657/657/1088 653/653/1084
f 657/657/1088 658/658/1089 659/659/1090
f 656/656/1087 657/657/1088 660/660/1091
f 660/660/1091 657/657/1088 659/659/1090
f 661/661/1092 656/656/1087 660/660/1091
f 660/660/1091 659/659/1090 662/662/1093
f 661/661/1092 660/660/1091 663/663/1094
f 663/663/1094 660/660/1091 662/662/1093
f 663/663/1094 662/662/1093 664/664/1095
f 665/665/1096 661/661/1092 663/663/1094
f 666/666/1097 663/663/1094 664/664/1095
f 665/665/1096 663/663/1094 666/666/1097
f 667/667/1098 665/665/1096 666/666/1097
f 670/670/1101 669/669/1100 668/668/1099
f 671/671/1102 670/670/1101 668/668/1099
f 672/672/1103 670/670/1101 671/671/1102
f 673/673/1104 672/672/1103 671/671/1102
f 674/674/1105 673/673/1104 671/671/1102
f 675/675/1106 671/671/1102 668/668/1099
f 675/675/1106 674/674/1105 671/671/1102
f 676/676/1107 675/675/1106 668/668/1099
f 675/675/1106 676/676/1107 677/677/1108
f 674/674/1105 675/675/1106 678/678/1109
f 678/678/1109 675/675/1106 677/677/1108
f 679/679/1110 674/674/1105 678/678/1109
f 680/680/1111 679/679/1110 678/678/1109
f 681/681/1112 680/680/1111 678/678/1109
f 681/681/1112 678/678/1109 677/677/1108
f 682/682/1113 681/681/1112 677/677/1108
f 685/685/1116 684/684/1115 683/683/1114
f 684/684/1115 686/686/1117 683/683/1114
f 683/683/1114 686/686/1117 687/687/1118
f 686/686/1117 688/688/1119 687/687/1118
f 689/689/1120 688/688/1119 686/686/1117
f 690/690/1121 686/686/1117 684/684/1115
f 690/690/1121 689/689/1120 686/686/1117
f 691/691/1122 690/690/1121 684/684/1115
f 690/690/1121 691/691/1122 692/692/1123
f 689/689/1120 690/690/1121 693/693/1124
f 693/693/1124 690/690/1121 692/692/1123
f 694/694/1125 689/689/1120 693/693/1124
f 694/694/1125 693/693/1124 695/695/1126
f 693/693/1124 696/696/1127 695/695/1126
f 693/693/1124 692/692/1123 696/696/1127
f 692/692/1123 697/697/1128 696/696/1127
f 700/700/1131 699/699/1130 698/698/1129
f 701/701/1132 700/700/1131 698/698/1129
f 702/702/1133 700/700/1131 701/701/1132
f 703/703/1134 702/702/1133 701/701/1132
f 704/704/1135 703/703/1134 701/701/1132
f 705/705/1136 701/701/1132 698/698/1129
f 705/705/1136 704/704/1135 701/701/1132
f 706/706/1137 705/705/1136 698/698/1129
f 705/705/1136 706/706/1137 707/707/1138
f 704/704/1135 705/705/1136 708/708/1139
f 708/708/1139 705/705/1136 707/707/1138
f 709/709/1140 704/704/1135 708/708/1139
f 710/710/1141 709/709/1140 708/708/1139
f 711/711/1142 710/710/1141 708/708/1139
f 711/711/1142 708/708/1139 707/707/1138
f 712/712/1143 711/711/1142 707/707/1138
f 715/715/1146 714/714/1145 713/713/1144
f 716/716/1147 715/715/1146 713/713/1144
f 716/716/1147 713/713/1144 717/717/1148
f 718/718/1149 715/715/1146 716/716/1147
f 719/719/1150 716/716/1147 717/717/1148
f 720/720/1151 718/718/1149 716/716/1147
f 720/720/1151 716/716/1147 719/719/1150
f 721/721/1152 720/720/1151 719/719/1150
f 722/722/1153 718/718/1149 720/720/1151
f 723/723/1154 720/720/1151 721/721/1152
f 723/723/1154 722/722/1153 720/720/1151
f 724/724/1155 723/723/1154 721/721/1152
f 723/723/1154 724/724/1155 725/725/1156
f 722/722/1153 723/723/1154 726/726/1157
f 726/726/1157 723/723/1154 725/725/1156
f 727/727/1158 722/722/1153 726/726/1157
f 728/728/1159 727/727/1158 726/726/1157
f 729/729/1160 726/726/1157 725/725/1156
f 729/729/1160 728/728/1159 726/726/1157
f 730/730/1161 729/729/1160 725/725/1156
f 731/731/1162 728/728/1159 729/729/1160
f 732/732/1163 729/729/1160 730/730/1161
f 732/732/1163 731/731/1162 729/729/1160
f 733/733/1164 731/731/1162 732/732/1163
f 734/734/1165 732/732/1163 730/730/1161
f 735/735/1166 733/733/1164 732/732/1163
f 735/735/1166 732/732/1163 734/734/1165
f 736/736/1167 735/735/1166 734/734/1165
f 739/739/1170 738/738/1169 737/737/1168
f 738/738/1169 740/740/1171 737/737/1168
f 738/738/1169 741/741/1172 740/740/1171
f 737/737/1168 740/740/1171 742/742/1173
f 741/741/1172 743/743/1174 740/740/1171
f 740/740/1171 744/744/1175 742/742/1173
f 740/740/1171 743/743/1174 744/744/1175
f 743/743/1174 745/745/1176 744/744/1175
f 742/742/1173 744/744/1175 746/746/1177
f 744/744/1175 745/745/1176 747/747/1178
f 744/744/1175 747/747/1178 746/746/1177
f 745/745/1176 748/748/1179 747/747/1178
f 748/748/1179 749/749/1180 747/747/1178
f 747/747/1178 750/750/1181 746/746/1177
f 749/749/1180 750/750/1181 747/747/1178
f 750/750/1181 751/751/1182 746/746/1177
f 751/751/1182 750/750/1181 752/752/1183
f 750/750/1181 749/749/1180 753/753/1184
f 750/750/1181 753/753/1184 752/752/1183
f 749/749/1180 754/754/1185 753/753/1184
f 752/752/1183 753/753/1184 755/755/1186
f 753/753/1184 754/754/1185 756/756/1187
f 753/753/1184 756/756/1187 755/755/1186
f 755/755/1186 756/756/1187 757/757/1188
f 754/754/1185 758/758/1189 756/756/1187
f 756/756/1187 759/759/1190 757/757/1188
f 756/756/1187 758/758/1189 759/759/1190
f 758/758/1189 760/760/1191 759/759/1190
f 763/763/1194 762/762/1193 761/761/1192
f 762/762/1193 763/763/1194 764/764/1195
f 765/765/1196 763/763/1194 761/761/1192
f 763/763/1194 766/766/1197 764/764/1195
f 765/765/1196 761/761/1192 767/767/1198
f 764/764/1195 766/766/1197 768/768/1199
f 769/769/1200 765/765/1196 767/767/1198
f 766/766/1197 770/770/1201 768/768/1199
f 769/769/1200 767/767/1198 771/771/1202
f 768/768/1199 770/770/1201 772/772/1203
f 773/773/1204 769/769/1200 771/771/1202
f 770/770/1201 774/774/1205 772/772/1203
f 771/771/1202 775/775/1206 773/773/1204
f 772/772/1203 774/774/1205 776/776/1207
f 775/775/1206 777/777/1208 773/773/1204
f 774/774/1205 778/778/1209 776/776/1207
f 777/777/1208 775/775/1206 779/779/1210
f 776/776/1207 778/778/1209 780/780/1211
f 781/781/1212 777/777/1208 779/779/1210
f 778/778/1209 782/782/1213 780/780/1211
f 781/781/1212 779/779/1210 783/783/1214
f 784/784/1215 781/781/1212 783/783/1214
f 780/780/1211 782/782/1213 785/785/1216
f 782/782/1213 786/786/1217 785/785/1216
f 787/787/1218 784/784/1215 783/783/1214
f 786/786/1217 787/787/1218 785/785/1216
f 788/788/1219 787/787/1218 783/783/1214
f 787/787/1218 788/788/1219 785/785/1216
f 791/791/1222 790/790/1221 789/789/1220
f 790/790/1221 791/791/1222 792/792/1223
f 793/793/1224 791/791/1222 789/789/1220
f 791/791/1222 794/794/1225 792/792/1223
f 793/793/1224 789/789/1220 795/795/1226
f 792/792/1223 794/794/1225 796/796/1227
f 797/797/1228 793/793/1224 795/795/1226
f 794/794/1225 798/798/1229 796/796/1227
f 797/797/1228 795/795/1226 799/799/1230
f 796/796/1227 798/798/1229 800/800/1231
f 801/801/1232 797/797/1228 799/799/1230
f 798/798/1229 802/802/1233 800/800/1231
f 799/799/1230 803/803/1234 801/801/1232
f 800/800/1231 802/802/1233 804/804/1235
f 803/803/1234 805/805/1236 801/801/1232
f 802/802/1233 806/806/1237 804/804/1235
f 805/805/1236 803/803/1234 807/807/1238
f 804/804/1235 806/806/1237 808/808/1239
f 809/809/1240 805/805/1236 807/807/1238
f 806/806/1237 810/810/1241 808/808/1239
f 809/809/1240 807/807/1238 811/811/1242
f 808/808/1239 810/810/1241 812/812/1243
f 813/813/1244 809/809/1240 811/811/1242
f 810/810/1241 814/814/1245 812/812/1243
f 813/813/1244 811/811/1242 815/815/1246
f 812/812/1243 814/814/1245 815/815/1246
f 816/816/1247 813/813/1244 815/815/1246
f 814/814/1245 816/816/1247 815/815/1246
f 819/819/1250 818/818/1249 817/817/1248
f 818/818/1249 819/819/1250 820/820/1251
f 818/818/1249 821/821/1252 817/817/1248
f 822/822/1253 818/818/1249 820/820/1251
f 817/817/1248 821/821/1252 823/823/1254
f 822/822/1253 820/820/1251 824/824/1255
f 825/825/1256 817/817/1248 823/823/1254
f 820/820/1251 826/826/1257 824/824/1255
f 825/825/1256 823/823/1254 827/827/1258
f 824/824/1255 826/826/1257 828/828/1259
f 829/829/1260 825/825/1256 827/827/1258
f 826/826/1257 830/830/1261 828/828/1259
f 829/829/1260 827/827/1258 831/831/1262
f 828/828/1259 830/830/1261 832/832/1263
f 833/833/1264 829/829/1260 831/831/1262
f 830/830/1261 834/834/1265 832/832/1263
f 833/833/1264 831/831/1262 835/835/1266
f 836/836/1267 833/833/1264 835/835/1266
f 832/832/1263 834/834/1265 837/837/1268
f 834/834/1265 838/838/1269 837/837/1268
f 839/839/1270 836/836/1267 835/835/1266
f 840/840/1271 839/839/1270 835/835/1266
f 839/839/1270 840/840/1271 841/841/1272
f 842/842/1273 839/839/1270 841/841/1272
f 842/842/1273 841/841/1272 843/843/1274
f 844/844/1275 842/842/1273 843/843/1274
f 844/844/1275 843/843/1274 845/845/1276
f 846/846/1277 844/844/1275 845/845/1276
f 838/838/1269 847/847/1278 837/837/1268
f 847/847/1278 848/848/1279 837/837/1268
f 848/848/1279 847/847/1278 849/849/1280
f 847/847/1278 850/850/1281 849/849/1280
f 849/849/1280 850/850/1281 851/851/1282
f 850/850/1281 852/852/1283 851/851/1282
f 851/851/1282 852/852/1283 853/853/1284
f 852/852/1283 854/854/1285 853/853/1284
f 846/846/1277 845/845/1276 855/855/1286
f 856/856/1287 846/846/1277 855/855/1286
f 853/853/1284 854/854/1285 857/857/1288
f 854/854/1285 858/858/1289 857/857/1288
f 859/859/1290 856/856/1287 855/855/1286
f 858/858/1289 859/859/1290 857/857/1288
f 860/860/1291 859/859/1290 855/855/1286
f 859/859/1290 860/860/1291 857/857/1288
f 863/863/1294 862/862/1293 861/861/1292
f 862/862/1293 863/863/1294 864/864/1295
f 862/862/1293 865/865/1296 861/861/1292
f 866/866/1297 862/862/1293 864/864/1295
f 861/861/1292 865/865/1296 867/867/1298
f 866/866/1297 864/864/1295 868/868/1299
f 869/869/1300 861/861/1292 867/867/1298
f 864/864/1295 870/870/1301 868/868/1299
f 869/869/1300 867/867/1298 871/871/1302
f 868/868/1299 870/870/1301 872/872/1303
f 873/873/1304 869/869/1300 871/871/1302
f 870/870/1301 874/874/1305 872/872/1303
f 873/873/1304 871/871/1302 875/875/1306
f 872/872/1303 874/874/1305 876/876/1307
f 877/877/1308 873/873/1304 875/875/1306
f 874/874/1305 878/878/1309 876/876/1307
f 877/877/1308 875/875/1306 879/879/1310
f 880/880/1311 877/877/1308 879/879/1310
f 876/876/1307 878/878/1309 881/881/1312
f 878/878/1309 882/882/1313 881/881/1312
f 883/883/1314 880/880/1311 879/879/1310
f 884/884/1315 883/883/1314 879/879/1310
f 883/883/1314 884/884/1315 885/885/1316
f 886/886/1317 883/883/1314 885/885/1316
f 886/886/1317 885/885/1316 887/887/1318
f 888/888/1319 886/886/1317 887/887/1318
f 888/888/1319 887/887/1318 889/889/1320
f 890/890/1321 888/888/1319 889/889/1320
f 882/882/1313 891/891/1322 881/881/1312
f 891/891/1322 892/892/1323 881/881/1312
f 892/892/1323 891/891/1322 893/893/1324
f 891/891/1322 894/894/1325 893/893/1324
f 893/893/1324 894/894/1325 895/895/1326
f 894/894/1325 896/896/1327 895/895/1326
f 895/895/1326 896/896/1327 897/897/1328
f 896/896/1327 898/898/1329 897/897/1328
f 890/890/1321 889/889/1320 899/899/1330
f 900/900/1331 890/890/1321 899/899/1330
f 897/897/1328 898/898/1329 901/901/1332
f 898/898/1329 902/902/1333 901/901/1332
f 903/903/1334 900/900/1331 899/899/1330
f 902/902/1333 903/903/1334 901/901/1332
f 904/904/1335 903/903/1334 899/899/1330
f 903/903/1334 904/904/1335 901/901/1332
f 907/907/1338 906/906/1337 905/905/1336
f 906/906/1337 907/907/1338 908/908/1339
f 906/906/1337 909/909/1340 905/905/1336
f 910/910/1341 906/906/1337 908/908/1339
f 905/905/1336 909/909/1340 911/911/1342
f 910/910/1341 908/908/1339 912/912/1343
f 913/913/1344 905/905/1336 911/911/1342
f 908/908/1339 914/914/1345 912/912/1343
f 913/913/1344 911/911/1342 915/915/1346
f 912/912/1343 914/914/1345 916/916/1347
f 917/917/1348 913/913/1344 915/915/1346
f 914/914/1345 918/918/1349 916/916/1347
f 917/917/1348 915/915/1346 919/919/1350
f 916/916/1347 918/918/1349 920/920/1351
f 921/921/1352 917/917/1348 919/919/1350
f 918/918/1349 922/922/1353 920/920/1351
f 921/921/1352 919/919/1350 923/923/1354
f 924/924/1355 921/921/1352 923/923/1354
f 920/920/1351 922/922/1353 925/925/1356
f 922/922/1353 926/926/1357 925/925/1356
f 927/927/1358 924/924/1355 923/923/1354
f 928/928/1359 927/927/1358 923/923/1354
f 927/927/1358 928/928/1359 929/929/1360
f 930/930/1361 927/927/1358 929/929/1360
f 930/930/1361 929/929/1360 931/931/1362
f 932/932/1363 930/930/1361 931/931/1362
f 932/932/1363 931/931/1362 933/933/1364
f 934/934/1365 932/932/1363 933/933/1364
f 926/926/1357 935/935/1366 925/925/1356
f 935/935/1366 936/936/1367 925/925/1356
f 936/936/1367 935/935/1366 937/937/1368
f 935/935/1366 938/938/1369 937/937/1368
f 937/937/1368 938/938/1369 939/939/1370
f 938/938/1369 940/940/1371 939/939/1370
f 939/939/1370 940/940/1371 941/941/1372
f 940/940/1371 942/942/1373 941/941/1372
f 934/934/1365 933/933/1364 943/943/1374
f 944/944/1375 934/934/1365 943/943/1374
f 941/941/1372 942/942/1373 945/945/1376
f 942/942/1373 946/946/1377 945/945/1376
f 947/947/1378 944/944/1375 943/943/1374
f 946/946/1377 947/947/1378 945/945/1376
f 948/948/1379 947/947/1378 943/943/1374
f 947/947/1378 948/948/1379 945/945/1376
f 951/951/1382 950/950/1381 949/949/1380
f 950/950/1381 951/951/1382 952/952/1383
f 950/950/1381 953/953/1384 949/949/1380
f 954/954/1385 950/950/1381 952/952/1383
f 949/949/1380 953/953/1384 955/955/1386
f 954/954/1385 952/952/1383 956/956/1387
f 957/957/1388 949/949/1380 955/955/1386
f 952/952/1383 958/958/1389 956/956/1387
f 957/957/1388 955/955/1386 959/959/1390
f 956/956/1387 958/958/1389 960/960/1391
f 961/961/1392 957/957/1388 959/959/1390
f 958/958/1389 962/962/1393 960/960/1391
f 961/961/1392 959/959/1390 963/963/1394
f 960/960/1391 962/962/1393 964/964/1395
f 965/965/1396 961/961/1392 963/963/1394
f 962/962/1393 966/966/1397 964/964/1395
f 965/965/1396 963/963/1394 967/967/1398
f 968/968/1399 965/965/1396 967/967/1398
f 964/964/1395 966/966/1397 969/969/1400
f 966/966/1397 970/970/1401 969/969/1400
f 971/971/1402 968/968/1399 967/967/1398
f 972/972/1403 971/971/1402 967/967/1398
f 971/971/1402 972/972/1403 973/973/1404
f 974/974/1405 971/971/1402 973/973/1404
f 974/974/1405 973/973/1404 975/975/1406
f 976/976/1407 974/974/1405 975/975/1406
f 976/976/1407 975/975/1406 977/977/1408
f 978/978/1409 976/976/1407 977/977/1408
f 970/970/1401 979/979/1410 969/969/1400
f 979/979/1410 980/980/1411 969/969/1400
f 980/980/1411 979/979/1410 981/981/1412
f 979/979/1410 982/982/1413 981/981/1412
f 981/981/1412 982/982/1413 983/983/1414
f 982/982/1413 984/984/1415 983/983/1414
f 983/983/1414 984/984/1415 985/985/1416
f 984/984/1415 986/986/1417 985/985/1416
f 978/978/1409 977/977/1408 987/987/1418
f 988/988/1419 978/978/1409 987/987/1418
f 985/985/1416 986/986/1417 989/989/1420
f 986/986/1417 990/990/1421 989/989/1420
f 991/991/1422 988/988/1419 987/987/1418
f 990/990/1421 991/991/1422 989/989/1420
f 992/992/1423 991/991/1422 987/987/1418
f 991/991/1422 992/992/1423 989/989/1420
f 995/995/1426 994/994/1425 993/993/1424
f 996/996/1427 995/995/1426 993/993/1424
f 993/993/1424 994/994/1425 997/997/1428
f 998/998/1429 995/995/1426 996/996/1427
f 994/994/1425 999/999/1430 997/997/1428
f 1000/1000/1431 998/998/1429 996/996/1427
f 997/997/1428 999/999/1430 1000/1000/1431
f 999/999/1430 998/998/1429 1000/1000/1431
f 1003/1003/1434 1002/1002/1433 1001/1001/1432
f 1004/1004/1435 1003/1003/1434 1001/1001/1432
f 1003/1003/1434 1005/1005/1436 1002/1002/1433
f 1004/1004/1435 1001/1001/1432 1006/1006/1437
f 1005/1005/1436 1007/1007/1438 1002/1002/1433
f 1008/1008/1439 1004/1004/1435 1006/1006/1437
f 1008/1008/1439 1006/1006/1437 1007/1007/1438
f 1005/1005/1436 1008/1008/1439 1007/1007/1438
usemtl Glass_Green_Mat
f 1011/1011/1442 1010/1010/1441 1009/1009/1440
f 1012/1012/1443 1011/1011/1442 1009/1009/1440
f 1015/1015/1446 1014/1014/1445 1013/1013/1444
f 1016/1016/1447 1015/1015/1446 1013/1013/1444
f 1017/1017/1448 1016/1016/1447 1013/1013/1444
f 1018/1018/1449 1017/1017/1448 1013/1013/1444
f 1021/1021/1452 1020/1020/1451 1019/1019/1450
f 1020/1020/1451 1022/1022/1453 1019/1019/1450
f 1022/1022/1453 1023/1023/1454 1019/1019/1450
f 1023/1023/1454 1024/1024/1455 1019/1019/1450
f 1027/1027/1458 1026/1026/1457 1025/1025/1456
f 1026/1026/1457 1028/1028/1459 1025/1025/1456
f 1028/1028/1459 1029/1029/1460 1025/1025/1456
f 1029/1029/1460 1030/1030/1461 1025/1025/1456
f 1033/1033/1464 1032/1032/1463 1031/1031/1462
f 1032/1032/1463 1034/1034/1465 1031/1031/1462
f 1034/1034/1465 1035/1035/1466 1031/1031/1462
f 1035/1035/1466 1036/1036/1467 1031/1031/1462
f 1039/1039/1470 1038/1038/1469 1037/1037/1468
f 1040/1040/1471 1039/1039/1470 1037/1037/1468
