mtllib oven_FP1.mtl
v 0.425 0.92562 -0.30142
v 0.425 0.93381 -0.23142
v 0.425 0.93381 -0.30049
v 0.425 0.92562 -0.22677
v 0.425 0.91707 -0.29287
v 0.425 0.91707 -0.22677
v 0.425 0.92562 0.24478
v 0.425 0.91645 0.24123
v 0.425 0.84239 -0.29287
v 0.425 0.84239 -0.30142
v 0.425 0.84594 0.32358
v 0.425 0.84239 0.31502
v 0.425 0.82008 -0.30142
v 0.425 0.82008 -0.29287
v 0.425 0.82008 0.31502
v 0.425 0.82008 0.32358
v 0.425 0.81391 -0.29287
v 0.425 0.81391 -0.30142
v 0.425 0.81391 0.32358
v 0.425 0.81391 0.31502
v 0.425 0.2833 -0.30142
v 0.425 0.2833 -0.29287
v 0.425 0.10216 -0.29287
v 0.425 0.10216 -0.30142
v 0.425 0.00856 -0.29287
v 0.425 0 -0.30142
v 0.425 0.00856 -0.22677
v 0.425 0 -0.22677
v 0.425 0.00856 0.31502
v 0.425 0 0.32358
v 0.425 0.10216 0.31502
v 0.425 0.10216 0.32358
v 0.425 0.2833 0.31502
v 0.425 0.2833 0.32358
v 0.41496 0.92562 0.23473
v 0 0.92562 0.24478
v 0 0.92562 0.23473
v 0.425 0.92562 0.24478
v 0.425 0.92562 -0.22677
v 0.41496 0.92562 -0.21673
v 0 0.92562 -0.21673
v 0 0.92562 -0.22677
v 0 0.10216 0.32358
v 0.425 0.10216 0.32358
v 0.425 0 0.32358
v 0 0 0.32358
v 0.425 0.92562 0.24478
v 0 0.9181 0.25156
v 0 0.92562 0.24478
v 0.41533 0.9181 0.25156
v 0.41533 0.85272 0.31668
v 0.425 0.84594 0.32358
v 0 0.84594 0.32358
v 0 0.85272 0.31668
v 0.425 0.93381 -0.23142
v 0.425 0.92562 -0.22677
v 0 0.92562 -0.22677
v 0 0.93381 -0.23142
v 0.425 0.92562 -0.30142
v 0.425 0.93381 -0.30049
v 0 0.93381 -0.30049
v 0 0.92562 -0.30142
v 0.425 0.93381 -0.30049
v 0.425 0.93381 -0.23142
v 0 0.93381 -0.23142
v 0 0.93381 -0.30049
v 0 0.84594 0.32358
v 0.425 0.84594 0.32358
v 0.40659 0.84145 0.32358
v 0 0.84145 0.32358
v 0.425 0.2833 0.32358
v 0 0.2833 0.32358
v 0 0.29526 0.32358
v 0.40659 0.29526 0.32358
v 0.425 0.10216 0.32358
v 0 0.10216 0.32358
v 0 0.10835 0.32358
v 0.37371 0.10835 0.32358
v 0.425 0.2833 0.32358
v 0.425 0.10216 0.32358
v 0.37371 0.10835 0.32358
v 0.37371 0.27449 0.32358
v 0 0.2833 0.32358
v 0.425 0.2833 0.32358
v 0.37371 0.27449 0.32358
v 0 0.27449 0.32358
v 0.37371 0.10835 0.32358
v 0 0.10835 0.32358
v 0 0.10835 -0.18134
v 0.37371 0.10835 -0.18134
v -0.3737 0.10835 0.32358
v -0.3737 0.10835 -0.18134
v 0 0.10835 0.32358
v 0.37371 0.27449 0.32358
v 0.37371 0.10835 0.32358
v 0.37371 0.10835 -0.18134
v 0.37371 0.27449 -0.18134
v 0 0.27449 0.32358
v 0.37371 0.27449 0.32358
v 0.37371 0.27449 -0.18134
v 0 0.27449 -0.18134
v 0 0.27449 0.32358
v -0.3737 0.27449 -0.18134
v -0.3737 0.27449 0.32358
v 0.37371 0.10835 -0.18134
v 0 0.27449 -0.18134
v 0.37371 0.27449 -0.18134
v 0 0.10835 -0.18134
v -0.3737 0.10835 -0.18134
v -0.3737 0.27449 -0.18134
v 0 0.84145 0.32358
v 0.40659 0.84145 0.32358
v 0.40659 0.84145 0.2939
v 0 0.84145 0.2939
v 0.40659 0.29526 0.32358
v 0 0.29526 0.32358
v 0 0.29526 0.2939
v 0.40659 0.29526 0.2939
v 0.40659 0.29526 0.2939
v 0 0.29526 0.2939
v 0 0.33274 0.2939
v 0.34038 0.33274 0.2939
v 0.36365 0.34237 0.2939
v 0 0.81391 0.28588
v 0 0.82008 0.28588
v 0.40659 0.82008 0.28588
v 0.40659 0.81391 0.28588
v 0.425 0.84594 0.32358
v 0.40659 0.82008 0.32358
v 0.40659 0.84145 0.32358
v 0.425 0.82008 0.32358
v 0.40659 0.81391 0.32358
v 0.425 0.81391 0.32358
v 0.425 0.2833 0.32358
v 0.40659 0.29526 0.32358
v 0.40659 0.84145 0.32358
v 0.40659 0.82008 0.2939
v 0.40659 0.84145 0.2939
v 0.40659 0.82008 0.32358
v 0.40659 0.81391 0.2939
v 0.40659 0.81391 0.32358
v 0.40659 0.29526 0.32358
v 0.40659 0.29526 0.2939
v 0 0.84145 0.2939
v 0.40659 0.84145 0.2939
v 0.40659 0.82008 0.2939
v 0 0.82008 0.2939
v 0 0.81391 0.2939
v 0.34038 0.75829 0.2939
v 0 0.75829 0.2939
v 0.40659 0.81391 0.2939
v 0.36365 0.74865 0.2939
v 0 0.82008 0.2939
v 0.40659 0.82008 0.2939
v 0.40659 0.82008 0.28588
v 0 0.82008 0.28588
v -0.40658 0.82008 0.28588
v -0.40658 0.82008 0.2939
v 0.40659 0.82008 0.2939
v 0.40659 0.81391 0.2939
v 0.40659 0.81391 0.28588
v 0.40659 0.82008 0.28588
v 0.40659 0.81391 0.2939
v 0 0.81391 0.28588
v 0.40659 0.81391 0.28588
v 0 0.81391 0.2939
v -0.40658 0.81391 0.2939
v 0 0.81391 0.28588
v -0.40658 0.81391 0.28588
v 0.40659 0.81391 0.2939
v 0.37329 0.72539 0.2939
v 0.36365 0.74865 0.2939
v 0.40659 0.29526 0.2939
v 0.37329 0.36564 0.2939
v 0.36365 0.34237 0.2939
v 0.34038 0.75829 0.2939
v 0.36365 0.74865 0.2939
v 0.36365 0.74865 -0.15258
v 0.34038 0.75829 -0.15258
v 0 0.75829 0.2939
v 0 0.75829 -0.15258
v 0 0.74987 -0.17291
v 0.3387 0.74987 -0.17291
v 0.3572 0.74221 -0.17291
v -0.3231 0.75829 -0.15258
v 0 0.75829 -0.15258
v -0.32143 0.74987 -0.17291
v -0.34637 0.74865 -0.15258
v -0.33993 0.74221 -0.17291
v -0.3231 0.75829 0.2939
v -0.34637 0.74865 0.2939
v 0 0.75829 0.2939
v 0 0.75829 -0.15258
v 0.37329 0.36564 0.2939
v 0.36365 0.34237 0.2939
v 0.36365 0.34237 -0.15258
v 0.37329 0.36564 -0.15258
v 0.36486 0.36732 -0.17291
v 0.3572 0.34882 -0.17291
v 0.36486 0.72371 -0.17291
v 0.37329 0.72539 -0.15258
v 0.37329 0.72539 0.2939
v 0.3572 0.74221 -0.17291
v 0.36365 0.74865 0.2939
v 0.36365 0.74865 -0.15258
v -0.42499 0.92562 -0.30142
v -0.425 0.93381 -0.30049
v -0.425 0.93381 -0.23142
v -0.425 0.92562 -0.22677
v -0.42499 0.91707 -0.29287
v -0.42499 0.91707 -0.22677
v -0.42499 0.84239 -0.29287
v -0.42499 0.84239 -0.30142
v -0.42499 0.91645 0.24123
v -0.425 0.92562 0.24478
v -0.42499 0.82008 -0.30142
v -0.42499 0.82008 -0.29287
v -0.425 0.84594 0.32358
v -0.42499 0.84239 0.31502
v -0.42499 0.81391 -0.29287
v -0.42499 0.81391 -0.30142
v -0.42499 0.82008 0.31502
v -0.425 0.82008 0.32358
v -0.42499 0.2833 -0.30142
v -0.42499 0.2833 -0.29287
v -0.42499 0.10216 -0.29287
v -0.42499 0.10216 -0.30142
v -0.42499 0.00856 -0.29287
v -0.42499 0 -0.30142
v -0.425 0.81391 0.32358
v -0.42499 0.81391 0.31502
v -0.42499 0.00856 -0.22677
v -0.42499 0 -0.22677
v -0.42499 0.2833 0.31502
v -0.425 0.2833 0.32358
v -0.425 0.10216 0.32358
v -0.42499 0.10216 0.31502
v -0.42499 0 0.32358
v -0.42499 0.00856 0.31502
v -0.41495 0.92562 0.23473
v 0 0.92562 0.23473
v 0 0.92562 0.24478
v -0.425 0.92562 0.24478
v -0.41495 0.92562 -0.21673
v -0.425 0.92562 -0.22677
v 0 0.92562 -0.21673
v 0 0.92562 -0.22677
v 0 0.10216 0.32358
v 0 0 0.32358
v -0.42499 0 0.32358
v -0.425 0.10216 0.32358
v -0.425 0.92562 0.24478
v 0 0.92562 0.24478
v 0 0.9181 0.25156
v -0.41532 0.9181 0.25156
v -0.41532 0.85272 0.31668
v -0.425 0.84594 0.32358
v 0 0.84594 0.32358
v 0 0.85272 0.31668
v -0.425 0.93381 -0.23142
v 0 0.93381 -0.23142
v 0 0.92562 -0.22677
v -0.425 0.92562 -0.22677
v -0.42499 0.92562 -0.30142
v 0 0.92562 -0.30142
v 0 0.93381 -0.30049
v -0.425 0.93381 -0.30049
v -0.425 0.93381 -0.30049
v 0 0.93381 -0.30049
v 0 0.93381 -0.23142
v -0.425 0.93381 -0.23142
v 0 0.84594 0.32358
v 0 0.84145 0.32358
v -0.40658 0.84145 0.32358
v -0.425 0.84594 0.32358
v -0.425 0.2833 0.32358
v -0.40658 0.29526 0.32358
v 0 0.29526 0.32358
v 0 0.2833 0.32358
v -0.425 0.10216 0.32358
v -0.3737 0.10835 0.32358
v 0 0.10835 0.32358
v 0 0.10216 0.32358
v -0.425 0.2833 0.32358
v -0.3737 0.27449 0.32358
v -0.3737 0.10835 0.32358
v -0.425 0.10216 0.32358
v 0 0.2833 0.32358
v 0 0.27449 0.32358
v -0.3737 0.27449 0.32358
v -0.425 0.2833 0.32358
v -0.3737 0.27449 0.32358
v -0.3737 0.27449 -0.18134
v -0.3737 0.10835 -0.18134
v -0.3737 0.10835 0.32358
v 0 0.84145 0.32358
v 0 0.84145 0.2939
v -0.40658 0.84145 0.2939
v -0.40658 0.84145 0.32358
v -0.40658 0.29526 0.32358
v -0.40658 0.29526 0.2939
v 0 0.29526 0.2939
v 0 0.29526 0.32358
v -0.40658 0.29526 0.2939
v 0 0.33274 0.2939
v 0 0.29526 0.2939
v -0.3231 0.33274 0.2939
v -0.34637 0.34237 0.2939
v 0 0.81391 0.28588
v -0.40658 0.81391 0.28588
v -0.40658 0.82008 0.28588
v 0 0.82008 0.28588
v -0.425 0.84594 0.32358
v -0.40658 0.84145 0.32358
v -0.40658 0.82008 0.32358
v -0.425 0.82008 0.32358
v -0.40658 0.81391 0.32358
v -0.425 0.81391 0.32358
v -0.425 0.2833 0.32358
v -0.40658 0.29526 0.32358
v -0.40658 0.84145 0.32358
v -0.40658 0.84145 0.2939
v -0.40658 0.82008 0.2939
v -0.40658 0.82008 0.32358
v -0.40658 0.81391 0.2939
v -0.40658 0.81391 0.32358
v -0.40658 0.29526 0.32358
v -0.40658 0.29526 0.2939
v 0 0.84145 0.2939
v 0 0.82008 0.2939
v -0.40658 0.82008 0.2939
v -0.40658 0.84145 0.2939
v 0 0.81391 0.2939
v 0 0.75829 0.2939
v -0.3231 0.75829 0.2939
v -0.40658 0.81391 0.2939
v -0.34637 0.74865 0.2939
v -0.40658 0.82008 0.2939
v -0.40658 0.82008 0.28588
v -0.40658 0.81391 0.28588
v -0.40658 0.81391 0.2939
v -0.40658 0.81391 0.2939
v -0.34637 0.74865 0.2939
v -0.35601 0.72539 0.2939
v -0.40658 0.29526 0.2939
v -0.35601 0.36564 0.2939
v -0.34637 0.34237 0.2939
v -0.3231 0.33274 -0.15258
v 0 0.33274 -0.15258
v 0 0.33274 0.2939
v -0.3231 0.33274 0.2939
v -0.34637 0.34237 0.2939
v -0.34637 0.34237 -0.15258
v -0.33993 0.34882 -0.17291
v -0.32143 0.34116 -0.17291
v 0 0.33274 -0.15258
v 0 0.34116 -0.17291
v 0 0.33274 -0.15258
v 0.3387 0.34116 -0.17291
v 0.34038 0.33274 -0.15258
v 0 0.33274 0.2939
v 0.3572 0.34882 -0.17291
v 0.34038 0.33274 0.2939
v 0.36365 0.34237 -0.15258
v 0.36365 0.34237 0.2939
v -0.35601 0.36564 0.2939
v -0.34637 0.34237 -0.15258
v -0.34637 0.34237 0.2939
v -0.35601 0.36564 -0.15258
v -0.34759 0.36732 -0.17291
v -0.33993 0.34882 -0.17291
v -0.34759 0.72371 -0.17291
v -0.35601 0.72539 -0.15258
v -0.35601 0.72539 0.2939
v -0.33993 0.74221 -0.17291
v -0.34637 0.74865 0.2939
v -0.34637 0.74865 -0.15258
v 0.34453 0.65524 -0.18134
v 0.36486 0.65524 -0.17291
v 0.35846 0.64598 -0.16651
v 0.34287 0.64598 -0.17297
v 0.35846 0.63073 -0.16651
v 0 0.65524 -0.18134
v 0.34287 0.63073 -0.17297
v 0.36486 0.62147 -0.17291
v 0.34453 0.62147 -0.18134
v 0 0.64598 -0.17297
v 0 0.63073 -0.17297
v 0 0.62147 -0.18134
v -0.32726 0.62147 -0.18134
v -0.32559 0.63073 -0.17297
v -0.34759 0.62147 -0.17291
v -0.34118 0.63073 -0.16651
v -0.32559 0.64598 -0.17297
v -0.32726 0.65524 -0.18134
v -0.34118 0.64598 -0.16651
v -0.34759 0.65524 -0.17291
v 0.37329 0.62127 -0.15258
v 0.36486 0.62147 -0.17291
v 0.35846 0.63073 -0.16651
v 0.36492 0.63064 -0.15092
v 0.37329 0.62127 0.2939
v 0.35846 0.64598 -0.16651
v 0.36492 0.63064 0.2939
v 0.36492 0.64607 -0.15092
v 0.36486 0.65524 -0.17291
v 0.36492 0.64607 0.2939
v 0.37329 0.65524 -0.15258
v 0.37329 0.65524 0.2939
v 0.37329 0.65524 0.2939
v 0.37329 0.62127 0.2939
v 0.36492 0.63064 0.2939
v 0.36492 0.64607 0.2939
v -0.35601 0.62127 -0.15258
v -0.34118 0.63073 -0.16651
v -0.34759 0.62147 -0.17291
v -0.34764 0.63064 -0.15092
v -0.35601 0.62127 0.2939
v -0.34118 0.64598 -0.16651
v -0.34764 0.63064 0.2939
v -0.34764 0.64607 -0.15092
v -0.34759 0.65524 -0.17291
v -0.34764 0.64607 0.2939
v -0.35601 0.65524 -0.15258
v -0.35601 0.65524 0.2939
v -0.35601 0.65524 0.2939
v -0.34764 0.64607 0.2939
v -0.34764 0.63064 0.2939
v -0.35601 0.62127 0.2939
v 0.34453 0.45853 -0.18134
v 0.36486 0.45853 -0.17291
v 0.35846 0.44927 -0.16651
v 0.34287 0.44927 -0.17297
v 0.35846 0.43402 -0.16651
v 0 0.45853 -0.18134
v 0.34287 0.43402 -0.17297
v 0.36486 0.42476 -0.17291
v 0.34453 0.42476 -0.18134
v 0 0.44927 -0.17297
v 0 0.43402 -0.17297
v 0 0.42476 -0.18134
v -0.32726 0.42476 -0.18134
v -0.32559 0.43402 -0.17297
v -0.34759 0.42476 -0.17291
v -0.34118 0.43402 -0.16651
v -0.32559 0.44927 -0.17297
v -0.32726 0.45853 -0.18134
v -0.34118 0.44927 -0.16651
v -0.34759 0.45853 -0.17291
v 0.37329 0.42456 -0.15258
v 0.36486 0.42476 -0.17291
v 0.35846 0.43402 -0.16651
v 0.36492 0.43393 -0.15092
v 0.37329 0.42456 0.2939
v 0.35846 0.44927 -0.16651
v 0.36492 0.43393 0.2939
v 0.36492 0.44936 -0.15092
v 0.36486 0.45853 -0.17291
v 0.36492 0.44936 0.2939
v 0.37329 0.45873 -0.15258
v 0.37329 0.45873 0.2939
v 0.37329 0.45873 0.2939
v 0.37329 0.42456 0.2939
v 0.36492 0.43393 0.2939
v 0.36492 0.44936 0.2939
v -0.35601 0.42456 -0.15258
v -0.34118 0.43402 -0.16651
v -0.34759 0.42476 -0.17291
v -0.34764 0.43393 -0.15092
v -0.35601 0.42456 0.2939
v -0.34118 0.44927 -0.16651
v -0.34764 0.43393 0.2939
v -0.34764 0.44936 -0.15092
v -0.34759 0.45853 -0.17291
v -0.34764 0.44936 0.2939
v -0.35601 0.45873 -0.15258
v -0.35601 0.45873 0.2939
v -0.35601 0.45873 0.2939
v -0.34764 0.44936 0.2939
v -0.34764 0.43393 0.2939
v -0.35601 0.42456 0.2939
v 0 0.72954 -0.18134
v 0 0.74987 -0.17291
v 0.3387 0.74987 -0.17291
v -0.32143 0.74987 -0.17291
v 0.34453 0.72954 -0.18134
v 0.3572 0.74221 -0.17291
v 0.36486 0.72371 -0.17291
v 0.36486 0.36732 -0.17291
v -0.32726 0.72954 -0.18134
v -0.33993 0.74221 -0.17291
v -0.34759 0.72371 -0.17291
v -0.34759 0.36732 -0.17291
v 0.34453 0.36149 -0.18134
v 0.3572 0.34882 -0.17291
v 0.3387 0.34116 -0.17291
v 0 0.34116 -0.17291
v 0 0.36149 -0.18134
v -0.32726 0.36149 -0.18134
v -0.33993 0.34882 -0.17291
v -0.32143 0.34116 -0.17291
v 0.425 0.10216 0.31502
v 0.425 0.00856 -0.22677
v 0.425 0.00856 0.31502
v 0.425 0.10216 -0.22677
v 0.425 0.00856 -0.29287
v 0.425 0.10216 -0.29287
v 0.425 0.2833 0.31502
v 0.425 0.2833 -0.29287
v 0.425 0.2833 -0.22677
v 0.425 0.81391 0.31502
v 0.425 0.81391 -0.22677
v 0.425 0.81391 -0.22677
v 0.425 0.81391 -0.29287
v 0.425 0.82008 -0.29287
v 0.425 0.82008 -0.22677
v 0.425 0.82008 0.31502
v 0.425 0.81391 0.31502
v 0.425 0.84239 0.31502
v 0.425 0.84239 -0.22677
v 0.425 0.91645 0.24123
v 0.425 0.84239 -0.29287
v 0.425 0.91707 -0.22677
v 0.425 0.91707 -0.29287
v 0 0.9211 0.2299
v 0.41496 0.92562 0.23473
v 0 0.92562 0.23473
v 0.41013 0.9211 0.2299
v 0.41013 0.9211 -0.21189
v 0.41496 0.92562 -0.21673
v 0 0.9211 -0.21189
v 0 0.92562 -0.21673
v 0.425 0 -0.30142
v 0 0.10216 -0.30142
v 0 0 -0.30142
v 0.425 0.10216 -0.30142
v 0 0.2833 -0.30142
v 0.425 0.2833 -0.30142
v 0.425 0.81391 -0.30142
v 0 0.81391 -0.30142
v 0 0.82008 -0.30142
v 0.425 0.82008 -0.30142
v 0.425 0.84239 -0.30142
v 0 0.84239 -0.30142
v 0.425 0.92562 -0.30142
v 0 0.92562 -0.30142
v 0.425 0 -0.22677
v 0.425 0 -0.30142
v 0 0 -0.30142
v 0 0 -0.22677
v 0.425 0 0.32358
v 0 0 0.32358
v 0.41533 0.9181 0.25156
v 0.41533 0.85272 0.31668
v 0 0.85272 0.31668
v 0 0.9181 0.25156
v 0 0.9211 0.2299
v 0 0.92562 0.23473
v -0.41495 0.92562 0.23473
v -0.41012 0.9211 0.2299
v -0.41012 0.9211 -0.21189
v -0.41495 0.92562 -0.21673
v 0 0.9211 -0.21189
v 0 0.92562 -0.21673
v -0.42499 0 -0.30142
v 0 0 -0.30142
v 0 0.10216 -0.30142
v -0.42499 0.10216 -0.30142
v 0 0.2833 -0.30142
v -0.42499 0.2833 -0.30142
v -0.42499 0.81391 -0.30142
v 0 0.81391 -0.30142
v 0 0.82008 -0.30142
v -0.42499 0.82008 -0.30142
v -0.42499 0.84239 -0.30142
v 0 0.84239 -0.30142
v -0.42499 0.92562 -0.30142
v 0 0.92562 -0.30142
v -0.42499 0 -0.22677
v 0 0 -0.30142
v -0.42499 0 -0.30142
v 0 0 -0.22677
v 0 0 0.32358
v -0.42499 0 0.32358
v -0.41532 0.9181 0.25156
v 0 0.9181 0.25156
v 0 0.85272 0.31668
v -0.41532 0.85272 0.31668
v -0.42499 0.84239 -0.29287
v -0.42499 0.91707 -0.29287
v -0.42499 0.91707 -0.22677
v -0.42499 0.84239 -0.22677
v -0.42499 0.82008 -0.29287
v -0.42499 0.84239 0.31502
v -0.42499 0.91645 0.24123
v -0.42499 0.82008 0.31502
v -0.42499 0.82008 -0.22677
v -0.42499 0.81391 0.31502
v -0.42499 0.81391 -0.22677
v -0.42499 0.81391 -0.29287
v -0.42499 0.2833 0.31502
v -0.42499 0.2833 -0.29287
v -0.42499 0.2833 -0.22677
v -0.42499 0.10216 0.31502
v -0.42499 0.10216 -0.22677
v -0.42499 0.10216 -0.29287
v -0.42499 0.00856 0.31502
v -0.42499 0.00856 -0.29287
v -0.42499 0.00856 -0.22677
v 0.29816 0.9211 0
v 0.41013 0.9211 -0.21189
v 0.41013 0.9211 0.2299
v 0.29816 0.9211 0.03285
v 0.29816 0.9211 0.16551
v 0.29358 0.9211 0.17656
v 0.28254 0.9211 0.18113
v 0.29358 0.9211 0.0218
v 0 0.9211 0.2299
v 0.14247 0.9211 0.18113
v 0.13143 0.9211 0.17656
v 0.12685 0.9211 0.16551
v 0.12685 0.9211 0.03285
v 0.28254 0.9211 0.01722
v 0.14247 0.9211 0.01722
v 0 0.9211 0
v 0.13143 0.9211 0.0218
v 0.28254 0.9211 -0.02024
v 0.29358 0.9211 -0.02481
v 0.29816 0.9211 -0.03586
v 0.14247 0.9211 -0.02024
v 0.13143 0.9211 -0.02481
v 0.12685 0.9211 -0.03586
v 0 0.9211 -0.21189
v 0.12685 0.9211 -0.17002
v 0.13143 0.9211 -0.18107
v 0.14247 0.9211 -0.18565
v 0.28254 0.9211 -0.18565
v 0.41013 0.9211 -0.21189
v -0.12684 0.9211 -0.03586
v -0.13142 0.9211 -0.02481
v -0.12684 0.9211 -0.17002
v -0.13142 0.9211 -0.18107
v -0.14246 0.9211 -0.18565
v -0.14246 0.9211 -0.02024
v -0.29815 0.9211 0
v -0.28253 0.9211 -0.02024
v -0.29357 0.9211 -0.02481
v -0.29815 0.9211 -0.03586
v -0.41012 0.9211 -0.21189
v -0.29815 0.9211 -0.17002
v -0.29357 0.9211 -0.18107
v -0.28253 0.9211 -0.18565
v 0 0.9211 -0.21189
v -0.14246 0.9211 -0.18565
v -0.41012 0.9211 0.2299
v -0.28253 0.9211 0.01722
v -0.29357 0.9211 0.0218
v -0.29815 0.9211 0.03285
v -0.14246 0.9211 0.01722
v -0.13142 0.9211 0.0218
v -0.12684 0.9211 0.03285
v -0.29815 0.9211 0.16551
v -0.29357 0.9211 0.17656
v -0.28253 0.9211 0.18113
v -0.12684 0.9211 0.16551
v -0.14246 0.9211 0.18113
v -0.13142 0.9211 0.17656
v 0.29816 0.9211 -0.03586
v 0.29642 0.91907 -0.03621
v 0.29642 0.91907 -0.16967
v 0.29816 0.9211 -0.17002
v 0.29216 0.91917 -0.17964
v 0.29358 0.9211 -0.18107
v 0.29358 0.9211 -0.02481
v 0.29642 0.91907 -0.03621
v 0.29816 0.9211 -0.03586
v 0.29216 0.91917 -0.02624
v 0.28254 0.9211 -0.02024
v 0.28219 0.91907 -0.02197
v 0.14247 0.9211 -0.02024
v 0.14282 0.91907 -0.02197
v 0.13143 0.9211 -0.02481
v 0.13285 0.91917 -0.02624
v 0.12685 0.9211 -0.03586
v 0.12859 0.91907 -0.03621
v 0.12685 0.9211 -0.17002
v 0.12859 0.91907 -0.16967
v 0.13143 0.9211 -0.18107
v 0.13285 0.91917 -0.17964
v 0.14247 0.9211 -0.18565
v 0.14282 0.91907 -0.18391
v 0.28254 0.9211 -0.18565
v 0.28219 0.91907 -0.18391
v 0.29358 0.9211 -0.18107
v 0.29216 0.91917 -0.17964
v 0.14535 0.90876 -0.03874
v 0.14031 0.90891 -0.05106
v 0.14031 0.90891 -0.15483
v 0.14535 0.90876 -0.16715
v 0.15767 0.90891 -0.17219
v 0.26734 0.90891 -0.17219
v 0.27966 0.90876 -0.16715
v 0.15767 0.90891 -0.03369
v 0.2847 0.90891 -0.15483
v 0.29642 0.91907 -0.16967
v 0.26734 0.90891 -0.03369
v 0.2847 0.90891 -0.05106
v 0.27966 0.90876 -0.03874
v 0.1581 0.90778 -0.17002
v 0.26691 0.90778 -0.17002
v 0.27796 0.90778 -0.16545
v 0.28254 0.90778 -0.1544
v 0.28254 0.90778 -0.05149
v 0.27796 0.90778 -0.04044
v 0.14705 0.90778 -0.16545
v 0.26691 0.90778 -0.03586
v 0.14247 0.90778 -0.1544
v 0.1581 0.90778 -0.03586
v 0.14247 0.90778 -0.05149
v 0.14705 0.90778 -0.04044
v 0.14776 0.9076 -0.16473
v 0.1434 0.9076 -0.15421
v 0.1434 0.9076 -0.05167
v 0.14776 0.9076 -0.04115
v 0.15828 0.9076 -0.03679
v 0.26673 0.9076 -0.03679
v 0.27725 0.9076 -0.04115
v 0.28161 0.9076 -0.05167
v 0.28161 0.9076 -0.15421
v 0.27725 0.9076 -0.16473
v 0.26673 0.9076 -0.16909
v 0.15828 0.9076 -0.16909
v 0.41013 0.9211 -0.21189
v 0.29358 0.9211 -0.18107
v 0.28254 0.9211 -0.18565
v 0.29816 0.9211 -0.17002
v 0.29816 0.9211 -0.03586
v 0.29816 0.9211 0
v 0.29358 0.9211 0.0218
v 0.28219 0.91907 0.01896
v 0.28254 0.9211 0.01722
v 0.29216 0.91917 0.02323
v 0.29816 0.9211 0.03285
v 0.14282 0.91907 0.01896
v 0.14247 0.9211 0.01722
v 0.29642 0.91907 0.0332
v 0.29816 0.9211 0.16551
v 0.13285 0.91917 0.02323
v 0.13143 0.9211 0.0218
v 0.29642 0.91907 0.16516
v 0.29358 0.9211 0.17656
v 0.12859 0.91907 0.0332
v 0.12685 0.9211 0.03285
v 0.29216 0.91917 0.17513
v 0.28254 0.9211 0.18113
v 0.12859 0.91907 0.16516
v 0.12685 0.9211 0.16551
v 0.28219 0.91907 0.1794
v 0.14247 0.9211 0.18113
v 0.13285 0.91917 0.17513
v 0.13143 0.9211 0.17656
v 0.14282 0.91907 0.1794
v 0.14535 0.90876 0.03572
v 0.14031 0.90891 0.04804
v 0.14031 0.90891 0.15031
v 0.14535 0.90876 0.16263
v 0.15767 0.90891 0.16768
v 0.26734 0.90891 0.16768
v 0.15767 0.90891 0.03068
v 0.27966 0.90876 0.16263
v 0.26734 0.90891 0.03068
v 0.2847 0.90891 0.15031
v 0.27966 0.90876 0.03572
v 0.2847 0.90891 0.04804
v 0.26691 0.90778 0.16551
v 0.27796 0.90778 0.16093
v 0.28254 0.90778 0.14989
v 0.28254 0.90778 0.04847
v 0.27796 0.90778 0.03742
v 0.26691 0.90778 0.03285
v 0.1581 0.90778 0.16551
v 0.1581 0.90778 0.03285
v 0.14705 0.90778 0.16093
v 0.14705 0.90778 0.03742
v 0.14247 0.90778 0.14989
v 0.14247 0.90778 0.04847
v 0.26673 0.9076 0.03378
v 0.15828 0.9076 0.03378
v 0.14776 0.9076 0.03813
v 0.27725 0.9076 0.03813
v 0.1434 0.9076 0.04866
v 0.28161 0.9076 0.04866
v 0.1434 0.9076 0.1497
v 0.28161 0.9076 0.1497
v 0.14776 0.9076 0.16022
v 0.27725 0.9076 0.16022
v 0.15828 0.9076 0.16458
v 0.26673 0.9076 0.16458
v -0.29357 0.9211 -0.18107
v -0.29641 0.91907 -0.16967
v -0.29815 0.9211 -0.17002
v -0.29215 0.91917 -0.17964
v -0.28253 0.9211 -0.18565
v -0.29641 0.91907 -0.03621
v -0.29815 0.9211 -0.03586
v -0.28218 0.91907 -0.18391
v -0.14246 0.9211 -0.18565
v -0.29215 0.91917 -0.02624
v -0.29357 0.9211 -0.02481
v -0.14281 0.91907 -0.18391
v -0.13142 0.9211 -0.18107
v -0.28218 0.91907 -0.02197
v -0.28253 0.9211 -0.02024
v -0.14281 0.91907 -0.02197
v -0.14246 0.9211 -0.02024
v -0.13284 0.91917 -0.17964
v -0.12684 0.9211 -0.17002
v -0.26733 0.90891 -0.03369
v -0.13284 0.91917 -0.02624
v -0.13142 0.9211 -0.02481
v -0.12858 0.91907 -0.16967
v -0.12684 0.9211 -0.03586
v -0.12858 0.91907 -0.03621
v -0.15766 0.90891 -0.03369
v -0.14534 0.90876 -0.03874
v -0.1403 0.90891 -0.05106
v -0.1403 0.90891 -0.15483
v -0.14534 0.90876 -0.16715
v -0.15766 0.90891 -0.17219
v -0.26733 0.90891 -0.17219
v -0.27965 0.90876 -0.16715
v -0.28469 0.90891 -0.15483
v -0.28469 0.90891 -0.05106
v -0.27965 0.90876 -0.03874
v -0.14704 0.90778 -0.16545
v -0.15809 0.90778 -0.17002
v -0.2669 0.90778 -0.17002
v -0.27795 0.90778 -0.16545
v -0.28253 0.90778 -0.1544
v -0.28253 0.90778 -0.05149
v -0.27795 0.90778 -0.04044
v -0.2669 0.90778 -0.03586
v -0.15809 0.90778 -0.03586
v -0.14704 0.90778 -0.04044
v -0.14246 0.90778 -0.05149
v -0.14246 0.90778 -0.1544
v -0.2816 0.9076 -0.05167
v -0.27724 0.9076 -0.04115
v -0.26672 0.9076 -0.03679
v -0.15827 0.9076 -0.03679
v -0.14775 0.9076 -0.04115
v -0.14339 0.9076 -0.05167
v -0.14339 0.9076 -0.15421
v -0.2816 0.9076 -0.15421
v -0.14775 0.9076 -0.16473
v -0.27724 0.9076 -0.16473
v -0.15827 0.9076 -0.16909
v -0.26672 0.9076 -0.16909
v -0.13142 0.9211 0.0218
v -0.14281 0.91907 0.01896
v -0.14246 0.9211 0.01722
v -0.13284 0.91917 0.02323
v -0.12684 0.9211 0.03285
v -0.28218 0.91907 0.01896
v -0.28253 0.9211 0.01722
v -0.12858 0.91907 0.0332
v -0.12684 0.9211 0.16551
v -0.29215 0.91917 0.02323
v -0.29357 0.9211 0.0218
v -0.12858 0.91907 0.16516
v -0.13142 0.9211 0.17656
v -0.29641 0.91907 0.0332
v -0.29815 0.9211 0.03285
v -0.13284 0.91917 0.17513
v -0.14246 0.9211 0.18113
v -0.29641 0.91907 0.16516
v -0.29815 0.9211 0.16551
v -0.14281 0.91907 0.1794
v -0.28253 0.9211 0.18113
v -0.29215 0.91917 0.17513
v -0.29357 0.9211 0.17656
v -0.28218 0.91907 0.1794
v -0.26733 0.90891 0.16768
v -0.15766 0.90891 0.16768
v -0.14534 0.90876 0.16263
v -0.1403 0.90891 0.15031
v -0.1403 0.90891 0.04804
v -0.14534 0.90876 0.03572
v -0.15766 0.90891 0.03068
v -0.26733 0.90891 0.03068
v -0.27965 0.90876 0.03572
v -0.28469 0.90891 0.04804
v -0.28469 0.90891 0.15031
v -0.27965 0.90876 0.16263
v -0.14704 0.90778 0.03742
v -0.15809 0.90778 0.03285
v -0.2669 0.90778 0.03285
v -0.27795 0.90778 0.03742
v -0.28253 0.90778 0.04847
v -0.28253 0.90778 0.14989
v -0.27795 0.90778 0.16093
v -0.2669 0.90778 0.16551
v -0.15809 0.90778 0.16551
v -0.14704 0.90778 0.16093
v -0.14246 0.90778 0.14989
v -0.14246 0.90778 0.04847
v -0.2816 0.9076 0.1497
v -0.27724 0.9076 0.16022
v -0.26672 0.9076 0.16458
v -0.15827 0.9076 0.16458
v -0.14775 0.9076 0.16022
v -0.14339 0.9076 0.1497
v -0.14339 0.9076 0.04866
v -0.2816 0.9076 0.04866
v -0.14775 0.9076 0.03813
v -0.27724 0.9076 0.03813
v -0.15827 0.9076 0.03378
v -0.26672 0.9076 0.03378
v -0.33651 0.74788 0.29444
v -0.33718 0.74951 0.29921
v -0.33077 0.75079 0.29921
v -0.33108 0.74896 0.29444
v -0.33718 0.74951 0.28967
v -0.33077 0.75079 0.28967
v 0.01882 0.75079 0.28967
v 0.01882 0.74896 0.29444
v 0.01882 0.75079 0.29921
v 0.34814 0.75079 0.29921
v 0.34844 0.74896 0.29444
v 0.34814 0.75079 0.28967
v 0.35454 0.74951 0.28967
v 0.35387 0.74788 0.29444
v 0.35454 0.74951 0.29921
v -0.33651 0.33994 0.29444
v -0.33718 0.33831 0.29921
v -0.34326 0.34237 0.29921
v -0.34201 0.34362 0.29444
v -0.33718 0.33831 0.28967
v -0.34732 0.34844 0.29921
v -0.34326 0.34237 0.28967
v -0.34568 0.34912 0.29444
v -0.34732 0.34844 0.28967
v -0.34863 0.35523 0.29917
v -0.34688 0.35515 0.29444
v -0.34863 0.35523 0.2897
v -0.34863 0.7326 0.2897
v -0.34688 0.73267 0.29444
v -0.34863 0.7326 0.29917
v -0.34732 0.73938 0.29921
v -0.34568 0.7387 0.29444
v -0.34732 0.73938 0.28967
v -0.34326 0.74545 0.29921
v -0.34201 0.7442 0.29444
v -0.33718 0.74951 0.29921
v -0.34326 0.74545 0.28967
v -0.33651 0.74788 0.29444
v -0.33718 0.74951 0.28967
v -0.3491 0.7513 0.29921
v -0.34102 0.75878 0.29444
v -0.34035 0.75715 0.29921
v -0.35035 0.75255 0.29444
v -0.34035 0.75715 0.28967
v -0.35495 0.74254 0.29921
v -0.3491 0.7513 0.28967
v -0.35659 0.74322 0.29444
v -0.35495 0.74254 0.28967
v -0.35712 0.73184 0.29917
v -0.35887 0.73176 0.29444
v -0.35712 0.73184 0.2897
v -0.35712 0.35599 0.2897
v -0.35887 0.35607 0.29444
v -0.35712 0.35599 0.29917
v -0.35495 0.34528 0.29921
v -0.35659 0.3446 0.29444
v -0.35496 0.34528 0.28967
v -0.3491 0.33652 0.29921
v -0.35035 0.33528 0.29444
v -0.34035 0.33067 0.29921
v -0.3491 0.33652 0.28967
v -0.34102 0.32904 0.29444
v -0.34035 0.33067 0.28967
v -0.32926 0.32847 0.29921
v -0.34102 0.32904 0.29444
v -0.34035 0.33067 0.29921
v -0.32896 0.32664 0.29444
v -0.34035 0.33067 0.28967
v -0.32926 0.32847 0.28967
v 0.01882 0.32847 0.28967
v 0.01882 0.32664 0.29444
v 0.01882 0.32847 0.29921
v 0.34662 0.32847 0.29921
v 0.34632 0.32664 0.29444
v 0.34662 0.32847 0.28967
v 0.35771 0.33067 0.28967
v 0.35838 0.32904 0.29444
v 0.35771 0.33067 0.29921
v -0.34102 0.75878 0.29444
v -0.34035 0.75715 0.28967
v -0.32926 0.75936 0.28967
v -0.32896 0.76118 0.29444
v -0.34035 0.75715 0.29921
v -0.32926 0.75936 0.29921
v 0.01882 0.75936 0.29921
v 0.01882 0.76118 0.29444
v 0.01882 0.75936 0.28967
v 0.34662 0.75936 0.28967
v 0.34632 0.76118 0.29444
v 0.34662 0.75936 0.29921
v 0.35771 0.75715 0.29921
v 0.35838 0.75878 0.29444
v 0.35771 0.75715 0.28967
v -0.33077 0.33704 0.28967
v -0.33651 0.33994 0.29444
v -0.33718 0.33831 0.28967
v -0.33108 0.33886 0.29444
v -0.33718 0.33831 0.29921
v -0.33077 0.33704 0.29921
v 0.01882 0.33704 0.29921
v 0.01882 0.33886 0.29444
v 0.01882 0.33704 0.28967
v 0.34814 0.33704 0.28967
v 0.34844 0.33886 0.29444
v 0.34814 0.33704 0.29921
v 0.35454 0.33831 0.29921
v 0.35387 0.33994 0.29444
v 0.35454 0.33831 0.28967
v 0.35387 0.33994 0.29444
v 0.36062 0.34237 0.29921
v 0.35454 0.33831 0.29921
v 0.35937 0.34362 0.29444
v 0.35454 0.33831 0.28967
v 0.36468 0.34844 0.29921
v 0.36062 0.34237 0.28967
v 0.36304 0.34912 0.29444
v 0.36468 0.34844 0.28967
v 0.36599 0.35523 0.29917
v 0.36424 0.35515 0.29444
v 0.36599 0.35523 0.2897
v 0.36599 0.7326 0.2897
v 0.36424 0.73267 0.29444
v 0.36599 0.7326 0.29917
v 0.36468 0.73938 0.29921
v 0.36305 0.7387 0.29444
v 0.36468 0.73938 0.28967
v 0.36062 0.74545 0.29921
v 0.35937 0.7442 0.29444
v 0.35454 0.74951 0.29921
v 0.36062 0.74545 0.28967
v 0.35387 0.74788 0.29444
v 0.35454 0.74951 0.28967
v 0.36646 0.7513 0.29921
v 0.35771 0.75715 0.29921
v 0.35838 0.75878 0.29444
v 0.36771 0.75255 0.29444
v 0.35771 0.75715 0.28967
v 0.37232 0.74254 0.29921
v 0.36646 0.7513 0.28967
v 0.37395 0.74322 0.29444
v 0.37232 0.74254 0.28967
v 0.37448 0.73184 0.29917
v 0.37623 0.73176 0.29444
v 0.37448 0.73184 0.2897
v 0.37448 0.35599 0.2897
v 0.37623 0.35607 0.29444
v 0.37448 0.35599 0.29917
v 0.37232 0.34528 0.29921
v 0.37395 0.3446 0.29444
v 0.37232 0.34528 0.28967
v 0.36646 0.33652 0.29921
v 0.36771 0.33528 0.29444
v 0.35771 0.33067 0.29921
v 0.36646 0.33652 0.28967
v 0.35838 0.32904 0.29444
v 0.35771 0.33067 0.28967
v 0.37371 0.20286 -0.12708
v 0.36241 0.20286 -0.12708
v 0.36241 0.19118 -0.13192
v 0.37371 0.19118 -0.13192
v 0.36241 0.1795 -0.12708
v 0.37371 0.1795 -0.12708
v 0.37371 0.1795 -0.12708
v 0.36241 0.1795 -0.12708
v 0.36241 0.17467 -0.1154
v 0.37371 0.17467 -0.1154
v 0.37371 0.17467 0.30098
v 0.36241 0.17467 0.30098
v 0.36241 0.1795 0.31266
v 0.37371 0.1795 0.31266
v 0.37371 0.1795 0.31266
v 0.36241 0.1795 0.31266
v 0.36241 0.19118 0.3175
v 0.37371 0.19118 0.3175
v 0.37371 0.19118 0.3175
v 0.36241 0.19118 0.3175
v 0.36241 0.20286 0.31266
v 0.37371 0.20286 0.31266
v 0.37371 0.20286 0.31266
v 0.36241 0.20286 0.31266
v 0.36241 0.2077 0.30098
v 0.37371 0.2077 0.30098
v 0.37371 0.2077 -0.1154
v 0.36241 0.2077 -0.1154
v 0.36241 0.20286 -0.12708
v 0.37371 0.20286 -0.12708
v 0.36241 0.20002 -0.12424
v 0.37149 0.20002 -0.12424
v 0.37149 0.19118 -0.1279
v 0.36241 0.19118 -0.1279
v 0.36241 0.19118 -0.1279
v 0.37149 0.19118 -0.1279
v 0.37149 0.18235 -0.12424
v 0.36241 0.18235 -0.12424
v 0.36241 0.18235 -0.12424
v 0.37149 0.18235 -0.12424
v 0.37149 0.17839 -0.11466
v 0.36241 0.17839 -0.11466
v 0.37149 0.17839 0.30024
v 0.36241 0.17839 0.30024
v 0.37149 0.18235 0.30981
v 0.36241 0.18235 0.30981
v 0.36241 0.18235 0.30981
v 0.37149 0.18235 0.30981
v 0.37149 0.19118 0.31347
v 0.36241 0.19118 0.31347
v 0.36241 0.19118 0.31347
v 0.37149 0.19118 0.31347
v 0.37149 0.20002 0.30981
v 0.36241 0.20002 0.30981
v 0.36241 0.20002 0.30981
v 0.37149 0.20002 0.30981
v 0.37149 0.20398 0.30024
v 0.36241 0.20398 0.30024
v 0.37149 0.20398 -0.11466
v 0.36241 0.20398 -0.11466
v 0.37149 0.20002 -0.12424
v 0.36241 0.20002 -0.12424
v -0.3737 0.20286 -0.12708
v -0.3624 0.19118 -0.13192
v -0.3624 0.20286 -0.12708
v -0.3737 0.19118 -0.13192
v -0.3624 0.1795 -0.12708
v -0.3737 0.1795 -0.12708
v -0.3737 0.1795 -0.12708
v -0.3624 0.17467 -0.1154
v -0.3624 0.1795 -0.12708
v -0.3737 0.17467 -0.1154
v -0.3737 0.17467 0.30098
v -0.3624 0.17467 0.30098
v -0.3624 0.1795 0.31266
v -0.3737 0.1795 0.31266
v -0.3737 0.1795 0.31266
v -0.3737 0.19118 0.3175
v -0.3624 0.19118 0.3175
v -0.3624 0.1795 0.31266
v -0.3737 0.19118 0.3175
v -0.3737 0.20286 0.31266
v -0.3624 0.20286 0.31266
v -0.3624 0.19118 0.3175
v -0.3737 0.20286 0.31266
v -0.3624 0.2077 0.30098
v -0.3624 0.20286 0.31266
v -0.3737 0.2077 0.30098
v -0.3737 0.2077 -0.1154
v -0.3624 0.2077 -0.1154
v -0.3624 0.20286 -0.12708
v -0.3737 0.20286 -0.12708
v -0.3624 0.20002 -0.12424
v -0.3624 0.19118 -0.1279
v -0.37148 0.19118 -0.1279
v -0.37148 0.20002 -0.12424
v -0.3624 0.19118 -0.1279
v -0.3624 0.18235 -0.12424
v -0.37148 0.18235 -0.12424
v -0.37148 0.19118 -0.1279
v -0.3624 0.18235 -0.12424
v -0.37148 0.17839 -0.11466
v -0.37148 0.18235 -0.12424
v -0.3624 0.17839 -0.11466
v -0.37148 0.17839 0.30024
v -0.3624 0.17839 0.30024
v -0.37148 0.18235 0.30981
v -0.3624 0.18235 0.30981
v -0.3624 0.18235 0.30981
v -0.3624 0.19118 0.31347
v -0.37148 0.19118 0.31347
v -0.37148 0.18235 0.30981
v -0.3624 0.19118 0.31347
v -0.3624 0.20002 0.30981
v -0.37148 0.20002 0.30981
v -0.37148 0.19118 0.31347
v -0.3624 0.20002 0.30981
v -0.37148 0.20398 0.30024
v -0.37148 0.20002 0.30981
v -0.3624 0.20398 0.30024
v -0.37148 0.20398 -0.11466
v -0.3624 0.20398 -0.11466
v -0.37148 0.20002 -0.12424
v -0.3624 0.20002 -0.12424
v -0.33002 0.75507 0.30112
v 0.01882 0.75507 0.30112
v 0.01882 0.75079 0.29921
v 0.34738 0.75507 0.30112
v -0.33077 0.75079 0.29921
v 0.34814 0.75079 0.29921
v -0.33718 0.74951 0.29921
v 0.35454 0.74951 0.29921
v -0.33877 0.75333 0.30112
v 0.35613 0.75333 0.30112
v -0.34326 0.74545 0.29921
v 0.36062 0.74545 0.29921
v -0.34618 0.74838 0.30112
v 0.36354 0.74838 0.30112
v -0.34732 0.73938 0.29921
v 0.36468 0.73938 0.29921
v -0.35114 0.74096 0.30112
v 0.3685 0.74096 0.30112
v -0.34863 0.7326 0.29917
v -0.35288 0.73222 0.30113
v 0.36599 0.7326 0.29917
v 0.37024 0.73222 0.30113
v -0.35288 0.35561 0.30113
v -0.34863 0.35523 0.29917
v -0.34732 0.34844 0.29921
v -0.35114 0.34686 0.30112
v -0.34326 0.34237 0.29921
v -0.34618 0.33945 0.30112
v -0.33718 0.33831 0.29921
v -0.33877 0.33449 0.30112
v 0.37024 0.35561 0.30113
v 0.36599 0.35523 0.29917
v 0.36468 0.34844 0.29921
v 0.3685 0.34686 0.30112
v 0.36062 0.34237 0.29921
v 0.36354 0.33945 0.30112
v 0.35454 0.33831 0.29921
v 0.35613 0.33449 0.30112
v -0.33077 0.33704 0.29921
v -0.33002 0.33275 0.30112
v 0.34814 0.33704 0.29921
v 0.34738 0.33275 0.30112
v 0.01882 0.33275 0.30112
v 0.01882 0.33704 0.29921
v -0.32926 0.75936 0.29921
v 0.01882 0.75936 0.29921
v 0.01882 0.75507 0.30112
v 0.34662 0.75936 0.29921
v -0.33002 0.75507 0.30112
v 0.34738 0.75507 0.30112
v -0.33877 0.75333 0.30112
v 0.35613 0.75333 0.30112
v -0.34035 0.75715 0.29921
v 0.35771 0.75715 0.29921
v -0.34618 0.74838 0.30112
v 0.36354 0.74838 0.30112
v -0.3491 0.7513 0.29921
v 0.36646 0.7513 0.29921
v -0.35114 0.74096 0.30112
v 0.3685 0.74096 0.30112
v -0.35495 0.74254 0.29921
v 0.37232 0.74254 0.29921
v -0.35288 0.73222 0.30113
v -0.35712 0.73184 0.29917
v 0.37024 0.73222 0.30113
v 0.37448 0.73184 0.29917
v -0.35712 0.35599 0.29917
v -0.35288 0.35561 0.30113
v -0.35114 0.34686 0.30112
v -0.35495 0.34528 0.29921
v -0.34618 0.33945 0.30112
v -0.3491 0.33652 0.29921
v -0.33877 0.33449 0.30112
v -0.34035 0.33067 0.29921
v 0.37448 0.35599 0.29917
v 0.37024 0.35561 0.30113
v 0.3685 0.34686 0.30112
v 0.37232 0.34528 0.29921
v 0.36354 0.33945 0.30112
v 0.36646 0.33652 0.29921
v 0.35613 0.33449 0.30112
v 0.35771 0.33067 0.29921
v -0.33002 0.33275 0.30112
v -0.32926 0.32847 0.29921
v 0.34738 0.33275 0.30112
v 0.34662 0.32847 0.29921
v 0.01882 0.32847 0.29921
v 0.01882 0.33275 0.30112
v -0.33002 0.75507 0.28775
v 0.01882 0.75507 0.28775
v 0.01882 0.75936 0.28967
v 0.34738 0.75507 0.28775
v -0.32926 0.75936 0.28967
v 0.34662 0.75936 0.28967
v -0.34035 0.75715 0.28967
v 0.35771 0.75715 0.28967
v -0.33877 0.75333 0.28775
v 0.35613 0.75333 0.28775
v -0.3491 0.7513 0.28967
v 0.36646 0.7513 0.28967
v -0.34618 0.74838 0.28775
v 0.36354 0.74838 0.28775
v -0.35495 0.74254 0.28967
v 0.37232 0.74254 0.28967
v -0.35114 0.74096 0.28775
v 0.3685 0.74096 0.28775
v -0.35712 0.73184 0.2897
v -0.35288 0.73222 0.28774
v 0.37448 0.73184 0.2897
v 0.37024 0.73222 0.28774
v -0.35288 0.35561 0.28774
v -0.35712 0.35599 0.2897
v -0.35496 0.34528 0.28967
v -0.35114 0.34686 0.28775
v -0.3491 0.33652 0.28967
v -0.34618 0.33945 0.28775
v -0.34035 0.33067 0.28967
v -0.33877 0.33449 0.28775
v 0.37024 0.35561 0.28774
v 0.37448 0.35599 0.2897
v 0.37232 0.34528 0.28967
v 0.3685 0.34686 0.28775
v 0.36646 0.33652 0.28967
v 0.36354 0.33945 0.28775
v 0.35771 0.33067 0.28967
v 0.35613 0.33449 0.28775
v -0.32926 0.32847 0.28967
v -0.33002 0.33275 0.28775
v 0.34662 0.32847 0.28967
v 0.34738 0.33275 0.28775
v 0.01882 0.33275 0.28775
v 0.01882 0.32847 0.28967
v -0.33077 0.75079 0.28967
v 0.01882 0.75079 0.28967
v 0.01882 0.75507 0.28775
v 0.34814 0.75079 0.28967
v -0.33002 0.75507 0.28775
v 0.34738 0.75507 0.28775
v -0.33877 0.75333 0.28775
v 0.35613 0.75333 0.28775
v -0.33718 0.74951 0.28967
v 0.35454 0.74951 0.28967
v -0.34618 0.74838 0.28775
v 0.36354 0.74838 0.28775
v -0.34326 0.74545 0.28967
v 0.36062 0.74545 0.28967
v -0.35114 0.74096 0.28775
v 0.3685 0.74096 0.28775
v -0.34732 0.73938 0.28967
v 0.36468 0.73938 0.28967
v -0.35288 0.73222 0.28774
v -0.34863 0.7326 0.2897
v 0.37024 0.73222 0.28774
v 0.36599 0.7326 0.2897
v -0.34863 0.35523 0.2897
v -0.35288 0.35561 0.28774
v -0.35114 0.34686 0.28775
v -0.34732 0.34844 0.28967
v -0.34618 0.33945 0.28775
v -0.34326 0.34237 0.28967
v -0.33877 0.33449 0.28775
v -0.33718 0.33831 0.28967
v 0.36599 0.35523 0.2897
v 0.37024 0.35561 0.28774
v 0.3685 0.34686 0.28775
v 0.36468 0.34844 0.28967
v 0.36354 0.33945 0.28775
v 0.36062 0.34237 0.28967
v 0.35613 0.33449 0.28775
v 0.35454 0.33831 0.28967
v -0.33002 0.33275 0.28775
v -0.33077 0.33704 0.28967
v 0.34738 0.33275 0.28775
v 0.34814 0.33704 0.28967
v 0.01882 0.33704 0.28967
v 0.01882 0.33275 0.28775
v 0.37149 0.20002 -0.12424
v 0.37149 0.19118 -0.1154
v 0.37149 0.19118 -0.1279
v 0.37149 0.18235 -0.12424
v 0.37149 0.17839 -0.11466
v 0.37149 0.20398 -0.11466
v 0.37149 0.17839 0.30024
v 0.37149 0.19118 0.30098
v 0.37149 0.20398 0.30024
v 0.37149 0.18235 0.30981
v 0.37149 0.20002 0.30981
v 0.37149 0.19118 0.31347
v -0.37148 0.20002 -0.12424
v -0.37148 0.19118 -0.1279
v -0.37148 0.19118 -0.1154
v -0.37148 0.18235 -0.12424
v -0.37148 0.17839 -0.11466
v -0.37148 0.20398 -0.11466
v -0.37148 0.17839 0.30024
v -0.37148 0.19118 0.30098
v -0.37148 0.20398 0.30024
v -0.37148 0.18235 0.30981
v -0.37148 0.20002 0.30981
v -0.37148 0.19118 0.31347
v 0.36241 0.20286 -0.12708
v 0.36241 0.20002 -0.12424
v 0.36241 0.19118 -0.1279
v 0.36241 0.19118 -0.13192
v 0.36241 0.2077 -0.1154
v 0.36241 0.18235 -0.12424
v 0.36241 0.20398 -0.11466
v 0.36241 0.1795 -0.12708
v 0.36241 0.2077 0.30098
v 0.36241 0.17839 -0.11466
v 0.36241 0.20398 0.30024
v 0.36241 0.17467 -0.1154
v 0.36241 0.20286 0.31266
v 0.36241 0.17839 0.30024
v 0.36241 0.20002 0.30981
v 0.36241 0.17467 0.30098
v 0.36241 0.19118 0.3175
v 0.36241 0.18235 0.30981
v 0.36241 0.19118 0.31347
v 0.36241 0.1795 0.31266
v -0.3624 0.20286 -0.12708
v -0.3624 0.19118 -0.1279
v -0.3624 0.20002 -0.12424
v -0.3624 0.19118 -0.13192
v -0.3624 0.2077 -0.1154
v -0.3624 0.18235 -0.12424
v -0.3624 0.20398 -0.11466
v -0.3624 0.1795 -0.12708
v -0.3624 0.2077 0.30098
v -0.3624 0.17839 -0.11466
v -0.3624 0.20398 0.30024
v -0.3624 0.17467 -0.1154
v -0.3624 0.20286 0.31266
v -0.3624 0.17839 0.30024
v -0.3624 0.20002 0.30981
v -0.3624 0.17467 0.30098
v -0.3624 0.19118 0.3175
v -0.3624 0.18235 0.30981
v -0.3624 0.19118 0.31347
v -0.3624 0.1795 0.31266
vt 1.366445 1.621132
vt 1.508809 1.63625
vt 1.368478 1.63625
vt 1.518978 1.621132
vt 1.385155 1.605328
vt 1.518978 1.605328
vt 2.477294 1.621132
vt 2.469544 1.605328
vt 1.385155 1.37705
vt 1.366445 1.371346
vt 2.637556 1.485763
vt 2.618845 1.479216
vt 1.366445 1.32294
vt 1.385155 1.328253
vt 2.618845 1.423294
vt 2.637556 1.423956
vt 1.385155 1.318527
vt 1.366445 1.313197
vt 2.637556 1.413136
vt 2.618845 1.412378
vt 1.366445 0.5310929
vt 1.385155 0.5320474
vt 1.385155 0.194596
vt 1.366444 0.194596
vt 1.385155 0.04788793
vt 1.366444 0.03208333
vt 1.518978 0.04788793
vt 1.518978 0.03208333
vt 2.618845 0.04788793
vt 2.637556 0.03208333
vt 2.618845 0.194596
vt 2.637556 0.194596
vt 2.618845 0.6284071
vt 2.637556 0.6287619
vt 1.615868 4.154882
vt 0.8341666 4.173144
vt 0.8341666 4.154882
vt 1.63625 4.173144
vt 1.63625 3.376403
vt 1.615868 3.394664
vt 0.8341666 3.394664
vt 0.8341666 3.376403
vt 2.836167 1.974194
vt 2.034083 1.974194
vt 2.034083 1.696139
vt 2.836167 1.696139
vt 1.63625 4.173144
vt 0.8341666 4.184981
vt 0.8341666 4.173144
vt 1.616623 4.184981
vt 1.616623 4.293353
vt 1.63625 4.306386
vt 0.8341666 4.306386
vt 0.8341666 4.293353
vt 1.63625 3.367948
vt 1.63625 3.376403
vt 0.8341666 3.376403
vt 0.8341666 3.367948
vt 3.63825 2.363472
vt 3.63825 2.641528
vt 2.836167 2.641528
vt 2.836167 2.363472
vt 3.63825 2.029805
vt 3.63825 2.307861
vt 2.836167 2.307861
vt 2.836167 2.029805
vt 0.5 0
vt 1 0
vt 1 1
vt 0.5 1
vt 0 0
vt 0.5 0
vt 0.5 1
vt 0 1
vt 0 0
vt 0.5 0
vt 0.5 1
vt 0 1
vt 0 0
vt 1 0
vt 1 1
vt 0 1
vt 0.5 0
vt 1 0
vt 1 1
vt 0.5 1
vt 0 0
vt 0.5 0
vt 0.5 1
vt 0.5 1
vt 0 0
vt 0.5 1
vt 0.5 0
vt 0 0
vt 1 0
vt 0.5 1
vt 0.5 1
vt 0.5 0
vt 1 0
vt 0.5 1
vt 0.5 1
vt 0.5 0
vt 0.5 1
vt 1 0
vt 0.5 1
vt 0.5 1
vt 0.5 1
vt 0.5 1
vt 0.5 1
vt 0.5 1
vt 0.5 0
vt 1 0
vt 1 1
vt 0.5 1
vt 0 0
vt 0.5 0
vt 0.5 1
vt 1.646569E-08 0.9999951
vt -0.01023595 0.01131884
vt 0.5 0
vt 0.5 1
vt 0.04789487 0.9999998
vt 0 1
vt 0.5007038 0.4964475
vt 0.5006334 0.4468078
vt 1.021547 0.4611077
vt 1.023941 0.5123361
vt 0 0
vt 0.07423295 1
vt 0 1
vt 0.08064409 0
vt 0.08918855 1
vt 0.09476291 0
vt 1 0
vt 1 1
vt 0 0
vt 0.06940154 0.9999978
vt 0 1
vt 0.07423295 -2.980232E-08
vt 0.08416391 0.9999955
vt 0.08918948 0
vt 1 0
vt 0.9987436 0.999994
vt 0.5 0
vt 1 0
vt 1.021547 0.4611077
vt 0.5006334 0.4468078
vt 0.5005932 0.5409435
vt 0.9521052 1
vt 0.5 1
vt 1.02723 0.5585375
vt 1 1
vt 0.5006334 0.4468078
vt 1.021547 0.4611077
vt 1.021547 0.4611077
vt 0.5006334 0.4468078
vt 1.021547 0.4611077
vt 1.021547 0.4611077
vt 1.021547 0.4611077
vt 1.023941 0.5123332
vt 1.023941 0.5123361
vt 1.021547 0.4611077
vt 1.023941 0.5123332
vt 0.5007038 0.4964475
vt 1.023941 0.5123361
vt 0.5007038 0.4964475
vt 1.023941 0.5123332
vt 0.5007038 0.4964475
vt 1.023941 0.5123361
vt 0.01522815 0.01242428
vt 0.09332084 0.9999999
vt 0 1
vt 1.035707 0.01473747
vt 0.9066791 1
vt 1 1
vt 0.9521052 -2.980232E-08
vt 1 0
vt 0.5345683 0.9308636
vt 0.5312566 0.9308643
vt 0.5 0
vt 0.5 0.9308636
vt 0.5 1
vt 0.5 1
vt 0.5 1
vt 0.5312566 0.9308643
vt 0.5 0.9308636
vt 0.5 1
vt 0.5345683 0.9308636
vt 0.5 1
vt 0.9521052 -2.980232E-08
vt 1 0
vt 0.5 0
vt 0.5 0.9308636
vt 0.9066788 0
vt 1 0
vt 0.5345683 0.9308636
vt 0.528116 0.9308643
vt 0.5 1
vt 0.5 1
vt 0.5 1
vt 0.4718837 0.9308636
vt 0.09332085 -1.490116E-08
vt 0.5 1
vt 0 0
vt 0.4654322 0.9308643
vt 1.366445 1.621132
vt 1.368478 1.63625
vt 1.508809 1.63625
vt 1.518978 1.621132
vt 1.385155 1.605328
vt 1.518978 1.605328
vt 1.385155 1.37705
vt 1.366445 1.371346
vt 2.469544 1.605328
vt 2.477294 1.621132
vt 1.366445 1.32294
vt 1.385155 1.328253
vt 2.637556 1.485763
vt 2.618845 1.479216
vt 1.385155 1.318527
vt 1.366445 1.313197
vt 2.618845 1.423294
vt 2.637556 1.423956
vt 1.366445 0.5310929
vt 1.385155 0.5320474
vt 1.385155 0.194596
vt 1.366444 0.194596
vt 1.385155 0.04788793
vt 1.366444 0.03208333
vt 2.637556 1.413136
vt 2.618845 1.412378
vt 1.518978 0.04788793
vt 1.518978 0.03208333
vt 2.618845 0.6284071
vt 2.637556 0.6287619
vt 2.637556 0.194596
vt 2.618845 0.194596
vt 2.637556 0.03208333
vt 2.618845 0.04788793
vt 1.615868 4.154882
vt 0.8341666 4.154882
vt 0.8341666 4.173144
vt 1.63625 4.173144
vt 1.615868 3.394664
vt 1.63625 3.376403
vt 0.8341666 3.394664
vt 0.8341666 3.376403
vt 2.836167 1.974194
vt 2.836167 1.696139
vt 2.034083 1.696139
vt 2.034083 1.974194
vt 1.63625 4.173144
vt 0.8341666 4.173144
vt 0.8341666 4.184981
vt 1.616623 4.184981
vt 1.616623 4.293353
vt 1.63625 4.306386
vt 0.8341666 4.306386
vt 0.8341666 4.293353
vt 1.63625 3.367948
vt 0.8341666 3.367948
vt 0.8341666 3.376403
vt 1.63625 3.376403
vt 3.63825 2.363472
vt 2.836167 2.363472
vt 2.836167 2.641528
vt 3.63825 2.641528
vt 3.63825 2.029805
vt 2.836167 2.029805
vt 2.836167 2.307861
vt 3.63825 2.307861
vt 0.5 0
vt 0.5 1
vt 1 1
vt 1 0
vt 0 0
vt 0 1
vt 0.5 1
vt 0.5 0
vt 0 0
vt 0 1
vt 0.5 1
vt 0.5 0
vt 0 0
vt 0 1
vt 1 1
vt 1 0
vt 0.5 0
vt 0.5 1
vt 1 1
vt 1 0
vt 0 0
vt 0.5 1
vt 0.5 1
vt 1 0
vt 0.5 0
vt 0.5 1
vt 1 1
vt 1 0
vt 0 0
vt 1.646569E-08 0.9999951
vt 0.5 1
vt 0.5 0
vt -0.01023595 0.01131884
vt 0.5 1
vt 0.5 0
vt 0.04789487 0.9999998
vt 0 1
vt 0.5007038 0.4964475
vt 1.023941 0.5123361
vt 1.021547 0.4611077
vt 0.5006334 0.4468078
vt 0 0
vt 0 1
vt 0.07423295 1
vt 0.08064409 0
vt 0.08918855 1
vt 0.09476291 0
vt 1 0
vt 1 1
vt 0 0
vt 0 1
vt 0.06940154 0.9999978
vt 0.07423295 -2.980232E-08
vt 0.08416391 0.9999955
vt 0.08918948 0
vt 1 0
vt 0.9987436 0.999994
vt 0.5 0
vt 0.5006334 0.4468078
vt 1.021547 0.4611077
vt 1 0
vt 0.5005932 0.5409435
vt 0.5 1
vt 0.9521052 1
vt 1.02723 0.5585375
vt 1 1
vt 1.021547 0.4611077
vt 1.021547 0.4611077
vt 1.023941 0.5123361
vt 1.023941 0.5123332
vt 0.01522815 0.01242428
vt 0 1
vt 0.09332084 0.9999999
vt 1.035707 0.01473747
vt 0.9066791 1
vt 1 1
vt 0.4687431 0.9308636
vt 0.5 0.9308636
vt 0.5 0
vt 0.04789484 -2.980232E-08
vt 0 0
vt 0.4654322 0.9308643
vt 0.5 1
vt 0.5 1
vt 0.5 0.9308636
vt 0.5 1
vt 0.5 0.9308636
vt 0.5 1
vt 0.4687431 0.9308636
vt 0.5 0
vt 0.5 1
vt 0.04789484 -2.980232E-08
vt 0.4654322 0.9308643
vt 0 0
vt 0.9066788 0
vt 0.5345683 0.9308636
vt 1 0
vt 0.528116 0.9308643
vt 0.5 1
vt 0.5 1
vt 0.5 1
vt 0.4718837 0.9308636
vt 0.09332085 -1.490116E-08
vt 0.5 1
vt 0 0
vt 0.4654322 0.9308643
vt 0.5 1
vt 0.5 1
vt 0.5 1
vt 0.5 1
vt 0.5 1
vt 0.5 1
vt 0.5 1
vt 0.5 1
vt 0.5 1
vt 0.5 1
vt 0.5 1
vt 0.5 1
vt 0.5 1
vt 0.5 1
vt 0.5 1
vt 0.5 1
vt 0.5 1
vt 0.5 1
vt 0.5 1
vt 0.5 1
vt 0.528116 0.9308643
vt 0.5 1
vt 0.5 1
vt 0.528116 0.9308643
vt 0.9066788 0
vt 0.5 1
vt 0.9066788 0
vt 0.4718837 0.9308636
vt 0.5 1
vt 0.09332085 -1.490116E-08
vt 0.4718837 0.9308636
vt 0.09332085 -1.490116E-08
vt 0.09332085 -1.490116E-08
vt 0.9066788 0
vt 0.9066788 0
vt 0.09332085 -1.490116E-08
vt 0.528116 0.9308643
vt 0.5 1
vt 0.5 1
vt 0.528116 0.9308643
vt 0.9066788 0
vt 0.5 1
vt 0.9066788 0
vt 0.4718837 0.9308636
vt 0.5 1
vt 0.09332085 -1.490116E-08
vt 0.4718837 0.9308636
vt 0.09332085 -1.490116E-08
vt 0.09332085 -1.490116E-08
vt 0.09332085 -1.490116E-08
vt 0.9066788 0
vt 0.9066788 0
vt 0.5 1
vt 0.5 1
vt 0.5 1
vt 0.5 1
vt 0.5 1
vt 0.5 1
vt 0.5 1
vt 0.5 1
vt 0.5 1
vt 0.5 1
vt 0.5 1
vt 0.5 1
vt 0.5 1
vt 0.5 1
vt 0.5 1
vt 0.5 1
vt 0.5 1
vt 0.5 1
vt 0.5 1
vt 0.5 1
vt 0.528116 0.9308643
vt 0.5 1
vt 0.5 1
vt 0.528116 0.9308643
vt 0.9066788 0
vt 0.5 1
vt 0.9066788 0
vt 0.4718837 0.9308636
vt 0.5 1
vt 0.09332085 -1.490116E-08
vt 0.4718837 0.9308636
vt 0.09332085 -1.490116E-08
vt 0.09332085 -1.490116E-08
vt 0.9066788 0
vt 0.9066788 0
vt 0.09332085 -1.490116E-08
vt 0.528116 0.9308643
vt 0.5 1
vt 0.5 1
vt 0.528116 0.9308643
vt 0.9066788 0
vt 0.5 1
vt 0.9066788 0
vt 0.4718837 0.9308636
vt 0.5 1
vt 0.09332085 -1.490116E-08
vt 0.4718837 0.9308636
vt 0.09332085 -1.490116E-08
vt 0.09332085 -1.490116E-08
vt 0.09332085 -1.490116E-08
vt 0.9066788 0
vt 0.9066788 0
vt 0.5 1
vt 0.5 1
vt 0.5 1
vt 0.5 1
vt 0.5 1
vt 0.5 1
vt 0.5 1
vt 0.5 1
vt 0.5 1
vt 0.5 1
vt 0.5 1
vt 0.5 1
vt 0.5 1
vt 0.5 1
vt 0.5 1
vt 0.5 1
vt 0.5 1
vt 0.5 1
vt 0.5 1
vt 0.5 1
vt 1.970719 1.851526
vt 1.134077 1.700417
vt 1.970719 1.700417
vt 1.134077 1.851526
vt 1.032281 1.700417
vt 1.032281 1.851526
vt 1.970719 2.298353
vt 1.032281 2.19581
vt 1.134077 2.205119
vt 1.970719 3.105844
vt 1.144503 3.011648
vt 1.134077 3.052289
vt 1.032281 3.009083
vt 1.032281 3.019195
vt 1.134077 3.06302
vt 1.970719 3.117088
vt 1.970719 3.105844
vt 1.970719 3.174688
vt 1.134077 3.116539
vt 1.857149 3.304583
vt 1.032281 3.069457
vt 1.134077 3.304583
vt 1.032281 3.304583
vt 4.337659 2.960904
vt 4.973222 2.971719
vt 4.337667 2.971719
vt 4.965243 2.960865
vt 4.965243 2.044135
vt 4.973222 2.033281
vt 4.337667 2.044135
vt 4.337667 2.033281
vt 4.305583 0.03208333
vt 3.5035 0.196142
vt 3.5035 0.03208333
vt 4.305583 0.196142
vt 3.5035 0.588643
vt 4.305583 0.5380723
vt 4.305583 1.325384
vt 3.5035 1.37763
vt 3.5035 1.386327
vt 4.305583 1.335221
vt 4.305583 1.384087
vt 3.5035 1.42829
vt 4.305583 1.63625
vt 3.5035 1.63625
vt 2.034083 2.853644
vt 2.034083 2.701111
vt 2.836167 2.701111
vt 2.836167 2.853644
vt 2.034083 3.972222
vt 2.836167 3.972222
vt 3.702111 1.974194
vt 3.702111 1.696139
vt 4.337667 1.696139
vt 4.337667 1.974194
vt 4.337659 2.960904
vt 4.337667 2.971719
vt 4.973222 2.971719
vt 4.965243 2.960865
vt 4.965243 2.044135
vt 4.973222 2.033281
vt 4.337667 2.044135
vt 4.337667 2.033281
vt 4.305583 0.03208333
vt 3.5035 0.03208333
vt 3.5035 0.196142
vt 4.305583 0.196142
vt 3.5035 0.588643
vt 4.305583 0.5380724
vt 4.305583 1.325384
vt 3.5035 1.37763
vt 3.5035 1.386327
vt 4.305583 1.335221
vt 4.305583 1.384087
vt 3.5035 1.42829
vt 4.305583 1.63625
vt 3.5035 1.63625
vt 2.034083 2.853644
vt 2.836167 2.701111
vt 2.034083 2.701111
vt 2.836167 2.853644
vt 2.836167 3.972222
vt 2.034083 3.972222
vt 3.702111 1.974194
vt 4.337667 1.974194
vt 4.337667 1.696139
vt 3.702111 1.696139
vt 1.032281 3.069457
vt 1.032281 3.304583
vt 1.134077 3.304583
vt 1.134077 3.116539
vt 1.032281 3.019195
vt 1.970719 3.174688
vt 1.857149 3.304583
vt 1.970719 3.117088
vt 1.134077 3.06302
vt 1.970719 3.105844
vt 1.134077 3.052289
vt 1.032281 3.009083
vt 1.970719 2.298353
vt 1.032281 2.19581
vt 1.134077 2.205119
vt 1.970719 1.851526
vt 1.134077 1.851526
vt 1.032281 1.851526
vt 1.970719 1.700417
vt 1.032281 1.700417
vt 1.134077 1.700417
vt 10.6286 0.5082776
vt 10.699 0.6616515
vt 10.70006 0.3373141
vt 10.61743 0.4814526
vt 10.61743 0.3847466
vt 10.6138 0.375977
vt 10.60503 0.3723446
vt 10.6138 0.4902222
vt 10.3961 0.3365641
vt 10.50286 0.3723446
vt 10.49409 0.3759771
vt 10.49046 0.3847466
vt 10.49046 0.4814526
vt 10.60503 0.4938547
vt 10.50286 0.4938547
vt 10.39706 0.5074349
vt 10.49409 0.4902222
vt 10.60503 0.5209998
vt 10.6138 0.5246323
vt 10.61743 0.533402
vt 10.50286 0.5209998
vt 10.49409 0.5246323
vt 10.49046 0.5334019
vt 10.42743 0.65516
vt 10.49046 0.6312137
vt 10.49409 0.6399833
vt 10.50286 0.6436156
vt 10.60503 0.6436156
vt 4.965243 2.044135
vt 10.30369 0.5334019
vt 10.30005 0.5246323
vt 10.30369 0.6312137
vt 10.30005 0.6399833
vt 10.29128 0.6436156
vt 10.29128 0.5209998
vt 10.16554 0.5082778
vt 10.18911 0.5209998
vt 10.18034 0.5246323
vt 10.17671 0.533402
vt 10.09514 0.6616515
vt 10.17671 0.6312137
vt 10.18034 0.6399832
vt 10.18911 0.6436156
vt 4.337667 2.044135
vt 10.29128 0.6436156
vt 10.09408 0.3373123
vt 10.18912 0.4938547
vt 10.18035 0.4902222
vt 10.17671 0.4814526
vt 10.29128 0.4938547
vt 10.30005 0.4902222
vt 10.30369 0.4814526
vt 10.17671 0.3847466
vt 10.18035 0.375977
vt 10.18911 0.3723446
vt 10.30369 0.3847466
vt 10.29128 0.3723446
vt 10.30005 0.3759771
vt 10.61743 0.533402
vt 10.61605 0.5336796
vt 10.61605 0.630936
vt 10.50834 0.6574814
vt 10.61266 0.6388501
vt 10.6138 0.6399833
vt 10.6138 0.5246323
vt 10.61605 0.5336796
vt 10.61743 0.533402
vt 10.61266 0.5257653
vt 10.60503 0.5209998
vt 10.60475 0.5223788
vt 10.50286 0.5209998
vt 10.50314 0.5223787
vt 10.49409 0.5246323
vt 10.49522 0.5257653
vt 10.49046 0.5334019
vt 10.49183 0.5336796
vt 10.49046 0.6312137
vt 10.49183 0.630936
vt 10.49409 0.6399833
vt 10.49522 0.6388501
vt 10.50286 0.6436156
vt 10.50314 0.6422368
vt 10.60503 0.6436156
vt 10.60475 0.6422368
vt 10.6138 0.6399833
vt 10.61266 0.6388501
vt 10.50514 0.5356844
vt 10.50114 0.5454644
vt 10.50114 0.6191511
vt 10.50514 0.628931
vt 10.51492 0.632934
vt 10.59296 0.6329341
vt 10.60274 0.628931
vt 10.51492 0.5316815
vt 10.60675 0.6191511
vt 10.61605 0.630936
vt 10.59296 0.5316815
vt 10.60675 0.5454644
vt 10.60274 0.5356845
vt 10.51526 0.6312137
vt 10.59263 0.6312137
vt 10.60139 0.6275813
vt 10.60503 0.6188116
vt 10.60503 0.5458039
vt 10.60139 0.5370343
vt 10.50649 0.6275813
vt 10.59263 0.533402
vt 10.50286 0.6188116
vt 10.51526 0.5334019
vt 10.50286 0.5458039
vt 10.50649 0.5370343
vt 10.50705 0.6270163
vt 10.5036 0.6186649
vt 10.5036 0.5459507
vt 10.50706 0.5375992
vt 10.51541 0.53414
vt 10.59248 0.53414
vt 10.60083 0.5375992
vt 10.60429 0.5459508
vt 10.60429 0.6186649
vt 10.60083 0.6270163
vt 10.59248 0.6304755
vt 10.51541 0.6304755
vt 4.965243 2.044135
vt 10.6138 0.6399833
vt 10.60503 0.6436156
vt 10.50834 0.6574814
vt 10.61743 0.533402
vt 10.6286 0.5082776
vt 10.6138 0.4902222
vt 10.60475 0.4924758
vt 10.60503 0.4938547
vt 10.61266 0.489089
vt 10.61743 0.4814526
vt 10.50314 0.4924758
vt 10.50286 0.4938547
vt 10.61605 0.4811748
vt 10.61743 0.3847466
vt 10.49522 0.489089
vt 10.49409 0.4902222
vt 10.61605 0.3850243
vt 10.6138 0.375977
vt 10.49183 0.4811748
vt 10.49046 0.4814526
vt 10.61266 0.3771099
vt 10.60503 0.3723446
vt 10.49183 0.3850243
vt 10.49046 0.3847466
vt 10.60475 0.3737234
vt 10.50286 0.3723446
vt 10.49522 0.37711
vt 10.49409 0.3759771
vt 10.50313 0.3737234
vt 10.50514 0.47917
vt 10.50114 0.4693902
vt 10.50114 0.3968091
vt 10.50514 0.3870292
vt 10.51492 0.3830262
vt 10.59296 0.3830262
vt 10.51492 0.483173
vt 10.60275 0.3870292
vt 10.59296 0.483173
vt 10.60675 0.3968091
vt 10.60275 0.47917
vt 10.60675 0.4693902
vt 10.59262 0.3847466
vt 10.60139 0.388379
vt 10.60503 0.3971487
vt 10.60503 0.4690506
vt 10.60139 0.4778202
vt 10.59263 0.4814526
vt 10.51526 0.3847466
vt 10.51526 0.4814526
vt 10.50649 0.388379
vt 10.50649 0.4778202
vt 10.50286 0.3971487
vt 10.50286 0.4690506
vt 10.59248 0.4807144
vt 10.51541 0.4807144
vt 10.50706 0.4772552
vt 10.60083 0.4772552
vt 10.5036 0.4689038
vt 10.60429 0.4689038
vt 10.5036 0.3972954
vt 10.60429 0.3972954
vt 10.50705 0.388944
vt 10.60083 0.388944
vt 10.51541 0.3854848
vt 10.59248 0.3854848
vt 10.18034 0.6399832
vt 10.17809 0.630936
vt 10.17671 0.6312137
vt 10.18148 0.63885
vt 10.18911 0.6436156
vt 10.17809 0.5336796
vt 10.17671 0.533402
vt 10.18939 0.6422368
vt 10.29128 0.6436156
vt 10.18148 0.5257653
vt 10.18034 0.5246323
vt 10.29101 0.6422368
vt 10.30005 0.6399833
vt 10.18939 0.5223788
vt 10.18911 0.5209998
vt 10.29101 0.5223787
vt 10.29128 0.5209998
vt 10.29892 0.6388501
vt 10.30369 0.6312137
vt 10.20118 0.5316815
vt 10.29892 0.5257653
vt 10.30005 0.5246323
vt 10.30231 0.630936
vt 10.30369 0.5334019
vt 10.30231 0.5336796
vt 10.27922 0.5316815
vt 10.289 0.5356844
vt 10.293 0.5454643
vt 10.293 0.6191511
vt 10.289 0.628931
vt 10.27922 0.6329341
vt 10.20118 0.632934
vt 10.1914 0.628931
vt 10.18739 0.6191511
vt 10.18739 0.5454644
vt 10.1914 0.5356845
vt 10.28765 0.6275814
vt 10.27888 0.6312137
vt 10.20152 0.6312137
vt 10.19275 0.6275813
vt 10.18911 0.6188116
vt 10.18911 0.5458039
vt 10.19275 0.5370343
vt 10.20152 0.533402
vt 10.27888 0.5334019
vt 10.28765 0.5370343
vt 10.29128 0.5458039
vt 10.29128 0.6188116
vt 10.18985 0.5459508
vt 10.19331 0.5375992
vt 10.20166 0.53414
vt 10.27874 0.53414
vt 10.28709 0.5375992
vt 10.29055 0.5459507
vt 10.29055 0.6186649
vt 10.18985 0.6186649
vt 10.28709 0.6270163
vt 10.19331 0.6270163
vt 10.27874 0.6304755
vt 10.20166 0.6304755
vt 10.30005 0.4902222
vt 10.29101 0.4924757
vt 10.29128 0.4938547
vt 10.29892 0.489089
vt 10.30369 0.4814526
vt 10.18939 0.4924758
vt 10.18912 0.4938547
vt 10.30231 0.4811747
vt 10.30369 0.3847466
vt 10.18148 0.489089
vt 10.18035 0.4902222
vt 10.30231 0.3850243
vt 10.30005 0.3759771
vt 10.17809 0.4811747
vt 10.17671 0.4814526
vt 10.29892 0.37711
vt 10.29128 0.3723446
vt 10.17809 0.3850243
vt 10.17671 0.3847466
vt 10.29101 0.3737234
vt 10.18911 0.3723446
vt 10.18148 0.37711
vt 10.18035 0.375977
vt 10.18939 0.3737234
vt 10.20118 0.3830262
vt 10.27922 0.3830262
vt 10.289 0.3870291
vt 10.293 0.3968091
vt 10.293 0.4693901
vt 10.289 0.4791699
vt 10.27922 0.483173
vt 10.20118 0.483173
vt 10.1914 0.4791699
vt 10.18739 0.4693901
vt 10.18739 0.3968091
vt 10.1914 0.3870291
vt 10.28765 0.4778202
vt 10.27888 0.4814526
vt 10.20152 0.4814526
vt 10.19275 0.4778202
vt 10.18911 0.4690506
vt 10.18911 0.3971487
vt 10.19275 0.388379
vt 10.20152 0.3847466
vt 10.27888 0.3847466
vt 10.28765 0.388379
vt 10.29128 0.3971487
vt 10.29128 0.4690506
vt 10.18985 0.3972954
vt 10.19331 0.388944
vt 10.20166 0.3854848
vt 10.27874 0.3854848
vt 10.28709 0.388944
vt 10.29055 0.3972954
vt 10.29055 0.4689038
vt 10.18985 0.4689038
vt 10.28709 0.4772552
vt 10.19331 0.4772552
vt 10.27874 0.4807144
vt 10.20166 0.4807144
vt 0 0
vt 0 0
vt 0 0
vt 0 0
vt 0 0
vt 0 0
vt 0 0
vt 0 0
vt 0 0
vt 0 0
vt 0 0
vt 0 0
vt 0 0
vt 0 0
vt 0 0
vt 0 0
vt 0 0
vt 0 0
vt 0 0
vt 0 0
vt 0 0
vt 0 0
vt 0 0
vt 0 0
vt 0 0
vt 0 0
vt 0 0
vt 0 0
vt 0 0
vt 0 0
vt 0 0
vt 0 0
vt 0 0
vt 0 0
vt 0 0
vt 0 0
vt 0 0
vt 0 0
vt 0 0
vt 0 0
vt 0 0
vt 0 0
vt 0 0
vt 0 0
vt 0 0
vt 0 0
vt 0 0
vt 0 0
vt 0 0
vt 0 0
vt 0 0
vt 0 0
vt 0 0
vt 0 0
vt 0 0
vt 0 0
vt 0 0
vt 0 0
vt 0 0
vt 0 0
vt 0 0
vt 0 0
vt 0 0
vt 0 0
vt 0 0
vt 0 0
vt 0 0
vt 0 0
vt 0 0
vt 0 0
vt 0 0
vt 0 0
vt 0 0
vt 0 0
vt 0 0
vt 0 0
vt 0 0
vt 0 0
vt 0 0
vt 0 0
vt 0 0
vt 0 0
vt 0 0
vt 0 0
vt 0 0
vt 0 0
vt 0 0
vt 0 0
vt 0 0
vt 0 0
vt 0 0
vt 0 0
vt 0 0
vt 0 0
vt 0 0
vt 0 0
vt 0 0
vt 0 0
vt 0 0
vt 0 0
vt 0 0
vt 0 0
vt 0 0
vt 0 0
vt 0 0
vt 0 0
vt 0 0
vt 0 0
vt 0 0
vt 0 0
vt 0 0
vt 0 0
vt 0 0
vt 0 0
vt 0 0
vt 0 0
vt 0 0
vt 0 0
vt 0 0
vt 0 0
vt 0 0
vt 0 0
vt 0 0
vt 0 0
vt 0 0
vt 0 0
vt 0 0
vt 0 0
vt 0 0
vt 0 0
vt 0 0
vt 0 0
vt 0 0
vt 0 0
vt 0 0
vt 0 0
vt 0 0
vt 0 0
vt 0 0
vt 0 0
vt 0 0
vt 0 0
vt 0 0
vt 0 0
vt 0 0
vt 0 0
vt 0 0
vt 0 0
vt 0 0
vt 0 0
vt 0 0
vt 0 0
vt 0 0
vt 0 0
vt 0 0
vt 0 0
vt 0 0
vt 0 0
vt 0 0
vt 0 0
vt 0 0
vt 0 0
vt 0 0
vt 0 0
vt 0 0
vt 0 0
vt 0 0
vt 0 0
vt 0 0
vt 0 0
vt 0 0
vt 0 0
vt 0 0
vt 0 0
vt 0 0
vt 0 0
vt 0 0
vt 0 0
vt 0 0
vt 0 0
vt 0 0
vt 0 0
vt 0 0
vt 0 0
vt 0 0
vt 0 0
vt 0 0
vt 0 0
vt 0 0
vt 0 0
vt 0 0
vt 0 0
vt 0 0
vt 0 0
vt 0 0
vt 0 0
vt 0 0
vt 0 0
vt 0 0
vt 0 0
vt 0 0
vt 0 0
vt 0 0
vt 0 0
vt 0 0
vt 0 0
vt 0 0
vt 0 0
vt 0 0
vt 0 0
vt 0 0
vt 0 0
vt 0 0
vt 0 0
vt 0 0
vt 0 0
vt 0 0
vt 0 0
vt 0 0
vt 0 0
vt 0 0
vt 0 0
vt 0 0
vt 0 0
vt 0 0
vt 0 0
vt 0 0
vt 0 0
vt 0 0
vt 0 0
vt 0 0
vt 0 0
vt 0 0
vt 0 0
vt 0 0
vt 0 0
vt 0 0
vt 0 0
vt 0 0
vt 0 0
vt 0 0
vt 0 0
vt 0 0
vt 0 0
vt 0 0
vt 0 0
vt 0 0
vt 0 0
vt 0 0
vt 0 0
vt 0 0
vt 0 0
vt 0 0
vt 0 0
vt 0 0
vt 0 0
vt 0 0
vt 0 0
vt 0 0
vt 0 0
vt 0 0
vt 0 0
vt 0 0
vt 0 0
vt 0 0
vt 0 0
vt 0 0
vt 0 0
vt 0 0
vt 0 0
vt 0 0
vt 0 0
vt 0 0
vt 0 0
vt 0 0
vt 0 0
vt 0 0
vt 0 0
vt 0 0
vt 0 0
vt 0 0
vt 0 0
vt 0 0
vt 0 0
vt 0 0
vt 0 0
vt 0 0
vt 0 0
vt 0 0
vt 0 0
vt 0 0
vt 0 0
vt 0 0
vt 0 0
vt 0 0
vt 0 0
vt 0 0
vt 0 0
vt 0 0
vt 0 0
vt 0 0
vt 0 0
vt 0 0
vt 0 0
vt 0 0
vt 0 0
vt 0 0
vt 0 0
vt 0 0
vt 0 0
vt 0 0
vt 0 0
vt 0 0
vt 0 0
vt 0 0
vt 0 0
vt 0 0
vt 0 0
vt 0 0
vt 0 0
vt 0 0
vt 0 0
vt 0 0
vt 0 0
vt 0 0
vt 0 0
vt 0 0
vt 0 0
vt 0 0
vt 0 0
vt 0 0
vt 0 0
vt 0 0
vt 0 0
vt 0 0
vt 0 0
vt 0 0
vt 0 0
vt 0 0
vt 0 0
vt 0 0
vt 0 0
vt 0 0
vt 0 0
vt 0 0
vt 0 0
vt 0 0
vt 0 0
vt 0 0
vt 0 0
vt 0 0
vt 0 0
vt 0 0
vt 0 0
vt 0 0
vt 0 0
vt 0 0
vt 0 0
vt 0 0
vt 0 0
vt 0 0
vt 0 0
vt 0 0
vt 0 0
vt 0 0
vt 0 0
vt 0 0
vt 0 0
vt 0 0
vt 0 0
vt 0 0
vt 0 0
vt 0 0
vt 0 0
vt 0 0
vt 0 0
vt 0 0
vt 0 0
vt 0 0
vt 0 0
vt 0 0
vt 0 0
vt 0 0
vt 0 0
vt 0 0
vt 0 0
vt 0 0
vt 0 0
vt 0 0
vt 0 0
vt 0 0
vt 0 0
vt 0 0
vt 0 0
vt 0 0
vt 0 0
vt 0 0
vt 0 0
vt 0 0
vt 0 0
vt 0 0
vt 0 0
vt 0 0
vt 0 0
vt 0 0
vt 0 0
vt 0 0
vt 0 0
vt 0 0
vt 0 0
vt 0 0
vt 0 0
vt 0 0
vt 0 0
vt 0 0
vt 0 0
vt 0 0
vt 0 0
vt 0 0
vt 0 0
vt 0 0
vt 0 0
vt 0 0
vt 0 0
vt 0 0
vt 0 0
vt 0 0
vt 0 0
vt 0 0
vt 0 0
vt 0 0
vt 0 0
vt 0 0
vt 0 0
vt 0 0
vt 0 0
vt 0 0
vt 0 0
vt 0 0
vt 0 0
vt 0 0
vt 0 0
vt 0 0
vt 0 0
vt 0 0
vt 0 0
vt 0 0
vt 0 0
vt 0 0
vt 0 0
vt 0 0
vt 0 0
vt 0 0
vt 0 0
vt 0 0
vt 0 0
vt 0 0
vt 0 0
vt 0 0
vt 0 0
vt 0 0
vt 0 0
vt 0 0
vt 0 0
vt 0 0
vt 0 0
vt 0 0
vt 0 0
vt 0 0
vt 0 0
vt 0 0
vt 0 0
vt 0 0
vt 0 0
vt 0 0
vt 0 0
vt 0 0
vt 0 0
vt 0 0
vt 0 0
vt 0 0
vt 0 0
vt 0 0
vt 0 0
vt 0 0
vt 0 0
vt 0 0
vt 0 0
vt 0 0
vt 0 0
vt 0 0
vt 0 0
vt 0 0
vt 0 0
vt 0 0
vt 0 0
vt 0 0
vt 0 0
vt 0 0
vt 0 0
vt 0 0
vt 0 0
vt 0 0
vt 0 0
vt 0 0
vt 0 0
vt 0 0
vt 0 0
vt 0 0
vt 0 0
vt 0 0
vt 0 0
vt 0 0
vt 0 0
vt 0 0
vt 0 0
vt 0 0
vt 0 0
vt 0 0
vt 0 0
vn -1 0 0
vn -1 0 0
vn -1 0 0
vn -1 0 0
vn 0 0 1
vn 0 0 1
vn 0 0 1
vn 0 0 1
vn 0 0 1
vn 0 0 1
vn 0 1 0
vn 0 1 0
vn 0 1 0
vn 0 1 0
vn 0 1 0
vn 0 1 0
vn 0 1 0
vn 0 1 0
vn 0 1 0
vn 0 1 0
vn 1 0 0
vn 1 0 0
vn 1 0 0
vn 1 0 0
vn 0 0 -1
vn 0 0 -1
vn 0 0 -1
vn 0 0 -1
vn 0 0 -1
vn 0 0 -1
vn 0 -1 0
vn 0 -1 0
vn 0 -1 0
vn 0 -1 0
vn 0 -1 0
vn 0 -1 0
vn 0 1 0
vn 0 1 0
vn 0 1 0
vn 0 1 0
vn 0 1 0
vn 0 1 0
vn 0 1 0
vn 0 1 0
vn 0 1 0
vn 0 1 0
vn 0 1 0
vn 0 1 0
vn 0 1 0
vn 1 0 0
vn 1 0 0
vn 1 0 0
vn 1 0 0
vn -1 0 0
vn -1 0 0
vn -1 0 0
vn -1 0 0
vn 1 0 0
vn 1 0 0
vn 1 0 0
vn 1 0 0
vn 0 0 1
vn 0 0 1
vn 0 0 1
vn 0 0 1
vn 0 0 1
vn 0 0 1
vn 0 -1 0
vn 0 -1 0
vn 0 -1 0
vn 0 -1 0
vn 0 -1 0
vn 0 -1 0
vn 0 1 0
vn 0 1 0
vn 0 1 0
vn 0 1 0
vn 0 1 0
vn 0 1 0
vn 0 0 -1
vn 0 0 -1
vn 0 0 -1
vn 0 0 -1
vn 0 0 -1
vn 0 0 -1
vn -1 0 0
vn -1 0 0
vn -1 0 0
vn -1 0 0
vn 0 0 -1
vn 0 0 -1
vn 0 0 -1
vn 0 0 -1
vn 1 0 0
vn 1 0 0
vn 1 0 0
vn 1 0 0
vn 1 0 0
vn 1 0 0
vn -1 0 0
vn -1 0 0
vn -1 0 0
vn -1 0 0
vn 1 0 0
vn 1 0 0
vn 0 -1 0
vn 0 -1 0
vn 0 -1 0
vn 0 -1 0
vn 0 -1 0
vn 0 -1 0
vn 0 -1 0
vn 0 -1 0
vn 0 -1 0
vn 0 -1 0
vn 0 -1 0
vn 0 0 -1
vn 0 0 -1
vn 0 1 0
vn 0 1 0
vn 0 1 0
vn 0 1 0
vn 0 1 0
vn 0 1 0
vn 0 1 0
vn 0 1 0
vn 0 1 0
vn 0 1 0
vn 0 1 0
vn 0 1 0
vn 0 1 0
vn 0 1 0
vn 0 1 0
vn 0 1 0
vn 0 1 0
vn 0 1 0
vn -1 0 0
vn -1 0 0
vn 1 7.357938E-06 7.646972E-07
vn 1 1.037827E-05 1.061704E-06
vn 1 1.037827E-05 1.061704E-06
vn 1 1.616638E-05 2.167583E-07
vn 1 1.336214E-06 1.429065E-07
vn 1 1.165331E-06 0
vn 1 1.673845E-05 2.218622E-06
vn 1 1.10517E-06 2.380905E-07
vn 1 0 0
vn 1 0 0
vn 1 1.056664E-05 1.331949E-05
vn 1 0 5.949165E-07
vn 1 0 0
vn 1 0 0
vn 1 0 2.942185E-07
vn 1 0 1.783422E-05
vn 1 0 0
vn 1 0 0
vn 1 0 1.78342E-05
vn 1 0 2.77256E-07
vn 1 0 0
vn 1 0 0
vn 1 -1.578167E-07 0
vn 1 0 0
vn 1 -3.656652E-07 0
vn 1 0 0
vn 1 0 0
vn 1 0 0
vn 1 0 1.982296E-07
vn 1 1.384721E-07 1.414583E-06
vn 1 0 2.342877E-07
vn 1 3.195881E-07 1.484283E-05
vn 1 0 2.77256E-07
vn 1 0 1.78342E-05
vn -0.07623944 0.9945998 -0.07041877
vn 0 1 1.808624E-06
vn 0 0.9577611 -0.2875649
vn 0 1 1.723495E-06
vn 0 1 -1.723501E-06
vn -0.07623761 0.9945999 0.07041882
vn 0 0.9577628 0.2875595
vn 0 1 -1.808597E-06
vn 0 0 1
vn 0 0 1
vn 0 0 1
vn 0 0 1
vn -0.005667044 0.6759683 0.7369089
vn 0 0.7021392 0.7120397
vn 0 0.6696203 0.7427036
vn -0.001020172 0.7007837 0.7133731
vn -0.001015997 0.7066571 0.7075555
vn -0.006155347 0.7116629 0.7024941
vn 0 0.713461 0.7006949
vn 0 0.7064123 0.7078006
vn 0 0.494004 0.8694596
vn 0 0.494004 0.8694596
vn 0 0.494004 0.8694596
vn 0 0.494004 0.8694596
vn -1.29046E-06 0.01016158 -0.9999484
vn 0 0.1128547 -0.9936115
vn 0 0.1128547 -0.9936115
vn 0 0.01016168 -0.9999484
vn 0 1 0
vn 0 1 0
vn 0 1 0
vn 0 1 0
vn 0 0 1
vn 0 0 1
vn 0 0 1
vn 0 0 1
vn 0 0 1
vn 0 0 1
vn 0 0 1
vn 0 0 1
vn 0 0 1
vn 0 0 1
vn 0 0 1
vn 0 0 1
vn 0 0 1
vn 0 0 1
vn 0 0 1
vn 0 0 1
vn 0 0 1
vn 0 0 1
vn 0 0 1
vn 0 0 1
vn 0 1 0
vn 0 1 0
vn 0 1 0
vn 0 1 0
vn 0 1 0
vn 0 1 0
vn 0 1 0
vn -1 0 -1.51103E-07
vn -1 0 -1.51103E-07
vn -1 0 -1.51103E-07
vn -1 0 -1.51103E-07
vn 0 -1 0
vn 0 -1 0
vn 0 -1 0
vn 0 -1 0
vn 0 -1 0
vn 0 -1 0
vn 0 -1 0
vn 0 0 1
vn 0 0 1
vn 0 0 1
vn 0 0 1
vn 0 0 1
vn 0 0 1
vn 0 -1 0
vn 0 -1 0
vn 0 -1 0
vn 0 -1 0
vn 6.567569E-07 1 0
vn 0 1 -5.058775E-07
vn 0 1 -5.058775E-07
vn 6.567569E-07 1 0
vn 0 0 1
vn 0 0 1
vn 0 0 1
vn 0 0 1
vn -5.029575E-07 0 1
vn 0 0 1
vn 0 0 1
vn 0 0 1
vn 0 0 1
vn 0 0 1
vn 0 0 1
vn 0 0 1
vn 0 0 1
vn 0 0 1
vn 0 0 1
vn 0 0 1
vn 0 0 1
vn -1 0 0
vn -1 0 0
vn -1 0 0
vn -1 0 0
vn -1 0 0
vn -1 0 0
vn -1 0 0
vn -1 0 0
vn 0 0 1
vn 0 0 1
vn 0 0 1
vn 0 0 1
vn 0 0 1
vn 0 0 1
vn 0 0 1
vn 0 0 1
vn 0 0 1
vn 0 -1 0
vn 0 -1 0
vn 0 -1 0
vn 0 -1 0
vn 0 -1 0
vn 0 -1 0
vn -1 0 0
vn -1 0 0
vn -1 0 0
vn -1 0 0
vn 0 1 0
vn 0 1 0
vn 0 1 0
vn 0 1 0
vn 0 1 0
vn 0 1 0
vn 0 1 0
vn 0 0 1
vn 0 0 1
vn 0 0 1
vn 0 0 1
vn 0 0 1
vn -5.029575E-07 0 1
vn -0.02649533 -0.9996489 0
vn -0.3826852 -0.9238788 0
vn -0.7070171 -0.7070177 0.0159016
vn -0.02638843 -0.999505 0.01713006
vn 0 -1 0
vn 0 -0.9998381 0.01799305
vn 0 -0.9238794 0.3826837
vn -0.01572714 -0.6947476 0.7190816
vn -0.5563896 -0.5563918 0.6171376
vn 0.02770339 -0.9994695 0.01712616
vn 0 -0.9998381 0.01799305
vn 0.01653106 -0.6949076 0.718909
vn 0.7070175 -0.7070173 0.01590161
vn 0.5563895 -0.5563917 0.6171378
vn 0.02781509 -0.9996131 0
vn 0.3826856 -0.9238786 0
vn 0 -1 0
vn 0 -0.9998381 0.01799305
vn -0.9996835 0.02515621 0
vn -0.9238795 0.3826833 0
vn -0.7070172 0.7070177 0.0159016
vn -0.9995399 0.02505655 0.01709761
vn -0.6937612 0.0149033 0.7200509
vn -0.556388 0.556389 0.6171415
vn -0.6937599 -0.01490314 0.7200521
vn -0.9995399 -0.02505655 0.01709761
vn -0.9996835 -0.02515621 0
vn -0.5563896 -0.5563918 0.6171376
vn -0.9238791 -0.3826844 0
vn -0.7070171 -0.7070177 0.0159016
vn -1 -8.235814E-06 -7.646972E-07
vn -1 -1.228366E-05 -1.061704E-06
vn -1 -1.228366E-05 -1.061704E-06
vn -1 -1.631207E-05 -2.167583E-07
vn -1 -1.336214E-06 -1.429065E-07
vn -1 -1.682053E-06 0
vn -1 0 0
vn -1 0 0
vn -1 -1.736033E-06 -2.38091E-07
vn -1 -1.716958E-05 -2.218625E-06
vn -1 0 0
vn -1 0 0
vn -1 -1.25479E-05 -1.33195E-05
vn -1 -5.597005E-07 -5.949175E-07
vn -1 0 0
vn -1 0 0
vn -1 0 -2.942188E-07
vn -1 0 -1.783422E-05
vn -1 0 0
vn -1 0 0
vn -1 -1.160416E-07 0
vn -1 -1.597893E-07 0
vn -1 -3.085301E-07 0
vn -1 -2.649825E-07 0
vn -1 0 -1.78342E-05
vn -1 0 -2.772556E-07
vn -1 0 0
vn -1 0 0
vn -1 0 -2.772561E-07
vn -1 0 -1.783421E-05
vn -1 -3.19589E-07 -1.484284E-05
vn -1 0 -2.342884E-07
vn -1 -1.384721E-07 -1.414584E-06
vn -1 0 -1.982296E-07
vn 0.07623779 0.9945999 -0.07041925
vn 0 0.9577611 -0.2875649
vn 0 1 1.808624E-06
vn 0 1 0
vn 0.07623634 0.9946001 0.0704188
vn 0 1 0
vn 0 0.9577628 0.2875595
vn 0 1 -1.808597E-06
vn 0 0 1
vn 0 0 1
vn 0 0 1
vn 0 0 1
vn 0.005667065 0.6759646 0.7369124
vn 0 0.6696203 0.7427036
vn 0 0.7021392 0.7120397
vn 0.001020136 0.700783 0.7133738
vn 0.001015963 0.7066571 0.7075555
vn 0.006155385 0.7116627 0.7024944
vn 0 0.713461 0.7006949
vn 0 0.7064123 0.7078006
vn 0 0.494004 0.8694596
vn 0 0.494004 0.8694596
vn 0 0.494004 0.8694596
vn 0 0.494004 0.8694596
vn 1.296058E-06 0.01016177 -0.9999484
vn 0 0.01016168 -0.9999484
vn 0 0.1128547 -0.9936115
vn 0 0.1128546 -0.9936115
vn 0 1 0
vn 0 1 0
vn 0 1 0
vn 0 1 0
vn 0 0 1
vn 0 0 1
vn 0 0 1
vn 3.718839E-07 0 1
vn 0 0 1
vn 0 0 1
vn 0 0 1
vn 0 0 1
vn 0 0 1
vn 1.145312E-07 0 1
vn 0 0 1
vn 0 0 1
vn 0 0 1
vn 1.023252E-07 0 1
vn 1.145312E-07 0 1
vn 0 0 1
vn 0 0 1
vn 0 0 1
vn 1.023252E-07 0 1
vn 0 0 1
vn 1 0 -1.51103E-07
vn 1 0 -1.51103E-07
vn 1 0 -1.51103E-07
vn 1 0 -1.51103E-07
vn 0 -1 0
vn 0 -1 0
vn 0 -1 0
vn 0 -1 0
vn -6.098458E-07 1 -1.011755E-06
vn -6.098458E-07 1 -1.011755E-06
vn 0 1 -5.058775E-07
vn 0 1 -5.058775E-07
vn 0 0 1
vn 0 0 1
vn 0 0 1
vn 0 0 1
vn 9.20382E-07 0 1
vn 0 0 1
vn 0 0 1
vn 0 0 1
vn 0 0 1
vn 3.718839E-07 0 1
vn 0 0 1
vn 6.709357E-07 0 1
vn 6.709358E-07 0 1
vn 0 0 1
vn 0 0 1
vn 0 0 1
vn 0 0 1
vn 1 0 0
vn 1 0 0
vn 1 0 0
vn 1 0 0
vn 1 0 0
vn 1 0 0
vn 1 0 0
vn 1 0 0
vn 0 0 1
vn 0 0 1
vn 0 0 1
vn 0 0 1
vn 0 0 1
vn 0 0 1
vn 0 0 1
vn 0 0 1
vn 7.54549E-07 0 1
vn 1 0 0
vn 1 0 0
vn 1 0 0
vn 1 0 0
vn 0 0 1
vn 7.54549E-07 0 1
vn 0 0 1
vn 0 0 1
vn 0 0 1
vn 9.20382E-07 0 1
vn 0.02770187 0.9994696 0.01712593
vn 0 0.9998381 0.01799278
vn 0 1 0
vn 0.02781355 0.9996132 0
vn 0.3826831 0.9238797 0
vn 0.7070175 0.7070173 0.01590157
vn 0.5563881 0.5563889 0.6171415
vn 0.0165303 0.694905 0.7189115
vn 0 0.9998381 0.01799278
vn 0 0.9238815 0.3826787
vn 0 0.9998381 0.01799278
vn -0.01572643 0.6947457 0.7190835
vn -0.02638699 0.999505 0.01712978
vn 0 1 0
vn -0.556388 0.556389 0.6171415
vn -0.02649387 0.999649 0
vn -0.7070172 0.7070177 0.0159016
vn -0.3826827 0.9238798 0
vn 0.9996835 0.02515621 0
vn 0.7070175 0.7070173 0.01590157
vn 0.9238795 0.3826833 0
vn 0.9995399 0.02505655 0.01709761
vn 0.6937613 0.01490334 0.7200508
vn 0.5563881 0.5563889 0.6171415
vn 0.69376 -0.01490317 0.7200521
vn 0.9995399 -0.02505656 0.01709761
vn 0.9996835 -0.02515621 0
vn 0.5563895 -0.5563917 0.6171378
vn 0.9238791 -0.3826844 0
vn 0.7070175 -0.7070173 0.01590161
vn -0.01522942 0.6720198 0.7403765
vn -0.5047759 0.7003473 0.5046929
vn -0.6478034 0.4027553 0.6466365
vn -0.01789291 0.3405631 0.9400514
vn -0.6493711 -0.4020464 0.6455044
vn 0 0.6705915 0.7418268
vn -0.01789285 -0.3405628 0.9400515
vn -0.5088244 -0.6986702 0.5029491
vn -0.01522931 -0.6720198 0.7403765
vn 0 0.323617 0.9461882
vn 0 -0.3236169 0.9461882
vn 0 -0.670592 0.7418263
vn 0.01599083 -0.6720873 0.7402993
vn 0.01879395 -0.3406976 0.939985
vn 0.5088253 -0.6986747 0.5029418
vn 0.6493691 -0.4020501 0.6455042
vn 0.01879396 0.3406973 0.9399852
vn 0.01599086 0.6720861 0.7403003
vn 0.6478004 0.402758 0.646638
vn 0.5047755 0.7003505 0.5046889
vn -0.7445957 -0.6674142 0.01164233
vn -0.5088244 -0.6986702 0.5029491
vn -0.6493711 -0.4020464 0.6455044
vn -0.9416058 -0.3364351 0.01377943
vn -0.7457274 -0.6662513 0
vn -0.6478034 0.4027553 0.6466365
vn -0.9473782 -0.3201165 0
vn -0.9406438 0.3391114 0.01388132
vn -0.5047759 0.7003473 0.5046929
vn -0.946588 0.3224457 0
vn -0.7375102 0.6752323 0.01183124
vn -0.738554 0.6741943 0
vn 0 0 1
vn 0 0 1
vn 0 0 1
vn 0 0 1
vn 0.7445944 -0.6674156 0.01164246
vn 0.6493691 -0.4020501 0.6455042
vn 0.5088253 -0.6986747 0.5029418
vn 0.9416054 -0.3364364 0.0137799
vn 0.7457262 -0.6662525 0
vn 0.6478004 0.402758 0.646638
vn 0.9473778 -0.3201176 0
vn 0.9406435 0.3391124 0.01388181
vn 0.5047755 0.7003505 0.5046889
vn 0.9465878 0.3224462 0
vn 0.7375094 0.6752333 0.01183141
vn 0.7385534 0.6741949 0
vn 0 0 1
vn 0 0 1
vn 0 0 1
vn 0 0 1
vn -0.01522936 0.6720228 0.7403739
vn -0.5088246 0.6986715 0.502947
vn -0.6493713 0.4020475 0.6455035
vn -0.01789287 0.3405631 0.9400514
vn -0.6493715 -0.4020462 0.6455042
vn 0 0.6705945 0.7418242
vn -0.01789287 -0.3405616 0.9400519
vn -0.5088263 -0.6986683 0.5029497
vn -0.01522941 -0.6720185 0.7403777
vn 0 0.3236169 0.9461882
vn 0 -0.3236159 0.9461886
vn 0 -0.670591 0.7418272
vn 0.01599083 -0.6720864 0.7403001
vn 0.01879392 -0.3406966 0.9399854
vn 0.5088263 -0.6986709 0.5029461
vn 0.6493684 -0.4020482 0.6455059
vn 0.01879392 0.3406975 0.9399852
vn 0.01599079 0.6720891 0.7402975
vn 0.6493682 0.4020503 0.6455048
vn 0.5088243 0.698675 0.5029424
vn -0.7445997 -0.6674098 0.01164239
vn -0.5088263 -0.6986683 0.5029497
vn -0.6493715 -0.4020462 0.6455042
vn -0.9416062 -0.3364341 0.01377944
vn -0.7457314 -0.6662467 0
vn -0.6493713 0.4020475 0.6455035
vn -0.9473785 -0.3201156 0
vn -0.9416058 0.336435 0.01377941
vn -0.5088246 0.6986715 0.502947
vn -0.9473782 0.3201165 0
vn -0.7445971 0.6674128 0.01164231
vn -0.7457287 0.6662496 0
vn 0 0 1
vn 0 0 1
vn 0 0 1
vn 0 0 1
vn 0.7445984 -0.6674111 0.01164264
vn 0.6493684 -0.4020482 0.6455059
vn 0.5088263 -0.6986709 0.5029461
vn 0.9416058 -0.3364353 0.01377998
vn 0.7457303 -0.6662479 0
vn 0.6493682 0.4020503 0.6455048
vn 0.9473782 -0.3201167 0
vn 0.9416055 0.336436 0.01377992
vn 0.5088243 0.698675 0.5029424
vn 0.9473779 0.3201171 0
vn 0.7445962 0.6674137 0.0116425
vn 0.7457281 0.6662503 0
vn -9.188643E-07 0 1
vn -9.188643E-07 0 1
vn -9.188643E-07 0 1
vn -9.188643E-07 0 1
vn 0 -0.02149888 0.9997689
vn 0 -0.3826821 0.9238801
vn -0.01572714 -0.6947476 0.7190816
vn 0.01653106 -0.6949076 0.718909
vn -0.01925501 -0.01821386 0.9996487
vn -0.5563896 -0.5563918 0.6171376
vn -0.6937599 -0.01490314 0.7200521
vn -0.6937612 0.0149033 0.7200509
vn 0.02022068 -0.01821125 0.9996296
vn 0.5563895 -0.5563917 0.6171378
vn 0.69376 -0.01490317 0.7200521
vn 0.6937613 0.01490334 0.7200508
vn -0.01925523 0.01821389 0.9996487
vn -0.556388 0.556389 0.6171415
vn -0.01572643 0.6947457 0.7190835
vn 0 0.3826768 0.9238824
vn 0 0.02149886 0.9997689
vn 0.02022091 0.01821129 0.9996296
vn 0.5563881 0.5563889 0.6171415
vn 0.0165303 0.694905 0.7189115
vn 1 0 2.342877E-07
vn 1 0 0
vn 1 0 1.982296E-07
vn 1 0 0
vn 1 -3.656652E-07 0
vn 1 -1.578167E-07 0
vn 1 0 2.77256E-07
vn 1 0 0
vn 1 0 0
vn 1 0 2.77256E-07
vn 1 0 0
vn 1 0 0
vn 1 0 0
vn 1 0 0
vn 1 0 0
vn 1 0 2.942185E-07
vn 1 0 2.77256E-07
vn 1 0 5.949165E-07
vn 1 -4.356979E-07 0
vn 1 1.10517E-06 2.380905E-07
vn 1 0 0
vn 1 1.165331E-06 0
vn 1 1.336214E-06 1.429065E-07
vn 0 0.9960759 -0.08850304
vn -0.07623944 0.9945998 -0.07041877
vn 0 0.9577611 -0.2875649
vn -0.1413056 0.9813239 -0.1305221
vn -0.1469462 0.9797877 0.135731
vn -0.07623761 0.9945999 0.07041882
vn 0 0.9958385 0.09113581
vn 0 0.9577628 0.2875595
vn -2.8819E-06 0 -1
vn 0 6.059429E-07 -1
vn 0 0 -1
vn -2.610702E-06 6.059428E-07 -1
vn 0 4.82366E-07 -1
vn -2.436781E-06 4.82366E-07 -1
vn -2.434296E-06 3.197993E-07 -1
vn 0 3.197993E-07 -1
vn 0 0 -1
vn -2.811173E-06 0 -1
vn -1.710635E-06 -5.783065E-06 -1
vn 0 -5.783067E-06 -1
vn -1.29046E-06 0.01016158 -0.9999484
vn 0 0.01016168 -0.9999484
vn 0 -1 0
vn 0 -1 0
vn 0 -1 0
vn 0 -1 0
vn 0 -1 0
vn 0 -1 0
vn -0.001020172 0.7007837 0.7133731
vn -0.001015997 0.7066571 0.7075555
vn 0 0.7064123 0.7078006
vn 0 0.7021392 0.7120397
vn 0 0.9960759 -0.08850304
vn 0 0.9577611 -0.2875649
vn 0.07623779 0.9945999 -0.07041925
vn 0.1413064 0.981324 -0.130521
vn 0.1469469 0.9797877 0.1357299
vn 0.07623634 0.9946001 0.0704188
vn 0 0.9958385 0.09113581
vn 0 0.9577628 0.2875595
vn 2.8819E-06 0 -1
vn 0 0 -1
vn 0 6.059429E-07 -1
vn 2.616588E-06 6.059428E-07 -1
vn 0 4.82366E-07 -1
vn 2.443808E-06 4.82366E-07 -1
vn 2.440149E-06 3.197993E-07 -1
vn 0 3.197993E-07 -1
vn 0 0 -1
vn 2.813388E-06 0 -1
vn 1.717911E-06 -5.783065E-06 -1
vn 0 -5.783067E-06 -1
vn 1.296058E-06 0.01016177 -0.9999484
vn 0 0.01016168 -0.9999484
vn 0 -1 0
vn 0 -1 0
vn 0 -1 0
vn 0 -1 0
vn 0 -1 0
vn 0 -1 0
vn 0.001020136 0.700783 0.7133738
vn 0 0.7021392 0.7120397
vn 0 0.7064123 0.7078006
vn 0.001015963 0.7066571 0.7075555
vn -1 0 0
vn -1 -1.336214E-06 -1.429065E-07
vn -1 -1.682053E-06 0
vn -1 0 0
vn -1 0 0
vn -1 -5.597005E-07 -5.949175E-07
vn -1 -1.736033E-06 -2.38091E-07
vn -1 0 -2.942188E-07
vn -1 0 0
vn -1 0 -2.772556E-07
vn -1 0 0
vn -1 0 0
vn -1 0 -2.772561E-07
vn -1 0 0
vn -1 0 0
vn -1 0 -2.342884E-07
vn -1 0 0
vn -1 -1.160416E-07 0
vn -1 0 -1.982296E-07
vn -1 -3.085301E-07 0
vn -1 0 0
vn 0 1 0
vn -0.1469462 0.9797877 0.135731
vn -0.1413056 0.9813239 -0.1305221
vn 0 1 0
vn 0 1 0
vn 0 1 1.117907E-05
vn 0 1 1.145227E-06
vn 0 1 1.41935E-06
vn 0 0.9960759 -0.08850304
vn 0 1 8.996979E-07
vn 0 1 -6.98416E-06
vn 0 1 -1.270188E-07
vn 0 1 2.502633E-07
vn 0 1 4.81852E-06
vn 0 1 4.763343E-06
vn 0 1 1.41559E-07
vn 0 1 0
vn 0 1 -4.049408E-06
vn 0 1 0
vn 0 1 0
vn 0 1 -4.057137E-06
vn 0 1 0
vn 0 1 0
vn 0 0.9958385 0.09113581
vn 0 1 4.692628E-07
vn 0 1 7.449596E-06
vn 0 1 0
vn 0 1 -3.384961E-07
vn -0.1469462 0.9797877 0.135731
vn 0 1 -2.766783E-07
vn 0 1 1.428208E-05
vn 0 1 -2.769514E-07
vn 0 1 0
vn 0 1 -1.669555E-06
vn 0 1 1.495506E-06
vn 0 1 0
vn 0 1 9.628981E-07
vn 0 1 -1.261529E-06
vn 0 1 0
vn 0.1469469 0.9797877 0.1357299
vn 0 1 5.966531E-07
vn 0 1 5.823716E-06
vn 0 1 -1.64907E-06
vn 0 0.9958385 0.09113581
vn 0 1 -1.669555E-06
vn 0.1413064 0.981324 -0.130521
vn 0 1 1.985728E-06
vn 0 1 0
vn 0 1 0
vn 0 1 1.445576E-06
vn 0 1 -1.481344E-05
vn 0 1 5.145992E-07
vn 0 1 0
vn 0 1 0
vn 0 1 -1.799366E-06
vn 0 1 5.169211E-07
vn 0 1 -1.799396E-06
vn 0 1 0
vn -0.7553714 0.6548979 -0.02286176
vn -0.656411 0.753193 -0.04271767
vn -0.6564102 0.7531938 0.04271765
vn -0.7553711 0.6548985 0.02285974
vn -0.380088 0.8432478 0.3800871
vn -0.5038796 0.7015963 0.5038533
vn -0.5038999 0.7015778 -0.5038585
vn -0.656411 0.753193 -0.04271767
vn -0.7553714 0.6548979 -0.02286176
vn -0.3800898 0.8432445 -0.3800929
vn -0.02196597 0.6547502 -0.7555261
vn -0.04112217 0.7523404 -0.6574898
vn 0.02196582 0.6547497 -0.7555266
vn 0.04112227 0.7523404 -0.6574899
vn 0.5039014 0.70158 -0.5038541
vn 0.3800896 0.843245 -0.3800919
vn 0.7553738 0.6548951 -0.02286034
vn 0.6564118 0.7531925 -0.04271675
vn 0.7553737 0.6548954 0.02285924
vn 0.6564109 0.7531932 0.04271698
vn 0.5038795 0.7015956 0.5038542
vn 0.3800882 0.8432483 0.3800859
vn 0.02196676 0.6547486 0.7555275
vn 0.04112343 0.7523441 0.6574854
vn -0.02196684 0.6547489 0.7555272
vn -0.04112323 0.752344 0.6574857
vn -0.5038796 0.7015963 0.5038533
vn -0.380088 0.8432478 0.3800871
vn 0.3490892 0.8696383 -0.3490932
vn 0.6329147 0.7741241 -0.01227562
vn 0.6329145 0.7741243 0.01227531
vn 0.3490912 0.8696389 0.3490896
vn 0.01172104 0.7738799 0.6332239
vn -0.01172109 0.7738796 0.6332242
vn -0.3490909 0.8696385 0.3490908
vn 0.01172051 0.7738757 -0.6332291
vn -0.6329145 0.7741244 0.0122754
vn -0.6564102 0.7531938 0.04271765
vn -0.01172058 0.7738755 -0.6332293
vn -0.6329146 0.7741243 -0.01227576
vn -0.3490893 0.8696383 -0.3490928
vn 0.01448129 0.9178545 0.3966528
vn -0.01448095 0.9178536 0.396655
vn -0.2571983 0.931501 0.2572062
vn -0.3964075 0.9179486 0.01522042
vn -0.396408 0.9179483 -0.01522052
vn -0.2571972 0.9315066 -0.2571869
vn 0.2572017 0.9315003 0.2572054
vn -0.01448133 0.9178542 -0.3966537
vn 0.396415 0.9179453 0.01522234
vn 0.01448155 0.9178542 -0.3966533
vn 0.3964159 0.9179448 -0.01522172
vn 0.2572014 0.9315039 -0.2571925
vn 0.0001305123 1 0.0001304818
vn 0.0007482722 0.9999998 2.945932E-05
vn 0.0007482766 0.9999998 -2.945529E-05
vn 0.0001305073 1 -0.0001304976
vn 2.944062E-05 0.9999998 -0.0007871816
vn -2.94408E-05 0.9999998 -0.0007871709
vn -0.0001305076 1 -0.0001304701
vn -0.0007482755 0.9999998 -2.944523E-05
vn -0.0007482704 0.9999998 2.944567E-05
vn -0.0001305116 1 0.0001304785
vn -2.943959E-05 0.9999998 0.0007871821
vn 2.943965E-05 0.9999998 0.0007871705
vn -0.1469462 0.9797877 0.135731
vn 0 1 -1.437845E-05
vn 0 1 -3.384961E-07
vn 0 1 0
vn 0 1 0
vn 0 1 0
vn -0.5038742 0.7016031 0.503849
vn -0.04112381 0.7523414 0.6574885
vn -0.02196671 0.6547527 0.7555238
vn -0.3800904 0.8432466 0.3800873
vn -0.7553295 0.6549379 0.02310172
vn 0.04112393 0.7523417 0.6574883
vn 0.02196664 0.6547526 0.7555242
vn -0.6561245 0.7534186 0.0431403
vn -0.7553313 0.6549359 -0.02310073
vn 0.3800902 0.8432474 0.3800859
vn 0.5038748 0.7016027 0.5038491
vn -0.6561233 0.7534195 -0.04314167
vn -0.5039002 0.7015772 -0.503859
vn 0.6561239 0.7534192 0.04313951
vn 0.755329 0.6549385 0.0231013
vn -0.3800898 0.8432444 -0.3800929
vn -0.02196589 0.6547539 -0.7555229
vn 0.656123 0.7534198 -0.04314008
vn 0.7553307 0.6549366 -0.02309923
vn -0.04112209 0.7523411 -0.6574891
vn 0.02196575 0.6547536 -0.7555232
vn 0.38009 0.8432454 -0.3800904
vn 0.5039009 0.7015807 -0.5038536
vn 0.04112214 0.7523411 -0.6574889
vn 0.3490919 0.8696383 0.3490906
vn 0.6328296 0.7741914 0.0124246
vn 0.6328296 0.7741914 -0.01242451
vn 0.3490896 0.8696388 -0.3490916
vn 0.01172047 0.7738756 -0.6332291
vn -0.01172057 0.7738755 -0.6332293
vn 0.01172113 0.7738759 0.6332287
vn -0.3490893 0.8696383 -0.3490928
vn -0.0117212 0.7738758 0.633229
vn -0.6328291 0.7741919 -0.01242484
vn -0.3490922 0.8696375 0.349092
vn -0.6328292 0.7741917 0.01242471
vn -0.01448132 0.9178542 -0.3966537
vn -0.2571973 0.9315066 -0.2571869
vn -0.3963507 0.9179697 -0.01542054
vn -0.3963508 0.9179697 0.01541978
vn -0.2571951 0.931506 0.2571912
vn -0.01448091 0.91786 0.3966401
vn 0.01448154 0.9178542 -0.3966533
vn 0.01448126 0.9178609 0.3966379
vn 0.2572015 0.9315038 -0.2571924
vn 0.2571999 0.9315047 0.2571909
vn 0.3963602 0.9179656 -0.01542174
vn 0.3963603 0.9179656 0.01542182
vn -2.978167E-05 0.9999998 0.0007958948
vn 2.97819E-05 0.9999998 0.0007958836
vn 0.0001320254 1 0.0001316142
vn -0.0001320249 1 0.0001316105
vn 0.0007469906 0.9999998 2.941779E-05
vn -0.000746987 0.9999998 2.940412E-05
vn 0.0007469884 0.9999998 -3.018159E-05
vn -0.0007469849 0.9999998 -3.017141E-05
vn 0.0001320219 1 -0.0001323971
vn -0.0001320222 1 -0.0001323693
vn 2.978124E-05 0.9999998 -0.0007966738
vn -2.978143E-05 0.9999998 -0.0007966628
vn 0.5038754 0.7015949 0.5038592
vn 0.65641 0.753194 0.04271808
vn 0.7553713 0.6548982 0.02286001
vn 0.3800868 0.8432469 0.3800904
vn 0.02196615 0.6547349 0.7555394
vn 0.6564112 0.753193 -0.04271678
vn 0.7553717 0.6548975 -0.02286121
vn 0.04112323 0.7523403 0.65749
vn -0.02196598 0.6547353 0.755539
vn 0.3800901 0.8432444 -0.3800927
vn 0.5038997 0.7015802 -0.5038555
vn -0.04112328 0.7523404 0.6574898
vn -0.503878 0.701597 0.5038537
vn 0.04112219 0.7523368 -0.657494
vn 0.02196535 0.6547283 -0.7555451
vn -0.04112221 0.7523369 -0.6574939
vn -0.02196511 0.6547281 -0.7555453
vn -0.3800874 0.8432471 0.3800894
vn -0.7553679 0.6549021 0.02285947
vn 0.01172052 0.7738783 -0.633226
vn -0.3800893 0.8432449 -0.3800925
vn -0.5038978 0.7015796 -0.5038581
vn -0.6564092 0.7531946 0.0427176
vn -0.755368 0.6549019 -0.02286151
vn -0.65641 0.753194 -0.04271646
vn -0.01172053 0.7738783 -0.6332259
vn -0.3490892 0.8696388 -0.3490919
vn -0.6329132 0.7741253 -0.0122754
vn -0.6329132 0.7741255 0.01227538
vn -0.3490905 0.8696378 0.3490931
vn -0.01172104 0.7738791 0.6332249
vn 0.01172103 0.7738792 0.6332248
vn 0.3490902 0.8696377 0.3490935
vn 0.6329131 0.7741255 0.01227553
vn 0.6329134 0.7741252 -0.01227545
vn 0.3490898 0.8696383 -0.3490926
vn -0.2571996 0.9314998 0.2572092
vn -0.01448126 0.9178564 0.3966484
vn 0.01448115 0.9178574 0.3966462
vn 0.2571982 0.9315006 0.2572075
vn 0.3964077 0.9179484 0.01522126
vn 0.3964089 0.9179479 -0.01522029
vn 0.2571999 0.9315063 -0.2571855
vn 0.01448146 0.9178628 -0.3966335
vn -0.01448167 0.9178623 -0.3966345
vn -0.2571999 0.931505 -0.2571899
vn -0.3964111 0.917947 -0.01522108
vn -0.3964099 0.9179475 0.01522042
vn 0.0007482854 0.9999998 -2.944531E-05
vn 0.0001305078 1 -0.0001305196
vn 2.944197E-05 0.9999998 -0.0007868203
vn -2.944157E-05 0.9999998 -0.0007868399
vn -0.0001305077 1 -0.0001305333
vn -0.0007482797 0.9999998 -2.945004E-05
vn -0.0007482754 0.9999998 2.944235E-05
vn 0.0007482804 0.9999998 2.944572E-05
vn -0.0001305128 1 0.0001305207
vn 0.0001305125 1 0.0001305083
vn -2.944038E-05 0.9999998 0.0007869112
vn 2.944131E-05 0.9999998 0.0007868845
vn -0.5038729 0.7016047 0.503848
vn -0.04112385 0.7523378 0.6574928
vn -0.02196585 0.6547393 0.7555356
vn -0.3800898 0.8432467 0.3800878
vn -0.7553262 0.6549418 0.02310161
vn 0.04112382 0.7523376 0.657493
vn 0.021966 0.6547388 0.7555359
vn -0.6561229 0.7534199 0.0431396
vn -0.7553279 0.6549398 -0.02310047
vn 0.3800892 0.8432457 0.3800908
vn 0.5038708 0.7016012 0.503855
vn -0.656122 0.7534207 -0.0431404
vn -0.5038972 0.7015808 -0.5038573
vn 0.6561232 0.7534197 0.04314055
vn 0.7553248 0.6549435 0.02310194
vn -0.3800891 0.8432449 -0.3800923
vn -0.02196498 0.654732 -0.7555419
vn 0.6561228 0.7534201 -0.04314097
vn 0.7553266 0.6549412 -0.02310005
vn -0.04112212 0.7523376 -0.6574931
vn 0.02196525 0.6547324 -0.7555416
vn 0.3800898 0.8432441 -0.3800934
vn 0.5038987 0.7015817 -0.5038543
vn 0.04112212 0.7523376 -0.6574931
vn 0.0117205 0.7738783 -0.633226
vn -0.01172051 0.7738783 -0.6332259
vn -0.3490893 0.8696388 -0.3490919
vn -0.6328281 0.7741926 -0.01242446
vn -0.632828 0.7741927 0.01242449
vn -0.3490914 0.8696376 0.3490924
vn -0.01172114 0.7738752 0.6332296
vn 0.01172115 0.7738752 0.6332296
vn 0.3490911 0.8696369 0.3490947
vn 0.6328292 0.7741916 0.01242483
vn 0.6328293 0.7741916 -0.01242461
vn 0.3490896 0.8696379 -0.3490935
vn -0.2571971 0.9315045 0.2571943
vn -0.0144812 0.9178629 0.3966334
vn 0.01448111 0.9178638 0.3966312
vn 0.2571969 0.9315049 0.2571932
vn 0.3963541 0.9179683 0.01542082
vn 0.396354 0.9179683 -0.01542033
vn 0.2572 0.9315062 -0.2571855
vn 0.01448145 0.9178628 -0.3966335
vn -0.01448165 0.9178623 -0.3966345
vn -0.2572 0.9315049 -0.2571899
vn -0.3963545 0.917968 -0.01542108
vn -0.3963544 0.9179681 0.01541982
vn 0.0007469901 0.9999998 -2.978757E-05
vn 0.0001320225 1 -0.0001320344
vn 2.978261E-05 0.9999998 -0.0007959245
vn -2.978221E-05 0.9999998 -0.0007959444
vn -0.0001320224 1 -0.0001320482
vn -0.0007469893 0.9999998 -2.979236E-05
vn -0.0007469914 0.9999998 2.97844E-05
vn 0.0007469915 0.9999998 2.978785E-05
vn -0.0001320255 1 0.0001320384
vn 0.0001320254 1 0.000132026
vn -2.978262E-05 0.9999998 0.0007960051
vn 2.97836E-05 0.9999998 0.0007959782
vn 0.3957079 -0.9183765 -6.89509E-06
vn 0.275018 -0.6442465 0.7136607
vn 0.002759721 -0.7563685 0.65414
vn 0.003712872 -0.9999931 -2.041307E-07
vn 0.2750157 -0.6442608 -0.7136486
vn 0.002759667 -0.756377 -0.6541301
vn 0 -0.7383676 -0.6743985
vn 0 -1 0
vn 0 -0.738362 0.6744046
vn -0.00292609 -0.7562863 0.6542343
vn -0.003936945 -0.9999923 -1.574185E-07
vn -0.00292601 -0.7562926 -0.654227
vn -0.2750142 -0.6442615 -0.7136487
vn -0.3957087 -0.918376 -6.521144E-06
vn -0.2750176 -0.6442486 0.7136589
vn 0.3957103 0.9183754 -1.376015E-06
vn 0.2750131 0.6442478 0.7136613
vn 0.4998685 0.4998739 0.7072889
vn 0.7071051 0.7071084 -5.544267E-06
vn 0.2750174 0.6442521 -0.7136559
vn 0.6489034 0.2723941 0.7104406
vn 0.4998737 0.4998814 -0.7072799
vn 0.9215533 0.3882519 -6.489976E-06
vn 0.6489032 0.2723982 -0.7104392
vn 0.7527891 0.00272002 0.6582561
vn 0.9999938 0.003513601 1.382044E-06
vn 0.7527894 0.002720017 -0.6582559
vn 0.7527896 -0.002720258 -0.6582557
vn 0.9999938 -0.003513473 -2.528107E-07
vn 0.7527892 -0.002720048 0.6582561
vn 0.6489041 -0.2724008 0.7104374
vn 0.9215527 -0.3882532 -2.180166E-06
vn 0.6489079 -0.272406 -0.7104319
vn 0.499867 -0.4998755 0.7072888
vn 0.7071117 -0.7071019 -8.281392E-06
vn 0.275018 -0.6442465 0.7136607
vn 0.4998716 -0.4998817 -0.7072812
vn 0.3957079 -0.9183765 -6.89509E-06
vn 0.2750157 -0.6442608 -0.7136486
vn -0.5553067 0.5553125 0.6190819
vn -0.3751889 0.9269484 -2.420748E-06
vn -0.2963605 0.7301591 0.6156608
vn -0.7071006 0.7071128 -8.418854E-06
vn -0.2963644 0.7301614 -0.615656
vn -0.7273386 0.2986383 0.6178946
vn -0.555312 0.5553142 -0.6190758
vn -0.9250497 0.3798459 -6.6148E-06
vn -0.7273479 0.2986307 -0.6178874
vn -0.7382441 0.00402212 0.6745217
vn -0.9999855 0.0053985 -3.682923E-06
vn -0.7382474 0.004021929 -0.674518
vn -0.7382473 -0.004021817 -0.6745181
vn -0.9999855 -0.005398551 -3.551423E-06
vn -0.738244 -0.004022028 0.6745218
vn -0.7273434 -0.2986377 0.6178894
vn -0.9250478 -0.3798508 5.973375E-06
vn -0.7273481 -0.2986285 -0.6178881
vn -0.5553119 -0.55531 0.6190797
vn -0.7071111 -0.7071024 -8.642977E-06
vn -0.2963646 -0.7301569 0.6156615
vn -0.555308 -0.5553086 -0.6190843
vn -0.3751781 -0.9269527 -4.729379E-06
vn -0.2963596 -0.7301564 -0.6156643
vn -0.004448052 -0.7214654 0.6924362
vn -0.3751781 -0.9269527 -4.729379E-06
vn -0.2963646 -0.7301569 0.6156615
vn -0.005688963 -0.9999838 -2.739849E-07
vn -0.2963596 -0.7301564 -0.6156643
vn -0.004448116 -0.7214702 -0.6924312
vn 0 -0.737942 -0.6748641
vn 0 -1 1.224726E-07
vn 0 -0.7379357 0.6748711
vn 0.004715236 -0.7216123 0.6922812
vn 0.006030497 -0.9999819 -2.541289E-07
vn 0.004715286 -0.7216175 -0.6922759
vn 0.2963599 -0.7301576 -0.6156628
vn 0.3751779 -0.9269528 -3.869493E-06
vn 0.2963647 -0.7301561 0.6156622
vn -0.3751889 0.9269484 -2.420748E-06
vn -0.2963644 0.7301614 -0.615656
vn -0.004448202 0.7214671 -0.6924344
vn -0.005689179 0.9999838 0
vn -0.2963605 0.7301591 0.6156608
vn -0.004448104 0.7214713 0.69243
vn 0 0.7379397 0.6748666
vn 0 1 0
vn 0 0.7379369 -0.6748698
vn 0.004715366 0.7216154 -0.692278
vn 0.006030716 0.9999819 0
vn 0.00471527 0.7216152 0.6922783
vn 0.296361 0.7301577 0.615662
vn 0.375188 0.9269487 -2.196433E-06
vn 0.2963645 0.7301608 -0.6156567
vn 0.002759535 0.7563732 -0.6541345
vn 0.3957103 0.9183754 -1.376015E-06
vn 0.2750174 0.6442521 -0.7136559
vn 0.003713041 0.9999931 3.340318E-06
vn 0.2750131 0.6442478 0.7136613
vn 0.002759775 0.7563683 0.6541403
vn 0 0.7383589 0.674408
vn 0 1 3.757642E-06
vn 0 0.7383651 -0.6744013
vn -0.002925964 0.7562875 -0.6542329
vn -0.003937138 0.9999923 3.541915E-06
vn -0.002926125 0.7562828 0.6542383
vn -0.2750135 0.6442468 0.7136621
vn -0.3957108 0.9183751 -1.241408E-06
vn -0.2750199 0.6442493 -0.7136574
vn -0.3957108 0.9183751 -1.241408E-06
vn -0.4998682 0.4998753 0.707288
vn -0.2750135 0.6442468 0.7136621
vn -0.7071044 0.707109 -4.950732E-06
vn -0.2750199 0.6442493 -0.7136574
vn -0.6489037 0.2723933 0.7104407
vn -0.4998743 0.4998805 -0.7072801
vn -0.9215533 0.3882521 -6.085703E-06
vn -0.648903 0.2723992 -0.710439
vn -0.7527889 0.002719963 0.6582565
vn -0.9999938 0.003513549 1.584296E-06
vn -0.7527899 0.002720033 -0.6582553
vn -0.7527902 -0.002720267 -0.6582549
vn -0.9999938 -0.003513485 -1.011244E-07
vn -0.752789 -0.002720043 0.6582564
vn -0.6489052 -0.2723973 0.7104378
vn -0.9215547 -0.3882488 -3.198063E-06
vn -0.6489073 -0.272404 -0.7104333
vn -0.4998685 -0.4998732 0.7072894
vn -0.7071134 -0.7071001 -8.867949E-06
vn -0.2750176 -0.6442486 0.7136589
vn -0.499871 -0.4998791 -0.7072834
vn -0.3957087 -0.918376 -6.521144E-06
vn -0.2750142 -0.6442615 -0.7136487
vn 0.5553076 0.5553131 0.6190805
vn 0.296361 0.7301577 0.615662
vn 0.375188 0.9269487 -2.196433E-06
vn 0.707101 0.7071124 -9.958437E-06
vn 0.2963645 0.7301608 -0.6156567
vn 0.7273407 0.2986382 0.6178921
vn 0.5553137 0.5553144 -0.619074
vn 0.9250499 0.3798454 -6.815832E-06
vn 0.7273492 0.29863 -0.6178862
vn 0.7382441 0.004022106 0.6745217
vn 0.9999855 0.005398487 -4.521441E-06
vn 0.7382471 0.004021937 -0.6745183
vn 0.738247 -0.004021818 -0.6745184
vn 0.9999855 -0.005398537 -4.373508E-06
vn 0.7382438 -0.004022017 0.6745219
vn 0.7273424 -0.2986388 0.6178899
vn 0.9250475 -0.3798515 5.963802E-06
vn 0.7273485 -0.2986277 -0.617888
vn 0.5553113 -0.5553096 0.6190804
vn 0.7071111 -0.7071024 -8.048594E-06
vn 0.2963647 -0.7301561 0.6156622
vn 0.5553091 -0.5553076 -0.6190842
vn 0.3751779 -0.9269528 -3.869493E-06
vn 0.2963599 -0.7301576 -0.6156628
vn 0 0.3826748 -0.9238832
vn 0 0.3826748 -0.9238832
vn 0 0 -1
vn 0 0 -1
vn 0 -0.3826757 -0.9238828
vn 0 -0.3826757 -0.9238828
vn 0 -0.9238819 -0.3826778
vn 0 -0.9238819 -0.3826778
vn 0 -0.9999361 -0.01130148
vn 0 -0.9999361 -0.01130148
vn 0 -0.9999361 0.01130149
vn 0 -0.9999361 0.01130149
vn 0 -0.9238783 0.3826863
vn 0 -0.9238783 0.3826863
vn 0 -0.3826859 0.9238785
vn 0 -0.3826859 0.9238785
vn 0 -0.3826859 0.9238785
vn 0 -0.3826859 0.9238785
vn 0 0.382685 0.9238788
vn 0 0.382685 0.9238788
vn 0 0.382685 0.9238788
vn 0 0.382685 0.9238788
vn 0 0.9238793 0.3826841
vn 0 0.9238793 0.3826841
vn 0 0.9999361 0.01130141
vn 0 0.9999361 0.01130141
vn 0 0.9999361 -0.0113014
vn 0 0.9999361 -0.0113014
vn 0 0.9238828 -0.3826755
vn 0 0.9238828 -0.3826755
vn 0 -0.3826825 0.9238799
vn 0 -0.3826825 0.9238799
vn 0 -0.3826825 0.9238799
vn 0 -0.3826825 0.9238799
vn 0 0.3826832 0.9238796
vn 0 0.3826832 0.9238796
vn 0 0.3826832 0.9238796
vn 0 0.3826832 0.9238796
vn 0 0.9238768 0.3826901
vn 0 0.9238768 0.3826901
vn 0 0.9999564 0.009341092
vn 0 0.9999564 0.009341092
vn 0 0.9999564 -0.009341083
vn 0 0.9999564 -0.009341083
vn 0 0.9238815 -0.3826787
vn 0 0.9238815 -0.3826787
vn 0 0.3826842 -0.9238792
vn 0 0.3826842 -0.9238792
vn 0 0.3826842 -0.9238792
vn 0 0.3826842 -0.9238792
vn 0 -0.3826834 -0.9238795
vn 0 -0.3826834 -0.9238795
vn 0 -0.3826834 -0.9238795
vn 0 -0.3826834 -0.9238795
vn 0 -0.9238822 -0.382677
vn 0 -0.9238822 -0.382677
vn 0 -0.9999564 -0.009341036
vn 0 -0.9999564 -0.009341036
vn 0 -0.9999564 0.009341042
vn 0 -0.9999564 0.009341042
vn 0 -0.9238775 0.3826885
vn 0 -0.9238775 0.3826885
vn 0 0.3826748 -0.9238832
vn 0 0 -1
vn 0 0.3826748 -0.9238832
vn 0 0 -1
vn 0 -0.3826757 -0.9238828
vn 0 -0.3826757 -0.9238828
vn 0 -0.9238819 -0.3826778
vn 0 -0.9999361 -0.01130145
vn 0 -0.9238819 -0.3826778
vn 0 -0.9999361 -0.01130145
vn 0 -0.9999361 0.01130146
vn 0 -0.9999361 0.01130146
vn 0 -0.9238783 0.3826863
vn 0 -0.9238783 0.3826863
vn 2.669137E-06 -0.3826848 0.9238789
vn 2.669137E-06 -0.3826848 0.9238789
vn 2.669137E-06 -0.3826848 0.9238789
vn 2.669137E-06 -0.3826848 0.9238789
vn 0 0.3826838 0.9238794
vn 0 0.3826839 0.9238794
vn 0 0.3826839 0.9238794
vn 0 0.3826839 0.9238794
vn 0 0.9238793 0.3826841
vn 0 0.9999361 0.01130138
vn 0 0.9238793 0.3826841
vn 0 0.9999361 0.01130138
vn 0 0.9999361 -0.01130137
vn 0 0.9999361 -0.01130137
vn 0 0.9238828 -0.3826755
vn 0 0.9238828 -0.3826755
vn 0 -0.3826825 0.9238799
vn 0 -0.3826825 0.9238799
vn 0 -0.3826825 0.9238799
vn 0 -0.3826825 0.9238799
vn 0 0.3826832 0.9238796
vn 0 0.3826832 0.9238796
vn 0 0.3826832 0.9238796
vn 0 0.3826832 0.9238796
vn 0 0.9238768 0.3826901
vn 0 0.9999564 0.009341092
vn 0 0.9238768 0.3826901
vn 0 0.9999564 0.009341092
vn 0 0.9999564 -0.009341083
vn 0 0.9999564 -0.009341083
vn 0 0.9238815 -0.3826787
vn 0 0.9238815 -0.3826787
vn 0 0.3826842 -0.9238792
vn 0 0.3826842 -0.9238792
vn 0 0.3826841 -0.9238792
vn 0 0.3826842 -0.9238792
vn -2.196841E-06 -0.3826841 -0.9238792
vn -2.196841E-06 -0.3826842 -0.9238792
vn -2.196841E-06 -0.3826842 -0.9238792
vn -2.196841E-06 -0.3826842 -0.9238792
vn 0 -0.9238822 -0.382677
vn 0 -0.9999564 -0.009341084
vn 0 -0.9238822 -0.382677
vn 0 -0.9999564 -0.009341084
vn 0 -0.9999564 0.009340993
vn 0 -0.9999564 0.009340993
vn 0 -0.9238775 0.3826885
vn 0 -0.9238775 0.3826885
vn 0.001236863 -0.4084101 0.9127977
vn 0 -0.4082307 0.9128789
vn 0 -0.738362 0.6744046
vn -0.001311969 -0.4084252 0.912791
vn 0.002759721 -0.7563685 0.65414
vn -0.00292609 -0.7562863 0.6542343
vn 0.275018 -0.6442465 0.7136607
vn -0.2750176 -0.6442486 0.7136589
vn 0.1627933 -0.3877077 0.9072932
vn -0.1627926 -0.3877076 0.9072935
vn 0.499867 -0.4998755 0.7072888
vn -0.4998685 -0.4998732 0.7072894
vn 0.2973422 -0.2973394 0.9072911
vn -0.2973415 -0.2973386 0.9072915
vn 0.6489041 -0.2724008 0.7104374
vn -0.6489052 -0.2723973 0.7104378
vn 0.389455 -0.162246 0.9066427
vn -0.389454 -0.1622442 0.9066435
vn 0.7527892 -0.002720048 0.6582561
vn 0.4196364 -0.001338595 0.9076912
vn -0.752789 -0.002720043 0.6582564
vn -0.4196354 -0.001338579 0.9076917
vn 0.4196363 0.001338549 0.9076913
vn 0.7527891 0.00272002 0.6582561
vn 0.6489034 0.2723941 0.7104406
vn 0.3894459 0.1622415 0.9066474
vn 0.4998685 0.4998739 0.7072889
vn 0.2973326 0.2973372 0.9072949
vn 0.2750131 0.6442478 0.7136613
vn 0.1627984 0.387703 0.9072944
vn -0.4196353 0.001338547 0.9076918
vn -0.7527889 0.002719963 0.6582565
vn -0.6489037 0.2723933 0.7104407
vn -0.3894466 0.1622418 0.9066471
vn -0.4998682 0.4998753 0.707288
vn -0.2973337 0.2973385 0.907294
vn -0.2750135 0.6442468 0.7136621
vn -0.1627986 0.387704 0.9072939
vn 0.002759775 0.7563683 0.6541403
vn 0.001236829 0.4084176 0.9127943
vn -0.002926125 0.7562828 0.6542383
vn -0.001311912 0.4084291 0.9127892
vn 0 0.4082365 0.9128762
vn 0 0.7383589 0.674408
vn -0.004448104 0.7214713 0.69243
vn 0 0.7379397 0.6748666
vn 0 0.4082671 0.9128625
vn 0.00471527 0.7216152 0.6922783
vn -0.003013071 0.4087106 0.912659
vn 0.003192135 0.4087304 0.9126496
vn -0.1594238 0.3891166 0.9072885
vn 0.1594228 0.3891158 0.907289
vn -0.2963605 0.7301591 0.6156608
vn 0.296361 0.7301577 0.615662
vn -0.2973305 0.2973385 0.907295
vn 0.2973322 0.2973377 0.9072948
vn -0.5553067 0.5553125 0.6190819
vn 0.5553076 0.5553131 0.6190805
vn -0.3902946 0.1599318 0.9066929
vn 0.3902979 0.1599308 0.9066916
vn -0.7273386 0.2986383 0.6178946
vn 0.7273407 0.2986382 0.6178921
vn -0.4196804 0.002524582 0.9076684
vn -0.7382441 0.00402212 0.6745217
vn 0.4196801 0.002524571 0.9076685
vn 0.7382441 0.004022106 0.6745217
vn -0.738244 -0.004022028 0.6745218
vn -0.419681 -0.002524527 0.9076682
vn -0.3903109 -0.1599404 0.9066843
vn -0.7273434 -0.2986377 0.6178894
vn -0.2973439 -0.2973393 0.9072905
vn -0.5553119 -0.55531 0.6190797
vn -0.1594112 -0.3891041 0.9072959
vn -0.2963646 -0.7301569 0.6156615
vn 0.7382438 -0.004022017 0.6745219
vn 0.4196805 -0.00252452 0.9076684
vn 0.3903112 -0.1599404 0.9066842
vn 0.7273424 -0.2986388 0.6178899
vn 0.2973437 -0.2973388 0.9072906
vn 0.5553113 -0.5553096 0.6190804
vn 0.1594113 -0.389103 0.9072964
vn 0.2963647 -0.7301561 0.6156622
vn -0.003012724 -0.4086742 0.9126754
vn -0.004448052 -0.7214654 0.6924362
vn 0.003191876 -0.4087005 0.912663
vn 0.004715236 -0.7216123 0.6922812
vn 0 -0.7379357 0.6748711
vn 0 -0.4082336 0.9128774
vn -0.003012694 0.4086811 -0.9126723
vn 0 0.4082403 -0.9128746
vn 0 0.7379369 -0.6748698
vn 0.003191808 0.4087076 -0.9126598
vn -0.004448202 0.7214671 -0.6924344
vn 0.004715366 0.7216154 -0.692278
vn -0.2963644 0.7301614 -0.615656
vn 0.2963645 0.7301608 -0.6156567
vn -0.159422 0.3891169 -0.9072887
vn 0.1594215 0.3891171 -0.9072886
vn -0.555312 0.5553142 -0.6190758
vn 0.5553137 0.5553144 -0.619074
vn -0.2973441 0.2973446 -0.9072886
vn 0.297348 0.297345 -0.9072872
vn -0.7273479 0.2986307 -0.6178874
vn 0.7273492 0.29863 -0.6178862
vn -0.3903084 0.1599318 -0.906687
vn 0.3903122 0.1599321 -0.9066853
vn -0.7382474 0.004021929 -0.674518
vn -0.4196839 0.002524006 -0.9076669
vn 0.7382471 0.004021937 -0.6745183
vn 0.4196835 0.002524039 -0.907667
vn -0.4196833 -0.002524114 -0.907667
vn -0.7382473 -0.004021817 -0.6745181
vn -0.7273481 -0.2986285 -0.6178881
vn -0.3902942 -0.1599276 -0.9066938
vn -0.555308 -0.5553086 -0.6190843
vn -0.2973283 -0.2973305 -0.9072984
vn -0.2963596 -0.7301564 -0.6156643
vn -0.1594112 -0.3890945 -0.9073002
vn 0.419683 -0.002524138 -0.9076672
vn 0.738247 -0.004021818 -0.6745184
vn 0.7273485 -0.2986277 -0.617888
vn 0.3902955 -0.1599275 -0.9066932
vn 0.5553091 -0.5553076 -0.6190842
vn 0.2973314 -0.2973304 -0.9072974
vn 0.2963599 -0.7301576 -0.6156628
vn 0.1594131 -0.3890962 -0.9072991
vn -0.004448116 -0.7214702 -0.6924312
vn -0.003013022 -0.4086775 -0.912674
vn 0.004715286 -0.7216175 -0.6922759
vn 0.003192136 -0.4087043 -0.9126613
vn 0 -0.4082378 -0.9128757
vn 0 -0.737942 -0.6748641
vn 0.002759667 -0.756377 -0.6541301
vn 0 -0.7383676 -0.6743985
vn 0 -0.4082276 -0.9128802
vn -0.00292601 -0.7562926 -0.654227
vn 0.001236983 -0.408408 -0.9127987
vn -0.001312059 -0.4084215 -0.9127925
vn 0.1627957 -0.3877142 -0.90729
vn -0.162795 -0.3877124 -0.9072911
vn 0.2750157 -0.6442608 -0.7136486
vn -0.2750142 -0.6442615 -0.7136487
vn 0.2973432 -0.2973384 -0.9072909
vn -0.2973418 -0.2973388 -0.9072914
vn 0.4998716 -0.4998817 -0.7072812
vn -0.499871 -0.4998791 -0.7072834
vn 0.389449 -0.1622501 -0.9066446
vn -0.3894471 -0.1622492 -0.9066455
vn 0.6489079 -0.272406 -0.7104319
vn -0.6489073 -0.272404 -0.7104333
vn 0.4196307 -0.001338801 -0.907694
vn 0.7527896 -0.002720258 -0.6582557
vn -0.4196332 -0.00133881 -0.9076928
vn -0.7527902 -0.002720267 -0.6582549
vn 0.7527894 0.002720017 -0.6582559
vn 0.4196305 0.001338626 -0.907694
vn 0.3894359 0.1622452 -0.9066511
vn 0.6489032 0.2723982 -0.7104392
vn 0.29733 0.297336 -0.9072961
vn 0.4998737 0.4998814 -0.7072799
vn 0.1627914 0.3876912 -0.9073007
vn 0.2750174 0.6442521 -0.7136559
vn -0.7527899 0.002720033 -0.6582553
vn -0.4196331 0.001338642 -0.9076928
vn -0.3894355 0.1622449 -0.9066513
vn -0.648903 0.2723992 -0.710439
vn -0.2973302 0.2973346 -0.9072964
vn -0.4998743 0.4998805 -0.7072801
vn -0.1627932 0.3876901 -0.9073008
vn -0.2750199 0.6442493 -0.7136574
vn 0.001236564 0.4084075 -0.9127989
vn 0.002759535 0.7563732 -0.6541345
vn -0.001311709 0.4084182 -0.912794
vn -0.002925964 0.7562875 -0.6542329
vn 0 0.7383651 -0.6744013
vn 0 0.4082261 -0.9128808
vn -1 4.147845E-07 0
vn -1 0 0
vn -1 0 0
vn -1 0 0
vn -1 -2.277158E-06 0
vn -1 2.283278E-06 0
vn -1 -2.310814E-06 0
vn -1 0 0
vn -1 2.326113E-06 0
vn -1 1.036969E-06 0
vn -1 0 0
vn -1 0 0
vn 1 8.295826E-07 0
vn 1 0 0
vn 1 0 0
vn 1 -8.29578E-07 0
vn 1 -1.280934E-06 0
vn 1 1.280935E-06 0
vn 1 -1.231978E-06 0
vn 1 0 0
vn 1 1.231979E-06 0
vn 1 -1.659119E-06 0
vn 1 1.659118E-06 0
vn 1 0 0
vn -1 0 0
vn -1 0 0
vn -1 -1.154608E-06 0
vn -1 -1.154608E-06 0
vn -1 -4.306339E-06 0
vn -1 0 0
vn -1 -4.306323E-06 0
vn -1 0 0
vn -1 -4.366347E-06 0
vn -1 9.422851E-06 0
vn -1 -4.366351E-06 0
vn -1 9.422878E-06 0
vn -1 0 0
vn -1 9.377858E-06 0
vn -1 0 0
vn -1 9.377841E-06 0
vn -1 1.154671E-06 0
vn -1 2.835457E-07 0
vn -1 1.15467E-06 0
vn -1 2.835568E-07 0
vn 1 -6.804959E-06 0
vn 1 0 0
vn 1 -6.805023E-06 0
vn 1 0 0
vn 1 -1.56048E-05 0
vn 1 6.80502E-06 0
vn 1 -1.560477E-05 0
vn 1 6.804958E-06 0
vn 1 -1.560478E-05 0
vn 1 1.560473E-05 0
vn 1 -1.560479E-05 0
vn 1 1.560476E-05 0
vn 1 -2.268574E-06 0
vn 1 1.560475E-05 0
vn 1 -2.268281E-06 0
vn 1 1.560474E-05 0
vn 1 0 0
vn 1 2.268308E-06 0
vn 1 0 0
vn 1 2.268578E-06 0
vn 0 0 -1
vn 0 0 -1
vn 0 0 -1
vn 0 0 -1
vn 0 0 -1
vn -1 0 0
vn 0 0 1
vn 0 0 1
vn 0 0 1
vn 0 0 1
vn 0 0 1
vn 0 0 1
vn 0 0 1
vn 0 0 1
vn 0 0 1
vn 0 0 1
vn 0 0 1
vn 0 0 1
vn 0 0 1
vn 0 0 1
vn 0 0 1
vn 0 0 1
vn 0 1 0
vn 0 1 0
vn 0 1 0
vn 0 1 0
vn 1 0 0
vn 1 0 0
vn 1 0 0
vn 1 0 0
vn 0 -1 0
vn 0 -1 0
vn 0 -1 0
vn 0 -1 0
vn -1 0 0
vn -1 0 0
vn -1 0 0
vn -1 0 0
vn 0 0 1
vn 0 0 1
vn 0 0 1
vn 0 1 0
vn 0 1 0
vn 1 0 0
vn 0 0 1
vn 0 0 1
vn 0 0 1
vn 0 0 1
vn 0 1 0
vn 0 1 0
vn 0 1 0
vn 0 1 0
vn -1 0 0
vn -1 0 0
vn -1 0 0
vn -1 0 0
vn 0 -1 0
vn 0 -1 0
vn 0 -1 0
vn 0 -1 0
vn 1 0 0
vn 1 0 0
vn 1 0 0
vn 1 0 0
vn 0 0 1
vn 0 0 1
vn 0 0 1
vn 0 0 1
vn 0 0 1
vn 0 0 1
vn 0 0 1
vn 0 0 1
vn 0 0 1
vn 1 0 0
vn 1 0 0
vn 1 0 0
vn 1 0 0
vn 1 0 0
vn 1 0 0
vn 1 0 0
vn 1 0 0
vn 1 0 0
vn 1 0 0
vn 0 0 1
vn 0 0 1
vn -1 0 0
vn -1 0 0
vn 1 0 0
vn 1 0 0
vn 1 0 0
vn 1 0 0
vn 1 0 0
vn 1 0 0
vn 0 0 -1
vn 0 0 -1
vn -1 0 0
vn -1 0 0
vn -1 0 0
vn -1 0 0
vn 0 0 1
vn 0 0 1
vn 1 0 0
vn 1 0 0
vn 1 0 0
vn 1 0 0
vn 0 0 -1
vn 0 0 -1
vn 1 0 0
vn 1 0 0
vn 0 -1 0
vn 0 -1 0
vn 0 1 0
vn 0 1 0
vn 0 1 0
vn 0 1 0
vn 0 1 0
vn 0 1 0
vn 0 1 0
vn 0 1 0
vn -1 0 0
vn -1 0 0
vn -1 0 0
vn -1 0 0
vn 0 1 0
vn 0 1 0
vn 0 1 0
vn 0 1 0
vn 0 1 0
vn 0 1 0
vn 0 0 -1
vn 0 0 -1
vn 0 0 -1
vn 0 0 -1
vn 0 0 -1
vn 0 0 -1
vn 0 0 1
vn 0 0 1
vn 0 0 1
vn 0 0 1
vn 0 0 1
vn 0 0 1
vn 1 0 0
vn 1 0 0
vn 1 0 0
vn 1 0 0
vn 1 0 0
vn 1 0 0
vn 0 -1 0
vn 0 -1 0
vn 0 -1 0
vn 0 -1 0
vn 0 -1 0
vn 0 -1 0
vn 0 -1 0
vn 0 0 -1
vn 0 0 -1
vn 0 1 0
vn 0 1 0
vn 0 1 0
vn 0 1 0
vn 0 1 0
vn 0 1 0
vn 0 1 0
vn 0 1 0
vn 0 1 0
vn 0 1 0
vn 0 1 0
vn 0 1 0
vn 0 1 0
vn 0 1 0
vn 0 1 0
vn 0 1 0
vn -1 0 0
vn -1 0 0
usemtl StoveDarkMat
f 3/3/141 2/2/140 1/1/139
f 2/2/140 4/4/142 1/1/139
f 5/5/143 1/1/139 4/4/142
f 6/6/144 5/5/143 4/4/142
f 6/6/144 4/4/142 7/7/145
f 8/8/146 6/6/144 7/7/145
f 5/5/143 9/9/147 1/1/139
f 9/9/147 10/10/148 1/1/139
f 8/8/146 7/7/145 11/11/149
f 12/12/150 8/8/146 11/11/149
f 13/13/151 10/10/148 9/9/147
f 14/14/152 13/13/151 9/9/147
f 12/12/150 11/11/149 15/15/153
f 11/11/149 16/16/154 15/15/153
f 14/14/152 17/17/155 13/13/151
f 17/17/155 18/18/156 13/13/151
f 16/16/154 19/19/157 15/15/153
f 19/19/157 20/20/158 15/15/153
f 21/21/159 18/18/156 17/17/155
f 22/22/160 21/21/159 17/17/155
f 22/22/160 23/23/161 21/21/159
f 23/23/161 24/24/162 21/21/159
f 23/23/161 25/25/163 24/24/162
f 25/25/163 26/26/164 24/24/162
f 25/25/163 27/27/165 26/26/164
f 27/27/165 28/28/166 26/26/164
f 28/28/166 27/27/165 29/29/167
f 30/30/168 28/28/166 29/29/167
f 29/29/167 31/31/169 30/30/168
f 31/31/169 32/32/170 30/30/168
f 33/33/171 20/20/158 19/19/157
f 31/31/169 33/33/171 32/32/170
f 34/34/172 33/33/171 19/19/157
f 33/33/171 34/34/172 32/32/170
f 37/37/175 36/36/174 35/35/173
f 36/36/174 38/38/176 35/35/173
f 38/38/176 39/39/177 35/35/173
f 39/39/177 40/40/178 35/35/173
f 41/41/179 40/40/178 39/39/177
f 42/42/180 41/41/179 39/39/177
f 45/45/183 44/44/182 43/43/181
f 46/46/184 45/45/183 43/43/181
f 49/49/187 48/48/186 47/47/185
f 48/48/186 50/50/188 47/47/185
f 50/50/188 51/51/189 47/47/185
f 51/51/189 52/52/190 47/47/185
f 53/53/191 52/52/190 51/51/189
f 54/54/192 53/53/191 51/51/189
f 57/57/195 56/56/194 55/55/193
f 58/58/196 57/57/195 55/55/193
f 61/61/199 60/60/198 59/59/197
f 62/62/200 61/61/199 59/59/197
f 65/65/203 64/64/202 63/63/201
f 66/66/204 65/65/203 63/63/201
f 69/69/207 68/68/206 67/67/205
f 70/70/208 69/69/207 67/67/205
f 73/73/211 72/72/210 71/71/209
f 74/74/212 73/73/211 71/71/209
f 77/77/215 76/76/214 75/75/213
f 78/78/216 77/77/215 75/75/213
f 81/81/219 80/80/218 79/79/217
f 82/82/220 81/81/219 79/79/217
f 85/85/223 84/84/222 83/83/221
f 86/86/224 85/85/223 83/83/221
f 89/89/227 88/88/226 87/87/225
f 90/90/228 89/89/227 87/87/225
f 89/89/227 92/92/230 91/91/229
f 93/93/231 89/89/227 91/91/229
f 96/96/234 95/95/233 94/94/232
f 97/97/235 96/96/234 94/94/232
f 100/100/238 99/99/237 98/98/236
f 101/101/239 100/100/238 98/98/236
f 103/103/241 101/101/239 102/102/240
f 104/104/242 103/103/241 102/102/240
f 107/107/245 106/106/244 105/105/243
f 106/106/244 108/108/246 105/105/243
f 108/108/246 106/106/244 109/109/247
f 106/106/244 110/110/248 109/109/247
f 113/113/251 112/112/250 111/111/249
f 114/114/252 113/113/251 111/111/249
f 117/117/255 116/116/254 115/115/253
f 118/118/256 117/117/255 115/115/253
f 121/121/259 120/120/258 119/119/257
f 122/122/260 121/121/259 119/119/257
f 123/123/261 122/122/260 119/119/257
f 126/126/264 125/125/263 124/124/262
f 127/127/265 126/126/264 124/124/262
f 130/130/268 129/129/267 128/128/266
f 129/129/267 131/131/269 128/128/266
f 129/129/267 132/132/270 131/131/269
f 132/132/270 133/133/271 131/131/269
f 134/134/272 133/133/271 132/132/270
f 135/135/273 134/134/272 132/132/270
f 138/138/276 137/137/275 136/136/274
f 137/137/275 139/139/277 136/136/274
f 137/137/275 140/140/278 139/139/277
f 140/140/278 141/141/279 139/139/277
f 142/142/280 141/141/279 140/140/278
f 143/143/281 142/142/280 140/140/278
f 146/146/284 145/145/283 144/144/282
f 147/147/285 146/146/284 144/144/282
f 150/150/288 149/149/287 148/148/286
f 149/149/287 151/151/289 148/148/286
f 149/149/287 152/152/290 151/151/289
f 155/155/293 154/154/292 153/153/291
f 156/156/294 155/155/293 153/153/291
f 157/157/295 156/156/294 153/153/291
f 158/158/296 157/157/295 153/153/291
f 161/161/299 160/160/298 159/159/297
f 162/162/300 161/161/299 159/159/297
f 165/165/303 164/164/302 163/163/301
f 164/164/302 166/166/304 163/163/301
f 166/166/304 168/168/306 167/167/305
f 168/168/306 169/169/307 167/167/305
f 172/172/310 171/171/309 170/170/308
f 173/173/311 170/170/308 171/171/309
f 174/174/312 173/173/311 171/171/309
f 174/174/312 175/175/313 173/173/311
f 178/178/316 177/177/315 176/176/314
f 179/179/317 178/178/316 176/176/314
f 179/179/317 176/176/314 180/180/318
f 181/181/319 179/179/317 180/180/318
f 179/179/317 181/181/319 182/182/320
f 178/178/316 179/179/317 183/183/321
f 183/183/321 179/179/317 182/182/320
f 184/184/322 178/178/316 183/183/321
f 186/186/324 185/185/323 182/182/320
f 185/185/323 187/187/325 182/182/320
f 185/185/323 188/188/326 187/187/325
f 188/188/326 189/189/327 187/187/325
f 188/188/326 185/185/323 190/190/328
f 191/191/329 188/188/326 190/190/328
f 190/190/328 185/185/323 192/192/330
f 185/185/323 193/193/331 192/192/330
f 196/196/334 195/195/333 194/194/332
f 197/197/335 196/196/334 194/194/332
f 196/196/334 197/197/335 198/198/336
f 199/199/337 196/196/334 198/198/336
f 198/198/336 197/197/335 200/200/338
f 197/197/335 194/194/332 201/201/339
f 197/197/335 201/201/339 200/200/338
f 194/194/332 202/202/340 201/201/339
f 203/203/341 200/200/338 201/201/339
f 201/201/339 202/202/340 204/204/342
f 205/205/343 203/203/341 201/201/339
f 205/205/343 201/201/339 204/204/342
f 208/208/346 207/207/345 206/206/344
f 209/209/347 208/208/346 206/206/344
f 206/206/344 210/210/348 209/209/347
f 210/210/348 211/211/349 209/209/347
f 212/212/350 210/210/348 206/206/344
f 213/213/351 212/212/350 206/206/344
f 209/209/347 211/211/349 214/214/352
f 215/215/353 209/209/347 214/214/352
f 213/213/351 216/216/354 212/212/350
f 216/216/354 217/217/355 212/212/350
f 215/215/353 214/214/352 218/218/356
f 214/214/352 219/219/357 218/218/356
f 220/220/358 217/217/355 216/216/354
f 221/221/359 220/220/358 216/216/354
f 218/218/356 219/219/357 222/222/360
f 223/223/361 218/218/356 222/222/360
f 221/221/359 224/224/362 220/220/358
f 224/224/362 225/225/363 220/220/358
f 226/226/364 225/225/363 224/224/362
f 227/227/365 226/226/364 224/224/362
f 228/228/366 226/226/364 227/227/365
f 229/229/367 228/228/366 227/227/365
f 230/230/368 223/223/361 222/222/360
f 231/231/369 230/230/368 222/222/360
f 232/232/370 228/228/366 229/229/367
f 233/233/371 232/232/370 229/229/367
f 231/231/369 234/234/372 230/230/368
f 234/234/372 235/235/373 230/230/368
f 235/235/373 234/234/372 236/236/374
f 234/234/372 237/237/375 236/236/374
f 232/232/370 233/233/371 238/238/376
f 236/236/374 237/237/375 238/238/376
f 239/239/377 232/232/370 238/238/376
f 237/237/375 239/239/377 238/238/376
f 242/242/380 241/241/379 240/240/378
f 243/243/381 242/242/380 240/240/378
f 240/240/378 244/244/382 243/243/381
f 244/244/382 245/245/383 243/243/381
f 244/244/382 246/246/384 245/245/383
f 246/246/384 247/247/385 245/245/383
f 250/250/388 249/249/387 248/248/386
f 251/251/389 250/250/388 248/248/386
f 254/254/392 253/253/391 252/252/390
f 255/255/393 254/254/392 252/252/390
f 256/256/394 255/255/393 252/252/390
f 257/257/395 256/256/394 252/252/390
f 257/257/395 258/258/396 256/256/394
f 258/258/396 259/259/397 256/256/394
f 262/262/400 261/261/399 260/260/398
f 263/263/401 262/262/400 260/260/398
f 266/266/404 265/265/403 264/264/402
f 267/267/405 266/266/404 264/264/402
f 270/270/408 269/269/407 268/268/406
f 271/271/409 270/270/408 268/268/406
f 274/274/412 273/273/411 272/272/410
f 275/275/413 274/274/412 272/272/410
f 278/278/416 277/277/415 276/276/414
f 279/279/417 278/278/416 276/276/414
f 282/282/420 281/281/419 280/280/418
f 283/283/421 282/282/420 280/280/418
f 286/286/424 285/285/423 284/284/422
f 287/287/425 286/286/424 284/284/422
f 290/290/428 289/289/427 288/288/426
f 291/291/429 290/290/428 288/288/426
f 294/294/432 293/293/431 292/292/430
f 295/295/433 294/294/432 292/292/430
f 298/298/436 297/297/435 296/296/434
f 299/299/437 298/298/436 296/296/434
f 302/302/440 301/301/439 300/300/438
f 303/303/441 302/302/440 300/300/438
f 306/306/444 305/305/443 304/304/442
f 305/305/443 307/307/445 304/304/442
f 307/307/445 308/308/446 304/304/442
f 311/311/449 310/310/448 309/309/447
f 312/312/450 311/311/449 309/309/447
f 315/315/453 314/314/452 313/313/451
f 316/316/454 315/315/453 313/313/451
f 317/317/455 315/315/453 316/316/454
f 318/318/456 317/317/455 316/316/454
f 318/318/456 319/319/457 317/317/455
f 319/319/457 320/320/458 317/317/455
f 323/323/461 322/322/460 321/321/459
f 324/324/462 323/323/461 321/321/459
f 325/325/463 323/323/461 324/324/462
f 326/326/464 325/325/463 324/324/462
f 326/326/464 327/327/465 325/325/463
f 327/327/465 328/328/466 325/325/463
f 331/331/469 330/330/468 329/329/467
f 332/332/470 331/331/469 329/329/467
f 335/335/473 334/334/472 333/333/471
f 336/336/474 335/335/473 333/333/471
f 337/337/475 335/335/473 336/336/474
f 340/340/478 339/339/477 338/338/476
f 341/341/479 340/340/478 338/338/476
f 344/344/482 343/343/481 342/342/480
f 342/342/480 345/345/483 344/344/482
f 345/345/483 346/346/484 344/344/482
f 347/347/485 346/346/484 345/345/483
f 350/350/488 349/349/487 348/348/486
f 351/351/489 350/350/488 348/348/486
f 351/351/489 348/348/486 352/352/490
f 348/348/486 353/353/491 352/352/490
f 354/354/492 353/353/491 348/348/486
f 355/355/493 354/354/492 348/348/486
f 355/355/493 348/348/486 356/356/494
f 357/357/495 355/355/493 356/356/494
f 359/359/497 357/357/495 358/358/496
f 360/360/498 359/359/497 358/358/496
f 358/358/496 361/361/499 360/360/498
f 362/362/500 359/359/497 360/360/498
f 361/361/499 363/363/501 360/360/498
f 364/364/502 362/362/500 360/360/498
f 360/360/498 363/363/501 365/365/503
f 364/364/502 360/360/498 365/365/503
f 368/368/506 367/367/505 366/366/504
f 367/367/505 369/369/507 366/366/504
f 369/369/507 367/367/505 370/370/508
f 367/367/505 371/371/509 370/370/508
f 369/369/507 370/370/508 372/372/510
f 366/366/504 369/369/507 373/373/511
f 373/373/511 369/369/507 372/372/510
f 374/374/512 366/366/504 373/373/511
f 372/372/510 375/375/513 373/373/511
f 374/374/512 373/373/511 376/376/514
f 375/375/513 377/377/515 373/373/511
f 373/373/511 377/377/515 376/376/514
f 380/380/518 379/379/517 378/378/516
f 381/381/519 380/380/518 378/378/516
f 382/382/520 380/380/518 381/381/519
f 381/381/519 378/378/516 383/383/521
f 384/384/522 382/382/520 381/381/519
f 382/382/520 384/384/522 385/385/523
f 384/384/522 386/386/524 385/385/523
f 387/387/525 381/381/519 383/383/521
f 381/381/519 387/387/525 384/384/522
f 384/384/522 388/388/526 386/386/524
f 387/387/525 388/388/526 384/384/522
f 388/388/526 389/389/527 386/386/524
f 389/389/527 388/388/526 390/390/528
f 388/388/526 391/391/529 390/390/528
f 388/388/526 387/387/525 391/391/529
f 390/390/528 391/391/529 392/392/530
f 391/391/529 393/393/531 392/392/530
f 394/394/532 387/387/525 383/383/521
f 387/387/525 394/394/532 391/391/529
f 393/393/531 391/391/529 394/394/532
f 395/395/533 394/394/532 383/383/521
f 396/396/534 393/393/531 394/394/532
f 396/396/534 394/394/532 395/395/533
f 397/397/535 396/396/534 395/395/533
f 400/400/538 399/399/537 398/398/536
f 401/401/539 400/400/538 398/398/536
f 401/401/539 398/398/536 402/402/540
f 400/400/538 401/401/539 403/403/541
f 404/404/542 401/401/539 402/402/540
f 401/401/539 405/405/543 403/403/541
f 401/401/539 404/404/542 405/405/543
f 403/403/541 405/405/543 406/406/544
f 404/404/542 407/407/545 405/405/543
f 405/405/543 408/408/546 406/406/544
f 405/405/543 407/407/545 408/408/546
f 407/407/545 409/409/547 408/408/546
f 412/412/550 411/411/549 410/410/548
f 413/413/551 412/412/550 410/410/548
f 416/416/554 415/415/553 414/414/552
f 415/415/553 417/417/555 414/414/552
f 414/414/552 417/417/555 418/418/556
f 417/417/555 415/415/553 419/419/557
f 417/417/555 420/420/558 418/418/556
f 421/421/559 417/417/555 419/419/557
f 420/420/558 417/417/555 421/421/559
f 421/421/559 419/419/557 422/422/560
f 423/423/561 420/420/558 421/421/559
f 424/424/562 421/421/559 422/422/560
f 423/423/561 421/421/559 424/424/562
f 425/425/563 423/423/561 424/424/562
f 428/428/566 427/427/565 426/426/564
f 429/429/567 428/428/566 426/426/564
f 432/432/570 431/431/569 430/430/568
f 433/433/571 432/432/570 430/430/568
f 434/434/572 432/432/570 433/433/571
f 433/433/571 430/430/568 435/435/573
f 436/436/574 434/434/572 433/433/571
f 434/434/572 436/436/574 437/437/575
f 436/436/574 438/438/576 437/437/575
f 439/439/577 433/433/571 435/435/573
f 433/433/571 439/439/577 436/436/574
f 436/436/574 440/440/578 438/438/576
f 439/439/577 440/440/578 436/436/574
f 440/440/578 441/441/579 438/438/576
f 441/441/579 440/440/578 442/442/580
f 440/440/578 443/443/581 442/442/580
f 440/440/578 439/439/577 443/443/581
f 442/442/580 443/443/581 444/444/582
f 443/443/581 445/445/583 444/444/582
f 446/446/584 439/439/577 435/435/573
f 439/439/577 446/446/584 443/443/581
f 445/445/583 443/443/581 446/446/584
f 447/447/585 446/446/584 435/435/573
f 448/448/586 445/445/583 446/446/584
f 448/448/586 446/446/584 447/447/585
f 449/449/587 448/448/586 447/447/585
f 452/452/590 451/451/589 450/450/588
f 453/453/591 452/452/590 450/450/588
f 453/453/591 450/450/588 454/454/592
f 452/452/590 453/453/591 455/455/593
f 456/456/594 453/453/591 454/454/592
f 453/453/591 457/457/595 455/455/593
f 453/453/591 456/456/594 457/457/595
f 455/455/593 457/457/595 458/458/596
f 456/456/594 459/459/597 457/457/595
f 457/457/595 460/460/598 458/458/596
f 457/457/595 459/459/597 460/460/598
f 459/459/597 461/461/599 460/460/598
f 464/464/602 463/463/601 462/462/600
f 465/465/603 464/464/602 462/462/600
f 468/468/606 467/467/605 466/466/604
f 467/467/605 469/469/607 466/466/604
f 466/466/604 469/469/607 470/470/608
f 469/469/607 467/467/605 471/471/609
f 469/469/607 472/472/610 470/470/608
f 473/473/611 469/469/607 471/471/609
f 472/472/610 469/469/607 473/473/611
f 473/473/611 471/471/609 474/474/612
f 475/475/613 472/472/610 473/473/611
f 476/476/614 473/473/611 474/474/612
f 475/475/613 473/473/611 476/476/614
f 477/477/615 475/475/613 476/476/614
f 480/480/618 479/479/617 478/478/616
f 481/481/619 480/480/618 478/478/616
f 484/484/622 483/483/621 482/482/620
f 483/483/621 485/485/623 482/482/620
f 486/486/624 484/484/622 482/482/620
f 487/487/625 484/484/622 486/486/624
f 488/488/626 487/487/625 486/486/624
f 489/489/627 488/488/626 486/486/624
f 485/485/623 490/490/628 482/482/620
f 485/485/623 491/491/629 490/490/628
f 491/491/629 492/492/630 490/490/628
f 492/492/630 493/493/631 490/490/628
f 494/494/632 489/489/627 486/486/624
f 495/495/633 489/489/627 494/494/632
f 496/496/634 495/495/633 494/494/632
f 496/496/634 494/494/632 497/497/635
f 486/486/624 482/482/620 498/498/636
f 494/494/632 486/486/624 498/498/636
f 482/482/620 490/490/628 498/498/636
f 494/494/632 498/498/636 497/497/635
f 493/493/631 499/499/637 490/490/628
f 490/490/628 499/499/637 498/498/636
f 498/498/636 499/499/637 497/497/635
f 493/493/631 500/500/638 499/499/637
f 499/499/637 501/501/639 497/497/635
f 500/500/638 501/501/639 499/499/637
f 504/504/642 503/503/641 502/502/640
f 503/503/641 505/505/643 502/502/640
f 503/503/641 506/506/644 505/505/643
f 506/506/644 507/507/645 505/505/643
f 502/502/640 505/505/643 508/508/646
f 507/507/645 509/509/647 505/505/643
f 505/505/643 510/510/648 508/508/646
f 509/509/647 510/510/648 505/505/643
f 508/508/646 510/510/648 511/511/649
f 510/510/648 512/512/650 511/511/649
f 510/510/648 509/509/647 513/513/651
f 509/509/647 514/514/652 513/513/651
f 513/513/651 514/514/652 515/515/653
f 516/516/654 513/513/651 515/515/653
f 513/513/651 516/516/654 517/517/655
f 518/518/656 513/513/651 517/517/655
f 517/517/655 516/516/654 519/519/657
f 520/520/658 516/516/654 515/515/653
f 516/516/654 520/520/658 519/519/657
f 519/519/657 520/520/658 521/521/659
f 522/522/660 520/520/658 515/515/653
f 520/520/658 523/523/661 521/521/659
f 523/523/661 520/520/658 522/522/660
f 524/524/662 523/523/661 522/522/660
f 527/527/665 526/526/664 525/525/663
f 526/526/664 528/528/666 525/525/663
f 528/528/666 526/526/664 529/529/667
f 526/526/664 530/530/668 529/529/667
f 531/531/669 529/529/667 530/530/668
f 532/532/670 531/531/669 530/530/668
f 535/535/673 534/534/672 533/533/671
f 534/534/672 536/536/674 533/533/671
f 534/534/672 537/537/675 536/536/674
f 537/537/675 538/538/676 536/536/674
f 538/538/676 537/537/675 539/539/677
f 537/537/675 540/540/678 539/539/677
f 539/539/677 540/540/678 541/541/679
f 542/542/680 539/539/677 541/541/679
f 543/543/681 542/542/680 541/541/679
f 544/544/682 543/543/681 541/541/679
f 545/545/683 543/543/681 544/544/682
f 546/546/684 545/545/683 544/544/682
f 549/549/687 548/548/686 547/547/685
f 550/550/688 549/549/687 547/547/685
f 550/550/688 547/547/685 551/551/689
f 552/552/690 550/550/688 551/551/689
f 555/555/693 554/554/692 553/553/691
f 556/556/694 555/555/693 553/553/691
f 559/559/697 558/558/696 557/557/695
f 560/560/698 559/559/697 557/557/695
f 560/560/698 561/561/699 559/559/697
f 561/561/699 562/562/700 559/559/697
f 561/561/699 563/563/701 562/562/700
f 563/563/701 564/564/702 562/562/700
f 567/567/705 566/566/704 565/565/703
f 568/568/706 567/567/705 565/565/703
f 569/569/707 567/567/705 568/568/706
f 570/570/708 569/569/707 568/568/706
f 569/569/707 570/570/708 571/571/709
f 572/572/710 569/569/707 571/571/709
f 572/572/710 571/571/709 573/573/711
f 571/571/709 574/574/712 573/573/711
f 574/574/712 575/575/713 573/573/711
f 575/575/713 576/576/714 573/573/711
f 575/575/713 577/577/715 576/576/714
f 577/577/715 578/578/716 576/576/714
f 581/581/719 580/580/718 579/579/717
f 580/580/718 582/582/720 579/579/717
f 579/579/717 582/582/720 583/583/721
f 584/584/722 579/579/717 583/583/721
f 587/587/725 586/586/724 585/585/723
f 588/588/726 587/587/725 585/585/723
f 591/591/729 590/590/728 589/589/727
f 592/592/730 591/591/729 589/589/727
f 592/592/730 589/589/727 593/593/731
f 591/591/729 592/592/730 594/594/732
f 595/595/733 591/591/729 594/594/732
f 594/594/732 592/592/730 596/596/734
f 592/592/730 597/597/735 596/596/734
f 597/597/735 592/592/730 593/593/731
f 596/596/734 597/597/735 598/598/736
f 599/599/737 597/597/735 593/593/731
f 597/597/735 599/599/737 598/598/736
f 600/600/738 599/599/737 593/593/731
f 598/598/736 599/599/737 601/601/739
f 600/600/738 602/602/740 599/599/737
f 599/599/737 603/603/741 601/601/739
f 602/602/740 603/603/741 599/599/737
f 601/601/739 603/603/741 604/604/742
f 603/603/741 602/602/740 605/605/743
f 603/603/741 605/605/743 604/604/742
f 602/602/740 606/606/744 605/605/743
f 604/604/742 605/605/743 607/607/745
f 606/606/744 608/608/746 605/605/743
f 605/605/743 609/609/747 607/607/745
f 608/608/746 609/609/747 605/605/743
f 612/612/750 611/611/749 610/610/748
f 610/610/748 613/613/751 612/612/750
f 613/613/751 614/614/752 612/612/750
f 614/614/752 615/615/753 612/612/750
f 615/615/753 616/616/754 612/612/750
f 610/610/748 617/617/755 613/613/751
f 618/618/756 612/612/750 616/616/754
f 619/619/757 618/618/756 616/616/754
f 620/620/758 618/618/756 619/619/757
f 620/620/758 621/621/759 618/618/756
f 621/621/759 622/622/760 618/618/756
f 623/623/761 617/617/755 610/610/748
f 624/624/762 623/623/761 610/610/748
f 622/622/760 625/625/763 618/618/756
f 625/625/763 624/624/762 610/610/748
f 622/622/760 626/626/764 625/625/763
f 626/626/764 624/624/762 625/625/763
f 625/625/763 610/610/748 627/627/765
f 628/628/766 627/627/765 610/610/748
f 629/629/767 628/628/766 610/610/748
f 630/630/768 625/625/763 627/627/765
f 631/631/769 625/625/763 630/630/768
f 631/631/769 632/632/770 625/625/763
f 625/625/763 632/632/770 633/633/771
f 632/632/770 634/634/772 633/633/771
f 634/634/772 635/635/773 633/633/771
f 635/635/773 636/636/774 633/633/771
f 636/636/774 637/637/775 633/633/771
f 637/637/775 638/638/776 633/633/771
f 639/639/777 625/625/763 633/633/771
f 639/639/777 640/640/778 625/625/763
f 641/641/779 639/639/777 633/633/771
f 642/642/780 641/641/779 633/633/771
f 642/642/780 633/633/771 643/643/781
f 640/640/778 644/644/782 625/625/763
f 625/625/763 644/644/782 645/645/783
f 644/644/782 646/646/784 645/645/783
f 646/646/784 647/647/785 645/645/783
f 647/647/785 648/648/786 645/645/783
f 645/645/783 648/648/786 649/649/787
f 648/648/786 650/650/788 649/649/787
f 649/649/787 650/650/788 651/651/789
f 649/649/787 651/651/789 652/652/790
f 649/649/787 652/652/790 653/653/791
f 652/652/790 654/654/792 653/653/791
f 645/645/783 649/649/787 655/655/793
f 625/625/763 645/645/783 656/656/794
f 657/657/795 656/656/794 645/645/783
f 658/658/796 657/657/795 645/645/783
f 658/658/796 645/645/783 655/655/793
f 659/659/797 625/625/763 656/656/794
f 660/660/798 625/625/763 659/659/797
f 660/660/798 661/661/799 625/625/763
f 662/662/800 658/658/796 655/655/793
f 663/663/801 662/662/800 655/655/793
f 664/664/802 663/663/801 655/655/793
f 625/625/763 661/661/799 618/618/756
f 664/664/802 655/655/793 618/618/756
f 661/661/799 665/665/803 618/618/756
f 666/666/804 664/664/802 618/618/756
f 665/665/803 667/667/805 618/618/756
f 667/667/805 666/666/804 618/618/756
f 670/670/808 669/669/807 668/668/806
f 671/671/809 670/670/808 668/668/806
f 672/672/810 670/670/808 671/671/809
f 673/673/811 672/672/810 671/671/809
f 676/676/814 675/675/813 674/674/812
f 675/675/813 677/677/815 674/674/812
f 674/674/812 677/677/815 678/678/816
f 677/677/815 679/679/817 678/678/816
f 678/678/816 679/679/817 680/680/818
f 679/679/817 681/681/819 680/680/818
f 680/680/818 681/681/819 682/682/820
f 681/681/819 683/683/821 682/682/820
f 682/682/820 683/683/821 684/684/822
f 683/683/821 685/685/823 684/684/822
f 684/684/822 685/685/823 686/686/824
f 685/685/823 687/687/825 686/686/824
f 686/686/824 687/687/825 688/688/826
f 687/687/825 689/689/827 688/688/826
f 688/688/826 689/689/827 690/690/828
f 689/689/827 691/691/829 690/690/828
f 690/690/828 691/691/829 692/692/830
f 691/691/829 693/693/831 692/692/830
f 692/692/830 693/693/831 694/694/832
f 693/693/831 695/695/833 694/694/832
f 683/683/821 681/681/819 696/696/834
f 685/685/823 683/683/821 697/697/835
f 683/683/821 696/696/834 697/697/835
f 698/698/836 687/687/825 685/685/823
f 697/697/835 698/698/836 685/685/823
f 689/689/827 687/687/825 699/699/837
f 687/687/825 698/698/836 699/699/837
f 691/691/829 689/689/827 700/700/838
f 689/689/827 699/699/837 700/700/838
f 701/701/839 693/693/831 691/691/829
f 700/700/838 701/701/839 691/691/829
f 702/702/840 695/695/833 693/693/831
f 701/701/839 702/702/840 693/693/831
f 681/681/819 703/703/841 696/696/834
f 703/703/841 681/681/819 679/679/817
f 702/702/840 704/704/842 695/695/833
f 704/704/842 705/705/843 695/695/833
f 706/706/844 703/703/841 679/679/817
f 679/679/817 677/677/815 706/706/844
f 704/704/842 707/707/845 705/705/843
f 707/707/845 675/675/813 705/705/843
f 677/677/815 675/675/813 708/708/846
f 677/677/815 708/708/846 706/706/844
f 675/675/813 707/707/845 708/708/846
f 701/701/839 700/700/838 709/709/847
f 702/702/840 701/701/839 710/710/848
f 710/710/848 701/701/839 709/709/847
f 704/704/842 702/702/840 711/711/849
f 711/711/849 702/702/840 710/710/848
f 707/707/845 704/704/842 712/712/850
f 712/712/850 704/704/842 711/711/849
f 708/708/846 707/707/845 713/713/851
f 713/713/851 707/707/845 712/712/850
f 706/706/844 708/708/846 714/714/852
f 714/714/852 708/708/846 713/713/851
f 709/709/847 700/700/838 715/715/853
f 700/700/838 699/699/837 715/715/853
f 716/716/854 706/706/844 714/714/852
f 703/703/841 706/706/844 716/716/854
f 715/715/853 699/699/837 717/717/855
f 699/699/837 698/698/836 717/717/855
f 718/718/856 703/703/841 716/716/854
f 696/696/834 703/703/841 718/718/856
f 717/717/855 698/698/836 719/719/857
f 698/698/836 697/697/835 719/719/857
f 697/697/835 696/696/834 720/720/858
f 720/720/858 696/696/834 718/718/856
f 719/719/857 697/697/835 720/720/858
f 715/715/853 721/721/859 709/709/847
f 717/717/855 722/722/860 715/715/853
f 722/722/860 721/721/859 715/715/853
f 719/719/857 723/723/861 717/717/855
f 723/723/861 722/722/860 717/717/855
f 720/720/858 724/724/862 719/719/857
f 724/724/862 723/723/861 719/719/857
f 718/718/856 725/725/863 720/720/858
f 725/725/863 724/724/862 720/720/858
f 716/716/854 726/726/864 718/718/856
f 726/726/864 725/725/863 718/718/856
f 727/727/865 726/726/864 716/716/854
f 725/725/863 726/726/864 727/727/865
f 724/724/862 725/725/863 727/727/865
f 714/714/852 727/727/865 716/716/854
f 724/724/862 727/727/865 728/728/866
f 728/728/866 727/727/865 714/714/852
f 723/723/861 724/724/862 728/728/866
f 713/713/851 728/728/866 714/714/852
f 723/723/861 728/728/866 729/729/867
f 729/729/867 728/728/866 713/713/851
f 722/722/860 723/723/861 729/729/867
f 712/712/850 729/729/867 713/713/851
f 722/722/860 729/729/867 730/730/868
f 730/730/868 729/729/867 712/712/850
f 711/711/849 730/730/868 712/712/850
f 721/721/859 722/722/860 730/730/868
f 731/731/869 730/730/868 711/711/849
f 721/721/859 730/730/868 731/731/869
f 710/710/848 731/731/869 711/711/849
f 731/731/869 732/732/870 721/721/859
f 732/732/870 731/731/869 710/710/848
f 721/721/859 732/732/870 709/709/847
f 709/709/847 732/732/870 710/710/848
f 735/735/873 734/734/872 733/733/871
f 734/734/872 736/736/874 733/733/871
f 733/733/871 736/736/874 737/737/875
f 738/738/876 733/733/871 737/737/875
f 741/741/879 740/740/878 739/739/877
f 740/740/878 742/742/880 739/739/877
f 739/739/877 742/742/880 743/743/881
f 744/744/882 740/740/878 741/741/879
f 745/745/883 744/744/882 741/741/879
f 742/742/880 746/746/884 743/743/881
f 743/743/881 746/746/884 747/747/885
f 748/748/886 744/744/882 745/745/883
f 749/749/887 748/748/886 745/745/883
f 746/746/884 750/750/888 747/747/885
f 747/747/885 750/750/888 751/751/889
f 752/752/890 748/748/886 749/749/887
f 753/753/891 752/752/890 749/749/887
f 750/750/888 754/754/892 751/751/889
f 751/751/889 754/754/892 755/755/893
f 756/756/894 752/752/890 753/753/891
f 757/757/895 756/756/894 753/753/891
f 754/754/892 758/758/896 755/755/893
f 755/755/893 758/758/896 759/759/897
f 760/760/898 756/756/894 757/757/895
f 761/761/899 760/760/898 757/757/895
f 759/759/897 762/762/900 761/761/899
f 758/758/896 762/762/900 759/759/897
f 762/762/900 760/760/898 761/761/899
f 748/748/886 752/752/890 763/763/901
f 764/764/902 752/752/890 756/756/894
f 752/752/890 764/764/902 763/763/901
f 765/765/903 756/756/894 760/760/898
f 765/765/903 764/764/902 756/756/894
f 766/766/904 760/760/898 762/762/900
f 766/766/904 765/765/903 760/760/898
f 767/767/905 762/762/900 758/758/896
f 767/767/905 766/766/904 762/762/900
f 758/758/896 754/754/892 768/768/906
f 768/768/906 767/767/905 758/758/896
f 748/748/886 763/763/901 769/769/907
f 744/744/882 748/748/886 769/769/907
f 754/754/892 770/770/908 768/768/906
f 754/754/892 750/750/888 770/770/908
f 769/769/907 771/771/909 744/744/882
f 771/771/909 740/740/878 744/744/882
f 750/750/888 772/772/910 770/770/908
f 772/772/910 750/750/888 746/746/884
f 740/740/878 771/771/909 773/773/911
f 742/742/880 740/740/878 773/773/911
f 746/746/884 742/742/880 774/774/912
f 774/774/912 772/772/910 746/746/884
f 742/742/880 773/773/911 774/774/912
f 767/767/905 768/768/906 775/775/913
f 768/768/906 770/770/908 776/776/914
f 775/775/913 768/768/906 776/776/914
f 770/770/908 772/772/910 777/777/915
f 776/776/914 770/770/908 777/777/915
f 772/772/910 774/774/912 778/778/916
f 777/777/915 772/772/910 778/778/916
f 774/774/912 773/773/911 779/779/917
f 778/778/916 774/774/912 779/779/917
f 773/773/911 771/771/909 780/780/918
f 779/779/917 773/773/911 780/780/918
f 781/781/919 767/767/905 775/775/913
f 766/766/904 767/767/905 781/781/919
f 780/780/918 771/771/909 782/782/920
f 771/771/909 769/769/907 782/782/920
f 783/783/921 766/766/904 781/781/919
f 765/765/903 766/766/904 783/783/921
f 782/782/920 769/769/907 784/784/922
f 769/769/907 763/763/901 784/784/922
f 785/785/923 765/765/903 783/783/921
f 764/764/902 765/765/903 785/785/923
f 763/763/901 764/764/902 786/786/924
f 784/784/922 763/763/901 786/786/924
f 786/786/924 764/764/902 785/785/923
f 780/780/918 787/787/925 779/779/917
f 782/782/920 788/788/926 780/780/918
f 788/788/926 787/787/925 780/780/918
f 789/789/927 788/788/926 782/782/920
f 784/784/922 789/789/927 782/782/920
f 787/787/925 788/788/926 789/789/927
f 787/787/925 790/790/928 779/779/917
f 789/789/927 790/790/928 787/787/925
f 779/779/917 790/790/928 778/778/916
f 791/791/929 789/789/927 784/784/922
f 786/786/924 791/791/929 784/784/922
f 789/789/927 791/791/929 790/790/928
f 790/790/928 792/792/930 778/778/916
f 791/791/929 792/792/930 790/790/928
f 778/778/916 792/792/930 777/777/915
f 793/793/931 791/791/929 786/786/924
f 785/785/923 793/793/931 786/786/924
f 791/791/929 793/793/931 792/792/930
f 792/792/930 794/794/932 777/777/915
f 793/793/931 794/794/932 792/792/930
f 777/777/915 794/794/932 776/776/914
f 795/795/933 793/793/931 785/785/923
f 793/793/931 795/795/933 794/794/932
f 783/783/921 795/795/933 785/785/923
f 794/794/932 796/796/934 776/776/914
f 795/795/933 796/796/934 794/794/932
f 776/776/914 796/796/934 775/775/913
f 797/797/935 795/795/933 783/783/921
f 795/795/933 797/797/935 796/796/934
f 781/781/919 797/797/935 783/783/921
f 775/775/913 798/798/936 781/781/919
f 796/796/934 798/798/936 775/775/913
f 797/797/935 798/798/936 796/796/934
f 798/798/936 797/797/935 781/781/919
f 801/801/939 800/800/938 799/799/937
f 800/800/938 802/802/940 799/799/937
f 799/799/937 802/802/940 803/803/941
f 804/804/942 800/800/938 801/801/939
f 805/805/943 804/804/942 801/801/939
f 802/802/940 806/806/944 803/803/941
f 803/803/941 806/806/944 807/807/945
f 808/808/946 804/804/942 805/805/943
f 809/809/947 808/808/946 805/805/943
f 806/806/944 810/810/948 807/807/945
f 807/807/945 810/810/948 811/811/949
f 812/812/950 808/808/946 809/809/947
f 813/813/951 812/812/950 809/809/947
f 814/814/952 812/812/950 813/813/951
f 815/815/953 814/814/952 813/813/951
f 810/810/948 816/816/954 811/811/949
f 811/811/949 816/816/954 817/817/955
f 812/812/950 818/818/956 808/808/946
f 818/818/956 812/812/950 814/814/952
f 819/819/957 814/814/952 815/815/953
f 820/820/958 819/819/957 815/815/953
f 816/816/954 821/821/959 817/817/955
f 817/817/955 821/821/959 822/822/960
f 822/822/960 823/823/961 820/820/958
f 823/823/961 819/819/957 820/820/958
f 821/821/959 823/823/961 822/822/960
f 814/814/952 819/819/957 824/824/962
f 824/824/962 818/818/956 814/814/952
f 819/819/957 823/823/961 825/825/963
f 819/819/957 825/825/963 824/824/962
f 826/826/964 823/823/961 821/821/959
f 823/823/961 826/826/964 825/825/963
f 827/827/965 821/821/959 816/816/954
f 827/827/965 826/826/964 821/821/959
f 828/828/966 827/827/965 816/816/954
f 828/828/966 816/816/954 810/810/948
f 829/829/967 828/828/966 810/810/948
f 829/829/967 810/810/948 806/806/944
f 830/830/968 829/829/967 806/806/944
f 830/830/968 806/806/944 802/802/940
f 831/831/969 830/830/968 802/802/940
f 802/802/940 800/800/938 831/831/969
f 800/800/938 832/832/970 831/831/969
f 832/832/970 800/800/938 804/804/942
f 833/833/971 832/832/970 804/804/942
f 804/804/942 808/808/946 833/833/971
f 808/808/946 834/834/972 833/833/971
f 818/818/956 834/834/972 808/808/946
f 827/827/965 828/828/966 835/835/973
f 828/828/966 829/829/967 836/836/974
f 835/835/973 828/828/966 836/836/974
f 829/829/967 830/830/968 837/837/975
f 836/836/974 829/829/967 837/837/975
f 830/830/968 831/831/969 838/838/976
f 837/837/975 830/830/968 838/838/976
f 831/831/969 832/832/970 839/839/977
f 838/838/976 831/831/969 839/839/977
f 832/832/970 833/833/971 840/840/978
f 839/839/977 832/832/970 840/840/978
f 833/833/971 834/834/972 841/841/979
f 840/840/978 833/833/971 841/841/979
f 834/834/972 818/818/956 842/842/980
f 841/841/979 834/834/972 842/842/980
f 842/842/980 818/818/956 843/843/981
f 818/818/956 824/824/962 843/843/981
f 843/843/981 824/824/962 844/844/982
f 824/824/962 825/825/963 844/844/982
f 844/844/982 825/825/963 845/845/983
f 825/825/963 826/826/964 845/845/983
f 845/845/983 826/826/964 846/846/984
f 826/826/964 827/827/965 846/846/984
f 846/846/984 827/827/965 835/835/973
f 840/840/978 847/847/985 839/839/977
f 841/841/979 848/848/986 840/840/978
f 848/848/986 847/847/985 840/840/978
f 842/842/980 849/849/987 841/841/979
f 849/849/987 848/848/986 841/841/979
f 843/843/981 850/850/988 842/842/980
f 850/850/988 849/849/987 842/842/980
f 851/851/989 850/850/988 843/843/981
f 849/849/987 850/850/988 851/851/989
f 848/848/986 849/849/987 851/851/989
f 844/844/982 851/851/989 843/843/981
f 848/848/986 851/851/989 852/852/990
f 852/852/990 851/851/989 844/844/982
f 847/847/985 848/848/986 852/852/990
f 845/845/983 852/852/990 844/844/982
f 853/853/991 852/852/990 845/845/983
f 846/846/984 853/853/991 845/845/983
f 847/847/985 852/852/990 853/853/991
f 847/847/985 854/854/992 839/839/977
f 854/854/992 847/847/985 853/853/991
f 839/839/977 854/854/992 838/838/976
f 855/855/993 853/853/991 846/846/984
f 854/854/992 853/853/991 855/855/993
f 835/835/973 855/855/993 846/846/984
f 854/854/992 856/856/994 838/838/976
f 856/856/994 854/854/992 855/855/993
f 838/838/976 856/856/994 837/837/975
f 857/857/995 855/855/993 835/835/973
f 856/856/994 855/855/993 857/857/995
f 836/836/974 857/857/995 835/835/973
f 837/837/975 858/858/996 836/836/974
f 856/856/994 858/858/996 837/837/975
f 857/857/995 858/858/996 856/856/994
f 858/858/996 857/857/995 836/836/974
f 861/861/999 860/860/998 859/859/997
f 860/860/998 862/862/1000 859/859/997
f 859/859/997 862/862/1000 863/863/1001
f 864/864/1002 860/860/998 861/861/999
f 865/865/1003 864/864/1002 861/861/999
f 862/862/1000 866/866/1004 863/863/1001
f 863/863/1001 866/866/1004 867/867/1005
f 868/868/1006 864/864/1002 865/865/1003
f 869/869/1007 868/868/1006 865/865/1003
f 866/866/1004 870/870/1008 867/867/1005
f 867/867/1005 870/870/1008 871/871/1009
f 872/872/1010 868/868/1006 869/869/1007
f 873/873/1011 872/872/1010 869/869/1007
f 870/870/1008 874/874/1012 871/871/1009
f 871/871/1009 874/874/1012 875/875/1013
f 876/876/1014 872/872/1010 873/873/1011
f 877/877/1015 876/876/1014 873/873/1011
f 874/874/1012 878/878/1016 875/875/1013
f 875/875/1013 878/878/1016 879/879/1017
f 880/880/1018 876/876/1014 877/877/1015
f 881/881/1019 880/880/1018 877/877/1015
f 879/879/1017 882/882/1020 881/881/1019
f 878/878/1016 882/882/1020 879/879/1017
f 882/882/1020 880/880/1018 881/881/1019
f 883/883/1021 882/882/1020 878/878/1016
f 882/882/1020 883/883/1021 880/880/1018
f 878/878/1016 874/874/1012 884/884/1022
f 884/884/1022 883/883/1021 878/878/1016
f 874/874/1012 870/870/1008 885/885/1023
f 874/874/1012 885/885/1023 884/884/1022
f 870/870/1008 886/886/1024 885/885/1023
f 886/886/1024 870/870/1008 866/866/1004
f 887/887/1025 886/886/1024 866/866/1004
f 866/866/1004 862/862/1000 887/887/1025
f 862/862/1000 888/888/1026 887/887/1025
f 862/862/1000 860/860/998 888/888/1026
f 860/860/998 889/889/1027 888/888/1026
f 889/889/1027 860/860/998 864/864/1002
f 890/890/1028 889/889/1027 864/864/1002
f 890/890/1028 864/864/1002 868/868/1006
f 891/891/1029 890/890/1028 868/868/1006
f 868/868/1006 872/872/1010 891/891/1029
f 872/872/1010 892/892/1030 891/891/1029
f 892/892/1030 872/872/1010 876/876/1014
f 893/893/1031 892/892/1030 876/876/1014
f 893/893/1031 876/876/1014 880/880/1018
f 894/894/1032 893/893/1031 880/880/1018
f 883/883/1021 894/894/1032 880/880/1018
f 887/887/1025 888/888/1026 895/895/1033
f 888/888/1026 889/889/1027 896/896/1034
f 895/895/1033 888/888/1026 896/896/1034
f 889/889/1027 890/890/1028 897/897/1035
f 896/896/1034 889/889/1027 897/897/1035
f 890/890/1028 891/891/1029 898/898/1036
f 897/897/1035 890/890/1028 898/898/1036
f 891/891/1029 892/892/1030 899/899/1037
f 898/898/1036 891/891/1029 899/899/1037
f 892/892/1030 893/893/1031 900/900/1038
f 899/899/1037 892/892/1030 900/900/1038
f 893/893/1031 894/894/1032 901/901/1039
f 900/900/1038 893/893/1031 901/901/1039
f 894/894/1032 883/883/1021 902/902/1040
f 901/901/1039 894/894/1032 902/902/1040
f 902/902/1040 883/883/1021 903/903/1041
f 883/883/1021 884/884/1022 903/903/1041
f 903/903/1041 884/884/1022 904/904/1042
f 884/884/1022 885/885/1023 904/904/1042
f 904/904/1042 885/885/1023 905/905/1043
f 885/885/1023 886/886/1024 905/905/1043
f 905/905/1043 886/886/1024 906/906/1044
f 886/886/1024 887/887/1025 906/906/1044
f 906/906/1044 887/887/1025 895/895/1033
f 900/900/1038 907/907/1045 899/899/1037
f 901/901/1039 908/908/1046 900/900/1038
f 908/908/1046 907/907/1045 900/900/1038
f 902/902/1040 909/909/1047 901/901/1039
f 909/909/1047 908/908/1046 901/901/1039
f 903/903/1041 910/910/1048 902/902/1040
f 910/910/1048 909/909/1047 902/902/1040
f 911/911/1049 910/910/1048 903/903/1041
f 909/909/1047 910/910/1048 911/911/1049
f 908/908/1046 909/909/1047 911/911/1049
f 904/904/1042 911/911/1049 903/903/1041
f 908/908/1046 911/911/1049 912/912/1050
f 912/912/1050 911/911/1049 904/904/1042
f 907/907/1045 908/908/1046 912/912/1050
f 905/905/1043 912/912/1050 904/904/1042
f 913/913/1051 912/912/1050 905/905/1043
f 906/906/1044 913/913/1051 905/905/1043
f 907/907/1045 912/912/1050 913/913/1051
f 907/907/1045 914/914/1052 899/899/1037
f 914/914/1052 907/907/1045 913/913/1051
f 899/899/1037 914/914/1052 898/898/1036
f 915/915/1053 913/913/1051 906/906/1044
f 914/914/1052 913/913/1051 915/915/1053
f 895/895/1033 915/915/1053 906/906/1044
f 914/914/1052 916/916/1054 898/898/1036
f 916/916/1054 914/914/1052 915/915/1053
f 898/898/1036 916/916/1054 897/897/1035
f 917/917/1055 915/915/1053 895/895/1033
f 916/916/1054 915/915/1053 917/917/1055
f 896/896/1034 917/917/1055 895/895/1033
f 897/897/1035 918/918/1056 896/896/1034
f 916/916/1054 918/918/1056 897/897/1035
f 917/917/1055 918/918/1056 916/916/1054
f 918/918/1056 917/917/1055 896/896/1034
f 921/921/1059 920/920/1058 919/919/1057
f 922/922/1060 921/921/1059 919/919/1057
f 922/922/1060 919/919/1057 923/923/1061
f 924/924/1062 922/922/1060 923/923/1061
f 924/924/1062 925/925/1063 922/922/1060
f 922/922/1060 926/926/1064 921/921/1059
f 925/925/1063 926/926/1064 922/922/1060
f 926/926/1064 927/927/1065 921/921/1059
f 927/927/1065 926/926/1064 928/928/1066
f 926/926/1064 925/925/1063 929/929/1067
f 926/926/1064 929/929/1067 928/928/1066
f 925/925/1063 930/930/1068 929/929/1067
f 929/929/1067 930/930/1068 931/931/1069
f 932/932/1070 929/929/1067 931/931/1069
f 928/928/1066 929/929/1067 932/932/1070
f 933/933/1071 928/928/1066 932/932/1070
f 936/936/1074 935/935/1073 934/934/1072
f 937/937/1075 936/936/1074 934/934/1072
f 937/937/1075 934/934/1072 938/938/1076
f 939/939/1077 936/936/1074 937/937/1075
f 940/940/1078 937/937/1075 938/938/1076
f 941/941/1079 939/939/1077 937/937/1075
f 941/941/1079 937/937/1075 940/940/1078
f 942/942/1080 941/941/1079 940/940/1078
f 943/943/1081 939/939/1077 941/941/1079
f 944/944/1082 941/941/1079 942/942/1080
f 944/944/1082 943/943/1081 941/941/1079
f 945/945/1083 944/944/1082 942/942/1080
f 944/944/1082 945/945/1083 946/946/1084
f 943/943/1081 944/944/1082 947/947/1085
f 947/947/1085 944/944/1082 946/946/1084
f 948/948/1086 943/943/1081 947/947/1085
f 949/949/1087 948/948/1086 947/947/1085
f 950/950/1088 947/947/1085 946/946/1084
f 950/950/1088 949/949/1087 947/947/1085
f 951/951/1089 950/950/1088 946/946/1084
f 952/952/1090 949/949/1087 950/950/1088
f 953/953/1091 950/950/1088 951/951/1089
f 953/953/1091 952/952/1090 950/950/1088
f 954/954/1092 952/952/1090 953/953/1091
f 955/955/1093 953/953/1091 951/951/1089
f 956/956/1094 954/954/1092 953/953/1091
f 956/956/1094 953/953/1091 955/955/1093
f 957/957/1095 956/956/1094 955/955/1093
f 960/960/1098 959/959/1097 958/958/1096
f 959/959/1097 961/961/1099 958/958/1096
f 959/959/1097 962/962/1100 961/961/1099
f 958/958/1096 961/961/1099 963/963/1101
f 962/962/1100 964/964/1102 961/961/1099
f 961/961/1099 965/965/1103 963/963/1101
f 961/961/1099 964/964/1102 965/965/1103
f 964/964/1102 966/966/1104 965/965/1103
f 963/963/1101 965/965/1103 967/967/1105
f 965/965/1103 966/966/1104 968/968/1106
f 965/965/1103 968/968/1106 967/967/1105
f 966/966/1104 969/969/1107 968/968/1106
f 969/969/1107 970/970/1108 968/968/1106
f 968/968/1106 971/971/1109 967/967/1105
f 970/970/1108 971/971/1109 968/968/1106
f 971/971/1109 972/972/1110 967/967/1105
f 972/972/1110 971/971/1109 973/973/1111
f 971/971/1109 970/970/1108 974/974/1112
f 971/971/1109 974/974/1112 973/973/1111
f 970/970/1108 975/975/1113 974/974/1112
f 973/973/1111 974/974/1112 976/976/1114
f 974/974/1112 975/975/1113 977/977/1115
f 974/974/1112 977/977/1115 976/976/1114
f 976/976/1114 977/977/1115 978/978/1116
f 975/975/1113 979/979/1117 977/977/1115
f 977/977/1115 980/980/1118 978/978/1116
f 977/977/1115 979/979/1117 980/980/1118
f 979/979/1117 981/981/1119 980/980/1118
f 984/984/1122 983/983/1121 982/982/1120
f 983/983/1121 985/985/1123 982/982/1120
f 983/983/1121 986/986/1124 985/985/1123
f 986/986/1124 987/987/1125 985/985/1123
f 987/987/1125 988/988/1126 985/985/1123
f 985/985/1123 989/989/1127 982/982/1120
f 988/988/1126 989/989/1127 985/985/1123
f 989/989/1127 990/990/1128 982/982/1120
f 990/990/1128 989/989/1127 991/991/1129
f 989/989/1127 988/988/1126 992/992/1130
f 989/989/1127 992/992/1130 991/991/1129
f 988/988/1126 993/993/1131 992/992/1130
f 993/993/1131 994/994/1132 992/992/1130
f 994/994/1132 995/995/1133 992/992/1130
f 992/992/1130 995/995/1133 991/991/1129
f 995/995/1133 996/996/1134 991/991/1129
f 999/999/1137 998/998/1136 997/997/1135
f 1000/1000/1138 999/999/1137 997/997/1135
f 1000/1000/1138 997/997/1135 1001/1001/1139
f 1002/1002/1140 1000/1000/1138 1001/1001/1139
f 1002/1002/1140 1003/1003/1141 1000/1000/1138
f 1000/1000/1138 1004/1004/1142 999/999/1137
f 1003/1003/1141 1004/1004/1142 1000/1000/1138
f 1004/1004/1142 1005/1005/1143 999/999/1137
f 1005/1005/1143 1004/1004/1142 1006/1006/1144
f 1004/1004/1142 1003/1003/1141 1007/1007/1145
f 1004/1004/1142 1007/1007/1145 1006/1006/1144
f 1003/1003/1141 1008/1008/1146 1007/1007/1145
f 1007/1007/1145 1008/1008/1146 1009/1009/1147
f 1010/1010/1148 1007/1007/1145 1009/1009/1147
f 1006/1006/1144 1007/1007/1145 1010/1010/1148
f 1011/1011/1149 1006/1006/1144 1010/1010/1148
f 1014/1014/1152 1013/1013/1151 1012/1012/1150
f 1013/1013/1151 1015/1015/1153 1012/1012/1150
f 1013/1013/1151 1016/1016/1154 1015/1015/1153
f 1016/1016/1154 1017/1017/1155 1015/1015/1153
f 1017/1017/1155 1018/1018/1156 1015/1015/1153
f 1015/1015/1153 1019/1019/1157 1012/1012/1150
f 1018/1018/1156 1019/1019/1157 1015/1015/1153
f 1019/1019/1157 1020/1020/1158 1012/1012/1150
f 1020/1020/1158 1019/1019/1157 1021/1021/1159
f 1019/1019/1157 1018/1018/1156 1022/1022/1160
f 1019/1019/1157 1022/1022/1160 1021/1021/1159
f 1018/1018/1156 1023/1023/1161 1022/1022/1160
f 1023/1023/1161 1024/1024/1162 1022/1022/1160
f 1024/1024/1162 1025/1025/1163 1022/1022/1160
f 1022/1022/1160 1025/1025/1163 1021/1021/1159
f 1025/1025/1163 1026/1026/1164 1021/1021/1159
f 1029/1029/1167 1028/1028/1166 1027/1027/1165
f 1028/1028/1166 1030/1030/1168 1027/1027/1165
f 1027/1027/1165 1030/1030/1168 1031/1031/1169
f 1028/1028/1166 1032/1032/1170 1030/1030/1168
f 1030/1030/1168 1033/1033/1171 1031/1031/1169
f 1032/1032/1170 1034/1034/1172 1030/1030/1168
f 1030/1030/1168 1034/1034/1172 1033/1033/1171
f 1034/1034/1172 1035/1035/1173 1033/1033/1171
f 1032/1032/1170 1036/1036/1174 1034/1034/1172
f 1034/1034/1172 1037/1037/1175 1035/1035/1173
f 1036/1036/1174 1037/1037/1175 1034/1034/1172
f 1037/1037/1175 1038/1038/1176 1035/1035/1173
f 1038/1038/1176 1037/1037/1175 1039/1039/1177
f 1037/1037/1175 1036/1036/1174 1040/1040/1178
f 1037/1037/1175 1040/1040/1178 1039/1039/1177
f 1036/1036/1174 1041/1041/1179 1040/1040/1178
f 1041/1041/1179 1042/1042/1180 1040/1040/1178
f 1040/1040/1178 1043/1043/1181 1039/1039/1177
f 1042/1042/1180 1043/1043/1181 1040/1040/1178
f 1043/1043/1181 1044/1044/1182 1039/1039/1177
f 1042/1042/1180 1045/1045/1183 1043/1043/1181
f 1043/1043/1181 1046/1046/1184 1044/1044/1182
f 1045/1045/1183 1046/1046/1184 1043/1043/1181
f 1045/1045/1183 1047/1047/1185 1046/1046/1184
f 1046/1046/1184 1048/1048/1186 1044/1044/1182
f 1047/1047/1185 1049/1049/1187 1046/1046/1184
f 1046/1046/1184 1049/1049/1187 1048/1048/1186
f 1049/1049/1187 1050/1050/1188 1048/1048/1186
f 1053/1053/1191 1052/1052/1190 1051/1051/1189
f 1054/1054/1192 1053/1053/1191 1051/1051/1189
f 1055/1055/1193 1053/1053/1191 1054/1054/1192
f 1054/1054/1192 1051/1051/1189 1056/1056/1194
f 1057/1057/1195 1055/1055/1193 1054/1054/1192
f 1058/1058/1196 1054/1054/1192 1056/1056/1194
f 1057/1057/1195 1054/1054/1192 1058/1058/1196
f 1059/1059/1197 1057/1057/1195 1058/1058/1196
f 1058/1058/1196 1056/1056/1194 1060/1060/1198
f 1059/1059/1197 1058/1058/1196 1061/1061/1199
f 1061/1061/1199 1058/1058/1196 1060/1060/1198
f 1062/1062/1200 1059/1059/1197 1061/1061/1199
f 1063/1063/1201 1062/1062/1200 1061/1061/1199
f 1064/1064/1202 1061/1061/1199 1060/1060/1198
f 1064/1064/1202 1063/1063/1201 1061/1061/1199
f 1065/1065/1203 1064/1064/1202 1060/1060/1198
f 1064/1064/1202 1065/1065/1203 1066/1066/1204
f 1063/1063/1201 1064/1064/1202 1067/1067/1205
f 1067/1067/1205 1064/1064/1202 1066/1066/1204
f 1068/1068/1206 1063/1063/1201 1067/1067/1205
f 1067/1067/1205 1066/1066/1204 1069/1069/1207
f 1068/1068/1206 1067/1067/1205 1070/1070/1208
f 1070/1070/1208 1067/1067/1205 1069/1069/1207
f 1070/1070/1208 1069/1069/1207 1071/1071/1209
f 1072/1072/1210 1068/1068/1206 1070/1070/1208
f 1073/1073/1211 1070/1070/1208 1071/1071/1209
f 1072/1072/1210 1070/1070/1208 1073/1073/1211
f 1074/1074/1212 1072/1072/1210 1073/1073/1211
f 1077/1077/1215 1076/1076/1214 1075/1075/1213
f 1078/1078/1216 1077/1077/1215 1075/1075/1213
f 1079/1079/1217 1077/1077/1215 1078/1078/1216
f 1080/1080/1218 1079/1079/1217 1078/1078/1216
f 1083/1083/1221 1082/1082/1220 1081/1081/1219
f 1084/1084/1222 1083/1083/1221 1081/1081/1219
f 1084/1084/1222 1085/1085/1223 1083/1083/1221
f 1085/1085/1223 1086/1086/1224 1083/1083/1221
f 1087/1087/1225 1086/1086/1224 1085/1085/1223
f 1088/1088/1226 1087/1087/1225 1085/1085/1223
f 1091/1091/1229 1090/1090/1228 1089/1089/1227
f 1092/1092/1230 1091/1091/1229 1089/1089/1227
f 1095/1095/1233 1094/1094/1232 1093/1093/1231
f 1096/1096/1234 1095/1095/1233 1093/1093/1231
f 1099/1099/1237 1098/1098/1236 1097/1097/1235
f 1100/1100/1238 1099/1099/1237 1097/1097/1235
f 1099/1099/1237 1100/1100/1238 1101/1101/1239
f 1102/1102/1240 1099/1099/1237 1101/1101/1239
f 1103/1103/1241 1102/1102/1240 1101/1101/1239
f 1104/1104/1242 1103/1103/1241 1101/1101/1239
f 1107/1107/1245 1106/1106/1244 1105/1105/1243
f 1108/1108/1246 1107/1107/1245 1105/1105/1243
f 1111/1111/1249 1110/1110/1248 1109/1109/1247
f 1112/1112/1250 1111/1111/1249 1109/1109/1247
f 1115/1115/1253 1114/1114/1252 1113/1113/1251
f 1116/1116/1254 1115/1115/1253 1113/1113/1251
f 1117/1117/1255 1115/1115/1253 1116/1116/1254
f 1118/1118/1256 1117/1117/1255 1116/1116/1254
f 1119/1119/1257 1117/1117/1255 1118/1118/1256
f 1120/1120/1258 1119/1119/1257 1118/1118/1256
f 1123/1123/1261 1122/1122/1260 1121/1121/1259
f 1124/1124/1262 1123/1123/1261 1121/1121/1259
f 1127/1127/1265 1126/1126/1264 1125/1125/1263
f 1128/1128/1266 1127/1127/1265 1125/1125/1263
f 1131/1131/1269 1130/1130/1268 1129/1129/1267
f 1132/1132/1270 1131/1131/1269 1129/1129/1267
f 1133/1133/1271 1131/1131/1269 1132/1132/1270
f 1134/1134/1272 1133/1133/1271 1132/1132/1270
f 1135/1135/1273 1133/1133/1271 1134/1134/1272
f 1136/1136/1274 1135/1135/1273 1134/1134/1272
f 1139/1139/1277 1138/1138/1276 1137/1137/1275
f 1138/1138/1276 1140/1140/1278 1137/1137/1275
f 1138/1138/1276 1141/1141/1279 1140/1140/1278
f 1141/1141/1279 1142/1142/1280 1140/1140/1278
f 1145/1145/1283 1144/1144/1282 1143/1143/1281
f 1144/1144/1282 1146/1146/1284 1143/1143/1281
f 1147/1147/1285 1146/1146/1284 1144/1144/1282
f 1148/1148/1286 1147/1147/1285 1144/1144/1282
f 1148/1148/1286 1149/1149/1287 1147/1147/1285
f 1149/1149/1287 1150/1150/1288 1147/1147/1285
f 1153/1153/1291 1152/1152/1290 1151/1151/1289
f 1154/1154/1292 1153/1153/1291 1151/1151/1289
f 1157/1157/1295 1156/1156/1294 1155/1155/1293
f 1158/1158/1296 1157/1157/1295 1155/1155/1293
f 1161/1161/1299 1160/1160/1298 1159/1159/1297
f 1160/1160/1298 1162/1162/1300 1159/1159/1297
f 1162/1162/1300 1160/1160/1298 1163/1163/1301
f 1160/1160/1298 1164/1164/1302 1163/1163/1301
f 1164/1164/1302 1165/1165/1303 1163/1163/1301
f 1165/1165/1303 1166/1166/1304 1163/1163/1301
f 1169/1169/1307 1168/1168/1306 1167/1167/1305
f 1170/1170/1308 1169/1169/1307 1167/1167/1305
f 1173/1173/1311 1172/1172/1310 1171/1171/1309
f 1174/1174/1312 1173/1173/1311 1171/1171/1309
f 1177/1177/1315 1176/1176/1314 1175/1175/1313
f 1176/1176/1314 1178/1178/1316 1175/1175/1313
f 1176/1176/1314 1179/1179/1317 1178/1178/1316
f 1179/1179/1317 1180/1180/1318 1178/1178/1316
f 1179/1179/1317 1181/1181/1319 1180/1180/1318
f 1181/1181/1319 1182/1182/1320 1180/1180/1318
f 1185/1185/1323 1184/1184/1322 1183/1183/1321
f 1186/1186/1324 1185/1185/1323 1183/1183/1321
f 1189/1189/1327 1188/1188/1326 1187/1187/1325
f 1190/1190/1328 1189/1189/1327 1187/1187/1325
f 1193/1193/1331 1192/1192/1330 1191/1191/1329
f 1192/1192/1330 1194/1194/1332 1191/1191/1329
f 1192/1192/1330 1195/1195/1333 1194/1194/1332
f 1195/1195/1333 1196/1196/1334 1194/1194/1332
f 1195/1195/1333 1197/1197/1335 1196/1196/1334
f 1197/1197/1335 1198/1198/1336 1196/1196/1334
f 1201/1201/1339 1200/1200/1338 1199/1199/1337
f 1200/1200/1338 1201/1201/1339 1202/1202/1340
f 1203/1203/1341 1201/1201/1339 1199/1199/1337
f 1201/1201/1339 1204/1204/1342 1202/1202/1340
f 1203/1203/1341 1199/1199/1337 1205/1205/1343
f 1202/1202/1340 1204/1204/1342 1206/1206/1344
f 1199/1199/1337 1207/1207/1345 1205/1205/1343
f 1208/1208/1346 1202/1202/1340 1206/1206/1344
f 1205/1205/1343 1207/1207/1345 1209/1209/1347
f 1208/1208/1346 1206/1206/1344 1210/1210/1348
f 1207/1207/1345 1211/1211/1349 1209/1209/1347
f 1212/1212/1350 1208/1208/1346 1210/1210/1348
f 1209/1209/1347 1211/1211/1349 1213/1213/1351
f 1212/1212/1350 1210/1210/1348 1214/1214/1352
f 1211/1211/1349 1215/1215/1353 1213/1213/1351
f 1216/1216/1354 1212/1212/1350 1214/1214/1352
f 1213/1213/1351 1215/1215/1353 1217/1217/1355
f 1215/1215/1353 1218/1218/1356 1217/1217/1355
f 1216/1216/1354 1214/1214/1352 1219/1219/1357
f 1220/1220/1358 1216/1216/1354 1219/1219/1357
f 1218/1218/1356 1221/1221/1359 1217/1217/1355
f 1221/1221/1359 1222/1222/1360 1217/1217/1355
f 1222/1222/1360 1221/1221/1359 1223/1223/1361
f 1221/1221/1359 1224/1224/1362 1223/1223/1361
f 1223/1223/1361 1224/1224/1362 1225/1225/1363
f 1224/1224/1362 1226/1226/1364 1225/1225/1363
f 1225/1225/1363 1226/1226/1364 1227/1227/1365
f 1226/1226/1364 1228/1228/1366 1227/1227/1365
f 1229/1229/1367 1220/1220/1358 1219/1219/1357
f 1230/1230/1368 1229/1229/1367 1219/1219/1357
f 1229/1229/1367 1230/1230/1368 1231/1231/1369
f 1232/1232/1370 1229/1229/1367 1231/1231/1369
f 1232/1232/1370 1231/1231/1369 1233/1233/1371
f 1234/1234/1372 1232/1232/1370 1233/1233/1371
f 1234/1234/1372 1233/1233/1371 1235/1235/1373
f 1236/1236/1374 1234/1234/1372 1235/1235/1373
f 1227/1227/1365 1228/1228/1366 1237/1237/1375
f 1228/1228/1366 1238/1238/1376 1237/1237/1375
f 1236/1236/1374 1235/1235/1373 1239/1239/1377
f 1240/1240/1378 1236/1236/1374 1239/1239/1377
f 1238/1238/1376 1241/1241/1379 1237/1237/1375
f 1241/1241/1379 1240/1240/1378 1239/1239/1377
f 1241/1241/1379 1242/1242/1380 1237/1237/1375
f 1242/1242/1380 1241/1241/1379 1239/1239/1377
f 1245/1245/1383 1244/1244/1382 1243/1243/1381
f 1244/1244/1382 1245/1245/1383 1246/1246/1384
f 1247/1247/1385 1245/1245/1383 1243/1243/1381
f 1245/1245/1383 1248/1248/1386 1246/1246/1384
f 1247/1247/1385 1243/1243/1381 1249/1249/1387
f 1246/1246/1384 1248/1248/1386 1250/1250/1388
f 1243/1243/1381 1251/1251/1389 1249/1249/1387
f 1252/1252/1390 1246/1246/1384 1250/1250/1388
f 1249/1249/1387 1251/1251/1389 1253/1253/1391
f 1252/1252/1390 1250/1250/1388 1254/1254/1392
f 1251/1251/1389 1255/1255/1393 1253/1253/1391
f 1256/1256/1394 1252/1252/1390 1254/1254/1392
f 1253/1253/1391 1255/1255/1393 1257/1257/1395
f 1256/1256/1394 1254/1254/1392 1258/1258/1396
f 1255/1255/1393 1259/1259/1397 1257/1257/1395
f 1260/1260/1398 1256/1256/1394 1258/1258/1396
f 1257/1257/1395 1259/1259/1397 1261/1261/1399
f 1259/1259/1397 1262/1262/1400 1261/1261/1399
f 1260/1260/1398 1258/1258/1396 1263/1263/1401
f 1264/1264/1402 1260/1260/1398 1263/1263/1401
f 1262/1262/1400 1265/1265/1403 1261/1261/1399
f 1265/1265/1403 1266/1266/1404 1261/1261/1399
f 1266/1266/1404 1265/1265/1403 1267/1267/1405
f 1265/1265/1403 1268/1268/1406 1267/1267/1405
f 1267/1267/1405 1268/1268/1406 1269/1269/1407
f 1268/1268/1406 1270/1270/1408 1269/1269/1407
f 1269/1269/1407 1270/1270/1408 1271/1271/1409
f 1270/1270/1408 1272/1272/1410 1271/1271/1409
f 1273/1273/1411 1264/1264/1402 1263/1263/1401
f 1274/1274/1412 1273/1273/1411 1263/1263/1401
f 1273/1273/1411 1274/1274/1412 1275/1275/1413
f 1276/1276/1414 1273/1273/1411 1275/1275/1413
f 1276/1276/1414 1275/1275/1413 1277/1277/1415
f 1278/1278/1416 1276/1276/1414 1277/1277/1415
f 1278/1278/1416 1277/1277/1415 1279/1279/1417
f 1280/1280/1418 1278/1278/1416 1279/1279/1417
f 1271/1271/1409 1272/1272/1410 1281/1281/1419
f 1272/1272/1410 1282/1282/1420 1281/1281/1419
f 1280/1280/1418 1279/1279/1417 1283/1283/1421
f 1284/1284/1422 1280/1280/1418 1283/1283/1421
f 1282/1282/1420 1285/1285/1423 1281/1281/1419
f 1285/1285/1423 1284/1284/1422 1283/1283/1421
f 1285/1285/1423 1286/1286/1424 1281/1281/1419
f 1286/1286/1424 1285/1285/1423 1283/1283/1421
f 1289/1289/1427 1288/1288/1426 1287/1287/1425
f 1288/1288/1426 1289/1289/1427 1290/1290/1428
f 1291/1291/1429 1289/1289/1427 1287/1287/1425
f 1289/1289/1427 1292/1292/1430 1290/1290/1428
f 1291/1291/1429 1287/1287/1425 1293/1293/1431
f 1290/1290/1428 1292/1292/1430 1294/1294/1432
f 1287/1287/1425 1295/1295/1433 1293/1293/1431
f 1296/1296/1434 1290/1290/1428 1294/1294/1432
f 1293/1293/1431 1295/1295/1433 1297/1297/1435
f 1296/1296/1434 1294/1294/1432 1298/1298/1436
f 1295/1295/1433 1299/1299/1437 1297/1297/1435
f 1300/1300/1438 1296/1296/1434 1298/1298/1436
f 1297/1297/1435 1299/1299/1437 1301/1301/1439
f 1300/1300/1438 1298/1298/1436 1302/1302/1440
f 1299/1299/1437 1303/1303/1441 1301/1301/1439
f 1304/1304/1442 1300/1300/1438 1302/1302/1440
f 1301/1301/1439 1303/1303/1441 1305/1305/1443
f 1303/1303/1441 1306/1306/1444 1305/1305/1443
f 1304/1304/1442 1302/1302/1440 1307/1307/1445
f 1308/1308/1446 1304/1304/1442 1307/1307/1445
f 1306/1306/1444 1309/1309/1447 1305/1305/1443
f 1309/1309/1447 1310/1310/1448 1305/1305/1443
f 1310/1310/1448 1309/1309/1447 1311/1311/1449
f 1309/1309/1447 1312/1312/1450 1311/1311/1449
f 1311/1311/1449 1312/1312/1450 1313/1313/1451
f 1312/1312/1450 1314/1314/1452 1313/1313/1451
f 1313/1313/1451 1314/1314/1452 1315/1315/1453
f 1314/1314/1452 1316/1316/1454 1315/1315/1453
f 1317/1317/1455 1308/1308/1446 1307/1307/1445
f 1318/1318/1456 1317/1317/1455 1307/1307/1445
f 1317/1317/1455 1318/1318/1456 1319/1319/1457
f 1320/1320/1458 1317/1317/1455 1319/1319/1457
f 1320/1320/1458 1319/1319/1457 1321/1321/1459
f 1322/1322/1460 1320/1320/1458 1321/1321/1459
f 1322/1322/1460 1321/1321/1459 1323/1323/1461
f 1324/1324/1462 1322/1322/1460 1323/1323/1461
f 1315/1315/1453 1316/1316/1454 1325/1325/1463
f 1316/1316/1454 1326/1326/1464 1325/1325/1463
f 1324/1324/1462 1323/1323/1461 1327/1327/1465
f 1328/1328/1466 1324/1324/1462 1327/1327/1465
f 1326/1326/1464 1329/1329/1467 1325/1325/1463
f 1329/1329/1467 1328/1328/1466 1327/1327/1465
f 1329/1329/1467 1330/1330/1468 1325/1325/1463
f 1330/1330/1468 1329/1329/1467 1327/1327/1465
f 1333/1333/1471 1332/1332/1470 1331/1331/1469
f 1332/1332/1470 1333/1333/1471 1334/1334/1472
f 1335/1335/1473 1333/1333/1471 1331/1331/1469
f 1333/1333/1471 1336/1336/1474 1334/1334/1472
f 1335/1335/1473 1331/1331/1469 1337/1337/1475
f 1334/1334/1472 1336/1336/1474 1338/1338/1476
f 1331/1331/1469 1339/1339/1477 1337/1337/1475
f 1340/1340/1478 1334/1334/1472 1338/1338/1476
f 1337/1337/1475 1339/1339/1477 1341/1341/1479
f 1340/1340/1478 1338/1338/1476 1342/1342/1480
f 1339/1339/1477 1343/1343/1481 1341/1341/1479
f 1344/1344/1482 1340/1340/1478 1342/1342/1480
f 1341/1341/1479 1343/1343/1481 1345/1345/1483
f 1344/1344/1482 1342/1342/1480 1346/1346/1484
f 1343/1343/1481 1347/1347/1485 1345/1345/1483
f 1348/1348/1486 1344/1344/1482 1346/1346/1484
f 1345/1345/1483 1347/1347/1485 1349/1349/1487
f 1347/1347/1485 1350/1350/1488 1349/1349/1487
f 1348/1348/1486 1346/1346/1484 1351/1351/1489
f 1352/1352/1490 1348/1348/1486 1351/1351/1489
f 1350/1350/1488 1353/1353/1491 1349/1349/1487
f 1353/1353/1491 1354/1354/1492 1349/1349/1487
f 1354/1354/1492 1353/1353/1491 1355/1355/1493
f 1353/1353/1491 1356/1356/1494 1355/1355/1493
f 1355/1355/1493 1356/1356/1494 1357/1357/1495
f 1356/1356/1494 1358/1358/1496 1357/1357/1495
f 1357/1357/1495 1358/1358/1496 1359/1359/1497
f 1358/1358/1496 1360/1360/1498 1359/1359/1497
f 1361/1361/1499 1352/1352/1490 1351/1351/1489
f 1362/1362/1500 1361/1361/1499 1351/1351/1489
f 1361/1361/1499 1362/1362/1500 1363/1363/1501
f 1364/1364/1502 1361/1361/1499 1363/1363/1501
f 1364/1364/1502 1363/1363/1501 1365/1365/1503
f 1366/1366/1504 1364/1364/1502 1365/1365/1503
f 1366/1366/1504 1365/1365/1503 1367/1367/1505
f 1368/1368/1506 1366/1366/1504 1367/1367/1505
f 1359/1359/1497 1360/1360/1498 1369/1369/1507
f 1360/1360/1498 1370/1370/1508 1369/1369/1507
f 1368/1368/1506 1367/1367/1505 1371/1371/1509
f 1372/1372/1510 1368/1368/1506 1371/1371/1509
f 1370/1370/1508 1373/1373/1511 1369/1369/1507
f 1373/1373/1511 1372/1372/1510 1371/1371/1509
f 1373/1373/1511 1374/1374/1512 1369/1369/1507
f 1374/1374/1512 1373/1373/1511 1371/1371/1509
f 1377/1377/1515 1376/1376/1514 1375/1375/1513
f 1378/1378/1516 1376/1376/1514 1377/1377/1515
f 1379/1379/1517 1376/1376/1514 1378/1378/1516
f 1375/1375/1513 1376/1376/1514 1380/1380/1518
f 1379/1379/1517 1381/1381/1519 1376/1376/1514
f 1376/1376/1514 1382/1382/1520 1380/1380/1518
f 1381/1381/1519 1382/1382/1520 1376/1376/1514
f 1382/1382/1520 1383/1383/1521 1380/1380/1518
f 1384/1384/1522 1382/1382/1520 1381/1381/1519
f 1383/1383/1521 1382/1382/1520 1385/1385/1523
f 1386/1386/1524 1382/1382/1520 1384/1384/1522
f 1385/1385/1523 1382/1382/1520 1386/1386/1524
f 1389/1389/1527 1388/1388/1526 1387/1387/1525
f 1389/1389/1527 1390/1390/1528 1388/1388/1526
f 1389/1389/1527 1391/1391/1529 1390/1390/1528
f 1389/1389/1527 1387/1387/1525 1392/1392/1530
f 1393/1393/1531 1391/1391/1529 1389/1389/1527
f 1394/1394/1532 1389/1389/1527 1392/1392/1530
f 1394/1394/1532 1393/1393/1531 1389/1389/1527
f 1395/1395/1533 1394/1394/1532 1392/1392/1530
f 1394/1394/1532 1396/1396/1534 1393/1393/1531
f 1394/1394/1532 1395/1395/1533 1397/1397/1535
f 1394/1394/1532 1398/1398/1536 1396/1396/1534
f 1394/1394/1532 1397/1397/1535 1398/1398/1536
f 1401/1401/1539 1400/1400/1538 1399/1399/1537
f 1402/1402/1540 1401/1401/1539 1399/1399/1537
f 1399/1399/1537 1400/1400/1538 1403/1403/1541
f 1404/1404/1542 1401/1401/1539 1402/1402/1540
f 1400/1400/1538 1405/1405/1543 1403/1403/1541
f 1406/1406/1544 1404/1404/1542 1402/1402/1540
f 1403/1403/1541 1405/1405/1543 1407/1407/1545
f 1408/1408/1546 1404/1404/1542 1406/1406/1544
f 1405/1405/1543 1409/1409/1547 1407/1407/1545
f 1410/1410/1548 1408/1408/1546 1406/1406/1544
f 1407/1407/1545 1409/1409/1547 1411/1411/1549
f 1412/1412/1550 1408/1408/1546 1410/1410/1548
f 1409/1409/1547 1413/1413/1551 1411/1411/1549
f 1414/1414/1552 1412/1412/1550 1410/1410/1548
f 1411/1411/1549 1413/1413/1551 1415/1415/1553
f 1416/1416/1554 1412/1412/1550 1414/1414/1552
f 1413/1413/1551 1417/1417/1555 1415/1415/1553
f 1418/1418/1556 1416/1416/1554 1414/1414/1552
f 1415/1415/1553 1417/1417/1555 1418/1418/1556
f 1417/1417/1555 1416/1416/1554 1418/1418/1556
f 1421/1421/1559 1420/1420/1558 1419/1419/1557
f 1420/1420/1558 1422/1422/1560 1419/1419/1557
f 1421/1421/1559 1419/1419/1557 1423/1423/1561
f 1420/1420/1558 1424/1424/1562 1422/1422/1560
f 1425/1425/1563 1421/1421/1559 1423/1423/1561
f 1424/1424/1562 1426/1426/1564 1422/1422/1560
f 1425/1425/1563 1423/1423/1561 1427/1427/1565
f 1424/1424/1562 1428/1428/1566 1426/1426/1564
f 1429/1429/1567 1425/1425/1563 1427/1427/1565
f 1428/1428/1566 1430/1430/1568 1426/1426/1564
f 1429/1429/1567 1427/1427/1565 1431/1431/1569
f 1428/1428/1566 1432/1432/1570 1430/1430/1568
f 1433/1433/1571 1429/1429/1567 1431/1431/1569
f 1432/1432/1570 1434/1434/1572 1430/1430/1568
f 1433/1433/1571 1431/1431/1569 1435/1435/1573
f 1432/1432/1570 1436/1436/1574 1434/1434/1572
f 1437/1437/1575 1433/1433/1571 1435/1435/1573
f 1436/1436/1574 1438/1438/1576 1434/1434/1572
f 1437/1437/1575 1435/1435/1573 1438/1438/1576
f 1436/1436/1574 1437/1437/1575 1438/1438/1576
