mtllib SinkMesh_f73808d7.mtl
g SinkMesh_f73808d7
v 2.0189 0.78965 -1.1344
v 2.01351 0.77348 -1.13988
v 2.05093 0.77348 -1.14744
v 2.05633 0.78965 -1.14196
v 2.08266 0.77348 -1.16897
v 2.13209 0.90678 -1.14258
v 2.13209 0.90682 -1.77449
v 2.13209 0.90678 -1.85741
v 2.13209 0.90678 -1.14258
v 2.13209 0.90682 -1.22549
v 2.13209 0.90682 -1.77449
v 1.66792 0.90681 -1.2255
v 1.66792 0.90677 -1.14258
v 1.66792 0.90677 -1.85741
v 1.66792 0.90681 -1.7745
v 1.66792 0.90681 -1.2255
v 1.87148 0.74862 -1.51181
v 1.88344 0.73821 -1.50686
v 1.88207 0.73821 -1.5
v 1.87148 0.74862 -1.48818
v 1.88344 0.73821 -1.49313
v 1.88732 0.73821 -1.48731
v 1.87148 0.74862 -1.48818
v 1.88732 0.73821 -1.48731
v 1.87817 0.74862 -1.47816
v 1.87817 0.74862 -1.47816
v 1.88732 0.73821 -1.48731
v 1.89314 0.73821 -1.48343
v 1.7865 0.77348 -1.13988
v 1.79864 0.76013 -1.15221
v 2.00136 0.76013 -1.15221
v 2.01351 0.77348 -1.13988
v 1.78111 0.78965 -1.1344
v 2.0189 0.78965 -1.1344
v 1.77614 0.80081 -1.12949
v 1.73882 0.80081 -1.13692
v 1.7388 0.897 -1.13692
v 2.02387 0.80081 -1.12949
v 1.77612 0.89691 -1.12949
v 2.05633 0.78965 -1.14196
v 2.05093 0.77348 -1.14744
v 1.73632 0.906 -1.13089
v 1.7031 0.906 -1.15309
v 1.70771 0.897 -1.1577
v 1.7755 0.9059 -1.12309
v 2.02389 0.89691 -1.12949
v 2.0245 0.9059 -1.12309
v 2.06119 0.80081 -1.13692
v 2.0612 0.897 -1.13692
v 2.06369 0.906 -1.13089
v 2.08805 0.78965 -1.16349
v 2.08266 0.77348 -1.16897
v 2.0923 0.80081 -1.1577
v 2.0923 0.897 -1.1577
v 2.09691 0.906 -1.15309
v 1.71196 0.78965 -1.16349
v 1.71735 0.77348 -1.16897
v 1.74908 0.77348 -1.14744
v 1.74368 0.78965 -1.14196
v 1.7865 0.77348 -1.13988
v 1.78111 0.78965 -1.1344
v 1.70771 0.80081 -1.1577
v 1.73882 0.80081 -1.13692
v 1.70771 0.897 -1.1577
v 1.7388 0.897 -1.13692
v 1.68871 0.77348 -1.76078
v 1.70085 0.76013 -1.74845
v 1.70085 0.76013 -1.25154
v 1.68871 0.77348 -1.23921
v 1.71196 0.78965 -1.8365
v 1.71735 0.77348 -1.83102
v 1.69615 0.77348 -1.79879
v 1.69076 0.78965 -1.80427
v 1.68871 0.77348 -1.76078
v 1.68332 0.78965 -1.76626
v 1.68871 0.77348 -1.23921
v 1.68332 0.78965 -1.23373
v 1.69615 0.77348 -1.2012
v 1.6795 0.80081 -1.77386
v 1.69076 0.78965 -1.19572
v 1.71735 0.77348 -1.16897
v 1.71196 0.78965 -1.16349
v 1.6795 0.80081 -1.22613
v 1.68693 0.80081 -1.18881
v 1.70771 0.80081 -1.1577
v 1.68693 0.897 -1.18879
v 1.70771 0.897 -1.1577
v 1.6809 0.906 -1.18631
v 1.7031 0.906 -1.15309
v 1.6731 0.9059 -1.22549
v 1.6795 0.89691 -1.22611
v 1.6731 0.9059 -1.7745
v 1.6795 0.89691 -1.77388
v 1.68693 0.897 -1.8112
v 1.68693 0.80081 -1.81118
v 1.69076 0.78965 -1.80427
v 1.70771 0.80081 -1.84229
v 1.71196 0.78965 -1.8365
v 1.68693 0.80081 -1.81118
v 1.68332 0.78965 -1.76626
v 1.6795 0.80081 -1.77386
v 1.70771 0.897 -1.84229
v 1.68693 0.897 -1.8112
v 1.7031 0.906 -1.8469
v 1.6809 0.906 -1.81368
v 1.6795 0.89691 -1.77388
v 1.6731 0.9059 -1.7745
v 2.01351 0.77348 -1.86011
v 2.00137 0.76013 -1.84778
v 1.79864 0.76013 -1.84778
v 1.7865 0.77348 -1.86011
v 2.0189 0.78965 -1.86559
v 1.78111 0.78965 -1.86559
v 1.74908 0.77348 -1.85255
v 2.02387 0.80081 -1.8705
v 1.74368 0.78965 -1.85803
v 1.71735 0.77348 -1.83102
v 1.71196 0.78965 -1.8365
v 1.77614 0.80081 -1.8705
v 1.73882 0.80081 -1.86307
v 1.70771 0.80081 -1.84229
v 1.7388 0.897 -1.86307
v 1.70771 0.897 -1.84229
v 1.73632 0.906 -1.8691
v 1.7031 0.906 -1.8469
v 1.77551 0.9059 -1.8769
v 1.77612 0.89691 -1.8705
v 2.0245 0.9059 -1.8769
v 2.02389 0.89691 -1.8705
v 2.06369 0.906 -1.8691
v 2.06121 0.897 -1.86307
v 2.06119 0.80081 -1.86307
v 2.08805 0.78965 -1.8365
v 2.08266 0.77348 -1.83102
v 2.05093 0.77348 -1.85255
v 2.05633 0.78965 -1.85803
v 2.01351 0.77348 -1.86011
v 2.0923 0.80081 -1.84229
v 2.0189 0.78965 -1.86559
v 2.06119 0.80081 -1.86307
v 2.02387 0.80081 -1.8705
v 2.0923 0.897 -1.84229
v 2.06121 0.897 -1.86307
v 2.09691 0.906 -1.8469
v 2.06369 0.906 -1.8691
v 2.1113 0.77348 -1.23921
v 2.09916 0.76013 -1.25154
v 2.09916 0.76013 -1.74845
v 2.1113 0.77348 -1.76078
v 2.11669 0.78965 -1.23373
v 2.11669 0.78965 -1.76626
v 2.10386 0.77348 -1.79879
v 2.10925 0.78965 -1.19572
v 2.10386 0.77348 -1.2012
v 2.08805 0.78965 -1.16349
v 2.08266 0.77348 -1.16897
v 2.0923 0.80081 -1.1577
v 2.11308 0.80081 -1.18881
v 2.0923 0.897 -1.1577
v 2.11308 0.897 -1.18879
v 2.12051 0.80081 -1.22613
v 2.12051 0.89691 -1.22611
v 2.11911 0.906 -1.18631
v 2.12691 0.9059 -1.22549
v 2.10925 0.78965 -1.80427
v 2.08266 0.77348 -1.83102
v 2.08805 0.78965 -1.8365
v 2.12051 0.80081 -1.77386
v 2.12051 0.89691 -1.77388
v 2.12691 0.9059 -1.7745
v 2.11308 0.80081 -1.81118
v 2.0923 0.80081 -1.84229
v 2.11308 0.897 -1.8112
v 2.11911 0.906 -1.81368
v 2.0923 0.897 -1.84229
v 2.09691 0.906 -1.8469
v 2.09691 0.906 -1.15309
v 2.0923 0.897 -1.1577
v 2.11308 0.897 -1.18879
v 2.11911 0.906 -1.18631
v 2.10386 0.77348 -1.79879
v 2.1113 0.77348 -1.76078
v 2.09916 0.76013 -1.74845
v 2.09171 0.76013 -1.78646
v 2.08266 0.77348 -1.83102
v 2.07051 0.76013 -1.81868
v 2.05093 0.77348 -1.85255
v 2.08541 0.75746 -1.78236
v 2.03879 0.76013 -1.84021
v 2.01351 0.77348 -1.86011
v 2.00137 0.76013 -1.84778
v 2.03476 0.75746 -1.83381
v 2.09255 0.75746 -1.74557
v 2.09916 0.76013 -1.25154
v 2.06512 0.75746 -1.8132
v 2.0307 0.75078 -1.77824
v 2.04041 0.75078 -1.76348
v 2.01616 0.75078 -1.7881
v 1.99853 0.75746 -1.84107
v 1.99387 0.75078 -1.79257
v 1.80148 0.75746 -1.84107
v 1.79864 0.76013 -1.84778
v 1.80614 0.75078 -1.79257
v 1.76525 0.75746 -1.83381
v 1.76122 0.76013 -1.84021
v 1.78385 0.75078 -1.7881
v 1.7295 0.76013 -1.81868
v 1.71735 0.77348 -1.83102
v 1.69615 0.77348 -1.79879
v 1.7083 0.76013 -1.78646
v 1.68871 0.77348 -1.76078
v 1.70085 0.76013 -1.74845
v 1.7146 0.75746 -1.78236
v 1.73489 0.75746 -1.8132
v 1.76931 0.75078 -1.77824
v 1.7596 0.75078 -1.76348
v 1.874 0.75036 -1.53708
v 1.87898 0.75036 -1.53765
v 1.87076 0.75036 -1.53581
v 1.8686 0.75036 -1.53392
v 1.92103 0.75036 -1.53765
v 1.92601 0.75036 -1.53708
v 1.92925 0.75036 -1.53581
v 1.86761 0.75036 -1.53101
v 1.93141 0.75036 -1.53392
v 1.75521 0.75078 -1.74083
v 1.86761 0.75036 -1.46898
v 2.0448 0.75078 -1.74083
v 1.9324 0.75036 -1.53101
v 1.70746 0.75746 -1.74557
v 1.75521 0.75078 -1.25916
v 1.8686 0.75036 -1.46607
v 1.70746 0.75746 -1.25442
v 1.70085 0.76013 -1.25154
v 1.7596 0.75078 -1.23651
v 1.87076 0.75036 -1.46418
v 2.09255 0.75746 -1.25442
v 1.7146 0.75746 -1.21763
v 1.76931 0.75078 -1.22175
v 1.874 0.75036 -1.46291
v 2.0448 0.75078 -1.25916
v 1.9324 0.75036 -1.46898
v 2.08541 0.75746 -1.21763
v 2.04041 0.75078 -1.23651
v 1.93141 0.75036 -1.46607
v 1.78385 0.75078 -1.21189
v 1.87898 0.75036 -1.46234
v 2.0307 0.75078 -1.22175
v 1.92925 0.75036 -1.46418
v 2.09171 0.76013 -1.21353
v 2.1113 0.77348 -1.23921
v 2.10386 0.77348 -1.2012
v 2.07051 0.76013 -1.18131
v 2.08266 0.77348 -1.16897
v 2.06512 0.75746 -1.18679
v 2.01616 0.75078 -1.21189
v 1.92601 0.75036 -1.46291
v 2.03476 0.75746 -1.16618
v 2.03879 0.76013 -1.15978
v 2.05093 0.77348 -1.14744
v 2.00136 0.76013 -1.15221
v 2.01351 0.77348 -1.13988
v 1.99853 0.75746 -1.15892
v 1.79864 0.76013 -1.15221
v 1.99387 0.75078 -1.20742
v 1.92103 0.75036 -1.46234
v 1.80148 0.75746 -1.15892
v 1.80614 0.75078 -1.20742
v 1.76525 0.75746 -1.16618
v 1.76122 0.76013 -1.15978
v 1.73489 0.75746 -1.18679
v 1.7295 0.76013 -1.18131
v 1.74908 0.77348 -1.14744
v 1.71735 0.77348 -1.16897
v 1.7083 0.76013 -1.21353
v 1.69615 0.77348 -1.2012
v 1.68871 0.77348 -1.23921
v 1.74908 0.77348 -1.85255
v 1.7865 0.77348 -1.86011
v 1.79864 0.76013 -1.84778
v 1.76122 0.76013 -1.84021
v 1.71735 0.77348 -1.83102
v 1.7865 0.77348 -1.13988
v 1.74908 0.77348 -1.14744
v 1.76122 0.76013 -1.15978
v 1.79864 0.76013 -1.15221
v 2.16915 0.8995 -1.91914
v 2.16266 0.657 -1.92347
v 2.16915 0.657 -1.91914
v 2.16266 0.8995 -1.92347
v 2.16915 0.90687 -1.91914
v 2.16266 0.90687 -1.92347
v 2.155 0.657 -1.925
v 2.155 0.8995 -1.925
v 2.15501 0.90687 -1.925
v 1.645 0.90687 -1.925
v 1.645 0.8995 -1.925
v 1.645 0.657 -1.925
v 1.63735 0.657 -1.92347
v 1.63735 0.8995 -1.92347
v 1.63735 0.90687 -1.92347
v 1.63086 0.8995 -1.91914
v 1.63086 0.90687 -1.91914
v 1.63735 0.8995 -1.92347
v 1.63086 0.657 -1.91914
v 1.63735 0.657 -1.92347
v 1.63086 0.8995 -1.91914
v 1.63086 0.8995 -1.91914
v 1.62653 0.657 -1.91265
v 1.63086 0.657 -1.91914
v 1.62653 0.8995 -1.91265
v 1.63086 0.90687 -1.91914
v 1.62653 0.90687 -1.91265
v 1.625 0.657 -1.90499
v 1.625 0.8995 -1.90499
v 1.625 0.90687 -1.905
v 1.625 0.90687 -1.09499
v 1.625 0.8995 -1.09499
v 1.625 0.657 -1.09499
v 1.62653 0.657 -1.08734
v 1.62653 0.8995 -1.08734
v 1.63086 0.657 -1.08085
v 1.62653 0.90687 -1.08734
v 1.63086 0.8995 -1.08085
v 1.63086 0.90687 -1.08085
v 1.63086 0.8995 -1.08085
v 1.63735 0.657 -1.07652
v 1.63086 0.657 -1.08085
v 1.63735 0.8995 -1.07652
v 1.63086 0.90687 -1.08085
v 1.63735 0.90687 -1.07652
v 1.645 0.657 -1.07499
v 1.645 0.8995 -1.07499
v 1.645 0.90687 -1.07499
v 2.15501 0.90687 -1.07499
v 2.155 0.8995 -1.07499
v 2.155 0.657 -1.07499
v 2.16266 0.657 -1.07652
v 2.16266 0.8995 -1.07652
v 2.16266 0.90687 -1.07652
v 2.16915 0.657 -1.08085
v 2.16906 0.8995 -1.08091
v 2.16906 0.8995 -1.08091
v 2.16266 0.8995 -1.07652
v 2.16266 0.90687 -1.07652
v 2.16911 0.9069 -1.08088
v 2.17348 0.657 -1.08734
v 2.175 0.657 -1.09499
v 2.175 0.657 -1.90499
v 2.17348 0.657 -1.91265
v 2.16915 0.657 -1.08085
v 2.16915 0.657 -1.91914
v 2.16266 0.657 -1.07652
v 2.16266 0.657 -1.92347
v 2.155 0.657 -1.07499
v 2.155 0.657 -1.925
v 1.645 0.657 -1.07499
v 1.645 0.657 -1.925
v 1.63735 0.657 -1.07652
v 1.63735 0.657 -1.92347
v 1.63086 0.657 -1.08085
v 1.63086 0.657 -1.91914
v 1.62653 0.657 -1.08734
v 1.62653 0.657 -1.91265
v 1.625 0.657 -1.09499
v 1.625 0.657 -1.90499
v 2.17348 0.657 -1.08734
v 2.16915 0.657 -1.08085
v 2.16906 0.8995 -1.08091
v 2.1734 0.8995 -1.0874
v 2.16911 0.9069 -1.08088
v 2.17344 0.9069 -1.08737
v 2.175 0.657 -1.09499
v 2.17491 0.8995 -1.09499
v 2.17496 0.9069 -1.09499
v 2.17496 0.9069 -1.905
v 2.17491 0.8995 -1.90499
v 2.175 0.657 -1.90499
v 2.17348 0.657 -1.91265
v 2.17348 0.8995 -1.91265
v 2.16915 0.657 -1.91914
v 2.17348 0.90687 -1.91265
v 2.16915 0.8995 -1.91914
v 2.16915 0.90687 -1.91914
v 2.12538 0.90587 -1.86455
v 2.12691 0.90587 -1.8569
v 2.12691 0.9059 -1.7745
v 2.11911 0.906 -1.81368
v 2.12105 0.90587 -1.87104
v 2.11456 0.90587 -1.87537
v 2.09691 0.906 -1.8469
v 2.10691 0.90587 -1.8769
v 2.06369 0.906 -1.8691
v 2.0245 0.9059 -1.8769
v 1.6931 0.90587 -1.8769
v 1.77551 0.9059 -1.8769
v 1.73632 0.906 -1.8691
v 1.7031 0.906 -1.8469
v 1.6809 0.906 -1.81368
v 1.68545 0.90587 -1.87537
v 1.67896 0.90587 -1.87104
v 1.6731 0.9059 -1.7745
v 1.67463 0.90587 -1.86455
v 1.6731 0.90587 -1.8569
v 1.67463 0.90587 -1.13544
v 1.6731 0.90587 -1.14309
v 1.6731 0.9059 -1.22549
v 1.67896 0.90587 -1.12895
v 1.6809 0.906 -1.18631
v 1.68545 0.90587 -1.12462
v 1.6931 0.90587 -1.12309
v 1.7031 0.906 -1.15309
v 1.73632 0.906 -1.13089
v 1.7755 0.9059 -1.12309
v 2.10691 0.90587 -1.12309
v 2.0245 0.9059 -1.12309
v 2.06369 0.906 -1.13089
v 2.09691 0.906 -1.15309
v 2.11456 0.90587 -1.12462
v 2.11911 0.906 -1.18631
v 2.12105 0.90587 -1.12895
v 2.12538 0.90587 -1.13544
v 2.12691 0.9059 -1.22549
v 2.12691 0.90587 -1.14309
v 1.94712 0.75 -1.48048
v 1.951 0.75 -1.5
v 1.94712 0.75 -1.51951
v 1.93607 0.75 -1.46393
v 1.93607 0.75 -1.53606
v 1.91952 0.75 -1.45288
v 1.91952 0.75 -1.54711
v 1.9 0.75 -1.449
v 1.9 0.75 -1.55099
v 1.88049 0.75 -1.45288
v 1.88049 0.75 -1.54711
v 1.86394 0.75 -1.46393
v 1.86394 0.75 -1.53606
v 1.85289 0.75 -1.48048
v 1.85289 0.75 -1.51951
v 1.84901 0.75 -1.5
v 1.9 0.75209 -1.532
v 1.91225 0.75209 -1.52957
v 1.91182 0.74862 -1.52852
v 1.9 0.74862 -1.53087
v 1.88776 0.75209 -1.52957
v 1.88819 0.74862 -1.52852
v 1.87737 0.75209 -1.52263
v 1.87817 0.74862 -1.52183
v 1.91225 0.75209 -1.52957
v 1.92184 0.74862 -1.52183
v 1.91182 0.74862 -1.52852
v 1.92264 0.75209 -1.52263
v 1.92853 0.74862 -1.51181
v 1.92958 0.75209 -1.51224
v 1.93088 0.74862 -1.5
v 1.93201 0.75209 -1.5
v 1.92853 0.74862 -1.48818
v 1.92958 0.75209 -1.48775
v 1.92958 0.75209 -1.48775
v 1.92184 0.74862 -1.47816
v 1.92853 0.74862 -1.48818
v 1.92264 0.75209 -1.47736
v 1.91182 0.74862 -1.47147
v 1.91225 0.75209 -1.47042
v 1.9 0.74862 -1.46912
v 1.9 0.75209 -1.46799
v 1.9 0.75209 -1.46799
v 1.88819 0.74862 -1.47147
v 1.9 0.74862 -1.46912
v 1.88776 0.75209 -1.47042
v 1.87817 0.74862 -1.47816
v 1.88776 0.75209 -1.47042
v 1.87737 0.75209 -1.47736
v 1.87817 0.74862 -1.47816
v 1.87148 0.74862 -1.48818
v 1.87043 0.75209 -1.48775
v 1.87043 0.75209 -1.48775
v 1.86913 0.74862 -1.5
v 1.87148 0.74862 -1.48818
v 1.868 0.75209 -1.5
v 1.87148 0.74862 -1.51181
v 1.87043 0.75209 -1.51224
v 1.87043 0.75209 -1.51224
v 1.87817 0.74862 -1.52183
v 1.87148 0.74862 -1.51181
v 1.87737 0.75209 -1.52263
v 1.951 0.75 -1.5
v 1.94341 0.75401 -1.51798
v 1.94712 0.75 -1.51951
v 1.94699 0.75401 -1.5
v 1.94712 0.75 -1.48048
v 1.94341 0.75401 -1.48201
v 1.93607 0.75 -1.46393
v 1.93323 0.75401 -1.46677
v 1.91952 0.75 -1.45288
v 1.91799 0.75401 -1.45659
v 1.9 0.75 -1.449
v 1.9 0.75401 -1.45301
v 1.88049 0.75 -1.45288
v 1.9 0.75401 -1.45301
v 1.9 0.75 -1.449
v 1.88202 0.75401 -1.45659
v 1.86394 0.75 -1.46393
v 1.86678 0.75401 -1.46677
v 1.85289 0.75 -1.48048
v 1.88776 0.75209 -1.47042
v 1.9 0.75209 -1.46799
v 1.91225 0.75209 -1.47042
v 1.91799 0.75401 -1.45659
v 1.92264 0.75209 -1.47736
v 1.93323 0.75401 -1.46677
v 1.92958 0.75209 -1.48775
v 1.94341 0.75401 -1.48201
v 1.93201 0.75209 -1.5
v 1.94699 0.75401 -1.5
v 1.92958 0.75209 -1.51224
v 1.8566 0.75401 -1.48201
v 1.94341 0.75401 -1.51798
v 1.84901 0.75 -1.5
v 1.92264 0.75209 -1.52263
v 1.85302 0.75401 -1.5
v 1.87043 0.75209 -1.48775
v 1.85289 0.75 -1.51951
v 1.868 0.75209 -1.5
v 1.93323 0.75401 -1.53322
v 1.94712 0.75 -1.51951
v 1.91225 0.75209 -1.52957
v 1.93607 0.75 -1.53606
v 1.8566 0.75401 -1.51798
v 1.86394 0.75 -1.53606
v 1.87043 0.75209 -1.51224
v 1.91799 0.75401 -1.5434
v 1.9 0.75209 -1.532
v 1.91952 0.75 -1.54711
v 1.86678 0.75401 -1.53322
v 1.88049 0.75 -1.54711
v 1.87737 0.75209 -1.52263
v 1.9 0.75401 -1.54698
v 1.88776 0.75209 -1.52957
v 1.9 0.75 -1.55099
v 1.88202 0.75401 -1.5434
v 1.87737 0.75209 -1.47736
v 1.8566 0.75401 -1.48201
v 1.87043 0.75209 -1.48775
v 1.86678 0.75401 -1.46677
v 1.88776 0.75209 -1.47042
v 1.91657 0.659 -1.50686
v 1.91794 0.659 -1.5
v 1.91657 0.659 -1.49313
v 1.91269 0.659 -1.51268
v 1.91269 0.659 -1.48731
v 1.90687 0.659 -1.51656
v 1.90687 0.659 -1.48343
v 1.9 0.659 -1.51793
v 1.9 0.659 -1.48206
v 1.89314 0.659 -1.51656
v 1.89314 0.659 -1.48343
v 1.88732 0.659 -1.51268
v 1.88732 0.659 -1.48731
v 1.88344 0.659 -1.50686
v 1.88344 0.659 -1.49313
v 1.88207 0.659 -1.5
v 1.92184 0.74862 -1.52183
v 1.90687 0.73821 -1.51656
v 1.91182 0.74862 -1.52852
v 1.91269 0.73821 -1.51268
v 1.92853 0.74862 -1.51181
v 1.91657 0.73821 -1.50686
v 1.93088 0.74862 -1.5
v 1.91794 0.73821 -1.5
v 1.91182 0.74862 -1.52852
v 1.90687 0.73821 -1.51656
v 1.9 0.73821 -1.51793
v 1.9 0.74862 -1.53087
v 1.89314 0.73821 -1.51656
v 1.88819 0.74862 -1.52852
v 1.88732 0.73821 -1.51268
v 1.87817 0.74862 -1.52183
v 1.87817 0.74862 -1.52183
v 1.88732 0.73821 -1.51268
v 1.88344 0.73821 -1.50686
v 1.87148 0.74862 -1.51181
v 1.87148 0.74862 -1.51181
v 1.88207 0.73821 -1.5
v 1.86913 0.74862 -1.5
v 1.88344 0.73821 -1.49313
v 1.87148 0.74862 -1.48818
v 1.87817 0.74862 -1.47816
v 1.89314 0.73821 -1.48343
v 1.88819 0.74862 -1.47147
v 1.9 0.73821 -1.48206
v 1.9 0.74862 -1.46912
v 1.90687 0.73821 -1.48343
v 1.91182 0.74862 -1.47147
v 1.91269 0.73821 -1.48731
v 1.92184 0.74862 -1.47816
v 1.91657 0.73821 -1.49313
v 1.92853 0.74862 -1.48818
v 1.91794 0.73821 -1.5
v 1.93088 0.74862 -1.5
v 1.88344 0.73821 -1.49313
v 1.88732 0.659 -1.48731
v 1.88732 0.73821 -1.48731
v 1.88344 0.659 -1.49313
v 1.88207 0.73821 -1.5
v 1.88207 0.659 -1.5
v 1.88344 0.73821 -1.50686
v 1.88207 0.659 -1.5
v 1.88207 0.73821 -1.5
v 1.88344 0.659 -1.50686
v 1.88732 0.73821 -1.51268
v 1.88732 0.659 -1.51268
v 1.88732 0.73821 -1.48731
v 1.88732 0.659 -1.48731
v 1.89314 0.659 -1.48343
v 1.89314 0.73821 -1.48343
v 1.9 0.659 -1.48206
v 1.9 0.73821 -1.48206
v 1.90687 0.659 -1.48343
v 1.90687 0.73821 -1.48343
v 1.90687 0.73821 -1.48343
v 1.90687 0.659 -1.48343
v 1.91269 0.659 -1.48731
v 1.91269 0.73821 -1.48731
v 1.91269 0.73821 -1.48731
v 1.91269 0.659 -1.48731
v 1.91657 0.659 -1.49313
v 1.91657 0.73821 -1.49313
v 1.91794 0.659 -1.5
v 1.91794 0.73821 -1.5
v 1.91657 0.659 -1.50686
v 1.91794 0.73821 -1.5
v 1.91657 0.659 -1.50686
v 1.91657 0.73821 -1.50686
v 1.91269 0.659 -1.51268
v 1.91269 0.73821 -1.51268
v 1.91269 0.73821 -1.51268
v 1.91269 0.659 -1.51268
v 1.90687 0.659 -1.51656
v 1.90687 0.73821 -1.51656
v 1.90687 0.73821 -1.51656
v 1.90687 0.659 -1.51656
v 1.9 0.659 -1.51793
v 1.9 0.73821 -1.51793
v 1.89314 0.659 -1.51656
v 1.89314 0.73821 -1.51656
v 1.88732 0.659 -1.51268
v 1.88732 0.73821 -1.51268
v 1.64552 0.90757 -1.08021
v 2.0245 0.90681 -1.11791
v 2.10742 0.90677 -1.11791
v 1.7755 0.90681 -1.11791
v 1.69259 0.90677 -1.11791
v 1.63938 0.90759 -1.08142
v 1.68343 0.90676 -1.11973
v 1.63462 0.90759 -1.08461
v 1.67522 0.90675 -1.12521
v 1.63143 0.90759 -1.08937
v 1.66974 0.90676 -1.13342
v 1.63022 0.90757 -1.09551
v 1.66792 0.90677 -1.14258
v 1.63022 0.90757 -1.90448
v 1.66792 0.90677 -1.85741
v 1.66974 0.90676 -1.86657
v 1.63143 0.90759 -1.91062
v 1.67522 0.90675 -1.87478
v 1.63462 0.90759 -1.91538
v 1.68343 0.90676 -1.88026
v 1.63938 0.90759 -1.91857
v 1.69259 0.90677 -1.88208
v 1.64552 0.90757 -1.91978
v 1.77551 0.90681 -1.88208
v 2.02451 0.90681 -1.88208
v 2.10742 0.90677 -1.88208
v 1.625 0.90687 -1.905
v 1.62653 0.90687 -1.91265
v 1.625 0.90687 -1.09499
v 1.63086 0.90687 -1.91914
v 1.63735 0.90687 -1.92347
v 1.62653 0.90687 -1.08734
v 1.645 0.90687 -1.925
v 1.63086 0.90687 -1.08085
v 1.63735 0.90687 -1.07652
v 2.15501 0.90687 -1.925
v 1.645 0.90687 -1.07499
v 2.15449 0.90757 -1.91978
v 2.16266 0.90687 -1.92347
v 2.15449 0.90757 -1.08021
v 2.15501 0.90687 -1.07499
v 2.16063 0.90759 -1.91857
v 2.16915 0.90687 -1.91914
v 2.11658 0.90676 -1.88026
v 2.16061 0.90759 -1.08142
v 2.16266 0.90687 -1.07652
v 2.11658 0.90676 -1.11973
v 2.16539 0.90759 -1.91538
v 2.17348 0.90687 -1.91265
v 2.12479 0.90675 -1.87478
v 2.16534 0.90762 -1.08462
v 2.16911 0.9069 -1.08088
v 2.12479 0.90675 -1.12521
v 2.16856 0.90758 -1.91063
v 2.17496 0.9069 -1.905
v 2.13027 0.90676 -1.86657
v 2.16853 0.90762 -1.0894
v 2.17344 0.9069 -1.08737
v 2.13027 0.90676 -1.13342
v 2.16974 0.90759 -1.9045
v 2.13209 0.90678 -1.85741
v 2.17496 0.9069 -1.09499
v 2.13209 0.90678 -1.14258
v 2.16974 0.9076 -1.09551
v 2.12538 0.90587 -1.86455
v 2.13209 0.90678 -1.85741
v 2.12691 0.90587 -1.8569
v 2.13027 0.90676 -1.86657
v 2.13209 0.90682 -1.77449
v 2.12105 0.90587 -1.87104
v 2.12691 0.9059 -1.7745
v 2.12479 0.90675 -1.87478
v 2.13209 0.90682 -1.22549
v 2.11456 0.90587 -1.87537
v 2.12691 0.9059 -1.22549
v 2.11658 0.90676 -1.88026
v 2.13209 0.90678 -1.14258
v 2.10691 0.90587 -1.8769
v 2.12691 0.90587 -1.14309
v 2.10742 0.90677 -1.88208
v 2.13027 0.90676 -1.13342
v 2.0245 0.9059 -1.8769
v 2.12538 0.90587 -1.13544
v 2.02451 0.90681 -1.88208
v 2.12479 0.90675 -1.12521
v 1.77551 0.9059 -1.8769
v 2.12105 0.90587 -1.12895
v 1.77551 0.90681 -1.88208
v 2.11658 0.90676 -1.11973
v 1.6931 0.90587 -1.8769
v 2.11456 0.90587 -1.12462
v 1.69259 0.90677 -1.88208
v 2.10742 0.90677 -1.11791
v 1.68545 0.90587 -1.87537
v 2.10691 0.90587 -1.12309
v 1.68343 0.90676 -1.88026
v 2.0245 0.90681 -1.11791
v 1.67896 0.90587 -1.87104
v 2.0245 0.9059 -1.12309
v 1.67522 0.90675 -1.87478
v 1.7755 0.90681 -1.11791
v 1.67463 0.90587 -1.86455
v 1.7755 0.9059 -1.12309
v 1.66974 0.90676 -1.86657
v 1.69259 0.90677 -1.11791
v 1.6731 0.90587 -1.8569
v 1.6931 0.90587 -1.12309
v 1.66792 0.90677 -1.85741
v 1.68343 0.90676 -1.11973
v 1.6731 0.9059 -1.7745
v 1.68545 0.90587 -1.12462
v 1.66792 0.90681 -1.7745
v 1.67522 0.90675 -1.12521
v 1.6731 0.9059 -1.22549
v 1.67896 0.90587 -1.12895
v 1.66792 0.90681 -1.2255
v 1.66974 0.90676 -1.13342
v 1.6731 0.90587 -1.14309
v 1.67463 0.90587 -1.13544
v 1.66792 0.90677 -1.14258
vn 1.885213 0.2141198 -2.035974
vn 1.884555 0.2793286 -2.005045
vn 1.719535 0.3506924 -1.92164
vn 1.699335 0.2597718 -1.974958
vn 1.581187 0.364796 -1.814031
vn 2.476293 0.0349256 -1.5
vn 2.476298 0.03484848 -1.5
vn 2.476298 0.03484849 -1.5
vn 2.476293 0.0349256 -1.5
vn 2.476293 0.0349256 -1.5
vn 2.476298 0.03484848 -1.5
vn 1.323383 0.02908519 -1.5
vn 1.323383 0.02908519 -1.5
vn 1.323379 0.0290198 -1.5
vn 1.323379 0.0290198 -1.5
vn 1.323383 0.02908519 -1.5
vn 2.280638 0.4031636 -1.339043
vn 2.424579 0.0999814 -1.28056
vn 2.468624 0.09997956 -1.498002
vn 2.282963 0.4031672 -1.655334
vn 2.426105 0.0999792 -1.715758
vn 2.303485 0.09998186 -1.90067
vn 2.282963 0.4031672 -1.655334
vn 2.303485 0.09998186 -1.90067
vn 2.194362 0.4031716 -1.790064
vn 2.194362 0.4031716 -1.790064
vn 2.303485 0.09998186 -1.90067
vn 2.11943 0.09998147 -2.024583
vn 1.916289 0.2779412 -2.005783
vn 1.907873 0.4306157 -1.884502
vn 1.892766 0.4282739 -1.887121
vn 1.884555 0.2793286 -2.005045
vn 1.915257 0.2143005 -2.035888
vn 1.885213 0.2141198 -2.035974
vn 1.915679 0.02205208 -2.076716
vn 2.121072 0.03331457 -2.032307
vn 2.120007 0.03915698 -2.032351
vn 1.884348 0.02271351 -2.076691
vn 1.915092 0.03649982 -2.075998
vn 1.699335 0.2597718 -1.974958
vn 1.719535 0.3506924 -1.92164
vn 2.080999 0.3388687 -1.930976
vn 2.232269 0.3388944 -1.828758
vn 2.307516 0.03909113 -1.907107
vn 1.912885 0.3351482 -1.969939
vn 1.884955 0.03644627 -2.076002
vn 1.887595 0.3351321 -1.969964
vn 1.678652 0.03389527 -2.032156
vn 1.680493 0.03887503 -2.032578
vn 1.722979 0.3389044 -1.932598
vn 1.53726 0.2757464 -1.854566
vn 1.581187 0.364796 -1.814031
vn 1.492797 0.03634728 -1.907674
vn 1.492895 0.03909076 -1.907518
vn 1.571241 0.3388915 -1.83227
vn 2.261659 0.2766785 -1.854944
vn 2.218811 0.3647974 -1.814032
vn 2.080467 0.3506951 -1.921637
vn 2.099947 0.2601905 -1.975032
vn 1.916289 0.2779412 -2.005783
vn 1.915257 0.2143005 -2.035888
vn 2.307047 0.03606605 -1.907854
vn 2.121072 0.03331457 -2.032307
vn 2.307516 0.03909113 -1.907107
vn 2.120007 0.03915698 -2.032351
vn 2.411789 0.2671085 -1.492341
vn 2.292199 0.4236767 -1.496616
vn 2.293262 0.4226905 -1.503253
vn 2.411302 0.2680444 -1.507455
vn 2.262738 0.27575 -1.145435
vn 2.218809 0.3647979 -1.185967
vn 2.325001 0.3486339 -1.323472
vn 2.383216 0.2497163 -1.30641
vn 2.411789 0.2671085 -1.492341
vn 2.446048 0.1874036 -1.49327
vn 2.411302 0.2680444 -1.507455
vn 2.446058 0.1873796 -1.50658
vn 2.325 0.3486355 -1.676526
vn 2.477108 0.01479084 -1.492155
vn 2.38258 0.2505933 -1.694044
vn 2.218811 0.3647974 -1.814032
vn 2.261659 0.2766785 -1.854944
vn 2.477099 0.01512411 -1.507832
vn 2.43187 0.0327966 -1.722199
vn 2.307047 0.03606605 -1.907854
vn 2.432564 0.03889858 -1.719536
vn 2.307516 0.03909113 -1.907107
vn 2.3326 0.3389016 -1.677021
vn 2.232269 0.3388944 -1.828758
vn 2.370257 0.3348956 -1.506065
vn 2.476158 0.03634781 -1.507331
vn 2.370245 0.3349078 -1.493696
vn 2.476157 0.03636945 -1.492642
vn 2.432351 0.03915643 -1.279993
vn 2.431904 0.03267165 -1.277864
vn 2.383216 0.2497163 -1.30641
vn 2.307203 0.03634736 -1.092326
vn 2.262738 0.27575 -1.145435
vn 2.431904 0.03267165 -1.277864
vn 2.446048 0.1874036 -1.49327
vn 2.477108 0.01479084 -1.492155
vn 2.307105 0.0390897 -1.092481
vn 2.432351 0.03915643 -1.279993
vn 2.228761 0.338885 -1.167726
vn 2.330977 0.3388681 -1.319001
vn 2.476157 0.03636945 -1.492642
vn 2.370245 0.3349078 -1.493696
vn 1.88371 0.2779426 -0.9942175
vn 1.892126 0.4306125 -1.115495
vn 1.907234 0.4282736 -1.112879
vn 1.915444 0.2793301 -0.9949559
vn 1.884744 0.2142957 -0.9641101
vn 1.914787 0.2141211 -0.9640272
vn 2.080467 0.3506924 -1.078361
vn 1.884322 0.02204942 -0.9232839
vn 2.100665 0.2597726 -1.025042
vn 2.218809 0.3647979 -1.185967
vn 2.262738 0.27575 -1.145435
vn 1.915663 0.02270854 -0.923309
vn 2.121303 0.03387384 -0.9678241
vn 2.307203 0.03634736 -1.092326
vn 2.119535 0.03889927 -0.9674358
vn 2.307105 0.0390897 -1.092481
vn 2.07702 0.3389009 -1.067399
vn 2.228761 0.338885 -1.167726
vn 1.912405 0.3351382 -1.030041
vn 1.915038 0.03645435 -0.9239979
vn 1.887116 0.3351386 -1.030054
vn 1.884908 0.0364974 -0.9240021
vn 1.718997 0.3388633 -1.069021
vn 1.679994 0.03915488 -0.9676486
vn 1.67893 0.03331466 -0.967692
vn 1.538339 0.2766766 -1.145056
vn 1.581188 0.364795 -1.185967
vn 1.719534 0.3506944 -1.078362
vn 1.700053 0.260197 -1.024971
vn 1.88371 0.2779426 -0.9942175
vn 1.492952 0.03606641 -1.092146
vn 1.884744 0.2142957 -0.9641101
vn 1.67893 0.03331466 -0.967692
vn 1.884322 0.02204942 -0.9232839
vn 1.492481 0.03909041 -1.092896
vn 1.679994 0.03915488 -0.9676486
vn 1.567729 0.3388916 -1.171242
vn 1.718997 0.3388633 -1.069021
vn 1.388209 0.2671053 -1.507659
vn 1.507797 0.4236731 -1.503384
vn 1.506732 0.4226854 -1.496747
vn 1.388696 0.2680411 -1.492545
vn 1.353953 0.1874058 -1.50673
vn 1.353943 0.1873817 -1.49342
vn 1.475 0.3486368 -1.323476
vn 1.416785 0.2497196 -1.693589
vn 1.475001 0.3486369 -1.676525
vn 1.53726 0.2757464 -1.854566
vn 1.581187 0.364796 -1.814031
vn 1.492797 0.03634728 -1.907674
vn 1.368115 0.03269232 -1.722179
vn 1.492895 0.03909076 -1.907518
vn 1.367635 0.03913387 -1.719977
vn 1.322892 0.01479284 -1.507839
vn 1.323843 0.0363689 -1.507362
vn 1.469028 0.3388761 -1.680996
vn 1.429767 0.3349244 -1.506304
vn 1.417419 0.2505948 -1.30596
vn 1.581188 0.364795 -1.185967
vn 1.538339 0.2766766 -1.145056
vn 1.322901 0.01512408 -1.492168
vn 1.323842 0.03635068 -1.492669
vn 1.429754 0.3349116 -1.493935
vn 1.368131 0.03279607 -1.277799
vn 1.492952 0.03606641 -1.092146
vn 1.367435 0.03890063 -1.280468
vn 1.467406 0.3389116 -1.322984
vn 1.492481 0.03909041 -1.092896
vn 1.567729 0.3388916 -1.171242
vn 1.571241 0.3388915 -1.83227
vn 1.492895 0.03909076 -1.907518
vn 1.367635 0.03913387 -1.719977
vn 1.469028 0.3388761 -1.680996
vn 1.475 0.3486368 -1.323476
vn 1.388696 0.2680411 -1.492545
vn 1.506732 0.4226854 -1.496747
vn 1.585254 0.4693204 -1.38165
vn 1.581188 0.364795 -1.185967
vn 1.672499 0.4812379 -1.276423
vn 1.719534 0.3506944 -1.078362
vn 1.80659 0.5685794 -1.463595
vn 1.778823 0.4711371 -1.189067
vn 1.88371 0.2779426 -0.9942175
vn 1.892126 0.4306125 -1.115495
vn 1.861661 0.5687723 -1.408559
vn 1.797453 0.568169 -1.498845
vn 1.507797 0.4236731 -1.503384
vn 1.829284 0.5688808 -1.431392
vn 1.885726 0.5770241 -1.486861
vn 1.878597 0.5769026 -1.492354
vn 1.892891 0.5770702 -1.48349
vn 1.897084 0.5685322 -1.399522
vn 1.899548 0.5770911 -1.482714
vn 1.902638 0.5685023 -1.399345
vn 1.907234 0.4282736 -1.112879
vn 1.900342 0.5771157 -1.483552
vn 1.936924 0.5687615 -1.407912
vn 2.021177 0.4711369 -1.189067
vn 1.905994 0.5770869 -1.483632
vn 2.1275 0.4812381 -1.276423
vn 2.218809 0.3647979 -1.185967
vn 2.325001 0.3486339 -1.323472
vn 2.214745 0.4693216 -1.381652
vn 2.411789 0.2671085 -1.492341
vn 2.292199 0.4236767 -1.496616
vn 1.992726 0.5685992 -1.462183
vn 1.969556 0.5688866 -1.430263
vn 1.913316 0.5770254 -1.485944
vn 1.921512 0.5768783 -1.490952
vn 1.90019 0.5773494 -1.499111
vn 1.900004 0.5773494 -1.499054
vn 1.900492 0.5773494 -1.499214
vn 1.90101 0.5773489 -1.499439
vn 1.899987 0.5773494 -1.499056
vn 1.899781 0.5773494 -1.499111
vn 1.899477 0.5773494 -1.499212
vn 1.902124 0.5773462 -1.499987
vn 1.898927 0.5773489 -1.499451
vn 1.946901 0.5754418 -1.499465
vn 1.902144 0.5773461 -1.500002
vn 1.855738 0.5756509 -1.499596
vn 1.897856 0.5773461 -1.499998
vn 2.002503 0.5681767 -1.498731
vn 1.944262 0.5756509 -1.500404
vn 1.901071 0.5773489 -1.500548
vn 2.002547 0.5681689 -1.501155
vn 2.293262 0.4226905 -1.503253
vn 1.921402 0.5769026 -1.507646
vn 1.900506 0.5773494 -1.500788
vn 1.7975 0.5681772 -1.501269
vn 1.99341 0.5685794 -1.536405
vn 1.914274 0.5770241 -1.513139
vn 1.900212 0.5773494 -1.500889
vn 1.8531 0.5754418 -1.500535
vn 1.897876 0.5773462 -1.500013
vn 1.807275 0.5685992 -1.537817
vn 1.87849 0.5768784 -1.509047
vn 1.898976 0.5773489 -1.500561
vn 1.907109 0.5770702 -1.51651
vn 1.900012 0.5773494 -1.500944
vn 1.886685 0.5770254 -1.514056
vn 1.899508 0.5773494 -1.500786
vn 1.585252 0.4693193 -1.618349
vn 1.388209 0.2671053 -1.507659
vn 1.475001 0.3486369 -1.676525
vn 1.6725 0.4812396 -1.723575
vn 1.581187 0.364796 -1.814031
vn 1.830444 0.5688866 -1.569737
vn 1.894007 0.5770869 -1.516368
vn 1.89981 0.5773494 -1.500889
vn 1.863077 0.5687615 -1.592088
vn 1.778823 0.4711362 -1.810935
vn 1.719535 0.3506924 -1.92164
vn 1.892766 0.4282739 -1.887121
vn 1.884555 0.2793286 -2.005045
vn 1.897362 0.5685021 -1.600656
vn 1.907873 0.4306157 -1.884502
vn 1.899658 0.5771157 -1.516448
vn 1.899996 0.5773494 -1.500946
vn 1.902916 0.5685323 -1.600477
vn 1.900452 0.5770911 -1.517286
vn 1.938339 0.5687723 -1.59144
vn 2.021176 0.4711376 -1.810932
vn 1.970716 0.5688808 -1.568608
vn 2.127504 0.4812357 -1.723578
vn 2.080467 0.3506951 -1.921637
vn 2.218811 0.3647974 -1.814032
vn 2.214746 0.4693209 -1.618348
vn 2.325 0.3486355 -1.676526
vn 2.411302 0.2680444 -1.507455
vn 2.080467 0.3506924 -1.078361
vn 1.915444 0.2793301 -0.9949559
vn 1.907234 0.4282736 -1.112879
vn 2.021177 0.4711369 -1.189067
vn 2.218809 0.3647979 -1.185967
vn 1.916289 0.2779412 -2.005783
vn 2.080467 0.3506951 -1.921637
vn 2.021176 0.4711376 -1.810932
vn 1.907873 0.4306157 -1.884502
vn 2.308253 -4.137691E-06 -1.908243
vn 2.12093 -5.411226E-17 -2.033407
vn 2.308231 -9.998781E-17 -1.908265
vn 2.120941 -4.623654E-06 -2.033403
vn 2.30823 -0.0001478447 -1.908267
vn 2.120955 -0.0001869104 -2.033397
vn 1.901698 -4.159136E-19 -2.077348
vn 1.901698 -6.176949E-06 -2.077348
vn 1.901699 -0.0002102232 -2.077348
vn 1.898302 -0.0001800054 -2.077348
vn 1.898302 -5.299079E-06 -2.077348
vn 1.898302 4.159135E-19 -2.077348
vn 1.679062 5.411424E-17 -2.033404
vn 1.679059 -4.837074E-06 -2.033403
vn 1.679053 -0.0001715692 -2.033401
vn 1.491758 -4.615193E-06 -1.908254
vn 1.491758 -0.0001640459 -1.908255
vn 1.679059 -4.837074E-06 -2.033403
vn 1.491754 9.999149E-17 -1.908251
vn 1.679062 5.411424E-17 -2.033404
vn 1.491758 -4.615193E-06 -1.908254
vn 1.491758 -4.615193E-06 -1.908254
vn 1.366595 1.306465E-16 -1.720937
vn 1.491754 9.999149E-17 -1.908251
vn 1.366593 -4.779505E-06 -1.720931
vn 1.491758 -0.0001640459 -1.908255
vn 1.366602 -0.0001715018 -1.720952
vn 1.322651 1.414098E-16 -1.501075
vn 1.322651 -5.989766E-06 -1.501075
vn 1.322651 -0.0002033347 -1.501075
vn 1.322651 -0.0002031691 -1.498925
vn 1.322651 -5.993842E-06 -1.498925
vn 1.322651 1.414098E-16 -1.498925
vn 1.366594 1.306469E-16 -1.279068
vn 1.366596 -5.204023E-06 -1.279061
vn 1.491752 9.999197E-17 -1.091752
vn 1.366601 -0.0001661433 -1.27905
vn 1.491748 -4.602475E-06 -1.091755
vn 1.491751 -0.0001523286 -1.091752
vn 1.491748 -4.602475E-06 -1.091755
vn 1.679057 5.411546E-17 -0.9665981
vn 1.491752 9.999197E-17 -1.091752
vn 1.679059 -4.837006E-06 -0.9665971
vn 1.491751 -0.0001523286 -1.091752
vn 1.67904 -0.0001715699 -0.9666051
vn 1.898302 4.159132E-19 -0.9226521
vn 1.898302 -5.749163E-06 -0.9226521
vn 1.898301 -0.0001952072 -0.9226522
vn 1.901698 -0.0001961292 -0.9226522
vn 1.901698 -5.789546E-06 -0.9226521
vn 1.901698 -4.159134E-19 -0.9226521
vn 2.120943 -5.411546E-17 -0.966598
vn 2.123782 0.0001020133 -0.9677827
vn 2.123435 -0.001052863 -0.9676383
vn 2.308317 0.000124047 -1.09182
vn 2.310825 0.0001359798 -1.094344
vn 2.310825 0.0001359798 -1.094344
vn 2.123782 0.0001020133 -0.9677827
vn 2.123435 -0.001052863 -0.9676383
vn 2.309736 -0.00394553 -1.093264
vn 1.900001 -0.5773501 -1.5
vn 1.900028 -0.5773501 -1.5
vn 1.899988 -0.5773501 -1.5
vn 1.9 -0.5773501 -1.5
vn 1.899991 -0.5773501 -1.5
vn 1.900003 -0.5773501 -1.5
vn 1.899997 -0.5773501 -1.5
vn 1.900002 -0.5773501 -1.5
vn 1.9 -0.5773501 -1.5
vn 1.9 -0.5773501 -1.5
vn 1.9 -0.5773501 -1.5
vn 1.9 -0.5773501 -1.5
vn 1.9 -0.5773501 -1.5
vn 1.900002 -0.5773501 -1.5
vn 1.9 -0.5773501 -1.5
vn 1.900005 -0.5773501 -1.5
vn 1.899999 -0.5773501 -1.5
vn 1.9 -0.5773501 -1.5
vn 1.899955 -0.5773501 -1.5
vn 1.900012 -0.5773501 -1.5
vn 2.433407 0.0002338203 -1.279068
vn 2.308317 0.000124047 -1.09182
vn 2.310825 0.0001359798 -1.094344
vn 2.433321 0.0001160067 -1.278863
vn 2.309736 -0.00394553 -1.093264
vn 2.433285 -0.003999914 -1.278811
vn 2.477349 0.0002371051 -1.498925
vn 2.477349 0.0001107245 -1.498937
vn 2.477335 -0.004035675 -1.498932
vn 2.477335 -0.004018379 -1.501015
vn 2.47735 0.000108578 -1.501006
vn 2.477349 0.0002372244 -1.501075
vn 2.433432 0.0001161864 -1.720871
vn 2.434727 -3.281951E-05 -1.717718
vn 2.308231 -9.998781E-17 -1.908265
vn 2.434129 -0.0001625903 -1.71918
vn 2.308253 -4.137691E-06 -1.908243
vn 2.30823 -0.0001478447 -1.908267
vn 1.902776 0.5773424 -1.501137
vn 1.901179 0.5773489 -1.500233
vn 1.909122 0.577278 -1.500368
vn 1.907267 0.577304 -1.500653
vn 1.901045 0.5773478 -1.501307
vn 1.901457 0.5773461 -1.501593
vn 1.901807 0.5773448 -1.501688
vn 1.901119 0.5773433 -1.502575
vn 1.900637 0.5773149 -1.506348
vn 1.900234 0.5772862 -1.508583
vn 1.898666 0.5773447 -1.502135
vn 1.899766 0.5772864 -1.508582
vn 1.899364 0.5773149 -1.506348
vn 1.897918 0.5773434 -1.501874
vn 1.89033 0.5772681 -1.501104
vn 1.899566 0.5773485 -1.50128
vn 1.898708 0.5773476 -1.501087
vn 1.890341 0.5772688 -1.500784
vn 1.899648 0.57735 -1.500219
vn 1.898821 0.5773489 -1.500233
vn 1.899656 0.57735 -1.499781
vn 1.898821 0.5773489 -1.499767
vn 1.890331 0.5772687 -1.499216
vn 1.898704 0.5773476 -1.498913
vn 1.89032 0.5772679 -1.498896
vn 1.899576 0.5773485 -1.49872
vn 1.898668 0.5773447 -1.497865
vn 1.897915 0.5773433 -1.498126
vn 1.899363 0.5773149 -1.493652
vn 1.899765 0.5772864 -1.491418
vn 1.901122 0.5773433 -1.497425
vn 1.900234 0.5772864 -1.491418
vn 1.900636 0.5773149 -1.493652
vn 1.901804 0.5773448 -1.498312
vn 1.901459 0.5773461 -1.498407
vn 1.907266 0.577304 -1.499347
vn 1.901051 0.5773478 -1.498693
vn 1.902777 0.5773424 -1.498863
vn 1.909122 0.577278 -1.499632
vn 1.901179 0.5773489 -1.499767
vn 1.9 -0.5773501 -1.5
vn 1.9 -0.5773501 -1.5
vn 1.899998 -0.5773501 -1.5
vn 1.9 -0.5773501 -1.5
vn 1.900002 -0.5773501 -1.5
vn 1.9 -0.5773501 -1.5
vn 1.9 -0.5773501 -1.5
vn 1.9 -0.5773501 -1.5
vn 1.9 -0.5773501 -1.5
vn 1.899999 -0.5773501 -1.5
vn 1.900001 -0.5773501 -1.5
vn 1.899996 -0.5773501 -1.5
vn 1.900001 -0.5773501 -1.5
vn 1.9 -0.5773501 -1.5
vn 1.899996 -0.5773501 -1.5
vn 1.9 -0.5773501 -1.5
vn 1.901587 0.1789684 -0.9510909
vn 1.691407 0.1789623 -0.9922648
vn 1.739048 0.4031615 -1.119357
vn 1.896962 0.4031632 -1.08674
vn 2.111522 0.1789556 -0.9934759
vn 2.055336 0.4031644 -1.117035
vn 2.289258 0.1789736 -1.112986
vn 2.190066 0.4031676 -1.205635
vn 1.691407 0.1789623 -0.9922648
vn 1.605636 0.4031686 -1.209934
vn 1.739048 0.4031615 -1.119357
vn 1.512985 0.1789745 -1.110743
vn 1.51704 0.4031702 -1.344667
vn 1.39348 0.178957 -1.28847
vn 1.486748 0.4031705 -1.503045
vn 1.351091 0.178968 -1.498418
vn 1.519363 0.4031647 -1.660957
vn 1.392262 0.178945 -1.708601
vn 1.392262 0.178945 -1.708601
vn 1.609933 0.4031646 -1.794368
vn 1.519363 0.4031647 -1.660957
vn 1.510744 0.1789724 -1.887017
vn 1.744662 0.4031634 -1.882966
vn 1.688475 0.1789583 -2.006522
vn 1.903038 0.4031632 -1.91326
vn 1.898413 0.1789684 -2.048909
vn 1.898413 0.1789684 -2.048909
vn 2.06095 0.4031653 -1.880639
vn 1.903038 0.4031632 -1.91326
vn 2.108593 0.1789623 -2.007735
vn 2.194362 0.4031716 -1.790064
vn 2.108593 0.1789623 -2.007735
vn 2.287013 0.1789715 -1.88926
vn 2.194362 0.4031716 -1.790064
vn 2.282963 0.4031672 -1.655334
vn 2.406526 0.1789491 -1.711524
vn 2.406526 0.1789491 -1.711524
vn 2.313256 0.4031672 -1.496954
vn 2.282963 0.4031672 -1.655334
vn 2.448909 0.178968 -1.501582
vn 2.280638 0.4031636 -1.339043
vn 2.407736 0.1789523 -1.2914
vn 2.407736 0.1789523 -1.2914
vn 2.190066 0.4031676 -1.205635
vn 2.280638 0.4031636 -1.339043
vn 2.289258 0.1789736 -1.112986
vn 2.30779 0.4086972 -1.497359
vn 1.992796 0.5685638 -1.538175
vn 2.277759 0.4086959 -1.65362
vn 2.000342 0.5685636 -1.499756
vn 2.27574 0.4086981 -1.341512
vn 1.992608 0.5685642 -1.461377
vn 2.186488 0.4086972 -1.209785
vn 1.970781 0.5685635 -1.428875
vn 2.053617 0.4086995 -1.122244
vn 1.938174 0.5685638 -1.407203
vn 1.897359 0.4086993 -1.092212
vn 1.899756 0.5685639 -1.399659
vn 1.741502 0.4086921 -1.124258
vn 1.899756 0.5685639 -1.399659
vn 1.897359 0.4086993 -1.092212
vn 1.861374 0.5685638 -1.407391
vn 1.609786 0.4086983 -1.213513
vn 1.828877 0.5685639 -1.42922
vn 1.522243 0.4087001 -1.346385
vn 1.929706 0.5726496 -1.567255
vn 1.901712 0.5726496 -1.573503
vn 1.873451 0.5726495 -1.568563
vn 1.938174 0.5685638 -1.407203
vn 1.849234 0.5726496 -1.553183
vn 1.970781 0.5685635 -1.428875
vn 1.832739 0.5726488 -1.529707
vn 1.992608 0.5685642 -1.461377
vn 1.826496 0.5726494 -1.501711
vn 2.000342 0.5685636 -1.499756
vn 1.831436 0.5726495 -1.473453
vn 1.807204 0.5685639 -1.461827
vn 1.992796 0.5685638 -1.538175
vn 1.49221 0.4086975 -1.502641
vn 1.846815 0.5726494 -1.449234
vn 1.799658 0.5685636 -1.500244
vn 1.968565 0.5726494 -1.526548
vn 1.524268 0.4087076 -1.658484
vn 1.973504 0.5726494 -1.498289
vn 1.971123 0.5685641 -1.570779
vn 2.277759 0.4086959 -1.65362
vn 1.870294 0.5726496 -1.432745
vn 2.190217 0.4086957 -1.786487
vn 1.807393 0.5685645 -1.538622
vn 1.61351 0.4086943 -1.790217
vn 1.967261 0.5726488 -1.470293
vn 1.938627 0.5685634 -1.592611
vn 1.898288 0.5726496 -1.426497
vn 2.058498 0.4086876 -1.875747
vn 1.829218 0.5685633 -1.571126
vn 1.746382 0.4087003 -1.877755
vn 1.950767 0.5726495 -1.446816
vn 1.900244 0.5685642 -1.600339
vn 1.926549 0.5726495 -1.431437
vn 1.902641 0.4087095 -1.907778
vn 1.861827 0.568564 -1.592796
vn 1.953185 0.5726493 -1.550767
vn 1.807204 0.5685639 -1.461827
vn 1.968565 0.5726494 -1.526548
vn 1.828877 0.5685639 -1.42922
vn 1.929706 0.5726496 -1.567255
vn 1.899968 0.5773501 -1.5
vn 1.9 0.5773501 -1.5
vn 1.900028 0.5773501 -1.5
vn 1.899989 0.5773501 -1.5
vn 1.900001 0.5773501 -1.5
vn 1.899997 0.5773501 -1.5
vn 1.899997 0.5773501 -1.5
vn 1.900003 0.5773501 -1.5
vn 1.899997 0.5773501 -1.5
vn 1.900004 0.5773501 -1.5
vn 1.900001 0.5773501 -1.5
vn 1.899996 0.5773501 -1.5
vn 1.900013 0.5773501 -1.5
vn 1.899967 0.5773501 -1.5
vn 1.900024 0.5773501 -1.5
vn 1.9 0.5773501 -1.5
vn 1.605636 0.4031686 -1.209934
vn 1.680566 0.09998145 -0.9754182
vn 1.739048 0.4031615 -1.119357
vn 1.496509 0.09998243 -1.099336
vn 1.51704 0.4031702 -1.344667
vn 1.373895 0.09997945 -1.284242
vn 1.486748 0.4031705 -1.503045
vn 1.331376 0.09998013 -1.501977
vn 1.739048 0.4031615 -1.119357
vn 1.680566 0.09998145 -0.9754182
vn 1.898011 0.0999781 -0.9313754
vn 1.896962 0.4031632 -1.08674
vn 2.115759 0.09998302 -0.9738964
vn 2.055336 0.4031644 -1.117035
vn 2.300672 0.09998122 -1.096516
vn 2.190066 0.4031676 -1.205635
vn 2.190066 0.4031676 -1.205635
vn 2.300672 0.09998122 -1.096516
vn 2.424579 0.0999814 -1.28056
vn 2.280638 0.4031636 -1.339043
vn 2.280638 0.4031636 -1.339043
vn 2.468624 0.09997956 -1.498002
vn 2.313256 0.4031672 -1.496954
vn 2.426105 0.0999792 -1.715758
vn 2.282963 0.4031672 -1.655334
vn 2.194362 0.4031716 -1.790064
vn 2.11943 0.09998147 -2.024583
vn 2.06095 0.4031653 -1.880639
vn 1.901989 0.09997633 -2.068625
vn 1.903038 0.4031632 -1.91326
vn 1.684245 0.09998143 -2.026105
vn 1.744662 0.4031634 -1.882966
vn 1.499328 0.099981 -1.903484
vn 1.609933 0.4031646 -1.794368
vn 1.375414 0.09998338 -1.719422
vn 1.519363 0.4031647 -1.660957
vn 1.331376 0.09998013 -1.501977
vn 1.486748 0.4031705 -1.503045
vn 2.426105 0.0999792 -1.715758
vn 2.308248 -9.999195E-17 -1.908249
vn 2.303485 0.09998186 -1.90067
vn 2.433402 -1.306459E-16 -1.720942
vn 2.468624 0.09997956 -1.498002
vn 2.47735 -1.414101E-16 -1.500012
vn 2.424579 0.0999814 -1.28056
vn 2.47735 -1.414101E-16 -1.500012
vn 2.468624 0.09997956 -1.498002
vn 2.433407 -1.306469E-16 -1.279068
vn 2.300672 0.09998122 -1.096516
vn 2.308248 -9.999197E-17 -1.091751
vn 2.303485 0.09998186 -1.90067
vn 2.308248 -9.999195E-17 -1.908249
vn 2.120934 -5.411327E-17 -2.033406
vn 2.11943 0.09998147 -2.024583
vn 1.9 0 -2.07735
vn 1.901989 0.09997633 -2.068625
vn 1.679066 5.411315E-17 -2.033406
vn 1.684245 0.09998143 -2.026105
vn 1.684245 0.09998143 -2.026105
vn 1.679066 5.411315E-17 -2.033406
vn 1.491745 9.999362E-17 -1.908242
vn 1.499328 0.099981 -1.903484
vn 1.499328 0.099981 -1.903484
vn 1.491745 9.999362E-17 -1.908242
vn 1.366593 1.306469E-16 -1.720932
vn 1.375414 0.09998338 -1.719422
vn 1.32265 1.414101E-16 -1.500012
vn 1.331376 0.09998013 -1.501977
vn 1.366589 1.30648E-16 -1.279078
vn 1.331376 0.09998013 -1.501977
vn 1.366589 1.30648E-16 -1.279078
vn 1.373895 0.09997945 -1.284242
vn 1.491751 9.999211E-17 -1.091752
vn 1.496509 0.09998243 -1.099336
vn 1.496509 0.09998243 -1.099336
vn 1.491751 9.999211E-17 -1.091752
vn 1.679071 5.411207E-17 -0.9665924
vn 1.680566 0.09998145 -0.9754182
vn 1.680566 0.09998145 -0.9754182
vn 1.679071 5.411207E-17 -0.9665924
vn 1.9 0 -0.9226496
vn 1.898011 0.0999781 -0.9313754
vn 2.12093 -5.41122E-17 -0.9665926
vn 2.115759 0.09998302 -0.9738964
vn 2.308248 -9.999197E-17 -1.091751
vn 2.300672 0.09998122 -1.096516
vn 1.900077 0.5765936 -1.470454
vn 1.90027 0.5772818 -1.508878
vn 1.899991 0.5772212 -1.512203
vn 1.899991 0.5772333 -1.511616
vn 1.899776 0.5772142 -1.512528
vn 1.900204 0.5773449 -1.497553
vn 1.902611 0.5772648 -1.509572
vn 1.898853 0.5773485 -1.499233
vn 1.905922 0.5772886 -1.506002
vn 1.898041 0.5773462 -1.500829
vn 1.909297 0.5772694 -1.502606
vn 1.88971 0.5772585 -1.500045
vn 1.912225 0.5772207 -1.500006
vn 1.887801 0.5772213 -1.499958
vn 1.912226 0.5772207 -1.499994
vn 1.909304 0.5772693 -1.497394
vn 1.897874 0.5773461 -1.499548
vn 1.905929 0.5772884 -1.493998
vn 1.899064 0.5773485 -1.500983
vn 1.902611 0.5772648 -1.490428
vn 1.900589 0.5773453 -1.502288
vn 1.899777 0.5772142 -1.487472
vn 1.900096 0.5765936 -1.529547
vn 1.899991 0.5772333 -1.488384
vn 1.900269 0.5772818 -1.491122
vn 1.899991 0.5772212 -1.487797
vn 1.82322 0.5722219 -1.500143
vn 1.82948 0.5722473 -1.529886
vn 1.8232 0.5722193 -1.499877
vn 1.845915 0.5721198 -1.555561
vn 1.871612 0.5721675 -1.571775
vn 1.828223 0.5721674 -1.471613
vn 1.899806 0.5722208 -1.576789
vn 1.844439 0.5721189 -1.445905
vn 1.870115 0.5722472 -1.429479
vn 1.900226 0.5722233 -1.57677
vn 1.899774 0.5722234 -1.423231
vn 1.89994 0.577261 -1.510147
vn 1.92989 0.5722468 -1.570522
vn 1.899916 0.5772607 -1.489836
vn 1.900192 0.572221 -1.423213
vn 1.899797 0.5773449 -1.502446
vn 1.955561 0.5721189 -1.554094
vn 1.897387 0.5772648 -1.490429
vn 1.898131 0.577335 -1.496259
vn 1.927653 0.5721003 -1.427407
vn 1.89724 0.5772634 -1.509621
vn 1.901325 0.5773484 -1.500581
vn 1.970933 0.5722361 -1.529115
vn 1.894103 0.5772889 -1.494007
vn 1.899976 0.5773476 -1.498287
vn 1.953189 0.5721474 -1.443862
vn 1.893811 0.5772843 -1.506146
vn 1.901524 0.577348 -1.49958
vn 1.975473 0.5723959 -1.500137
vn 1.890445 0.5772657 -1.497509
vn 1.90186 0.5773469 -1.50061
vn 1.970216 0.572291 -1.470235
vn 1.890379 0.5772637 -1.502694
vn 1.911583 0.5772339 -1.500005
vn 1.887484 0.5772145 -1.499994
vn 1.976402 0.5722726 -1.499865
vn 1.887362 0.5772119 -1.500012
vn 1.909922 0.5772648 -1.500048
vn 1.811027 0.5693792 -1.465009
vn 1.800988 0.568795 -1.49855
vn 1.800877 0.5687757 -1.498603
vn 1.811506 0.5694532 -1.464999
vn 1.799732 0.5685768 -1.50003
vn 1.831825 0.5695385 -1.43434
vn 1.799726 0.5685758 -1.50003
vn 1.83208 0.5695361 -1.434055
vn 1.79972 0.5685747 -1.499961
vn 1.862277 0.5694487 -1.412603
vn 1.799726 0.5685756 -1.499961
vn 1.862475 0.5693835 -1.412094
vn 1.800896 0.5687785 -1.501657
vn 1.898416 0.5688567 -1.401345
vn 1.80098 0.5687932 -1.501589
vn 1.898346 0.5688426 -1.401265
vn 1.811804 0.5693315 -1.537634
vn 1.900073 0.5686498 -1.400148
vn 1.81233 0.5693994 -1.537837
vn 1.900073 0.5686481 -1.400138
vn 1.833806 0.5694914 -1.568052
vn 1.899943 0.5686477 -1.400135
vn 1.834131 0.5695003 -1.568292
vn 1.899942 0.5686495 -1.400145
vn 1.864842 0.5694454 -1.588482
vn 1.901394 0.56884 -1.401246
vn 1.864941 0.569387 -1.588896
vn 1.901457 0.5688568 -1.401344
vn 1.898544 0.5688568 -1.598656
vn 1.935046 0.5693877 -1.411103
vn 1.898607 0.5688399 -1.598754
vn 1.935096 0.5694525 -1.411539
vn 1.900058 0.5686494 -1.599855
vn 1.965658 0.5695392 -1.431829
vn 1.900057 0.5686476 -1.599865
vn 1.965948 0.5695363 -1.432085
vn 1.899927 0.5686474 -1.599866
vn 1.987396 0.5694488 -1.462273
vn 1.899927 0.5686492 -1.599856
vn 1.987907 0.5693831 -1.462473
vn 1.901654 0.5688432 -1.598731
vn 1.998666 0.5688547 -1.498416
vn 1.901585 0.5688573 -1.598651
vn 1.998745 0.5688407 -1.498347
vn 1.937531 0.5693833 -1.587905
vn 1.999841 0.5686519 -1.500038
vn 1.937726 0.5694485 -1.587397
vn 1.999847 0.5686509 -1.500038
vn 1.967925 0.5695359 -1.565942
vn 1.999861 0.5686483 -1.49997
vn 1.968175 0.5695389 -1.565657
vn 1.999856 0.5686492 -1.49997
vn 1.988452 0.5694535 -1.535103
vn 1.998763 0.5688385 -1.501394
vn 1.988885 0.5693888 -1.535057
vn 1.998665 0.5688552 -1.501457
vt -0.7598515 1.344092
vt -0.7541806 1.327403
vt -0.7935191 1.327403
vt -0.7991899 1.344092
vt -0.8268686 1.327403
vt -2.565918 0.1389501
vt -1.941029 0.1389524
vt -1.859039 0.1389501
vt -2.565918 0.1389501
vt -2.483928 0.1389524
vt -1.941029 0.1389524
vt -2.483927 0.6096926
vt -2.565918 0.6096948
vt -1.859039 0.6096948
vt -1.941028 0.6096926
vt -2.483927 0.6096926
vt -0.4079002 0.4058683
vt -0.4138286 0.3915557
vt -0.4209565 0.3929734
vt -0.4340127 0.4058683
vt -0.4280845 0.3915557
vt -0.434127 0.3875183
vt -0.4340127 0.4058683
vt -0.434127 0.3875183
vt -0.4450813 0.3984726
vt -0.4450813 0.3984726
vt -0.434127 0.3875183
vt -0.4381644 0.3814758
vt -0.5155584 1.327403
vt -0.5283223 1.313626
vt -0.7414167 1.313626
vt -0.7541806 1.327403
vt -0.5098876 1.344092
vt -0.7598515 1.344092
vt -0.5098876 1.354267
vt -0.4705492 1.354267
vt -0.4705352 1.457068
vt -0.7598515 1.354267
vt -0.5098737 1.456961
vt -0.7991899 1.344092
vt -0.7935191 1.327403
vt -0.4705492 1.467243
vt -0.4371997 1.467243
vt -0.4371997 1.457068
vt -0.5098876 1.467136
vt -0.7598655 1.456961
vt -0.7598515 1.467136
vt -0.7991899 1.354267
vt -0.7992039 1.457068
vt -0.7991899 1.467243
vt -0.8325394 1.344092
vt -0.8268686 1.327403
vt -0.8325394 1.354267
vt -0.8325394 1.457068
vt -0.8325394 1.467243
vt -0.4371997 1.344092
vt -0.4428705 1.327403
vt -0.4762201 1.327403
vt -0.4705492 1.344092
vt -0.5155584 1.327403
vt -0.5098876 1.344092
vt -0.4371997 1.354267
vt -0.4705492 1.354267
vt -0.4371997 1.457068
vt -0.4705352 1.457068
vt -1.09111 1.326642
vt -1.103675 1.312698
vt -1.609977 1.312698
vt -1.622543 1.326642
vt -1.013963 1.343532
vt -1.019546 1.326642
vt -1.052379 1.326642
vt -1.046796 1.343532
vt -1.09111 1.326642
vt -1.085526 1.343532
vt -1.622543 1.326642
vt -1.628127 1.343532
vt -1.661273 1.326642
vt -1.085526 1.353831
vt -1.666856 1.343532
vt -1.694107 1.326642
vt -1.69969 1.343532
vt -1.628127 1.353831
vt -1.666856 1.353831
vt -1.69969 1.353831
vt -1.66687 1.457873
vt -1.69969 1.457873
vt -1.666856 1.468171
vt -1.69969 1.468171
vt -1.628127 1.468062
vt -1.628141 1.457764
vt -1.085526 1.468062
vt -1.085511 1.457764
vt -1.046782 1.457873
vt -1.046796 1.353831
vt -1.046796 1.343532
vt -1.013963 1.353831
vt -1.013963 1.343532
vt -1.046796 1.353831
vt -1.085526 1.343532
vt -1.085526 1.353831
vt -1.013963 1.457873
vt -1.046782 1.457873
vt -1.013963 1.468171
vt -1.046796 1.468171
vt -1.085511 1.457764
vt -1.085526 1.468062
vt -0.5155584 1.11349
vt -0.5283223 1.099712
vt -0.7414167 1.099712
vt -0.7541807 1.11349
vt -0.5098876 1.130179
vt -0.7598515 1.130179
vt -0.7935191 1.11349
vt -0.5098876 1.140354
vt -0.7991899 1.130179
vt -0.8268687 1.11349
vt -0.8325396 1.130179
vt -0.7598515 1.140354
vt -0.7991899 1.140354
vt -0.8325396 1.140354
vt -0.7992039 1.243156
vt -0.8325396 1.243156
vt -0.7991899 1.253331
vt -0.8325396 1.253331
vt -0.7598515 1.253223
vt -0.7598655 1.243048
vt -0.5098876 1.253223
vt -0.5098736 1.243048
vt -0.4705491 1.253331
vt -0.4705351 1.243156
vt -0.4705491 1.140354
vt -0.4371995 1.130179
vt -0.4428704 1.11349
vt -0.47622 1.11349
vt -0.4705491 1.130179
vt -0.5155584 1.11349
vt -0.4371995 1.140354
vt -0.5098876 1.130179
vt -0.4705491 1.140354
vt -0.5098876 1.140354
vt -0.4371995 1.243156
vt -0.4705351 1.243156
vt -0.4371995 1.253331
vt -0.4705491 1.253331
vt -1.09111 1.112729
vt -1.103676 1.098786
vt -1.609976 1.098786
vt -1.622542 1.112729
vt -1.085527 1.129619
vt -1.628126 1.129619
vt -1.661272 1.112729
vt -1.046797 1.129619
vt -1.05238 1.112729
vt -1.013963 1.129619
vt -1.019546 1.112729
vt -1.013963 1.139917
vt -1.046797 1.139917
vt -1.013963 1.24396
vt -1.046782 1.24396
vt -1.085527 1.139917
vt -1.085512 1.243851
vt -1.046797 1.254258
vt -1.085527 1.254148
vt -1.666855 1.129619
vt -1.694106 1.112729
vt -1.69969 1.129619
vt -1.628126 1.139917
vt -1.62814 1.243851
vt -1.628126 1.254148
vt -1.666855 1.139917
vt -1.69969 1.139917
vt -1.66687 1.24396
vt -1.666855 1.254258
vt -1.69969 1.24396
vt -1.69969 1.254258
vt -1.013963 1.254258
vt -1.013963 1.24396
vt -1.046782 1.24396
vt -1.046797 1.254258
vt -1.996281 1.154535
vt -2.033989 1.146897
vt -2.046224 1.159356
vt -2.008516 1.166994
vt -1.964313 1.176285
vt -1.976548 1.188744
vt -1.942954 1.208838
vt -2.012577 1.173462
vt -1.955188 1.221297
vt -1.935453 1.247236
vt -1.947688 1.259695
vt -1.961541 1.225432
vt -2.04908 1.166131
vt -2.539168 1.159356
vt -1.981983 1.194278
vt -2.016671 1.229601
vt -2.031315 1.219636
vt -2.006885 1.244514
vt -1.954342 1.262603
vt -2.002455 1.267388
vt -1.954342 1.464789
vt -1.947688 1.467696
vt -2.002455 1.460004
vt -1.961541 1.50196
vt -1.955188 1.506095
vt -2.006885 1.482878
vt -1.976548 1.538647
vt -1.964313 1.551106
vt -1.996281 1.572857
vt -2.008516 1.560398
vt -2.033989 1.580495
vt -2.046224 1.568036
vt -2.012577 1.553929
vt -1.981983 1.533113
vt -2.016671 1.497791
vt -2.031315 1.507755
vt -2.255906 1.390375
vt -2.255337 1.385264
vt -2.257161 1.393701
vt -2.259039 1.395923
vt -2.255337 1.342127
vt -2.255906 1.337016
vt -2.257161 1.33369
vt -2.261925 1.396932
vt -2.259039 1.331468
vt -2.053779 1.512266
vt -2.323466 1.396932
vt -2.053779 1.215125
vt -2.261925 1.33046
vt -2.04908 1.56126
vt -2.531612 1.512266
vt -2.326352 1.395923
vt -2.536312 1.56126
vt -2.539168 1.568036
vt -2.554076 1.507755
vt -2.32823 1.393701
vt -2.536312 1.166131
vt -2.572815 1.553929
vt -2.568721 1.497791
vt -2.329485 1.390375
vt -2.531612 1.215125
vt -2.323466 1.33046
vt -2.572815 1.173462
vt -2.554076 1.219636
vt -2.326352 1.331468
vt -2.578506 1.482878
vt -2.330054 1.385264
vt -2.568721 1.229601
vt -2.32823 1.33369
vt -2.576876 1.166994
vt -2.551402 1.146897
vt -2.58911 1.154535
vt -2.608843 1.188744
vt -2.621078 1.176285
vt -2.603408 1.194278
vt -2.578506 1.244514
vt -2.329485 1.337016
vt -2.623851 1.225432
vt -2.630203 1.221297
vt -2.642438 1.208838
vt -2.637703 1.259695
vt -2.649939 1.247236
vt -2.631049 1.262603
vt -2.637703 1.467696
vt -2.582936 1.267388
vt -2.330054 1.342127
vt -2.631049 1.464789
vt -2.582936 1.460004
vt -2.623851 1.50196
vt -2.630203 1.506095
vt -2.603408 1.533113
vt -2.608843 1.538647
vt -2.642438 1.518553
vt -2.621078 1.551106
vt -2.576876 1.560398
vt -2.58911 1.572857
vt -2.551402 1.580495
vt -1.942954 1.518553
vt -1.935453 1.480155
vt -1.947688 1.467696
vt -1.955188 1.506095
vt -1.964313 1.551106
vt -2.649939 1.480155
vt -2.642438 1.518553
vt -2.630203 1.506095
vt -2.637703 1.467696
vt -1.736812 1.77435
vt -1.73023 1.534001
vt -1.736812 1.534001
vt -1.73023 1.77435
vt -1.736813 1.781652
vt -1.730231 1.781652
vt -1.722465 1.534001
vt -1.722465 1.77435
vt -1.722466 1.781652
vt -1.2051 1.781652
vt -1.2051 1.77435
vt -1.2051 1.534001
vt -1.197336 1.534001
vt -1.197336 1.77435
vt -1.197335 1.781652
vt -1.190753 1.77435
vt -1.190752 1.781652
vt -1.197336 1.77435
vt -1.190753 1.534001
vt -1.197336 1.534001
vt -1.190753 1.77435
vt -2.662544 1.025942
vt -2.655991 0.7849997
vt -2.662544 0.7849997
vt -2.655991 1.025942
vt -2.662545 1.033261
vt -2.655992 1.033261
vt -2.648261 0.7849997
vt -2.648261 1.025942
vt -2.648261 1.033261
vt -1.830173 1.033261
vt -1.830174 1.025942
vt -1.830174 0.7849997
vt -1.822444 0.7849997
vt -1.822444 1.025942
vt -1.81589 0.7849997
vt -1.822443 1.033261
vt -1.81589 1.025942
vt -1.81589 1.033261
vt -1.041618 1.774328
vt -1.035035 1.53399
vt -1.041618 1.53399
vt -1.035035 1.774328
vt -1.04162 1.781629
vt -1.035036 1.781629
vt -1.027271 1.53399
vt -1.027271 1.774328
vt -1.027271 1.781629
vt -0.5098581 1.781629
vt -0.5098583 1.774328
vt -0.5098583 1.53399
vt -0.5020934 1.53399
vt -0.5020934 1.774328
vt -0.5020927 1.781629
vt -0.4955106 1.53399
vt -0.4955949 1.774328
vt -0.4955949 1.774328
vt -0.5020934 1.774328
vt -0.5020927 1.781629
vt -0.4955517 1.781663
vt -0.6819371 0.09740999
vt -0.6894952 0.09586832
vt -1.489374 0.09586832
vt -1.496933 0.09740999
vt -0.6755297 0.1018003
vt -1.50334 0.1018003
vt -0.6712486 0.1083709
vt -1.507621 0.1083709
vt -0.669745 0.1161214
vt -1.509124 0.1161214
vt -0.669745 0.6325743
vt -1.509124 0.6325743
vt -0.6712486 0.6403248
vt -1.507621 0.6403248
vt -0.6755297 0.6468953
vt -1.50334 0.6468953
vt -0.6819371 0.6512856
vt -1.496933 0.6512856
vt -0.6894952 0.6528273
vt -1.489374 0.6528273
vt -1.586452 0.7849923
vt -1.593006 0.7849923
vt -1.59295 1.025917
vt -1.586396 1.025917
vt -1.592979 1.033269
vt -1.586425 1.033269
vt -1.578722 0.7849923
vt -1.578722 1.025917
vt -1.578722 1.033269
vt -0.7605841 1.033269
vt -0.7605844 1.025917
vt -0.7605844 0.7849923
vt -0.7528537 0.7849923
vt -0.7528537 1.025917
vt -0.7463001 0.7849923
vt -0.7528529 1.033235
vt -0.7463001 1.025917
vt -0.7462986 1.033235
vt -1.851975 0.1457511
vt -1.859544 0.1442065
vt -1.941029 0.144207
vt -1.902277 0.1521142
vt -1.845558 0.1501485
vt -1.84127 0.1567294
vt -1.869426 0.1746261
vt -1.839764 0.1644921
vt -1.847475 0.2083174
vt -1.839765 0.2480591
vt -1.839764 0.5841522
vt -1.839765 0.5005851
vt -1.847475 0.5403269
vt -1.869426 0.5740182
vt -1.902277 0.5965301
vt -1.84127 0.5919149
vt -1.845558 0.5984958
vt -1.941029 0.6044372
vt -1.851975 0.6028932
vt -1.859544 0.6044378
vt -2.572982 0.6028932
vt -2.565413 0.6044378
vt -2.483928 0.6044372
vt -2.579398 0.5984958
vt -2.52268 0.5965301
vt -2.583686 0.5919149
vt -2.585192 0.5841522
vt -2.555531 0.5740182
vt -2.577482 0.5403269
vt -2.585192 0.5005851
vt -2.585192 0.1644921
vt -2.585192 0.2480591
vt -2.577482 0.2083174
vt -2.555531 0.1746261
vt -2.583686 0.1567294
vt -2.52268 0.1521142
vt -2.579398 0.1501485
vt -2.572982 0.1457511
vt -2.483928 0.144207
vt -2.565413 0.1442065
vt -0.4281788 0.0330996
vt -0.4476956 0.02921753
vt -0.4672124 0.0330996
vt -0.4116333 0.04415496
vt -0.4837579 0.04415496
vt -0.4005779 0.06070057
vt -0.4948134 0.06070057
vt -0.3966958 0.08021739
vt -0.4986954 0.08021739
vt -0.4005779 0.09973423
vt -0.4948134 0.09973423
vt -0.4116333 0.1162798
vt -0.4837579 0.1162798
vt -0.4281788 0.1273351
vt -0.4672124 0.1273351
vt -0.4476956 0.1312173
vt -0.4174556 0.2406522
vt -0.4197573 0.2290797
vt -0.4207458 0.2294891
vt -0.4185255 0.2406522
vt -0.4197573 0.2522247
vt -0.4207458 0.2518152
vt -0.4263126 0.2620352
vt -0.4270692 0.2612787
vt -0.4197573 0.2290797
vt -0.4270692 0.2200257
vt -0.4207458 0.2294891
vt -0.4263126 0.2192691
vt -0.4365325 0.2137023
vt -0.4361231 0.2127139
vt -0.4476956 0.211482
vt -0.4476956 0.2104121
vt -0.4588586 0.2137023
vt -0.4592681 0.2127139
vt -0.4592681 0.2127139
vt -0.4683222 0.2200257
vt -0.4588586 0.2137023
vt -0.4690787 0.2192691
vt -0.4746455 0.2294891
vt -0.4756339 0.2290797
vt -0.4768657 0.2406522
vt -0.4779356 0.2406522
vt -0.4779356 0.2406522
vt -0.4746455 0.2518152
vt -0.4768657 0.2406522
vt -0.4756339 0.2522247
vt -0.4683222 0.2612787
vt -0.4756339 0.2522247
vt -0.4690787 0.2620352
vt -0.4683222 0.2612787
vt -0.4588586 0.267602
vt -0.4592681 0.2685905
vt -0.4592681 0.2685905
vt -0.4476956 0.2698223
vt -0.4588586 0.267602
vt -0.4476956 0.2708922
vt -0.4365325 0.267602
vt -0.4361231 0.2685905
vt -0.4361231 0.2685905
vt -0.4270692 0.2612787
vt -0.4365325 0.267602
vt -0.4263126 0.2620352
vt -0.4476956 0.1873701
vt -0.4317285 0.2021041
vt -0.4273054 0.1914258
vt -0.4476956 0.1989282
vt -0.4680858 0.1914258
vt -0.4636627 0.2021041
vt -0.4853717 0.2029759
vt -0.477199 0.2111488
vt -0.496922 0.220262
vt -0.4862437 0.2246851
vt -0.5009778 0.2406522
vt -0.4894197 0.2406522
vt -0.496922 0.2610424
vt -0.4894197 0.2406522
vt -0.5009778 0.2406522
vt -0.4862437 0.2566193
vt -0.4853717 0.2783284
vt -0.477199 0.2701555
vt -0.4680858 0.2898785
vt -0.4756339 0.2522247
vt -0.4779356 0.2406522
vt -0.4756339 0.2290797
vt -0.4862437 0.2246851
vt -0.4690787 0.2192691
vt -0.477199 0.2111488
vt -0.4592681 0.2127139
vt -0.4636627 0.2021041
vt -0.4476956 0.2104121
vt -0.4476956 0.1989282
vt -0.4361231 0.2127139
vt -0.4636627 0.2792002
vt -0.4317285 0.2021041
vt -0.4476956 0.2939343
vt -0.4263126 0.2192691
vt -0.4476956 0.2823762
vt -0.4592681 0.2685905
vt -0.4273054 0.2898785
vt -0.4476956 0.2708922
vt -0.4181923 0.2111488
vt -0.4273054 0.1914258
vt -0.4197573 0.2290797
vt -0.4100195 0.2029759
vt -0.4317285 0.2792002
vt -0.4100195 0.2783284
vt -0.4361231 0.2685905
vt -0.4091476 0.2246851
vt -0.4174556 0.2406522
vt -0.3984693 0.220262
vt -0.4181923 0.2701555
vt -0.3984693 0.2610424
vt -0.4263126 0.2620352
vt -0.4059716 0.2406522
vt -0.4197573 0.2522247
vt -0.3944135 0.2406522
vt -0.4091476 0.2566193
vt -0.4690787 0.2620352
vt -0.4636627 0.2792002
vt -0.4592681 0.2685905
vt -0.477199 0.2701555
vt -0.4756339 0.2522247
vt -0.3338763 0.3310412
vt -0.3407391 0.3296762
vt -0.3476018 0.3310412
vt -0.3280587 0.3349283
vt -0.3534195 0.3349283
vt -0.3241716 0.340746
vt -0.3573066 0.340746
vt -0.3228067 0.3476087
vt -0.3586717 0.3476087
vt -0.3241716 0.3544714
vt -0.3573066 0.3544714
vt -0.3280587 0.360289
vt -0.3534195 0.360289
vt -0.3338763 0.3641762
vt -0.3476018 0.3641762
vt -0.3407391 0.3655412
vt -0.3968318 0.3502231
vt -0.4037486 0.3672199
vt -0.3894359 0.3612915
vt -0.407786 0.3611774
vt -0.4079002 0.3428273
vt -0.4138286 0.3571399
vt -0.4209565 0.3402305
vt -0.4209565 0.3557223
vt -0.3894359 0.3612915
vt -0.4037486 0.3672199
vt -0.4023309 0.3743478
vt -0.3868392 0.3743478
vt -0.4037486 0.3814758
vt -0.3894359 0.3874042
vt -0.407786 0.3875183
vt -0.3968318 0.3984726
vt -0.3968318 0.3984726
vt -0.407786 0.3875183
vt -0.4138286 0.3915557
vt -0.4079002 0.4058683
vt -0.4079002 0.4058683
vt -0.4209565 0.3929734
vt -0.4209565 0.4084652
vt -0.4280845 0.3915557
vt -0.4340127 0.4058683
vt -0.4450813 0.3984726
vt -0.4381644 0.3814758
vt -0.452477 0.3874042
vt -0.439582 0.3743478
vt -0.4550738 0.3743478
vt -0.4381644 0.3672199
vt -0.452477 0.3612915
vt -0.434127 0.3611774
vt -0.4450813 0.3502231
vt -0.4280845 0.3571399
vt -0.4340127 0.3428273
vt -0.4209565 0.3557223
vt -0.4209565 0.3402305
vt -0.3493644 0.1952067
vt -0.3566763 0.1256629
vt -0.3566763 0.1952067
vt -0.3493644 0.1256629
vt -0.3407391 0.1952067
vt -0.3407391 0.1256629
vt -0.3321138 0.1952067
vt -0.3407391 0.1256629
vt -0.3407391 0.1952067
vt -0.3321138 0.1256629
vt -0.3248021 0.1952067
vt -0.3248021 0.1256629
vt -0.3248021 0.08825018
vt -0.3248021 0.01870639
vt -0.3321139 0.01870639
vt -0.3321139 0.08825018
vt -0.3407391 0.01870639
vt -0.3407391 0.08825018
vt -0.3493644 0.01870639
vt -0.3493644 0.08825018
vt -0.3493644 0.08825018
vt -0.3493644 0.01870639
vt -0.3566763 0.01870639
vt -0.3566763 0.08825018
vt -0.4852369 0.4091196
vt -0.4852369 0.3395761
vt -0.4925486 0.3395761
vt -0.4925486 0.4091196
vt -0.5011739 0.3395761
vt -0.5011739 0.4091196
vt -0.5097992 0.3395761
vt -0.5011739 0.4091196
vt -0.5097992 0.3395761
vt -0.5097992 0.4091196
vt -0.5171109 0.3395761
vt -0.5171109 0.4091196
vt -0.3248021 0.3021631
vt -0.3248021 0.2326195
vt -0.3321139 0.2326195
vt -0.3321139 0.3021631
vt -0.3321139 0.3021631
vt -0.3321139 0.2326195
vt -0.3407391 0.2326195
vt -0.3407391 0.3021631
vt -0.3493644 0.2326195
vt -0.3493644 0.3021631
vt -0.3566763 0.2326195
vt -0.3566763 0.3021631
vt -2.627602 0.6324125
vt -2.590317 0.2480595
vt -2.590319 0.1639738
vt -2.590317 0.5005854
vt -2.590319 0.5846705
vt -2.626397 0.6386337
vt -2.588518 0.5939676
vt -2.623249 0.6434669
vt -2.583098 0.602289
vt -2.618537 0.6466954
vt -2.574984 0.607848
vt -2.61247 0.6479307
vt -2.565918 0.6096948
vt -1.812486 0.6479307
vt -1.859039 0.6096948
vt -1.849974 0.607848
vt -1.80642 0.6466954
vt -1.841859 0.602289
vt -1.801708 0.6434669
vt -1.836439 0.5939676
vt -1.798559 0.6386337
vt -1.834638 0.5846705
vt -1.797355 0.6324125
vt -1.83464 0.5005847
vt -1.83464 0.2480588
vt -1.834638 0.1639738
vt -1.811979 0.6532189
vt -1.80441 0.6516744
vt -2.612978 0.6532189
vt -1.797992 0.6472769
vt -1.793705 0.640696
vt -2.620547 0.6516744
vt -1.792199 0.6329333
vt -2.626965 0.6472769
vt -2.631252 0.640696
vt -1.792199 0.115711
vt -2.632759 0.6329333
vt -1.797355 0.1162318
vt -1.793705 0.1079483
vt -2.627602 0.1162318
vt -2.632759 0.115711
vt -1.798559 0.1100107
vt -1.797992 0.1013673
vt -1.836439 0.1546767
vt -2.626402 0.1100279
vt -2.631252 0.1079483
vt -2.588518 0.1546767
vt -1.801708 0.1051774
vt -1.80441 0.09696993
vt -1.841859 0.1463553
vt -2.623236 0.1052305
vt -2.626937 0.1014099
vt -2.583097 0.1463556
vt -1.806405 0.1019599
vt -1.811979 0.09547678
vt -1.849974 0.1407962
vt -2.61851 0.1019925
vt -2.620519 0.09701261
vt -2.574984 0.1407967
vt -1.812469 0.1007667
vt -1.859039 0.1389501
vt -2.612978 0.09547678
vt -2.565918 0.1389501
vt -2.612471 0.1007653
vt -1.851975 0.1457511
vt -1.859039 0.1389501
vt -1.859544 0.1442065
vt -1.849974 0.1407962
vt -1.941029 0.1389524
vt -1.845558 0.1501485
vt -1.941029 0.144207
vt -1.841859 0.1463553
vt -2.483928 0.1389524
vt -1.84127 0.1567294
vt -2.483928 0.144207
vt -1.836439 0.1546767
vt -2.565918 0.1389501
vt -1.839764 0.1644921
vt -2.565413 0.1442065
vt -1.834638 0.1639738
vt -2.574984 0.1407967
vt -1.839765 0.2480591
vt -2.572982 0.1457511
vt -1.83464 0.2480588
vt -2.583097 0.1463556
vt -1.839765 0.5005851
vt -2.579398 0.1501485
vt -1.83464 0.5005847
vt -2.588518 0.1546767
vt -1.839764 0.5841522
vt -2.583686 0.1567294
vt -1.834638 0.5846705
vt -2.590319 0.1639738
vt -1.84127 0.5919149
vt -2.585192 0.1644921
vt -1.836439 0.5939676
vt -2.590317 0.2480595
vt -1.845558 0.5984958
vt -2.585192 0.2480591
vt -1.841859 0.602289
vt -2.590317 0.5005854
vt -1.851975 0.6028932
vt -2.585192 0.5005851
vt -1.849974 0.607848
vt -2.590319 0.5846705
vt -1.859544 0.6044378
vt -2.585192 0.5841522
vt -1.859039 0.6096948
vt -2.588518 0.5939676
vt -1.941029 0.6044372
vt -2.583686 0.5919149
vt -1.941028 0.6096926
vt -2.583098 0.602289
vt -2.483928 0.6044372
vt -2.579398 0.5984958
vt -2.483927 0.6096926
vt -2.574984 0.607848
vt -2.565413 0.6044378
vt -2.572982 0.6028932
vt -2.565918 0.6096948
usemtl HammeredMetal_AlbedoTransparency
f 3/3/3 2/2/2 1/1/1
f 5/5/5 3/3/3 4/4/4
f 8/8/8 7/7/7 6/6/6
f 11/11/11 10/10/10 9/9/9
f 14/14/14 13/13/13 12/12/12
f 16/16/16 15/15/15 14/14/14
f 19/19/19 18/18/18 17/17/17
f 22/22/22 21/21/21 20/20/20
f 25/25/25 24/24/24 23/23/23
f 28/28/28 27/27/27 26/26/26
f 31/31/31 30/30/30 29/29/29
f 32/32/32 31/31/31 29/29/29
f 32/32/32 29/29/29 33/33/33
f 34/34/34 32/32/32 33/33/33
f 33/33/33 35/35/35 34/34/34
f 36/36/36 35/35/35 33/33/33
f 35/35/35 36/36/36 37/37/37
f 35/35/35 38/38/38 34/34/34
f 39/39/39 35/35/35 37/37/37
f 35/35/35 39/39/39 38/38/38
f 34/34/34 38/38/38 40/40/40
f 40/40/40 41/41/41 34/34/34
f 39/39/39 37/37/37 42/42/42
f 42/42/42 37/37/37 43/43/43
f 37/37/37 44/44/44 43/43/43
f 45/45/45 39/39/39 42/42/42
f 46/46/46 39/39/39 45/45/45
f 39/39/39 46/46/46 38/38/38
f 47/47/47 46/46/46 45/45/45
f 38/38/38 48/48/48 40/40/40
f 38/38/38 46/46/46 48/48/48
f 49/49/49 46/46/46 47/47/47
f 46/46/46 49/49/49 48/48/48
f 50/50/50 49/49/49 47/47/47
f 40/40/40 48/48/48 51/51/51
f 51/51/51 52/52/52 40/40/40
f 48/48/48 53/53/53 51/51/51
f 48/48/48 49/49/49 53/53/53
f 49/49/49 54/54/54 53/53/53
f 54/54/54 49/49/49 50/50/50
f 55/55/55 54/54/54 50/50/50
f 58/58/58 57/57/57 56/56/56
f 59/59/59 58/58/58 56/56/56
f 60/60/60 58/58/58 59/59/59
f 61/61/61 60/60/60 59/59/59
f 56/56/56 62/62/62 59/59/59
f 59/59/59 63/63/63 61/61/61
f 62/62/62 63/63/63 59/59/59
f 63/63/63 62/62/62 64/64/64
f 65/65/65 63/63/63 64/64/64
f 68/68/68 67/67/67 66/66/66
f 69/69/69 68/68/68 66/66/66
f 72/72/72 71/71/71 70/70/70
f 73/73/73 72/72/72 70/70/70
f 74/74/74 72/72/72 73/73/73
f 75/75/75 74/74/74 73/73/73
f 76/76/76 74/74/74 75/75/75
f 77/77/77 76/76/76 75/75/75
f 78/78/78 76/76/76 77/77/77
f 75/75/75 79/79/79 77/77/77
f 80/80/80 78/78/78 77/77/77
f 81/81/81 78/78/78 80/80/80
f 82/82/82 81/81/81 80/80/80
f 77/77/77 83/83/83 80/80/80
f 79/79/79 83/83/83 77/77/77
f 80/80/80 84/84/84 82/82/82
f 83/83/83 84/84/84 80/80/80
f 84/84/84 85/85/85 82/82/82
f 85/85/85 84/84/84 86/86/86
f 84/84/84 83/83/83 86/86/86
f 87/87/87 85/85/85 86/86/86
f 87/87/87 86/86/86 88/88/88
f 89/89/89 87/87/87 88/88/88
f 88/88/88 86/86/86 90/90/90
f 86/86/86 91/91/91 90/90/90
f 83/83/83 91/91/91 86/86/86
f 90/90/90 91/91/91 92/92/92
f 91/91/91 93/93/93 92/92/92
f 93/93/93 91/91/91 83/83/83
f 79/79/79 93/93/93 83/83/83
f 93/93/93 79/79/79 94/94/94
f 79/79/79 95/95/95 94/94/94
f 98/98/98 97/97/97 96/96/96
f 97/97/97 99/99/99 96/96/96
f 96/96/96 99/99/99 100/100/100
f 99/99/99 101/101/101 100/100/100
f 99/99/99 97/97/97 102/102/102
f 103/103/103 99/99/99 102/102/102
f 103/103/103 102/102/102 104/104/104
f 105/105/105 103/103/103 104/104/104
f 106/106/106 103/103/103 105/105/105
f 107/107/107 106/106/106 105/105/105
f 110/110/110 109/109/109 108/108/108
f 111/111/111 110/110/110 108/108/108
f 111/111/111 108/108/108 112/112/112
f 113/113/113 111/111/111 112/112/112
f 114/114/114 111/111/111 113/113/113
f 112/112/112 115/115/115 113/113/113
f 116/116/116 114/114/114 113/113/113
f 117/117/117 114/114/114 116/116/116
f 118/118/118 117/117/117 116/116/116
f 113/113/113 119/119/119 116/116/116
f 115/115/115 119/119/119 113/113/113
f 116/116/116 120/120/120 118/118/118
f 119/119/119 120/120/120 116/116/116
f 120/120/120 121/121/121 118/118/118
f 121/121/121 120/120/120 122/122/122
f 120/120/120 119/119/119 122/122/122
f 123/123/123 121/121/121 122/122/122
f 123/123/123 122/122/122 124/124/124
f 125/125/125 123/123/123 124/124/124
f 124/124/124 122/122/122 126/126/126
f 122/122/122 127/127/127 126/126/126
f 119/119/119 127/127/127 122/122/122
f 126/126/126 127/127/127 128/128/128
f 129/129/129 127/127/127 119/119/119
f 127/127/127 129/129/129 128/128/128
f 115/115/115 129/129/129 119/119/119
f 128/128/128 129/129/129 130/130/130
f 129/129/129 131/131/131 130/130/130
f 129/129/129 115/115/115 131/131/131
f 115/115/115 132/132/132 131/131/131
f 135/135/135 134/134/134 133/133/133
f 136/136/136 135/135/135 133/133/133
f 137/137/137 135/135/135 136/136/136
f 133/133/133 138/138/138 136/136/136
f 139/139/139 137/137/137 136/136/136
f 138/138/138 140/140/140 136/136/136
f 136/136/136 140/140/140 139/139/139
f 140/140/140 141/141/141 139/139/139
f 140/140/140 138/138/138 142/142/142
f 143/143/143 140/140/140 142/142/142
f 143/143/143 142/142/142 144/144/144
f 145/145/145 143/143/143 144/144/144
f 148/148/148 147/147/147 146/146/146
f 149/149/149 148/148/148 146/146/146
f 149/149/149 146/146/146 150/150/150
f 151/151/151 149/149/149 150/150/150
f 152/152/152 149/149/149 151/151/151
f 150/150/150 146/146/146 153/153/153
f 146/146/146 154/154/154 153/153/153
f 153/153/153 154/154/154 155/155/155
f 154/154/154 156/156/156 155/155/155
f 155/155/155 157/157/157 153/153/153
f 157/157/157 158/158/158 153/153/153
f 153/153/153 158/158/158 150/150/150
f 157/157/157 159/159/159 158/158/158
f 159/159/159 160/160/160 158/158/158
f 158/158/158 161/161/161 150/150/150
f 150/150/150 161/161/161 151/151/151
f 160/160/160 162/162/162 158/158/158
f 162/162/162 161/161/161 158/158/158
f 162/162/162 160/160/160 163/163/163
f 164/164/164 162/162/162 163/163/163
f 165/165/165 152/152/152 151/151/151
f 166/166/166 152/152/152 165/165/165
f 167/167/167 166/166/166 165/165/165
f 161/161/161 168/168/168 151/151/151
f 161/161/161 162/162/162 168/168/168
f 151/151/151 168/168/168 165/165/165
f 169/169/169 162/162/162 164/164/164
f 162/162/162 169/169/169 168/168/168
f 170/170/170 169/169/169 164/164/164
f 165/165/165 171/171/171 167/167/167
f 168/168/168 171/171/171 165/165/165
f 171/171/171 172/172/172 167/167/167
f 168/168/168 169/169/169 173/173/173
f 173/173/173 169/169/169 170/170/170
f 171/171/171 168/168/168 173/173/173
f 172/172/172 171/171/171 173/173/173
f 174/174/174 173/173/173 170/170/170
f 175/175/175 172/172/172 173/173/173
f 175/175/175 173/173/173 174/174/174
f 176/176/176 175/175/175 174/174/174
f 179/179/179 178/178/178 177/177/177
f 180/180/180 179/179/179 177/177/177
f 183/183/183 182/182/182 181/181/181
f 184/184/184 183/183/183 181/181/181
f 184/184/184 181/181/181 185/185/185
f 186/186/186 184/184/184 185/185/185
f 186/186/186 185/185/185 187/187/187
f 184/184/184 188/188/188 183/183/183
f 188/188/188 184/184/184 186/186/186
f 189/189/189 186/186/186 187/187/187
f 189/189/189 187/187/187 190/190/190
f 191/191/191 189/189/189 190/190/190
f 189/189/189 192/192/192 186/186/186
f 192/192/192 189/189/189 191/191/191
f 188/188/188 193/193/193 183/183/183
f 183/183/183 193/193/193 194/194/194
f 195/195/195 188/188/188 186/186/186
f 192/192/192 195/195/195 186/186/186
f 195/195/195 196/196/196 188/188/188
f 188/188/188 197/197/197 193/193/193
f 196/196/196 197/197/197 188/188/188
f 192/192/192 198/198/198 195/195/195
f 198/198/198 196/196/196 195/195/195
f 199/199/199 192/192/192 191/191/191
f 200/200/200 198/198/198 192/192/192
f 199/199/199 200/200/200 192/192/192
f 201/201/201 199/199/199 191/191/191
f 202/202/202 201/201/201 191/191/191
f 203/203/203 200/200/200 199/199/199
f 201/201/201 203/203/203 199/199/199
f 204/204/204 201/201/201 202/202/202
f 205/205/205 204/204/204 202/202/202
f 206/206/206 203/203/203 201/201/201
f 204/204/204 206/206/206 201/201/201
f 204/204/204 205/205/205 207/207/207
f 207/207/207 205/205/205 208/208/208
f 207/207/207 208/208/208 209/209/209
f 210/210/210 207/207/207 209/209/209
f 210/210/210 209/209/209 211/211/211
f 212/212/212 210/210/210 211/211/211
f 210/210/210 213/213/213 207/207/207
f 213/213/213 210/210/210 212/212/212
f 214/214/214 204/204/204 207/207/207
f 213/213/213 214/214/214 207/207/207
f 214/214/214 215/215/215 204/204/204
f 215/215/215 206/206/206 204/204/204
f 213/213/213 216/216/216 214/214/214
f 216/216/216 215/215/215 214/214/214
f 206/206/206 217/217/217 203/203/203
f 217/217/217 218/218/218 203/203/203
f 219/219/219 217/217/217 206/206/206
f 215/215/215 219/219/219 206/206/206
f 203/203/203 218/218/218 200/200/200
f 220/220/220 219/219/219 215/215/215
f 216/216/216 220/220/220 215/215/215
f 218/218/218 221/221/221 200/200/200
f 200/200/200 221/221/221 198/198/198
f 221/221/221 222/222/222 198/198/198
f 198/198/198 222/222/222 196/196/196
f 222/222/222 223/223/223 196/196/196
f 196/196/196 223/223/223 197/197/197
f 224/224/224 220/220/220 216/216/216
f 223/223/223 225/225/225 197/197/197
f 226/226/226 224/224/224 216/216/216
f 226/226/226 216/216/216 213/213/213
f 227/227/227 224/224/224 226/226/226
f 197/197/197 225/225/225 228/228/228
f 197/197/197 228/228/228 193/193/193
f 225/225/225 229/229/229 228/228/228
f 230/230/230 226/226/226 213/213/213
f 230/230/230 213/213/213 212/212/212
f 231/231/231 227/227/227 226/226/226
f 231/231/231 226/226/226 230/230/230
f 232/232/232 227/227/227 231/231/231
f 233/233/233 230/230/230 212/212/212
f 233/233/233 231/231/231 230/230/230
f 234/234/234 233/233/233 212/212/212
f 235/235/235 232/232/232 231/231/231
f 235/235/235 231/231/231 233/233/233
f 236/236/236 232/232/232 235/235/235
f 193/193/193 228/228/228 237/237/237
f 193/193/193 237/237/237 194/194/194
f 238/238/238 235/235/235 233/233/233
f 238/238/238 233/233/233 234/234/234
f 239/239/239 236/236/236 235/235/235
f 239/239/239 235/235/235 238/238/238
f 240/240/240 236/236/236 239/239/239
f 228/228/228 241/241/241 237/237/237
f 228/228/228 229/229/229 241/241/241
f 229/229/229 242/242/242 241/241/241
f 237/237/237 243/243/243 194/194/194
f 237/237/237 241/241/241 243/243/243
f 241/241/241 242/242/242 244/244/244
f 241/241/241 244/244/244 243/243/243
f 242/242/242 245/245/245 244/244/244
f 246/246/246 240/240/240 239/239/239
f 247/247/247 240/240/240 246/246/246
f 244/244/244 245/245/245 248/248/248
f 245/245/245 249/249/249 248/248/248
f 243/243/243 250/250/250 194/194/194
f 251/251/251 194/194/194 250/250/250
f 252/252/252 251/251/251 250/250/250
f 252/252/252 250/250/250 253/253/253
f 250/250/250 243/243/243 253/253/253
f 254/254/254 252/252/252 253/253/253
f 243/243/243 244/244/244 255/255/255
f 244/244/244 248/248/248 255/255/255
f 243/243/243 255/255/255 253/253/253
f 248/248/248 249/249/249 256/256/256
f 249/249/249 257/257/257 256/256/256
f 255/255/255 248/248/248 258/258/258
f 255/255/255 258/258/258 253/253/253
f 248/248/248 256/256/256 258/258/258
f 254/254/254 253/253/253 259/259/259
f 258/258/258 259/259/259 253/253/253
f 260/260/260 254/254/254 259/259/259
f 260/260/260 259/259/259 261/261/261
f 259/259/259 258/258/258 261/261/261
f 262/262/262 260/260/260 261/261/261
f 258/258/258 263/263/263 261/261/261
f 258/258/258 256/256/256 263/263/263
f 261/261/261 263/263/263 264/264/264
f 256/256/256 257/257/257 265/265/265
f 256/256/256 265/265/265 263/263/263
f 257/257/257 266/266/266 265/265/265
f 263/263/263 267/267/267 264/264/264
f 263/263/263 265/265/265 267/267/267
f 265/265/265 266/266/266 268/268/268
f 265/265/265 268/268/268 267/267/267
f 266/266/266 247/247/247 268/268/268
f 268/268/268 247/247/247 246/246/246
f 267/267/267 269/269/269 264/264/264
f 267/267/267 268/268/268 269/269/269
f 268/268/268 246/246/246 269/269/269
f 269/269/269 270/270/270 264/264/264
f 269/269/269 246/246/246 271/271/271
f 246/246/246 239/239/239 271/271/271
f 271/271/271 239/239/239 238/238/238
f 270/270/270 269/269/269 272/272/272
f 269/269/269 271/271/271 272/272/272
f 271/271/271 238/238/238 272/272/272
f 270/270/270 272/272/272 273/273/273
f 272/272/272 274/274/274 273/273/273
f 238/238/238 275/275/275 272/272/272
f 272/272/272 275/275/275 274/274/274
f 275/275/275 238/238/238 234/234/234
f 275/275/275 276/276/276 274/274/274
f 275/275/275 234/234/234 276/276/276
f 234/234/234 277/277/277 276/276/276
f 280/280/280 279/279/279 278/278/278
f 281/281/281 280/280/280 278/278/278
f 281/281/281 278/278/278 282/282/282
f 285/285/285 284/284/284 283/283/283
f 286/286/286 285/285/285 283/283/283
f 289/289/289 288/288/288 287/287/287
f 288/288/288 290/290/290 287/287/287
f 287/287/287 290/290/290 291/291/291
f 290/290/290 292/292/292 291/291/291
f 288/288/288 293/293/293 290/290/290
f 290/290/290 294/294/294 292/292/292
f 293/293/293 294/294/294 290/290/290
f 294/294/294 295/295/295 292/292/292
f 295/295/295 294/294/294 296/296/296
f 294/294/294 293/293/293 297/297/297
f 294/294/294 297/297/297 296/296/296
f 293/293/293 298/298/298 297/297/297
f 298/298/298 299/299/299 297/297/297
f 299/299/299 300/300/300 297/297/297
f 297/297/297 300/300/300 296/296/296
f 300/300/300 301/301/301 296/296/296
f 300/300/300 302/302/302 301/301/301
f 302/302/302 303/303/303 301/301/301
f 306/306/306 305/305/305 304/304/304
f 305/305/305 307/307/307 304/304/304
f 310/310/310 309/309/309 308/308/308
f 309/309/309 311/311/311 308/308/308
f 308/308/308 311/311/311 312/312/312
f 311/311/311 313/313/313 312/312/312
f 309/309/309 314/314/314 311/311/311
f 311/311/311 315/315/315 313/313/313
f 314/314/314 315/315/315 311/311/311
f 315/315/315 316/316/316 313/313/313
f 316/316/316 315/315/315 317/317/317
f 315/315/315 314/314/314 318/318/318
f 315/315/315 318/318/318 317/317/317
f 314/314/314 319/319/319 318/318/318
f 319/319/319 320/320/320 318/318/318
f 318/318/318 321/321/321 317/317/317
f 320/320/320 321/321/321 318/318/318
f 320/320/320 322/322/322 321/321/321
f 321/321/321 323/323/323 317/317/317
f 322/322/322 324/324/324 321/321/321
f 321/321/321 324/324/324 323/323/323
f 324/324/324 325/325/325 323/323/323
f 328/328/328 327/327/327 326/326/326
f 327/327/327 329/329/329 326/326/326
f 326/326/326 329/329/329 330/330/330
f 329/329/329 331/331/331 330/330/330
f 327/327/327 332/332/332 329/329/329
f 329/329/329 333/333/333 331/331/331
f 332/332/332 333/333/333 329/329/329
f 333/333/333 334/334/334 331/331/331
f 334/334/334 333/333/333 335/335/335
f 333/333/333 332/332/332 336/336/336
f 333/333/333 336/336/336 335/335/335
f 332/332/332 337/337/337 336/336/336
f 336/336/336 337/337/337 338/338/338
f 335/335/335 336/336/336 339/339/339
f 339/339/339 336/336/336 338/338/338
f 340/340/340 335/335/335 339/339/339
f 339/339/339 338/338/338 341/341/341
f 342/342/342 339/339/339 341/341/341
f 345/345/345 344/344/344 343/343/343
f 346/346/346 345/345/345 343/343/343
f 349/349/349 348/348/348 347/347/347
f 347/347/347 350/350/350 349/349/349
f 347/347/347 351/351/351 350/350/350
f 351/351/351 352/352/352 350/350/350
f 351/351/351 353/353/353 352/352/352
f 353/353/353 354/354/354 352/352/352
f 353/353/353 355/355/355 354/354/354
f 355/355/355 356/356/356 354/354/354
f 355/355/355 357/357/357 356/356/356
f 357/357/357 358/358/358 356/356/356
f 357/357/357 359/359/359 358/358/358
f 359/359/359 360/360/360 358/358/358
f 359/359/359 361/361/361 360/360/360
f 361/361/361 362/362/362 360/360/360
f 361/361/361 363/363/363 362/362/362
f 363/363/363 364/364/364 362/362/362
f 363/363/363 365/365/365 364/364/364
f 365/365/365 366/366/366 364/364/364
f 369/369/369 368/368/368 367/367/367
f 370/370/370 369/369/369 367/367/367
f 371/371/371 369/369/369 370/370/370
f 372/372/372 371/371/371 370/370/370
f 370/370/370 367/367/367 373/373/373
f 372/372/372 370/370/370 374/374/374
f 374/374/374 370/370/370 373/373/373
f 375/375/375 372/372/372 374/374/374
f 375/375/375 374/374/374 376/376/376
f 374/374/374 373/373/373 377/377/377
f 374/374/374 377/377/377 376/376/376
f 373/373/373 378/378/378 377/377/377
f 378/378/378 379/379/379 377/377/377
f 377/377/377 380/380/380 376/376/376
f 379/379/379 380/380/380 377/377/377
f 379/379/379 381/381/381 380/380/380
f 380/380/380 382/382/382 376/376/376
f 381/381/381 383/383/383 380/380/380
f 380/380/380 383/383/383 382/382/382
f 383/383/383 384/384/384 382/382/382
f 387/387/387 386/386/386 385/385/385
f 385/385/385 388/388/388 387/387/387
f 385/385/385 389/389/389 388/388/388
f 389/389/389 390/390/390 388/388/388
f 390/390/390 391/391/391 388/388/388
f 390/390/390 392/392/392 391/391/391
f 392/392/392 393/393/393 391/391/391
f 392/392/392 394/394/394 393/393/393
f 397/397/397 396/396/396 395/395/395
f 395/395/395 398/398/398 397/397/397
f 395/395/395 399/399/399 398/398/398
f 395/395/395 400/400/400 399/399/399
f 400/400/400 401/401/401 399/399/399
f 401/401/401 402/402/402 399/399/399
f 401/401/401 403/403/403 402/402/402
f 403/403/403 404/404/404 402/402/402
f 407/407/407 406/406/406 405/405/405
f 407/407/407 405/405/405 408/408/408
f 409/409/409 407/407/407 408/408/408
f 409/409/409 408/408/408 410/410/410
f 409/409/409 410/410/410 411/411/411
f 412/412/412 409/409/409 411/411/411
f 413/413/413 412/412/412 411/411/411
f 411/411/411 414/414/414 413/413/413
f 417/417/417 416/416/416 415/415/415
f 418/418/418 417/417/417 415/415/415
f 418/418/418 415/415/415 419/419/419
f 420/420/420 418/418/418 419/419/419
f 420/420/420 419/419/419 421/421/421
f 420/420/420 421/421/421 422/422/422
f 423/423/423 420/420/420 422/422/422
f 422/422/422 424/424/424 423/423/423
f 427/427/427 426/426/426 425/425/425
f 425/425/425 428/428/428 427/427/427
f 428/428/428 429/429/429 427/427/427
f 428/428/428 430/430/430 429/429/429
f 430/430/430 431/431/431 429/429/429
f 430/430/430 432/432/432 431/431/431
f 432/432/432 433/433/433 431/431/431
f 432/432/432 434/434/434 433/433/433
f 434/434/434 435/435/435 433/433/433
f 434/434/434 436/436/436 435/435/435
f 436/436/436 437/437/437 435/435/435
f 436/436/436 438/438/438 437/437/437
f 438/438/438 439/439/439 437/437/437
f 438/438/438 440/440/440 439/439/439
f 443/443/443 442/442/442 441/441/441
f 444/444/444 443/443/443 441/441/441
f 444/444/444 441/441/441 445/445/445
f 446/446/446 444/444/444 445/445/445
f 446/446/446 445/445/445 447/447/447
f 448/448/448 446/446/446 447/447/447
f 451/451/451 450/450/450 449/449/449
f 450/450/450 452/452/452 449/449/449
f 450/450/450 453/453/453 452/452/452
f 453/453/453 454/454/454 452/452/452
f 453/453/453 455/455/455 454/454/454
f 455/455/455 456/456/456 454/454/454
f 455/455/455 457/457/457 456/456/456
f 457/457/457 458/458/458 456/456/456
f 461/461/461 460/460/460 459/459/459
f 460/460/460 462/462/462 459/459/459
f 460/460/460 463/463/463 462/462/462
f 463/463/463 464/464/464 462/462/462
f 463/463/463 465/465/465 464/464/464
f 465/465/465 466/466/466 464/464/464
f 469/469/469 468/468/468 467/467/467
f 468/468/468 470/470/470 467/467/467
f 468/468/468 471/471/471 470/470/470
f 474/474/474 473/473/473 472/472/472
f 474/474/474 475/475/475 473/473/473
f 475/475/475 476/476/476 473/473/473
f 479/479/479 478/478/478 477/477/477
f 478/478/478 480/480/480 477/477/477
f 478/478/478 481/481/481 480/480/480
f 481/481/481 482/482/482 480/480/480
f 485/485/485 484/484/484 483/483/483
f 484/484/484 486/486/486 483/483/483
f 489/489/489 488/488/488 487/487/487
f 488/488/488 490/490/490 487/487/487
f 487/487/487 490/490/490 491/491/491
f 490/490/490 492/492/492 491/491/491
f 491/491/491 492/492/492 493/493/493
f 492/492/492 494/494/494 493/493/493
f 493/493/493 494/494/494 495/495/495
f 494/494/494 496/496/496 495/495/495
f 495/495/495 496/496/496 497/497/497
f 496/496/496 498/498/498 497/497/497
f 501/501/501 500/500/500 499/499/499
f 500/500/500 502/502/502 499/499/499
f 499/499/499 502/502/502 503/503/503
f 502/502/502 504/504/504 503/503/503
f 503/503/503 504/504/504 505/505/505
f 504/504/504 502/502/502 506/506/506
f 506/506/506 502/502/502 507/507/507
f 502/502/502 500/500/500 507/507/507
f 507/507/507 500/500/500 508/508/508
f 500/500/500 509/509/509 508/508/508
f 508/508/508 509/509/509 510/510/510
f 509/509/509 511/511/511 510/510/510
f 510/510/510 511/511/511 512/512/512
f 511/511/511 513/513/513 512/512/512
f 512/512/512 513/513/513 514/514/514
f 513/513/513 515/515/515 514/514/514
f 514/514/514 515/515/515 516/516/516
f 504/504/504 517/517/517 505/505/505
f 515/515/515 518/518/518 516/516/516
f 505/505/505 517/517/517 519/519/519
f 516/516/516 518/518/518 520/520/520
f 517/517/517 521/521/521 519/519/519
f 521/521/521 517/517/517 522/522/522
f 519/519/519 521/521/521 523/523/523
f 524/524/524 521/521/521 522/522/522
f 518/518/518 525/525/525 520/520/520
f 525/525/525 518/518/518 526/526/526
f 520/520/520 525/525/525 527/527/527
f 528/528/528 525/525/525 526/526/526
f 521/521/521 529/529/529 523/523/523
f 529/529/529 521/521/521 524/524/524
f 523/523/523 529/529/529 530/530/530
f 531/531/531 529/529/529 524/524/524
f 525/525/525 532/532/532 527/527/527
f 532/532/532 525/525/525 528/528/528
f 527/527/527 532/532/532 533/533/533
f 534/534/534 532/532/532 528/528/528
f 529/529/529 535/535/535 530/530/530
f 535/535/535 529/529/529 531/531/531
f 530/530/530 535/535/535 536/536/536
f 537/537/537 535/535/535 531/531/531
f 532/532/532 538/538/538 533/533/533
f 538/538/538 532/532/532 534/534/534
f 533/533/533 538/538/538 539/539/539
f 540/540/540 538/538/538 534/534/534
f 535/535/535 541/541/541 536/536/536
f 541/541/541 535/535/535 537/537/537
f 539/539/539 541/541/541 537/537/537
f 538/538/538 541/541/541 539/539/539
f 541/541/541 538/538/538 540/540/540
f 536/536/536 541/541/541 540/540/540
f 544/544/544 543/543/543 542/542/542
f 543/543/543 545/545/545 542/542/542
f 542/542/542 545/545/545 546/546/546
f 549/549/549 548/548/548 547/547/547
f 547/547/547 550/550/550 549/549/549
f 550/550/550 551/551/551 549/549/549
f 550/550/550 552/552/552 551/551/551
f 552/552/552 553/553/553 551/551/551
f 552/552/552 554/554/554 553/553/553
f 554/554/554 555/555/555 553/553/553
f 554/554/554 556/556/556 555/555/555
f 556/556/556 557/557/557 555/555/555
f 556/556/556 558/558/558 557/557/557
f 558/558/558 559/559/559 557/557/557
f 558/558/558 560/560/560 559/559/559
f 560/560/560 561/561/561 559/559/559
f 560/560/560 562/562/562 561/561/561
f 565/565/565 564/564/564 563/563/563
f 564/564/564 566/566/566 563/563/563
f 563/563/563 566/566/566 567/567/567
f 566/566/566 568/568/568 567/567/567
f 567/567/567 568/568/568 569/569/569
f 568/568/568 570/570/570 569/569/569
f 573/573/573 572/572/572 571/571/571
f 574/574/574 573/573/573 571/571/571
f 575/575/575 573/573/573 574/574/574
f 576/576/576 575/575/575 574/574/574
f 577/577/577 575/575/575 576/576/576
f 578/578/578 577/577/577 576/576/576
f 581/581/581 580/580/580 579/579/579
f 582/582/582 581/581/581 579/579/579
f 585/585/585 584/584/584 583/583/583
f 586/586/586 584/584/584 585/585/585
f 587/587/587 586/586/586 585/585/585
f 590/590/590 589/589/589 588/588/588
f 591/591/591 589/589/589 590/590/590
f 592/592/592 591/591/591 590/590/590
f 593/593/593 591/591/591 592/592/592
f 594/594/594 593/593/593 592/592/592
f 595/595/595 593/593/593 594/594/594
f 596/596/596 595/595/595 594/594/594
f 597/597/597 595/595/595 596/596/596
f 598/598/598 597/597/597 596/596/596
f 599/599/599 597/597/597 598/598/598
f 600/600/600 599/599/599 598/598/598
f 603/603/603 602/602/602 601/601/601
f 602/602/602 604/604/604 601/601/601
f 601/601/601 604/604/604 605/605/605
f 604/604/604 606/606/606 605/605/605
f 609/609/609 608/608/608 607/607/607
f 608/608/608 610/610/610 607/607/607
f 607/607/607 610/610/610 611/611/611
f 610/610/610 612/612/612 611/611/611
f 615/615/615 614/614/614 613/613/613
f 616/616/616 615/615/615 613/613/613
f 617/617/617 615/615/615 616/616/616
f 618/618/618 617/617/617 616/616/616
f 619/619/619 617/617/617 618/618/618
f 620/620/620 619/619/619 618/618/618
f 623/623/623 622/622/622 621/621/621
f 624/624/624 623/623/623 621/621/621
f 627/627/627 626/626/626 625/625/625
f 628/628/628 627/627/627 625/625/625
f 629/629/629 627/627/627 628/628/628
f 630/630/630 629/629/629 628/628/628
f 631/631/631 629/629/629 630/630/630
f 634/634/634 633/633/633 632/632/632
f 635/635/635 633/633/633 634/634/634
f 636/636/636 635/635/635 634/634/634
f 639/639/639 638/638/638 637/637/637
f 640/640/640 639/639/639 637/637/637
f 643/643/643 642/642/642 641/641/641
f 644/644/644 643/643/643 641/641/641
f 645/645/645 643/643/643 644/644/644
f 646/646/646 645/645/645 644/644/644
f 647/647/647 645/645/645 646/646/646
f 648/648/648 647/647/647 646/646/646
f 651/651/651 650/650/650 649/649/649
f 650/650/650 652/652/652 649/649/649
f 652/652/652 653/653/653 649/649/649
f 654/654/654 649/649/649 653/653/653
f 655/655/655 654/654/654 653/653/653
f 654/654/654 655/655/655 656/656/656
f 655/655/655 657/657/657 656/656/656
f 658/658/658 656/656/656 657/657/657
f 659/659/659 658/658/658 657/657/657
f 660/660/660 658/658/658 659/659/659
f 661/661/661 660/660/660 659/659/659
f 662/662/662 660/660/660 661/661/661
f 663/663/663 662/662/662 661/661/661
f 662/662/662 663/663/663 664/664/664
f 665/665/665 662/662/662 664/664/664
f 665/665/665 664/664/664 666/666/666
f 667/667/667 665/665/665 666/666/666
f 666/666/666 668/668/668 667/667/667
f 668/668/668 669/669/669 667/667/667
f 669/669/669 668/668/668 670/670/670
f 671/671/671 669/669/669 670/670/670
f 671/671/671 670/670/670 672/672/672
f 671/671/671 672/672/672 673/673/673
f 671/671/671 673/673/673 674/674/674
f 660/660/660 662/662/662 675/675/675
f 675/675/675 662/662/662 676/676/676
f 662/662/662 665/665/665 676/676/676
f 677/677/677 660/660/660 675/675/675
f 676/676/676 665/665/665 678/678/678
f 665/665/665 667/667/667 678/678/678
f 658/658/658 660/660/660 677/677/677
f 678/678/678 667/667/667 679/679/679
f 667/667/667 669/669/669 679/679/679
f 680/680/680 658/658/658 677/677/677
f 679/679/679 669/669/669 681/681/681
f 669/669/669 671/671/671 681/681/681
f 656/656/656 658/658/658 680/680/680
f 682/682/682 656/656/656 680/680/680
f 654/654/654 656/656/656 682/682/682
f 683/683/683 654/654/654 682/682/682
f 649/649/649 654/654/654 683/683/683
f 681/681/681 671/671/671 684/684/684
f 685/685/685 649/649/649 683/683/683
f 671/671/671 686/686/686 684/684/684
f 684/684/684 686/686/686 687/687/687
f 674/674/674 686/686/686 671/671/671
f 688/688/688 649/649/649 685/685/685
f 689/689/689 688/688/688 685/685/685
f 649/649/649 688/688/688 651/651/651
f 686/686/686 690/690/690 687/687/687
f 690/690/690 686/686/686 674/674/674
f 687/687/687 690/690/690 691/691/691
f 692/692/692 690/690/690 674/674/674
f 693/693/693 688/688/688 689/689/689
f 688/688/688 693/693/693 651/651/651
f 694/694/694 693/693/693 689/689/689
f 693/693/693 695/695/695 651/651/651
f 690/690/690 696/696/696 691/691/691
f 690/690/690 692/692/692 696/696/696
f 691/691/691 696/696/696 697/697/697
f 692/692/692 698/698/698 696/696/696
f 699/699/699 693/693/693 694/694/694
f 693/693/693 699/699/699 695/695/695
f 700/700/700 699/699/699 694/694/694
f 699/699/699 701/701/701 695/695/695
f 696/696/696 702/702/702 697/697/697
f 702/702/702 696/696/696 698/698/698
f 697/697/697 702/702/702 703/703/703
f 704/704/704 702/702/702 698/698/698
f 705/705/705 699/699/699 700/700/700
f 699/699/699 705/705/705 701/701/701
f 706/706/706 705/705/705 700/700/700
f 705/705/705 707/707/707 701/701/701
f 702/702/702 708/708/708 703/703/703
f 708/708/708 702/702/702 704/704/704
f 709/709/709 708/708/708 704/704/704
f 703/703/703 708/708/708 710/710/710
f 708/708/708 709/709/709 711/711/711
f 712/712/712 705/705/705 706/706/706
f 705/705/705 712/712/712 707/707/707
f 710/710/710 712/712/712 706/706/706
f 712/712/712 711/711/711 707/707/707
f 711/711/711 712/712/712 708/708/708
f 708/708/708 712/712/712 710/710/710
f 715/715/715 714/714/714 713/713/713
f 714/714/714 716/716/716 713/713/713
f 717/717/717 714/714/714 715/715/715
f 713/713/713 716/716/716 718/718/718
f 719/719/719 717/717/717 715/715/715
f 716/716/716 720/720/720 718/718/718
f 721/721/721 717/717/717 719/719/719
f 718/718/718 720/720/720 722/722/722
f 723/723/723 721/721/721 719/719/719
f 720/720/720 724/724/724 722/722/722
f 725/725/725 721/721/721 723/723/723
f 722/722/722 724/724/724 726/726/726
f 727/727/727 725/725/725 723/723/723
f 724/724/724 728/728/728 726/726/726
f 729/729/729 725/725/725 727/727/727
f 726/726/726 728/728/728 730/730/730
f 731/731/731 729/729/729 727/727/727
f 728/728/728 732/732/732 730/730/730
f 733/733/733 729/729/729 731/731/731
f 730/730/730 732/732/732 734/734/734
f 735/735/735 733/733/733 731/731/731
f 732/732/732 736/736/736 734/734/734
f 737/737/737 733/733/733 735/735/735
f 734/734/734 736/736/736 738/738/738
f 739/739/739 737/737/737 735/735/735
f 736/736/736 740/740/740 738/738/738
f 741/741/741 737/737/737 739/739/739
f 738/738/738 740/740/740 742/742/742
f 743/743/743 741/741/741 739/739/739
f 740/740/740 744/744/744 742/742/742
f 745/745/745 741/741/741 743/743/743
f 742/742/742 744/744/744 746/746/746
f 747/747/747 745/745/745 743/743/743
f 744/744/744 748/748/748 746/746/746
f 749/749/749 745/745/745 747/747/747
f 746/746/746 748/748/748 750/750/750
f 751/751/751 749/749/749 747/747/747
f 748/748/748 752/752/752 750/750/750
f 753/753/753 749/749/749 751/751/751
f 750/750/750 752/752/752 754/754/754
f 755/755/755 753/753/753 751/751/751
f 752/752/752 756/756/756 754/754/754
f 757/757/757 753/753/753 755/755/755
f 754/754/754 756/756/756 758/758/758
f 759/759/759 757/757/757 755/755/755
f 756/756/756 760/760/760 758/758/758
f 761/761/761 757/757/757 759/759/759
f 758/758/758 760/760/760 762/762/762
f 763/763/763 761/761/761 759/759/759
f 760/760/760 764/764/764 762/762/762
f 765/765/765 761/761/761 763/763/763
f 762/762/762 764/764/764 766/766/766
f 767/767/767 765/765/765 763/763/763
f 764/764/764 768/768/768 766/766/766
f 768/768/768 765/765/765 767/767/767
f 766/766/766 768/768/768 767/767/767
g SinkMesh_f73808d7
v 2.0189 0.78965 -1.1344
v 2.01351 0.77348 -1.13988
v 2.05093 0.77348 -1.14744
v 2.05633 0.78965 -1.14196
v 2.08266 0.77348 -1.16897
v 2.13209 0.90678 -1.14258
v 2.13209 0.90682 -1.77449
v 2.13209 0.90678 -1.85741
v 2.13209 0.90678 -1.14258
v 2.13209 0.90682 -1.22549
v 2.13209 0.90682 -1.77449
v 1.66792 0.90681 -1.2255
v 1.66792 0.90677 -1.14258
v 1.66792 0.90677 -1.85741
v 1.66792 0.90681 -1.7745
v 1.66792 0.90681 -1.2255
v 1.87148 0.74862 -1.51181
v 1.88344 0.73821 -1.50686
v 1.88207 0.73821 -1.5
v 1.87148 0.74862 -1.48818
v 1.88344 0.73821 -1.49313
v 1.88732 0.73821 -1.48731
v 1.87148 0.74862 -1.48818
v 1.88732 0.73821 -1.48731
v 1.87817 0.74862 -1.47816
v 1.87817 0.74862 -1.47816
v 1.88732 0.73821 -1.48731
v 1.89314 0.73821 -1.48343
v 1.7865 0.77348 -1.13988
v 1.79864 0.76013 -1.15221
v 2.00136 0.76013 -1.15221
v 2.01351 0.77348 -1.13988
v 1.78111 0.78965 -1.1344
v 2.0189 0.78965 -1.1344
v 1.77614 0.80081 -1.12949
v 1.73882 0.80081 -1.13692
v 1.7388 0.897 -1.13692
v 2.02387 0.80081 -1.12949
v 1.77612 0.89691 -1.12949
v 2.05633 0.78965 -1.14196
v 2.05093 0.77348 -1.14744
v 1.73632 0.906 -1.13089
v 1.7031 0.906 -1.15309
v 1.70771 0.897 -1.1577
v 1.7755 0.9059 -1.12309
v 2.02389 0.89691 -1.12949
v 2.0245 0.9059 -1.12309
v 2.06119 0.80081 -1.13692
v 2.0612 0.897 -1.13692
v 2.06369 0.906 -1.13089
v 2.08805 0.78965 -1.16349
v 2.08266 0.77348 -1.16897
v 2.0923 0.80081 -1.1577
v 2.0923 0.897 -1.1577
v 2.09691 0.906 -1.15309
v 1.71196 0.78965 -1.16349
v 1.71735 0.77348 -1.16897
v 1.74908 0.77348 -1.14744
v 1.74368 0.78965 -1.14196
v 1.7865 0.77348 -1.13988
v 1.78111 0.78965 -1.1344
v 1.70771 0.80081 -1.1577
v 1.73882 0.80081 -1.13692
v 1.70771 0.897 -1.1577
v 1.7388 0.897 -1.13692
v 1.68871 0.77348 -1.76078
v 1.70085 0.76013 -1.74845
v 1.70085 0.76013 -1.25154
v 1.68871 0.77348 -1.23921
v 1.71196 0.78965 -1.8365
v 1.71735 0.77348 -1.83102
v 1.69615 0.77348 -1.79879
v 1.69076 0.78965 -1.80427
v 1.68871 0.77348 -1.76078
v 1.68332 0.78965 -1.76626
v 1.68871 0.77348 -1.23921
v 1.68332 0.78965 -1.23373
v 1.69615 0.77348 -1.2012
v 1.6795 0.80081 -1.77386
v 1.69076 0.78965 -1.19572
v 1.71735 0.77348 -1.16897
v 1.71196 0.78965 -1.16349
v 1.6795 0.80081 -1.22613
v 1.68693 0.80081 -1.18881
v 1.70771 0.80081 -1.1577
v 1.68693 0.897 -1.18879
v 1.70771 0.897 -1.1577
v 1.6809 0.906 -1.18631
v 1.7031 0.906 -1.15309
v 1.6731 0.9059 -1.22549
v 1.6795 0.89691 -1.22611
v 1.6731 0.9059 -1.7745
v 1.6795 0.89691 -1.77388
v 1.68693 0.897 -1.8112
v 1.68693 0.80081 -1.81118
v 1.69076 0.78965 -1.80427
v 1.70771 0.80081 -1.84229
v 1.71196 0.78965 -1.8365
v 1.68693 0.80081 -1.81118
v 1.68332 0.78965 -1.76626
v 1.6795 0.80081 -1.77386
v 1.70771 0.897 -1.84229
v 1.68693 0.897 -1.8112
v 1.7031 0.906 -1.8469
v 1.6809 0.906 -1.81368
v 1.6795 0.89691 -1.77388
v 1.6731 0.9059 -1.7745
v 2.01351 0.77348 -1.86011
v 2.00137 0.76013 -1.84778
v 1.79864 0.76013 -1.84778
v 1.7865 0.77348 -1.86011
v 2.0189 0.78965 -1.86559
v 1.78111 0.78965 -1.86559
v 1.74908 0.77348 -1.85255
v 2.02387 0.80081 -1.8705
v 1.74368 0.78965 -1.85803
v 1.71735 0.77348 -1.83102
v 1.71196 0.78965 -1.8365
v 1.77614 0.80081 -1.8705
v 1.73882 0.80081 -1.86307
v 1.70771 0.80081 -1.84229
v 1.7388 0.897 -1.86307
v 1.70771 0.897 -1.84229
v 1.73632 0.906 -1.8691
v 1.7031 0.906 -1.8469
v 1.77551 0.9059 -1.8769
v 1.77612 0.89691 -1.8705
v 2.0245 0.9059 -1.8769
v 2.02389 0.89691 -1.8705
v 2.06369 0.906 -1.8691
v 2.06121 0.897 -1.86307
v 2.06119 0.80081 -1.86307
v 2.08805 0.78965 -1.8365
v 2.08266 0.77348 -1.83102
v 2.05093 0.77348 -1.85255
v 2.05633 0.78965 -1.85803
v 2.01351 0.77348 -1.86011
v 2.0923 0.80081 -1.84229
v 2.0189 0.78965 -1.86559
v 2.06119 0.80081 -1.86307
v 2.02387 0.80081 -1.8705
v 2.0923 0.897 -1.84229
v 2.06121 0.897 -1.86307
v 2.09691 0.906 -1.8469
v 2.06369 0.906 -1.8691
v 2.1113 0.77348 -1.23921
v 2.09916 0.76013 -1.25154
v 2.09916 0.76013 -1.74845
v 2.1113 0.77348 -1.76078
v 2.11669 0.78965 -1.23373
v 2.11669 0.78965 -1.76626
v 2.10386 0.77348 -1.79879
v 2.10925 0.78965 -1.19572
v 2.10386 0.77348 -1.2012
v 2.08805 0.78965 -1.16349
v 2.08266 0.77348 -1.16897
v 2.0923 0.80081 -1.1577
v 2.11308 0.80081 -1.18881
v 2.0923 0.897 -1.1577
v 2.11308 0.897 -1.18879
v 2.12051 0.80081 -1.22613
v 2.12051 0.89691 -1.22611
v 2.11911 0.906 -1.18631
v 2.12691 0.9059 -1.22549
v 2.10925 0.78965 -1.80427
v 2.08266 0.77348 -1.83102
v 2.08805 0.78965 -1.8365
v 2.12051 0.80081 -1.77386
v 2.12051 0.89691 -1.77388
v 2.12691 0.9059 -1.7745
v 2.11308 0.80081 -1.81118
v 2.0923 0.80081 -1.84229
v 2.11308 0.897 -1.8112
v 2.11911 0.906 -1.81368
v 2.0923 0.897 -1.84229
v 2.09691 0.906 -1.8469
v 2.09691 0.906 -1.15309
v 2.0923 0.897 -1.1577
v 2.11308 0.897 -1.18879
v 2.11911 0.906 -1.18631
v 2.10386 0.77348 -1.79879
v 2.1113 0.77348 -1.76078
v 2.09916 0.76013 -1.74845
v 2.09171 0.76013 -1.78646
v 2.08266 0.77348 -1.83102
v 2.07051 0.76013 -1.81868
v 2.05093 0.77348 -1.85255
v 2.08541 0.75746 -1.78236
v 2.03879 0.76013 -1.84021
v 2.01351 0.77348 -1.86011
v 2.00137 0.76013 -1.84778
v 2.03476 0.75746 -1.83381
v 2.09255 0.75746 -1.74557
v 2.09916 0.76013 -1.25154
v 2.06512 0.75746 -1.8132
v 2.0307 0.75078 -1.77824
v 2.04041 0.75078 -1.76348
v 2.01616 0.75078 -1.7881
v 1.99853 0.75746 -1.84107
v 1.99387 0.75078 -1.79257
v 1.80148 0.75746 -1.84107
v 1.79864 0.76013 -1.84778
v 1.80614 0.75078 -1.79257
v 1.76525 0.75746 -1.83381
v 1.76122 0.76013 -1.84021
v 1.78385 0.75078 -1.7881
v 1.7295 0.76013 -1.81868
v 1.71735 0.77348 -1.83102
v 1.69615 0.77348 -1.79879
v 1.7083 0.76013 -1.78646
v 1.68871 0.77348 -1.76078
v 1.70085 0.76013 -1.74845
v 1.7146 0.75746 -1.78236
v 1.73489 0.75746 -1.8132
v 1.76931 0.75078 -1.77824
v 1.7596 0.75078 -1.76348
v 1.874 0.75036 -1.53708
v 1.87898 0.75036 -1.53765
v 1.87076 0.75036 -1.53581
v 1.8686 0.75036 -1.53392
v 1.92103 0.75036 -1.53765
v 1.92601 0.75036 -1.53708
v 1.92925 0.75036 -1.53581
v 1.86761 0.75036 -1.53101
v 1.93141 0.75036 -1.53392
v 1.75521 0.75078 -1.74083
v 1.86761 0.75036 -1.46898
v 2.0448 0.75078 -1.74083
v 1.9324 0.75036 -1.53101
v 1.70746 0.75746 -1.74557
v 1.75521 0.75078 -1.25916
v 1.8686 0.75036 -1.46607
v 1.70746 0.75746 -1.25442
v 1.70085 0.76013 -1.25154
v 1.7596 0.75078 -1.23651
v 1.87076 0.75036 -1.46418
v 2.09255 0.75746 -1.25442
v 1.7146 0.75746 -1.21763
v 1.76931 0.75078 -1.22175
v 1.874 0.75036 -1.46291
v 2.0448 0.75078 -1.25916
v 1.9324 0.75036 -1.46898
v 2.08541 0.75746 -1.21763
v 2.04041 0.75078 -1.23651
v 1.93141 0.75036 -1.46607
v 1.78385 0.75078 -1.21189
v 1.87898 0.75036 -1.46234
v 2.0307 0.75078 -1.22175
v 1.92925 0.75036 -1.46418
v 2.09171 0.76013 -1.21353
v 2.1113 0.77348 -1.23921
v 2.10386 0.77348 -1.2012
v 2.07051 0.76013 -1.18131
v 2.08266 0.77348 -1.16897
v 2.06512 0.75746 -1.18679
v 2.01616 0.75078 -1.21189
v 1.92601 0.75036 -1.46291
v 2.03476 0.75746 -1.16618
v 2.03879 0.76013 -1.15978
v 2.05093 0.77348 -1.14744
v 2.00136 0.76013 -1.15221
v 2.01351 0.77348 -1.13988
v 1.99853 0.75746 -1.15892
v 1.79864 0.76013 -1.15221
v 1.99387 0.75078 -1.20742
v 1.92103 0.75036 -1.46234
v 1.80148 0.75746 -1.15892
v 1.80614 0.75078 -1.20742
v 1.76525 0.75746 -1.16618
v 1.76122 0.76013 -1.15978
v 1.73489 0.75746 -1.18679
v 1.7295 0.76013 -1.18131
v 1.74908 0.77348 -1.14744
v 1.71735 0.77348 -1.16897
v 1.7083 0.76013 -1.21353
v 1.69615 0.77348 -1.2012
v 1.68871 0.77348 -1.23921
v 1.74908 0.77348 -1.85255
v 1.7865 0.77348 -1.86011
v 1.79864 0.76013 -1.84778
v 1.76122 0.76013 -1.84021
v 1.71735 0.77348 -1.83102
v 1.7865 0.77348 -1.13988
v 1.74908 0.77348 -1.14744
v 1.76122 0.76013 -1.15978
v 1.79864 0.76013 -1.15221
v 2.16915 0.8995 -1.91914
v 2.16266 0.657 -1.92347
v 2.16915 0.657 -1.91914
v 2.16266 0.8995 -1.92347
v 2.16915 0.90687 -1.91914
v 2.16266 0.90687 -1.92347
v 2.155 0.657 -1.925
v 2.155 0.8995 -1.925
v 2.15501 0.90687 -1.925
v 1.645 0.90687 -1.925
v 1.645 0.8995 -1.925
v 1.645 0.657 -1.925
v 1.63735 0.657 -1.92347
v 1.63735 0.8995 -1.92347
v 1.63735 0.90687 -1.92347
v 1.63086 0.8995 -1.91914
v 1.63086 0.90687 -1.91914
v 1.63735 0.8995 -1.92347
v 1.63086 0.657 -1.91914
v 1.63735 0.657 -1.92347
v 1.63086 0.8995 -1.91914
v 1.63086 0.8995 -1.91914
v 1.62653 0.657 -1.91265
v 1.63086 0.657 -1.91914
v 1.62653 0.8995 -1.91265
v 1.63086 0.90687 -1.91914
v 1.62653 0.90687 -1.91265
v 1.625 0.657 -1.90499
v 1.625 0.8995 -1.90499
v 1.625 0.90687 -1.905
v 1.625 0.90687 -1.09499
v 1.625 0.8995 -1.09499
v 1.625 0.657 -1.09499
v 1.62653 0.657 -1.08734
v 1.62653 0.8995 -1.08734
v 1.63086 0.657 -1.08085
v 1.62653 0.90687 -1.08734
v 1.63086 0.8995 -1.08085
v 1.63086 0.90687 -1.08085
v 1.63086 0.8995 -1.08085
v 1.63735 0.657 -1.07652
v 1.63086 0.657 -1.08085
v 1.63735 0.8995 -1.07652
v 1.63086 0.90687 -1.08085
v 1.63735 0.90687 -1.07652
v 1.645 0.657 -1.07499
v 1.645 0.8995 -1.07499
v 1.645 0.90687 -1.07499
v 2.15501 0.90687 -1.07499
v 2.155 0.8995 -1.07499
v 2.155 0.657 -1.07499
v 2.16266 0.657 -1.07652
v 2.16266 0.8995 -1.07652
v 2.16266 0.90687 -1.07652
v 2.16915 0.657 -1.08085
v 2.16906 0.8995 -1.08091
v 2.16906 0.8995 -1.08091
v 2.16266 0.8995 -1.07652
v 2.16266 0.90687 -1.07652
v 2.16911 0.9069 -1.08088
v 2.17348 0.657 -1.08734
v 2.175 0.657 -1.09499
v 2.175 0.657 -1.90499
v 2.17348 0.657 -1.91265
v 2.16915 0.657 -1.08085
v 2.16915 0.657 -1.91914
v 2.16266 0.657 -1.07652
v 2.16266 0.657 -1.92347
v 2.155 0.657 -1.07499
v 2.155 0.657 -1.925
v 1.645 0.657 -1.07499
v 1.645 0.657 -1.925
v 1.63735 0.657 -1.07652
v 1.63735 0.657 -1.92347
v 1.63086 0.657 -1.08085
v 1.63086 0.657 -1.91914
v 1.62653 0.657 -1.08734
v 1.62653 0.657 -1.91265
v 1.625 0.657 -1.09499
v 1.625 0.657 -1.90499
v 2.17348 0.657 -1.08734
v 2.16915 0.657 -1.08085
v 2.16906 0.8995 -1.08091
v 2.1734 0.8995 -1.0874
v 2.16911 0.9069 -1.08088
v 2.17344 0.9069 -1.08737
v 2.175 0.657 -1.09499
v 2.17491 0.8995 -1.09499
v 2.17496 0.9069 -1.09499
v 2.17496 0.9069 -1.905
v 2.17491 0.8995 -1.90499
v 2.175 0.657 -1.90499
v 2.17348 0.657 -1.91265
v 2.17348 0.8995 -1.91265
v 2.16915 0.657 -1.91914
v 2.17348 0.90687 -1.91265
v 2.16915 0.8995 -1.91914
v 2.16915 0.90687 -1.91914
v 2.12538 0.90587 -1.86455
v 2.12691 0.90587 -1.8569
v 2.12691 0.9059 -1.7745
v 2.11911 0.906 -1.81368
v 2.12105 0.90587 -1.87104
v 2.11456 0.90587 -1.87537
v 2.09691 0.906 -1.8469
v 2.10691 0.90587 -1.8769
v 2.06369 0.906 -1.8691
v 2.0245 0.9059 -1.8769
v 1.6931 0.90587 -1.8769
v 1.77551 0.9059 -1.8769
v 1.73632 0.906 -1.8691
v 1.7031 0.906 -1.8469
v 1.6809 0.906 -1.81368
v 1.68545 0.90587 -1.87537
v 1.67896 0.90587 -1.87104
v 1.6731 0.9059 -1.7745
v 1.67463 0.90587 -1.86455
v 1.6731 0.90587 -1.8569
v 1.67463 0.90587 -1.13544
v 1.6731 0.90587 -1.14309
v 1.6731 0.9059 -1.22549
v 1.67896 0.90587 -1.12895
v 1.6809 0.906 -1.18631
v 1.68545 0.90587 -1.12462
v 1.6931 0.90587 -1.12309
v 1.7031 0.906 -1.15309
v 1.73632 0.906 -1.13089
v 1.7755 0.9059 -1.12309
v 2.10691 0.90587 -1.12309
v 2.0245 0.9059 -1.12309
v 2.06369 0.906 -1.13089
v 2.09691 0.906 -1.15309
v 2.11456 0.90587 -1.12462
v 2.11911 0.906 -1.18631
v 2.12105 0.90587 -1.12895
v 2.12538 0.90587 -1.13544
v 2.12691 0.9059 -1.22549
v 2.12691 0.90587 -1.14309
v 1.94712 0.75 -1.48048
v 1.951 0.75 -1.5
v 1.94712 0.75 -1.51951
v 1.93607 0.75 -1.46393
v 1.93607 0.75 -1.53606
v 1.91952 0.75 -1.45288
v 1.91952 0.75 -1.54711
v 1.9 0.75 -1.449
v 1.9 0.75 -1.55099
v 1.88049 0.75 -1.45288
v 1.88049 0.75 -1.54711
v 1.86394 0.75 -1.46393
v 1.86394 0.75 -1.53606
v 1.85289 0.75 -1.48048
v 1.85289 0.75 -1.51951
v 1.84901 0.75 -1.5
v 1.9 0.75209 -1.532
v 1.91225 0.75209 -1.52957
v 1.91182 0.74862 -1.52852
v 1.9 0.74862 -1.53087
v 1.88776 0.75209 -1.52957
v 1.88819 0.74862 -1.52852
v 1.87737 0.75209 -1.52263
v 1.87817 0.74862 -1.52183
v 1.91225 0.75209 -1.52957
v 1.92184 0.74862 -1.52183
v 1.91182 0.74862 -1.52852
v 1.92264 0.75209 -1.52263
v 1.92853 0.74862 -1.51181
v 1.92958 0.75209 -1.51224
v 1.93088 0.74862 -1.5
v 1.93201 0.75209 -1.5
v 1.92853 0.74862 -1.48818
v 1.92958 0.75209 -1.48775
v 1.92958 0.75209 -1.48775
v 1.92184 0.74862 -1.47816
v 1.92853 0.74862 -1.48818
v 1.92264 0.75209 -1.47736
v 1.91182 0.74862 -1.47147
v 1.91225 0.75209 -1.47042
v 1.9 0.74862 -1.46912
v 1.9 0.75209 -1.46799
v 1.9 0.75209 -1.46799
v 1.88819 0.74862 -1.47147
v 1.9 0.74862 -1.46912
v 1.88776 0.75209 -1.47042
v 1.87817 0.74862 -1.47816
v 1.88776 0.75209 -1.47042
v 1.87737 0.75209 -1.47736
v 1.87817 0.74862 -1.47816
v 1.87148 0.74862 -1.48818
v 1.87043 0.75209 -1.48775
v 1.87043 0.75209 -1.48775
v 1.86913 0.74862 -1.5
v 1.87148 0.74862 -1.48818
v 1.868 0.75209 -1.5
v 1.87148 0.74862 -1.51181
v 1.87043 0.75209 -1.51224
v 1.87043 0.75209 -1.51224
v 1.87817 0.74862 -1.52183
v 1.87148 0.74862 -1.51181
v 1.87737 0.75209 -1.52263
v 1.951 0.75 -1.5
v 1.94341 0.75401 -1.51798
v 1.94712 0.75 -1.51951
v 1.94699 0.75401 -1.5
v 1.94712 0.75 -1.48048
v 1.94341 0.75401 -1.48201
v 1.93607 0.75 -1.46393
v 1.93323 0.75401 -1.46677
v 1.91952 0.75 -1.45288
v 1.91799 0.75401 -1.45659
v 1.9 0.75 -1.449
v 1.9 0.75401 -1.45301
v 1.88049 0.75 -1.45288
v 1.9 0.75401 -1.45301
v 1.9 0.75 -1.449
v 1.88202 0.75401 -1.45659
v 1.86394 0.75 -1.46393
v 1.86678 0.75401 -1.46677
v 1.85289 0.75 -1.48048
v 1.88776 0.75209 -1.47042
v 1.9 0.75209 -1.46799
v 1.91225 0.75209 -1.47042
v 1.91799 0.75401 -1.45659
v 1.92264 0.75209 -1.47736
v 1.93323 0.75401 -1.46677
v 1.92958 0.75209 -1.48775
v 1.94341 0.75401 -1.48201
v 1.93201 0.75209 -1.5
v 1.94699 0.75401 -1.5
v 1.92958 0.75209 -1.51224
v 1.8566 0.75401 -1.48201
v 1.94341 0.75401 -1.51798
v 1.84901 0.75 -1.5
v 1.92264 0.75209 -1.52263
v 1.85302 0.75401 -1.5
v 1.87043 0.75209 -1.48775
v 1.85289 0.75 -1.51951
v 1.868 0.75209 -1.5
v 1.93323 0.75401 -1.53322
v 1.94712 0.75 -1.51951
v 1.91225 0.75209 -1.52957
v 1.93607 0.75 -1.53606
v 1.8566 0.75401 -1.51798
v 1.86394 0.75 -1.53606
v 1.87043 0.75209 -1.51224
v 1.91799 0.75401 -1.5434
v 1.9 0.75209 -1.532
v 1.91952 0.75 -1.54711
v 1.86678 0.75401 -1.53322
v 1.88049 0.75 -1.54711
v 1.87737 0.75209 -1.52263
v 1.9 0.75401 -1.54698
v 1.88776 0.75209 -1.52957
v 1.9 0.75 -1.55099
v 1.88202 0.75401 -1.5434
v 1.87737 0.75209 -1.47736
v 1.8566 0.75401 -1.48201
v 1.87043 0.75209 -1.48775
v 1.86678 0.75401 -1.46677
v 1.88776 0.75209 -1.47042
v 1.91657 0.659 -1.50686
v 1.91794 0.659 -1.5
v 1.91657 0.659 -1.49313
v 1.91269 0.659 -1.51268
v 1.91269 0.659 -1.48731
v 1.90687 0.659 -1.51656
v 1.90687 0.659 -1.48343
v 1.9 0.659 -1.51793
v 1.9 0.659 -1.48206
v 1.89314 0.659 -1.51656
v 1.89314 0.659 -1.48343
v 1.88732 0.659 -1.51268
v 1.88732 0.659 -1.48731
v 1.88344 0.659 -1.50686
v 1.88344 0.659 -1.49313
v 1.88207 0.659 -1.5
v 1.92184 0.74862 -1.52183
v 1.90687 0.73821 -1.51656
v 1.91182 0.74862 -1.52852
v 1.91269 0.73821 -1.51268
v 1.92853 0.74862 -1.51181
v 1.91657 0.73821 -1.50686
v 1.93088 0.74862 -1.5
v 1.91794 0.73821 -1.5
v 1.91182 0.74862 -1.52852
v 1.90687 0.73821 -1.51656
v 1.9 0.73821 -1.51793
v 1.9 0.74862 -1.53087
v 1.89314 0.73821 -1.51656
v 1.88819 0.74862 -1.52852
v 1.88732 0.73821 -1.51268
v 1.87817 0.74862 -1.52183
v 1.87817 0.74862 -1.52183
v 1.88732 0.73821 -1.51268
v 1.88344 0.73821 -1.50686
v 1.87148 0.74862 -1.51181
v 1.87148 0.74862 -1.51181
v 1.88207 0.73821 -1.5
v 1.86913 0.74862 -1.5
v 1.88344 0.73821 -1.49313
v 1.87148 0.74862 -1.48818
v 1.87817 0.74862 -1.47816
v 1.89314 0.73821 -1.48343
v 1.88819 0.74862 -1.47147
v 1.9 0.73821 -1.48206
v 1.9 0.74862 -1.46912
v 1.90687 0.73821 -1.48343
v 1.91182 0.74862 -1.47147
v 1.91269 0.73821 -1.48731
v 1.92184 0.74862 -1.47816
v 1.91657 0.73821 -1.49313
v 1.92853 0.74862 -1.48818
v 1.91794 0.73821 -1.5
v 1.93088 0.74862 -1.5
v 1.88344 0.73821 -1.49313
v 1.88732 0.659 -1.48731
v 1.88732 0.73821 -1.48731
v 1.88344 0.659 -1.49313
v 1.88207 0.73821 -1.5
v 1.88207 0.659 -1.5
v 1.88344 0.73821 -1.50686
v 1.88207 0.659 -1.5
v 1.88207 0.73821 -1.5
v 1.88344 0.659 -1.50686
v 1.88732 0.73821 -1.51268
v 1.88732 0.659 -1.51268
v 1.88732 0.73821 -1.48731
v 1.88732 0.659 -1.48731
v 1.89314 0.659 -1.48343
v 1.89314 0.73821 -1.48343
v 1.9 0.659 -1.48206
v 1.9 0.73821 -1.48206
v 1.90687 0.659 -1.48343
v 1.90687 0.73821 -1.48343
v 1.90687 0.73821 -1.48343
v 1.90687 0.659 -1.48343
v 1.91269 0.659 -1.48731
v 1.91269 0.73821 -1.48731
v 1.91269 0.73821 -1.48731
v 1.91269 0.659 -1.48731
v 1.91657 0.659 -1.49313
v 1.91657 0.73821 -1.49313
v 1.91794 0.659 -1.5
v 1.91794 0.73821 -1.5
v 1.91657 0.659 -1.50686
v 1.91794 0.73821 -1.5
v 1.91657 0.659 -1.50686
v 1.91657 0.73821 -1.50686
v 1.91269 0.659 -1.51268
v 1.91269 0.73821 -1.51268
v 1.91269 0.73821 -1.51268
v 1.91269 0.659 -1.51268
v 1.90687 0.659 -1.51656
v 1.90687 0.73821 -1.51656
v 1.90687 0.73821 -1.51656
v 1.90687 0.659 -1.51656
v 1.9 0.659 -1.51793
v 1.9 0.73821 -1.51793
v 1.89314 0.659 -1.51656
v 1.89314 0.73821 -1.51656
v 1.88732 0.659 -1.51268
v 1.88732 0.73821 -1.51268
v 1.64552 0.90757 -1.08021
v 2.0245 0.90681 -1.11791
v 2.10742 0.90677 -1.11791
v 1.7755 0.90681 -1.11791
v 1.69259 0.90677 -1.11791
v 1.63938 0.90759 -1.08142
v 1.68343 0.90676 -1.11973
v 1.63462 0.90759 -1.08461
v 1.67522 0.90675 -1.12521
v 1.63143 0.90759 -1.08937
v 1.66974 0.90676 -1.13342
v 1.63022 0.90757 -1.09551
v 1.66792 0.90677 -1.14258
v 1.63022 0.90757 -1.90448
v 1.66792 0.90677 -1.85741
v 1.66974 0.90676 -1.86657
v 1.63143 0.90759 -1.91062
v 1.67522 0.90675 -1.87478
v 1.63462 0.90759 -1.91538
v 1.68343 0.90676 -1.88026
v 1.63938 0.90759 -1.91857
v 1.69259 0.90677 -1.88208
v 1.64552 0.90757 -1.91978
v 1.77551 0.90681 -1.88208
v 2.02451 0.90681 -1.88208
v 2.10742 0.90677 -1.88208
v 1.625 0.90687 -1.905
v 1.62653 0.90687 -1.91265
v 1.625 0.90687 -1.09499
v 1.63086 0.90687 -1.91914
v 1.63735 0.90687 -1.92347
v 1.62653 0.90687 -1.08734
v 1.645 0.90687 -1.925
v 1.63086 0.90687 -1.08085
v 1.63735 0.90687 -1.07652
v 2.15501 0.90687 -1.925
v 1.645 0.90687 -1.07499
v 2.15449 0.90757 -1.91978
v 2.16266 0.90687 -1.92347
v 2.15449 0.90757 -1.08021
v 2.15501 0.90687 -1.07499
v 2.16063 0.90759 -1.91857
v 2.16915 0.90687 -1.91914
v 2.11658 0.90676 -1.88026
v 2.16061 0.90759 -1.08142
v 2.16266 0.90687 -1.07652
v 2.11658 0.90676 -1.11973
v 2.16539 0.90759 -1.91538
v 2.17348 0.90687 -1.91265
v 2.12479 0.90675 -1.87478
v 2.16534 0.90762 -1.08462
v 2.16911 0.9069 -1.08088
v 2.12479 0.90675 -1.12521
v 2.16856 0.90758 -1.91063
v 2.17496 0.9069 -1.905
v 2.13027 0.90676 -1.86657
v 2.16853 0.90762 -1.0894
v 2.17344 0.9069 -1.08737
v 2.13027 0.90676 -1.13342
v 2.16974 0.90759 -1.9045
v 2.13209 0.90678 -1.85741
v 2.17496 0.9069 -1.09499
v 2.13209 0.90678 -1.14258
v 2.16974 0.9076 -1.09551
v 2.12538 0.90587 -1.86455
v 2.13209 0.90678 -1.85741
v 2.12691 0.90587 -1.8569
v 2.13027 0.90676 -1.86657
v 2.13209 0.90682 -1.77449
v 2.12105 0.90587 -1.87104
v 2.12691 0.9059 -1.7745
v 2.12479 0.90675 -1.87478
v 2.13209 0.90682 -1.22549
v 2.11456 0.90587 -1.87537
v 2.12691 0.9059 -1.22549
v 2.11658 0.90676 -1.88026
v 2.13209 0.90678 -1.14258
v 2.10691 0.90587 -1.8769
v 2.12691 0.90587 -1.14309
v 2.10742 0.90677 -1.88208
v 2.13027 0.90676 -1.13342
v 2.0245 0.9059 -1.8769
v 2.12538 0.90587 -1.13544
v 2.02451 0.90681 -1.88208
v 2.12479 0.90675 -1.12521
v 1.77551 0.9059 -1.8769
v 2.12105 0.90587 -1.12895
v 1.77551 0.90681 -1.88208
v 2.11658 0.90676 -1.11973
v 1.6931 0.90587 -1.8769
v 2.11456 0.90587 -1.12462
v 1.69259 0.90677 -1.88208
v 2.10742 0.90677 -1.11791
v 1.68545 0.90587 -1.87537
v 2.10691 0.90587 -1.12309
v 1.68343 0.90676 -1.88026
v 2.0245 0.90681 -1.11791
v 1.67896 0.90587 -1.87104
v 2.0245 0.9059 -1.12309
v 1.67522 0.90675 -1.87478
v 1.7755 0.90681 -1.11791
v 1.67463 0.90587 -1.86455
v 1.7755 0.9059 -1.12309
v 1.66974 0.90676 -1.86657
v 1.69259 0.90677 -1.11791
v 1.6731 0.90587 -1.8569
v 1.6931 0.90587 -1.12309
v 1.66792 0.90677 -1.85741
v 1.68343 0.90676 -1.11973
v 1.6731 0.9059 -1.7745
v 1.68545 0.90587 -1.12462
v 1.66792 0.90681 -1.7745
v 1.67522 0.90675 -1.12521
v 1.6731 0.9059 -1.22549
v 1.67896 0.90587 -1.12895
v 1.66792 0.90681 -1.2255
v 1.66974 0.90676 -1.13342
v 1.6731 0.90587 -1.14309
v 1.67463 0.90587 -1.13544
v 1.66792 0.90677 -1.14258
vn 1.885213 0.2141198 -2.035974
vn 1.884555 0.2793286 -2.005045
vn 1.719535 0.3506924 -1.92164
vn 1.699335 0.2597718 -1.974958
vn 1.581187 0.364796 -1.814031
vn 2.476293 0.0349256 -1.5
vn 2.476298 0.03484848 -1.5
vn 2.476298 0.03484849 -1.5
vn 2.476293 0.0349256 -1.5
vn 2.476293 0.0349256 -1.5
vn 2.476298 0.03484848 -1.5
vn 1.323383 0.02908519 -1.5
vn 1.323383 0.02908519 -1.5
vn 1.323379 0.0290198 -1.5
vn 1.323379 0.0290198 -1.5
vn 1.323383 0.02908519 -1.5
vn 2.280638 0.4031636 -1.339043
vn 2.424579 0.0999814 -1.28056
vn 2.468624 0.09997956 -1.498002
vn 2.282963 0.4031672 -1.655334
vn 2.426105 0.0999792 -1.715758
vn 2.303485 0.09998186 -1.90067
vn 2.282963 0.4031672 -1.655334
vn 2.303485 0.09998186 -1.90067
vn 2.194362 0.4031716 -1.790064
vn 2.194362 0.4031716 -1.790064
vn 2.303485 0.09998186 -1.90067
vn 2.11943 0.09998147 -2.024583
vn 1.916289 0.2779412 -2.005783
vn 1.907873 0.4306157 -1.884502
vn 1.892766 0.4282739 -1.887121
vn 1.884555 0.2793286 -2.005045
vn 1.915257 0.2143005 -2.035888
vn 1.885213 0.2141198 -2.035974
vn 1.915679 0.02205208 -2.076716
vn 2.121072 0.03331457 -2.032307
vn 2.120007 0.03915698 -2.032351
vn 1.884348 0.02271351 -2.076691
vn 1.915092 0.03649982 -2.075998
vn 1.699335 0.2597718 -1.974958
vn 1.719535 0.3506924 -1.92164
vn 2.080999 0.3388687 -1.930976
vn 2.232269 0.3388944 -1.828758
vn 2.307516 0.03909113 -1.907107
vn 1.912885 0.3351482 -1.969939
vn 1.884955 0.03644627 -2.076002
vn 1.887595 0.3351321 -1.969964
vn 1.678652 0.03389527 -2.032156
vn 1.680493 0.03887503 -2.032578
vn 1.722979 0.3389044 -1.932598
vn 1.53726 0.2757464 -1.854566
vn 1.581187 0.364796 -1.814031
vn 1.492797 0.03634728 -1.907674
vn 1.492895 0.03909076 -1.907518
vn 1.571241 0.3388915 -1.83227
vn 2.261659 0.2766785 -1.854944
vn 2.218811 0.3647974 -1.814032
vn 2.080467 0.3506951 -1.921637
vn 2.099947 0.2601905 -1.975032
vn 1.916289 0.2779412 -2.005783
vn 1.915257 0.2143005 -2.035888
vn 2.307047 0.03606605 -1.907854
vn 2.121072 0.03331457 -2.032307
vn 2.307516 0.03909113 -1.907107
vn 2.120007 0.03915698 -2.032351
vn 2.411789 0.2671085 -1.492341
vn 2.292199 0.4236767 -1.496616
vn 2.293262 0.4226905 -1.503253
vn 2.411302 0.2680444 -1.507455
vn 2.262738 0.27575 -1.145435
vn 2.218809 0.3647979 -1.185967
vn 2.325001 0.3486339 -1.323472
vn 2.383216 0.2497163 -1.30641
vn 2.411789 0.2671085 -1.492341
vn 2.446048 0.1874036 -1.49327
vn 2.411302 0.2680444 -1.507455
vn 2.446058 0.1873796 -1.50658
vn 2.325 0.3486355 -1.676526
vn 2.477108 0.01479084 -1.492155
vn 2.38258 0.2505933 -1.694044
vn 2.218811 0.3647974 -1.814032
vn 2.261659 0.2766785 -1.854944
vn 2.477099 0.01512411 -1.507832
vn 2.43187 0.0327966 -1.722199
vn 2.307047 0.03606605 -1.907854
vn 2.432564 0.03889858 -1.719536
vn 2.307516 0.03909113 -1.907107
vn 2.3326 0.3389016 -1.677021
vn 2.232269 0.3388944 -1.828758
vn 2.370257 0.3348956 -1.506065
vn 2.476158 0.03634781 -1.507331
vn 2.370245 0.3349078 -1.493696
vn 2.476157 0.03636945 -1.492642
vn 2.432351 0.03915643 -1.279993
vn 2.431904 0.03267165 -1.277864
vn 2.383216 0.2497163 -1.30641
vn 2.307203 0.03634736 -1.092326
vn 2.262738 0.27575 -1.145435
vn 2.431904 0.03267165 -1.277864
vn 2.446048 0.1874036 -1.49327
vn 2.477108 0.01479084 -1.492155
vn 2.307105 0.0390897 -1.092481
vn 2.432351 0.03915643 -1.279993
vn 2.228761 0.338885 -1.167726
vn 2.330977 0.3388681 -1.319001
vn 2.476157 0.03636945 -1.492642
vn 2.370245 0.3349078 -1.493696
vn 1.88371 0.2779426 -0.9942175
vn 1.892126 0.4306125 -1.115495
vn 1.907234 0.4282736 -1.112879
vn 1.915444 0.2793301 -0.9949559
vn 1.884744 0.2142957 -0.9641101
vn 1.914787 0.2141211 -0.9640272
vn 2.080467 0.3506924 -1.078361
vn 1.884322 0.02204942 -0.9232839
vn 2.100665 0.2597726 -1.025042
vn 2.218809 0.3647979 -1.185967
vn 2.262738 0.27575 -1.145435
vn 1.915663 0.02270854 -0.923309
vn 2.121303 0.03387384 -0.9678241
vn 2.307203 0.03634736 -1.092326
vn 2.119535 0.03889927 -0.9674358
vn 2.307105 0.0390897 -1.092481
vn 2.07702 0.3389009 -1.067399
vn 2.228761 0.338885 -1.167726
vn 1.912405 0.3351382 -1.030041
vn 1.915038 0.03645435 -0.9239979
vn 1.887116 0.3351386 -1.030054
vn 1.884908 0.0364974 -0.9240021
vn 1.718997 0.3388633 -1.069021
vn 1.679994 0.03915488 -0.9676486
vn 1.67893 0.03331466 -0.967692
vn 1.538339 0.2766766 -1.145056
vn 1.581188 0.364795 -1.185967
vn 1.719534 0.3506944 -1.078362
vn 1.700053 0.260197 -1.024971
vn 1.88371 0.2779426 -0.9942175
vn 1.492952 0.03606641 -1.092146
vn 1.884744 0.2142957 -0.9641101
vn 1.67893 0.03331466 -0.967692
vn 1.884322 0.02204942 -0.9232839
vn 1.492481 0.03909041 -1.092896
vn 1.679994 0.03915488 -0.9676486
vn 1.567729 0.3388916 -1.171242
vn 1.718997 0.3388633 -1.069021
vn 1.388209 0.2671053 -1.507659
vn 1.507797 0.4236731 -1.503384
vn 1.506732 0.4226854 -1.496747
vn 1.388696 0.2680411 -1.492545
vn 1.353953 0.1874058 -1.50673
vn 1.353943 0.1873817 -1.49342
vn 1.475 0.3486368 -1.323476
vn 1.416785 0.2497196 -1.693589
vn 1.475001 0.3486369 -1.676525
vn 1.53726 0.2757464 -1.854566
vn 1.581187 0.364796 -1.814031
vn 1.492797 0.03634728 -1.907674
vn 1.368115 0.03269232 -1.722179
vn 1.492895 0.03909076 -1.907518
vn 1.367635 0.03913387 -1.719977
vn 1.322892 0.01479284 -1.507839
vn 1.323843 0.0363689 -1.507362
vn 1.469028 0.3388761 -1.680996
vn 1.429767 0.3349244 -1.506304
vn 1.417419 0.2505948 -1.30596
vn 1.581188 0.364795 -1.185967
vn 1.538339 0.2766766 -1.145056
vn 1.322901 0.01512408 -1.492168
vn 1.323842 0.03635068 -1.492669
vn 1.429754 0.3349116 -1.493935
vn 1.368131 0.03279607 -1.277799
vn 1.492952 0.03606641 -1.092146
vn 1.367435 0.03890063 -1.280468
vn 1.467406 0.3389116 -1.322984
vn 1.492481 0.03909041 -1.092896
vn 1.567729 0.3388916 -1.171242
vn 1.571241 0.3388915 -1.83227
vn 1.492895 0.03909076 -1.907518
vn 1.367635 0.03913387 -1.719977
vn 1.469028 0.3388761 -1.680996
vn 1.475 0.3486368 -1.323476
vn 1.388696 0.2680411 -1.492545
vn 1.506732 0.4226854 -1.496747
vn 1.585254 0.4693204 -1.38165
vn 1.581188 0.364795 -1.185967
vn 1.672499 0.4812379 -1.276423
vn 1.719534 0.3506944 -1.078362
vn 1.80659 0.5685794 -1.463595
vn 1.778823 0.4711371 -1.189067
vn 1.88371 0.2779426 -0.9942175
vn 1.892126 0.4306125 -1.115495
vn 1.861661 0.5687723 -1.408559
vn 1.797453 0.568169 -1.498845
vn 1.507797 0.4236731 -1.503384
vn 1.829284 0.5688808 -1.431392
vn 1.885726 0.5770241 -1.486861
vn 1.878597 0.5769026 -1.492354
vn 1.892891 0.5770702 -1.48349
vn 1.897084 0.5685322 -1.399522
vn 1.899548 0.5770911 -1.482714
vn 1.902638 0.5685023 -1.399345
vn 1.907234 0.4282736 -1.112879
vn 1.900342 0.5771157 -1.483552
vn 1.936924 0.5687615 -1.407912
vn 2.021177 0.4711369 -1.189067
vn 1.905994 0.5770869 -1.483632
vn 2.1275 0.4812381 -1.276423
vn 2.218809 0.3647979 -1.185967
vn 2.325001 0.3486339 -1.323472
vn 2.214745 0.4693216 -1.381652
vn 2.411789 0.2671085 -1.492341
vn 2.292199 0.4236767 -1.496616
vn 1.992726 0.5685992 -1.462183
vn 1.969556 0.5688866 -1.430263
vn 1.913316 0.5770254 -1.485944
vn 1.921512 0.5768783 -1.490952
vn 1.90019 0.5773494 -1.499111
vn 1.900004 0.5773494 -1.499054
vn 1.900492 0.5773494 -1.499214
vn 1.90101 0.5773489 -1.499439
vn 1.899987 0.5773494 -1.499056
vn 1.899781 0.5773494 -1.499111
vn 1.899477 0.5773494 -1.499212
vn 1.902124 0.5773462 -1.499987
vn 1.898927 0.5773489 -1.499451
vn 1.946901 0.5754418 -1.499465
vn 1.902144 0.5773461 -1.500002
vn 1.855738 0.5756509 -1.499596
vn 1.897856 0.5773461 -1.499998
vn 2.002503 0.5681767 -1.498731
vn 1.944262 0.5756509 -1.500404
vn 1.901071 0.5773489 -1.500548
vn 2.002547 0.5681689 -1.501155
vn 2.293262 0.4226905 -1.503253
vn 1.921402 0.5769026 -1.507646
vn 1.900506 0.5773494 -1.500788
vn 1.7975 0.5681772 -1.501269
vn 1.99341 0.5685794 -1.536405
vn 1.914274 0.5770241 -1.513139
vn 1.900212 0.5773494 -1.500889
vn 1.8531 0.5754418 -1.500535
vn 1.897876 0.5773462 -1.500013
vn 1.807275 0.5685992 -1.537817
vn 1.87849 0.5768784 -1.509047
vn 1.898976 0.5773489 -1.500561
vn 1.907109 0.5770702 -1.51651
vn 1.900012 0.5773494 -1.500944
vn 1.886685 0.5770254 -1.514056
vn 1.899508 0.5773494 -1.500786
vn 1.585252 0.4693193 -1.618349
vn 1.388209 0.2671053 -1.507659
vn 1.475001 0.3486369 -1.676525
vn 1.6725 0.4812396 -1.723575
vn 1.581187 0.364796 -1.814031
vn 1.830444 0.5688866 -1.569737
vn 1.894007 0.5770869 -1.516368
vn 1.89981 0.5773494 -1.500889
vn 1.863077 0.5687615 -1.592088
vn 1.778823 0.4711362 -1.810935
vn 1.719535 0.3506924 -1.92164
vn 1.892766 0.4282739 -1.887121
vn 1.884555 0.2793286 -2.005045
vn 1.897362 0.5685021 -1.600656
vn 1.907873 0.4306157 -1.884502
vn 1.899658 0.5771157 -1.516448
vn 1.899996 0.5773494 -1.500946
vn 1.902916 0.5685323 -1.600477
vn 1.900452 0.5770911 -1.517286
vn 1.938339 0.5687723 -1.59144
vn 2.021176 0.4711376 -1.810932
vn 1.970716 0.5688808 -1.568608
vn 2.127504 0.4812357 -1.723578
vn 2.080467 0.3506951 -1.921637
vn 2.218811 0.3647974 -1.814032
vn 2.214746 0.4693209 -1.618348
vn 2.325 0.3486355 -1.676526
vn 2.411302 0.2680444 -1.507455
vn 2.080467 0.3506924 -1.078361
vn 1.915444 0.2793301 -0.9949559
vn 1.907234 0.4282736 -1.112879
vn 2.021177 0.4711369 -1.189067
vn 2.218809 0.3647979 -1.185967
vn 1.916289 0.2779412 -2.005783
vn 2.080467 0.3506951 -1.921637
vn 2.021176 0.4711376 -1.810932
vn 1.907873 0.4306157 -1.884502
vn 2.308253 -4.137691E-06 -1.908243
vn 2.12093 -5.411226E-17 -2.033407
vn 2.308231 -9.998781E-17 -1.908265
vn 2.120941 -4.623654E-06 -2.033403
vn 2.30823 -0.0001478447 -1.908267
vn 2.120955 -0.0001869104 -2.033397
vn 1.901698 -4.159136E-19 -2.077348
vn 1.901698 -6.176949E-06 -2.077348
vn 1.901699 -0.0002102232 -2.077348
vn 1.898302 -0.0001800054 -2.077348
vn 1.898302 -5.299079E-06 -2.077348
vn 1.898302 4.159135E-19 -2.077348
vn 1.679062 5.411424E-17 -2.033404
vn 1.679059 -4.837074E-06 -2.033403
vn 1.679053 -0.0001715692 -2.033401
vn 1.491758 -4.615193E-06 -1.908254
vn 1.491758 -0.0001640459 -1.908255
vn 1.679059 -4.837074E-06 -2.033403
vn 1.491754 9.999149E-17 -1.908251
vn 1.679062 5.411424E-17 -2.033404
vn 1.491758 -4.615193E-06 -1.908254
vn 1.491758 -4.615193E-06 -1.908254
vn 1.366595 1.306465E-16 -1.720937
vn 1.491754 9.999149E-17 -1.908251
vn 1.366593 -4.779505E-06 -1.720931
vn 1.491758 -0.0001640459 -1.908255
vn 1.366602 -0.0001715018 -1.720952
vn 1.322651 1.414098E-16 -1.501075
vn 1.322651 -5.989766E-06 -1.501075
vn 1.322651 -0.0002033347 -1.501075
vn 1.322651 -0.0002031691 -1.498925
vn 1.322651 -5.993842E-06 -1.498925
vn 1.322651 1.414098E-16 -1.498925
vn 1.366594 1.306469E-16 -1.279068
vn 1.366596 -5.204023E-06 -1.279061
vn 1.491752 9.999197E-17 -1.091752
vn 1.366601 -0.0001661433 -1.27905
vn 1.491748 -4.602475E-06 -1.091755
vn 1.491751 -0.0001523286 -1.091752
vn 1.491748 -4.602475E-06 -1.091755
vn 1.679057 5.411546E-17 -0.9665981
vn 1.491752 9.999197E-17 -1.091752
vn 1.679059 -4.837006E-06 -0.9665971
vn 1.491751 -0.0001523286 -1.091752
vn 1.67904 -0.0001715699 -0.9666051
vn 1.898302 4.159132E-19 -0.9226521
vn 1.898302 -5.749163E-06 -0.9226521
vn 1.898301 -0.0001952072 -0.9226522
vn 1.901698 -0.0001961292 -0.9226522
vn 1.901698 -5.789546E-06 -0.9226521
vn 1.901698 -4.159134E-19 -0.9226521
vn 2.120943 -5.411546E-17 -0.966598
vn 2.123782 0.0001020133 -0.9677827
vn 2.123435 -0.001052863 -0.9676383
vn 2.308317 0.000124047 -1.09182
vn 2.310825 0.0001359798 -1.094344
vn 2.310825 0.0001359798 -1.094344
vn 2.123782 0.0001020133 -0.9677827
vn 2.123435 -0.001052863 -0.9676383
vn 2.309736 -0.00394553 -1.093264
vn 1.900001 -0.5773501 -1.5
vn 1.900028 -0.5773501 -1.5
vn 1.899988 -0.5773501 -1.5
vn 1.9 -0.5773501 -1.5
vn 1.899991 -0.5773501 -1.5
vn 1.900003 -0.5773501 -1.5
vn 1.899997 -0.5773501 -1.5
vn 1.900002 -0.5773501 -1.5
vn 1.9 -0.5773501 -1.5
vn 1.9 -0.5773501 -1.5
vn 1.9 -0.5773501 -1.5
vn 1.9 -0.5773501 -1.5
vn 1.9 -0.5773501 -1.5
vn 1.900002 -0.5773501 -1.5
vn 1.9 -0.5773501 -1.5
vn 1.900005 -0.5773501 -1.5
vn 1.899999 -0.5773501 -1.5
vn 1.9 -0.5773501 -1.5
vn 1.899955 -0.5773501 -1.5
vn 1.900012 -0.5773501 -1.5
vn 2.433407 0.0002338203 -1.279068
vn 2.308317 0.000124047 -1.09182
vn 2.310825 0.0001359798 -1.094344
vn 2.433321 0.0001160067 -1.278863
vn 2.309736 -0.00394553 -1.093264
vn 2.433285 -0.003999914 -1.278811
vn 2.477349 0.0002371051 -1.498925
vn 2.477349 0.0001107245 -1.498937
vn 2.477335 -0.004035675 -1.498932
vn 2.477335 -0.004018379 -1.501015
vn 2.47735 0.000108578 -1.501006
vn 2.477349 0.0002372244 -1.501075
vn 2.433432 0.0001161864 -1.720871
vn 2.434727 -3.281951E-05 -1.717718
vn 2.308231 -9.998781E-17 -1.908265
vn 2.434129 -0.0001625903 -1.71918
vn 2.308253 -4.137691E-06 -1.908243
vn 2.30823 -0.0001478447 -1.908267
vn 1.902776 0.5773424 -1.501137
vn 1.901179 0.5773489 -1.500233
vn 1.909122 0.577278 -1.500368
vn 1.907267 0.577304 -1.500653
vn 1.901045 0.5773478 -1.501307
vn 1.901457 0.5773461 -1.501593
vn 1.901807 0.5773448 -1.501688
vn 1.901119 0.5773433 -1.502575
vn 1.900637 0.5773149 -1.506348
vn 1.900234 0.5772862 -1.508583
vn 1.898666 0.5773447 -1.502135
vn 1.899766 0.5772864 -1.508582
vn 1.899364 0.5773149 -1.506348
vn 1.897918 0.5773434 -1.501874
vn 1.89033 0.5772681 -1.501104
vn 1.899566 0.5773485 -1.50128
vn 1.898708 0.5773476 -1.501087
vn 1.890341 0.5772688 -1.500784
vn 1.899648 0.57735 -1.500219
vn 1.898821 0.5773489 -1.500233
vn 1.899656 0.57735 -1.499781
vn 1.898821 0.5773489 -1.499767
vn 1.890331 0.5772687 -1.499216
vn 1.898704 0.5773476 -1.498913
vn 1.89032 0.5772679 -1.498896
vn 1.899576 0.5773485 -1.49872
vn 1.898668 0.5773447 -1.497865
vn 1.897915 0.5773433 -1.498126
vn 1.899363 0.5773149 -1.493652
vn 1.899765 0.5772864 -1.491418
vn 1.901122 0.5773433 -1.497425
vn 1.900234 0.5772864 -1.491418
vn 1.900636 0.5773149 -1.493652
vn 1.901804 0.5773448 -1.498312
vn 1.901459 0.5773461 -1.498407
vn 1.907266 0.577304 -1.499347
vn 1.901051 0.5773478 -1.498693
vn 1.902777 0.5773424 -1.498863
vn 1.909122 0.577278 -1.499632
vn 1.901179 0.5773489 -1.499767
vn 1.9 -0.5773501 -1.5
vn 1.9 -0.5773501 -1.5
vn 1.899998 -0.5773501 -1.5
vn 1.9 -0.5773501 -1.5
vn 1.900002 -0.5773501 -1.5
vn 1.9 -0.5773501 -1.5
vn 1.9 -0.5773501 -1.5
vn 1.9 -0.5773501 -1.5
vn 1.9 -0.5773501 -1.5
vn 1.899999 -0.5773501 -1.5
vn 1.900001 -0.5773501 -1.5
vn 1.899996 -0.5773501 -1.5
vn 1.900001 -0.5773501 -1.5
vn 1.9 -0.5773501 -1.5
vn 1.899996 -0.5773501 -1.5
vn 1.9 -0.5773501 -1.5
vn 1.901587 0.1789684 -0.9510909
vn 1.691407 0.1789623 -0.9922648
vn 1.739048 0.4031615 -1.119357
vn 1.896962 0.4031632 -1.08674
vn 2.111522 0.1789556 -0.9934759
vn 2.055336 0.4031644 -1.117035
vn 2.289258 0.1789736 -1.112986
vn 2.190066 0.4031676 -1.205635
vn 1.691407 0.1789623 -0.9922648
vn 1.605636 0.4031686 -1.209934
vn 1.739048 0.4031615 -1.119357
vn 1.512985 0.1789745 -1.110743
vn 1.51704 0.4031702 -1.344667
vn 1.39348 0.178957 -1.28847
vn 1.486748 0.4031705 -1.503045
vn 1.351091 0.178968 -1.498418
vn 1.519363 0.4031647 -1.660957
vn 1.392262 0.178945 -1.708601
vn 1.392262 0.178945 -1.708601
vn 1.609933 0.4031646 -1.794368
vn 1.519363 0.4031647 -1.660957
vn 1.510744 0.1789724 -1.887017
vn 1.744662 0.4031634 -1.882966
vn 1.688475 0.1789583 -2.006522
vn 1.903038 0.4031632 -1.91326
vn 1.898413 0.1789684 -2.048909
vn 1.898413 0.1789684 -2.048909
vn 2.06095 0.4031653 -1.880639
vn 1.903038 0.4031632 -1.91326
vn 2.108593 0.1789623 -2.007735
vn 2.194362 0.4031716 -1.790064
vn 2.108593 0.1789623 -2.007735
vn 2.287013 0.1789715 -1.88926
vn 2.194362 0.4031716 -1.790064
vn 2.282963 0.4031672 -1.655334
vn 2.406526 0.1789491 -1.711524
vn 2.406526 0.1789491 -1.711524
vn 2.313256 0.4031672 -1.496954
vn 2.282963 0.4031672 -1.655334
vn 2.448909 0.178968 -1.501582
vn 2.280638 0.4031636 -1.339043
vn 2.407736 0.1789523 -1.2914
vn 2.407736 0.1789523 -1.2914
vn 2.190066 0.4031676 -1.205635
vn 2.280638 0.4031636 -1.339043
vn 2.289258 0.1789736 -1.112986
vn 2.30779 0.4086972 -1.497359
vn 1.992796 0.5685638 -1.538175
vn 2.277759 0.4086959 -1.65362
vn 2.000342 0.5685636 -1.499756
vn 2.27574 0.4086981 -1.341512
vn 1.992608 0.5685642 -1.461377
vn 2.186488 0.4086972 -1.209785
vn 1.970781 0.5685635 -1.428875
vn 2.053617 0.4086995 -1.122244
vn 1.938174 0.5685638 -1.407203
vn 1.897359 0.4086993 -1.092212
vn 1.899756 0.5685639 -1.399659
vn 1.741502 0.4086921 -1.124258
vn 1.899756 0.5685639 -1.399659
vn 1.897359 0.4086993 -1.092212
vn 1.861374 0.5685638 -1.407391
vn 1.609786 0.4086983 -1.213513
vn 1.828877 0.5685639 -1.42922
vn 1.522243 0.4087001 -1.346385
vn 1.929706 0.5726496 -1.567255
vn 1.901712 0.5726496 -1.573503
vn 1.873451 0.5726495 -1.568563
vn 1.938174 0.5685638 -1.407203
vn 1.849234 0.5726496 -1.553183
vn 1.970781 0.5685635 -1.428875
vn 1.832739 0.5726488 -1.529707
vn 1.992608 0.5685642 -1.461377
vn 1.826496 0.5726494 -1.501711
vn 2.000342 0.5685636 -1.499756
vn 1.831436 0.5726495 -1.473453
vn 1.807204 0.5685639 -1.461827
vn 1.992796 0.5685638 -1.538175
vn 1.49221 0.4086975 -1.502641
vn 1.846815 0.5726494 -1.449234
vn 1.799658 0.5685636 -1.500244
vn 1.968565 0.5726494 -1.526548
vn 1.524268 0.4087076 -1.658484
vn 1.973504 0.5726494 -1.498289
vn 1.971123 0.5685641 -1.570779
vn 2.277759 0.4086959 -1.65362
vn 1.870294 0.5726496 -1.432745
vn 2.190217 0.4086957 -1.786487
vn 1.807393 0.5685645 -1.538622
vn 1.61351 0.4086943 -1.790217
vn 1.967261 0.5726488 -1.470293
vn 1.938627 0.5685634 -1.592611
vn 1.898288 0.5726496 -1.426497
vn 2.058498 0.4086876 -1.875747
vn 1.829218 0.5685633 -1.571126
vn 1.746382 0.4087003 -1.877755
vn 1.950767 0.5726495 -1.446816
vn 1.900244 0.5685642 -1.600339
vn 1.926549 0.5726495 -1.431437
vn 1.902641 0.4087095 -1.907778
vn 1.861827 0.568564 -1.592796
vn 1.953185 0.5726493 -1.550767
vn 1.807204 0.5685639 -1.461827
vn 1.968565 0.5726494 -1.526548
vn 1.828877 0.5685639 -1.42922
vn 1.929706 0.5726496 -1.567255
vn 1.899968 0.5773501 -1.5
vn 1.9 0.5773501 -1.5
vn 1.900028 0.5773501 -1.5
vn 1.899989 0.5773501 -1.5
vn 1.900001 0.5773501 -1.5
vn 1.899997 0.5773501 -1.5
vn 1.899997 0.5773501 -1.5
vn 1.900003 0.5773501 -1.5
vn 1.899997 0.5773501 -1.5
vn 1.900004 0.5773501 -1.5
vn 1.900001 0.5773501 -1.5
vn 1.899996 0.5773501 -1.5
vn 1.900013 0.5773501 -1.5
vn 1.899967 0.5773501 -1.5
vn 1.900024 0.5773501 -1.5
vn 1.9 0.5773501 -1.5
vn 1.605636 0.4031686 -1.209934
vn 1.680566 0.09998145 -0.9754182
vn 1.739048 0.4031615 -1.119357
vn 1.496509 0.09998243 -1.099336
vn 1.51704 0.4031702 -1.344667
vn 1.373895 0.09997945 -1.284242
vn 1.486748 0.4031705 -1.503045
vn 1.331376 0.09998013 -1.501977
vn 1.739048 0.4031615 -1.119357
vn 1.680566 0.09998145 -0.9754182
vn 1.898011 0.0999781 -0.9313754
vn 1.896962 0.4031632 -1.08674
vn 2.115759 0.09998302 -0.9738964
vn 2.055336 0.4031644 -1.117035
vn 2.300672 0.09998122 -1.096516
vn 2.190066 0.4031676 -1.205635
vn 2.190066 0.4031676 -1.205635
vn 2.300672 0.09998122 -1.096516
vn 2.424579 0.0999814 -1.28056
vn 2.280638 0.4031636 -1.339043
vn 2.280638 0.4031636 -1.339043
vn 2.468624 0.09997956 -1.498002
vn 2.313256 0.4031672 -1.496954
vn 2.426105 0.0999792 -1.715758
vn 2.282963 0.4031672 -1.655334
vn 2.194362 0.4031716 -1.790064
vn 2.11943 0.09998147 -2.024583
vn 2.06095 0.4031653 -1.880639
vn 1.901989 0.09997633 -2.068625
vn 1.903038 0.4031632 -1.91326
vn 1.684245 0.09998143 -2.026105
vn 1.744662 0.4031634 -1.882966
vn 1.499328 0.099981 -1.903484
vn 1.609933 0.4031646 -1.794368
vn 1.375414 0.09998338 -1.719422
vn 1.519363 0.4031647 -1.660957
vn 1.331376 0.09998013 -1.501977
vn 1.486748 0.4031705 -1.503045
vn 2.426105 0.0999792 -1.715758
vn 2.308248 -9.999195E-17 -1.908249
vn 2.303485 0.09998186 -1.90067
vn 2.433402 -1.306459E-16 -1.720942
vn 2.468624 0.09997956 -1.498002
vn 2.47735 -1.414101E-16 -1.500012
vn 2.424579 0.0999814 -1.28056
vn 2.47735 -1.414101E-16 -1.500012
vn 2.468624 0.09997956 -1.498002
vn 2.433407 -1.306469E-16 -1.279068
vn 2.300672 0.09998122 -1.096516
vn 2.308248 -9.999197E-17 -1.091751
vn 2.303485 0.09998186 -1.90067
vn 2.308248 -9.999195E-17 -1.908249
vn 2.120934 -5.411327E-17 -2.033406
vn 2.11943 0.09998147 -2.024583
vn 1.9 0 -2.07735
vn 1.901989 0.09997633 -2.068625
vn 1.679066 5.411315E-17 -2.033406
vn 1.684245 0.09998143 -2.026105
vn 1.684245 0.09998143 -2.026105
vn 1.679066 5.411315E-17 -2.033406
vn 1.491745 9.999362E-17 -1.908242
vn 1.499328 0.099981 -1.903484
vn 1.499328 0.099981 -1.903484
vn 1.491745 9.999362E-17 -1.908242
vn 1.366593 1.306469E-16 -1.720932
vn 1.375414 0.09998338 -1.719422
vn 1.32265 1.414101E-16 -1.500012
vn 1.331376 0.09998013 -1.501977
vn 1.366589 1.30648E-16 -1.279078
vn 1.331376 0.09998013 -1.501977
vn 1.366589 1.30648E-16 -1.279078
vn 1.373895 0.09997945 -1.284242
vn 1.491751 9.999211E-17 -1.091752
vn 1.496509 0.09998243 -1.099336
vn 1.496509 0.09998243 -1.099336
vn 1.491751 9.999211E-17 -1.091752
vn 1.679071 5.411207E-17 -0.9665924
vn 1.680566 0.09998145 -0.9754182
vn 1.680566 0.09998145 -0.9754182
vn 1.679071 5.411207E-17 -0.9665924
vn 1.9 0 -0.9226496
vn 1.898011 0.0999781 -0.9313754
vn 2.12093 -5.41122E-17 -0.9665926
vn 2.115759 0.09998302 -0.9738964
vn 2.308248 -9.999197E-17 -1.091751
vn 2.300672 0.09998122 -1.096516
vn 1.900077 0.5765936 -1.470454
vn 1.90027 0.5772818 -1.508878
vn 1.899991 0.5772212 -1.512203
vn 1.899991 0.5772333 -1.511616
vn 1.899776 0.5772142 -1.512528
vn 1.900204 0.5773449 -1.497553
vn 1.902611 0.5772648 -1.509572
vn 1.898853 0.5773485 -1.499233
vn 1.905922 0.5772886 -1.506002
vn 1.898041 0.5773462 -1.500829
vn 1.909297 0.5772694 -1.502606
vn 1.88971 0.5772585 -1.500045
vn 1.912225 0.5772207 -1.500006
vn 1.887801 0.5772213 -1.499958
vn 1.912226 0.5772207 -1.499994
vn 1.909304 0.5772693 -1.497394
vn 1.897874 0.5773461 -1.499548
vn 1.905929 0.5772884 -1.493998
vn 1.899064 0.5773485 -1.500983
vn 1.902611 0.5772648 -1.490428
vn 1.900589 0.5773453 -1.502288
vn 1.899777 0.5772142 -1.487472
vn 1.900096 0.5765936 -1.529547
vn 1.899991 0.5772333 -1.488384
vn 1.900269 0.5772818 -1.491122
vn 1.899991 0.5772212 -1.487797
vn 1.82322 0.5722219 -1.500143
vn 1.82948 0.5722473 -1.529886
vn 1.8232 0.5722193 -1.499877
vn 1.845915 0.5721198 -1.555561
vn 1.871612 0.5721675 -1.571775
vn 1.828223 0.5721674 -1.471613
vn 1.899806 0.5722208 -1.576789
vn 1.844439 0.5721189 -1.445905
vn 1.870115 0.5722472 -1.429479
vn 1.900226 0.5722233 -1.57677
vn 1.899774 0.5722234 -1.423231
vn 1.89994 0.577261 -1.510147
vn 1.92989 0.5722468 -1.570522
vn 1.899916 0.5772607 -1.489836
vn 1.900192 0.572221 -1.423213
vn 1.899797 0.5773449 -1.502446
vn 1.955561 0.5721189 -1.554094
vn 1.897387 0.5772648 -1.490429
vn 1.898131 0.577335 -1.496259
vn 1.927653 0.5721003 -1.427407
vn 1.89724 0.5772634 -1.509621
vn 1.901325 0.5773484 -1.500581
vn 1.970933 0.5722361 -1.529115
vn 1.894103 0.5772889 -1.494007
vn 1.899976 0.5773476 -1.498287
vn 1.953189 0.5721474 -1.443862
vn 1.893811 0.5772843 -1.506146
vn 1.901524 0.577348 -1.49958
vn 1.975473 0.5723959 -1.500137
vn 1.890445 0.5772657 -1.497509
vn 1.90186 0.5773469 -1.50061
vn 1.970216 0.572291 -1.470235
vn 1.890379 0.5772637 -1.502694
vn 1.911583 0.5772339 -1.500005
vn 1.887484 0.5772145 -1.499994
vn 1.976402 0.5722726 -1.499865
vn 1.887362 0.5772119 -1.500012
vn 1.909922 0.5772648 -1.500048
vn 1.811027 0.5693792 -1.465009
vn 1.800988 0.568795 -1.49855
vn 1.800877 0.5687757 -1.498603
vn 1.811506 0.5694532 -1.464999
vn 1.799732 0.5685768 -1.50003
vn 1.831825 0.5695385 -1.43434
vn 1.799726 0.5685758 -1.50003
vn 1.83208 0.5695361 -1.434055
vn 1.79972 0.5685747 -1.499961
vn 1.862277 0.5694487 -1.412603
vn 1.799726 0.5685756 -1.499961
vn 1.862475 0.5693835 -1.412094
vn 1.800896 0.5687785 -1.501657
vn 1.898416 0.5688567 -1.401345
vn 1.80098 0.5687932 -1.501589
vn 1.898346 0.5688426 -1.401265
vn 1.811804 0.5693315 -1.537634
vn 1.900073 0.5686498 -1.400148
vn 1.81233 0.5693994 -1.537837
vn 1.900073 0.5686481 -1.400138
vn 1.833806 0.5694914 -1.568052
vn 1.899943 0.5686477 -1.400135
vn 1.834131 0.5695003 -1.568292
vn 1.899942 0.5686495 -1.400145
vn 1.864842 0.5694454 -1.588482
vn 1.901394 0.56884 -1.401246
vn 1.864941 0.569387 -1.588896
vn 1.901457 0.5688568 -1.401344
vn 1.898544 0.5688568 -1.598656
vn 1.935046 0.5693877 -1.411103
vn 1.898607 0.5688399 -1.598754
vn 1.935096 0.5694525 -1.411539
vn 1.900058 0.5686494 -1.599855
vn 1.965658 0.5695392 -1.431829
vn 1.900057 0.5686476 -1.599865
vn 1.965948 0.5695363 -1.432085
vn 1.899927 0.5686474 -1.599866
vn 1.987396 0.5694488 -1.462273
vn 1.899927 0.5686492 -1.599856
vn 1.987907 0.5693831 -1.462473
vn 1.901654 0.5688432 -1.598731
vn 1.998666 0.5688547 -1.498416
vn 1.901585 0.5688573 -1.598651
vn 1.998745 0.5688407 -1.498347
vn 1.937531 0.5693833 -1.587905
vn 1.999841 0.5686519 -1.500038
vn 1.937726 0.5694485 -1.587397
vn 1.999847 0.5686509 -1.500038
vn 1.967925 0.5695359 -1.565942
vn 1.999861 0.5686483 -1.49997
vn 1.968175 0.5695389 -1.565657
vn 1.999856 0.5686492 -1.49997
vn 1.988452 0.5694535 -1.535103
vn 1.998763 0.5688385 -1.501394
vn 1.988885 0.5693888 -1.535057
vn 1.998665 0.5688552 -1.501457
vt -0.7598515 1.344092
vt -0.7541806 1.327403
vt -0.7935191 1.327403
vt -0.7991899 1.344092
vt -0.8268686 1.327403
vt -2.565918 0.1389501
vt -1.941029 0.1389524
vt -1.859039 0.1389501
vt -2.565918 0.1389501
vt -2.483928 0.1389524
vt -1.941029 0.1389524
vt -2.483927 0.6096926
vt -2.565918 0.6096948
vt -1.859039 0.6096948
vt -1.941028 0.6096926
vt -2.483927 0.6096926
vt -0.4079002 0.4058683
vt -0.4138286 0.3915557
vt -0.4209565 0.3929734
vt -0.4340127 0.4058683
vt -0.4280845 0.3915557
vt -0.434127 0.3875183
vt -0.4340127 0.4058683
vt -0.434127 0.3875183
vt -0.4450813 0.3984726
vt -0.4450813 0.3984726
vt -0.434127 0.3875183
vt -0.4381644 0.3814758
vt -0.5155584 1.327403
vt -0.5283223 1.313626
vt -0.7414167 1.313626
vt -0.7541806 1.327403
vt -0.5098876 1.344092
vt -0.7598515 1.344092
vt -0.5098876 1.354267
vt -0.4705492 1.354267
vt -0.4705352 1.457068
vt -0.7598515 1.354267
vt -0.5098737 1.456961
vt -0.7991899 1.344092
vt -0.7935191 1.327403
vt -0.4705492 1.467243
vt -0.4371997 1.467243
vt -0.4371997 1.457068
vt -0.5098876 1.467136
vt -0.7598655 1.456961
vt -0.7598515 1.467136
vt -0.7991899 1.354267
vt -0.7992039 1.457068
vt -0.7991899 1.467243
vt -0.8325394 1.344092
vt -0.8268686 1.327403
vt -0.8325394 1.354267
vt -0.8325394 1.457068
vt -0.8325394 1.467243
vt -0.4371997 1.344092
vt -0.4428705 1.327403
vt -0.4762201 1.327403
vt -0.4705492 1.344092
vt -0.5155584 1.327403
vt -0.5098876 1.344092
vt -0.4371997 1.354267
vt -0.4705492 1.354267
vt -0.4371997 1.457068
vt -0.4705352 1.457068
vt -1.09111 1.326642
vt -1.103675 1.312698
vt -1.609977 1.312698
vt -1.622543 1.326642
vt -1.013963 1.343532
vt -1.019546 1.326642
vt -1.052379 1.326642
vt -1.046796 1.343532
vt -1.09111 1.326642
vt -1.085526 1.343532
vt -1.622543 1.326642
vt -1.628127 1.343532
vt -1.661273 1.326642
vt -1.085526 1.353831
vt -1.666856 1.343532
vt -1.694107 1.326642
vt -1.69969 1.343532
vt -1.628127 1.353831
vt -1.666856 1.353831
vt -1.69969 1.353831
vt -1.66687 1.457873
vt -1.69969 1.457873
vt -1.666856 1.468171
vt -1.69969 1.468171
vt -1.628127 1.468062
vt -1.628141 1.457764
vt -1.085526 1.468062
vt -1.085511 1.457764
vt -1.046782 1.457873
vt -1.046796 1.353831
vt -1.046796 1.343532
vt -1.013963 1.353831
vt -1.013963 1.343532
vt -1.046796 1.353831
vt -1.085526 1.343532
vt -1.085526 1.353831
vt -1.013963 1.457873
vt -1.046782 1.457873
vt -1.013963 1.468171
vt -1.046796 1.468171
vt -1.085511 1.457764
vt -1.085526 1.468062
vt -0.5155584 1.11349
vt -0.5283223 1.099712
vt -0.7414167 1.099712
vt -0.7541807 1.11349
vt -0.5098876 1.130179
vt -0.7598515 1.130179
vt -0.7935191 1.11349
vt -0.5098876 1.140354
vt -0.7991899 1.130179
vt -0.8268687 1.11349
vt -0.8325396 1.130179
vt -0.7598515 1.140354
vt -0.7991899 1.140354
vt -0.8325396 1.140354
vt -0.7992039 1.243156
vt -0.8325396 1.243156
vt -0.7991899 1.253331
vt -0.8325396 1.253331
vt -0.7598515 1.253223
vt -0.7598655 1.243048
vt -0.5098876 1.253223
vt -0.5098736 1.243048
vt -0.4705491 1.253331
vt -0.4705351 1.243156
vt -0.4705491 1.140354
vt -0.4371995 1.130179
vt -0.4428704 1.11349
vt -0.47622 1.11349
vt -0.4705491 1.130179
vt -0.5155584 1.11349
vt -0.4371995 1.140354
vt -0.5098876 1.130179
vt -0.4705491 1.140354
vt -0.5098876 1.140354
vt -0.4371995 1.243156
vt -0.4705351 1.243156
vt -0.4371995 1.253331
vt -0.4705491 1.253331
vt -1.09111 1.112729
vt -1.103676 1.098786
vt -1.609976 1.098786
vt -1.622542 1.112729
vt -1.085527 1.129619
vt -1.628126 1.129619
vt -1.661272 1.112729
vt -1.046797 1.129619
vt -1.05238 1.112729
vt -1.013963 1.129619
vt -1.019546 1.112729
vt -1.013963 1.139917
vt -1.046797 1.139917
vt -1.013963 1.24396
vt -1.046782 1.24396
vt -1.085527 1.139917
vt -1.085512 1.243851
vt -1.046797 1.254258
vt -1.085527 1.254148
vt -1.666855 1.129619
vt -1.694106 1.112729
vt -1.69969 1.129619
vt -1.628126 1.139917
vt -1.62814 1.243851
vt -1.628126 1.254148
vt -1.666855 1.139917
vt -1.69969 1.139917
vt -1.66687 1.24396
vt -1.666855 1.254258
vt -1.69969 1.24396
vt -1.69969 1.254258
vt -1.013963 1.254258
vt -1.013963 1.24396
vt -1.046782 1.24396
vt -1.046797 1.254258
vt -1.996281 1.154535
vt -2.033989 1.146897
vt -2.046224 1.159356
vt -2.008516 1.166994
vt -1.964313 1.176285
vt -1.976548 1.188744
vt -1.942954 1.208838
vt -2.012577 1.173462
vt -1.955188 1.221297
vt -1.935453 1.247236
vt -1.947688 1.259695
vt -1.961541 1.225432
vt -2.04908 1.166131
vt -2.539168 1.159356
vt -1.981983 1.194278
vt -2.016671 1.229601
vt -2.031315 1.219636
vt -2.006885 1.244514
vt -1.954342 1.262603
vt -2.002455 1.267388
vt -1.954342 1.464789
vt -1.947688 1.467696
vt -2.002455 1.460004
vt -1.961541 1.50196
vt -1.955188 1.506095
vt -2.006885 1.482878
vt -1.976548 1.538647
vt -1.964313 1.551106
vt -1.996281 1.572857
vt -2.008516 1.560398
vt -2.033989 1.580495
vt -2.046224 1.568036
vt -2.012577 1.553929
vt -1.981983 1.533113
vt -2.016671 1.497791
vt -2.031315 1.507755
vt -2.255906 1.390375
vt -2.255337 1.385264
vt -2.257161 1.393701
vt -2.259039 1.395923
vt -2.255337 1.342127
vt -2.255906 1.337016
vt -2.257161 1.33369
vt -2.261925 1.396932
vt -2.259039 1.331468
vt -2.053779 1.512266
vt -2.323466 1.396932
vt -2.053779 1.215125
vt -2.261925 1.33046
vt -2.04908 1.56126
vt -2.531612 1.512266
vt -2.326352 1.395923
vt -2.536312 1.56126
vt -2.539168 1.568036
vt -2.554076 1.507755
vt -2.32823 1.393701
vt -2.536312 1.166131
vt -2.572815 1.553929
vt -2.568721 1.497791
vt -2.329485 1.390375
vt -2.531612 1.215125
vt -2.323466 1.33046
vt -2.572815 1.173462
vt -2.554076 1.219636
vt -2.326352 1.331468
vt -2.578506 1.482878
vt -2.330054 1.385264
vt -2.568721 1.229601
vt -2.32823 1.33369
vt -2.576876 1.166994
vt -2.551402 1.146897
vt -2.58911 1.154535
vt -2.608843 1.188744
vt -2.621078 1.176285
vt -2.603408 1.194278
vt -2.578506 1.244514
vt -2.329485 1.337016
vt -2.623851 1.225432
vt -2.630203 1.221297
vt -2.642438 1.208838
vt -2.637703 1.259695
vt -2.649939 1.247236
vt -2.631049 1.262603
vt -2.637703 1.467696
vt -2.582936 1.267388
vt -2.330054 1.342127
vt -2.631049 1.464789
vt -2.582936 1.460004
vt -2.623851 1.50196
vt -2.630203 1.506095
vt -2.603408 1.533113
vt -2.608843 1.538647
vt -2.642438 1.518553
vt -2.621078 1.551106
vt -2.576876 1.560398
vt -2.58911 1.572857
vt -2.551402 1.580495
vt -1.942954 1.518553
vt -1.935453 1.480155
vt -1.947688 1.467696
vt -1.955188 1.506095
vt -1.964313 1.551106
vt -2.649939 1.480155
vt -2.642438 1.518553
vt -2.630203 1.506095
vt -2.637703 1.467696
vt -1.736812 1.77435
vt -1.73023 1.534001
vt -1.736812 1.534001
vt -1.73023 1.77435
vt -1.736813 1.781652
vt -1.730231 1.781652
vt -1.722465 1.534001
vt -1.722465 1.77435
vt -1.722466 1.781652
vt -1.2051 1.781652
vt -1.2051 1.77435
vt -1.2051 1.534001
vt -1.197336 1.534001
vt -1.197336 1.77435
vt -1.197335 1.781652
vt -1.190753 1.77435
vt -1.190752 1.781652
vt -1.197336 1.77435
vt -1.190753 1.534001
vt -1.197336 1.534001
vt -1.190753 1.77435
vt -2.662544 1.025942
vt -2.655991 0.7849997
vt -2.662544 0.7849997
vt -2.655991 1.025942
vt -2.662545 1.033261
vt -2.655992 1.033261
vt -2.648261 0.7849997
vt -2.648261 1.025942
vt -2.648261 1.033261
vt -1.830173 1.033261
vt -1.830174 1.025942
vt -1.830174 0.7849997
vt -1.822444 0.7849997
vt -1.822444 1.025942
vt -1.81589 0.7849997
vt -1.822443 1.033261
vt -1.81589 1.025942
vt -1.81589 1.033261
vt -1.041618 1.774328
vt -1.035035 1.53399
vt -1.041618 1.53399
vt -1.035035 1.774328
vt -1.04162 1.781629
vt -1.035036 1.781629
vt -1.027271 1.53399
vt -1.027271 1.774328
vt -1.027271 1.781629
vt -0.5098581 1.781629
vt -0.5098583 1.774328
vt -0.5098583 1.53399
vt -0.5020934 1.53399
vt -0.5020934 1.774328
vt -0.5020927 1.781629
vt -0.4955106 1.53399
vt -0.4955949 1.774328
vt -0.4955949 1.774328
vt -0.5020934 1.774328
vt -0.5020927 1.781629
vt -0.4955517 1.781663
vt -0.6819371 0.09740999
vt -0.6894952 0.09586832
vt -1.489374 0.09586832
vt -1.496933 0.09740999
vt -0.6755297 0.1018003
vt -1.50334 0.1018003
vt -0.6712486 0.1083709
vt -1.507621 0.1083709
vt -0.669745 0.1161214
vt -1.509124 0.1161214
vt -0.669745 0.6325743
vt -1.509124 0.6325743
vt -0.6712486 0.6403248
vt -1.507621 0.6403248
vt -0.6755297 0.6468953
vt -1.50334 0.6468953
vt -0.6819371 0.6512856
vt -1.496933 0.6512856
vt -0.6894952 0.6528273
vt -1.489374 0.6528273
vt -1.586452 0.7849923
vt -1.593006 0.7849923
vt -1.59295 1.025917
vt -1.586396 1.025917
vt -1.592979 1.033269
vt -1.586425 1.033269
vt -1.578722 0.7849923
vt -1.578722 1.025917
vt -1.578722 1.033269
vt -0.7605841 1.033269
vt -0.7605844 1.025917
vt -0.7605844 0.7849923
vt -0.7528537 0.7849923
vt -0.7528537 1.025917
vt -0.7463001 0.7849923
vt -0.7528529 1.033235
vt -0.7463001 1.025917
vt -0.7462986 1.033235
vt -1.851975 0.1457511
vt -1.859544 0.1442065
vt -1.941029 0.144207
vt -1.902277 0.1521142
vt -1.845558 0.1501485
vt -1.84127 0.1567294
vt -1.869426 0.1746261
vt -1.839764 0.1644921
vt -1.847475 0.2083174
vt -1.839765 0.2480591
vt -1.839764 0.5841522
vt -1.839765 0.5005851
vt -1.847475 0.5403269
vt -1.869426 0.5740182
vt -1.902277 0.5965301
vt -1.84127 0.5919149
vt -1.845558 0.5984958
vt -1.941029 0.6044372
vt -1.851975 0.6028932
vt -1.859544 0.6044378
vt -2.572982 0.6028932
vt -2.565413 0.6044378
vt -2.483928 0.6044372
vt -2.579398 0.5984958
vt -2.52268 0.5965301
vt -2.583686 0.5919149
vt -2.585192 0.5841522
vt -2.555531 0.5740182
vt -2.577482 0.5403269
vt -2.585192 0.5005851
vt -2.585192 0.1644921
vt -2.585192 0.2480591
vt -2.577482 0.2083174
vt -2.555531 0.1746261
vt -2.583686 0.1567294
vt -2.52268 0.1521142
vt -2.579398 0.1501485
vt -2.572982 0.1457511
vt -2.483928 0.144207
vt -2.565413 0.1442065
vt -0.4281788 0.0330996
vt -0.4476956 0.02921753
vt -0.4672124 0.0330996
vt -0.4116333 0.04415496
vt -0.4837579 0.04415496
vt -0.4005779 0.06070057
vt -0.4948134 0.06070057
vt -0.3966958 0.08021739
vt -0.4986954 0.08021739
vt -0.4005779 0.09973423
vt -0.4948134 0.09973423
vt -0.4116333 0.1162798
vt -0.4837579 0.1162798
vt -0.4281788 0.1273351
vt -0.4672124 0.1273351
vt -0.4476956 0.1312173
vt -0.4174556 0.2406522
vt -0.4197573 0.2290797
vt -0.4207458 0.2294891
vt -0.4185255 0.2406522
vt -0.4197573 0.2522247
vt -0.4207458 0.2518152
vt -0.4263126 0.2620352
vt -0.4270692 0.2612787
vt -0.4197573 0.2290797
vt -0.4270692 0.2200257
vt -0.4207458 0.2294891
vt -0.4263126 0.2192691
vt -0.4365325 0.2137023
vt -0.4361231 0.2127139
vt -0.4476956 0.211482
vt -0.4476956 0.2104121
vt -0.4588586 0.2137023
vt -0.4592681 0.2127139
vt -0.4592681 0.2127139
vt -0.4683222 0.2200257
vt -0.4588586 0.2137023
vt -0.4690787 0.2192691
vt -0.4746455 0.2294891
vt -0.4756339 0.2290797
vt -0.4768657 0.2406522
vt -0.4779356 0.2406522
vt -0.4779356 0.2406522
vt -0.4746455 0.2518152
vt -0.4768657 0.2406522
vt -0.4756339 0.2522247
vt -0.4683222 0.2612787
vt -0.4756339 0.2522247
vt -0.4690787 0.2620352
vt -0.4683222 0.2612787
vt -0.4588586 0.267602
vt -0.4592681 0.2685905
vt -0.4592681 0.2685905
vt -0.4476956 0.2698223
vt -0.4588586 0.267602
vt -0.4476956 0.2708922
vt -0.4365325 0.267602
vt -0.4361231 0.2685905
vt -0.4361231 0.2685905
vt -0.4270692 0.2612787
vt -0.4365325 0.267602
vt -0.4263126 0.2620352
vt -0.4476956 0.1873701
vt -0.4317285 0.2021041
vt -0.4273054 0.1914258
vt -0.4476956 0.1989282
vt -0.4680858 0.1914258
vt -0.4636627 0.2021041
vt -0.4853717 0.2029759
vt -0.477199 0.2111488
vt -0.496922 0.220262
vt -0.4862437 0.2246851
vt -0.5009778 0.2406522
vt -0.4894197 0.2406522
vt -0.496922 0.2610424
vt -0.4894197 0.2406522
vt -0.5009778 0.2406522
vt -0.4862437 0.2566193
vt -0.4853717 0.2783284
vt -0.477199 0.2701555
vt -0.4680858 0.2898785
vt -0.4756339 0.2522247
vt -0.4779356 0.2406522
vt -0.4756339 0.2290797
vt -0.4862437 0.2246851
vt -0.4690787 0.2192691
vt -0.477199 0.2111488
vt -0.4592681 0.2127139
vt -0.4636627 0.2021041
vt -0.4476956 0.2104121
vt -0.4476956 0.1989282
vt -0.4361231 0.2127139
vt -0.4636627 0.2792002
vt -0.4317285 0.2021041
vt -0.4476956 0.2939343
vt -0.4263126 0.2192691
vt -0.4476956 0.2823762
vt -0.4592681 0.2685905
vt -0.4273054 0.2898785
vt -0.4476956 0.2708922
vt -0.4181923 0.2111488
vt -0.4273054 0.1914258
vt -0.4197573 0.2290797
vt -0.4100195 0.2029759
vt -0.4317285 0.2792002
vt -0.4100195 0.2783284
vt -0.4361231 0.2685905
vt -0.4091476 0.2246851
vt -0.4174556 0.2406522
vt -0.3984693 0.220262
vt -0.4181923 0.2701555
vt -0.3984693 0.2610424
vt -0.4263126 0.2620352
vt -0.4059716 0.2406522
vt -0.4197573 0.2522247
vt -0.3944135 0.2406522
vt -0.4091476 0.2566193
vt -0.4690787 0.2620352
vt -0.4636627 0.2792002
vt -0.4592681 0.2685905
vt -0.477199 0.2701555
vt -0.4756339 0.2522247
vt -0.3338763 0.3310412
vt -0.3407391 0.3296762
vt -0.3476018 0.3310412
vt -0.3280587 0.3349283
vt -0.3534195 0.3349283
vt -0.3241716 0.340746
vt -0.3573066 0.340746
vt -0.3228067 0.3476087
vt -0.3586717 0.3476087
vt -0.3241716 0.3544714
vt -0.3573066 0.3544714
vt -0.3280587 0.360289
vt -0.3534195 0.360289
vt -0.3338763 0.3641762
vt -0.3476018 0.3641762
vt -0.3407391 0.3655412
vt -0.3968318 0.3502231
vt -0.4037486 0.3672199
vt -0.3894359 0.3612915
vt -0.407786 0.3611774
vt -0.4079002 0.3428273
vt -0.4138286 0.3571399
vt -0.4209565 0.3402305
vt -0.4209565 0.3557223
vt -0.3894359 0.3612915
vt -0.4037486 0.3672199
vt -0.4023309 0.3743478
vt -0.3868392 0.3743478
vt -0.4037486 0.3814758
vt -0.3894359 0.3874042
vt -0.407786 0.3875183
vt -0.3968318 0.3984726
vt -0.3968318 0.3984726
vt -0.407786 0.3875183
vt -0.4138286 0.3915557
vt -0.4079002 0.4058683
vt -0.4079002 0.4058683
vt -0.4209565 0.3929734
vt -0.4209565 0.4084652
vt -0.4280845 0.3915557
vt -0.4340127 0.4058683
vt -0.4450813 0.3984726
vt -0.4381644 0.3814758
vt -0.452477 0.3874042
vt -0.439582 0.3743478
vt -0.4550738 0.3743478
vt -0.4381644 0.3672199
vt -0.452477 0.3612915
vt -0.434127 0.3611774
vt -0.4450813 0.3502231
vt -0.4280845 0.3571399
vt -0.4340127 0.3428273
vt -0.4209565 0.3557223
vt -0.4209565 0.3402305
vt -0.3493644 0.1952067
vt -0.3566763 0.1256629
vt -0.3566763 0.1952067
vt -0.3493644 0.1256629
vt -0.3407391 0.1952067
vt -0.3407391 0.1256629
vt -0.3321138 0.1952067
vt -0.3407391 0.1256629
vt -0.3407391 0.1952067
vt -0.3321138 0.1256629
vt -0.3248021 0.1952067
vt -0.3248021 0.1256629
vt -0.3248021 0.08825018
vt -0.3248021 0.01870639
vt -0.3321139 0.01870639
vt -0.3321139 0.08825018
vt -0.3407391 0.01870639
vt -0.3407391 0.08825018
vt -0.3493644 0.01870639
vt -0.3493644 0.08825018
vt -0.3493644 0.08825018
vt -0.3493644 0.01870639
vt -0.3566763 0.01870639
vt -0.3566763 0.08825018
vt -0.4852369 0.4091196
vt -0.4852369 0.3395761
vt -0.4925486 0.3395761
vt -0.4925486 0.4091196
vt -0.5011739 0.3395761
vt -0.5011739 0.4091196
vt -0.5097992 0.3395761
vt -0.5011739 0.4091196
vt -0.5097992 0.3395761
vt -0.5097992 0.4091196
vt -0.5171109 0.3395761
vt -0.5171109 0.4091196
vt -0.3248021 0.3021631
vt -0.3248021 0.2326195
vt -0.3321139 0.2326195
vt -0.3321139 0.3021631
vt -0.3321139 0.3021631
vt -0.3321139 0.2326195
vt -0.3407391 0.2326195
vt -0.3407391 0.3021631
vt -0.3493644 0.2326195
vt -0.3493644 0.3021631
vt -0.3566763 0.2326195
vt -0.3566763 0.3021631
vt -2.627602 0.6324125
vt -2.590317 0.2480595
vt -2.590319 0.1639738
vt -2.590317 0.5005854
vt -2.590319 0.5846705
vt -2.626397 0.6386337
vt -2.588518 0.5939676
vt -2.623249 0.6434669
vt -2.583098 0.602289
vt -2.618537 0.6466954
vt -2.574984 0.607848
vt -2.61247 0.6479307
vt -2.565918 0.6096948
vt -1.812486 0.6479307
vt -1.859039 0.6096948
vt -1.849974 0.607848
vt -1.80642 0.6466954
vt -1.841859 0.602289
vt -1.801708 0.6434669
vt -1.836439 0.5939676
vt -1.798559 0.6386337
vt -1.834638 0.5846705
vt -1.797355 0.6324125
vt -1.83464 0.5005847
vt -1.83464 0.2480588
vt -1.834638 0.1639738
vt -1.811979 0.6532189
vt -1.80441 0.6516744
vt -2.612978 0.6532189
vt -1.797992 0.6472769
vt -1.793705 0.640696
vt -2.620547 0.6516744
vt -1.792199 0.6329333
vt -2.626965 0.6472769
vt -2.631252 0.640696
vt -1.792199 0.115711
vt -2.632759 0.6329333
vt -1.797355 0.1162318
vt -1.793705 0.1079483
vt -2.627602 0.1162318
vt -2.632759 0.115711
vt -1.798559 0.1100107
vt -1.797992 0.1013673
vt -1.836439 0.1546767
vt -2.626402 0.1100279
vt -2.631252 0.1079483
vt -2.588518 0.1546767
vt -1.801708 0.1051774
vt -1.80441 0.09696993
vt -1.841859 0.1463553
vt -2.623236 0.1052305
vt -2.626937 0.1014099
vt -2.583097 0.1463556
vt -1.806405 0.1019599
vt -1.811979 0.09547678
vt -1.849974 0.1407962
vt -2.61851 0.1019925
vt -2.620519 0.09701261
vt -2.574984 0.1407967
vt -1.812469 0.1007667
vt -1.859039 0.1389501
vt -2.612978 0.09547678
vt -2.565918 0.1389501
vt -2.612471 0.1007653
vt -1.851975 0.1457511
vt -1.859039 0.1389501
vt -1.859544 0.1442065
vt -1.849974 0.1407962
vt -1.941029 0.1389524
vt -1.845558 0.1501485
vt -1.941029 0.144207
vt -1.841859 0.1463553
vt -2.483928 0.1389524
vt -1.84127 0.1567294
vt -2.483928 0.144207
vt -1.836439 0.1546767
vt -2.565918 0.1389501
vt -1.839764 0.1644921
vt -2.565413 0.1442065
vt -1.834638 0.1639738
vt -2.574984 0.1407967
vt -1.839765 0.2480591
vt -2.572982 0.1457511
vt -1.83464 0.2480588
vt -2.583097 0.1463556
vt -1.839765 0.5005851
vt -2.579398 0.1501485
vt -1.83464 0.5005847
vt -2.588518 0.1546767
vt -1.839764 0.5841522
vt -2.583686 0.1567294
vt -1.834638 0.5846705
vt -2.590319 0.1639738
vt -1.84127 0.5919149
vt -2.585192 0.1644921
vt -1.836439 0.5939676
vt -2.590317 0.2480595
vt -1.845558 0.5984958
vt -2.585192 0.2480591
vt -1.841859 0.602289
vt -2.590317 0.5005854
vt -1.851975 0.6028932
vt -2.585192 0.5005851
vt -1.849974 0.607848
vt -2.590319 0.5846705
vt -1.859544 0.6044378
vt -2.585192 0.5841522
vt -1.859039 0.6096948
vt -2.588518 0.5939676
vt -1.941029 0.6044372
vt -2.583686 0.5919149
vt -1.941028 0.6096926
vt -2.583098 0.602289
vt -2.483928 0.6044372
vt -2.579398 0.5984958
vt -2.483927 0.6096926
vt -2.574984 0.607848
vt -2.565413 0.6044378
vt -2.572982 0.6028932
vt -2.565918 0.6096948
usemtl HammeredMetal_AlbedoTransparency
f 771/771/771 770/770/770 769/769/769
f 773/773/773 771/771/771 772/772/772
f 776/776/776 775/775/775 774/774/774
f 779/779/779 778/778/778 777/777/777
f 782/782/782 781/781/781 780/780/780
f 784/784/784 783/783/783 782/782/782
f 787/787/787 786/786/786 785/785/785
f 790/790/790 789/789/789 788/788/788
f 793/793/793 792/792/792 791/791/791
f 796/796/796 795/795/795 794/794/794
f 799/799/799 798/798/798 797/797/797
f 800/800/800 799/799/799 797/797/797
f 800/800/800 797/797/797 801/801/801
f 802/802/802 800/800/800 801/801/801
f 801/801/801 803/803/803 802/802/802
f 804/804/804 803/803/803 801/801/801
f 803/803/803 804/804/804 805/805/805
f 803/803/803 806/806/806 802/802/802
f 807/807/807 803/803/803 805/805/805
f 803/803/803 807/807/807 806/806/806
f 802/802/802 806/806/806 808/808/808
f 808/808/808 809/809/809 802/802/802
f 807/807/807 805/805/805 810/810/810
f 810/810/810 805/805/805 811/811/811
f 805/805/805 812/812/812 811/811/811
f 813/813/813 807/807/807 810/810/810
f 814/814/814 807/807/807 813/813/813
f 807/807/807 814/814/814 806/806/806
f 815/815/815 814/814/814 813/813/813
f 806/806/806 816/816/816 808/808/808
f 806/806/806 814/814/814 816/816/816
f 817/817/817 814/814/814 815/815/815
f 814/814/814 817/817/817 816/816/816
f 818/818/818 817/817/817 815/815/815
f 808/808/808 816/816/816 819/819/819
f 819/819/819 820/820/820 808/808/808
f 816/816/816 821/821/821 819/819/819
f 816/816/816 817/817/817 821/821/821
f 817/817/817 822/822/822 821/821/821
f 822/822/822 817/817/817 818/818/818
f 823/823/823 822/822/822 818/818/818
f 826/826/826 825/825/825 824/824/824
f 827/827/827 826/826/826 824/824/824
f 828/828/828 826/826/826 827/827/827
f 829/829/829 828/828/828 827/827/827
f 824/824/824 830/830/830 827/827/827
f 827/827/827 831/831/831 829/829/829
f 830/830/830 831/831/831 827/827/827
f 831/831/831 830/830/830 832/832/832
f 833/833/833 831/831/831 832/832/832
f 836/836/836 835/835/835 834/834/834
f 837/837/837 836/836/836 834/834/834
f 840/840/840 839/839/839 838/838/838
f 841/841/841 840/840/840 838/838/838
f 842/842/842 840/840/840 841/841/841
f 843/843/843 842/842/842 841/841/841
f 844/844/844 842/842/842 843/843/843
f 845/845/845 844/844/844 843/843/843
f 846/846/846 844/844/844 845/845/845
f 843/843/843 847/847/847 845/845/845
f 848/848/848 846/846/846 845/845/845
f 849/849/849 846/846/846 848/848/848
f 850/850/850 849/849/849 848/848/848
f 845/845/845 851/851/851 848/848/848
f 847/847/847 851/851/851 845/845/845
f 848/848/848 852/852/852 850/850/850
f 851/851/851 852/852/852 848/848/848
f 852/852/852 853/853/853 850/850/850
f 853/853/853 852/852/852 854/854/854
f 852/852/852 851/851/851 854/854/854
f 855/855/855 853/853/853 854/854/854
f 855/855/855 854/854/854 856/856/856
f 857/857/857 855/855/855 856/856/856
f 856/856/856 854/854/854 858/858/858
f 854/854/854 859/859/859 858/858/858
f 851/851/851 859/859/859 854/854/854
f 858/858/858 859/859/859 860/860/860
f 859/859/859 861/861/861 860/860/860
f 861/861/861 859/859/859 851/851/851
f 847/847/847 861/861/861 851/851/851
f 861/861/861 847/847/847 862/862/862
f 847/847/847 863/863/863 862/862/862
f 866/866/866 865/865/865 864/864/864
f 865/865/865 867/867/867 864/864/864
f 864/864/864 867/867/867 868/868/868
f 867/867/867 869/869/869 868/868/868
f 867/867/867 865/865/865 870/870/870
f 871/871/871 867/867/867 870/870/870
f 871/871/871 870/870/870 872/872/872
f 873/873/873 871/871/871 872/872/872
f 874/874/874 871/871/871 873/873/873
f 875/875/875 874/874/874 873/873/873
f 878/878/878 877/877/877 876/876/876
f 879/879/879 878/878/878 876/876/876
f 879/879/879 876/876/876 880/880/880
f 881/881/881 879/879/879 880/880/880
f 882/882/882 879/879/879 881/881/881
f 880/880/880 883/883/883 881/881/881
f 884/884/884 882/882/882 881/881/881
f 885/885/885 882/882/882 884/884/884
f 886/886/886 885/885/885 884/884/884
f 881/881/881 887/887/887 884/884/884
f 883/883/883 887/887/887 881/881/881
f 884/884/884 888/888/888 886/886/886
f 887/887/887 888/888/888 884/884/884
f 888/888/888 889/889/889 886/886/886
f 889/889/889 888/888/888 890/890/890
f 888/888/888 887/887/887 890/890/890
f 891/891/891 889/889/889 890/890/890
f 891/891/891 890/890/890 892/892/892
f 893/893/893 891/891/891 892/892/892
f 892/892/892 890/890/890 894/894/894
f 890/890/890 895/895/895 894/894/894
f 887/887/887 895/895/895 890/890/890
f 894/894/894 895/895/895 896/896/896
f 897/897/897 895/895/895 887/887/887
f 895/895/895 897/897/897 896/896/896
f 883/883/883 897/897/897 887/887/887
f 896/896/896 897/897/897 898/898/898
f 897/897/897 899/899/899 898/898/898
f 897/897/897 883/883/883 899/899/899
f 883/883/883 900/900/900 899/899/899
f 903/903/903 902/902/902 901/901/901
f 904/904/904 903/903/903 901/901/901
f 905/905/905 903/903/903 904/904/904
f 901/901/901 906/906/906 904/904/904
f 907/907/907 905/905/905 904/904/904
f 906/906/906 908/908/908 904/904/904
f 904/904/904 908/908/908 907/907/907
f 908/908/908 909/909/909 907/907/907
f 908/908/908 906/906/906 910/910/910
f 911/911/911 908/908/908 910/910/910
f 911/911/911 910/910/910 912/912/912
f 913/913/913 911/911/911 912/912/912
f 916/916/916 915/915/915 914/914/914
f 917/917/917 916/916/916 914/914/914
f 917/917/917 914/914/914 918/918/918
f 919/919/919 917/917/917 918/918/918
f 920/920/920 917/917/917 919/919/919
f 918/918/918 914/914/914 921/921/921
f 914/914/914 922/922/922 921/921/921
f 921/921/921 922/922/922 923/923/923
f 922/922/922 924/924/924 923/923/923
f 923/923/923 925/925/925 921/921/921
f 925/925/925 926/926/926 921/921/921
f 921/921/921 926/926/926 918/918/918
f 925/925/925 927/927/927 926/926/926
f 927/927/927 928/928/928 926/926/926
f 926/926/926 929/929/929 918/918/918
f 918/918/918 929/929/929 919/919/919
f 928/928/928 930/930/930 926/926/926
f 930/930/930 929/929/929 926/926/926
f 930/930/930 928/928/928 931/931/931
f 932/932/932 930/930/930 931/931/931
f 933/933/933 920/920/920 919/919/919
f 934/934/934 920/920/920 933/933/933
f 935/935/935 934/934/934 933/933/933
f 929/929/929 936/936/936 919/919/919
f 929/929/929 930/930/930 936/936/936
f 919/919/919 936/936/936 933/933/933
f 937/937/937 930/930/930 932/932/932
f 930/930/930 937/937/937 936/936/936
f 938/938/938 937/937/937 932/932/932
f 933/933/933 939/939/939 935/935/935
f 936/936/936 939/939/939 933/933/933
f 939/939/939 940/940/940 935/935/935
f 936/936/936 937/937/937 941/941/941
f 941/941/941 937/937/937 938/938/938
f 939/939/939 936/936/936 941/941/941
f 940/940/940 939/939/939 941/941/941
f 942/942/942 941/941/941 938/938/938
f 943/943/943 940/940/940 941/941/941
f 943/943/943 941/941/941 942/942/942
f 944/944/944 943/943/943 942/942/942
f 947/947/947 946/946/946 945/945/945
f 948/948/948 947/947/947 945/945/945
f 951/951/951 950/950/950 949/949/949
f 952/952/952 951/951/951 949/949/949
f 952/952/952 949/949/949 953/953/953
f 954/954/954 952/952/952 953/953/953
f 954/954/954 953/953/953 955/955/955
f 952/952/952 956/956/956 951/951/951
f 956/956/956 952/952/952 954/954/954
f 957/957/957 954/954/954 955/955/955
f 957/957/957 955/955/955 958/958/958
f 959/959/959 957/957/957 958/958/958
f 957/957/957 960/960/960 954/954/954
f 960/960/960 957/957/957 959/959/959
f 956/956/956 961/961/961 951/951/951
f 951/951/951 961/961/961 962/962/962
f 963/963/963 956/956/956 954/954/954
f 960/960/960 963/963/963 954/954/954
f 963/963/963 964/964/964 956/956/956
f 956/956/956 965/965/965 961/961/961
f 964/964/964 965/965/965 956/956/956
f 960/960/960 966/966/966 963/963/963
f 966/966/966 964/964/964 963/963/963
f 967/967/967 960/960/960 959/959/959
f 968/968/968 966/966/966 960/960/960
f 967/967/967 968/968/968 960/960/960
f 969/969/969 967/967/967 959/959/959
f 970/970/970 969/969/969 959/959/959
f 971/971/971 968/968/968 967/967/967
f 969/969/969 971/971/971 967/967/967
f 972/972/972 969/969/969 970/970/970
f 973/973/973 972/972/972 970/970/970
f 974/974/974 971/971/971 969/969/969
f 972/972/972 974/974/974 969/969/969
f 972/972/972 973/973/973 975/975/975
f 975/975/975 973/973/973 976/976/976
f 975/975/975 976/976/976 977/977/977
f 978/978/978 975/975/975 977/977/977
f 978/978/978 977/977/977 979/979/979
f 980/980/980 978/978/978 979/979/979
f 978/978/978 981/981/981 975/975/975
f 981/981/981 978/978/978 980/980/980
f 982/982/982 972/972/972 975/975/975
f 981/981/981 982/982/982 975/975/975
f 982/982/982 983/983/983 972/972/972
f 983/983/983 974/974/974 972/972/972
f 981/981/981 984/984/984 982/982/982
f 984/984/984 983/983/983 982/982/982
f 974/974/974 985/985/985 971/971/971
f 985/985/985 986/986/986 971/971/971
f 987/987/987 985/985/985 974/974/974
f 983/983/983 987/987/987 974/974/974
f 971/971/971 986/986/986 968/968/968
f 988/988/988 987/987/987 983/983/983
f 984/984/984 988/988/988 983/983/983
f 986/986/986 989/989/989 968/968/968
f 968/968/968 989/989/989 966/966/966
f 989/989/989 990/990/990 966/966/966
f 966/966/966 990/990/990 964/964/964
f 990/990/990 991/991/991 964/964/964
f 964/964/964 991/991/991 965/965/965
f 992/992/992 988/988/988 984/984/984
f 991/991/991 993/993/993 965/965/965
f 994/994/994 992/992/992 984/984/984
f 994/994/994 984/984/984 981/981/981
f 995/995/995 992/992/992 994/994/994
f 965/965/965 993/993/993 996/996/996
f 965/965/965 996/996/996 961/961/961
f 993/993/993 997/997/997 996/996/996
f 998/998/998 994/994/994 981/981/981
f 998/998/998 981/981/981 980/980/980
f 999/999/999 995/995/995 994/994/994
f 999/999/999 994/994/994 998/998/998
f 1000/1000/1000 995/995/995 999/999/999
f 1001/1001/1001 998/998/998 980/980/980
f 1001/1001/1001 999/999/999 998/998/998
f 1002/1002/1002 1001/1001/1001 980/980/980
f 1003/1003/1003 1000/1000/1000 999/999/999
f 1003/1003/1003 999/999/999 1001/1001/1001
f 1004/1004/1004 1000/1000/1000 1003/1003/1003
f 961/961/961 996/996/996 1005/1005/1005
f 961/961/961 1005/1005/1005 962/962/962
f 1006/1006/1006 1003/1003/1003 1001/1001/1001
f 1006/1006/1006 1001/1001/1001 1002/1002/1002
f 1007/1007/1007 1004/1004/1004 1003/1003/1003
f 1007/1007/1007 1003/1003/1003 1006/1006/1006
f 1008/1008/1008 1004/1004/1004 1007/1007/1007
f 996/996/996 1009/1009/1009 1005/1005/1005
f 996/996/996 997/997/997 1009/1009/1009
f 997/997/997 1010/1010/1010 1009/1009/1009
f 1005/1005/1005 1011/1011/1011 962/962/962
f 1005/1005/1005 1009/1009/1009 1011/1011/1011
f 1009/1009/1009 1010/1010/1010 1012/1012/1012
f 1009/1009/1009 1012/1012/1012 1011/1011/1011
f 1010/1010/1010 1013/1013/1013 1012/1012/1012
f 1014/1014/1014 1008/1008/1008 1007/1007/1007
f 1015/1015/1015 1008/1008/1008 1014/1014/1014
f 1012/1012/1012 1013/1013/1013 1016/1016/1016
f 1013/1013/1013 1017/1017/1017 1016/1016/1016
f 1011/1011/1011 1018/1018/1018 962/962/962
f 1019/1019/1019 962/962/962 1018/1018/1018
f 1020/1020/1020 1019/1019/1019 1018/1018/1018
f 1020/1020/1020 1018/1018/1018 1021/1021/1021
f 1018/1018/1018 1011/1011/1011 1021/1021/1021
f 1022/1022/1022 1020/1020/1020 1021/1021/1021
f 1011/1011/1011 1012/1012/1012 1023/1023/1023
f 1012/1012/1012 1016/1016/1016 1023/1023/1023
f 1011/1011/1011 1023/1023/1023 1021/1021/1021
f 1016/1016/1016 1017/1017/1017 1024/1024/1024
f 1017/1017/1017 1025/1025/1025 1024/1024/1024
f 1023/1023/1023 1016/1016/1016 1026/1026/1026
f 1023/1023/1023 1026/1026/1026 1021/1021/1021
f 1016/1016/1016 1024/1024/1024 1026/1026/1026
f 1022/1022/1022 1021/1021/1021 1027/1027/1027
f 1026/1026/1026 1027/1027/1027 1021/1021/1021
f 1028/1028/1028 1022/1022/1022 1027/1027/1027
f 1028/1028/1028 1027/1027/1027 1029/1029/1029
f 1027/1027/1027 1026/1026/1026 1029/1029/1029
f 1030/1030/1030 1028/1028/1028 1029/1029/1029
f 1026/1026/1026 1031/1031/1031 1029/1029/1029
f 1026/1026/1026 1024/1024/1024 1031/1031/1031
f 1029/1029/1029 1031/1031/1031 1032/1032/1032
f 1024/1024/1024 1025/1025/1025 1033/1033/1033
f 1024/1024/1024 1033/1033/1033 1031/1031/1031
f 1025/1025/1025 1034/1034/1034 1033/1033/1033
f 1031/1031/1031 1035/1035/1035 1032/1032/1032
f 1031/1031/1031 1033/1033/1033 1035/1035/1035
f 1033/1033/1033 1034/1034/1034 1036/1036/1036
f 1033/1033/1033 1036/1036/1036 1035/1035/1035
f 1034/1034/1034 1015/1015/1015 1036/1036/1036
f 1036/1036/1036 1015/1015/1015 1014/1014/1014
f 1035/1035/1035 1037/1037/1037 1032/1032/1032
f 1035/1035/1035 1036/1036/1036 1037/1037/1037
f 1036/1036/1036 1014/1014/1014 1037/1037/1037
f 1037/1037/1037 1038/1038/1038 1032/1032/1032
f 1037/1037/1037 1014/1014/1014 1039/1039/1039
f 1014/1014/1014 1007/1007/1007 1039/1039/1039
f 1039/1039/1039 1007/1007/1007 1006/1006/1006
f 1038/1038/1038 1037/1037/1037 1040/1040/1040
f 1037/1037/1037 1039/1039/1039 1040/1040/1040
f 1039/1039/1039 1006/1006/1006 1040/1040/1040
f 1038/1038/1038 1040/1040/1040 1041/1041/1041
f 1040/1040/1040 1042/1042/1042 1041/1041/1041
f 1006/1006/1006 1043/1043/1043 1040/1040/1040
f 1040/1040/1040 1043/1043/1043 1042/1042/1042
f 1043/1043/1043 1006/1006/1006 1002/1002/1002
f 1043/1043/1043 1044/1044/1044 1042/1042/1042
f 1043/1043/1043 1002/1002/1002 1044/1044/1044
f 1002/1002/1002 1045/1045/1045 1044/1044/1044
f 1048/1048/1048 1047/1047/1047 1046/1046/1046
f 1049/1049/1049 1048/1048/1048 1046/1046/1046
f 1049/1049/1049 1046/1046/1046 1050/1050/1050
f 1053/1053/1053 1052/1052/1052 1051/1051/1051
f 1054/1054/1054 1053/1053/1053 1051/1051/1051
f 1057/1057/1057 1056/1056/1056 1055/1055/1055
f 1056/1056/1056 1058/1058/1058 1055/1055/1055
f 1055/1055/1055 1058/1058/1058 1059/1059/1059
f 1058/1058/1058 1060/1060/1060 1059/1059/1059
f 1056/1056/1056 1061/1061/1061 1058/1058/1058
f 1058/1058/1058 1062/1062/1062 1060/1060/1060
f 1061/1061/1061 1062/1062/1062 1058/1058/1058
f 1062/1062/1062 1063/1063/1063 1060/1060/1060
f 1063/1063/1063 1062/1062/1062 1064/1064/1064
f 1062/1062/1062 1061/1061/1061 1065/1065/1065
f 1062/1062/1062 1065/1065/1065 1064/1064/1064
f 1061/1061/1061 1066/1066/1066 1065/1065/1065
f 1066/1066/1066 1067/1067/1067 1065/1065/1065
f 1067/1067/1067 1068/1068/1068 1065/1065/1065
f 1065/1065/1065 1068/1068/1068 1064/1064/1064
f 1068/1068/1068 1069/1069/1069 1064/1064/1064
f 1068/1068/1068 1070/1070/1070 1069/1069/1069
f 1070/1070/1070 1071/1071/1071 1069/1069/1069
f 1074/1074/1074 1073/1073/1073 1072/1072/1072
f 1073/1073/1073 1075/1075/1075 1072/1072/1072
f 1078/1078/1078 1077/1077/1077 1076/1076/1076
f 1077/1077/1077 1079/1079/1079 1076/1076/1076
f 1076/1076/1076 1079/1079/1079 1080/1080/1080
f 1079/1079/1079 1081/1081/1081 1080/1080/1080
f 1077/1077/1077 1082/1082/1082 1079/1079/1079
f 1079/1079/1079 1083/1083/1083 1081/1081/1081
f 1082/1082/1082 1083/1083/1083 1079/1079/1079
f 1083/1083/1083 1084/1084/1084 1081/1081/1081
f 1084/1084/1084 1083/1083/1083 1085/1085/1085
f 1083/1083/1083 1082/1082/1082 1086/1086/1086
f 1083/1083/1083 1086/1086/1086 1085/1085/1085
f 1082/1082/1082 1087/1087/1087 1086/1086/1086
f 1087/1087/1087 1088/1088/1088 1086/1086/1086
f 1086/1086/1086 1089/1089/1089 1085/1085/1085
f 1088/1088/1088 1089/1089/1089 1086/1086/1086
f 1088/1088/1088 1090/1090/1090 1089/1089/1089
f 1089/1089/1089 1091/1091/1091 1085/1085/1085
f 1090/1090/1090 1092/1092/1092 1089/1089/1089
f 1089/1089/1089 1092/1092/1092 1091/1091/1091
f 1092/1092/1092 1093/1093/1093 1091/1091/1091
f 1096/1096/1096 1095/1095/1095 1094/1094/1094
f 1095/1095/1095 1097/1097/1097 1094/1094/1094
f 1094/1094/1094 1097/1097/1097 1098/1098/1098
f 1097/1097/1097 1099/1099/1099 1098/1098/1098
f 1095/1095/1095 1100/1100/1100 1097/1097/1097
f 1097/1097/1097 1101/1101/1101 1099/1099/1099
f 1100/1100/1100 1101/1101/1101 1097/1097/1097
f 1101/1101/1101 1102/1102/1102 1099/1099/1099
f 1102/1102/1102 1101/1101/1101 1103/1103/1103
f 1101/1101/1101 1100/1100/1100 1104/1104/1104
f 1101/1101/1101 1104/1104/1104 1103/1103/1103
f 1100/1100/1100 1105/1105/1105 1104/1104/1104
f 1104/1104/1104 1105/1105/1105 1106/1106/1106
f 1103/1103/1103 1104/1104/1104 1107/1107/1107
f 1107/1107/1107 1104/1104/1104 1106/1106/1106
f 1108/1108/1108 1103/1103/1103 1107/1107/1107
f 1107/1107/1107 1106/1106/1106 1109/1109/1109
f 1110/1110/1110 1107/1107/1107 1109/1109/1109
f 1113/1113/1113 1112/1112/1112 1111/1111/1111
f 1114/1114/1114 1113/1113/1113 1111/1111/1111
f 1117/1117/1117 1116/1116/1116 1115/1115/1115
f 1115/1115/1115 1118/1118/1118 1117/1117/1117
f 1115/1115/1115 1119/1119/1119 1118/1118/1118
f 1119/1119/1119 1120/1120/1120 1118/1118/1118
f 1119/1119/1119 1121/1121/1121 1120/1120/1120
f 1121/1121/1121 1122/1122/1122 1120/1120/1120
f 1121/1121/1121 1123/1123/1123 1122/1122/1122
f 1123/1123/1123 1124/1124/1124 1122/1122/1122
f 1123/1123/1123 1125/1125/1125 1124/1124/1124
f 1125/1125/1125 1126/1126/1126 1124/1124/1124
f 1125/1125/1125 1127/1127/1127 1126/1126/1126
f 1127/1127/1127 1128/1128/1128 1126/1126/1126
f 1127/1127/1127 1129/1129/1129 1128/1128/1128
f 1129/1129/1129 1130/1130/1130 1128/1128/1128
f 1129/1129/1129 1131/1131/1131 1130/1130/1130
f 1131/1131/1131 1132/1132/1132 1130/1130/1130
f 1131/1131/1131 1133/1133/1133 1132/1132/1132
f 1133/1133/1133 1134/1134/1134 1132/1132/1132
f 1137/1137/1137 1136/1136/1136 1135/1135/1135
f 1138/1138/1138 1137/1137/1137 1135/1135/1135
f 1139/1139/1139 1137/1137/1137 1138/1138/1138
f 1140/1140/1140 1139/1139/1139 1138/1138/1138
f 1138/1138/1138 1135/1135/1135 1141/1141/1141
f 1140/1140/1140 1138/1138/1138 1142/1142/1142
f 1142/1142/1142 1138/1138/1138 1141/1141/1141
f 1143/1143/1143 1140/1140/1140 1142/1142/1142
f 1143/1143/1143 1142/1142/1142 1144/1144/1144
f 1142/1142/1142 1141/1141/1141 1145/1145/1145
f 1142/1142/1142 1145/1145/1145 1144/1144/1144
f 1141/1141/1141 1146/1146/1146 1145/1145/1145
f 1146/1146/1146 1147/1147/1147 1145/1145/1145
f 1145/1145/1145 1148/1148/1148 1144/1144/1144
f 1147/1147/1147 1148/1148/1148 1145/1145/1145
f 1147/1147/1147 1149/1149/1149 1148/1148/1148
f 1148/1148/1148 1150/1150/1150 1144/1144/1144
f 1149/1149/1149 1151/1151/1151 1148/1148/1148
f 1148/1148/1148 1151/1151/1151 1150/1150/1150
f 1151/1151/1151 1152/1152/1152 1150/1150/1150
f 1155/1155/1155 1154/1154/1154 1153/1153/1153
f 1153/1153/1153 1156/1156/1156 1155/1155/1155
f 1153/1153/1153 1157/1157/1157 1156/1156/1156
f 1157/1157/1157 1158/1158/1158 1156/1156/1156
f 1158/1158/1158 1159/1159/1159 1156/1156/1156
f 1158/1158/1158 1160/1160/1160 1159/1159/1159
f 1160/1160/1160 1161/1161/1161 1159/1159/1159
f 1160/1160/1160 1162/1162/1162 1161/1161/1161
f 1165/1165/1165 1164/1164/1164 1163/1163/1163
f 1163/1163/1163 1166/1166/1166 1165/1165/1165
f 1163/1163/1163 1167/1167/1167 1166/1166/1166
f 1163/1163/1163 1168/1168/1168 1167/1167/1167
f 1168/1168/1168 1169/1169/1169 1167/1167/1167
f 1169/1169/1169 1170/1170/1170 1167/1167/1167
f 1169/1169/1169 1171/1171/1171 1170/1170/1170
f 1171/1171/1171 1172/1172/1172 1170/1170/1170
f 1175/1175/1175 1174/1174/1174 1173/1173/1173
f 1175/1175/1175 1173/1173/1173 1176/1176/1176
f 1177/1177/1177 1175/1175/1175 1176/1176/1176
f 1177/1177/1177 1176/1176/1176 1178/1178/1178
f 1177/1177/1177 1178/1178/1178 1179/1179/1179
f 1180/1180/1180 1177/1177/1177 1179/1179/1179
f 1181/1181/1181 1180/1180/1180 1179/1179/1179
f 1179/1179/1179 1182/1182/1182 1181/1181/1181
f 1185/1185/1185 1184/1184/1184 1183/1183/1183
f 1186/1186/1186 1185/1185/1185 1183/1183/1183
f 1186/1186/1186 1183/1183/1183 1187/1187/1187
f 1188/1188/1188 1186/1186/1186 1187/1187/1187
f 1188/1188/1188 1187/1187/1187 1189/1189/1189
f 1188/1188/1188 1189/1189/1189 1190/1190/1190
f 1191/1191/1191 1188/1188/1188 1190/1190/1190
f 1190/1190/1190 1192/1192/1192 1191/1191/1191
f 1195/1195/1195 1194/1194/1194 1193/1193/1193
f 1193/1193/1193 1196/1196/1196 1195/1195/1195
f 1196/1196/1196 1197/1197/1197 1195/1195/1195
f 1196/1196/1196 1198/1198/1198 1197/1197/1197
f 1198/1198/1198 1199/1199/1199 1197/1197/1197
f 1198/1198/1198 1200/1200/1200 1199/1199/1199
f 1200/1200/1200 1201/1201/1201 1199/1199/1199
f 1200/1200/1200 1202/1202/1202 1201/1201/1201
f 1202/1202/1202 1203/1203/1203 1201/1201/1201
f 1202/1202/1202 1204/1204/1204 1203/1203/1203
f 1204/1204/1204 1205/1205/1205 1203/1203/1203
f 1204/1204/1204 1206/1206/1206 1205/1205/1205
f 1206/1206/1206 1207/1207/1207 1205/1205/1205
f 1206/1206/1206 1208/1208/1208 1207/1207/1207
f 1211/1211/1211 1210/1210/1210 1209/1209/1209
f 1212/1212/1212 1211/1211/1211 1209/1209/1209
f 1212/1212/1212 1209/1209/1209 1213/1213/1213
f 1214/1214/1214 1212/1212/1212 1213/1213/1213
f 1214/1214/1214 1213/1213/1213 1215/1215/1215
f 1216/1216/1216 1214/1214/1214 1215/1215/1215
f 1219/1219/1219 1218/1218/1218 1217/1217/1217
f 1218/1218/1218 1220/1220/1220 1217/1217/1217
f 1218/1218/1218 1221/1221/1221 1220/1220/1220
f 1221/1221/1221 1222/1222/1222 1220/1220/1220
f 1221/1221/1221 1223/1223/1223 1222/1222/1222
f 1223/1223/1223 1224/1224/1224 1222/1222/1222
f 1223/1223/1223 1225/1225/1225 1224/1224/1224
f 1225/1225/1225 1226/1226/1226 1224/1224/1224
f 1229/1229/1229 1228/1228/1228 1227/1227/1227
f 1228/1228/1228 1230/1230/1230 1227/1227/1227
f 1228/1228/1228 1231/1231/1231 1230/1230/1230
f 1231/1231/1231 1232/1232/1232 1230/1230/1230
f 1231/1231/1231 1233/1233/1233 1232/1232/1232
f 1233/1233/1233 1234/1234/1234 1232/1232/1232
f 1237/1237/1237 1236/1236/1236 1235/1235/1235
f 1236/1236/1236 1238/1238/1238 1235/1235/1235
f 1236/1236/1236 1239/1239/1239 1238/1238/1238
f 1242/1242/1242 1241/1241/1241 1240/1240/1240
f 1242/1242/1242 1243/1243/1243 1241/1241/1241
f 1243/1243/1243 1244/1244/1244 1241/1241/1241
f 1247/1247/1247 1246/1246/1246 1245/1245/1245
f 1246/1246/1246 1248/1248/1248 1245/1245/1245
f 1246/1246/1246 1249/1249/1249 1248/1248/1248
f 1249/1249/1249 1250/1250/1250 1248/1248/1248
f 1253/1253/1253 1252/1252/1252 1251/1251/1251
f 1252/1252/1252 1254/1254/1254 1251/1251/1251
f 1257/1257/1257 1256/1256/1256 1255/1255/1255
f 1256/1256/1256 1258/1258/1258 1255/1255/1255
f 1255/1255/1255 1258/1258/1258 1259/1259/1259
f 1258/1258/1258 1260/1260/1260 1259/1259/1259
f 1259/1259/1259 1260/1260/1260 1261/1261/1261
f 1260/1260/1260 1262/1262/1262 1261/1261/1261
f 1261/1261/1261 1262/1262/1262 1263/1263/1263
f 1262/1262/1262 1264/1264/1264 1263/1263/1263
f 1263/1263/1263 1264/1264/1264 1265/1265/1265
f 1264/1264/1264 1266/1266/1266 1265/1265/1265
f 1269/1269/1269 1268/1268/1268 1267/1267/1267
f 1268/1268/1268 1270/1270/1270 1267/1267/1267
f 1267/1267/1267 1270/1270/1270 1271/1271/1271
f 1270/1270/1270 1272/1272/1272 1271/1271/1271
f 1271/1271/1271 1272/1272/1272 1273/1273/1273
f 1272/1272/1272 1270/1270/1270 1274/1274/1274
f 1274/1274/1274 1270/1270/1270 1275/1275/1275
f 1270/1270/1270 1268/1268/1268 1275/1275/1275
f 1275/1275/1275 1268/1268/1268 1276/1276/1276
f 1268/1268/1268 1277/1277/1277 1276/1276/1276
f 1276/1276/1276 1277/1277/1277 1278/1278/1278
f 1277/1277/1277 1279/1279/1279 1278/1278/1278
f 1278/1278/1278 1279/1279/1279 1280/1280/1280
f 1279/1279/1279 1281/1281/1281 1280/1280/1280
f 1280/1280/1280 1281/1281/1281 1282/1282/1282
f 1281/1281/1281 1283/1283/1283 1282/1282/1282
f 1282/1282/1282 1283/1283/1283 1284/1284/1284
f 1272/1272/1272 1285/1285/1285 1273/1273/1273
f 1283/1283/1283 1286/1286/1286 1284/1284/1284
f 1273/1273/1273 1285/1285/1285 1287/1287/1287
f 1284/1284/1284 1286/1286/1286 1288/1288/1288
f 1285/1285/1285 1289/1289/1289 1287/1287/1287
f 1289/1289/1289 1285/1285/1285 1290/1290/1290
f 1287/1287/1287 1289/1289/1289 1291/1291/1291
f 1292/1292/1292 1289/1289/1289 1290/1290/1290
f 1286/1286/1286 1293/1293/1293 1288/1288/1288
f 1293/1293/1293 1286/1286/1286 1294/1294/1294
f 1288/1288/1288 1293/1293/1293 1295/1295/1295
f 1296/1296/1296 1293/1293/1293 1294/1294/1294
f 1289/1289/1289 1297/1297/1297 1291/1291/1291
f 1297/1297/1297 1289/1289/1289 1292/1292/1292
f 1291/1291/1291 1297/1297/1297 1298/1298/1298
f 1299/1299/1299 1297/1297/1297 1292/1292/1292
f 1293/1293/1293 1300/1300/1300 1295/1295/1295
f 1300/1300/1300 1293/1293/1293 1296/1296/1296
f 1295/1295/1295 1300/1300/1300 1301/1301/1301
f 1302/1302/1302 1300/1300/1300 1296/1296/1296
f 1297/1297/1297 1303/1303/1303 1298/1298/1298
f 1303/1303/1303 1297/1297/1297 1299/1299/1299
f 1298/1298/1298 1303/1303/1303 1304/1304/1304
f 1305/1305/1305 1303/1303/1303 1299/1299/1299
f 1300/1300/1300 1306/1306/1306 1301/1301/1301
f 1306/1306/1306 1300/1300/1300 1302/1302/1302
f 1301/1301/1301 1306/1306/1306 1307/1307/1307
f 1308/1308/1308 1306/1306/1306 1302/1302/1302
f 1303/1303/1303 1309/1309/1309 1304/1304/1304
f 1309/1309/1309 1303/1303/1303 1305/1305/1305
f 1307/1307/1307 1309/1309/1309 1305/1305/1305
f 1306/1306/1306 1309/1309/1309 1307/1307/1307
f 1309/1309/1309 1306/1306/1306 1308/1308/1308
f 1304/1304/1304 1309/1309/1309 1308/1308/1308
f 1312/1312/1312 1311/1311/1311 1310/1310/1310
f 1311/1311/1311 1313/1313/1313 1310/1310/1310
f 1310/1310/1310 1313/1313/1313 1314/1314/1314
f 1317/1317/1317 1316/1316/1316 1315/1315/1315
f 1315/1315/1315 1318/1318/1318 1317/1317/1317
f 1318/1318/1318 1319/1319/1319 1317/1317/1317
f 1318/1318/1318 1320/1320/1320 1319/1319/1319
f 1320/1320/1320 1321/1321/1321 1319/1319/1319
f 1320/1320/1320 1322/1322/1322 1321/1321/1321
f 1322/1322/1322 1323/1323/1323 1321/1321/1321
f 1322/1322/1322 1324/1324/1324 1323/1323/1323
f 1324/1324/1324 1325/1325/1325 1323/1323/1323
f 1324/1324/1324 1326/1326/1326 1325/1325/1325
f 1326/1326/1326 1327/1327/1327 1325/1325/1325
f 1326/1326/1326 1328/1328/1328 1327/1327/1327
f 1328/1328/1328 1329/1329/1329 1327/1327/1327
f 1328/1328/1328 1330/1330/1330 1329/1329/1329
f 1333/1333/1333 1332/1332/1332 1331/1331/1331
f 1332/1332/1332 1334/1334/1334 1331/1331/1331
f 1331/1331/1331 1334/1334/1334 1335/1335/1335
f 1334/1334/1334 1336/1336/1336 1335/1335/1335
f 1335/1335/1335 1336/1336/1336 1337/1337/1337
f 1336/1336/1336 1338/1338/1338 1337/1337/1337
f 1341/1341/1341 1340/1340/1340 1339/1339/1339
f 1342/1342/1342 1341/1341/1341 1339/1339/1339
f 1343/1343/1343 1341/1341/1341 1342/1342/1342
f 1344/1344/1344 1343/1343/1343 1342/1342/1342
f 1345/1345/1345 1343/1343/1343 1344/1344/1344
f 1346/1346/1346 1345/1345/1345 1344/1344/1344
f 1349/1349/1349 1348/1348/1348 1347/1347/1347
f 1350/1350/1350 1349/1349/1349 1347/1347/1347
f 1353/1353/1353 1352/1352/1352 1351/1351/1351
f 1354/1354/1354 1352/1352/1352 1353/1353/1353
f 1355/1355/1355 1354/1354/1354 1353/1353/1353
f 1358/1358/1358 1357/1357/1357 1356/1356/1356
f 1359/1359/1359 1357/1357/1357 1358/1358/1358
f 1360/1360/1360 1359/1359/1359 1358/1358/1358
f 1361/1361/1361 1359/1359/1359 1360/1360/1360
f 1362/1362/1362 1361/1361/1361 1360/1360/1360
f 1363/1363/1363 1361/1361/1361 1362/1362/1362
f 1364/1364/1364 1363/1363/1363 1362/1362/1362
f 1365/1365/1365 1363/1363/1363 1364/1364/1364
f 1366/1366/1366 1365/1365/1365 1364/1364/1364
f 1367/1367/1367 1365/1365/1365 1366/1366/1366
f 1368/1368/1368 1367/1367/1367 1366/1366/1366
f 1371/1371/1371 1370/1370/1370 1369/1369/1369
f 1370/1370/1370 1372/1372/1372 1369/1369/1369
f 1369/1369/1369 1372/1372/1372 1373/1373/1373
f 1372/1372/1372 1374/1374/1374 1373/1373/1373
f 1377/1377/1377 1376/1376/1376 1375/1375/1375
f 1376/1376/1376 1378/1378/1378 1375/1375/1375
f 1375/1375/1375 1378/1378/1378 1379/1379/1379
f 1378/1378/1378 1380/1380/1380 1379/1379/1379
f 1383/1383/1383 1382/1382/1382 1381/1381/1381
f 1384/1384/1384 1383/1383/1383 1381/1381/1381
f 1385/1385/1385 1383/1383/1383 1384/1384/1384
f 1386/1386/1386 1385/1385/1385 1384/1384/1384
f 1387/1387/1387 1385/1385/1385 1386/1386/1386
f 1388/1388/1388 1387/1387/1387 1386/1386/1386
f 1391/1391/1391 1390/1390/1390 1389/1389/1389
f 1392/1392/1392 1391/1391/1391 1389/1389/1389
f 1395/1395/1395 1394/1394/1394 1393/1393/1393
f 1396/1396/1396 1395/1395/1395 1393/1393/1393
f 1397/1397/1397 1395/1395/1395 1396/1396/1396
f 1398/1398/1398 1397/1397/1397 1396/1396/1396
f 1399/1399/1399 1397/1397/1397 1398/1398/1398
f 1402/1402/1402 1401/1401/1401 1400/1400/1400
f 1403/1403/1403 1401/1401/1401 1402/1402/1402
f 1404/1404/1404 1403/1403/1403 1402/1402/1402
f 1407/1407/1407 1406/1406/1406 1405/1405/1405
f 1408/1408/1408 1407/1407/1407 1405/1405/1405
f 1411/1411/1411 1410/1410/1410 1409/1409/1409
f 1412/1412/1412 1411/1411/1411 1409/1409/1409
f 1413/1413/1413 1411/1411/1411 1412/1412/1412
f 1414/1414/1414 1413/1413/1413 1412/1412/1412
f 1415/1415/1415 1413/1413/1413 1414/1414/1414
f 1416/1416/1416 1415/1415/1415 1414/1414/1414
f 1419/1419/1419 1418/1418/1418 1417/1417/1417
f 1418/1418/1418 1420/1420/1420 1417/1417/1417
f 1420/1420/1420 1421/1421/1421 1417/1417/1417
f 1422/1422/1422 1417/1417/1417 1421/1421/1421
f 1423/1423/1423 1422/1422/1422 1421/1421/1421
f 1422/1422/1422 1423/1423/1423 1424/1424/1424
f 1423/1423/1423 1425/1425/1425 1424/1424/1424
f 1426/1426/1426 1424/1424/1424 1425/1425/1425
f 1427/1427/1427 1426/1426/1426 1425/1425/1425
f 1428/1428/1428 1426/1426/1426 1427/1427/1427
f 1429/1429/1429 1428/1428/1428 1427/1427/1427
f 1430/1430/1430 1428/1428/1428 1429/1429/1429
f 1431/1431/1431 1430/1430/1430 1429/1429/1429
f 1430/1430/1430 1431/1431/1431 1432/1432/1432
f 1433/1433/1433 1430/1430/1430 1432/1432/1432
f 1433/1433/1433 1432/1432/1432 1434/1434/1434
f 1435/1435/1435 1433/1433/1433 1434/1434/1434
f 1434/1434/1434 1436/1436/1436 1435/1435/1435
f 1436/1436/1436 1437/1437/1437 1435/1435/1435
f 1437/1437/1437 1436/1436/1436 1438/1438/1438
f 1439/1439/1439 1437/1437/1437 1438/1438/1438
f 1439/1439/1439 1438/1438/1438 1440/1440/1440
f 1439/1439/1439 1440/1440/1440 1441/1441/1441
f 1439/1439/1439 1441/1441/1441 1442/1442/1442
f 1428/1428/1428 1430/1430/1430 1443/1443/1443
f 1443/1443/1443 1430/1430/1430 1444/1444/1444
f 1430/1430/1430 1433/1433/1433 1444/1444/1444
f 1445/1445/1445 1428/1428/1428 1443/1443/1443
f 1444/1444/1444 1433/1433/1433 1446/1446/1446
f 1433/1433/1433 1435/1435/1435 1446/1446/1446
f 1426/1426/1426 1428/1428/1428 1445/1445/1445
f 1446/1446/1446 1435/1435/1435 1447/1447/1447
f 1435/1435/1435 1437/1437/1437 1447/1447/1447
f 1448/1448/1448 1426/1426/1426 1445/1445/1445
f 1447/1447/1447 1437/1437/1437 1449/1449/1449
f 1437/1437/1437 1439/1439/1439 1449/1449/1449
f 1424/1424/1424 1426/1426/1426 1448/1448/1448
f 1450/1450/1450 1424/1424/1424 1448/1448/1448
f 1422/1422/1422 1424/1424/1424 1450/1450/1450
f 1451/1451/1451 1422/1422/1422 1450/1450/1450
f 1417/1417/1417 1422/1422/1422 1451/1451/1451
f 1449/1449/1449 1439/1439/1439 1452/1452/1452
f 1453/1453/1453 1417/1417/1417 1451/1451/1451
f 1439/1439/1439 1454/1454/1454 1452/1452/1452
f 1452/1452/1452 1454/1454/1454 1455/1455/1455
f 1442/1442/1442 1454/1454/1454 1439/1439/1439
f 1456/1456/1456 1417/1417/1417 1453/1453/1453
f 1457/1457/1457 1456/1456/1456 1453/1453/1453
f 1417/1417/1417 1456/1456/1456 1419/1419/1419
f 1454/1454/1454 1458/1458/1458 1455/1455/1455
f 1458/1458/1458 1454/1454/1454 1442/1442/1442
f 1455/1455/1455 1458/1458/1458 1459/1459/1459
f 1460/1460/1460 1458/1458/1458 1442/1442/1442
f 1461/1461/1461 1456/1456/1456 1457/1457/1457
f 1456/1456/1456 1461/1461/1461 1419/1419/1419
f 1462/1462/1462 1461/1461/1461 1457/1457/1457
f 1461/1461/1461 1463/1463/1463 1419/1419/1419
f 1458/1458/1458 1464/1464/1464 1459/1459/1459
f 1458/1458/1458 1460/1460/1460 1464/1464/1464
f 1459/1459/1459 1464/1464/1464 1465/1465/1465
f 1460/1460/1460 1466/1466/1466 1464/1464/1464
f 1467/1467/1467 1461/1461/1461 1462/1462/1462
f 1461/1461/1461 1467/1467/1467 1463/1463/1463
f 1468/1468/1468 1467/1467/1467 1462/1462/1462
f 1467/1467/1467 1469/1469/1469 1463/1463/1463
f 1464/1464/1464 1470/1470/1470 1465/1465/1465
f 1470/1470/1470 1464/1464/1464 1466/1466/1466
f 1465/1465/1465 1470/1470/1470 1471/1471/1471
f 1472/1472/1472 1470/1470/1470 1466/1466/1466
f 1473/1473/1473 1467/1467/1467 1468/1468/1468
f 1467/1467/1467 1473/1473/1473 1469/1469/1469
f 1474/1474/1474 1473/1473/1473 1468/1468/1468
f 1473/1473/1473 1475/1475/1475 1469/1469/1469
f 1470/1470/1470 1476/1476/1476 1471/1471/1471
f 1476/1476/1476 1470/1470/1470 1472/1472/1472
f 1477/1477/1477 1476/1476/1476 1472/1472/1472
f 1471/1471/1471 1476/1476/1476 1478/1478/1478
f 1476/1476/1476 1477/1477/1477 1479/1479/1479
f 1480/1480/1480 1473/1473/1473 1474/1474/1474
f 1473/1473/1473 1480/1480/1480 1475/1475/1475
f 1478/1478/1478 1480/1480/1480 1474/1474/1474
f 1480/1480/1480 1479/1479/1479 1475/1475/1475
f 1479/1479/1479 1480/1480/1480 1476/1476/1476
f 1476/1476/1476 1480/1480/1480 1478/1478/1478
f 1483/1483/1483 1482/1482/1482 1481/1481/1481
f 1482/1482/1482 1484/1484/1484 1481/1481/1481
f 1485/1485/1485 1482/1482/1482 1483/1483/1483
f 1481/1481/1481 1484/1484/1484 1486/1486/1486
f 1487/1487/1487 1485/1485/1485 1483/1483/1483
f 1484/1484/1484 1488/1488/1488 1486/1486/1486
f 1489/1489/1489 1485/1485/1485 1487/1487/1487
f 1486/1486/1486 1488/1488/1488 1490/1490/1490
f 1491/1491/1491 1489/1489/1489 1487/1487/1487
f 1488/1488/1488 1492/1492/1492 1490/1490/1490
f 1493/1493/1493 1489/1489/1489 1491/1491/1491
f 1490/1490/1490 1492/1492/1492 1494/1494/1494
f 1495/1495/1495 1493/1493/1493 1491/1491/1491
f 1492/1492/1492 1496/1496/1496 1494/1494/1494
f 1497/1497/1497 1493/1493/1493 1495/1495/1495
f 1494/1494/1494 1496/1496/1496 1498/1498/1498
f 1499/1499/1499 1497/1497/1497 1495/1495/1495
f 1496/1496/1496 1500/1500/1500 1498/1498/1498
f 1501/1501/1501 1497/1497/1497 1499/1499/1499
f 1498/1498/1498 1500/1500/1500 1502/1502/1502
f 1503/1503/1503 1501/1501/1501 1499/1499/1499
f 1500/1500/1500 1504/1504/1504 1502/1502/1502
f 1505/1505/1505 1501/1501/1501 1503/1503/1503
f 1502/1502/1502 1504/1504/1504 1506/1506/1506
f 1507/1507/1507 1505/1505/1505 1503/1503/1503
f 1504/1504/1504 1508/1508/1508 1506/1506/1506
f 1509/1509/1509 1505/1505/1505 1507/1507/1507
f 1506/1506/1506 1508/1508/1508 1510/1510/1510
f 1511/1511/1511 1509/1509/1509 1507/1507/1507
f 1508/1508/1508 1512/1512/1512 1510/1510/1510
f 1513/1513/1513 1509/1509/1509 1511/1511/1511
f 1510/1510/1510 1512/1512/1512 1514/1514/1514
f 1515/1515/1515 1513/1513/1513 1511/1511/1511
f 1512/1512/1512 1516/1516/1516 1514/1514/1514
f 1517/1517/1517 1513/1513/1513 1515/1515/1515
f 1514/1514/1514 1516/1516/1516 1518/1518/1518
f 1519/1519/1519 1517/1517/1517 1515/1515/1515
f 1516/1516/1516 1520/1520/1520 1518/1518/1518
f 1521/1521/1521 1517/1517/1517 1519/1519/1519
f 1518/1518/1518 1520/1520/1520 1522/1522/1522
f 1523/1523/1523 1521/1521/1521 1519/1519/1519
f 1520/1520/1520 1524/1524/1524 1522/1522/1522
f 1525/1525/1525 1521/1521/1521 1523/1523/1523
f 1522/1522/1522 1524/1524/1524 1526/1526/1526
f 1527/1527/1527 1525/1525/1525 1523/1523/1523
f 1524/1524/1524 1528/1528/1528 1526/1526/1526
f 1529/1529/1529 1525/1525/1525 1527/1527/1527
f 1526/1526/1526 1528/1528/1528 1530/1530/1530
f 1531/1531/1531 1529/1529/1529 1527/1527/1527
f 1528/1528/1528 1532/1532/1532 1530/1530/1530
f 1533/1533/1533 1529/1529/1529 1531/1531/1531
f 1530/1530/1530 1532/1532/1532 1534/1534/1534
f 1535/1535/1535 1533/1533/1533 1531/1531/1531
f 1532/1532/1532 1536/1536/1536 1534/1534/1534
f 1536/1536/1536 1533/1533/1533 1535/1535/1535
f 1534/1534/1534 1536/1536/1536 1535/1535/1535
