#usda 1.0
(
    customLayerData = {
        string creator = "Ai2-THOR MJCF-USD converter"
    }
    defaultPrim = "Coffee_Table_315_1"
    doc = """Generated from Composed Stage of root layer /home/gregor/workspace/ai2/isaac-thor-worktree/dev-wilbert/assets/usd/objects/thor/Coffee_Table_315_1_prim/Coffee_Table_315_1_prim.usda
"""
    kilogramsPerUnit = 1
    metersPerUnit = 1
    upAxis = "Z"
)

def Xform "Coffee_Table_315_1" (
    apiSchemas = ["GeomModelAPI"]
    assetInfo = {
        string name = "Coffee_Table_315_1"
    }
    kind = "component"
)
{
    float3[] extentsHint = [(-0.36355, -0.26643, -0.37797016), (0.3634, 0.26483002, 0.37797), (3.4028235e38, 3.4028235e38, 3.4028235e38), (-3.4028235e38, -3.4028235e38, -3.4028235e38), (3.4028235e38, 3.4028235e38, 3.4028235e38), (-3.4028235e38, -3.4028235e38, -3.4028235e38), (-0.362924, -0.26814, -0.37862736), (0.362924, 0.2681469, 0.3786275)]

    def Scope "Geometry" (
        kind = "subcomponent"
    )
    {
        def Xform "Coffee_Table_315_1" (
            apiSchemas = ["PhysicsRigidBodyAPI", "PhysicsMassAPI", "PhysicsArticulationRootAPI"]
        )
        {
            float physics:mass = 1e-8
            quatf xformOp:orient = (1, 0, 0, 0)
            float3 xformOp:scale = (1, 1, 1)
            double3 xformOp:translate = (0, 0, 0)
            uniform token[] xformOpOrder = ["xformOp:translate", "xformOp:orient", "xformOp:scale"]
        }

        def Xform "Coffee_Table_315_1_DrawerMesh_06" (
            apiSchemas = ["PhysicsRigidBodyAPI", "PhysicsFilteredPairsAPI"]
        )
        {
            rel physics:filteredPairs = [
                </Coffee_Table_315_1/Geometry/Coffee_Table_315_1_DrawerMesh_05>,
                </Coffee_Table_315_1/Geometry/Coffee_Table_315_1_DrawerMesh_04>,
                </Coffee_Table_315_1/Geometry/Coffee_Table_315_1_DrawerMesh_01>,
                </Coffee_Table_315_1/Geometry/Coffee_Table_315_1_DrawerMesh_02>,
                </Coffee_Table_315_1/Geometry/Coffee_Table_315_1_DrawerMesh_03>,
                </Coffee_Table_315_1/Geometry/tn__Coffee_Table_315_1_FP315Cube1751_wm0yC>,
            ]
            quatf xformOp:orient = (1, 0, 0, 0)
            float3 xformOp:scale = (1, 1, 1)
            double3 xformOp:translate = (-0.000079, 0.108874, 0.19445)
            uniform token[] xformOpOrder = ["xformOp:translate", "xformOp:orient", "xformOp:scale"]

            def Mesh "Coffee_Table_315_1_DrawerMesh_06_0" (
                apiSchemas = ["MaterialBindingAPI"]
            )
            {
                float3[] extent = [(-0.32627, -0.05319, -0.158), (0.32628, 0.09785, 0.15085)]
                int[] faceVertexCounts = [3, 3, 3, 3, 3, 3, 3, 3, 3, 3, 3, 3, 3, 3, 3, 3, 3, 3, 3, 3, 3, 3, 3, 3, 3, 3, 3, 3, 3, 3, 3, 3, 3, 3, 3, 3, 3, 3, 3, 3, 3, 3, 3, 3, 3, 3, 3, 3, 3, 3, 3, 3, 3, 3, 3, 3, 3, 3, 3, 3, 3, 3, 3, 3, 3, 3, 3, 3, 3, 3, 3, 3, 3, 3, 3, 3]
                int[] faceVertexIndices = [2, 1, 0, 5, 4, 3, 8, 7, 6, 11, 10, 9, 14, 13, 12, 17, 16, 15, 20, 19, 18, 23, 22, 21, 26, 25, 24, 27, 26, 24, 30, 29, 28, 31, 30, 28, 34, 33, 32, 35, 34, 32, 38, 37, 36, 39, 38, 36, 42, 41, 40, 43, 42, 40, 46, 45, 44, 47, 46, 44, 50, 49, 48, 51, 50, 48, 54, 53, 52, 55, 54, 52, 58, 57, 56, 59, 58, 56, 62, 61, 60, 63, 62, 60, 66, 65, 64, 67, 66, 64, 70, 69, 68, 71, 70, 68, 74, 73, 72, 75, 74, 72, 78, 77, 76, 79, 78, 76, 82, 81, 80, 83, 82, 80, 86, 85, 84, 87, 86, 84, 90, 89, 88, 91, 90, 88, 94, 93, 92, 95, 94, 92, 98, 97, 96, 99, 98, 96, 102, 101, 100, 103, 102, 100, 106, 105, 104, 107, 106, 104, 110, 109, 108, 111, 110, 108, 114, 113, 112, 115, 114, 112, 118, 117, 116, 119, 118, 116, 122, 121, 120, 123, 122, 120, 126, 125, 124, 127, 126, 124, 130, 129, 128, 131, 130, 128, 128, 129, 132, 133, 130, 131, 129, 134, 132, 135, 133, 131, 132, 134, 135, 134, 133, 135, 138, 137, 136, 137, 139, 136, 140, 137, 138, 136, 139, 141, 142, 140, 138, 139, 143, 141, 143, 140, 142, 141, 143, 142]
                rel material:binding = </Coffee_Table_315_1/Materials/material_WornWood>
                uniform token orientation = "rightHanded"
                point3f[] points = [(-0.32378, 0.09785, 0.14669), (-0.32378, 0.09368, 0.15085), (-0.32627, 0.09369, 0.14669), (0.32379, 0.09785, 0.14669), (0.32628, 0.09369, 0.14669), (0.32379, 0.09368, 0.15085), (-0.32627, -0.04903, 0.14663), (-0.32378, -0.04903, 0.1508), (-0.32378, -0.05319, 0.14663), (0.32628, -0.04903, 0.14663), (0.32379, -0.05319, 0.14663), (0.32379, -0.04903, 0.1508), (0.32379, -0.05319, 0.13853), (0.32628, -0.04902, 0.13853), (0.32379, -0.04902, 0.13437), (-0.32378, -0.05319, 0.13853), (-0.32378, -0.04902, 0.13437), (-0.32627, -0.04902, 0.13853), (-0.32627, 0.09369, 0.13858), (-0.32378, 0.09369, 0.13442), (-0.32378, 0.09785, 0.13859), (0.32379, 0.09785, 0.13859), (0.32379, 0.09369, 0.13442), (0.32628, 0.09369, 0.13858), (-0.32627, -0.04903, 0.14663), (-0.32627, -0.04902, 0.13853), (-0.32627, 0.09369, 0.13858), (-0.32627, 0.09369, 0.14669), (0.32379, -0.05319, 0.14663), (0.32379, -0.05319, 0.13853), (-0.32378, -0.05319, 0.13853), (-0.32378, -0.05319, 0.14663), (0.32379, -0.04903, 0.1508), (-0.32378, -0.04903, 0.1508), (-0.32378, 0.09368, 0.15085), (0.32379, 0.09368, 0.15085), (0.32628, 0.09369, 0.14669), (0.32628, 0.09369, 0.13858), (0.32628, -0.04902, 0.13853), (0.32628, -0.04903, 0.14663), (0.32379, 0.09785, 0.14669), (0.32379, 0.09368, 0.15085), (-0.32378, 0.09368, 0.15085), (-0.32378, 0.09785, 0.14669), (-0.32627, 0.09369, 0.14669), (-0.32378, 0.09368, 0.15085), (-0.32378, -0.04903, 0.1508), (-0.32627, -0.04903, 0.14663), (0.32379, 0.09368, 0.15085), (0.32628, 0.09369, 0.14669), (0.32628, -0.04903, 0.14663), (0.32379, -0.04903, 0.1508), (0.32379, -0.04903, 0.1508), (0.32379, -0.05319, 0.14663), (-0.32378, -0.05319, 0.14663), (-0.32378, -0.04903, 0.1508), (0.32379, -0.05319, 0.13853), (0.32379, -0.04902, 0.13437), (-0.32378, -0.04902, 0.13437), (-0.32378, -0.05319, 0.13853), (-0.32378, 0.09369, 0.13442), (-0.32627, 0.09369, 0.13858), (-0.32627, -0.04902, 0.13853), (-0.32378, -0.04902, 0.13437), (0.32379, 0.09369, 0.13442), (0.32379, 0.09785, 0.13859), (-0.32378, 0.09785, 0.13859), (-0.32378, 0.09369, 0.13442), (0.32628, 0.09369, 0.13858), (0.32379, 0.09369, 0.13442), (0.32379, -0.04902, 0.13437), (0.32628, -0.04902, 0.13853), (0.32628, 0.09369, 0.14669), (0.32379, 0.09785, 0.14669), (0.32379, 0.09785, 0.13859), (0.32628, 0.09369, 0.13858), (-0.32627, 0.09369, 0.13858), (-0.32378, 0.09785, 0.13859), (-0.32378, 0.09785, 0.14669), (-0.32627, 0.09369, 0.14669), (-0.32378, -0.05319, 0.13853), (-0.32627, -0.04902, 0.13853), (-0.32627, -0.04903, 0.14663), (-0.32378, -0.05319, 0.14663), (0.32379, -0.05319, 0.14663), (0.32628, -0.04903, 0.14663), (0.32628, -0.04902, 0.13853), (0.32379, -0.05319, 0.13853), (-0.32378, 0.09785, 0.14669), (-0.32378, 0.09785, 0.13859), (0.32379, 0.09785, 0.13859), (0.32379, 0.09785, 0.14669), (0.31875, -0.04049, -0.158), (0.31875, 0.08536, -0.15796), (-0.31874, 0.08536, -0.15796), (-0.31874, -0.04049, -0.158), (0.31875, -0.04059, 0.13438), (0.31875, -0.04049, -0.158), (-0.31874, -0.04049, -0.158), (-0.31874, -0.04059, 0.13438), (-0.31874, -0.04059, 0.13438), (-0.31874, -0.04049, -0.158), (-0.31874, 0.08536, -0.15796), (-0.31874, 0.08526, 0.13442), (0.30828, 0.08535, -0.14047), (0.30828, -0.03348, -0.14051), (-0.30827, -0.03348, -0.14051), (-0.30827, 0.08535, -0.14047), (0.31875, 0.08526, 0.13442), (0.31875, 0.08536, -0.15796), (0.31875, -0.04049, -0.158), (0.31875, -0.04059, 0.13438), (0.30828, 0.08527, 0.11693), (0.30828, -0.03357, 0.11689), (0.30828, -0.03348, -0.14051), (0.30828, 0.08535, -0.14047), (-0.30827, -0.03357, 0.11689), (-0.30827, -0.03348, -0.14051), (0.30828, -0.03348, -0.14051), (0.30828, -0.03357, 0.11689), (-0.30827, 0.08527, 0.11693), (-0.30827, -0.03357, 0.11689), (0.30828, -0.03357, 0.11689), (0.30828, 0.08527, 0.11693), (-0.30827, 0.08535, -0.14047), (-0.30827, -0.03348, -0.14051), (-0.30827, -0.03357, 0.11689), (-0.30827, 0.08527, 0.11693), (-0.31874, -0.04059, 0.13438), (-0.32378, -0.04902, 0.13437), (0.32379, -0.04902, 0.13437), (0.31875, -0.04059, 0.13438), (-0.31874, 0.08526, 0.13442), (0.32379, 0.09369, 0.13442), (-0.32378, 0.09369, 0.13442), (0.31875, 0.08526, 0.13442), (0.30828, 0.08527, 0.11693), (-0.31874, 0.08526, 0.13442), (-0.30827, 0.08527, 0.11693), (0.31875, 0.08526, 0.13442), (-0.31874, 0.08536, -0.15796), (0.30828, 0.08535, -0.14047), (-0.30827, 0.08535, -0.14047), (0.31875, 0.08536, -0.15796)]
                normal3f[] primvars:normals = [(-0.7632371, 0.4567181, 0.4570313), (0.7632371, 0.4567181, 0.4570313), (-0.7632336, -0.4570318, 0.4567237), (0.7632336, -0.4570318, 0.4567237), (0.7632328, -0.456718, -0.4570388), (-0.7632318, -0.45672, -0.4570384), (-0.7632354, 0.4570379, -0.4567145), (0.7632362, 0.4570359, -0.4567151), (-1, 0, 0), (0, -1, -0.00034558), (0, -0.00034558, 1), (1, 0, 0), (0, 0.7068614, 0.7073522), (-0.8580199, -0.00017749, 0.5136164), (0.8580199, -0.00017749, 0.5136164), (0, -0.7073504, 0.706863), (0, -0.7068617, -0.7073517), (-0.8580199, 0.00017749, -0.5136164), (0, 0.70735, -0.7068635), (0.8580199, 0.00017749, -0.5136164), (0.8580205, 0.5136154, 0.00017749), (-0.8580205, 0.5136154, 0.00017749), (-0.8580203, -0.5136157, -0.00017749), (0.8580203, -0.5136157, -0.00017749), (0, 1, 0.00034558), (0, 0.00034558, -1), (0, -1, -0.00034574), (-1, 0, 6.1e-7), (1, 0, 6.1e-7), (-1, 0, -5.3e-7), (0, 1, 0.00034597), (1, 0, -5.3e-7), (0, 0.00034695, -1), (0, 0.0003442, -1)] (
                    interpolation = "faceVarying"
                )
                int[] primvars:normals:indices = [0, 0, 0, 1, 1, 1, 2, 2, 2, 3, 3, 3, 4, 4, 4, 5, 5, 5, 6, 6, 6, 7, 7, 7, 8, 8, 8, 8, 8, 8, 9, 9, 9, 9, 9, 9, 10, 10, 10, 10, 10, 10, 11, 11, 11, 11, 11, 11, 12, 12, 12, 12, 12, 12, 13, 13, 13, 13, 13, 13, 14, 14, 14, 14, 14, 14, 15, 15, 15, 15, 15, 15, 16, 16, 16, 16, 16, 16, 17, 17, 17, 17, 17, 17, 18, 18, 18, 18, 18, 18, 19, 19, 19, 19, 19, 19, 20, 20, 20, 20, 20, 20, 21, 21, 21, 21, 21, 21, 22, 22, 22, 22, 22, 22, 23, 23, 23, 23, 23, 23, 24, 24, 24, 24, 24, 24, 25, 25, 25, 25, 25, 25, 26, 26, 26, 26, 26, 26, 27, 27, 27, 27, 27, 27, 10, 10, 10, 10, 10, 10, 28, 28, 28, 28, 28, 28, 29, 29, 29, 29, 29, 29, 30, 30, 30, 30, 30, 30, 25, 25, 25, 25, 25, 25, 31, 31, 31, 31, 31, 31, 32, 32, 32, 32, 32, 32, 32, 32, 25, 33, 32, 32, 32, 25, 25, 33, 33, 32, 25, 25, 33, 25, 33, 33, 24, 24, 24, 24, 24, 24, 24, 24, 24, 24, 24, 24, 24, 24, 24, 24, 24, 24, 24, 24, 24, 24, 24, 24]
                texCoord2f[] primvars:st = [(0.00759101, 0.7482029), (0.01005888, 0.7482029), (0.01005888, 0.7506707), (0.6516515, 0.7482029), (0.6541193, 0.7482029), (0.6516515, 0.7506707), (0.01005888, 0.6610969), (0.01005888, 0.6635647), (0.00759101, 0.6635647), (0.6516515, 0.6635647), (0.6516515, 0.6610969), (0.6541193, 0.6635647), (0.9629087, 0.7482029), (0.9629087, 0.6635647), (0.9677139, 0.6635647), (0.9677139, 0.7482029), (0.9629087, 0.01005888), (0.9629087, 0.6516515), (0.9677139, 0.6516515), (0.9677139, 0.01005888), (0.9677139, 0.6541193), (0.9629087, 0.6541193), (0.9629087, 0.00759101), (0.9677139, 0.00759101), (0.01505852, 0.743203), (0.6466516, 0.743203), (0.6466516, 0.6685647), (0.01505852, 0.6685647), (0.7870435, 0.01505852), (0.7870435, 0.6466516), (0.960441, 0.6466515), (0.960441, 0.01505876), (0.7870435, 0.743203), (0.7870435, 0.6685647), (0.960441, 0.6685647), (0.960441, 0.7432029), (0.02542806, 0.6727281), (0.6362822, 0.6727281), (0.6362822, 0.743203), (0.02542806, 0.743203), (0.7974128, 0.6727281), (0.9500716, 0.6727279), (0.9500716, 0.7432029), (0.7974128, 0.743203), (0.7974128, 0.6362822), (0.7974128, 0.02542806), (0.9500716, 0.0254283), (0.9500716, 0.6362821), (0.6362821, 0.6727279), (0.0254283, 0.6727279), (0.0254283, 0.7432029), (0.6362821, 0.7432029), (0.01505876, 0.6685647), (0.6466515, 0.6685647), (0.01505876, 0.7432029), (0.6466515, 0.7432029)] (
                    interpolation = "faceVarying"
                )
                int[] primvars:st:indices = [0, 1, 2, 3, 4, 5, 6, 7, 8, 9, 10, 11, 9, 11, 10, 8, 7, 6, 2, 1, 0, 4, 3, 5, 12, 13, 14, 15, 12, 14, 16, 17, 18, 19, 16, 18, 1, 7, 9, 3, 1, 9, 13, 12, 15, 14, 13, 15, 1, 3, 5, 2, 1, 5, 7, 1, 0, 8, 7, 0, 11, 4, 3, 9, 11, 3, 6, 10, 9, 7, 6, 9, 7, 9, 10, 6, 7, 10, 8, 0, 1, 7, 8, 1, 2, 5, 3, 1, 2, 3, 9, 3, 4, 11, 9, 4, 17, 18, 20, 21, 17, 20, 19, 16, 22, 23, 19, 22, 23, 22, 16, 19, 23, 16, 21, 20, 18, 17, 21, 18, 17, 16, 19, 18, 17, 19, 24, 25, 26, 27, 24, 26, 28, 29, 30, 31, 28, 30, 32, 33, 34, 35, 32, 34, 36, 37, 38, 39, 36, 38, 33, 32, 35, 34, 33, 35, 40, 41, 42, 43, 40, 42, 44, 45, 46, 47, 44, 46, 48, 49, 50, 51, 48, 50, 41, 40, 43, 42, 41, 43, 9, 7, 52, 53, 9, 52, 52, 7, 54, 3, 9, 53, 7, 1, 54, 55, 3, 53, 54, 1, 55, 1, 3, 55, 46, 31, 47, 31, 30, 47, 28, 31, 46, 47, 30, 44, 45, 28, 46, 30, 29, 44, 29, 28, 45, 44, 29, 45]
                uniform token subdivisionScheme = "none"
                quatf xformOp:orient = (1, 0, 0, 0)
                float3 xformOp:scale = (1, 1, 1)
                double3 xformOp:translate = (0, 0, 0)
                uniform token[] xformOpOrder = ["xformOp:translate", "xformOp:orient", "xformOp:scale"]
            }

            def Mesh "Coffee_Table_315_1_DrawerMesh_06_1" (
                apiSchemas = ["MaterialBindingAPI"]
            )
            {
                float3[] extent = [(-0.23118, 0.01866, 0.15099), (0.24818, 0.04124, 0.18352)]
                int[] faceVertexCounts = [3, 3, 3, 3, 3, 3, 3, 3, 3, 3, 3, 3, 3, 3, 3, 3, 3, 3, 3, 3, 3, 3, 3, 3, 3, 3, 3, 3, 3, 3, 3, 3, 3, 3, 3, 3, 3, 3, 3, 3, 3, 3, 3, 3, 3, 3, 3, 3, 3, 3, 3, 3, 3, 3, 3, 3, 3, 3, 3, 3, 3, 3, 3, 3, 3, 3, 3, 3, 3, 3, 3, 3, 3, 3, 3, 3, 3, 3]
                int[] faceVertexIndices = [2, 1, 0, 3, 2, 0, 6, 5, 4, 7, 6, 4, 10, 9, 8, 11, 10, 8, 14, 13, 12, 15, 14, 12, 18, 17, 16, 19, 18, 16, 22, 21, 20, 23, 22, 20, 26, 25, 24, 27, 26, 24, 27, 24, 28, 29, 27, 28, 27, 30, 26, 30, 31, 26, 31, 30, 32, 33, 31, 32, 32, 30, 34, 30, 35, 34, 38, 37, 36, 37, 39, 36, 37, 40, 39, 40, 41, 39, 44, 43, 42, 43, 45, 42, 43, 46, 45, 46, 47, 45, 47, 48, 45, 48, 49, 45, 48, 50, 49, 50, 51, 49, 49, 51, 52, 51, 53, 52, 56, 55, 54, 55, 57, 54, 55, 58, 57, 58, 59, 57, 59, 58, 60, 58, 61, 60, 64, 63, 62, 65, 64, 62, 68, 67, 66, 69, 68, 66, 72, 71, 70, 73, 72, 70, 76, 75, 74, 77, 76, 74, 80, 79, 78, 81, 80, 78, 84, 83, 82, 85, 84, 82, 88, 87, 86, 89, 88, 86, 92, 91, 90, 93, 92, 90, 96, 95, 94, 97, 96, 94, 98, 96, 97, 99, 98, 97, 102, 101, 100, 103, 102, 100, 100, 101, 104, 105, 102, 103, 101, 106, 104, 107, 105, 103, 104, 106, 107, 106, 105, 107, 110, 109, 108, 111, 110, 108, 110, 112, 109, 111, 108, 113, 112, 114, 109, 115, 111, 113, 112, 115, 114, 115, 113, 114]
                rel material:binding = </Coffee_Table_315_1/Materials/material_HammeredMetal_AlbedoTransparency>
                uniform token orientation = "rightHanded"
                point3f[] points = [(0.22622, 0.01866, 0.15178), (0.22622, 0.01866, 0.15099), (0.22622, 0.04124, 0.151), (0.22622, 0.04124, 0.15179), (0.22622, 0.01866, 0.15099), (0.24818, 0.01866, 0.15099), (0.24818, 0.04124, 0.151), (0.22622, 0.04124, 0.151), (0.24818, 0.01866, 0.15099), (0.24818, 0.01866, 0.15178), (0.24818, 0.04124, 0.15179), (0.24818, 0.04124, 0.151), (0.22622, 0.01866, 0.15178), (0.24818, 0.01866, 0.15178), (0.24818, 0.01866, 0.15099), (0.22622, 0.01866, 0.15099), (0.22622, 0.04124, 0.151), (0.24818, 0.04124, 0.151), (0.24818, 0.04124, 0.15179), (0.22622, 0.04124, 0.15179), (0.23303, 0.03424, 0.15178), (0.23303, 0.03423, 0.17945), (0.23303, 0.02565, 0.17945), (0.23303, 0.02566, 0.15178), (0.24137, 0.03423, 0.17945), (0.24137, 0.03423, 0.18352), (0.23303, 0.03423, 0.18352), (0.23303, 0.03423, 0.17945), (0.24137, 0.03424, 0.15178), (0.23303, 0.03424, 0.15178), (-0.21602, 0.03423, 0.17945), (-0.21602, 0.03423, 0.18352), (-0.22437, 0.03423, 0.17945), (-0.22437, 0.03423, 0.18352), (-0.22437, 0.03424, 0.15178), (-0.21602, 0.03424, 0.15178), (0.24137, 0.02566, 0.15178), (0.24137, 0.03423, 0.17945), (0.24137, 0.03424, 0.15178), (0.24137, 0.02565, 0.17945), (0.24137, 0.03423, 0.18352), (0.24137, 0.02565, 0.18352), (0.23303, 0.02566, 0.15178), (0.24137, 0.02565, 0.17945), (0.24137, 0.02566, 0.15178), (0.23303, 0.02565, 0.17945), (0.24137, 0.02565, 0.18352), (0.23303, 0.02565, 0.18352), (-0.21602, 0.02565, 0.18352), (-0.21602, 0.02565, 0.17945), (-0.22437, 0.02565, 0.18352), (-0.22437, 0.02565, 0.17945), (-0.21602, 0.02566, 0.15178), (-0.22437, 0.02566, 0.15178), (0.24137, 0.02565, 0.18352), (0.23303, 0.03423, 0.18352), (0.24137, 0.03423, 0.18352), (0.23303, 0.02565, 0.18352), (-0.21602, 0.03423, 0.18352), (-0.21602, 0.02565, 0.18352), (-0.22437, 0.02565, 0.18352), (-0.22437, 0.03423, 0.18352), (-0.21602, 0.03423, 0.17945), (-0.21602, 0.03423, 0.18352), (-0.21602, 0.02565, 0.18352), (-0.21602, 0.02565, 0.17945), (0.23303, 0.03423, 0.17945), (-0.21602, 0.03423, 0.17945), (-0.21602, 0.02565, 0.17945), (0.23303, 0.02565, 0.17945), (-0.20921, 0.01866, 0.15178), (-0.20921, 0.04124, 0.15179), (-0.20921, 0.04124, 0.151), (-0.20921, 0.01866, 0.15099), (-0.20921, 0.01866, 0.15099), (-0.20921, 0.04124, 0.151), (-0.23118, 0.04124, 0.151), (-0.23118, 0.01866, 0.15099), (-0.23118, 0.01866, 0.15099), (-0.23118, 0.04124, 0.151), (-0.23118, 0.04124, 0.15179), (-0.23118, 0.01866, 0.15178), (-0.20921, 0.01866, 0.15178), (-0.20921, 0.01866, 0.15099), (-0.23118, 0.01866, 0.15099), (-0.23118, 0.01866, 0.15178), (-0.20921, 0.04124, 0.151), (-0.20921, 0.04124, 0.15179), (-0.23118, 0.04124, 0.15179), (-0.23118, 0.04124, 0.151), (-0.21602, 0.03424, 0.15178), (-0.21602, 0.02566, 0.15178), (-0.21602, 0.02565, 0.17945), (-0.21602, 0.03423, 0.17945), (-0.22437, 0.02566, 0.15178), (-0.22437, 0.03424, 0.15178), (-0.22437, 0.03423, 0.17945), (-0.22437, 0.02565, 0.17945), (-0.22437, 0.03423, 0.18352), (-0.22437, 0.02565, 0.18352), (0.24818, 0.04124, 0.15179), (0.24137, 0.03424, 0.15178), (0.23303, 0.03424, 0.15178), (0.22622, 0.04124, 0.15179), (0.24818, 0.01866, 0.15178), (0.23303, 0.02566, 0.15178), (0.24137, 0.02566, 0.15178), (0.22622, 0.01866, 0.15178), (-0.23118, 0.04124, 0.15179), (-0.20921, 0.04124, 0.15179), (-0.21602, 0.03424, 0.15178), (-0.22437, 0.03424, 0.15178), (-0.21602, 0.02566, 0.15178), (-0.23118, 0.01866, 0.15178), (-0.20921, 0.01866, 0.15178), (-0.22437, 0.02566, 0.15178)]
                normal3f[] primvars:normals = [(-1, 0, 0), (6.8e-7, 0.00034558, -1), (1, 0, 0), (0, -1, -0.00034558), (0, 1, 0.00034558), (-1, 0, -9.8e-7), (4.3e-7, 1, 0.00034558), (-2.5e-7, -1, -0.00034558), (0, -0.00034558, 1), (-6.6e-7, -0.00034558, 1), (6.3e-7, 0.00034558, -1), (1, 0, 9.8e-7), (-1, 0, -4.9e-7), (-4.9e-7, -0.00034558, 1), (-4.9e-7, -0.00034777, 1), (-4.9e-7, -0.00034448, 1)] (
                    interpolation = "faceVarying"
                )
                int[] primvars:normals:indices = [0, 0, 0, 0, 0, 0, 1, 1, 1, 1, 1, 1, 2, 2, 2, 2, 2, 2, 3, 3, 3, 3, 3, 3, 4, 4, 4, 4, 4, 4, 5, 5, 5, 5, 5, 5, 4, 4, 4, 4, 4, 4, 4, 4, 4, 4, 4, 4, 4, 4, 4, 4, 4, 4, 4, 4, 6, 6, 4, 6, 6, 4, 4, 4, 4, 4, 2, 2, 2, 2, 2, 2, 2, 2, 2, 2, 2, 2, 3, 3, 3, 3, 3, 3, 3, 3, 3, 3, 3, 3, 3, 3, 3, 3, 3, 3, 3, 3, 3, 3, 7, 3, 3, 7, 7, 7, 7, 7, 8, 8, 8, 8, 8, 8, 8, 9, 8, 9, 9, 8, 9, 9, 8, 9, 8, 8, 0, 0, 0, 0, 0, 0, 10, 10, 10, 10, 10, 10, 2, 2, 2, 2, 2, 2, 1, 1, 1, 1, 1, 1, 0, 0, 0, 0, 0, 0, 3, 3, 3, 3, 3, 3, 4, 4, 4, 4, 4, 4, 11, 11, 11, 11, 11, 11, 12, 12, 12, 12, 12, 12, 0, 12, 12, 0, 0, 12, 13, 13, 13, 13, 13, 13, 13, 13, 13, 13, 13, 13, 13, 13, 13, 13, 13, 13, 13, 13, 13, 13, 13, 13, 14, 14, 14, 14, 14, 14, 14, 15, 14, 14, 14, 15, 15, 15, 14, 15, 14, 15, 15, 15, 15, 15, 15, 15]
                texCoord2f[] primvars:st = [(0, 0)] (
                    interpolation = "faceVarying"
                )
                int[] primvars:st:indices = [0, 0, 0, 0, 0, 0, 0, 0, 0, 0, 0, 0, 0, 0, 0, 0, 0, 0, 0, 0, 0, 0, 0, 0, 0, 0, 0, 0, 0, 0, 0, 0, 0, 0, 0, 0, 0, 0, 0, 0, 0, 0, 0, 0, 0, 0, 0, 0, 0, 0, 0, 0, 0, 0, 0, 0, 0, 0, 0, 0, 0, 0, 0, 0, 0, 0, 0, 0, 0, 0, 0, 0, 0, 0, 0, 0, 0, 0, 0, 0, 0, 0, 0, 0, 0, 0, 0, 0, 0, 0, 0, 0, 0, 0, 0, 0, 0, 0, 0, 0, 0, 0, 0, 0, 0, 0, 0, 0, 0, 0, 0, 0, 0, 0, 0, 0, 0, 0, 0, 0, 0, 0, 0, 0, 0, 0, 0, 0, 0, 0, 0, 0, 0, 0, 0, 0, 0, 0, 0, 0, 0, 0, 0, 0, 0, 0, 0, 0, 0, 0, 0, 0, 0, 0, 0, 0, 0, 0, 0, 0, 0, 0, 0, 0, 0, 0, 0, 0, 0, 0, 0, 0, 0, 0, 0, 0, 0, 0, 0, 0, 0, 0, 0, 0, 0, 0, 0, 0, 0, 0, 0, 0, 0, 0, 0, 0, 0, 0, 0, 0, 0, 0, 0, 0, 0, 0, 0, 0, 0, 0, 0, 0, 0, 0, 0, 0, 0, 0, 0, 0, 0, 0, 0, 0, 0, 0, 0, 0, 0, 0, 0, 0, 0, 0]
                uniform token subdivisionScheme = "none"
                quatf xformOp:orient = (1, 0, 0, 0)
                float3 xformOp:scale = (1, 1, 1)
                double3 xformOp:translate = (0, 0, 0)
                uniform token[] xformOpOrder = ["xformOp:translate", "xformOp:orient", "xformOp:scale"]
            }

            def Cube "Coffee_Table_315_1_DrawerMesh_06_PrimitiveCollider_0" (
                apiSchemas = ["PhysicsCollisionAPI", "PhysicsMassAPI"]
            )
            {
                float3[] extent = [(-0.5, -0.5, -0.5), (0.5, 0.5, 0.5)]
                float physics:density = 100
                uniform token purpose = "guide"
                double size = 1
                quatf xformOp:orient = (0, 1, 0, 0)
                float3 xformOp:scale = (0.638116, 0.00744238, 0.292148)
                double3 xformOp:translate = (0, -0.0369796, -0.0119217)
                uniform token[] xformOpOrder = ["xformOp:translate", "xformOp:orient", "xformOp:scale"]
            }

            def Cube "Coffee_Table_315_1_DrawerMesh_06_PrimitiveCollider_1" (
                apiSchemas = ["PhysicsCollisionAPI", "PhysicsMassAPI"]
            )
            {
                float3[] extent = [(-0.5, -0.5, -0.5), (0.5, 0.5, 0.5)]
                float physics:density = 100
                uniform token purpose = "guide"
                double size = 1
                quatf xformOp:orient = (0, 1, 0, 0)
                float3 xformOp:scale = (0.638116, 0.1262134, 0.0170992)
                double3 xformOp:translate = (0, 0.0224059, 0.125603)
                uniform token[] xformOpOrder = ["xformOp:translate", "xformOp:orient", "xformOp:scale"]
            }

            def Cube "Coffee_Table_315_1_DrawerMesh_06_PrimitiveCollider_2" (
                apiSchemas = ["PhysicsCollisionAPI", "PhysicsMassAPI"]
            )
            {
                float3[] extent = [(-0.5, -0.5, -0.5), (0.5, 0.5, 0.5)]
                float physics:density = 100
                uniform token purpose = "guide"
                double size = 1
                quatf xformOp:orient = (0, 1, 0, 0)
                float3 xformOp:scale = (0.638116, 0.1262134, 0.01764298)
                double3 xformOp:translate = (0, 0.0224059, -0.149174)
                uniform token[] xformOpOrder = ["xformOp:translate", "xformOp:orient", "xformOp:scale"]
            }

            def Cube "Coffee_Table_315_1_DrawerMesh_06_PrimitiveCollider_3" (
                apiSchemas = ["PhysicsCollisionAPI", "PhysicsMassAPI"]
            )
            {
                float3[] extent = [(-0.5, -0.5, -0.5), (0.5, 0.5, 0.5)]
                float physics:density = 100
                uniform token purpose = "guide"
                double size = 1
                quatf xformOp:orient = (0, 1, 0, 0)
                float3 xformOp:scale = (0.011855, 0.1262134, 0.292148)
                double3 xformOp:translate = (0.31313, 0.0224059, -0.0119217)
                uniform token[] xformOpOrder = ["xformOp:translate", "xformOp:orient", "xformOp:scale"]
            }

            def Cube "Coffee_Table_315_1_DrawerMesh_06_PrimitiveCollider_4" (
                apiSchemas = ["PhysicsCollisionAPI", "PhysicsMassAPI"]
            )
            {
                float3[] extent = [(-0.5, -0.5, -0.5), (0.5, 0.5, 0.5)]
                float physics:density = 100
                uniform token purpose = "guide"
                double size = 1
                quatf xformOp:orient = (0, 1, 0, 0)
                float3 xformOp:scale = (0.01134694, 0.1262134, 0.292148)
                double3 xformOp:translate = (-0.313384, 0.0224059, -0.0119217)
                uniform token[] xformOpOrder = ["xformOp:translate", "xformOp:orient", "xformOp:scale"]
            }

            def Cube "Coffee_Table_315_1_DrawerMesh_06_PrimitiveCollider_5" (
                apiSchemas = ["PhysicsCollisionAPI", "PhysicsMassAPI"]
            )
            {
                float3[] extent = [(-0.5, -0.5, -0.5), (0.5, 0.5, 0.5)]
                float physics:density = 100
                uniform token purpose = "guide"
                double size = 1
                quatf xformOp:orient = (0, 1, 0, 0)
                float3 xformOp:scale = (0.652432, 0.1541782, 0.0171423)
                double3 xformOp:translate = (0, 0.0224059, 0.143373)
                uniform token[] xformOpOrder = ["xformOp:translate", "xformOp:orient", "xformOp:scale"]
            }

            def Cube "Coffee_Table_315_1_DrawerMesh_06_PrimitiveCollider_6" (
                apiSchemas = ["PhysicsCollisionAPI", "PhysicsMassAPI"]
            )
            {
                float3[] extent = [(-0.5, -0.5, -0.5), (0.5, 0.5, 0.5)]
                float physics:density = 100
                uniform token purpose = "guide"
                double size = 1
                quatf xformOp:orient = (0, -0.707106, 0, 0.707107)
                float3 xformOp:scale = (0.034155, 0.00938414, 0.00904044)
                double3 xformOp:translate = (-0.220107, 0.0298707, 0.1671)
                uniform token[] xformOpOrder = ["xformOp:translate", "xformOp:orient", "xformOp:scale"]
            }

            def Cube "Coffee_Table_315_1_DrawerMesh_06_PrimitiveCollider_7" (
                apiSchemas = ["PhysicsCollisionAPI", "PhysicsMassAPI"]
            )
            {
                float3[] extent = [(-0.5, -0.5, -0.5), (0.5, 0.5, 0.5)]
                float physics:density = 100
                uniform token purpose = "guide"
                double size = 1
                quatf xformOp:orient = (0, -0.707106, 0, 0.707107)
                float3 xformOp:scale = (0.0341096, 0.00938414, 0.00851994)
                double3 xformOp:translate = (0.237262, 0.0298707, 0.1671)
                uniform token[] xformOpOrder = ["xformOp:translate", "xformOp:orient", "xformOp:scale"]
            }

            def Cube "Coffee_Table_315_1_DrawerMesh_06_PrimitiveCollider_8" (
                apiSchemas = ["PhysicsCollisionAPI", "PhysicsMassAPI"]
            )
            {
                float3[] extent = [(-0.5, -0.5, -0.5), (0.5, 0.5, 0.5)]
                float physics:density = 100
                uniform token purpose = "guide"
                double size = 1
                quatf xformOp:orient = (0, -0.707106, 0, 0.707107)
                float3 xformOp:scale = (0.00482442, 0.00938414, 0.465914)
                double3 xformOp:translate = (0.00863112, 0.0298707, 0.181397)
                uniform token[] xformOpOrder = ["xformOp:translate", "xformOp:orient", "xformOp:scale"]
            }

            def PhysicsPrismaticJoint "Coffee_Table_315_1_joint"
            {
                uniform token physics:axis = "Z"
                rel physics:body0 = </Coffee_Table_315_1/Geometry/Coffee_Table_315_1_DrawerMesh_06>
                rel physics:body1 = </Coffee_Table_315_1/Geometry/Coffee_Table_315_1>
                point3f physics:localPos0 = (0, 0, 0)
                point3f physics:localPos1 = (-0.000079, 0.108874, 0.19445)
                quatf physics:localRot0 = (-0, -1, -0, 0)
                quatf physics:localRot1 = (-0, -1, 0, 0)
                float physics:lowerLimit = 0
                float physics:upperLimit = 0.261
            }
        }

        def Xform "Coffee_Table_315_1_DrawerMesh_05" (
            apiSchemas = ["PhysicsRigidBodyAPI", "PhysicsFilteredPairsAPI"]
        )
        {
            rel physics:filteredPairs = [
                </Coffee_Table_315_1/Geometry/Coffee_Table_315_1_DrawerMesh_06>,
                </Coffee_Table_315_1/Geometry/Coffee_Table_315_1_DrawerMesh_04>,
                </Coffee_Table_315_1/Geometry/Coffee_Table_315_1_DrawerMesh_01>,
                </Coffee_Table_315_1/Geometry/Coffee_Table_315_1_DrawerMesh_02>,
                </Coffee_Table_315_1/Geometry/Coffee_Table_315_1_DrawerMesh_03>,
                </Coffee_Table_315_1/Geometry/tn__Coffee_Table_315_1_FP315Cube1751_wm0yC>,
            ]
            quatf xformOp:orient = (1, 0, 0, 0)
            float3 xformOp:scale = (1, 1, 1)
            double3 xformOp:translate = (-0.000079, -0.050156, 0.19445)
            uniform token[] xformOpOrder = ["xformOp:translate", "xformOp:orient", "xformOp:scale"]

            def Mesh "Coffee_Table_315_1_DrawerMesh_05_0" (
                apiSchemas = ["MaterialBindingAPI"]
            )
            {
                float3[] extent = [(-0.32627, -0.05319, -0.158), (0.32628, 0.09785, 0.15085)]
                int[] faceVertexCounts = [3, 3, 3, 3, 3, 3, 3, 3, 3, 3, 3, 3, 3, 3, 3, 3, 3, 3, 3, 3, 3, 3, 3, 3, 3, 3, 3, 3, 3, 3, 3, 3, 3, 3, 3, 3, 3, 3, 3, 3, 3, 3, 3, 3, 3, 3, 3, 3, 3, 3, 3, 3, 3, 3, 3, 3, 3, 3, 3, 3, 3, 3, 3, 3, 3, 3, 3, 3, 3, 3, 3, 3, 3, 3, 3, 3]
                int[] faceVertexIndices = [2, 1, 0, 5, 4, 3, 8, 7, 6, 11, 10, 9, 14, 13, 12, 17, 16, 15, 20, 19, 18, 23, 22, 21, 26, 25, 24, 27, 26, 24, 30, 29, 28, 31, 30, 28, 34, 33, 32, 35, 34, 32, 38, 37, 36, 39, 38, 36, 42, 41, 40, 43, 42, 40, 46, 45, 44, 47, 46, 44, 50, 49, 48, 51, 50, 48, 54, 53, 52, 55, 54, 52, 58, 57, 56, 59, 58, 56, 62, 61, 60, 63, 62, 60, 66, 65, 64, 67, 66, 64, 70, 69, 68, 71, 70, 68, 74, 73, 72, 75, 74, 72, 78, 77, 76, 79, 78, 76, 82, 81, 80, 83, 82, 80, 86, 85, 84, 87, 86, 84, 90, 89, 88, 91, 90, 88, 94, 93, 92, 95, 94, 92, 98, 97, 96, 99, 98, 96, 102, 101, 100, 103, 102, 100, 106, 105, 104, 107, 106, 104, 110, 109, 108, 111, 110, 108, 114, 113, 112, 115, 114, 112, 118, 117, 116, 119, 118, 116, 122, 121, 120, 123, 122, 120, 126, 125, 124, 127, 126, 124, 130, 129, 128, 129, 131, 128, 132, 129, 130, 128, 131, 133, 134, 132, 130, 131, 135, 133, 135, 132, 134, 133, 135, 134, 138, 137, 136, 139, 138, 136, 136, 137, 140, 141, 138, 139, 137, 142, 140, 143, 141, 139, 140, 142, 143, 142, 141, 143]
                rel material:binding = </Coffee_Table_315_1/Materials/material_WornWood>
                uniform token orientation = "rightHanded"
                point3f[] points = [(-0.32627, -0.04903, 0.14663), (-0.32378, -0.04903, 0.1508), (-0.32378, -0.05319, 0.14663), (0.32628, -0.04903, 0.14663), (0.32379, -0.05319, 0.14663), (0.32379, -0.04903, 0.1508), (-0.32627, 0.09369, 0.14669), (-0.32378, 0.09785, 0.14669), (-0.32378, 0.09368, 0.15085), (0.32628, 0.09369, 0.14669), (0.32379, 0.09368, 0.15085), (0.32379, 0.09785, 0.14669), (0.32379, -0.05319, 0.13853), (0.32628, -0.04902, 0.13853), (0.32379, -0.04902, 0.13437), (-0.32378, -0.05319, 0.13853), (-0.32378, -0.04902, 0.13437), (-0.32627, -0.04902, 0.13853), (-0.32627, 0.09369, 0.13858), (-0.32378, 0.09369, 0.13442), (-0.32378, 0.09785, 0.13859), (0.32379, 0.09785, 0.13859), (0.32379, 0.09369, 0.13442), (0.32628, 0.09369, 0.13858), (0.32379, -0.05319, 0.14663), (0.32379, -0.05319, 0.13853), (-0.32378, -0.05319, 0.13853), (-0.32378, -0.05319, 0.14663), (-0.31874, -0.04059, 0.13438), (-0.31874, -0.04049, -0.158), (-0.31874, 0.08536, -0.15796), (-0.31874, 0.08526, 0.13442), (0.31875, -0.04059, 0.13438), (0.31875, -0.04049, -0.158), (-0.31874, -0.04049, -0.158), (-0.31874, -0.04059, 0.13438), (0.32628, 0.09369, 0.14669), (0.32628, 0.09369, 0.13858), (0.32628, -0.04902, 0.13853), (0.32628, -0.04903, 0.14663), (-0.32378, 0.09785, 0.14669), (-0.32378, 0.09785, 0.13859), (0.32379, 0.09785, 0.13859), (0.32379, 0.09785, 0.14669), (-0.32627, -0.04903, 0.14663), (-0.32627, -0.04902, 0.13853), (-0.32627, 0.09369, 0.13858), (-0.32627, 0.09369, 0.14669), (0.32379, -0.04903, 0.1508), (-0.32378, -0.04903, 0.1508), (-0.32378, 0.09368, 0.15085), (0.32379, 0.09368, 0.15085), (-0.32627, 0.09369, 0.14669), (-0.32378, 0.09368, 0.15085), (-0.32378, -0.04903, 0.1508), (-0.32627, -0.04903, 0.14663), (0.32379, 0.09368, 0.15085), (0.32628, 0.09369, 0.14669), (0.32628, -0.04903, 0.14663), (0.32379, -0.04903, 0.1508), (0.32379, -0.04903, 0.1508), (0.32379, -0.05319, 0.14663), (-0.32378, -0.05319, 0.14663), (-0.32378, -0.04903, 0.1508), (0.32379, 0.09785, 0.14669), (0.32379, 0.09368, 0.15085), (-0.32378, 0.09368, 0.15085), (-0.32378, 0.09785, 0.14669), (0.32379, -0.05319, 0.13853), (0.32379, -0.04902, 0.13437), (-0.32378, -0.04902, 0.13437), (-0.32378, -0.05319, 0.13853), (-0.32378, 0.09369, 0.13442), (-0.32627, 0.09369, 0.13858), (-0.32627, -0.04902, 0.13853), (-0.32378, -0.04902, 0.13437), (0.32379, 0.09369, 0.13442), (0.32379, 0.09785, 0.13859), (-0.32378, 0.09785, 0.13859), (-0.32378, 0.09369, 0.13442), (0.32628, 0.09369, 0.13858), (0.32379, 0.09369, 0.13442), (0.32379, -0.04902, 0.13437), (0.32628, -0.04902, 0.13853), (-0.32627, -0.04903, 0.14663), (-0.32378, -0.05319, 0.14663), (-0.32378, -0.05319, 0.13853), (-0.32627, -0.04902, 0.13853), (0.32628, -0.04902, 0.13853), (0.32379, -0.05319, 0.13853), (0.32379, -0.05319, 0.14663), (0.32628, -0.04903, 0.14663), (0.32628, 0.09369, 0.14669), (0.32379, 0.09785, 0.14669), (0.32379, 0.09785, 0.13859), (0.32628, 0.09369, 0.13858), (-0.32627, 0.09369, 0.13858), (-0.32378, 0.09785, 0.13859), (-0.32378, 0.09785, 0.14669), (-0.32627, 0.09369, 0.14669), (0.31875, -0.04049, -0.158), (0.31875, 0.08536, -0.15796), (-0.31874, 0.08536, -0.15796), (-0.31874, -0.04049, -0.158), (0.31875, 0.08526, 0.13442), (0.31875, 0.08536, -0.15796), (0.31875, -0.04049, -0.158), (0.31875, -0.04059, 0.13438), (-0.30827, -0.03357, 0.11689), (-0.30827, -0.03348, -0.14051), (0.30828, -0.03348, -0.14051), (0.30828, -0.03357, 0.11689), (-0.30827, 0.08535, -0.14047), (-0.30827, -0.03348, -0.14051), (-0.30827, -0.03357, 0.11689), (-0.30827, 0.08527, 0.11693), (0.30828, 0.08527, 0.11693), (0.30828, -0.03357, 0.11689), (0.30828, -0.03348, -0.14051), (0.30828, 0.08535, -0.14047), (0.30828, 0.08535, -0.14047), (0.30828, -0.03348, -0.14051), (-0.30827, -0.03348, -0.14051), (-0.30827, 0.08535, -0.14047), (-0.30827, 0.08527, 0.11693), (-0.30827, -0.03357, 0.11689), (0.30828, -0.03357, 0.11689), (0.30828, 0.08527, 0.11693), (0.31875, 0.08526, 0.13442), (-0.32378, 0.09369, 0.13442), (-0.31874, 0.08526, 0.13442), (0.32379, 0.09369, 0.13442), (-0.32378, -0.04902, 0.13437), (0.31875, -0.04059, 0.13438), (-0.31874, -0.04059, 0.13438), (0.32379, -0.04902, 0.13437), (0.30828, 0.08527, 0.11693), (0.31875, 0.08526, 0.13442), (-0.31874, 0.08526, 0.13442), (-0.30827, 0.08527, 0.11693), (0.30828, 0.08535, -0.14047), (-0.31874, 0.08536, -0.15796), (0.31875, 0.08536, -0.15796), (-0.30827, 0.08535, -0.14047)]
                normal3f[] primvars:normals = [(-0.7632376, -0.4570335, 0.456715), (0.7632376, -0.4570335, 0.456715), (-0.7632361, 0.456719, 0.4570322), (0.7632361, 0.456719, 0.4570322), (0.7632377, -0.4567177, -0.4570309), (-0.7632377, -0.4567177, -0.4570309), (-0.7632361, 0.4570347, -0.4567165), (0.7632361, 0.4570347, -0.4567165), (0, -1, -0.00034558), (-1, 0, 4e-7), (1, 0, 0), (0, 1, 0.00034558), (-1, 0, 0), (0, -0.00034558, 1), (-0.8580199, -0.00017749, 0.5136165), (0.8580199, -0.00017749, 0.5136165), (0, -0.70735, 0.7068635), (0, 0.706862, 0.7073516), (0, -0.7068603, -0.7073532), (-0.8580199, 0.00017749, -0.5136165), (0, 0.7073497, -0.7068638), (0.8580199, 0.00017749, -0.5136165), (-0.8580205, -0.5136153, -0.00017749), (0.8580205, -0.5136153, -0.00017749), (0.8580201, 0.513616, 0.00017749), (-0.8580201, 0.513616, 0.00017749), (0, 0.00034558, -1), (1, 0, 4e-7), (0, 1, 0.00034568), (1, 0, -5.1e-7), (-1, 0, -5.1e-7), (0, 1, 0.000346)] (
                    interpolation = "faceVarying"
                )
                int[] primvars:normals:indices = [0, 0, 0, 1, 1, 1, 2, 2, 2, 3, 3, 3, 4, 4, 4, 5, 5, 5, 6, 6, 6, 7, 7, 7, 8, 8, 8, 8, 8, 8, 9, 9, 9, 9, 9, 9, 8, 8, 8, 8, 8, 8, 10, 10, 10, 10, 10, 10, 11, 11, 11, 11, 11, 11, 12, 12, 12, 12, 12, 12, 13, 13, 13, 13, 13, 13, 14, 14, 14, 14, 14, 14, 15, 15, 15, 15, 15, 15, 16, 16, 16, 16, 16, 16, 17, 17, 17, 17, 17, 17, 18, 18, 18, 18, 18, 18, 19, 19, 19, 19, 19, 19, 20, 20, 20, 20, 20, 20, 21, 21, 21, 21, 21, 21, 22, 22, 22, 22, 22, 22, 23, 23, 23, 23, 23, 23, 24, 24, 24, 24, 24, 24, 25, 25, 25, 25, 25, 25, 26, 26, 26, 26, 26, 26, 27, 27, 27, 27, 27, 27, 28, 28, 28, 28, 28, 28, 29, 29, 29, 29, 29, 29, 30, 30, 30, 30, 30, 30, 13, 13, 13, 13, 13, 13, 26, 26, 26, 26, 26, 26, 26, 26, 26, 26, 26, 26, 26, 26, 26, 26, 26, 26, 26, 26, 26, 26, 26, 26, 26, 26, 26, 26, 26, 26, 31, 31, 31, 31, 31, 31, 31, 31, 11, 11, 31, 31, 31, 11, 11, 11, 11, 31, 11, 11, 11, 11, 11, 11]
                texCoord2f[] primvars:st = [(0.01005888, 0.5815818), (0.01005888, 0.5840496), (0.00759101, 0.5840496), (0.6516515, 0.5840496), (0.6516515, 0.5815818), (0.6541193, 0.5840496), (0.01005888, 0.6686878), (0.01005888, 0.6711556), (0.00759101, 0.6686878), (0.6516515, 0.6711556), (0.6516515, 0.6686878), (0.6541193, 0.6686878), (0.9629087, 0.01005888), (0.9629087, 0.6516515), (0.9677139, 0.6516515), (0.9677139, 0.01005888), (0.7870435, 0.6636878), (0.7870435, 0.5890496), (0.960441, 0.5890496), (0.960441, 0.6636878), (0.7870435, 0.01505852), (0.7870435, 0.6466516), (0.960441, 0.6466515), (0.960441, 0.01505876), (0.9629087, 0.5840496), (0.9629087, 0.6686878), (0.9677139, 0.6686878), (0.9677139, 0.5840496), (0.9677139, 0.00759101), (0.9629087, 0.00759101), (0.9629087, 0.6541193), (0.9677139, 0.6541193), (0.01505852, 0.6636878), (0.6466516, 0.6636878), (0.6466516, 0.5890496), (0.01505852, 0.5890496), (0.7974128, 0.6362822), (0.7974128, 0.02542806), (0.9500716, 0.0254283), (0.9500716, 0.6362821), (0.9500716, 0.5932128), (0.7974128, 0.5932128), (0.7974128, 0.6636878), (0.9500716, 0.6636878), (0.02542806, 0.5932128), (0.6362822, 0.5932128), (0.6362822, 0.6636878), (0.02542806, 0.6636878), (0.6362821, 0.5932128), (0.0254283, 0.5932128), (0.0254283, 0.6636878), (0.6362821, 0.6636878), (0.01505876, 0.6636878), (0.6466515, 0.6636878), (0.6466515, 0.5890496), (0.01505876, 0.5890496)] (
                    interpolation = "faceVarying"
                )
                int[] primvars:st:indices = [0, 1, 2, 3, 4, 5, 6, 7, 8, 9, 10, 11, 3, 5, 4, 2, 1, 0, 7, 6, 8, 11, 10, 9, 12, 13, 14, 15, 12, 14, 16, 17, 18, 19, 16, 18, 20, 21, 22, 23, 20, 22, 24, 25, 26, 27, 24, 26, 13, 12, 15, 14, 13, 15, 25, 24, 27, 26, 25, 27, 6, 1, 3, 10, 6, 3, 1, 6, 8, 2, 1, 8, 5, 11, 10, 3, 5, 10, 0, 4, 3, 1, 0, 3, 6, 10, 9, 7, 6, 9, 1, 3, 4, 0, 1, 4, 2, 8, 6, 1, 2, 6, 7, 9, 10, 6, 7, 10, 3, 10, 11, 5, 3, 11, 12, 15, 28, 29, 12, 28, 14, 13, 30, 31, 14, 30, 13, 14, 31, 30, 13, 31, 15, 12, 29, 28, 15, 29, 32, 33, 34, 35, 32, 34, 17, 16, 19, 18, 17, 19, 36, 37, 38, 39, 36, 38, 40, 41, 42, 43, 40, 42, 41, 40, 43, 42, 41, 43, 44, 45, 46, 47, 44, 46, 48, 49, 50, 51, 48, 50, 52, 6, 53, 6, 10, 53, 1, 6, 52, 53, 10, 54, 55, 1, 52, 10, 3, 54, 3, 1, 55, 54, 3, 55, 23, 22, 39, 38, 23, 39, 39, 22, 36, 20, 23, 38, 22, 21, 36, 37, 20, 38, 36, 21, 37, 21, 20, 37]
                uniform token subdivisionScheme = "none"
                quatf xformOp:orient = (1, 0, 0, 0)
                float3 xformOp:scale = (1, 1, 1)
                double3 xformOp:translate = (0, 0, 0)
                uniform token[] xformOpOrder = ["xformOp:translate", "xformOp:orient", "xformOp:scale"]
            }

            def Mesh "Coffee_Table_315_1_DrawerMesh_05_1" (
                apiSchemas = ["MaterialBindingAPI"]
            )
            {
                float3[] extent = [(-0.23118, 0.01769, 0.15099), (0.24818, 0.04027, 0.18352)]
                int[] faceVertexCounts = [3, 3, 3, 3, 3, 3, 3, 3, 3, 3, 3, 3, 3, 3, 3, 3, 3, 3, 3, 3, 3, 3, 3, 3, 3, 3, 3, 3, 3, 3, 3, 3, 3, 3, 3, 3, 3, 3, 3, 3, 3, 3, 3, 3, 3, 3, 3, 3, 3, 3, 3, 3, 3, 3, 3, 3, 3, 3, 3, 3, 3, 3, 3, 3, 3, 3, 3, 3, 3, 3, 3, 3, 3, 3, 3, 3, 3, 3]
                int[] faceVertexIndices = [2, 1, 0, 3, 2, 0, 6, 5, 4, 7, 6, 4, 10, 9, 8, 11, 10, 8, 14, 13, 12, 15, 14, 12, 18, 17, 16, 19, 18, 16, 22, 21, 20, 23, 22, 20, 26, 25, 24, 27, 26, 24, 27, 24, 28, 29, 27, 28, 27, 30, 26, 30, 31, 26, 31, 30, 32, 33, 31, 32, 32, 30, 34, 30, 35, 34, 38, 37, 36, 37, 39, 36, 37, 40, 39, 40, 41, 39, 44, 43, 42, 43, 45, 42, 43, 46, 45, 46, 47, 45, 47, 48, 45, 48, 49, 45, 48, 50, 49, 50, 51, 49, 49, 51, 52, 51, 53, 52, 56, 55, 54, 55, 57, 54, 55, 58, 57, 58, 59, 57, 59, 58, 60, 58, 61, 60, 64, 63, 62, 65, 64, 62, 68, 67, 66, 69, 68, 66, 72, 71, 70, 73, 72, 70, 76, 75, 74, 77, 76, 74, 80, 79, 78, 81, 80, 78, 84, 83, 82, 85, 84, 82, 88, 87, 86, 89, 88, 86, 92, 91, 90, 93, 92, 90, 96, 95, 94, 97, 96, 94, 98, 96, 97, 99, 98, 97, 102, 101, 100, 103, 102, 100, 100, 101, 104, 105, 102, 103, 101, 106, 104, 107, 105, 103, 104, 106, 107, 106, 105, 107, 110, 109, 108, 111, 110, 108, 110, 112, 109, 111, 108, 113, 112, 114, 109, 115, 111, 113, 112, 115, 114, 115, 113, 114]
                rel material:binding = </Coffee_Table_315_1/Materials/material_HammeredMetal_AlbedoTransparency>
                uniform token orientation = "rightHanded"
                point3f[] points = [(0.22622, 0.01769, 0.15178), (0.22622, 0.01769, 0.15099), (0.22622, 0.04027, 0.151), (0.22622, 0.04027, 0.15179), (0.22622, 0.01769, 0.15099), (0.24818, 0.01769, 0.15099), (0.24818, 0.04027, 0.151), (0.22622, 0.04027, 0.151), (0.24818, 0.01769, 0.15099), (0.24818, 0.01769, 0.15178), (0.24818, 0.04027, 0.15179), (0.24818, 0.04027, 0.151), (0.22622, 0.01769, 0.15178), (0.24818, 0.01769, 0.15178), (0.24818, 0.01769, 0.15099), (0.22622, 0.01769, 0.15099), (0.22622, 0.04027, 0.151), (0.24818, 0.04027, 0.151), (0.24818, 0.04027, 0.15179), (0.22622, 0.04027, 0.15179), (0.23303, 0.03327, 0.15178), (0.23303, 0.03326, 0.17945), (0.23303, 0.02468, 0.17945), (0.23303, 0.02469, 0.15178), (0.24137, 0.03326, 0.17945), (0.24137, 0.03326, 0.18352), (0.23303, 0.03326, 0.18352), (0.23303, 0.03326, 0.17945), (0.24137, 0.03327, 0.15178), (0.23303, 0.03327, 0.15178), (-0.21602, 0.03326, 0.17945), (-0.21602, 0.03326, 0.18352), (-0.22437, 0.03326, 0.17945), (-0.22437, 0.03326, 0.18352), (-0.22437, 0.03327, 0.15178), (-0.21602, 0.03327, 0.15178), (0.24137, 0.02469, 0.15178), (0.24137, 0.03326, 0.17945), (0.24137, 0.03327, 0.15178), (0.24137, 0.02468, 0.17945), (0.24137, 0.03326, 0.18352), (0.24137, 0.02468, 0.18352), (0.23303, 0.02469, 0.15178), (0.24137, 0.02468, 0.17945), (0.24137, 0.02469, 0.15178), (0.23303, 0.02468, 0.17945), (0.24137, 0.02468, 0.18352), (0.23303, 0.02468, 0.18352), (-0.21602, 0.02468, 0.18352), (-0.21602, 0.02468, 0.17945), (-0.22437, 0.02468, 0.18352), (-0.22437, 0.02468, 0.17945), (-0.21602, 0.02469, 0.15178), (-0.22437, 0.02469, 0.15178), (0.24137, 0.02468, 0.18352), (0.23303, 0.03326, 0.18352), (0.24137, 0.03326, 0.18352), (0.23303, 0.02468, 0.18352), (-0.21602, 0.03326, 0.18352), (-0.21602, 0.02468, 0.18352), (-0.22437, 0.02468, 0.18352), (-0.22437, 0.03326, 0.18352), (-0.21602, 0.03326, 0.17945), (-0.21602, 0.03326, 0.18352), (-0.21602, 0.02468, 0.18352), (-0.21602, 0.02468, 0.17945), (0.23303, 0.03326, 0.17945), (-0.21602, 0.03326, 0.17945), (-0.21602, 0.02468, 0.17945), (0.23303, 0.02468, 0.17945), (-0.20921, 0.01769, 0.15178), (-0.20921, 0.04027, 0.15178), (-0.20921, 0.04027, 0.15099), (-0.20921, 0.01769, 0.15099), (-0.20921, 0.01769, 0.15099), (-0.20921, 0.04027, 0.15099), (-0.23118, 0.04027, 0.15099), (-0.23118, 0.01769, 0.15099), (-0.23118, 0.01769, 0.15099), (-0.23118, 0.04027, 0.15099), (-0.23118, 0.04027, 0.15178), (-0.23118, 0.01769, 0.15178), (-0.20921, 0.01769, 0.15178), (-0.20921, 0.01769, 0.15099), (-0.23118, 0.01769, 0.15099), (-0.23118, 0.01769, 0.15178), (-0.20921, 0.04027, 0.15099), (-0.20921, 0.04027, 0.15178), (-0.23118, 0.04027, 0.15178), (-0.23118, 0.04027, 0.15099), (-0.21602, 0.03327, 0.15178), (-0.21602, 0.02469, 0.15178), (-0.21602, 0.02468, 0.17945), (-0.21602, 0.03326, 0.17945), (-0.22437, 0.02469, 0.15178), (-0.22437, 0.03327, 0.15178), (-0.22437, 0.03326, 0.17945), (-0.22437, 0.02468, 0.17945), (-0.22437, 0.03326, 0.18352), (-0.22437, 0.02468, 0.18352), (0.24818, 0.04027, 0.15179), (0.24137, 0.03327, 0.15178), (0.23303, 0.03327, 0.15178), (0.22622, 0.04027, 0.15179), (0.24818, 0.01769, 0.15178), (0.23303, 0.02469, 0.15178), (0.24137, 0.02469, 0.15178), (0.22622, 0.01769, 0.15178), (-0.23118, 0.04027, 0.15178), (-0.20921, 0.04027, 0.15178), (-0.21602, 0.03327, 0.15178), (-0.22437, 0.03327, 0.15178), (-0.21602, 0.02469, 0.15178), (-0.23118, 0.01769, 0.15178), (-0.20921, 0.01769, 0.15178), (-0.22437, 0.02469, 0.15178)]
                normal3f[] primvars:normals = [(-1, 0, 0), (6.8e-7, 0.00034558, -1), (1, 0, 0), (0, -1, -0.00034558), (0, 1, 0.00034558), (2.5e-7, 1, 0.00034558), (2.5e-7, -1, -0.00034558), (0, -0.00034558, 1), (-6.6e-7, -0.00034558, 1), (6.3e-7, 0.00034558, -1), (1, 0, 4.9e-7), (-1, 0, -4.9e-7), (-4.9e-7, -0.00034228, 1), (-4.9e-7, -0.00034997, 1), (0, -0.00034338, 1), (0, -0.00034667, 1)] (
                    interpolation = "faceVarying"
                )
                int[] primvars:normals:indices = [0, 0, 0, 0, 0, 0, 1, 1, 1, 1, 1, 1, 2, 2, 2, 2, 2, 2, 3, 3, 3, 3, 3, 3, 4, 4, 4, 4, 4, 4, 0, 0, 0, 0, 0, 0, 4, 4, 4, 4, 4, 4, 4, 4, 4, 4, 4, 4, 4, 4, 4, 4, 4, 4, 4, 4, 4, 4, 4, 4, 4, 4, 5, 4, 5, 5, 2, 2, 2, 2, 2, 2, 2, 2, 2, 2, 2, 2, 3, 3, 3, 3, 3, 3, 3, 3, 3, 3, 3, 3, 3, 3, 3, 3, 3, 3, 3, 3, 3, 3, 6, 3, 3, 6, 6, 6, 6, 6, 7, 7, 7, 7, 7, 7, 7, 8, 7, 8, 8, 7, 8, 8, 7, 8, 7, 7, 0, 0, 0, 0, 0, 0, 9, 9, 9, 9, 9, 9, 2, 2, 2, 2, 2, 2, 1, 1, 1, 1, 1, 1, 0, 0, 0, 0, 0, 0, 3, 3, 3, 3, 3, 3, 4, 4, 4, 4, 4, 4, 10, 10, 10, 10, 10, 10, 11, 11, 11, 11, 11, 11, 0, 11, 11, 0, 0, 11, 12, 12, 12, 12, 12, 12, 12, 12, 13, 13, 12, 12, 12, 13, 13, 13, 13, 12, 13, 13, 13, 13, 13, 13, 14, 14, 14, 14, 14, 14, 14, 15, 14, 14, 14, 15, 15, 15, 14, 15, 14, 15, 15, 15, 15, 15, 15, 15]
                texCoord2f[] primvars:st = [(0, 0)] (
                    interpolation = "faceVarying"
                )
                int[] primvars:st:indices = [0, 0, 0, 0, 0, 0, 0, 0, 0, 0, 0, 0, 0, 0, 0, 0, 0, 0, 0, 0, 0, 0, 0, 0, 0, 0, 0, 0, 0, 0, 0, 0, 0, 0, 0, 0, 0, 0, 0, 0, 0, 0, 0, 0, 0, 0, 0, 0, 0, 0, 0, 0, 0, 0, 0, 0, 0, 0, 0, 0, 0, 0, 0, 0, 0, 0, 0, 0, 0, 0, 0, 0, 0, 0, 0, 0, 0, 0, 0, 0, 0, 0, 0, 0, 0, 0, 0, 0, 0, 0, 0, 0, 0, 0, 0, 0, 0, 0, 0, 0, 0, 0, 0, 0, 0, 0, 0, 0, 0, 0, 0, 0, 0, 0, 0, 0, 0, 0, 0, 0, 0, 0, 0, 0, 0, 0, 0, 0, 0, 0, 0, 0, 0, 0, 0, 0, 0, 0, 0, 0, 0, 0, 0, 0, 0, 0, 0, 0, 0, 0, 0, 0, 0, 0, 0, 0, 0, 0, 0, 0, 0, 0, 0, 0, 0, 0, 0, 0, 0, 0, 0, 0, 0, 0, 0, 0, 0, 0, 0, 0, 0, 0, 0, 0, 0, 0, 0, 0, 0, 0, 0, 0, 0, 0, 0, 0, 0, 0, 0, 0, 0, 0, 0, 0, 0, 0, 0, 0, 0, 0, 0, 0, 0, 0, 0, 0, 0, 0, 0, 0, 0, 0, 0, 0, 0, 0, 0, 0, 0, 0, 0, 0, 0, 0]
                uniform token subdivisionScheme = "none"
                quatf xformOp:orient = (1, 0, 0, 0)
                float3 xformOp:scale = (1, 1, 1)
                double3 xformOp:translate = (0, 0, 0)
                uniform token[] xformOpOrder = ["xformOp:translate", "xformOp:orient", "xformOp:scale"]
            }

            def Cube "Coffee_Table_315_1_DrawerMesh_05_PrimitiveCollider_0" (
                apiSchemas = ["PhysicsCollisionAPI", "PhysicsMassAPI"]
            )
            {
                float3[] extent = [(-0.5, -0.5, -0.5), (0.5, 0.5, 0.5)]
                float physics:density = 100
                uniform token purpose = "guide"
                double size = 1
                quatf xformOp:orient = (0, 1, 0, 0)
                float3 xformOp:scale = (0.638116, 0.00744238, 0.292148)
                double3 xformOp:translate = (0, -0.0369796, -0.0119217)
                uniform token[] xformOpOrder = ["xformOp:translate", "xformOp:orient", "xformOp:scale"]
            }

            def Cube "Coffee_Table_315_1_DrawerMesh_05_PrimitiveCollider_1" (
                apiSchemas = ["PhysicsCollisionAPI", "PhysicsMassAPI"]
            )
            {
                float3[] extent = [(-0.5, -0.5, -0.5), (0.5, 0.5, 0.5)]
                float physics:density = 100
                uniform token purpose = "guide"
                double size = 1
                quatf xformOp:orient = (0, 1, 0, 0)
                float3 xformOp:scale = (0.638116, 0.1262134, 0.0170992)
                double3 xformOp:translate = (0, 0.0224059, 0.125603)
                uniform token[] xformOpOrder = ["xformOp:translate", "xformOp:orient", "xformOp:scale"]
            }

            def Cube "Coffee_Table_315_1_DrawerMesh_05_PrimitiveCollider_2" (
                apiSchemas = ["PhysicsCollisionAPI", "PhysicsMassAPI"]
            )
            {
                float3[] extent = [(-0.5, -0.5, -0.5), (0.5, 0.5, 0.5)]
                float physics:density = 100
                uniform token purpose = "guide"
                double size = 1
                quatf xformOp:orient = (0, 1, 0, 0)
                float3 xformOp:scale = (0.638116, 0.1262134, 0.01764298)
                double3 xformOp:translate = (0, 0.0224059, -0.149174)
                uniform token[] xformOpOrder = ["xformOp:translate", "xformOp:orient", "xformOp:scale"]
            }

            def Cube "Coffee_Table_315_1_DrawerMesh_05_PrimitiveCollider_3" (
                apiSchemas = ["PhysicsCollisionAPI", "PhysicsMassAPI"]
            )
            {
                float3[] extent = [(-0.5, -0.5, -0.5), (0.5, 0.5, 0.5)]
                float physics:density = 100
                uniform token purpose = "guide"
                double size = 1
                quatf xformOp:orient = (0, 1, 0, 0)
                float3 xformOp:scale = (0.011855, 0.1262134, 0.292148)
                double3 xformOp:translate = (0.31313, 0.0224059, -0.0119217)
                uniform token[] xformOpOrder = ["xformOp:translate", "xformOp:orient", "xformOp:scale"]
            }

            def Cube "Coffee_Table_315_1_DrawerMesh_05_PrimitiveCollider_4" (
                apiSchemas = ["PhysicsCollisionAPI", "PhysicsMassAPI"]
            )
            {
                float3[] extent = [(-0.5, -0.5, -0.5), (0.5, 0.5, 0.5)]
                float physics:density = 100
                uniform token purpose = "guide"
                double size = 1
                quatf xformOp:orient = (0, 1, 0, 0)
                float3 xformOp:scale = (0.01134694, 0.1262134, 0.292148)
                double3 xformOp:translate = (-0.313384, 0.0224059, -0.0119217)
                uniform token[] xformOpOrder = ["xformOp:translate", "xformOp:orient", "xformOp:scale"]
            }

            def Cube "Coffee_Table_315_1_DrawerMesh_05_PrimitiveCollider_5" (
                apiSchemas = ["PhysicsCollisionAPI", "PhysicsMassAPI"]
            )
            {
                float3[] extent = [(-0.5, -0.5, -0.5), (0.5, 0.5, 0.5)]
                float physics:density = 100
                uniform token purpose = "guide"
                double size = 1
                quatf xformOp:orient = (0, 1, 0, 0)
                float3 xformOp:scale = (0.652432, 0.1541782, 0.0171423)
                double3 xformOp:translate = (0, 0.0224059, 0.143373)
                uniform token[] xformOpOrder = ["xformOp:translate", "xformOp:orient", "xformOp:scale"]
            }

            def Cube "Coffee_Table_315_1_DrawerMesh_05_PrimitiveCollider_6" (
                apiSchemas = ["PhysicsCollisionAPI", "PhysicsMassAPI"]
            )
            {
                float3[] extent = [(-0.5, -0.5, -0.5), (0.5, 0.5, 0.5)]
                float physics:density = 100
                uniform token purpose = "guide"
                double size = 1
                quatf xformOp:orient = (0, -0.707106, 0, 0.707107)
                float3 xformOp:scale = (0.034155, 0.00938414, 0.00904044)
                double3 xformOp:translate = (-0.220107, 0.0298707, 0.1671)
                uniform token[] xformOpOrder = ["xformOp:translate", "xformOp:orient", "xformOp:scale"]
            }

            def Cube "Coffee_Table_315_1_DrawerMesh_05_PrimitiveCollider_7" (
                apiSchemas = ["PhysicsCollisionAPI", "PhysicsMassAPI"]
            )
            {
                float3[] extent = [(-0.5, -0.5, -0.5), (0.5, 0.5, 0.5)]
                float physics:density = 100
                uniform token purpose = "guide"
                double size = 1
                quatf xformOp:orient = (0, -0.707106, 0, 0.707107)
                float3 xformOp:scale = (0.0341096, 0.00938414, 0.00851994)
                double3 xformOp:translate = (0.237262, 0.0298707, 0.1671)
                uniform token[] xformOpOrder = ["xformOp:translate", "xformOp:orient", "xformOp:scale"]
            }

            def Cube "Coffee_Table_315_1_DrawerMesh_05_PrimitiveCollider_8" (
                apiSchemas = ["PhysicsCollisionAPI", "PhysicsMassAPI"]
            )
            {
                float3[] extent = [(-0.5, -0.5, -0.5), (0.5, 0.5, 0.5)]
                float physics:density = 100
                uniform token purpose = "guide"
                double size = 1
                quatf xformOp:orient = (0, -0.707106, 0, 0.707107)
                float3 xformOp:scale = (0.00482442, 0.00938414, 0.465914)
                double3 xformOp:translate = (0.00863112, 0.0298707, 0.181397)
                uniform token[] xformOpOrder = ["xformOp:translate", "xformOp:orient", "xformOp:scale"]
            }

            def PhysicsPrismaticJoint "Coffee_Table_315_1_DrawerMesh_05__1"
            {
                uniform token physics:axis = "Z"
                rel physics:body0 = </Coffee_Table_315_1/Geometry/Coffee_Table_315_1_DrawerMesh_05>
                rel physics:body1 = </Coffee_Table_315_1/Geometry/Coffee_Table_315_1>
                point3f physics:localPos0 = (0, 0, 0)
                point3f physics:localPos1 = (-0.000079, -0.050156, 0.19445)
                quatf physics:localRot0 = (-0, -1, -0, 0)
                quatf physics:localRot1 = (-0, -1, 0, 0)
                float physics:lowerLimit = 0
                float physics:upperLimit = 0.261
            }
        }

        def Xform "Coffee_Table_315_1_DrawerMesh_04" (
            apiSchemas = ["PhysicsRigidBodyAPI", "PhysicsFilteredPairsAPI"]
        )
        {
            rel physics:filteredPairs = [
                </Coffee_Table_315_1/Geometry/Coffee_Table_315_1_DrawerMesh_06>,
                </Coffee_Table_315_1/Geometry/Coffee_Table_315_1_DrawerMesh_05>,
                </Coffee_Table_315_1/Geometry/Coffee_Table_315_1_DrawerMesh_01>,
                </Coffee_Table_315_1/Geometry/Coffee_Table_315_1_DrawerMesh_02>,
                </Coffee_Table_315_1/Geometry/Coffee_Table_315_1_DrawerMesh_03>,
                </Coffee_Table_315_1/Geometry/tn__Coffee_Table_315_1_FP315Cube1751_wm0yC>,
            ]
            quatf xformOp:orient = (1, 0, 0, 0)
            float3 xformOp:scale = (1, 1, 1)
            double3 xformOp:translate = (-0.000079, -0.209186, 0.19445)
            uniform token[] xformOpOrder = ["xformOp:translate", "xformOp:orient", "xformOp:scale"]

            def Mesh "Coffee_Table_315_1_DrawerMesh_04_0" (
                apiSchemas = ["MaterialBindingAPI"]
            )
            {
                float3[] extent = [(-0.32627, -0.05319, -0.158), (0.32628, 0.09785, 0.15085)]
                int[] faceVertexCounts = [3, 3, 3, 3, 3, 3, 3, 3, 3, 3, 3, 3, 3, 3, 3, 3, 3, 3, 3, 3, 3, 3, 3, 3, 3, 3, 3, 3, 3, 3, 3, 3, 3, 3, 3, 3, 3, 3, 3, 3, 3, 3, 3, 3, 3, 3, 3, 3, 3, 3, 3, 3, 3, 3, 3, 3, 3, 3, 3, 3, 3, 3, 3, 3, 3, 3, 3, 3, 3, 3, 3, 3, 3, 3, 3, 3]
                int[] faceVertexIndices = [2, 1, 0, 5, 4, 3, 8, 7, 6, 11, 10, 9, 14, 13, 12, 17, 16, 15, 20, 19, 18, 23, 22, 21, 26, 25, 24, 27, 26, 24, 30, 29, 28, 31, 30, 28, 34, 33, 32, 35, 34, 32, 38, 37, 36, 39, 38, 36, 42, 41, 40, 43, 42, 40, 46, 45, 44, 47, 46, 44, 50, 49, 48, 51, 50, 48, 54, 53, 52, 55, 54, 52, 58, 57, 56, 59, 58, 56, 62, 61, 60, 63, 62, 60, 66, 65, 64, 67, 66, 64, 70, 69, 68, 71, 70, 68, 74, 73, 72, 75, 74, 72, 78, 77, 76, 79, 78, 76, 82, 81, 80, 83, 82, 80, 86, 85, 84, 87, 86, 84, 90, 89, 88, 91, 90, 88, 94, 93, 92, 95, 94, 92, 98, 97, 96, 99, 98, 96, 102, 101, 100, 103, 102, 100, 106, 105, 104, 107, 106, 104, 110, 109, 108, 111, 110, 108, 114, 113, 112, 115, 114, 112, 118, 117, 116, 119, 118, 116, 122, 121, 120, 123, 122, 120, 126, 125, 124, 127, 126, 124, 130, 129, 128, 131, 130, 128, 128, 129, 132, 133, 130, 131, 129, 134, 132, 135, 133, 131, 132, 134, 135, 134, 133, 135, 138, 137, 136, 139, 138, 136, 136, 137, 140, 141, 138, 139, 137, 142, 140, 143, 141, 139, 140, 142, 143, 142, 141, 143]
                rel material:binding = </Coffee_Table_315_1/Materials/material_WornWood>
                uniform token orientation = "rightHanded"
                point3f[] points = [(-0.32627, -0.04903, 0.14663), (-0.32378, -0.04903, 0.1508), (-0.32378, -0.05319, 0.14663), (0.32379, -0.05319, 0.14663), (0.32379, -0.04903, 0.1508), (0.32628, -0.04903, 0.14663), (-0.32627, 0.09369, 0.14669), (-0.32378, 0.09785, 0.14669), (-0.32378, 0.09368, 0.15085), (0.32628, 0.09369, 0.14669), (0.32379, 0.09368, 0.15085), (0.32379, 0.09785, 0.14669), (0.32379, -0.05319, 0.13853), (0.32628, -0.04902, 0.13853), (0.32379, -0.04902, 0.13437), (-0.32378, -0.05319, 0.13853), (-0.32378, -0.04902, 0.13437), (-0.32627, -0.04902, 0.13853), (-0.32627, 0.09369, 0.13858), (-0.32378, 0.09369, 0.13442), (-0.32378, 0.09785, 0.13859), (0.32379, 0.09785, 0.13859), (0.32379, 0.09369, 0.13442), (0.32628, 0.09369, 0.13858), (0.32379, -0.05319, 0.14663), (0.32379, -0.05319, 0.13853), (-0.32378, -0.05319, 0.13853), (-0.32378, -0.05319, 0.14663), (-0.32378, 0.09785, 0.14669), (-0.32378, 0.09785, 0.13859), (0.32379, 0.09785, 0.13859), (0.32379, 0.09785, 0.14669), (0.32379, -0.04903, 0.1508), (-0.32378, -0.04903, 0.1508), (-0.32378, 0.09368, 0.15085), (0.32379, 0.09368, 0.15085), (0.32628, 0.09369, 0.14669), (0.32628, 0.09369, 0.13858), (0.32628, -0.04902, 0.13853), (0.32628, -0.04903, 0.14663), (-0.32627, -0.04903, 0.14663), (-0.32627, -0.04902, 0.13853), (-0.32627, 0.09369, 0.13858), (-0.32627, 0.09369, 0.14669), (-0.32627, 0.09369, 0.14669), (-0.32378, 0.09368, 0.15085), (-0.32378, -0.04903, 0.1508), (-0.32627, -0.04903, 0.14663), (-0.32378, -0.05319, 0.14663), (-0.32378, -0.04903, 0.1508), (0.32379, -0.04903, 0.1508), (0.32379, -0.05319, 0.14663), (0.32379, 0.09368, 0.15085), (0.32628, 0.09369, 0.14669), (0.32628, -0.04903, 0.14663), (0.32379, -0.04903, 0.1508), (0.32379, 0.09785, 0.14669), (0.32379, 0.09368, 0.15085), (-0.32378, 0.09368, 0.15085), (-0.32378, 0.09785, 0.14669), (-0.32378, -0.04902, 0.13437), (-0.32378, -0.05319, 0.13853), (0.32379, -0.05319, 0.13853), (0.32379, -0.04902, 0.13437), (-0.32378, 0.09369, 0.13442), (-0.32627, 0.09369, 0.13858), (-0.32627, -0.04902, 0.13853), (-0.32378, -0.04902, 0.13437), (0.32379, 0.09369, 0.13442), (0.32379, 0.09785, 0.13859), (-0.32378, 0.09785, 0.13859), (-0.32378, 0.09369, 0.13442), (0.32628, 0.09369, 0.13858), (0.32379, 0.09369, 0.13442), (0.32379, -0.04902, 0.13437), (0.32628, -0.04902, 0.13853), (-0.32378, 0.09785, 0.14669), (-0.32627, 0.09369, 0.14669), (-0.32627, 0.09369, 0.13858), (-0.32378, 0.09785, 0.13859), (-0.32378, -0.05319, 0.13853), (-0.32627, -0.04902, 0.13853), (-0.32627, -0.04903, 0.14663), (-0.32378, -0.05319, 0.14663), (0.32628, -0.04902, 0.13853), (0.32379, -0.05319, 0.13853), (0.32379, -0.05319, 0.14663), (0.32628, -0.04903, 0.14663), (0.32379, 0.09785, 0.13859), (0.32628, 0.09369, 0.13858), (0.32628, 0.09369, 0.14669), (0.32379, 0.09785, 0.14669), (0.31875, -0.04049, -0.158), (0.31875, 0.08536, -0.15796), (-0.31874, 0.08536, -0.15796), (-0.31874, -0.04049, -0.158), (-0.30827, 0.08535, -0.14047), (-0.30827, -0.03348, -0.14051), (-0.30827, -0.03357, 0.11689), (-0.30827, 0.08527, 0.11693), (0.31875, -0.04059, 0.13438), (0.31875, -0.04049, -0.158), (-0.31874, -0.04049, -0.158), (-0.31874, -0.04059, 0.13438), (-0.31874, -0.04059, 0.13438), (-0.31874, -0.04049, -0.158), (-0.31874, 0.08536, -0.15796), (-0.31874, 0.08526, 0.13442), (0.31875, 0.08526, 0.13442), (0.31875, 0.08536, -0.15796), (0.31875, -0.04049, -0.158), (0.31875, -0.04059, 0.13438), (-0.30827, -0.03357, 0.11689), (-0.30827, -0.03348, -0.14051), (0.30828, -0.03348, -0.14051), (0.30828, -0.03357, 0.11689), (0.30828, 0.08527, 0.11693), (0.30828, -0.03357, 0.11689), (0.30828, -0.03348, -0.14051), (0.30828, 0.08535, -0.14047), (0.30828, 0.08535, -0.14047), (0.30828, -0.03348, -0.14051), (-0.30827, -0.03348, -0.14051), (-0.30827, 0.08535, -0.14047), (-0.30827, 0.08527, 0.11693), (-0.30827, -0.03357, 0.11689), (0.30828, -0.03357, 0.11689), (0.30828, 0.08527, 0.11693), (-0.31874, -0.04059, 0.13438), (-0.32378, -0.04902, 0.13437), (0.32379, -0.04902, 0.13437), (0.31875, -0.04059, 0.13438), (-0.31874, 0.08526, 0.13442), (0.32379, 0.09369, 0.13442), (-0.32378, 0.09369, 0.13442), (0.31875, 0.08526, 0.13442), (0.30828, 0.08527, 0.11693), (0.31875, 0.08526, 0.13442), (-0.31874, 0.08526, 0.13442), (-0.30827, 0.08527, 0.11693), (0.30828, 0.08535, -0.14047), (-0.31874, 0.08536, -0.15796), (0.31875, 0.08536, -0.15796), (-0.30827, 0.08535, -0.14047)]
                normal3f[] primvars:normals = [(-0.7632366, -0.4570343, 0.456716), (0.7632366, -0.4570343, 0.456716), (-0.7632371, 0.4567181, 0.4570313), (0.7632371, 0.4567181, 0.4570313), (0.7632357, -0.4567205, -0.4570313), (-0.7632348, -0.4567226, -0.4570307), (-0.7632354, 0.4570379, -0.4567145), (0.7632362, 0.4570359, -0.4567151), (0, -1, -0.00034558), (0, 1, 0.00034558), (0, -0.00034558, 1), (1, 0, 0), (-1, 0, 0), (-0.8580199, -0.00017749, 0.5136165), (0, -0.7073509, 0.7068626), (0.8580199, -0.00017749, 0.5136165), (0, 0.7068614, 0.7073522), (0, -0.7068623, -0.7073513), (-0.8580199, 0.00017749, -0.5136165), (0, 0.70735, -0.7068635), (0.8580199, 0.00017749, -0.5136165), (-0.8580205, 0.5136154, 0.00017749), (-0.8580199, -0.5136164, -0.00017749), (0.8580199, -0.5136164, -0.00017749), (0.8580205, 0.5136154, 0.00017749), (0, 0.00034558, -1), (1, 0, -3.6e-7), (0, -1, -0.00034523), (-1, 0, 4e-7), (1, 0, 4e-7), (0, 1, 0.00034539), (-1, 0, -3.6e-7), (0, 0.00034695, -1), (0, 0.0003442, -1)] (
                    interpolation = "faceVarying"
                )
                int[] primvars:normals:indices = [0, 0, 0, 1, 1, 1, 2, 2, 2, 3, 3, 3, 4, 4, 4, 5, 5, 5, 6, 6, 6, 7, 7, 7, 8, 8, 8, 8, 8, 8, 9, 9, 9, 9, 9, 9, 10, 10, 10, 10, 10, 10, 11, 11, 11, 11, 11, 11, 12, 12, 12, 12, 12, 12, 13, 13, 13, 13, 13, 13, 14, 14, 14, 14, 14, 14, 15, 15, 15, 15, 15, 15, 16, 16, 16, 16, 16, 16, 17, 17, 17, 17, 17, 17, 18, 18, 18, 18, 18, 18, 19, 19, 19, 19, 19, 19, 20, 20, 20, 20, 20, 20, 21, 21, 21, 21, 21, 21, 22, 22, 22, 22, 22, 22, 23, 23, 23, 23, 23, 23, 24, 24, 24, 24, 24, 24, 25, 25, 25, 25, 25, 25, 26, 26, 26, 26, 26, 26, 27, 27, 27, 27, 27, 27, 28, 28, 28, 28, 28, 28, 29, 29, 29, 29, 29, 29, 30, 30, 30, 30, 30, 30, 31, 31, 31, 31, 31, 31, 10, 10, 10, 10, 10, 10, 25, 25, 25, 25, 25, 25, 32, 32, 32, 32, 32, 32, 32, 32, 25, 33, 32, 32, 32, 25, 25, 33, 33, 32, 25, 25, 33, 25, 33, 33, 9, 9, 9, 9, 9, 9, 9, 9, 9, 9, 9, 9, 9, 9, 9, 9, 9, 9, 9, 9, 9, 9, 9, 9]
                texCoord2f[] primvars:st = [(0.9677139, 0.01005888), (0.9701816, 0.01005888), (0.9677139, 0.00759101), (0.9677139, 0.6541193), (0.9701816, 0.6516515), (0.9677139, 0.6516515), (0.01005888, 0.5891727), (0.01005888, 0.5916404), (0.00759101, 0.5891727), (0.6516515, 0.5916404), (0.6516515, 0.5891727), (0.6541193, 0.5891727), (0.960441, 0.6516515), (0.9629087, 0.6541193), (0.9629087, 0.6516515), (0.9629087, 0.00759101), (0.960441, 0.01005888), (0.9629087, 0.01005888), (0.01005888, 0.5045344), (0.6516515, 0.5045344), (0.9629087, 0.5045344), (0.9629087, 0.5891727), (0.9677139, 0.5891727), (0.9677139, 0.5045344), (0.00759101, 0.5045344), (0.6541193, 0.5045344), (0.01505852, 0.5841727), (0.6466516, 0.5841727), (0.6466516, 0.5095344), (0.01505852, 0.5095344), (0.9500716, 0.5136977), (0.7974128, 0.5136977), (0.7974128, 0.5841727), (0.9500716, 0.5841727), (0.7870435, 0.01505852), (0.7870435, 0.6466516), (0.960441, 0.6466515), (0.960441, 0.01505876), (0.7870435, 0.5841727), (0.7870435, 0.5095344), (0.960441, 0.5095344), (0.960441, 0.5841727), (0.7974128, 0.6362822), (0.7974128, 0.02542806), (0.9500716, 0.0254283), (0.9500716, 0.6362821), (0.02542806, 0.5136977), (0.6362822, 0.5136977), (0.6362822, 0.5841727), (0.02542806, 0.5841727), (0.6362821, 0.5136977), (0.0254283, 0.5136977), (0.0254283, 0.5841727), (0.6362821, 0.5841727), (0.01505876, 0.5095344), (0.6466515, 0.5095344), (0.01505876, 0.5841727), (0.6466515, 0.5841727)] (
                    interpolation = "faceVarying"
                )
                int[] primvars:st:indices = [0, 1, 2, 3, 4, 5, 6, 7, 8, 9, 10, 11, 12, 13, 14, 15, 16, 17, 7, 6, 8, 11, 10, 9, 17, 14, 5, 0, 17, 5, 14, 17, 0, 5, 14, 0, 6, 18, 19, 10, 6, 19, 20, 21, 22, 23, 20, 22, 21, 20, 23, 22, 21, 23, 18, 6, 8, 24, 18, 8, 4, 1, 0, 5, 4, 0, 25, 11, 10, 19, 25, 10, 6, 10, 9, 7, 6, 9, 14, 17, 16, 12, 14, 16, 24, 8, 6, 18, 24, 6, 7, 9, 10, 6, 7, 10, 19, 10, 11, 25, 19, 11, 15, 2, 0, 17, 15, 0, 2, 15, 17, 0, 2, 17, 5, 14, 13, 3, 5, 13, 3, 13, 14, 5, 3, 14, 26, 27, 28, 29, 26, 28, 30, 31, 32, 33, 30, 32, 34, 35, 36, 37, 34, 36, 38, 39, 40, 41, 38, 40, 39, 38, 41, 40, 39, 41, 42, 43, 44, 45, 42, 44, 31, 30, 33, 32, 31, 33, 46, 47, 48, 49, 46, 48, 50, 51, 52, 53, 50, 52, 19, 18, 54, 55, 19, 54, 54, 18, 56, 10, 19, 55, 18, 6, 56, 57, 10, 55, 56, 6, 57, 6, 10, 57, 37, 36, 45, 44, 37, 45, 45, 36, 42, 34, 37, 44, 36, 35, 42, 43, 34, 44, 42, 35, 43, 35, 34, 43]
                uniform token subdivisionScheme = "none"
                quatf xformOp:orient = (1, 0, 0, 0)
                float3 xformOp:scale = (1, 1, 1)
                double3 xformOp:translate = (0, 0, 0)
                uniform token[] xformOpOrder = ["xformOp:translate", "xformOp:orient", "xformOp:scale"]
            }

            def Mesh "Coffee_Table_315_1_DrawerMesh_04_1" (
                apiSchemas = ["MaterialBindingAPI"]
            )
            {
                float3[] extent = [(-0.23118, 0.01672, 0.15099), (0.24818, 0.0393, 0.18352)]
                int[] faceVertexCounts = [3, 3, 3, 3, 3, 3, 3, 3, 3, 3, 3, 3, 3, 3, 3, 3, 3, 3, 3, 3, 3, 3, 3, 3, 3, 3, 3, 3, 3, 3, 3, 3, 3, 3, 3, 3, 3, 3, 3, 3, 3, 3, 3, 3, 3, 3, 3, 3, 3, 3, 3, 3, 3, 3, 3, 3, 3, 3, 3, 3, 3, 3, 3, 3, 3, 3, 3, 3, 3, 3, 3, 3, 3, 3, 3, 3, 3, 3]
                int[] faceVertexIndices = [2, 1, 0, 3, 2, 0, 6, 5, 4, 7, 6, 4, 10, 9, 8, 11, 10, 8, 14, 13, 12, 15, 14, 12, 18, 17, 16, 19, 18, 16, 22, 21, 20, 23, 22, 20, 26, 25, 24, 27, 26, 24, 27, 24, 28, 29, 27, 28, 27, 30, 26, 30, 31, 26, 31, 30, 32, 33, 31, 32, 32, 30, 34, 30, 35, 34, 38, 37, 36, 37, 39, 36, 37, 40, 39, 40, 41, 39, 44, 43, 42, 43, 45, 42, 43, 46, 45, 46, 47, 45, 47, 48, 45, 48, 49, 45, 48, 50, 49, 50, 51, 49, 49, 51, 52, 51, 53, 52, 56, 55, 54, 55, 57, 54, 55, 58, 57, 58, 59, 57, 59, 58, 60, 58, 61, 60, 64, 63, 62, 65, 64, 62, 68, 67, 66, 69, 68, 66, 72, 71, 70, 73, 72, 70, 76, 75, 74, 77, 76, 74, 80, 79, 78, 81, 80, 78, 84, 83, 82, 85, 84, 82, 88, 87, 86, 89, 88, 86, 92, 91, 90, 93, 92, 90, 96, 95, 94, 97, 96, 94, 98, 96, 97, 99, 98, 97, 102, 101, 100, 103, 102, 100, 100, 101, 104, 105, 102, 103, 101, 106, 104, 107, 105, 103, 104, 106, 107, 106, 105, 107, 110, 109, 108, 111, 110, 108, 110, 112, 109, 111, 108, 113, 112, 114, 109, 115, 111, 113, 112, 115, 114, 115, 113, 114]
                rel material:binding = </Coffee_Table_315_1/Materials/material_HammeredMetal_AlbedoTransparency>
                uniform token orientation = "rightHanded"
                point3f[] points = [(0.22622, 0.01672, 0.15178), (0.22622, 0.01672, 0.15099), (0.22622, 0.0393, 0.15099), (0.22622, 0.0393, 0.15178), (0.22622, 0.01672, 0.15099), (0.24818, 0.01672, 0.15099), (0.24818, 0.0393, 0.15099), (0.22622, 0.0393, 0.15099), (0.24818, 0.01672, 0.15099), (0.24818, 0.01672, 0.15178), (0.24818, 0.0393, 0.15178), (0.24818, 0.0393, 0.15099), (0.22622, 0.01672, 0.15178), (0.24818, 0.01672, 0.15178), (0.24818, 0.01672, 0.15099), (0.22622, 0.01672, 0.15099), (0.22622, 0.0393, 0.15099), (0.24818, 0.0393, 0.15099), (0.24818, 0.0393, 0.15178), (0.22622, 0.0393, 0.15178), (0.23303, 0.0323, 0.15178), (0.23303, 0.03229, 0.17945), (0.23303, 0.02371, 0.17945), (0.23303, 0.02372, 0.15178), (0.24137, 0.03229, 0.17945), (0.24137, 0.03229, 0.18352), (0.23303, 0.03229, 0.18352), (0.23303, 0.03229, 0.17945), (0.24137, 0.0323, 0.15178), (0.23303, 0.0323, 0.15178), (-0.21602, 0.03229, 0.17945), (-0.21602, 0.03229, 0.18352), (-0.22437, 0.03229, 0.17945), (-0.22437, 0.03229, 0.18352), (-0.22437, 0.0323, 0.15178), (-0.21602, 0.0323, 0.15178), (0.24137, 0.02372, 0.15178), (0.24137, 0.03229, 0.17945), (0.24137, 0.0323, 0.15178), (0.24137, 0.02371, 0.17945), (0.24137, 0.03229, 0.18352), (0.24137, 0.02371, 0.18352), (0.23303, 0.02372, 0.15178), (0.24137, 0.02371, 0.17945), (0.24137, 0.02372, 0.15178), (0.23303, 0.02371, 0.17945), (0.24137, 0.02371, 0.18352), (0.23303, 0.02371, 0.18352), (-0.21602, 0.02371, 0.18352), (-0.21602, 0.02371, 0.17945), (-0.22437, 0.02371, 0.18352), (-0.22437, 0.02371, 0.17945), (-0.21602, 0.02372, 0.15178), (-0.22437, 0.02372, 0.15178), (0.24137, 0.02371, 0.18352), (0.23303, 0.03229, 0.18352), (0.24137, 0.03229, 0.18352), (0.23303, 0.02371, 0.18352), (-0.21602, 0.03229, 0.18352), (-0.21602, 0.02371, 0.18352), (-0.22437, 0.02371, 0.18352), (-0.22437, 0.03229, 0.18352), (-0.21602, 0.03229, 0.17945), (-0.21602, 0.03229, 0.18352), (-0.21602, 0.02371, 0.18352), (-0.21602, 0.02371, 0.17945), (0.23303, 0.03229, 0.17945), (-0.21602, 0.03229, 0.17945), (-0.21602, 0.02371, 0.17945), (0.23303, 0.02371, 0.17945), (-0.20921, 0.01672, 0.15178), (-0.20921, 0.0393, 0.15178), (-0.20921, 0.0393, 0.15099), (-0.20921, 0.01672, 0.15099), (-0.20921, 0.01672, 0.15099), (-0.20921, 0.0393, 0.15099), (-0.23118, 0.0393, 0.15099), (-0.23118, 0.01672, 0.15099), (-0.23118, 0.01672, 0.15099), (-0.23118, 0.0393, 0.15099), (-0.23118, 0.0393, 0.15178), (-0.23118, 0.01672, 0.15178), (-0.20921, 0.01672, 0.15178), (-0.20921, 0.01672, 0.15099), (-0.23118, 0.01672, 0.15099), (-0.23118, 0.01672, 0.15178), (-0.20921, 0.0393, 0.15099), (-0.20921, 0.0393, 0.15178), (-0.23118, 0.0393, 0.15178), (-0.23118, 0.0393, 0.15099), (-0.21602, 0.0323, 0.15178), (-0.21602, 0.02372, 0.15178), (-0.21602, 0.02371, 0.17945), (-0.21602, 0.03229, 0.17945), (-0.22437, 0.02372, 0.15178), (-0.22437, 0.0323, 0.15178), (-0.22437, 0.03229, 0.17945), (-0.22437, 0.02371, 0.17945), (-0.22437, 0.03229, 0.18352), (-0.22437, 0.02371, 0.18352), (0.24818, 0.0393, 0.15178), (0.24137, 0.0323, 0.15178), (0.23303, 0.0323, 0.15178), (0.22622, 0.0393, 0.15178), (0.24818, 0.01672, 0.15178), (0.23303, 0.02372, 0.15178), (0.24137, 0.02372, 0.15178), (0.22622, 0.01672, 0.15178), (-0.23118, 0.0393, 0.15178), (-0.20921, 0.0393, 0.15178), (-0.21602, 0.0323, 0.15178), (-0.22437, 0.0323, 0.15178), (-0.21602, 0.02372, 0.15178), (-0.23118, 0.01672, 0.15178), (-0.20921, 0.01672, 0.15178), (-0.22437, 0.02372, 0.15178)]
                normal3f[] primvars:normals = [(-1, 0, 0), (6.8e-7, 0.00034558, -1), (1, 0, 0), (0, -1, -0.00034558), (0, 1, 0.00034558), (-2.5e-7, 1, 0.00034558), (0, -0.00034558, 1), (-6.6e-7, -0.00034558, 1), (6.3e-7, 0.00034558, -1), (1, 0, 4.9e-7), (-1, 0, -4.9e-7), (-4.9e-7, -0.00034558, 1), (-4.9e-7, -0.00034777, 1), (-4.9e-7, -0.00034448, 1)] (
                    interpolation = "faceVarying"
                )
                int[] primvars:normals:indices = [0, 0, 0, 0, 0, 0, 1, 1, 1, 1, 1, 1, 2, 2, 2, 2, 2, 2, 3, 3, 3, 3, 3, 3, 4, 4, 4, 4, 4, 4, 0, 0, 0, 0, 0, 0, 4, 4, 4, 4, 4, 4, 4, 4, 4, 4, 4, 4, 4, 4, 4, 4, 4, 4, 4, 4, 4, 4, 4, 4, 4, 4, 5, 4, 5, 5, 2, 2, 2, 2, 2, 2, 2, 2, 2, 2, 2, 2, 3, 3, 3, 3, 3, 3, 3, 3, 3, 3, 3, 3, 3, 3, 3, 3, 3, 3, 3, 3, 3, 3, 3, 3, 3, 3, 3, 3, 3, 3, 6, 6, 6, 6, 6, 6, 6, 7, 6, 7, 7, 6, 7, 7, 6, 7, 6, 6, 0, 0, 0, 0, 0, 0, 8, 8, 8, 8, 8, 8, 2, 2, 2, 2, 2, 2, 1, 1, 1, 1, 1, 1, 0, 0, 0, 0, 0, 0, 3, 3, 3, 3, 3, 3, 4, 4, 4, 4, 4, 4, 9, 9, 9, 9, 9, 9, 10, 10, 10, 10, 10, 10, 0, 10, 10, 0, 0, 10, 11, 11, 11, 11, 11, 11, 11, 11, 11, 11, 11, 11, 11, 11, 11, 11, 11, 11, 11, 11, 11, 11, 11, 11, 12, 12, 12, 12, 12, 12, 12, 13, 12, 12, 12, 13, 13, 13, 12, 13, 12, 13, 13, 13, 13, 13, 13, 13]
                texCoord2f[] primvars:st = [(0, 0)] (
                    interpolation = "faceVarying"
                )
                int[] primvars:st:indices = [0, 0, 0, 0, 0, 0, 0, 0, 0, 0, 0, 0, 0, 0, 0, 0, 0, 0, 0, 0, 0, 0, 0, 0, 0, 0, 0, 0, 0, 0, 0, 0, 0, 0, 0, 0, 0, 0, 0, 0, 0, 0, 0, 0, 0, 0, 0, 0, 0, 0, 0, 0, 0, 0, 0, 0, 0, 0, 0, 0, 0, 0, 0, 0, 0, 0, 0, 0, 0, 0, 0, 0, 0, 0, 0, 0, 0, 0, 0, 0, 0, 0, 0, 0, 0, 0, 0, 0, 0, 0, 0, 0, 0, 0, 0, 0, 0, 0, 0, 0, 0, 0, 0, 0, 0, 0, 0, 0, 0, 0, 0, 0, 0, 0, 0, 0, 0, 0, 0, 0, 0, 0, 0, 0, 0, 0, 0, 0, 0, 0, 0, 0, 0, 0, 0, 0, 0, 0, 0, 0, 0, 0, 0, 0, 0, 0, 0, 0, 0, 0, 0, 0, 0, 0, 0, 0, 0, 0, 0, 0, 0, 0, 0, 0, 0, 0, 0, 0, 0, 0, 0, 0, 0, 0, 0, 0, 0, 0, 0, 0, 0, 0, 0, 0, 0, 0, 0, 0, 0, 0, 0, 0, 0, 0, 0, 0, 0, 0, 0, 0, 0, 0, 0, 0, 0, 0, 0, 0, 0, 0, 0, 0, 0, 0, 0, 0, 0, 0, 0, 0, 0, 0, 0, 0, 0, 0, 0, 0, 0, 0, 0, 0, 0, 0]
                uniform token subdivisionScheme = "none"
                quatf xformOp:orient = (1, 0, 0, 0)
                float3 xformOp:scale = (1, 1, 1)
                double3 xformOp:translate = (0, 0, 0)
                uniform token[] xformOpOrder = ["xformOp:translate", "xformOp:orient", "xformOp:scale"]
            }

            def Cube "Coffee_Table_315_1_DrawerMesh_04_PrimitiveCollider_0" (
                apiSchemas = ["PhysicsCollisionAPI", "PhysicsMassAPI"]
            )
            {
                float3[] extent = [(-0.5, -0.5, -0.5), (0.5, 0.5, 0.5)]
                float physics:density = 100
                uniform token purpose = "guide"
                double size = 1
                quatf xformOp:orient = (0, 1, 0, 0)
                float3 xformOp:scale = (0.638116, 0.00744238, 0.292148)
                double3 xformOp:translate = (0, -0.0369796, -0.0119217)
                uniform token[] xformOpOrder = ["xformOp:translate", "xformOp:orient", "xformOp:scale"]
            }

            def Cube "Coffee_Table_315_1_DrawerMesh_04_PrimitiveCollider_1" (
                apiSchemas = ["PhysicsCollisionAPI", "PhysicsMassAPI"]
            )
            {
                float3[] extent = [(-0.5, -0.5, -0.5), (0.5, 0.5, 0.5)]
                float physics:density = 100
                uniform token purpose = "guide"
                double size = 1
                quatf xformOp:orient = (0, 1, 0, 0)
                float3 xformOp:scale = (0.638116, 0.1262134, 0.0170992)
                double3 xformOp:translate = (0, 0.0224059, 0.125603)
                uniform token[] xformOpOrder = ["xformOp:translate", "xformOp:orient", "xformOp:scale"]
            }

            def Cube "Coffee_Table_315_1_DrawerMesh_04_PrimitiveCollider_2" (
                apiSchemas = ["PhysicsCollisionAPI", "PhysicsMassAPI"]
            )
            {
                float3[] extent = [(-0.5, -0.5, -0.5), (0.5, 0.5, 0.5)]
                float physics:density = 100
                uniform token purpose = "guide"
                double size = 1
                quatf xformOp:orient = (0, 1, 0, 0)
                float3 xformOp:scale = (0.638116, 0.1262134, 0.01764298)
                double3 xformOp:translate = (0, 0.0224059, -0.149174)
                uniform token[] xformOpOrder = ["xformOp:translate", "xformOp:orient", "xformOp:scale"]
            }

            def Cube "Coffee_Table_315_1_DrawerMesh_04_PrimitiveCollider_3" (
                apiSchemas = ["PhysicsCollisionAPI", "PhysicsMassAPI"]
            )
            {
                float3[] extent = [(-0.5, -0.5, -0.5), (0.5, 0.5, 0.5)]
                float physics:density = 100
                uniform token purpose = "guide"
                double size = 1
                quatf xformOp:orient = (0, 1, 0, 0)
                float3 xformOp:scale = (0.011855, 0.1262134, 0.292148)
                double3 xformOp:translate = (0.31313, 0.0224059, -0.0119217)
                uniform token[] xformOpOrder = ["xformOp:translate", "xformOp:orient", "xformOp:scale"]
            }

            def Cube "Coffee_Table_315_1_DrawerMesh_04_PrimitiveCollider_4" (
                apiSchemas = ["PhysicsCollisionAPI", "PhysicsMassAPI"]
            )
            {
                float3[] extent = [(-0.5, -0.5, -0.5), (0.5, 0.5, 0.5)]
                float physics:density = 100
                uniform token purpose = "guide"
                double size = 1
                quatf xformOp:orient = (0, 1, 0, 0)
                float3 xformOp:scale = (0.01134694, 0.1262134, 0.292148)
                double3 xformOp:translate = (-0.313384, 0.0224059, -0.0119217)
                uniform token[] xformOpOrder = ["xformOp:translate", "xformOp:orient", "xformOp:scale"]
            }

            def Cube "Coffee_Table_315_1_DrawerMesh_04_PrimitiveCollider_5" (
                apiSchemas = ["PhysicsCollisionAPI", "PhysicsMassAPI"]
            )
            {
                float3[] extent = [(-0.5, -0.5, -0.5), (0.5, 0.5, 0.5)]
                float physics:density = 100
                uniform token purpose = "guide"
                double size = 1
                quatf xformOp:orient = (0, 1, 0, 0)
                float3 xformOp:scale = (0.652432, 0.1541782, 0.0171423)
                double3 xformOp:translate = (0, 0.0224059, 0.143373)
                uniform token[] xformOpOrder = ["xformOp:translate", "xformOp:orient", "xformOp:scale"]
            }

            def Cube "Coffee_Table_315_1_DrawerMesh_04_PrimitiveCollider_6" (
                apiSchemas = ["PhysicsCollisionAPI", "PhysicsMassAPI"]
            )
            {
                float3[] extent = [(-0.5, -0.5, -0.5), (0.5, 0.5, 0.5)]
                float physics:density = 100
                uniform token purpose = "guide"
                double size = 1
                quatf xformOp:orient = (0, -0.707106, 0, 0.707107)
                float3 xformOp:scale = (0.034155, 0.00938414, 0.00904044)
                double3 xformOp:translate = (-0.220107, 0.0279, 0.1671)
                uniform token[] xformOpOrder = ["xformOp:translate", "xformOp:orient", "xformOp:scale"]
            }

            def Cube "Coffee_Table_315_1_DrawerMesh_04_PrimitiveCollider_7" (
                apiSchemas = ["PhysicsCollisionAPI", "PhysicsMassAPI"]
            )
            {
                float3[] extent = [(-0.5, -0.5, -0.5), (0.5, 0.5, 0.5)]
                float physics:density = 100
                uniform token purpose = "guide"
                double size = 1
                quatf xformOp:orient = (0, -0.707106, 0, 0.707107)
                float3 xformOp:scale = (0.0341096, 0.00938414, 0.00851994)
                double3 xformOp:translate = (0.237262, 0.0279, 0.1671)
                uniform token[] xformOpOrder = ["xformOp:translate", "xformOp:orient", "xformOp:scale"]
            }

            def Cube "Coffee_Table_315_1_DrawerMesh_04_PrimitiveCollider_8" (
                apiSchemas = ["PhysicsCollisionAPI", "PhysicsMassAPI"]
            )
            {
                float3[] extent = [(-0.5, -0.5, -0.5), (0.5, 0.5, 0.5)]
                float physics:density = 100
                uniform token purpose = "guide"
                double size = 1
                quatf xformOp:orient = (0, -0.707106, 0, 0.707107)
                float3 xformOp:scale = (0.00482442, 0.00938414, 0.465914)
                double3 xformOp:translate = (0.00863112, 0.0279, 0.181397)
                uniform token[] xformOpOrder = ["xformOp:translate", "xformOp:orient", "xformOp:scale"]
            }

            def PhysicsPrismaticJoint "Coffee_Table_315_1_DrawerMesh_04__1"
            {
                uniform token physics:axis = "Z"
                rel physics:body0 = </Coffee_Table_315_1/Geometry/Coffee_Table_315_1_DrawerMesh_04>
                rel physics:body1 = </Coffee_Table_315_1/Geometry/Coffee_Table_315_1>
                point3f physics:localPos0 = (0, 0, 0)
                point3f physics:localPos1 = (-0.000079, -0.209186, 0.19445)
                quatf physics:localRot0 = (-0, -1, -0, 0)
                quatf physics:localRot1 = (-0, -1, 0, 0)
                float physics:lowerLimit = 0
                float physics:upperLimit = 0.261
            }
        }

        def Xform "Coffee_Table_315_1_DrawerMesh_01" (
            apiSchemas = ["PhysicsRigidBodyAPI", "PhysicsFilteredPairsAPI"]
        )
        {
            rel physics:filteredPairs = [
                </Coffee_Table_315_1/Geometry/Coffee_Table_315_1_DrawerMesh_06>,
                </Coffee_Table_315_1/Geometry/Coffee_Table_315_1_DrawerMesh_05>,
                </Coffee_Table_315_1/Geometry/Coffee_Table_315_1_DrawerMesh_04>,
                </Coffee_Table_315_1/Geometry/Coffee_Table_315_1_DrawerMesh_02>,
                </Coffee_Table_315_1/Geometry/Coffee_Table_315_1_DrawerMesh_03>,
                </Coffee_Table_315_1/Geometry/tn__Coffee_Table_315_1_FP315Cube1751_wm0yC>,
            ]
            quatf xformOp:orient = (2.98023e-7, 0, 1, 0)
            float3 xformOp:scale = (1, 1, 1)
            double3 xformOp:translate = (0, 0.108874, -0.19445)
            uniform token[] xformOpOrder = ["xformOp:translate", "xformOp:orient", "xformOp:scale"]

            def Mesh "Coffee_Table_315_1_DrawerMesh_01_0" (
                apiSchemas = ["MaterialBindingAPI"]
            )
            {
                float3[] extent = [(-0.32627, -0.05319, -0.158), (0.32628, 0.09785, 0.15085)]
                int[] faceVertexCounts = [3, 3, 3, 3, 3, 3, 3, 3, 3, 3, 3, 3, 3, 3, 3, 3, 3, 3, 3, 3, 3, 3, 3, 3, 3, 3, 3, 3, 3, 3, 3, 3, 3, 3, 3, 3, 3, 3, 3, 3, 3, 3, 3, 3, 3, 3, 3, 3, 3, 3, 3, 3, 3, 3, 3, 3, 3, 3, 3, 3, 3, 3, 3, 3, 3, 3, 3, 3, 3, 3, 3, 3, 3, 3, 3, 3]
                int[] faceVertexIndices = [2, 1, 0, 5, 4, 3, 8, 7, 6, 11, 10, 9, 14, 13, 12, 17, 16, 15, 20, 19, 18, 23, 22, 21, 26, 25, 24, 27, 26, 24, 30, 29, 28, 31, 30, 28, 34, 33, 32, 35, 34, 32, 38, 37, 36, 39, 38, 36, 42, 41, 40, 43, 42, 40, 46, 45, 44, 47, 46, 44, 50, 49, 48, 51, 50, 48, 54, 53, 52, 55, 54, 52, 58, 57, 56, 59, 58, 56, 62, 61, 60, 63, 62, 60, 66, 65, 64, 67, 66, 64, 70, 69, 68, 71, 70, 68, 74, 73, 72, 75, 74, 72, 78, 77, 76, 79, 78, 76, 82, 81, 80, 83, 82, 80, 86, 85, 84, 87, 86, 84, 90, 89, 88, 91, 90, 88, 94, 93, 92, 95, 94, 92, 98, 97, 96, 99, 98, 96, 102, 101, 100, 103, 102, 100, 106, 105, 104, 107, 106, 104, 110, 109, 108, 111, 110, 108, 114, 113, 112, 115, 114, 112, 118, 117, 116, 119, 118, 116, 122, 121, 120, 123, 122, 120, 126, 125, 124, 127, 126, 124, 130, 129, 128, 131, 130, 128, 128, 129, 132, 133, 130, 131, 129, 134, 132, 135, 133, 131, 132, 134, 135, 134, 133, 135, 138, 137, 136, 137, 139, 136, 140, 137, 138, 136, 139, 141, 142, 140, 138, 139, 143, 141, 143, 140, 142, 141, 143, 142]
                rel material:binding = </Coffee_Table_315_1/Materials/material_WornWood>
                uniform token orientation = "rightHanded"
                point3f[] points = [(-0.32378, 0.09785, 0.14669), (-0.32378, 0.09368, 0.15085), (-0.32627, 0.09369, 0.14669), (0.32379, 0.09785, 0.14669), (0.32628, 0.09369, 0.14669), (0.32379, 0.09368, 0.15085), (-0.32627, -0.04903, 0.14663), (-0.32378, -0.04903, 0.1508), (-0.32378, -0.05319, 0.14663), (0.32628, -0.04903, 0.14663), (0.32379, -0.05319, 0.14663), (0.32379, -0.04903, 0.1508), (0.32379, -0.05319, 0.13853), (0.32628, -0.04902, 0.13853), (0.32379, -0.04902, 0.13437), (-0.32378, -0.05319, 0.13853), (-0.32378, -0.04902, 0.13437), (-0.32627, -0.04902, 0.13853), (-0.32627, 0.09369, 0.13858), (-0.32378, 0.09369, 0.13442), (-0.32378, 0.09785, 0.13859), (0.32379, 0.09785, 0.13859), (0.32379, 0.09369, 0.13442), (0.32628, 0.09369, 0.13858), (-0.32627, -0.04903, 0.14663), (-0.32627, -0.04902, 0.13853), (-0.32627, 0.09369, 0.13858), (-0.32627, 0.09369, 0.14669), (0.32379, -0.05319, 0.14663), (0.32379, -0.05319, 0.13853), (-0.32378, -0.05319, 0.13853), (-0.32378, -0.05319, 0.14663), (0.32379, -0.04903, 0.1508), (-0.32378, -0.04903, 0.1508), (-0.32378, 0.09368, 0.15085), (0.32379, 0.09368, 0.15085), (0.32628, 0.09369, 0.14669), (0.32628, 0.09369, 0.13858), (0.32628, -0.04902, 0.13853), (0.32628, -0.04903, 0.14663), (0.32379, 0.09785, 0.14669), (0.32379, 0.09368, 0.15085), (-0.32378, 0.09368, 0.15085), (-0.32378, 0.09785, 0.14669), (-0.32627, 0.09369, 0.14669), (-0.32378, 0.09368, 0.15085), (-0.32378, -0.04903, 0.1508), (-0.32627, -0.04903, 0.14663), (0.32379, 0.09368, 0.15085), (0.32628, 0.09369, 0.14669), (0.32628, -0.04903, 0.14663), (0.32379, -0.04903, 0.1508), (0.32379, -0.04903, 0.1508), (0.32379, -0.05319, 0.14663), (-0.32378, -0.05319, 0.14663), (-0.32378, -0.04903, 0.1508), (0.32379, -0.05319, 0.13853), (0.32379, -0.04902, 0.13437), (-0.32378, -0.04902, 0.13437), (-0.32378, -0.05319, 0.13853), (-0.32378, 0.09369, 0.13442), (-0.32627, 0.09369, 0.13858), (-0.32627, -0.04902, 0.13853), (-0.32378, -0.04902, 0.13437), (0.32379, 0.09369, 0.13442), (0.32379, 0.09785, 0.13859), (-0.32378, 0.09785, 0.13859), (-0.32378, 0.09369, 0.13442), (0.32628, 0.09369, 0.13858), (0.32379, 0.09369, 0.13442), (0.32379, -0.04902, 0.13437), (0.32628, -0.04902, 0.13853), (0.32628, 0.09369, 0.14669), (0.32379, 0.09785, 0.14669), (0.32379, 0.09785, 0.13859), (0.32628, 0.09369, 0.13858), (-0.32627, 0.09369, 0.13858), (-0.32378, 0.09785, 0.13859), (-0.32378, 0.09785, 0.14669), (-0.32627, 0.09369, 0.14669), (-0.32378, -0.05319, 0.13853), (-0.32627, -0.04902, 0.13853), (-0.32627, -0.04903, 0.14663), (-0.32378, -0.05319, 0.14663), (0.32379, -0.05319, 0.14663), (0.32628, -0.04903, 0.14663), (0.32628, -0.04902, 0.13853), (0.32379, -0.05319, 0.13853), (-0.32378, 0.09785, 0.14669), (-0.32378, 0.09785, 0.13859), (0.32379, 0.09785, 0.13859), (0.32379, 0.09785, 0.14669), (0.31875, -0.04049, -0.158), (0.31875, 0.08536, -0.15796), (-0.31874, 0.08536, -0.15796), (-0.31874, -0.04049, -0.158), (0.31875, -0.04059, 0.13438), (0.31875, -0.04049, -0.158), (-0.31874, -0.04049, -0.158), (-0.31874, -0.04059, 0.13438), (-0.31874, -0.04059, 0.13438), (-0.31874, -0.04049, -0.158), (-0.31874, 0.08536, -0.15796), (-0.31874, 0.08526, 0.13442), (0.30828, 0.08535, -0.14047), (0.30828, -0.03348, -0.14051), (-0.30827, -0.03348, -0.14051), (-0.30827, 0.08535, -0.14047), (0.31875, 0.08526, 0.13442), (0.31875, 0.08536, -0.15796), (0.31875, -0.04049, -0.158), (0.31875, -0.04059, 0.13438), (0.30828, 0.08527, 0.11693), (0.30828, -0.03357, 0.11689), (0.30828, -0.03348, -0.14051), (0.30828, 0.08535, -0.14047), (-0.30827, -0.03357, 0.11689), (-0.30827, -0.03348, -0.14051), (0.30828, -0.03348, -0.14051), (0.30828, -0.03357, 0.11689), (-0.30827, 0.08527, 0.11693), (-0.30827, -0.03357, 0.11689), (0.30828, -0.03357, 0.11689), (0.30828, 0.08527, 0.11693), (-0.30827, 0.08535, -0.14047), (-0.30827, -0.03348, -0.14051), (-0.30827, -0.03357, 0.11689), (-0.30827, 0.08527, 0.11693), (-0.31874, -0.04059, 0.13438), (-0.32378, -0.04902, 0.13437), (0.32379, -0.04902, 0.13437), (0.31875, -0.04059, 0.13438), (-0.31874, 0.08526, 0.13442), (0.32379, 0.09369, 0.13442), (-0.32378, 0.09369, 0.13442), (0.31875, 0.08526, 0.13442), (0.30828, 0.08527, 0.11693), (-0.31874, 0.08526, 0.13442), (-0.30827, 0.08527, 0.11693), (0.31875, 0.08526, 0.13442), (-0.31874, 0.08536, -0.15796), (0.30828, 0.08535, -0.14047), (-0.30827, 0.08535, -0.14047), (0.31875, 0.08536, -0.15796)]
                normal3f[] primvars:normals = [(-0.7632371, 0.4567181, 0.4570313), (0.7632371, 0.4567181, 0.4570313), (-0.7632336, -0.4570318, 0.4567237), (0.7632336, -0.4570318, 0.4567237), (0.7632328, -0.456718, -0.4570388), (-0.7632318, -0.45672, -0.4570384), (-0.7632354, 0.4570379, -0.4567145), (0.7632362, 0.4570359, -0.4567151), (-1, 0, 0), (0, -1, -0.00034558), (0, -0.00034558, 1), (1, 0, 0), (0, 0.7068614, 0.7073522), (-0.8580199, -0.00017749, 0.5136164), (0.8580199, -0.00017749, 0.5136164), (0, -0.7073504, 0.706863), (0, -0.7068617, -0.7073517), (-0.8580199, 0.00017749, -0.5136164), (0, 0.70735, -0.7068635), (0.8580199, 0.00017749, -0.5136164), (0.8580205, 0.5136154, 0.00017749), (-0.8580205, 0.5136154, 0.00017749), (-0.8580203, -0.5136157, -0.00017749), (0.8580203, -0.5136157, -0.00017749), (0, 1, 0.00034558), (0, 0.00034558, -1), (0, -1, -0.00034574), (-1, 0, 6.1e-7), (1, 0, 6.1e-7), (-1, 0, -5.3e-7), (0, 1, 0.00034597), (1, 0, -5.3e-7), (0, 0.00034695, -1), (0, 0.0003442, -1)] (
                    interpolation = "faceVarying"
                )
                int[] primvars:normals:indices = [0, 0, 0, 1, 1, 1, 2, 2, 2, 3, 3, 3, 4, 4, 4, 5, 5, 5, 6, 6, 6, 7, 7, 7, 8, 8, 8, 8, 8, 8, 9, 9, 9, 9, 9, 9, 10, 10, 10, 10, 10, 10, 11, 11, 11, 11, 11, 11, 12, 12, 12, 12, 12, 12, 13, 13, 13, 13, 13, 13, 14, 14, 14, 14, 14, 14, 15, 15, 15, 15, 15, 15, 16, 16, 16, 16, 16, 16, 17, 17, 17, 17, 17, 17, 18, 18, 18, 18, 18, 18, 19, 19, 19, 19, 19, 19, 20, 20, 20, 20, 20, 20, 21, 21, 21, 21, 21, 21, 22, 22, 22, 22, 22, 22, 23, 23, 23, 23, 23, 23, 24, 24, 24, 24, 24, 24, 25, 25, 25, 25, 25, 25, 26, 26, 26, 26, 26, 26, 27, 27, 27, 27, 27, 27, 10, 10, 10, 10, 10, 10, 28, 28, 28, 28, 28, 28, 29, 29, 29, 29, 29, 29, 30, 30, 30, 30, 30, 30, 25, 25, 25, 25, 25, 25, 31, 31, 31, 31, 31, 31, 32, 32, 32, 32, 32, 32, 32, 32, 25, 33, 32, 32, 32, 25, 25, 33, 33, 32, 25, 25, 33, 25, 33, 33, 24, 24, 24, 24, 24, 24, 24, 24, 24, 24, 24, 24, 24, 24, 24, 24, 24, 24, 24, 24, 24, 24, 24, 24]
                texCoord2f[] primvars:st = [(0.00759101, 0.7482029), (0.01005888, 0.7482029), (0.01005888, 0.7506707), (0.6516515, 0.7482029), (0.6541193, 0.7482029), (0.6516515, 0.7506707), (0.01005888, 0.6610969), (0.01005888, 0.6635647), (0.00759101, 0.6635647), (0.6516515, 0.6635647), (0.6516515, 0.6610969), (0.6541193, 0.6635647), (0.9629087, 0.7482029), (0.9629087, 0.6635647), (0.9677139, 0.6635647), (0.9677139, 0.7482029), (0.9629087, 0.01005888), (0.9629087, 0.6516515), (0.9677139, 0.6516515), (0.9677139, 0.01005888), (0.9677139, 0.6541193), (0.9629087, 0.6541193), (0.9629087, 0.00759101), (0.9677139, 0.00759101), (0.01505852, 0.743203), (0.6466516, 0.743203), (0.6466516, 0.6685647), (0.01505852, 0.6685647), (0.7870435, 0.01505852), (0.7870435, 0.6466516), (0.960441, 0.6466515), (0.960441, 0.01505876), (0.7870435, 0.743203), (0.7870435, 0.6685647), (0.960441, 0.6685647), (0.960441, 0.7432029), (0.02542806, 0.6727281), (0.6362822, 0.6727281), (0.6362822, 0.743203), (0.02542806, 0.743203), (0.7974128, 0.6727281), (0.9500716, 0.6727279), (0.9500716, 0.7432029), (0.7974128, 0.743203), (0.7974128, 0.6362822), (0.7974128, 0.02542806), (0.9500716, 0.0254283), (0.9500716, 0.6362821), (0.6362821, 0.6727279), (0.0254283, 0.6727279), (0.0254283, 0.7432029), (0.6362821, 0.7432029), (0.01505876, 0.6685647), (0.6466515, 0.6685647), (0.01505876, 0.7432029), (0.6466515, 0.7432029)] (
                    interpolation = "faceVarying"
                )
                int[] primvars:st:indices = [0, 1, 2, 3, 4, 5, 6, 7, 8, 9, 10, 11, 9, 11, 10, 8, 7, 6, 2, 1, 0, 4, 3, 5, 12, 13, 14, 15, 12, 14, 16, 17, 18, 19, 16, 18, 1, 7, 9, 3, 1, 9, 13, 12, 15, 14, 13, 15, 1, 3, 5, 2, 1, 5, 7, 1, 0, 8, 7, 0, 11, 4, 3, 9, 11, 3, 6, 10, 9, 7, 6, 9, 7, 9, 10, 6, 7, 10, 8, 0, 1, 7, 8, 1, 2, 5, 3, 1, 2, 3, 9, 3, 4, 11, 9, 4, 17, 18, 20, 21, 17, 20, 19, 16, 22, 23, 19, 22, 23, 22, 16, 19, 23, 16, 21, 20, 18, 17, 21, 18, 17, 16, 19, 18, 17, 19, 24, 25, 26, 27, 24, 26, 28, 29, 30, 31, 28, 30, 32, 33, 34, 35, 32, 34, 36, 37, 38, 39, 36, 38, 33, 32, 35, 34, 33, 35, 40, 41, 42, 43, 40, 42, 44, 45, 46, 47, 44, 46, 48, 49, 50, 51, 48, 50, 41, 40, 43, 42, 41, 43, 9, 7, 52, 53, 9, 52, 52, 7, 54, 3, 9, 53, 7, 1, 54, 55, 3, 53, 54, 1, 55, 1, 3, 55, 46, 31, 47, 31, 30, 47, 28, 31, 46, 47, 30, 44, 45, 28, 46, 30, 29, 44, 29, 28, 45, 44, 29, 45]
                uniform token subdivisionScheme = "none"
                quatf xformOp:orient = (1, 0, 0, 0)
                float3 xformOp:scale = (1, 1, 1)
                double3 xformOp:translate = (0, 0, 0)
                uniform token[] xformOpOrder = ["xformOp:translate", "xformOp:orient", "xformOp:scale"]
            }

            def Mesh "Coffee_Table_315_1_DrawerMesh_01_1" (
                apiSchemas = ["MaterialBindingAPI"]
            )
            {
                float3[] extent = [(-0.23118, 0.01866, 0.15099), (0.24818, 0.04124, 0.18352)]
                int[] faceVertexCounts = [3, 3, 3, 3, 3, 3, 3, 3, 3, 3, 3, 3, 3, 3, 3, 3, 3, 3, 3, 3, 3, 3, 3, 3, 3, 3, 3, 3, 3, 3, 3, 3, 3, 3, 3, 3, 3, 3, 3, 3, 3, 3, 3, 3, 3, 3, 3, 3, 3, 3, 3, 3, 3, 3, 3, 3, 3, 3, 3, 3, 3, 3, 3, 3, 3, 3, 3, 3, 3, 3, 3, 3, 3, 3, 3, 3, 3, 3]
                int[] faceVertexIndices = [2, 1, 0, 3, 2, 0, 6, 5, 4, 7, 6, 4, 10, 9, 8, 11, 10, 8, 14, 13, 12, 15, 14, 12, 18, 17, 16, 19, 18, 16, 22, 21, 20, 23, 22, 20, 26, 25, 24, 27, 26, 24, 27, 24, 28, 29, 27, 28, 27, 30, 26, 30, 31, 26, 31, 30, 32, 33, 31, 32, 32, 30, 34, 30, 35, 34, 38, 37, 36, 37, 39, 36, 37, 40, 39, 40, 41, 39, 44, 43, 42, 43, 45, 42, 43, 46, 45, 46, 47, 45, 47, 48, 45, 48, 49, 45, 48, 50, 49, 50, 51, 49, 49, 51, 52, 51, 53, 52, 56, 55, 54, 55, 57, 54, 55, 58, 57, 58, 59, 57, 59, 58, 60, 58, 61, 60, 64, 63, 62, 65, 64, 62, 68, 67, 66, 69, 68, 66, 72, 71, 70, 73, 72, 70, 76, 75, 74, 77, 76, 74, 80, 79, 78, 81, 80, 78, 84, 83, 82, 85, 84, 82, 88, 87, 86, 89, 88, 86, 92, 91, 90, 93, 92, 90, 96, 95, 94, 97, 96, 94, 98, 96, 97, 99, 98, 97, 102, 101, 100, 103, 102, 100, 100, 101, 104, 105, 102, 103, 101, 106, 104, 107, 105, 103, 104, 106, 107, 106, 105, 107, 110, 109, 108, 111, 110, 108, 110, 112, 109, 111, 108, 113, 112, 114, 109, 115, 111, 113, 112, 115, 114, 115, 113, 114]
                rel material:binding = </Coffee_Table_315_1/Materials/material_HammeredMetal_AlbedoTransparency>
                uniform token orientation = "rightHanded"
                point3f[] points = [(0.22622, 0.01866, 0.15178), (0.22622, 0.01866, 0.15099), (0.22622, 0.04124, 0.151), (0.22622, 0.04124, 0.15179), (0.22622, 0.01866, 0.15099), (0.24818, 0.01866, 0.15099), (0.24818, 0.04124, 0.151), (0.22622, 0.04124, 0.151), (0.24818, 0.01866, 0.15099), (0.24818, 0.01866, 0.15178), (0.24818, 0.04124, 0.15179), (0.24818, 0.04124, 0.151), (0.22622, 0.01866, 0.15178), (0.24818, 0.01866, 0.15178), (0.24818, 0.01866, 0.15099), (0.22622, 0.01866, 0.15099), (0.22622, 0.04124, 0.151), (0.24818, 0.04124, 0.151), (0.24818, 0.04124, 0.15179), (0.22622, 0.04124, 0.15179), (0.23303, 0.03424, 0.15178), (0.23303, 0.03423, 0.17945), (0.23303, 0.02565, 0.17945), (0.23303, 0.02566, 0.15178), (0.24137, 0.03423, 0.17945), (0.24137, 0.03423, 0.18352), (0.23303, 0.03423, 0.18352), (0.23303, 0.03423, 0.17945), (0.24137, 0.03424, 0.15178), (0.23303, 0.03424, 0.15178), (-0.21602, 0.03423, 0.17945), (-0.21602, 0.03423, 0.18352), (-0.22437, 0.03423, 0.17945), (-0.22437, 0.03423, 0.18352), (-0.22437, 0.03424, 0.15178), (-0.21602, 0.03424, 0.15178), (0.24137, 0.02566, 0.15178), (0.24137, 0.03423, 0.17945), (0.24137, 0.03424, 0.15178), (0.24137, 0.02565, 0.17945), (0.24137, 0.03423, 0.18352), (0.24137, 0.02565, 0.18352), (0.23303, 0.02566, 0.15178), (0.24137, 0.02565, 0.17945), (0.24137, 0.02566, 0.15178), (0.23303, 0.02565, 0.17945), (0.24137, 0.02565, 0.18352), (0.23303, 0.02565, 0.18352), (-0.21602, 0.02565, 0.18352), (-0.21602, 0.02565, 0.17945), (-0.22437, 0.02565, 0.18352), (-0.22437, 0.02565, 0.17945), (-0.21602, 0.02566, 0.15178), (-0.22437, 0.02566, 0.15178), (0.24137, 0.02565, 0.18352), (0.23303, 0.03423, 0.18352), (0.24137, 0.03423, 0.18352), (0.23303, 0.02565, 0.18352), (-0.21602, 0.03423, 0.18352), (-0.21602, 0.02565, 0.18352), (-0.22437, 0.02565, 0.18352), (-0.22437, 0.03423, 0.18352), (-0.21602, 0.03423, 0.17945), (-0.21602, 0.03423, 0.18352), (-0.21602, 0.02565, 0.18352), (-0.21602, 0.02565, 0.17945), (0.23303, 0.03423, 0.17945), (-0.21602, 0.03423, 0.17945), (-0.21602, 0.02565, 0.17945), (0.23303, 0.02565, 0.17945), (-0.20921, 0.01866, 0.15178), (-0.20921, 0.04124, 0.15179), (-0.20921, 0.04124, 0.151), (-0.20921, 0.01866, 0.15099), (-0.20921, 0.01866, 0.15099), (-0.20921, 0.04124, 0.151), (-0.23118, 0.04124, 0.151), (-0.23118, 0.01866, 0.15099), (-0.23118, 0.01866, 0.15099), (-0.23118, 0.04124, 0.151), (-0.23118, 0.04124, 0.15179), (-0.23118, 0.01866, 0.15178), (-0.20921, 0.01866, 0.15178), (-0.20921, 0.01866, 0.15099), (-0.23118, 0.01866, 0.15099), (-0.23118, 0.01866, 0.15178), (-0.20921, 0.04124, 0.151), (-0.20921, 0.04124, 0.15179), (-0.23118, 0.04124, 0.15179), (-0.23118, 0.04124, 0.151), (-0.21602, 0.03424, 0.15178), (-0.21602, 0.02566, 0.15178), (-0.21602, 0.02565, 0.17945), (-0.21602, 0.03423, 0.17945), (-0.22437, 0.02566, 0.15178), (-0.22437, 0.03424, 0.15178), (-0.22437, 0.03423, 0.17945), (-0.22437, 0.02565, 0.17945), (-0.22437, 0.03423, 0.18352), (-0.22437, 0.02565, 0.18352), (0.24818, 0.04124, 0.15179), (0.24137, 0.03424, 0.15178), (0.23303, 0.03424, 0.15178), (0.22622, 0.04124, 0.15179), (0.24818, 0.01866, 0.15178), (0.23303, 0.02566, 0.15178), (0.24137, 0.02566, 0.15178), (0.22622, 0.01866, 0.15178), (-0.23118, 0.04124, 0.15179), (-0.20921, 0.04124, 0.15179), (-0.21602, 0.03424, 0.15178), (-0.22437, 0.03424, 0.15178), (-0.21602, 0.02566, 0.15178), (-0.23118, 0.01866, 0.15178), (-0.20921, 0.01866, 0.15178), (-0.22437, 0.02566, 0.15178)]
                normal3f[] primvars:normals = [(-1, 0, 0), (6.8e-7, 0.00034558, -1), (1, 0, 0), (0, -1, -0.00034558), (0, 1, 0.00034558), (-1, 0, -9.8e-7), (4.3e-7, 1, 0.00034558), (-2.5e-7, -1, -0.00034558), (0, -0.00034558, 1), (-6.6e-7, -0.00034558, 1), (6.3e-7, 0.00034558, -1), (1, 0, 9.8e-7), (-1, 0, -4.9e-7), (-4.9e-7, -0.00034558, 1), (-4.9e-7, -0.00034777, 1), (-4.9e-7, -0.00034448, 1)] (
                    interpolation = "faceVarying"
                )
                int[] primvars:normals:indices = [0, 0, 0, 0, 0, 0, 1, 1, 1, 1, 1, 1, 2, 2, 2, 2, 2, 2, 3, 3, 3, 3, 3, 3, 4, 4, 4, 4, 4, 4, 5, 5, 5, 5, 5, 5, 4, 4, 4, 4, 4, 4, 4, 4, 4, 4, 4, 4, 4, 4, 4, 4, 4, 4, 4, 4, 6, 6, 4, 6, 6, 4, 4, 4, 4, 4, 2, 2, 2, 2, 2, 2, 2, 2, 2, 2, 2, 2, 3, 3, 3, 3, 3, 3, 3, 3, 3, 3, 3, 3, 3, 3, 3, 3, 3, 3, 3, 3, 3, 3, 7, 3, 3, 7, 7, 7, 7, 7, 8, 8, 8, 8, 8, 8, 8, 9, 8, 9, 9, 8, 9, 9, 8, 9, 8, 8, 0, 0, 0, 0, 0, 0, 10, 10, 10, 10, 10, 10, 2, 2, 2, 2, 2, 2, 1, 1, 1, 1, 1, 1, 0, 0, 0, 0, 0, 0, 3, 3, 3, 3, 3, 3, 4, 4, 4, 4, 4, 4, 11, 11, 11, 11, 11, 11, 12, 12, 12, 12, 12, 12, 0, 12, 12, 0, 0, 12, 13, 13, 13, 13, 13, 13, 13, 13, 13, 13, 13, 13, 13, 13, 13, 13, 13, 13, 13, 13, 13, 13, 13, 13, 14, 14, 14, 14, 14, 14, 14, 15, 14, 14, 14, 15, 15, 15, 14, 15, 14, 15, 15, 15, 15, 15, 15, 15]
                texCoord2f[] primvars:st = [(0, 0)] (
                    interpolation = "faceVarying"
                )
                int[] primvars:st:indices = [0, 0, 0, 0, 0, 0, 0, 0, 0, 0, 0, 0, 0, 0, 0, 0, 0, 0, 0, 0, 0, 0, 0, 0, 0, 0, 0, 0, 0, 0, 0, 0, 0, 0, 0, 0, 0, 0, 0, 0, 0, 0, 0, 0, 0, 0, 0, 0, 0, 0, 0, 0, 0, 0, 0, 0, 0, 0, 0, 0, 0, 0, 0, 0, 0, 0, 0, 0, 0, 0, 0, 0, 0, 0, 0, 0, 0, 0, 0, 0, 0, 0, 0, 0, 0, 0, 0, 0, 0, 0, 0, 0, 0, 0, 0, 0, 0, 0, 0, 0, 0, 0, 0, 0, 0, 0, 0, 0, 0, 0, 0, 0, 0, 0, 0, 0, 0, 0, 0, 0, 0, 0, 0, 0, 0, 0, 0, 0, 0, 0, 0, 0, 0, 0, 0, 0, 0, 0, 0, 0, 0, 0, 0, 0, 0, 0, 0, 0, 0, 0, 0, 0, 0, 0, 0, 0, 0, 0, 0, 0, 0, 0, 0, 0, 0, 0, 0, 0, 0, 0, 0, 0, 0, 0, 0, 0, 0, 0, 0, 0, 0, 0, 0, 0, 0, 0, 0, 0, 0, 0, 0, 0, 0, 0, 0, 0, 0, 0, 0, 0, 0, 0, 0, 0, 0, 0, 0, 0, 0, 0, 0, 0, 0, 0, 0, 0, 0, 0, 0, 0, 0, 0, 0, 0, 0, 0, 0, 0, 0, 0, 0, 0, 0, 0]
                uniform token subdivisionScheme = "none"
                quatf xformOp:orient = (1, 0, 0, 0)
                float3 xformOp:scale = (1, 1, 1)
                double3 xformOp:translate = (0, 0, 0)
                uniform token[] xformOpOrder = ["xformOp:translate", "xformOp:orient", "xformOp:scale"]
            }

            def Cube "Coffee_Table_315_1_DrawerMesh_01_PrimitiveCollider_0" (
                apiSchemas = ["PhysicsCollisionAPI", "PhysicsMassAPI"]
            )
            {
                float3[] extent = [(-0.5, -0.5, -0.5), (0.5, 0.5, 0.5)]
                float physics:density = 100
                uniform token purpose = "guide"
                double size = 1
                quatf xformOp:orient = (0, 1, 0, 0)
                float3 xformOp:scale = (0.638116, 0.00744238, 0.292148)
                double3 xformOp:translate = (0, -0.0369796, -0.0119217)
                uniform token[] xformOpOrder = ["xformOp:translate", "xformOp:orient", "xformOp:scale"]
            }

            def Cube "Coffee_Table_315_1_DrawerMesh_01_PrimitiveCollider_1" (
                apiSchemas = ["PhysicsCollisionAPI", "PhysicsMassAPI"]
            )
            {
                float3[] extent = [(-0.5, -0.5, -0.5), (0.5, 0.5, 0.5)]
                float physics:density = 100
                uniform token purpose = "guide"
                double size = 1
                quatf xformOp:orient = (0, 1, 0, 0)
                float3 xformOp:scale = (0.638116, 0.1262134, 0.0170992)
                double3 xformOp:translate = (0, 0.0224059, 0.125603)
                uniform token[] xformOpOrder = ["xformOp:translate", "xformOp:orient", "xformOp:scale"]
            }

            def Cube "Coffee_Table_315_1_DrawerMesh_01_PrimitiveCollider_2" (
                apiSchemas = ["PhysicsCollisionAPI", "PhysicsMassAPI"]
            )
            {
                float3[] extent = [(-0.5, -0.5, -0.5), (0.5, 0.5, 0.5)]
                float physics:density = 100
                uniform token purpose = "guide"
                double size = 1
                quatf xformOp:orient = (0, 1, 0, 0)
                float3 xformOp:scale = (0.638116, 0.1262134, 0.01764298)
                double3 xformOp:translate = (0, 0.0224059, -0.149174)
                uniform token[] xformOpOrder = ["xformOp:translate", "xformOp:orient", "xformOp:scale"]
            }

            def Cube "Coffee_Table_315_1_DrawerMesh_01_PrimitiveCollider_3" (
                apiSchemas = ["PhysicsCollisionAPI", "PhysicsMassAPI"]
            )
            {
                float3[] extent = [(-0.5, -0.5, -0.5), (0.5, 0.5, 0.5)]
                float physics:density = 100
                uniform token purpose = "guide"
                double size = 1
                quatf xformOp:orient = (0, 1, 0, 0)
                float3 xformOp:scale = (0.011855, 0.1262134, 0.292148)
                double3 xformOp:translate = (0.31313, 0.0224059, -0.0119217)
                uniform token[] xformOpOrder = ["xformOp:translate", "xformOp:orient", "xformOp:scale"]
            }

            def Cube "Coffee_Table_315_1_DrawerMesh_01_PrimitiveCollider_4" (
                apiSchemas = ["PhysicsCollisionAPI", "PhysicsMassAPI"]
            )
            {
                float3[] extent = [(-0.5, -0.5, -0.5), (0.5, 0.5, 0.5)]
                float physics:density = 100
                uniform token purpose = "guide"
                double size = 1
                quatf xformOp:orient = (0, 1, 0, 0)
                float3 xformOp:scale = (0.01134694, 0.1262134, 0.292148)
                double3 xformOp:translate = (-0.313384, 0.0224059, -0.0119217)
                uniform token[] xformOpOrder = ["xformOp:translate", "xformOp:orient", "xformOp:scale"]
            }

            def Cube "Coffee_Table_315_1_DrawerMesh_01_PrimitiveCollider_5" (
                apiSchemas = ["PhysicsCollisionAPI", "PhysicsMassAPI"]
            )
            {
                float3[] extent = [(-0.5, -0.5, -0.5), (0.5, 0.5, 0.5)]
                float physics:density = 100
                uniform token purpose = "guide"
                double size = 1
                quatf xformOp:orient = (0, 1, 0, 0)
                float3 xformOp:scale = (0.652432, 0.1541782, 0.0171423)
                double3 xformOp:translate = (0, 0.0224059, 0.143373)
                uniform token[] xformOpOrder = ["xformOp:translate", "xformOp:orient", "xformOp:scale"]
            }

            def Cube "Coffee_Table_315_1_DrawerMesh_01_PrimitiveCollider_6" (
                apiSchemas = ["PhysicsCollisionAPI", "PhysicsMassAPI"]
            )
            {
                float3[] extent = [(-0.5, -0.5, -0.5), (0.5, 0.5, 0.5)]
                float physics:density = 100
                uniform token purpose = "guide"
                double size = 1
                quatf xformOp:orient = (0, -0.707106, 0, 0.707107)
                float3 xformOp:scale = (0.034155, 0.00938414, 0.00904044)
                double3 xformOp:translate = (-0.220107, 0.0298707, 0.1671)
                uniform token[] xformOpOrder = ["xformOp:translate", "xformOp:orient", "xformOp:scale"]
            }

            def Cube "Coffee_Table_315_1_DrawerMesh_01_PrimitiveCollider_7" (
                apiSchemas = ["PhysicsCollisionAPI", "PhysicsMassAPI"]
            )
            {
                float3[] extent = [(-0.5, -0.5, -0.5), (0.5, 0.5, 0.5)]
                float physics:density = 100
                uniform token purpose = "guide"
                double size = 1
                quatf xformOp:orient = (0, -0.707106, 0, 0.707107)
                float3 xformOp:scale = (0.0341096, 0.00938414, 0.00851994)
                double3 xformOp:translate = (0.237262, 0.0298707, 0.1671)
                uniform token[] xformOpOrder = ["xformOp:translate", "xformOp:orient", "xformOp:scale"]
            }

            def Cube "Coffee_Table_315_1_DrawerMesh_01_PrimitiveCollider_8" (
                apiSchemas = ["PhysicsCollisionAPI", "PhysicsMassAPI"]
            )
            {
                float3[] extent = [(-0.5, -0.5, -0.5), (0.5, 0.5, 0.5)]
                float physics:density = 100
                uniform token purpose = "guide"
                double size = 1
                quatf xformOp:orient = (0, -0.707106, 0, 0.707107)
                float3 xformOp:scale = (0.00482442, 0.00938414, 0.465914)
                double3 xformOp:translate = (0.00863112, 0.0298707, 0.181397)
                uniform token[] xformOpOrder = ["xformOp:translate", "xformOp:orient", "xformOp:scale"]
            }

            def PhysicsPrismaticJoint "Coffee_Table_315_1_DrawerMesh_01__1"
            {
                uniform token physics:axis = "Z"
                rel physics:body0 = </Coffee_Table_315_1/Geometry/Coffee_Table_315_1_DrawerMesh_01>
                rel physics:body1 = </Coffee_Table_315_1/Geometry/Coffee_Table_315_1>
                point3f physics:localPos0 = (0, 0, 0)
                point3f physics:localPos1 = (0, 0.108874, -0.19445)
                quatf physics:localRot0 = (-0, -1, -0, 0)
                quatf physics:localRot1 = (-0, -2.98023e-7, 0, 1)
                float physics:lowerLimit = 0
                float physics:upperLimit = 0.255
            }
        }

        def Xform "Coffee_Table_315_1_DrawerMesh_02" (
            apiSchemas = ["PhysicsRigidBodyAPI", "PhysicsFilteredPairsAPI"]
        )
        {
            rel physics:filteredPairs = [
                </Coffee_Table_315_1/Geometry/Coffee_Table_315_1_DrawerMesh_06>,
                </Coffee_Table_315_1/Geometry/Coffee_Table_315_1_DrawerMesh_05>,
                </Coffee_Table_315_1/Geometry/Coffee_Table_315_1_DrawerMesh_04>,
                </Coffee_Table_315_1/Geometry/Coffee_Table_315_1_DrawerMesh_01>,
                </Coffee_Table_315_1/Geometry/Coffee_Table_315_1_DrawerMesh_03>,
                </Coffee_Table_315_1/Geometry/tn__Coffee_Table_315_1_FP315Cube1751_wm0yC>,
            ]
            quatf xformOp:orient = (2.98023e-7, 0, 1, 0)
            float3 xformOp:scale = (1, 1, 1)
            double3 xformOp:translate = (0, -0.050156, -0.19445)
            uniform token[] xformOpOrder = ["xformOp:translate", "xformOp:orient", "xformOp:scale"]

            def Mesh "Coffee_Table_315_1_DrawerMesh_02_0" (
                apiSchemas = ["MaterialBindingAPI"]
            )
            {
                float3[] extent = [(-0.32627, -0.05319, -0.158), (0.32628, 0.09785, 0.15085)]
                int[] faceVertexCounts = [3, 3, 3, 3, 3, 3, 3, 3, 3, 3, 3, 3, 3, 3, 3, 3, 3, 3, 3, 3, 3, 3, 3, 3, 3, 3, 3, 3, 3, 3, 3, 3, 3, 3, 3, 3, 3, 3, 3, 3, 3, 3, 3, 3, 3, 3, 3, 3, 3, 3, 3, 3, 3, 3, 3, 3, 3, 3, 3, 3, 3, 3, 3, 3, 3, 3, 3, 3, 3, 3, 3, 3, 3, 3, 3, 3]
                int[] faceVertexIndices = [2, 1, 0, 5, 4, 3, 8, 7, 6, 11, 10, 9, 14, 13, 12, 17, 16, 15, 20, 19, 18, 23, 22, 21, 26, 25, 24, 27, 26, 24, 30, 29, 28, 31, 30, 28, 34, 33, 32, 35, 34, 32, 38, 37, 36, 39, 38, 36, 42, 41, 40, 43, 42, 40, 46, 45, 44, 47, 46, 44, 50, 49, 48, 51, 50, 48, 54, 53, 52, 55, 54, 52, 58, 57, 56, 59, 58, 56, 62, 61, 60, 63, 62, 60, 66, 65, 64, 67, 66, 64, 70, 69, 68, 71, 70, 68, 74, 73, 72, 75, 74, 72, 78, 77, 76, 79, 78, 76, 82, 81, 80, 83, 82, 80, 86, 85, 84, 87, 86, 84, 90, 89, 88, 91, 90, 88, 94, 93, 92, 95, 94, 92, 98, 97, 96, 99, 98, 96, 102, 101, 100, 103, 102, 100, 106, 105, 104, 107, 106, 104, 110, 109, 108, 111, 110, 108, 114, 113, 112, 115, 114, 112, 118, 117, 116, 119, 118, 116, 122, 121, 120, 123, 122, 120, 126, 125, 124, 127, 126, 124, 130, 129, 128, 129, 131, 128, 132, 129, 130, 128, 131, 133, 134, 132, 130, 131, 135, 133, 135, 132, 134, 133, 135, 134, 138, 137, 136, 139, 138, 136, 136, 137, 140, 141, 138, 139, 137, 142, 140, 143, 141, 139, 140, 142, 143, 142, 141, 143]
                rel material:binding = </Coffee_Table_315_1/Materials/material_WornWood>
                uniform token orientation = "rightHanded"
                point3f[] points = [(-0.32627, -0.04903, 0.14663), (-0.32378, -0.04903, 0.1508), (-0.32378, -0.05319, 0.14663), (0.32628, -0.04903, 0.14663), (0.32379, -0.05319, 0.14663), (0.32379, -0.04903, 0.1508), (-0.32627, 0.09369, 0.14669), (-0.32378, 0.09785, 0.14669), (-0.32378, 0.09368, 0.15085), (0.32628, 0.09369, 0.14669), (0.32379, 0.09368, 0.15085), (0.32379, 0.09785, 0.14669), (0.32379, -0.05319, 0.13853), (0.32628, -0.04902, 0.13853), (0.32379, -0.04902, 0.13437), (-0.32378, -0.05319, 0.13853), (-0.32378, -0.04902, 0.13437), (-0.32627, -0.04902, 0.13853), (-0.32627, 0.09369, 0.13858), (-0.32378, 0.09369, 0.13442), (-0.32378, 0.09785, 0.13859), (0.32379, 0.09785, 0.13859), (0.32379, 0.09369, 0.13442), (0.32628, 0.09369, 0.13858), (0.32379, -0.05319, 0.14663), (0.32379, -0.05319, 0.13853), (-0.32378, -0.05319, 0.13853), (-0.32378, -0.05319, 0.14663), (-0.31874, -0.04059, 0.13438), (-0.31874, -0.04049, -0.158), (-0.31874, 0.08536, -0.15796), (-0.31874, 0.08526, 0.13442), (0.31875, -0.04059, 0.13438), (0.31875, -0.04049, -0.158), (-0.31874, -0.04049, -0.158), (-0.31874, -0.04059, 0.13438), (0.32628, 0.09369, 0.14669), (0.32628, 0.09369, 0.13858), (0.32628, -0.04902, 0.13853), (0.32628, -0.04903, 0.14663), (-0.32378, 0.09785, 0.14669), (-0.32378, 0.09785, 0.13859), (0.32379, 0.09785, 0.13859), (0.32379, 0.09785, 0.14669), (-0.32627, -0.04903, 0.14663), (-0.32627, -0.04902, 0.13853), (-0.32627, 0.09369, 0.13858), (-0.32627, 0.09369, 0.14669), (0.32379, -0.04903, 0.1508), (-0.32378, -0.04903, 0.1508), (-0.32378, 0.09368, 0.15085), (0.32379, 0.09368, 0.15085), (-0.32627, 0.09369, 0.14669), (-0.32378, 0.09368, 0.15085), (-0.32378, -0.04903, 0.1508), (-0.32627, -0.04903, 0.14663), (0.32379, 0.09368, 0.15085), (0.32628, 0.09369, 0.14669), (0.32628, -0.04903, 0.14663), (0.32379, -0.04903, 0.1508), (0.32379, -0.04903, 0.1508), (0.32379, -0.05319, 0.14663), (-0.32378, -0.05319, 0.14663), (-0.32378, -0.04903, 0.1508), (0.32379, 0.09785, 0.14669), (0.32379, 0.09368, 0.15085), (-0.32378, 0.09368, 0.15085), (-0.32378, 0.09785, 0.14669), (0.32379, -0.05319, 0.13853), (0.32379, -0.04902, 0.13437), (-0.32378, -0.04902, 0.13437), (-0.32378, -0.05319, 0.13853), (-0.32378, 0.09369, 0.13442), (-0.32627, 0.09369, 0.13858), (-0.32627, -0.04902, 0.13853), (-0.32378, -0.04902, 0.13437), (0.32379, 0.09369, 0.13442), (0.32379, 0.09785, 0.13859), (-0.32378, 0.09785, 0.13859), (-0.32378, 0.09369, 0.13442), (0.32628, 0.09369, 0.13858), (0.32379, 0.09369, 0.13442), (0.32379, -0.04902, 0.13437), (0.32628, -0.04902, 0.13853), (-0.32627, -0.04903, 0.14663), (-0.32378, -0.05319, 0.14663), (-0.32378, -0.05319, 0.13853), (-0.32627, -0.04902, 0.13853), (0.32628, -0.04902, 0.13853), (0.32379, -0.05319, 0.13853), (0.32379, -0.05319, 0.14663), (0.32628, -0.04903, 0.14663), (0.32628, 0.09369, 0.14669), (0.32379, 0.09785, 0.14669), (0.32379, 0.09785, 0.13859), (0.32628, 0.09369, 0.13858), (-0.32627, 0.09369, 0.13858), (-0.32378, 0.09785, 0.13859), (-0.32378, 0.09785, 0.14669), (-0.32627, 0.09369, 0.14669), (0.31875, -0.04049, -0.158), (0.31875, 0.08536, -0.15796), (-0.31874, 0.08536, -0.15796), (-0.31874, -0.04049, -0.158), (0.31875, 0.08526, 0.13442), (0.31875, 0.08536, -0.15796), (0.31875, -0.04049, -0.158), (0.31875, -0.04059, 0.13438), (-0.30827, -0.03357, 0.11689), (-0.30827, -0.03348, -0.14051), (0.30828, -0.03348, -0.14051), (0.30828, -0.03357, 0.11689), (-0.30827, 0.08535, -0.14047), (-0.30827, -0.03348, -0.14051), (-0.30827, -0.03357, 0.11689), (-0.30827, 0.08527, 0.11693), (0.30828, 0.08527, 0.11693), (0.30828, -0.03357, 0.11689), (0.30828, -0.03348, -0.14051), (0.30828, 0.08535, -0.14047), (0.30828, 0.08535, -0.14047), (0.30828, -0.03348, -0.14051), (-0.30827, -0.03348, -0.14051), (-0.30827, 0.08535, -0.14047), (-0.30827, 0.08527, 0.11693), (-0.30827, -0.03357, 0.11689), (0.30828, -0.03357, 0.11689), (0.30828, 0.08527, 0.11693), (0.31875, 0.08526, 0.13442), (-0.32378, 0.09369, 0.13442), (-0.31874, 0.08526, 0.13442), (0.32379, 0.09369, 0.13442), (-0.32378, -0.04902, 0.13437), (0.31875, -0.04059, 0.13438), (-0.31874, -0.04059, 0.13438), (0.32379, -0.04902, 0.13437), (0.30828, 0.08527, 0.11693), (0.31875, 0.08526, 0.13442), (-0.31874, 0.08526, 0.13442), (-0.30827, 0.08527, 0.11693), (0.30828, 0.08535, -0.14047), (-0.31874, 0.08536, -0.15796), (0.31875, 0.08536, -0.15796), (-0.30827, 0.08535, -0.14047)]
                normal3f[] primvars:normals = [(-0.7632376, -0.4570335, 0.456715), (0.7632376, -0.4570335, 0.456715), (-0.7632361, 0.456719, 0.4570322), (0.7632361, 0.456719, 0.4570322), (0.7632377, -0.4567177, -0.4570309), (-0.7632377, -0.4567177, -0.4570309), (-0.7632361, 0.4570347, -0.4567165), (0.7632361, 0.4570347, -0.4567165), (0, -1, -0.00034558), (-1, 0, 4e-7), (1, 0, 0), (0, 1, 0.00034558), (-1, 0, 0), (0, -0.00034558, 1), (-0.8580199, -0.00017749, 0.5136165), (0.8580199, -0.00017749, 0.5136165), (0, -0.70735, 0.7068635), (0, 0.706862, 0.7073516), (0, -0.7068603, -0.7073532), (-0.8580199, 0.00017749, -0.5136165), (0, 0.7073497, -0.7068638), (0.8580199, 0.00017749, -0.5136165), (-0.8580205, -0.5136153, -0.00017749), (0.8580205, -0.5136153, -0.00017749), (0.8580201, 0.513616, 0.00017749), (-0.8580201, 0.513616, 0.00017749), (0, 0.00034558, -1), (1, 0, 4e-7), (0, 1, 0.00034568), (1, 0, -5.1e-7), (-1, 0, -5.1e-7), (0, 1, 0.000346)] (
                    interpolation = "faceVarying"
                )
                int[] primvars:normals:indices = [0, 0, 0, 1, 1, 1, 2, 2, 2, 3, 3, 3, 4, 4, 4, 5, 5, 5, 6, 6, 6, 7, 7, 7, 8, 8, 8, 8, 8, 8, 9, 9, 9, 9, 9, 9, 8, 8, 8, 8, 8, 8, 10, 10, 10, 10, 10, 10, 11, 11, 11, 11, 11, 11, 12, 12, 12, 12, 12, 12, 13, 13, 13, 13, 13, 13, 14, 14, 14, 14, 14, 14, 15, 15, 15, 15, 15, 15, 16, 16, 16, 16, 16, 16, 17, 17, 17, 17, 17, 17, 18, 18, 18, 18, 18, 18, 19, 19, 19, 19, 19, 19, 20, 20, 20, 20, 20, 20, 21, 21, 21, 21, 21, 21, 22, 22, 22, 22, 22, 22, 23, 23, 23, 23, 23, 23, 24, 24, 24, 24, 24, 24, 25, 25, 25, 25, 25, 25, 26, 26, 26, 26, 26, 26, 27, 27, 27, 27, 27, 27, 28, 28, 28, 28, 28, 28, 29, 29, 29, 29, 29, 29, 30, 30, 30, 30, 30, 30, 13, 13, 13, 13, 13, 13, 26, 26, 26, 26, 26, 26, 26, 26, 26, 26, 26, 26, 26, 26, 26, 26, 26, 26, 26, 26, 26, 26, 26, 26, 26, 26, 26, 26, 26, 26, 31, 31, 31, 31, 31, 31, 31, 31, 11, 11, 31, 31, 31, 11, 11, 11, 11, 31, 11, 11, 11, 11, 11, 11]
                texCoord2f[] primvars:st = [(0.01005888, 0.5815818), (0.01005888, 0.5840496), (0.00759101, 0.5840496), (0.6516515, 0.5840496), (0.6516515, 0.5815818), (0.6541193, 0.5840496), (0.01005888, 0.6686878), (0.01005888, 0.6711556), (0.00759101, 0.6686878), (0.6516515, 0.6711556), (0.6516515, 0.6686878), (0.6541193, 0.6686878), (0.9629087, 0.01005888), (0.9629087, 0.6516515), (0.9677139, 0.6516515), (0.9677139, 0.01005888), (0.7870435, 0.6636878), (0.7870435, 0.5890496), (0.960441, 0.5890496), (0.960441, 0.6636878), (0.7870435, 0.01505852), (0.7870435, 0.6466516), (0.960441, 0.6466515), (0.960441, 0.01505876), (0.9629087, 0.5840496), (0.9629087, 0.6686878), (0.9677139, 0.6686878), (0.9677139, 0.5840496), (0.9677139, 0.00759101), (0.9629087, 0.00759101), (0.9629087, 0.6541193), (0.9677139, 0.6541193), (0.01505852, 0.6636878), (0.6466516, 0.6636878), (0.6466516, 0.5890496), (0.01505852, 0.5890496), (0.7974128, 0.6362822), (0.7974128, 0.02542806), (0.9500716, 0.0254283), (0.9500716, 0.6362821), (0.9500716, 0.5932128), (0.7974128, 0.5932128), (0.7974128, 0.6636878), (0.9500716, 0.6636878), (0.02542806, 0.5932128), (0.6362822, 0.5932128), (0.6362822, 0.6636878), (0.02542806, 0.6636878), (0.6362821, 0.5932128), (0.0254283, 0.5932128), (0.0254283, 0.6636878), (0.6362821, 0.6636878), (0.01505876, 0.6636878), (0.6466515, 0.6636878), (0.6466515, 0.5890496), (0.01505876, 0.5890496)] (
                    interpolation = "faceVarying"
                )
                int[] primvars:st:indices = [0, 1, 2, 3, 4, 5, 6, 7, 8, 9, 10, 11, 3, 5, 4, 2, 1, 0, 7, 6, 8, 11, 10, 9, 12, 13, 14, 15, 12, 14, 16, 17, 18, 19, 16, 18, 20, 21, 22, 23, 20, 22, 24, 25, 26, 27, 24, 26, 13, 12, 15, 14, 13, 15, 25, 24, 27, 26, 25, 27, 6, 1, 3, 10, 6, 3, 1, 6, 8, 2, 1, 8, 5, 11, 10, 3, 5, 10, 0, 4, 3, 1, 0, 3, 6, 10, 9, 7, 6, 9, 1, 3, 4, 0, 1, 4, 2, 8, 6, 1, 2, 6, 7, 9, 10, 6, 7, 10, 3, 10, 11, 5, 3, 11, 12, 15, 28, 29, 12, 28, 14, 13, 30, 31, 14, 30, 13, 14, 31, 30, 13, 31, 15, 12, 29, 28, 15, 29, 32, 33, 34, 35, 32, 34, 17, 16, 19, 18, 17, 19, 36, 37, 38, 39, 36, 38, 40, 41, 42, 43, 40, 42, 41, 40, 43, 42, 41, 43, 44, 45, 46, 47, 44, 46, 48, 49, 50, 51, 48, 50, 52, 6, 53, 6, 10, 53, 1, 6, 52, 53, 10, 54, 55, 1, 52, 10, 3, 54, 3, 1, 55, 54, 3, 55, 23, 22, 39, 38, 23, 39, 39, 22, 36, 20, 23, 38, 22, 21, 36, 37, 20, 38, 36, 21, 37, 21, 20, 37]
                uniform token subdivisionScheme = "none"
                quatf xformOp:orient = (1, 0, 0, 0)
                float3 xformOp:scale = (1, 1, 1)
                double3 xformOp:translate = (0, 0, 0)
                uniform token[] xformOpOrder = ["xformOp:translate", "xformOp:orient", "xformOp:scale"]
            }

            def Mesh "Coffee_Table_315_1_DrawerMesh_02_1" (
                apiSchemas = ["MaterialBindingAPI"]
            )
            {
                float3[] extent = [(-0.23118, 0.01769, 0.15099), (0.24818, 0.04027, 0.18352)]
                int[] faceVertexCounts = [3, 3, 3, 3, 3, 3, 3, 3, 3, 3, 3, 3, 3, 3, 3, 3, 3, 3, 3, 3, 3, 3, 3, 3, 3, 3, 3, 3, 3, 3, 3, 3, 3, 3, 3, 3, 3, 3, 3, 3, 3, 3, 3, 3, 3, 3, 3, 3, 3, 3, 3, 3, 3, 3, 3, 3, 3, 3, 3, 3, 3, 3, 3, 3, 3, 3, 3, 3, 3, 3, 3, 3, 3, 3, 3, 3, 3, 3]
                int[] faceVertexIndices = [2, 1, 0, 3, 2, 0, 6, 5, 4, 7, 6, 4, 10, 9, 8, 11, 10, 8, 14, 13, 12, 15, 14, 12, 18, 17, 16, 19, 18, 16, 22, 21, 20, 23, 22, 20, 26, 25, 24, 27, 26, 24, 27, 24, 28, 29, 27, 28, 27, 30, 26, 30, 31, 26, 31, 30, 32, 33, 31, 32, 32, 30, 34, 30, 35, 34, 38, 37, 36, 37, 39, 36, 37, 40, 39, 40, 41, 39, 44, 43, 42, 43, 45, 42, 43, 46, 45, 46, 47, 45, 47, 48, 45, 48, 49, 45, 48, 50, 49, 50, 51, 49, 49, 51, 52, 51, 53, 52, 56, 55, 54, 55, 57, 54, 55, 58, 57, 58, 59, 57, 59, 58, 60, 58, 61, 60, 64, 63, 62, 65, 64, 62, 68, 67, 66, 69, 68, 66, 72, 71, 70, 73, 72, 70, 76, 75, 74, 77, 76, 74, 80, 79, 78, 81, 80, 78, 84, 83, 82, 85, 84, 82, 88, 87, 86, 89, 88, 86, 92, 91, 90, 93, 92, 90, 96, 95, 94, 97, 96, 94, 98, 96, 97, 99, 98, 97, 102, 101, 100, 103, 102, 100, 100, 101, 104, 105, 102, 103, 101, 106, 104, 107, 105, 103, 104, 106, 107, 106, 105, 107, 110, 109, 108, 111, 110, 108, 110, 112, 109, 111, 108, 113, 112, 114, 109, 115, 111, 113, 112, 115, 114, 115, 113, 114]
                rel material:binding = </Coffee_Table_315_1/Materials/material_HammeredMetal_AlbedoTransparency>
                uniform token orientation = "rightHanded"
                point3f[] points = [(0.22622, 0.01769, 0.15178), (0.22622, 0.01769, 0.15099), (0.22622, 0.04027, 0.151), (0.22622, 0.04027, 0.15179), (0.22622, 0.01769, 0.15099), (0.24818, 0.01769, 0.15099), (0.24818, 0.04027, 0.151), (0.22622, 0.04027, 0.151), (0.24818, 0.01769, 0.15099), (0.24818, 0.01769, 0.15178), (0.24818, 0.04027, 0.15179), (0.24818, 0.04027, 0.151), (0.22622, 0.01769, 0.15178), (0.24818, 0.01769, 0.15178), (0.24818, 0.01769, 0.15099), (0.22622, 0.01769, 0.15099), (0.22622, 0.04027, 0.151), (0.24818, 0.04027, 0.151), (0.24818, 0.04027, 0.15179), (0.22622, 0.04027, 0.15179), (0.23303, 0.03327, 0.15178), (0.23303, 0.03326, 0.17945), (0.23303, 0.02468, 0.17945), (0.23303, 0.02469, 0.15178), (0.24137, 0.03326, 0.17945), (0.24137, 0.03326, 0.18352), (0.23303, 0.03326, 0.18352), (0.23303, 0.03326, 0.17945), (0.24137, 0.03327, 0.15178), (0.23303, 0.03327, 0.15178), (-0.21602, 0.03326, 0.17945), (-0.21602, 0.03326, 0.18352), (-0.22437, 0.03326, 0.17945), (-0.22437, 0.03326, 0.18352), (-0.22437, 0.03327, 0.15178), (-0.21602, 0.03327, 0.15178), (0.24137, 0.02469, 0.15178), (0.24137, 0.03326, 0.17945), (0.24137, 0.03327, 0.15178), (0.24137, 0.02468, 0.17945), (0.24137, 0.03326, 0.18352), (0.24137, 0.02468, 0.18352), (0.23303, 0.02469, 0.15178), (0.24137, 0.02468, 0.17945), (0.24137, 0.02469, 0.15178), (0.23303, 0.02468, 0.17945), (0.24137, 0.02468, 0.18352), (0.23303, 0.02468, 0.18352), (-0.21602, 0.02468, 0.18352), (-0.21602, 0.02468, 0.17945), (-0.22437, 0.02468, 0.18352), (-0.22437, 0.02468, 0.17945), (-0.21602, 0.02469, 0.15178), (-0.22437, 0.02469, 0.15178), (0.24137, 0.02468, 0.18352), (0.23303, 0.03326, 0.18352), (0.24137, 0.03326, 0.18352), (0.23303, 0.02468, 0.18352), (-0.21602, 0.03326, 0.18352), (-0.21602, 0.02468, 0.18352), (-0.22437, 0.02468, 0.18352), (-0.22437, 0.03326, 0.18352), (-0.21602, 0.03326, 0.17945), (-0.21602, 0.03326, 0.18352), (-0.21602, 0.02468, 0.18352), (-0.21602, 0.02468, 0.17945), (0.23303, 0.03326, 0.17945), (-0.21602, 0.03326, 0.17945), (-0.21602, 0.02468, 0.17945), (0.23303, 0.02468, 0.17945), (-0.20921, 0.01769, 0.15178), (-0.20921, 0.04027, 0.15178), (-0.20921, 0.04027, 0.15099), (-0.20921, 0.01769, 0.15099), (-0.20921, 0.01769, 0.15099), (-0.20921, 0.04027, 0.15099), (-0.23118, 0.04027, 0.15099), (-0.23118, 0.01769, 0.15099), (-0.23118, 0.01769, 0.15099), (-0.23118, 0.04027, 0.15099), (-0.23118, 0.04027, 0.15178), (-0.23118, 0.01769, 0.15178), (-0.20921, 0.01769, 0.15178), (-0.20921, 0.01769, 0.15099), (-0.23118, 0.01769, 0.15099), (-0.23118, 0.01769, 0.15178), (-0.20921, 0.04027, 0.15099), (-0.20921, 0.04027, 0.15178), (-0.23118, 0.04027, 0.15178), (-0.23118, 0.04027, 0.15099), (-0.21602, 0.03327, 0.15178), (-0.21602, 0.02469, 0.15178), (-0.21602, 0.02468, 0.17945), (-0.21602, 0.03326, 0.17945), (-0.22437, 0.02469, 0.15178), (-0.22437, 0.03327, 0.15178), (-0.22437, 0.03326, 0.17945), (-0.22437, 0.02468, 0.17945), (-0.22437, 0.03326, 0.18352), (-0.22437, 0.02468, 0.18352), (0.24818, 0.04027, 0.15179), (0.24137, 0.03327, 0.15178), (0.23303, 0.03327, 0.15178), (0.22622, 0.04027, 0.15179), (0.24818, 0.01769, 0.15178), (0.23303, 0.02469, 0.15178), (0.24137, 0.02469, 0.15178), (0.22622, 0.01769, 0.15178), (-0.23118, 0.04027, 0.15178), (-0.20921, 0.04027, 0.15178), (-0.21602, 0.03327, 0.15178), (-0.22437, 0.03327, 0.15178), (-0.21602, 0.02469, 0.15178), (-0.23118, 0.01769, 0.15178), (-0.20921, 0.01769, 0.15178), (-0.22437, 0.02469, 0.15178)]
                normal3f[] primvars:normals = [(-1, 0, 0), (6.8e-7, 0.00034558, -1), (1, 0, 0), (0, -1, -0.00034558), (0, 1, 0.00034558), (2.5e-7, 1, 0.00034558), (2.5e-7, -1, -0.00034558), (0, -0.00034558, 1), (-6.6e-7, -0.00034558, 1), (6.3e-7, 0.00034558, -1), (1, 0, 4.9e-7), (-1, 0, -4.9e-7), (-4.9e-7, -0.00034228, 1), (-4.9e-7, -0.00034997, 1), (0, -0.00034338, 1), (0, -0.00034667, 1)] (
                    interpolation = "faceVarying"
                )
                int[] primvars:normals:indices = [0, 0, 0, 0, 0, 0, 1, 1, 1, 1, 1, 1, 2, 2, 2, 2, 2, 2, 3, 3, 3, 3, 3, 3, 4, 4, 4, 4, 4, 4, 0, 0, 0, 0, 0, 0, 4, 4, 4, 4, 4, 4, 4, 4, 4, 4, 4, 4, 4, 4, 4, 4, 4, 4, 4, 4, 4, 4, 4, 4, 4, 4, 5, 4, 5, 5, 2, 2, 2, 2, 2, 2, 2, 2, 2, 2, 2, 2, 3, 3, 3, 3, 3, 3, 3, 3, 3, 3, 3, 3, 3, 3, 3, 3, 3, 3, 3, 3, 3, 3, 6, 3, 3, 6, 6, 6, 6, 6, 7, 7, 7, 7, 7, 7, 7, 8, 7, 8, 8, 7, 8, 8, 7, 8, 7, 7, 0, 0, 0, 0, 0, 0, 9, 9, 9, 9, 9, 9, 2, 2, 2, 2, 2, 2, 1, 1, 1, 1, 1, 1, 0, 0, 0, 0, 0, 0, 3, 3, 3, 3, 3, 3, 4, 4, 4, 4, 4, 4, 10, 10, 10, 10, 10, 10, 11, 11, 11, 11, 11, 11, 0, 11, 11, 0, 0, 11, 12, 12, 12, 12, 12, 12, 12, 12, 13, 13, 12, 12, 12, 13, 13, 13, 13, 12, 13, 13, 13, 13, 13, 13, 14, 14, 14, 14, 14, 14, 14, 15, 14, 14, 14, 15, 15, 15, 14, 15, 14, 15, 15, 15, 15, 15, 15, 15]
                texCoord2f[] primvars:st = [(0, 0)] (
                    interpolation = "faceVarying"
                )
                int[] primvars:st:indices = [0, 0, 0, 0, 0, 0, 0, 0, 0, 0, 0, 0, 0, 0, 0, 0, 0, 0, 0, 0, 0, 0, 0, 0, 0, 0, 0, 0, 0, 0, 0, 0, 0, 0, 0, 0, 0, 0, 0, 0, 0, 0, 0, 0, 0, 0, 0, 0, 0, 0, 0, 0, 0, 0, 0, 0, 0, 0, 0, 0, 0, 0, 0, 0, 0, 0, 0, 0, 0, 0, 0, 0, 0, 0, 0, 0, 0, 0, 0, 0, 0, 0, 0, 0, 0, 0, 0, 0, 0, 0, 0, 0, 0, 0, 0, 0, 0, 0, 0, 0, 0, 0, 0, 0, 0, 0, 0, 0, 0, 0, 0, 0, 0, 0, 0, 0, 0, 0, 0, 0, 0, 0, 0, 0, 0, 0, 0, 0, 0, 0, 0, 0, 0, 0, 0, 0, 0, 0, 0, 0, 0, 0, 0, 0, 0, 0, 0, 0, 0, 0, 0, 0, 0, 0, 0, 0, 0, 0, 0, 0, 0, 0, 0, 0, 0, 0, 0, 0, 0, 0, 0, 0, 0, 0, 0, 0, 0, 0, 0, 0, 0, 0, 0, 0, 0, 0, 0, 0, 0, 0, 0, 0, 0, 0, 0, 0, 0, 0, 0, 0, 0, 0, 0, 0, 0, 0, 0, 0, 0, 0, 0, 0, 0, 0, 0, 0, 0, 0, 0, 0, 0, 0, 0, 0, 0, 0, 0, 0, 0, 0, 0, 0, 0, 0]
                uniform token subdivisionScheme = "none"
                quatf xformOp:orient = (1, 0, 0, 0)
                float3 xformOp:scale = (1, 1, 1)
                double3 xformOp:translate = (0, 0, 0)
                uniform token[] xformOpOrder = ["xformOp:translate", "xformOp:orient", "xformOp:scale"]
            }

            def Cube "Coffee_Table_315_1_DrawerMesh_02_PrimitiveCollider_0" (
                apiSchemas = ["PhysicsCollisionAPI", "PhysicsMassAPI"]
            )
            {
                float3[] extent = [(-0.5, -0.5, -0.5), (0.5, 0.5, 0.5)]
                float physics:density = 100
                uniform token purpose = "guide"
                double size = 1
                quatf xformOp:orient = (0, 1, 0, 0)
                float3 xformOp:scale = (0.638116, 0.00744238, 0.292148)
                double3 xformOp:translate = (0, -0.0369796, -0.0119217)
                uniform token[] xformOpOrder = ["xformOp:translate", "xformOp:orient", "xformOp:scale"]
            }

            def Cube "Coffee_Table_315_1_DrawerMesh_02_PrimitiveCollider_1" (
                apiSchemas = ["PhysicsCollisionAPI", "PhysicsMassAPI"]
            )
            {
                float3[] extent = [(-0.5, -0.5, -0.5), (0.5, 0.5, 0.5)]
                float physics:density = 100
                uniform token purpose = "guide"
                double size = 1
                quatf xformOp:orient = (0, 1, 0, 0)
                float3 xformOp:scale = (0.638116, 0.1262134, 0.0170992)
                double3 xformOp:translate = (0, 0.0224059, 0.125603)
                uniform token[] xformOpOrder = ["xformOp:translate", "xformOp:orient", "xformOp:scale"]
            }

            def Cube "Coffee_Table_315_1_DrawerMesh_02_PrimitiveCollider_2" (
                apiSchemas = ["PhysicsCollisionAPI", "PhysicsMassAPI"]
            )
            {
                float3[] extent = [(-0.5, -0.5, -0.5), (0.5, 0.5, 0.5)]
                float physics:density = 100
                uniform token purpose = "guide"
                double size = 1
                quatf xformOp:orient = (0, 1, 0, 0)
                float3 xformOp:scale = (0.638116, 0.1262134, 0.01764298)
                double3 xformOp:translate = (0, 0.0224059, -0.149174)
                uniform token[] xformOpOrder = ["xformOp:translate", "xformOp:orient", "xformOp:scale"]
            }

            def Cube "Coffee_Table_315_1_DrawerMesh_02_PrimitiveCollider_3" (
                apiSchemas = ["PhysicsCollisionAPI", "PhysicsMassAPI"]
            )
            {
                float3[] extent = [(-0.5, -0.5, -0.5), (0.5, 0.5, 0.5)]
                float physics:density = 100
                uniform token purpose = "guide"
                double size = 1
                quatf xformOp:orient = (0, 1, 0, 0)
                float3 xformOp:scale = (0.011855, 0.1262134, 0.292148)
                double3 xformOp:translate = (0.31313, 0.0224059, -0.0119217)
                uniform token[] xformOpOrder = ["xformOp:translate", "xformOp:orient", "xformOp:scale"]
            }

            def Cube "Coffee_Table_315_1_DrawerMesh_02_PrimitiveCollider_4" (
                apiSchemas = ["PhysicsCollisionAPI", "PhysicsMassAPI"]
            )
            {
                float3[] extent = [(-0.5, -0.5, -0.5), (0.5, 0.5, 0.5)]
                float physics:density = 100
                uniform token purpose = "guide"
                double size = 1
                quatf xformOp:orient = (0, 1, 0, 0)
                float3 xformOp:scale = (0.01134694, 0.1262134, 0.292148)
                double3 xformOp:translate = (-0.313384, 0.0224059, -0.0119217)
                uniform token[] xformOpOrder = ["xformOp:translate", "xformOp:orient", "xformOp:scale"]
            }

            def Cube "Coffee_Table_315_1_DrawerMesh_02_PrimitiveCollider_5" (
                apiSchemas = ["PhysicsCollisionAPI", "PhysicsMassAPI"]
            )
            {
                float3[] extent = [(-0.5, -0.5, -0.5), (0.5, 0.5, 0.5)]
                float physics:density = 100
                uniform token purpose = "guide"
                double size = 1
                quatf xformOp:orient = (0, 1, 0, 0)
                float3 xformOp:scale = (0.652432, 0.1541782, 0.0171423)
                double3 xformOp:translate = (0, 0.0224059, 0.143373)
                uniform token[] xformOpOrder = ["xformOp:translate", "xformOp:orient", "xformOp:scale"]
            }

            def Cube "Coffee_Table_315_1_DrawerMesh_02_PrimitiveCollider_6" (
                apiSchemas = ["PhysicsCollisionAPI", "PhysicsMassAPI"]
            )
            {
                float3[] extent = [(-0.5, -0.5, -0.5), (0.5, 0.5, 0.5)]
                float physics:density = 100
                uniform token purpose = "guide"
                double size = 1
                quatf xformOp:orient = (0, -0.707106, 0, 0.707107)
                float3 xformOp:scale = (0.034155, 0.00938414, 0.00904044)
                double3 xformOp:translate = (-0.220107, 0.029, 0.1671)
                uniform token[] xformOpOrder = ["xformOp:translate", "xformOp:orient", "xformOp:scale"]
            }

            def Cube "Coffee_Table_315_1_DrawerMesh_02_PrimitiveCollider_7" (
                apiSchemas = ["PhysicsCollisionAPI", "PhysicsMassAPI"]
            )
            {
                float3[] extent = [(-0.5, -0.5, -0.5), (0.5, 0.5, 0.5)]
                float physics:density = 100
                uniform token purpose = "guide"
                double size = 1
                quatf xformOp:orient = (0, -0.707106, 0, 0.707107)
                float3 xformOp:scale = (0.0341096, 0.00938414, 0.00851994)
                double3 xformOp:translate = (0.237262, 0.029, 0.1671)
                uniform token[] xformOpOrder = ["xformOp:translate", "xformOp:orient", "xformOp:scale"]
            }

            def Cube "Coffee_Table_315_1_DrawerMesh_02_PrimitiveCollider_8" (
                apiSchemas = ["PhysicsCollisionAPI", "PhysicsMassAPI"]
            )
            {
                float3[] extent = [(-0.5, -0.5, -0.5), (0.5, 0.5, 0.5)]
                float physics:density = 100
                uniform token purpose = "guide"
                double size = 1
                quatf xformOp:orient = (0, -0.707106, 0, 0.707107)
                float3 xformOp:scale = (0.00482442, 0.00938414, 0.465914)
                double3 xformOp:translate = (0.00863112, 0.029, 0.181397)
                uniform token[] xformOpOrder = ["xformOp:translate", "xformOp:orient", "xformOp:scale"]
            }

            def PhysicsPrismaticJoint "Coffee_Table_315_1_DrawerMesh_02__1"
            {
                uniform token physics:axis = "Z"
                rel physics:body0 = </Coffee_Table_315_1/Geometry/Coffee_Table_315_1_DrawerMesh_02>
                rel physics:body1 = </Coffee_Table_315_1/Geometry/Coffee_Table_315_1>
                point3f physics:localPos0 = (0, 0, 0)
                point3f physics:localPos1 = (0, -0.050156, -0.19445)
                quatf physics:localRot0 = (-0, -1, -0, 0)
                quatf physics:localRot1 = (-0, -2.98023e-7, 0, 1)
                float physics:lowerLimit = 0
                float physics:upperLimit = 0.255
            }
        }

        def Xform "Coffee_Table_315_1_DrawerMesh_03" (
            apiSchemas = ["PhysicsRigidBodyAPI", "PhysicsFilteredPairsAPI"]
        )
        {
            rel physics:filteredPairs = [
                </Coffee_Table_315_1/Geometry/Coffee_Table_315_1_DrawerMesh_06>,
                </Coffee_Table_315_1/Geometry/Coffee_Table_315_1_DrawerMesh_05>,
                </Coffee_Table_315_1/Geometry/Coffee_Table_315_1_DrawerMesh_04>,
                </Coffee_Table_315_1/Geometry/Coffee_Table_315_1_DrawerMesh_01>,
                </Coffee_Table_315_1/Geometry/Coffee_Table_315_1_DrawerMesh_02>,
                </Coffee_Table_315_1/Geometry/tn__Coffee_Table_315_1_FP315Cube1751_wm0yC>,
            ]
            quatf xformOp:orient = (2.98023e-7, 0, 1, 0)
            float3 xformOp:scale = (1, 1, 1)
            double3 xformOp:translate = (0, -0.209186, -0.19445)
            uniform token[] xformOpOrder = ["xformOp:translate", "xformOp:orient", "xformOp:scale"]

            def Mesh "Coffee_Table_315_1_DrawerMesh_03_0" (
                apiSchemas = ["MaterialBindingAPI"]
            )
            {
                float3[] extent = [(-0.32627, -0.05319, -0.158), (0.32628, 0.09785, 0.15085)]
                int[] faceVertexCounts = [3, 3, 3, 3, 3, 3, 3, 3, 3, 3, 3, 3, 3, 3, 3, 3, 3, 3, 3, 3, 3, 3, 3, 3, 3, 3, 3, 3, 3, 3, 3, 3, 3, 3, 3, 3, 3, 3, 3, 3, 3, 3, 3, 3, 3, 3, 3, 3, 3, 3, 3, 3, 3, 3, 3, 3, 3, 3, 3, 3, 3, 3, 3, 3, 3, 3, 3, 3, 3, 3, 3, 3, 3, 3, 3, 3]
                int[] faceVertexIndices = [2, 1, 0, 5, 4, 3, 8, 7, 6, 11, 10, 9, 14, 13, 12, 17, 16, 15, 20, 19, 18, 23, 22, 21, 26, 25, 24, 27, 26, 24, 30, 29, 28, 31, 30, 28, 34, 33, 32, 35, 34, 32, 38, 37, 36, 39, 38, 36, 42, 41, 40, 43, 42, 40, 46, 45, 44, 47, 46, 44, 50, 49, 48, 51, 50, 48, 54, 53, 52, 55, 54, 52, 58, 57, 56, 59, 58, 56, 62, 61, 60, 63, 62, 60, 66, 65, 64, 67, 66, 64, 70, 69, 68, 71, 70, 68, 74, 73, 72, 75, 74, 72, 78, 77, 76, 79, 78, 76, 82, 81, 80, 83, 82, 80, 86, 85, 84, 87, 86, 84, 90, 89, 88, 91, 90, 88, 94, 93, 92, 95, 94, 92, 98, 97, 96, 99, 98, 96, 102, 101, 100, 103, 102, 100, 106, 105, 104, 107, 106, 104, 110, 109, 108, 111, 110, 108, 114, 113, 112, 115, 114, 112, 118, 117, 116, 119, 118, 116, 122, 121, 120, 123, 122, 120, 126, 125, 124, 127, 126, 124, 130, 129, 128, 131, 130, 128, 128, 129, 132, 133, 130, 131, 129, 134, 132, 135, 133, 131, 132, 134, 135, 134, 133, 135, 138, 137, 136, 139, 138, 136, 136, 137, 140, 141, 138, 139, 137, 142, 140, 143, 141, 139, 140, 142, 143, 142, 141, 143]
                rel material:binding = </Coffee_Table_315_1/Materials/material_WornWood>
                uniform token orientation = "rightHanded"
                point3f[] points = [(-0.32627, -0.04903, 0.14663), (-0.32378, -0.04903, 0.1508), (-0.32378, -0.05319, 0.14663), (0.32379, -0.05319, 0.14663), (0.32379, -0.04903, 0.1508), (0.32628, -0.04903, 0.14663), (-0.32627, 0.09369, 0.14669), (-0.32378, 0.09785, 0.14669), (-0.32378, 0.09368, 0.15085), (0.32628, 0.09369, 0.14669), (0.32379, 0.09368, 0.15085), (0.32379, 0.09785, 0.14669), (0.32379, -0.05319, 0.13853), (0.32628, -0.04902, 0.13853), (0.32379, -0.04902, 0.13437), (-0.32378, -0.05319, 0.13853), (-0.32378, -0.04902, 0.13437), (-0.32627, -0.04902, 0.13853), (-0.32627, 0.09369, 0.13858), (-0.32378, 0.09369, 0.13442), (-0.32378, 0.09785, 0.13859), (0.32379, 0.09785, 0.13859), (0.32379, 0.09369, 0.13442), (0.32628, 0.09369, 0.13858), (0.32379, -0.05319, 0.14663), (0.32379, -0.05319, 0.13853), (-0.32378, -0.05319, 0.13853), (-0.32378, -0.05319, 0.14663), (-0.32378, 0.09785, 0.14669), (-0.32378, 0.09785, 0.13859), (0.32379, 0.09785, 0.13859), (0.32379, 0.09785, 0.14669), (0.32379, -0.04903, 0.1508), (-0.32378, -0.04903, 0.1508), (-0.32378, 0.09368, 0.15085), (0.32379, 0.09368, 0.15085), (0.32628, 0.09369, 0.14669), (0.32628, 0.09369, 0.13858), (0.32628, -0.04902, 0.13853), (0.32628, -0.04903, 0.14663), (-0.32627, -0.04903, 0.14663), (-0.32627, -0.04902, 0.13853), (-0.32627, 0.09369, 0.13858), (-0.32627, 0.09369, 0.14669), (-0.32627, 0.09369, 0.14669), (-0.32378, 0.09368, 0.15085), (-0.32378, -0.04903, 0.1508), (-0.32627, -0.04903, 0.14663), (-0.32378, -0.05319, 0.14663), (-0.32378, -0.04903, 0.1508), (0.32379, -0.04903, 0.1508), (0.32379, -0.05319, 0.14663), (0.32379, 0.09368, 0.15085), (0.32628, 0.09369, 0.14669), (0.32628, -0.04903, 0.14663), (0.32379, -0.04903, 0.1508), (0.32379, 0.09785, 0.14669), (0.32379, 0.09368, 0.15085), (-0.32378, 0.09368, 0.15085), (-0.32378, 0.09785, 0.14669), (-0.32378, -0.04902, 0.13437), (-0.32378, -0.05319, 0.13853), (0.32379, -0.05319, 0.13853), (0.32379, -0.04902, 0.13437), (-0.32378, 0.09369, 0.13442), (-0.32627, 0.09369, 0.13858), (-0.32627, -0.04902, 0.13853), (-0.32378, -0.04902, 0.13437), (0.32379, 0.09369, 0.13442), (0.32379, 0.09785, 0.13859), (-0.32378, 0.09785, 0.13859), (-0.32378, 0.09369, 0.13442), (0.32628, 0.09369, 0.13858), (0.32379, 0.09369, 0.13442), (0.32379, -0.04902, 0.13437), (0.32628, -0.04902, 0.13853), (-0.32378, 0.09785, 0.14669), (-0.32627, 0.09369, 0.14669), (-0.32627, 0.09369, 0.13858), (-0.32378, 0.09785, 0.13859), (-0.32378, -0.05319, 0.13853), (-0.32627, -0.04902, 0.13853), (-0.32627, -0.04903, 0.14663), (-0.32378, -0.05319, 0.14663), (0.32628, -0.04902, 0.13853), (0.32379, -0.05319, 0.13853), (0.32379, -0.05319, 0.14663), (0.32628, -0.04903, 0.14663), (0.32379, 0.09785, 0.13859), (0.32628, 0.09369, 0.13858), (0.32628, 0.09369, 0.14669), (0.32379, 0.09785, 0.14669), (0.31875, -0.04049, -0.158), (0.31875, 0.08536, -0.15796), (-0.31874, 0.08536, -0.15796), (-0.31874, -0.04049, -0.158), (-0.30827, 0.08535, -0.14047), (-0.30827, -0.03348, -0.14051), (-0.30827, -0.03357, 0.11689), (-0.30827, 0.08527, 0.11693), (0.31875, -0.04059, 0.13438), (0.31875, -0.04049, -0.158), (-0.31874, -0.04049, -0.158), (-0.31874, -0.04059, 0.13438), (-0.31874, -0.04059, 0.13438), (-0.31874, -0.04049, -0.158), (-0.31874, 0.08536, -0.15796), (-0.31874, 0.08526, 0.13442), (0.31875, 0.08526, 0.13442), (0.31875, 0.08536, -0.15796), (0.31875, -0.04049, -0.158), (0.31875, -0.04059, 0.13438), (-0.30827, -0.03357, 0.11689), (-0.30827, -0.03348, -0.14051), (0.30828, -0.03348, -0.14051), (0.30828, -0.03357, 0.11689), (0.30828, 0.08527, 0.11693), (0.30828, -0.03357, 0.11689), (0.30828, -0.03348, -0.14051), (0.30828, 0.08535, -0.14047), (0.30828, 0.08535, -0.14047), (0.30828, -0.03348, -0.14051), (-0.30827, -0.03348, -0.14051), (-0.30827, 0.08535, -0.14047), (-0.30827, 0.08527, 0.11693), (-0.30827, -0.03357, 0.11689), (0.30828, -0.03357, 0.11689), (0.30828, 0.08527, 0.11693), (-0.31874, -0.04059, 0.13438), (-0.32378, -0.04902, 0.13437), (0.32379, -0.04902, 0.13437), (0.31875, -0.04059, 0.13438), (-0.31874, 0.08526, 0.13442), (0.32379, 0.09369, 0.13442), (-0.32378, 0.09369, 0.13442), (0.31875, 0.08526, 0.13442), (0.30828, 0.08527, 0.11693), (0.31875, 0.08526, 0.13442), (-0.31874, 0.08526, 0.13442), (-0.30827, 0.08527, 0.11693), (0.30828, 0.08535, -0.14047), (-0.31874, 0.08536, -0.15796), (0.31875, 0.08536, -0.15796), (-0.30827, 0.08535, -0.14047)]
                normal3f[] primvars:normals = [(-0.7632366, -0.4570343, 0.456716), (0.7632366, -0.4570343, 0.456716), (-0.7632371, 0.4567181, 0.4570313), (0.7632371, 0.4567181, 0.4570313), (0.7632357, -0.4567205, -0.4570313), (-0.7632348, -0.4567226, -0.4570307), (-0.7632354, 0.4570379, -0.4567145), (0.7632362, 0.4570359, -0.4567151), (0, -1, -0.00034558), (0, 1, 0.00034558), (0, -0.00034558, 1), (1, 0, 0), (-1, 0, 0), (-0.8580199, -0.00017749, 0.5136165), (0, -0.7073509, 0.7068626), (0.8580199, -0.00017749, 0.5136165), (0, 0.7068614, 0.7073522), (0, -0.7068623, -0.7073513), (-0.8580199, 0.00017749, -0.5136165), (0, 0.70735, -0.7068635), (0.8580199, 0.00017749, -0.5136165), (-0.8580205, 0.5136154, 0.00017749), (-0.8580199, -0.5136164, -0.00017749), (0.8580199, -0.5136164, -0.00017749), (0.8580205, 0.5136154, 0.00017749), (0, 0.00034558, -1), (1, 0, -3.6e-7), (0, -1, -0.00034523), (-1, 0, 4e-7), (1, 0, 4e-7), (0, 1, 0.00034539), (-1, 0, -3.6e-7), (0, 0.00034695, -1), (0, 0.0003442, -1)] (
                    interpolation = "faceVarying"
                )
                int[] primvars:normals:indices = [0, 0, 0, 1, 1, 1, 2, 2, 2, 3, 3, 3, 4, 4, 4, 5, 5, 5, 6, 6, 6, 7, 7, 7, 8, 8, 8, 8, 8, 8, 9, 9, 9, 9, 9, 9, 10, 10, 10, 10, 10, 10, 11, 11, 11, 11, 11, 11, 12, 12, 12, 12, 12, 12, 13, 13, 13, 13, 13, 13, 14, 14, 14, 14, 14, 14, 15, 15, 15, 15, 15, 15, 16, 16, 16, 16, 16, 16, 17, 17, 17, 17, 17, 17, 18, 18, 18, 18, 18, 18, 19, 19, 19, 19, 19, 19, 20, 20, 20, 20, 20, 20, 21, 21, 21, 21, 21, 21, 22, 22, 22, 22, 22, 22, 23, 23, 23, 23, 23, 23, 24, 24, 24, 24, 24, 24, 25, 25, 25, 25, 25, 25, 26, 26, 26, 26, 26, 26, 27, 27, 27, 27, 27, 27, 28, 28, 28, 28, 28, 28, 29, 29, 29, 29, 29, 29, 30, 30, 30, 30, 30, 30, 31, 31, 31, 31, 31, 31, 10, 10, 10, 10, 10, 10, 25, 25, 25, 25, 25, 25, 32, 32, 32, 32, 32, 32, 32, 32, 25, 33, 32, 32, 32, 25, 25, 33, 33, 32, 25, 25, 33, 25, 33, 33, 9, 9, 9, 9, 9, 9, 9, 9, 9, 9, 9, 9, 9, 9, 9, 9, 9, 9, 9, 9, 9, 9, 9, 9]
                texCoord2f[] primvars:st = [(0.9677139, 0.01005888), (0.9701816, 0.01005888), (0.9677139, 0.00759101), (0.9677139, 0.6541193), (0.9701816, 0.6516515), (0.9677139, 0.6516515), (0.01005888, 0.5891727), (0.01005888, 0.5916404), (0.00759101, 0.5891727), (0.6516515, 0.5916404), (0.6516515, 0.5891727), (0.6541193, 0.5891727), (0.960441, 0.6516515), (0.9629087, 0.6541193), (0.9629087, 0.6516515), (0.9629087, 0.00759101), (0.960441, 0.01005888), (0.9629087, 0.01005888), (0.01005888, 0.5045344), (0.6516515, 0.5045344), (0.9629087, 0.5045344), (0.9629087, 0.5891727), (0.9677139, 0.5891727), (0.9677139, 0.5045344), (0.00759101, 0.5045344), (0.6541193, 0.5045344), (0.01505852, 0.5841727), (0.6466516, 0.5841727), (0.6466516, 0.5095344), (0.01505852, 0.5095344), (0.9500716, 0.5136977), (0.7974128, 0.5136977), (0.7974128, 0.5841727), (0.9500716, 0.5841727), (0.7870435, 0.01505852), (0.7870435, 0.6466516), (0.960441, 0.6466515), (0.960441, 0.01505876), (0.7870435, 0.5841727), (0.7870435, 0.5095344), (0.960441, 0.5095344), (0.960441, 0.5841727), (0.7974128, 0.6362822), (0.7974128, 0.02542806), (0.9500716, 0.0254283), (0.9500716, 0.6362821), (0.02542806, 0.5136977), (0.6362822, 0.5136977), (0.6362822, 0.5841727), (0.02542806, 0.5841727), (0.6362821, 0.5136977), (0.0254283, 0.5136977), (0.0254283, 0.5841727), (0.6362821, 0.5841727), (0.01505876, 0.5095344), (0.6466515, 0.5095344), (0.01505876, 0.5841727), (0.6466515, 0.5841727)] (
                    interpolation = "faceVarying"
                )
                int[] primvars:st:indices = [0, 1, 2, 3, 4, 5, 6, 7, 8, 9, 10, 11, 12, 13, 14, 15, 16, 17, 7, 6, 8, 11, 10, 9, 17, 14, 5, 0, 17, 5, 14, 17, 0, 5, 14, 0, 6, 18, 19, 10, 6, 19, 20, 21, 22, 23, 20, 22, 21, 20, 23, 22, 21, 23, 18, 6, 8, 24, 18, 8, 4, 1, 0, 5, 4, 0, 25, 11, 10, 19, 25, 10, 6, 10, 9, 7, 6, 9, 14, 17, 16, 12, 14, 16, 24, 8, 6, 18, 24, 6, 7, 9, 10, 6, 7, 10, 19, 10, 11, 25, 19, 11, 15, 2, 0, 17, 15, 0, 2, 15, 17, 0, 2, 17, 5, 14, 13, 3, 5, 13, 3, 13, 14, 5, 3, 14, 26, 27, 28, 29, 26, 28, 30, 31, 32, 33, 30, 32, 34, 35, 36, 37, 34, 36, 38, 39, 40, 41, 38, 40, 39, 38, 41, 40, 39, 41, 42, 43, 44, 45, 42, 44, 31, 30, 33, 32, 31, 33, 46, 47, 48, 49, 46, 48, 50, 51, 52, 53, 50, 52, 19, 18, 54, 55, 19, 54, 54, 18, 56, 10, 19, 55, 18, 6, 56, 57, 10, 55, 56, 6, 57, 6, 10, 57, 37, 36, 45, 44, 37, 45, 45, 36, 42, 34, 37, 44, 36, 35, 42, 43, 34, 44, 42, 35, 43, 35, 34, 43]
                uniform token subdivisionScheme = "none"
                quatf xformOp:orient = (1, 0, 0, 0)
                float3 xformOp:scale = (1, 1, 1)
                double3 xformOp:translate = (0, 0, 0)
                uniform token[] xformOpOrder = ["xformOp:translate", "xformOp:orient", "xformOp:scale"]
            }

            def Mesh "Coffee_Table_315_1_DrawerMesh_03_1" (
                apiSchemas = ["MaterialBindingAPI"]
            )
            {
                float3[] extent = [(-0.23118, 0.01672, 0.15099), (0.24818, 0.0393, 0.18352)]
                int[] faceVertexCounts = [3, 3, 3, 3, 3, 3, 3, 3, 3, 3, 3, 3, 3, 3, 3, 3, 3, 3, 3, 3, 3, 3, 3, 3, 3, 3, 3, 3, 3, 3, 3, 3, 3, 3, 3, 3, 3, 3, 3, 3, 3, 3, 3, 3, 3, 3, 3, 3, 3, 3, 3, 3, 3, 3, 3, 3, 3, 3, 3, 3, 3, 3, 3, 3, 3, 3, 3, 3, 3, 3, 3, 3, 3, 3, 3, 3, 3, 3]
                int[] faceVertexIndices = [2, 1, 0, 3, 2, 0, 6, 5, 4, 7, 6, 4, 10, 9, 8, 11, 10, 8, 14, 13, 12, 15, 14, 12, 18, 17, 16, 19, 18, 16, 22, 21, 20, 23, 22, 20, 26, 25, 24, 27, 26, 24, 27, 24, 28, 29, 27, 28, 27, 30, 26, 30, 31, 26, 31, 30, 32, 33, 31, 32, 32, 30, 34, 30, 35, 34, 38, 37, 36, 37, 39, 36, 37, 40, 39, 40, 41, 39, 44, 43, 42, 43, 45, 42, 43, 46, 45, 46, 47, 45, 47, 48, 45, 48, 49, 45, 48, 50, 49, 50, 51, 49, 49, 51, 52, 51, 53, 52, 56, 55, 54, 55, 57, 54, 55, 58, 57, 58, 59, 57, 59, 58, 60, 58, 61, 60, 64, 63, 62, 65, 64, 62, 68, 67, 66, 69, 68, 66, 72, 71, 70, 73, 72, 70, 76, 75, 74, 77, 76, 74, 80, 79, 78, 81, 80, 78, 84, 83, 82, 85, 84, 82, 88, 87, 86, 89, 88, 86, 92, 91, 90, 93, 92, 90, 96, 95, 94, 97, 96, 94, 98, 96, 97, 99, 98, 97, 102, 101, 100, 103, 102, 100, 100, 101, 104, 105, 102, 103, 101, 106, 104, 107, 105, 103, 104, 106, 107, 106, 105, 107, 110, 109, 108, 111, 110, 108, 110, 112, 109, 111, 108, 113, 112, 114, 109, 115, 111, 113, 112, 115, 114, 115, 113, 114]
                rel material:binding = </Coffee_Table_315_1/Materials/material_HammeredMetal_AlbedoTransparency>
                uniform token orientation = "rightHanded"
                point3f[] points = [(0.22622, 0.01672, 0.15178), (0.22622, 0.01672, 0.15099), (0.22622, 0.0393, 0.15099), (0.22622, 0.0393, 0.15178), (0.22622, 0.01672, 0.15099), (0.24818, 0.01672, 0.15099), (0.24818, 0.0393, 0.15099), (0.22622, 0.0393, 0.15099), (0.24818, 0.01672, 0.15099), (0.24818, 0.01672, 0.15178), (0.24818, 0.0393, 0.15178), (0.24818, 0.0393, 0.15099), (0.22622, 0.01672, 0.15178), (0.24818, 0.01672, 0.15178), (0.24818, 0.01672, 0.15099), (0.22622, 0.01672, 0.15099), (0.22622, 0.0393, 0.15099), (0.24818, 0.0393, 0.15099), (0.24818, 0.0393, 0.15178), (0.22622, 0.0393, 0.15178), (0.23303, 0.0323, 0.15178), (0.23303, 0.03229, 0.17945), (0.23303, 0.02371, 0.17945), (0.23303, 0.02372, 0.15178), (0.24137, 0.03229, 0.17945), (0.24137, 0.03229, 0.18352), (0.23303, 0.03229, 0.18352), (0.23303, 0.03229, 0.17945), (0.24137, 0.0323, 0.15178), (0.23303, 0.0323, 0.15178), (-0.21602, 0.03229, 0.17945), (-0.21602, 0.03229, 0.18352), (-0.22437, 0.03229, 0.17945), (-0.22437, 0.03229, 0.18352), (-0.22437, 0.0323, 0.15178), (-0.21602, 0.0323, 0.15178), (0.24137, 0.02372, 0.15178), (0.24137, 0.03229, 0.17945), (0.24137, 0.0323, 0.15178), (0.24137, 0.02371, 0.17945), (0.24137, 0.03229, 0.18352), (0.24137, 0.02371, 0.18352), (0.23303, 0.02372, 0.15178), (0.24137, 0.02371, 0.17945), (0.24137, 0.02372, 0.15178), (0.23303, 0.02371, 0.17945), (0.24137, 0.02371, 0.18352), (0.23303, 0.02371, 0.18352), (-0.21602, 0.02371, 0.18352), (-0.21602, 0.02371, 0.17945), (-0.22437, 0.02371, 0.18352), (-0.22437, 0.02371, 0.17945), (-0.21602, 0.02372, 0.15178), (-0.22437, 0.02372, 0.15178), (0.24137, 0.02371, 0.18352), (0.23303, 0.03229, 0.18352), (0.24137, 0.03229, 0.18352), (0.23303, 0.02371, 0.18352), (-0.21602, 0.03229, 0.18352), (-0.21602, 0.02371, 0.18352), (-0.22437, 0.02371, 0.18352), (-0.22437, 0.03229, 0.18352), (-0.21602, 0.03229, 0.17945), (-0.21602, 0.03229, 0.18352), (-0.21602, 0.02371, 0.18352), (-0.21602, 0.02371, 0.17945), (0.23303, 0.03229, 0.17945), (-0.21602, 0.03229, 0.17945), (-0.21602, 0.02371, 0.17945), (0.23303, 0.02371, 0.17945), (-0.20921, 0.01672, 0.15178), (-0.20921, 0.0393, 0.15178), (-0.20921, 0.0393, 0.15099), (-0.20921, 0.01672, 0.15099), (-0.20921, 0.01672, 0.15099), (-0.20921, 0.0393, 0.15099), (-0.23118, 0.0393, 0.15099), (-0.23118, 0.01672, 0.15099), (-0.23118, 0.01672, 0.15099), (-0.23118, 0.0393, 0.15099), (-0.23118, 0.0393, 0.15178), (-0.23118, 0.01672, 0.15178), (-0.20921, 0.01672, 0.15178), (-0.20921, 0.01672, 0.15099), (-0.23118, 0.01672, 0.15099), (-0.23118, 0.01672, 0.15178), (-0.20921, 0.0393, 0.15099), (-0.20921, 0.0393, 0.15178), (-0.23118, 0.0393, 0.15178), (-0.23118, 0.0393, 0.15099), (-0.21602, 0.0323, 0.15178), (-0.21602, 0.02372, 0.15178), (-0.21602, 0.02371, 0.17945), (-0.21602, 0.03229, 0.17945), (-0.22437, 0.02372, 0.15178), (-0.22437, 0.0323, 0.15178), (-0.22437, 0.03229, 0.17945), (-0.22437, 0.02371, 0.17945), (-0.22437, 0.03229, 0.18352), (-0.22437, 0.02371, 0.18352), (0.24818, 0.0393, 0.15178), (0.24137, 0.0323, 0.15178), (0.23303, 0.0323, 0.15178), (0.22622, 0.0393, 0.15178), (0.24818, 0.01672, 0.15178), (0.23303, 0.02372, 0.15178), (0.24137, 0.02372, 0.15178), (0.22622, 0.01672, 0.15178), (-0.23118, 0.0393, 0.15178), (-0.20921, 0.0393, 0.15178), (-0.21602, 0.0323, 0.15178), (-0.22437, 0.0323, 0.15178), (-0.21602, 0.02372, 0.15178), (-0.23118, 0.01672, 0.15178), (-0.20921, 0.01672, 0.15178), (-0.22437, 0.02372, 0.15178)]
                normal3f[] primvars:normals = [(-1, 0, 0), (6.8e-7, 0.00034558, -1), (1, 0, 0), (0, -1, -0.00034558), (0, 1, 0.00034558), (-2.5e-7, 1, 0.00034558), (0, -0.00034558, 1), (-6.6e-7, -0.00034558, 1), (6.3e-7, 0.00034558, -1), (1, 0, 4.9e-7), (-1, 0, -4.9e-7), (-4.9e-7, -0.00034558, 1), (-4.9e-7, -0.00034777, 1), (-4.9e-7, -0.00034448, 1)] (
                    interpolation = "faceVarying"
                )
                int[] primvars:normals:indices = [0, 0, 0, 0, 0, 0, 1, 1, 1, 1, 1, 1, 2, 2, 2, 2, 2, 2, 3, 3, 3, 3, 3, 3, 4, 4, 4, 4, 4, 4, 0, 0, 0, 0, 0, 0, 4, 4, 4, 4, 4, 4, 4, 4, 4, 4, 4, 4, 4, 4, 4, 4, 4, 4, 4, 4, 4, 4, 4, 4, 4, 4, 5, 4, 5, 5, 2, 2, 2, 2, 2, 2, 2, 2, 2, 2, 2, 2, 3, 3, 3, 3, 3, 3, 3, 3, 3, 3, 3, 3, 3, 3, 3, 3, 3, 3, 3, 3, 3, 3, 3, 3, 3, 3, 3, 3, 3, 3, 6, 6, 6, 6, 6, 6, 6, 7, 6, 7, 7, 6, 7, 7, 6, 7, 6, 6, 0, 0, 0, 0, 0, 0, 8, 8, 8, 8, 8, 8, 2, 2, 2, 2, 2, 2, 1, 1, 1, 1, 1, 1, 0, 0, 0, 0, 0, 0, 3, 3, 3, 3, 3, 3, 4, 4, 4, 4, 4, 4, 9, 9, 9, 9, 9, 9, 10, 10, 10, 10, 10, 10, 0, 10, 10, 0, 0, 10, 11, 11, 11, 11, 11, 11, 11, 11, 11, 11, 11, 11, 11, 11, 11, 11, 11, 11, 11, 11, 11, 11, 11, 11, 12, 12, 12, 12, 12, 12, 12, 13, 12, 12, 12, 13, 13, 13, 12, 13, 12, 13, 13, 13, 13, 13, 13, 13]
                texCoord2f[] primvars:st = [(0, 0)] (
                    interpolation = "faceVarying"
                )
                int[] primvars:st:indices = [0, 0, 0, 0, 0, 0, 0, 0, 0, 0, 0, 0, 0, 0, 0, 0, 0, 0, 0, 0, 0, 0, 0, 0, 0, 0, 0, 0, 0, 0, 0, 0, 0, 0, 0, 0, 0, 0, 0, 0, 0, 0, 0, 0, 0, 0, 0, 0, 0, 0, 0, 0, 0, 0, 0, 0, 0, 0, 0, 0, 0, 0, 0, 0, 0, 0, 0, 0, 0, 0, 0, 0, 0, 0, 0, 0, 0, 0, 0, 0, 0, 0, 0, 0, 0, 0, 0, 0, 0, 0, 0, 0, 0, 0, 0, 0, 0, 0, 0, 0, 0, 0, 0, 0, 0, 0, 0, 0, 0, 0, 0, 0, 0, 0, 0, 0, 0, 0, 0, 0, 0, 0, 0, 0, 0, 0, 0, 0, 0, 0, 0, 0, 0, 0, 0, 0, 0, 0, 0, 0, 0, 0, 0, 0, 0, 0, 0, 0, 0, 0, 0, 0, 0, 0, 0, 0, 0, 0, 0, 0, 0, 0, 0, 0, 0, 0, 0, 0, 0, 0, 0, 0, 0, 0, 0, 0, 0, 0, 0, 0, 0, 0, 0, 0, 0, 0, 0, 0, 0, 0, 0, 0, 0, 0, 0, 0, 0, 0, 0, 0, 0, 0, 0, 0, 0, 0, 0, 0, 0, 0, 0, 0, 0, 0, 0, 0, 0, 0, 0, 0, 0, 0, 0, 0, 0, 0, 0, 0, 0, 0, 0, 0, 0, 0]
                uniform token subdivisionScheme = "none"
                quatf xformOp:orient = (1, 0, 0, 0)
                float3 xformOp:scale = (1, 1, 1)
                double3 xformOp:translate = (0, 0, 0)
                uniform token[] xformOpOrder = ["xformOp:translate", "xformOp:orient", "xformOp:scale"]
            }

            def Cube "Coffee_Table_315_1_DrawerMesh_03_PrimitiveCollider_0" (
                apiSchemas = ["PhysicsCollisionAPI", "PhysicsMassAPI"]
            )
            {
                float3[] extent = [(-0.5, -0.5, -0.5), (0.5, 0.5, 0.5)]
                float physics:density = 100
                uniform token purpose = "guide"
                double size = 1
                quatf xformOp:orient = (0, 1, 0, 0)
                float3 xformOp:scale = (0.638116, 0.00744238, 0.292148)
                double3 xformOp:translate = (0, -0.0369796, -0.0119217)
                uniform token[] xformOpOrder = ["xformOp:translate", "xformOp:orient", "xformOp:scale"]
            }

            def Cube "Coffee_Table_315_1_DrawerMesh_03_PrimitiveCollider_1" (
                apiSchemas = ["PhysicsCollisionAPI", "PhysicsMassAPI"]
            )
            {
                float3[] extent = [(-0.5, -0.5, -0.5), (0.5, 0.5, 0.5)]
                float physics:density = 100
                uniform token purpose = "guide"
                double size = 1
                quatf xformOp:orient = (0, 1, 0, 0)
                float3 xformOp:scale = (0.638116, 0.1262134, 0.0170992)
                double3 xformOp:translate = (0, 0.0224059, 0.125603)
                uniform token[] xformOpOrder = ["xformOp:translate", "xformOp:orient", "xformOp:scale"]
            }

            def Cube "Coffee_Table_315_1_DrawerMesh_03_PrimitiveCollider_2" (
                apiSchemas = ["PhysicsCollisionAPI", "PhysicsMassAPI"]
            )
            {
                float3[] extent = [(-0.5, -0.5, -0.5), (0.5, 0.5, 0.5)]
                float physics:density = 100
                uniform token purpose = "guide"
                double size = 1
                quatf xformOp:orient = (0, 1, 0, 0)
                float3 xformOp:scale = (0.638116, 0.1262134, 0.01764298)
                double3 xformOp:translate = (0, 0.0224059, -0.149174)
                uniform token[] xformOpOrder = ["xformOp:translate", "xformOp:orient", "xformOp:scale"]
            }

            def Cube "Coffee_Table_315_1_DrawerMesh_03_PrimitiveCollider_3" (
                apiSchemas = ["PhysicsCollisionAPI", "PhysicsMassAPI"]
            )
            {
                float3[] extent = [(-0.5, -0.5, -0.5), (0.5, 0.5, 0.5)]
                float physics:density = 100
                uniform token purpose = "guide"
                double size = 1
                quatf xformOp:orient = (0, 1, 0, 0)
                float3 xformOp:scale = (0.011855, 0.1262134, 0.292148)
                double3 xformOp:translate = (0.31313, 0.0224059, -0.0119217)
                uniform token[] xformOpOrder = ["xformOp:translate", "xformOp:orient", "xformOp:scale"]
            }

            def Cube "Coffee_Table_315_1_DrawerMesh_03_PrimitiveCollider_4" (
                apiSchemas = ["PhysicsCollisionAPI", "PhysicsMassAPI"]
            )
            {
                float3[] extent = [(-0.5, -0.5, -0.5), (0.5, 0.5, 0.5)]
                float physics:density = 100
                uniform token purpose = "guide"
                double size = 1
                quatf xformOp:orient = (0, 1, 0, 0)
                float3 xformOp:scale = (0.01134694, 0.1262134, 0.292148)
                double3 xformOp:translate = (-0.313384, 0.0224059, -0.0119217)
                uniform token[] xformOpOrder = ["xformOp:translate", "xformOp:orient", "xformOp:scale"]
            }

            def Cube "Coffee_Table_315_1_DrawerMesh_03_PrimitiveCollider_5" (
                apiSchemas = ["PhysicsCollisionAPI", "PhysicsMassAPI"]
            )
            {
                float3[] extent = [(-0.5, -0.5, -0.5), (0.5, 0.5, 0.5)]
                float physics:density = 100
                uniform token purpose = "guide"
                double size = 1
                quatf xformOp:orient = (0, 1, 0, 0)
                float3 xformOp:scale = (0.652432, 0.1541782, 0.0171423)
                double3 xformOp:translate = (0, 0.0224059, 0.143373)
                uniform token[] xformOpOrder = ["xformOp:translate", "xformOp:orient", "xformOp:scale"]
            }

            def Cube "Coffee_Table_315_1_DrawerMesh_03_PrimitiveCollider_6" (
                apiSchemas = ["PhysicsCollisionAPI", "PhysicsMassAPI"]
            )
            {
                float3[] extent = [(-0.5, -0.5, -0.5), (0.5, 0.5, 0.5)]
                float physics:density = 100
                uniform token purpose = "guide"
                double size = 1
                quatf xformOp:orient = (0, -0.707106, 0, 0.707107)
                float3 xformOp:scale = (0.034155, 0.00938414, 0.00904044)
                double3 xformOp:translate = (-0.220107, 0.0279, 0.1671)
                uniform token[] xformOpOrder = ["xformOp:translate", "xformOp:orient", "xformOp:scale"]
            }

            def Cube "Coffee_Table_315_1_DrawerMesh_03_PrimitiveCollider_7" (
                apiSchemas = ["PhysicsCollisionAPI", "PhysicsMassAPI"]
            )
            {
                float3[] extent = [(-0.5, -0.5, -0.5), (0.5, 0.5, 0.5)]
                float physics:density = 100
                uniform token purpose = "guide"
                double size = 1
                quatf xformOp:orient = (0, -0.707106, 0, 0.707107)
                float3 xformOp:scale = (0.0341096, 0.00938414, 0.00851994)
                double3 xformOp:translate = (0.237262, 0.0279, 0.1671)
                uniform token[] xformOpOrder = ["xformOp:translate", "xformOp:orient", "xformOp:scale"]
            }

            def Cube "Coffee_Table_315_1_DrawerMesh_03_PrimitiveCollider_8" (
                apiSchemas = ["PhysicsCollisionAPI", "PhysicsMassAPI"]
            )
            {
                float3[] extent = [(-0.5, -0.5, -0.5), (0.5, 0.5, 0.5)]
                float physics:density = 100
                uniform token purpose = "guide"
                double size = 1
                quatf xformOp:orient = (0, -0.707106, 0, 0.707107)
                float3 xformOp:scale = (0.00482442, 0.00938414, 0.465914)
                double3 xformOp:translate = (0.00863112, 0.0279, 0.181397)
                uniform token[] xformOpOrder = ["xformOp:translate", "xformOp:orient", "xformOp:scale"]
            }

            def PhysicsPrismaticJoint "Coffee_Table_315_1_DrawerMesh_03__1"
            {
                uniform token physics:axis = "Z"
                rel physics:body0 = </Coffee_Table_315_1/Geometry/Coffee_Table_315_1_DrawerMesh_03>
                rel physics:body1 = </Coffee_Table_315_1/Geometry/Coffee_Table_315_1>
                point3f physics:localPos0 = (0, 0, 0)
                point3f physics:localPos1 = (0, -0.209186, -0.19445)
                quatf physics:localRot0 = (-0, -1, -0, 0)
                quatf physics:localRot1 = (-0, -2.98023e-7, 0, 1)
                float physics:lowerLimit = 0
                float physics:upperLimit = 0.255
            }
        }

        def Xform "tn__Coffee_Table_315_1_FP315Cube1751_wm0yC" (
            apiSchemas = ["PhysicsRigidBodyAPI", "PhysicsFilteredPairsAPI"]
        )
        {
            rel physics:filteredPairs = [
                </Coffee_Table_315_1/Geometry/Coffee_Table_315_1_DrawerMesh_06>,
                </Coffee_Table_315_1/Geometry/Coffee_Table_315_1_DrawerMesh_05>,
                </Coffee_Table_315_1/Geometry/Coffee_Table_315_1_DrawerMesh_04>,
                </Coffee_Table_315_1/Geometry/Coffee_Table_315_1_DrawerMesh_01>,
                </Coffee_Table_315_1/Geometry/Coffee_Table_315_1_DrawerMesh_02>,
                </Coffee_Table_315_1/Geometry/Coffee_Table_315_1_DrawerMesh_03>,
            ]
            quatf xformOp:orient = (1, 0, 0, 0)
            float3 xformOp:scale = (1, 1, 1)
            double3 xformOp:translate = (0, -0.26644, 0.00325)
            uniform token[] xformOpOrder = ["xformOp:translate", "xformOp:orient", "xformOp:scale"]

            def Mesh "tn__Coffee_Table_315_1_FP315Cube1751_wm0yC" (
                apiSchemas = ["MaterialBindingAPI"]
            )
            {
                float3[] extent = [(-0.36355, 0.00001, -0.35159), (0.3634, 0.53127, 0.35174)]
                int[] faceVertexCounts = [3, 3, 3, 3, 3, 3, 3, 3, 3, 3, 3, 3, 3, 3, 3, 3, 3, 3, 3, 3, 3, 3, 3, 3, 3, 3, 3, 3, 3, 3, 3, 3, 3, 3, 3, 3, 3, 3, 3, 3, 3, 3, 3, 3, 3, 3, 3, 3, 3, 3, 3, 3, 3, 3, 3, 3, 3, 3, 3, 3, 3, 3, 3, 3, 3, 3, 3, 3, 3, 3, 3, 3, 3, 3, 3, 3, 3, 3, 3, 3, 3, 3, 3, 3, 3, 3, 3, 3, 3, 3, 3, 3, 3, 3, 3, 3, 3, 3, 3, 3, 3, 3, 3, 3, 3, 3, 3, 3, 3, 3, 3, 3, 3, 3, 3, 3, 3, 3, 3, 3, 3, 3, 3, 3, 3, 3, 3, 3, 3, 3, 3, 3, 3, 3, 3, 3, 3, 3, 3, 3, 3, 3, 3, 3, 3, 3, 3, 3, 3, 3, 3, 3, 3, 3, 3, 3, 3, 3, 3, 3, 3, 3, 3, 3, 3, 3, 3, 3, 3, 3, 3, 3, 3, 3, 3, 3, 3, 3, 3, 3, 3, 3, 3, 3, 3, 3, 3, 3, 3, 3, 3, 3, 3, 3, 3, 3, 3, 3, 3, 3, 3, 3, 3, 3, 3, 3, 3, 3, 3, 3, 3, 3, 3, 3, 3, 3, 3, 3, 3, 3, 3, 3, 3, 3, 3, 3, 3, 3, 3, 3, 3, 3, 3, 3, 3, 3, 3, 3, 3, 3, 3, 3, 3, 3, 3, 3, 3, 3, 3, 3, 3, 3, 3, 3, 3, 3, 3, 3, 3, 3, 3, 3, 3, 3, 3, 3, 3, 3, 3, 3, 3, 3, 3, 3, 3, 3, 3, 3, 3, 3, 3, 3, 3, 3, 3, 3, 3, 3, 3, 3, 3, 3, 3, 3, 3, 3, 3, 3, 3, 3, 3, 3, 3, 3, 3, 3, 3, 3, 3, 3, 3, 3, 3, 3, 3, 3, 3, 3, 3, 3, 3, 3, 3, 3, 3, 3, 3, 3, 3, 3, 3, 3, 3, 3, 3, 3, 3, 3, 3, 3, 3, 3, 3, 3, 3, 3, 3, 3, 3, 3, 3, 3, 3, 3, 3, 3, 3, 3, 3, 3, 3, 3, 3, 3, 3, 3, 3, 3, 3, 3, 3, 3, 3, 3, 3, 3, 3, 3, 3, 3, 3, 3, 3, 3, 3, 3, 3, 3, 3, 3, 3, 3, 3, 3, 3, 3, 3, 3, 3, 3, 3, 3, 3, 3, 3, 3, 3, 3, 3, 3, 3, 3, 3, 3, 3, 3, 3, 3, 3, 3, 3, 3, 3, 3, 3, 3, 3, 3, 3, 3, 3, 3, 3, 3, 3, 3, 3, 3, 3, 3, 3, 3, 3, 3, 3, 3, 3, 3, 3, 3, 3, 3, 3, 3, 3, 3]
                int[] faceVertexIndices = [2, 1, 0, 5, 4, 3, 8, 7, 6, 11, 10, 9, 14, 13, 12, 17, 16, 15, 20, 19, 18, 23, 22, 21, 26, 25, 24, 27, 26, 24, 30, 29, 28, 31, 30, 28, 34, 33, 32, 35, 34, 32, 38, 37, 36, 39, 38, 36, 42, 41, 40, 43, 42, 40, 46, 45, 44, 45, 47, 44, 44, 47, 48, 47, 49, 48, 48, 49, 50, 49, 51, 50, 54, 53, 52, 53, 55, 52, 52, 55, 56, 55, 57, 56, 56, 57, 58, 57, 59, 58, 62, 61, 60, 63, 62, 60, 66, 65, 64, 65, 67, 64, 64, 67, 68, 67, 69, 68, 68, 69, 70, 69, 71, 70, 74, 73, 72, 73, 75, 72, 72, 75, 76, 75, 77, 76, 76, 77, 78, 77, 79, 78, 82, 81, 80, 83, 82, 80, 86, 85, 84, 87, 86, 84, 90, 89, 88, 91, 90, 88, 94, 93, 92, 93, 95, 92, 92, 95, 96, 95, 97, 96, 96, 97, 98, 97, 99, 98, 102, 101, 100, 103, 102, 100, 106, 105, 104, 105, 107, 104, 104, 107, 108, 107, 109, 108, 108, 109, 110, 109, 111, 110, 114, 113, 112, 115, 114, 112, 118, 117, 116, 117, 119, 116, 116, 119, 120, 119, 121, 120, 120, 121, 122, 121, 123, 122, 126, 125, 124, 125, 127, 124, 124, 127, 128, 127, 129, 128, 128, 129, 130, 129, 131, 130, 134, 133, 132, 135, 134, 132, 138, 137, 136, 139, 138, 136, 142, 141, 140, 143, 142, 140, 146, 145, 144, 147, 146, 144, 150, 149, 148, 151, 150, 148, 154, 153, 152, 155, 154, 152, 158, 157, 156, 159, 158, 156, 162, 161, 160, 163, 162, 160, 166, 165, 164, 167, 166, 164, 170, 169, 168, 171, 170, 168, 174, 173, 172, 175, 174, 172, 178, 177, 176, 179, 178, 176, 182, 181, 180, 183, 182, 180, 186, 185, 184, 187, 186, 184, 190, 189, 188, 191, 190, 188, 194, 193, 192, 195, 194, 192, 198, 197, 196, 199, 198, 196, 202, 201, 200, 203, 202, 200, 206, 205, 204, 207, 206, 204, 210, 209, 208, 211, 210, 208, 214, 213, 212, 215, 214, 212, 218, 217, 216, 219, 218, 216, 222, 221, 220, 223, 222, 220, 226, 225, 224, 227, 226, 224, 230, 229, 228, 231, 230, 228, 234, 233, 232, 235, 234, 232, 238, 237, 236, 239, 238, 236, 242, 241, 240, 243, 242, 240, 246, 245, 244, 247, 246, 244, 250, 249, 248, 251, 250, 248, 254, 253, 252, 255, 254, 252, 258, 257, 256, 257, 259, 256, 257, 260, 259, 260, 261, 259, 259, 261, 262, 261, 263, 262, 256, 259, 264, 259, 262, 264, 262, 263, 265, 263, 266, 265, 262, 265, 267, 264, 262, 267, 267, 268, 264, 264, 269, 256, 268, 269, 264, 269, 268, 270, 269, 271, 256, 272, 269, 270, 271, 269, 272, 272, 270, 273, 274, 272, 273, 275, 271, 272, 275, 272, 274, 276, 271, 275, 277, 275, 274, 278, 276, 275, 278, 275, 277, 279, 278, 277, 282, 281, 280, 283, 282, 280, 286, 285, 284, 285, 287, 284, 284, 287, 288, 287, 289, 288, 288, 289, 290, 289, 291, 290, 294, 293, 292, 295, 294, 292, 295, 292, 296, 297, 294, 295, 298, 295, 296, 298, 296, 299, 300, 298, 299, 301, 297, 295, 301, 295, 298, 302, 298, 300, 302, 301, 298, 303, 302, 300, 302, 303, 304, 297, 301, 305, 306, 297, 305, 307, 306, 305, 301, 302, 308, 308, 302, 304, 305, 301, 308, 309, 307, 305, 309, 305, 308, 310, 307, 309, 311, 310, 309, 312, 308, 304, 312, 309, 308, 311, 309, 312, 313, 312, 304, 314, 311, 312, 314, 312, 313, 315, 314, 313, 318, 317, 316, 317, 319, 316, 316, 319, 320, 319, 321, 320, 324, 323, 322, 325, 324, 322, 328, 327, 326, 329, 328, 326, 332, 331, 330, 333, 332, 330, 332, 333, 334, 335, 332, 334, 336, 335, 334, 337, 336, 334, 340, 339, 338, 341, 340, 338, 344, 343, 342, 345, 344, 342, 348, 347, 346, 349, 348, 346, 352, 351, 350, 351, 353, 350, 350, 353, 354, 353, 355, 354, 358, 357, 356, 357, 359, 356, 356, 359, 360, 359, 361, 360, 360, 361, 362, 361, 363, 362, 366, 365, 364, 367, 366, 364, 370, 369, 368, 371, 370, 368, 374, 373, 372, 373, 375, 372, 372, 375, 376, 375, 377, 376, 380, 379, 378, 379, 381, 378, 378, 381, 382, 381, 383, 382, 382, 383, 384, 383, 385, 384, 388, 387, 386, 389, 388, 386, 392, 391, 390, 393, 392, 390, 396, 395, 394, 397, 396, 394, 400, 399, 398, 401, 400, 398, 404, 403, 402, 405, 404, 402, 408, 407, 406, 409, 408, 406, 412, 411, 410, 413, 412, 410, 416, 415, 414, 417, 416, 414, 420, 419, 418, 421, 420, 418, 420, 421, 422, 423, 420, 422, 424, 423, 422, 425, 424, 422, 428, 427, 426, 429, 428, 426, 432, 431, 430, 433, 432, 430, 436, 435, 434, 437, 436, 434, 440, 439, 438, 441, 440, 438, 444, 443, 442, 445, 444, 442, 448, 447, 446, 449, 448, 446, 452, 451, 450, 453, 452, 450, 456, 455, 454, 457, 456, 454, 460, 459, 458, 461, 460, 458, 464, 463, 462, 465, 464, 462, 468, 467, 466, 469, 468, 466, 472, 471, 470, 473, 472, 470, 476, 475, 474, 477, 476, 474, 480, 479, 478, 481, 480, 478, 484, 483, 482, 485, 483, 484, 483, 486, 482, 487, 485, 484, 484, 482, 487, 488, 485, 487, 482, 486, 489, 482, 489, 487, 486, 490, 489, 491, 488, 487, 487, 489, 491, 492, 488, 491, 489, 490, 493, 489, 493, 491, 490, 494, 493, 495, 492, 491, 491, 493, 495, 496, 492, 495, 493, 494, 497, 493, 497, 495, 494, 496, 497, 497, 496, 495, 500, 499, 498, 499, 501, 498, 502, 499, 500, 503, 502, 500, 504, 502, 503, 503, 500, 505, 505, 504, 503, 500, 498, 505, 506, 504, 505, 507, 506, 505, 505, 498, 507, 508, 506, 507, 498, 501, 509, 498, 509, 507, 501, 510, 509, 511, 508, 507, 507, 509, 511, 512, 508, 511, 510, 512, 513, 509, 510, 513, 513, 512, 511, 509, 513, 511, 516, 515, 514, 517, 516, 514, 518, 516, 517, 514, 515, 519, 515, 520, 519, 521, 518, 517, 522, 518, 521, 519, 520, 523, 520, 524, 523, 525, 522, 521, 526, 522, 525, 523, 524, 527, 524, 528, 527, 528, 526, 529, 529, 526, 525, 527, 528, 529, 517, 514, 530, 531, 517, 530, 521, 517, 531, 530, 514, 532, 514, 519, 532, 533, 521, 531, 525, 521, 533, 532, 519, 534, 519, 523, 534, 535, 525, 533, 529, 525, 535, 534, 523, 536, 523, 527, 536, 537, 529, 535, 536, 527, 537, 527, 529, 537, 540, 539, 538, 541, 540, 538, 542, 540, 541, 538, 539, 543, 539, 544, 543, 545, 542, 541, 546, 542, 545, 543, 544, 547, 544, 548, 547, 549, 546, 545, 550, 546, 549, 547, 548, 551, 548, 552, 551, 552, 550, 553, 553, 550, 549, 551, 552, 553, 541, 538, 554, 555, 541, 554, 545, 541, 555, 554, 538, 556, 538, 543, 556, 557, 545, 555, 549, 545, 557, 556, 543, 558, 543, 547, 558, 559, 549, 557, 553, 549, 559, 558, 547, 560, 547, 551, 560, 561, 553, 559, 560, 551, 561, 551, 553, 561, 564, 563, 562, 565, 564, 562, 562, 563, 566, 567, 564, 565, 563, 568, 566, 569, 567, 565, 566, 568, 569, 568, 567, 569, 567, 568, 570, 570, 568, 571, 572, 567, 570, 568, 573, 571, 574, 567, 572, 571, 573, 575, 575, 574, 572, 573, 574, 575, 574, 573, 576, 576, 573, 577, 578, 574, 576, 573, 579, 577, 580, 574, 578, 577, 579, 581, 581, 580, 578, 579, 580, 581, 584, 583, 582, 583, 585, 582, 582, 585, 586, 585, 587, 586, 586, 587, 588, 587, 589, 588, 588, 589, 584, 589, 583, 584, 583, 589, 590, 590, 589, 591, 592, 583, 590, 589, 593, 591, 594, 583, 592, 591, 593, 595, 595, 594, 592, 593, 594, 595, 594, 593, 596, 596, 593, 597, 598, 594, 596, 593, 599, 597, 600, 594, 598, 597, 599, 601, 601, 600, 598, 599, 600, 601]
                rel material:binding = </Coffee_Table_315_1/Materials/material_WornWood>
                uniform token orientation = "rightHanded"
                point3f[] points = [(0.34204, 0.48382, 0.33507), (0.33736, 0.47605, 0.33502), (0.33688, 0.48382, 0.34279), (-0.33751, 0.47605, 0.33502), (-0.34218, 0.48382, 0.33507), (-0.33703, 0.48382, 0.34279), (0.33736, 0.47628, -0.33488), (0.34204, 0.48405, -0.33492), (0.33688, 0.48406, -0.34265), (-0.34218, 0.48405, -0.33492), (-0.33751, 0.47628, -0.33488), (-0.33703, 0.48406, -0.34265), (-0.33751, 0.53103, 0.33504), (-0.33703, 0.52326, 0.3428), (-0.34218, 0.52326, 0.33508), (-0.34218, 0.5235, -0.33491), (-0.33703, 0.5235, -0.34263), (-0.33751, 0.53127, -0.33486), (0.33736, 0.53127, -0.33486), (0.33688, 0.5235, -0.34263), (0.34204, 0.5235, -0.33491), (0.34204, 0.52326, 0.33508), (0.33688, 0.52326, 0.3428), (0.33736, 0.53103, 0.33504), (-0.32368, 0.16747, 0.32969), (-0.32368, 0.16758, 0.00296), (0.32354, 0.16758, 0.00296), (0.32354, 0.16747, 0.32969), (-0.32368, 0.16769, -0.32977), (-0.32368, 0.16758, -0.00304), (-0.32368, 0.30975, -0.00299), (-0.32368, 0.30986, -0.32972), (0.32858, 0.00023, -0.32982), (-0.32873, 0.00023, -0.32982), (-0.32873, 0.00001, 0.32963), (0.32858, 0.00001, 0.32963), (0.32858, 0.4771, 0.3298), (-0.32873, 0.4771, 0.3298), (-0.32873, 0.47732, -0.32966), (0.32858, 0.47732, -0.32966), (-0.33165, 0.44706, -0.29941), (-0.32873, 0.45419, -0.30654), (-0.32873, 0.45397, 0.30666), (-0.33165, 0.44685, 0.29953), (-0.33165, 0.16913, 0.29944), (-0.32873, 0.02314, 0.30651), (-0.33165, 0.03027, 0.29939), (-0.32873, 0.16675, 0.30656), (-0.33165, 0.30799, 0.29948), (-0.32873, 0.31036, 0.30661), (-0.33165, 0.44685, 0.29953), (-0.32873, 0.45397, 0.30666), (0.33207, 0.30799, 0.29948), (0.32858, 0.45397, 0.30666), (0.33207, 0.44685, 0.29953), (0.32858, 0.31036, 0.30661), (0.33207, 0.16913, 0.29944), (0.32858, 0.16675, 0.30656), (0.33207, 0.03027, 0.29939), (0.32858, 0.02314, 0.30651), (0.33207, 0.44685, 0.29953), (0.32858, 0.45397, 0.30666), (0.32858, 0.45419, -0.30654), (0.33207, 0.44706, -0.29941), (-0.33165, 0.3082, -0.29946), (-0.32873, 0.45419, -0.30654), (-0.33165, 0.44706, -0.29941), (-0.32873, 0.31058, -0.30659), (-0.33165, 0.16934, -0.29951), (-0.32873, 0.16696, -0.30664), (-0.33165, 0.03048, -0.29956), (-0.32873, 0.02335, -0.30668), (0.33207, 0.16934, -0.29951), (0.32858, 0.02335, -0.30668), (0.33207, 0.03048, -0.29956), (0.32858, 0.16696, -0.30664), (0.33207, 0.3082, -0.29946), (0.32858, 0.31058, -0.30659), (0.33207, 0.44706, -0.29941), (0.32858, 0.45419, -0.30654), (0.33207, 0.03048, -0.29956), (0.32858, 0.02335, -0.30668), (0.32858, 0.02314, 0.30651), (0.33207, 0.03027, 0.29939), (-0.33165, 0.03027, 0.29939), (-0.32873, 0.02314, 0.30651), (-0.32873, 0.02335, -0.30668), (-0.33165, 0.03048, -0.29956), (0.32858, 0.0376, -0.29243), (0.33207, 0.03048, -0.29956), (0.33207, 0.03027, 0.29939), (0.32858, 0.03739, 0.29227), (0.32858, 0.17171, -0.29239), (0.33207, 0.03048, -0.29956), (0.32858, 0.0376, -0.29243), (0.33207, 0.16934, -0.29951), (0.32858, 0.30582, -0.29234), (0.33207, 0.3082, -0.29946), (0.32858, 0.43993, -0.29229), (0.33207, 0.44706, -0.29941), (0.32858, 0.43973, 0.29241), (0.33207, 0.44685, 0.29953), (0.33207, 0.44706, -0.29941), (0.32858, 0.43993, -0.29229), (0.32858, 0.30562, 0.29236), (0.33207, 0.44685, 0.29953), (0.32858, 0.43973, 0.29241), (0.33207, 0.30799, 0.29948), (0.32858, 0.17151, 0.29231), (0.33207, 0.16913, 0.29944), (0.32858, 0.03739, 0.29227), (0.33207, 0.03027, 0.29939), (-0.32873, 0.03739, 0.29227), (-0.33165, 0.03027, 0.29939), (-0.33165, 0.03048, -0.29956), (-0.32873, 0.0376, -0.29243), (-0.32873, 0.30582, -0.29234), (-0.33165, 0.44706, -0.29941), (-0.32873, 0.43993, -0.29229), (-0.33165, 0.3082, -0.29946), (-0.32873, 0.17171, -0.29239), (-0.33165, 0.16934, -0.29951), (-0.32873, 0.0376, -0.29243), (-0.33165, 0.03048, -0.29956), (-0.32873, 0.17151, 0.29231), (-0.33165, 0.03027, 0.29939), (-0.32873, 0.03739, 0.29227), (-0.33165, 0.16913, 0.29944), (-0.32873, 0.30562, 0.29236), (-0.33165, 0.30799, 0.29948), (-0.32873, 0.43973, 0.29241), (-0.33165, 0.44685, 0.29953), (-0.32873, 0.43993, -0.29229), (-0.33165, 0.44706, -0.29941), (-0.33165, 0.44685, 0.29953), (-0.32873, 0.43973, 0.29241), (-0.32368, 0.00844, 0.32963), (-0.32368, 0.00855, 0.00291), (0.32354, 0.00855, 0.00291), (0.32354, 0.00844, 0.32963), (0.32354, 0.3265, 0.32974), (0.32354, 0.32661, 0.00302), (0.32354, 0.46878, 0.00307), (0.32354, 0.46866, 0.32979), (0.32354, 0.00866, -0.32982), (0.32354, 0.00855, -0.00309), (-0.32368, 0.00855, -0.00309), (-0.32368, 0.00866, -0.32982), (0.32354, 0.16747, 0.32969), (0.32354, 0.16758, 0.00296), (0.32354, 0.30975, 0.00301), (0.32354, 0.30963, 0.32974), (0.32354, 0.32661, 0.00302), (-0.32368, 0.32661, 0.00302), (-0.32368, 0.46878, 0.00307), (0.32354, 0.46878, 0.00307), (-0.32368, 0.32661, -0.00298), (0.32354, 0.32661, -0.00298), (0.32354, 0.46878, -0.00293), (-0.32368, 0.46878, -0.00293), (-0.32368, 0.00855, -0.00309), (0.32354, 0.00855, -0.00309), (0.32354, 0.15072, -0.00304), (-0.32368, 0.15072, -0.00304), (-0.32368, 0.16758, -0.00304), (0.32354, 0.16758, -0.00304), (0.32354, 0.30975, -0.00299), (-0.32368, 0.30975, -0.00299), (0.32354, 0.00855, 0.00291), (-0.32368, 0.00855, 0.00291), (-0.32368, 0.15072, 0.00296), (0.32354, 0.15072, 0.00296), (0.32354, 0.16758, 0.00296), (-0.32368, 0.16758, 0.00296), (-0.32368, 0.30975, 0.00301), (0.32354, 0.30975, 0.00301), (0.32354, 0.15083, -0.32977), (0.32354, 0.15072, -0.00304), (0.32354, 0.00855, -0.00309), (0.32354, 0.00866, -0.32982), (-0.32368, 0.46889, -0.32966), (-0.32368, 0.46878, -0.00293), (0.32354, 0.46878, -0.00293), (0.32354, 0.46889, -0.32966), (-0.32368, 0.3265, 0.32974), (-0.32368, 0.32661, 0.00302), (0.32354, 0.32661, 0.00302), (0.32354, 0.3265, 0.32974), (0.32354, 0.00844, 0.32963), (0.32354, 0.00855, 0.00291), (0.32354, 0.15072, 0.00296), (0.32354, 0.1506, 0.32968), (0.32354, 0.30986, -0.32972), (0.32354, 0.30975, -0.00299), (0.32354, 0.16758, -0.00304), (0.32354, 0.16769, -0.32977), (0.32354, 0.30963, 0.32974), (0.32354, 0.30975, 0.00301), (-0.32368, 0.30975, 0.00301), (-0.32368, 0.30963, 0.32974), (-0.32368, 0.00866, -0.32982), (-0.32368, 0.00855, -0.00309), (-0.32368, 0.15072, -0.00304), (-0.32368, 0.15083, -0.32977), (-0.32368, 0.32672, -0.32971), (-0.32368, 0.32661, -0.00298), (-0.32368, 0.46878, -0.00293), (-0.32368, 0.46889, -0.32966), (0.32354, 0.1506, 0.32968), (0.32354, 0.15072, 0.00296), (-0.32368, 0.15072, 0.00296), (-0.32368, 0.1506, 0.32968), (0.32354, 0.16769, -0.32977), (0.32354, 0.16758, -0.00304), (-0.32368, 0.16758, -0.00304), (-0.32368, 0.16769, -0.32977), (-0.32368, 0.15083, -0.32977), (-0.32368, 0.15072, -0.00304), (0.32354, 0.15072, -0.00304), (0.32354, 0.15083, -0.32977), (0.32354, 0.46889, -0.32966), (0.32354, 0.46878, -0.00293), (0.32354, 0.32661, -0.00298), (0.32354, 0.32672, -0.32971), (-0.32368, 0.30986, -0.32972), (-0.32368, 0.30975, -0.00299), (0.32354, 0.30975, -0.00299), (0.32354, 0.30986, -0.32972), (0.32354, 0.32672, -0.32971), (0.32354, 0.32661, -0.00298), (-0.32368, 0.32661, -0.00298), (-0.32368, 0.32672, -0.32971), (0.32354, 0.46866, 0.32979), (0.32354, 0.46878, 0.00307), (-0.32368, 0.46878, 0.00307), (-0.32368, 0.46866, 0.32979), (-0.32368, 0.30963, 0.32974), (-0.32368, 0.30975, 0.00301), (-0.32368, 0.16758, 0.00296), (-0.32368, 0.16747, 0.32969), (-0.32368, 0.46866, 0.32979), (-0.32368, 0.46878, 0.00307), (-0.32368, 0.32661, 0.00302), (-0.32368, 0.3265, 0.32974), (-0.32368, 0.1506, 0.32968), (-0.32368, 0.15072, 0.00296), (-0.32368, 0.00855, 0.00291), (-0.32368, 0.00844, 0.32963), (-0.35733, 0.484, -0.17129), (-0.35555, 0.51858, -0.18352), (-0.36004, 0.51367, -0.03212), (-0.36355, 0.48394, -0.00765), (-0.35733, 0.48388, 0.17143), (-0.35555, 0.51846, 0.18368), (-0.34218, 0.52326, 0.33508), (-0.34218, 0.48382, 0.33507), (-0.11967, 0.47617, -0.0079), (-0.35259, 0.47623, -0.17129), (-0.35887, 0.47617, -0.0077), (-0.11758, 0.47623, -0.17576), (-0.33751, 0.47628, -0.33488), (-0.11255, 0.47629, -0.34362), (0.11743, 0.47623, -0.17576), (0.1124, 0.47629, -0.34362), (0.11952, 0.47617, -0.0079), (0.35243, 0.47623, -0.17129), (0.33736, 0.47628, -0.33488), (0.35872, 0.47617, -0.0077), (0.35872, 0.47616, 0.00784), (0.11952, 0.47616, 0.00804), (0.35243, 0.47611, 0.17143), (-0.11967, 0.47616, 0.00804), (0.11743, 0.47611, 0.1759), (0.33736, 0.47605, 0.33502), (0.1124, 0.47605, 0.34375), (-0.11758, 0.47611, 0.1759), (-0.35887, 0.47616, 0.00784), (-0.11255, 0.47605, 0.34375), (-0.35259, 0.47611, 0.17143), (-0.33751, 0.47605, 0.33502), (0.35717, 0.484, -0.17129), (0.35717, 0.52344, -0.17127), (0.34204, 0.5235, -0.33491), (0.34204, 0.48405, -0.33492), (-0.11239, 0.48406, -0.35159), (-0.33703, 0.5235, -0.34263), (-0.33703, 0.48406, -0.34265), (-0.11239, 0.5235, -0.35157), (0.11225, 0.48406, -0.35159), (0.11225, 0.5235, -0.35157), (0.33688, 0.48406, -0.34265), (0.33688, 0.5235, -0.34263), (-0.11255, 0.53103, 0.34377), (-0.33751, 0.53103, 0.33504), (-0.35082, 0.52623, 0.18376), (-0.1164, 0.52785, 0.18434), (0.1124, 0.53103, 0.34377), (-0.35536, 0.52142, 0.03248), (0.11802, 0.52947, 0.18013), (0.33736, 0.53103, 0.33504), (0.35243, 0.53109, 0.17145), (-0.11733, 0.52466, 0.0249), (0.12069, 0.52791, 0.01648), (0.35872, 0.53115, 0.00786), (0.35872, 0.53115, -0.00768), (-0.11733, 0.52468, -0.02473), (-0.35536, 0.52144, -0.03231), (-0.35082, 0.52635, -0.18359), (0.12069, 0.52792, -0.01631), (-0.1164, 0.52797, -0.18416), (-0.33751, 0.53127, -0.33486), (-0.11255, 0.53127, -0.3436), (0.11802, 0.52959, -0.17995), (0.35243, 0.53121, -0.17127), (0.1124, 0.53127, -0.3436), (0.33736, 0.53127, -0.33486), (0.11225, 0.48382, 0.35173), (0.33688, 0.52326, 0.3428), (0.33688, 0.48382, 0.34279), (0.11225, 0.52326, 0.35174), (-0.11239, 0.48382, 0.35173), (-0.11239, 0.52326, 0.35174), (-0.35887, 0.47617, -0.0077), (-0.36355, 0.48394, -0.00765), (-0.36355, 0.48393, 0.0078), (-0.35887, 0.47616, 0.00784), (0.35872, 0.47616, 0.00784), (0.3634, 0.48393, 0.0078), (0.3634, 0.48394, -0.00765), (0.35872, 0.47617, -0.0077), (-0.35082, 0.52623, 0.18376), (-0.35555, 0.51846, 0.18368), (-0.36004, 0.51365, 0.03229), (-0.35536, 0.52142, 0.03248), (-0.35536, 0.52144, -0.03231), (-0.36004, 0.51367, -0.03212), (-0.35555, 0.51858, -0.18352), (-0.35082, 0.52635, -0.18359), (0.35872, 0.53115, 0.00786), (0.35872, 0.53115, -0.00768), (0.3634, 0.52338, -0.00764), (0.3634, 0.52338, 0.00781), (-0.35733, 0.484, -0.17129), (-0.35259, 0.47623, -0.17129), (-0.33751, 0.47628, -0.33488), (-0.34218, 0.48405, -0.33492), (0.35717, 0.48388, 0.17143), (0.35243, 0.47611, 0.17143), (0.33736, 0.47605, 0.33502), (0.34204, 0.48382, 0.33507), (0.11225, 0.48406, -0.35159), (0.33736, 0.47628, -0.33488), (0.33688, 0.48406, -0.34265), (0.1124, 0.47629, -0.34362), (-0.11239, 0.48406, -0.35159), (-0.11255, 0.47629, -0.34362), (-0.11239, 0.48382, 0.35173), (-0.33751, 0.47605, 0.33502), (-0.33703, 0.48382, 0.34279), (-0.11255, 0.47605, 0.34375), (0.11225, 0.48382, 0.35173), (0.1124, 0.47605, 0.34375), (0.33688, 0.48382, 0.34279), (0.33736, 0.47605, 0.33502), (-0.35082, 0.52635, -0.18359), (-0.35555, 0.51858, -0.18352), (-0.34218, 0.5235, -0.33491), (-0.33751, 0.53127, -0.33486), (0.35243, 0.53109, 0.17145), (0.35717, 0.52332, 0.17145), (0.34204, 0.52326, 0.33508), (0.33736, 0.53103, 0.33504), (0.1124, 0.53127, -0.3436), (0.33688, 0.5235, -0.34263), (0.33736, 0.53127, -0.33486), (0.11225, 0.5235, -0.35157), (-0.11255, 0.53127, -0.3436), (-0.11239, 0.5235, -0.35157), (-0.11255, 0.53103, 0.34377), (-0.33703, 0.52326, 0.3428), (-0.33751, 0.53103, 0.33504), (-0.11239, 0.52326, 0.35174), (0.1124, 0.53103, 0.34377), (0.11225, 0.52326, 0.35174), (0.33736, 0.53103, 0.33504), (0.33688, 0.52326, 0.3428), (0.34204, 0.48382, 0.33507), (0.33688, 0.48382, 0.34279), (0.33688, 0.52326, 0.3428), (0.34204, 0.52326, 0.33508), (-0.34218, 0.52326, 0.33508), (-0.33703, 0.52326, 0.3428), (-0.33703, 0.48382, 0.34279), (-0.34218, 0.48382, 0.33507), (0.33688, 0.48406, -0.34265), (0.34204, 0.48405, -0.33492), (0.34204, 0.5235, -0.33491), (0.33688, 0.5235, -0.34263), (-0.34218, 0.48405, -0.33492), (-0.33703, 0.48406, -0.34265), (-0.33703, 0.5235, -0.34263), (-0.34218, 0.5235, -0.33491), (-0.35733, 0.48388, 0.17143), (-0.35259, 0.47611, 0.17143), (-0.35887, 0.47616, 0.00784), (-0.36355, 0.48393, 0.0078), (0.35717, 0.484, -0.17129), (0.35243, 0.47623, -0.17129), (0.35872, 0.47617, -0.0077), (0.3634, 0.48394, -0.00765), (0.35243, 0.53121, -0.17127), (0.35717, 0.52344, -0.17127), (0.3634, 0.52338, -0.00764), (0.35872, 0.53115, -0.00768), (-0.36355, 0.48393, 0.0078), (-0.36355, 0.48394, -0.00765), (-0.36004, 0.51367, -0.03212), (-0.36004, 0.51365, 0.03229), (0.35717, 0.48388, 0.17143), (0.35717, 0.52332, 0.17145), (0.3634, 0.52338, 0.00781), (0.3634, 0.48393, 0.0078), (0.3634, 0.48394, -0.00765), (0.3634, 0.52338, -0.00764), (0.35717, 0.52344, -0.17127), (0.35717, 0.484, -0.17129), (0.33736, 0.53127, -0.33486), (0.34204, 0.5235, -0.33491), (0.35717, 0.52344, -0.17127), (0.35243, 0.53121, -0.17127), (0.34204, 0.48405, -0.33492), (0.33736, 0.47628, -0.33488), (0.35243, 0.47623, -0.17129), (0.35717, 0.484, -0.17129), (-0.36355, 0.48394, -0.00765), (-0.35887, 0.47617, -0.0077), (-0.35259, 0.47623, -0.17129), (-0.35733, 0.484, -0.17129), (-0.34218, 0.48405, -0.33492), (-0.34218, 0.5235, -0.33491), (-0.35555, 0.51858, -0.18352), (-0.35733, 0.484, -0.17129), (0.34204, 0.48382, 0.33507), (0.34204, 0.52326, 0.33508), (0.35717, 0.52332, 0.17145), (0.35717, 0.48388, 0.17143), (-0.33751, 0.53103, 0.33504), (-0.34218, 0.52326, 0.33508), (-0.35555, 0.51846, 0.18368), (-0.35082, 0.52623, 0.18376), (-0.34218, 0.48382, 0.33507), (-0.33751, 0.47605, 0.33502), (-0.35259, 0.47611, 0.17143), (-0.35733, 0.48388, 0.17143), (0.35872, 0.53115, 0.00786), (0.3634, 0.52338, 0.00781), (0.35717, 0.52332, 0.17145), (0.35243, 0.53109, 0.17145), (0.3634, 0.48393, 0.0078), (0.35872, 0.47616, 0.00784), (0.35243, 0.47611, 0.17143), (0.35717, 0.48388, 0.17143), (-0.36355, 0.48393, 0.0078), (-0.36004, 0.51365, 0.03229), (-0.35555, 0.51846, 0.18368), (-0.35733, 0.48388, 0.17143), (-0.35887, 0.47617, -0.0077), (-0.35887, 0.47616, 0.00784), (-0.11967, 0.47616, 0.00804), (-0.11967, 0.47617, -0.0079), (-0.33751, 0.53127, -0.33486), (-0.33703, 0.5235, -0.34263), (-0.11239, 0.5235, -0.35157), (-0.11255, 0.53127, -0.3436), (-0.33703, 0.48406, -0.34265), (-0.33751, 0.47628, -0.33488), (-0.11255, 0.47629, -0.34362), (-0.11239, 0.48406, -0.35159), (-0.33703, 0.48382, 0.34279), (-0.33703, 0.52326, 0.3428), (-0.11239, 0.52326, 0.35174), (-0.11239, 0.48382, 0.35173), (-0.32873, 0.43425, -0.28662), (-0.32873, 0.43973, 0.29241), (-0.32873, 0.43405, 0.28673), (-0.32873, 0.30562, 0.29236), (-0.32873, 0.43993, -0.29229), (-0.32873, 0.30373, 0.28668), (-0.32873, 0.17151, 0.29231), (-0.32873, 0.30393, -0.28666), (-0.32873, 0.30582, -0.29234), (-0.32873, 0.1734, 0.28664), (-0.32873, 0.03739, 0.29227), (-0.32873, 0.1736, -0.28671), (-0.32873, 0.17171, -0.29239), (-0.32873, 0.04308, 0.28659), (-0.32873, 0.0376, -0.29243), (-0.32873, 0.04327, -0.28675), (0.32858, 0.30373, 0.28668), (0.32858, 0.43973, 0.29241), (0.32858, 0.43405, 0.28673), (0.32858, 0.30562, 0.29236), (0.32858, 0.43993, -0.29229), (0.32858, 0.43425, -0.28662), (0.32858, 0.30582, -0.29234), (0.32858, 0.30393, -0.28666), (0.32858, 0.17171, -0.29239), (0.32858, 0.1736, -0.28671), (0.32858, 0.0376, -0.29243), (0.32858, 0.1734, 0.28664), (0.32858, 0.17151, 0.29231), (0.32858, 0.04327, -0.28675), (0.32858, 0.03739, 0.29227), (0.32858, 0.04308, 0.28659), (-0.32873, 0.31234, -0.31188), (-0.32873, 0.31829, -0.32971), (-0.32873, 0.47732, -0.32966), (-0.32873, 0.45949, -0.31184), (-0.32873, 0.4771, 0.3298), (-0.32873, 0.1652, -0.31194), (-0.32873, 0.15926, -0.32977), (-0.32873, 0.45927, 0.31196), (-0.32873, 0.31807, 0.32974), (-0.32873, 0.01806, -0.31199), (-0.32873, 0.00023, -0.32982), (-0.32873, 0.31213, 0.31191), (-0.32873, 0.15904, 0.32969), (-0.32873, 0.01784, 0.31181), (-0.32873, 0.00001, 0.32963), (-0.32873, 0.16498, 0.31186), (-0.32873, 0.31058, -0.30659), (-0.32873, 0.45419, -0.30654), (-0.32873, 0.16696, -0.30664), (-0.32873, 0.45397, 0.30666), (-0.32873, 0.02335, -0.30668), (-0.32873, 0.31036, 0.30661), (-0.32873, 0.02314, 0.30651), (-0.32873, 0.16675, 0.30656), (0.32858, 0.31229, 0.31239), (0.32858, 0.31807, 0.32974), (0.32858, 0.4771, 0.3298), (0.32858, 0.45975, 0.31244), (0.32858, 0.47732, -0.32966), (0.32858, 0.16482, 0.31234), (0.32858, 0.15904, 0.32969), (0.32858, 0.45997, -0.31232), (0.32858, 0.31829, -0.32971), (0.32858, 0.01736, 0.31229), (0.32858, 0.00001, 0.32963), (0.32858, 0.3125, -0.31237), (0.32858, 0.15926, -0.32977), (0.32858, 0.01757, -0.31247), (0.32858, 0.00023, -0.32982), (0.32858, 0.16504, -0.31242), (0.32858, 0.31036, 0.30661), (0.32858, 0.45397, 0.30666), (0.32858, 0.16675, 0.30656), (0.32858, 0.45419, -0.30654), (0.32858, 0.02314, 0.30651), (0.32858, 0.31058, -0.30659), (0.32858, 0.02335, -0.30668), (0.32858, 0.16696, -0.30664), (-0.32368, 0.46866, 0.32979), (-0.32873, 0.4771, 0.3298), (0.32858, 0.4771, 0.3298), (0.32354, 0.46866, 0.32979), (-0.32368, 0.3265, 0.32974), (0.32858, 0.31807, 0.32974), (-0.32873, 0.31807, 0.32974), (0.32354, 0.3265, 0.32974), (-0.32368, 0.30963, 0.32974), (-0.32368, 0.16747, 0.32969), (0.32354, 0.30963, 0.32974), (-0.32873, 0.15904, 0.32969), (0.32858, 0.15904, 0.32969), (0.32354, 0.16747, 0.32969), (-0.32368, 0.1506, 0.32968), (-0.32368, 0.00844, 0.32963), (0.32354, 0.1506, 0.32968), (-0.32873, 0.00001, 0.32963), (0.32858, 0.00001, 0.32963), (0.32354, 0.00844, 0.32963), (0.32354, 0.00866, -0.32982), (0.32858, 0.15926, -0.32977), (0.32354, 0.15083, -0.32977), (0.32858, 0.00023, -0.32982), (-0.32368, 0.00866, -0.32982), (-0.32873, 0.00023, -0.32982), (-0.32368, 0.15083, -0.32977), (-0.32873, 0.15926, -0.32977), (-0.32368, 0.16769, -0.32977), (-0.32368, 0.30986, -0.32972), (0.32354, 0.16769, -0.32977), (-0.32873, 0.31829, -0.32971), (0.32858, 0.31829, -0.32971), (0.32354, 0.30986, -0.32972), (-0.32368, 0.32672, -0.32971), (-0.32368, 0.46889, -0.32966), (0.32354, 0.32672, -0.32971), (-0.32873, 0.47732, -0.32966), (0.32858, 0.47732, -0.32966), (0.32354, 0.46889, -0.32966)]
                normal3f[] primvars:normals = [(0.7428176, -0.450093, 0.4956191), (-0.7428206, -0.4500924, 0.4956152), (0.7428245, -0.4497464, -0.4959232), (-0.7428153, -0.4497496, -0.4959343), (-0.7428211, 0.4497463, 0.4959286), (-0.7428131, 0.450091, -0.4956278), (0.7428232, 0.45009, -0.4956133), (0.7428176, 0.4497504, 0.49593), (0, 1, 0.00034558), (1, 0, 2.4e-7), (0, -1, -0.00034558), (-0.9253688, 0.3790679, 0.000131), (-0.9253702, -0.000131, 0.3790648), (0.8984849, -0.00015171, 0.4390045), (0.8984822, -0.00015171, 0.4390099), (0.898482, 0.4390103, 0.00015171), (-0.9253696, 0.000131, -0.3790661), (-0.9253672, 0.000131, -0.3790721), (0.8984829, 0.00015171, -0.4390087), (0.898482, -0.4390103, -0.00015171), (-0.9253688, -0.3790679, -0.000131), (0.8984818, 0.4390107, 0.00015171), (0.8984833, -0.00015171, 0.4390078), (0.898482, -0.00015171, 0.4390105), (0.8984818, -0.4390107, -0.00015171), (0.8984826, 0.00015171, -0.4390091), (0.8984811, 0.00015171, -0.439012), (-0.9253687, 0.3790682, 0.000131), (-0.9253689, -0.000131, 0.3790678), (-0.9253677, -0.000131, 0.3790707), (-0.9253671, 0.000131, -0.3790721), (-0.9253687, -0.3790682, -0.000131), (0, 1, 0.00034521), (-1, 0, -3.2e-7), (0, 1, 0.00034594), (-1, 0, -2.4e-7), (0, -0.00034558, 1), (0, 0.00034558, -1), (-1, 0, 3.2e-7), (0, -1, -0.00034539), (0, 1, 0.00034569), (-1, 0, 2.4e-7), (1, 0, 3.2e-7), (0, 1, 0.00034546), (0, -1, -0.00034576), (1, 0, -2.4e-7), (1, 0, -3.2e-7), (-0.9974611, 0.06315289, -0.03290912), (-0.9959013, 0.008979, 0.09000085), (0.9957509, 0.00003182, -0.09208773), (-0.03976285, 0.0003453, -0.9992091), (0.03976284, 0.0003453, -0.9992091), (-0.01066351, 0.9996175, -0.02551917), (-0.00299955, 0.9996692, -0.02554289), (-0.00372217, 0.9999814, -0.00483892), (-0.01360736, 0.9999074, 0.00034554), (-0.01047542, 0.9999295, 0.00558148), (-0.01360738, 0.9999074, 0.00034554), (-0.00299955, 0.9996513, 0.0262338), (-0.00372217, 0.9999778, 0.00553006), (0.03976285, -0.0003453, 0.9992091), (-0.8565348, -0.5160892, -0.00017835), (0.8565336, -0.516091, -0.00017835), (-0.8565338, 0.516091, 0.00017835), (-0.8551981, 0.5182221, 0.00906303), (-0.8551988, 0.518227, -0.00870464), (0.8565329, 0.5160924, 0.00017835), (-0.8525538, -0.5166449, -0.07893059), (0.8525586, -0.5167003, 0.07851584), (0.02763123, -0.710596, -0.7030576), (0, -0.7159088, -0.6981937), (-0.02763124, -0.7110803, 0.7025677), (0.02763112, -0.7110831, 0.7025648), (-0.8538834, 0.5171694, -0.05847155), (0.8525583, 0.5166463, 0.07887287), (0.02763116, 0.7110824, -0.7025655), (0, 0.7163919, -0.697698), (-0.02763116, 0.7105967, 0.7030568), (0.02763109, 0.7105981, 0.7030553), (0.8317578, -0.00019184, 0.5551386), (-0.831762, -0.00019152, 0.5551323), (0.8317633, 0.00019184, -0.5551305), (-0.8317567, 0.00019184, -0.5551404), (-0.8547539, -0.5180174, 0.03246207), (0.8547525, -0.5179934, -0.03287759), (0.8547519, 0.5180171, -0.03251964), (-0.9931105, 0.1171817, 0.0000405), (1, 0, 0), (0.9992759, -0.00001315, 0.03805065), (0.9992759, 0.00001315, -0.03805065), (0.8525583, 0.5167008, -0.07851574), (0.852559, -0.5166451, -0.07887284), (-0.8547534, -0.5179956, -0.03282001), (-0.9959013, 0.00904068, -0.08999457), (0.9957509, -0.00003182, 0.09208773), (-0.853885, 0.5171263, 0.05882864), (-0.8525536, -0.5166999, 0.07857319), (0.8547513, 0.5179954, 0.03287774), (0.8547526, -0.5180157, 0.03251958), (-0.9974611, 0.06313022, 0.03295276), (-0.02763116, 0.7110824, -0.7025655), (-0.02763122, -0.7105975, -0.703056), (-0.03976284, -0.0003453, 0.9992091), (-1, 0, 0), (-1, 0, 0.00000496), (-1, 0, -0.00000496), (-1, 0, 0.00000483), (-1, 0, -0.00000483), (1, 0, 0.00000443), (1, 0, -0.0000014), (1, 0, 0.0000014), (1, 0, -0.00000443), (0, -0.00034016, 1), (0, -0.00035099, 1), (0, 0.00034287, -1), (0, 0.00034828, -1)] (
                    interpolation = "faceVarying"
                )
                int[] primvars:normals:indices = [0, 0, 0, 1, 1, 1, 2, 2, 2, 3, 3, 3, 4, 4, 4, 5, 5, 5, 6, 6, 6, 7, 7, 7, 8, 8, 8, 8, 8, 8, 9, 9, 9, 9, 9, 9, 10, 10, 10, 10, 10, 10, 8, 8, 8, 8, 8, 8, 11, 11, 11, 11, 11, 11, 12, 12, 12, 12, 12, 12, 12, 12, 12, 12, 12, 12, 12, 12, 12, 12, 12, 12, 13, 13, 13, 13, 13, 13, 13, 13, 14, 13, 14, 14, 14, 14, 14, 14, 14, 14, 15, 15, 15, 15, 15, 15, 16, 16, 16, 16, 16, 16, 16, 16, 17, 16, 17, 17, 17, 17, 17, 17, 17, 17, 18, 18, 18, 18, 18, 18, 18, 18, 18, 18, 18, 18, 18, 18, 18, 18, 18, 18, 19, 19, 19, 19, 19, 19, 20, 20, 20, 20, 20, 20, 21, 21, 21, 21, 21, 21, 22, 22, 22, 22, 22, 22, 22, 22, 23, 22, 23, 23, 23, 23, 23, 23, 23, 23, 24, 24, 24, 24, 24, 24, 25, 25, 25, 25, 25, 25, 25, 25, 26, 25, 26, 26, 26, 26, 26, 26, 26, 26, 27, 27, 27, 27, 27, 27, 28, 28, 28, 28, 28, 28, 28, 28, 29, 28, 29, 29, 29, 29, 29, 29, 29, 29, 16, 16, 16, 16, 16, 16, 16, 16, 30, 16, 30, 30, 30, 30, 30, 30, 30, 30, 31, 31, 31, 31, 31, 31, 32, 32, 32, 32, 32, 32, 33, 33, 33, 33, 33, 33, 34, 34, 34, 34, 34, 34, 35, 35, 35, 35, 35, 35, 36, 36, 36, 36, 36, 36, 37, 37, 37, 37, 37, 37, 37, 37, 37, 37, 37, 37, 37, 37, 37, 37, 37, 37, 36, 36, 36, 36, 36, 36, 36, 36, 36, 36, 36, 36, 38, 38, 38, 38, 38, 38, 39, 39, 39, 39, 39, 39, 40, 40, 40, 40, 40, 40, 33, 33, 33, 33, 33, 33, 41, 41, 41, 41, 41, 41, 10, 10, 10, 10, 10, 10, 42, 42, 42, 42, 42, 42, 42, 42, 42, 42, 42, 42, 10, 10, 10, 10, 10, 10, 8, 8, 8, 8, 8, 8, 10, 10, 10, 10, 10, 10, 38, 38, 38, 38, 38, 38, 10, 10, 10, 10, 10, 10, 43, 43, 43, 43, 43, 43, 44, 44, 44, 44, 44, 44, 45, 45, 45, 45, 45, 45, 46, 46, 46, 46, 46, 46, 46, 46, 46, 46, 46, 46, 47, 47, 47, 47, 47, 47, 48, 48, 48, 48, 48, 48, 10, 10, 10, 10, 10, 10, 10, 10, 10, 10, 10, 10, 10, 10, 10, 10, 10, 10, 10, 10, 10, 10, 10, 10, 10, 10, 10, 10, 10, 10, 10, 10, 10, 10, 10, 10, 10, 10, 10, 10, 10, 10, 10, 10, 10, 10, 10, 10, 10, 10, 10, 10, 10, 10, 10, 10, 10, 10, 10, 10, 10, 10, 10, 10, 10, 10, 10, 10, 10, 10, 10, 10, 10, 10, 10, 10, 10, 10, 10, 10, 10, 10, 10, 10, 49, 49, 49, 49, 49, 49, 50, 50, 50, 50, 50, 50, 50, 50, 51, 50, 51, 51, 51, 51, 51, 51, 51, 51, 52, 53, 53, 52, 52, 53, 52, 53, 54, 52, 52, 52, 54, 52, 54, 54, 54, 54, 54, 54, 54, 52, 52, 52, 52, 52, 54, 55, 54, 54, 55, 52, 54, 55, 55, 54, 55, 55, 56, 52, 52, 57, 57, 52, 57, 58, 57, 57, 52, 55, 56, 56, 55, 56, 57, 52, 56, 58, 58, 57, 58, 57, 56, 58, 58, 58, 58, 58, 58, 56, 56, 56, 56, 58, 56, 58, 58, 56, 56, 56, 56, 59, 58, 56, 59, 56, 56, 59, 59, 56, 60, 60, 60, 60, 60, 60, 60, 60, 36, 60, 36, 36, 61, 61, 61, 61, 61, 61, 62, 62, 62, 62, 62, 62, 63, 64, 64, 63, 63, 64, 63, 63, 63, 63, 63, 63, 65, 63, 63, 65, 65, 63, 66, 66, 66, 66, 66, 66, 67, 67, 67, 67, 67, 67, 68, 68, 68, 68, 68, 68, 69, 69, 69, 69, 69, 69, 69, 69, 70, 69, 70, 70, 71, 71, 71, 71, 71, 71, 71, 71, 72, 71, 72, 72, 72, 72, 72, 72, 72, 72, 73, 73, 73, 73, 73, 73, 74, 74, 74, 74, 74, 74, 75, 75, 75, 75, 75, 75, 75, 75, 76, 75, 76, 76, 77, 77, 77, 77, 77, 77, 77, 77, 78, 77, 78, 78, 78, 78, 78, 78, 78, 78, 79, 79, 79, 79, 79, 79, 80, 80, 80, 80, 80, 80, 81, 81, 81, 81, 81, 81, 82, 82, 82, 82, 82, 82, 83, 83, 83, 83, 83, 83, 84, 84, 84, 84, 84, 84, 85, 85, 85, 85, 85, 85, 86, 86, 86, 86, 86, 86, 87, 88, 88, 87, 87, 88, 87, 87, 87, 87, 87, 87, 89, 87, 87, 89, 89, 87, 90, 90, 90, 90, 90, 90, 91, 91, 91, 91, 91, 91, 92, 92, 92, 92, 92, 92, 93, 93, 93, 93, 93, 93, 94, 94, 94, 94, 94, 94, 95, 95, 95, 95, 95, 95, 96, 96, 96, 96, 96, 96, 97, 97, 97, 97, 97, 97, 98, 98, 98, 98, 98, 98, 99, 99, 99, 99, 99, 99, 10, 10, 10, 10, 10, 10, 100, 100, 100, 100, 100, 100, 101, 101, 101, 101, 101, 101, 102, 102, 102, 102, 102, 102, 103, 103, 103, 104, 103, 103, 103, 103, 103, 103, 104, 103, 103, 103, 103, 103, 104, 103, 103, 103, 103, 103, 103, 103, 103, 105, 103, 103, 103, 103, 103, 103, 103, 103, 103, 103, 103, 105, 105, 103, 105, 103, 105, 105, 105, 103, 103, 103, 103, 105, 103, 103, 103, 103, 105, 105, 103, 105, 103, 103, 105, 103, 103, 103, 103, 103, 87, 87, 87, 87, 87, 87, 87, 87, 87, 87, 87, 87, 87, 87, 87, 87, 87, 87, 87, 87, 87, 87, 87, 87, 87, 87, 87, 87, 87, 87, 87, 87, 87, 87, 87, 87, 87, 87, 87, 87, 87, 87, 87, 87, 87, 87, 87, 87, 87, 87, 87, 87, 87, 87, 87, 87, 87, 87, 87, 87, 87, 87, 87, 87, 87, 87, 103, 103, 103, 103, 103, 103, 103, 103, 103, 103, 103, 103, 103, 103, 103, 103, 103, 103, 103, 103, 103, 103, 103, 103, 103, 103, 103, 106, 103, 103, 103, 103, 106, 103, 103, 103, 103, 103, 103, 103, 103, 103, 103, 103, 106, 103, 103, 103, 103, 103, 107, 107, 103, 107, 103, 103, 107, 107, 103, 103, 103, 103, 103, 103, 103, 107, 106, 103, 103, 103, 103, 103, 103, 103, 103, 106, 106, 103, 103, 106, 106, 103, 103, 103, 103, 103, 103, 106, 103, 106, 103, 103, 106, 103, 103, 106, 87, 87, 87, 87, 87, 87, 87, 87, 87, 87, 87, 108, 87, 109, 108, 87, 87, 87, 110, 87, 87, 108, 109, 87, 109, 87, 87, 111, 110, 87, 87, 110, 111, 87, 87, 87, 87, 87, 87, 87, 87, 87, 87, 87, 111, 87, 87, 87, 87, 87, 108, 87, 87, 108, 87, 87, 87, 108, 87, 108, 87, 108, 108, 87, 87, 87, 111, 87, 87, 108, 108, 87, 108, 87, 87, 111, 111, 87, 87, 111, 111, 87, 87, 87, 87, 87, 87, 111, 87, 111, 87, 87, 111, 87, 87, 111, 112, 112, 112, 112, 112, 112, 112, 112, 36, 36, 112, 112, 112, 36, 36, 36, 36, 112, 36, 36, 36, 36, 36, 36, 36, 36, 36, 36, 36, 36, 36, 36, 36, 36, 36, 36, 36, 36, 36, 36, 36, 36, 36, 36, 36, 36, 36, 36, 36, 36, 36, 36, 36, 36, 36, 36, 36, 36, 36, 36, 113, 36, 36, 36, 36, 113, 113, 113, 36, 36, 113, 113, 37, 37, 114, 37, 114, 114, 114, 114, 114, 114, 114, 114, 114, 114, 37, 114, 37, 37, 37, 37, 37, 37, 37, 37, 37, 37, 37, 37, 37, 37, 37, 37, 37, 37, 37, 37, 37, 37, 37, 37, 37, 37, 37, 37, 37, 37, 37, 37, 37, 37, 37, 37, 37, 115, 37, 37, 37, 37, 115, 115, 115, 37, 37, 115, 115, 115, 115, 115, 37, 115, 115, 115]
                texCoord2f[] primvars:st = [(0.6646852, 0.7651546), (0.6651604, 0.7605466), (0.6697928, 0.7651546), (0.9970012, 0.7651546), (0.9918935, 0.7651546), (0.9965258, 0.7605466), (0.9918935, 0.7885469), (0.9970012, 0.7885469), (0.9965258, 0.793155), (0.6697928, 0.7885469), (0.6646852, 0.7885469), (0.6651604, 0.793155), (0.7869198, 0.6514635), (0.7869198, 0.01022267), (0.9806907, 0.01022291), (0.9806907, 0.6514634), (0.7833618, 0.6618493), (0.7833618, 0.5775337), (0.5895908, 0.5775337), (0.5895908, 0.6618492), (0.9806907, 0.0052228), (0.5895908, 0.0052228), (0.5895908, 0.6564634), (0.9806907, 0.6564634), (0.9669737, 0.7474477), (0.6033078, 0.7474477), (0.6075329, 0.7432227), (0.9627487, 0.7432227), (0.9627487, 0.4961603), (0.9669737, 0.4919353), (0.9627487, 0.5785144), (0.9669737, 0.5771061), (0.9627487, 0.6608685), (0.9669737, 0.6622769), (0.6075329, 0.6608685), (0.6033078, 0.6622769), (0.6075329, 0.5785144), (0.6033078, 0.5771061), (0.6075329, 0.4961603), (0.6033078, 0.4919353), (0.6117579, 0.5003853), (0.9585238, 0.5003853), (0.6117579, 0.5799227), (0.6117579, 0.6594602), (0.6117579, 0.7389977), (0.9585238, 0.7389977), (0.9585238, 0.6594602), (0.9585238, 0.5799227), (0.7869198, 0.7561647), (0.7869198, 0.6718493), (0.9806907, 0.6718492), (0.9806907, 0.7561647), (0.7833618, 0.01022267), (0.7833618, 0.6514635), (0.5895908, 0.6514634), (0.5895908, 0.01022291), (0.7869198, 0.6618493), (0.7869198, 0.5775337), (0.9806907, 0.5775337), (0.9806907, 0.6618492), (0.01022267, 0.7561647), (0.01022267, 0.6718493), (0.6514635, 0.6718493), (0.6514635, 0.7561647), (0.6514635, 0.5675337), (0.6514635, 0.4832182), (0.01022267, 0.4832182), (0.01022267, 0.5675337), (0.6514635, 0.6618493), (0.6514635, 0.5775337), (0.01022267, 0.5775337), (0.01022267, 0.6618493), (0.7833618, 0.4832182), (0.7833618, 0.5675337), (0.5895908, 0.5675337), (0.5895908, 0.4832183), (0.7869198, 0.5675337), (0.7869198, 0.4832182), (0.9806907, 0.4832183), (0.9806907, 0.5675337), (0.7833618, 0.7561647), (0.7833618, 0.6718493), (0.5895908, 0.6718492), (0.5895908, 0.7561647), (0.7660414, 0.7827837), (0.6762541, 0.7856653), (0.6835134, 0.7651546), (0.7805599, 0.7651546), (0.9838147, 0.7885469), (0.8940275, 0.7856653), (0.8867682, 0.7651546), (0.9838147, 0.7651546), (0.7805328, -0.02463484), (0.6835134, -0.01841688), (0.7804126, 0.2123504), (0.6808625, 0.2144194), (0.586494, -0.00347424), (0.5813126, 0.219404), (0.6808625, 0.4472558), (0.5813126, 0.4422822), (0.7804126, 0.4493358), (0.6835134, 0.6800921), (0.586494, 0.6651604), (0.7805328, 0.686321), (0.7897488, 0.686321), (0.789869, 0.4493358), (0.8867682, 0.6800921), (0.789869, 0.2123504), (0.889419, 0.4472558), (0.9837875, 0.6651604), (0.988969, 0.4422822), (0.889419, 0.2144194), (0.7897488, -0.02463484), (0.988969, 0.219404), (0.8867682, -0.01841688), (0.9837875, -0.00347424), (0.5864668, 0.7885469), (0.6835134, 0.7885469), (0.5864668, 0.7651546), (-0.00299883, 0.7651546), (-0.00299883, 0.7885469), (0.2195625, 0.7651546), (0.2195625, 0.7885469), (0.4421239, 0.7651546), (0.4421239, 0.7885469), (0.8940705, -0.01665735), (0.8944142, 0.2155924), (0.8043535, -0.02115989), (0.8919166, 0.4478424), (0.7998594, 0.2146671), (0.7948642, 0.4504941), (0.7704222, 0.2146671), (0.7659281, -0.02115989), (0.676211, -0.01665735), (0.7754174, 0.4504941), (0.6758674, 0.2155924), (0.678365, 0.4478424), (0.7897216, 0.970727), (0.7805599, 0.9707267), (0.7805328, 0.9753652), (0.7897488, 0.9753652), (0.7805599, 0.6909593), (0.7897216, 0.6909593), (0.8042402, 0.9742019), (0.8940275, 0.9786487), (0.8940705, 0.9833426), (0.8043535, 0.9788401), (0.7659281, 0.9788401), (0.7660414, 0.9742019), (0.6762541, 0.9786487), (0.676211, 0.9833426), (0.586494, 0.9965258), (0.6835134, 0.9815831), (0.6835134, 0.9768891), (0.5864668, 0.9918935), (0.8867682, 0.684786), (0.9838147, 0.6697928), (0.5818859, 0.6646852), (0.5765843, 0.4421239), (0.5765843, 0.2195625), (0.9883956, -0.00299883), (0.9936972, 0.2195625), (0.9936972, 0.4421239), (0.9883956, 0.6646852), (0.8867682, 0.9815831), (0.8867682, 0.9768891), (0.6835134, 0.684786), (0.7897216, 0.7651546), (0.8042402, 0.7827837), (0.7897216, 0.7885469), (0.8867682, 0.7885469), (0.7805599, 0.7885469), (0.5864668, 0.6697928), (0.9838147, 0.9918935), (0.9837875, 0.9965258), (0.789869, 1.21235), (0.7804126, 1.21235), (0.5765843, 1.219563), (0.5818859, 0.9970012), (0.5813126, 1.219404), (1.219563, 0.7885469), (1.219563, 0.7651546), (0.9551559, 0.7356299), (0.6151257, 0.7356299), (0.9551559, 0.6583376), (0.6151257, 0.6583376), (0.9551559, 0.5810453), (0.6151257, 0.5810453), (0.9551559, 0.5037531), (0.6151257, 0.5037531), (0.5895908, 0.7611647), (0.5895908, 0.6668492), (0.6001644, 0.6633247), (0.6001644, 0.7505912), (0.9806907, 0.7611647), (0.6001644, 0.5760583), (0.5895908, 0.5725337), (0.9701172, 0.7505912), (0.9806907, 0.6668492), (0.6001644, 0.4887918), (0.5895908, 0.4782183), (0.9701172, 0.6633247), (0.9806907, 0.5725337), (0.9701172, 0.4887918), (0.9806907, 0.4782183), (0.9701172, 0.5760583), (0.970403, 0.66342), (0.970403, 0.7508769), (0.970403, 0.575963), (0.5998786, 0.7508769), (0.970403, 0.488506), (0.5998786, 0.66342), (0.5998786, 0.488506), (0.5998786, 0.575963), (0.6564634, 0.7611647), (0.0052228, 0.7611647), (0.01022291, 0.7561647), (0.6514634, 0.7561647), (0.01022291, 0.6718492), (0.6564634, 0.6668492), (0.0052228, 0.6668492), (0.6514634, 0.6718492), (0.01022291, 0.6618492), (0.01022291, 0.5775337), (0.6514634, 0.6618492), (0.0052228, 0.5725337), (0.6564634, 0.5725337), (0.6514634, 0.5775337), (0.01022291, 0.5675337), (0.01022291, 0.4832183), (0.6514634, 0.5675337), (0.0052228, 0.4782183), (0.6564634, 0.4782183), (0.6514634, 0.4832183)] (
                    interpolation = "faceVarying"
                )
                int[] primvars:st:indices = [0, 1, 2, 3, 4, 5, 0, 2, 1, 3, 5, 4, 6, 7, 8, 8, 7, 6, 9, 10, 11, 11, 10, 9, 12, 13, 14, 15, 12, 14, 16, 17, 18, 19, 16, 18, 20, 21, 22, 23, 20, 22, 21, 20, 23, 22, 21, 23, 24, 25, 26, 27, 24, 26, 28, 29, 30, 29, 31, 30, 30, 31, 32, 31, 33, 32, 32, 33, 27, 33, 24, 27, 27, 24, 32, 24, 33, 32, 32, 33, 30, 33, 31, 30, 30, 31, 28, 31, 29, 28, 25, 24, 27, 26, 25, 27, 26, 25, 34, 25, 35, 34, 34, 35, 36, 35, 37, 36, 36, 37, 38, 37, 39, 38, 38, 39, 36, 39, 37, 36, 36, 37, 34, 37, 35, 34, 34, 35, 26, 35, 25, 26, 29, 39, 38, 28, 29, 38, 39, 29, 28, 38, 39, 28, 28, 38, 40, 41, 28, 40, 40, 38, 42, 38, 36, 42, 42, 36, 43, 36, 34, 43, 43, 34, 44, 34, 26, 44, 26, 27, 45, 44, 26, 45, 45, 27, 46, 27, 32, 46, 46, 32, 47, 32, 30, 47, 47, 30, 41, 30, 28, 41, 38, 28, 41, 40, 38, 41, 44, 26, 43, 26, 34, 43, 43, 34, 42, 34, 36, 42, 42, 36, 40, 36, 38, 40, 41, 28, 47, 28, 30, 47, 47, 30, 46, 30, 32, 46, 46, 32, 45, 32, 27, 45, 27, 26, 44, 45, 27, 44, 12, 13, 14, 15, 12, 14, 48, 49, 50, 51, 48, 50, 52, 53, 54, 55, 52, 54, 56, 57, 58, 59, 56, 58, 60, 61, 62, 63, 60, 62, 63, 62, 61, 60, 63, 61, 64, 65, 66, 67, 64, 66, 68, 69, 70, 71, 68, 70, 67, 66, 65, 64, 67, 65, 71, 70, 69, 68, 71, 69, 72, 73, 74, 75, 72, 74, 53, 52, 55, 54, 53, 55, 12, 13, 14, 15, 12, 14, 76, 77, 78, 79, 76, 78, 17, 16, 19, 18, 17, 19, 13, 12, 15, 14, 13, 15, 73, 72, 75, 74, 73, 75, 80, 81, 82, 83, 80, 82, 13, 12, 15, 14, 13, 15, 52, 53, 54, 55, 52, 54, 53, 52, 55, 54, 53, 55, 81, 80, 83, 82, 81, 83, 53, 52, 55, 54, 53, 55, 52, 53, 54, 55, 52, 54, 13, 12, 15, 14, 13, 15, 57, 56, 59, 58, 57, 59, 49, 48, 51, 50, 49, 51, 77, 76, 79, 78, 77, 79, 84, 85, 86, 87, 84, 86, 88, 89, 90, 91, 88, 90, 92, 93, 94, 93, 95, 94, 93, 96, 95, 96, 97, 95, 95, 97, 98, 97, 99, 98, 94, 95, 100, 95, 98, 100, 98, 99, 101, 99, 102, 101, 98, 101, 103, 100, 98, 103, 103, 104, 100, 100, 105, 94, 104, 105, 100, 105, 104, 106, 105, 107, 94, 108, 105, 106, 107, 105, 108, 108, 106, 109, 110, 108, 109, 111, 107, 108, 111, 108, 110, 112, 107, 111, 113, 111, 110, 114, 112, 111, 114, 111, 113, 115, 114, 113, 116, 117, 86, 118, 116, 86, 119, 120, 121, 120, 122, 121, 121, 122, 123, 122, 124, 123, 123, 124, 0, 124, 10, 0, 125, 115, 113, 126, 125, 113, 126, 113, 110, 127, 125, 126, 128, 126, 110, 128, 110, 109, 106, 128, 109, 129, 127, 126, 129, 126, 128, 130, 128, 106, 130, 129, 128, 104, 130, 106, 130, 104, 103, 127, 129, 131, 132, 127, 131, 133, 132, 131, 129, 130, 134, 134, 130, 103, 131, 129, 134, 135, 133, 131, 135, 131, 134, 96, 133, 135, 97, 96, 135, 136, 134, 103, 136, 135, 134, 97, 135, 136, 101, 136, 103, 99, 97, 136, 99, 136, 101, 102, 99, 101, 0, 10, 123, 10, 124, 123, 123, 124, 121, 124, 122, 121, 137, 138, 139, 140, 137, 139, 141, 142, 104, 103, 141, 104, 143, 144, 145, 146, 143, 145, 143, 146, 147, 148, 143, 147, 149, 148, 147, 150, 149, 147, 141, 103, 104, 142, 141, 104, 151, 152, 153, 154, 151, 153, 109, 106, 155, 156, 109, 155, 157, 102, 158, 102, 99, 158, 158, 99, 159, 99, 97, 159, 160, 115, 161, 115, 113, 161, 161, 113, 162, 113, 110, 162, 162, 110, 163, 110, 109, 163, 154, 149, 150, 151, 154, 150, 156, 155, 106, 109, 156, 106, 102, 157, 99, 157, 158, 99, 99, 158, 97, 158, 159, 97, 115, 160, 113, 160, 161, 113, 113, 161, 110, 161, 162, 110, 110, 162, 109, 162, 163, 109, 10, 0, 2, 9, 10, 2, 3, 7, 6, 4, 3, 6, 9, 2, 0, 10, 9, 0, 7, 3, 4, 6, 7, 4, 140, 164, 165, 137, 140, 165, 103, 101, 166, 141, 103, 166, 141, 166, 101, 103, 141, 101, 84, 87, 167, 168, 84, 167, 169, 170, 90, 167, 169, 90, 169, 167, 87, 171, 169, 87, 117, 171, 87, 86, 117, 87, 166, 172, 102, 101, 166, 102, 101, 102, 172, 166, 101, 172, 152, 139, 138, 153, 152, 138, 85, 116, 118, 86, 85, 118, 170, 88, 91, 90, 170, 91, 144, 173, 174, 145, 144, 174, 164, 174, 173, 165, 164, 173, 155, 142, 104, 106, 155, 104, 106, 104, 142, 155, 106, 142, 89, 168, 167, 90, 89, 167, 175, 140, 139, 176, 175, 139, 177, 178, 151, 179, 177, 151, 179, 151, 178, 177, 179, 178, 180, 7, 3, 181, 180, 3, 182, 45, 183, 46, 45, 182, 45, 44, 183, 184, 46, 182, 182, 183, 184, 47, 46, 184, 183, 44, 185, 183, 185, 184, 44, 43, 185, 186, 47, 184, 184, 185, 186, 41, 47, 186, 185, 43, 187, 185, 187, 186, 43, 42, 187, 188, 41, 186, 186, 187, 188, 40, 41, 188, 187, 42, 189, 187, 189, 188, 42, 40, 189, 189, 40, 188, 182, 45, 184, 45, 46, 184, 44, 45, 182, 183, 44, 182, 43, 44, 183, 183, 182, 185, 185, 43, 183, 182, 184, 185, 42, 43, 185, 187, 42, 185, 185, 184, 187, 40, 42, 187, 184, 46, 186, 184, 186, 187, 46, 47, 186, 189, 40, 187, 187, 186, 189, 41, 40, 189, 47, 41, 188, 186, 47, 188, 188, 41, 189, 186, 188, 189, 190, 191, 192, 193, 190, 192, 194, 190, 193, 192, 191, 195, 191, 196, 195, 197, 194, 193, 198, 194, 197, 195, 196, 199, 196, 200, 199, 201, 198, 197, 202, 198, 201, 199, 200, 203, 200, 204, 203, 204, 202, 205, 205, 202, 201, 203, 204, 205, 193, 192, 35, 25, 193, 35, 197, 193, 25, 35, 192, 37, 192, 195, 37, 24, 197, 25, 201, 197, 24, 37, 195, 39, 195, 199, 39, 33, 201, 24, 205, 201, 33, 39, 199, 29, 199, 203, 29, 31, 205, 33, 29, 203, 31, 203, 205, 31, 194, 198, 206, 207, 194, 206, 190, 194, 207, 206, 198, 208, 198, 202, 208, 209, 190, 207, 191, 190, 209, 208, 202, 210, 202, 204, 210, 211, 191, 209, 196, 191, 211, 210, 204, 212, 204, 200, 212, 200, 196, 213, 213, 196, 211, 212, 200, 213, 207, 206, 33, 24, 207, 33, 209, 207, 24, 33, 206, 31, 206, 208, 31, 25, 209, 24, 211, 209, 25, 31, 208, 29, 208, 210, 29, 35, 211, 25, 213, 211, 35, 29, 210, 39, 210, 212, 39, 37, 213, 35, 39, 212, 37, 212, 213, 37, 214, 215, 216, 217, 214, 216, 216, 215, 218, 219, 214, 217, 215, 220, 218, 221, 219, 217, 218, 220, 221, 220, 219, 221, 219, 220, 222, 222, 220, 223, 224, 219, 222, 220, 225, 223, 226, 219, 224, 223, 225, 227, 227, 226, 224, 225, 226, 227, 226, 225, 228, 228, 225, 229, 230, 226, 228, 225, 231, 229, 232, 226, 230, 229, 231, 233, 233, 232, 230, 231, 232, 233, 230, 226, 233, 226, 232, 233, 233, 232, 229, 232, 231, 229, 229, 231, 228, 231, 225, 228, 228, 225, 230, 225, 226, 230, 226, 225, 223, 223, 225, 222, 227, 226, 223, 225, 220, 222, 219, 226, 227, 222, 220, 224, 224, 219, 227, 220, 219, 224, 219, 220, 218, 218, 220, 216, 221, 219, 218, 220, 215, 216, 214, 219, 221, 216, 215, 217, 217, 214, 221, 215, 214, 217]
                uniform token subdivisionScheme = "none"
                quatf xformOp:orient = (1, 0, 0, 0)
                float3 xformOp:scale = (1, 1, 1)
                double3 xformOp:translate = (0, 0, 0)
                uniform token[] xformOpOrder = ["xformOp:translate", "xformOp:orient", "xformOp:scale"]
            }

            def Cube "tn__Coffee_Table_315_1_FP315Cube1751_PrimitiveCollider_0_ml1qK" (
                apiSchemas = ["PhysicsCollisionAPI", "PhysicsMassAPI"]
            )
            {
                float3[] extent = [(-0.5, -0.5, -0.5), (0.5, 0.5, 0.5)]
                float physics:density = 800
                uniform token purpose = "guide"
                double size = 1
                quatf xformOp:orient = (0, 1, 0, 0)
                float3 xformOp:scale = (0.725848, 0.0661718, 0.702742)
                double3 xformOp:translate = (0, 0.501501, 0)
                uniform token[] xformOpOrder = ["xformOp:translate", "xformOp:orient", "xformOp:scale"]
            }

            def Cube "tn__Coffee_Table_315_1_FP315Cube1751_PrimitiveCollider_1_ml1qK" (
                apiSchemas = ["PhysicsCollisionAPI", "PhysicsMassAPI"]
            )
            {
                float3[] extent = [(-0.5, -0.5, -0.5), (0.5, 0.5, 0.5)]
                float physics:density = 800
                uniform token purpose = "guide"
                double size = 1
                quatf xformOp:orient = (0, 1, 0, 0)
                float3 xformOp:scale = (0.662956, 0.01840044, 0.654032)
                double3 xformOp:translate = (0, 0.316601, -0.00367796)
                uniform token[] xformOpOrder = ["xformOp:translate", "xformOp:orient", "xformOp:scale"]
            }

            def Cube "tn__Coffee_Table_315_1_FP315Cube1751_PrimitiveCollider_2_ml1qK" (
                apiSchemas = ["PhysicsCollisionAPI", "PhysicsMassAPI"]
            )
            {
                float3[] extent = [(-0.5, -0.5, -0.5), (0.5, 0.5, 0.5)]
                float physics:density = 800
                uniform token purpose = "guide"
                double size = 1
                quatf xformOp:orient = (0, 1, 0, 0)
                float3 xformOp:scale = (0.663122, 0.01840044, 0.654032)
                double3 xformOp:translate = (0.000714719, 0.158201, -0.00367796)
                uniform token[] xformOpOrder = ["xformOp:translate", "xformOp:orient", "xformOp:scale"]
            }

            def Cube "tn__Coffee_Table_315_1_FP315Cube1751_PrimitiveCollider_3_ml1qK" (
                apiSchemas = ["PhysicsCollisionAPI", "PhysicsMassAPI"]
            )
            {
                float3[] extent = [(-0.5, -0.5, -0.5), (0.5, 0.5, 0.5)]
                float physics:density = 800
                uniform token purpose = "guide"
                double size = 1
                quatf xformOp:orient = (0, 1, 0, 0)
                float3 xformOp:scale = (0.659448, 0.01840044, 0.654032)
                double3 xformOp:translate = (0, 0.00750065, -0.00367796)
                uniform token[] xformOpOrder = ["xformOp:translate", "xformOp:orient", "xformOp:scale"]
            }

            def Cube "tn__Coffee_Table_315_1_FP315Cube1751_PrimitiveCollider_4_ml1qK" (
                apiSchemas = ["PhysicsCollisionAPI", "PhysicsMassAPI"]
            )
            {
                float3[] extent = [(-0.5, -0.5, -0.5), (0.5, 0.5, 0.5)]
                float physics:density = 800
                uniform token purpose = "guide"
                double size = 1
                quatf xformOp:orient = (0, 1, 0, 0)
                float3 xformOp:scale = (0.0229608, 0.476724, 0.654032)
                double3 xformOp:translate = (-0.319312, 0.236662, -0.00367796)
                uniform token[] xformOpOrder = ["xformOp:translate", "xformOp:orient", "xformOp:scale"]
            }

            def Cube "tn__Coffee_Table_315_1_FP315Cube1751_PrimitiveCollider_5_ml1qK" (
                apiSchemas = ["PhysicsCollisionAPI", "PhysicsMassAPI"]
            )
            {
                float3[] extent = [(-0.5, -0.5, -0.5), (0.5, 0.5, 0.5)]
                float physics:density = 800
                uniform token purpose = "guide"
                double size = 1
                quatf xformOp:orient = (0, 1, 0, 0)
                float3 xformOp:scale = (0.0229608, 0.476724, 0.654032)
                double3 xformOp:translate = (0.320288, 0.236662, -0.00367796)
                uniform token[] xformOpOrder = ["xformOp:translate", "xformOp:orient", "xformOp:scale"]
            }

            def PhysicsFixedJoint "PhysicsFixedJoint"
            {
                rel physics:body0 = </Coffee_Table_315_1/Geometry/tn__Coffee_Table_315_1_FP315Cube1751_wm0yC>
                rel physics:body1 = </Coffee_Table_315_1/Geometry/Coffee_Table_315_1>
                point3f physics:localPos0 = (0, -0.26644, 0.00325)
                point3f physics:localPos1 = (0, -0.53288, 0.0065)
                quatf physics:localRot0 = (1, 0, 0, 0)
                quatf physics:localRot1 = (1, 0, 0, 0)
            }
        }
    }

    def Scope "Materials"
    {
        def Material "material_WornWood"
        {
            token outputs:displacement.connect = </Coffee_Table_315_1/Materials/material_WornWood/PreviewSurface.outputs:displacement>
            token outputs:surface.connect = </Coffee_Table_315_1/Materials/material_WornWood/PreviewSurface.outputs:surface>

            def Shader "PreviewSurface"
            {
                uniform token info:id = "UsdPreviewSurface"
                color3f inputs:diffuseColor.connect = </Coffee_Table_315_1/Materials/material_WornWood/DiffuseTexture.outputs:rgb>
                float inputs:metallic = 0
                float inputs:opacity = 1
                float inputs:roughness = 0.5
                token outputs:displacement
                token outputs:surface
            }

            def Shader "DiffuseTexture"
            {
                uniform token info:id = "UsdUVTexture"
                float4 inputs:fallback = (0.514706, 0.391197, 0.170307, 1)
                asset inputs:file = @./Textures/TexturesCom_WornWood2_albedo_S.png@
                float4 inputs:scale = (0.514706, 0.391197, 0.170307, 1)
                token inputs:sourceColorSpace = "auto"
                float2 inputs:st.connect = </Coffee_Table_315_1/Materials/material_WornWood/Primvar_st_float2.outputs:result>
                token inputs:wrapS = "repeat"
                token inputs:wrapT = "repeat"
                float3 outputs:rgb
            }

            def Shader "Primvar_st_float2"
            {
                uniform token info:id = "UsdPrimvarReader_float2"
                string inputs:varname = "st"
                float2 outputs:result
            }
        }

        def Material "material_HammeredMetal_AlbedoTransparency"
        {
            token outputs:displacement.connect = </Coffee_Table_315_1/Materials/material_HammeredMetal_AlbedoTransparency/PreviewSurface.outputs:displacement>
            token outputs:surface.connect = </Coffee_Table_315_1/Materials/material_HammeredMetal_AlbedoTransparency/PreviewSurface.outputs:surface>

            def Shader "PreviewSurface"
            {
                uniform token info:id = "UsdPreviewSurface"
                color3f inputs:diffuseColor.connect = </Coffee_Table_315_1/Materials/material_HammeredMetal_AlbedoTransparency/DiffuseTexture.outputs:rgb>
                float inputs:metallic = 0
                float inputs:opacity = 1
                float inputs:roughness = 0.5
                token outputs:displacement
                token outputs:surface
            }

            def Shader "DiffuseTexture"
            {
                uniform token info:id = "UsdUVTexture"
                float4 inputs:fallback = (1, 1, 1, 1)
                asset inputs:file = @./Textures/HammeredMetal_AlbedoTransparency.png@
                float4 inputs:scale = (1, 1, 1, 1)
                token inputs:sourceColorSpace = "auto"
                float2 inputs:st.connect = </Coffee_Table_315_1/Materials/material_HammeredMetal_AlbedoTransparency/Primvar_st_float2.outputs:result>
                token inputs:wrapS = "repeat"
                token inputs:wrapT = "repeat"
                float3 outputs:rgb
            }

            def Shader "Primvar_st_float2"
            {
                uniform token info:id = "UsdPrimvarReader_float2"
                string inputs:varname = "st"
                float2 outputs:result
            }
        }
    }

    def Scope "Physics"
    {
    }
}

def PhysicsScene "PhysicsScene"
{
    vector3f physics:gravityDirection = (0, 0, -1)
    float physics:gravityMagnitude = 9.81
}

