# Blender 3.6.0
# www.blender.org
o SinkMesh_f73808d7_SinkMesh_f73808d7
v 2.018900 0.789650 -1.134400
v 2.013510 0.773480 -1.139880
v 2.050930 0.773480 -1.147440
v 2.056330 0.789650 -1.141960
v 2.082660 0.773480 -1.168970
v 2.132090 0.906780 -1.142580
v 2.132090 0.906820 -1.774490
v 2.132090 0.906780 -1.857410
v 2.132090 0.906820 -1.225490
v 1.667920 0.906810 -1.225500
v 1.667920 0.906770 -1.142580
v 1.667920 0.906770 -1.857410
v 1.667920 0.906810 -1.774500
v 1.871480 0.748620 -1.511810
v 1.883440 0.738210 -1.506860
v 1.882070 0.738210 -1.500000
v 1.871480 0.748620 -1.488180
v 1.883440 0.738210 -1.493130
v 1.887320 0.738210 -1.487310
v 1.878170 0.748620 -1.478160
v 1.893140 0.738210 -1.483430
v 1.786500 0.773480 -1.139880
v 1.798640 0.760130 -1.152210
v 2.001360 0.760130 -1.152210
v 1.781110 0.789650 -1.134400
v 1.776140 0.800810 -1.129490
v 1.738820 0.800810 -1.136920
v 1.738800 0.897000 -1.136920
v 2.023870 0.800810 -1.129490
v 1.776120 0.896910 -1.129490
v 1.736320 0.906000 -1.130890
v 1.703100 0.906000 -1.153090
v 1.707710 0.897000 -1.157700
v 1.775500 0.905900 -1.123090
v 2.023890 0.896910 -1.129490
v 2.024500 0.905900 -1.123090
v 2.061190 0.800810 -1.136920
v 2.061200 0.897000 -1.136920
v 2.063690 0.906000 -1.130890
v 2.088050 0.789650 -1.163490
v 2.092300 0.800810 -1.157700
v 2.092300 0.897000 -1.157700
v 2.096910 0.906000 -1.153090
v 1.711960 0.789650 -1.163490
v 1.717350 0.773480 -1.168970
v 1.749080 0.773480 -1.147440
v 1.743680 0.789650 -1.141960
v 1.707710 0.800810 -1.157700
v 1.688710 0.773480 -1.760780
v 1.700850 0.760130 -1.748450
v 1.700850 0.760130 -1.251540
v 1.688710 0.773480 -1.239210
v 1.711960 0.789650 -1.836500
v 1.717350 0.773480 -1.831020
v 1.696150 0.773480 -1.798790
v 1.690760 0.789650 -1.804270
v 1.683320 0.789650 -1.766260
v 1.683320 0.789650 -1.233730
v 1.696150 0.773480 -1.201200
v 1.679500 0.800810 -1.773860
v 1.690760 0.789650 -1.195720
v 1.717350 0.773480 -1.168970
v 1.711960 0.789650 -1.163490
v 1.679500 0.800810 -1.226130
v 1.686930 0.800810 -1.188810
v 1.707710 0.800810 -1.157700
v 1.686930 0.897000 -1.188790
v 1.707710 0.897000 -1.157700
v 1.680900 0.906000 -1.186310
v 1.703100 0.906000 -1.153090
v 1.673100 0.905900 -1.225490
v 1.679500 0.896910 -1.226110
v 1.673100 0.905900 -1.774500
v 1.679500 0.896910 -1.773880
v 1.686930 0.897000 -1.811200
v 1.686930 0.800810 -1.811180
v 1.707710 0.800810 -1.842290
v 1.707710 0.897000 -1.842290
v 1.703100 0.906000 -1.846900
v 1.680900 0.906000 -1.813680
v 2.013510 0.773480 -1.860110
v 2.001370 0.760130 -1.847780
v 1.798640 0.760130 -1.847780
v 1.786500 0.773480 -1.860110
v 2.018900 0.789650 -1.865590
v 1.781110 0.789650 -1.865590
v 1.749080 0.773480 -1.852550
v 2.023870 0.800810 -1.870500
v 1.743680 0.789650 -1.858030
v 1.717350 0.773480 -1.831020
v 1.711960 0.789650 -1.836500
v 1.776140 0.800810 -1.870500
v 1.738820 0.800810 -1.863070
v 1.707710 0.800810 -1.842290
v 1.738800 0.897000 -1.863070
v 1.707710 0.897000 -1.842290
v 1.736320 0.906000 -1.869100
v 1.703100 0.906000 -1.846900
v 1.775510 0.905900 -1.876900
v 1.776120 0.896910 -1.870500
v 2.024500 0.905900 -1.876900
v 2.023890 0.896910 -1.870500
v 2.063690 0.906000 -1.869100
v 2.061210 0.897000 -1.863070
v 2.061190 0.800810 -1.863070
v 2.088050 0.789650 -1.836500
v 2.082660 0.773480 -1.831020
v 2.050930 0.773480 -1.852550
v 2.056330 0.789650 -1.858030
v 2.092300 0.800810 -1.842290
v 2.092300 0.897000 -1.842290
v 2.096910 0.906000 -1.846900
v 2.111300 0.773480 -1.239210
v 2.099160 0.760130 -1.251540
v 2.099160 0.760130 -1.748450
v 2.111300 0.773480 -1.760780
v 2.116690 0.789650 -1.233730
v 2.116690 0.789650 -1.766260
v 2.103860 0.773480 -1.798790
v 2.109250 0.789650 -1.195720
v 2.103860 0.773480 -1.201200
v 2.088050 0.789650 -1.163490
v 2.082660 0.773480 -1.168970
v 2.092300 0.800810 -1.157700
v 2.113080 0.800810 -1.188810
v 2.092300 0.897000 -1.157700
v 2.113080 0.897000 -1.188790
v 2.120510 0.800810 -1.226130
v 2.120510 0.896910 -1.226110
v 2.119110 0.906000 -1.186310
v 2.126910 0.905900 -1.225490
v 2.109250 0.789650 -1.804270
v 2.082660 0.773480 -1.831020
v 2.088050 0.789650 -1.836500
v 2.120510 0.800810 -1.773860
v 2.120510 0.896910 -1.773880
v 2.126910 0.905900 -1.774500
v 2.113080 0.800810 -1.811180
v 2.092300 0.800810 -1.842290
v 2.113080 0.897000 -1.811200
v 2.119110 0.906000 -1.813680
v 2.092300 0.897000 -1.842290
v 2.096910 0.906000 -1.846900
v 2.096910 0.906000 -1.153090
v 2.103860 0.773480 -1.798790
v 2.111300 0.773480 -1.760780
v 2.099160 0.760130 -1.748450
v 2.091710 0.760130 -1.786460
v 2.082660 0.773480 -1.831020
v 2.070510 0.760130 -1.818680
v 2.050930 0.773480 -1.852550
v 2.085410 0.757460 -1.782360
v 2.038790 0.760130 -1.840210
v 2.013510 0.773480 -1.860110
v 2.001370 0.760130 -1.847780
v 2.034760 0.757460 -1.833810
v 2.092550 0.757460 -1.745570
v 2.099160 0.760130 -1.251540
v 2.065120 0.757460 -1.813200
v 2.030700 0.750780 -1.778240
v 2.040410 0.750780 -1.763480
v 2.016160 0.750780 -1.788100
v 1.998530 0.757460 -1.841070
v 1.993870 0.750780 -1.792570
v 1.801480 0.757460 -1.841070
v 1.798640 0.760130 -1.847780
v 1.806140 0.750780 -1.792570
v 1.765250 0.757460 -1.833810
v 1.761220 0.760130 -1.840210
v 1.783850 0.750780 -1.788100
v 1.729500 0.760130 -1.818680
v 1.717350 0.773480 -1.831020
v 1.696150 0.773480 -1.798790
v 1.708300 0.760130 -1.786460
v 1.688710 0.773480 -1.760780
v 1.700850 0.760130 -1.748450
v 1.714600 0.757460 -1.782360
v 1.734890 0.757460 -1.813200
v 1.769310 0.750780 -1.778240
v 1.759600 0.750780 -1.763480
v 1.874000 0.750360 -1.537080
v 1.878980 0.750360 -1.537650
v 1.870760 0.750360 -1.535810
v 1.868600 0.750360 -1.533920
v 1.921030 0.750360 -1.537650
v 1.926010 0.750360 -1.537080
v 1.929250 0.750360 -1.535810
v 1.867610 0.750360 -1.531010
v 1.931410 0.750360 -1.533920
v 1.755210 0.750780 -1.740830
v 1.867610 0.750360 -1.468980
v 2.044800 0.750780 -1.740830
v 1.932400 0.750360 -1.531010
v 1.707460 0.757460 -1.745570
v 1.755210 0.750780 -1.259160
v 1.868600 0.750360 -1.466070
v 1.707460 0.757460 -1.254420
v 1.700850 0.760130 -1.251540
v 1.759600 0.750780 -1.236510
v 1.870760 0.750360 -1.464180
v 2.092550 0.757460 -1.254420
v 1.714600 0.757460 -1.217630
v 1.769310 0.750780 -1.221750
v 1.874000 0.750360 -1.462910
v 2.044800 0.750780 -1.259160
v 1.932400 0.750360 -1.468980
v 2.085410 0.757460 -1.217630
v 2.040410 0.750780 -1.236510
v 1.931410 0.750360 -1.466070
v 1.783850 0.750780 -1.211890
v 1.878980 0.750360 -1.462340
v 2.030700 0.750780 -1.221750
v 1.929250 0.750360 -1.464180
v 2.091710 0.760130 -1.213530
v 2.111300 0.773480 -1.239210
v 2.103860 0.773480 -1.201200
v 2.070510 0.760130 -1.181310
v 2.082660 0.773480 -1.168970
v 2.065120 0.757460 -1.186790
v 2.016160 0.750780 -1.211890
v 1.926010 0.750360 -1.462910
v 2.034760 0.757460 -1.166180
v 2.038790 0.760130 -1.159780
v 2.050930 0.773480 -1.147440
v 2.001360 0.760130 -1.152210
v 2.013510 0.773480 -1.139880
v 1.998530 0.757460 -1.158920
v 1.798640 0.760130 -1.152210
v 1.993870 0.750780 -1.207420
v 1.921030 0.750360 -1.462340
v 1.801480 0.757460 -1.158920
v 1.806140 0.750780 -1.207420
v 1.765250 0.757460 -1.166180
v 1.761220 0.760130 -1.159780
v 1.734890 0.757460 -1.186790
v 1.729500 0.760130 -1.181310
v 1.749080 0.773480 -1.147440
v 1.717350 0.773480 -1.168970
v 1.708300 0.760130 -1.213530
v 1.696150 0.773480 -1.201200
v 1.688710 0.773480 -1.239210
v 1.749080 0.773480 -1.852550
v 1.786500 0.773480 -1.860110
v 1.786500 0.773480 -1.139880
v 2.169150 0.899500 -1.919140
v 2.162660 0.657000 -1.923470
v 2.169150 0.657000 -1.919140
v 2.162660 0.899500 -1.923470
v 2.169150 0.906870 -1.919140
v 2.162660 0.906870 -1.923470
v 2.155000 0.657000 -1.925000
v 2.155000 0.899500 -1.925000
v 2.155010 0.906870 -1.925000
v 1.645000 0.906870 -1.925000
v 1.645000 0.899500 -1.925000
v 1.645000 0.657000 -1.925000
v 1.637350 0.657000 -1.923470
v 1.637350 0.899500 -1.923470
v 1.637350 0.906870 -1.923470
v 1.630860 0.899500 -1.919140
v 1.630860 0.906870 -1.919140
v 1.630860 0.657000 -1.919140
v 1.630860 0.899500 -1.919140
v 1.626530 0.657000 -1.912650
v 1.630860 0.657000 -1.919140
v 1.626530 0.899500 -1.912650
v 1.630860 0.906870 -1.919140
v 1.626530 0.906870 -1.912650
v 1.625000 0.657000 -1.904990
v 1.625000 0.899500 -1.904990
v 1.625000 0.906870 -1.905000
v 1.625000 0.906870 -1.094990
v 1.625000 0.899500 -1.094990
v 1.625000 0.657000 -1.094990
v 1.626530 0.657000 -1.087340
v 1.626530 0.899500 -1.087340
v 1.630860 0.657000 -1.080850
v 1.626530 0.906870 -1.087340
v 1.630860 0.899500 -1.080850
v 1.630860 0.906870 -1.080850
v 1.630860 0.899500 -1.080850
v 1.637350 0.657000 -1.076520
v 1.630860 0.657000 -1.080850
v 1.637350 0.899500 -1.076520
v 1.630860 0.906870 -1.080850
v 1.637350 0.906870 -1.076520
v 1.645000 0.657000 -1.074990
v 1.645000 0.899500 -1.074990
v 1.645000 0.906870 -1.074990
v 2.155010 0.906870 -1.074990
v 2.155000 0.899500 -1.074990
v 2.155000 0.657000 -1.074990
v 2.162660 0.657000 -1.076520
v 2.162660 0.899500 -1.076520
v 2.162660 0.906870 -1.076520
v 2.169150 0.657000 -1.080850
v 2.169060 0.899500 -1.080910
v 2.169110 0.906900 -1.080880
v 2.173480 0.657000 -1.087340
v 2.175000 0.657000 -1.094990
v 2.175000 0.657000 -1.904990
v 2.173480 0.657000 -1.912650
v 2.169150 0.657000 -1.080850
v 2.169150 0.657000 -1.919140
v 2.162660 0.657000 -1.076520
v 2.162660 0.657000 -1.923470
v 2.155000 0.657000 -1.074990
v 2.155000 0.657000 -1.925000
v 1.645000 0.657000 -1.074990
v 1.645000 0.657000 -1.925000
v 1.637350 0.657000 -1.076520
v 1.637350 0.657000 -1.923470
v 1.630860 0.657000 -1.080850
v 1.630860 0.657000 -1.919140
v 1.626530 0.657000 -1.087340
v 1.626530 0.657000 -1.912650
v 1.625000 0.657000 -1.094990
v 1.625000 0.657000 -1.904990
v 2.173480 0.657000 -1.087340
v 2.169150 0.657000 -1.080850
v 2.169060 0.899500 -1.080910
v 2.173400 0.899500 -1.087400
v 2.169110 0.906900 -1.080880
v 2.173440 0.906900 -1.087370
v 2.175000 0.657000 -1.094990
v 2.174910 0.899500 -1.094990
v 2.174960 0.906900 -1.094990
v 2.174960 0.906900 -1.905000
v 2.174910 0.899500 -1.904990
v 2.175000 0.657000 -1.904990
v 2.173480 0.657000 -1.912650
v 2.173480 0.899500 -1.912650
v 2.169150 0.657000 -1.919140
v 2.173480 0.906870 -1.912650
v 2.169150 0.899500 -1.919140
v 2.169150 0.906870 -1.919140
v 2.125380 0.905870 -1.864550
v 2.126910 0.905870 -1.856900
v 2.126910 0.905900 -1.774500
v 2.119110 0.906000 -1.813680
v 2.121050 0.905870 -1.871040
v 2.114560 0.905870 -1.875370
v 2.096910 0.906000 -1.846900
v 2.106910 0.905870 -1.876900
v 2.063690 0.906000 -1.869100
v 2.024500 0.905900 -1.876900
v 1.693100 0.905870 -1.876900
v 1.775510 0.905900 -1.876900
v 1.736320 0.906000 -1.869100
v 1.703100 0.906000 -1.846900
v 1.680900 0.906000 -1.813680
v 1.685450 0.905870 -1.875370
v 1.678960 0.905870 -1.871040
v 1.673100 0.905900 -1.774500
v 1.674630 0.905870 -1.864550
v 1.673100 0.905870 -1.856900
v 1.674630 0.905870 -1.135440
v 1.673100 0.905870 -1.143090
v 1.673100 0.905900 -1.225490
v 1.678960 0.905870 -1.128950
v 1.680900 0.906000 -1.186310
v 1.685450 0.905870 -1.124620
v 1.693100 0.905870 -1.123090
v 1.703100 0.906000 -1.153090
v 1.736320 0.906000 -1.130890
v 1.775500 0.905900 -1.123090
v 2.106910 0.905870 -1.123090
v 2.024500 0.905900 -1.123090
v 2.063690 0.906000 -1.130890
v 2.096910 0.906000 -1.153090
v 2.114560 0.905870 -1.124620
v 2.119110 0.906000 -1.186310
v 2.121050 0.905870 -1.128950
v 2.125380 0.905870 -1.135440
v 2.126910 0.905900 -1.225490
v 2.126910 0.905870 -1.143090
v 1.947120 0.750000 -1.480480
v 1.951000 0.750000 -1.500000
v 1.947120 0.750000 -1.519510
v 1.936070 0.750000 -1.463930
v 1.936070 0.750000 -1.536060
v 1.919520 0.750000 -1.452880
v 1.919520 0.750000 -1.547110
v 1.900000 0.750000 -1.449000
v 1.900000 0.750000 -1.550990
v 1.880490 0.750000 -1.452880
v 1.880490 0.750000 -1.547110
v 1.863940 0.750000 -1.463930
v 1.863940 0.750000 -1.536060
v 1.852890 0.750000 -1.480480
v 1.852890 0.750000 -1.519510
v 1.849010 0.750000 -1.500000
v 1.900000 0.752090 -1.532000
v 1.912250 0.752090 -1.529570
v 1.911820 0.748620 -1.528520
v 1.900000 0.748620 -1.530870
v 1.887760 0.752090 -1.529570
v 1.888190 0.748620 -1.528520
v 1.877370 0.752090 -1.522630
v 1.878170 0.748620 -1.521830
v 1.921840 0.748620 -1.521830
v 1.922640 0.752090 -1.522630
v 1.928530 0.748620 -1.511810
v 1.929580 0.752090 -1.512240
v 1.930880 0.748620 -1.500000
v 1.932010 0.752090 -1.500000
v 1.928530 0.748620 -1.488180
v 1.929580 0.752090 -1.487750
v 1.921840 0.748620 -1.478160
v 1.922640 0.752090 -1.477360
v 1.911820 0.748620 -1.471470
v 1.912250 0.752090 -1.470420
v 1.900000 0.748620 -1.469120
v 1.900000 0.752090 -1.467990
v 1.888190 0.748620 -1.471470
v 1.887760 0.752090 -1.470420
v 1.878170 0.748620 -1.478160
v 1.877370 0.752090 -1.477360
v 1.871480 0.748620 -1.488180
v 1.870430 0.752090 -1.487750
v 1.869130 0.748620 -1.500000
v 1.868000 0.752090 -1.500000
v 1.871480 0.748620 -1.511810
v 1.870430 0.752090 -1.512240
v 1.951000 0.750000 -1.500000
v 1.943410 0.754010 -1.517980
v 1.947120 0.750000 -1.519510
v 1.946990 0.754010 -1.500000
v 1.947120 0.750000 -1.480480
v 1.943410 0.754010 -1.482010
v 1.936070 0.750000 -1.463930
v 1.933230 0.754010 -1.466770
v 1.919520 0.750000 -1.452880
v 1.917990 0.754010 -1.456590
v 1.900000 0.750000 -1.449000
v 1.900000 0.754010 -1.453010
v 1.880490 0.750000 -1.452880
v 1.882020 0.754010 -1.456590
v 1.863940 0.750000 -1.463930
v 1.866780 0.754010 -1.466770
v 1.852890 0.750000 -1.480480
v 1.887760 0.752090 -1.470420
v 1.900000 0.752090 -1.467990
v 1.912250 0.752090 -1.470420
v 1.922640 0.752090 -1.477360
v 1.929580 0.752090 -1.487750
v 1.932010 0.752090 -1.500000
v 1.929580 0.752090 -1.512240
v 1.856600 0.754010 -1.482010
v 1.849010 0.750000 -1.500000
v 1.922640 0.752090 -1.522630
v 1.853020 0.754010 -1.500000
v 1.870430 0.752090 -1.487750
v 1.852890 0.750000 -1.519510
v 1.868000 0.752090 -1.500000
v 1.933230 0.754010 -1.533220
v 1.912250 0.752090 -1.529570
v 1.936070 0.750000 -1.536060
v 1.856600 0.754010 -1.517980
v 1.863940 0.750000 -1.536060
v 1.870430 0.752090 -1.512240
v 1.917990 0.754010 -1.543400
v 1.900000 0.752090 -1.532000
v 1.919520 0.750000 -1.547110
v 1.866780 0.754010 -1.533220
v 1.880490 0.750000 -1.547110
v 1.877370 0.752090 -1.522630
v 1.900000 0.754010 -1.546980
v 1.887760 0.752090 -1.529570
v 1.900000 0.750000 -1.550990
v 1.882020 0.754010 -1.543400
v 1.877370 0.752090 -1.477360
v 1.916570 0.659000 -1.506860
v 1.917940 0.659000 -1.500000
v 1.916570 0.659000 -1.493130
v 1.912690 0.659000 -1.512680
v 1.912690 0.659000 -1.487310
v 1.906870 0.659000 -1.516560
v 1.906870 0.659000 -1.483430
v 1.900000 0.659000 -1.517930
v 1.900000 0.659000 -1.482060
v 1.893140 0.659000 -1.516560
v 1.893140 0.659000 -1.483430
v 1.887320 0.659000 -1.512680
v 1.887320 0.659000 -1.487310
v 1.883440 0.659000 -1.506860
v 1.883440 0.659000 -1.493130
v 1.882070 0.659000 -1.500000
v 1.921840 0.748620 -1.521830
v 1.906870 0.738210 -1.516560
v 1.911820 0.748620 -1.528520
v 1.912690 0.738210 -1.512680
v 1.928530 0.748620 -1.511810
v 1.916570 0.738210 -1.506860
v 1.930880 0.748620 -1.500000
v 1.917940 0.738210 -1.500000
v 1.900000 0.738210 -1.517930
v 1.900000 0.748620 -1.530870
v 1.893140 0.738210 -1.516560
v 1.888190 0.748620 -1.528520
v 1.887320 0.738210 -1.512680
v 1.878170 0.748620 -1.521830
v 1.869130 0.748620 -1.500000
v 1.888190 0.748620 -1.471470
v 1.900000 0.738210 -1.482060
v 1.900000 0.748620 -1.469120
v 1.906870 0.738210 -1.483430
v 1.911820 0.748620 -1.471470
v 1.912690 0.738210 -1.487310
v 1.921840 0.748620 -1.478160
v 1.916570 0.738210 -1.493130
v 1.928530 0.748620 -1.488180
v 1.883440 0.738210 -1.493130
v 1.887320 0.659000 -1.487310
v 1.887320 0.738210 -1.487310
v 1.883440 0.659000 -1.493130
v 1.882070 0.738210 -1.500000
v 1.882070 0.659000 -1.500000
v 1.883440 0.738210 -1.506860
v 1.883440 0.659000 -1.506860
v 1.887320 0.738210 -1.512680
v 1.887320 0.659000 -1.512680
v 1.887320 0.738210 -1.487310
v 1.887320 0.659000 -1.487310
v 1.893140 0.659000 -1.483430
v 1.893140 0.738210 -1.483430
v 1.900000 0.659000 -1.482060
v 1.900000 0.738210 -1.482060
v 1.906870 0.659000 -1.483430
v 1.906870 0.738210 -1.483430
v 1.912690 0.659000 -1.487310
v 1.912690 0.738210 -1.487310
v 1.912690 0.738210 -1.487310
v 1.912690 0.659000 -1.487310
v 1.916570 0.659000 -1.493130
v 1.916570 0.738210 -1.493130
v 1.917940 0.659000 -1.500000
v 1.917940 0.738210 -1.500000
v 1.916570 0.659000 -1.506860
v 1.916570 0.738210 -1.506860
v 1.912690 0.659000 -1.512680
v 1.912690 0.738210 -1.512680
v 1.912690 0.738210 -1.512680
v 1.912690 0.659000 -1.512680
v 1.906870 0.659000 -1.516560
v 1.906870 0.738210 -1.516560
v 1.900000 0.659000 -1.517930
v 1.900000 0.738210 -1.517930
v 1.893140 0.659000 -1.516560
v 1.893140 0.738210 -1.516560
v 1.887320 0.659000 -1.512680
v 1.887320 0.738210 -1.512680
v 1.645520 0.907570 -1.080210
v 2.024500 0.906810 -1.117910
v 2.107420 0.906770 -1.117910
v 1.775500 0.906810 -1.117910
v 1.692590 0.906770 -1.117910
v 1.639380 0.907590 -1.081420
v 1.683430 0.906760 -1.119730
v 1.634620 0.907590 -1.084610
v 1.675220 0.906750 -1.125210
v 1.631430 0.907590 -1.089370
v 1.669740 0.906760 -1.133420
v 1.630220 0.907570 -1.095510
v 1.667920 0.906770 -1.142580
v 1.630220 0.907570 -1.904480
v 1.667920 0.906770 -1.857410
v 1.669740 0.906760 -1.866570
v 1.631430 0.907590 -1.910620
v 1.675220 0.906750 -1.874780
v 1.634620 0.907590 -1.915380
v 1.683430 0.906760 -1.880260
v 1.639380 0.907590 -1.918570
v 1.692590 0.906770 -1.882080
v 1.645520 0.907570 -1.919780
v 1.775510 0.906810 -1.882080
v 2.024510 0.906810 -1.882080
v 2.107420 0.906770 -1.882080
v 1.625000 0.906870 -1.905000
v 1.626530 0.906870 -1.912650
v 1.625000 0.906870 -1.094990
v 1.630860 0.906870 -1.919140
v 1.637350 0.906870 -1.923470
v 1.626530 0.906870 -1.087340
v 1.645000 0.906870 -1.925000
v 1.630860 0.906870 -1.080850
v 1.637350 0.906870 -1.076520
v 2.155010 0.906870 -1.925000
v 1.645000 0.906870 -1.074990
v 2.154490 0.907570 -1.919780
v 2.162660 0.906870 -1.923470
v 2.154490 0.907570 -1.080210
v 2.155010 0.906870 -1.074990
v 2.160630 0.907590 -1.918570
v 2.169150 0.906870 -1.919140
v 2.116580 0.906760 -1.880260
v 2.160610 0.907590 -1.081420
v 2.162660 0.906870 -1.076520
v 2.116580 0.906760 -1.119730
v 2.165390 0.907590 -1.915380
v 2.173480 0.906870 -1.912650
v 2.124790 0.906750 -1.874780
v 2.165340 0.907620 -1.084620
v 2.169110 0.906900 -1.080880
v 2.124790 0.906750 -1.125210
v 2.168560 0.907580 -1.910630
v 2.174960 0.906900 -1.905000
v 2.130270 0.906760 -1.866570
v 2.168530 0.907620 -1.089400
v 2.173440 0.906900 -1.087370
v 2.130270 0.906760 -1.133420
v 2.169740 0.907590 -1.904500
v 2.132090 0.906780 -1.857410
v 2.174960 0.906900 -1.094990
v 2.132090 0.906780 -1.142580
v 2.169740 0.907600 -1.095510
v 2.125380 0.905870 -1.864550
v 2.132090 0.906780 -1.857410
v 2.126910 0.905870 -1.856900
v 2.130270 0.906760 -1.866570
v 2.132090 0.906820 -1.774490
v 2.121050 0.905870 -1.871040
v 2.126910 0.905900 -1.774500
v 2.124790 0.906750 -1.874780
v 2.132090 0.906820 -1.225490
v 2.114560 0.905870 -1.875370
v 2.126910 0.905900 -1.225490
v 2.116580 0.906760 -1.880260
v 2.132090 0.906780 -1.142580
v 2.106910 0.905870 -1.876900
v 2.126910 0.905870 -1.143090
v 2.107420 0.906770 -1.882080
v 2.130270 0.906760 -1.133420
v 2.024500 0.905900 -1.876900
v 2.125380 0.905870 -1.135440
v 2.024510 0.906810 -1.882080
v 2.124790 0.906750 -1.125210
v 1.775510 0.905900 -1.876900
v 2.121050 0.905870 -1.128950
v 1.775510 0.906810 -1.882080
v 2.116580 0.906760 -1.119730
v 1.693100 0.905870 -1.876900
v 2.114560 0.905870 -1.124620
v 1.692590 0.906770 -1.882080
v 2.107420 0.906770 -1.117910
v 1.685450 0.905870 -1.875370
v 2.106910 0.905870 -1.123090
v 1.683430 0.906760 -1.880260
v 2.024500 0.906810 -1.117910
v 1.678960 0.905870 -1.871040
v 2.024500 0.905900 -1.123090
v 1.675220 0.906750 -1.874780
v 1.775500 0.906810 -1.117910
v 1.674630 0.905870 -1.864550
v 1.775500 0.905900 -1.123090
v 1.669740 0.906760 -1.866570
v 1.692590 0.906770 -1.117910
v 1.673100 0.905870 -1.856900
v 1.693100 0.905870 -1.123090
v 1.667920 0.906770 -1.857410
v 1.683430 0.906760 -1.119730
v 1.673100 0.905900 -1.774500
v 1.685450 0.905870 -1.124620
v 1.667920 0.906810 -1.774500
v 1.675220 0.906750 -1.125210
v 1.673100 0.905900 -1.225490
v 1.678960 0.905870 -1.128950
v 1.667920 0.906810 -1.225500
v 1.669740 0.906760 -1.133420
v 1.673100 0.905870 -1.143090
v 1.674630 0.905870 -1.135440
v 1.667920 0.906770 -1.142580
vn -0.3364 0.4011 -0.8520
vn -0.0596 0.4279 -0.9019
vn -0.0887 0.3908 -0.9162
vn -0.5087 0.4237 -0.7495
vn -0.3402 0.4567 -0.8220
vn 1.0000 -0.0000 -0.0000
vn 1.0000 -0.0054 -0.0000
vn -1.0000 0.0014 -0.0000
vn -1.0000 -0.0021 -0.0000
vn 0.6268 0.7792 -0.0000
vn 0.5791 0.7792 0.2399
vn 0.5791 0.7792 0.2398
vn 0.4431 0.7792 -0.4433
vn 0.5792 0.7792 -0.2396
vn 0.5791 0.7792 -0.2397
vn 0.4432 0.7792 -0.4432
vn 0.2399 0.7792 -0.5791
vn -0.0000 0.6785 -0.7346
vn 0.0596 0.4279 -0.9018
vn 0.0883 0.3910 -0.9162
vn 0.1050 0.2227 -0.9692
vn 0.3793 0.2548 -0.8895
vn 0.3631 0.3205 -0.8749
vn -0.1056 0.2233 -0.9690
vn 0.0937 0.3110 -0.9458
vn 0.3106 0.5867 -0.7479
vn 0.4530 0.5791 -0.6778
vn 0.5274 0.3147 -0.7892
vn 0.0805 0.5817 -0.8094
vn -0.0937 0.3109 -0.9458
vn -0.0805 0.5817 -0.8094
vn -0.3800 0.2563 -0.8888
vn -0.3630 0.3206 -0.8749
vn -0.3106 0.5869 -0.7477
vn -0.4895 0.4834 -0.7257
vn -0.5333 0.2797 -0.7984
vn -0.5274 0.3147 -0.7892
vn -0.4529 0.5792 -0.6778
vn 0.3365 0.4011 -0.8520
vn 0.5086 0.4236 -0.7496
vn 0.4910 0.4852 -0.7235
vn 0.3394 0.4579 -0.8217
vn 0.5357 0.2779 -0.7974
vn 0.7398 0.6728 -0.0000
vn 0.9048 0.4220 0.0577
vn 0.9048 0.4220 -0.0577
vn 0.8574 0.3968 0.3276
vn 0.7576 0.4214 0.4984
vn 0.7357 0.4738 0.4840
vn 0.8378 0.4371 0.3272
vn 0.9321 0.3527 0.0820
vn 0.9321 0.3528 -0.0817
vn 0.8574 0.3968 -0.3276
vn 0.9738 0.1985 0.1111
vn 0.8373 0.4383 -0.3268
vn 0.7576 0.4214 -0.4984
vn 0.7333 0.4759 -0.4855
vn 0.9741 0.1976 -0.1104
vn 0.8884 0.2480 -0.3863
vn 0.8048 0.2517 -0.5376
vn 0.8749 0.3205 -0.3631
vn 0.7892 0.3146 -0.5274
vn 0.7479 0.5867 -0.3107
vn 0.6778 0.5792 -0.4529
vn 0.8094 0.5817 -0.0805
vn 0.9458 0.3110 -0.0937
vn 0.8094 0.5817 0.0805
vn 0.9458 0.3110 0.0937
vn 0.8749 0.3205 0.3631
vn 0.8876 0.2496 0.3870
vn 0.8057 0.2531 0.5355
vn 0.7892 0.3147 0.5274
vn 0.6778 0.5792 0.4530
vn 0.7479 0.5867 0.3106
vn -0.0000 0.6785 0.7346
vn -0.0596 0.4279 0.9018
vn 0.0596 0.4279 0.9018
vn -0.0883 0.3910 0.9162
vn 0.0887 0.3908 0.9162
vn 0.3364 0.4011 0.8520
vn -0.1050 0.2227 0.9692
vn 0.3402 0.4567 0.8220
vn 0.5087 0.4237 0.7495
vn 0.4895 0.4834 0.7257
vn 0.1056 0.2233 0.9690
vn 0.3800 0.2563 0.8888
vn 0.5333 0.2797 0.7983
vn 0.3631 0.3205 0.8749
vn 0.5274 0.3146 0.7892
vn 0.3106 0.5867 0.7479
vn 0.4529 0.5792 0.6778
vn 0.0804 0.5817 0.8094
vn 0.0937 0.3109 0.9458
vn -0.0805 0.5817 0.8094
vn -0.0937 0.3109 0.9458
vn -0.3106 0.5867 0.7479
vn -0.3631 0.3205 0.8749
vn -0.3793 0.2548 0.8895
vn -0.3365 0.4011 0.8520
vn -0.5086 0.4236 0.7496
vn -0.4910 0.4852 0.7235
vn -0.3394 0.4579 0.8217
vn -0.5357 0.2779 0.7974
vn -0.5274 0.3147 0.7892
vn -0.4530 0.5791 0.6778
vn -0.7398 0.6728 -0.0000
vn -0.7399 0.6728 -0.0000
vn -0.9048 0.4220 -0.0577
vn -0.9048 0.4220 0.0577
vn -0.9321 0.3527 -0.0820
vn -0.9321 0.3528 0.0817
vn -0.8574 0.3969 0.3276
vn -0.8378 0.4371 -0.3272
vn -0.8574 0.3968 -0.3276
vn -0.7357 0.4738 -0.4839
vn -0.7576 0.4215 -0.4984
vn -0.8057 0.2531 -0.5355
vn -0.8876 0.2496 -0.3870
vn -0.7892 0.3147 -0.5274
vn -0.8749 0.3205 -0.3631
vn -0.9738 0.1985 -0.1111
vn -0.9458 0.3110 -0.0937
vn -0.7479 0.5867 -0.3106
vn -0.8094 0.5818 -0.0805
vn -0.8373 0.4383 0.3268
vn -0.7576 0.4215 0.4984
vn -0.7333 0.4759 0.4855
vn -0.9741 0.1976 0.1104
vn -0.9458 0.3110 0.0937
vn -0.8094 0.5817 0.0805
vn -0.8884 0.2480 0.3863
vn -0.8048 0.2518 0.5376
vn -0.8749 0.3205 0.3631
vn -0.7479 0.5867 0.3107
vn -0.7892 0.3146 0.5274
vn -0.6778 0.5792 0.4530
vn -0.6778 0.5792 -0.4530
vn -0.4504 0.8904 0.0662
vn -0.6702 0.7305 0.1312
vn -0.5816 0.7704 0.2611
vn -0.4856 0.8547 0.1836
vn -0.4343 0.7919 0.4292
vn -0.3497 0.8713 0.3443
vn -0.2646 0.7733 0.5762
vn -0.2354 0.9677 0.0907
vn -0.1874 0.8570 0.4801
vn -0.1343 0.7355 0.6640
vn -0.0678 0.8923 0.4463
vn -0.0926 0.9683 0.2321
vn -0.2590 0.9656 0.0211
vn -0.4504 0.8904 -0.0663
vn -0.1743 0.9697 0.1713
vn -0.0548 0.9970 0.0538
vn -0.0716 0.9970 0.0291
vn -0.0296 0.9971 0.0704
vn -0.0216 0.9665 0.2556
vn -0.0072 0.9973 0.0727
vn 0.0216 0.9665 0.2556
vn 0.0677 0.8923 0.4463
vn 0.0072 0.9973 0.0727
vn 0.0926 0.9683 0.2321
vn 0.1875 0.8570 0.4800
vn 0.0296 0.9971 0.0704
vn 0.3498 0.8713 0.3442
vn 0.4343 0.7919 0.4292
vn 0.5816 0.7705 0.2611
vn 0.4856 0.8547 0.1836
vn 0.6700 0.7307 0.1313
vn 0.4504 0.8904 0.0663
vn 0.2354 0.9677 0.0907
vn 0.1743 0.9697 0.1713
vn 0.0548 0.9970 0.0538
vn 0.0716 0.9970 0.0291
vn 0.0004 1.0000 0.0015
vn 0.0001 1.0000 0.0016
vn 0.0009 1.0000 0.0014
vn 0.0019 1.0000 0.0009
vn -0.0001 1.0000 0.0016
vn -0.0004 1.0000 0.0015
vn -0.0009 1.0000 0.0014
vn 0.0034 1.0000 0.0002
vn -0.0019 1.0000 0.0010
vn 0.0743 0.9972 0.0072
vn 0.0034 1.0000 -0.0002
vn -0.0743 0.9972 0.0072
vn -0.0034 1.0000 0.0002
vn 0.2590 0.9656 0.0211
vn 0.0743 0.9972 -0.0072
vn 0.0019 1.0000 -0.0010
vn 0.2590 0.9656 -0.0211
vn 0.4504 0.8904 -0.0662
vn 0.0716 0.9970 -0.0291
vn 0.0009 1.0000 -0.0014
vn -0.2590 0.9656 -0.0211
vn 0.2354 0.9677 -0.0907
vn 0.0548 0.9970 -0.0538
vn 0.0004 1.0000 -0.0015
vn -0.0743 0.9972 -0.0072
vn -0.0034 1.0000 -0.0002
vn -0.2354 0.9677 -0.0907
vn -0.0716 0.9970 -0.0291
vn -0.0019 1.0000 -0.0009
vn 0.0296 0.9971 -0.0704
vn 0.0001 1.0000 -0.0016
vn -0.0548 0.9970 -0.0538
vn -0.0009 1.0000 -0.0014
vn -0.4856 0.8547 -0.1836
vn -0.6700 0.7307 -0.1313
vn -0.5816 0.7705 -0.2611
vn -0.3498 0.8713 -0.3443
vn -0.4343 0.7919 -0.4292
vn -0.1743 0.9697 -0.1713
vn -0.0296 0.9971 -0.0704
vn -0.0004 1.0000 -0.0015
vn -0.0925 0.9683 -0.2321
vn -0.1874 0.8570 -0.4801
vn -0.2647 0.7733 -0.5762
vn -0.0677 0.8923 -0.4463
vn -0.1342 0.7355 -0.6641
vn -0.0216 0.9665 -0.2556
vn 0.0678 0.8923 -0.4463
vn -0.0072 0.9973 -0.0727
vn -0.0001 1.0000 -0.0016
vn 0.0216 0.9665 -0.2556
vn 0.0072 0.9973 -0.0727
vn 0.0926 0.9683 -0.2321
vn 0.1874 0.8570 -0.4801
vn 0.1743 0.9697 -0.1713
vn 0.3497 0.8713 -0.3443
vn 0.2646 0.7733 -0.5762
vn 0.4343 0.7919 -0.4292
vn 0.4856 0.8547 -0.1836
vn 0.5816 0.7704 -0.2611
vn 0.6702 0.7305 -0.1312
vn 0.1342 0.7354 0.6642
vn 0.2647 0.7732 0.5762
vn 0.1343 0.7356 -0.6640
vn 0.5550 -0.0000 -0.8319
vn 0.3827 -0.0000 -0.9239
vn 0.3828 -0.0001 -0.9238
vn 0.0984 -0.0000 -0.9951
vn 0.0986 -0.0001 -0.9951
vn -0.0985 -0.0000 -0.9951
vn -0.3828 -0.0000 -0.9238
vn -0.5550 -0.0000 -0.8319
vn -0.5550 -0.0000 -0.8318
vn -0.8319 -0.0000 -0.5550
vn -0.9239 -0.0000 -0.3827
vn -0.9238 -0.0001 -0.3828
vn -0.9951 -0.0000 -0.0984
vn -0.9951 -0.0001 -0.0986
vn -0.9951 -0.0000 0.0985
vn -0.9238 -0.0000 0.3829
vn -0.9238 -0.0000 0.3828
vn -0.8319 -0.0000 0.5550
vn -0.5550 -0.0000 0.8319
vn -0.3828 -0.0000 0.9238
vn -0.3829 -0.0000 0.9238
vn -0.0985 -0.0000 0.9951
vn 0.0986 -0.0001 0.9951
vn 0.0984 -0.0001 0.9952
vn 0.0984 -0.0000 0.9951
vn 0.3827 -0.0000 0.9239
vn 0.3886 0.0001 0.9214
vn 0.3875 -0.0018 0.9219
vn 0.5552 -0.0000 0.8317
vn 0.5642 -0.0016 0.8256
vn 0.5600 -0.0071 0.8285
vn -0.0000 -1.0000 -0.0000
vn 0.8313 -0.0038 0.5559
vn 0.8319 0.0004 0.5550
vn 0.9240 0.0004 0.3823
vn 0.9239 -0.0032 0.3826
vn 0.8315 -0.0074 0.5554
vn 0.9239 -0.0067 0.3827
vn 0.9952 0.0004 0.0979
vn 0.9952 -0.0031 0.0981
vn 0.9951 -0.0068 0.0982
vn 0.9956 -0.0051 -0.0936
vn 0.9957 -0.0033 -0.0922
vn 0.9952 0.0004 -0.0978
vn 0.9241 0.0002 -0.3820
vn 0.9259 -0.0008 -0.3777
vn 0.8319 -0.0000 -0.5550
vn 0.9251 -0.0000 -0.3797
vn 0.0146 0.9999 -0.0006
vn 0.0018 1.0000 -0.0004
vn 0.0038 1.0000 -0.0020
vn 0.0133 0.9999 -0.0009
vn 0.0019 1.0000 -0.0022
vn 0.0017 1.0000 -0.0031
vn 0.0029 1.0000 -0.0029
vn 0.0014 1.0000 -0.0045
vn 0.0008 0.9999 -0.0122
vn 0.0004 0.9999 -0.0146
vn -0.0008 0.9999 -0.0123
vn -0.0004 0.9999 -0.0147
vn -0.0018 1.0000 -0.0035
vn -0.0036 1.0000 -0.0031
vn -0.0176 0.9998 -0.0018
vn -0.0008 1.0000 -0.0022
vn -0.0020 1.0000 -0.0018
vn -0.0146 0.9999 -0.0012
vn -0.0006 1.0000 -0.0003
vn -0.0018 1.0000 -0.0004
vn -0.0146 0.9999 0.0012
vn -0.0018 1.0000 0.0004
vn -0.0006 1.0000 0.0003
vn -0.0020 1.0000 0.0018
vn -0.0176 0.9998 0.0018
vn -0.0008 1.0000 0.0022
vn -0.0018 1.0000 0.0035
vn -0.0036 1.0000 0.0031
vn -0.0008 0.9999 0.0122
vn -0.0004 0.9999 0.0147
vn 0.0008 0.9999 0.0122
vn 0.0004 0.9999 0.0146
vn 0.0014 1.0000 0.0045
vn 0.0029 1.0000 0.0029
vn 0.0017 1.0000 0.0031
vn 0.0133 0.9999 0.0009
vn 0.0019 1.0000 0.0022
vn 0.0038 1.0000 0.0020
vn 0.0146 0.9999 0.0006
vn 0.0018 1.0000 0.0004
vn -0.3635 0.3107 0.8783
vn -0.3633 0.3107 0.8783
vn -0.0001 0.3098 0.9508
vn -0.0001 0.3097 0.9508
vn 0.3635 0.3107 0.8783
vn 0.3638 0.3107 0.8781
vn 0.6722 0.3101 0.6723
vn -0.6723 0.3100 0.6722
vn -0.8781 0.3107 0.3638
vn -0.8782 0.3107 0.3635
vn -0.9508 0.3098 -0.0001
vn -0.8783 0.3106 -0.3635
vn -0.8784 0.3107 -0.3633
vn -0.6722 0.3100 -0.6723
vn -0.3638 0.3107 -0.8781
vn -0.3635 0.3107 -0.8783
vn 0.0003 0.3098 -0.9508
vn 0.0002 0.3098 -0.9508
vn 0.3636 0.3106 -0.8782
vn 0.3633 0.3107 -0.8783
vn 0.6723 0.3101 -0.6722
vn 0.8781 0.3107 -0.3638
vn 0.8783 0.3106 -0.3635
vn 0.9508 0.3098 0.0003
vn 0.9508 0.3098 0.0002
vn 0.8782 0.3107 0.3636
vn 0.8783 0.3107 0.3633
vn 0.6531 0.7074 -0.2703
vn 0.3421 0.9289 -0.1418
vn 0.7071 0.7071 -0.0001
vn 0.3706 0.9288 -0.0001
vn 0.6531 0.7073 0.2703
vn 0.3421 0.9289 0.1417
vn 0.4996 0.7076 0.4997
vn 0.2618 0.9289 0.2618
vn 0.2703 0.7074 0.6531
vn 0.1417 0.9289 0.3422
vn -0.0000 0.7071 0.7071
vn -0.0000 0.9288 0.3706
vn -0.2704 0.7073 0.6531
vn -0.1417 0.9289 0.3421
vn -0.4997 0.7076 0.4996
vn -0.2618 0.9289 0.2618
vn -0.6531 0.7074 0.2703
vn 0.0486 0.9919 -0.1175
vn -0.0000 0.9919 -0.1271
vn -0.0486 0.9919 -0.1175
vn -0.0899 0.9919 -0.0899
vn -0.1175 0.9919 -0.0486
vn -0.1272 0.9919 -0.0000
vn -0.1175 0.9919 0.0486
vn -0.3422 0.9289 0.1417
vn -0.7071 0.7071 -0.0000
vn -0.0899 0.9919 0.0899
vn -0.3706 0.9288 -0.0000
vn 0.1175 0.9919 -0.0486
vn -0.6531 0.7074 -0.2704
vn 0.1272 0.9919 -0.0000
vn 0.2618 0.9289 -0.2618
vn -0.0486 0.9919 0.1175
vn 0.4997 0.7076 -0.4996
vn -0.3421 0.9289 -0.1417
vn -0.4996 0.7076 -0.4997
vn 0.1175 0.9919 0.0486
vn 0.1417 0.9289 -0.3421
vn -0.0000 0.9919 0.1271
vn 0.2703 0.7073 -0.6531
vn -0.2618 0.9289 -0.2618
vn -0.2703 0.7074 -0.6531
vn 0.0899 0.9919 0.0899
vn -0.0001 0.9288 -0.3706
vn 0.0486 0.9919 0.1175
vn -0.0001 0.7071 -0.7071
vn -0.1418 0.9289 -0.3422
vn 0.0899 0.9919 -0.0899
vn -0.0000 1.0000 -0.0000
vn -0.2398 0.7792 0.5791
vn -0.4432 0.7792 0.4432
vn -0.4431 0.7792 0.4432
vn -0.5791 0.7792 0.2397
vn -0.6268 0.7792 0.0001
vn -0.6268 0.7792 0.0002
vn 0.0002 0.7792 0.6268
vn 0.0001 0.7792 0.6268
vn 0.2397 0.7792 0.5791
vn 0.4432 0.7792 0.4431
vn 0.4432 0.7792 0.4432
vn 0.2398 0.7792 -0.5791
vn -0.0000 0.7792 -0.6268
vn -0.2396 0.7792 -0.5792
vn -0.2397 0.7792 -0.5791
vn -0.4433 0.7792 -0.4431
vn -0.4432 0.7792 -0.4432
vn -0.5791 0.7792 -0.2398
vn 0.8321 -0.0000 -0.5547
vn 0.8320 -0.0000 -0.5547
vn 0.9240 -0.0000 -0.3824
vn 1.0000 -0.0000 0.0001
vn 0.9239 -0.0000 0.3826
vn 0.8320 -0.0000 0.5547
vn 0.8321 -0.0000 0.5547
vn 0.3826 -0.0000 -0.9239
vn 0.5547 -0.0000 -0.8320
vn 0.0001 -0.0000 -1.0000
vn -0.3824 -0.0000 -0.9240
vn -0.5547 -0.0000 -0.8321
vn -0.9240 -0.0000 -0.3824
vn -0.8321 -0.0000 -0.5547
vn -0.8320 -0.0000 -0.5547
vn -1.0000 -0.0000 0.0001
vn -0.9239 -0.0000 0.3826
vn -0.9239 -0.0000 0.3825
vn -0.8321 -0.0000 0.5547
vn -0.3824 -0.0000 0.9240
vn -0.5547 -0.0000 0.8321
vn 0.0001 -0.0000 1.0000
vn 0.0002 -0.0000 1.0000
vn 0.3825 -0.0000 0.9239
vn 0.3826 -0.0000 0.9239
vn 0.5547 -0.0000 0.8321
vn 0.5547 -0.0000 0.8320
vn -0.0007 0.9998 -0.0203
vn 0.0005 0.9999 -0.0155
vn -0.0045 0.9980 0.0633
vn -0.0000 0.9998 -0.0203
vn 0.0004 0.9998 -0.0209
vn -0.0249 0.9976 0.0648
vn 0.0045 0.9999 -0.0166
vn -0.0490 0.9976 0.0489
vn 0.0103 0.9999 -0.0103
vn -0.0639 0.9976 0.0254
vn 0.0161 0.9999 -0.0044
vn -0.0625 0.9980 0.0038
vn 0.0204 0.9998 -0.0007
vn -0.0630 0.9980 -0.0045
vn 0.0204 0.9998 0.0007
vn 0.0161 0.9999 0.0044
vn -0.0647 0.9976 -0.0248
vn 0.0103 0.9999 0.0103
vn -0.0489 0.9976 -0.0490
vn 0.0045 0.9999 0.0166
vn -0.0255 0.9976 -0.0640
vn 0.0004 0.9998 0.0209
vn -0.0039 0.9980 -0.0629
vn -0.0000 0.9998 0.0203
vn 0.0005 0.9999 0.0155
vn -0.0007 0.9998 0.0203
vn -0.1316 0.9912 -0.0130
vn -0.1237 0.9910 -0.0504
vn -0.1326 0.9911 0.0122
vn -0.0949 0.9909 -0.0950
vn -0.0515 0.9909 -0.1242
vn -0.1242 0.9909 0.0515
vn -0.0122 0.9911 -0.1326
vn -0.0950 0.9909 0.0949
vn -0.0504 0.9910 0.1237
vn 0.0130 0.9912 -0.1316
vn -0.0130 0.9912 0.1316
vn 0.0045 0.9980 -0.0633
vn 0.0504 0.9910 -0.1237
vn 0.0038 0.9980 0.0629
vn 0.0123 0.9911 0.1326
vn 0.0249 0.9976 -0.0648
vn 0.0950 0.9909 -0.0949
vn -0.0045 0.9999 0.0166
vn 0.0232 0.9976 0.0657
vn 0.0499 0.9909 0.1251
vn -0.0047 0.9999 -0.0166
vn 0.0492 0.9976 -0.0483
vn 0.1222 0.9911 -0.0519
vn -0.0102 0.9999 0.0103
vn 0.0473 0.9976 0.0502
vn 0.0939 0.9909 0.0961
vn -0.0107 0.9999 -0.0107
vn 0.0625 0.9977 -0.0256
vn 0.1303 0.9914 -0.0138
vn -0.0170 0.9998 0.0038
vn 0.0643 0.9976 0.0246
vn 0.1235 0.9911 0.0503
vn -0.0173 0.9998 -0.0041
vn 0.0597 0.9982 -0.0063
vn -0.0210 0.9998 0.0004
vn 0.1316 0.9912 0.0130
vn -0.0212 0.9998 -0.0005
vn 0.0626 0.9980 0.0045
vn -0.1714 0.9851 0.0167
vn -0.1708 0.9852 0.0161
vn -0.1542 0.9860 0.0629
vn -0.1535 0.9862 0.0621
vn -0.1748 0.9846 -0.0002
vn -0.1165 0.9864 0.1160
vn -0.1749 0.9846 -0.0002
vn -0.1164 0.9864 0.1161
vn -0.1749 0.9846 0.0002
vn -0.0631 0.9862 0.1531
vn -0.1748 0.9846 0.0002
vn -0.0629 0.9861 0.1539
vn -0.1716 0.9851 -0.0156
vn -0.0161 0.9854 0.1692
vn -0.1708 0.9852 -0.0159
vn -0.0160 0.9854 0.1697
vn -0.1542 0.9860 -0.0627
vn 0.0002 0.9849 0.1730
vn -0.1531 0.9862 -0.0631
vn -0.1161 0.9864 -0.1164
vn -0.0002 0.9849 0.1730
vn -0.1160 0.9864 -0.1165
vn -0.0626 0.9862 -0.1533
vn 0.0166 0.9854 0.1696
vn -0.0632 0.9861 -0.1538
vn 0.0162 0.9854 0.1693
vn -0.0162 0.9854 -0.1692
vn 0.0632 0.9861 0.1538
vn -0.0166 0.9854 -0.1696
vn 0.0626 0.9862 0.1533
vn 0.0002 0.9849 -0.1730
vn 0.1160 0.9864 0.1165
vn 0.1161 0.9864 0.1164
vn -0.0002 0.9849 -0.1730
vn 0.1531 0.9862 0.0631
vn 0.1539 0.9861 0.0629
vn 0.0160 0.9854 -0.1697
vn 0.1693 0.9854 0.0161
vn 0.0161 0.9854 -0.1693
vn 0.1697 0.9854 0.0160
vn 0.0629 0.9861 -0.1539
vn 0.1730 0.9849 -0.0002
vn 0.0631 0.9862 -0.1531
vn 0.1164 0.9864 -0.1161
vn 0.1730 0.9849 0.0002
vn 0.1165 0.9864 -0.1160
vn 0.1533 0.9862 -0.0626
vn 0.1696 0.9854 -0.0166
vn 0.1537 0.9861 -0.0632
vn 0.1692 0.9854 -0.0162
vt -0.793519 1.327403
vt -0.754181 1.327403
vt -0.759852 1.344092
vt -0.826869 1.327403
vt -0.799190 1.344092
vt -1.859039 0.138950
vt -1.941029 0.138952
vt -2.565918 0.138950
vt -2.483928 0.138952
vt -1.859039 0.609695
vt -2.565918 0.609695
vt -2.483927 0.609693
vt -1.941028 0.609693
vt -0.420956 0.392973
vt -0.413829 0.391556
vt -0.407900 0.405868
vt -0.434127 0.387518
vt -0.428084 0.391556
vt -0.434013 0.405868
vt -0.445081 0.398473
vt -0.438164 0.381476
vt -0.741417 1.313626
vt -0.528322 1.313626
vt -0.515558 1.327403
vt -0.509888 1.344092
vt -0.509888 1.354267
vt -0.470549 1.354267
vt -0.470535 1.457068
vt -0.759852 1.354267
vt -0.509874 1.456961
vt -0.470549 1.467243
vt -0.437200 1.467243
vt -0.437200 1.457068
vt -0.509888 1.467136
vt -0.759866 1.456961
vt -0.759852 1.467136
vt -0.799190 1.354267
vt -0.799204 1.457068
vt -0.799190 1.467243
vt -0.832539 1.344092
vt -0.832539 1.354267
vt -0.832539 1.457068
vt -0.832539 1.467243
vt -0.476220 1.327403
vt -0.442870 1.327403
vt -0.437200 1.344092
vt -0.470549 1.344092
vt -0.437200 1.354267
vt -1.609977 1.312698
vt -1.103675 1.312698
vt -1.091110 1.326642
vt -1.622543 1.326642
vt -1.052379 1.326642
vt -1.019546 1.326642
vt -1.013963 1.343532
vt -1.046796 1.343532
vt -1.085526 1.343532
vt -1.628127 1.343532
vt -1.661273 1.326642
vt -1.085526 1.353831
vt -1.666856 1.343532
vt -1.694107 1.326642
vt -1.699690 1.343532
vt -1.628127 1.353831
vt -1.666856 1.353831
vt -1.699690 1.353831
vt -1.666870 1.457873
vt -1.699690 1.457873
vt -1.666856 1.468171
vt -1.699690 1.468171
vt -1.628127 1.468062
vt -1.628141 1.457764
vt -1.085526 1.468062
vt -1.085511 1.457764
vt -1.046782 1.457873
vt -1.046796 1.353831
vt -1.013963 1.353831
vt -1.013963 1.457873
vt -1.013963 1.468171
vt -1.046796 1.468171
vt -0.741417 1.099712
vt -0.528322 1.099712
vt -0.515558 1.113490
vt -0.754181 1.113490
vt -0.509888 1.130179
vt -0.759852 1.130179
vt -0.793519 1.113490
vt -0.509888 1.140354
vt -0.799190 1.130179
vt -0.826869 1.113490
vt -0.832540 1.130179
vt -0.759852 1.140354
vt -0.799190 1.140354
vt -0.832540 1.140354
vt -0.799204 1.243156
vt -0.832540 1.243156
vt -0.799190 1.253331
vt -0.832540 1.253331
vt -0.759852 1.253223
vt -0.759866 1.243048
vt -0.509888 1.253223
vt -0.509874 1.243048
vt -0.470549 1.253331
vt -0.470535 1.243156
vt -0.470549 1.140354
vt -0.476220 1.113490
vt -0.442870 1.113490
vt -0.437200 1.130179
vt -0.470549 1.130179
vt -0.437200 1.140354
vt -0.437200 1.243156
vt -0.437200 1.253331
vt -1.609976 1.098786
vt -1.103676 1.098786
vt -1.091110 1.112729
vt -1.622542 1.112729
vt -1.085527 1.129619
vt -1.628126 1.129619
vt -1.661272 1.112729
vt -1.046797 1.129619
vt -1.052380 1.112729
vt -1.013963 1.129619
vt -1.019546 1.112729
vt -1.013963 1.139917
vt -1.046797 1.139917
vt -1.013963 1.243960
vt -1.046782 1.243960
vt -1.085527 1.139917
vt -1.085512 1.243851
vt -1.046797 1.254258
vt -1.085527 1.254148
vt -1.666855 1.129619
vt -1.694106 1.112729
vt -1.699690 1.129619
vt -1.628126 1.139917
vt -1.628140 1.243851
vt -1.628126 1.254148
vt -1.666855 1.139917
vt -1.699690 1.139917
vt -1.666870 1.243960
vt -1.666855 1.254258
vt -1.699690 1.243960
vt -1.699690 1.254258
vt -1.013963 1.254258
vt -2.046224 1.159356
vt -2.033989 1.146897
vt -1.996281 1.154535
vt -2.008516 1.166994
vt -1.964313 1.176285
vt -1.976548 1.188744
vt -1.942954 1.208838
vt -2.012577 1.173462
vt -1.955188 1.221297
vt -1.935453 1.247236
vt -1.947688 1.259695
vt -1.961541 1.225432
vt -2.049080 1.166131
vt -2.539168 1.159356
vt -1.981983 1.194278
vt -2.016671 1.229601
vt -2.031315 1.219636
vt -2.006885 1.244514
vt -1.954342 1.262603
vt -2.002455 1.267388
vt -1.954342 1.464789
vt -1.947688 1.467696
vt -2.002455 1.460004
vt -1.961541 1.501960
vt -1.955188 1.506095
vt -2.006885 1.482878
vt -1.976548 1.538647
vt -1.964313 1.551106
vt -1.996281 1.572857
vt -2.008516 1.560398
vt -2.033989 1.580495
vt -2.046224 1.568036
vt -2.012577 1.553929
vt -1.981983 1.533113
vt -2.016671 1.497791
vt -2.031315 1.507755
vt -2.255906 1.390375
vt -2.255337 1.385264
vt -2.257161 1.393701
vt -2.259039 1.395923
vt -2.255337 1.342127
vt -2.255906 1.337016
vt -2.257161 1.333690
vt -2.261925 1.396932
vt -2.259039 1.331468
vt -2.053779 1.512266
vt -2.323466 1.396932
vt -2.053779 1.215125
vt -2.261925 1.330460
vt -2.049080 1.561260
vt -2.531612 1.512266
vt -2.326352 1.395923
vt -2.536312 1.561260
vt -2.539168 1.568036
vt -2.554076 1.507755
vt -2.328230 1.393701
vt -2.536312 1.166131
vt -2.572815 1.553929
vt -2.568721 1.497791
vt -2.329485 1.390375
vt -2.531612 1.215125
vt -2.323466 1.330460
vt -2.572815 1.173462
vt -2.554076 1.219636
vt -2.326352 1.331468
vt -2.578506 1.482878
vt -2.330054 1.385264
vt -2.568721 1.229601
vt -2.328230 1.333690
vt -2.576876 1.166994
vt -2.551402 1.146897
vt -2.589110 1.154535
vt -2.608843 1.188744
vt -2.621078 1.176285
vt -2.603408 1.194278
vt -2.578506 1.244514
vt -2.329485 1.337016
vt -2.623851 1.225432
vt -2.630203 1.221297
vt -2.642438 1.208838
vt -2.637703 1.259695
vt -2.649939 1.247236
vt -2.631049 1.262603
vt -2.637703 1.467696
vt -2.582936 1.267388
vt -2.330054 1.342127
vt -2.631049 1.464789
vt -2.582936 1.460004
vt -2.623851 1.501960
vt -2.630203 1.506095
vt -2.603408 1.533113
vt -2.608843 1.538647
vt -2.642438 1.518553
vt -2.621078 1.551106
vt -2.576876 1.560398
vt -2.589110 1.572857
vt -2.551402 1.580495
vt -1.935453 1.480155
vt -1.942954 1.518553
vt -2.649939 1.480155
vt -1.736812 1.534001
vt -1.730230 1.534001
vt -1.736812 1.774350
vt -1.730230 1.774350
vt -1.736813 1.781652
vt -1.730231 1.781652
vt -1.722465 1.534001
vt -1.722465 1.774350
vt -1.722466 1.781652
vt -1.205100 1.781652
vt -1.205100 1.774350
vt -1.205100 1.534001
vt -1.197336 1.534001
vt -1.197336 1.774350
vt -1.197335 1.781652
vt -1.190753 1.774350
vt -1.190752 1.781652
vt -1.190753 1.534001
vt -2.662544 0.785000
vt -2.655991 0.785000
vt -2.662544 1.025942
vt -2.655991 1.025942
vt -2.662545 1.033261
vt -2.655992 1.033261
vt -2.648261 0.785000
vt -2.648261 1.025942
vt -2.648261 1.033261
vt -1.830173 1.033261
vt -1.830174 1.025942
vt -1.830174 0.785000
vt -1.822444 0.785000
vt -1.822444 1.025942
vt -1.815890 0.785000
vt -1.822443 1.033261
vt -1.815890 1.025942
vt -1.815890 1.033261
vt -1.041618 1.533990
vt -1.035035 1.533990
vt -1.041618 1.774328
vt -1.035035 1.774328
vt -1.041620 1.781629
vt -1.035036 1.781629
vt -1.027271 1.533990
vt -1.027271 1.774328
vt -1.027271 1.781629
vt -0.509858 1.781629
vt -0.509858 1.774328
vt -0.509858 1.533990
vt -0.502093 1.533990
vt -0.502093 1.774328
vt -0.502093 1.781629
vt -0.495511 1.533990
vt -0.495595 1.774328
vt -0.495552 1.781663
vt -1.489374 0.095868
vt -0.689495 0.095868
vt -0.681937 0.097410
vt -1.496933 0.097410
vt -0.675530 0.101800
vt -1.503340 0.101800
vt -0.671249 0.108371
vt -1.507621 0.108371
vt -0.669745 0.116121
vt -1.509124 0.116121
vt -0.669745 0.632574
vt -1.509124 0.632574
vt -0.671249 0.640325
vt -1.507621 0.640325
vt -0.675530 0.646895
vt -1.503340 0.646895
vt -0.681937 0.651286
vt -1.496933 0.651286
vt -0.689495 0.652827
vt -1.489374 0.652827
vt -1.592950 1.025917
vt -1.593006 0.784992
vt -1.586452 0.784992
vt -1.586396 1.025917
vt -1.592979 1.033269
vt -1.586425 1.033269
vt -1.578722 0.784992
vt -1.578722 1.025917
vt -1.578722 1.033269
vt -0.760584 1.033269
vt -0.760584 1.025917
vt -0.760584 0.784992
vt -0.752854 0.784992
vt -0.752854 1.025917
vt -0.746300 0.784992
vt -0.752853 1.033235
vt -0.746300 1.025917
vt -0.746299 1.033235
vt -1.941029 0.144207
vt -1.859544 0.144206
vt -1.851975 0.145751
vt -1.902277 0.152114
vt -1.845558 0.150148
vt -1.841270 0.156729
vt -1.869426 0.174626
vt -1.839764 0.164492
vt -1.847475 0.208317
vt -1.839765 0.248059
vt -1.847475 0.540327
vt -1.839765 0.500585
vt -1.839764 0.584152
vt -1.869426 0.574018
vt -1.902277 0.596530
vt -1.841270 0.591915
vt -1.845558 0.598496
vt -1.941029 0.604437
vt -1.851975 0.602893
vt -1.859544 0.604438
vt -2.483928 0.604437
vt -2.565413 0.604438
vt -2.572982 0.602893
vt -2.579398 0.598496
vt -2.522680 0.596530
vt -2.583686 0.591915
vt -2.585192 0.584152
vt -2.555531 0.574018
vt -2.577482 0.540327
vt -2.585192 0.500585
vt -2.577482 0.208317
vt -2.585192 0.248059
vt -2.585192 0.164492
vt -2.555531 0.174626
vt -2.583686 0.156729
vt -2.522680 0.152114
vt -2.579398 0.150148
vt -2.572982 0.145751
vt -2.483928 0.144207
vt -2.565413 0.144206
vt -0.467212 0.033100
vt -0.447696 0.029218
vt -0.428179 0.033100
vt -0.411633 0.044155
vt -0.483758 0.044155
vt -0.400578 0.060701
vt -0.494813 0.060701
vt -0.396696 0.080217
vt -0.498695 0.080217
vt -0.400578 0.099734
vt -0.494813 0.099734
vt -0.411633 0.116280
vt -0.483758 0.116280
vt -0.428179 0.127335
vt -0.467212 0.127335
vt -0.447696 0.131217
vt -0.420746 0.229489
vt -0.419757 0.229080
vt -0.417456 0.240652
vt -0.418525 0.240652
vt -0.419757 0.252225
vt -0.420746 0.251815
vt -0.426313 0.262035
vt -0.427069 0.261279
vt -0.427069 0.220026
vt -0.426313 0.219269
vt -0.436532 0.213702
vt -0.436123 0.212714
vt -0.447696 0.211482
vt -0.447696 0.210412
vt -0.458859 0.213702
vt -0.459268 0.212714
vt -0.468322 0.220026
vt -0.469079 0.219269
vt -0.474645 0.229489
vt -0.475634 0.229080
vt -0.476866 0.240652
vt -0.477936 0.240652
vt -0.474645 0.251815
vt -0.475634 0.252225
vt -0.468322 0.261279
vt -0.469079 0.262035
vt -0.458859 0.267602
vt -0.459268 0.268591
vt -0.447696 0.269822
vt -0.447696 0.270892
vt -0.436532 0.267602
vt -0.436123 0.268591
vt -0.427305 0.191426
vt -0.431729 0.202104
vt -0.447696 0.187370
vt -0.447696 0.198928
vt -0.468086 0.191426
vt -0.463663 0.202104
vt -0.485372 0.202976
vt -0.477199 0.211149
vt -0.496922 0.220262
vt -0.486244 0.224685
vt -0.500978 0.240652
vt -0.489420 0.240652
vt -0.496922 0.261042
vt -0.486244 0.256619
vt -0.485372 0.278328
vt -0.477199 0.270155
vt -0.468086 0.289878
vt -0.463663 0.279200
vt -0.447696 0.293934
vt -0.447696 0.282376
vt -0.427305 0.289878
vt -0.418192 0.211149
vt -0.410019 0.202976
vt -0.431729 0.279200
vt -0.410019 0.278328
vt -0.409148 0.224685
vt -0.398469 0.220262
vt -0.418192 0.270155
vt -0.398469 0.261042
vt -0.405972 0.240652
vt -0.394414 0.240652
vt -0.409148 0.256619
vt -0.347602 0.331041
vt -0.340739 0.329676
vt -0.333876 0.331041
vt -0.328059 0.334928
vt -0.353420 0.334928
vt -0.324172 0.340746
vt -0.357307 0.340746
vt -0.322807 0.347609
vt -0.358672 0.347609
vt -0.324172 0.354471
vt -0.357307 0.354471
vt -0.328059 0.360289
vt -0.353420 0.360289
vt -0.333876 0.364176
vt -0.347602 0.364176
vt -0.340739 0.365541
vt -0.389436 0.361291
vt -0.403749 0.367220
vt -0.396832 0.350223
vt -0.407786 0.361177
vt -0.407900 0.342827
vt -0.413829 0.357140
vt -0.420956 0.340230
vt -0.420956 0.355722
vt -0.402331 0.374348
vt -0.386839 0.374348
vt -0.403749 0.381476
vt -0.389436 0.387404
vt -0.407786 0.387518
vt -0.396832 0.398473
vt -0.420956 0.408465
vt -0.452477 0.387404
vt -0.439582 0.374348
vt -0.455074 0.374348
vt -0.438164 0.367220
vt -0.452477 0.361291
vt -0.434127 0.361177
vt -0.445081 0.350223
vt -0.428084 0.357140
vt -0.434013 0.342827
vt -0.356676 0.195207
vt -0.356676 0.125663
vt -0.349364 0.195207
vt -0.349364 0.125663
vt -0.340739 0.195207
vt -0.340739 0.125663
vt -0.332114 0.195207
vt -0.332114 0.125663
vt -0.324802 0.195207
vt -0.324802 0.125663
vt -0.332114 0.018706
vt -0.324802 0.018706
vt -0.324802 0.088250
vt -0.332114 0.088250
vt -0.340739 0.018706
vt -0.340739 0.088250
vt -0.349364 0.018706
vt -0.349364 0.088250
vt -0.356676 0.018706
vt -0.356676 0.088250
vt -0.492549 0.339576
vt -0.485237 0.339576
vt -0.485237 0.409120
vt -0.492549 0.409120
vt -0.501174 0.339576
vt -0.501174 0.409120
vt -0.509799 0.339576
vt -0.509799 0.409120
vt -0.517111 0.339576
vt -0.517111 0.409120
vt -0.332114 0.232619
vt -0.324802 0.232619
vt -0.324802 0.302163
vt -0.332114 0.302163
vt -0.340739 0.232619
vt -0.340739 0.302163
vt -0.349364 0.232619
vt -0.349364 0.302163
vt -0.356676 0.232619
vt -0.356676 0.302163
vt -2.590319 0.163974
vt -2.590317 0.248059
vt -2.627602 0.632412
vt -2.590317 0.500585
vt -2.590319 0.584670
vt -2.626397 0.638634
vt -2.588518 0.593968
vt -2.623249 0.643467
vt -2.583098 0.602289
vt -2.618537 0.646695
vt -2.574984 0.607848
vt -2.612470 0.647931
vt -1.812486 0.647931
vt -1.849974 0.607848
vt -1.806420 0.646695
vt -1.841859 0.602289
vt -1.801708 0.643467
vt -1.836439 0.593968
vt -1.798559 0.638634
vt -1.834638 0.584670
vt -1.797355 0.632412
vt -1.834640 0.500585
vt -1.834640 0.248059
vt -1.834638 0.163974
vt -1.811979 0.653219
vt -1.804410 0.651674
vt -2.612978 0.653219
vt -1.797992 0.647277
vt -1.793705 0.640696
vt -2.620547 0.651674
vt -1.792199 0.632933
vt -2.626965 0.647277
vt -2.631252 0.640696
vt -1.792199 0.115711
vt -2.632759 0.632933
vt -1.797355 0.116232
vt -1.793705 0.107948
vt -2.627602 0.116232
vt -2.632759 0.115711
vt -1.798559 0.110011
vt -1.797992 0.101367
vt -1.836439 0.154677
vt -2.626402 0.110028
vt -2.631252 0.107948
vt -2.588518 0.154677
vt -1.801708 0.105177
vt -1.804410 0.096970
vt -1.841859 0.146355
vt -2.623236 0.105231
vt -2.626937 0.101410
vt -2.583097 0.146356
vt -1.806405 0.101960
vt -1.811979 0.095477
vt -1.849974 0.140796
vt -2.618510 0.101993
vt -2.620519 0.097013
vt -2.574984 0.140797
vt -1.812469 0.100767
vt -2.612978 0.095477
vt -2.612471 0.100765
s 1
f 3/1/1 2/2/2 1/3/3
f 5/4/4 3/1/1 4/5/5
f 8/6/6 7/7/6 6/8/7
f 7/7/6 9/9/7 6/8/7
f 12/10/8 11/11/9 10/12/9
f 10/12/9 13/13/8 12/10/8
f 16/14/10 15/15/11 14/16/12
f 19/17/13 18/18/14 17/19/15
f 20/20/16 19/17/13 17/19/15
f 21/21/17 19/17/13 20/20/16
f 24/22/18 23/23/18 22/24/19
f 2/2/2 24/22/18 22/24/19
f 2/2/2 22/24/19 25/25/20
f 1/3/3 2/2/2 25/25/20
f 25/25/20 26/26/21 1/3/3
f 27/27/22 26/26/21 25/25/20
f 26/26/21 27/27/22 28/28/23
f 26/26/21 29/29/24 1/3/3
f 30/30/25 26/26/21 28/28/23
f 26/26/21 30/30/25 29/29/24
f 1/3/3 29/29/24 4/5/5
f 4/5/5 3/1/1 1/3/3
f 30/30/25 28/28/23 31/31/26
f 31/31/26 28/28/23 32/32/27
f 28/28/23 33/33/28 32/32/27
f 34/34/29 30/30/25 31/31/26
f 35/35/30 30/30/25 34/34/29
f 30/30/25 35/35/30 29/29/24
f 36/36/31 35/35/30 34/34/29
f 29/29/24 37/37/32 4/5/5
f 29/29/24 35/35/30 37/37/32
f 38/38/33 35/35/30 36/36/31
f 35/35/30 38/38/33 37/37/32
f 39/39/34 38/38/33 36/36/31
f 4/5/5 37/37/32 40/40/35
f 40/40/35 5/4/4 4/5/5
f 37/37/32 41/41/36 40/40/35
f 37/37/32 38/38/33 41/41/36
f 38/38/33 42/42/37 41/41/36
f 42/42/37 38/38/33 39/39/34
f 43/43/38 42/42/37 39/39/34
f 46/44/39 45/45/40 44/46/41
f 47/47/42 46/44/39 44/46/41
f 22/24/19 46/44/39 47/47/42
f 25/25/20 22/24/19 47/47/42
f 44/46/41 48/48/43 47/47/42
f 47/47/42 27/27/22 25/25/20
f 48/48/43 27/27/22 47/47/42
f 27/27/22 48/48/43 33/33/28
f 28/28/23 27/27/22 33/33/28
f 51/49/44 50/50/44 49/51/45
f 52/52/46 51/49/44 49/51/45
f 55/53/47 54/54/48 53/55/49
f 56/56/50 55/53/47 53/55/49
f 49/51/45 55/53/47 56/56/50
f 57/57/51 49/51/45 56/56/50
f 52/52/46 49/51/45 57/57/51
f 58/58/52 52/52/46 57/57/51
f 59/59/53 52/52/46 58/58/52
f 57/57/51 60/60/54 58/58/52
f 61/61/55 59/59/53 58/58/52
f 62/62/56 59/59/53 61/61/55
f 63/63/57 62/62/56 61/61/55
f 58/58/52 64/64/58 61/61/55
f 60/60/54 64/64/58 58/58/52
f 61/61/55 65/65/59 63/63/57
f 64/64/58 65/65/59 61/61/55
f 65/65/59 66/66/60 63/63/57
f 66/66/60 65/65/59 67/67/61
f 65/65/59 64/64/58 67/67/61
f 68/68/62 66/66/60 67/67/61
f 68/68/62 67/67/61 69/69/63
f 70/70/64 68/68/62 69/69/63
f 69/69/63 67/67/61 71/71/65
f 67/67/61 72/72/66 71/71/65
f 64/64/58 72/72/66 67/67/61
f 71/71/65 72/72/66 73/73/67
f 72/72/66 74/74/68 73/73/67
f 74/74/68 72/72/66 64/64/58
f 60/60/54 74/74/68 64/64/58
f 74/74/68 60/60/54 75/75/69
f 60/60/54 76/76/70 75/75/69
f 53/55/49 77/77/71 56/56/50
f 77/77/71 76/76/70 56/56/50
f 56/56/50 76/76/70 57/57/51
f 76/76/70 60/60/54 57/57/51
f 76/76/70 77/77/71 78/78/72
f 75/75/69 76/76/70 78/78/72
f 75/75/69 78/78/72 79/79/73
f 80/80/74 75/75/69 79/79/73
f 74/74/68 75/75/69 80/80/74
f 73/73/67 74/74/68 80/80/74
f 83/81/75 82/82/75 81/83/76
f 84/84/77 83/81/75 81/83/76
f 84/84/77 81/83/76 85/85/78
f 86/86/79 84/84/77 85/85/78
f 87/87/80 84/84/77 86/86/79
f 85/85/78 88/88/81 86/86/79
f 89/89/82 87/87/80 86/86/79
f 90/90/83 87/87/80 89/89/82
f 91/91/84 90/90/83 89/89/82
f 86/86/79 92/92/85 89/89/82
f 88/88/81 92/92/85 86/86/79
f 89/89/82 93/93/86 91/91/84
f 92/92/85 93/93/86 89/89/82
f 93/93/86 94/94/87 91/91/84
f 94/94/87 93/93/86 95/95/88
f 93/93/86 92/92/85 95/95/88
f 96/96/89 94/94/87 95/95/88
f 96/96/89 95/95/88 97/97/90
f 98/98/91 96/96/89 97/97/90
f 97/97/90 95/95/88 99/99/92
f 95/95/88 100/100/93 99/99/92
f 92/92/85 100/100/93 95/95/88
f 99/99/92 100/100/93 101/101/94
f 102/102/95 100/100/93 92/92/85
f 100/100/93 102/102/95 101/101/94
f 88/88/81 102/102/95 92/92/85
f 101/101/94 102/102/95 103/103/96
f 102/102/95 104/104/97 103/103/96
f 102/102/95 88/88/81 104/104/97
f 88/88/81 105/105/98 104/104/97
f 108/106/99 107/107/100 106/108/101
f 109/109/102 108/106/99 106/108/101
f 81/83/76 108/106/99 109/109/102
f 106/108/101 110/110/103 109/109/102
f 85/85/78 81/83/76 109/109/102
f 110/110/103 105/105/98 109/109/102
f 109/109/102 105/105/98 85/85/78
f 105/105/98 88/88/81 85/85/78
f 105/105/98 110/110/103 111/111/104
f 104/104/97 105/105/98 111/111/104
f 104/104/97 111/111/104 112/112/105
f 103/103/96 104/104/97 112/112/105
f 115/113/106 114/114/107 113/115/108
f 116/116/109 115/113/106 113/115/108
f 116/116/109 113/115/108 117/117/110
f 118/118/111 116/116/109 117/117/110
f 119/119/112 116/116/109 118/118/111
f 117/117/110 113/115/108 120/120/113
f 113/115/108 121/121/114 120/120/113
f 120/120/113 121/121/114 122/122/115
f 121/121/114 123/123/116 122/122/115
f 122/122/115 124/124/117 120/120/113
f 124/124/117 125/125/118 120/120/113
f 120/120/113 125/125/118 117/117/110
f 124/124/117 126/126/119 125/125/118
f 126/126/119 127/127/120 125/125/118
f 125/125/118 128/128/121 117/117/110
f 117/117/110 128/128/121 118/118/111
f 127/127/120 129/129/122 125/125/118
f 129/129/122 128/128/121 125/125/118
f 129/129/122 127/127/120 130/130/123
f 131/131/124 129/129/122 130/130/123
f 132/132/125 119/119/112 118/118/111
f 133/133/126 119/119/112 132/132/125
f 134/134/127 133/133/126 132/132/125
f 128/128/121 135/135/128 118/118/111
f 128/128/121 129/129/122 135/135/128
f 118/118/111 135/135/128 132/132/125
f 136/136/129 129/129/122 131/131/124
f 129/129/122 136/136/129 135/135/128
f 137/137/130 136/136/129 131/131/124
f 132/132/125 138/138/131 134/134/127
f 135/135/128 138/138/131 132/132/125
f 138/138/131 139/139/132 134/134/127
f 135/135/128 136/136/129 140/140/133
f 140/140/133 136/136/129 137/137/130
f 138/138/131 135/135/128 140/140/133
f 139/139/132 138/138/131 140/140/133
f 141/141/134 140/140/133 137/137/130
f 142/142/135 139/139/132 140/140/133
f 142/142/135 140/140/133 141/141/134
f 143/143/136 142/142/135 141/141/134
f 127/127/120 126/126/119 144/144/137
f 130/130/123 127/127/120 144/144/137
f 147/145/138 146/146/139 145/147/140
f 148/148/141 147/145/138 145/147/140
f 148/148/141 145/147/140 149/149/142
f 150/150/143 148/148/141 149/149/142
f 150/150/143 149/149/142 151/151/144
f 148/148/141 152/152/145 147/145/138
f 152/152/145 148/148/141 150/150/143
f 153/153/146 150/150/143 151/151/144
f 153/153/146 151/151/144 154/154/147
f 155/155/148 153/153/146 154/154/147
f 153/153/146 156/156/149 150/150/143
f 156/156/149 153/153/146 155/155/148
f 152/152/145 157/157/150 147/145/138
f 147/145/138 157/157/150 158/158/151
f 159/159/152 152/152/145 150/150/143
f 156/156/149 159/159/152 150/150/143
f 159/159/152 160/160/153 152/152/145
f 152/152/145 161/161/154 157/157/150
f 160/160/153 161/161/154 152/152/145
f 156/156/149 162/162/155 159/159/152
f 162/162/155 160/160/153 159/159/152
f 163/163/156 156/156/149 155/155/148
f 164/164/157 162/162/155 156/156/149
f 163/163/156 164/164/157 156/156/149
f 165/165/158 163/163/156 155/155/148
f 166/166/159 165/165/158 155/155/148
f 167/167/160 164/164/157 163/163/156
f 165/165/158 167/167/160 163/163/156
f 168/168/161 165/165/158 166/166/159
f 169/169/162 168/168/161 166/166/159
f 170/170/163 167/167/160 165/165/158
f 168/168/161 170/170/163 165/165/158
f 168/168/161 169/169/162 171/171/164
f 171/171/164 169/169/162 172/172/165
f 171/171/164 172/172/165 173/173/166
f 174/174/167 171/171/164 173/173/166
f 174/174/167 173/173/166 175/175/168
f 176/176/169 174/174/167 175/175/168
f 174/174/167 177/177/170 171/171/164
f 177/177/170 174/174/167 176/176/169
f 178/178/171 168/168/161 171/171/164
f 177/177/170 178/178/171 171/171/164
f 178/178/171 179/179/172 168/168/161
f 179/179/172 170/170/163 168/168/161
f 177/177/170 180/180/173 178/178/171
f 180/180/173 179/179/172 178/178/171
f 170/170/163 181/181/174 167/167/160
f 181/181/174 182/182/175 167/167/160
f 183/183/176 181/181/174 170/170/163
f 179/179/172 183/183/176 170/170/163
f 167/167/160 182/182/175 164/164/157
f 184/184/177 183/183/176 179/179/172
f 180/180/173 184/184/177 179/179/172
f 182/182/175 185/185/178 164/164/157
f 164/164/157 185/185/178 162/162/155
f 185/185/178 186/186/179 162/162/155
f 162/162/155 186/186/179 160/160/153
f 186/186/179 187/187/180 160/160/153
f 160/160/153 187/187/180 161/161/154
f 188/188/181 184/184/177 180/180/173
f 187/187/180 189/189/182 161/161/154
f 190/190/183 188/188/181 180/180/173
f 190/190/183 180/180/173 177/177/170
f 191/191/184 188/188/181 190/190/183
f 161/161/154 189/189/182 192/192/185
f 161/161/154 192/192/185 157/157/150
f 189/189/182 193/193/186 192/192/185
f 194/194/187 190/190/183 177/177/170
f 194/194/187 177/177/170 176/176/169
f 195/195/188 191/191/184 190/190/183
f 195/195/188 190/190/183 194/194/187
f 196/196/189 191/191/184 195/195/188
f 197/197/190 194/194/187 176/176/169
f 197/197/190 195/195/188 194/194/187
f 198/198/191 197/197/190 176/176/169
f 199/199/192 196/196/189 195/195/188
f 199/199/192 195/195/188 197/197/190
f 200/200/193 196/196/189 199/199/192
f 157/157/150 192/192/185 201/201/194
f 157/157/150 201/201/194 158/158/151
f 202/202/195 199/199/192 197/197/190
f 202/202/195 197/197/190 198/198/191
f 203/203/196 200/200/193 199/199/192
f 203/203/196 199/199/192 202/202/195
f 204/204/197 200/200/193 203/203/196
f 192/192/185 205/205/198 201/201/194
f 192/192/185 193/193/186 205/205/198
f 193/193/186 206/206/199 205/205/198
f 201/201/194 207/207/200 158/158/151
f 201/201/194 205/205/198 207/207/200
f 205/205/198 206/206/199 208/208/201
f 205/205/198 208/208/201 207/207/200
f 206/206/199 209/209/202 208/208/201
f 210/210/203 204/204/197 203/203/196
f 211/211/204 204/204/197 210/210/203
f 208/208/201 209/209/202 212/212/205
f 209/209/202 213/213/206 212/212/205
f 207/207/200 214/214/207 158/158/151
f 215/215/208 158/158/151 214/214/207
f 216/216/209 215/215/208 214/214/207
f 216/216/209 214/214/207 217/217/210
f 214/214/207 207/207/200 217/217/210
f 218/218/211 216/216/209 217/217/210
f 207/207/200 208/208/201 219/219/212
f 208/208/201 212/212/205 219/219/212
f 207/207/200 219/219/212 217/217/210
f 212/212/205 213/213/206 220/220/213
f 213/213/206 221/221/214 220/220/213
f 219/219/212 212/212/205 222/222/215
f 219/219/212 222/222/215 217/217/210
f 212/212/205 220/220/213 222/222/215
f 218/218/211 217/217/210 223/223/216
f 222/222/215 223/223/216 217/217/210
f 224/224/217 218/218/211 223/223/216
f 224/224/217 223/223/216 225/225/218
f 223/223/216 222/222/215 225/225/218
f 226/226/219 224/224/217 225/225/218
f 222/222/215 227/227/220 225/225/218
f 222/222/215 220/220/213 227/227/220
f 225/225/218 227/227/220 228/228/221
f 220/220/213 221/221/214 229/229/222
f 220/220/213 229/229/222 227/227/220
f 221/221/214 230/230/223 229/229/222
f 227/227/220 231/231/224 228/228/221
f 227/227/220 229/229/222 231/231/224
f 229/229/222 230/230/223 232/232/225
f 229/229/222 232/232/225 231/231/224
f 230/230/223 211/211/204 232/232/225
f 232/232/225 211/211/204 210/210/203
f 231/231/224 233/233/226 228/228/221
f 231/231/224 232/232/225 233/233/226
f 232/232/225 210/210/203 233/233/226
f 233/233/226 234/234/227 228/228/221
f 233/233/226 210/210/203 235/235/228
f 210/210/203 203/203/196 235/235/228
f 235/235/228 203/203/196 202/202/195
f 234/234/227 233/233/226 236/236/229
f 233/233/226 235/235/228 236/236/229
f 235/235/228 202/202/195 236/236/229
f 234/234/227 236/236/229 237/237/230
f 236/236/229 238/238/231 237/237/230
f 202/202/195 239/239/232 236/236/229
f 236/236/229 239/239/232 238/238/231
f 239/239/232 202/202/195 198/198/191
f 239/239/232 240/240/233 238/238/231
f 239/239/232 198/198/191 240/240/233
f 198/198/191 241/241/234 240/240/233
f 166/166/159 243/242/235 242/243/236
f 169/169/162 166/166/159 242/243/236
f 169/169/162 242/243/236 172/172/165
f 234/234/227 237/237/230 244/244/237
f 228/228/221 234/234/227 244/244/237
f 247/245/238 246/246/239 245/247/238
f 246/246/239 248/248/239 245/247/238
f 245/247/238 248/248/239 249/249/238
f 248/248/239 250/250/240 249/249/238
f 246/246/239 251/251/241 248/248/239
f 248/248/239 252/252/241 250/250/240
f 251/251/241 252/252/241 248/248/239
f 252/252/241 253/253/242 250/250/240
f 253/253/242 252/252/241 254/254/243
f 252/252/241 251/251/241 255/255/243
f 252/252/241 255/255/243 254/254/243
f 251/251/241 256/256/243 255/255/243
f 256/256/243 257/257/244 255/255/243
f 257/257/244 258/258/244 255/255/243
f 255/255/243 258/258/244 254/254/243
f 258/258/244 259/259/244 254/254/243
f 258/258/244 260/260/245 259/259/244
f 260/260/245 261/261/245 259/259/244
f 257/257/244 262/262/246 258/258/244
f 262/262/246 260/260/245 258/258/244
f 265/263/247 264/264/248 263/265/247
f 264/264/248 266/266/248 263/265/247
f 263/265/247 266/266/248 267/267/247
f 266/266/248 268/268/249 267/267/247
f 264/264/248 269/269/250 266/266/248
f 266/266/248 270/270/250 268/268/249
f 269/269/250 270/270/250 266/266/248
f 270/270/250 271/271/251 268/268/249
f 271/271/251 270/270/250 272/272/252
f 270/270/250 269/269/250 273/273/252
f 270/270/250 273/273/252 272/272/252
f 269/269/250 274/274/252 273/273/252
f 274/274/252 275/275/253 273/273/252
f 273/273/252 276/276/254 272/272/252
f 275/275/253 276/276/254 273/273/252
f 275/275/253 277/277/255 276/276/254
f 276/276/254 278/278/254 272/272/252
f 277/277/255 279/279/255 276/276/254
f 276/276/254 279/279/255 278/278/254
f 279/279/255 280/280/255 278/278/254
f 283/281/256 282/282/257 281/283/256
f 282/282/257 284/284/258 281/283/256
f 281/283/256 284/284/258 285/285/256
f 284/284/258 286/286/257 285/285/256
f 282/282/257 287/287/259 284/284/258
f 284/284/258 288/288/259 286/286/257
f 287/287/259 288/288/259 284/284/258
f 288/288/259 289/289/259 286/286/257
f 289/289/259 288/288/259 290/290/260
f 288/288/259 287/287/259 291/291/261
f 288/288/259 291/291/261 290/290/260
f 287/287/259 292/292/262 291/291/261
f 291/291/261 292/292/262 293/293/263
f 290/290/260 291/291/261 294/294/264
f 294/294/264 291/291/261 293/293/263
f 295/295/265 290/290/260 294/294/264
f 294/294/264 293/293/263 296/296/266
f 297/297/267 294/294/264 296/296/266
f 295/295/265 294/294/264 297/297/267
f 298/298/268 295/295/265 297/297/267
f 301/299/269 300/300/269 299/301/269
f 299/301/269 302/302/269 301/299/269
f 299/301/269 303/303/269 302/302/269
f 303/303/269 304/304/269 302/302/269
f 303/303/269 305/305/269 304/304/269
f 305/305/269 306/306/269 304/304/269
f 305/305/269 307/307/269 306/306/269
f 307/307/269 308/308/269 306/306/269
f 307/307/269 309/309/269 308/308/269
f 309/309/269 310/310/269 308/308/269
f 309/309/269 311/311/269 310/310/269
f 311/311/269 312/312/269 310/310/269
f 311/311/269 313/313/269 312/312/269
f 313/313/269 314/314/269 312/312/269
f 313/313/269 315/315/269 314/314/269
f 315/315/269 316/316/269 314/314/269
f 315/315/269 317/317/269 316/316/269
f 317/317/269 318/318/269 316/316/269
f 321/319/270 320/320/271 319/321/272
f 322/322/273 321/319/270 319/321/272
f 323/323/274 321/319/270 322/322/273
f 324/324/275 323/323/274 322/322/273
f 322/322/273 319/321/272 325/325/276
f 324/324/275 322/322/273 326/326/277
f 326/326/277 322/322/273 325/325/276
f 327/327/278 324/324/275 326/326/277
f 327/327/278 326/326/277 328/328/279
f 326/326/277 325/325/276 329/329/280
f 326/326/277 329/329/280 328/328/279
f 325/325/276 330/330/281 329/329/280
f 330/330/281 331/331/282 329/329/280
f 329/329/280 332/332/283 328/328/279
f 331/331/282 332/332/283 329/329/280
f 331/331/282 333/333/284 332/332/283
f 332/332/283 334/334/285 328/328/279
f 333/333/284 335/335/284 332/332/283
f 332/332/283 335/335/284 334/334/285
f 335/335/284 336/336/284 334/334/285
f 339/337/286 338/338/287 337/339/288
f 337/339/288 340/340/289 339/337/286
f 337/339/288 341/341/290 340/340/289
f 341/341/290 342/342/291 340/340/289
f 342/342/291 343/343/292 340/340/289
f 342/342/291 344/344/293 343/343/292
f 344/344/293 345/345/294 343/343/292
f 344/344/293 346/346/295 345/345/294
f 349/347/296 348/348/297 347/349/298
f 347/349/298 350/350/299 349/347/296
f 347/349/298 351/351/300 350/350/299
f 347/349/298 352/352/301 351/351/300
f 352/352/301 353/353/302 351/351/300
f 353/353/302 354/354/303 351/351/300
f 353/353/302 355/355/304 354/354/303
f 355/355/304 356/356/305 354/354/303
f 359/357/306 358/358/307 357/359/308
f 359/357/306 357/359/308 360/360/309
f 361/361/310 359/357/306 360/360/309
f 361/361/310 360/360/309 362/362/311
f 361/361/310 362/362/311 363/363/312
f 364/364/313 361/361/310 363/363/312
f 365/365/314 364/364/313 363/363/312
f 363/363/312 366/366/315 365/365/314
f 369/367/316 368/368/317 367/369/318
f 370/370/319 369/367/316 367/369/318
f 370/370/319 367/369/318 371/371/320
f 372/372/321 370/370/319 371/371/320
f 372/372/321 371/371/320 373/373/322
f 372/372/321 373/373/322 374/374/323
f 375/375/324 372/372/321 374/374/323
f 374/374/323 376/376/325 375/375/324
f 379/377/269 378/378/269 377/379/269
f 377/379/269 380/380/269 379/377/269
f 380/380/269 381/381/269 379/377/269
f 380/380/269 382/382/269 381/381/269
f 382/382/269 383/383/269 381/381/269
f 382/382/269 384/384/269 383/383/269
f 384/384/269 385/385/269 383/383/269
f 384/384/269 386/386/269 385/385/269
f 386/386/269 387/387/269 385/385/269
f 386/386/269 388/388/269 387/387/269
f 388/388/269 389/389/269 387/387/269
f 388/388/269 390/390/269 389/389/269
f 390/390/269 391/391/269 389/389/269
f 390/390/269 392/392/269 391/391/269
f 395/393/326 394/394/327 393/395/328
f 396/396/329 395/393/326 393/395/328
f 396/396/329 393/395/328 397/397/330
f 398/398/331 396/396/329 397/397/330
f 398/398/331 397/397/330 399/399/332
f 400/400/332 398/398/331 399/399/332
f 395/393/326 401/401/333 394/394/327
f 401/401/333 402/402/333 394/394/327
f 401/401/333 403/403/334 402/402/333
f 403/403/334 404/404/335 402/402/333
f 403/403/334 405/405/336 404/404/335
f 405/405/336 406/406/336 404/404/335
f 405/405/336 407/407/337 406/406/336
f 407/407/337 408/408/338 406/406/336
f 407/407/337 409/409/339 408/408/338
f 409/409/339 410/410/339 408/408/338
f 409/409/339 411/411/340 410/410/339
f 411/411/340 412/412/341 410/410/339
f 411/411/340 413/413/342 412/412/341
f 413/413/342 414/414/343 412/412/341
f 413/413/342 415/415/344 414/414/343
f 415/415/344 416/416/345 414/414/343
f 415/415/344 417/417/346 416/416/345
f 417/417/346 418/418/346 416/416/345
f 417/417/346 419/419/347 418/418/346
f 419/419/347 420/420/348 418/418/346
f 419/419/347 421/421/349 420/420/348
f 421/421/349 422/422/350 420/420/348
f 421/421/349 423/423/351 422/422/350
f 423/423/351 424/424/352 422/422/350
f 423/423/351 400/400/332 424/424/352
f 400/400/332 399/399/332 424/424/352
f 427/425/353 426/426/354 425/427/355
f 426/426/354 428/428/356 425/427/355
f 425/427/355 428/428/356 429/429/357
f 428/428/356 430/430/358 429/429/357
f 429/429/357 430/430/358 431/431/359
f 430/430/358 432/432/360 431/431/359
f 431/431/359 432/432/360 433/433/361
f 432/432/360 434/434/362 433/433/361
f 433/433/361 434/434/362 435/435/363
f 434/434/362 436/436/364 435/435/363
f 435/435/363 436/436/364 437/437/365
f 436/436/364 438/438/366 437/437/365
f 437/437/365 438/438/366 439/439/367
f 438/438/366 440/440/368 439/439/367
f 439/439/367 440/440/368 441/441/369
f 440/440/368 438/438/366 442/416/370
f 442/416/370 438/438/366 443/414/371
f 438/438/366 436/436/364 443/414/371
f 443/414/371 436/436/364 444/412/372
f 436/436/364 434/434/362 444/412/372
f 444/412/372 434/434/362 445/410/373
f 434/434/362 432/432/360 445/410/373
f 445/410/373 432/432/360 446/408/374
f 432/432/360 430/430/358 446/408/374
f 446/408/374 430/430/358 447/406/375
f 430/430/358 428/428/356 447/406/375
f 447/406/375 428/428/356 448/404/376
f 440/440/368 449/442/377 441/441/369
f 428/428/356 426/426/354 448/404/376
f 441/441/369 449/442/377 450/443/378
f 448/404/376 426/426/354 451/402/379
f 449/442/377 452/444/380 450/443/378
f 452/444/380 449/442/377 453/420/381
f 450/443/378 452/444/380 454/445/382
f 455/422/383 452/444/380 453/420/381
f 426/426/354 456/446/384 451/402/379
f 456/446/384 426/426/354 427/425/353
f 451/402/379 456/446/384 457/394/385
f 458/447/386 456/446/384 427/425/353
f 452/444/380 459/448/387 454/445/382
f 459/448/387 452/444/380 455/422/383
f 454/445/382 459/448/387 460/449/388
f 461/424/389 459/448/387 455/422/383
f 456/446/384 462/450/390 457/394/385
f 462/450/390 456/446/384 458/447/386
f 457/394/385 462/450/390 463/395/391
f 464/451/392 462/450/390 458/447/386
f 459/448/387 465/452/393 460/449/388
f 465/452/393 459/448/387 461/424/389
f 460/449/388 465/452/393 466/453/394
f 467/399/395 465/452/393 461/424/389
f 462/450/390 468/454/396 463/395/391
f 468/454/396 462/450/390 464/451/392
f 463/395/391 468/454/396 469/397/397
f 470/455/398 468/454/396 464/451/392
f 465/452/393 471/456/399 466/453/394
f 471/456/399 465/452/393 467/399/395
f 469/397/397 471/456/399 467/399/395
f 468/454/396 471/456/399 469/397/397
f 471/456/399 468/454/396 470/455/398
f 466/453/394 471/456/399 470/455/398
f 453/420/381 449/442/377 472/418/400
f 449/442/377 440/440/368 472/418/400
f 472/418/400 440/440/368 442/416/370
f 475/457/401 474/458/401 473/459/401
f 473/459/401 476/460/401 475/457/401
f 476/460/401 477/461/401 475/457/401
f 476/460/401 478/462/401 477/461/401
f 478/462/401 479/463/401 477/461/401
f 478/462/401 480/464/401 479/463/401
f 480/464/401 481/465/401 479/463/401
f 480/464/401 482/466/401 481/465/401
f 482/466/401 483/467/401 481/465/401
f 482/466/401 484/468/401 483/467/401
f 484/468/401 485/469/401 483/467/401
f 484/468/401 486/470/401 485/469/401
f 486/470/401 487/471/401 485/469/401
f 486/470/401 488/472/401 487/471/401
f 491/473/402 490/474/402 489/475/403
f 490/474/402 492/476/404 489/475/403
f 489/475/403 492/476/404 493/477/405
f 492/476/404 494/478/405 493/477/405
f 493/477/405 494/478/405 495/479/406
f 494/478/405 496/480/407 495/479/406
f 497/481/408 490/474/402 491/473/402
f 498/482/409 497/481/408 491/473/402
f 499/483/410 497/481/408 498/482/409
f 500/484/410 499/483/410 498/482/409
f 501/485/411 499/483/410 500/484/410
f 502/486/412 501/485/411 500/484/410
f 15/15/11 501/485/411 502/486/412
f 14/16/12 15/15/11 502/486/412
f 503/487/10 16/14/10 14/16/12
f 18/18/14 16/14/10 503/487/10
f 17/19/15 18/18/14 503/487/10
f 504/488/413 21/21/17 20/20/16
f 505/489/414 21/21/17 504/488/413
f 506/490/414 505/489/414 504/488/413
f 507/491/415 505/489/414 506/490/414
f 508/492/416 507/491/415 506/490/414
f 509/493/417 507/491/415 508/492/416
f 510/494/418 509/493/417 508/492/416
f 511/495/419 509/493/417 510/494/418
f 512/496/419 511/495/419 510/494/418
f 496/480/407 511/495/419 512/496/419
f 495/479/406 496/480/407 512/496/419
f 515/497/420 514/498/421 513/499/422
f 514/498/421 516/500/422 513/499/422
f 513/499/422 516/500/422 517/501/423
f 516/500/422 518/502/423 517/501/423
f 517/501/423 518/502/423 519/503/424
f 518/502/423 520/504/424 519/503/424
f 519/503/424 520/504/424 521/505/425
f 520/504/424 522/506/426 521/505/425
f 525/507/427 524/508/428 523/509/428
f 526/510/427 525/507/427 523/509/428
f 527/511/429 525/507/427 526/510/427
f 528/512/429 527/511/429 526/510/427
f 529/513/430 527/511/429 528/512/429
f 530/514/430 529/513/430 528/512/429
f 531/515/431 529/513/430 530/514/430
f 532/516/431 531/515/431 530/514/430
f 535/517/432 534/518/433 533/519/434
f 536/520/432 535/517/432 533/519/434
f 537/521/435 535/517/432 536/520/432
f 538/522/435 537/521/435 536/520/432
f 539/523/436 537/521/435 538/522/435
f 540/524/437 539/523/436 538/522/435
f 541/525/438 539/523/436 540/524/437
f 542/526/438 541/525/438 540/524/437
f 545/527/439 544/528/440 543/529/440
f 546/530/439 545/527/439 543/529/440
f 547/531/441 545/527/439 546/530/439
f 548/532/442 547/531/441 546/530/439
f 549/533/443 547/531/441 548/532/442
f 550/534/444 549/533/443 548/532/442
f 551/535/445 549/533/443 550/534/444
f 552/536/446 551/535/445 550/534/444
f 555/537/447 554/538/448 553/539/449
f 554/538/448 556/540/450 553/539/449
f 556/540/450 557/541/451 553/539/449
f 558/542/452 553/539/449 557/541/451
f 559/543/453 558/542/452 557/541/451
f 558/542/452 559/543/453 560/544/454
f 559/543/453 561/545/455 560/544/454
f 562/546/456 560/544/454 561/545/455
f 563/547/457 562/546/456 561/545/455
f 564/548/458 562/546/456 563/547/457
f 565/11/459 564/548/458 563/547/457
f 566/549/460 564/548/458 565/11/459
f 567/10/461 566/549/460 565/11/459
f 566/549/460 567/10/461 568/550/462
f 569/551/463 566/549/460 568/550/462
f 569/551/463 568/550/462 570/552/464
f 571/553/465 569/551/463 570/552/464
f 570/552/464 572/554/466 571/553/465
f 572/554/466 573/555/467 571/553/465
f 573/555/467 572/554/466 574/556/468
f 575/557/469 573/555/467 574/556/468
f 575/557/469 574/556/468 576/558/470
f 575/557/469 576/558/470 577/559/471
f 575/557/469 577/559/471 578/560/472
f 564/548/458 566/549/460 579/561/473
f 579/561/473 566/549/460 580/562/474
f 566/549/460 569/551/463 580/562/474
f 581/563/475 564/548/458 579/561/473
f 580/562/474 569/551/463 582/564/476
f 569/551/463 571/553/465 582/564/476
f 562/546/456 564/548/458 581/563/475
f 582/564/476 571/553/465 583/565/477
f 571/553/465 573/555/467 583/565/477
f 584/566/478 562/546/456 581/563/475
f 583/565/477 573/555/467 585/567/479
f 573/555/467 575/557/469 585/567/479
f 560/544/454 562/546/456 584/566/478
f 586/568/480 560/544/454 584/566/478
f 558/542/452 560/544/454 586/568/480
f 587/569/481 558/542/452 586/568/480
f 553/539/449 558/542/452 587/569/481
f 585/567/479 575/557/469 588/570/482
f 589/571/483 553/539/449 587/569/481
f 575/557/469 590/572/484 588/570/482
f 588/570/482 590/572/484 591/573/485
f 578/560/472 590/572/484 575/557/469
f 592/574/486 553/539/449 589/571/483
f 593/575/487 592/574/486 589/571/483
f 553/539/449 592/574/486 555/537/447
f 590/572/484 594/576/488 591/573/485
f 594/576/488 590/572/484 578/560/472
f 591/573/485 594/576/488 595/577/489
f 596/578/490 594/576/488 578/560/472
f 597/579/491 592/574/486 593/575/487
f 592/574/486 597/579/491 555/537/447
f 598/580/492 597/579/491 593/575/487
f 597/579/491 599/581/493 555/537/447
f 594/576/488 600/582/494 595/577/489
f 594/576/488 596/578/490 600/582/494
f 595/577/489 600/582/494 601/583/495
f 596/578/490 602/584/496 600/582/494
f 603/585/497 597/579/491 598/580/492
f 597/579/491 603/585/497 599/581/493
f 604/586/498 603/585/497 598/580/492
f 603/585/497 605/587/499 599/581/493
f 600/582/494 606/588/500 601/583/495
f 606/588/500 600/582/494 602/584/496
f 601/583/495 606/588/500 607/589/501
f 608/590/502 606/588/500 602/584/496
f 609/591/503 603/585/497 604/586/498
f 603/585/497 609/591/503 605/587/499
f 610/592/504 609/591/503 604/586/498
f 609/591/503 611/593/505 605/587/499
f 606/588/500 612/594/506 607/589/501
f 612/594/506 606/588/500 608/590/502
f 613/6/507 612/594/506 608/590/502
f 607/589/501 612/594/506 614/595/508
f 612/594/506 613/6/507 615/8/509
f 616/596/510 609/591/503 610/592/504
f 609/591/503 616/596/510 611/593/505
f 614/595/508 616/596/510 610/592/504
f 616/596/510 615/8/509 611/593/505
f 615/8/509 616/596/510 612/594/506
f 612/594/506 616/596/510 614/595/508
f 619/338/511 618/6/512 617/339/513
f 618/6/512 620/590/514 617/339/513
f 621/7/515 618/6/512 619/338/511
f 617/339/513 620/590/514 622/341/516
f 623/337/517 621/7/515 619/338/511
f 620/590/514 624/584/518 622/341/516
f 625/9/519 621/7/515 623/337/517
f 622/341/516 624/584/518 626/342/520
f 627/375/521 625/9/519 623/337/517
f 624/584/518 628/578/522 626/342/520
f 629/8/523 625/9/519 627/375/521
f 626/342/520 628/578/522 630/344/524
f 631/376/525 629/8/523 627/375/521
f 628/578/522 632/560/526 630/344/524
f 633/593/527 629/8/523 631/376/525
f 630/344/524 632/560/526 634/346/528
f 635/374/529 633/593/527 631/376/525
f 632/560/526 636/559/528 634/346/528
f 637/587/530 633/593/527 635/374/529
f 634/346/528 636/559/528 638/348/531
f 639/373/532 637/587/530 635/374/529
f 636/559/528 640/558/531 638/348/531
f 641/581/533 637/587/530 639/373/532
f 638/348/531 640/558/531 642/349/534
f 643/371/535 641/581/533 639/373/532
f 640/558/531 644/556/536 642/349/534
f 645/537/537 641/581/533 643/371/535
f 642/349/534 644/556/536 646/352/538
f 647/369/539 645/537/537 643/371/535
f 644/556/536 648/554/540 646/352/538
f 649/538/541 645/537/537 647/369/539
f 646/352/538 648/554/540 650/353/542
f 651/368/541 649/538/541 647/369/539
f 648/554/540 652/552/543 650/353/542
f 653/540/544 649/538/541 651/368/541
f 650/353/542 652/552/543 654/355/545
f 655/366/544 653/540/544 651/368/541
f 652/552/543 656/550/546 654/355/545
f 657/541/547 653/540/544 655/366/544
f 654/355/545 656/550/546 658/356/548
f 659/363/549 657/541/547 655/366/544
f 656/550/546 660/10/550 658/356/548
f 661/543/551 657/541/547 659/363/549
f 658/356/548 660/10/550 662/354/552
f 663/362/553 661/543/551 659/363/549
f 660/10/550 664/13/552 662/354/552
f 665/545/554 661/543/551 663/362/553
f 662/354/552 664/13/552 666/357/555
f 667/360/556 665/545/554 663/362/553
f 664/13/552 668/12/555 666/357/555
f 669/547/557 665/545/554 667/360/556
f 666/357/555 668/12/555 670/358/558
f 671/359/559 669/547/557 667/360/556
f 668/12/555 672/11/560 670/358/558
f 672/11/560 669/547/557 671/359/559
f 670/358/558 672/11/560 671/359/559
f 3/1/1 2/2/2 1/3/3
f 5/4/4 3/1/1 4/5/5
f 8/6/6 7/7/6 6/8/7
f 7/7/6 9/9/7 6/8/7
f 12/10/8 11/11/9 10/12/9
f 10/12/9 13/13/8 12/10/8
f 16/14/10 15/15/11 14/16/12
f 19/17/13 18/18/14 17/19/15
f 20/20/16 19/17/13 17/19/15
f 21/21/17 19/17/13 20/20/16
f 24/22/18 23/23/18 22/24/19
f 2/2/2 24/22/18 22/24/19
f 2/2/2 22/24/19 25/25/20
f 1/3/3 2/2/2 25/25/20
f 25/25/20 26/26/21 1/3/3
f 27/27/22 26/26/21 25/25/20
f 26/26/21 27/27/22 28/28/23
f 26/26/21 29/29/24 1/3/3
f 30/30/25 26/26/21 28/28/23
f 26/26/21 30/30/25 29/29/24
f 1/3/3 29/29/24 4/5/5
f 4/5/5 3/1/1 1/3/3
f 30/30/25 28/28/23 31/31/26
f 31/31/26 28/28/23 32/32/27
f 28/28/23 33/33/28 32/32/27
f 34/34/29 30/30/25 31/31/26
f 35/35/30 30/30/25 34/34/29
f 30/30/25 35/35/30 29/29/24
f 36/36/31 35/35/30 34/34/29
f 29/29/24 37/37/32 4/5/5
f 29/29/24 35/35/30 37/37/32
f 38/38/33 35/35/30 36/36/31
f 35/35/30 38/38/33 37/37/32
f 39/39/34 38/38/33 36/36/31
f 4/5/5 37/37/32 40/40/35
f 40/40/35 5/4/4 4/5/5
f 37/37/32 41/41/36 40/40/35
f 37/37/32 38/38/33 41/41/36
f 38/38/33 42/42/37 41/41/36
f 42/42/37 38/38/33 39/39/34
f 43/43/38 42/42/37 39/39/34
f 46/44/39 45/45/40 44/46/41
f 47/47/42 46/44/39 44/46/41
f 22/24/19 46/44/39 47/47/42
f 25/25/20 22/24/19 47/47/42
f 44/46/41 48/48/43 47/47/42
f 47/47/42 27/27/22 25/25/20
f 48/48/43 27/27/22 47/47/42
f 27/27/22 48/48/43 33/33/28
f 28/28/23 27/27/22 33/33/28
f 51/49/44 50/50/44 49/51/45
f 52/52/46 51/49/44 49/51/45
f 55/53/47 54/54/48 53/55/49
f 56/56/50 55/53/47 53/55/49
f 49/51/45 55/53/47 56/56/50
f 57/57/51 49/51/45 56/56/50
f 52/52/46 49/51/45 57/57/51
f 58/58/52 52/52/46 57/57/51
f 59/59/53 52/52/46 58/58/52
f 57/57/51 60/60/54 58/58/52
f 61/61/55 59/59/53 58/58/52
f 62/62/56 59/59/53 61/61/55
f 63/63/57 62/62/56 61/61/55
f 58/58/52 64/64/58 61/61/55
f 60/60/54 64/64/58 58/58/52
f 61/61/55 65/65/59 63/63/57
f 64/64/58 65/65/59 61/61/55
f 65/65/59 66/66/60 63/63/57
f 66/66/60 65/65/59 67/67/61
f 65/65/59 64/64/58 67/67/61
f 68/68/62 66/66/60 67/67/61
f 68/68/62 67/67/61 69/69/63
f 70/70/64 68/68/62 69/69/63
f 69/69/63 67/67/61 71/71/65
f 67/67/61 72/72/66 71/71/65
f 64/64/58 72/72/66 67/67/61
f 71/71/65 72/72/66 73/73/67
f 72/72/66 74/74/68 73/73/67
f 74/74/68 72/72/66 64/64/58
f 60/60/54 74/74/68 64/64/58
f 74/74/68 60/60/54 75/75/69
f 60/60/54 76/76/70 75/75/69
f 53/55/49 77/77/71 56/56/50
f 77/77/71 76/76/70 56/56/50
f 56/56/50 76/76/70 57/57/51
f 76/76/70 60/60/54 57/57/51
f 76/76/70 77/77/71 78/78/72
f 75/75/69 76/76/70 78/78/72
f 75/75/69 78/78/72 79/79/73
f 80/80/74 75/75/69 79/79/73
f 74/74/68 75/75/69 80/80/74
f 73/73/67 74/74/68 80/80/74
f 83/81/75 82/82/75 81/83/76
f 84/84/77 83/81/75 81/83/76
f 84/84/77 81/83/76 85/85/78
f 86/86/79 84/84/77 85/85/78
f 87/87/80 84/84/77 86/86/79
f 85/85/78 88/88/81 86/86/79
f 89/89/82 87/87/80 86/86/79
f 90/90/83 87/87/80 89/89/82
f 91/91/84 90/90/83 89/89/82
f 86/86/79 92/92/85 89/89/82
f 88/88/81 92/92/85 86/86/79
f 89/89/82 93/93/86 91/91/84
f 92/92/85 93/93/86 89/89/82
f 93/93/86 94/94/87 91/91/84
f 94/94/87 93/93/86 95/95/88
f 93/93/86 92/92/85 95/95/88
f 96/96/89 94/94/87 95/95/88
f 96/96/89 95/95/88 97/97/90
f 98/98/91 96/96/89 97/97/90
f 97/97/90 95/95/88 99/99/92
f 95/95/88 100/100/93 99/99/92
f 92/92/85 100/100/93 95/95/88
f 99/99/92 100/100/93 101/101/94
f 102/102/95 100/100/93 92/92/85
f 100/100/93 102/102/95 101/101/94
f 88/88/81 102/102/95 92/92/85
f 101/101/94 102/102/95 103/103/96
f 102/102/95 104/104/97 103/103/96
f 102/102/95 88/88/81 104/104/97
f 88/88/81 105/105/98 104/104/97
f 108/106/99 107/107/100 106/108/101
f 109/109/102 108/106/99 106/108/101
f 81/83/76 108/106/99 109/109/102
f 106/108/101 110/110/103 109/109/102
f 85/85/78 81/83/76 109/109/102
f 110/110/103 105/105/98 109/109/102
f 109/109/102 105/105/98 85/85/78
f 105/105/98 88/88/81 85/85/78
f 105/105/98 110/110/103 111/111/104
f 104/104/97 105/105/98 111/111/104
f 104/104/97 111/111/104 112/112/105
f 103/103/96 104/104/97 112/112/105
f 115/113/106 114/114/107 113/115/108
f 116/116/109 115/113/106 113/115/108
f 116/116/109 113/115/108 117/117/110
f 118/118/111 116/116/109 117/117/110
f 119/119/112 116/116/109 118/118/111
f 117/117/110 113/115/108 120/120/113
f 113/115/108 121/121/114 120/120/113
f 120/120/113 121/121/114 122/122/115
f 121/121/114 123/123/116 122/122/115
f 122/122/115 124/124/117 120/120/113
f 124/124/117 125/125/118 120/120/113
f 120/120/113 125/125/118 117/117/110
f 124/124/117 126/126/119 125/125/118
f 126/126/119 127/127/120 125/125/118
f 125/125/118 128/128/121 117/117/110
f 117/117/110 128/128/121 118/118/111
f 127/127/120 129/129/122 125/125/118
f 129/129/122 128/128/121 125/125/118
f 129/129/122 127/127/120 130/130/123
f 131/131/124 129/129/122 130/130/123
f 132/132/125 119/119/112 118/118/111
f 133/133/126 119/119/112 132/132/125
f 134/134/127 133/133/126 132/132/125
f 128/128/121 135/135/128 118/118/111
f 128/128/121 129/129/122 135/135/128
f 118/118/111 135/135/128 132/132/125
f 136/136/129 129/129/122 131/131/124
f 129/129/122 136/136/129 135/135/128
f 137/137/130 136/136/129 131/131/124
f 132/132/125 138/138/131 134/134/127
f 135/135/128 138/138/131 132/132/125
f 138/138/131 139/139/132 134/134/127
f 135/135/128 136/136/129 140/140/133
f 140/140/133 136/136/129 137/137/130
f 138/138/131 135/135/128 140/140/133
f 139/139/132 138/138/131 140/140/133
f 141/141/134 140/140/133 137/137/130
f 142/142/135 139/139/132 140/140/133
f 142/142/135 140/140/133 141/141/134
f 143/143/136 142/142/135 141/141/134
f 127/127/120 126/126/119 144/144/137
f 130/130/123 127/127/120 144/144/137
f 147/145/138 146/146/139 145/147/140
f 148/148/141 147/145/138 145/147/140
f 148/148/141 145/147/140 149/149/142
f 150/150/143 148/148/141 149/149/142
f 150/150/143 149/149/142 151/151/144
f 148/148/141 152/152/145 147/145/138
f 152/152/145 148/148/141 150/150/143
f 153/153/146 150/150/143 151/151/144
f 153/153/146 151/151/144 154/154/147
f 155/155/148 153/153/146 154/154/147
f 153/153/146 156/156/149 150/150/143
f 156/156/149 153/153/146 155/155/148
f 152/152/145 157/157/150 147/145/138
f 147/145/138 157/157/150 158/158/151
f 159/159/152 152/152/145 150/150/143
f 156/156/149 159/159/152 150/150/143
f 159/159/152 160/160/153 152/152/145
f 152/152/145 161/161/154 157/157/150
f 160/160/153 161/161/154 152/152/145
f 156/156/149 162/162/155 159/159/152
f 162/162/155 160/160/153 159/159/152
f 163/163/156 156/156/149 155/155/148
f 164/164/157 162/162/155 156/156/149
f 163/163/156 164/164/157 156/156/149
f 165/165/158 163/163/156 155/155/148
f 166/166/159 165/165/158 155/155/148
f 167/167/160 164/164/157 163/163/156
f 165/165/158 167/167/160 163/163/156
f 168/168/161 165/165/158 166/166/159
f 169/169/162 168/168/161 166/166/159
f 170/170/163 167/167/160 165/165/158
f 168/168/161 170/170/163 165/165/158
f 168/168/161 169/169/162 171/171/164
f 171/171/164 169/169/162 172/172/165
f 171/171/164 172/172/165 173/173/166
f 174/174/167 171/171/164 173/173/166
f 174/174/167 173/173/166 175/175/168
f 176/176/169 174/174/167 175/175/168
f 174/174/167 177/177/170 171/171/164
f 177/177/170 174/174/167 176/176/169
f 178/178/171 168/168/161 171/171/164
f 177/177/170 178/178/171 171/171/164
f 178/178/171 179/179/172 168/168/161
f 179/179/172 170/170/163 168/168/161
f 177/177/170 180/180/173 178/178/171
f 180/180/173 179/179/172 178/178/171
f 170/170/163 181/181/174 167/167/160
f 181/181/174 182/182/175 167/167/160
f 183/183/176 181/181/174 170/170/163
f 179/179/172 183/183/176 170/170/163
f 167/167/160 182/182/175 164/164/157
f 184/184/177 183/183/176 179/179/172
f 180/180/173 184/184/177 179/179/172
f 182/182/175 185/185/178 164/164/157
f 164/164/157 185/185/178 162/162/155
f 185/185/178 186/186/179 162/162/155
f 162/162/155 186/186/179 160/160/153
f 186/186/179 187/187/180 160/160/153
f 160/160/153 187/187/180 161/161/154
f 188/188/181 184/184/177 180/180/173
f 187/187/180 189/189/182 161/161/154
f 190/190/183 188/188/181 180/180/173
f 190/190/183 180/180/173 177/177/170
f 191/191/184 188/188/181 190/190/183
f 161/161/154 189/189/182 192/192/185
f 161/161/154 192/192/185 157/157/150
f 189/189/182 193/193/186 192/192/185
f 194/194/187 190/190/183 177/177/170
f 194/194/187 177/177/170 176/176/169
f 195/195/188 191/191/184 190/190/183
f 195/195/188 190/190/183 194/194/187
f 196/196/189 191/191/184 195/195/188
f 197/197/190 194/194/187 176/176/169
f 197/197/190 195/195/188 194/194/187
f 198/198/191 197/197/190 176/176/169
f 199/199/192 196/196/189 195/195/188
f 199/199/192 195/195/188 197/197/190
f 200/200/193 196/196/189 199/199/192
f 157/157/150 192/192/185 201/201/194
f 157/157/150 201/201/194 158/158/151
f 202/202/195 199/199/192 197/197/190
f 202/202/195 197/197/190 198/198/191
f 203/203/196 200/200/193 199/199/192
f 203/203/196 199/199/192 202/202/195
f 204/204/197 200/200/193 203/203/196
f 192/192/185 205/205/198 201/201/194
f 192/192/185 193/193/186 205/205/198
f 193/193/186 206/206/199 205/205/198
f 201/201/194 207/207/200 158/158/151
f 201/201/194 205/205/198 207/207/200
f 205/205/198 206/206/199 208/208/201
f 205/205/198 208/208/201 207/207/200
f 206/206/199 209/209/202 208/208/201
f 210/210/203 204/204/197 203/203/196
f 211/211/204 204/204/197 210/210/203
f 208/208/201 209/209/202 212/212/205
f 209/209/202 213/213/206 212/212/205
f 207/207/200 214/214/207 158/158/151
f 215/215/208 158/158/151 214/214/207
f 216/216/209 215/215/208 214/214/207
f 216/216/209 214/214/207 217/217/210
f 214/214/207 207/207/200 217/217/210
f 218/218/211 216/216/209 217/217/210
f 207/207/200 208/208/201 219/219/212
f 208/208/201 212/212/205 219/219/212
f 207/207/200 219/219/212 217/217/210
f 212/212/205 213/213/206 220/220/213
f 213/213/206 221/221/214 220/220/213
f 219/219/212 212/212/205 222/222/215
f 219/219/212 222/222/215 217/217/210
f 212/212/205 220/220/213 222/222/215
f 218/218/211 217/217/210 223/223/216
f 222/222/215 223/223/216 217/217/210
f 224/224/217 218/218/211 223/223/216
f 224/224/217 223/223/216 225/225/218
f 223/223/216 222/222/215 225/225/218
f 226/226/219 224/224/217 225/225/218
f 222/222/215 227/227/220 225/225/218
f 222/222/215 220/220/213 227/227/220
f 225/225/218 227/227/220 228/228/221
f 220/220/213 221/221/214 229/229/222
f 220/220/213 229/229/222 227/227/220
f 221/221/214 230/230/223 229/229/222
f 227/227/220 231/231/224 228/228/221
f 227/227/220 229/229/222 231/231/224
f 229/229/222 230/230/223 232/232/225
f 229/229/222 232/232/225 231/231/224
f 230/230/223 211/211/204 232/232/225
f 232/232/225 211/211/204 210/210/203
f 231/231/224 233/233/226 228/228/221
f 231/231/224 232/232/225 233/233/226
f 232/232/225 210/210/203 233/233/226
f 233/233/226 234/234/227 228/228/221
f 233/233/226 210/210/203 235/235/228
f 210/210/203 203/203/196 235/235/228
f 235/235/228 203/203/196 202/202/195
f 234/234/227 233/233/226 236/236/229
f 233/233/226 235/235/228 236/236/229
f 235/235/228 202/202/195 236/236/229
f 234/234/227 236/236/229 237/237/230
f 236/236/229 238/238/231 237/237/230
f 202/202/195 239/239/232 236/236/229
f 236/236/229 239/239/232 238/238/231
f 239/239/232 202/202/195 198/198/191
f 239/239/232 240/240/233 238/238/231
f 239/239/232 198/198/191 240/240/233
f 198/198/191 241/241/234 240/240/233
f 166/166/159 243/242/235 242/243/236
f 169/169/162 166/166/159 242/243/236
f 169/169/162 242/243/236 172/172/165
f 234/234/227 237/237/230 244/244/237
f 228/228/221 234/234/227 244/244/237
f 247/245/238 246/246/239 245/247/238
f 246/246/239 248/248/239 245/247/238
f 245/247/238 248/248/239 249/249/238
f 248/248/239 250/250/240 249/249/238
f 246/246/239 251/251/241 248/248/239
f 248/248/239 252/252/241 250/250/240
f 251/251/241 252/252/241 248/248/239
f 252/252/241 253/253/242 250/250/240
f 253/253/242 252/252/241 254/254/243
f 252/252/241 251/251/241 255/255/243
f 252/252/241 255/255/243 254/254/243
f 251/251/241 256/256/243 255/255/243
f 256/256/243 257/257/244 255/255/243
f 257/257/244 258/258/244 255/255/243
f 255/255/243 258/258/244 254/254/243
f 258/258/244 259/259/244 254/254/243
f 258/258/244 260/260/245 259/259/244
f 260/260/245 261/261/245 259/259/244
f 257/257/244 262/262/246 258/258/244
f 262/262/246 260/260/245 258/258/244
f 265/263/247 264/264/248 263/265/247
f 264/264/248 266/266/248 263/265/247
f 263/265/247 266/266/248 267/267/247
f 266/266/248 268/268/249 267/267/247
f 264/264/248 269/269/250 266/266/248
f 266/266/248 270/270/250 268/268/249
f 269/269/250 270/270/250 266/266/248
f 270/270/250 271/271/251 268/268/249
f 271/271/251 270/270/250 272/272/252
f 270/270/250 269/269/250 273/273/252
f 270/270/250 273/273/252 272/272/252
f 269/269/250 274/274/252 273/273/252
f 274/274/252 275/275/253 273/273/252
f 273/273/252 276/276/254 272/272/252
f 275/275/253 276/276/254 273/273/252
f 275/275/253 277/277/255 276/276/254
f 276/276/254 278/278/254 272/272/252
f 277/277/255 279/279/255 276/276/254
f 276/276/254 279/279/255 278/278/254
f 279/279/255 280/280/255 278/278/254
f 283/281/256 282/282/257 281/283/256
f 282/282/257 284/284/258 281/283/256
f 281/283/256 284/284/258 285/285/256
f 284/284/258 286/286/257 285/285/256
f 282/282/257 287/287/259 284/284/258
f 284/284/258 288/288/259 286/286/257
f 287/287/259 288/288/259 284/284/258
f 288/288/259 289/289/259 286/286/257
f 289/289/259 288/288/259 290/290/260
f 288/288/259 287/287/259 291/291/261
f 288/288/259 291/291/261 290/290/260
f 287/287/259 292/292/262 291/291/261
f 291/291/261 292/292/262 293/293/263
f 290/290/260 291/291/261 294/294/264
f 294/294/264 291/291/261 293/293/263
f 295/295/265 290/290/260 294/294/264
f 294/294/264 293/293/263 296/296/266
f 297/297/267 294/294/264 296/296/266
f 295/295/265 294/294/264 297/297/267
f 298/298/268 295/295/265 297/297/267
f 301/299/269 300/300/269 299/301/269
f 299/301/269 302/302/269 301/299/269
f 299/301/269 303/303/269 302/302/269
f 303/303/269 304/304/269 302/302/269
f 303/303/269 305/305/269 304/304/269
f 305/305/269 306/306/269 304/304/269
f 305/305/269 307/307/269 306/306/269
f 307/307/269 308/308/269 306/306/269
f 307/307/269 309/309/269 308/308/269
f 309/309/269 310/310/269 308/308/269
f 309/309/269 311/311/269 310/310/269
f 311/311/269 312/312/269 310/310/269
f 311/311/269 313/313/269 312/312/269
f 313/313/269 314/314/269 312/312/269
f 313/313/269 315/315/269 314/314/269
f 315/315/269 316/316/269 314/314/269
f 315/315/269 317/317/269 316/316/269
f 317/317/269 318/318/269 316/316/269
f 321/319/270 320/320/271 319/321/272
f 322/322/273 321/319/270 319/321/272
f 323/323/274 321/319/270 322/322/273
f 324/324/275 323/323/274 322/322/273
f 322/322/273 319/321/272 325/325/276
f 324/324/275 322/322/273 326/326/277
f 326/326/277 322/322/273 325/325/276
f 327/327/278 324/324/275 326/326/277
f 327/327/278 326/326/277 328/328/279
f 326/326/277 325/325/276 329/329/280
f 326/326/277 329/329/280 328/328/279
f 325/325/276 330/330/281 329/329/280
f 330/330/281 331/331/282 329/329/280
f 329/329/280 332/332/283 328/328/279
f 331/331/282 332/332/283 329/329/280
f 331/331/282 333/333/284 332/332/283
f 332/332/283 334/334/285 328/328/279
f 333/333/284 335/335/284 332/332/283
f 332/332/283 335/335/284 334/334/285
f 335/335/284 336/336/284 334/334/285
f 339/337/286 338/338/287 337/339/288
f 337/339/288 340/340/289 339/337/286
f 337/339/288 341/341/290 340/340/289
f 341/341/290 342/342/291 340/340/289
f 342/342/291 343/343/292 340/340/289
f 342/342/291 344/344/293 343/343/292
f 344/344/293 345/345/294 343/343/292
f 344/344/293 346/346/295 345/345/294
f 349/347/296 348/348/297 347/349/298
f 347/349/298 350/350/299 349/347/296
f 347/349/298 351/351/300 350/350/299
f 347/349/298 352/352/301 351/351/300
f 352/352/301 353/353/302 351/351/300
f 353/353/302 354/354/303 351/351/300
f 353/353/302 355/355/304 354/354/303
f 355/355/304 356/356/305 354/354/303
f 359/357/306 358/358/307 357/359/308
f 359/357/306 357/359/308 360/360/309
f 361/361/310 359/357/306 360/360/309
f 361/361/310 360/360/309 362/362/311
f 361/361/310 362/362/311 363/363/312
f 364/364/313 361/361/310 363/363/312
f 365/365/314 364/364/313 363/363/312
f 363/363/312 366/366/315 365/365/314
f 369/367/316 368/368/317 367/369/318
f 370/370/319 369/367/316 367/369/318
f 370/370/319 367/369/318 371/371/320
f 372/372/321 370/370/319 371/371/320
f 372/372/321 371/371/320 373/373/322
f 372/372/321 373/373/322 374/374/323
f 375/375/324 372/372/321 374/374/323
f 374/374/323 376/376/325 375/375/324
f 379/377/269 378/378/269 377/379/269
f 377/379/269 380/380/269 379/377/269
f 380/380/269 381/381/269 379/377/269
f 380/380/269 382/382/269 381/381/269
f 382/382/269 383/383/269 381/381/269
f 382/382/269 384/384/269 383/383/269
f 384/384/269 385/385/269 383/383/269
f 384/384/269 386/386/269 385/385/269
f 386/386/269 387/387/269 385/385/269
f 386/386/269 388/388/269 387/387/269
f 388/388/269 389/389/269 387/387/269
f 388/388/269 390/390/269 389/389/269
f 390/390/269 391/391/269 389/389/269
f 390/390/269 392/392/269 391/391/269
f 395/393/326 394/394/327 393/395/328
f 396/396/329 395/393/326 393/395/328
f 396/396/329 393/395/328 397/397/330
f 398/398/331 396/396/329 397/397/330
f 398/398/331 397/397/330 399/399/332
f 400/400/332 398/398/331 399/399/332
f 395/393/326 401/401/333 394/394/327
f 401/401/333 402/402/333 394/394/327
f 401/401/333 403/403/334 402/402/333
f 403/403/334 404/404/335 402/402/333
f 403/403/334 405/405/336 404/404/335
f 405/405/336 406/406/336 404/404/335
f 405/405/336 407/407/337 406/406/336
f 407/407/337 408/408/338 406/406/336
f 407/407/337 409/409/339 408/408/338
f 409/409/339 410/410/339 408/408/338
f 409/409/339 411/411/340 410/410/339
f 411/411/340 412/412/341 410/410/339
f 411/411/340 413/413/342 412/412/341
f 413/413/342 414/414/343 412/412/341
f 413/413/342 415/415/344 414/414/343
f 415/415/344 416/416/345 414/414/343
f 415/415/344 417/417/346 416/416/345
f 417/417/346 418/418/346 416/416/345
f 417/417/346 419/419/347 418/418/346
f 419/419/347 420/420/348 418/418/346
f 419/419/347 421/421/349 420/420/348
f 421/421/349 422/422/350 420/420/348
f 421/421/349 423/423/351 422/422/350
f 423/423/351 424/424/352 422/422/350
f 423/423/351 400/400/332 424/424/352
f 400/400/332 399/399/332 424/424/352
f 427/425/353 426/426/354 425/427/355
f 426/426/354 428/428/356 425/427/355
f 425/427/355 428/428/356 429/429/357
f 428/428/356 430/430/358 429/429/357
f 429/429/357 430/430/358 431/431/359
f 430/430/358 432/432/360 431/431/359
f 431/431/359 432/432/360 433/433/361
f 432/432/360 434/434/362 433/433/361
f 433/433/361 434/434/362 435/435/363
f 434/434/362 436/436/364 435/435/363
f 435/435/363 436/436/364 437/437/365
f 436/436/364 438/438/366 437/437/365
f 437/437/365 438/438/366 439/439/367
f 438/438/366 440/440/368 439/439/367
f 439/439/367 440/440/368 441/441/369
f 440/440/368 438/438/366 442/416/370
f 442/416/370 438/438/366 443/414/371
f 438/438/366 436/436/364 443/414/371
f 443/414/371 436/436/364 444/412/372
f 436/436/364 434/434/362 444/412/372
f 444/412/372 434/434/362 445/410/373
f 434/434/362 432/432/360 445/410/373
f 445/410/373 432/432/360 446/408/374
f 432/432/360 430/430/358 446/408/374
f 446/408/374 430/430/358 447/406/375
f 430/430/358 428/428/356 447/406/375
f 447/406/375 428/428/356 448/404/376
f 440/440/368 449/442/377 441/441/369
f 428/428/356 426/426/354 448/404/376
f 441/441/369 449/442/377 450/443/378
f 448/404/376 426/426/354 451/402/379
f 449/442/377 452/444/380 450/443/378
f 452/444/380 449/442/377 453/420/381
f 450/443/378 452/444/380 454/445/382
f 455/422/383 452/444/380 453/420/381
f 426/426/354 456/446/384 451/402/379
f 456/446/384 426/426/354 427/425/353
f 451/402/379 456/446/384 457/394/385
f 458/447/386 456/446/384 427/425/353
f 452/444/380 459/448/387 454/445/382
f 459/448/387 452/444/380 455/422/383
f 454/445/382 459/448/387 460/449/388
f 461/424/389 459/448/387 455/422/383
f 456/446/384 462/450/390 457/394/385
f 462/450/390 456/446/384 458/447/386
f 457/394/385 462/450/390 463/395/391
f 464/451/392 462/450/390 458/447/386
f 459/448/387 465/452/393 460/449/388
f 465/452/393 459/448/387 461/424/389
f 460/449/388 465/452/393 466/453/394
f 467/399/395 465/452/393 461/424/389
f 462/450/390 468/454/396 463/395/391
f 468/454/396 462/450/390 464/451/392
f 463/395/391 468/454/396 469/397/397
f 470/455/398 468/454/396 464/451/392
f 465/452/393 471/456/399 466/453/394
f 471/456/399 465/452/393 467/399/395
f 469/397/397 471/456/399 467/399/395
f 468/454/396 471/456/399 469/397/397
f 471/456/399 468/454/396 470/455/398
f 466/453/394 471/456/399 470/455/398
f 453/420/381 449/442/377 472/418/400
f 449/442/377 440/440/368 472/418/400
f 472/418/400 440/440/368 442/416/370
f 475/457/401 474/458/401 473/459/401
f 473/459/401 476/460/401 475/457/401
f 476/460/401 477/461/401 475/457/401
f 476/460/401 478/462/401 477/461/401
f 478/462/401 479/463/401 477/461/401
f 478/462/401 480/464/401 479/463/401
f 480/464/401 481/465/401 479/463/401
f 480/464/401 482/466/401 481/465/401
f 482/466/401 483/467/401 481/465/401
f 482/466/401 484/468/401 483/467/401
f 484/468/401 485/469/401 483/467/401
f 484/468/401 486/470/401 485/469/401
f 486/470/401 487/471/401 485/469/401
f 486/470/401 488/472/401 487/471/401
f 491/473/402 490/474/402 489/475/403
f 490/474/402 492/476/404 489/475/403
f 489/475/403 492/476/404 493/477/405
f 492/476/404 494/478/405 493/477/405
f 493/477/405 494/478/405 495/479/406
f 494/478/405 496/480/407 495/479/406
f 497/481/408 490/474/402 491/473/402
f 498/482/409 497/481/408 491/473/402
f 499/483/410 497/481/408 498/482/409
f 500/484/410 499/483/410 498/482/409
f 501/485/411 499/483/410 500/484/410
f 502/486/412 501/485/411 500/484/410
f 15/15/11 501/485/411 502/486/412
f 14/16/12 15/15/11 502/486/412
f 503/487/10 16/14/10 14/16/12
f 18/18/14 16/14/10 503/487/10
f 17/19/15 18/18/14 503/487/10
f 504/488/413 21/21/17 20/20/16
f 505/489/414 21/21/17 504/488/413
f 506/490/414 505/489/414 504/488/413
f 507/491/415 505/489/414 506/490/414
f 508/492/416 507/491/415 506/490/414
f 509/493/417 507/491/415 508/492/416
f 510/494/418 509/493/417 508/492/416
f 511/495/419 509/493/417 510/494/418
f 512/496/419 511/495/419 510/494/418
f 496/480/407 511/495/419 512/496/419
f 495/479/406 496/480/407 512/496/419
f 515/497/420 514/498/421 513/499/422
f 514/498/421 516/500/422 513/499/422
f 513/499/422 516/500/422 517/501/423
f 516/500/422 518/502/423 517/501/423
f 517/501/423 518/502/423 519/503/424
f 518/502/423 520/504/424 519/503/424
f 519/503/424 520/504/424 521/505/425
f 520/504/424 522/506/426 521/505/425
f 525/507/427 524/508/428 523/509/428
f 526/510/427 525/507/427 523/509/428
f 527/511/429 525/507/427 526/510/427
f 528/512/429 527/511/429 526/510/427
f 529/513/430 527/511/429 528/512/429
f 530/514/430 529/513/430 528/512/429
f 531/515/431 529/513/430 530/514/430
f 532/516/431 531/515/431 530/514/430
f 535/517/432 534/518/433 533/519/434
f 536/520/432 535/517/432 533/519/434
f 537/521/435 535/517/432 536/520/432
f 538/522/435 537/521/435 536/520/432
f 539/523/436 537/521/435 538/522/435
f 540/524/437 539/523/436 538/522/435
f 541/525/438 539/523/436 540/524/437
f 542/526/438 541/525/438 540/524/437
f 545/527/439 544/528/440 543/529/440
f 546/530/439 545/527/439 543/529/440
f 547/531/441 545/527/439 546/530/439
f 548/532/442 547/531/441 546/530/439
f 549/533/443 547/531/441 548/532/442
f 550/534/444 549/533/443 548/532/442
f 551/535/445 549/533/443 550/534/444
f 552/536/446 551/535/445 550/534/444
f 555/537/447 554/538/448 553/539/449
f 554/538/448 556/540/450 553/539/449
f 556/540/450 557/541/451 553/539/449
f 558/542/452 553/539/449 557/541/451
f 559/543/453 558/542/452 557/541/451
f 558/542/452 559/543/453 560/544/454
f 559/543/453 561/545/455 560/544/454
f 562/546/456 560/544/454 561/545/455
f 563/547/457 562/546/456 561/545/455
f 564/548/458 562/546/456 563/547/457
f 565/11/459 564/548/458 563/547/457
f 566/549/460 564/548/458 565/11/459
f 567/10/461 566/549/460 565/11/459
f 566/549/460 567/10/461 568/550/462
f 569/551/463 566/549/460 568/550/462
f 569/551/463 568/550/462 570/552/464
f 571/553/465 569/551/463 570/552/464
f 570/552/464 572/554/466 571/553/465
f 572/554/466 573/555/467 571/553/465
f 573/555/467 572/554/466 574/556/468
f 575/557/469 573/555/467 574/556/468
f 575/557/469 574/556/468 576/558/470
f 575/557/469 576/558/470 577/559/471
f 575/557/469 577/559/471 578/560/472
f 564/548/458 566/549/460 579/561/473
f 579/561/473 566/549/460 580/562/474
f 566/549/460 569/551/463 580/562/474
f 581/563/475 564/548/458 579/561/473
f 580/562/474 569/551/463 582/564/476
f 569/551/463 571/553/465 582/564/476
f 562/546/456 564/548/458 581/563/475
f 582/564/476 571/553/465 583/565/477
f 571/553/465 573/555/467 583/565/477
f 584/566/478 562/546/456 581/563/475
f 583/565/477 573/555/467 585/567/479
f 573/555/467 575/557/469 585/567/479
f 560/544/454 562/546/456 584/566/478
f 586/568/480 560/544/454 584/566/478
f 558/542/452 560/544/454 586/568/480
f 587/569/481 558/542/452 586/568/480
f 553/539/449 558/542/452 587/569/481
f 585/567/479 575/557/469 588/570/482
f 589/571/483 553/539/449 587/569/481
f 575/557/469 590/572/484 588/570/482
f 588/570/482 590/572/484 591/573/485
f 578/560/472 590/572/484 575/557/469
f 592/574/486 553/539/449 589/571/483
f 593/575/487 592/574/486 589/571/483
f 553/539/449 592/574/486 555/537/447
f 590/572/484 594/576/488 591/573/485
f 594/576/488 590/572/484 578/560/472
f 591/573/485 594/576/488 595/577/489
f 596/578/490 594/576/488 578/560/472
f 597/579/491 592/574/486 593/575/487
f 592/574/486 597/579/491 555/537/447
f 598/580/492 597/579/491 593/575/487
f 597/579/491 599/581/493 555/537/447
f 594/576/488 600/582/494 595/577/489
f 594/576/488 596/578/490 600/582/494
f 595/577/489 600/582/494 601/583/495
f 596/578/490 602/584/496 600/582/494
f 603/585/497 597/579/491 598/580/492
f 597/579/491 603/585/497 599/581/493
f 604/586/498 603/585/497 598/580/492
f 603/585/497 605/587/499 599/581/493
f 600/582/494 606/588/500 601/583/495
f 606/588/500 600/582/494 602/584/496
f 601/583/495 606/588/500 607/589/501
f 608/590/502 606/588/500 602/584/496
f 609/591/503 603/585/497 604/586/498
f 603/585/497 609/591/503 605/587/499
f 610/592/504 609/591/503 604/586/498
f 609/591/503 611/593/505 605/587/499
f 606/588/500 612/594/506 607/589/501
f 612/594/506 606/588/500 608/590/502
f 613/6/507 612/594/506 608/590/502
f 607/589/501 612/594/506 614/595/508
f 612/594/506 613/6/507 615/8/509
f 616/596/510 609/591/503 610/592/504
f 609/591/503 616/596/510 611/593/505
f 614/595/508 616/596/510 610/592/504
f 616/596/510 615/8/509 611/593/505
f 615/8/509 616/596/510 612/594/506
f 612/594/506 616/596/510 614/595/508
f 619/338/511 618/6/512 617/339/513
f 618/6/512 620/590/514 617/339/513
f 621/7/515 618/6/512 619/338/511
f 617/339/513 620/590/514 622/341/516
f 623/337/517 621/7/515 619/338/511
f 620/590/514 624/584/518 622/341/516
f 625/9/519 621/7/515 623/337/517
f 622/341/516 624/584/518 626/342/520
f 627/375/521 625/9/519 623/337/517
f 624/584/518 628/578/522 626/342/520
f 629/8/523 625/9/519 627/375/521
f 626/342/520 628/578/522 630/344/524
f 631/376/525 629/8/523 627/375/521
f 628/578/522 632/560/526 630/344/524
f 633/593/527 629/8/523 631/376/525
f 630/344/524 632/560/526 634/346/528
f 635/374/529 633/593/527 631/376/525
f 632/560/526 636/559/528 634/346/528
f 637/587/530 633/593/527 635/374/529
f 634/346/528 636/559/528 638/348/531
f 639/373/532 637/587/530 635/374/529
f 636/559/528 640/558/531 638/348/531
f 641/581/533 637/587/530 639/373/532
f 638/348/531 640/558/531 642/349/534
f 643/371/535 641/581/533 639/373/532
f 640/558/531 644/556/536 642/349/534
f 645/537/537 641/581/533 643/371/535
f 642/349/534 644/556/536 646/352/538
f 647/369/539 645/537/537 643/371/535
f 644/556/536 648/554/540 646/352/538
f 649/538/541 645/537/537 647/369/539
f 646/352/538 648/554/540 650/353/542
f 651/368/541 649/538/541 647/369/539
f 648/554/540 652/552/543 650/353/542
f 653/540/544 649/538/541 651/368/541
f 650/353/542 652/552/543 654/355/545
f 655/366/544 653/540/544 651/368/541
f 652/552/543 656/550/546 654/355/545
f 657/541/547 653/540/544 655/366/544
f 654/355/545 656/550/546 658/356/548
f 659/363/549 657/541/547 655/366/544
f 656/550/546 660/10/550 658/356/548
f 661/543/551 657/541/547 659/363/549
f 658/356/548 660/10/550 662/354/552
f 663/362/553 661/543/551 659/363/549
f 660/10/550 664/13/552 662/354/552
f 665/545/554 661/543/551 663/362/553
f 662/354/552 664/13/552 666/357/555
f 667/360/556 665/545/554 663/362/553
f 664/13/552 668/12/555 666/357/555
f 669/547/557 665/545/554 667/360/556
f 666/357/555 668/12/555 670/358/558
f 671/359/559 669/547/557 667/360/556
f 668/12/555 672/11/560 670/358/558
f 672/11/560 669/547/557 671/359/559
f 670/358/558 672/11/560 671/359/559
